mtllib P_KnotwoodTree03_Gold.mtl
v -0.1781971 -2.019326 2.698866 0 1 0
v -2.334317 -1.915643 1.437548 0 1 0
v -1.518026 0.2145006 1.289294 0 0.3921569 0
v -0.04314697 -0.08786166 2.149418 0 0.5529412 0
v 1.995878 -1.922891 1.468165 0 1 0
v -1.088466 1.293225 1.132611 0 0.2980392 0
v 1.432731 -0.3444069 1.276221 0 0.7058824 0
v 2.013833 -1.722774 -1.023854 0 1 0
v 0.2607156 0.9206555 1.943341 0 0.2627451 0
v -0.6417657 1.932068 0.8225048 0 0.1568628 0
v 1.43373 -0.2985888 -0.457101 0 0.9764706 0
v -0.1422878 -1.619091 -2.285172 0 1 0
v 1.507378 0.2399542 1.169481 0 0.3803922 0
v 0.6640531 1.700599 1.552636 0 0.09411765 0
v -0.4402232 2.533537 0.657689 0 0.06666667 0
v -0.04114932 0.003774428 -1.317225 0 0.7137255 0
v -2.316363 -1.715527 -1.054471 0 1 0
v 1.40486 -0.06817729 -0.4151097 0 0.9058824 0
v 1.850041 1.115768 0.8155898 0 0.254902 0
v 0.8170314 2.677099 1.271365 0 0 0
v -0.3615349 2.725416 0.5581995 0 0 0
v -1.517027 0.2603187 -0.4440276 0 0.4941176 0
v -2.334317 -1.915643 1.437548 0 1 0
v -1.518026 0.2145006 1.289294 0 0.3921569 0
v 0.05567842 0.3043926 -1.22584 0 0.4941176 0
v -1.190984 0.985094 -0.4519797 0 0.2313726 0
v -1.088466 1.293225 1.132611 0 0.2980392 0
v 1.73021 0.7624043 -0.6515868 0 0.4901961 0
v 1.985632 2.676449 0.4888894 0 0 0
v 0.6381969 3.280791 1.120467 0 0 0
v -1.557452 3.947081 0.8665401 0 0 0
v 0.4243911 0.9938734 -1.381718 0 0.2862745 0
v -0.7615969 1.578706 -0.6446722 0 0.1607843 0
v -0.6417657 1.932068 0.8225048 0 0.1568628 0
v 1.896979 2.532237 -0.9072627 0 0 0
v 1.484909 3.92705 0.4208407 0 0 0
v -0.7226215 4.325295 1.289373 0 0 0
v -2.102451 5.704371 1.920849 0 0 0
v 0.6397244 2.388675 -1.520939 0 0 0
v -0.5288767 2.389326 -0.7384633 0 0 0
v -0.4402232 2.533537 0.657689 0 0.06666667 0
v 1.33189 4.017936 -0.8410524 0 0 0
v -0.1882803 5.032482 0.806524 0 0 0
v -1.385623 5.799634 2.150788 0 0 0
v -2.26931 8.000948 1.8884 0 0 0
v 0.3321572 3.46256 -1.40332 0 0 0
v -0.5145547 2.816301 -0.7036939 0 0 0
v -0.3615349 2.725416 0.5581995 0 0 0
v -0.4887696 5.361454 -0.0991577 0 0 0
v -0.8702829 6.090472 1.675785 0 0 0
v -1.667478 8.036355 2.077139 0 0 0
v -1.959041 9.93036 0.9933808 0 0 0
v -1.323601 4.98324 -0.5219908 0 0 0
v -1.857942 4.276053 -0.0391417 0 0 0
v -1.557452 3.947081 0.8665401 0 0 0
v -1.071771 6.286047 0.9708441 0 0 0
v -1.200292 7.947136 1.661381 0 0 0
v -1.429454 9.880162 1.186741 0 0 0
v -1.215682 11.99448 0.2749376 0 0 0
v -1.788599 6.190784 0.7409056 0 0 0
v -2.303939 5.899947 1.215908 0 0 0
v -2.102451 5.704371 1.920849 0 0 0
v -1.334938 7.822509 1.056884 0 0 0
v -1.02788 9.655663 0.8570326 0 0 0
v -0.7859491 11.80528 0.5056968 0 0 0
v 0.3441319 13.35648 -0.3088845 0 0 0
v -1.93677 7.787103 0.868146 0 0 0
v -2.403955 7.876322 1.283904 0 0 0
v -2.26931 8.000948 1.8884 0 0 0
v -1.155892 9.48136 0.3339632 0 0 0
v -0.4524637 11.5077 0.233752 0 0 0
v 0.6274288 13.21206 -0.1485189 0 0 0
v 1.062683 15.62037 -0.1976448 0 0 0
v -1.685479 9.531558 0.1406027 0 0 0
v -2.087053 9.756058 0.4703115 0 0 0
v -1.959041 9.93036 0.9933808 0 0 0
v -0.5487122 11.39933 -0.2689523 0 0 0
v 0.8795486 13.05203 -0.3425779 0 0 0
v 1.236236 15.6108 -0.1139713 0 0 0
v 0.8698944 18.14132 -0.5358065 0 0 0
v -0.9784455 11.58853 -0.4997116 0 0 0
v -1.311931 11.88611 -0.2277666 0 0 0
v -1.215682 11.99448 0.2749376 0 0 0
v 0.8483724 13.03643 -0.6970022 0 0 0
v 1.395307 15.60099 -0.2226608 0 0 0
v 0.8698944 18.14132 -0.5358065 0 0 0
v 0.5650755 13.18085 -0.8573678 0 0 0
v 0.3129557 13.34088 -0.6633087 0 0 0
v 0.3441319 13.35648 -0.3088845 0 0 0
v 1.380826 15.60076 -0.4150239 0 0 0
v 0.8698944 18.14132 -0.5358065 0 0 0
v 1.207274 15.61033 -0.4986971 0 0 0
v 0.8698944 18.14132 -0.5358065 0 0 0
v 1.048203 15.62014 -0.3900075 0 0 0
v 0.8698944 18.14132 -0.5358065 0 0 0
v 1.062683 15.62037 -0.1976448 0 0 0
v 0.8698944 18.14132 -0.5358065 0 0 0
v 1.487125 1.055001 -0.2710729 0 0.4431373 0
v 1.436771 1.454401 0.0228191 0 0.2862745 0
v 2.777622 2.083847 -0.6785604 0 0 0
v 2.818654 1.755692 -0.9196829 0 0 0
v 1.28775 1.055001 -0.7278843 0 0.3294118 0
v 3.434682 3.27449 -2.265366 0 0 0
v 2.565773 1.701986 -1.236977 0 0 0
v 1.03802 1.454401 -0.8908045 0 0.1019608 0
v 3.434946 2.989566 -2.424544 0 0 0
v 4.607445 3.444522 -3.138994 0 0 0
v 2.271859 1.976434 -1.31315 0 0 0
v 0.9876656 1.8538 -0.5969126 0 0.05882353 0
v 3.213133 2.932304 -2.657008 0 0 0
v 4.618798 3.238292 -3.265351 0 0 0
v 6.079403 4.235699 -3.672113 0 0 0
v 2.230827 2.30459 -1.072027 0 0 0
v 1.187041 1.8538 -0.1401011 0 0.09411765 0
v 2.991055 3.159967 -2.730295 0 0 0
v 4.51825 3.22534 -3.485232 0 0 0
v 6.082804 4.108912 -3.747908 0 0 0
v 7.874676 4.045404 -4.286462 0 0 0
v 2.483708 2.358295 -0.7547321 0 0 0
v 1.436771 1.454401 0.0228191 0 0.2862745 0
v 2.777622 2.083847 -0.6785604 0 0 0
v 2.990791 3.444892 -2.571117 0 0 0
v 3.212604 3.502153 -2.338653 0 0 0
v 3.434682 3.27449 -2.265366 0 0 0
v 4.406346 3.418618 -3.578757 0 0 0
v 6.043839 4.106966 -3.890418 0 0 0
v 7.874676 4.045404 -4.286462 0 0 0
v 4.394992 3.624849 -3.452402 0 0 0
v 4.495543 3.637802 -3.23252 0 0 0
v 4.607445 3.444522 -3.138994 0 0 0
v 6.001472 4.231807 -3.957135 0 0 0
v 7.874676 4.045404 -4.286462 0 0 0
v 5.998072 4.358595 -3.88134 0 0 0
v 7.874676 4.045404 -4.286462 0 0 0
v 6.037036 4.360541 -3.73883 0 0 0
v 7.874676 4.045404 -4.286462 0 0 0
v 6.079403 4.235699 -3.672113 0 0 0
v 7.874676 4.045404 -4.286462 0 0 0
v 4.329972 3.468282 -3.420616 0 0 0
v 4.504989 3.357229 -3.30997 0 0 0
v 4.662076 4.382988 -2.624013 0 0 0
v 4.565836 4.514895 -2.658146 0 0 0
v 4.178537 3.391395 -3.258252 0 0 0
v 6.264441 4.768426 -1.531726 0 0 0
v 4.466245 4.475313 -2.530312 0 0 0
v 4.353554 3.280341 -3.147607 0 0 0
v 6.216868 4.855566 -1.544997 0 0 0
v 7.237454 5.905431 -1.314232 0 0 0
v 4.562485 4.343404 -2.496179 0 0 0
v 4.504989 3.357229 -3.30997 0 0 0
v 4.662076 4.382988 -2.624013 0 0 0
v 6.179865 4.84951 -1.452117 0 0 0
v 7.237454 5.905431 -1.314232 0 0 0
v 6.227438 4.762371 -1.438846 0 0 0
v 7.237454 5.905431 -1.314232 0 0 0
v 6.264441 4.768426 -1.531726 0 0 0
v 7.237454 5.905431 -1.314232 0 0 0
v -1.185835 5.260144 0.6728548 0 0 0
v -1.517444 5.368063 0.1608026 0 0 0
v -0.1926742 6.812025 -0.3142865 0 0 0
v 0.0008867867 6.64196 0.1243546 0 0 0
v -0.7078992 4.866352 0.6551197 0 0 0
v 1.631274 7.814914 -0.1283777 0 0 0
v 0.3355726 6.258842 0.1231241 0 0 0
v -0.5615728 4.580481 0.1253322 0 0 0
v 1.612575 7.574513 0.1978521 0 0 0
v 3.240401 7.943011 0.7576314 0 0 0
v 0.4766971 6.045793 -0.3167478 0 0 0
v -0.893182 4.6884 -0.38672 0 0 0
v 1.761408 7.197517 0.1807987 0 0 0
v 3.180257 7.744958 0.9761082 0 0 0
v 4.274224 8.787897 1.66688 0 0 0
v 0.2831361 6.215857 -0.7553889 0 0 0
v -1.371118 5.082191 -0.3689847 0 0 0
v 1.928939 7.060922 -0.162484 0 0 0
v 3.311683 7.474222 0.974148 0 0 0
v 4.269157 8.687208 1.820388 0 0 0
v 5.823659 9.634458 2.105084 0 0 0
v -0.05154967 6.598974 -0.7541584 0 0 0
v -1.517444 5.368063 0.1608026 0 0 0
v -0.1926742 6.812025 -0.3142865 0 0 0
v 1.947639 7.301323 -0.4887137 0 0 0
v 1.798807 7.678319 -0.47166 0 0 0
v 1.631274 7.814914 -0.1283777 0 0 0
v 3.503252 7.40154 0.7537111 0 0 0
v 4.377917 8.540205 1.837414 0 0 0
v 5.823659 9.634458 2.105084 0 0 0
v 3.563395 7.599593 0.5352343 0 0 0
v 3.43197 7.870327 0.5371943 0 0 0
v 3.240401 7.943011 0.7576314 0 0 0
v 4.491742 8.493891 1.700932 0 0 0
v 5.823659 9.634458 2.105084 0 0 0
v 4.49681 8.59458 1.547425 0 0 0
v 5.823659 9.634458 2.105084 0 0 0
v 4.388051 8.741583 1.530399 0 0 0
v 5.823659 9.634458 2.105084 0 0 0
v 4.274224 8.787897 1.66688 0 0 0
v 5.823659 9.634458 2.105084 0 0 0
v 1.542121 7.369325 -0.2455723 0 0 0
v 1.598504 7.057474 -0.09594496 0 0 0
v 1.867638 7.656117 0.931608 0 0 0
v 1.824211 7.872276 0.8162977 0 0 0
v 1.209198 7.361516 -0.1363943 0 0 0
v 2.674488 8.778545 2.425392 0 0 0
v 1.595014 7.8778 0.9129708 0 0 0
v 1.265581 7.049665 0.01323323 0 0 0
v 2.635587 8.882735 2.325639 0 0 0
v 2.736653 10.53909 3.430669 0 0 0
v 1.638441 7.661641 1.028281 0 0 0
v 1.598504 7.057474 -0.09594496 0 0 0
v 1.867638 7.656117 0.931608 0 0 0
v 2.496632 8.883387 2.380507 0 0 0
v 2.736653 10.53909 3.430669 0 0 0
v 2.535533 8.779196 2.480261 0 0 0
v 2.736653 10.53909 3.430669 0 0 0
v 2.674488 8.778545 2.425392 0 0 0
v 2.736653 10.53909 3.430669 0 0 0
v -1.252194 5.96418 1.56168 0 0 0
v -1.43263 5.65556 1.773139 0 0 0
v -1.940862 6.69579 2.7667 0 0 0
v -1.786817 6.89312 2.561584 0 0 0
v -1.46711 6.171538 1.273004 0 0 0
v -1.905389 8.765574 3.999082 0 0 0
v -1.953194 7.051221 2.33341 0 0 0
v -1.862461 6.070274 1.195788 0 0 0
v -1.799125 8.938653 3.876233 0 0 0
v -2.852448 9.643508 5.856771 0 0 0
v -2.273617 7.011993 2.31035 0 0 0
v -2.042897 5.761652 1.407247 0 0 0
v -1.925396 9.072533 3.726325 0 0 0
v -2.818138 9.782475 5.838485 0 0 0
v -4.89714 10.02471 7.318128 0 0 0
v -2.427663 6.814664 2.515466 0 0 0
v -1.827981 5.554296 1.695923 0 0 0
v -2.157928 9.033333 3.699267 0 0 0
v -2.895694 9.864749 5.74882 0 0 0
v -4.89714 10.02471 7.318128 0 0 0
v -2.261286 6.656561 2.743641 0 0 0
v -1.43263 5.65556 1.773139 0 0 0
v -1.940862 6.69579 2.7667 0 0 0
v -2.264192 8.860253 3.822116 0 0 0
v -3.00756 9.808052 5.677439 0 0 0
v -4.89714 10.02471 7.318128 0 0 0
v -2.137921 8.726374 3.972024 0 0 0
v -1.905389 8.765574 3.999082 0 0 0
v -3.041871 9.669084 5.695724 0 0 0
v -4.89714 10.02471 7.318128 0 0 0
v -2.964314 9.586812 5.78539 0 0 0
v -4.89714 10.02471 7.318128 0 0 0
v -2.852448 9.643508 5.856771 0 0 0
v -4.89714 10.02471 7.318128 0 0 0
v -1.973515 5.455225 1.597041 0 0 0
v -1.822666 5.688055 1.079282 0 0 0
v -3.368734 6.295905 1.35133 0 0 0
v -3.390183 6.084456 1.756684 0 0 0
v -1.766355 5.931432 1.871541 0 0 0
v -5.442528 6.043624 1.705514 0 0 0
v -3.319342 6.483817 1.968757 0 0 0
v -1.615506 6.16426 1.353783 0 0 0
v -5.492648 5.894319 2.001954 0 0 0
v -7.350918 7.091689 1.177845 0 0 0
v -3.297893 6.695266 1.563403 0 0 0
v -1.822666 5.688055 1.079282 0 0 0
v -3.368734 6.295905 1.35133 0 0 0
v -5.453572 6.18938 2.157171 0 0 0
v -7.475116 7.026536 1.326092 0 0 0
v -8.945467 7.498072 -0.3935092 0 0 0
v -5.403452 6.338685 1.860731 0 0 0
v -5.442528 6.043624 1.705514 0 0 0
v -7.462983 7.209095 1.416492 0 0 0
v -8.945467 7.498072 -0.3935092 0 0 0
v -7.338785 7.274249 1.268245 0 0 0
v -8.945467 7.498072 -0.3935092 0 0 0
v -7.350918 7.091689 1.177845 0 0 0
v -8.945467 7.498072 -0.3935092 0 0 0
v -1.683426 9.748903 1.114621 0 0 0
v -1.971348 9.469181 1.007965 0 0 0
v -3.447254 11.21468 0.6218534 0 0 0
v -3.164669 11.34302 0.7135987 0 0 0
v -1.437581 9.915049 0.8239753 0 0 0
v -3.700467 14.22067 0.8701649 0 0 0
v -2.948775 11.43503 0.4907416 0 0 0
v -1.479657 9.801471 0.4266732 0 0 0
v -3.475809 14.2718 0.9272221 0 0 0
v -4.874264 15.80797 2.738647 0 0 0
v -3.015466 11.39871 0.17614 0 0 0
v -1.767579 9.521748 0.3200173 0 0 0
v -3.341015 14.39745 0.7776143 0 0 0
v -4.766441 15.87601 2.806231 0 0 0
v -7.158509 16.43848 4.325511 0 0 0
v -3.298052 11.27037 0.08439524 0 0 0
v -2.013424 9.355603 0.6106632 0 0 0
v -3.430879 14.47198 0.5709491 0 0 0
v -4.72883 16.00939 2.765996 0 0 0
v -7.158509 16.43848 4.325511 0 0 0
v -3.513945 11.17836 0.307252 0 0 0
v -1.971348 9.469181 1.007965 0 0 0
v -3.447254 11.21468 0.6218534 0 0 0
v -3.655536 14.42085 0.5138919 0 0 0
v -4.799043 16.07472 2.658175 0 0 0
v -7.158509 16.43848 4.325511 0 0 0
v -3.79033 14.2952 0.6634995 0 0 0
v -3.700467 14.22067 0.8701649 0 0 0
v -4.906866 16.00668 2.59059 0 0 0
v -7.158509 16.43848 4.325511 0 0 0
v -4.944476 15.8733 2.630826 0 0 0
v -7.158509 16.43848 4.325511 0 0 0
v -4.874264 15.80797 2.738647 0 0 0
v -7.158509 16.43848 4.325511 0 0 0
v -1.578402 8.188091 1.212125 0 0 0
v -1.873838 8.264783 1.713996 0 0 0
v -0.00505197 9.230771 2.591149 0 0 0
v 0.2806833 9.208472 2.234287 0 0 0
v -1.748397 8.720289 1.030728 0 0 0
v 1.561512 11.49774 4.360799 0 0 0
v 0.0836876 9.577913 2.053471 0 0 0
v -2.043832 8.796981 1.532599 0 0 0
v 1.779323 11.48994 4.105909 0 0 0
v 2.605129 14.91242 4.557779 0 0 0
v -0.2020513 9.599194 2.410483 0 0 0
v -1.873838 8.264783 1.713996 0 0 0
v -0.00505197 9.230771 2.591149 0 0 0
v 1.554997 11.6319 3.91406 0 0 0
v 2.734312 14.89588 4.40061 0 0 0
v 1.873087 18.55519 3.643681 0 0 0
v 1.337191 11.64104 4.168753 0 0 0
v 1.561512 11.49774 4.360799 0 0 0
v 2.576517 14.88426 4.272359 0 0 0
v 1.873087 18.55519 3.643681 0 0 0
v 2.447334 14.90079 4.42953 0 0 0
v 1.873087 18.55519 3.643681 0 0 0
v 2.605129 14.91242 4.557779 0 0 0
v 1.873087 18.55519 3.643681 0 0 0
v -0.7989009 12.28242 -0.2651792 0 0 0
v -0.6438264 11.83911 -0.2493591 0 0 0
v 0.6112041 12.28059 -2.503689 0 0 0
v 0.458552 12.57206 -2.448465 0 0 0
v -0.4129208 12.42553 -0.03854209 0 0 0
v 2.541123 14.59252 -4.029103 0 0 0
v 0.6906859 12.65075 -2.222127 0 0 0
v -0.2578462 11.98222 -0.02272205 0 0 0
v 2.395615 14.68034 -3.923061 0 0 0
v 2.152204 18.27343 -4.774346 0 0 0
v 0.8433381 12.35928 -2.27735 0 0 0
v -0.6438264 11.83911 -0.2493591 0 0 0
v 0.6112041 12.28059 -2.503689 0 0 0
v 2.523282 14.70862 -3.771299 0 0 0
v 2.152204 18.27343 -4.774346 0 0 0
v 2.66879 14.6208 -3.877342 0 0 0
v 2.152204 18.27343 -4.774346 0 0 0
v 2.541123 14.59252 -4.029103 0 0 0
v 2.152204 18.27343 -4.774346 0 0 0
v -1.516661 11.17436 0.3208325 0 0 0
v -1.728624 10.6273 0.2918535 0 0 0
v -2.784084 11.03678 -1.749859 0 0 0
v -2.605469 11.36365 -1.562322 0 0 0
v -1.106787 11.03661 -0.07674334 0 0 0
v -3.349776 13.01911 -3.201549 0 0 0
v -2.256465 11.29846 -1.781103 0 0 0
v -1.31875 10.48955 -0.1057225 0 0 0
v -3.217515 13.1988 -3.087872 0 0 0
v -5.664429 13.73579 -4.443285 0 0 0
v -2.43508 10.97159 -1.968639 0 0 0
v -1.728624 10.6273 0.2918535 0 0 0
v -2.784084 11.03678 -1.749859 0 0 0
v -3.045359 13.18687 -3.269321 0 0 0
v -5.664429 13.73579 -4.443285 0 0 0
v -3.17762 13.00718 -3.382998 0 0 0
v -5.664429 13.73579 -4.443285 0 0 0
v -3.349776 13.01911 -3.201549 0 0 0
v -5.664429 13.73579 -4.443285 0 0 0
v -1.509067 7.979649 0.9847227 0 0 0
v -1.096992 8.328946 1.149884 0 0 0
v -0.5694446 8.586249 -0.9471995 0 0 0
v -0.8463547 8.335216 -1.179647 0 0 0
v -2.016659 8.186378 0.8479545 0 0 0
v 0.7015933 9.57532 -2.546758 0 0 0
v -1.221664 8.505958 -1.333661 0 0 0
v -2.112177 8.7424 0.8763483 0 0 0
v 0.5115973 9.403708 -2.743375 0 0 0
v 0.7503287 11.10716 -4.753745 0 0 0
v -1.320063 8.927733 -1.255226 0 0 0
v -1.700102 9.091697 1.04151 0 0 0
v 0.2126742 9.506338 -2.809095 0 0 0
v 0.6245267 10.96089 -4.789722 0 0 0
v -0.2289314 11.35441 -7.01769 0 0 0
v -1.043153 9.178768 -1.022778 0 0 0
v -1.19251 8.884969 1.178277 0 0 0
v 0.1037477 9.780579 -2.678199 0 0 0
v 0.4332904 10.98455 -4.752517 0 0 0
v -0.2289314 11.35441 -7.01769 0 0 0
v -0.6678435 9.008027 -0.8687651 0 0 0
v -1.096992 8.328946 1.149884 0 0 0
v -0.5694446 8.586249 -0.9471995 0 0 0
v 0.2937433 9.95219 -2.481582 0 0 0
v 0.3678565 11.15449 -4.679337 0 0 0
v -0.2289314 11.35441 -7.01769 0 0 0
v 0.5926664 9.849561 -2.415862 0 0 0
v 0.7015933 9.57532 -2.546758 0 0 0
v 0.4936584 11.30076 -4.64336 0 0 0
v -0.2289314 11.35441 -7.01769 0 0 0
v 0.6848946 11.2771 -4.680564 0 0 0
v -0.2289314 11.35441 -7.01769 0 0 0
v 0.7503287 11.10716 -4.753745 0 0 0
v -0.2289314 11.35441 -7.01769 0 0 0
v 0.1161855 13.19114 -0.5906888 0 0 0
v 0.5279004 13.21467 -0.3653852 0 0 0
v -0.6442736 13.87867 1.568639 0 0 0
v -0.8838974 13.81847 1.344443 0 0 0
v 0.06539693 12.74525 -0.4513172 0 0 0
v -2.620638 16.00394 1.80751 0 0 0
v -0.9860166 13.55644 1.523946 0 0 0
v 0.4771123 12.76878 -0.2260133 0 0 0
v -2.752452 15.95006 1.666615 0 0 0
v -3.105218 19.12416 1.67631 0 0 0
v -0.7463925 13.61664 1.748143 0 0 0
v 0.5279004 13.21467 -0.3653852 0 0 0
v -0.6442736 13.87867 1.568639 0 0 0
v -2.880153 15.89032 1.808932 0 0 0
v -3.105218 19.12416 1.67631 0 0 0
v -2.748338 15.94421 1.949827 0 0 0
v -3.105218 19.12416 1.67631 0 0 0
v -2.620638 16.00394 1.80751 0 0 0
v -3.105218 19.12416 1.67631 0 0 0
v -0.8505245 17.35008 0.7745816 1 1 1
v 0.565206 18.90072 2.343669 1 1 1
v 0.06901169 17.79437 4.296261 1 1 1
v -1.459628 15.99198 3.171486 1 1 1
v -2.787401 16.76607 2.151063 1 1 1
v -1.156232 18.3994 3.392969 1 1 1
v 0.784619 17.36953 2.718219 1 1 1
v -0.4049091 15.50185 1.322773 1 1 1
v -2.232205 13.22252 -2.932374 1 1 1
v -2.628926 15.33303 -3.332766 1 1 1
v -0.8179132 15.80955 -3.735537 1 1 1
v -0.009095073 13.80747 -3.426795 1 1 1
v -0.3946989 13.24599 -2.048446 1 1 1
v -1.102368 15.25827 -2.519502 1 1 1
v -1.810778 14.82779 -4.24632 1 1 1
v -1.264308 12.71755 -4.168202 1 1 1
v -1.599966 15.4865 -1.636334 1 1 1
v -2.869218 15.81087 -0.01589079 1 1 1
v -3.834655 17.15553 -0.7894202 1 1 1
v -2.785089 17.13713 -2.585881 1 1 1
v -1.340484 17.26914 -2.370179 1 1 1
v -2.545174 17.2922 -0.67011 1 1 1
v -3.520127 15.80812 -1.100804 1 1 1
v -2.537288 15.44737 -2.898879 1 1 1
v -4.333693 17.64698 -1.120671 1 1 1
v -3.547278 20.10574 -1.73065 1 1 1
v -1.265807 19.68829 -1.556064 1 1 1
v -1.533072 17.13454 -0.9063568 1 1 1
v -2.668994 16.91138 0.558287 1 1 1
v -2.237713 19.40264 -0.2439892 1 1 1
v -2.648634 19.01275 -2.499865 1 1 1
v -3.173421 16.43277 -2.210915 1 1 1
v -3.834105 18.65591 -0.9025295 1 1 1
v -2.100319 20.27871 -1.342039 1 1 1
v -0.495968 19.09636 -0.6259936 1 1 1
v -1.864684 17.20452 -0.02354783 1 1 1
v -3.145881 17.65696 0.9977447 1 1 1
v -1.642018 19.41438 0.3031053 1 1 1
v -1.675171 18.9391 -1.760292 1 1 1
v -3.186579 17.07353 -1.535179 1 1 1
v -3.428725 17.98329 -0.03971715 1 1 1
v -1.786078 18.55751 2.066368 1 1 1
v 0.2617886 18.46767 0.8266941 1 1 1
v -0.9148661 17.873 -1.561479 1 1 1
v -2.061096 16.33531 -1.424488 1 1 1
v -0.7523435 17.09447 0.8502547 1 1 1
v -1.334974 19.4144 0.7196052 1 1 1
v -2.776305 19.18315 -1.584867 1 1 1
v -2.963528 16.1261 -2.204103 1 1 1
v -3.878569 17.90774 -1.472865 1 1 1
v -4.989511 17.06565 -0.2269942 1 1 1
v -4.327265 15.09239 -0.6747337 1 1 1
v -4.437709 14.7903 -2.140519 1 1 1
v -5.082657 16.72271 -1.51118 1 1 1
v -3.564304 17.11965 -0.4950344 1 1 1
v -2.573854 15.27756 -0.8931487 1 1 1
v -3.114327 15.7128 -1.528501 1 1 1
v -1.749715 17.04666 -1.329495 1 1 1
v -2.64546 18.07554 -0.3449906 1 1 1
v -4.2139 16.9758 -0.3199721 1 1 1
v -4.627823 16.66953 -1.568262 1 1 1
v -3.07448 17.78668 -1.426656 1 1 1
v -2.263821 16.82731 -0.3074446 1 1 1
v -3.632697 15.49185 -0.194373 1 1 1
v -3.212133 15.56458 -1.950382 1 1 1
v -2.065778 16.10015 -3.754555 1 1 1
v -1.990893 14.31484 -4.489904 1 1 1
v -3.120209 13.37303 -2.853061 1 1 1
v -2.499063 13.69604 -1.469132 1 1 1
v -1.479989 14.54033 -3.231132 1 1 1
v -3.067087 15.26689 -4.059929 1 1 1
v -4.447307 14.58792 -2.486523 1 1 1
v -4.356441 16.47424 -0.6065759 1 1 1
v -5.156747 18.67582 -1.758184 1 1 1
v -4.154269 20.10529 -0.2781483 1 1 1
v -3.125847 18.22899 1.210243 1 1 1
v -4.401006 17.02878 1.765752 1 1 1
v -5.226751 19.01126 0.2820022 1 1 1
v -3.630983 18.78285 -1.342872 1 1 1
v -2.44212 16.74839 -0.2288641 1 1 1
v -2.002175 17.70272 0.5848826 1 1 1
v -2.613786 19.99936 0.6502112 1 1 1
v -4.169619 19.77739 2.020055 1 1 1
v -3.912038 17.43025 2.266435 1 1 1
v -3.943773 16.64688 0.7881062 1 1 1
v -4.213654 19.00876 0.749292 1 1 1
v -2.587518 19.43975 1.980668 1 1 1
v -1.94761 17.17594 2.299682 1 1 1
v -3.055933 16.93866 0.6114271 1 1 1
v -4.88014 17.2529 1.426306 1 1 1
v -5.178701 18.80896 0.6296678 1 1 1
v -3.422432 18.8488 -0.3664869 1 1 1
v -2.31614 18.6728 0.5117929 1 1 1
v -4.153388 18.67992 1.35735 1 1 1
v -4.8865 17.5249 0.2288229 1 1 1
v -3.216071 17.25495 -0.8735309 1 1 1
v -4.206507 16.40013 2.920514 1 1 1
v -4.301114 17.81172 1.243385 1 1 1
v -4.496732 16.48271 -0.133956 1 1 1
v -4.446638 14.76871 1.229758 1 1 1
v -3.197654 14.79882 2.137443 1 1 1
v -3.399611 16.43272 0.6869696 1 1 1
v -5.226106 16.8619 1.112788 1 1 1
v -5.439768 15.32566 2.660156 1 1 1
v -4.180332 18.00446 1.408085 1 1 1
v -3.837335 20.11933 2.073886 1 1 1
v -2.084982 19.79634 2.907642 1 1 1
v -2.029229 17.60798 2.431563 1 1 1
v -3.325596 16.86668 2.944692 1 1 1
v -3.19586 19.06828 3.356656 1 1 1
v -2.704729 19.59669 1.526415 1 1 1
v -2.722708 17.51534 0.6979791 1 1 1
v -4.754745 14.38704 4.264255 1 1 1
v -4.053912 15.96558 5.143695 1 1 1
v -2.75861 16.21157 4.071373 1 1 1
v -3.164697 14.689 2.947925 1 1 1
v -3.268476 13.53986 3.675535 1 1 1
v -2.842683 15.15531 4.658065 1 1 1
v -4.070536 16.1122 3.976202 1 1 1
v -4.775727 14.71449 2.838514 1 1 1
v -2.201622 17.95704 1.945481 1 1 1
v -3.274495 19.91408 3.348014 1 1 1
v -4.259964 18.56366 4.944102 1 1 1
v -3.411334 16.29934 3.904759 1 1 1
v -3.868437 16.1547 2.112581 1 1 1
v -4.650006 18.34179 3.359156 1 1 1
v -2.601692 18.82877 4.312853 1 1 1
v -1.354029 16.7525 3.283291 1 1 1
v -2.548428 17.6401 2.111457 1 1 1
v -2.269231 19.02297 0.8791735 1 1 1
v -0.6365073 19.08232 1.048083 1 1 1
v -0.5441778 17.71295 2.318802 1 1 1
v -1.343375 17.94357 3.341633 1 1 1
v -1.310784 19.24169 1.991596 1 1 1
v -1.500085 18.19707 0.7382954 1 1 1
v -1.575751 16.66124 1.803143 1 1 1
v -0.5291218 15.43276 5.191631 1 1 1
v -1.203981 16.41495 6.564335 1 1 1
v -2.672083 16.56451 5.961815 1 1 1
v -2.331291 15.61635 4.452008 1 1 1
v -1.311435 16.0721 3.828278 1 1 1
v -1.787088 16.93699 5.354768 1 1 1
v -1.917123 15.63018 6.258124 1 1 1
v -1.47106 14.46793 4.937192 1 1 1
v -0.1840528 15.79938 3.325018 1 1 1
v 1.559677 17.80191 3.2188 1 1 1
v 0.9533662 18.76906 5.250257 1 1 1
v -0.9283304 16.98661 5.818734 1 1 1
v -2.16216 16.81644 4.423431 1 1 1
v -0.2024267 18.57681 4.073373 1 1 1
v 1.530596 17.14788 4.693538 1 1 1
v -0.03478813 15.06236 5.184716 1 1 1
v -2.659481 15.62564 5.273128 1 1 1
v -1.90889 17.32064 7.139371 1 1 1
v -0.7797675 18.75576 5.730268 1 1 1
v -1.273427 17.38733 3.543383 1 1 1
v -0.7615077 15.61649 3.715216 1 1 1
v -0.3277421 17.17639 5.788337 1 1 1
v -2.440886 18.09882 5.85009 1 1 1
v -3.355498 16.74883 3.791021 1 1 1
v -2.206305 16.38667 4.129893 1 1 1
v -3.717389 18.22339 4.357176 1 1 1
v -2.292377 19.72671 4.043274 1 1 1
v -0.4570305 18.23208 3.744563 1 1 1
v -0.3165779 17.15696 5.029914 1 1 1
v -2.086915 18.75625 5.159213 1 1 1
v -2.829299 18.42607 3.228143 1 1 1
v -1.227892 16.75164 2.65943 1 1 1
v 0.3707694 15.41333 3.725391 1 1 1
v 1.105067 15.686 1.304632 1 1 1
v 2.811652 17.05993 1.725716 1 1 1
v 2.465688 17.09989 4.242293 1 1 1
v 0.7869133 17.55171 4.67158 1 1 1
v 1.350673 17.48024 2.191525 1 1 1
v 2.326959 15.47447 2.225923 1 1 1
v 1.985354 15.08953 4.713806 1 1 1
v 2.668112 16.8431 3.312808 1 1 1
v 2.414465 18.45044 4.238045 1 1 1
v 1.101817 17.95713 5.091101 1 1 1
v 1.056771 16.23755 4.359977 1 1 1
v 1.039802 16.26938 3.043021 1 1 1
v 1.064783 17.92162 3.922453 1 1 1
v 2.303206 17.56178 4.937798 1 1 1
v 2.560029 15.82766 4.289407 1 1 1
v 0.1861349 19.81046 1.992571 1 1 1
v -0.9750406 20.73731 0.05140748 1 1 1
v -0.2174367 19.3206 -1.367532 1 1 1
v 1.116132 18.07138 0.250751 1 1 1
v 2.176485 19.10194 1.130272 1 1 1
v 0.7703774 20.16426 -0.5637782 1 1 1
v -1.067889 19.25603 0.06096812 1 1 1
v -0.08008075 17.98704 1.89718 1 1 1
v 3.369209 17.95808 0.7566378 1 1 1
v 3.469598 19.90863 1.585006 1 1 1
v 1.742803 19.92055 2.276873 1 1 1
v 1.24948 17.97272 1.605939 1 1 1
v 1.492248 17.81647 0.1409568 1 1 1
v 1.913177 19.72015 0.9774426 1 1 1
v 2.916431 19.09027 2.411798 1 1 1
v 2.723794 17.04326 1.9017 1 1 1
v 2.472749 17.31338 2.327693 1 1 1
v 4.089067 18.27768 2.277329 1 1 1
v 5.082007 16.95872 2.274496 1 1 1
v 3.691633 15.69429 2.324216 1 1 1
v 2.859106 15.92206 3.329693 1 1 1
v 4.320277 17.09732 3.160455 1 1 1
v 4.120702 17.39692 1.549243 1 1 1
v 2.614118 16.28983 1.351848 1 1 1
v 3.909578 15.75781 -1.218394 1 1 1
v 5.289264 17.27076 0.2217741 1 1 1
v 4.109674 16.99349 2.052063 1 1 1
v 2.46157 15.41746 1.028378 1 1 1
v 1.735711 16.09152 -0.4286536 1 1 1
v 3.399235 17.53092 0.7660956 1 1 1
v 4.947977 15.98775 0.9618114 1 1 1
v 3.636869 14.19721 -0.1884018 1 1 1
v 1.248699 17.43118 0.4750398 1 1 1
v -0.05884361 18.64811 0.03875934 1 1 1
v 0.7714367 19.38131 -1.132806 1 1 1
v 2.26791 18.33123 -0.9631152 1 1 1
v 2.703962 18.31438 0.2552093 1 1 1
v 1.216558 19.34398 -0.07412611 1 1 1
v 0.3990293 18.21319 -0.8818902 1 1 1
v 1.700405 16.92628 -0.7363622 1 1 1
v 1.684009 13.87244 -1.778834 1 1 1
v 0.5477642 15.39061 -1.506231 1 1 1
v 1.767753 16.44724 -1.040305 1 1 1
v 3.181607 15.16951 -1.206887 1 1 1
v 2.924796 14.0485 -0.5030336 1 1 1
v 1.606901 15.43642 -0.4192869 1 1 1
v 1.514331 15.69703 -2.076224 1 1 1
v 2.811162 14.36841 -2.537008 1 1 1
v 2.125215 17.57551 -0.2364582 1 1 1
v 0.517551 19.23209 0.5216032 1 1 1
v -0.9580436 18.81137 -0.9564636 1 1 1
v 0.3138478 17.05906 -2.05086 1 1 1
v 1.877114 17.59467 -2.490875 1 1 1
v 0.434992 19.21904 -1.402224 1 1 1
v -0.1549874 17.9567 0.2094441 1 1 1
v 1.152884 16.04508 -0.5124716 1 1 1
v -0.2312322 18.93413 -1.410322 1 1 1
v -1.947903 19.36251 0.06633091 1 1 1
v -2.832924 17.55346 -0.09969532 1 1 1
v -1.317641 16.71343 -1.614127 1 1 1
v -1.154451 17.68745 -2.900772 1 1 1
v -2.654177 18.35449 -1.283109 1 1 1
v -1.410658 18.08958 0.2875526 1 1 1
v 0.3720323 17.36226 -0.9727059 1 1 1
v 1.569485 15.36938 -1.831841 1 1 1
v 3.630759 17.01609 -2.356299 1 1 1
v 2.319723 18.84534 -3.062179 1 1 1
v -0.03987825 17.61489 -2.698345 1 1 1
v -0.1092402 15.95446 -3.605156 1 1 1
v 2.161585 17.37376 -3.859093 1 1 1
v 2.44645 17.80874 -1.558464 1 1 1
v 0.240445 16.48843 -0.7810174 1 1 1
v 0.6209968 16.20432 -2.304744 1 1 1
v 1.9738 17.66575 -3.599206 1 1 1
v 0.922931 19.40513 -3.143302 1 1 1
v -0.6689976 18.3395 -1.7451 1 1 1
v -1.413144 17.05954 -2.521282 1 1 1
v 0.2002531 18.27212 -3.773506 1 1 1
v 1.683213 18.24616 -2.311392 1 1 1
v 0.4072634 17.02766 -0.7264627 1 1 1
v -6.866333 16.67438 0.9171456 1 1 1
v -7.212396 18.42054 1.553364 1 1 1
v -6.158154 18.35635 2.830917 1 1 1
v -5.572198 16.59557 2.485406 1 1 1
v -6.593146 15.74737 2.393662 1 1 1
v -7.020572 17.55219 2.759115 1 1 1
v -6.085306 18.2035 1.555471 1 1 1
v -5.44506 16.54689 0.9161293 1 1 1
v -5.93847 15.48074 1.28721 1 1 1
v -7.238267 16.38547 -0.7215245 1 1 1
v -7.019839 18.5541 -0.1922585 1 1 1
v -5.670339 18.14284 1.93691 1 1 1
v -6.507628 16.9955 3.043099 1 1 1
v -7.709107 17.56571 0.858076 1 1 1
v -5.946678 17.21465 -0.4840819 1 1 1
v -4.344158 16.56456 1.395532 1 1 1
v -5.290092 15.48489 -0.9147444 1 1 1
v -5.897824 17.67361 -1.024515 1 1 1
v -6.084968 17.94239 0.9425365 1 1 1
v -5.51982 15.81483 1.499911 1 1 1
v -6.418355 14.74205 0.7229404 1 1 1
v -6.859916 16.93405 0.308148 1 1 1
v -4.969003 17.47416 -0.0224378 1 1 1
v -4.097164 15.40506 0.3171304 1 1 1
v -7.861056 16.46313 1.320522 1 1 1
v -9.030005 16.93724 3.292652 1 1 1
v -7.570199 16.27948 4.57724 1 1 1
v -6.06907 15.6557 2.897419 1 1 1
v -6.765955 14.63566 1.807172 1 1 1
v -8.111526 15.3517 3.584029 1 1 1
v -7.673777 17.34884 3.400599 1 1 1
v -6.228595 17.08725 1.582003 1 1 1
v -5.771868 13.77627 0.9313408 1 1 1
v -5.745609 15.66337 1.032329 1 1 1
v -7.292198 15.89221 0.4826441 1 1 1
v -7.670383 14.05718 0.256575 1 1 1
v -6.754692 13.45657 -0.498529 1 1 1
v -6.52337 15.30803 -0.1975018 1 1 1
v -6.732519 15.24837 1.445409 1 1 1
v -7.011434 13.38333 1.518227 1 1 1
v -7.943426 14.97918 3.01928 1 1 1
v -9.785588 15.66356 1.793232 1 1 1
v -8.751126 16.21134 0.1334245 1 1 1
v -6.673572 15.6516 0.9817815 1 1 1
v -6.398107 16.36777 2.420128 1 1 1
v -8.425201 16.83173 1.399954 1 1 1
v -8.912477 14.90179 0.9961902 1 1 1
v -6.996262 13.99867 1.924487 1 1 1
v -7.540389 13.73662 4.363256 1 1 1
v -5.121081 14.38198 5.108604 1 1 1
v -4.316982 14.793 3.003339 1 1 1
v -6.553315 14.24117 1.778937 1 1 1
v -7.190197 12.58039 2.244791 1 1 1
v -4.937027 13.3208 3.340277 1 1 1
v -5.656999 15.39051 4.0078 1 1 1
v -8.073999 15.12107 3.064209 1 1 1
v -5.388999 14.00178 4.746222 1 1 1
v -6.794033 15.82866 6.187376 1 1 1
v -6.656673 17.58277 4.579541 1 1 1
v -5.220385 16.15503 2.772522 1 1 1
v -3.643478 15.40723 3.556158 1 1 1
v -5.220937 16.90632 5.184925 1 1 1
v -7.272061 15.83831 4.607746 1 1 1
v -6.161336 14.09619 2.84764 1 1 1
v -6.178476 16.6347 2.530456 1 1 1
v -7.471354 17.74109 3.52869 1 1 1
v -7.30386 16.90796 5.035476 1 1 1
v -5.972868 15.61199 4.380111 1 1 1
v -6.416864 14.95273 3.241605 1 1 1
v -7.648597 16.27297 4.036528 1 1 1
v -6.486681 17.54625 4.182377 1 1 1
v -4.990553 16.51574 3.420642 1 1 1
v -5.225093 15.6434 3.413981 1 1 1
v -6.668053 17.41594 4.126107 1 1 1
v -8.280627 16.18781 4.671893 1 1 1
v -7.204608 14.13581 4.08396 1 1 1
v -6.630871 14.16603 2.500027 1 1 1
v -7.76646 16.12854 3.268229 1 1 1
v -6.705564 16.31147 5.070339 1 1 1
v -5.328568 14.39059 4.712208 1 1 1
v -6.909467 13.34643 3.514035 1 1 1
v -8.275038 15.00016 3.966688 1 1 1
v -8.298416 15.73947 2.192725 1 1 1
v -6.938165 14.25397 1.336406 1 1 1
v -5.62545 14.15354 2.140523 1 1 1
v -7.100052 15.6146 2.844337 1 1 1
v -8.604609 14.41895 2.815691 1 1 1
v -7.472371 12.68582 2.10536 1 1 1
v -4.21734 13.57082 6.120601 1 1 1
v -3.845463 16.02302 6.492728 1 1 1
v -4.245952 16.63936 4.420054 1 1 1
v -4.70896 14.32743 3.576289 1 1 1
v -3.39042 13.21801 3.95892 1 1 1
v -3.107511 15.59828 4.696647 1 1 1
v -5.085016 15.78943 5.639616 1 1 1
v -5.817908 13.45265 5.116464 1 1 1
v -4.25213 15.40857 5.202827 1 1 1
v -2.878106 15.69662 3.964439 1 1 1
v -2.86146 14.16982 3.361809 1 1 1
v -4.231696 13.53435 4.463067 1 1 1
v -3.980219 13.76654 5.735394 1 1 1
v -2.684433 14.32942 4.50714 1 1 1
v -3.723349 15.09864 3.495455 1 1 1
v -5.25554 14.71079 4.493497 1 1 1
v -3.411872 15.19656 6.0537 1 1 1
v -4.168248 17.72712 5.677051 1 1 1
v -5.3332 17.34668 3.684365 1 1 1
v -4.84191 14.72956 3.607577 1 1 1
v -3.004825 14.36503 3.741719 1 1 1
v -3.719744 16.93522 3.768518 1 1 1
v -5.396451 16.71226 5.38456 1 1 1
v -5.063066 14.09134 5.725492 1 1 1
v -5.765242 15.69086 4.749392 1 1 1
v -6.787919 15.98474 3.227448 1 1 1
v -5.728858 16.98171 2.495356 1 1 1
v -4.465191 16.91469 3.850711 1 1 1
v -4.985644 17.21694 5.010887 1 1 1
v -6.129003 17.26107 3.548246 1 1 1
v -5.708956 15.80425 2.95434 1 1 1
v -4.470015 15.42861 4.281838 1 1 1
v -2.211413 14.99483 4.011469 1 1 1
v -2.040916 17.40138 3.703027 1 1 1
v -3.958511 17.87161 4.509341 1 1 1
v -4.565357 15.57206 5.001261 1 1 1
v -4.407458 14.56839 3.623569 1 1 1
v -3.869467 16.92164 3.326193 1 1 1
v -2.600057 17.0833 5.032327 1 1 1
v -2.849193 14.76684 5.717935 1 1 1
v -3.998616 12.62441 4.032444 1 1 1
v -5.918917 13.1868 5.020518 1 1 1
v -5.17995 14.63933 6.103652 1 1 1
v -3.091498 14.40747 5.362045 1 1 1
v -2.578747 12.93191 5.525463 1 1 1
v -4.649609 13.3568 6.240381 1 1 1
v -5.241007 14.29179 4.626339 1 1 1
v -3.304717 14.07967 3.544144 1 1 1
v -4.034459 17.43672 3.263444 1 1 1
v -5.947515 17.9278 3.933395 1 1 1
v -6.146554 16.4818 5.035177 1 1 1
v -4.27879 15.66169 4.615937 1 1 1
v -4.073075 15.49234 3.172447 1 1 1
v -5.908185 16.28351 3.76926 1 1 1
v -5.219205 17.54759 4.897025 1 1 1
v -3.227318 17.04406 4.556836 1 1 1
v -3.311095 15.92385 2.659918 1 1 1
v -4.269802 17.35373 0.6301755 1 1 1
v -5.636846 18.73579 1.921481 1 1 1
v -4.989211 17.6204 4.245061 1 1 1
v -5.241842 15.76457 4.215375 1 1 1
v -5.859559 17.08902 1.991021 1 1 1
v -3.876208 18.31294 1.86969 1 1 1
v -2.807178 17.26698 4.066436 1 1 1
v -5.942629 17.76208 1.949742 1 1 1
v -5.594125 19.02264 3.313024 1 1 1
v -4.794181 17.97852 4.32002 1 1 1
v -4.960657 16.48038 3.18588 1 1 1
v -6.226137 16.26573 2.838904 1 1 1
v -5.900079 17.72473 3.993896 1 1 1
v -4.665635 18.38176 3.105868 1 1 1
v -4.710796 17.07227 1.748806 1 1 1
v -4.908278 16.23384 1.916369 1 1 1
v -4.76298 18.26638 1.936296 1 1 1
v -4.588205 18.46324 0.1689063 1 1 1
v -4.693733 16.47549 -0.253191 1 1 1
v -3.738725 15.72162 0.5062239 1 1 1
v -3.748878 17.7388 0.7953808 1 1 1
v -5.514101 17.89008 1.027917 1 1 1
v -5.905625 15.90731 0.791673 1 1 1
v -3.532534 6.122759 2.313467 1 1 1
v -2.72922 7.540085 1.412835 1 1 1
v -4.031301 7.934879 0.5111183 1 1 1
v -5.130904 6.607388 1.206565 1 1 1
v -4.577526 5.423439 1.114056 1 1 1
v -3.600699 6.856677 0.438115 1 1 1
v -3.772892 7.818073 1.745951 1 1 1
v -4.788901 6.603601 2.719491 1 1 1
v -5.260621 9.183015 3.204716 1 1 1
v -4.207 10.94504 3.405092 1 1 1
v -4.372076 11.06634 5.202203 1 1 1
v -5.46326 9.331921 5.410759 1 1 1
v -6.63167 9.327044 4.549072 1 1 1
v -5.437755 11.00772 4.479315 1 1 1
v -3.870696 10.12459 4.289629 1 1 1
v -4.708026 8.242958 4.316221 1 1 1
v -5.780233 9.023866 3.518538 1 1 1
v -3.695888 9.799628 2.727361 1 1 1
v -2.931058 10.31081 4.581579 1 1 1
v -4.841366 9.65137 5.794683 1 1 1
v -6.21923 10.36996 5.207027 1 1 1
v -4.192899 10.92953 4.133192 1 1 1
v -3.524175 8.98528 3.894239 1 1 1
v -5.398337 7.983298 4.913701 1 1 1
v -5.425856 9.214859 5.013303 1 1 1
v -6.45208 11.48415 4.536765 1 1 1
v -6.457912 11.28281 2.322441 1 1 1
v -5.433017 8.967714 2.29511 1 1 1
v -3.908854 8.911103 3.221807 1 1 1
v -5.084161 11.15479 3.101823 1 1 1
v -7.099543 10.39817 3.658203 1 1 1
v -6.382838 7.982316 3.904793 1 1 1
v -5.74645 10.17018 5.015769 1 1 1
v -7.688522 10.66744 3.688958 1 1 1
v -7.487783 9.032836 2.373137 1 1 1
v -5.500033 8.163624 3.400532 1 1 1
v -4.292266 9.3425 3.520302 1 1 1
v -6.357856 10.01585 2.491096 1 1 1
v -7.620593 9.240913 3.990621 1 1 1
v -5.84234 8.391226 5.361043 1 1 1
v -6.625589 9.448275 5.438877 1 1 1
v -4.461116 10.94573 5.671788 1 1 1
v -3.3394 10.04505 3.855609 1 1 1
v -5.248626 8.342636 3.209426 1 1 1
v -5.741659 7.282809 4.655806 1 1 1
v -3.817317 9.043487 5.078288 1 1 1
v -4.922628 10.84978 4.138293 1 1 1
v -7.098483 9.500123 3.501915 1 1 1
v -3.461852 9.670007 5.601251 1 1 1
v -2.837448 10.7075 7.397227 1 1 1
v -4.550536 10.74517 8.216582 1 1 1
v -5.564754 9.716247 6.607051 1 1 1
v -5.319513 10.3935 5.263444 1 1 1
v -4.39466 11.3081 6.995483 1 1 1
v -3.641732 9.709591 7.692125 1 1 1
v -4.395256 8.431252 6.118608 1 1 1
v -5.968881 8.533567 5.984054 1 1 1
v -7.195745 10.68899 6.101431 1 1 1
v -6.371731 11.32266 8.014405 1 1 1
v -4.957364 9.311423 8.332326 1 1 1
v -5.888888 7.839396 8.19398 1 1 1
v -7.132257 9.972655 7.933119 1 1 1
v -5.755328 10.87238 6.506739 1 1 1
v -4.19864 8.943854 6.443027 1 1 1
v -5.621922 7.703043 8.055264 1 1 1
v -6.435674 8.510829 10.29907 1 1 1
v -4.699355 9.808297 10.72763 1 1 1
v -3.490502 9.295751 8.581345 1 1 1
v -3.292375 7.549643 8.342565 1 1 1
v -4.45858 8.276258 10.45476 1 1 1
v -5.867531 9.671124 9.479513 1 1 1
v -5.021934 9.261911 7.145403 1 1 1
v -3.493404 9.736119 8.269714 1 1 1
v -3.674479 11.56423 6.560195 1 1 1
v -5.477963 10.78364 5.570277 1 1 1
v -5.707272 8.777911 7.054541 1 1 1
v -4.21574 7.833637 7.109446 1 1 1
v -4.201854 9.875775 5.651124 1 1 1
v -5.040398 11.24546 7.155318 1 1 1
v -5.245094 9.515002 8.95592 1 1 1
v -5.175615 9.67451 7.345558 1 1 1
v -4.768541 11.60364 8.255052 1 1 1
v -2.910217 11.30564 8.542571 1 1 1
v -2.894428 9.308702 7.698502 1 1 1
v -3.947457 8.412824 8.349532 1 1 1
v -3.806689 10.44822 9.092355 1 1 1
v -3.828817 11.29053 7.385056 1 1 1
v -3.97462 9.446798 6.253736 1 1 1
v -2.704741 7.948158 9.492422 1 1 1
v -1.944852 10.23602 10.3237 1 1 1
v -2.653279 11.38594 8.541658 1 1 1
v -3.574371 9.359742 7.304879 1 1 1
v -2.341363 8.065688 7.142807 1 1 1
v -1.609766 10.20012 8.330973 1 1 1
v -3.364604 10.31939 9.711613 1 1 1
v -4.495515 8.2121 8.837613 1 1 1
v -5.160709 8.095713 7.36622 1 1 1
v -7.155261 9.021222 7.717741 1 1 1
v -6.479674 10.72576 8.388939 1 1 1
v -4.331394 10.18812 8.190149 1 1 1
v -4.001844 8.84209 8.922077 1 1 1
v -6.10953 9.551208 9.036837 1 1 1
v -6.316564 9.902059 7.127276 1 1 1
v -4.255989 9.272778 6.577996 1 1 1
v -1.4794 10.03163 6.087292 1 1 1
v -2.190104 12.59804 6.760039 1 1 1
v -3.816852 11.98672 8.42753 1 1 1
v -3.476315 9.281204 8.13422 1 1 1
v -3.680091 8.731986 6.291984 1 1 1
v -4.010636 11.40631 6.823866 1 1 1
v -2.000866 11.66079 8.126405 1 1 1
v -1.212996 9.044376 7.890914 1 1 1
v -2.047284 8.999333 4.859392 1 1 1
v 0.6053795 9.231701 5.335749 1 1 1
v 0.3926661 10.29484 7.445438 1 1 1
v -2.3084 10.30439 7.449142 1 1 1
v -3.010458 11.10344 5.870103 1 1 1
v -0.3157694 11.0147 6.089862 1 1 1
v -0.1843951 8.721715 6.682533 1 1 1
v -2.849189 8.28869 6.597636 1 1 1
v -1.987939 8.954416 6.028701 1 1 1
v -1.536088 9.34269 4.193422 1 1 1
v -2.694457 10.5563 3.974313 1 1 1
v -3.409895 10.44418 5.759734 1 1 1
v -3.775058 9.174616 6.074597 1 1 1
v -3.057063 9.455076 4.3057 1 1 1
v -1.697174 10.3326 4.798988 1 1 1
v -2.105726 10.25182 6.680133 1 1 1
v -2.254006 9.509738 5.180379 1 1 1
v -1.914949 11.3663 5.725539 1 1 1
v -0.2582614 11.13792 6.138237 1 1 1
v -0.2203386 9.229387 5.686987 1 1 1
v -1.221028 8.531283 6.337236 1 1 1
v -1.111153 10.45841 6.70204 1 1 1
v -1.019434 10.95323 5.054668 1 1 1
v -1.108439 9.1387 4.315004 1 1 1
v -4.409932 9.281461 3.395829 1 1 1
v -4.881491 9.726355 1.666677 1 1 1
v -3.474188 9.300859 0.9880526 1 1 1
v -2.682395 8.759144 2.562783 1 1 1
v -2.736227 9.687407 3.470916 1 1 1
v -3.473727 10.09308 1.827205 1 1 1
v -4.351043 8.738822 1.69161 1 1 1
v -3.813176 8.02499 3.304466 1 1 1
v -5.501639 6.096642 0.1514446 1 1 1
v -4.868925 7.512218 -1.511383 1 1 1
v -6.084831 9.005365 -0.9950877 1 1 1
v -6.994226 7.929553 0.7852234 1 1 1
v -7.574104 6.495504 0.3755895 1 1 1
v -6.643488 7.732619 -1.289545 1 1 1
v -4.967173 8.183748 -0.3092808 1 1 1
v -5.516341 7.049289 1.578914 1 1 1
v -8.409931 7.151646 -1.740266 1 1 1
v -7.584289 8.921494 -2.782549 1 1 1
v -5.965664 9.052822 -1.719241 1 1 1
v -6.422988 7.312858 -0.4350033 1 1 1
v -7.829994 7.437385 0.2224493 1 1 1
v -7.192596 9.108004 -1.082599 1 1 1
v -6.625962 8.002417 -2.574046 1 1 1
v -7.13442 6.080222 -1.608378 1 1 1
v -9.01763 7.163863 0.5793335 1 1 1
v -10.41072 9.075626 -0.6157022 1 1 1
v -9.520228 8.744161 -2.73643 1 1 1
v -7.924506 6.756972 -2.023967 1 1 1
v -6.835893 7.230185 -0.5851631 1 1 1
v -8.496965 9.09074 -1.481154 1 1 1
v -10.38835 7.740969 -1.514316 1 1 1
v -9.157667 5.573274 -0.6258706 1 1 1
v -9.653998 7.487438 -1.528827 1 1 1
v -8.983137 8.187878 -3.279454 1 1 1
v -7.29284 8.268199 -2.814609 1 1 1
v -7.579074 7.586036 -0.9582067 1 1 1
v -8.557864 8.333643 -0.2747485 1 1 1
v -8.13645 8.904919 -2.145954 1 1 1
v -8.257164 7.307339 -2.862059 1 1 1
v -8.706047 6.372533 -1.153803 1 1 1
v -9.971392 8.405269 -0.2938995 1 1 1
v -11.17182 8.774133 -1.77188 1 1 1
v -10.43992 7.704115 -2.872578 1 1 1
v -9.072949 7.091769 -1.645063 1 1 1
v -8.37613 8.134449 -1.106053 1 1 1
v -9.771183 8.584543 -2.375994 1 1 1
v -10.97882 7.616882 -1.670727 1 1 1
v -9.858562 6.946596 -0.2403032 1 1 1
v -7.32459 8.018925 0.9094616 1 1 1
v -8.064212 9.421219 -1.136407 1 1 1
v -9.186265 7.749727 -2.184197 1 1 1
v -8.701967 5.967085 -0.3767546 1 1 1
v -6.919188 5.829597 -0.02865505 1 1 1
v -7.620127 7.544704 -1.835896 1 1 1
v -9.251827 8.537034 -0.6096875 1 1 1
v -8.922184 7.047731 1.476578 1 1 1
v -8.632937 7.529626 1.044649 1 1 1
v -10.5429 8.568465 0.4941392 1 1 1
v -10.99651 7.390442 -1.013886 1 1 1
v -9.189756 6.083543 -0.8065272 1 1 1
v -7.856518 6.928646 -0.8044996 1 1 1
v -9.772382 8.072867 -1.0291 1 1 1
v -10.70677 7.216725 0.4747536 1 1 1
v -9.003525 5.877687 1.041557 1 1 1
v -5.570548 7.453457 1.222022 1 1 1
v -6.092772 9.396239 3.058014 1 1 1
v -8.248073 8.581836 3.686473 1 1 1
v -8.216288 6.453736 1.993487 1 1 1
v -7.847491 6.989565 0.1903282 1 1 1
v -7.956563 8.971327 2.055455 1 1 1
v -6.5212 7.909409 3.641519 1 1 1
v -6.085511 5.686008 2.137302 1 1 1
v -6.605875 6.825342 2.209446 1 1 1
v -7.888201 7.687791 3.709176 1 1 1
v -9.516973 7.212597 2.880401 1 1 1
v -8.605274 6.242016 1.192084 1 1 1
v -7.60843 7.147841 0.4971681 1 1 1
v -8.636236 7.970393 2.201394 1 1 1
v -8.322287 6.507055 3.352765 1 1 1
v -7.223043 5.351521 1.910533 1 1 1
v -9.045447 6.109059 0.08208318 1 1 1
v -10.59472 8.336123 -0.1270107 1 1 1
v -8.83171 9.90707 0.2143553 1 1 1
v -6.881268 8.037476 0.5011266 1 1 1
v -7.330413 6.747605 1.843498 1 1 1
v -9.135794 8.736627 1.409738 1 1 1
v -9.18415 8.524435 -0.9662319 1 1 1
v -7.389773 6.48713 -1.073126 1 1 1
v -8.048376 7.740711 -0.06399543 1 1 1
v -10.20441 8.306996 0.2007809 1 1 1
v -10.43968 7.430814 1.947642 1 1 1
v -8.337189 6.665153 2.080365 1 1 1
v -7.937268 5.833806 0.7977412 1 1 1
v -10.02345 6.660975 0.851261 1 1 1
v -9.511315 8.492314 1.359675 1 1 1
v -7.30859 8.081867 1.421845 1 1 1
v -5.070432 5.287083 3.00412 1 1 1
v -6.146669 6.552187 4.007032 1 1 1
v -6.497991 7.574488 2.693258 1 1 1
v -5.501697 6.542008 1.391395 1 1 1
v -4.214599 6.329268 1.795031 1 1 1
v -5.339117 7.369972 2.985409 1 1 1
v -6.657558 6.294718 2.977202 1 1 1
v -5.833054 5.00934 1.784956 1 1 1
v -7.124138 6.940163 2.374461 1 1 1
v -7.221537 8.93496 1.315104 1 1 1
v -5.500177 8.747294 0.3500154 1 1 1
v -5.011081 6.709793 1.189767 1 1 1
v -5.066916 6.701098 2.779897 1 1 1
v -5.506353 8.67063 1.760699 1 1 1
v -6.810589 7.947636 0.4545826 1 1 1
v -6.667932 5.813584 1.176574 1 1 1
v -8.071847 6.633815 2.437429 1 1 1
v -9.162131 8.820454 1.86424 1 1 1
v -7.508617 9.593385 0.6348606 1 1 1
v -6.042075 7.582626 0.9283036 1 1 1
v -5.805066 7.19196 2.634542 1 1 1
v -7.226591 9.196728 2.125799 1 1 1
v -8.505669 8.206429 0.6337625 1 1 1
v -7.375198 5.976319 0.8029916 1 1 1
v -6.023639 7.03408 -0.4146509 1 1 1
v -6.437361 8.679317 -1.526092 1 1 1
v -7.431367 9.494482 -0.2972463 1 1 1
v -7.243834 8.034736 1.093819 1 1 1
v -7.615682 6.759089 0.5723141 1 1 1
v -7.767991 8.33795 -0.6915156 1 1 1
v -6.146681 8.995063 -0.3718841 1 1 1
v -5.625443 7.565729 0.9646786 1 1 1
v -6.071859 7.163135 -0.3205909 1 1 1
v -4.75078 8.356355 -0.8571966 1 1 1
v -3.66627 7.942807 0.2877076 1 1 1
v -4.740568 6.655483 1.084837 1 1 1
v -5.913499 7.137624 1.407612 1 1 1
v -4.715722 8.318641 0.6154676 1 1 1
v -4.305598 7.344974 -0.6262084 1 1 1
v -5.410051 5.942398 -0.1166077 1 1 1
v -4.774751 6.18814 2.745311 1 1 1
v -6.300695 8.070085 2.934771 1 1 1
v -6.046473 8.772104 0.9388704 1 1 1
v -4.462681 7.049906 0.2952431 1 1 1
v -3.141585 6.970352 1.378741 1 1 1
v -4.82912 8.657333 1.839622 1 1 1
v -6.507467 7.356604 1.659812 1 1 1
v -5.20184 5.373641 1.158015 1 1 1
v 1.487128 7.43612 3.220726 1 1 1
v 0.2564507 7.978546 4.753618 1 1 1
v 0.4283259 9.74328 4.522116 1 1 1
v 1.698113 9.602421 2.936544 1 1 1
v 2.834893 8.780348 3.239642 1 1 1
v 1.472082 9.043399 4.733662 1 1 1
v 0.03016043 8.663014 3.746954 1 1 1
v 1.064862 8.313406 2.028408 1 1 1
v 4.683611 9.248897 4.35411 1 1 1
v 4.801543 11.71053 4.074003 1 1 1
v 2.721063 12.10182 4.57263 1 1 1
v 2.129716 9.729232 4.966201 1 1 1
v 2.55681 8.724271 3.604202 1 1 1
v 3.044824 11.14711 3.395257 1 1 1
v 4.03589 11.35216 5.320326 1 1 1
v 3.773393 8.975969 5.967321 1 1 1
v 3.575559 10.08841 3.5437 1 1 1
v 5.329118 10.3924 5.514703 1 1 1
v 4.301207 8.915997 6.9932 1 1 1
v 2.313746 8.276053 5.358629 1 1 1
v 1.420094 9.793334 4.732076 1 1 1
v 3.434564 10.20658 6.412359 1 1 1
v 4.962012 8.83537 5.312821 1 1 1
v 3.295113 8.1101 3.382338 1 1 1
v 7.204756 10.18996 3.294492 1 1 1
v 6.834716 11.73942 5.01094 1 1 1
v 5.055096 10.93891 5.650193 1 1 1
v 5.020183 9.207294 4.079208 1 1 1
v 5.194249 9.776631 2.542315 1 1 1
v 5.179074 11.37095 4.257502 1 1 1
v 6.549105 10.41916 5.454841 1 1 1
v 6.87603 8.608265 4.012109 1 1 1
v 4.97772 9.487115 0.8171964 1 1 1
v 4.768004 12.10221 0.689812 1 1 1
v 6.426003 12.55775 2.22211 1 1 1
v 7.012997 10.04632 2.698169 1 1 1
v 5.514562 9.073673 3.173591 1 1 1
v 5.153133 11.62797 2.679816 1 1 1
v 6.299644 11.65796 0.68256 1 1 1
v 6.921963 9.11048 0.7218579 1 1 1
v 5.337746 8.803005 3.407187 1 1 1
v 6.996099 9.093948 5.170602 1 1 1
v 8.209868 10.50123 4.113786 1 1 1
v 6.827709 10.53051 2.109892 1 1 1
v 6.566869 8.949003 1.497231 1 1 1
v 7.954719 9.133261 3.49331 1 1 1
v 6.621461 10.40014 4.583259 1 1 1
v 4.930228 10.50416 2.835199 1 1 1
v 3.887045 9.576507 3.189577 1 1 1
v 4.241484 11.73908 4.144535 1 1 1
v 5.842092 12.27405 2.901371 1 1 1
v 5.851872 10.23321 1.66353 1 1 1
v 5.948346 8.893163 2.676218 1 1 1
v 5.952441 11.03762 3.732414 1 1 1
v 4.298793 11.80188 2.695609 1 1 1
v 3.918409 9.83132 1.403487 1 1 1
v 5.31596 9.507933 -0.3202446 1 1 1
v 5.837368 11.59715 -0.1850219 1 1 1
v 6.237703 11.58697 1.66396 1 1 1
v 5.807391 9.49544 1.949474 1 1 1
v 4.421332 9.134456 1.44512 1 1 1
v 5.010908 11.20148 1.258686 1 1 1
v 6.698071 10.86108 0.473375 1 1 1
v 6.492411 8.716597 0.4811118 1 1 1
v 6.174126 9.056394 1.03963 1 1 1
v 7.038161 10.03119 -0.457402 1 1 1
v 5.562464 10.49633 -1.253474 1 1 1
v 4.362633 9.627376 0.06241236 1 1 1
v 4.689087 8.28215 0.2479852 1 1 1
v 5.787488 9.292251 -1.060105 1 1 1
v 6.102454 10.65561 -0.02578766 1 1 1
v 5.075723 9.955743 1.517662 1 1 1
v 3.378412 7.181688 -0.8081039 1 1 1
v 2.102966 8.436495 -1.787587 1 1 1
v 2.842685 9.956387 -1.20294 1 1 1
v 4.286455 9.047431 -0.0904204 1 1 1
v 3.727586 8.094277 0.8261843 1 1 1
v 2.409566 9.112453 -0.3514504 1 1 1
v 3.272319 8.83075 -1.892673 1 1 1
v 4.786659 7.748471 -1.065744 1 1 1
v 4.076172 8.442895 1.016295 1 1 1
v 5.068725 10.62643 0.216459 1 1 1
v 4.220968 10.53727 -1.830143 1 1 1
v 3.035509 8.333449 -1.496012 1 1 1
v 4.144937 7.073852 -0.905065 1 1 1
v 5.14502 9.356504 -1.331721 1 1 1
v 3.603459 10.5021 -0.2242882 1 1 1
v 2.252592 8.480135 0.454365 1 1 1
v 4.545775 9.934165 0.9159722 1 1 1
v 6.210622 10.15595 -0.26529 1 1 1
v 5.9108 8.709623 -1.294876 1 1 1
v 4.177728 8.158721 -0.3478966 1 1 1
v 4.366579 8.032774 1.079343 1 1 1
v 6.016 8.558231 -0.02500507 1 1 1
v 5.213164 9.872647 -0.9575171 1 1 1
v 3.381057 9.646286 -0.06536283 1 1 1
v 8.542046 6.000515 -0.2529423 1 1 1
v 7.641177 7.873401 -1.454542 1 1 1
v 7.186461 6.813931 -3.215759 1 1 1
v 7.983859 4.699962 -2.414925 1 1 1
v 9.571247 4.807047 -1.846168 1 1 1
v 8.601389 6.822912 -2.717233 1 1 1
v 6.802125 6.69482 -1.632165 1 1 1
v 7.362561 4.649808 -0.5141926 1 1 1
v 7.338026 4.96963 -0.4842449 1 1 1
v 8.850893 5.688004 0.823138 1 1 1
v 10.17134 5.867237 -0.4788156 1 1 1
v 8.958937 5.189646 -2.082458 1 1 1
v 8.342983 3.859905 -1.785072 1 1 1
v 9.61102 4.678481 -0.289718 1 1 1
v 8.831658 6.370532 -0.2713633 1 1 1
v 7.386278 5.936982 -1.762541 1 1 1
v 9.058807 4.633811 -0.5829466 1 1 1
v 10.30723 6.361674 -0.6928392 1 1 1
v 10.54066 6.322759 -2.549479 1 1 1
v 9.34536 4.586041 -2.862067 1 1 1
v 9.794583 3.441104 -1.999394 1 1 1
v 10.9007 5.25878 -1.830035 1 1 1
v 9.415103 6.380023 -1.632747 1 1 1
v 7.970932 4.817486 -1.757213 1 1 1
v 8.994208 3.856948 -3.068288 1 1 1
v 10.84093 5.155332 -4.177187 1 1 1
v 9.961631 7.149934 -3.842249 1 1 1
v 7.914831 6.305424 -2.657134 1 1 1
v 7.065621 5.080529 -3.612105 1 1 1
v 9.134492 6.076542 -4.638522 1 1 1
v 10.42365 5.820723 -2.867533 1 1 1
v 8.648133 4.7665 -1.438127 1 1 1
v 8.726452 4.826798 -3.477437 1 1 1
v 10.2267 5.768747 -4.221809 1 1 1
v 9.816086 5.515422 -5.83612 1 1 1
v 8.222403 4.515829 -5.459086 1 1 1
v 8.469536 3.476516 -4.629845 1 1 1
v 9.975325 4.564876 -5.119911 1 1 1
v 9.24402 6.045669 -4.78641 1 1 1
v 7.571821 5.294265 -4.220458 1 1 1
v 8.47956 3.386353 -4.354895 1 1 1
v 9.258966 5.002761 -6.310705 1 1 1
v 7.343517 6.324902 -6.319891 1 1 1
v 6.128249 5.009348 -4.366171 1 1 1
v 6.037838 3.177362 -4.720592 1 1 1
v 7.19446 4.691678 -6.568429 1 1 1
v 8.593246 5.843268 -5.107497 1 1 1
v 7.754918 4.590999 -2.927224 1 1 1
v 6.990649 5.04648 -3.264097 1 1 1
v 7.516709 6.261604 -5.465841 1 1 1
v 6.263976 4.929761 -6.781964 1 1 1
v 5.452856 3.411575 -4.879704 1 1 1
v 6.834537 2.745447 -3.922097 1 1 1
v 7.433262 4.273677 -5.898703 1 1 1
v 5.996231 5.926228 -5.370173 1 1 1
v 5.070508 4.774035 -3.2733 1 1 1
v 5.958922 3.95545 -5.316298 1 1 1
v 7.225743 5.998946 -4.624817 1 1 1
v 5.646882 6.834783 -3.351681 1 1 1
v 4.02079 4.981482 -3.75346 1 1 1
v 3.754895 4.711563 -5.472987 1 1 1
v 5.335448 6.550427 -4.857132 1 1 1
v 6.520018 5.375218 -3.433061 1 1 1
v 5.209013 3.268934 -3.724866 1 1 1
v 5.12167 4.464569 -4.201414 1 1 1
v 3.751029 5.30074 -5.398216 1 1 1
v 4.562851 4.920982 -6.908205 1 1 1
v 6.118221 3.998396 -6.055001 1 1 1
v 6.734365 4.810082 -5.081363 1 1 1
v 5.167995 5.599033 -6.047906 1 1 1
v 4.10112 4.220891 -5.833808 1 1 1
v 5.424723 3.118344 -4.818546 1 1 1
v 5.710046 5.271194 -2.973453 1 1 1
v 4.56531 6.712145 -3.536303 1 1 1
v 4.855014 6.53807 -5.189589 1 1 1
v 6.065672 5.057508 -5.002946 1 1 1
v 7.072523 5.34046 -4.142278 1 1 1
v 5.784424 6.736204 -4.452523 1 1 1
v 4.416929 5.775485 -4.218939 1 1 1
v 5.393853 4.161129 -3.855542 1 1 1
v 3.622806 3.542751 -2.19729 1 1 1
v 2.940858 4.675972 -0.6384484 1 1 1
v 4.13711 5.998011 -0.8242212 1 1 1
v 5.091266 5.165621 -2.425336 1 1 1
v 5.510798 3.816907 -2.15121 1 1 1
v 4.555873 4.805524 -0.6379427 1 1 1
v 3.178972 5.38735 -1.627358 1 1 1
v 3.820582 4.531129 -3.365768 1 1 1
v 3.170861 5.104727 -3.711503 1 1 1
v 3.664572 7.673589 -3.661053 1 1 1
v 5.889558 7.486071 -3.13426 1 1 1
v 5.902144 4.874538 -3.064838 1 1 1
v 4.599954 4.218243 -1.940374 1 1 1
v 4.779593 6.821186 -2.134674 1 1 1
v 4.817621 6.89459 -4.427359 1 1 1
v 4.646636 4.308351 -4.75476 1 1 1
v 8.504894 4.085078 -2.769975 1 1 1
v 9.448004 6.257673 -3.244251 1 1 1
v 7.616883 7.319921 -3.175686 1 1 1
v 6.257102 5.38904 -2.685807 1 1 1
v 6.507408 4.142613 -3.814486 1 1 1
v 7.764155 6.1777 -4.151481 1 1 1
v 8.464659 6.344407 -2.159604 1 1 1
v 7.367312 4.347256 -1.369356 1 1 1
v 6.331604 6.255393 -2.43863 1 1 1
v 4.7295 6.730417 -4.336747 1 1 1
v 3.081896 5.45218 -3.582645 1 1 1
v 4.309087 4.686292 -1.512931 1 1 1
v 5.900372 3.995278 -1.910666 1 1 1
v 4.495422 4.799443 -3.853513 1 1 1
v 4.001125 6.779373 -2.985925 1 1 1
v 5.293598 6.425741 -0.8456579 1 1 1
v 4.020737 4.708247 -1.378007 1 1 1
v 5.420204 5.879423 0.5687599 1 1 1
v 7.050591 6.816622 -0.8233482 1 1 1
v 6.022119 5.858704 -3.08689 1 1 1
v 5.771333 3.999448 -3.002035 1 1 1
v 6.822306 5.164952 -0.8440021 1 1 1
v 5.240495 6.882198 -0.6910059 1 1 1
v 3.829581 6.107454 -2.814225 1 1 1
v 7.477911 5.337627 -2.442875 1 1 1
v 7.508823 7.530292 -3.289434 1 1 1
v 5.565367 7.991037 -2.780464 1 1 1
v 5.092221 5.903215 -1.818088 1 1 1
v 5.431969 4.661037 -2.856632 1 1 1
v 5.818288 6.838003 -3.65473 1 1 1
v 6.875959 7.491547 -2.01078 1 1 1
v 6.730312 5.463296 -0.8386001 1 1 1
v 7.156929 6.285739 -2.670318 1 1 1
v 6.340376 8.19034 -1.073654 1 1 1
v 4.402361 7.150642 -0.4217188 1 1 1
v 4.777917 5.009457 -1.870035 1 1 1
v 5.084239 5.428942 -3.636437 1 1 1
v 4.653484 7.433831 -2.012104 1 1 1
v 6.140806 6.76665 -0.3982145 1 1 1
v 6.91 4.609944 -1.655306 1 1 1
v 6.663935 5.987647 -2.186984 1 1 1
v 7.687145 7.323091 -0.3228335 1 1 1
v 7.205088 5.895297 1.282512 1 1 1
v 6.072186 4.23496 -0.2163424 1 1 1
v 4.797287 4.989646 -1.179917 1 1 1
v 6.039405 6.482807 0.4116305 1 1 1
v 8.058314 5.849627 -0.1976268 1 1 1
v 7.2756 4.212386 -1.927811 1 1 1
v 5.704175 6.172132 -2.165694 1 1 1
v 7.266474 7.770458 -3.372682 1 1 1
v 8.432763 6.202631 -4.441647 1 1 1
v 7.135853 4.247546 -3.477901 1 1 1
v 7.086465 4.304744 -1.691728 1 1 1
v 8.365618 6.164889 -2.856143 1 1 1
v 6.771012 6.665918 -4.328282 1 1 1
v 5.129004 4.919782 -3.498853 1 1 1
v 3.544616 17.19461 3.593888 1 1 1
v 3.007741 18.75512 4.975224 1 1 1
v 2.092005 17.64139 6.192634 1 1 1
v 2.420503 15.82745 5.088322 1 1 1
v 1.962651 15.95764 3.650392 1 1 1
v 1.685537 17.67956 4.911214 1 1 1
v 3.436569 17.69922 5.614467 1 1 1
v 4.112132 15.98177 4.513671 1 1 1
v 4.692018 16.74798 2.344518 1 1 1
v 3.461152 17.84043 0.4428795 1 1 1
v 3.422371 16.06503 -0.8645452 1 1 1
v 4.644412 14.56858 0.7395884 1 1 1
v 6.175905 15.28471 1.263647 1 1 1
v 4.808444 16.61847 -0.372151 1 1 1
v 2.900385 16.44747 0.7200972 1 1 1
v 3.833666 15.0748 2.604437 1 1 1
v 4.769359 17.08362 3.852319 1 1 1
v 4.155508 19.4111 4.651629 1 1 1
v 2.093531 19.41321 3.818351 1 1 1
v 2.238178 17.0862 2.829427 1 1 1
v 3.661736 16.90911 1.767047 1 1 1
v 3.317911 19.18203 2.838737 1 1 1
v 2.999985 18.42534 4.905729 1 1 1
v 3.271465 15.98024 4.304385 1 1 1
v 3.851467 16.82353 3.621099 1 1 1
v 5.65193 17.70812 3.089557 1 1 1
v 6.717464 16.53173 3.979546 1 1 1
v 5.159465 15.37945 4.713605 1 1 1
v 4.175682 16.19257 5.423777 1 1 1
v 5.818399 17.19106 4.641995 1 1 1
v 5.721752 16.45473 2.980726 1 1 1
v 4.057042 15.28869 3.384486 1 1 1
v 5.843332 14.65155 4.97226 1 1 1
v 6.633677 16.57722 6.041868 1 1 1
v 4.817951 17.52658 6.155606 1 1 1
v 3.614436 15.81694 5.111878 1 1 1
v 4.272377 15.41067 3.657558 1 1 1
v 5.329074 17.12874 4.844371 1 1 1
v 5.42186 16.13333 6.636474 1 1 1
v 4.386274 14.18875 5.857454 1 1 1
v 4.750416 15.51642 5.311454 1 1 1
v 2.665454 16.36352 4.85859 1 1 1
v 1.632385 14.81534 5.625208 1 1 1
v 3.482272 13.61596 6.252516 1 1 1
v 4.504604 13.40786 5.018866 1 1 1
v 2.575331 14.56907 4.57252 1 1 1
v 2.709619 15.82204 6.142169 1 1 1
v 4.669448 14.94595 6.945688 1 1 1
v 5.628497 15.41004 5.679564 1 1 1
v 4.810508 16.63593 7.525107 1 1 1
v 2.8597 15.95251 7.398479 1 1 1
v 3.23378 14.57111 5.524123 1 1 1
v 3.931848 15.41208 4.271726 1 1 1
v 3.455144 16.63667 6.234139 1 1 1
v 4.316337 15.29002 7.550817 1 1 1
v 4.989005 13.759 5.888014 1 1 1
v 1.801089 14.62989 7.174345 1 1 1
v 2.890564 16.27054 6.878383 1 1 1
v 4.446336 15.49237 7.03207 1 1 1
v 3.710878 13.67464 7.363003 1 1 1
v 2.792786 13.67294 8.422158 1 1 1
v 3.639433 15.4197 7.976822 1 1 1
v 3.344781 15.33759 6.25751 1 1 1
v 2.431086 13.57215 6.311615 1 1 1
v 1.129973 13.29335 6.640177 1 1 1
v -0.128969 15.36724 7.567059 1 1 1
v 1.337941 16.91799 6.773654 1 1 1
v 2.930679 15.19697 5.666234 1 1 1
v 3.464601 13.91187 6.851402 1 1 1
v 1.882281 15.75624 7.76771 1 1 1
v 0.3516078 15.62181 6.086905 1 1 1
v 1.585622 13.74685 4.788127 1 1 1
v 2.021592 15.32664 5.84211 1 1 1
v 1.301492 17.64263 6.527251 1 1 1
v 3.301861 18.33438 7.162683 1 1 1
v 4.477146 16.17579 6.622136 1 1 1
v 3.695023 14.79029 7.406381 1 1 1
v 2.683499 17.05662 7.844954 1 1 1
v 2.606979 17.69504 5.730637 1 1 1
v 3.601092 15.57398 4.810951 1 1 1
v 1.412399 16.80593 4.633324 1 1 1
v 0.9567916 19.11572 5.658998 1 1 1
v -1.055066 18.60069 6.529454 1 1 1
v -1.057258 16.1737 5.701852 1 1 1
v -0.7572577 16.07546 3.922236 1 1 1
v -0.8229115 18.42748 4.951009 1 1 1
v 0.5746502 17.98265 6.659655 1 1 1
v 0.9583194 15.52941 6.019685 1 1 1
v -0.5670481 15.32357 6.728016 1 1 1
v -2.763481 16.37975 6.077208 1 1 1
v -2.05666 17.23749 4.164786 1 1 1
v 0.3006104 16.37649 4.380423 1 1 1
v 1.033547 16.85308 5.925666 1 1 1
v -1.32444 17.64226 5.50085 1 1 1
v -2.12351 15.67648 4.876478 1 1 1
v 0.05264735 14.43997 5.159215 1 1 1
v 1.361175 14.93936 5.996542 1 1 1
v 0.8818684 17.10536 6.64088 1 1 1
v 1.705581 18.00093 5.021461 1 1 1
v 2.372325 16.03872 4.008624 1 1 1
v 3.269027 15.12205 5.008147 1 1 1
v 2.528872 17.14512 5.842302 1 1 1
v 0.5960588 16.9175 5.280607 1 1 1
v 0.8964011 14.84264 4.318638 1 1 1
v 0.7033778 17.93541 3.428806 1 1 1
v 2.308427 17.98649 2.213095 1 1 1
v 3.147345 16.61792 2.949553 1 1 1
v 1.733193 16.25542 4.332845 1 1 1
v 1.427001 17.41732 5.085009 1 1 1
v 2.845372 17.60662 3.667572 1 1 1
v 1.923108 16.83692 2.372917 1 1 1
v 0.2948756 16.47247 3.495755 1 1 1
v -0.4221024 16.55743 5.287351 1 1 1
v -0.08464766 18.98868 5.120978 1 1 1
v 0.603776 18.9872 3.076542 1 1 1
v 0.4229727 16.55562 2.777702 1 1 1
v 1.280931 15.69462 4.01087 1 1 1
v 1.36338 18.15102 4.119355 1 1 1
v -0.7593545 18.46371 3.896037 1 1 1
v -1.324833 16.07846 3.736735 1 1 1
v 2.0209 16.7646 2.788729 1 1 1
v 1.561362 18.88846 2.725415 1 1 1
v 1.936602 19.23355 4.562208 1 1 1
v 2.481525 17.18821 5.043485 1 1 1
v 1.387552 16.20067 4.632386 1 1 1
v 0.997943 18.30404 4.245114 1 1 1
v 2.670414 18.67074 3.40722 1 1 1
v 3.440595 16.6508 3.603829 1 1 1
v 0.3773565 12.4954 4.803606 1 1 1
v -0.2645595 15.26361 4.147172 1 1 1
v 1.935196 15.77832 2.94875 1 1 1
v 3.077667 13.12723 3.332482 1 1 1
v 3.051749 12.56973 5.307822 1 1 1
v 1.984044 15.2101 4.679798 1 1 1
v 0.4753087 14.44646 2.761302 1 1 1
v 1.1997 11.63232 2.95277 1 1 1
v 0.2392569 15.31333 1.385008 1 1 1
v -0.6001453 17.69491 2.594464 1 1 1
v -1.531871 16.65133 4.611962 1 1 1
v -0.9044833 14.03228 3.861588 1 1 1
v -1.609915 13.59925 2.073275 1 1 1
v -2.146665 16.16912 3.046415 1 1 1
v 0.1561856 16.67865 3.72813 1 1 1
v 1.21695 14.22473 2.910116 1 1 1
v 0.6509738 12.29603 4.604981 1 1 1
v 0.5225317 14.54276 5.398005 1 1 1
v 1.925024 14.31883 6.934314 1 1 1
v 2.372604 12.02114 6.490878 1 1 1
v 0.9628236 11.10905 6.463719 1 1 1
v 0.7215915 13.43856 6.920215 1 1 1
v 1.900976 14.103 5.324927 1 1 1
v 2.410577 11.92469 4.505424 1 1 1
v 1.598148 9.566829 6.43259 1 1 1
v -0.3006561 9.949887 8.10301 1 1 1
v 0.717907 11.58302 9.254438 1 1 1
v 2.848486 11.57158 7.846025 1 1 1
v 3.565033 9.923611 7.738431 1 1 1
v 1.433266 10.15883 9.132246 1 1 1
v 0.2669172 11.30379 7.596322 1 1 1
v 2.133282 11.32912 5.853005 1 1 1
v 1.075227 11.69274 5.887019 1 1 1
v 1.489039 12.82087 4.222573 1 1 1
v 3.142147 13.31819 4.73267 1 1 1
v 3.104499 12.30322 6.51319 1 1 1
v 1.944239 12.651 7.30085 1 1 1
v 2.146394 13.599 5.49123 1 1 1
v 2.467263 12.11183 4.529118 1 1 1
v 2.338121 10.82542 6.119808 1 1 1
v 0.5283379 11.25597 7.452797 1 1 1
v 0.6938152 13.02243 8.751541 1 1 1
v 2.61455 13.16445 8.663503 1 1 1
v 2.886137 11.43031 7.344726 1 1 1
v 2.203657 10.16491 7.917233 1 1 1
v 2.053278 11.99745 9.122921 1 1 1
v 1.48429 13.14618 7.682847 1 1 1
v 1.505196 11.57504 6.149469 1 1 1
v -2.805781 13.0678 5.532078 1 1 1
v -1.439534 14.94769 5.342061 1 1 1
v 0.1353309 13.98595 4.461703 1 1 1
v -0.8725545 11.88722 4.451395 1 1 1
v -1.397999 11.46027 5.946288 1 1 1
v -0.3347425 13.52725 5.762389 1 1 1
v -1.408324 14.18333 4.15082 1 1 1
v -2.715874 12.26565 3.968005 1 1 1
v -3.041551 12.61314 4.782829 1 1 1
v -1.781222 14.79627 4.851397 1 1 1
v -0.7261727 14.4012 6.754086 1 1 1
v -1.746425 12.12817 7.118477 1 1 1
v -3.518894 12.18679 7.048173 1 1 1
v -2.301674 14.37285 6.733992 1 1 1
v -0.864109 13.62926 5.227363 1 1 1
v -1.754211 11.27401 5.198709 1 1 1
v -2.575917 11.17607 6.583988 1 1 1
v -1.332623 12.04947 8.277428 1 1 1
v -1.614404 13.96212 7.785141 1 1 1
v -2.921817 13.52395 5.979682 1 1 1
v -2.211225 12.50574 4.968543 1 1 1
v -1.036209 13.0824 6.829486 1 1 1
v -2.514196 12.74922 8.127374 1 1 1
v -4.025529 12.09674 6.561765 1 1 1
v -2.583137 11.68914 5.3058 1 1 1
v -3.071605 14.23112 6.031181 1 1 1
v -5.304856 13.87886 6.698089 1 1 1
v -5.324564 11.25672 6.124463 1 1 1
v -4.7725 10.92697 4.345105 1 1 1
v -4.855042 13.49826 5.124904 1 1 1
v -3.667878 13.19004 7.137839 1 1 1
v -3.315196 10.54862 6.816085 1 1 1
v -3.851031 12.00994 6.965402 1 1 1
v -2.870713 13.51901 6.456565 1 1 1
v -2.031571 12.78602 5.253446 1 1 1
v -2.820942 11.11016 5.488513 1 1 1
v -2.723218 10.69761 6.734544 1 1 1
v -1.95801 12.35728 6.338119 1 1 1
v -3.257745 12.96494 5.54416 1 1 1
v -4.318708 11.44354 5.759919 1 1 1
v -3.87899 11.28234 2.580624 1 1 1
v -4.700877 12.07389 4.916224 1 1 1
v -3.468262 13.99037 4.97238 1 1 1
v -2.365894 13.63491 2.649557 1 1 1
v -1.560572 11.99669 2.527878 1 1 1
v -2.704791 12.56805 4.790924 1 1 1
v -4.677141 13.27726 3.895253 1 1 1
v -3.981732 12.86728 1.428397 1 1 1
v -0.6691855 13.9692 4.79279 1 1 1
v -1.999869 16.17158 5.01129 1 1 1
v -4.009456 15.29875 4.439144 1 1 1
v -3.136055 12.89775 4.090451 1 1 1
v -1.731684 12.85559 2.937436 1 1 1
v -2.7775 15.17009 3.404676 1 1 1
v -2.786732 14.98119 5.661192 1 1 1
v -1.743017 12.62371 5.707424 1 1 1
v -7.352263 11.17479 -0.5869614 1 1 1
v -7.373879 11.67963 -2.816576 1 1 1
v -9.08482 12.72374 -2.783895 1 1 1
v -9.452528 12.45649 -0.5468446 1 1 1
v -9.417228 10.90543 -0.1203164 1 1 1
v -9.092605 11.36722 -2.335685 1 1 1
v -7.710326 12.79223 -2.057827 1 1 1
v -7.72041 12.6547 0.2207685 1 1 1
v -9.828831 11.25909 -0.4591407 1 1 1
v -10.39349 13.00205 -1.268241 1 1 1
v -8.846595 13.37436 -2.011729 1 1 1
v -7.92994 11.71612 -1.371809 1 1 1
v -8.048368 11.56196 0.02434733 1 1 1
v -8.896708 13.19086 -0.7746527 1 1 1
v -9.743859 12.3494 -2.062502 1 1 1
v -9.088289 10.52903 -1.556552 1 1 1
v -7.534374 12.37513 -0.8796533 1 1 1
v -7.455216 14.2668 -0.4597179 1 1 1
v -8.261747 14.15598 1.03327 1 1 1
v -8.524429 12.23909 0.9530639 1 1 1
v -9.135413 11.86246 -0.2079182 1 1 1
v -8.820356 13.76081 0.0329844 1 1 1
v -7.187503 13.61852 0.4861135 1 1 1
v -7.131004 11.68779 0.3483207 1 1 1
v -6.946436 11.41136 -0.051367 1 1 1
v -4.662145 12.1671 0.8208943 1 1 1
v -5.434529 13.84434 2.096198 1 1 1
v -7.894576 13.47026 1.514132 1 1 1
v -8.16171 13.45689 -0.2671571 1 1 1
v -5.761405 13.84684 0.5306104 1 1 1
v -5.704883 12.12803 1.972354 1 1 1
v -8.092327 11.34696 1.502656 1 1 1
v -5.169557 11.96862 3.035961 1 1 1
v -6.035931 12.08939 4.701511 1 1 1
v -7.389919 12.84758 4.141942 1 1 1
v -6.831645 12.89933 2.349062 1 1 1
v -5.636181 13.45496 2.225299 1 1 1
v -6.341617 13.3499 3.96615 1 1 1
v -6.766956 11.75793 3.888798 1 1 1
v -6.158307 11.50074 2.130345 1 1 1
v -6.953448 11.66351 3.98548 1 1 1
v -7.45421 13.30869 5.162694 1 1 1
v -7.625628 12.38363 6.729309 1 1 1
v -7.163872 10.52796 5.908577 1 1 1
v -8.0115 10.22176 4.751351 1 1 1
v -8.358904 12.03959 5.709474 1 1 1
v -6.611913 12.57371 5.755569 1 1 1
v -5.866979 10.87743 4.807934 1 1 1
v -9.290831 11.40763 3.74835 1 1 1
v -8.674333 13.92402 3.17632 1 1 1
v -7.045464 14.1616 4.820359 1 1 1
v -7.291311 11.69927 5.76649 1 1 1
v -9.061448 11.30576 6.212342 1 1 1
v -8.584779 13.73938 5.269056 1 1 1
v -7.342073 13.05338 3.425796 1 1 1
v -7.535964 10.46366 3.949647 1 1 1
v -9.414675 10.77949 2.459812 1 1 1
v -11.95583 11.49022 2.892484 1 1 1
v -11.64548 12.19766 5.106202 1 1 1
v -9.033711 11.64791 5.177263 1 1 1
v -8.683827 9.870674 4.666684 1 1 1
v -11.24817 10.62776 4.694237 1 1 1
v -10.93805 12.60992 3.480896 1 1 1
v -8.303138 12.30388 3.177249 1 1 1
v -11.17136 9.549505 2.933832 1 1 1
v -12.97227 11.26399 2.27904 1 1 1
v -11.54657 12.82384 1.493116 1 1 1
v -9.421238 11.46429 1.969071 1 1 1
v -9.350435 10.91693 3.69255 1 1 1
v -11.39295 12.32284 3.012112 1 1 1
v -11.89269 11.14142 1.157946 1 1 1
v -9.96389 9.46667 1.416467 1 1 1
v -11.25579 11.64619 1.795149 1 1 1
v -11.20389 13.45669 3.415306 1 1 1
v -9.141415 13.25883 3.912942 1 1 1
v -8.723989 11.4033 2.406023 1 1 1
v -9.822802 10.1188 2.666763 1 1 1
v -10.06192 12.06574 4.101252 1 1 1
v -10.02101 13.5099 2.534932 1 1 1
v -9.772577 11.89158 0.7440271 1 1 1
v -10.74088 10.97222 1.245685 1 1 1
v -10.77512 12.89557 1.30467 1 1 1
v -10.35822 13.03402 2.93406 1 1 1
v -10.22912 11.14217 3.245844 1 1 1
v -11.35609 10.49459 2.864639 1 1 1
v -11.33874 12.40527 2.634502 1 1 1
v -9.83798 12.48133 1.866505 1 1 1
v -9.513838 10.58796 1.921884 1 1 1
v -10.79785 9.528787 0.4076107 1 1 1
v -12.24688 11.17866 -0.1790122 1 1 1
v -11.58173 12.52354 1.132794 1 1 1
v -9.981341 11.17969 2.017918 1 1 1
v -10.58711 9.781116 2.503683 1 1 1
v -12.05219 11.27097 1.609393 1 1 1
v -10.97301 11.6833 -0.01458835 1 1 1
v -9.262353 10.28727 0.510164 1 1 1
v -10.57541 9.561128 -0.1334821 1 1 1
v -11.97113 10.73573 -1.237264 1 1 1
v -11.39282 12.39258 -0.592466 1 1 1
v -9.865507 11.595 0.65804 1 1 1
v -10.40211 10.54605 1.587373 1 1 1
v -11.80619 11.47016 0.2756396 1 1 1
v -10.79085 11.2658 -1.280864 1 1 1
v -9.155736 10.29519 -0.323314 1 1 1
v -8.912167 12.1331 2.414014 1 1 1
v -8.070818 14.21141 1.889535 1 1 1
v -8.534081 14.14309 -0.07453648 1 1 1
v -9.480845 12.04923 0.00301737 1 1 1
v -8.476541 10.96276 0.6644381 1 1 1
v -7.688705 13.1185 0.4788515 1 1 1
v -9.312809 14.01212 1.279221 1 1 1
v -10.47021 12.05972 1.646931 1 1 1
v -10.51242 11.0885 -0.673767 1 1 1
v -8.091934 11.47895 -1.792932 1 1 1
v -6.954066 11.95296 0.2233724 1 1 1
v -9.115626 11.67037 1.801348 1 1 1
v -10.55831 12.75225 1.212881 1 1 1
v -8.275196 12.90285 -0.2113478 1 1 1
v -7.963439 10.5712 -0.4374633 1 1 1
v -10.17561 9.890036 0.935313 1 1 1
v -10.19702 10.41253 0.6961 1 1 1
v -10.72813 11.47537 -1.395487 1 1 1
v -10.18449 13.42527 -0.8026993 1 1 1
v -9.529678 12.80613 1.423776 1 1 1
v -10.75831 11.95956 2.223836 1 1 1
v -11.23538 12.69125 -0.01747338 1 1 1
v -9.452465 11.96273 -0.8774472 1 1 1
v -8.56969 11.06527 1.168175 1 1 1
v -9.388402 11.00478 1.760233 1 1 1
v -9.844023 12.63311 3.083613 1 1 1
v -11.56393 12.97504 2.398184 1 1 1
v -11.49968 11.42451 0.9188343 1 1 1
v -10.27341 11.53953 0.04316857 1 1 1
v -10.51031 13.0313 1.569224 1 1 1
v -10.86402 11.82861 2.973942 1 1 1
v -10.7076 10.06315 1.767529 1 1 1
v -11.05744 11.20352 1.159272 1 1 1
v -11.30623 13.30833 0.05903504 1 1 1
v -10.36581 12.74204 -1.724101 1 1 1
v -9.903032 10.50837 -1.029619 1 1 1
v -9.079992 10.47213 0.4353411 1 1 1
v -9.612086 12.62884 -0.4410926 1 1 1
v -11.62589 12.21781 -0.841467 1 1 1
v -11.55204 9.967575 -0.05613871 1 1 1
v -4.759296 12.63598 -3.416555 1 1 1
v -5.627982 14.61315 -3.718732 1 1 1
v -3.971296 15.56787 -3.713524 1 1 1
v -2.725629 13.80794 -3.41016 1 1 1
v -3.177593 12.99797 -2.187404 1 1 1
v -4.302382 14.8134 -2.628101 1 1 1
v -4.562303 14.44734 -4.486746 1 1 1
v -3.496659 12.54863 -4.468984 1 1 1
v -1.3313 12.28509 -4.183272 1 1 1
v -2.167088 13.68261 -6.152247 1 1 1
v -4.050189 14.38767 -5.164107 1 1 1
v -3.642903 13.15058 -2.97028 1 1 1
v -3.33633 11.39966 -3.24263 1 1 1
v -3.796953 12.81859 -5.316983 1 1 1
v -2.347317 14.45213 -4.817285 1 1 1
v -1.55683 13.40492 -2.629224 1 1 1
v -2.630209 13.55361 -1.981891 1 1 1
v -3.624301 15.32963 -1.22398 1 1 1
v -2.173077 15.93247 -0.1482165 1 1 1
v -0.8487575 14.29362 -0.6613364 1 1 1
v -1.506824 12.93687 -0.4109151 1 1 1
v -2.686128 14.69545 0.07233226 1 1 1
v -2.382738 15.60339 -1.573975 1 1 1
v -1.134398 14.05141 -2.43184 1 1 1
v 0.9176093 13.27962 -1.732175 1 1 1
v 0.5167946 13.67267 -3.656226 1 1 1
v -1.152379 13.12406 -3.616804 1 1 1
v -1.131386 12.60618 -1.683783 1 1 1
v -0.06816858 11.72622 -1.392032 1 1 1
v -0.242777 12.32465 -3.296893 1 1 1
v -0.3981284 14.03894 -2.942297 1 1 1
v -0.2588707 13.8306 -0.9567481 1 1 1
v -1.392012 14.21382 -0.7635934 1 1 1
v -1.676522 16.46734 -0.7814788 1 1 1
v -3.504725 16.44545 -1.571615 1 1 1
v -3.636223 14.18694 -1.733525 1 1 1
v -2.387419 13.57837 -2.524694 1 1 1
v -2.439332 15.83659 -2.285185 1 1 1
v -2.815881 15.83523 -0.3293396 1 1 1
v -2.849653 13.57671 -0.1237952 1 1 1
v -2.655975 14.90481 -1.714193 1 1 1
v -1.063367 15.47213 -2.663676 1 1 1
v -0.1778235 14.04419 -2.403672 1 1 1
v -1.568926 13.15194 -1.395025 1 1 1
v -2.000164 13.91432 -0.3485016 1 1 1
v -0.5883032 14.66336 -1.446383 1 1 1
v -1.340482 14.36203 -2.941118 1 1 1
v -2.923501 13.54443 -2.183364 1 1 1
v -1.082419 13.25266 0.5728914 1 1 1
v -0.1432154 14.75347 -0.349197 1 1 1
v -1.590162 15.61323 -0.8297892 1 1 1
v -2.858619 14.30806 -0.01705951 1 1 1
v -2.611135 12.99859 -0.4619204 1 1 1
v -1.436369 14.43266 -1.202286 1 1 1
v -1.050621 15.17227 0.3365451 1 1 1
v -2.137609 13.90649 1.427071 1 1 1
v -4.290447 13.14307 2.967461 1 1 1
v -5.067283 15.61791 2.27007 1 1 1
v -6.035909 15.00783 0.2117347 1 1 1
v -5.479485 12.39417 0.440751 1 1 1
v -3.643617 12.09886 0.7815756 1 1 1
v -4.418323 14.65374 0.4865627 1 1 1
v -6.247972 14.53505 1.964899 1 1 1
v -5.889604 11.95317 2.596309 1 1 1
v -5.155645 14.51481 -1.825279 1 1 1
v -5.829451 16.57934 -0.3325242 1 1 1
v -4.37433 16.1164 1.401805 1 1 1
v -3.369411 13.94652 0.3036969 1 1 1
v -4.69773 12.74535 -0.1787893 1 1 1
v -5.487212 14.98225 0.9690994 1 1 1
v -4.23996 16.39852 -0.3643649 1 1 1
v -3.166665 14.4839 -1.815684 1 1 1
v -3.474356 15.04458 -1.420206 1 1 1
v -2.931543 16.55042 0.6828761 1 1 1
v -3.887741 15.13884 2.252546 1 1 1
v -4.648137 13.3118 0.5066433 1 1 1
v -5.663907 14.05282 -0.8641955 1 1 1
v -4.820881 15.70918 1.014876 1 1 1
v -2.612044 15.00832 0.9910702 1 1 1
v -2.952447 13.19248 -0.8934177 1 1 1
v -8.207071 11.48733 -0.9962887 1 1 1
v -10.02003 13.41537 -1.420044 1 1 1
v -8.480906 15.18783 -1.533674 1 1 1
v -6.317724 13.66311 -1.135774 1 1 1
v -6.482431 12.61423 0.4234458 1 1 1
v -8.531431 14.2437 -0.1511111 1 1 1
v -8.737332 13.60496 -2.403447 1 1 1
v -6.735186 11.83014 -2.341411 1 1 1
v -3.771223 14.906 -1.775715 1 1 1
v -5.378325 16.43685 -1.490555 1 1 1
v -6.885311 15.18751 -1.626176 1 1 1
v -5.621123 13.37237 -1.942196 1 1 1
v -4.614754 13.56589 -3.138145 1 1 1
v -5.98285 15.27922 -2.69048 1 1 1
v -5.640641 15.32246 -0.7588314 1 1 1
v -4.194675 13.61897 -0.7669477 1 1 1
v -5.807807 14.06699 -1.184143 1 1 1
v -7.526231 14.80585 0.6434383 1 1 1
v -9.147827 13.28338 0.08591054 1 1 1
v -7.798398 12.19808 -1.868536 1 1 1
v -7.222239 13.45942 -3.0788 1 1 1
v -8.622808 14.33369 -1.050745 1 1 1
v -7.434858 13.22256 0.5655756 1 1 1
v -5.763971 12.09546 -1.094684 1 1 1
v -5.356213 12.18806 -4.592466 1 1 1
v -7.147773 13.75114 -5.362143 1 1 1
v -6.445917 15.48968 -4.227789 1 1 1
v -4.494649 14.32221 -3.199991 1 1 1
v -4.979978 12.84118 -2.384739 1 1 1
v -6.798493 14.1765 -3.459547 1 1 1
v -5.792455 14.43286 -5.389327 1 1 1
v -3.745016 13.15588 -4.75364 1 1 1
v -5.289695 13.59833 -1.820784 1 1 1
v -4.236004 14.88276 -0.8540724 1 1 1
v -3.260176 15.33043 -2.153307 1 1 1
v -4.091817 14.14787 -3.415661 1 1 1
v -4.113956 12.87239 -2.965376 1 1 1
v -3.291264 14.17725 -1.818616 1 1 1
v -4.54308 15.30295 -1.89866 1 1 1
v -5.650625 14.25425 -3.063634 1 1 1
v -3.287967 14.12988 -1.871928 1 1 1
v -4.710178 15.3042 -1.65733 1 1 1
v -5.32656 15.10666 -3.151308 1 1 1
v -4.044607 13.88739 -3.705861 1 1 1
v -2.833911 14.34711 -3.530556 1 1 1
v -4.229795 15.46838 -3.038595 1 1 1
v -5.047316 14.35912 -2.17134 1 1 1
v -3.83746 12.98544 -2.465957 1 1 1
v -3.339093 12.56549 -3.117224 1 1 1
v -2.80434 13.93149 -4.724725 1 1 1
v -2.146426 12.59557 -5.917978 1 1 1
v -2.53147 10.92558 -4.582003 1 1 1
v -1.892123 11.14242 -3.207164 1 1 1
v -1.586209 12.71113 -4.684159 1 1 1
v -3.416133 12.86268 -5.203581 1 1 1
v -4.138446 11.32845 -3.84478 1 1 1
v 2.483918 11.52765 -5.655726 1 1 1
v 4.241665 12.91705 -4.926078 1 1 1
v 5.660481 12.18708 -6.238822 1 1 1
v 4.225587 10.63157 -7.267188 1 1 1
v 3.498338 9.640529 -6.153918 1 1 1
v 4.996606 11.25346 -5.313614 1 1 1
v 4.206381 12.85357 -6.354955 1 1 1
v 2.528296 11.60474 -7.432218 1 1 1
v 2.647722 10.49042 -7.185988 1 1 1
v 2.201552 12.40069 -8.470524 1 1 1
v 4.065058 13.24477 -8.264821 1 1 1
v 4.93527 11.52658 -6.933477 1 1 1
v 3.982568 11.23312 -5.618267 1 1 1
v 3.284616 12.94422 -7.061595 1 1 1
v 3.477294 11.86014 -8.798 1 1 1
v 4.219092 9.902358 -7.749793 1 1 1
v 2.495473 10.953 -5.12922 1 1 1
v 1.477709 12.45131 -5.751011 1 1 1
v 2.727916 13.17544 -6.606802 1 1 1
v 4.030166 11.84192 -6.179745 1 1 1
v 4.120778 11.64297 -4.849765 1 1 1
v 2.869505 12.96861 -5.4366 1 1 1
v 2.133238 12.01561 -6.606846 1 1 1
v 3.216973 10.47312 -6.286301 1 1 1
v 2.886745 10.23636 -4.525727 1 1 1
v 1.575338 11.94911 -4.351972 1 1 1
v 2.871083 13.24753 -4.837945 1 1 1
v 4.477337 11.83024 -5.122284 1 1 1
v 4.670563 10.94626 -3.897047 1 1 1
v 3.113502 12.44448 -3.777122 1 1 1
v 2.303798 12.03008 -5.442562 1 1 1
v 3.676612 10.43757 -5.941459 1 1 1
v 0.6268383 9.701097 -3.981975 1 1 1
v 1.73198 9.454679 -1.121976 1 1 1
v 3.243692 11.68695 -1.202857 1 1 1
v 2.482542 12.44132 -4.08126 1 1 1
v 2.830796 10.80468 -5.454926 1 1 1
v 3.549108 10.30698 -2.505697 1 1 1
v 1.223613 11.21485 -1.484566 1 1 1
v -0.02386701 11.91914 -4.201436 1 1 1
v 2.586499 11.84577 -3.901202 1 1 1
v 2.74904 13.25521 -5.567264 1 1 1
v 4.038284 12.24465 -6.566542 1 1 1
v 4.169111 10.60524 -5.127868 1 1 1
v 4.485263 11.11702 -3.710042 1 1 1
v 4.340885 12.62574 -5.288531 1 1 1
v 2.676012 12.00594 -6.013787 1 1 1
v 2.441547 10.35618 -4.60033 1 1 1
v 3.180089 11.61242 -5.039815 1 1 1
v 3.115597 13.75899 -4.373264 1 1 1
v 2.188 13.42244 -2.666253 1 1 1
v 2.041418 11.19929 -2.944373 1 1 1
v 1.368637 10.82675 -4.327543 1 1 1
v 1.576896 13.01738 -3.865019 1 1 1
v 3.475876 12.94287 -3.339747 1 1 1
v 3.69973 10.73529 -3.682744 1 1 1
v 1.517196 10.01534 -4.607737 1 1 1
v 3.292796 11.66768 -4.387082 1 1 1
v 2.036203 13.38249 -4.589848 1 1 1
v -0.02533484 12.12036 -4.856642 1 1 1
v 0.1004996 10.96141 -6.113322 1 1 1
v 2.060276 12.34916 -5.70703 1 1 1
v 2.110033 12.06126 -3.591527 1 1 1
v 0.1615784 10.608 -3.516434 1 1 1
v -1.018255 11.77055 -2.97932 1 1 1
v -1.719684 13.36759 -6.313129 1 1 1
v 0.8665442 12.05449 -7.885403 1 1 1
v 2.15647 10.15865 -4.909368 1 1 1
v 2.489942 11.74076 -2.812155 1 1 1
v 1.242363 13.36394 -5.96899 1 1 1
v -1.147535 11.17125 -6.573421 1 1 1
v -0.443778 9.04912 -3.554126 1 1 1
v -1.219693 9.840062 -5.183619 1 1 1
v -1.583081 11.59495 -6.755426 1 1 1
v -1.443543 13.16139 -5.378558 1 1 1
v -1.048403 11.76295 -3.493444 1 1 1
v -2.22762 10.57914 -3.342589 1 1 1
v -2.465745 12.09944 -5.163089 1 1 1
v -0.500648 11.93004 -5.854949 1 1 1
v 0.1846354 10.37119 -4.191882 1 1 1
v -1.302144 10.73102 -6.099403 1 1 1
v -1.871466 12.64629 -5.983166 1 1 1
v -2.927124 12.44487 -4.595695 1 1 1
v -2.598017 10.48376 -4.396213 1 1 1
v -2.83761 9.791322 -5.599317 1 1 1
v -3.143798 11.76906 -5.625622 1 1 1
v -1.616436 12.20582 -4.87965 1 1 1
v -0.9626954 10.32746 -4.683599 1 1 1
v -0.1504829 11.50444 -5.269597 1 1 1
v -2.239528 12.14714 -5.527739 1 1 1
v -2.473803 11.38765 -7.286313 1 1 1
v -0.4380674 10.57213 -7.428337 1 1 1
v 0.6330793 11.65903 -7.162489 1 1 1
v -1.46933 12.30527 -7.084748 1 1 1
v -2.080292 10.88338 -5.931807 1 1 1
v -0.1169078 9.913598 -5.747196 1 1 1
v -0.7716877 11.71753 -6.294013 1 1 1
v -0.7729907 13.0186 -7.590961 1 1 1
v -0.2504549 12.07236 -8.785301 1 1 1
v -0.1302483 10.55597 -7.760127 1 1 1
v 0.5853733 10.75135 -6.701139 1 1 1
v 0.3911045 12.18016 -7.839391 1 1 1
v -1.209544 12.07002 -7.983118 1 1 1
v -1.379503 10.61615 -6.877572 1 1 1
v 0.1084993 12.26086 -8.009817 1 1 1
v 1.891768 13.49388 -7.237778 1 1 1
v 2.354885 12.26728 -5.703732 1 1 1
v 0.6769988 10.75515 -6.126698 1 1 1
v -0.7704735 11.47692 -6.213107 1 1 1
v 1.034608 12.83381 -5.769318 1 1 1
v 2.20371 12.13194 -7.256895 1 1 1
v 0.6646585 10.61533 -8.039183 1 1 1
v 1.115156 11.73688 -6.855944 1 1 1
v 0.7172453 13.12157 -8.574812 1 1 1
v 0.3787308 11.71375 -9.905621 1 1 1
v 0.6996121 10.0087 -8.489579 1 1 1
v 2.091719 10.11689 -7.753333 1 1 1
v 1.60827 11.73148 -9.233059 1 1 1
v -0.1957521 12.11154 -8.548455 1 1 1
v -0.1228101 10.58344 -6.912947 1 1 1
v 3.116028 11.91746 -7.196628 1 1 1
v 0.9974153 13.43894 -7.497427 1 1 1
v -0.4706893 11.72812 -7.964689 1 1 1
v 1.313856 9.817349 -7.770216 1 1 1
v 2.778638 10.13964 -8.849768 1 1 1
v 0.8524618 11.92274 -8.915278 1 1 1
v 0.645469 12.14635 -6.633237 1 1 1
v 2.524543 10.41414 -6.048446 1 1 1
v 1.116621 10.70094 -7.733219 1 1 1
v 1.189641 12.2266 -5.918495 1 1 1
v 3.154088 12.83916 -6.221142 1 1 1
v 3.528078 11.45288 -8.104733 1 1 1
v 3.163223 9.857038 -7.777457 1 1 1
v 2.876198 11.40019 -5.999111 1 1 1
v 1.795259 12.80127 -7.092007 1 1 1
v 1.836316 11.57693 -9.119041 1 1 1
v 4.115042 14.28593 -1.651599 1 1 1
v 5.184844 15.99402 -0.5495965 1 1 1
v 7.046112 15.25287 -0.7577037 1 1 1
v 6.399842 13.37614 -1.907061 1 1 1
v 5.257515 12.55341 -1.112147 1 1 1
v 6.049674 14.45671 -0.09905812 1 1 1
v 5.873384 15.64945 -1.712512 1 1 1
v 5.041111 14.01755 -3.092743 1 1 1
v 4.139441 15.22568 -0.7734033 1 1 1
v 2.122506 16.04615 -0.6631287 1 1 1
v 2.083542 16.73452 -2.446209 1 1 1
v 4.09161 16.07069 -2.962224 1 1 1
v 5.129735 16.56302 -1.945126 1 1 1
v 3.061144 17.15686 -1.596375 1 1 1
v 2.308356 15.41267 -1.810528 1 1 1
v 4.205649 14.42194 -2.20801 1 1 1
v 5.065054 15.22363 -3.362678 1 1 1
v 5.052885 17.2709 -4.834689 1 1 1
v 3.836402 18.52792 -3.48234 1 1 1
v 3.571759 16.76668 -1.7026 1 1 1
v 2.930975 15.25219 -2.369932 1 1 1
v 3.245068 17.15849 -3.990329 1 1 1
v 5.30999 17.65476 -3.375035 1 1 1
v 5.465771 15.86139 -1.614627 1 1 1
v 4.566646 13.70869 -0.1977626 1 1 1
v 5.331354 14.67805 1.162274 1 1 1
v 5.154189 16.12019 0.4671841 1 1 1
v 4.349166 15.47899 -1.051021 1 1 1
v 5.054662 14.5507 -1.609532 1 1 1
v 5.745835 15.30558 -0.08422744 1 1 1
v 4.403188 15.17633 0.7960517 1 1 1
v 3.406493 14.39204 -0.5289454 1 1 1
v 5.093906 14.84881 0.03492066 1 1 1
v 4.048539 17.33362 0.2005166 1 1 1
v 3.139876 17.37298 -1.986117 1 1 1
v 3.978477 14.89712 -2.649282 1 1 1
v 5.846661 14.6898 -2.366022 1 1 1
v 4.795978 17.11097 -1.792866 1 1 1
v 2.983971 16.30183 -0.5003856 1 1 1
v 3.62233 13.69654 -0.7794365 1 1 1
v 3.978142 15.16023 -2.539641 1 1 1
v 5.307726 16.68209 -4.343658 1 1 1
v 5.00165 18.74678 -3.209789 1 1 1
v 3.602418 17.69474 -1.147759 1 1 1
v 2.110887 16.67526 -1.756892 1 1 1
v 3.639556 17.84844 -3.660872 1 1 1
v 5.726583 17.09963 -2.808878 1 1 1
v 4.672818 15.75605 -0.7110254 1 1 1
v 2.545543 15.64733 -1.40214 1 1 1
v 3.152103 17.03592 -2.413981 1 1 1
v 4.181102 17.60087 -1.330198 1 1 1
v 3.80869 16.34085 -0.07174221 1 1 1
v 2.552358 16.27774 0.1775782 1 1 1
v 3.080177 17.5134 -1.053051 1 1 1
v 3.992634 16.52157 -1.911128 1 1 1
v 3.672446 15.06022 -0.8757543 1 1 1
v 3.668971 15.01824 0.7732129 1 1 1
v 1.903946 16.64972 1.447247 1 1 1
v 1.523144 17.42729 -0.5631092 1 1 1
v 3.201517 15.97275 -1.694601 1 1 1
v 4.787611 16.11425 -0.9523147 1 1 1
v 2.966659 17.51682 0.02147699 1 1 1
v 1.49501 15.90549 0.1918121 1 1 1
v 2.981088 14.13625 -0.7432202 1 1 1
v 1.731337 17.3184 -2.536884 1 1 1
v 1.566365 18.7586 -4.02687 1 1 1
v 3.351106 18.88435 -4.375519 1 1 1
v 3.922198 17.47276 -2.964869 1 1 1
v 3.387168 17.78646 -1.639737 1 1 1
v 2.927099 19.11648 -3.169715 1 1 1
v 2.379936 17.85547 -4.366853 1 1 1
v 2.715498 16.2385 -3.109284 1 1 1
v 1.863617 15.53018 0.2142336 1 1 1
v 3.040504 16.79148 1.261134 1 1 1
v 3.340964 17.91876 -0.0692063 1 1 1
v 2.232446 16.91397 -1.418826 1 1 1
v 2.624107 15.5518 -1.508988 1 1 1
v 3.654243 16.70578 -0.213196 1 1 1
v 2.238348 17.41489 0.5762565 1 1 1
v 0.8860249 16.42227 -0.5398955 1 1 1
v 1.779145 15.27416 -2.184613 1 1 1
v 2.123773 17.82904 -1.625536 1 1 1
v -0.105725 18.29838 -1.22619 1 1 1
v -0.9576761 15.8503 -1.694395 1 1 1
v -0.3895683 15.23196 -3.350272 1 1 1
v 0.3312744 17.68251 -2.691555 1 1 1
v 1.115831 17.1514 -0.5813875 1 1 1
v 0.5735145 14.58 -0.7599351 1 1 1
v 2.172454 15.65853 -5.196025 1 1 1
v 1.736184 17.75027 -6.20563 1 1 1
v 1.50961 18.80728 -4.437696 1 1 1
v 1.894324 16.95606 -3.025797 1 1 1
v 0.8933988 15.68107 -3.398722 1 1 1
v 0.638133 17.64243 -4.692123 1 1 1
v 2.651772 17.89624 -5.110486 1 1 1
v 3.365242 15.99263 -3.912284 1 1 1
v 0.1037952 11.85618 -3.645894 1 1 1
v -0.00752151 13.59322 -2.409287 1 1 1
v 0.1399735 14.83884 -3.799223 1 1 1
v 0.2848532 13.38524 -5.35211 1 1 1
v 1.378972 12.39137 -5.081212 1 1 1
v 1.10935 13.93713 -3.633162 1 1 1
v -0.7444341 13.73479 -3.466449 1 1 1
v -0.8966409 12.143 -4.876563 1 1 1
v 2.34846 14.11723 -4.36952 1 1 1
v 1.801232 15.75324 -5.809853 1 1 1
v 0.5512352 14.67649 -6.887531 1 1 1
v 0.8140265 12.79547 -5.692423 1 1 1
v 2.338361 12.39312 -5.56469 1 1 1
v 1.880858 14.24467 -6.753382 1 1 1
v 0.6904202 15.06614 -5.414986 1 1 1
v 0.8770382 13.40152 -3.92174 1 1 1
v 1.971874 13.23249 -5.129277 1 1 1
v 2.749729 15.26947 -4.325442 1 1 1
v 1.000642 15.84114 -3.450099 1 1 1
v -0.1752182 13.93424 -4.054749 1 1 1
v -0.08745146 13.65581 -5.66407 1 1 1
v 1.0122 15.5434 -4.87145 1 1 1
v 1.982694 14.60577 -3.344581 1 1 1
v 1.103877 12.50482 -3.789759 1 1 1
v 3.102455 14.2152 -5.049266 1 1 1
v 4.649916 14.94917 -5.801212 1 1 1
v 5.471624 13.53532 -5.927556 1 1 1
v 4.111143 12.47963 -5.204357 1 1 1
v 3.714297 12.93318 -4.03392 1 1 1
v 5.091383 13.87779 -4.876608 1 1 1
v 4.356829 13.99252 -6.338593 1 1 1
v 2.812595 13.07403 -5.82858 1 1 1
v 1.917598 13.57466 -4.974926 1 1 1
v 1.397991 14.94113 -6.995938 1 1 1
v 3.444169 15.00886 -7.765557 1 1 1
v 4.429384 13.6578 -5.919673 1 1 1
v 4.030395 14.32365 -4.345068 1 1 1
v 3.157359 15.55178 -6.332832 1 1 1
v 2.329247 13.79927 -7.346082 1 1 1
v 3.013846 12.17235 -5.588882 1 1 1
v 3.117911 14.24429 -3.897451 1 1 1
v 1.842352 15.75429 -2.813012 1 1 1
v 1.117353 16.62263 -4.434338 1 1 1
v 2.227937 15.31022 -5.88771 1 1 1
v 3.786941 15.29763 -5.592252 1 1 1
v 2.513216 16.58266 -4.247088 1 1 1
v 1.153973 15.20064 -3.858742 1 1 1
v 2.118402 13.60113 -5.11554 1 1 1
v 1.909153 16.50426 -3.063188 1 1 1
v 1.41899 18.85336 -4.334286 1 1 1
v 3.295236 18.74859 -5.796689 1 1 1
v 4.212339 16.37565 -4.858364 1 1 1
v 4.440204 16.40788 -2.96103 1 1 1
v 3.554909 18.69836 -4.120425 1 1 1
v 1.835593 17.68068 -5.415874 1 1 1
v 2.329657 15.15863 -4.551259 1 1 1
v 3.087795 15.00208 -5.043558 1 1 1
v 4.62619 16.89046 -4.601974 1 1 1
v 6.262105 15.68449 -3.839852 1 1 1
v 5.095964 13.52169 -4.108016 1 1 1
v 3.540792 13.52795 -3.322697 1 1 1
v 4.882141 15.60089 -3.145813 1 1 1
v 5.355993 15.75238 -5.258611 1 1 1
v 4.122469 13.71391 -5.916263 1 1 1
v 3.274332 15.32721 -3.511333 1 1 1
v 4.615042 16.42092 -1.899582 1 1 1
v 6.435499 15.75688 -2.637237 1 1 1
v 5.509035 14.51206 -4.416842 1 1 1
v 4.355765 13.43868 -3.880616 1 1 1
v 5.419709 14.76195 -2.234891 1 1 1
v 5.173925 16.57346 -3.213244 1 1 1
v 4.054053 15.66239 -5.081594 1 1 1
v -0.4663449 12.92072 -4.050033 1 1 1
v -0.459759 14.5817 -5.430841 1 1 1
v -2.281418 15.04549 -5.199195 1 1 1
v -2.702524 13.49005 -3.765675 1 1 1
v -2.301492 12.12051 -4.289686 1 1 1
v -1.970989 13.79774 -5.609978 1 1 1
v -1.103941 14.89427 -4.332071 1 1 1
v -1.237146 13.46656 -2.720991 1 1 1
v -3.020576 16.46487 -2.325317 1 1 1
v -3.664623 17.98199 -0.7690395 1 1 1
v -3.994709 16.66812 0.6854807 1 1 1
v -3.425773 14.85203 -0.5398206 1 1 1
v -4.241011 14.78695 -1.909666 1 1 1
v -4.698516 16.53132 -0.5362481 1 1 1
v -2.807398 17.05546 -0.2203664 1 1 1
v -1.919568 15.43036 -1.521905 1 1 1
v -3.560196 16.46886 -2.072242 1 1 1
v -1.372607 16.93422 -2.750719 1 1 1
v -0.4528122 16.05913 -1.141948 1 1 1
v -2.431102 15.39465 -0.09739518 1 1 1
v -3.467382 16.65687 0.09939792 1 1 1
v -1.413971 17.13404 -0.9096798 1 1 1
v -1.476879 15.60295 -2.270479 1 1 1
v -3.544605 14.77739 -1.571051 1 1 1
v -2.460942 15.79884 -2.17211 1 1 1
v -2.722793 16.51911 -3.841419 1 1 1
v -3.743107 15.386 -4.360239 1 1 1
v -3.71343 14.40789 -2.808988 1 1 1
v -2.506143 14.10856 -2.456657 1 1 1
v -2.696296 15.07317 -4.008203 1 1 1
v -3.690691 16.18454 -3.399763 1 1 1
v -3.726814 15.47281 -1.709766 1 1 1
v -5.668285 14.34306 -0.2339716 1 1 1
v -5.966799 16.1741 0.2496347 1 1 1
v -4.356591 16.64886 0.1603388 1 1 1
v -3.691674 14.92586 -0.343587 1 1 1
v -4.088756 13.96704 0.5188173 1 1 1
v -4.658966 15.75711 0.9011435 1 1 1
v -5.224876 16.09991 -0.644295 1 1 1
v -4.783439 14.38785 -1.378286 1 1 1
v -3.040745 15.9572 -0.8319378 1 1 1
v -2.702703 18.22923 -0.6461743 1 1 1
v -3.531762 18.42243 1.186515 1 1 1
v -4.058456 16.19437 1.417781 1 1 1
v -4.925169 15.65034 0.1593726 1 1 1
v -4.324218 17.87472 0.115979 1 1 1
v -2.372427 17.58025 0.5486625 1 1 1
v -2.529247 15.28887 0.6905136 1 1 1
v -1.860686 17.9117 0.1295702 1 1 1
v -0.351985 18.3996 -1.792081 1 1 1
v -0.09448981 16.32331 -2.420663 1 1 1
v -1.544598 15.36295 -0.6420457 1 1 1
v -1.049157 15.8941 0.9538972 1 1 1
v 0.2983204 16.72671 -0.9691325 1 1 1
v -1.399248 17.37912 -2.179515 1 1 1
v -3.133008 16.69498 -0.5319085 1 1 1
v -5.298926 13.90966 0.7325963 1 1 1
v -6.395037 15.98014 0.1830766 1 1 1
v -5.291469 17.18222 1.520689 1 1 1
v -3.94424 15.38527 2.374583 1 1 1
v -4.896504 14.10142 2.934188 1 1 1
v -6.068014 16.01362 2.061629 1 1 1
v -4.949596 16.17012 0.279295 1 1 1
v -3.523589 14.29353 0.7462819 1 1 1
v -4.210916 15.81122 2.814063 1 1 1
v -2.638302 16.84928 1.912198 1 1 1
v -2.302257 15.60469 0.6108598 1 1 1
v -3.798403 14.28343 1.216605 1 1 1
v -3.677641 13.94339 2.641915 1 1 1
v -2.239262 15.24318 1.863695 1 1 1
v -3.421434 16.37154 1.036242 1 1 1
v -5.128818 15.32851 1.626174 1 1 1
v -5.669393 14.40613 0.2358361 1 1 1
v -4.091061 15.35671 -0.6323884 1 1 1
v -2.834642 14.63349 0.4107246 1 1 1
v -4.127076 13.51834 1.51631 1 1 1
v -5.177841 14.32065 2.070537 1 1 1
v -3.781009 15.29165 0.9504632 1 1 1
v -3.828654 14.16456 -0.4341404 1 1 1
v -5.236327 12.93709 0.3708663 1 1 1
v -4.306287 16.60372 1.759555 1 1 1
v -5.960818 16.52754 0.08161872 1 1 1
v -5.308281 14.77185 -0.7934585 1 1 1
v -3.505266 14.44853 0.6853531 1 1 1
v -2.525369 15.78571 0.7580093 1 1 1
v -4.377666 15.9099 -0.6953691 1 1 1
v -5.776089 15.23557 0.6698002 1 1 1
v -4.242004 14.95793 2.433824 1 1 1
v -4.354245 15.89181 2.216914 1 1 1
v -4.088967 17.9945 2.899243 1 1 1
v -2.346872 18.26814 2.061537 1 1 1
v -2.215736 16.22771 1.188588 1 1 1
v -2.425802 15.11889 2.275772 1 1 1
v -2.499986 17.231 2.976314 1 1 1
v -3.73312 17.86425 1.60158 1 1 1
v -3.939536 15.89624 0.5882167 1 1 1
v -4.935881 14.37344 0.02300672 1 1 1
v -3.685442 15.23462 -1.576779 1 1 1
v -2.659257 16.40593 -0.4299426 1 1 1
v -3.676186 15.81128 1.430806 1 1 1
v -5.217375 15.95385 1.312206 1 1 1
v -4.031676 16.53048 -0.4558886 1 1 1
v -2.941902 14.93352 -0.5044751 1 1 1
v -3.879622 13.99351 1.252563 1 1 1
v -2.107332 14.59116 2.805783 1 1 1
v -2.574158 16.75468 1.500739 1 1 1
v -4.764874 16.87739 2.012355 1 1 1
v -4.796547 14.7418 3.433818 1 1 1
v -4.126744 13.32714 2.528084 1 1 1
v -4.211221 15.56578 1.269832 1 1 1
v -3.260895 16.79559 2.900935 1 1 1
v -2.960172 14.83679 4.530346 1 1 1
v -2.789084 16.80166 0.9764687 1 1 1
v -3.447006 18.58204 2.857789 1 1 1
v -1.461715 18.3925 4.088239 1 1 1
v -0.3520404 16.56899 2.486909 1 1 1
v -1.482945 15.0876 2.233266 1 1 1
v -2.389221 17.02741 3.832577 1 1 1
v -1.913453 18.79849 2.373738 1 1 1
v -0.898915 17.2617 0.4424686 1 1 1
v -1.573856 13.73335 5.049629 1 1 1
v -1.289974 15.96381 5.284361 1 1 1
v -2.68951 16.49408 3.984522 1 1 1
v -3.291858 14.38428 3.454011 1 1 1
v -2.039926 13.51184 3.003376 1 1 1
v -1.629888 15.66664 3.550507 1 1 1
v -2.62455 15.64348 5.265028 1 1 1
v -3.260924 13.48342 5.108037 1 1 1
v -2.107351 13.9168 5.18398 1 1 1
v -4.385428 14.3716 4.461189 1 1 1
v -3.856953 15.34056 2.63561 1 1 1
v -1.458622 15.10625 2.94299 1 1 1
v -0.9512244 15.73039 4.454589 1 1 1
v -3.324585 15.89718 3.946423 1 1 1
v -3.570994 13.86786 3.336472 1 1 1
v -1.253705 13.23929 3.705843 1 1 1
v 1.128806 16.81469 2.859971 1 1 1
v 0.9187946 17.21254 1.029711 1 1 1
v 0.2233889 15.77212 0.6139771 1 1 1
v 0.2751607 15.04649 2.349638 1 1 1
v 1.496932 15.09425 2.864032 1 1 1
v 1.288767 15.76794 1.116161 1 1 1
v -0.02399415 16.71585 1.446856 1 1 1
v -0.1145483 16.25786 3.269976 1 1 1
v 1.19183 15.17153 1.466378 1 1 1
v 2.706144 15.73018 0.1887712 1 1 1
v 3.816263 16.35666 1.466775 1 1 1
v 2.554557 15.94057 3.035192 1 1 1
v 1.242153 16.5204 2.834076 1 1 1
v 2.638461 16.86303 1.360834 1 1 1
v 3.167534 15.14551 1.1925 1 1 1
v 1.891618 14.41205 2.627437 1 1 1
v 0.5850815 15.67046 1.803199 1 1 1
v 0.1105157 17.5173 2.810846 1 1 1
v 1.896446 18.10982 2.999827 1 1 1
v 2.777402 16.39781 2.035183 1 1 1
v 2.311718 15.09805 2.665918 1 1 1
v 1.5435 16.92039 3.526301 1 1 1
v 1.02125 17.71249 1.890397 1 1 1
v 1.67063 16.07038 0.6577633 1 1 1
v 0.5831036 17.96353 1.243553 1 1 1
v -1.569763 18.9629 -0.04333388 1 1 1
v -2.441085 16.87469 -0.7397467 1 1 1
v -0.4864892 15.40013 0.3886713 1 1 1
v 1.236848 15.97842 -0.1650665 1 1 1
v -0.8756148 17.30268 -1.201168 1 1 1
v -1.986788 17.65915 0.8587087 1 1 1
v -0.1271737 16.41601 2.363535 1 1 1
v 0.7937765 17.17899 0.03821868 1 1 1
v 1.34691 18.84191 1.56593 1 1 1
v 2.13581 17.59372 2.971482 1 1 1
v 1.762191 15.64677 1.763604 1 1 1
v 0.1989371 15.51523 1.298436 1 1 1
v 0.7611087 17.39525 2.545279 1 1 1
v 2.397624 17.9073 1.442765 1 1 1
v 2.207842 16.1438 -0.05495442 1 1 1
v 1.803403 17.03997 1.295298 1 1 1
v 2.936329 18.26563 -0.7231724 1 1 1
v 1.439121 17.55629 -2.313677 1 1 1
v -0.03449497 16.16921 -0.6571264 1 1 1
v 0.9746807 14.96367 0.3053346 1 1 1
v 2.255435 16.43979 -1.438429 1 1 1
v 1.35692 18.44508 -0.7706022 1 1 1
v -0.1282919 17.42526 1.125125 1 1 1
v -0.4027059 16.41499 -0.8742535 1 1 1
v -0.9567934 19.06451 -1.042626 1 1 1
v 0.1483119 19.68441 0.9697822 1 1 1
v 0.9538665 17.17596 1.596079 1 1 1
v -0.5087899 15.94965 1.612036 1 1 1
v -1.0947 18.53421 1.035779 1 1 1
v 0.6100472 18.82415 -0.596734 1 1 1
v 1.583874 16.30557 -0.3919562 1 1 1
v 3.736925 12.55601 4.587669 1 1 1
v 4.289415 14.57265 2.871472 1 1 1
v 2.682006 13.96322 1.237137 1 1 1
v 1.763748 11.80789 2.581439 1 1 1
v 3.176049 10.62454 3.060806 1 1 1
v 3.86917 12.8429 1.676654 1 1 1
v 2.666915 14.37408 3.031757 1 1 1
v 1.70022 12.50414 4.724263 1 1 1
v 0.00552386 14.61974 -1.552371 1 1 1
v -2.405837 15.58053 -1.566387 1 1 1
v -1.807791 17.73436 -1.995391 1 1 1
v 0.7396547 17.26368 -2.078996 1 1 1
v 1.316772 16.40634 -0.5724865 1 1 1
v -1.20817 16.99889 -0.6797642 1 1 1
v -1.566446 16.16317 -2.766364 1 1 1
v 0.8769701 15.38046 -3.133893 1 1 1
v 0.7779576 16.03659 0.2584363 1 1 1
v -0.2570149 16.81666 2.56497 1 1 1
v -2.163793 17.78592 1.666797 1 1 1
v -1.562708 17.2264 -0.8441164 1 1 1
v 0.1346734 17.84284 -1.298254 1 1 1
v -0.6813248 18.32522 1.17181 1 1 1
v -1.385812 16.16241 1.627799 1 1 1
v -0.7301211 15.18788 -0.7385033 1 1 1
v -4.873819 12.36742 -1.84689 1 1 1
v -4.75357 14.23403 -2.235523 1 1 1
v -5.361095 14.76275 -0.7666628 1 1 1
v -5.619587 13.01646 -0.04379008 1 1 1
v -6.355694 12.24446 -0.8623574 1 1 1
v -6.026493 14.03542 -1.44011 1 1 1
v -4.374784 14.01318 -1.161633 1 1 1
v -4.328137 12.21716 -0.5205128 1 1 1
v -6.706988 11.97074 0.01615901 1 1 1
v -5.717874 12.888 1.948379 1 1 1
v -4.217161 13.91211 0.9641083 1 1 1
v -4.864789 13.22788 -1.192083 1 1 1
v -4.988284 11.57742 -1.299296 1 1 1
v -4.323176 12.45433 0.7844124 1 1 1
v -5.819829 13.87297 0.9155914 1 1 1
v -6.825499 13.31888 -1.138268 1 1 1
v -3.338083 12.56425 1.84305 1 1 1
v -3.11121 15.13047 1.339492 1 1 1
v -1.530402 15.56035 2.956347 1 1 1
v -1.397561 13.09195 3.827821 1 1 1
v -3.06579 12.43592 4.274882 1 1 1
v -2.968559 14.91005 3.403258 1 1 1
v -1.676896 14.46817 1.550066 1 1 1
v -1.480209 11.8935 1.999995 1 1 1
v -3.667583 12.34679 4.648403 1 1 1
v -4.169351 14.13808 4.582618 1 1 1
v -3.679944 14.4006 3.04782 1 1 1
v -3.066812 12.66904 2.764361 1 1 1
v -2.218189 12.29877 3.691209 1 1 1
v -2.90594 14.02291 3.829718 1 1 1
v -4.471031 13.60321 3.633809 1 1 1
v -4.139418 11.78358 3.450721 1 1 1
v -3.255625 12.45274 4.405403 1 1 1
v -5.201431 13.34103 4.786854 1 1 1
v -5.428181 14.08978 3.049727 1 1 1
v -3.533972 13.37187 2.272991 1 1 1
v -2.363979 13.78749 3.165619 1 1 1
v -4.341237 14.44384 3.78235 1 1 1
v -5.183529 12.74362 3.6108 1 1 1
v -3.397936 11.70038 2.955032 1 1 1
v -5.535824 12.11079 3.411924 1 1 1
v -6.213843 12.57339 5.037694 1 1 1
v -5.062403 13.61416 5.413501 1 1 1
v -4.122372 13.38839 3.873247 1 1 1
v -3.854362 12.15332 3.659276 1 1 1
v -4.778078 12.53688 5.18127 1 1 1
v -5.872723 13.46941 4.486731 1 1 1
v -5.198094 13.29805 2.806695 1 1 1
v -4.487802 12.01585 5.042989 1 1 1
v -4.228905 14.09748 5.039987 1 1 1
v -5.276733 14.42434 3.564028 1 1 1
v -5.774064 12.41709 3.231175 1 1 1
v -4.571399 11.56575 3.139099 1 1 1
v -4.251508 13.61559 3.449031 1 1 1
v -5.448766 13.7948 4.833839 1 1 1
v -6.041094 11.78574 4.83902 1 1 1
v -5.052117 12.96536 4.87187 1 1 1
v -6.817971 12.87517 3.25651 1 1 1
v -6.044737 11.25425 2.168013 1 1 1
v -4.102934 10.97559 3.535685 1 1 1
v -3.23757 12.41405 3.687959 1 1 1
v -5.208464 12.48495 2.329171 1 1 1
v -6.471505 11.53944 3.715119 1 1 1
v -4.788016 11.2534 5.389279 1 1 1
v -6.131959 11.10367 3.531775 1 1 1
v -5.335086 12.77373 4.699021 1 1 1
v -6.370461 12.43366 6.277828 1 1 1
v -7.402934 10.68622 5.46984 1 1 1
v -8.083546 10.99983 4.124686 1 1 1
v -7.018873 12.64749 5.093303 1 1 1
v -5.4031 11.67295 5.439476 1 1 1
v -6.100104 9.803535 4.54963 1 1 1
v -6.999303 11.39534 4.271183 1 1 1
v -5.794798 13.08549 4.790057 1 1 1
v -5.912204 13.93573 3.122059 1 1 1
v -7.143424 12.43905 2.223632 1 1 1
v -6.536946 11.06732 2.356303 1 1 1
v -5.420529 12.69404 3.183386 1 1 1
v -6.8491 13.45806 4.129099 1 1 1
v -8.29059 12.00519 3.517214 1 1 1
v -6.856546 13.03466 2.585977 1 1 1
v -8.681331 13.3417 2.848123 1 1 1
v -8.982825 11.94057 3.64278 1 1 1
v -7.226647 11.3147 3.561459 1 1 1
v -6.769027 11.31141 2.328273 1 1 1
v -8.528118 11.89534 2.567965 1 1 1
v -8.202974 12.93418 3.79298 1 1 1
v -6.369897 12.58664 3.832041 1 1 1
v -9.300303 9.554512 3.372866 1 1 1
v -9.374983 12.00648 3.616613 1 1 1
v -7.309645 12.24345 4.208901 1 1 1
v -6.764996 9.845401 4.099929 1 1 1
v -7.865376 8.895112 5.046728 1 1 1
v -8.227362 11.33357 5.047463 1 1 1
v -8.12956 11.58297 2.902513 1 1 1
v -7.745318 9.20126 2.413693 1 1 1
v -7.984739 10.15464 5.202616 1 1 1
v -10.11658 10.5146 4.589653 1 1 1
v -9.763927 10.62589 2.65416 1 1 1
v -7.551833 10.29126 2.826701 1 1 1
v -6.884809 11.30772 3.838357 1 1 1
v -9.099959 11.51084 3.519135 1 1 1
v -9.524704 9.60248 3.765357 1 1 1
v -7.406205 8.965104 4.140607 1 1 1
v -9.026598 9.542274 3.519683 1 1 1
v -9.294703 10.43051 5.257304 1 1 1
v -8.143997 11.69259 4.999576 1 1 1
v -7.614048 11.09154 3.203309 1 1 1
v -7.2285 9.759847 3.202343 1 1 1
v -7.769596 10.52164 4.936431 1 1 1
v -9.2386 11.23567 4.374675 1 1 1
v -9.031775 10.63636 2.51276 1 1 1
v -9.094094 9.932467 1.094855 1 1 1
v -9.01569 12.16963 1.734322 1 1 1
v -8.341987 11.83145 3.631437 1 1 1
v -8.26709 9.517333 3.42366 1 1 1
v -9.700571 8.909206 2.913671 1 1 1
v -9.589813 11.2162 3.205969 1 1 1
v -7.855428 11.48581 2.163614 1 1 1
v -7.571526 9.240162 1.634127 1 1 1
v -7.433077 12.16888 0.9643592 1 1 1
v -8.733892 13.46879 0.9683055 1 1 1
v -8.65588 13.78658 2.547291 1 1 1
v -7.337314 12.55898 2.902643 1 1 1
v -7.653962 11.37988 2.472899 1 1 1
v -8.890417 12.71467 2.205659 1 1 1
v -7.857377 13.78516 1.583442 1 1 1
v -6.385854 12.69396 1.709097 1 1 1
v -9.2337 10.39744 2.070141 1 1 1
v -10.97519 12.15281 1.41133 1 1 1
v -9.526874 13.84944 1.169338 1 1 1
v -7.455823 12.48014 1.773082 1 1 1
v -7.650962 11.64219 3.355291 1 1 1
v -9.60858 13.0947 2.576776 1 1 1
v -9.721094 12.25347 0.4996623 1 1 1
v -7.789079 10.60954 0.8055288 1 1 1
v -9.541538 11.18279 1.800781 1 1 1
v -10.77385 12.53295 -0.1539489 1 1 1
v -9.132446 12.16174 -1.789517 1 1 1
v -7.526631 10.72711 -0.2069607 1 1 1
v -7.12134 11.64452 1.387418 1 1 1
v -8.698077 12.91631 -0.3615589 1 1 1
v -10.17722 11.12864 -0.7129148 1 1 1
v -8.93706 9.450056 0.9561105 1 1 1
v -7.567167 10.30716 0.9303706 1 1 1
v -5.695711 11.54257 1.310324 1 1 1
v -6.591748 12.96244 2.386655 1 1 1
v -8.667098 12.05011 2.251621 1 1 1
v -9.092246 11.77113 0.7337765 1 1 1
v -7.047082 12.70981 1.064151 1 1 1
v -6.445063 11.42335 2.464148 1 1 1
v -8.353237 10.19194 2.452344 1 1 1
v -8.646259 11.9283 0.2878782 1 1 1
v -7.158413 12.80766 1.140841 1 1 1
v -6.33391 11.39558 1.567709 1 1 1
v -7.634139 10.1949 0.811881 1 1 1
v -8.881327 10.4472 1.281821 1 1 1
v -7.460092 11.55635 1.963264 1 1 1
v -6.786555 11.93194 0.4595079 1 1 1
v -8.054526 10.90825 -0.5641158 1 1 1
v -7.78263 11.40714 -0.5297517 1 1 1
v -8.118627 13.45734 -1.894094 1 1 1
v -7.565572 14.87153 -0.3307514 1 1 1
v -7.103726 13.14313 1.389331 1 1 1
v -8.459158 12.05612 1.592592 1 1 1
v -8.734098 13.88163 -0.07160604 1 1 1
v -6.840161 13.54962 -1.097579 1 1 1
v -6.134254 11.64856 0.3331587 1 1 1
v 3.229691 10.49512 3.936993 1 1 1
v 1.941629 11.79932 4.080729 1 1 1
v 2.145973 12.07107 5.656722 1 1 1
v 3.480533 10.82871 5.871603 1 1 1
v 3.123646 9.663967 5.434962 1 1 1
v 1.87855 11.01059 5.30442 1 1 1
v 2.865761 12.09427 4.633281 1 1 1
v 4.335497 10.99423 4.611103 1 1 1
v 3.995607 12.0828 5.503379 1 1 1
v 3.241885 12.45612 7.985743 1 1 1
v 4.341491 10.6342 8.853709 1 1 1
v 5.345428 9.846302 6.568852 1 1 1
v 4.037666 9.646411 5.283295 1 1 1
v 3.241066 10.40418 7.662538 1 1 1
v 4.787828 12.08493 7.916474 1 1 1
v 5.936396 11.70962 5.595016 1 1 1
v 4.91563 9.299078 6.557935 1 1 1
v 4.895212 11.82351 6.835071 1 1 1
v 2.777888 12.11518 6.209662 1 1 1
v 2.316507 9.657118 5.790214 1 1 1
v 3.517684 8.940984 4.676958 1 1 1
v 3.786147 11.41018 5.207035 1 1 1
v 3.610393 11.20035 7.417092 1 1 1
v 3.301937 8.68341 7.389915 1 1 1
v 4.209749 9.018954 7.58833 1 1 1
v 2.424563 10.01167 5.931867 1 1 1
v 3.120987 8.82789 4.079463 1 1 1
v 5.064644 7.565802 5.314409 1 1 1
v 6.201524 8.742256 6.180101 1 1 1
v 4.194932 9.803126 4.851805 1 1 1
v 2.562932 8.433279 5.73376 1 1 1
v 4.198162 7.060699 7.262745 1 1 1
v 5.837553 7.663445 7.115932 1 1 1
v 7.704376 8.767515 7.262866 1 1 1
v 7.029014 10.40534 6.559438 1 1 1
v 5.008512 9.67396 6.252438 1 1 1
v 4.99297 8.390358 5.420004 1 1 1
v 6.939208 9.278369 5.806232 1 1 1
v 6.692334 9.503365 7.682887 1 1 1
v 4.689919 8.666551 7.723693 1 1 1
v 4.438649 9.792823 5.797829 1 1 1
v 6.189689 10.92879 6.753001 1 1 1
v 6.581834 9.562247 8.17776 1 1 1
v 4.920028 8.115322 7.546793 1 1 1
v 3.484615 8.852688 7.470347 1 1 1
v 5.27157 10.1424 8.112474 1 1 1
v 6.494811 9.575614 6.617956 1 1 1
v 4.986205 8.156923 5.63575 1 1 1
v 6.763975 7.816305 4.622383 1 1 1
v 6.652412 9.524332 3.416002 1 1 1
v 6.949994 10.73637 4.762877 1 1 1
v 7.129272 9.304138 6.27574 1 1 1
v 5.96621 8.3995 6.309006 1 1 1
v 5.937489 9.913299 4.862376 1 1 1
v 7.631342 9.606841 4.223161 1 1 1
v 8.045502 8.023309 5.524337 1 1 1
v 7.349436 11.13251 5.313605 1 1 1
v 5.572762 12.22606 6.169617 1 1 1
v 4.558117 10.60966 6.686943 1 1 1
v 6.103908 9.148306 5.948649 1 1 1
v 6.493027 9.422235 4.434554 1 1 1
v 4.934534 10.77779 5.339383 1 1 1
v 5.945649 11.19297 6.987153 1 1 1
v 7.734221 9.931886 6.457274 1 1 1
v 6.385691 9.127198 4.444663 1 1 1
v 6.291454 11.08883 3.859757 1 1 1
v 7.760078 11.62467 4.745503 1 1 1
v 8.188501 9.78497 5.53196 1 1 1
v 7.057243 9.229117 6.232863 1 1 1
v 6.802045 11.08454 5.401431 1 1 1
v 7.457603 10.66204 3.782708 1 1 1
v 7.861974 8.71048 4.245799 1 1 1
v 6.200201 10.19214 6.281555 1 1 1
v 8.220674 10.72729 7.532903 1 1 1
v 9.259082 11.64721 5.908581 1 1 1
v 7.474897 11.32139 4.287617 1 1 1
v 6.983369 9.680699 4.208761 1 1 1
v 8.785232 10.208 5.761114 1 1 1
v 7.81164 11.86908 6.686258 1 1 1
v 5.788237 11.71976 5.344421 1 1 1
v 6.264255 12.24543 3.801243 1 1 1
v 6.463221 14.07971 5.463669 1 1 1
v 6.583392 12.79368 7.216949 1 1 1
v 6.41177 10.66677 5.953484 1 1 1
v 5.007327 10.64591 4.913131 1 1 1
v 5.344407 12.68614 6.288497 1 1 1
v 7.440159 12.97291 5.770932 1 1 1
v 7.57997 10.99794 4.277795 1 1 1
v 6.405663 10.75702 2.884235 1 1 1
v 6.787713 11.89292 0.6584383 1 1 1
v 7.679977 10.13517 -0.3552801 1 1 1
v 7.500963 8.599302 1.639844 1 1 1
v 8.258143 9.309052 3.08498 1 1 1
v 8.354204 10.682 0.9645656 1 1 1
v 6.2051 10.48716 0.4577946 1 1 1
v 5.620009 9.06987 2.462893 1 1 1
v 5.104582 11.33115 3.298286 1 1 1
v 4.901619 14.01122 3.32676 1 1 1
v 6.671648 14.38257 4.838079 1 1 1
v 7.277381 11.787 5.153508 1 1 1
v 5.761521 10.77211 5.654473 1 1 1
v 5.385819 13.41158 5.312716 1 1 1
v 6.464026 13.55156 3.221576 1 1 1
v 7.085075 10.94393 3.087494 1 1 1
v 5.690681 11.90423 5.97497 1 1 1
v 4.273002 14.0928 6.409638 1 1 1
v 2.535651 13.55282 4.97318 1 1 1
v 3.557995 11.24137 4.211645 1 1 1
v 5.299032 11.43385 3.584311 1 1 1
v 4.07284 13.63868 4.374108 1 1 1
v 3.327222 12.79595 6.400742 1 1 1
v 4.383748 10.39936 6.072107 1 1 1
v 3.457407 11.25188 3.084315 1 1 1
v 1.185657 11.62214 3.965806 1 1 1
v 0.4784798 9.606411 3.637713 1 1 1
v 2.589312 8.777464 2.681565 1 1 1
v 3.125114 9.765224 1.360018 1 1 1
v 1.007073 10.41663 2.439153 1 1 1
v 1.744387 10.32815 4.468797 1 1 1
v 4.030204 9.656613 3.851509 1 1 1
v 2.62402 10.22741 -1.690106 1 1 1
v 3.829854 12.56031 -0.08848193 1 1 1
v 2.993799 14.51399 -1.749506 1 1 1
v 1.59772 12.62565 -3.729096 1 1 1
v 2.929783 11.06498 -4.419558 1 1 1
v 4.107028 13.11077 -2.44713 1 1 1
v 2.097822 12.97191 -0.653065 1 1 1
v 0.4633796 10.89452 -2.217252 1 1 1
v 1.213029 14.09276 3.728691 1 1 1
v 2.252234 16.58301 3.538528 1 1 1
v 4.450541 15.99277 4.205828 1 1 1
v 3.911563 13.36821 4.547835 1 1 1
v 2.426465 13.10128 5.708844 1 1 1
v 3.161392 15.66361 5.248606 1 1 1
v 3.274881 15.47525 2.886853 1 1 1
v 2.565779 12.87006 2.809672 1 1 1
v 2.537865 8.048669 3.053238 1 1 1
v 3.880991 9.956306 4.346193 1 1 1
v 4.97342 10.81336 2.464048 1 1 1
v 3.878876 9.100747 0.7428108 1 1 1
v 4.129773 7.320298 1.282599 1 1 1
v 5.175797 9.205278 2.853417 1 1 1
v 3.252514 10.53121 2.968726 1 1 1
v 1.768847 8.94795 1.424146 1 1 1
v -4.621295 11.48541 -2.608081 1 1 1
v -5.679588 13.2191 -3.389297 1 1 1
v -4.530379 13.50292 -4.886009 1 1 1
v -3.210582 11.83382 -4.445371 1 1 1
v -2.67414 11.90033 -3.012272 1 1 1
v -3.997669 13.51177 -3.634749 1 1 1
v -5.356828 12.38934 -4.36565 1 1 1
v -4.342575 10.52248 -3.90949 1 1 1
vn -0.006805509 0.2805583 0.9598129
vn -0.8050084 0.3547665 0.4755022
vn -0.7839813 0.3712327 0.4975536
vn 0.0008415804 0.2465647 0.969126
vn 0.8083155 0.3337252 0.4850295
vn -0.7156224 0.519695 0.4666924
vn 0.8315651 0.1831557 0.5243601
vn 0.7851001 0.453133 -0.422242
vn 0.07271221 0.3016295 0.9506485
vn -0.7271978 0.5165551 0.4520555
vn 0.8485751 0.2857042 -0.4453016
vn 0.01266061 0.5083964 -0.8610301
vn 0.8562912 -0.06185925 0.5127757
vn 0.1559833 0.3170815 0.935483
vn -0.7999426 0.2940611 0.5230869
vn 0.008085978 0.3901743 -0.9207055
vn -0.774263 0.4624409 -0.4320477
vn 0.8571782 -0.1790107 -0.4829087
vn 0.9018562 -0.08031598 0.4245052
vn 0.1105294 0.2699197 0.9565179
vn -0.7875261 -0.1988794 0.5833092
vn -0.7993396 0.4205579 -0.4291703
vn -0.8050084 0.3547665 0.4755022
vn -0.7839813 0.3712327 0.4975536
vn -0.02325972 0.04459354 -0.9987344
vn -0.7932298 0.3830533 -0.4733464
vn -0.7156224 0.519695 0.4666924
vn 0.81006 -0.3008862 -0.5032598
vn 0.9035897 0.1890517 0.3844281
vn 0.1256003 0.1646264 0.9783264
vn -0.642575 -0.6052013 0.4699243
vn -0.004251315 -0.1534801 -0.9881426
vn -0.7955037 0.2617002 -0.5465226
vn -0.7271978 0.5165551 0.4520555
vn 0.8307331 0.08339901 -0.5503881
vn 0.7387989 0.5444275 0.3972088
vn 0.1500177 -0.2571719 0.9546504
vn -0.6691244 -0.3069146 0.6768131
vn -0.004471622 0.006571914 -0.9999684
vn -0.8645175 0.1210474 -0.4878083
vn -0.7999426 0.2940611 0.5230869
vn 0.6239228 0.5873709 -0.5154763
vn 0.7419884 0.5107473 0.4342701
vn 0.205812 -0.1853046 0.960887
vn -0.7196904 0.1787461 0.6708916
vn -0.1013041 0.2220369 -0.9697614
vn -0.833514 -0.179021 -0.522691
vn -0.7875261 -0.1988794 0.5833092
vn 0.3908244 0.7828426 -0.484163
vn 0.8860776 0.1845222 0.4252271
vn 0.1663657 0.2334362 0.9580345
vn -0.7267317 0.4130313 0.5488772
vn -0.3844163 0.3870105 -0.8381211
vn -0.8799748 -0.278926 -0.3845057
vn -0.642575 -0.6052013 0.4699243
vn 0.6763427 0.4968036 -0.5438259
vn 0.9224591 0.1184784 0.367467
vn 0.1992084 0.3392982 0.9193437
vn -0.6315463 0.6094868 0.4792444
vn -0.3837711 0.3236642 -0.8648474
vn -0.9808725 -0.08727176 -0.1739911
vn -0.6691244 -0.3069146 0.6768131
vn 0.7588501 -0.08526026 -0.6456603
vn 0.9427627 -0.06408601 0.3272484
vn 0.1519529 0.2852507 0.946331
vn -0.6703841 0.5176392 0.531634
vn -0.2730971 -0.1424095 -0.9513872
vn -0.9731747 0.004106386 -0.2300307
vn -0.7196904 0.1787461 0.6708916
vn 0.6957114 -0.3765998 -0.6116847
vn 0.8416049 -0.3077583 0.4438311
vn 0.2063216 0.06530683 0.9763024
vn -0.7855484 0.122107 0.6066331
vn -0.2380513 -0.280492 -0.9298688
vn -0.9279534 0.1089674 -0.3564109
vn -0.7267317 0.4130313 0.5488772
vn 0.6290932 -0.5185716 -0.5790728
vn 0.8501176 -0.3644215 0.3801279
vn 0.1294459 0.06681845 0.9893327
vn -0.1363773 0.9866519 -0.08899076
vn -0.2176139 -0.1308061 -0.9672301
vn -0.8048221 0.4099114 -0.4292249
vn -0.6315463 0.6094868 0.4792444
vn 0.7386507 -0.3947243 -0.546432
vn 0.9024657 0.01353575 0.4305491
vn -0.1363773 0.9866519 -0.08899076
vn 0.005186214 -0.02246863 -0.9997341
vn -0.7220851 0.4376782 -0.5357527
vn -0.6703841 0.5176392 0.531634
vn 0.8597549 0.009207794 -0.5106239
vn -0.1363773 0.9866519 -0.08899076
vn 0.01195892 0.06137759 -0.998043
vn -0.1363773 0.9866519 -0.08899076
vn -0.887621 0.1230927 -0.443821
vn -0.1363773 0.9866519 -0.08899076
vn -0.7855484 0.122107 0.6066331
vn -0.1363773 0.9866519 -0.08899076
vn 0.5551313 -0.7734593 0.3059249
vn 0.4550295 0.02065513 0.8902367
vn 0.670603 0.1113769 0.7334077
vn 0.7575324 -0.6258917 0.1854838
vn 0.1505406 -0.7725293 -0.6168761
vn 0.6633899 0.2855255 0.6916568
vn 0.2147031 -0.8026118 -0.5565221
vn -0.341735 0.03776296 -0.9390374
vn 0.7090895 -0.6799499 0.1867086
vn 0.4765818 0.02384326 0.8788067
vn -0.5475602 -0.1557992 -0.8221341
vn -0.4405805 0.8212525 -0.362537
vn -0.05343149 -0.812372 -0.5806866
vn 0.4946679 -0.8066971 0.3233319
vn 0.3104594 0.1094581 0.9442637
vn -0.6528603 0.7402795 -0.1604983
vn -0.05107519 0.8268329 0.5601238
vn -0.6809849 -0.0896253 -0.7267922
vn 0.09141637 -0.8374124 -0.5388724
vn 0.3588488 -0.8088475 0.4658254
vn 0.9638211 -0.09764756 -0.2480201
vn 0.01860478 0.7880037 0.6153893
vn 0.4550295 0.02065513 0.8902367
vn 0.670603 0.1113769 0.7334077
vn -0.6597652 0.7073541 -0.2536929
vn -0.03898936 0.9090837 0.4147851
vn 0.6633899 0.2855255 0.6916568
vn -0.3581043 -0.08750095 -0.9295724
vn 0.06527882 -0.8093962 -0.5836236
vn 0.9638211 -0.09764756 -0.2480201
vn -0.4367893 0.7661709 -0.4713781
vn -0.02167214 0.884606 0.4658353
vn 0.4765818 0.02384326 0.8788067
vn -0.2185297 0.08899158 -0.971764
vn 0.9638211 -0.09764756 -0.2480201
vn -0.2243405 0.8738567 -0.4313304
vn 0.9638211 -0.09764756 -0.2480201
vn 0.02300342 0.8835114 0.4678445
vn 0.9638211 -0.09764756 -0.2480201
vn 0.3104594 0.1094581 0.9442637
vn 0.9638211 -0.09764756 -0.2480201
vn -0.06186965 0.5996352 -0.7978782
vn 0.989153 -0.070083 -0.1290915
vn 0.8440735 -0.2714884 -0.4624217
vn -0.08761175 0.787196 -0.6104478
vn -0.9745312 0.1365922 0.1778523
vn 0.6312841 -0.6287446 -0.4540491
vn -0.809822 0.4739584 0.3457625
vn 0.08333707 -0.5301617 0.8437912
vn -0.03098383 0.6596928 -0.7508965
vn 0.6748441 0.7284096 0.1183429
vn -0.1722829 -0.6027798 0.7790861
vn 0.989153 -0.070083 -0.1290915
vn 0.8440735 -0.2714884 -0.4624217
vn -0.5506484 0.4645063 0.6935562
vn 0.6748441 0.7284096 0.1183429
vn 0.1313482 -0.6690865 0.7314854
vn 0.6748441 0.7284096 0.1183429
vn 0.6312841 -0.6287446 -0.4540491
vn 0.6748441 0.7284096 0.1183429
vn -0.1938376 0.5029761 0.8422838
vn -0.7341149 0.6788882 0.01364482
vn -0.620155 0.783091 -0.04665073
vn -0.2760471 0.4996061 0.8210917
vn 0.5759603 -0.1268762 0.8075718
vn -0.3087656 0.9511321 0.003418322
vn 0.4171185 -0.2752334 0.8661748
vn 0.8097888 -0.5856035 -0.03620274
vn -0.3766546 0.435487 0.8176078
vn -0.3714148 0.9282702 0.01911672
vn 0.6986022 -0.7125793 -0.06469683
vn 0.2736332 -0.4173711 -0.86656
vn 0.003011585 -0.5603741 0.8282342
vn -0.5712663 0.2008567 0.7958086
vn -0.5486711 0.8359392 -0.01287162
vn 0.2762305 -0.338687 -0.8994375
vn -0.4982396 0.2195065 -0.8387933
vn 0.4426574 -0.8902977 -0.1068854
vn -0.112249 -0.6768116 0.7275481
vn -0.5591499 0.2921206 0.7758976
vn 0.7997791 0.5522004 0.2354317
vn -0.3504339 0.378761 -0.856584
vn -0.7341149 0.6788882 0.01364482
vn -0.620155 0.783091 -0.04665073
vn 0.4413043 -0.2430578 -0.8638133
vn 0.07638858 0.6231107 -0.7783945
vn -0.3087656 0.9511321 0.003418322
vn 0.4813914 -0.8763039 0.01880983
vn 0.0005053448 -0.4748439 0.8800699
vn 0.7997791 0.5522004 0.2354317
vn 0.6850022 -0.2691179 -0.6770138
vn 0.2984838 0.6183153 -0.7270445
vn -0.3714148 0.9282702 0.01911672
vn 0.6232446 -0.7597014 0.185526
vn 0.7997791 0.5522004 0.2354317
vn 0.6901609 -0.2237812 -0.688186
vn 0.7997791 0.5522004 0.2354317
vn 0.06246024 0.6228647 -0.7798322
vn 0.7997791 0.5522004 0.2354317
vn -0.5486711 0.8359392 -0.01287162
vn 0.7997791 0.5522004 0.2354317
vn 0.5732816 0.6705522 -0.4708588
vn 0.8006866 -0.5845705 0.1310665
vn 0.7645427 -0.633292 0.1200657
vn 0.5324294 0.6325947 -0.5624438
vn -0.7677429 0.6399598 -0.03197506
vn 0.8384069 -0.4802994 0.2576557
vn -0.7785372 0.6275414 0.00846044
vn -0.5410635 -0.6173288 0.5711002
vn 0.5786954 0.4627891 -0.6715192
vn 0.07607161 0.8541828 0.514378
vn -0.5256267 -0.5641974 0.6367086
vn 0.8006866 -0.5845705 0.1310665
vn 0.7645427 -0.633292 0.1200657
vn -0.8504521 0.5053688 -0.1460608
vn 0.07607161 0.8541828 0.514378
vn -0.366865 -0.512564 0.77633
vn 0.07607161 0.8541828 0.514378
vn 0.8384069 -0.4802994 0.2576557
vn 0.07607161 0.8541828 0.514378
vn 0.9299889 0.2892941 0.226781
vn 0.5007961 -0.4560182 0.7356974
vn 0.4467955 -0.478009 0.7562283
vn 0.9813664 0.1357921 0.1359431
vn 0.4174098 0.7833124 -0.4606417
vn 0.6175374 -0.4701764 0.6305408
vn 0.4362174 0.6574648 -0.6143732
vn -0.531451 0.5412394 -0.6516285
vn 0.9657875 0.2422694 0.09252118
vn 0.5418776 -0.5077077 0.6697772
vn -0.578492 0.4950167 -0.6483096
vn -0.9686018 -0.2036692 -0.1425809
vn 0.4529958 0.7463151 -0.4876562
vn 0.7472112 0.4083925 0.5243006
vn -0.7790393 0.1187478 0.6156271
vn -0.9938732 -0.1100237 -0.01053016
vn -0.4527206 -0.7014109 0.550515
vn -0.4627384 0.6287149 -0.6249726
vn 0.26604 0.9626631 -0.05002468
vn -0.7790393 0.1187478 0.6156271
vn -0.5029288 -0.567333 0.6520705
vn 0.5007961 -0.4560182 0.7356974
vn 0.4467955 -0.478009 0.7562283
vn -0.9864453 -0.06568056 -0.1503721
vn -0.5040167 0.6552574 -0.5626765
vn -0.7790393 0.1187478 0.6156271
vn -0.431955 -0.7066776 0.5603765
vn 0.6175374 -0.4701764 0.6305408
vn -0.8080975 -0.3645716 -0.4626726
vn -0.7790393 0.1187478 0.6156271
vn -0.2209131 -0.9531643 0.2065797
vn -0.7790393 0.1187478 0.6156271
vn 0.5418776 -0.5077077 0.6697772
vn -0.7790393 0.1187478 0.6156271
vn -0.3692442 -0.8987104 0.2365975
vn -0.2334434 -0.1636429 -0.9585015
vn -0.1936429 -0.1592207 -0.9680657
vn -0.1113093 -0.9379539 0.3284096
vn 0.1706125 0.3173348 0.9328398
vn -0.04250817 -0.4366073 -0.8986474
vn 0.09774636 0.3822122 0.9188903
vn 0.2385703 0.9022468 -0.3592141
vn -0.2177545 -0.9229041 0.3175391
vn 0.347522 -0.3856872 -0.8546777
vn 0.04434506 0.9629316 -0.2660756
vn -0.2334434 -0.1636429 -0.9585015
vn -0.1936429 -0.1592207 -0.9680657
vn -0.08977723 0.1674159 0.9817902
vn -0.558942 -0.775395 0.2938476
vn -0.6657146 0.1508016 -0.7308099
vn 0.1370348 0.9640646 -0.2275979
vn -0.04250817 -0.4366073 -0.8986474
vn -0.410894 0.4450534 0.7956718
vn -0.6657146 0.1508016 -0.7308099
vn 0.3856857 0.9122753 -0.137842
vn -0.6657146 0.1508016 -0.7308099
vn 0.347522 -0.3856872 -0.8546777
vn -0.6657146 0.1508016 -0.7308099
vn 0.07957686 0.3126975 0.9465135
vn -0.6201749 -0.3690841 0.6922138
vn -0.7192173 -0.2753847 0.6378791
vn 0.104819 0.1078738 0.9886234
vn 0.6603743 0.7075347 0.2515958
vn -0.6180409 -0.5003281 0.6063805
vn 0.8625147 0.4378752 0.2536411
vn 0.5667178 0.4372281 -0.6983284
vn 0.4650223 -0.2280015 0.8554354
vn -0.2505125 -0.9043733 0.3454743
vn 0.5686283 0.2847319 -0.7717446
vn -0.1319625 -0.2436451 -0.9608449
vn 0.9403295 0.2909688 0.1764021
vn 0.4944877 -0.3806272 0.7814121
vn -0.8064451 0.1732462 0.56536
vn -0.2924284 -0.1118236 -0.9497269
vn -0.7217149 -0.6400045 -0.2636698
vn 0.5572858 0.5540588 -0.6184265
vn 0.7185712 0.5017423 0.4815705
vn -0.8064451 0.1732462 0.56536
vn -0.8878966 -0.3701726 -0.2731519
vn -0.6201749 -0.3690841 0.6922138
vn -0.7192173 -0.2753847 0.6378791
vn -0.3131884 0.3642492 -0.8770608
vn 0.2794313 0.9354779 -0.2163312
vn -0.8064451 0.1732462 0.56536
vn -0.9270297 -0.1295369 -0.3519037
vn -0.6180409 -0.5003281 0.6063805
vn -0.4404863 0.5525703 -0.7075576
vn -0.8064451 0.1732462 0.56536
vn -0.7787455 -0.4160766 -0.4695059
vn -0.8064451 0.1732462 0.56536
vn -0.2505125 -0.9043733 0.3454743
vn -0.8064451 0.1732462 0.56536
vn 0.5933335 -0.7156239 -0.368562
vn -0.117739 -0.5290572 0.8403785
vn -0.05219368 -0.6020695 0.7967359
vn 0.7559992 -0.5938231 -0.2753895
vn 0.1849632 0.5682532 -0.801796
vn 0.02841518 -0.3474354 0.9372733
vn 0.2451093 0.5135246 -0.8223222
vn -0.5236049 0.7503018 0.4035902
vn 0.9142273 -0.4048158 -0.01768263
vn 0.1956809 0.07753706 0.9775975
vn -0.7019818 0.6442081 0.3036733
vn -0.117739 -0.5290572 0.8403785
vn -0.05219368 -0.6020695 0.7967359
vn 0.08843328 0.3702142 -0.9247276
vn 0.9989467 -0.02603389 -0.03778422
vn -0.1884116 0.9610492 -0.2022017
vn -0.9012568 0.3497121 0.2558077
vn 0.02841518 -0.3474354 0.9372733
vn 0.01057506 -0.03054474 -0.9994774
vn -0.1884116 0.9610492 -0.2022017
vn -0.9771743 0.1008898 0.1869533
vn -0.1884116 0.9610492 -0.2022017
vn 0.1956809 0.07753706 0.9775975
vn -0.1884116 0.9610492 -0.2022017
vn -0.7931949 0.4593644 -0.3997827
vn -0.3286725 -0.8764795 -0.3517928
vn -0.1614318 -0.7674206 -0.620488
vn -0.8142132 0.3498645 -0.4633053
vn 0.3661289 0.887061 0.2811983
vn 0.2105051 -0.4183014 -0.8835788
vn 0.2002643 0.7960207 0.5711789
vn 0.8336813 -0.4433558 0.3292581
vn -0.9394803 0.1769511 -0.2933685
vn -0.1012814 0.9670049 -0.2337597
vn 0.7982685 -0.5540233 0.2362744
vn -0.3286725 -0.8764795 -0.3517928
vn -0.1614318 -0.7674206 -0.620488
vn 0.09818865 0.4124539 0.9056714
vn -0.1012814 0.9670049 -0.2337597
vn 0.9747211 -0.201405 0.09672046
vn -0.1012814 0.9670049 -0.2337597
vn 0.2105051 -0.4183014 -0.8835788
vn -0.1012814 0.9670049 -0.2337597
vn -0.4342168 0.8363325 0.3346696
vn -0.838492 -0.4177618 0.3498662
vn -0.8569207 -0.5116085 0.06279892
vn -0.4147688 0.6973627 0.5845102
vn 0.7026228 0.60128 -0.3805045
vn -0.7703731 -0.5753168 0.2748378
vn 0.8764309 0.3815419 -0.2937597
vn 0.3221011 -0.8516618 -0.4134284
vn -0.1057796 0.7305417 0.6746255
vn -0.8748217 0.2255033 -0.4287601
vn 0.1794725 -0.7524294 -0.6337506
vn -0.838492 -0.4177618 0.3498662
vn -0.8569207 -0.5116085 0.06279892
vn 0.7382577 0.6246014 -0.254654
vn -0.8748217 0.2255033 -0.4287601
vn 0.2818963 -0.4045632 -0.8699787
vn -0.8748217 0.2255033 -0.4287601
vn -0.7703731 -0.5753168 0.2748378
vn -0.8748217 0.2255033 -0.4287601
vn 0.185643 -0.9770015 -0.1049034
vn 0.9172961 -0.3516903 0.1867668
vn 0.8550916 -0.4475974 0.2616774
vn 0.1894615 -0.9479722 -0.2558382
vn -0.7107183 -0.6116396 -0.3475291
vn 0.9418351 -0.2886563 0.1721167
vn -0.6100559 -0.5505783 -0.5698206
vn -0.8799053 0.3715148 -0.2962154
vn 0.4106144 -0.8160163 -0.4068333
vn 0.9774268 -0.01644159 -0.210634
vn -0.8391856 0.348597 -0.4174298
vn -0.1429608 0.9897196 -0.004167467
vn -0.5027223 -0.5652329 -0.6540505
vn 0.4300707 -0.7952252 -0.4273828
vn -0.3216654 0.09302761 -0.9422724
vn -0.2617808 0.9611329 0.08771791
vn 0.7462863 0.6239545 0.2318135
vn -0.9050613 0.343816 -0.2503089
vn -0.6435425 -0.7233694 -0.2501794
vn -0.3216654 0.09302761 -0.9422724
vn 0.6647968 0.5760565 0.4756092
vn 0.9172961 -0.3516903 0.1867668
vn 0.8550916 -0.4475974 0.2616774
vn -0.233101 0.8855371 0.4018557
vn -0.9625047 0.2255577 0.1506931
vn -0.3216654 0.09302761 -0.9422724
vn 0.6505776 0.5129192 0.560056
vn 0.9418351 -0.2886563 0.1721167
vn -0.279655 0.9081013 0.311681
vn -0.3216654 0.09302761 -0.9422724
vn 0.6260597 0.7683553 0.1329641
vn -0.3216654 0.09302761 -0.9422724
vn 0.9774268 -0.01644159 -0.210634
vn -0.3216654 0.09302761 -0.9422724
vn -0.5633333 0.6498289 -0.5102725
vn 0.6705925 0.7231475 0.1654189
vn 0.7457371 0.6106466 0.2664337
vn -0.3531222 0.4225139 -0.8347375
vn -0.7191987 -0.6885993 -0.09265096
vn 0.9014917 0.4292159 0.05555595
vn -0.6788098 -0.7285171 0.09208734
vn 0.5217393 -0.6213009 0.5846138
vn -0.1381079 0.0153596 -0.9902981
vn -0.1107973 0.9930114 -0.04065046
vn 0.2703246 -0.413727 0.8693414
vn 0.6705925 0.7231475 0.1654189
vn 0.7457371 0.6106466 0.2664337
vn -0.9307811 -0.3653392 0.01318519
vn -0.1107973 0.9930114 -0.04065046
vn -0.1269159 -0.0527489 0.9905099
vn -0.1107973 0.9930114 -0.04065046
vn 0.9014917 0.4292159 0.05555595
vn -0.1107973 0.9930114 -0.04065046
vn 0.1387479 0.975417 0.1712034
vn -0.04775554 0.868337 0.4936703
vn -0.05272314 0.9148632 0.4003069
vn 0.2130541 0.8754761 0.4337621
vn 0.07180437 0.9970599 0.02675186
vn 0.3630959 0.8931477 0.2654214
vn 0.05753544 0.9980001 0.02617936
vn 0.277992 0.8876774 0.367082
vn -0.1998258 -0.8804793 0.4299138
vn -0.4590786 0.4588656 -0.7607163
vn -0.4987196 0.102096 -0.8607295
vn -0.4691338 0.4377144 -0.7670199
vn -0.243717 -0.8993434 0.3630199
vn -0.5353495 0.02641325 -0.8442175
vn -0.5222632 0.1653737 -0.8365959
vn -0.4775384 0.6673808 -0.5714542
vn -0.657246 0.4663722 -0.5920513
vn -0.3304901 0.5997413 -0.728757
vn -0.199322 0.6603907 -0.7239854
vn -0.754581 0.4944519 -0.4314218
vn -0.6575587 0.6470118 -0.3859953
vn -0.381024 0.8240712 -0.4191986
vn -0.3567224 0.5430069 -0.7601926
vn -0.4939801 0.5801446 -0.6476232
vn -0.319869 0.6606624 -0.6791236
vn -0.08870754 0.823466 -0.560388
vn -0.4322937 0.895319 -0.10736
vn -0.5680215 0.803355 -0.178808
vn 0.01699394 0.9078992 -0.418844
vn -0.03970072 0.9536098 -0.2984162
vn -0.6313558 0.7331435 -0.2527658
vn -0.5490398 0.4693723 -0.6915526
vn -0.1443938 0.7934473 -0.5912629
vn -0.4468679 0.8936855 -0.04043861
vn -0.288621 0.949754 0.1211001
vn -0.2328513 0.9372481 -0.2595117
vn -0.03070796 0.9598793 -0.2787273
vn -0.003079413 0.9904536 -0.137812
vn -0.5641902 0.8086522 -0.1666467
vn -0.4948311 0.6033354 -0.6254027
vn -0.08553015 0.8592407 -0.5043709
vn 0.2779452 0.960214 -0.02712241
vn -0.1245444 0.8879151 0.4428268
vn -0.5642139 0.8086452 -0.1666004
vn -0.6265727 0.5065771 -0.5922722
vn 0.1004465 0.9854575 0.1370548
vn 0.02129368 0.9995166 -0.02265123
vn -0.610534 0.7831286 -0.1181431
vn -0.6572555 0.4663856 -0.5920301
vn -0.2000087 0.6719495 -0.7130781
vn -0.4798594 0.6558725 -0.5827233
vn -0.5100444 0.6424596 -0.571927
vn -0.1118788 0.9262112 -0.3600221
vn -0.4217449 0.4896474 -0.7631361
vn -0.1787928 0.6886767 -0.7026789
vn -0.4426557 0.5812484 -0.682793
vn -0.4410535 0.5826214 -0.6826596
vn -0.6413328 0.7114117 -0.2873773
vn -0.05390731 0.8988008 -0.4350301
vn -0.3491452 0.6570395 -0.6681293
vn -0.3811066 0.5029257 -0.7757729
vn -0.339907 0.7456405 -0.5731348
vn -0.3810525 0.8240498 -0.4192147
vn -0.2370785 0.5080338 -0.8280672
vn -0.3029011 0.7521979 -0.5851917
vn -0.7535729 0.1670786 -0.6357772
vn -0.5261799 0.5013163 -0.6868892
vn 0.1175756 -0.9181367 0.3784191
vn -0.4101512 -0.8614473 -0.299474
vn -0.522301 0.1653938 -0.8365684
vn 0.05382052 0.6090326 -0.7913171
vn -0.111937 0.9261925 -0.3600523
vn -0.4076204 0.4979061 -0.765464
vn -0.3673984 0.667753 -0.6473982
vn -0.2075124 0.90302 -0.3761562
vn -0.0344501 0.9666261 -0.2538645
vn -0.4377267 0.8956152 -0.07917506
vn -0.4145558 0.837959 -0.35492
vn -0.1414403 0.7896774 -0.5969959
vn -0.3810743 0.8240718 -0.4191516
vn -0.01332308 0.9769337 -0.2131267
vn 0.07950244 0.9642866 -0.2526474
vn -0.235531 0.9714804 -0.02740458
vn -0.2822115 0.9589842 0.02657146
vn -0.333919 0.8018695 -0.495483
vn -0.2148978 0.9409413 -0.2616264
vn 0.07192047 0.9970881 -0.02535265
vn 0.2719241 0.9592074 0.07732122
vn -0.03617361 0.8958852 -0.4428106
vn -0.5577512 0.8033733 -0.2085783
vn -0.4032393 0.8674485 -0.2914297
vn -0.08428497 0.8843071 -0.4592352
vn 0.1113502 0.9462842 -0.3035578
vn -0.2391945 0.9621328 -0.1307154
vn -0.4378189 0.789512 -0.4300992
vn -0.1844067 0.7112655 -0.6783035
vn -0.4766213 0.7986887 0.3673259
vn -0.3660817 0.8961561 -0.2507759
vn -0.4549781 0.6001002 -0.6579321
vn -0.8362325 0.1430143 -0.529398
vn -0.271648 -0.7974505 -0.5387765
vn -0.193982 0.7945482 -0.5753819
vn -0.6687432 0.6922779 -0.2711714
vn -0.9268595 0.262292 0.2685785
vn -0.275277 0.9446378 -0.1785553
vn -0.09898131 0.994892 -0.01981574
vn 0.1770711 0.9667467 0.1845172
vn 0.2719297 0.9591984 0.07741213
vn -0.1223532 0.9576842 0.26052
vn -0.03410393 0.9664695 0.2545063
vn 0.06076307 0.9960613 -0.06457396
vn 0.06419312 0.909171 -0.4114455
vn -0.6314449 -0.09604647 0.7694495
vn -0.2770395 0.310961 0.9091493
vn 0.07939228 0.6604072 0.7466989
vn -0.07488057 -0.2649578 0.9613482
vn 0.298824 -0.2547116 0.9196882
vn 0.0926588 0.1080867 0.989814
vn -0.3849569 0.5789671 0.7187526
vn -0.8549256 0.0591793 0.5153641
vn 0.253104 0.9670209 -0.02844063
vn -0.03334348 0.9731482 0.2277519
vn -0.2578674 0.798905 0.5433741
vn -0.1999529 0.670747 0.714225
vn -0.4439324 0.8955667 0.02973733
vn -0.3444683 0.8936779 0.2875437
vn 0.07396314 0.8960115 0.4378273
vn 0.3909635 0.8596725 0.328802
vn 0.0977627 0.9950188 0.01949428
vn 0.1349525 0.9603202 -0.2440755
vn -0.07717957 0.9603956 0.2677381
vn 0.3947286 0.8989617 0.1898868
vn 0.363064 0.8931643 0.2654093
vn 0.2779824 0.9602049 -0.02706183
vn 0.02129206 0.999516 -0.02267994
vn 0.3098789 0.9445223 0.1088708
vn -0.2098844 0.3888808 0.897062
vn 0.1374986 0.3013126 0.9435597
vn 0.08006056 0.4862932 0.8701202
vn 0.2791741 0.3085873 0.909305
vn 0.1974489 0.7293876 0.6549868
vn 0.2522709 0.5821984 0.7729195
vn 0.2836206 0.1627954 0.9450169
vn 0.2182487 -0.1636187 0.9620792
vn -0.05273783 0.9148849 0.4002555
vn -0.1404696 0.962489 -0.2321277
vn -0.2799261 0.907531 0.3130956
vn 0.1310604 0.5786181 0.8049996
vn 0.236091 0.660608 0.7126417
vn 0.1380709 0.9631776 0.2307062
vn -0.2257846 0.9400977 0.2554165
vn -0.2232218 -0.3949954 0.8911514
vn 0.0928065 0.3053986 0.9476913
vn 0.2022051 0.488932 0.8485627
vn 0.3817951 0.6915669 0.6131621
vn 0.4211986 0.8242354 0.3784544
vn 0.03505177 0.8035282 0.5942338
vn -0.4481555 0.6269937 0.6372092
vn 0.07989484 0.6902035 0.7191911
vn -0.1443953 0.7932777 0.5914901
vn 0.218377 0.6589847 0.7197574
vn -0.1426024 0.8503484 0.5065296
vn 0.1164561 0.9382718 0.3257056
vn 0.4263929 0.8539203 0.298344
vn -0.2449992 0.7991611 0.5489236
vn 0.185306 0.7946559 0.5780863
vn 0.02268788 0.9663677 0.2561616
vn 0.4804887 0.8637201 0.1520465
vn -0.2450136 0.799203 0.548856
vn -0.09780008 0.9607587 0.2595724
vn 0.6120927 0.7899476 -0.03640307
vn 0.2136957 0.9757459 0.04747766
vn -0.4193402 0.8860176 0.1978045
vn 0.2147426 0.9407535 0.262428
vn 0.7776774 -0.5844732 -0.2315365
vn -0.2540522 -0.4312478 0.8657268
vn 0.3131799 0.86231 -0.3979194
vn 0.127319 0.9908717 0.04430697
vn -0.3203261 0.9037778 0.2838609
vn -0.365726 0.8935164 0.2605244
vn -0.1933287 0.9754128 -0.1058005
vn -0.2779324 0.956049 -0.09340186
vn 0.13025 0.9571897 0.2585013
vn 0.6532083 0.7468688 0.1245228
vn -0.09720977 0.8414471 0.5315234
vn -0.2866632 0.9418345 0.1754194
vn -0.2695107 0.9620736 -0.04217137
vn 0.107465 0.8952927 0.432322
vn 0.2802341 0.8222245 0.4953945
vn -0.01153937 0.9933965 0.1141497
vn -0.3612097 0.9126326 0.191388
vn 0.27801 0.8877038 0.3670046
vn 0.591902 0.6604719 0.4619836
vn 0.4156892 0.7925698 0.4461341
vn 0.1537477 0.807846 0.5689874
vn 0.09726301 0.8844409 0.4564035
vn 0.2069606 0.8949922 0.3951661
vn 0.2069873 0.8949695 0.3952036
vn 0.241957 0.8999132 -0.3627852
vn 0.5570992 0.8290336 0.04841465
vn 0.4069435 0.9109224 -0.06795154
vn 0.5699376 0.726363 -0.3841458
vn 0.7789614 0.4165139 -0.4687594
vn 0.913618 0.1315532 -0.3847025
vn 0.8187582 0.4975512 -0.2864921
vn 0.7574186 0.5610681 -0.3339457
vn 0.7420638 0.6076928 0.2829325
vn 0.7567981 0.6298295 0.1748472
vn 0.9783105 0.1957526 0.0677464
vn 0.8988424 0.3571676 0.2539954
vn 0.7521434 0.6293473 -0.1954539
vn 0.9669867 -0.1012639 0.2338428
vn 0.6025417 0.6422 0.4738384
vn 0.6430433 0.5917942 0.4860812
vn 0.8870006 0.1104368 0.4483678
vn 0.7742743 -0.5192839 0.3617229
vn 0.1537038 0.8078753 0.5689575
vn -0.2438157 0.9218305 0.3013012
vn -0.01662031 0.9997213 0.01676537
vn 0.4326133 0.8985091 0.07434437
vn 0.4962105 0.7955891 0.3475819
vn 0.1036745 0.9626017 0.2502992
vn -0.1163727 0.9913799 0.0601934
vn 0.4011958 0.8951796 0.194153
vn 0.3919241 -0.838701 0.3781219
vn -0.1119066 -0.9930303 0.03698348
vn 0.6068063 0.7933925 0.04810932
vn 0.9855651 -0.0001291953 0.1692971
vn 0.6863702 -0.6875384 0.2370379
vn 0.6739036 -0.5574189 0.4849105
vn 0.5646923 0.3394684 -0.7522526
vn 0.9404073 -0.2630051 0.2155515
vn 0.4650588 0.8286203 0.3116227
vn -0.0659999 0.9366833 0.3439018
vn -0.4439777 0.895884 0.01660261
vn -0.2380344 0.8953415 -0.3764349
vn 0.3468445 0.812848 -0.4679498
vn -0.06513504 0.9970568 -0.04043593
vn -0.1757807 0.929006 0.3256516
vn 0.3108962 0.7977589 0.5166473
vn -0.2694963 0.9620742 -0.04224843
vn -0.0133147 0.9769329 -0.2131309
vn -0.04797819 0.8964583 -0.4405231
vn -0.6696824 0.6790087 -0.3007867
vn -0.5721231 0.6627203 -0.4831945
vn -0.4165826 0.8350414 -0.359395
vn -0.2402965 0.96826 0.06877683
vn -0.1888231 0.9793845 0.07177626
vn 0.4201917 0.1578277 -0.8936047
vn 0.7987205 0.4945533 -0.3427283
vn 0.3468891 0.8128117 -0.4679799
vn -0.2793741 0.7938993 -0.5400686
vn -0.2957837 0.100315 -0.9499731
vn 0.3902333 0.5355023 -0.7489695
vn 0.5387565 0.8272762 -0.1592342
vn -0.3622884 0.9003721 0.2409925
vn -0.07146633 0.6612637 -0.7467415
vn 0.3257031 0.66605 -0.6710402
vn 0.04510319 0.8979362 -0.4378086
vn -0.4160842 0.8952954 -0.159123
vn -0.6872943 0.6002097 -0.4091148
vn -0.1246172 0.7900699 -0.6002168
vn 0.2796566 0.8970677 -0.3421429
vn -0.1944058 0.9614463 0.1944929
vn -0.8541301 0.4522698 -0.2567371
vn -0.7461164 0.6603463 -0.08516521
vn -0.6004133 0.7879573 0.1364816
vn -0.751538 0.6544005 0.08337142
vn -0.9476497 0.305554 0.09271986
vn -0.7815035 0.6112686 0.1249115
vn -0.600455 0.7882032 -0.1348685
vn -0.6797934 0.6425622 -0.3535462
vn -0.9261301 0.2628694 -0.2705233
vn -0.8066846 0.3060736 -0.5055482
vn -0.6554636 0.6607226 -0.365805
vn -0.6062862 0.7947246 -0.02880816
vn -0.8178257 0.535946 0.2095785
vn -0.8295026 0.499897 -0.2490551
vn -0.6549275 0.5372201 -0.5314741
vn -0.5485404 0.7980166 -0.2495456
vn -0.6559337 0.3579914 -0.6645249
vn -0.5426906 0.5729252 -0.6142016
vn -0.6265025 0.7418529 -0.2390582
vn -0.8541039 0.452338 -0.256704
vn -0.9192926 0.1773456 -0.3513542
vn -0.7909389 0.4877894 -0.3694284
vn -0.4632176 0.7154411 -0.5230424
vn -0.5581422 0.4140012 -0.7190829
vn -0.9429151 0.3088142 -0.1246791
vn -0.9213479 0.3265355 0.2109328
vn -0.8395995 0.3069033 0.4481997
vn -0.9140735 0.3070919 0.2648853
vn -0.9681066 0.2370315 -0.0811526
vn -0.9550108 0.1029894 0.2781145
vn -0.8375619 0.486549 0.2485157
vn -0.7432004 0.6569449 -0.1267937
vn -0.7145508 0.4598122 -0.5272474
vn -0.9020491 0.3122519 -0.2980037
vn -0.9209757 0.2356708 -0.3102627
vn -0.5633468 0.6576396 -0.5001504
vn -0.4795399 0.6209 -0.6201006
vn -0.8443629 0.1096143 -0.5244388
vn -0.9850263 0.1186806 -0.1250525
vn -0.821655 0.5598119 -0.1072086
vn -0.9585702 0.1568539 0.2377814
vn -0.3190373 0.9477408 0.001626822
vn -0.9214967 0.2613842 -0.2872666
vn -0.9261215 0.2628976 -0.2705252
vn -0.8691282 0.4872139 0.08508126
vn -0.938591 0.3239094 -0.1188681
vn -0.2980382 0.9500125 -0.09300306
vn -0.8545322 0.5191395 -0.01640089
vn -0.4795679 0.628772 0.6120951
vn -0.5969668 -0.09829457 0.7962216
vn -0.7728551 -0.08400413 0.6289979
vn -0.837481 0.5428433 -0.06282195
vn -0.538245 0.8338199 0.1226245
vn -0.6455826 0.09841093 0.7573233
vn -0.7613209 0.1559854 0.6293321
vn -0.9585842 0.1567875 0.2377688
vn -0.6290799 -0.09260269 0.7718052
vn -0.6547754 0.1606543 0.7385523
vn -0.6973616 0.5299423 0.4825432
vn -0.8123187 0.5261296 0.2516462
vn -0.4061576 0.4890238 0.7719402
vn -0.5316514 0.5051439 0.6798356
vn -0.8560849 0.1661415 0.4894033
vn -0.8498856 0.396874 0.3466778
vn -0.8564535 0.5088289 0.0870665
vn -0.8123438 0.5260908 0.2516468
vn -0.7605285 0.3512997 0.5460631
vn -0.748566 0.2714449 0.6049517
vn -0.9500079 0.07810846 0.3022981
vn -0.8767991 0.3107573 0.3669513
vn -0.6728598 0.6230348 0.3988575
vn -0.6283742 0.6590207 0.4133251
vn -0.8346508 0.3030502 0.4599116
vn -0.7624187 0.5023468 0.4078793
vn -0.8564877 0.2720439 0.4386582
vn -0.7069525 0.3953442 0.586448
vn -0.8638806 0.4925456 0.1053996
vn -0.9268467 0.2622776 0.2686368
vn -0.7413511 0.3105811 0.5949268
vn -0.6320441 -0.09610604 0.7689499
vn -0.7069471 0.395396 0.5864195
vn -0.9498236 0.1096032 0.2929547
vn -0.9852126 0.1651906 0.04547701
vn -0.8056797 0.5635406 -0.1824891
vn -0.8609864 0.5058867 0.05273567
vn -0.9715044 0.1423435 0.189519
vn -0.5228447 0.8281621 0.2019431
vn -0.5351521 0.8421032 0.06689046
vn -0.2415221 -0.1998433 0.9495945
vn -0.2120231 0.3078453 0.9275115
vn -0.3487929 0.6569265 0.6684244
vn -0.7315177 0.02410544 0.6813963
vn 0.2688333 -0.0912525 0.9588543
vn -0.09275643 0.3088584 0.9465742
vn -0.477729 0.2595945 0.8392769
vn -0.5587011 -0.04998712 0.8278613
vn -0.3509946 0.1498208 0.9243141
vn 0.08103151 0.4959645 0.8645536
vn 0.2942933 -0.4674415 0.8336006
vn -0.4489427 -0.1266908 0.8845337
vn -0.2415496 -0.1998728 0.9495813
vn 0.09973259 -0.2997435 0.9487925
vn -0.4734566 0.106677 0.8743334
vn -0.666967 -0.08182623 0.7405805
vn -0.09737074 0.1080323 0.9893675
vn -0.219785 0.660196 0.7182171
vn -0.6154238 0.6895983 0.3817169
vn -0.7714262 -0.08351365 0.6308147
vn 0.1058956 -0.3053206 0.9463432
vn -0.2577992 0.7988872 0.5434325
vn -0.5087305 0.4897648 0.7080423
vn -0.4618365 -0.1160607 0.879339
vn -0.7355392 0.2651635 0.6234344
vn -0.9140753 0.3071 0.2648696
vn -0.7459956 0.6602976 0.0865884
vn -0.4101067 0.7547418 0.5120327
vn -0.471287 0.6340297 0.6131027
vn -0.6922353 0.6549798 0.3030047
vn -0.9093638 0.3107265 0.2765982
vn -0.5734607 0.3074465 0.7593547
vn 0.288386 0.1080538 0.9513979
vn 0.2470301 0.8774096 0.4112525
vn -0.193496 0.7946606 0.5753902
vn -0.4481297 0.3070448 0.8395851
vn -0.6320837 -0.09608427 0.7689201
vn -0.2668242 0.8906301 0.368216
vn 0.07938561 0.6603788 0.7467247
vn 0.03930533 -0.09066752 0.9951053
vn -0.2485157 0.04111505 0.9677549
vn -0.4657223 0.03615089 0.8841922
vn -0.4687367 -0.08575051 0.8791659
vn -0.05301004 -0.127826 0.9903789
vn 0.1784846 -0.4176701 0.8908955
vn -0.2562611 -0.1691171 0.9516983
vn -0.6321076 -0.09606809 0.7689024
vn -0.0379014 -0.2705895 0.9619485
vn -0.2915443 0.8938417 0.3406596
vn -0.6154408 0.6895632 0.3817527
vn -0.7100645 0.3442597 0.6142424
vn -0.4485431 0.3090599 0.8386245
vn -0.6567082 0.4950669 0.5688965
vn -0.7654715 0.4889564 0.4183002
vn -0.4797813 0.6555786 0.5831181
vn -0.08593806 0.7276614 0.6805318
vn -0.257283 0.8957689 0.3624964
vn -0.3605971 0.8386711 -0.4081673
vn -0.5091486 0.8602549 -0.02700441
vn -0.4627577 0.7144253 0.5248351
vn -0.7187442 0.3097601 0.6224592
vn -0.7498872 0.660592 -0.03588087
vn -0.2510641 0.9644762 -0.082173
vn 0.07891905 0.7943278 0.6023414
vn -0.640833 0.7671001 -0.0298408
vn -0.4615103 0.8536496 0.2414345
vn -0.3835286 0.7867641 0.4836404
vn -0.6706193 0.6557707 0.3467486
vn -0.8504882 0.4804694 0.2140536
vn -0.6283512 0.6589965 0.4133987
vn -0.3657843 0.896035 0.2516411
vn -0.5119672 0.8479128 -0.1375989
vn -0.7461172 0.6603525 -0.08510926
vn -0.4366846 0.8990529 -0.0317872
vn -0.3605982 0.8386757 -0.4081568
vn -0.5323619 0.5051013 -0.679311
vn -0.4076648 0.4978782 -0.7654585
vn -0.2075424 0.9030053 -0.3761749
vn -0.5655322 0.7894235 -0.2387132
vn -0.8537663 0.3060617 -0.4211998
vn 0.8155637 -0.3649142 0.4491029
vn 0.9520747 0.1136761 0.2839568
vn 0.9374893 0.3370236 0.08676893
vn 0.6977136 -0.6208881 0.3573428
vn 0.5626295 -0.8116316 0.1571698
vn 0.9758051 -0.1913865 0.105715
vn 0.870692 0.2384504 0.4301591
vn 0.6751559 -0.3246935 0.6623735
vn -0.1483428 -0.9430149 -0.2978545
vn 0.52104 -0.8446781 0.1226226
vn -0.6255021 0.3419295 0.7013069
vn -0.9205769 -0.3556828 -0.1613313
vn -0.7743092 -0.5306678 0.3447276
vn -0.6522139 -0.1182347 0.7487574
vn 0.5621751 -0.7768478 -0.2836661
vn -0.04359016 -0.8412568 -0.5388756
vn -0.612239 -0.7516188 -0.2454234
vn 0.344559 -0.8971167 -0.2765156
vn 0.7989968 -0.449974 -0.398908
vn -0.9179266 0.3509499 0.1850538
vn -0.6594702 -0.142776 0.7380475
vn 0.5621371 -0.7768885 -0.2836301
vn 0.4987501 -0.7626184 -0.4118999
vn -0.5188128 -0.5337347 -0.6678027
vn -0.6742532 -0.7240613 -0.1453201
vn -0.2732679 -0.4004284 0.8746324
vn 0.1053693 -0.9419714 -0.3187275
vn -0.1412585 -0.6777519 -0.7215943
vn 0.3532572 -0.9094054 -0.2195252
vn -0.2693127 -0.7961466 -0.5418683
vn -0.1666629 -0.9573942 0.2358385
vn -0.5054996 -0.8615881 0.04621798
vn -0.7954664 -0.1074684 0.5963923
vn 0.09478707 -0.9611323 0.259307
vn 0.1258394 -0.8998194 0.4177193
vn -0.1624281 -0.9596965 -0.2293462
vn 0.3710686 -0.9202031 -0.1246368
vn -0.04079663 -0.9842861 -0.1718032
vn 0.09484509 -0.9611316 0.2592884
vn -0.7810519 -0.3245944 -0.5334758
vn -0.7847331 -0.3835797 0.4868888
vn -0.6536154 0.5820135 0.4837842
vn 0.5119479 -0.8584679 0.03069626
vn -0.1413094 -0.9444109 -0.2968496
vn -0.5372766 -0.5364065 -0.6508471
vn 0.2338624 -0.5632429 -0.792506
vn -0.652189 -0.1182772 0.7487723
vn -0.352035 -0.9350504 0.04185983
vn 0.7667828 -0.1523125 -0.6235744
vn 0.385632 0.9187311 0.0849773
vn -0.2866871 0.8440709 0.453161
vn -0.8940665 0.3870283 -0.2255089
vn -0.8995499 0.1794327 0.3982636
vn -0.3450357 0.8771029 0.3341272
vn 0.09605453 0.9030749 0.418604
vn -0.4533615 -0.5768538 -0.6794873
vn -0.8449942 -0.2295165 -0.4830185
vn 0.1424224 -0.5162784 0.8444954
vn -0.6610954 0.7041008 0.2592199
vn -0.6933258 0.2835183 0.662508
vn -0.7803969 -0.5004414 0.3748854
vn -0.9126639 0.2971358 0.2806331
vn -0.7954755 0.5677647 0.2118062
vn -0.5188224 -0.5337644 -0.6677716
vn -0.6832387 -0.6291403 0.3706309
vn -0.6671457 -0.162584 0.7269684
vn -0.2484859 0.244033 0.9373914
vn 0.1981731 0.2757304 0.940585
vn 0.1915677 -0.8153499 0.5463575
vn -0.1926005 -0.2777115 0.9411596
vn -0.6573452 0.2368831 0.7153906
vn -0.9643698 0.2630957 -0.02777622
vn 0.2106913 0.6266335 0.7502931
vn 0.1575349 0.569629 0.8066633
vn -0.7127528 0.08715761 0.6959792
vn -0.9852385 -0.1688342 -0.02828521
vn -0.294072 -0.9553289 -0.0294665
vn -0.824177 0.47909 0.3020018
vn -0.4958936 0.8601767 0.1191034
vn -0.599237 0.296124 0.7437914
vn -0.8666923 0.4703845 0.166081
vn -0.2738183 0.8999229 0.3393558
vn 0.2913718 0.8425356 0.4530301
vn 0.7365503 0.446985 0.5076397
vn -0.09345973 -0.4804394 0.872034
vn 0.002793688 0.646811 0.7626452
vn 0.002176061 0.9654303 0.2606524
vn 0.2338688 -0.5632043 -0.7925316
vn 0.3578719 -0.4519727 0.8170975
vn 0.4551707 0.3572047 0.815613
vn 0.2914195 0.842552 0.4529688
vn 0.2837921 0.9249738 0.2527558
vn 0.7783479 -0.6266192 -0.03902381
vn 0.7776194 0.4643952 0.4238457
vn 0.09787935 0.4796657 0.8719749
vn -0.3543461 -0.4536358 0.8177124
vn -0.7690188 -0.6172794 0.1660613
vn -0.9847198 0.0587418 0.1639404
vn -0.7452426 0.5795577 0.3297368
vn -0.2876841 0.8026303 0.5225155
vn -0.09870507 -0.1774782 0.9791623
vn -0.7477365 0.22863 0.6233928
vn -0.9117947 0.4095593 -0.02986167
vn -0.9088209 0.4104796 -0.07450558
vn 0.8137459 0.3949889 -0.4263818
vn 0.1565578 -0.4401021 0.8841945
vn 0.002326473 0.9359189 0.3522078
vn 0.2102215 0.4080142 0.8884432
vn 0.1075534 -0.3934202 -0.9130459
vn -0.1900021 0.8095325 0.5554784
vn 0.482508 0.8363614 0.2601644
vn 0.9461619 0.06283226 0.3175372
vn 0.5834634 -0.0705247 -0.8090714
vn -0.812489 -0.4831627 -0.3262138
vn -0.9068307 -0.06511053 0.4164359
vn 0.6793441 0.7134999 0.1714921
vn 0.7720032 0.3919734 0.5003678
vn -0.9838305 0.1703971 -0.05515751
vn 0.9899505 -0.05933772 -0.128363
vn 0.6347476 -0.6742032 -0.377552
vn 0.830227 -0.06533004 -0.553584
vn 0.5944445 -0.7509464 0.2876025
vn 0.6818271 -0.7144901 0.1568942
vn 0.7720348 0.3919068 0.5003713
vn 0.2455349 -0.4707816 -0.8473945
vn 0.561029 -0.74017 -0.3706682
vn 0.620466 -0.6607046 0.4224825
vn 0.7337812 0.6449633 -0.2135128
vn 0.6929299 0.1062794 -0.713129
vn 0.740386 -0.08073407 0.667316
vn -0.9838435 0.1703313 -0.05512886
vn -0.9165929 -0.3780644 -0.1300947
vn 0.9235714 -0.1765908 -0.3403404
vn 0.821727 0.5547854 -0.130299
vn 0.5133258 -0.6873503 0.5138543
vn 0.6903805 0.05930999 -0.7210112
vn 0.3153507 -0.9137612 -0.256114
vn -0.1921355 -0.7649296 -0.6147898
vn 0.143538 -0.8547009 -0.498882
vn 0.3925271 -0.8914363 -0.226415
vn 0.5370675 -0.8395849 0.08158211
vn 0.1958629 -0.8725898 -0.4474649
vn 0.07172066 -0.8483097 -0.5246207
vn 0.3710861 -0.9201926 -0.1246627
vn 0.4863809 -0.8727772 -0.04115347
vn 0.8089776 0.1798263 -0.5596586
vn 0.2983347 0.9193311 -0.2565673
vn 0.4869326 0.8420259 0.2321396
vn -0.02711721 -0.9995403 0.01355271
vn 0.2868288 0.8365292 -0.4668492
vn 0.6582536 0.7368549 -0.1541016
vn 0.7499102 -0.3575384 0.5565976
vn -0.3056472 -0.5678599 -0.7642741
vn -0.02065838 0.7281972 -0.6850563
vn 0.2981187 0.8691904 -0.3945039
vn 0.3599273 0.9139895 -0.1872846
vn 0.0595968 0.9014395 -0.4287832
vn 0.1227524 0.9547727 -0.2708155
vn 0.2197846 0.5272996 -0.8207618
vn 0.08944388 -0.8737698 -0.4780441
vn -0.4744525 -0.8740256 0.1047562
vn -0.5653867 0.8117163 -0.1464733
vn -0.4023339 0.628175 -0.6659757
vn -0.09963979 -0.6236028 -0.7753654
vn 0.1912382 -0.9389949 -0.2858612
vn -0.205049 0.9182204 -0.3388601
vn -0.7891511 0.2106609 -0.5769425
vn -0.3054183 -0.9216972 -0.2391525
vn -0.7146975 0.2199804 -0.6639398
vn -0.3327828 0.3454742 -0.8774413
vn 0.05538316 0.5560451 -0.8293048
vn -0.007496642 0.9566166 -0.2912532
vn -0.4225667 0.8918211 -0.1615314
vn -0.1023084 0.8275383 -0.5520085
vn -0.2016759 -0.0414141 -0.9785764
vn -0.2760564 -0.8801176 -0.3862459
vn -0.565367 0.8117349 -0.1464465
vn -0.7025938 0.5920793 -0.3947203
vn -0.6619131 0.2211306 -0.7162209
vn -0.5134271 -0.4572408 -0.7261704
vn -0.2050209 0.9182519 -0.3387919
vn -0.4799555 0.6403282 -0.5996854
vn -0.8772175 0.1268692 -0.4630266
vn -0.7225832 -0.6633037 -0.1946839
vn 0.4869224 0.8420522 0.2320662
vn -0.05829715 0.9303962 -0.36189
vn -0.4908803 0.3575472 -0.7944788
vn -0.2532138 -0.9526595 -0.1682934
vn 0.1315858 -0.9858469 -0.10388
vn -0.02243547 0.6519015 -0.7579717
vn -0.3814217 0.9046301 -0.190163
vn -0.4604702 -0.770479 0.440828
vn -0.4810991 0.7661285 0.4261349
vn -0.7019584 0.7060974 0.09317143
vn -0.945385 0.007480717 -0.3258699
vn -0.3584028 -0.8873872 -0.2899852
vn -0.08026496 -0.9346206 -0.3464708
vn -0.5678754 0.7374228 -0.3656846
vn -0.9963019 0.03986377 0.07611368
vn -0.3142104 -0.9369221 0.1531302
vn 0.6814386 0.5722163 0.4563003
vn -0.6230652 -0.6696898 -0.4041105
vn 0.0152268 -0.9747915 0.2225974
vn -0.1613312 -0.8661054 0.4731108
vn -0.07950158 -0.995805 -0.04529722
vn 0.09843565 0.3799307 0.9197626
vn 0.2176078 0.3505565 0.91091
vn 0.2973336 -0.8662558 0.401489
vn 0.3103674 -0.6432795 0.6999025
vn -0.07806543 0.2560067 0.9635177
vn -0.527362 0.1139057 0.8419708
vn -0.261755 -0.9395911 0.2205743
vn -0.02710788 -0.9995406 0.01355694
vn -0.3073718 0.6921132 0.6530712
vn -0.1853695 -0.474109 0.8607316
vn 0.02828816 -0.9336891 0.3569656
vn -0.3151981 -0.9480507 -0.04301293
vn -0.7856647 0.6143533 -0.07280886
vn -0.5120018 -0.7685308 -0.3836857
vn 0.3603848 0.8995817 0.2467297
vn 0.03652498 -0.8742951 0.4840185
vn -0.657892 0.5059844 0.5578153
vn -0.3938128 0.8790107 -0.2687968
vn 0.02661789 -0.9362463 -0.3503348
vn -0.3108953 0.8153739 -0.4883743
vn -0.6369572 0.770757 0.01480877
vn -0.8220829 0.113978 0.5578429
vn -0.2461082 -0.7477399 0.6166975
vn -0.08082858 -0.9937704 0.07672825
vn -0.734637 -0.6420612 0.2192395
vn -0.4396833 0.8271366 0.3500338
vn 0.1462683 0.7948749 0.5888798
vn 0.4978323 -0.6679709 0.5531527
vn 0.2884519 -0.3072328 0.9068646
vn 0.3262191 0.4593219 0.8261988
vn 0.5481866 -0.7523234 0.3653778
vn 0.7747663 -0.4993891 0.387747
vn 0.6105387 0.1342386 0.7805271
vn 0.2102475 -0.5942467 0.7763162
vn 0.3147836 -0.9098937 0.270194
vn 0.120082 -0.5032191 0.855775
vn 0.9324818 0.3491755 0.09248881
vn 0.4042904 0.9100419 0.0915044
vn 0.7656261 -0.551271 0.3315374
vn 0.6256492 -0.317984 0.7123548
vn 0.5631275 0.7843518 0.2601533
vn 0.4008194 0.8867148 0.2303923
vn 0.1726589 -0.9677019 0.18369
vn -0.1877466 -0.6897306 0.6993017
vn -0.5014669 0.7238871 0.4738337
vn 0.5805915 0.2672608 -0.7690808
vn 0.4400636 0.8540269 0.2774564
vn 0.553219 -0.1009422 0.8268974
vn 0.1547038 -0.8487586 0.5056438
vn -0.6743166 0.3370574 0.6570309
vn 0.02621114 -0.9965262 0.07904806
vn 0.4777336 -0.8398457 -0.2577401
vn 0.2423653 0.8831617 -0.4016023
vn 0.6498684 0.2841717 -0.7049238
vn 0.1687852 0.4126549 0.8951131
vn -0.02750851 -0.9965562 0.07822541
vn 0.01224737 0.9415544 -0.3366384
vn 0.3024752 0.9438806 -0.1326584
vn 0.6371023 0.6933373 0.3367254
vn 0.4777299 -0.8398631 -0.2576901
vn 0.6587986 0.7150028 -0.2339986
vn 0.9438258 0.3303816 -0.006399716
vn 0.8297424 -0.4668276 0.3059403
vn 0.6745355 -0.4599692 0.5774341
vn 0.7161893 0.6730297 0.1846729
vn 0.9524719 0.06722422 -0.2971166
vn 0.4785706 -0.8710123 -0.1109399
vn 0.6135485 -0.5193177 0.5948676
vn 0.2624402 0.5113326 0.8183301
vn 0.3431638 0.9148318 0.2128885
vn 0.9758168 -0.1913602 0.1056544
vn 0.9489707 -0.1498058 0.2775117
vn -0.1460167 -0.7892522 -0.5964564
vn 0.09581118 0.7889258 0.6069731
vn 0.4417793 -0.8798473 0.1752134
vn -0.6640642 -0.7379429 -0.1202451
vn -0.6695414 -0.646893 -0.3650258
vn -0.7767138 -0.3026464 -0.5523774
vn -0.9646189 -0.1682791 -0.2029594
vn -0.5918034 -0.797769 -0.1154703
vn -0.6039728 -0.6307304 -0.4872331
vn -0.7039431 -0.4351904 -0.561314
vn -0.9299068 -0.3174691 0.1857062
vn -0.03650259 -0.9799204 0.1960194
vn 0.4930883 0.8697341 -0.02065133
vn -0.7443731 -0.3083944 -0.5922852
vn -0.7158921 -0.5069907 -0.4800615
vn -0.7256784 -0.6856482 -0.05724864
vn -0.8670779 0.2310868 -0.441333
vn 0.5077325 0.82015 0.2637456
vn 0.2045166 -0.978034 0.04028077
vn -0.8210745 0.511968 -0.2524391
vn 0.2889065 -0.539878 0.7906104
vn 0.4854596 -0.8038576 0.3437179
vn -0.273196 -0.9149941 -0.2969002
vn -0.7296108 -0.3629554 -0.5795959
vn 0.3705249 -0.9146554 0.1616071
vn 0.01439712 -0.9092128 0.4160828
vn -0.3990452 -0.9160842 -0.03940453
vn 0.8390311 -0.531368 -0.1169397
vn 0.3761048 0.8861648 0.2706603
vn 0.37095 0.8477241 0.3791569
vn 0.01854146 -0.9896977 0.1419671
vn 0.1649415 -0.981649 -0.09570524
vn 0.2942824 0.9505703 0.09906562
vn 0.6543196 -0.3098986 0.6898035
vn 0.4420998 -0.8926579 0.08780468
vn -0.04086812 0.907142 -0.4188357
vn -0.1805974 0.7527238 -0.6330809
vn 0.1620677 0.9234358 -0.3478511
vn 0.7822994 -0.4879534 -0.3871811
vn 0.1836509 -0.9799656 -0.07707052
vn -0.0698124 0.924749 -0.3741197
vn 0.2157317 0.6530117 -0.7259722
vn 0.9098388 -0.4034108 -0.09722696
vn 0.1271165 -0.9915369 -0.02638484
vn 0.5189756 -0.7774488 0.3552995
vn 0.984448 -0.07931706 0.1567514
vn 0.5499737 0.4705057 -0.6900387
vn 0.7068881 -0.7071671 -0.01496199
vn 0.7319465 -0.6805964 -0.03229309
vn 0.7267188 -0.5744904 0.3766173
vn -0.08138762 0.8910465 -0.4465559
vn -0.4375021 -0.8820921 -0.1746584
vn 0.5860758 0.5774602 0.5683792
vn 0.05354374 0.9724885 -0.2267142
vn 0.2433066 0.6776757 -0.6939435
vn 0.26358 -0.935285 -0.2361517
vn 0.09373505 0.9899277 -0.1060983
vn -0.02881708 0.8346362 -0.5500473
vn -0.8917535 0.3839718 -0.2394607
vn 0.1684767 0.6385341 -0.7509259
vn 0.170624 0.8159902 -0.552311
vn 0.2200463 0.7893271 -0.5731862
vn 0.3986197 -0.9047697 -0.1499807
vn -0.0612749 -0.9712046 0.2302328
vn -0.1404866 0.7231491 -0.6762536
vn 0.4465221 0.5815979 -0.6799721
vn 0.6481072 -0.753413 -0.1110227
vn 0.625045 -0.7789986 0.04979897
vn 0.7029234 0.469638 -0.5341713
vn 0.1627043 0.6887757 -0.706481
vn -0.2309543 0.8225025 -0.5197594
vn 0.06497798 -0.9786984 -0.1947496
vn 0.4180326 0.1165744 -0.9009213
vn 0.3324617 0.8397079 -0.4293714
vn -0.1720122 0.7926637 -0.5848898
vn -0.2887652 -0.8646764 -0.4110346
vn -0.6378199 -0.3175215 -0.701688
vn -0.5759579 0.4444858 -0.6860794
vn -0.1677052 -0.8219857 -0.5442557
vn -0.2916776 -0.9563979 -0.01507042
vn -0.8413206 0.02661411 -0.5398809
vn -0.4206985 -0.1294834 -0.8979124
vn -0.002518311 -0.8401403 -0.5423633
vn -0.1819936 -0.9815398 0.0588055
vn -0.04090622 0.9071329 -0.4188515
vn 0.4562571 -0.6849863 0.5679994
vn -0.5266557 -0.3275191 -0.7844521
vn -0.1489028 -0.8981333 -0.4137445
vn 0.1276554 0.1707874 -0.9770035
vn -0.3681604 0.8015004 -0.4712271
vn -0.8651944 -0.4717708 -0.1699146
vn -0.2228055 0.8674326 -0.4448802
vn 0.4232249 0.7060304 -0.5678044
vn 0.4258756 -0.4035235 -0.809814
vn -0.148836 -0.8981281 -0.4137799
vn -0.04305032 -0.9968814 0.06613733
vn 0.5382145 -0.7844499 -0.3081616
vn 0.0883157 0.5784239 -0.8109415
vn -0.6279957 0.5680842 -0.5318851
vn 0.462877 0.557876 0.6888536
vn 0.155755 0.9506618 0.2682953
vn 0.08551425 0.9951935 -0.04772096
vn 0.5175755 -0.8525765 0.07231173
vn 0.9208321 -0.2843214 0.2668889
vn 0.4153713 0.9063753 0.07713939
vn -0.035842 0.9453949 0.3239504
vn 0.2832996 -0.4664002 0.837981
vn 0.265429 -0.01395052 0.9640295
vn 0.4995389 0.2720804 0.8224556
vn 0.7940333 0.3132746 0.5209319
vn 0.9522437 0.03254021 0.3036001
vn 0.5114054 -0.8329815 0.2112022
vn 0.7599915 -0.2469224 0.6012008
vn 0.4787906 0.5996697 0.6412144
vn 0.1450775 0.9371889 0.3172216
vn 0.7187776 -0.2450389 0.6506265
vn 0.7781197 0.4509485 0.4372358
vn 0.8939613 0.4428557 0.06864505
vn 0.8970793 -0.4394803 -0.04588916
vn 0.7036965 -0.6935091 0.1544548
vn 0.9731115 0.02103866 0.2293717
vn 0.692424 0.6630193 0.2845248
vn 0.5946947 -0.6888444 0.4145257
vn 0.6616059 -0.7403653 -0.1188988
vn 0.9573116 -0.009777713 -0.2888926
vn 0.6611798 0.7117585 -0.2371522
vn 0.2954231 0.9520507 0.07952795
vn 0.2519429 -0.8595628 -0.4446082
vn 0.6583063 0.5274856 -0.5370212
vn 0.945194 0.3255951 -0.02441739
vn 0.7284559 -0.4932403 0.4754641
vn 0.7897477 -0.5480909 -0.2754905
vn 0.8989545 0.1568551 -0.4089954
vn 0.6919517 0.1446449 -0.7073053
vn 0.438556 -0.4645059 -0.7693523
vn 0.4646831 -0.7534876 -0.4651087
vn 0.7828381 -0.3172748 -0.5352581
vn 0.7129445 0.4054414 -0.5721254
vn 0.4559297 0.3756866 -0.8068381
vn 0.4627545 -0.7931135 -0.3960168
vn 0.5612695 -0.009478735 -0.8275788
vn 0.1347492 0.4243256 -0.8954275
vn -0.2665808 -0.5021285 -0.8226795
vn -0.07838365 -0.8735077 -0.4804585
vn 0.1135597 -0.2864898 -0.9513295
vn 0.5494019 0.4027234 -0.7321007
vn 0.4719013 -0.8735731 -0.1190765
vn 0.1869022 -0.9328318 -0.3080461
vn 0.21342 0.6652026 -0.715512
vn -0.06008804 -0.1207091 -0.9908676
vn -0.2729477 -0.8122397 -0.5155252
vn 0.06047424 -0.9587166 -0.2778584
vn 0.1961485 -0.4904208 -0.849125
vn -0.2611824 0.5288214 -0.8075467
vn -0.6930301 -0.6755933 -0.2515612
vn -0.1816166 -0.663493 -0.7258047
vn 0.1243264 0.7768415 -0.6173009
vn -0.2929382 0.949402 -0.1132392
vn -0.9316392 0.009665027 -0.3632561
vn -0.7089401 -0.1777526 -0.6825013
vn -0.3921668 0.7684974 -0.5055858
vn -0.1740383 0.9690328 -0.1751748
vn -0.3268973 -0.8957376 -0.3013176
vn -0.5639128 -0.5970967 -0.5705067
vn -0.726959 0.1079257 -0.6781465
vn -0.4610046 -0.0867308 -0.8831493
vn -0.1192971 -0.5384454 -0.8341731
vn 0.03727971 -0.4000134 -0.9157507
vn -0.4315574 0.2427705 -0.8688041
vn -0.5961806 -0.2817424 -0.7517912
vn -0.2729457 -0.8122653 -0.5154858
vn -0.4783686 0.8763034 -0.05705933
vn -0.5412259 0.8260654 -0.1571324
vn -0.474675 0.6467149 -0.5970289
vn -0.2363929 -0.1015618 -0.9663352
vn 0.1243517 0.7768081 -0.6173377
vn -0.3025286 0.8668628 -0.3962642
vn -0.7168291 0.5740696 -0.3957274
vn -0.3706746 -0.8352956 -0.4060562
vn -0.7747266 -0.6217851 0.1148129
vn -0.8546109 -0.1002305 0.5095038
vn -0.6658888 0.5596669 0.4933204
vn -0.7223045 0.6627164 0.1976948
vn -0.3035527 -0.9415494 0.1460839
vn -0.712163 -0.05200093 0.7000855
vn -0.924943 0.2147098 0.3136562
vn -0.9226098 -0.3146076 -0.2231888
vn -0.9633307 0.1138826 -0.2429498
vn -0.575215 0.807416 -0.1311762
vn -0.2497263 0.9671116 -0.04828971
vn -0.272151 -0.9430678 -0.1911986
vn -0.7189816 -0.6579387 0.2240139
vn -0.471496 0.8589412 0.1997785
vn -0.4746078 0.8086107 -0.3477013
vn -0.613604 -0.5035584 -0.6082097
vn 0.5636147 -0.8245428 -0.04967728
vn 0.7842361 0.6143286 -0.08702885
vn 0.1427587 0.9885196 -0.04948679
vn -0.229103 0.9700717 0.0804528
vn -0.005412072 -0.9266847 -0.3758006
vn 0.2563106 0.8658143 -0.429733
vn 0.4566145 0.8628222 0.2168897
vn 0.2623777 -0.8620399 0.4336419
vn -0.1694146 0.9752136 0.1423277
vn -0.5293652 0.7703337 -0.3554695
vn -0.9541551 0.1861548 -0.2343807
vn -0.887237 -0.09459694 0.4515108
vn -0.1909353 -0.9620767 0.1948132
vn -0.8627881 -0.2692142 -0.4279256
vn -0.6372672 0.7705883 0.009178752
vn -0.418276 0.774886 0.4739165
vn -0.8872713 -0.09453391 0.4514565
vn -0.3082728 0.4490103 0.8386642
vn 0.03272387 0.8791919 0.4753429
vn -0.2925371 0.9549727 -0.04948924
vn -0.1907366 -0.9747067 -0.1164751
vn -0.007279485 0.5023769 0.8646181
vn -0.4182017 0.7749239 0.4739202
vn -0.7825127 0.6226347 -0.0002048583
vn 0.2246238 0.9516614 0.2094869
vn 0.1428562 0.988511 -0.04937836
vn -0.2472699 0.968842 0.01423865
vn -0.5598512 0.7643836 0.3198195
vn -0.4086124 -0.9049566 -0.1186989
vn -0.2902629 0.9403902 -0.1772391
vn -0.04048754 0.9825771 0.181392
vn -0.02536505 0.6963705 0.7172341
vn 0.08390599 0.9935561 0.07619808
vn 0.5301888 -0.6050465 -0.5939853
vn -0.06201486 -0.9396777 -0.3363928
vn -0.880541 0.3051946 0.3626345
vn -0.6690872 0.6794371 -0.3011438
vn -0.4238789 0.8821898 0.2051046
vn -0.1376972 0.8074062 0.5737026
vn 0.1876125 -0.9235151 0.3345466
vn -0.1067725 0.9725636 0.2066875
vn 0.1407652 0.8382164 0.5268572
vn 0.1071732 0.3903817 0.9143938
vn -0.199576 -0.5474938 0.8126623
vn -0.7706108 0.2237888 0.5967223
vn -0.1777472 0.6247431 0.7603303
vn 0.3695055 0.5294737 0.7636251
vn 0.2601089 -0.9432898 0.2062708
vn -0.3267657 0.9231088 0.2027176
vn 0.08432508 0.9905115 -0.1085191
vn 0.4978506 0.6932572 -0.5210942
vn 0.1869421 -0.9328456 -0.3079803
vn 0.1876508 -0.9235104 0.3345381
vn 0.479171 0.877694 0.006942382
vn -0.03725195 0.9214299 -0.3867547
vn -0.8253329 -0.3822002 -0.4156303
vn 0.6121855 0.7640201 -0.2037212
vn 0.2671263 0.944802 0.1897177
vn 0.06245532 0.7848203 0.6165683
vn 0.3844769 0.4058513 0.8291335
vn 0.01051545 0.947205 -0.3204561
vn -0.0798507 0.9613827 0.2633764
vn 0.4374661 0.7935219 0.4230206
vn 0.9695024 0.2146744 0.118237
vn 0.7789646 0.4165598 -0.4687131
vn 0.6589319 0.6581813 0.3641515
vn 0.9525703 0.2889301 0.09554754
vn 0.8378596 -0.2836896 0.4663813
vn 0.9023226 -0.02880536 0.4300979
vn 0.9314638 0.3026626 0.201917
vn 0.7419925 0.6077608 0.2829732
vn 0.8452429 -0.3192209 -0.4285585
vn 0.8486525 0.518424 -0.1050024
vn 0.4325934 0.8930651 0.1236839
vn 0.03260678 0.9972205 -0.0669931
vn 0.3674986 0.9206723 -0.1315572
vn 0.775828 0.6223051 0.1040542
vn 0.289786 0.896989 -0.3338185
vn 0.2670347 0.9448212 0.1897507
vn 0.9100946 0.3948816 0.1256837
vn 0.7698401 0.6020315 -0.2119066
vn 0.8075407 0.5340991 -0.2502323
vn 0.9734447 0.2265449 -0.03290588
vn 0.978087 -0.04261633 0.2037885
vn 0.8143458 0.3130915 0.4886866
vn 0.9100714 0.3949275 0.1257071
vn 0.930796 0.24219 -0.2737936
vn 0.9330361 -0.1299526 -0.3354935
vn 0.9478389 -0.2704099 0.1687598
vn 0.9117342 0.2264866 0.3427021
vn 0.7093842 0.5238423 0.4715541
vn 0.8528752 0.1395759 0.5031127
vn 0.9773521 -0.1244417 -0.1711641
vn 0.8676353 0.4560444 0.1980722
vn 0.8106042 0.1369912 0.5693455
vn 0.6876709 -0.4904129 0.5353541
vn 0.9314117 -0.04308585 0.3614081
vn 0.3998189 0.7892638 0.4660554
vn -0.170353 -0.530682 0.830275
vn 0.6150722 -0.085241 0.7838496
vn 0.8322661 0.09257563 0.5465921
vn 0.8126536 -0.1879464 0.551607
vn 0.3256064 0.1643561 0.9311109
vn 0.6507595 -0.2127074 0.7288812
vn 0.9314565 -0.04305872 0.3612958
vn 0.6213246 0.2245647 0.750684
vn 0.2225293 0.1398636 0.9648414
vn 0.5823099 -0.4787391 0.657057
vn 0.9900486 -0.1291223 0.05595686
vn 0.5197845 0.4789138 0.707436
vn 0.5374125 -0.0462354 0.8420511
vn 0.7353473 -0.5312565 0.4207503
vn -0.08421968 -0.338487 0.9371946
vn 0.2979342 0.3144447 0.90131
vn 0.637088 -0.04301113 0.7695901
vn 0.4286296 -0.5065038 0.7481515
vn -0.04796546 0.8514702 0.5222048
vn 0.3964296 -0.0462265 0.9169006
vn 0.5267394 -0.1312663 0.8398303
vn 0.2507272 -0.1976595 0.9476637
vn -0.5947142 -0.3202173 0.7374116
vn -0.5060176 -0.09553362 0.8572162
vn -0.2366725 0.5155883 0.8235016
vn 0.5133265 -0.2967052 0.8052714
vn 0.428554 -0.5064965 0.7481998
vn -0.01478311 0.05714532 0.9982564
vn -0.5367824 0.06507926 0.8412071
vn -0.5093827 -0.4794792 0.7145831
vn -0.0144869 -0.2135524 0.9768242
vn -0.2047192 0.6956969 0.6885462
vn 0.293107 0.6782733 0.6738202
vn 0.6980402 0.2356452 0.676174
vn 0.4313387 -0.2111889 0.8771239
vn 0.1385377 0.4114616 0.9008366
vn 0.2182733 0.8232844 0.5239844
vn 0.9015851 -0.04225983 0.4305328
vn -0.3202896 0.9037915 0.2838583
vn -0.2435029 0.9009387 0.3591877
vn 0.2981502 0.6556371 0.6937193
vn 0.05336649 0.4681157 0.8820542
vn 0.03506213 0.803515 0.5942512
vn 0.3192683 0.8104058 0.4912334
vn -0.356398 0.6984019 0.6206572
vn -0.4562772 -0.05226943 0.8883012
vn -0.2213989 0.04879288 0.9739619
vn 0.08317956 0.3458217 0.9346061
vn 0.2365459 0.7914154 0.5636557
vn -0.245029 0.7991818 0.5488801
vn -0.3529932 0.6250247 0.6962327
vn 0.2695609 0.690416 0.6713142
vn 0.28344 0.3053178 0.909089
vn -0.1607814 -0.5692847 0.8062657
vn -0.2990606 -0.3673242 0.8807018
vn -0.3623034 0.5251706 0.7700208
vn -0.07987589 0.9613847 0.2633617
vn 0.3974732 0.9009871 -0.1738884
vn 0.7713705 -0.339337 0.5383661
vn 0.211544 0.7325165 0.6470463
vn -0.5300293 0.7024125 0.4750638
vn -0.1819824 -0.6997842 0.6907853
vn -0.0624955 0.9918022 -0.1114578
vn 0.2633661 0.9645982 0.01373779
vn 0.636242 0.6329827 -0.4410544
vn -0.2283744 0.9659672 0.1214599
vn -0.2435078 0.9009592 0.3591329
vn 0.2562706 0.9535004 -0.1586263
vn 0.2634246 0.9645819 0.01375937
vn -0.0663 0.9942445 0.08415599
vn -0.115523 0.6013896 0.7905599
vn -0.4653994 0.8538896 0.2329722
vn -0.2655421 0.9419519 -0.2054608
vn 0.05742923 0.9980078 0.02612202
vn -0.2205419 0.9717211 0.08437646
vn -0.2320214 0.9723606 -0.02609729
vn 0.4277675 0.8330628 0.3507438
vn 0.1974037 0.7294055 0.6549805
vn 0.08672114 0.9681458 -0.2348898
vn 0.002512816 0.9704965 -0.241102
vn -0.01059255 0.9935982 0.112474
vn 0.2043184 0.8919331 0.4033724
vn -0.451405 0.7884505 0.417827
vn -0.2875225 0.9566815 0.04573147
vn 0.2041414 0.9639276 -0.1707915
vn 0.6872538 0.6815614 -0.2513095
vn -0.4172305 -0.4212572 0.8052709
vn -0.2232562 -0.3949867 0.8911466
vn 0.4069743 0.9109088 -0.06794873
vn 0.7239944 -0.2061022 -0.6582963
vn 0.8135244 0.5109073 0.2777624
vn -0.1259592 -0.5082243 0.8519638
vn 0.2877132 -0.9376531 -0.195007
vn 0.6917719 -0.7169361 0.08633853
vn 0.3185996 -0.9340125 0.1616011
vn 0.3905395 0.9131449 0.1168131
vn 0.2696616 0.6903679 0.6713232
vn 0.1736753 -0.6387638 0.749545
vn 0.6071019 -0.7940894 -0.02914395
vn 0.3737977 0.816042 0.4408523
vn 0.138027 0.963182 0.2307138
vn 0.2877159 -0.9376434 -0.1950499
vn 0.4170143 -0.7187358 -0.5563434
vn -0.160837 -0.5692303 0.806293
vn -0.01447639 -0.4695477 0.8827884
vn -0.4106656 0.7332084 0.5419955
vn -0.9306667 0.362049 0.05272631
vn -0.3287626 -0.633006 0.7008699
vn -0.4489694 -0.2367155 0.8616219
vn -0.7443756 -0.308362 -0.5922989
vn -0.7603446 -0.6469646 0.05755715
vn 0.9112616 0.2999505 0.2821912
vn -0.5881146 0.2767736 0.7599458
vn -0.03411216 0.63923 0.7682587
vn 0.2721441 -0.4375354 0.85703
vn -0.5007131 -0.1715125 0.8484514
vn -0.8491229 0.2763837 0.4501137
vn -0.9017129 0.3689791 0.2253183
vn -0.9001446 0.3984373 0.1760324
vn -0.171526 -0.9094996 -0.378668
vn 0.7373788 0.3736452 0.562727
vn 0.2534768 0.7816843 0.5698414
vn -0.4106661 0.7332112 0.5419915
vn -0.4490159 -0.2367397 0.861591
vn -0.7443746 -0.3084403 -0.5922592
vn -0.9026178 0.4038351 0.1489908
vn -0.8648272 0.3364248 0.3726827
vn -0.5632731 0.6181233 0.548313
vn -0.1226373 0.7359849 0.6657975
vn -0.2083545 0.7254602 0.6559694
vn -0.458917 -0.2877893 0.8405787
vn -0.2615039 0.4868909 0.8333985
vn -0.4354555 0.7209706 0.5390546
vn -0.9016947 0.3689968 0.2253621
vn 0.1697527 -0.3930211 0.9037247
vn 0.2440318 -0.06134176 0.9678252
vn -0.1621314 -0.5894964 0.7913326
vn 0.4905606 -0.703079 0.514811
vn 0.4407671 -0.5743232 0.6898386
vn -0.01254744 -0.6188117 0.7854392
vn 0.3530006 -0.524716 0.7746378
vn 0.6528425 -0.5610815 0.5089051
vn 0.3731378 -0.2847067 0.8830121
vn 0.2934863 -0.1189242 0.9485372
vn 0.08481852 -0.3662472 0.9266438
vn 0.3039609 -0.4558175 0.8365633
vn 0.1575083 0.5696776 0.8066341
vn 0.1197034 -0.1297289 0.9842975
vn 0.3530314 -0.5247293 0.7746148
vn 0.4933238 -0.6400029 0.5890908
vn 0.6103726 0.7816551 0.1282986
vn 0.5519102 0.7920892 0.2607484
vn 0.2448456 -0.162886 0.9557818
vn 0.07875653 -0.3204919 0.9439715
vn 0.3595544 -0.5327275 0.7661084
vn 0.3550357 -0.3749113 0.8563826
vn 0.1128652 -0.3342513 0.9357017
vn -0.1686322 0.2230274 0.9601156
vn 0.5735731 -0.3917638 0.7193992
vn -0.04937154 -0.195924 0.9793755
vn -0.4464857 -0.1227612 0.8863297
vn -0.6211509 0.2115744 0.7545912
vn -0.8052315 0.0373437 0.5917836
vn -0.4645551 -0.1222283 0.8770683
vn -0.08109286 -0.2359288 0.9683809
vn 0.3712819 0.9045671 0.2095428
vn -0.000314787 0.5651304 0.8250015
vn 0.07032601 -0.3056031 0.9495583
vn 0.3123997 -0.4850706 0.8167698
vn 0.7403789 -0.08066487 0.6673322
vn 0.6103961 0.7816336 0.1283185
vn 0.3038988 -0.4558507 0.8365678
vn 0.1049501 -0.2788394 0.9545859
vn -0.3372018 0.5459293 0.7669786
vn 0.1959332 -0.8725638 -0.4474847
vn -0.4762949 -0.02850238 0.8788235
vn -0.05831215 -0.2536123 0.9655468
vn 0.5485557 -0.8071187 0.2182799
vn 0.5180418 -0.8542344 0.04377579
vn 0.5380234 -0.3623547 0.7610716
vn -0.5842674 -0.04720557 0.8101872
vn -0.1416689 -0.8109308 -0.5677333
vn 0.2083588 -0.6183164 0.7578071
vn 0.2530155 0.488931 0.8348231
vn -0.4124637 0.2037305 0.8879007
vn 0.5381036 -0.3623315 0.761026
vn 0.5614825 -0.7878548 0.2530262
vn 0.08911584 0.3095736 0.9466903
vn 0.09299047 0.0668569 0.9934198
vn 0.3046513 -0.4903504 0.816544
vn 0.2082639 -0.8193157 -0.5341798
vn 0.1255844 -0.2795472 -0.9518834
vn -0.274309 0.2431746 -0.9303874
vn -0.4795969 0.6518999 -0.5873784
vn -0.2754394 -0.848054 -0.4527003
vn -0.2371509 -0.3784599 -0.8947221
vn -0.1118154 0.3962869 -0.9112925
vn -0.2747357 0.8696204 -0.4102203
vn -0.4709599 -0.6426599 -0.6043054
vn -0.5639888 0.5691319 -0.5983357
vn -0.2762308 0.6206824 -0.7337916
vn 0.01767649 -0.452395 -0.8916425
vn 0.06210235 -0.8564481 -0.5124841
vn -0.324228 0.7904634 -0.5196575
vn -0.4634569 0.2747778 -0.8424398
vn -0.1906869 -0.7270972 -0.6595212
vn -0.2099195 0.6482978 -0.7318769
vn -0.6416051 0.4871712 -0.5924585
vn -0.5843781 0.7791026 -0.2269394
vn -0.3150194 0.9344655 -0.1659427
vn -0.3248241 -0.6842443 -0.6529157
vn -0.2472745 0.9265839 -0.2833685
vn -0.5632789 0.6577359 -0.5001004
vn 0.3007256 -0.8679962 -0.3951542
vn 0.3012791 -0.844842 -0.4421231
vn -0.1195246 -0.814113 -0.5682727
vn -0.8609854 0.5058876 0.05274377
vn -0.4566364 0.8874731 -0.06224718
vn -0.177389 0.8962382 -0.4065591
vn -0.6610894 0.3620532 -0.6571745
vn 0.09941604 -0.8874742 -0.4500068
vn 0.1161118 -0.8986589 0.4230015
vn -0.1136146 -0.8695339 -0.4806273
vn -0.271903 -0.1879245 0.9437972
vn -0.1802409 0.7326409 0.6563159
vn -0.6659494 0.6414982 0.3807775
vn -0.8498847 0.3968448 0.3467135
vn -0.5336103 0.3673112 0.7618021
vn 0.03701034 -0.4822848 0.8752323
vn 0.1064307 -0.926598 -0.3606781
vn -0.160486 -0.6483771 0.744212
vn -0.08017366 0.6701399 0.737892
vn 0.02691689 0.1393493 0.9898774
vn 0.1603126 -0.5972708 0.7858546
vn 0.05053907 -0.8359382 0.5464917
vn -0.1724965 0.1671859 0.9707182
vn -0.02555068 0.3068201 0.9514245
vn -0.4694888 -0.232348 0.8518184
vn -0.3132166 -0.8001922 0.5114567
vn -0.2774436 0.9182183 0.2826665
vn -0.7518721 0.1359225 0.6451461
vn 0.1079532 -0.2006483 0.9736973
vn -0.289112 -0.2102777 0.9339151
vn -0.2048221 0.7609867 0.6155869
vn -0.5899658 0.633397 0.5007482
vn 0.02283935 -0.9262255 0.3762774
vn -0.2321003 -0.968899 0.08581568
vn -0.9602835 -0.03102718 0.2772957
vn -0.7664388 0.2251966 0.6015463
vn -0.3225614 -0.1365993 0.9366402
vn -0.08345395 -0.8587463 0.5055594
vn -0.6964936 -0.4210279 0.5810612
vn -0.7005339 0.6241261 0.346004
vn -0.2470494 0.9134163 0.3234767
vn -0.5581282 -0.8115849 0.1726924
vn -0.9766999 -0.1971085 0.08488533
vn -0.809372 0.5817702 -0.08037635
vn -0.2898395 -0.9570325 -0.009047622
vn -0.2739058 -0.8700507 0.4098625
vn -0.8330037 0.4778372 0.2788843
vn -0.9336091 -0.3309402 -0.1373046
vn -0.3211959 -0.9432542 -0.08428916
vn -0.9975865 -0.04872151 -0.04947084
vn -0.6653921 0.6892773 0.2866185
vn -0.3319541 0.8433816 0.4225092
vn -0.09966739 -0.989163 0.1078097
vn -0.2793618 -0.9508433 0.1336188
vn -0.6468472 0.4442535 0.6198609
vn -0.4713468 0.870816 0.1396843
vn -0.6857672 0.678079 -0.264447
vn -0.6541159 -0.7377673 -0.166829
vn -0.7009141 0.7103144 -0.06459774
vn -0.5491176 0.7989825 0.2451465
vn -0.6025696 -0.7125912 0.3593377
vn -0.7285008 -0.6575419 0.1921591
vn -0.8462853 0.4919077 0.2045193
vn -0.57302 0.8184352 0.04256798
vn -0.225869 -0.9741413 -0.005648529
vn -0.41746 -0.8736328 -0.2499859
vn -0.8832009 -0.1836667 -0.4315353
vn -0.8581028 0.4951376 -0.1360089
vn -0.4467262 -0.8946178 -0.009731178
vn -0.4433578 -0.8902752 0.1041339
vn -0.9754695 -0.2141004 -0.0511901
vn -0.8589098 -0.1233689 -0.4970454
vn -0.3009613 -0.8678046 -0.3953952
vn -0.4106102 -0.8484978 -0.3338425
vn -0.7166433 -0.4079471 -0.5656867
vn -0.7971931 0.3625984 -0.4827064
vn -0.5333458 -0.7317945 -0.4242865
vn -0.4749312 -0.8779937 -0.05972841
vn -0.9336137 -0.08226634 -0.3487088
vn -0.6666255 -0.2695228 -0.694959
vn -0.185443 -0.8631711 -0.4696238
vn -0.3826984 0.9054903 0.1833828
vn -0.692102 0.7217942 0.002821872
vn -0.2514464 0.9233268 -0.290245
vn -0.6129082 0.5665344 -0.5508015
vn -0.5119593 -0.7685421 -0.3837197
vn -0.3134085 0.8731111 -0.3734328
vn -0.3113345 0.9494743 -0.0396148
vn -0.7627405 0.6464267 -0.01895745
vn -0.5904238 -0.5472404 -0.5932348
vn 0.01757902 -0.4523895 -0.8916472
vn 0.3488826 -0.8202807 -0.4532334
vn -0.2506527 -0.9678752 -0.01976704
vn -0.6956999 0.7058306 -0.1334349
vn -0.2008163 0.895525 -0.3971244
vn 0.06211532 -0.8563908 -0.5125782
vn -0.3206663 -0.928754 -0.1859812
vn -0.4174455 -0.8736458 -0.2499647
vn -0.6284629 -0.186687 -0.7551042
vn -0.5080813 0.7186828 -0.4747087
vn -0.4528305 0.890241 -0.04914772
vn -0.8944902 0.434596 0.1049454
vn -0.7679063 0.5085914 -0.3894288
vn -0.4807802 -0.04716539 -0.8755718
vn -0.3008929 -0.8678188 -0.3954163
vn -0.2506306 -0.9678811 -0.01976239
vn -0.5364814 0.7905541 0.2953168
vn -0.7586691 0.6437108 0.1002874
vn -0.9194462 -0.2716732 -0.2842751
vn -0.7166454 -0.4079628 -0.5656728
vn -0.5802429 0.8144243 -0.005598618
vn -0.8953511 0.2639164 0.3587403
vn -0.4749442 -0.8779927 -0.05963944
vn -0.8394063 -0.5153131 -0.1727703
vn -0.6876894 0.6561906 -0.3106402
vn -0.5793536 0.3814984 -0.7202836
vn -0.3695583 -0.7192715 -0.5882815
vn -0.3055187 -0.8854771 -0.3501267
vn -0.4981536 0.6870426 -0.5289758
vn -0.8220146 0.2205352 -0.5250298
vn -0.6218693 -0.690464 -0.3695106
vn 0.02664676 -0.8649479 -0.5011538
vn -0.6877058 0.5086958 -0.5179666
vn 0.2023225 0.8778911 -0.4340195
vn -0.1263328 0.4451308 -0.8865092
vn 0.2199864 -0.9754255 0.01228878
vn -0.07573549 0.8916907 -0.4462645
vn -0.04254568 0.3702345 -0.9279636
vn -0.3354236 -0.7249376 -0.6016284
vn -0.7668708 -0.5788038 0.2773001
vn -0.5954872 0.6438712 -0.4804423
vn 0.1765518 0.2659087 -0.947693
vn 0.1175464 -0.9181182 0.3784728
vn 0.1565308 -0.9875804 -0.01352896
vn -0.3159877 -0.1859544 -0.9303616
vn -0.1262905 0.4451136 -0.8865239
vn -0.4979068 -0.8595069 0.1154841
vn -0.497937 -0.8594799 0.1155555
vn -0.2217574 0.596588 -0.7713019
vn -0.3446778 0.6760179 -0.6513041
vn -0.0196529 -0.9989982 -0.04020195
vn 0.2551277 -0.8604931 -0.4409779
vn -0.02210584 -0.9134272 -0.4064014
vn -0.6572766 0.4664227 -0.5919775
vn -0.4978724 -0.8595155 0.1155688
vn -0.05355028 -0.9517056 0.3023057
vn -0.1696399 0.4355058 -0.8840571
vn -0.4775495 0.6673576 -0.5714721
vn -0.1057554 -0.9877458 0.1147775
vn -0.2633485 -0.913072 0.311363
vn -0.37629 -0.7220992 0.5804985
vn -0.6445189 0.4183236 -0.6400007
vn -0.1118926 -0.9930321 0.03697561
vn -0.01964852 -0.9989962 -0.04025523
vn -0.3810172 0.8240833 -0.4191808
vn -0.4442213 0.4630546 -0.7669732
vn 0.3402025 -0.8898236 -0.304099
vn -0.2082591 -0.9708415 0.1187226
vn -0.6572707 0.4663978 -0.5920038
vn -0.4442706 0.4630218 -0.7669644
vn -0.02135493 -0.7727511 -0.6343499
vn -0.5235195 0.6378238 -0.5648966
vn -0.6440475 0.2667227 -0.7169811
vn -0.2438056 -0.8993095 0.3630444
vn -0.376613 -0.9181331 -0.1232645
vn 0.01660034 -0.9252598 -0.3789705
vn -0.01965231 -0.9989975 -0.0402222
vn -0.522209 0.165397 -0.8366252
vn -0.2082538 -0.9708455 0.1186984
vn 0.1867309 -0.9649093 -0.1846122
vn 0.1867454 -0.964906 -0.1846144
vn -0.6572674 0.466363 -0.5920348
vn -0.02122796 -0.9119568 -0.4097367
vn -0.08289157 -0.8379048 -0.5394855
vn -0.410224 -0.8614223 -0.2994461
vn 0.2107966 -0.9186311 -0.3341883
vn 0.4288983 -0.818613 -0.3819935
vn -0.4657808 0.03613177 0.8841622
vn -0.869159 0.487174 0.08499521
vn -0.8678201 0.07345767 -0.4914185
vn 0.2328385 -0.8173665 -0.5269707
vn -0.1201463 -0.8349797 -0.5370044
vn -0.8564729 0.001399023 -0.5161902
vn -0.968113 0.2369985 -0.08117188
vn -0.1136061 -0.8695379 -0.480622
vn -0.9210714 0.3893931 0.0008015297
vn -0.6746162 0.4904501 -0.5516808
vn -0.5458083 0.7854225 -0.2918985
vn 0.08921883 -0.84823 -0.5220592
vn -0.002486438 -0.9161883 -0.4007403
vn -0.868576 0.1065851 -0.4839581
vn -0.4076397 0.4978846 -0.7654677
vn -0.3029763 0.7521769 -0.5851797
vn -0.3029004 0.7521831 -0.585211
vn -0.05391911 0.8987858 -0.4350595
vn -0.8643295 0.4955795 0.08564775
vn -0.002538674 -0.9162132 -0.4006831
vn -0.8546327 0.3527558 -0.381007
vn -0.7658491 0.4932639 -0.4125117
vn -0.2962865 0.4982265 -0.8148525
vn -0.02131167 -0.9119355 -0.4097798
vn -0.0240352 -0.6590481 -0.7517167
vn -0.4795368 0.6519063 -0.5874205
vn -0.1618333 0.8822998 -0.4419921
vn -0.6144008 0.6704721 -0.4159074
vn -0.4758802 0.5799921 -0.661171
vn -0.2211373 0.9264517 -0.304607
vn -0.2153257 0.567975 -0.7943798
vn -0.6800364 -0.3780763 -0.628179
vn -0.1054998 0.8535835 -0.5101619
vn -0.5603059 0.3826679 -0.7345901
vn -0.8951084 0.2486924 -0.3700447
vn -0.870439 0.4459595 -0.2084614
vn -0.007116705 -0.8622609 -0.5064144
vn -0.6757014 0.7279301 0.1163849
vn -0.8541947 0.2261892 -0.4681772
vn 0.3319939 -0.8700013 -0.3645241
vn -0.8546474 0.3527859 -0.380946
vn -0.86008 0.4288126 -0.2763732
vn -0.3354277 0.8952834 -0.2931824
vn -0.04238478 0.009553866 -0.9990557
vn -0.9764064 -0.2027357 -0.07435577
vn -0.1845999 0.8827009 -0.4321597
vn -0.6022187 0.6620219 -0.446161
vn 0.3860883 -0.9222412 -0.02017283
vn -0.2428975 -0.7351723 -0.6328685
vn -0.7319778 -0.1089676 -0.6725582
vn -0.6478152 0.5993465 -0.4702332
vn 0.06632446 0.9595823 -0.2735011
vn 0.4882474 -0.855853 0.1706754
vn -0.962327 0.1376622 -0.2344695
vn -0.4146925 0.1868397 -0.8905734
vn 0.05996644 -0.1919781 -0.9795654
vn -0.9238557 0.3780367 0.05982284
vn -0.5100494 0.6424639 -0.5719175
vn -0.3029161 0.7521965 -0.5851856
vn 0.3776462 0.506116 -0.7753902
vn 0.1565931 -0.987572 -0.01342248
vn 0.2199696 -0.9754294 0.01228049
vn -0.3659788 0.8194205 -0.4411458
vn -0.917469 0.3895559 -0.08060318
vn 0.2199339 -0.975438 0.01223748
vn -0.4718687 0.6406657 -0.6057124
vn -0.4654556 0.8813636 -0.08092696
vn 0.3258278 0.1138925 -0.9385439
vn 0.1767385 0.43745 -0.8817035
vn 0.00169009 0.9809811 -0.1940959
vn -0.7155455 0.6984262 -0.01397694
vn 0.4389911 -0.8831784 0.1651749
vn 0.1565468 -0.9875788 -0.01346515
vn 0.1234165 0.6092654 -0.7833033
vn -0.8122101 0.3382848 -0.4752663
vn -0.7549638 -0.6453235 0.1165644
vn -0.5854329 -0.6939939 0.4190953
vn -0.5678875 0.6962121 -0.4390816
vn -0.4994516 0.05952684 -0.8642944
vn 0.2510819 -0.8898361 -0.380985
vn 0.2924737 -0.9562735 0.0001238205
vn 0.8396414 0.2906584 -0.4588246
vn 0.8943759 0.1046695 -0.4348978
vn 0.6758487 -0.4287204 -0.5995227
vn 0.394702 -0.9072841 -0.1450719
vn 0.900311 -0.4256648 -0.09082722
vn 0.6294214 0.4479956 -0.6349242
vn 0.3502865 0.1797417 -0.9192346
vn 0.3792256 -0.6994103 -0.6058162
vn 0.2246627 0.3901729 -0.892912
vn 0.4603791 0.5009606 -0.732864
vn 0.7994649 -0.04498844 -0.5990258
vn 0.7673866 -0.6171082 -0.1740557
vn 0.4480056 0.5687802 -0.6897682
vn 0.4588279 0.1230064 -0.8799695
vn 0.5690928 -0.6026815 -0.5593822
vn 0.2280956 -0.9668081 0.1151286
vn 0.1064395 0.7988088 -0.5920939
vn 0.3307355 0.7009653 -0.6318716
vn 0.7933457 0.1863914 -0.5795351
vn 0.8459092 -0.5330354 -0.01763184
vn 0.2351765 0.7256449 -0.6466309
vn 0.2585872 0.5270272 -0.8095523
vn 0.4421622 -0.8671221 -0.2293292
vn 0.2447783 -0.9467754 0.2090452
vn 0.0302087 -0.9325329 0.3598192
vn 0.1423998 0.7401178 -0.6572275
vn 0.9533079 -0.2530897 -0.1647715
vn 0.6932517 -0.671006 0.2629697
vn 0.5612636 -0.6690865 0.487141
vn 0.3189419 0.7105642 -0.6271958
vn 0.5404444 -0.8230276 -0.1747724
vn -0.1257355 -0.9450653 0.3017322
vn -0.789573 0.1994513 -0.5803394
vn 0.4204749 -0.6569635 0.6257794
vn 0.2823492 -0.8459187 0.4524385
vn 0.3277919 -0.9433474 0.05146018
vn 0.3782454 -0.7773804 0.5026034
vn 0.002441346 -0.7721791 0.6354002
vn -0.3551341 -0.8586743 0.3695378
vn 0.2685128 -0.8621093 0.4297307
vn 0.2364063 0.7515086 -0.6159114
vn 0.6566815 0.3835147 -0.6493734
vn 0.6416801 -0.7668223 -0.01517346
vn 0.6729262 -0.6602684 0.3334904
vn 0.8187379 0.2693149 -0.5070873
vn 0.484726 0.5462905 -0.6830867
vn 0.2256001 -0.9534461 0.200113
vn 0.5299996 -0.8451022 0.07002021
vn 0.138779 0.6889914 -0.7113587
vn 0.4063735 -0.6842629 0.605512
vn 0.1284717 -0.8330898 0.5380114
vn -0.01030705 -0.952517 0.304311
vn 0.2116819 0.6460913 -0.7333191
vn 0.9003262 -0.06002095 0.4310571
vn 0.4469977 -0.8279025 0.338778
vn 0.04382712 -0.975977 0.21342
vn 0.5135523 -0.8074333 0.2903713
vn 0.1980757 0.6739042 -0.7117719
vn -0.3604193 -0.9091282 0.2087672
vn -0.2816949 -0.9459406 -0.1607619
vn 0.2493089 0.7537096 -0.6080847
vn 0.1893215 -0.8260248 0.5308865
vn -0.231592 -0.8862019 0.4012624
vn -0.4748544 -0.7036709 0.5285457
vn -0.5407979 0.6555359 -0.5270771
vn -0.04430724 0.3441702 -0.9378613
vn 0.1406129 -0.97564 0.1683884
vn 0.2228587 -0.7701799 0.5976259
vn 0.05975892 0.8380826 -0.5422606
vn -0.6777831 -0.5594282 -0.4771271
vn -0.2576644 -0.9184595 0.3000689
vn -0.4194929 -0.9063132 0.05120521
vn -0.7334042 -0.1161979 -0.6697883
vn -0.5407845 0.7235752 -0.4289419
vn -0.499887 -0.7388052 0.4519734
vn -0.6145476 -0.714215 0.3350048
vn -0.9391544 -0.2724783 -0.209152
vn -0.4334539 0.5643806 -0.7025612
vn -0.2110366 -0.9377944 0.2756904
vn -0.5563583 -0.8046634 -0.2073216
vn -0.7062835 0.4863071 -0.5144599
vn -0.7891598 -0.4411314 -0.4273523
vn -0.692469 -0.699572 0.1763117
vn -0.6610216 -0.7488308 -0.04798793
vn -0.943738 -0.2150794 -0.2511961
vn -0.9037803 -0.4165636 -0.09826461
vn -0.4021949 -0.9023648 0.1548453
vn -0.3365765 -0.9378974 0.08405147
vn -0.9239932 0.06770952 -0.3763668
vn -0.7578003 -0.2639771 -0.5967034
vn -0.400899 -0.6674355 -0.6275427
vn -0.1178017 0.2817563 -0.952227
vn -0.5935612 0.292556 -0.7497308
vn -0.7177641 -0.6656472 -0.2042755
vn -0.2853659 -0.9572966 -0.04636436
vn -0.714972 -0.09350453 -0.6928723
vn -0.3465969 0.5622006 -0.7508669
vn -0.2884618 0.2354659 -0.9280871
vn -0.3596372 -0.6379892 -0.6809046
vn -0.1964111 -0.9217591 -0.3343394
vn -0.1638039 0.3877522 -0.9070923
vn -0.4702225 0.2137196 -0.8562796
vn -0.5893618 -0.6659614 -0.4573272
vn -0.2253865 0.3694751 -0.9014927
vn 0.1527268 0.7396418 -0.6554422
vn 0.330716 0.7009284 -0.6319228
vn -0.1661926 -0.9790986 -0.1172436
vn -0.6543354 -0.6673426 -0.355667
vn 0.01680737 0.8417059 -0.5396748
vn 0.2651157 0.4994814 -0.8247617
vn -0.1511214 -0.5253956 -0.8373302
vn 0.007821499 0.4913383 -0.8709337
vn -0.04621907 0.5071149 -0.8606383
vn -0.1393427 0.05721177 -0.9885901
vn -0.07867835 -0.6020725 -0.7945555
vn 0.2053651 -0.7505082 -0.6281422
vn 0.1264093 0.07688411 -0.9889942
vn -0.2533072 0.3356493 -0.9072899
vn -0.3626019 -0.8174365 -0.4475684
vn 0.4736531 0.3292104 -0.816868
vn 0.0158873 0.7073526 -0.7066824
vn -0.3691592 0.1363775 -0.9193056
vn 0.03061733 -0.8452137 -0.5335509
vn 0.3102082 -0.4744422 -0.8238176
vn -0.05053204 0.1837186 -0.9816791
vn -0.08925351 0.6119876 -0.7858149
vn 0.2558104 -0.9599943 -0.1138948
vn -0.03957782 -0.6109391 -0.7906877
vn 0.05866769 0.7560297 -0.6519028
vn 0.4270269 0.6379039 -0.6408796
vn 0.503016 0.04711477 -0.8629919
vn 0.3792281 -0.6994522 -0.6057661
vn 0.4900055 -0.8242775 -0.2836568
vn 0.1595342 0.6508896 -0.7422207
vn 0.1754069 0.07736896 -0.9814512
vn 0.8260946 -0.5618366 -0.04367515
vn 0.9762067 0.1554141 0.1512183
vn 0.993369 0.01409389 0.1141024
vn 0.9068979 -0.4141642 -0.07748681
vn 0.733142 -0.671382 0.1083931
vn 0.9271477 -0.2298991 0.2958777
vn 0.9861243 0.164278 -0.02390699
vn 0.9796128 0.125487 0.1568811
vn 0.980453 -0.01364136 0.1962802
vn 0.8282454 0.5008646 0.2512853
vn 0.5021136 0.6466116 -0.5742608
vn 0.8174917 0.3619727 -0.4479766
vn 0.939062 0.3267132 -0.1068697
vn 0.7360653 0.6547784 -0.1716777
vn 0.9150126 0.3356074 -0.2238742
vn 0.9495143 -0.2863194 -0.128234
vn 0.8928475 0.05888896 -0.4464923
vn 0.6741582 0.3959387 -0.6234928
vn 0.5908552 0.6603422 -0.4635065
vn 0.8434218 0.4965126 -0.2052192
vn 0.8481318 0.2751257 -0.4527453
vn 0.5669354 0.4670914 -0.6785352
vn 0.7803708 0.4840477 -0.3958778
vn 0.974999 0.2199153 -0.0318489
vn 0.796589 -0.5130747 0.3196878
vn 0.8533801 -0.242129 0.4616447
vn 0.9288735 0.117472 0.3512753
vn 0.9824129 0.12617 0.1376443
vn 0.9571314 -0.2876312 -0.03417312
vn 0.9593782 0.0130776 0.2818199
vn 0.8863143 -0.09840574 0.4525079
vn 0.7879032 -0.5254472 0.3211133
vn 0.9330212 -0.1135704 0.341428
vn 0.7793211 0.5284272 0.3367839
vn 0.6965863 0.6652808 -0.2686429
vn 0.9670912 -0.152494 -0.2036667
vn 0.9647148 -0.2281396 -0.131445
vn 0.8916209 0.4267565 -0.1512976
vn 0.8988054 0.3572331 0.2540341
vn 0.6936851 -0.7017041 0.1625191
vn 0.963879 0.005641149 -0.266281
vn 0.7429083 0.314247 -0.5910467
vn 0.7053134 0.6006166 -0.3765537
vn 0.7404234 0.6719011 0.01795005
vn 0.6466858 0.6801366 -0.3452703
vn 0.6367652 0.5397456 -0.5506404
vn 0.8896928 0.3859207 -0.2439504
vn 0.9762148 0.1554668 0.1511114
vn 0.946542 0.3171835 -0.05876173
vn 0.7468327 0.5393768 -0.3889906
vn 0.8244064 0.5636948 -0.05101315
vn 0.9027275 0.3050926 0.3033175
vn 0.8371312 0.3862616 0.3873156
vn 0.7165179 0.6973622 0.01697041
vn 0.9062141 0.3810383 -0.1832646
vn 0.9804507 -0.01363025 0.1962919
vn 0.9407766 -0.1662397 0.2954719
vn 0.4398172 0.873494 0.2087323
vn 0.2600922 0.9490744 0.1777917
vn 0.9297263 0.3489206 -0.1177432
vn 0.9756157 0.1936724 0.1032718
vn 0.6661537 0.6598151 0.3476829
vn 0.498193 0.7497644 0.4354963
vn 0.6811002 -0.7123015 0.1694967
vn 0.3271764 0.8004022 -0.5023068
vn 0.1602506 0.7799081 -0.6050315
vn 0.4635454 0.6604056 -0.5907538
vn 0.7353729 0.5305909 -0.4215448
vn 0.7132559 0.6800489 -0.1697042
vn 0.4280974 0.7959532 -0.4280083
vn 0.3773321 0.5988939 -0.7063614
vn 0.5665213 0.3539581 -0.7441553
vn 0.9670031 -0.101205 0.2338001
vn 0.7567731 0.6298714 0.1748042
vn 0.6816792 0.6653169 0.3044125
vn 0.592473 0.7969886 -0.1174092
vn 0.971608 0.2330463 -0.04083372
vn 0.863745 0.4407924 0.2442266
vn 0.4196775 0.7670009 0.4853663
vn 0.04298168 0.893536 0.4469295
vn 0.4201562 0.1577959 -0.893627
vn 0.4088967 0.8970102 -0.1678575
vn -0.2695498 0.9620591 -0.04225153
vn -0.7749175 0.3790183 -0.5058141
vn -0.5161422 0.08848193 -0.8519203
vn -0.1903066 0.8296552 -0.5248387
vn 0.1340823 0.9640549 0.2293905
vn -0.0585159 -0.9731746 0.222502
vn 0.2966555 0.04749354 -0.9538029
vn 0.163375 0.4580455 -0.8737866
vn 0.1367273 0.737469 -0.6613963
vn 0.3772928 0.5989371 -0.7063459
vn 0.06132336 0.1025813 -0.9928326
vn -0.07545872 0.5225053 -0.8492904
vn 0.3561645 0.5122993 -0.7814705
vn 0.5481363 0.2401669 -0.8011657
vn -0.2619618 -0.8390585 0.4768195
vn -0.3068076 -0.8514445 0.4253367
vn -0.3595463 0.2642142 -0.8949398
vn -0.1102365 0.8213166 -0.5597205
vn 0.1235292 0.836471 -0.5339072
vn 0.3083331 0.262744 -0.9142736
vn -0.644512 0.4183549 -0.6399872
vn -0.6568446 -0.7325244 0.1787823
vn 0.3053542 0.366156 -0.8790271
vn 0.2669367 0.06961889 -0.9611962
vn -0.06389712 0.8426237 -0.5346985
vn -0.02416022 0.8443024 -0.5353222
vn 0.2756161 0.7421733 -0.610913
vn 0.1396806 0.8205228 -0.5542849
vn -0.03008758 0.4383671 -0.8982923
vn -0.03339119 0.6951303 -0.7181078
vn 0.1478994 0.8072641 -0.5713584
vn 0.2718042 0.2875454 -0.91839
vn 0.09802465 0.1055693 -0.9895688
vn -0.4691249 0.4376857 -0.7670418
vn -0.2382288 0.7970895 -0.5548833
vn 0.05893729 0.1425377 -0.9880331
vn 0.305364 0.3661231 -0.8790374
vn -0.09115889 -0.840125 0.5346776
vn 0.1258188 0.7164582 -0.6861904
vn 0.4585039 0.592122 -0.6626958
vn 0.7813503 0.3229013 -0.534066
vn 0.8187605 0.2693591 -0.5070276
vn 0.9889112 0.06330825 0.1343383
vn 0.8196742 0.3729184 -0.4348173
vn 0.4671906 0.5513372 -0.691202
vn 0.2620169 0.7397207 -0.6198068
vn 0.1709265 0.747849 -0.6414874
vn 0.05970879 0.8380942 -0.5422481
vn 0.2756118 0.7421477 -0.6109459
vn 0.564959 0.4867956 -0.6662216
vn 0.7371138 0.5283599 -0.4213064
vn 0.130351 0.6764873 -0.7248266
vn 0.1920595 0.7519327 -0.6306428
vn 0.5538301 0.5343797 -0.6385221
vn 0.2903661 0.5969896 -0.7478576
vn 0.4444649 0.1431839 -0.884279
vn 0.1010879 0.3062719 -0.9465616
vn 0.2485239 0.4125155 -0.8763942
vn 0.2130282 0.6760377 -0.7054021
vn 0.456079 0.3105844 -0.833984
vn 0.09573576 0.1402008 -0.9854838
vn 0.1709339 0.747828 -0.6415099
vn 0.4022955 0.506104 -0.7629005
vn 0.09068511 0.7442473 -0.6617191
vn 0.3902881 0.5354793 -0.7489573
vn 0.5784723 0.2700956 -0.7696871
vn 0.8078411 0.4145134 -0.4190123
vn 0.5020617 0.6466405 -0.5742736
vn 0.2090779 0.4946039 -0.8435956
vn 0.3053474 0.366173 -0.8790224
vn 0.1694266 0.5290228 -0.8315224
vn 0.6733095 0.365329 -0.6427978
vn 0.9093748 0.07184672 -0.4097261
vn 0.9751325 0.2205713 0.02155959
vn 0.9404032 -0.2630425 0.2155237
vn 0.8860587 0.2110239 -0.4127577
vn 0.6668148 0.5551268 -0.4971843
vn 0.4823367 0.5370727 -0.6920291
vn 0.4765276 0.3231177 -0.8176285
vn 0.9391077 0.3265913 -0.106841
vn 0.9544279 0.203078 -0.2186934
vn 0.8899815 0.4345993 -0.1380446
vn 0.9378726 0.2739838 0.2129034
vn 0.9647017 -0.228199 -0.1314377
vn 0.8404657 0.3877014 -0.3785565
vn 0.4765327 0.3230942 -0.8176349
vn -0.6445153 0.4183254 -0.640003
vn -0.3494126 0.5891364 -0.7285802
vn -0.6198446 -0.0342624 -0.7839763
vn 0.1235822 0.6089641 -0.7835115
vn -0.7823894 -0.6145446 0.1010044
vn -0.5629847 0.7225764 -0.4011627
vn -0.5482869 0.3055103 -0.7784889
vn -0.497908 -0.8594934 0.1155797
vn -0.6572531 0.4663787 -0.5920382
vn -0.1413989 0.7896706 -0.5970148
vn -0.3338707 0.8018612 -0.4955289
vn -0.2217405 0.5965909 -0.7713043
vn -0.07574838 0.8917032 -0.4462373
vn -0.5022868 0.5078417 -0.6998605
vn -0.2139517 0.820335 -0.5303538
vn -0.6573048 0.4663506 -0.592003
vn -0.3567505 0.5429941 -0.7601885
vn -0.7041405 0.493703 -0.5103366
vn -0.6413296 0.7114172 -0.2873706
vn -0.4442765 0.463022 -0.7669609
vn -0.1439272 0.7658892 -0.6266568
vn -0.5336844 0.8295681 -0.1643096
vn -0.7387516 0.4092191 -0.535524
vn -0.3028646 0.7522259 -0.5851745
vn -0.6572835 0.4663801 -0.5920034
vn -0.7380273 0.2620365 -0.6218139
vn 0.3294966 0.7153111 -0.6162485
vn 0.08515155 0.8531851 -0.5146111
vn -0.2082806 -0.9708409 0.1186889
vn -0.2357109 0.3743699 -0.8968208
vn -0.2411724 0.8687726 -0.4325159
vn -0.2594643 0.6676428 -0.6978047
vn -0.8564673 0.001371478 -0.5161995
vn -0.7822277 0.3776878 -0.4954511
vn -0.4554238 0.6582163 -0.5994501
vn -0.2045476 0.6291274 -0.7499061
vn -0.002441585 -0.9161819 -0.4007554
vn -0.6829269 0.4979378 -0.53448
vn -0.5975368 0.3514097 -0.7207364
vn -0.854644 0.3527861 -0.3809536
vn -0.4442552 0.4630088 -0.7669812
vn -0.2099534 0.8757922 -0.4346351
vn -0.1371628 0.9624324 -0.2343294
vn -0.501789 0.8013695 -0.325599
vn -0.6777473 0.3034072 -0.669778
vn -0.3017056 0.8356486 -0.4589828
vn -0.03961574 0.9536179 -0.2984015
vn -0.3446029 0.6760035 -0.6513587
vn -0.2108415 0.9704654 -0.1172292
vn -0.3553908 0.9120322 -0.204682
vn -0.541359 0.4957277 -0.6791056
vn -0.6572842 0.4663396 -0.5920345
vn 0.1171996 0.963529 0.2405747
vn -0.2907469 0.9543603 0.06828374
vn -0.6700101 0.6612457 -0.3374028
vn -0.344584 0.6760949 -0.6512738
vn -0.6610833 0.3620921 -0.6571591
vn -0.834953 0.3047479 -0.4582381
vn -0.6003749 0.7882727 -0.1348183
vn -0.7202755 0.6582861 0.2187755
vn -0.7518726 0.1358385 0.6451632
vn -0.9380128 0.344072 -0.04179116
vn -0.6571079 0.4949397 -0.5685454
vn -0.131475 -0.8575227 -0.4973622
vn -0.6497063 0.6676425 0.3635041
vn 0.06072799 0.9960664 -0.06452779
vn -0.2140379 0.8203164 -0.5303478
vn -0.1850793 -0.8639166 -0.4683948
vn -0.6187792 -0.08786944 0.7806352
vn 0.3098686 0.944525 0.1088763
vn -0.1851715 0.8896519 -0.4174099
vn -0.9143673 0.3070763 -0.2638877
vn -0.7497222 0.0853769 -0.6562221
vn -0.4176462 0.5343698 -0.734861
vn -0.02126353 -0.9119325 -0.4097891
vn -0.1196318 -0.8140904 -0.5682825
vn -0.9764441 0.2101222 0.04904583
vn -0.5391092 0.4968981 -0.6800395
vn 0.3402409 -0.8898111 -0.3040928
vn 0.2491628 -0.9057729 -0.3427732
vn -0.5120237 0.8478731 -0.137633
vn -0.706887 0.5126438 -0.487347
vn -0.8950902 0.2486472 -0.370119
vn -0.1314704 -0.8575447 -0.4973256
vn -0.2140186 0.8203207 -0.5303489
vn -0.4162768 0.4801279 -0.772134
vn -0.8751997 0.1067875 -0.4718283
vn -0.9550152 0.1028731 0.2781422
vn -0.6849613 0.723761 0.08365389
vn -0.2250286 0.9588311 0.1732197
vn 0.09779569 0.995039 -0.01825796
vn 0.1229101 0.9640481 -0.2355935
vn 0.4251569 0.8956251 0.1307572
vn 0.1285111 0.9623294 0.2395974
vn -0.2187087 0.964016 -0.1511281
vn -0.3719445 0.6604195 -0.6523062
vn -0.8546205 0.3528195 -0.3809755
vn -0.302929 0.7521862 -0.5851922
vn -0.3446354 0.6760405 -0.6513031
vn -0.4502463 0.8027807 -0.3909237
vn -0.830163 0.4969009 -0.2528217
vn -0.3114679 0.6262302 -0.7147192
vn -0.3566965 0.5429507 -0.7602448
vn -0.1140546 -0.8337984 -0.540159
vn 0.1736951 -0.6388075 0.7495032
vn 0.165434 0.9600517 -0.2256819
vn -0.6062475 0.7947526 -0.02884953
vn -0.7728818 -0.0839875 0.6289673
vn -0.06047838 -0.830984 -0.5529991
vn -0.7429425 0.5055588 -0.4386875
vn -0.07815548 0.9587479 0.2733025
vn 0.03931302 -0.09069639 0.9951023
vn 0.06421014 0.9091337 -0.4115253
vn -0.09462053 0.9715539 0.2170942
vn 0.2879578 0.870263 0.399653
vn 0.05749843 0.9980027 0.02616509
vn 0.3904842 0.9131702 0.1168006
vn 0.1853015 0.7946079 0.5781537
vn 0.2470884 0.965256 0.08501967
vn -0.1449425 0.9746819 0.1702556
vn 0.4167794 -0.3994641 0.8165314
vn 0.1421323 0.4373993 0.8879641
vn 0.07608219 0.7297183 0.6795018
vn -0.05833477 -0.2536312 0.9655404
vn 0.5406401 -0.7575879 0.3657444
vn 0.1974246 0.7294322 0.6549445
vn 0.09280276 0.3054841 0.947664
vn 0.02191499 -0.3231098 0.9461077
vn 0.2592368 -0.3167752 0.9123868
vn -0.470392 -0.1022911 0.876509
vn -0.6551513 0.6607372 0.3663374
vn 0.2130595 0.8754771 0.4337576
vn 0.05341329 0.4681343 0.8820416
vn -0.1356645 0.6564243 0.7420932
vn -0.2396377 -0.1752366 0.9549167
vn 0.2824603 -0.9121868 0.2968693
vn -0.1933489 0.9754083 -0.105806
vn -0.04058117 0.8354473 0.5480704
vn 0.2779697 0.8877177 0.3670016
vn 0.318559 -0.9340214 0.1616298
vn 0.2876998 -0.9376627 -0.1949808
vn 0.08043819 0.9627235 0.25825
vn 0.2779646 0.8877015 0.3670446
vn 0.2942187 0.9550003 0.03754796
vn 0.3185743 -0.9340243 0.1615828
vn 0.8905992 0.1094362 0.4414258
vn 0.9002425 0.4349397 -0.01977316
vn 0.7013292 0.6420227 -0.3097488
vn -0.1933052 0.9754201 -0.1057767
vn 0.6955512 0.6462302 0.3139987
vn 0.9407766 -0.1662229 0.2954817
vn -0.02670994 -0.959098 -0.2818112
vn 0.09134653 0.9701693 0.2245605
vn 0.05744578 0.9980047 0.02620464
vn 0.01042718 0.9472384 -0.3203604
vn 0.7540151 0.6439329 -0.1296603
vn 0.755174 -0.6314452 -0.1760377
vn -0.2214111 0.9358748 -0.2740724
vn -0.08773327 0.8934507 0.4405095
vn 0.439825 0.8734791 0.2087779
vn -0.03760146 0.8204044 0.570546
vn -0.3287681 0.9429072 0.05326877
vn -0.3810513 0.824035 -0.4192448
vn 0.2780024 0.8877187 0.3669742
vn 0.2738655 0.8028218 0.5295988
vn -0.5815027 0.8088248 -0.0875043
vn 0.06068605 0.9865041 -0.1520751
vn 0.05747792 0.998003 0.02619745
vn -0.01328018 0.8935264 0.4488144
vn 0.1004775 0.8060357 0.5832759
vn 0.08664089 0.9681665 -0.2348342
vn 0.7567952 0.6298392 0.1748246
vn 0.09137177 0.9701519 0.2246253
vn -0.0978162 0.9607527 0.2595885
vn 0.4112413 0.8068464 0.424122
vn 0.7504282 0.5114604 0.4186477
vn 0.3246975 0.85297 0.4086732
vn 0.5756759 0.8056619 0.1396646
vn 0.2160183 0.8948489 -0.3906169
vn -0.3544021 0.9223601 0.1537888
vn 0.02895572 -0.9072583 0.4195759
vn 0.7240769 0.6599928 -0.2003053
vn 0.1595583 0.9782407 0.1326135
vn 0.06778049 0.8641509 0.4986471
vn -0.5174323 0.8492779 -0.1048382
vn -0.4439829 0.8958805 0.01665134
vn -0.1286058 0.8955966 0.4258723
vn -0.09777299 0.9607529 0.2596043
vn 0.2779907 0.8877172 0.3669867
vn 0.138736 0.975414 0.1712307
vn -0.06010368 0.9913759 0.1164532
vn 0.4156488 0.7925883 0.4461388
vn 0.7373421 0.3736572 0.5627673
vn 0.8245279 -0.3486371 -0.4456522
vn 0.7558278 -0.6390097 0.142797
vn -0.09800455 -0.8673005 -0.4880421
vn -0.768095 0.5658382 -0.299762
vn 0.9613474 0.2663398 0.06981583
vn 0.6428393 -0.5412328 -0.542056
vn -0.1993689 -0.5375326 -0.8193356
vn -0.2164957 -0.9282495 0.3024606
vn -0.6572439 0.4664182 -0.5920174
vn -0.7023457 0.6726954 -0.2327905
vn -0.01727812 0.8989325 -0.4377464
vn 0.2716193 0.8946801 0.3546412
vn -0.3920254 0.9103507 -0.1325814
vn -0.7763205 0.3315965 -0.5360692
vn 0.05898004 0.1425162 -0.9880337
vn -0.0477884 0.8683379 0.4936655
vn 0.05749705 0.9980015 0.02621402
vn 0.2334709 0.9633319 -0.1322235
vn -0.407337 0.8588955 -0.3104435
vn -0.2695136 0.9620718 -0.04219428
vn 0.1004862 0.9854414 0.1371413
vn 0.391169 0.9055092 0.1644383
vn -0.01974335 -0.9989956 -0.04022373
vn 0.4139988 -0.884767 0.2139915
vn -0.7155566 0.6984153 -0.01396021
vn -0.8951283 0.2486417 -0.3700306
vn 0.2492257 -0.9057401 -0.342814
vn 0.4650931 -0.8613785 -0.2042437
vn -0.8546821 0.3527618 -0.3808905
vn -0.8546636 0.3527967 -0.3808998
vn -0.05501069 -0.9315125 -0.3595251
vn 0.3649742 -0.8035121 -0.4702788
vn 0.1161462 -0.8678761 -0.4830126
vn -0.002490923 -0.9162146 -0.4006801
vn 0.1676608 -0.9836739 -0.06538688
vn 0.375003 -0.8956041 0.2393036
vn -0.1196424 -0.8140516 -0.5683358
vn -0.7145644 0.4597978 -0.5272415
vn -0.6144359 0.6704553 -0.4158824
vn 0.05988331 -0.8535756 -0.5175159
vn -0.1993939 0.6604565 -0.7239056
vn 0.2130587 0.8754814 0.4337492
vn 0.296352 -0.6953896 0.6546822
vn 0.573576 -0.3917896 0.7193828
vn 0.09288496 -0.09037576 0.9915667
vn 0.4964619 -0.8641843 -0.0819215
vn 0.478164 -0.873962 -0.08688826
vn 0.003560415 -0.1500672 0.9886694
vn -0.4464342 -0.1227235 0.8863608
vn -0.6313476 -0.09537663 0.7696126
vn 0.5109212 -0.8588799 -0.03584507
vn 0.539031 -0.6942502 0.4769301
vn 0.1417079 -0.4151842 0.8986328
vn -0.6072708 -0.09026046 0.7893512
vn 0.5671132 -0.817464 0.1006731
vn 0.5380289 -0.3623681 0.7610613
vn -0.5842048 -0.04721805 0.8102316
vn -0.8193622 0.1452236 0.5545771
vn 0.01394467 -0.8416228 -0.5398857
vn 0.4911036 -0.6664445 0.5609537
vn -0.63145 -0.0959956 0.7694516
vn -0.4657557 0.03620904 0.8841723
vn 0.530334 -0.8474146 -0.02518691
vn -0.2799631 -0.0694096 0.9574983
vn -0.3121051 0.1484692 0.9383749
vn -0.4645623 -0.1222329 0.8770639
vn -0.4525732 -0.1180924 0.8838732
vn 0.6818282 -0.7144749 0.1569585
vn -0.4323325 -0.1241788 0.8931228
vn -0.6456522 0.09844632 0.7572592
vn -0.7069754 0.3954197 0.5863694
vn -0.2828512 -0.02840453 0.9587431
vn -0.3043586 -0.1586677 0.9392499
vn -0.7553173 0.02253226 0.6549718
vn -0.3120334 0.1485075 0.9383926
vn -0.3279043 -0.7234169 -0.6075745
vn -0.6072909 -0.09027423 0.7893342
vn -0.6187181 -0.08783324 0.7806877
vn -0.2800035 -0.06942453 0.9574854
vn -0.4692073 -0.1052801 0.8767899
vn -0.4770318 0.6501801 0.5913599
vn 0.1063829 -0.9265729 -0.3607567
vn 0.5608014 -0.826089 -0.05548482
vn 0.6527998 -0.5611528 0.5088812
vn -0.09807788 -0.8264951 -0.5543343
vn -0.1604218 -0.6484026 0.7442035
vn -0.6211855 0.2116185 0.7545504
vn -0.4999347 -0.8630693 0.07194869
vn -0.4958455 0.03137634 0.8678437
vn -0.3324502 0.04752213 0.9419228
vn 0.1387844 -0.6694943 0.7297371
vn 0.05318768 -0.901206 0.4301149
vn 0.03876381 0.4999465 0.8651884
vn -0.4680518 -0.02991947 0.8831944
vn -0.7465501 -0.47403 0.4668602
vn -0.1605156 -0.6484452 0.7441462
vn -0.4657241 0.03612971 0.8841922
vn -0.7069248 0.395363 0.5864686
vn -0.5382972 0.8337882 0.1226112
vn -0.04080376 -0.9842848 -0.1718095
vn -0.465722 0.03625205 0.8841882
vn -0.6180399 0.361706 0.6979939
vn -0.2548141 0.8441261 0.4717212
vn -0.6659547 0.6415366 0.3807035
vn -0.2630072 0.9444767 0.1969544
vn -0.4187068 0.7330605 0.5360102
vn -0.1666207 -0.9574111 0.2357999
vn -0.04080039 -0.9842886 -0.1717889
vn -0.3343357 0.9146153 0.2273729
vn -0.2064615 0.8610743 0.4646771
vn -0.2729803 0.3517912 0.8953908
vn -0.188362 -0.9532998 0.2360914
vn -0.5480832 0.664239 0.5083221
vn -0.09684109 0.5986652 0.7951238
vn -0.6502659 -0.755369 0.08106772
vn 0.05315692 -0.9012374 0.430053
vn -0.04387749 -0.5869347 0.8084445
vn 0.06693348 -0.9719943 0.2252709
vn 0.1239077 -0.9769941 0.1735786
vn 0.0475495 -0.816275 0.5757033
vn -0.4596668 -0.6943489 0.5537022
vn -0.2794315 -0.9508255 0.1335997
vn 0.1356544 -0.9851929 0.1048469
vn -0.3918422 -0.712876 0.5816077
vn -0.2193029 -0.8829436 0.4151106
vn -0.2097859 -0.9247318 0.317586
vn -0.7788322 -0.6263509 -0.0332385
vn -0.1340921 -0.9637377 0.2307141
vn -0.2858172 -0.6932891 0.6615578
vn -0.06606959 -0.3160867 0.946427
vn -0.1108522 -0.9732632 0.2011729
vn 0.07601607 -0.9889929 0.1269437
vn 0.0953697 -0.8081293 0.581233
vn -0.2659701 -0.745591 0.611027
vn -0.1480621 -0.9854318 0.08367665
vn -0.4003086 -0.9104283 0.1042757
vn -0.4277589 0.9038925 -0.0008710904
vn -0.05517991 -0.8895778 0.4534385
vn 0.01526146 -0.9747898 0.2226027
vn -0.1746919 -0.9759082 0.1307136
vn -0.3270153 -0.8894274 0.3193429
vn 0.1584509 -0.953181 0.2575641
vn 0.08337876 -0.4680379 0.8797662
vn -0.3168553 0.9263141 -0.2038257
vn -0.280168 0.9498058 -0.1391931
vn -0.3398305 0.9319494 0.1264341
vn -0.4277439 0.8367344 0.3419221
vn 0.1416613 -0.9817276 0.1270554
vn -0.3408077 0.9359638 0.08844119
vn -0.4884301 0.8725039 -0.01315214
vn -0.6643137 0.7463722 -0.0401974
vn -0.1779046 -0.9840472 0.0009433963
vn -0.8627105 0.4991247 -0.08127268
vn -0.3898671 0.9157753 -0.09674263
vn -0.5155101 0.8565255 0.02476588
vn -0.1666258 -0.9574119 0.2357927
vn -0.438623 0.8792404 0.1858661
vn -0.6002262 0.7424415 -0.2975048
vn 0.6415981 -0.3527977 -0.6810915
vn -0.2976251 -0.9533759 -0.04993645
vn -0.7424694 0.4892626 -0.4575602
vn -0.3089831 0.07599704 -0.9480263
vn 0.1645435 -0.826267 -0.5387098
vn 0.3727347 -0.9256919 -0.06452471
vn -0.2994074 0.8256879 -0.4781156
vn -0.5462619 -0.6025053 -0.5818808
vn -0.7082617 -0.2694202 0.6525168
vn 0.8903773 -0.4383969 0.1226235
vn 0.2370341 -0.9102833 -0.3394097
vn -0.6659454 0.6415032 0.380776
vn -0.3342251 0.9328721 0.1343251
vn -0.2533665 -0.9083261 -0.3327899
vn -0.5541937 0.797601 -0.238122
vn -0.04081079 -0.9842896 -0.1717806
vn 0.03224394 -0.9718859 0.2332339
vn -0.1034896 -0.8587252 -0.5018774
vn -0.5542181 0.7975763 -0.2381478
vn 0.2536312 -0.9290698 -0.2692594
vn 0.6416358 -0.3528203 -0.6810443
vn -0.3774516 -0.9071295 0.1861356
vn 0.1078458 -0.9887487 0.1036593
vn 0.3806349 -0.8393537 -0.3880752
vn 0.0559352 -0.8633613 -0.5014763
vn 0.1028475 -0.79047 -0.6038043
vn -0.1431193 0.7065014 -0.6930893
vn -0.8610965 0.1669422 -0.4802532
vn -0.5843498 0.7791296 -0.2269197
vn -0.2907226 0.9568065 -0.001300163
vn -0.2473209 0.9265839 -0.2833279
vn -0.6144117 0.6704195 -0.4159759
vn 0.4530142 -0.7952724 -0.4028894
vn -0.7958547 0.5073529 -0.330467
vn -0.5473091 -0.5367437 -0.6421518
vn -0.8928778 0.1410562 0.4276358
vn 0.5748149 0.81247 0.09736733
vn -0.2712222 -0.9485582 -0.1633279
vn -0.796204 -0.1114428 -0.5946761
vn -0.744369 -0.3083984 -0.5922882
vn 0.225935 0.8790532 0.4197844
vn 0.8135202 0.5109255 0.277741
vn 0.02832924 0.7982966 0.6015979
vn 0.4700425 0.04570504 0.8814596
vn 0.3731996 -0.5167342 0.7705244
vn 0.0342074 -0.9722394 0.2314742
vn 0.1089089 -0.140546 0.9840659
vn 0.6013231 0.5956035 0.532604
vn 0.1183977 0.8875661 0.445206
vn 0.3885566 -0.69767 0.6018973
vn 0.6034414 0.6823634 0.4126
vn 0.2747575 0.6065357 0.7460716
vn -0.5311012 -0.7873755 -0.313004
vn -0.2993614 -0.937272 0.1786164
vn 0.5076454 0.8202088 0.26373
vn 0.3139972 0.5967342 0.7384538
vn 0.1149175 -0.9040416 0.411707
vn 0.4936841 -0.6965487 0.5206687
vn -0.5769995 -0.7340668 -0.3580748
vn -0.5413001 -0.8381386 0.06721471
vn 0.01179488 -0.9400176 0.3409221
vn 0.2708484 -0.7506396 0.6026452
vn -0.08771867 -0.9764091 0.1973085
vn -0.2084186 -0.9611728 -0.1808549
vn 0.3023547 -0.9224852 0.2400058
vn 0.1920609 -0.7652501 0.6144143
vn 0.5201775 -0.5305532 0.6692747
vn 0.5741129 -0.06812271 0.8159373
vn 0.3886042 -0.6976997 0.6018322
vn 0.01437354 -0.9092056 0.4160991
vn 0.5170319 -0.6625655 0.541927
vn 0.3347998 -0.3710616 0.8661538
vn 0.556577 -0.6724935 0.4878262
vn 0.2607933 -0.897666 0.3552219
vn 0.2965626 0.3857965 0.8736199
vn 0.2895089 -0.2969939 0.9099337
vn 0.5335199 -0.7537616 0.3836665
vn 0.1597409 -0.8615507 0.4818852
vn 0.7315733 -0.1761641 0.6586097
vn 0.4357266 -0.4537499 0.7773374
vn 0.01438719 -0.9092101 0.4160888
vn 0.3500639 -0.9156153 0.1977472
vn 0.5307654 -0.8470943 -0.02681918
vn 0.6910214 0.5926179 0.4138763
vn 0.539201 -0.5602316 0.6288106
vn 0.2513566 -0.7816781 0.5707883
vn 0.3580995 -0.8332637 0.4212319
vn 0.7528925 -0.6401535 0.1528279
vn 0.5791405 -0.7354242 0.3517777
vn 0.6671865 0.5814961 0.4655368
vn 0.1121431 0.8880878 0.4457846
vn 0.6493194 0.2011745 0.7334257
vn 0.3105767 -0.7354355 0.6022264
vn 0.466424 -0.8454896 0.2599924
vn 0.1956947 0.9404076 0.2780955
vn 0.3125753 0.458835 0.8317254
vn 0.654301 -0.3099321 0.689806
vn 0.3939159 -0.8876899 0.2384049
vn 0.2202979 0.9742815 -0.04737393
vn 0.6630101 0.7083598 0.2421656
vn 0.7815082 -0.417892 0.4632616
vn 0.5031718 -0.6301503 0.5913786
vn 0.4919598 0.6647571 0.5622041
vn 0.9427688 0.3332785 -0.01059769
vn 0.6460766 -0.7525036 0.1277633
vn 0.4070247 -0.3165416 0.8568153
vn 0.640608 0.1043057 0.7607508
vn 0.8256648 0.3349198 0.4539895
vn 0.5923859 0.8002242 0.09338194
vn 0.6460381 -0.7525371 0.1277599
vn 0.8579304 -0.1726949 0.4838718
vn 0.594319 0.4885322 0.6388435
vn 0.04841203 0.9211997 0.3860666
vn 0.1493278 0.9875706 -0.04904701
vn 0.9121519 -0.2985414 0.2808056
vn 0.223245 0.7478176 0.6252443
vn 0.4204424 0.2003501 0.8849226
vn 0.2259796 0.8790383 0.4197914
vn 0.1957491 0.9404052 0.2780654
vn 0.3734658 0.8693337 0.3237006
vn 0.8133439 0.5701259 0.1158801
vn 0.2527935 0.889057 -0.3816716
vn 0.2690702 0.6648277 -0.6968539
vn 0.8160781 0.3893866 -0.4270769
vn 0.624818 -0.6976053 -0.3506412
vn 0.8057372 -0.5757756 -0.1388163
vn 0.7169697 0.1541853 -0.6798392
vn 0.3863574 0.751498 -0.5347698
vn 0.2453015 -0.9636094 -0.1062264
vn 0.02065278 0.9200732 -0.3912017
vn 0.8424921 -0.4694796 -0.2641893
vn 0.9526628 -0.2803472 0.1176391
vn 0.4798607 0.8008292 0.3583382
vn 0.1564064 0.7528324 0.6393594
vn 0.59668 0.513398 0.6167622
vn 0.1506435 0.9753553 -0.1612095
vn 0.5703678 0.7580692 -0.3162462
vn 0.06212881 0.8728307 0.4840522
vn 0.6649482 -0.4680648 0.5820302
vn 0.9317583 -0.1251352 0.3408338
vn -0.7826138 0.1697834 -0.5989067
vn 0.207184 0.9683492 -0.1391927
vn 0.9651905 -0.191196 0.1784693
vn 0.6073521 0.3377282 0.719071
vn 0.5537691 -0.4332068 0.7111059
vn -0.8836623 0.1759711 -0.4337916
vn -0.411052 0.07557519 -0.9084738
vn -0.7595366 -0.2858045 -0.5843115
vn -0.7164599 -0.652091 -0.2479163
vn -0.7945712 0.587389 -0.1537235
vn -0.9389151 0.173463 -0.2972358
vn -0.7612442 0.03314967 -0.6476175
vn -0.2768655 -0.9572883 0.08333404
vn 0.1813731 -0.7799523 0.598981
vn 0.6207457 -0.7550629 0.2110802
vn 0.840673 -0.5393848 0.04830039
vn 0.03989985 -0.8397746 0.5414672
vn 0.3149851 -0.917084 0.2444203
vn 0.8804762 -0.342711 0.3275835
vn 0.3816167 -0.8860772 0.2631269
vn -0.1354165 -0.8001223 0.5843516
vn -0.171469 -0.9094962 -0.3787018
vn 0.1738838 0.9278337 -0.3299834
vn 0.9726288 0.2259968 0.05402482
vn 0.8327317 0.07911877 0.5479948
vn -0.5175453 0.1365765 0.8446856
vn 0.7566385 0.145466 0.6374464
vn 0.877281 -0.1390607 -0.4593911
vn -0.5363411 -0.7202331 -0.4400029
vn -0.5646012 -0.8177588 -0.1117852
vn -0.4126987 -0.8974885 0.155545
vn -0.1813062 0.8662636 -0.4655271
vn -0.3623436 -0.9318157 -0.02065664
vn -0.1017705 -0.985836 0.1333043
vn 0.08321402 -0.9831054 -0.1630315
vn -0.7451806 0.560688 -0.3610192
vn -0.9768531 -0.1945022 0.08903345
vn 0.3901713 -0.8887943 -0.2404395
vn -0.7530497 -0.5403904 -0.375359
vn -0.0377753 -0.2373923 -0.9706791
vn -0.7797307 -0.6259046 0.0162362
vn -0.5288023 -0.7772793 0.3408888
vn -0.03200021 -0.6466908 -0.7620807
vn -0.3529108 -0.705037 -0.6151234
vn 0.1761538 -0.8626285 -0.4741751
vt 0.75861 0.5482162
vt 0.7075351 0.6610293
vt 0.7340234 0.7996662
vt 0.7948679 0.7094545
vt 0.860384 0.5123263
vt 0.7371186 0.8790075
vt 0.885932 0.6658874
vt 1.059063 0.5113778
vt 0.8030361 0.7914737
vt 0.7554637 0.928505
vt 1.045527 0.6618217
vt 1.241136 0.5406067
vt 0.900295 0.7203292
vt 0.8278837 0.8529739
vt 0.7749205 0.9704342
vt 1.20162 0.701986
vt 1.307712 0.5962747
vt 1.043847 0.6838903
vt 0.9287606 0.7927397
vt 0.8551759 0.9250414
vt 0.7834934 0.9853812
vt 1.288927 0.7542273
vt 1.378135 0.6922846
vt 1.35095 0.8319718
vt 1.191393 0.7298068
vt 1.287245 0.8164853
vt 1.358367 0.9117289
vt 1.044592 0.770516
vt 0.9544247 0.8968068
vt 0.8691128 0.9748439
vt 0.7824973 1.134533
vt 1.164336 0.7930192
vt 1.269009 0.8671426
vt 1.338741 0.9544018
vt 1.040613 0.8869798
vt 0.9658678 0.9731378
vt 0.8644843 1.132256
vt 0.8137609 1.322262
vt 1.13376 0.8948519
vt 1.241329 0.9331841
vt 1.318799 0.9951051
vt 1.042748 0.9731588
vt 0.9609216 1.142573
vt 0.8752674 1.310615
vt 0.8432624 1.523425
vt 1.124864 0.968119
vt 1.227492 0.9685004
vt 1.307242 1.007377
vt 1.055171 1.141062
vt 0.9460892 1.305779
vt 0.8988308 1.515319
vt 0.869078 1.707683
vt 1.132799 1.136474
vt 1.196495 1.138824
vt 1.265262 1.145244
vt 1.034123 1.30919
vt 0.9589021 1.50852
vt 0.9203596 1.704219
vt 0.8771626 1.910833
vt 1.122679 1.317181
vt 1.198431 1.322106
vt 1.263959 1.329588
vt 1.027419 1.505186
vt 0.9732293 1.701585
vt 0.9235551 1.904622
vt 0.9298394 2.091226
vt 1.101472 1.508507
vt 1.167239 1.522129
vt 1.225157 1.536863
vt 1.026672 1.701938
vt 0.9713811 1.901031
vt 0.9597107 2.085537
vt 0.9632515 2.295408
vt 1.077739 1.7051
vt 1.126858 1.71075
vt 1.177493 1.719361
vt 1.021247 1.900964
vt 0.988661 2.082902
vt 0.9789571 2.293207
vt 1.00485 2.512502
vt 1.069142 1.90417
vt 1.112245 1.909741
vt 1.155146 1.917616
vt 1.016274 2.082878
vt 0.994423 2.292249
vt 1.005078 2.512484
vt 1.042544 2.084536
vt 1.070433 2.08859
vt 1.10017 2.095224
vt 1.010606 2.292221
vt 1.005317 2.512487
vt 1.027191 2.293407
vt 1.005547 2.512498
vt 1.04323 2.295366
vt 1.005759 2.512528
vt 1.05976 2.298471
vt 1.005963 2.512565
vt 0.3712569 0.5141624
vt 0.3368776 0.51623
vt 0.3472429 0.6214063
vt 0.3726965 0.6183368
vt 0.4030293 0.5144081
vt 0.3718541 0.7615188
vt 0.3990627 0.6168976
vt 0.4321375 0.5146626
vt 0.3940209 0.7578704
vt 0.3936625 0.8563825
vt 0.4290605 0.616835
vt 0.4617119 0.5148534
vt 0.4169286 0.7551492
vt 0.4076696 0.8543241
vt 0.4094046 0.9694651
vt 0.4624589 0.6164999
vt 0.490866 0.5145309
vt 0.4367188 0.7541747
vt 0.4210642 0.8530931
vt 0.4188476 0.9680043
vt 0.4388412 1.089535
vt 0.4936982 0.617987
vt 0.5228561 0.5141624
vt 0.521499 0.620452
vt 0.4548166 0.7544855
vt 0.4729279 0.7556827
vt 0.4923428 0.7584
vt 0.4348097 0.8526685
vt 0.4286979 0.9670531
vt 0.4389539 1.089516
vt 0.4501668 0.8530378
vt 0.4665914 0.8538077
vt 0.4825554 0.8554684
vt 0.4382697 0.9665308
vt 0.4390684 1.089507
vt 0.4473193 0.9666623
vt 0.4391924 1.089506
vt 0.4562095 0.9674333
vt 0.4393266 1.089515
vt 0.4650875 0.968761
vt 0.4394589 1.089533
vt 0.1106309 1.143039
vt 0.09555048 1.144779
vt 0.1076349 1.224235
vt 0.1169792 1.223536
vt 0.1275145 1.142278
vt 0.1120781 1.362702
vt 0.1264368 1.22356
vt 0.1415519 1.142783
vt 0.1189586 1.362302
vt 0.1267713 1.468936
vt 0.1361336 1.223868
vt 0.1568054 1.144143
vt 0.1472017 1.224647
vt 0.1267196 1.362099
vt 0.1268641 1.468929
vt 0.133129 1.362205
vt 0.1269678 1.468929
vt 0.1396655 1.362629
vt 0.1270944 1.468936
vt 0.207716 -0.1088713
vt 0.1708106 -0.1072422
vt 0.1782542 0.01552632
vt 0.2111557 0.01341065
vt 0.2428518 -0.1102466
vt 0.1975235 0.152987
vt 0.2465556 0.01238795
vt 0.278122 -0.1113915
vt 0.2250817 0.1479199
vt 0.2325314 0.2718376
vt 0.2828837 0.01047804
vt 0.3139456 -0.11265
vt 0.2546938 0.1443281
vt 0.2520881 0.2676181
vt 0.255003 0.3800357
vt 0.3166118 0.009637855
vt 0.352583 -0.1129767
vt 0.2852839 0.1419643
vt 0.2709156 0.265022
vt 0.266785 0.3774239
vt 0.2935682 0.498379
vt 0.3488849 0.01084574
vt 0.3906706 -0.1108104
vt 0.3803719 0.01292678
vt 0.3142801 0.1422023
vt 0.340653 0.1441909
vt 0.3671344 0.1471583
vt 0.2885647 0.2639647
vt 0.2785206 0.3757789
vt 0.2936974 0.4983502
vt 0.3055719 0.2637828
vt 0.3239904 0.2651545
vt 0.3441871 0.267881
vt 0.2908464 0.375127
vt 0.2938259 0.4983344
vt 0.3038772 0.3754214
vt 0.2939478 0.4983313
vt 0.3165722 0.3764969
vt 0.2940646 0.4983408
vt 0.3290899 0.3786008
vt 0.2941821 0.4983624
vt 0.008980095 1.083477
vt -0.01221019 1.086137
vt 4.512072E-05 1.162536
vt 0.01620334 1.161035
vt 0.03028184 1.082247
vt 0.01241165 1.299806
vt 0.03185588 1.160397
vt 0.05279642 1.082623
vt 0.02247959 1.298894
vt 0.03414398 1.436557
vt 0.04718786 1.160874
vt 0.07512718 1.084994
vt 0.06363124 1.162271
vt 0.03276581 1.298568
vt 0.03427738 1.436545
vt 0.04318339 1.298659
vt 0.03440183 1.436544
vt 0.05332941 1.299422
vt 0.03454524 1.436553
vt -0.1315868 0.662053
vt -0.1570575 0.6645921
vt -0.1456404 0.7631503
vt -0.1237295 0.760928
vt -0.105961 0.6604221
vt -0.1238216 0.923542
vt -0.1001137 0.7595866
vt -0.08050662 0.6597297
vt -0.1087566 0.9220068
vt -0.1089867 1.07434
vt -0.07745713 0.7587969
vt -0.05402273 0.6601446
vt -0.09396982 0.9211419
vt -0.09954619 1.073375
vt -0.08207875 1.244555
vt -0.05713898 0.759104
vt -0.02634043 0.6625015
vt -0.07996494 0.9207687
vt -0.08969283 1.072818
vt -0.08189201 1.244536
vt -0.03779727 0.760471
vt -6.347895E-05 0.6666702
vt -0.01824325 0.7626883
vt -0.06512731 0.9211096
vt -0.07969731 1.072751
vt -0.08171093 1.244527
vt -0.04892939 0.9220135
vt -0.03336698 0.923196
vt -0.07012635 1.073057
vt -0.08154422 1.244529
vt -0.06053823 1.073784
vt -0.0813852 1.24454
vt -0.0509606 1.074925
vt -0.08122188 1.24456
vt 0.4606302 -0.0823997
vt 0.4209502 -0.08690117
vt 0.4351557 0.02665939
vt 0.4673303 0.02641448
vt 0.4970101 -0.08334569
vt 0.4564205 0.1740893
vt 0.5000921 0.02492889
vt 0.5387593 -0.0892028
vt 0.47676 0.1720869
vt 0.4745992 0.3208114
vt 0.5275217 0.02261027
vt 0.5769833 -0.08341715
vt 0.5555604 0.02528366
vt 0.4971231 0.1712227
vt 0.4872261 0.3194344
vt 0.4989868 0.4623233
vt 0.5212615 0.1720677
vt 0.5445026 0.1737293
vt 0.4997705 0.3189498
vt 0.4991282 0.4623117
vt 0.5112522 0.319433
vt 0.4992934 0.4623123
vt 0.5231355 0.3208461
vt 0.49944 0.4623245
vt -0.1067396 -0.115752
vt -0.1323674 -0.1146322
vt -0.124118 0.03868177
vt -0.1023694 0.03734412
vt -0.08217734 -0.116566
vt -0.1000906 0.2422594
vt -0.07953697 0.03666665
vt -0.05751091 -0.1169628
vt -0.08485347 0.2409306
vt -0.08373004 0.4229353
vt -0.0557496 0.03617456
vt -0.03123218 -0.1170217
vt -0.0704897 0.2401487
vt -0.07492286 0.4220732
vt -0.05805594 0.6100582
vt -0.03327864 0.03662505
vt -0.002116978 -0.1158505
vt -0.05603212 0.2398829
vt -0.06629258 0.4216195
vt -0.05786449 0.6100408
vt -0.01267821 0.03793927
vt 0.02535242 -0.1132612
vt 0.00815624 0.03976949
vt -0.04219431 0.2399229
vt -0.05698377 0.4214741
vt -0.05765837 0.6100315
vt -0.0278818 0.2406575
vt -0.0124622 0.2419214
vt -0.04742521 0.4217305
vt -0.05745548 0.6100322
vt -0.03838295 0.4222878
vt -0.05726939 0.610042
vt -0.02881199 0.4232631
vt -0.05709523 0.6100595
vt -0.273989 -0.1192015
vt -0.3101635 -0.1176293
vt -0.3001025 0.02250662
vt -0.2710772 0.02140077
vt -0.2379084 -0.1183187
vt -0.2953125 0.2384888
vt -0.2444957 0.0203891
vt -0.2052362 -0.1162041
vt -0.2723433 0.2379879
vt -0.2884458 0.4882751
vt -0.216301 0.02212586
vt -0.1726403 -0.1130358
vt -0.1876337 0.02536758
vt -0.2494844 0.2359091
vt -0.2738686 0.488078
vt -0.2732031 0.7545589
vt -0.2274587 0.2372826
vt -0.2065958 0.2412203
vt -0.2596192 0.4875328
vt -0.2729051 0.7545581
vt -0.2456829 0.4884818
vt -0.272656 0.7545704
vt -0.2318925 0.4908698
vt -0.2724143 0.7545948
vt 0.0629589 -0.1362358
vt 0.03482264 -0.1333821
vt 0.05449051 0.02489635
vt 0.07474667 0.02292433
vt 0.08727914 -0.1380738
vt 0.08411151 0.2578501
vt 0.09632009 0.02171912
vt 0.1117228 -0.1393846
vt 0.09731668 0.2562644
vt 0.1301054 0.5141623
vt 0.1183261 0.02046271
vt 0.1402646 -0.140197
vt 0.1402646 0.02015051
vt 0.110804 0.2549448
vt 0.1303288 0.5141338
vt 0.1239842 0.2542423
vt 0.1305674 0.5141157
vt 0.1377748 0.2541684
vt 0.1308755 0.5141077
vt 0.391902 1.130181
vt 0.3578258 1.134907
vt 0.36796 1.291937
vt 0.3951457 1.284589
vt 0.4258035 1.136264
vt 0.4013055 1.451674
vt 0.4262241 1.281711
vt 0.4602469 1.139653
vt 0.4152191 1.446037
vt 0.4337779 1.635625
vt 0.4537345 1.286306
vt 0.4989062 1.134992
vt 0.4807532 1.288686
vt 0.429642 1.444487
vt 0.4339731 1.635606
vt 0.4436529 1.447597
vt 0.434208 1.6356
vt 0.4604209 1.450334
vt 0.4343928 1.63561
vt 0.1691619 0.7945639
vt 0.1338753 0.8008946
vt 0.1625918 0.9360825
vt 0.1899954 0.9325401
vt 0.2061595 0.7907003
vt 0.1761323 1.084872
vt 0.2151185 0.9306303
vt 0.2431291 0.7901545
vt 0.1972662 1.082864
vt 0.2044216 1.265833
vt 0.2406161 0.9297646
vt 0.2772961 0.7916451
vt 0.2195981 1.081914
vt 0.2173415 1.263716
vt 0.2457996 1.428351
vt 0.2671168 0.9303297
vt 0.3103898 0.7942734
vt 0.2428561 1.081333
vt 0.2309225 1.262187
vt 0.2459565 1.428324
vt 0.2962275 0.9321396
vt 0.3434847 0.7981043
vt 0.3257459 0.9347945
vt 0.2660058 1.081691
vt 0.244407 1.261486
vt 0.2461081 1.42831
vt 0.2890533 1.083136
vt 0.3100021 1.085497
vt 0.257253 1.261661
vt 0.2462681 1.428308
vt 0.2699288 1.26273
vt 0.2464452 1.42832
vt 0.28316 1.264737
vt 0.24663 1.428346
vt -0.2668435 0.8095351
vt -0.2939561 0.8109596
vt -0.2845201 0.9739436
vt -0.2615799 0.9728667
vt -0.2396245 0.8089422
vt -0.2634338 1.167336
vt -0.237469 0.9721768
vt -0.2062706 0.8096396
vt -0.2518138 1.166413
vt -0.2424244 1.361353
vt -0.2158611 0.9730519
vt -0.1738245 0.8127887
vt -0.1944631 0.9749857
vt -0.2407914 1.166175
vt -0.2422341 1.361344
vt -0.2284912 1.166592
vt -0.242008 1.361345
vt -0.2163805 1.167703
vt -0.2418064 1.361359
vt 0 0.06666666
vt 0.09957871 0.9903485
vt 0.9142091 0.9903485
vt 1 0.06666666
vt 0 0.06666666
vt 0.09957871 0.9903485
vt 0.9142091 0.9903485
vt 1 0.06666666
vt 0 0.06666666
vt 0.09957871 0.9903485
vt 0.9142091 0.9903485
vt 1 0.06666666
vt 0 0.06666666
vt 0.09957871 0.9903485
vt 0.9142091 0.9903485
vt 1 0.06666666
vt 0 0.06666666
vt 0.09957871 0.9903485
vt 0.9142091 0.9903485
vt 1 0.06666666
vt 0 0.06666666
vt 0.09957871 0.9903485
vt 0.9142091 0.9903485
vt 1 0.06666666
vt 0 0.06666666
vt 0.09957871 0.9903485
vt 0.9142091 0.9903485
vt 1 0.06666666
vt 0 0.06666666
vt 0.09957871 0.9903485
vt 0.9142091 0.9903485
vt 1 0.06666666
vt 0 0.06666666
vt 0.09957871 0.9903485
vt 0.9142091 0.9903485
vt 1 0.06666666
vt 0 0.06666666
vt 0.09957871 0.9903485
vt 0.9142091 0.9903485
vt 1 0.06666666
vt 0 0.06666666
vt 0.09957871 0.9903485
vt 0.9142091 0.9903485
vt 1 0.06666666
vt 0 0.06666666
vt 0.09957871 0.9903485
vt 0.9142091 0.9903485
vt 1 0.06666666
vt 0 0.06666666
vt 0.09957871 0.9903485
vt 0.9142091 0.9903485
vt 1 0.06666666
vt 0 0.06666666
vt 0.09957871 0.9903485
vt 0.9142091 0.9903485
vt 1 0.06666666
vt 0 0.06666666
vt 0.09957871 0.9903485
vt 0.9142091 0.9903485
vt 1 0.06666666
vt 0 0.06666666
vt 0.09957871 0.9903485
vt 0.9142091 0.9903485
vt 1 0.06666666
vt 0 0.06666666
vt 0.09957871 0.9903485
vt 0.9142091 0.9903485
vt 1 0.06666666
vt 0 0.06666666
vt 0.09957871 0.9903485
vt 0.9142091 0.9903485
vt 1 0.06666666
vt 0 0.06666666
vt 0.09957871 0.9903485
vt 0.9142091 0.9903485
vt 1 0.06666666
vt 0 0.06666666
vt 0.09957871 0.9903485
vt 0.9142091 0.9903485
vt 1 0.06666666
vt 0 0.06666666
vt 0.09957871 0.9903485
vt 0.9142091 0.9903485
vt 1 0.06666666
vt 0 0.06666666
vt 0.09957871 0.9903485
vt 0.9142091 0.9903485
vt 1 0.06666666
vt 0 0.06666666
vt 0.09957871 0.9903485
vt 0.9142091 0.9903485
vt 1 0.06666666
vt 0 0.06666666
vt 0.09957871 0.9903485
vt 0.9142091 0.9903485
vt 1 0.06666666
vt 0 0.06666666
vt 0.09957871 0.9903485
vt 0.9142091 0.9903485
vt 1 0.06666666
vt 0 0.06666666
vt 0.09957871 0.9903485
vt 0.9142091 0.9903485
vt 1 0.06666666
vt 0 0.06666666
vt 0.09957871 0.9903485
vt 0.9142091 0.9903485
vt 1 0.06666666
vt 0 0.06666666
vt 0.09957871 0.9903485
vt 0.9142091 0.9903485
vt 1 0.06666666
vt 0 0.06666666
vt 0.09957871 0.9903485
vt 0.9142091 0.9903485
vt 1 0.06666666
vt 0 0.06666666
vt 0.09957871 0.9903485
vt 0.9142091 0.9903485
vt 1 0.06666666
vt 0 0.06666666
vt 0.09957871 0.9903485
vt 0.9142091 0.9903485
vt 1 0.06666666
vt 0 0.06666666
vt 0.09957871 0.9903485
vt 0.9142091 0.9903485
vt 1 0.06666666
vt 0 0.06666666
vt 0.09957871 0.9903485
vt 0.9142091 0.9903485
vt 1 0.06666666
vt 0 0.06666666
vt 0.09957871 0.9903485
vt 0.9142091 0.9903485
vt 1 0.06666666
vt 0 0.06666666
vt 0.09957871 0.9903485
vt 0.9142091 0.9903485
vt 1 0.06666666
vt 0 0.06666666
vt 0.09957871 0.9903485
vt 0.9142091 0.9903485
vt 1 0.06666666
vt 0 0.06666666
vt 0.09957871 0.9903485
vt 0.9142091 0.9903485
vt 1 0.06666666
vt 0 0.06666666
vt 0.09957871 0.9903485
vt 0.9142091 0.9903485
vt 1 0.06666666
vt 0 0.06666666
vt 0.09957871 0.9903485
vt 0.9142091 0.9903485
vt 1 0.06666666
vt 0 0.06666666
vt 0.09957871 0.9903485
vt 0.9142091 0.9903485
vt 1 0.06666666
vt 0 0.06666666
vt 0.09957871 0.9903485
vt 0.9142091 0.9903485
vt 1 0.06666666
vt 0 0.06666666
vt 0.09957871 0.9903485
vt 0.9142091 0.9903485
vt 1 0.06666666
vt 0 0.06666666
vt 0.09957871 0.9903485
vt 0.9142091 0.9903485
vt 1 0.06666666
vt 0 0.06666666
vt 0.09957871 0.9903485
vt 0.9142091 0.9903485
vt 1 0.06666666
vt 0 0.06666666
vt 0.09957871 0.9903485
vt 0.9142091 0.9903485
vt 1 0.06666666
vt 0 0.06666666
vt 0.09957871 0.9903485
vt 0.9142091 0.9903485
vt 1 0.06666666
vt 0 0.06666666
vt 0.09957871 0.9903485
vt 0.9142091 0.9903485
vt 1 0.06666666
vt 0 0.06666666
vt 0.09957871 0.9903485
vt 0.9142091 0.9903485
vt 1 0.06666666
vt 0 0.06666666
vt 0.09957871 0.9903485
vt 0.9142091 0.9903485
vt 1 0.06666666
vt 0 0.06666666
vt 0.09957871 0.9903485
vt 0.9142091 0.9903485
vt 1 0.06666666
vt 0 0.06666666
vt 0.09957871 0.9903485
vt 0.9142091 0.9903485
vt 1 0.06666666
vt 0 0.06666666
vt 0.09957871 0.9903485
vt 0.9142091 0.9903485
vt 1 0.06666666
vt 0 0.06666666
vt 0.09957871 0.9903485
vt 0.9142091 0.9903485
vt 1 0.06666666
vt 0 0.06666666
vt 0.09957871 0.9903485
vt 0.9142091 0.9903485
vt 1 0.06666666
vt 0 0.06666666
vt 0.09957871 0.9903485
vt 0.9142091 0.9903485
vt 1 0.06666666
vt 0 0.06666666
vt 0.09957871 0.9903485
vt 0.9142091 0.9903485
vt 1 0.06666666
vt 0 0.06666666
vt 0.09957871 0.9903485
vt 0.9142091 0.9903485
vt 1 0.06666666
vt 0 0.06666666
vt 0.09957871 0.9903485
vt 0.9142091 0.9903485
vt 1 0.06666666
vt 0 0.06666666
vt 0.09957871 0.9903485
vt 0.9142091 0.9903485
vt 1 0.06666666
vt 0 0.06666666
vt 0.09957871 0.9903485
vt 0.9142091 0.9903485
vt 1 0.06666666
vt 0 0.06666666
vt 0.09957871 0.9903485
vt 0.9142091 0.9903485
vt 1 0.06666666
vt 0 0.06666666
vt 0.09957871 0.9903485
vt 0.9142091 0.9903485
vt 1 0.06666666
vt 0 0.06666666
vt 0.09957871 0.9903485
vt 0.9142091 0.9903485
vt 1 0.06666666
vt 0 0.06666666
vt 0.09957871 0.9903485
vt 0.9142091 0.9903485
vt 1 0.06666666
vt 0 0.06666666
vt 0.09957871 0.9903485
vt 0.9142091 0.9903485
vt 1 0.06666666
vt 0 0.06666666
vt 0.09957871 0.9903485
vt 0.9142091 0.9903485
vt 1 0.06666666
vt 0 0.06666666
vt 0.09957871 0.9903485
vt 0.9142091 0.9903485
vt 1 0.06666666
vt 0 0.06666666
vt 0.09957871 0.9903485
vt 0.9142091 0.9903485
vt 1 0.06666666
vt 0 0.06666666
vt 0.09957871 0.9903485
vt 0.9142091 0.9903485
vt 1 0.06666666
vt 0 0.06666666
vt 0.09957871 0.9903485
vt 0.9142091 0.9903485
vt 1 0.06666666
vt 0 0.06666666
vt 0.09957871 0.9903485
vt 0.9142091 0.9903485
vt 1 0.06666666
vt 0 0.06666666
vt 0.09957871 0.9903485
vt 0.9142091 0.9903485
vt 1 0.06666666
vt 0 0.06666666
vt 0.09957871 0.9903485
vt 0.9142091 0.9903485
vt 1 0.06666666
vt 0 0.06666666
vt 0.09957871 0.9903485
vt 0.9142091 0.9903485
vt 1 0.06666666
vt 0 0.06666666
vt 0.09957871 0.9903485
vt 0.9142091 0.9903485
vt 1 0.06666666
vt 0 0.06666666
vt 0.09957871 0.9903485
vt 0.9142091 0.9903485
vt 1 0.06666666
vt 0 0.06666666
vt 0.09957871 0.9903485
vt 0.9142091 0.9903485
vt 1 0.06666666
vt 0 0.06666666
vt 0.09957871 0.9903485
vt 0.9142091 0.9903485
vt 1 0.06666666
vt 0 0.06666666
vt 0.09957871 0.9903485
vt 0.9142091 0.9903485
vt 1 0.06666666
vt 0 0.06666666
vt 0.09957871 0.9903485
vt 0.9142091 0.9903485
vt 1 0.06666666
vt 0 0.06666666
vt 0.09957871 0.9903485
vt 0.9142091 0.9903485
vt 1 0.06666666
vt 0 0.06666666
vt 0.09957871 0.9903485
vt 0.9142091 0.9903485
vt 1 0.06666666
vt 0 0.06666666
vt 0.09957871 0.9903485
vt 0.9142091 0.9903485
vt 1 0.06666666
vt 0 0.06666666
vt 0.09957871 0.9903485
vt 0.9142091 0.9903485
vt 1 0.06666666
vt 0 0.06666666
vt 0.09957871 0.9903485
vt 0.9142091 0.9903485
vt 1 0.06666666
vt 0 0.06666666
vt 0.09957871 0.9903485
vt 0.9142091 0.9903485
vt 1 0.06666666
vt 0 0.06666666
vt 0.09957871 0.9903485
vt 0.9142091 0.9903485
vt 1 0.06666666
vt 0 0.06666666
vt 0.09957871 0.9903485
vt 0.9142091 0.9903485
vt 1 0.06666666
vt 0 0.06666666
vt 0.09957871 0.9903485
vt 0.9142091 0.9903485
vt 1 0.06666666
vt 0 0.06666666
vt 0.09957871 0.9903485
vt 0.9142091 0.9903485
vt 1 0.06666666
vt 0 0.06666666
vt 0.09957871 0.9903485
vt 0.9142091 0.9903485
vt 1 0.06666666
vt 0 0.06666666
vt 0.09957871 0.9903485
vt 0.9142091 0.9903485
vt 1 0.06666666
vt 0 0.06666666
vt 0.09957871 0.9903485
vt 0.9142091 0.9903485
vt 1 0.06666666
vt 0 0.06666666
vt 0.09957871 0.9903485
vt 0.9142091 0.9903485
vt 1 0.06666666
vt 0 0.06666666
vt 0.09957871 0.9903485
vt 0.9142091 0.9903485
vt 1 0.06666666
vt 0 0.06666666
vt 0.09957871 0.9903485
vt 0.9142091 0.9903485
vt 1 0.06666666
vt 0 0.06666666
vt 0.09957871 0.9903485
vt 0.9142091 0.9903485
vt 1 0.06666666
vt 0 0.06666666
vt 0.09957871 0.9903485
vt 0.9142091 0.9903485
vt 1 0.06666666
vt 0 0.06666666
vt 0.09957871 0.9903485
vt 0.9142091 0.9903485
vt 1 0.06666666
vt 0 0.06666666
vt 0.09957871 0.9903485
vt 0.9142091 0.9903485
vt 1 0.06666666
vt 0 0.06666666
vt 0.09957871 0.9903485
vt 0.9142091 0.9903485
vt 1 0.06666666
vt 0 0.06666666
vt 0.09957871 0.9903485
vt 0.9142091 0.9903485
vt 1 0.06666666
vt 0 0.06666666
vt 0.09957871 0.9903485
vt 0.9142091 0.9903485
vt 1 0.06666666
vt 0 0.06666666
vt 0.09957871 0.9903485
vt 0.9142091 0.9903485
vt 1 0.06666666
vt 0 0.06666666
vt 0.09957871 0.9903485
vt 0.9142091 0.9903485
vt 1 0.06666666
vt 0 0.06666666
vt 0.09957871 0.9903485
vt 0.9142091 0.9903485
vt 1 0.06666666
vt 0 0.06666666
vt 0.09957871 0.9903485
vt 0.9142091 0.9903485
vt 1 0.06666666
vt 0 0.06666666
vt 0.09957871 0.9903485
vt 0.9142091 0.9903485
vt 1 0.06666666
vt 0 0.06666666
vt 0.09957871 0.9903485
vt 0.9142091 0.9903485
vt 1 0.06666666
vt 0 0.06666666
vt 0.09957871 0.9903485
vt 0.9142091 0.9903485
vt 1 0.06666666
vt 0 0.06666666
vt 0.09957871 0.9903485
vt 0.9142091 0.9903485
vt 1 0.06666666
vt 0 0.06666666
vt 0.09957871 0.9903485
vt 0.9142091 0.9903485
vt 1 0.06666666
vt 0 0.06666666
vt 0.09957871 0.9903485
vt 0.9142091 0.9903485
vt 1 0.06666666
vt 0 0.06666666
vt 0.09957871 0.9903485
vt 0.9142091 0.9903485
vt 1 0.06666666
vt 0 0.06666666
vt 0.09957871 0.9903485
vt 0.9142091 0.9903485
vt 1 0.06666666
vt 0 0.06666666
vt 0.09957871 0.9903485
vt 0.9142091 0.9903485
vt 1 0.06666666
vt 0 0.06666666
vt 0.09957871 0.9903485
vt 0.9142091 0.9903485
vt 1 0.06666666
vt 0 0.06666666
vt 0.09957871 0.9903485
vt 0.9142091 0.9903485
vt 1 0.06666666
vt 0 0.06666666
vt 0.09957871 0.9903485
vt 0.9142091 0.9903485
vt 1 0.06666666
vt 0 0.06666666
vt 0.09957871 0.9903485
vt 0.9142091 0.9903485
vt 1 0.06666666
vt 0 0.06666666
vt 0.09957871 0.9903485
vt 0.9142091 0.9903485
vt 1 0.06666666
vt 0 0.06666666
vt 0.09957871 0.9903485
vt 0.9142091 0.9903485
vt 1 0.06666666
vt 0 0.06666666
vt 0.09957871 0.9903485
vt 0.9142091 0.9903485
vt 1 0.06666666
vt 0 0.06666666
vt 0.09957871 0.9903485
vt 0.9142091 0.9903485
vt 1 0.06666666
vt 0 0.06666666
vt 0.09957871 0.9903485
vt 0.9142091 0.9903485
vt 1 0.06666666
vt 0 0.06666666
vt 0.09957871 0.9903485
vt 0.9142091 0.9903485
vt 1 0.06666666
vt 0 0.06666666
vt 0.09957871 0.9903485
vt 0.9142091 0.9903485
vt 1 0.06666666
vt 0 0.06666666
vt 0.09957871 0.9903485
vt 0.9142091 0.9903485
vt 1 0.06666666
vt 0 0.06666666
vt 0.09957871 0.9903485
vt 0.9142091 0.9903485
vt 1 0.06666666
vt 0 0.06666666
vt 0.09957871 0.9903485
vt 0.9142091 0.9903485
vt 1 0.06666666
vt 0 0.06666666
vt 0.09957871 0.9903485
vt 0.9142091 0.9903485
vt 1 0.06666666
vt 0 0.06666666
vt 0.09957871 0.9903485
vt 0.9142091 0.9903485
vt 1 0.06666666
vt 0 0.06666666
vt 0.09957871 0.9903485
vt 0.9142091 0.9903485
vt 1 0.06666666
vt 0 0.06666666
vt 0.09957871 0.9903485
vt 0.9142091 0.9903485
vt 1 0.06666666
vt 0 0.06666666
vt 0.09957871 0.9903485
vt 0.9142091 0.9903485
vt 1 0.06666666
vt 0 0.06666666
vt 0.09957871 0.9903485
vt 0.9142091 0.9903485
vt 1 0.06666666
vt 0 0.06666666
vt 0.09957871 0.9903485
vt 0.9142091 0.9903485
vt 1 0.06666666
vt 0 0.06666666
vt 0.09957871 0.9903485
vt 0.9142091 0.9903485
vt 1 0.06666666
vt 0 0.06666666
vt 0.09957871 0.9903485
vt 0.9142091 0.9903485
vt 1 0.06666666
vt 0 0.06666666
vt 0.09957871 0.9903485
vt 0.9142091 0.9903485
vt 1 0.06666666
vt 0 0.06666666
vt 0.09957871 0.9903485
vt 0.9142091 0.9903485
vt 1 0.06666666
vt 0 0.06666666
vt 0.09957871 0.9903485
vt 0.9142091 0.9903485
vt 1 0.06666666
vt 0 0.06666666
vt 0.09957871 0.9903485
vt 0.9142091 0.9903485
vt 1 0.06666666
vt 0 0.06666666
vt 0.09957871 0.9903485
vt 0.9142091 0.9903485
vt 1 0.06666666
vt 0 0.06666666
vt 0.09957871 0.9903485
vt 0.9142091 0.9903485
vt 1 0.06666666
vt 0 0.06666666
vt 0.09957871 0.9903485
vt 0.9142091 0.9903485
vt 1 0.06666666
vt 0 0.06666666
vt 0.09957871 0.9903485
vt 0.9142091 0.9903485
vt 1 0.06666666
vt 0 0.06666666
vt 0.09957871 0.9903485
vt 0.9142091 0.9903485
vt 1 0.06666666
vt 0 0.06666666
vt 0.09957871 0.9903485
vt 0.9142091 0.9903485
vt 1 0.06666666
vt 0 0.06666666
vt 0.09957871 0.9903485
vt 0.9142091 0.9903485
vt 1 0.06666666
vt 0 0.06666666
vt 0.09957871 0.9903485
vt 0.9142091 0.9903485
vt 1 0.06666666
vt 0 0.06666666
vt 0.09957871 0.9903485
vt 0.9142091 0.9903485
vt 1 0.06666666
vt 0 0.06666666
vt 0.09957871 0.9903485
vt 0.9142091 0.9903485
vt 1 0.06666666
vt 0 0.06666666
vt 0.09957871 0.9903485
vt 0.9142091 0.9903485
vt 1 0.06666666
vt 0 0.06666666
vt 0.09957871 0.9903485
vt 0.9142091 0.9903485
vt 1 0.06666666
vt 0 0.06666666
vt 0.09957871 0.9903485
vt 0.9142091 0.9903485
vt 1 0.06666666
vt 0 0.06666666
vt 0.09957871 0.9903485
vt 0.9142091 0.9903485
vt 1 0.06666666
vt 0 0.06666666
vt 0.09957871 0.9903485
vt 0.9142091 0.9903485
vt 1 0.06666666
vt 0 0.06666666
vt 0.09957871 0.9903485
vt 0.9142091 0.9903485
vt 1 0.06666666
vt 0 0.06666666
vt 0.09957871 0.9903485
vt 0.9142091 0.9903485
vt 1 0.06666666
vt 0 0.06666666
vt 0.09957871 0.9903485
vt 0.9142091 0.9903485
vt 1 0.06666666
vt 0 0.06666666
vt 0.09957871 0.9903485
vt 0.9142091 0.9903485
vt 1 0.06666666
vt 0 0.06666666
vt 0.09957871 0.9903485
vt 0.9142091 0.9903485
vt 1 0.06666666
vt 0 0.06666666
vt 0.09957871 0.9903485
vt 0.9142091 0.9903485
vt 1 0.06666666
vt 0 0.06666666
vt 0.09957871 0.9903485
vt 0.9142091 0.9903485
vt 1 0.06666666
vt 0 0.06666666
vt 0.09957871 0.9903485
vt 0.9142091 0.9903485
vt 1 0.06666666
vt 0 0.06666666
vt 0.09957871 0.9903485
vt 0.9142091 0.9903485
vt 1 0.06666666
vt 0 0.06666666
vt 0.09957871 0.9903485
vt 0.9142091 0.9903485
vt 1 0.06666666
vt 0 0.06666666
vt 0.09957871 0.9903485
vt 0.9142091 0.9903485
vt 1 0.06666666
vt 0 0.06666666
vt 0.09957871 0.9903485
vt 0.9142091 0.9903485
vt 1 0.06666666
vt 0 0.06666666
vt 0.09957871 0.9903485
vt 0.9142091 0.9903485
vt 1 0.06666666
vt 0 0.06666666
vt 0.09957871 0.9903485
vt 0.9142091 0.9903485
vt 1 0.06666666
vt 0 0.06666666
vt 0.09957871 0.9903485
vt 0.9142091 0.9903485
vt 1 0.06666666
vt 0 0.06666666
vt 0.09957871 0.9903485
vt 0.9142091 0.9903485
vt 1 0.06666666
vt 0 0.06666666
vt 0.09957871 0.9903485
vt 0.9142091 0.9903485
vt 1 0.06666666
vt 0 0.06666666
vt 0.09957871 0.9903485
vt 0.9142091 0.9903485
vt 1 0.06666666
vt 0 0.06666666
vt 0.09957871 0.9903485
vt 0.9142091 0.9903485
vt 1 0.06666666
vt 0 0.06666666
vt 0.09957871 0.9903485
vt 0.9142091 0.9903485
vt 1 0.06666666
vt 0 0.06666666
vt 0.09957871 0.9903485
vt 0.9142091 0.9903485
vt 1 0.06666666
vt 0 0.06666666
vt 0.09957871 0.9903485
vt 0.9142091 0.9903485
vt 1 0.06666666
vt 0 0.06666666
vt 0.09957871 0.9903485
vt 0.9142091 0.9903485
vt 1 0.06666666
vt 0 0.06666666
vt 0.09957871 0.9903485
vt 0.9142091 0.9903485
vt 1 0.06666666
vt 0 0.06666666
vt 0.09957871 0.9903485
vt 0.9142091 0.9903485
vt 1 0.06666666
vt 0 0.06666666
vt 0.09957871 0.9903485
vt 0.9142091 0.9903485
vt 1 0.06666666
vt 0 0.06666666
vt 0.09957871 0.9903485
vt 0.9142091 0.9903485
vt 1 0.06666666
vt 0 0.06666666
vt 0.09957871 0.9903485
vt 0.9142091 0.9903485
vt 1 0.06666666
vt 0 0.06666666
vt 0.09957871 0.9903485
vt 0.9142091 0.9903485
vt 1 0.06666666
vt 0 0.06666666
vt 0.09957871 0.9903485
vt 0.9142091 0.9903485
vt 1 0.06666666
vt 0 0.06666666
vt 0.09957871 0.9903485
vt 0.9142091 0.9903485
vt 1 0.06666666
vt 0 0.06666666
vt 0.09957871 0.9903485
vt 0.9142091 0.9903485
vt 1 0.06666666
vt 0 0.06666666
vt 0.09957871 0.9903485
vt 0.9142091 0.9903485
vt 1 0.06666666
vt 0 0.06666666
vt 0.09957871 0.9903485
vt 0.9142091 0.9903485
vt 1 0.06666666
vt 0 0.06666666
vt 0.09957871 0.9903485
vt 0.9142091 0.9903485
vt 1 0.06666666
vt 0 0.06666666
vt 0.09957871 0.9903485
vt 0.9142091 0.9903485
vt 1 0.06666666
vt 0 0.06666666
vt 0.09957871 0.9903485
vt 0.9142091 0.9903485
vt 1 0.06666666
vt 0 0.06666666
vt 0.09957871 0.9903485
vt 0.9142091 0.9903485
vt 1 0.06666666
vt 0 0.06666666
vt 0.09957871 0.9903485
vt 0.9142091 0.9903485
vt 1 0.06666666
vt 0 0.06666666
vt 0.09957871 0.9903485
vt 0.9142091 0.9903485
vt 1 0.06666666
vt 0 0.06666666
vt 0.09957871 0.9903485
vt 0.9142091 0.9903485
vt 1 0.06666666
vt 0 0.06666666
vt 0.09957871 0.9903485
vt 0.9142091 0.9903485
vt 1 0.06666666
vt 0 0.06666666
vt 0.09957871 0.9903485
vt 0.9142091 0.9903485
vt 1 0.06666666
vt 0 0.06666666
vt 0.09957871 0.9903485
vt 0.9142091 0.9903485
vt 1 0.06666666
vt 0 0.06666666
vt 0.09957871 0.9903485
vt 0.9142091 0.9903485
vt 1 0.06666666
vt 0 0.06666666
vt 0.09957871 0.9903485
vt 0.9142091 0.9903485
vt 1 0.06666666
vt 0 0.06666666
vt 0.09957871 0.9903485
vt 0.9142091 0.9903485
vt 1 0.06666666
vt 0 0.06666666
vt 0.09957871 0.9903485
vt 0.9142091 0.9903485
vt 1 0.06666666
vt 0 0.06666666
vt 0.09957871 0.9903485
vt 0.9142091 0.9903485
vt 1 0.06666666
vt 0 0.06666666
vt 0.09957871 0.9903485
vt 0.9142091 0.9903485
vt 1 0.06666666
vt 0 0.06666666
vt 0.09957871 0.9903485
vt 0.9142091 0.9903485
vt 1 0.06666666
vt 0 0.06666666
vt 0.09957871 0.9903485
vt 0.9142091 0.9903485
vt 1 0.06666666
vt 0 0.06666666
vt 0.09957871 0.9903485
vt 0.9142091 0.9903485
vt 1 0.06666666
vt 0 0.06666666
vt 0.09957871 0.9903485
vt 0.9142091 0.9903485
vt 1 0.06666666
vt 0 0.06666666
vt 0.09957871 0.9903485
vt 0.9142091 0.9903485
vt 1 0.06666666
vt 0 0.06666666
vt 0.09957871 0.9903485
vt 0.9142091 0.9903485
vt 1 0.06666666
vt 0 0.06666666
vt 0.09957871 0.9903485
vt 0.9142091 0.9903485
vt 1 0.06666666
vt 0 0.06666666
vt 0.09957871 0.9903485
vt 0.9142091 0.9903485
vt 1 0.06666666
vt 0 0.06666666
vt 0.09957871 0.9903485
vt 0.9142091 0.9903485
vt 1 0.06666666
vt 0 0.06666666
vt 0.09957871 0.9903485
vt 0.9142091 0.9903485
vt 1 0.06666666
vt 0 0.06666666
vt 0.09957871 0.9903485
vt 0.9142091 0.9903485
vt 1 0.06666666
vt 0 0.06666666
vt 0.09957871 0.9903485
vt 0.9142091 0.9903485
vt 1 0.06666666
vt 0 0.06666666
vt 0.09957871 0.9903485
vt 0.9142091 0.9903485
vt 1 0.06666666
vt 0 0.06666666
vt 0.09957871 0.9903485
vt 0.9142091 0.9903485
vt 1 0.06666666
vt 0 0.06666666
vt 0.09957871 0.9903485
vt 0.9142091 0.9903485
vt 1 0.06666666
vt 0 0.06666666
vt 0.09957871 0.9903485
vt 0.9142091 0.9903485
vt 1 0.06666666
vt 0 0.06666666
vt 0.09957871 0.9903485
vt 0.9142091 0.9903485
vt 1 0.06666666
vt 0 0.06666666
vt 0.09957871 0.9903485
vt 0.9142091 0.9903485
vt 1 0.06666666
vt 0 0.06666666
vt 0.09957871 0.9903485
vt 0.9142091 0.9903485
vt 1 0.06666666
vt 0 0.06666666
vt 0.09957871 0.9903485
vt 0.9142091 0.9903485
vt 1 0.06666666
vt 0 0.06666666
vt 0.09957871 0.9903485
vt 0.9142091 0.9903485
vt 1 0.06666666
vt 0 0.06666666
vt 0.09957871 0.9903485
vt 0.9142091 0.9903485
vt 1 0.06666666
vt 0 0.06666666
vt 0.09957871 0.9903485
vt 0.9142091 0.9903485
vt 1 0.06666666
vt 0 0.06666666
vt 0.09957871 0.9903485
vt 0.9142091 0.9903485
vt 1 0.06666666
vt 0 0.06666666
vt 0.09957871 0.9903485
vt 0.9142091 0.9903485
vt 1 0.06666666
vt 0 0.06666666
vt 0.09957871 0.9903485
vt 0.9142091 0.9903485
vt 1 0.06666666
vt 0 0.06666666
vt 0.09957871 0.9903485
vt 0.9142091 0.9903485
vt 1 0.06666666
vt 0 0.06666666
vt 0.09957871 0.9903485
vt 0.9142091 0.9903485
vt 1 0.06666666
vt 0 0.06666666
vt 0.09957871 0.9903485
vt 0.9142091 0.9903485
vt 1 0.06666666
vt 0 0.06666666
vt 0.09957871 0.9903485
vt 0.9142091 0.9903485
vt 1 0.06666666
vt 0 0.06666666
vt 0.09957871 0.9903485
vt 0.9142091 0.9903485
vt 1 0.06666666
vt 0 0.06666666
vt 0.09957871 0.9903485
vt 0.9142091 0.9903485
vt 1 0.06666666
vt 0 0.06666666
vt 0.09957871 0.9903485
vt 0.9142091 0.9903485
vt 1 0.06666666
vt 0 0.06666666
vt 0.09957871 0.9903485
vt 0.9142091 0.9903485
vt 1 0.06666666
vt 0 0.06666666
vt 0.09957871 0.9903485
vt 0.9142091 0.9903485
vt 1 0.06666666
vt 0 0.06666666
vt 0.09957871 0.9903485
vt 0.9142091 0.9903485
vt 1 0.06666666
vt 0 0.06666666
vt 0.09957871 0.9903485
vt 0.9142091 0.9903485
vt 1 0.06666666
vt 0 0.06666666
vt 0.09957871 0.9903485
vt 0.9142091 0.9903485
vt 1 0.06666666
vt 0 0.06666666
vt 0.09957871 0.9903485
vt 0.9142091 0.9903485
vt 1 0.06666666
vt 0 0.06666666
vt 0.09957871 0.9903485
vt 0.9142091 0.9903485
vt 1 0.06666666
vt 0 0.06666666
vt 0.09957871 0.9903485
vt 0.9142091 0.9903485
vt 1 0.06666666
vt 0 0.06666666
vt 0.09957871 0.9903485
vt 0.9142091 0.9903485
vt 1 0.06666666
vt 0 0.06666666
vt 0.09957871 0.9903485
vt 0.9142091 0.9903485
vt 1 0.06666666
vt 0 0.06666666
vt 0.09957871 0.9903485
vt 0.9142091 0.9903485
vt 1 0.06666666
vt 0 0.06666666
vt 0.09957871 0.9903485
vt 0.9142091 0.9903485
vt 1 0.06666666
vt 0 0.06666666
vt 0.09957871 0.9903485
vt 0.9142091 0.9903485
vt 1 0.06666666
vt 0 0.06666666
vt 0.09957871 0.9903485
vt 0.9142091 0.9903485
vt 1 0.06666666
vt 0 0.06666666
vt 0.09957871 0.9903485
vt 0.9142091 0.9903485
vt 1 0.06666666
vt 0 0.06666666
vt 0.09957871 0.9903485
vt 0.9142091 0.9903485
vt 1 0.06666666
vt 0 0.06666666
vt 0.09957871 0.9903485
vt 0.9142091 0.9903485
vt 1 0.06666666
vt 0 0.06666666
vt 0.09957871 0.9903485
vt 0.9142091 0.9903485
vt 1 0.06666666
vt 0 0.06666666
vt 0.09957871 0.9903485
vt 0.9142091 0.9903485
vt 1 0.06666666
vt 0 0.06666666
vt 0.09957871 0.9903485
vt 0.9142091 0.9903485
vt 1 0.06666666
vt 0 0.06666666
vt 0.09957871 0.9903485
vt 0.9142091 0.9903485
vt 1 0.06666666
vt 0 0.06666666
vt 0.09957871 0.9903485
vt 0.9142091 0.9903485
vt 1 0.06666666
vt 0 0.06666666
vt 0.09957871 0.9903485
vt 0.9142091 0.9903485
vt 1 0.06666666
vt 0 0.06666666
vt 0.09957871 0.9903485
vt 0.9142091 0.9903485
vt 1 0.06666666
vt 0 0.06666666
vt 0.09957871 0.9903485
vt 0.9142091 0.9903485
vt 1 0.06666666
vt 0 0.06666666
vt 0.09957871 0.9903485
vt 0.9142091 0.9903485
vt 1 0.06666666
vt 0 0.06666666
vt 0.09957871 0.9903485
vt 0.9142091 0.9903485
vt 1 0.06666666
vt 0 0.06666666
vt 0.09957871 0.9903485
vt 0.9142091 0.9903485
vt 1 0.06666666
vt 0 0.06666666
vt 0.09957871 0.9903485
vt 0.9142091 0.9903485
vt 1 0.06666666
vt 0 0.06666666
vt 0.09957871 0.9903485
vt 0.9142091 0.9903485
vt 1 0.06666666
vt 0 0.06666666
vt 0.09957871 0.9903485
vt 0.9142091 0.9903485
vt 1 0.06666666
vt 0 0.06666666
vt 0.09957871 0.9903485
vt 0.9142091 0.9903485
vt 1 0.06666666
vt 0 0.06666666
vt 0.09957871 0.9903485
vt 0.9142091 0.9903485
vt 1 0.06666666
vt 0 0.06666666
vt 0.09957871 0.9903485
vt 0.9142091 0.9903485
vt 1 0.06666666
vt 0 0.06666666
vt 0.09957871 0.9903485
vt 0.9142091 0.9903485
vt 1 0.06666666
vt 0 0.06666666
vt 0.09957871 0.9903485
vt 0.9142091 0.9903485
vt 1 0.06666666
vt 0 0.06666666
vt 0.09957871 0.9903485
vt 0.9142091 0.9903485
vt 1 0.06666666
vt 0 0.06666666
vt 0.09957871 0.9903485
vt 0.9142091 0.9903485
vt 1 0.06666666
vt 0 0.06666666
vt 0.09957871 0.9903485
vt 0.9142091 0.9903485
vt 1 0.06666666
vt 0 0.06666666
vt 0.09957871 0.9903485
vt 0.9142091 0.9903485
vt 1 0.06666666
vt 0 0.06666666
vt 0.09957871 0.9903485
vt 0.9142091 0.9903485
vt 1 0.06666666
vt 0 0.06666666
vt 0.09957871 0.9903485
vt 0.9142091 0.9903485
vt 1 0.06666666
vt 0 0.06666666
vt 0.09957871 0.9903485
vt 0.9142091 0.9903485
vt 1 0.06666666
vt 0 0.06666666
vt 0.09957871 0.9903485
vt 0.9142091 0.9903485
vt 1 0.06666666
vt 0 0.06666666
vt 0.09957871 0.9903485
vt 0.9142091 0.9903485
vt 1 0.06666666
vt 0 0.06666666
vt 0.09957871 0.9903485
vt 0.9142091 0.9903485
vt 1 0.06666666
vt 0 0.06666666
vt 0.09957871 0.9903485
vt 0.9142091 0.9903485
vt 1 0.06666666
vt 0 0.06666666
vt 0.09957871 0.9903485
vt 0.9142091 0.9903485
vt 1 0.06666666
vt 0 0.06666666
vt 0.09957871 0.9903485
vt 0.9142091 0.9903485
vt 1 0.06666666
vt 0 0.06666666
vt 0.09957871 0.9903485
vt 0.9142091 0.9903485
vt 1 0.06666666
vt 0 0.06666666
vt 0.09957871 0.9903485
vt 0.9142091 0.9903485
vt 1 0.06666666
vt 0 0.06666666
vt 0.09957871 0.9903485
vt 0.9142091 0.9903485
vt 1 0.06666666
vt 0 0.06666666
vt 0.09957871 0.9903485
vt 0.9142091 0.9903485
vt 1 0.06666666
vt 0 0.06666666
vt 0.09957871 0.9903485
vt 0.9142091 0.9903485
vt 1 0.06666666
vt 0 0.06666666
vt 0.09957871 0.9903485
vt 0.9142091 0.9903485
vt 1 0.06666666
vt 0 0.06666666
vt 0.09957871 0.9903485
vt 0.9142091 0.9903485
vt 1 0.06666666
vt 0 0.06666666
vt 0.09957871 0.9903485
vt 0.9142091 0.9903485
vt 1 0.06666666
vt 0 0.06666666
vt 0.09957871 0.9903485
vt 0.9142091 0.9903485
vt 1 0.06666666
vt 0 0.06666666
vt 0.09957871 0.9903485
vt 0.9142091 0.9903485
vt 1 0.06666666
vt 0 0.06666666
vt 0.09957871 0.9903485
vt 0.9142091 0.9903485
vt 1 0.06666666
vt 0 0.06666666
vt 0.09957871 0.9903485
vt 0.9142091 0.9903485
vt 1 0.06666666
vt 0 0.06666666
vt 0.09957871 0.9903485
vt 0.9142091 0.9903485
vt 1 0.06666666
vt 0 0.06666666
vt 0.09957871 0.9903485
vt 0.9142091 0.9903485
vt 1 0.06666666
vt 0 0.06666666
vt 0.09957871 0.9903485
vt 0.9142091 0.9903485
vt 1 0.06666666
vt 0 0.06666666
vt 0.09957871 0.9903485
vt 0.9142091 0.9903485
vt 1 0.06666666
vt 0 0.06666666
vt 0.09957871 0.9903485
vt 0.9142091 0.9903485
vt 1 0.06666666
vt 0 0.06666666
vt 0.09957871 0.9903485
vt 0.9142091 0.9903485
vt 1 0.06666666
vt 0 0.06666666
vt 0.09957871 0.9903485
vt 0.9142091 0.9903485
vt 1 0.06666666
vt 0 0.06666666
vt 0.09957871 0.9903485
vt 0.9142091 0.9903485
vt 1 0.06666666
vt 0 0.06666666
vt 0.09957871 0.9903485
vt 0.9142091 0.9903485
vt 1 0.06666666
vt 0 0.06666666
vt 0.09957871 0.9903485
vt 0.9142091 0.9903485
vt 1 0.06666666
vt 0 0.06666666
vt 0.09957871 0.9903485
vt 0.9142091 0.9903485
vt 1 0.06666666
vt 0 0.06666666
vt 0.09957871 0.9903485
vt 0.9142091 0.9903485
vt 1 0.06666666
vt 0 0.06666666
vt 0.09957871 0.9903485
vt 0.9142091 0.9903485
vt 1 0.06666666
vt 0 0.06666666
vt 0.09957871 0.9903485
vt 0.9142091 0.9903485
vt 1 0.06666666
vt 0 0.06666666
vt 0.09957871 0.9903485
vt 0.9142091 0.9903485
vt 1 0.06666666
vt 0 0.06666666
vt 0.09957871 0.9903485
vt 0.9142091 0.9903485
vt 1 0.06666666
vt 0 0.06666666
vt 0.09957871 0.9903485
vt 0.9142091 0.9903485
vt 1 0.06666666
vt 0 0.06666666
vt 0.09957871 0.9903485
vt 0.9142091 0.9903485
vt 1 0.06666666
vt 0 0.06666666
vt 0.09957871 0.9903485
vt 0.9142091 0.9903485
vt 1 0.06666666
vt 0 0.06666666
vt 0.09957871 0.9903485
vt 0.9142091 0.9903485
vt 1 0.06666666
vt 0 0.06666666
vt 0.09957871 0.9903485
vt 0.9142091 0.9903485
vt 1 0.06666666
vt 0 0.06666666
vt 0.09957871 0.9903485
vt 0.9142091 0.9903485
vt 1 0.06666666
vt 0 0.06666666
vt 0.09957871 0.9903485
vt 0.9142091 0.9903485
vt 1 0.06666666
vt 0 0.06666666
vt 0.09957871 0.9903485
vt 0.9142091 0.9903485
vt 1 0.06666666
vt 0 0.06666666
vt 0.09957871 0.9903485
vt 0.9142091 0.9903485
vt 1 0.06666666
vt 0 0.06666666
vt 0.09957871 0.9903485
vt 0.9142091 0.9903485
vt 1 0.06666666
vt 0 0.06666666
vt 0.09957871 0.9903485
vt 0.9142091 0.9903485
vt 1 0.06666666
vt 0 0.06666666
vt 0.09957871 0.9903485
vt 0.9142091 0.9903485
vt 1 0.06666666
vt 0 0.06666666
vt 0.09957871 0.9903485
vt 0.9142091 0.9903485
vt 1 0.06666666
vt 0 0.06666666
vt 0.09957871 0.9903485
vt 0.9142091 0.9903485
vt 1 0.06666666
vt 0 0.06666666
vt 0.09957871 0.9903485
vt 0.9142091 0.9903485
vt 1 0.06666666
vt 0 0.06666666
vt 0.09957871 0.9903485
vt 0.9142091 0.9903485
vt 1 0.06666666
vt 0 0.06666666
vt 0.09957871 0.9903485
vt 0.9142091 0.9903485
vt 1 0.06666666
vt 0 0.06666666
vt 0.09957871 0.9903485
vt 0.9142091 0.9903485
vt 1 0.06666666
vt 0 0.06666666
vt 0.09957871 0.9903485
vt 0.9142091 0.9903485
vt 1 0.06666666
vt 0 0.06666666
vt 0.09957871 0.9903485
vt 0.9142091 0.9903485
vt 1 0.06666666
vt 0 0.06666666
vt 0.09957871 0.9903485
vt 0.9142091 0.9903485
vt 1 0.06666666
vt 0 0.06666666
vt 0.09957871 0.9903485
vt 0.9142091 0.9903485
vt 1 0.06666666
vt 0 0.06666666
vt 0.09957871 0.9903485
vt 0.9142091 0.9903485
vt 1 0.06666666
vt 0 0.06666666
vt 0.09957871 0.9903485
vt 0.9142091 0.9903485
vt 1 0.06666666
vt 0 0.06666666
vt 0.09957871 0.9903485
vt 0.9142091 0.9903485
vt 1 0.06666666
vt 0 0.06666666
vt 0.09957871 0.9903485
vt 0.9142091 0.9903485
vt 1 0.06666666
vt 0 0.06666666
vt 0.09957871 0.9903485
vt 0.9142091 0.9903485
vt 1 0.06666666
vt 0 0.06666666
vt 0.09957871 0.9903485
vt 0.9142091 0.9903485
vt 1 0.06666666
vt 0 0.06666666
vt 0.09957871 0.9903485
vt 0.9142091 0.9903485
vt 1 0.06666666
vt 0 0.06666666
vt 0.09957871 0.9903485
vt 0.9142091 0.9903485
vt 1 0.06666666
vt 0 0.06666666
vt 0.09957871 0.9903485
vt 0.9142091 0.9903485
vt 1 0.06666666
vt 0 0.06666666
vt 0.09957871 0.9903485
vt 0.9142091 0.9903485
vt 1 0.06666666
vt 0 0.06666666
vt 0.09957871 0.9903485
vt 0.9142091 0.9903485
vt 1 0.06666666
vt 0 0.06666666
vt 0.09957871 0.9903485
vt 0.9142091 0.9903485
vt 1 0.06666666
vt 0 0.06666666
vt 0.09957871 0.9903485
vt 0.9142091 0.9903485
vt 1 0.06666666
vt 0 0.06666666
vt 0.09957871 0.9903485
vt 0.9142091 0.9903485
vt 1 0.06666666
vt 0 0.06666666
vt 0.09957871 0.9903485
vt 0.9142091 0.9903485
vt 1 0.06666666
vt 0 0.06666666
vt 0.09957871 0.9903485
vt 0.9142091 0.9903485
vt 1 0.06666666
vt 0 0.06666666
vt 0.09957871 0.9903485
vt 0.9142091 0.9903485
vt 1 0.06666666
vt 0 0.06666666
vt 0.09957871 0.9903485
vt 0.9142091 0.9903485
vt 1 0.06666666
vt 0 0.06666666
vt 0.09957871 0.9903485
vt 0.9142091 0.9903485
vt 1 0.06666666
vt 0 0.06666666
vt 0.09957871 0.9903485
vt 0.9142091 0.9903485
vt 1 0.06666666
vt 0 0.06666666
vt 0.09957871 0.9903485
vt 0.9142091 0.9903485
vt 1 0.06666666
vt 0 0.06666666
vt 0.09957871 0.9903485
vt 0.9142091 0.9903485
vt 1 0.06666666
vt 0 0.06666666
vt 0.09957871 0.9903485
vt 0.9142091 0.9903485
vt 1 0.06666666
vt 0 0.06666666
vt 0.09957871 0.9903485
vt 0.9142091 0.9903485
vt 1 0.06666666
vt 0 0.06666666
vt 0.09957871 0.9903485
vt 0.9142091 0.9903485
vt 1 0.06666666
vt 0 0.06666666
vt 0.09957871 0.9903485
vt 0.9142091 0.9903485
vt 1 0.06666666
vt 0 0.06666666
vt 0.09957871 0.9903485
vt 0.9142091 0.9903485
vt 1 0.06666666
vt 0 0.06666666
vt 0.09957871 0.9903485
vt 0.9142091 0.9903485
vt 1 0.06666666
vt 0 0.06666666
vt 0.09957871 0.9903485
vt 0.9142091 0.9903485
vt 1 0.06666666
vt 0 0.06666666
vt 0.09957871 0.9903485
vt 0.9142091 0.9903485
vt 1 0.06666666
vt 0 0.06666666
vt 0.09957871 0.9903485
vt 0.9142091 0.9903485
vt 1 0.06666666
vt 0 0.06666666
vt 0.09957871 0.9903485
vt 0.9142091 0.9903485
vt 1 0.06666666
vt 0 0.06666666
vt 0.09957871 0.9903485
vt 0.9142091 0.9903485
vt 1 0.06666666
vt 0 0.06666666
vt 0.09957871 0.9903485
vt 0.9142091 0.9903485
vt 1 0.06666666
vt 0 0.06666666
vt 0.09957871 0.9903485
vt 0.9142091 0.9903485
vt 1 0.06666666
vt 0 0.06666666
vt 0.09957871 0.9903485
vt 0.9142091 0.9903485
vt 1 0.06666666
vt 0 0.06666666
vt 0.09957871 0.9903485
vt 0.9142091 0.9903485
vt 1 0.06666666
vt 0 0.06666666
vt 0.09957871 0.9903485
vt 0.9142091 0.9903485
vt 1 0.06666666
vt 0 0.06666666
vt 0.09957871 0.9903485
vt 0.9142091 0.9903485
vt 1 0.06666666
vt 0 0.06666666
vt 0.09957871 0.9903485
vt 0.9142091 0.9903485
vt 1 0.06666666
vt 0 0.06666666
vt 0.09957871 0.9903485
vt 0.9142091 0.9903485
vt 1 0.06666666
vt 0 0.06666666
vt 0.09957871 0.9903485
vt 0.9142091 0.9903485
vt 1 0.06666666
vt 0 0.06666666
vt 0.09957871 0.9903485
vt 0.9142091 0.9903485
vt 1 0.06666666
vt 0 0.06666666
vt 0.09957871 0.9903485
vt 0.9142091 0.9903485
vt 1 0.06666666
vt 0 0.06666666
vt 0.09957871 0.9903485
vt 0.9142091 0.9903485
vt 1 0.06666666
vt 0 0.06666666
vt 0.09957871 0.9903485
vt 0.9142091 0.9903485
vt 1 0.06666666
vt 0 0.06666666
vt 0.09957871 0.9903485
vt 0.9142091 0.9903485
vt 1 0.06666666
vt 0 0.06666666
vt 0.09957871 0.9903485
vt 0.9142091 0.9903485
vt 1 0.06666666
vt 0 0.06666666
vt 0.09957871 0.9903485
vt 0.9142091 0.9903485
vt 1 0.06666666
vt 0 0.06666666
vt 0.09957871 0.9903485
vt 0.9142091 0.9903485
vt 1 0.06666666
vt 0 0.06666666
vt 0.09957871 0.9903485
vt 0.9142091 0.9903485
vt 1 0.06666666
vt 0 0.06666666
vt 0.09957871 0.9903485
vt 0.9142091 0.9903485
vt 1 0.06666666
vt 0 0.06666666
vt 0.09957871 0.9903485
vt 0.9142091 0.9903485
vt 1 0.06666666
vt 0 0.06666666
vt 0.09957871 0.9903485
vt 0.9142091 0.9903485
vt 1 0.06666666
vt 0 0.06666666
vt 0.09957871 0.9903485
vt 0.9142091 0.9903485
vt 1 0.06666666
vt 0 0.06666666
vt 0.09957871 0.9903485
vt 0.9142091 0.9903485
vt 1 0.06666666
vt 0 0.06666666
vt 0.09957871 0.9903485
vt 0.9142091 0.9903485
vt 1 0.06666666
vt 0 0.06666666
vt 0.09957871 0.9903485
vt 0.9142091 0.9903485
vt 1 0.06666666
vt 0 0.06666666
vt 0.09957871 0.9903485
vt 0.9142091 0.9903485
vt 1 0.06666666
vt 0 0.06666666
vt 0.09957871 0.9903485
vt 0.9142091 0.9903485
vt 1 0.06666666
vt 0 0.06666666
vt 0.09957871 0.9903485
vt 0.9142091 0.9903485
vt 1 0.06666666
vt 0 0.06666666
vt 0.09957871 0.9903485
vt 0.9142091 0.9903485
vt 1 0.06666666
vt 0 0.06666666
vt 0.09957871 0.9903485
vt 0.9142091 0.9903485
vt 1 0.06666666
vt 0 0.06666666
vt 0.09957871 0.9903485
vt 0.9142091 0.9903485
vt 1 0.06666666
vt 0 0.06666666
vt 0.09957871 0.9903485
vt 0.9142091 0.9903485
vt 1 0.06666666
vt 0 0.06666666
vt 0.09957871 0.9903485
vt 0.9142091 0.9903485
vt 1 0.06666666
vt 0 0.06666666
vt 0.09957871 0.9903485
vt 0.9142091 0.9903485
vt 1 0.06666666
vt 0 0.06666666
vt 0.09957871 0.9903485
vt 0.9142091 0.9903485
vt 1 0.06666666
vt 0 0.06666666
vt 0.09957871 0.9903485
vt 0.9142091 0.9903485
vt 1 0.06666666
vt 0 0.06666666
vt 0.09957871 0.9903485
vt 0.9142091 0.9903485
vt 1 0.06666666
vt 0 0.06666666
vt 0.09957871 0.9903485
vt 0.9142091 0.9903485
vt 1 0.06666666
vt 0 0.06666666
vt 0.09957871 0.9903485
vt 0.9142091 0.9903485
vt 1 0.06666666
vt 0 0.06666666
vt 0.09957871 0.9903485
vt 0.9142091 0.9903485
vt 1 0.06666666
vt 0 0.06666666
vt 0.09957871 0.9903485
vt 0.9142091 0.9903485
vt 1 0.06666666
vt 0 0.06666666
vt 0.09957871 0.9903485
vt 0.9142091 0.9903485
vt 1 0.06666666
vt 0 0.06666666
vt 0.09957871 0.9903485
vt 0.9142091 0.9903485
vt 1 0.06666666
vt 0 0.06666666
vt 0.09957871 0.9903485
vt 0.9142091 0.9903485
vt 1 0.06666666
vt 0 0.06666666
vt 0.09957871 0.9903485
vt 0.9142091 0.9903485
vt 1 0.06666666
vt 0 0.06666666
vt 0.09957871 0.9903485
vt 0.9142091 0.9903485
vt 1 0.06666666
vt 0 0.06666666
vt 0.09957871 0.9903485
vt 0.9142091 0.9903485
vt 1 0.06666666
vt 0 0.06666666
vt 0.09957871 0.9903485
vt 0.9142091 0.9903485
vt 1 0.06666666
vt 0 0.06666666
vt 0.09957871 0.9903485
vt 0.9142091 0.9903485
vt 1 0.06666666
vt 0 0.06666666
vt 0.09957871 0.9903485
vt 0.9142091 0.9903485
vt 1 0.06666666
vt 0 0.06666666
vt 0.09957871 0.9903485
vt 0.9142091 0.9903485
vt 1 0.06666666
vt 0 0.06666666
vt 0.09957871 0.9903485
vt 0.9142091 0.9903485
vt 1 0.06666666
vt 0 0.06666666
vt 0.09957871 0.9903485
vt 0.9142091 0.9903485
vt 1 0.06666666
vt 0 0.06666666
vt 0.09957871 0.9903485
vt 0.9142091 0.9903485
vt 1 0.06666666
vt 0 0.06666666
vt 0.09957871 0.9903485
vt 0.9142091 0.9903485
vt 1 0.06666666
vt 0 0.06666666
vt 0.09957871 0.9903485
vt 0.9142091 0.9903485
vt 1 0.06666666
vt 0 0.06666666
vt 0.09957871 0.9903485
vt 0.9142091 0.9903485
vt 1 0.06666666
vt 0 0.06666666
vt 0.09957871 0.9903485
vt 0.9142091 0.9903485
vt 1 0.06666666
vt 0 0.06666666
vt 0.09957871 0.9903485
vt 0.9142091 0.9903485
vt 1 0.06666666
vt 0 0.06666666
vt 0.09957871 0.9903485
vt 0.9142091 0.9903485
vt 1 0.06666666
vt 0 0.06666666
vt 0.09957871 0.9903485
vt 0.9142091 0.9903485
vt 1 0.06666666
vt 0 0.06666666
vt 0.09957871 0.9903485
vt 0.9142091 0.9903485
vt 1 0.06666666
vt 0 0.06666666
vt 0.09957871 0.9903485
vt 0.9142091 0.9903485
vt 1 0.06666666
vt 0 0.06666666
vt 0.09957871 0.9903485
vt 0.9142091 0.9903485
vt 1 0.06666666
vt 0 0.06666666
vt 0.09957871 0.9903485
vt 0.9142091 0.9903485
vt 1 0.06666666
vt 0 0.06666666
vt 0.09957871 0.9903485
vt 0.9142091 0.9903485
vt 1 0.06666666
vt 0 0.06666666
vt 0.09957871 0.9903485
vt 0.9142091 0.9903485
vt 1 0.06666666
vt 0 0.06666666
vt 0.09957871 0.9903485
vt 0.9142091 0.9903485
vt 1 0.06666666
vt 0 0.06666666
vt 0.09957871 0.9903485
vt 0.9142091 0.9903485
vt 1 0.06666666
vt 0 0.06666666
vt 0.09957871 0.9903485
vt 0.9142091 0.9903485
vt 1 0.06666666
vt 0 0.06666666
vt 0.09957871 0.9903485
vt 0.9142091 0.9903485
vt 1 0.06666666
vt 0 0.06666666
vt 0.09957871 0.9903485
vt 0.9142091 0.9903485
vt 1 0.06666666
vt 0 0.06666666
vt 0.09957871 0.9903485
vt 0.9142091 0.9903485
vt 1 0.06666666
vt 0 0.06666666
vt 0.09957871 0.9903485
vt 0.9142091 0.9903485
vt 1 0.06666666
vt 0 0.06666666
vt 0.09957871 0.9903485
vt 0.9142091 0.9903485
vt 1 0.06666666
vt 0 0.06666666
vt 0.09957871 0.9903485
vt 0.9142091 0.9903485
vt 1 0.06666666
vt 0 0.06666666
vt 0.09957871 0.9903485
vt 0.9142091 0.9903485
vt 1 0.06666666
vt 0 0.06666666
vt 0.09957871 0.9903485
vt 0.9142091 0.9903485
vt 1 0.06666666
vt 0 0.06666666
vt 0.09957871 0.9903485
vt 0.9142091 0.9903485
vt 1 0.06666666
vt 0 0.06666666
vt 0.09957871 0.9903485
vt 0.9142091 0.9903485
vt 1 0.06666666
vt 0 0.06666666
vt 0.09957871 0.9903485
vt 0.9142091 0.9903485
vt 1 0.06666666
vt 0 0.06666666
vt 0.09957871 0.9903485
vt 0.9142091 0.9903485
vt 1 0.06666666
vt 0 0.06666666
vt 0.09957871 0.9903485
vt 0.9142091 0.9903485
vt 1 0.06666666
vt 0 0.06666666
vt 0.09957871 0.9903485
vt 0.9142091 0.9903485
vt 1 0.06666666
vt 0 0.06666666
vt 0.09957871 0.9903485
vt 0.9142091 0.9903485
vt 1 0.06666666
vt 0 0.06666666
vt 0.09957871 0.9903485
vt 0.9142091 0.9903485
vt 1 0.06666666
vt 0 0.06666666
vt 0.09957871 0.9903485
vt 0.9142091 0.9903485
vt 1 0.06666666
vt 0 0.06666666
vt 0.09957871 0.9903485
vt 0.9142091 0.9903485
vt 1 0.06666666
vt 0 0.06666666
vt 0.09957871 0.9903485
vt 0.9142091 0.9903485
vt 1 0.06666666
vt 0 0.06666666
vt 0.09957871 0.9903485
vt 0.9142091 0.9903485
vt 1 0.06666666
vt 0 0.06666666
vt 0.09957871 0.9903485
vt 0.9142091 0.9903485
vt 1 0.06666666
vt 0 0.06666666
vt 0.09957871 0.9903485
vt 0.9142091 0.9903485
vt 1 0.06666666
vt 0 0.06666666
vt 0.09957871 0.9903485
vt 0.9142091 0.9903485
vt 1 0.06666666
vt 0 0.06666666
vt 0.09957871 0.9903485
vt 0.9142091 0.9903485
vt 1 0.06666666
vt 0 0.06666666
vt 0.09957871 0.9903485
vt 0.9142091 0.9903485
vt 1 0.06666666
vt 0 0.06666666
vt 0.09957871 0.9903485
vt 0.9142091 0.9903485
vt 1 0.06666666
vt 0 0.06666666
vt 0.09957871 0.9903485
vt 0.9142091 0.9903485
vt 1 0.06666666
vt 0 0.06666666
vt 0.09957871 0.9903485
vt 0.9142091 0.9903485
vt 1 0.06666666
vt 0 0.06666666
vt 0.09957871 0.9903485
vt 0.9142091 0.9903485
vt 1 0.06666666
vt 0 0.06666666
vt 0.09957871 0.9903485
vt 0.9142091 0.9903485
vt 1 0.06666666
vt 0 0.06666666
vt 0.09957871 0.9903485
vt 0.9142091 0.9903485
vt 1 0.06666666
vt 0 0.06666666
vt 0.09957871 0.9903485
vt 0.9142091 0.9903485
vt 1 0.06666666
vt 0 0.06666666
vt 0.09957871 0.9903485
vt 0.9142091 0.9903485
vt 1 0.06666666
vt 0 0.06666666
vt 0.09957871 0.9903485
vt 0.9142091 0.9903485
vt 1 0.06666666
vt 0 0.06666666
vt 0.09957871 0.9903485
vt 0.9142091 0.9903485
vt 1 0.06666666
vt 0 0.06666666
vt 0.09957871 0.9903485
vt 0.9142091 0.9903485
vt 1 0.06666666
vt 0 0.06666666
vt 0.09957871 0.9903485
vt 0.9142091 0.9903485
vt 1 0.06666666
vt 0 0.06666666
vt 0.09957871 0.9903485
vt 0.9142091 0.9903485
vt 1 0.06666666
vt 0 0.06666666
vt 0.09957871 0.9903485
vt 0.9142091 0.9903485
vt 1 0.06666666
vt 0 0.06666666
vt 0.09957871 0.9903485
vt 0.9142091 0.9903485
vt 1 0.06666666
vt 0 0.06666666
vt 0.09957871 0.9903485
vt 0.9142091 0.9903485
vt 1 0.06666666
vt 0 0.06666666
vt 0.09957871 0.9903485
vt 0.9142091 0.9903485
vt 1 0.06666666
vt 0 0.06666666
vt 0.09957871 0.9903485
vt 0.9142091 0.9903485
vt 1 0.06666666
vt 0 0.06666666
vt 0.09957871 0.9903485
vt 0.9142091 0.9903485
vt 1 0.06666666
vt 0 0.06666666
vt 0.09957871 0.9903485
vt 0.9142091 0.9903485
vt 1 0.06666666
vt 0 0.06666666
vt 0.09957871 0.9903485
vt 0.9142091 0.9903485
vt 1 0.06666666
vt 0 0.06666666
vt 0.09957871 0.9903485
vt 0.9142091 0.9903485
vt 1 0.06666666
vt 0 0.06666666
vt 0.09957871 0.9903485
vt 0.9142091 0.9903485
vt 1 0.06666666
vt 0 0.06666666
vt 0.09957871 0.9903485
vt 0.9142091 0.9903485
vt 1 0.06666666
vt 0 0.06666666
vt 0.09957871 0.9903485
vt 0.9142091 0.9903485
vt 1 0.06666666
vt 0 0.06666666
vt 0.09957871 0.9903485
vt 0.9142091 0.9903485
vt 1 0.06666666
vt 0 0.06666666
vt 0.09957871 0.9903485
vt 0.9142091 0.9903485
vt 1 0.06666666
vt 0 0.06666666
vt 0.09957871 0.9903485
vt 0.9142091 0.9903485
vt 1 0.06666666
vt 0 0.06666666
vt 0.09957871 0.9903485
vt 0.9142091 0.9903485
vt 1 0.06666666
vt 0 0.06666666
vt 0.09957871 0.9903485
vt 0.9142091 0.9903485
vt 1 0.06666666
vt 0 0.06666666
vt 0.09957871 0.9903485
vt 0.9142091 0.9903485
vt 1 0.06666666
vt 0 0.06666666
vt 0.09957871 0.9903485
vt 0.9142091 0.9903485
vt 1 0.06666666
vt 0 0.06666666
vt 0.09957871 0.9903485
vt 0.9142091 0.9903485
vt 1 0.06666666
vt 0 0.06666666
vt 0.09957871 0.9903485
vt 0.9142091 0.9903485
vt 1 0.06666666
vt 0 0.06666666
vt 0.09957871 0.9903485
vt 0.9142091 0.9903485
vt 1 0.06666666
vt 0 0.06666666
vt 0.09957871 0.9903485
vt 0.9142091 0.9903485
vt 1 0.06666666
vt 0 0.06666666
vt 0.09957871 0.9903485
vt 0.9142091 0.9903485
vt 1 0.06666666
vt 0 0.06666666
vt 0.09957871 0.9903485
vt 0.9142091 0.9903485
vt 1 0.06666666
vt 0 0.06666666
vt 0.09957871 0.9903485
vt 0.9142091 0.9903485
vt 1 0.06666666
vt 0 0.06666666
vt 0.09957871 0.9903485
vt 0.9142091 0.9903485
vt 1 0.06666666
vt 0 0.06666666
vt 0.09957871 0.9903485
vt 0.9142091 0.9903485
vt 1 0.06666666
vt 0 0.06666666
vt 0.09957871 0.9903485
vt 0.9142091 0.9903485
vt 1 0.06666666
vt 0 0.06666666
vt 0.09957871 0.9903485
vt 0.9142091 0.9903485
vt 1 0.06666666
vt 0 0.06666666
vt 0.09957871 0.9903485
vt 0.9142091 0.9903485
vt 1 0.06666666
vt 0 0.06666666
vt 0.09957871 0.9903485
vt 0.9142091 0.9903485
vt 1 0.06666666
vt 0 0.06666666
vt 0.09957871 0.9903485
vt 0.9142091 0.9903485
vt 1 0.06666666
vt 0 0.06666666
vt 0.09957871 0.9903485
vt 0.9142091 0.9903485
vt 1 0.06666666
vt 0 0.06666666
vt 0.09957871 0.9903485
vt 0.9142091 0.9903485
vt 1 0.06666666
vt 0 0.06666666
vt 0.09957871 0.9903485
vt 0.9142091 0.9903485
vt 1 0.06666666
vt 0 0.06666666
vt 0.09957871 0.9903485
vt 0.9142091 0.9903485
vt 1 0.06666666
vt 0 0.06666666
vt 0.09957871 0.9903485
vt 0.9142091 0.9903485
vt 1 0.06666666
vt 0 0.06666666
vt 0.09957871 0.9903485
vt 0.9142091 0.9903485
vt 1 0.06666666
vt 0 0.06666666
vt 0.09957871 0.9903485
vt 0.9142091 0.9903485
vt 1 0.06666666
vt 0 0.06666666
vt 0.09957871 0.9903485
vt 0.9142091 0.9903485
vt 1 0.06666666
vt 0 0.06666666
vt 0.09957871 0.9903485
vt 0.9142091 0.9903485
vt 1 0.06666666
vt 0 0.06666666
vt 0.09957871 0.9903485
vt 0.9142091 0.9903485
vt 1 0.06666666
vt 0 0.06666666
vt 0.09957871 0.9903485
vt 0.9142091 0.9903485
vt 1 0.06666666
vt 0 0.06666666
vt 0.09957871 0.9903485
vt 0.9142091 0.9903485
vt 1 0.06666666
vt 0 0.06666666
vt 0.09957871 0.9903485
vt 0.9142091 0.9903485
vt 1 0.06666666
vt 0 0.06666666
vt 0.09957871 0.9903485
vt 0.9142091 0.9903485
vt 1 0.06666666
vt 0 0.06666666
vt 0.09957871 0.9903485
vt 0.9142091 0.9903485
vt 1 0.06666666
vt 0 0.06666666
vt 0.09957871 0.9903485
vt 0.9142091 0.9903485
vt 1 0.06666666
vt 0 0.06666666
vt 0.09957871 0.9903485
vt 0.9142091 0.9903485
vt 1 0.06666666
vt 0 0.06666666
vt 0.09957871 0.9903485
vt 0.9142091 0.9903485
vt 1 0.06666666
vt 0 0.06666666
vt 0.09957871 0.9903485
vt 0.9142091 0.9903485
vt 1 0.06666666
vt 0 0.06666666
vt 0.09957871 0.9903485
vt 0.9142091 0.9903485
vt 1 0.06666666
vt 0 0.06666666
vt 0.09957871 0.9903485
vt 0.9142091 0.9903485
vt 1 0.06666666
vt 0 0.06666666
vt 0.09957871 0.9903485
vt 0.9142091 0.9903485
vt 1 0.06666666
vt 0 0.06666666
vt 0.09957871 0.9903485
vt 0.9142091 0.9903485
vt 1 0.06666666
vt 0 0.06666666
vt 0.09957871 0.9903485
vt 0.9142091 0.9903485
vt 1 0.06666666
vt 0 0.06666666
vt 0.09957871 0.9903485
vt 0.9142091 0.9903485
vt 1 0.06666666
vt 0 0.06666666
vt 0.09957871 0.9903485
vt 0.9142091 0.9903485
vt 1 0.06666666
vt 0 0.06666666
vt 0.09957871 0.9903485
vt 0.9142091 0.9903485
vt 1 0.06666666
vt 0 0.06666666
vt 0.09957871 0.9903485
vt 0.9142091 0.9903485
vt 1 0.06666666
vt 0 0.06666666
vt 0.09957871 0.9903485
vt 0.9142091 0.9903485
vt 1 0.06666666
vt 0 0.06666666
vt 0.09957871 0.9903485
vt 0.9142091 0.9903485
vt 1 0.06666666
vt 0 0.06666666
vt 0.09957871 0.9903485
vt 0.9142091 0.9903485
vt 1 0.06666666
vt 0 0.06666666
vt 0.09957871 0.9903485
vt 0.9142091 0.9903485
vt 1 0.06666666
vt 0 0.06666666
vt 0.09957871 0.9903485
vt 0.9142091 0.9903485
vt 1 0.06666666
vt 0 0.06666666
vt 0.09957871 0.9903485
vt 0.9142091 0.9903485
vt 1 0.06666666
vt 0 0.06666666
vt 0.09957871 0.9903485
vt 0.9142091 0.9903485
vt 1 0.06666666
vt 0 0.06666666
vt 0.09957871 0.9903485
vt 0.9142091 0.9903485
vt 1 0.06666666
vt 0 0.06666666
vt 0.09957871 0.9903485
vt 0.9142091 0.9903485
vt 1 0.06666666
vt 0 0.06666666
vt 0.09957871 0.9903485
vt 0.9142091 0.9903485
vt 1 0.06666666
vt 0 0.06666666
vt 0.09957871 0.9903485
vt 0.9142091 0.9903485
vt 1 0.06666666
vt 0 0.06666666
vt 0.09957871 0.9903485
vt 0.9142091 0.9903485
vt 1 0.06666666
vt 0 0.06666666
vt 0.09957871 0.9903485
vt 0.9142091 0.9903485
vt 1 0.06666666
vt 0 0.06666666
vt 0.09957871 0.9903485
vt 0.9142091 0.9903485
vt 1 0.06666666
vt 0 0.06666666
vt 0.09957871 0.9903485
vt 0.9142091 0.9903485
vt 1 0.06666666
vt 0 0.06666666
vt 0.09957871 0.9903485
vt 0.9142091 0.9903485
vt 1 0.06666666
vt 0 0.06666666
vt 0.09957871 0.9903485
vt 0.9142091 0.9903485
vt 1 0.06666666
vt 0 0.06666666
vt 0.09957871 0.9903485
vt 0.9142091 0.9903485
vt 1 0.06666666
vt 0 0.06666666
vt 0.09957871 0.9903485
vt 0.9142091 0.9903485
vt 1 0.06666666
vt 0 0.06666666
vt 0.09957871 0.9903485
vt 0.9142091 0.9903485
vt 1 0.06666666
vt 0 0.06666666
vt 0.09957871 0.9903485
vt 0.9142091 0.9903485
vt 1 0.06666666
vt 0 0.06666666
vt 0.09957871 0.9903485
vt 0.9142091 0.9903485
vt 1 0.06666666
vt 0 0.06666666
vt 0.09957871 0.9903485
vt 0.9142091 0.9903485
vt 1 0.06666666
vt 0 0.06666666
vt 0.09957871 0.9903485
vt 0.9142091 0.9903485
vt 1 0.06666666
vt 0 0.06666666
vt 0.09957871 0.9903485
vt 0.9142091 0.9903485
vt 1 0.06666666
vt 0 0.06666666
vt 0.09957871 0.9903485
vt 0.9142091 0.9903485
vt 1 0.06666666
vt 0 0.06666666
vt 0.09957871 0.9903485
vt 0.9142091 0.9903485
vt 1 0.06666666
vt 0 0.06666666
vt 0.09957871 0.9903485
vt 0.9142091 0.9903485
vt 1 0.06666666
vt 0 0.06666666
vt 0.09957871 0.9903485
vt 0.9142091 0.9903485
vt 1 0.06666666
vt 0 0.06666666
vt 0.09957871 0.9903485
vt 0.9142091 0.9903485
vt 1 0.06666666
vt 0 0.06666666
vt 0.09957871 0.9903485
vt 0.9142091 0.9903485
vt 1 0.06666666
vt 0 0.06666666
vt 0.09957871 0.9903485
vt 0.9142091 0.9903485
vt 1 0.06666666
vt 0 0.06666666
vt 0.09957871 0.9903485
vt 0.9142091 0.9903485
vt 1 0.06666666
vt 0 0.06666666
vt 0.09957871 0.9903485
vt 0.9142091 0.9903485
vt 1 0.06666666
vt 0 0.06666666
vt 0.09957871 0.9903485
vt 0.9142091 0.9903485
vt 1 0.06666666
vt 0 0.06666666
vt 0.09957871 0.9903485
vt 0.9142091 0.9903485
vt 1 0.06666666
usemtl M_KnotwoodBark
f 1/1/1 3/3/3 2/2/2
f 1/1/1 4/4/4 3/3/3
f 5/5/5 4/4/4 1/1/1
f 4/4/4 6/6/6 3/3/3
f 5/5/5 7/7/7 4/4/4
f 8/8/8 7/7/7 5/5/5
f 4/4/4 9/9/9 6/6/6
f 7/7/7 9/9/9 4/4/4
f 9/9/9 10/10/10 6/6/6
f 8/8/8 11/11/11 7/7/7
f 12/12/12 11/11/11 8/8/8
f 7/7/7 13/13/13 9/9/9
f 11/11/11 13/13/13 7/7/7
f 9/9/9 14/14/14 10/10/10
f 13/13/13 14/14/14 9/9/9
f 14/14/14 15/15/15 10/10/10
f 12/12/12 16/16/16 11/11/11
f 17/17/17 16/16/16 12/12/12
f 11/11/11 18/18/18 13/13/13
f 16/16/16 18/18/18 11/11/11
f 13/13/13 19/19/19 14/14/14
f 18/18/18 19/19/19 13/13/13
f 14/14/14 20/20/20 15/15/15
f 19/19/19 20/20/20 14/14/14
f 20/20/20 21/21/21 15/15/15
f 17/17/17 22/22/22 16/16/16
f 23/23/23 22/22/22 17/17/17
f 23/23/23 24/24/24 22/22/22
f 16/16/16 25/25/25 18/18/18
f 22/22/22 25/25/25 16/16/16
f 24/24/24 26/26/26 22/22/22
f 22/22/22 26/26/26 25/25/25
f 24/24/24 27/27/27 26/26/26
f 18/18/18 28/28/28 19/19/19
f 25/25/25 28/28/28 18/18/18
f 19/19/19 29/29/29 20/20/20
f 28/28/28 29/29/29 19/19/19
f 20/20/20 30/30/30 21/21/21
f 29/29/29 30/30/30 20/20/20
f 30/30/30 31/31/31 21/21/21
f 26/26/26 32/32/32 25/25/25
f 25/25/25 32/32/32 28/28/28
f 27/27/27 33/33/33 26/26/26
f 26/26/26 33/33/33 32/32/32
f 27/27/27 34/34/34 33/33/33
f 28/28/28 35/35/35 29/29/29
f 32/32/32 35/35/35 28/28/28
f 29/29/29 36/36/36 30/30/30
f 35/35/35 36/36/36 29/29/29
f 30/30/30 37/37/37 31/31/31
f 36/36/36 37/37/37 30/30/30
f 37/37/37 38/38/38 31/31/31
f 33/33/33 39/39/39 32/32/32
f 32/32/32 39/39/39 35/35/35
f 34/34/34 40/40/40 33/33/33
f 33/33/33 40/40/40 39/39/39
f 34/34/34 41/41/41 40/40/40
f 35/35/35 42/42/42 36/36/36
f 39/39/39 42/42/42 35/35/35
f 36/36/36 43/43/43 37/37/37
f 42/42/42 43/43/43 36/36/36
f 37/37/37 44/44/44 38/38/38
f 43/43/43 44/44/44 37/37/37
f 44/44/44 45/45/45 38/38/38
f 40/40/40 46/46/46 39/39/39
f 39/39/39 46/46/46 42/42/42
f 41/41/41 47/47/47 40/40/40
f 40/40/40 47/47/47 46/46/46
f 41/41/41 48/48/48 47/47/47
f 42/42/42 49/49/49 43/43/43
f 46/46/46 49/49/49 42/42/42
f 43/43/43 50/50/50 44/44/44
f 49/49/49 50/50/50 43/43/43
f 44/44/44 51/51/51 45/45/45
f 50/50/50 51/51/51 44/44/44
f 51/51/51 52/52/52 45/45/45
f 47/47/47 53/53/53 46/46/46
f 46/46/46 53/53/53 49/49/49
f 48/48/48 54/54/54 47/47/47
f 47/47/47 54/54/54 53/53/53
f 48/48/48 55/55/55 54/54/54
f 49/49/49 56/56/56 50/50/50
f 53/53/53 56/56/56 49/49/49
f 50/50/50 57/57/57 51/51/51
f 56/56/56 57/57/57 50/50/50
f 51/51/51 58/58/58 52/52/52
f 57/57/57 58/58/58 51/51/51
f 58/58/58 59/59/59 52/52/52
f 54/54/54 60/60/60 53/53/53
f 53/53/53 60/60/60 56/56/56
f 55/55/55 61/61/61 54/54/54
f 54/54/54 61/61/61 60/60/60
f 55/55/55 62/62/62 61/61/61
f 56/56/56 63/63/63 57/57/57
f 60/60/60 63/63/63 56/56/56
f 57/57/57 64/64/64 58/58/58
f 63/63/63 64/64/64 57/57/57
f 58/58/58 65/65/65 59/59/59
f 64/64/64 65/65/65 58/58/58
f 65/65/65 66/66/66 59/59/59
f 61/61/61 67/67/67 60/60/60
f 60/60/60 67/67/67 63/63/63
f 62/62/62 68/68/68 61/61/61
f 61/61/61 68/68/68 67/67/67
f 62/62/62 69/69/69 68/68/68
f 63/63/63 70/70/70 64/64/64
f 67/67/67 70/70/70 63/63/63
f 64/64/64 71/71/71 65/65/65
f 70/70/70 71/71/71 64/64/64
f 65/65/65 72/72/72 66/66/66
f 71/71/71 72/72/72 65/65/65
f 72/72/72 73/73/73 66/66/66
f 68/68/68 74/74/74 67/67/67
f 67/67/67 74/74/74 70/70/70
f 69/69/69 75/75/75 68/68/68
f 68/68/68 75/75/75 74/74/74
f 69/69/69 76/76/76 75/75/75
f 70/70/70 77/77/77 71/71/71
f 74/74/74 77/77/77 70/70/70
f 71/71/71 78/78/78 72/72/72
f 77/77/77 78/78/78 71/71/71
f 72/72/72 79/79/79 73/73/73
f 78/78/78 79/79/79 72/72/72
f 79/79/79 80/80/80 73/73/73
f 75/75/75 81/81/81 74/74/74
f 74/74/74 81/81/81 77/77/77
f 76/76/76 82/82/82 75/75/75
f 75/75/75 82/82/82 81/81/81
f 76/76/76 83/83/83 82/82/82
f 77/77/77 84/84/84 78/78/78
f 81/81/81 84/84/84 77/77/77
f 78/78/78 85/85/85 79/79/79
f 84/84/84 85/85/85 78/78/78
f 85/85/85 86/86/86 79/79/79
f 82/82/82 87/87/87 81/81/81
f 81/81/81 87/87/87 84/84/84
f 83/83/83 88/88/88 82/82/82
f 82/82/82 88/88/88 87/87/87
f 83/83/83 89/89/89 88/88/88
f 84/84/84 90/90/90 85/85/85
f 87/87/87 90/90/90 84/84/84
f 90/90/90 91/91/91 85/85/85
f 87/87/87 92/92/92 90/90/90
f 88/88/88 92/92/92 87/87/87
f 92/92/92 93/93/93 90/90/90
f 89/89/89 94/94/94 88/88/88
f 88/88/88 94/94/94 92/92/92
f 94/94/94 95/95/95 92/92/92
f 89/89/89 96/96/96 94/94/94
f 96/96/96 97/97/97 94/94/94
f 98/98/98 100/100/100 99/99/99
f 98/98/98 101/101/101 100/100/100
f 102/102/102 101/101/101 98/98/98
f 101/101/101 103/103/103 100/100/100
f 102/102/102 104/104/104 101/101/101
f 105/105/105 104/104/104 102/102/102
f 101/101/101 106/106/106 103/103/103
f 104/104/104 106/106/106 101/101/101
f 106/106/106 107/107/107 103/103/103
f 105/105/105 108/108/108 104/104/104
f 109/109/109 108/108/108 105/105/105
f 104/104/104 110/110/110 106/106/106
f 108/108/108 110/110/110 104/104/104
f 106/106/106 111/111/111 107/107/107
f 110/110/110 111/111/111 106/106/106
f 111/111/111 112/112/112 107/107/107
f 109/109/109 113/113/113 108/108/108
f 114/114/114 113/113/113 109/109/109
f 108/108/108 115/115/115 110/110/110
f 113/113/113 115/115/115 108/108/108
f 110/110/110 116/116/116 111/111/111
f 115/115/115 116/116/116 110/110/110
f 111/111/111 117/117/117 112/112/112
f 116/116/116 117/117/117 111/111/111
f 117/117/117 118/118/118 112/112/112
f 114/114/114 119/119/119 113/113/113
f 120/120/120 119/119/119 114/114/114
f 120/120/120 121/121/121 119/119/119
f 113/113/113 122/122/122 115/115/115
f 119/119/119 122/122/122 113/113/113
f 121/121/121 123/123/123 119/119/119
f 119/119/119 123/123/123 122/122/122
f 121/121/121 124/124/124 123/123/123
f 115/115/115 125/125/125 116/116/116
f 122/122/122 125/125/125 115/115/115
f 116/116/116 126/126/126 117/117/117
f 125/125/125 126/126/126 116/116/116
f 126/126/126 127/127/127 117/117/117
f 123/123/123 128/128/128 122/122/122
f 122/122/122 128/128/128 125/125/125
f 124/124/124 129/129/129 123/123/123
f 123/123/123 129/129/129 128/128/128
f 124/124/124 130/130/130 129/129/129
f 125/125/125 131/131/131 126/126/126
f 128/128/128 131/131/131 125/125/125
f 131/131/131 132/132/132 126/126/126
f 128/128/128 133/133/133 131/131/131
f 129/129/129 133/133/133 128/128/128
f 133/133/133 134/134/134 131/131/131
f 130/130/130 135/135/135 129/129/129
f 129/129/129 135/135/135 133/133/133
f 135/135/135 136/136/136 133/133/133
f 130/130/130 137/137/137 135/135/135
f 137/137/137 138/138/138 135/135/135
f 139/139/139 141/141/141 140/140/140
f 139/139/139 142/142/142 141/141/141
f 143/143/143 142/142/142 139/139/139
f 142/142/142 144/144/144 141/141/141
f 143/143/143 145/145/145 142/142/142
f 146/146/146 145/145/145 143/143/143
f 142/142/142 147/147/147 144/144/144
f 145/145/145 147/147/147 142/142/142
f 147/147/147 148/148/148 144/144/144
f 146/146/146 149/149/149 145/145/145
f 150/150/150 149/149/149 146/146/146
f 150/150/150 151/151/151 149/149/149
f 145/145/145 152/152/152 147/147/147
f 149/149/149 152/152/152 145/145/145
f 152/152/152 153/153/153 147/147/147
f 151/151/151 154/154/154 149/149/149
f 149/149/149 154/154/154 152/152/152
f 154/154/154 155/155/155 152/152/152
f 151/151/151 156/156/156 154/154/154
f 156/156/156 157/157/157 154/154/154
f 158/158/158 160/160/160 159/159/159
f 158/158/158 161/161/161 160/160/160
f 162/162/162 161/161/161 158/158/158
f 161/161/161 163/163/163 160/160/160
f 162/162/162 164/164/164 161/161/161
f 165/165/165 164/164/164 162/162/162
f 161/161/161 166/166/166 163/163/163
f 164/164/164 166/166/166 161/161/161
f 166/166/166 167/167/167 163/163/163
f 165/165/165 168/168/168 164/164/164
f 169/169/169 168/168/168 165/165/165
f 164/164/164 170/170/170 166/166/166
f 168/168/168 170/170/170 164/164/164
f 166/166/166 171/171/171 167/167/167
f 170/170/170 171/171/171 166/166/166
f 171/171/171 172/172/172 167/167/167
f 169/169/169 173/173/173 168/168/168
f 174/174/174 173/173/173 169/169/169
f 168/168/168 175/175/175 170/170/170
f 173/173/173 175/175/175 168/168/168
f 170/170/170 176/176/176 171/171/171
f 175/175/175 176/176/176 170/170/170
f 171/171/171 177/177/177 172/172/172
f 176/176/176 177/177/177 171/171/171
f 177/177/177 178/178/178 172/172/172
f 174/174/174 179/179/179 173/173/173
f 180/180/180 179/179/179 174/174/174
f 180/180/180 181/181/181 179/179/179
f 173/173/173 182/182/182 175/175/175
f 179/179/179 182/182/182 173/173/173
f 181/181/181 183/183/183 179/179/179
f 179/179/179 183/183/183 182/182/182
f 181/181/181 184/184/184 183/183/183
f 175/175/175 185/185/185 176/176/176
f 182/182/182 185/185/185 175/175/175
f 176/176/176 186/186/186 177/177/177
f 185/185/185 186/186/186 176/176/176
f 186/186/186 187/187/187 177/177/177
f 183/183/183 188/188/188 182/182/182
f 182/182/182 188/188/188 185/185/185
f 184/184/184 189/189/189 183/183/183
f 183/183/183 189/189/189 188/188/188
f 184/184/184 190/190/190 189/189/189
f 185/185/185 191/191/191 186/186/186
f 188/188/188 191/191/191 185/185/185
f 191/191/191 192/192/192 186/186/186
f 188/188/188 193/193/193 191/191/191
f 189/189/189 193/193/193 188/188/188
f 193/193/193 194/194/194 191/191/191
f 190/190/190 195/195/195 189/189/189
f 189/189/189 195/195/195 193/193/193
f 195/195/195 196/196/196 193/193/193
f 190/190/190 197/197/197 195/195/195
f 197/197/197 198/198/198 195/195/195
f 199/199/199 201/201/201 200/200/200
f 199/199/199 202/202/202 201/201/201
f 203/203/203 202/202/202 199/199/199
f 202/202/202 204/204/204 201/201/201
f 203/203/203 205/205/205 202/202/202
f 206/206/206 205/205/205 203/203/203
f 202/202/202 207/207/207 204/204/204
f 205/205/205 207/207/207 202/202/202
f 207/207/207 208/208/208 204/204/204
f 206/206/206 209/209/209 205/205/205
f 210/210/210 209/209/209 206/206/206
f 210/210/210 211/211/211 209/209/209
f 205/205/205 212/212/212 207/207/207
f 209/209/209 212/212/212 205/205/205
f 212/212/212 213/213/213 207/207/207
f 211/211/211 214/214/214 209/209/209
f 209/209/209 214/214/214 212/212/212
f 214/214/214 215/215/215 212/212/212
f 211/211/211 216/216/216 214/214/214
f 216/216/216 217/217/217 214/214/214
f 218/218/218 220/220/220 219/219/219
f 218/218/218 221/221/221 220/220/220
f 222/222/222 221/221/221 218/218/218
f 221/221/221 223/223/223 220/220/220
f 222/222/222 224/224/224 221/221/221
f 225/225/225 224/224/224 222/222/222
f 221/221/221 226/226/226 223/223/223
f 224/224/224 226/226/226 221/221/221
f 226/226/226 227/227/227 223/223/223
f 225/225/225 228/228/228 224/224/224
f 229/229/229 228/228/228 225/225/225
f 224/224/224 230/230/230 226/226/226
f 228/228/228 230/230/230 224/224/224
f 226/226/226 231/231/231 227/227/227
f 230/230/230 231/231/231 226/226/226
f 231/231/231 232/232/232 227/227/227
f 229/229/229 233/233/233 228/228/228
f 234/234/234 233/233/233 229/229/229
f 228/228/228 235/235/235 230/230/230
f 233/233/233 235/235/235 228/228/228
f 230/230/230 236/236/236 231/231/231
f 235/235/235 236/236/236 230/230/230
f 236/236/236 237/237/237 231/231/231
f 234/234/234 238/238/238 233/233/233
f 239/239/239 238/238/238 234/234/234
f 239/239/239 240/240/240 238/238/238
f 233/233/233 241/241/241 235/235/235
f 238/238/238 241/241/241 233/233/233
f 235/235/235 242/242/242 236/236/236
f 241/241/241 242/242/242 235/235/235
f 242/242/242 243/243/243 236/236/236
f 240/240/240 244/244/244 238/238/238
f 238/238/238 244/244/244 241/241/241
f 240/240/240 245/245/245 244/244/244
f 241/241/241 246/246/246 242/242/242
f 244/244/244 246/246/246 241/241/241
f 246/246/246 247/247/247 242/242/242
f 245/245/245 248/248/248 244/244/244
f 244/244/244 248/248/248 246/246/246
f 248/248/248 249/249/249 246/246/246
f 245/245/245 250/250/250 248/248/248
f 250/250/250 251/251/251 248/248/248
f 252/252/252 254/254/254 253/253/253
f 252/252/252 255/255/255 254/254/254
f 256/256/256 255/255/255 252/252/252
f 255/255/255 257/257/257 254/254/254
f 256/256/256 258/258/258 255/255/255
f 259/259/259 258/258/258 256/256/256
f 255/255/255 260/260/260 257/257/257
f 258/258/258 260/260/260 255/255/255
f 260/260/260 261/261/261 257/257/257
f 259/259/259 262/262/262 258/258/258
f 263/263/263 262/262/262 259/259/259
f 263/263/263 264/264/264 262/262/262
f 258/258/258 265/265/265 260/260/260
f 262/262/262 265/265/265 258/258/258
f 260/260/260 266/266/266 261/261/261
f 265/265/265 266/266/266 260/260/260
f 266/266/266 267/267/267 261/261/261
f 264/264/264 268/268/268 262/262/262
f 262/262/262 268/268/268 265/265/265
f 264/264/264 269/269/269 268/268/268
f 265/265/265 270/270/270 266/266/266
f 268/268/268 270/270/270 265/265/265
f 270/270/270 271/271/271 266/266/266
f 269/269/269 272/272/272 268/268/268
f 268/268/268 272/272/272 270/270/270
f 272/272/272 273/273/273 270/270/270
f 269/269/269 274/274/274 272/272/272
f 274/274/274 275/275/275 272/272/272
f 276/276/276 278/278/278 277/277/277
f 276/276/276 279/279/279 278/278/278
f 280/280/280 279/279/279 276/276/276
f 279/279/279 281/281/281 278/278/278
f 280/280/280 282/282/282 279/279/279
f 283/283/283 282/282/282 280/280/280
f 279/279/279 284/284/284 281/281/281
f 282/282/282 284/284/284 279/279/279
f 284/284/284 285/285/285 281/281/281
f 283/283/283 286/286/286 282/282/282
f 287/287/287 286/286/286 283/283/283
f 282/282/282 288/288/288 284/284/284
f 286/286/286 288/288/288 282/282/282
f 284/284/284 289/289/289 285/285/285
f 288/288/288 289/289/289 284/284/284
f 289/289/289 290/290/290 285/285/285
f 287/287/287 291/291/291 286/286/286
f 292/292/292 291/291/291 287/287/287
f 286/286/286 293/293/293 288/288/288
f 291/291/291 293/293/293 286/286/286
f 288/288/288 294/294/294 289/289/289
f 293/293/293 294/294/294 288/288/288
f 294/294/294 295/295/295 289/289/289
f 292/292/292 296/296/296 291/291/291
f 297/297/297 296/296/296 292/292/292
f 297/297/297 298/298/298 296/296/296
f 291/291/291 299/299/299 293/293/293
f 296/296/296 299/299/299 291/291/291
f 293/293/293 300/300/300 294/294/294
f 299/299/299 300/300/300 293/293/293
f 300/300/300 301/301/301 294/294/294
f 298/298/298 302/302/302 296/296/296
f 296/296/296 302/302/302 299/299/299
f 298/298/298 303/303/303 302/302/302
f 299/299/299 304/304/304 300/300/300
f 302/302/302 304/304/304 299/299/299
f 304/304/304 305/305/305 300/300/300
f 303/303/303 306/306/306 302/302/302
f 302/302/302 306/306/306 304/304/304
f 306/306/306 307/307/307 304/304/304
f 303/303/303 308/308/308 306/306/306
f 308/308/308 309/309/309 306/306/306
f 310/310/310 312/312/312 311/311/311
f 310/310/310 313/313/313 312/312/312
f 314/314/314 313/313/313 310/310/310
f 313/313/313 315/315/315 312/312/312
f 314/314/314 316/316/316 313/313/313
f 317/317/317 316/316/316 314/314/314
f 313/313/313 318/318/318 315/315/315
f 316/316/316 318/318/318 313/313/313
f 318/318/318 319/319/319 315/315/315
f 317/317/317 320/320/320 316/316/316
f 321/321/321 320/320/320 317/317/317
f 321/321/321 322/322/322 320/320/320
f 316/316/316 323/323/323 318/318/318
f 320/320/320 323/323/323 316/316/316
f 318/318/318 324/324/324 319/319/319
f 323/323/323 324/324/324 318/318/318
f 324/324/324 325/325/325 319/319/319
f 322/322/322 326/326/326 320/320/320
f 320/320/320 326/326/326 323/323/323
f 322/322/322 327/327/327 326/326/326
f 323/323/323 328/328/328 324/324/324
f 326/326/326 328/328/328 323/323/323
f 328/328/328 329/329/329 324/324/324
f 327/327/327 330/330/330 326/326/326
f 326/326/326 330/330/330 328/328/328
f 330/330/330 331/331/331 328/328/328
f 327/327/327 332/332/332 330/330/330
f 332/332/332 333/333/333 330/330/330
f 334/334/334 336/336/336 335/335/335
f 334/334/334 337/337/337 336/336/336
f 338/338/338 337/337/337 334/334/334
f 337/337/337 339/339/339 336/336/336
f 338/338/338 340/340/340 337/337/337
f 341/341/341 340/340/340 338/338/338
f 337/337/337 342/342/342 339/339/339
f 340/340/340 342/342/342 337/337/337
f 342/342/342 343/343/343 339/339/339
f 341/341/341 344/344/344 340/340/340
f 345/345/345 344/344/344 341/341/341
f 345/345/345 346/346/346 344/344/344
f 340/340/340 347/347/347 342/342/342
f 344/344/344 347/347/347 340/340/340
f 347/347/347 348/348/348 342/342/342
f 346/346/346 349/349/349 344/344/344
f 344/344/344 349/349/349 347/347/347
f 349/349/349 350/350/350 347/347/347
f 346/346/346 351/351/351 349/349/349
f 351/351/351 352/352/352 349/349/349
f 353/353/353 355/355/355 354/354/354
f 353/353/353 356/356/356 355/355/355
f 357/357/357 356/356/356 353/353/353
f 356/356/356 358/358/358 355/355/355
f 357/357/357 359/359/359 356/356/356
f 360/360/360 359/359/359 357/357/357
f 356/356/356 361/361/361 358/358/358
f 359/359/359 361/361/361 356/356/356
f 361/361/361 362/362/362 358/358/358
f 360/360/360 363/363/363 359/359/359
f 364/364/364 363/363/363 360/360/360
f 364/364/364 365/365/365 363/363/363
f 359/359/359 366/366/366 361/361/361
f 363/363/363 366/366/366 359/359/359
f 366/366/366 367/367/367 361/361/361
f 365/365/365 368/368/368 363/363/363
f 363/363/363 368/368/368 366/366/366
f 368/368/368 369/369/369 366/366/366
f 365/365/365 370/370/370 368/368/368
f 370/370/370 371/371/371 368/368/368
f 372/372/372 374/374/374 373/373/373
f 372/372/372 375/375/375 374/374/374
f 376/376/376 375/375/375 372/372/372
f 375/375/375 377/377/377 374/374/374
f 376/376/376 378/378/378 375/375/375
f 379/379/379 378/378/378 376/376/376
f 375/375/375 380/380/380 377/377/377
f 378/378/378 380/380/380 375/375/375
f 380/380/380 381/381/381 377/377/377
f 379/379/379 382/382/382 378/378/378
f 383/383/383 382/382/382 379/379/379
f 378/378/378 384/384/384 380/380/380
f 382/382/382 384/384/384 378/378/378
f 380/380/380 385/385/385 381/381/381
f 384/384/384 385/385/385 380/380/380
f 385/385/385 386/386/386 381/381/381
f 383/383/383 387/387/387 382/382/382
f 388/388/388 387/387/387 383/383/383
f 382/382/382 389/389/389 384/384/384
f 387/387/387 389/389/389 382/382/382
f 384/384/384 390/390/390 385/385/385
f 389/389/389 390/390/390 384/384/384
f 390/390/390 391/391/391 385/385/385
f 388/388/388 392/392/392 387/387/387
f 393/393/393 392/392/392 388/388/388
f 393/393/393 394/394/394 392/392/392
f 387/387/387 395/395/395 389/389/389
f 392/392/392 395/395/395 387/387/387
f 389/389/389 396/396/396 390/390/390
f 395/395/395 396/396/396 389/389/389
f 396/396/396 397/397/397 390/390/390
f 394/394/394 398/398/398 392/392/392
f 392/392/392 398/398/398 395/395/395
f 394/394/394 399/399/399 398/398/398
f 395/395/395 400/400/400 396/396/396
f 398/398/398 400/400/400 395/395/395
f 400/400/400 401/401/401 396/396/396
f 399/399/399 402/402/402 398/398/398
f 398/398/398 402/402/402 400/400/400
f 402/402/402 403/403/403 400/400/400
f 399/399/399 404/404/404 402/402/402
f 404/404/404 405/405/405 402/402/402
f 406/406/406 408/408/408 407/407/407
f 406/406/406 409/409/409 408/408/408
f 410/410/410 409/409/409 406/406/406
f 409/409/409 411/411/411 408/408/408
f 410/410/410 412/412/412 409/409/409
f 413/413/413 412/412/412 410/410/410
f 409/409/409 414/414/414 411/411/411
f 412/412/412 414/414/414 409/409/409
f 414/414/414 415/415/415 411/411/411
f 413/413/413 416/416/416 412/412/412
f 417/417/417 416/416/416 413/413/413
f 417/417/417 418/418/418 416/416/416
f 412/412/412 419/419/419 414/414/414
f 416/416/416 419/419/419 412/412/412
f 419/419/419 420/420/420 414/414/414
f 418/418/418 421/421/421 416/416/416
f 416/416/416 421/421/421 419/419/419
f 421/421/421 422/422/422 419/419/419
f 418/418/418 423/423/423 421/421/421
f 423/423/423 424/424/424 421/421/421
usemtl MV_KnotwoodLeaves_Gold
f 425/425/425 427/427/427 426/426/426
f 425/425/425 428/428/428 427/427/427
f 429/429/429 431/431/431 430/430/430
f 429/429/429 432/432/432 431/431/431
f 433/433/433 435/435/435 434/434/434
f 433/433/433 436/436/436 435/435/435
f 437/437/437 439/439/439 438/438/438
f 437/437/437 440/440/440 439/439/439
f 441/441/441 443/443/443 442/442/442
f 441/441/441 444/444/444 443/443/443
f 445/445/445 447/447/447 446/446/446
f 445/445/445 448/448/448 447/447/447
f 449/449/449 451/451/451 450/450/450
f 449/449/449 452/452/452 451/451/451
f 453/453/453 455/455/455 454/454/454
f 453/453/453 456/456/456 455/455/455
f 457/457/457 459/459/459 458/458/458
f 457/457/457 460/460/460 459/459/459
f 461/461/461 463/463/463 462/462/462
f 461/461/461 464/464/464 463/463/463
f 465/465/465 467/467/467 466/466/466
f 465/465/465 468/468/468 467/467/467
f 469/469/469 471/471/471 470/470/470
f 469/469/469 472/472/472 471/471/471
f 473/473/473 475/475/475 474/474/474
f 473/473/473 476/476/476 475/475/475
f 477/477/477 479/479/479 478/478/478
f 477/477/477 480/480/480 479/479/479
f 481/481/481 483/483/483 482/482/482
f 481/481/481 484/484/484 483/483/483
f 485/485/485 487/487/487 486/486/486
f 485/485/485 488/488/488 487/487/487
f 489/489/489 491/491/491 490/490/490
f 489/489/489 492/492/492 491/491/491
f 493/493/493 495/495/495 494/494/494
f 493/493/493 496/496/496 495/495/495
f 497/497/497 499/499/499 498/498/498
f 497/497/497 500/500/500 499/499/499
f 501/501/501 503/503/503 502/502/502
f 501/501/501 504/504/504 503/503/503
f 505/505/505 507/507/507 506/506/506
f 505/505/505 508/508/508 507/507/507
f 509/509/509 511/511/511 510/510/510
f 509/509/509 512/512/512 511/511/511
f 513/513/513 515/515/515 514/514/514
f 513/513/513 516/516/516 515/515/515
f 517/517/517 519/519/519 518/518/518
f 517/517/517 520/520/520 519/519/519
f 521/521/521 523/523/523 522/522/522
f 521/521/521 524/524/524 523/523/523
f 525/525/525 527/527/527 526/526/526
f 525/525/525 528/528/528 527/527/527
f 529/529/529 531/531/531 530/530/530
f 529/529/529 532/532/532 531/531/531
f 533/533/533 535/535/535 534/534/534
f 533/533/533 536/536/536 535/535/535
f 537/537/537 539/539/539 538/538/538
f 537/537/537 540/540/540 539/539/539
f 541/541/541 543/543/543 542/542/542
f 541/541/541 544/544/544 543/543/543
f 545/545/545 547/547/547 546/546/546
f 545/545/545 548/548/548 547/547/547
f 549/549/549 551/551/551 550/550/550
f 549/549/549 552/552/552 551/551/551
f 553/553/553 555/555/555 554/554/554
f 553/553/553 556/556/556 555/555/555
f 557/557/557 559/559/559 558/558/558
f 557/557/557 560/560/560 559/559/559
f 561/561/561 563/563/563 562/562/562
f 561/561/561 564/564/564 563/563/563
f 565/565/565 567/567/567 566/566/566
f 565/565/565 568/568/568 567/567/567
f 569/569/569 571/571/571 570/570/570
f 569/569/569 572/572/572 571/571/571
f 573/573/573 575/575/575 574/574/574
f 573/573/573 576/576/576 575/575/575
f 577/577/577 579/579/579 578/578/578
f 577/577/577 580/580/580 579/579/579
f 581/581/581 583/583/583 582/582/582
f 581/581/581 584/584/584 583/583/583
f 585/585/585 587/587/587 586/586/586
f 585/585/585 588/588/588 587/587/587
f 589/589/589 591/591/591 590/590/590
f 589/589/589 592/592/592 591/591/591
f 593/593/593 595/595/595 594/594/594
f 593/593/593 596/596/596 595/595/595
f 597/597/597 599/599/599 598/598/598
f 597/597/597 600/600/600 599/599/599
f 601/601/601 603/603/603 602/602/602
f 601/601/601 604/604/604 603/603/603
f 605/605/605 607/607/607 606/606/606
f 605/605/605 608/608/608 607/607/607
f 609/609/609 611/611/611 610/610/610
f 609/609/609 612/612/612 611/611/611
f 613/613/613 615/615/615 614/614/614
f 613/613/613 616/616/616 615/615/615
f 617/617/617 619/619/619 618/618/618
f 617/617/617 620/620/620 619/619/619
f 621/621/621 623/623/623 622/622/622
f 621/621/621 624/624/624 623/623/623
f 625/625/625 627/627/627 626/626/626
f 625/625/625 628/628/628 627/627/627
f 629/629/629 631/631/631 630/630/630
f 629/629/629 632/632/632 631/631/631
f 633/633/633 635/635/635 634/634/634
f 633/633/633 636/636/636 635/635/635
f 637/637/637 639/639/639 638/638/638
f 637/637/637 640/640/640 639/639/639
f 641/641/641 643/643/643 642/642/642
f 641/641/641 644/644/644 643/643/643
f 645/645/645 647/647/647 646/646/646
f 645/645/645 648/648/648 647/647/647
f 649/649/649 651/651/651 650/650/650
f 649/649/649 652/652/652 651/651/651
f 653/653/653 655/655/655 654/654/654
f 653/653/653 656/656/656 655/655/655
f 657/657/657 659/659/659 658/658/658
f 657/657/657 660/660/660 659/659/659
f 661/661/661 663/663/663 662/662/662
f 661/661/661 664/664/664 663/663/663
f 665/665/665 667/667/667 666/666/666
f 665/665/665 668/668/668 667/667/667
f 669/669/669 671/671/671 670/670/670
f 669/669/669 672/672/672 671/671/671
f 673/673/673 675/675/675 674/674/674
f 673/673/673 676/676/676 675/675/675
f 677/677/677 679/679/679 678/678/678
f 677/677/677 680/680/680 679/679/679
f 681/681/681 683/683/683 682/682/682
f 681/681/681 684/684/684 683/683/683
f 685/685/685 687/687/687 686/686/686
f 685/685/685 688/688/688 687/687/687
f 689/689/689 691/691/691 690/690/690
f 689/689/689 692/692/692 691/691/691
f 693/693/693 695/695/695 694/694/694
f 693/693/693 696/696/696 695/695/695
f 697/697/697 699/699/699 698/698/698
f 697/697/697 700/700/700 699/699/699
f 701/701/701 703/703/703 702/702/702
f 701/701/701 704/704/704 703/703/703
f 705/705/705 707/707/707 706/706/706
f 705/705/705 708/708/708 707/707/707
f 709/709/709 711/711/711 710/710/710
f 709/709/709 712/712/712 711/711/711
f 713/713/713 715/715/715 714/714/714
f 713/713/713 716/716/716 715/715/715
f 717/717/717 719/719/719 718/718/718
f 717/717/717 720/720/720 719/719/719
f 721/721/721 723/723/723 722/722/722
f 721/721/721 724/724/724 723/723/723
f 725/725/725 727/727/727 726/726/726
f 725/725/725 728/728/728 727/727/727
f 729/729/729 731/731/731 730/730/730
f 729/729/729 732/732/732 731/731/731
f 733/733/733 735/735/735 734/734/734
f 733/733/733 736/736/736 735/735/735
f 737/737/737 739/739/739 738/738/738
f 737/737/737 740/740/740 739/739/739
f 741/741/741 743/743/743 742/742/742
f 741/741/741 744/744/744 743/743/743
f 745/745/745 747/747/747 746/746/746
f 745/745/745 748/748/748 747/747/747
f 749/749/749 751/751/751 750/750/750
f 749/749/749 752/752/752 751/751/751
f 753/753/753 755/755/755 754/754/754
f 753/753/753 756/756/756 755/755/755
f 757/757/757 759/759/759 758/758/758
f 757/757/757 760/760/760 759/759/759
f 761/761/761 763/763/763 762/762/762
f 761/761/761 764/764/764 763/763/763
f 765/765/765 767/767/767 766/766/766
f 765/765/765 768/768/768 767/767/767
f 769/769/769 771/771/771 770/770/770
f 769/769/769 772/772/772 771/771/771
f 773/773/773 775/775/775 774/774/774
f 773/773/773 776/776/776 775/775/775
f 777/777/777 779/779/779 778/778/778
f 777/777/777 780/780/780 779/779/779
f 781/781/781 783/783/783 782/782/782
f 781/781/781 784/784/784 783/783/783
f 785/785/785 787/787/787 786/786/786
f 785/785/785 788/788/788 787/787/787
f 789/789/789 791/791/791 790/790/790
f 789/789/789 792/792/792 791/791/791
f 793/793/793 795/795/795 794/794/794
f 793/793/793 796/796/796 795/795/795
f 797/797/797 799/799/799 798/798/798
f 797/797/797 800/800/800 799/799/799
f 801/801/801 803/803/803 802/802/802
f 801/801/801 804/804/804 803/803/803
f 805/805/805 807/807/807 806/806/806
f 805/805/805 808/808/808 807/807/807
f 809/809/809 811/811/811 810/810/810
f 809/809/809 812/812/812 811/811/811
f 813/813/813 815/815/815 814/814/814
f 813/813/813 816/816/816 815/815/815
f 817/817/817 819/819/819 818/818/818
f 817/817/817 820/820/820 819/819/819
f 821/821/821 823/823/823 822/822/822
f 821/821/821 824/824/824 823/823/823
f 825/825/825 827/827/827 826/826/826
f 825/825/825 828/828/828 827/827/827
f 829/829/829 831/831/831 830/830/830
f 829/829/829 832/832/832 831/831/831
f 833/833/833 835/835/835 834/834/834
f 833/833/833 836/836/836 835/835/835
f 837/837/837 839/839/839 838/838/838
f 837/837/837 840/840/840 839/839/839
f 841/841/841 843/843/843 842/842/842
f 841/841/841 844/844/844 843/843/843
f 845/845/845 847/847/847 846/846/846
f 845/845/845 848/848/848 847/847/847
f 849/849/849 851/851/851 850/850/850
f 849/849/849 852/852/852 851/851/851
f 853/853/853 855/855/855 854/854/854
f 853/853/853 856/856/856 855/855/855
f 857/857/857 859/859/859 858/858/858
f 857/857/857 860/860/860 859/859/859
f 861/861/861 863/863/863 862/862/862
f 861/861/861 864/864/864 863/863/863
f 865/865/865 867/867/867 866/866/866
f 865/865/865 868/868/868 867/867/867
f 869/869/869 871/871/871 870/870/870
f 869/869/869 872/872/872 871/871/871
f 873/873/873 875/875/875 874/874/874
f 873/873/873 876/876/876 875/875/875
f 877/877/877 879/879/879 878/878/878
f 877/877/877 880/880/880 879/879/879
f 881/881/881 883/883/883 882/882/882
f 881/881/881 884/884/884 883/883/883
f 885/885/885 887/887/887 886/886/886
f 885/885/885 888/888/888 887/887/887
f 889/889/889 891/891/891 890/890/890
f 889/889/889 892/892/892 891/891/891
f 893/893/893 895/895/895 894/894/894
f 893/893/893 896/896/896 895/895/895
f 897/897/897 899/899/899 898/898/898
f 897/897/897 900/900/900 899/899/899
f 901/901/901 903/903/903 902/902/902
f 901/901/901 904/904/904 903/903/903
f 905/905/905 907/907/907 906/906/906
f 905/905/905 908/908/908 907/907/907
f 909/909/909 911/911/911 910/910/910
f 909/909/909 912/912/912 911/911/911
f 913/913/913 915/915/915 914/914/914
f 913/913/913 916/916/916 915/915/915
f 917/917/917 919/919/919 918/918/918
f 917/917/917 920/920/920 919/919/919
f 921/921/921 923/923/923 922/922/922
f 921/921/921 924/924/924 923/923/923
f 925/925/925 927/927/927 926/926/926
f 925/925/925 928/928/928 927/927/927
f 929/929/929 931/931/931 930/930/930
f 929/929/929 932/932/932 931/931/931
f 933/933/933 935/935/935 934/934/934
f 933/933/933 936/936/936 935/935/935
f 937/937/937 939/939/939 938/938/938
f 937/937/937 940/940/940 939/939/939
f 941/941/941 943/943/943 942/942/942
f 941/941/941 944/944/944 943/943/943
f 945/945/945 947/947/947 946/946/946
f 945/945/945 948/948/948 947/947/947
f 949/949/949 951/951/951 950/950/950
f 949/949/949 952/952/952 951/951/951
f 953/953/953 955/955/955 954/954/954
f 953/953/953 956/956/956 955/955/955
f 957/957/957 959/959/959 958/958/958
f 957/957/957 960/960/960 959/959/959
f 961/961/961 963/963/963 962/962/962
f 961/961/961 964/964/964 963/963/963
f 965/965/965 967/967/967 966/966/966
f 965/965/965 968/968/968 967/967/967
f 969/969/969 971/971/971 970/970/970
f 969/969/969 972/972/972 971/971/971
f 973/973/973 975/975/975 974/974/974
f 973/973/973 976/976/976 975/975/975
f 977/977/977 979/979/979 978/978/978
f 977/977/977 980/980/980 979/979/979
f 981/981/981 983/983/983 982/982/982
f 981/981/981 984/984/984 983/983/983
f 985/985/985 987/987/987 986/986/986
f 985/985/985 988/988/988 987/987/987
f 989/989/989 991/991/991 990/990/990
f 989/989/989 992/992/992 991/991/991
f 993/993/993 995/995/995 994/994/994
f 993/993/993 996/996/996 995/995/995
f 997/997/997 999/999/999 998/998/998
f 997/997/997 1000/1000/1000 999/999/999
f 1001/1001/1001 1003/1003/1003 1002/1002/1002
f 1001/1001/1001 1004/1004/1004 1003/1003/1003
f 1005/1005/1005 1007/1007/1007 1006/1006/1006
f 1005/1005/1005 1008/1008/1008 1007/1007/1007
f 1009/1009/1009 1011/1011/1011 1010/1010/1010
f 1009/1009/1009 1012/1012/1012 1011/1011/1011
f 1013/1013/1013 1015/1015/1015 1014/1014/1014
f 1013/1013/1013 1016/1016/1016 1015/1015/1015
f 1017/1017/1017 1019/1019/1019 1018/1018/1018
f 1017/1017/1017 1020/1020/1020 1019/1019/1019
f 1021/1021/1021 1023/1023/1023 1022/1022/1022
f 1021/1021/1021 1024/1024/1024 1023/1023/1023
f 1025/1025/1025 1027/1027/1027 1026/1026/1026
f 1025/1025/1025 1028/1028/1028 1027/1027/1027
f 1029/1029/1029 1031/1031/1031 1030/1030/1030
f 1029/1029/1029 1032/1032/1032 1031/1031/1031
f 1033/1033/1033 1035/1035/1035 1034/1034/1034
f 1033/1033/1033 1036/1036/1036 1035/1035/1035
f 1037/1037/1037 1039/1039/1039 1038/1038/1038
f 1037/1037/1037 1040/1040/1040 1039/1039/1039
f 1041/1041/1041 1043/1043/1043 1042/1042/1042
f 1041/1041/1041 1044/1044/1044 1043/1043/1043
f 1045/1045/1045 1047/1047/1047 1046/1046/1046
f 1045/1045/1045 1048/1048/1048 1047/1047/1047
f 1049/1049/1049 1051/1051/1051 1050/1050/1050
f 1049/1049/1049 1052/1052/1052 1051/1051/1051
f 1053/1053/1053 1055/1055/1055 1054/1054/1054
f 1053/1053/1053 1056/1056/1056 1055/1055/1055
f 1057/1057/1057 1059/1059/1059 1058/1058/1058
f 1057/1057/1057 1060/1060/1060 1059/1059/1059
f 1061/1061/1061 1063/1063/1063 1062/1062/1062
f 1061/1061/1061 1064/1064/1064 1063/1063/1063
f 1065/1065/1065 1067/1067/1067 1066/1066/1066
f 1065/1065/1065 1068/1068/1068 1067/1067/1067
f 1069/1069/1069 1071/1071/1071 1070/1070/1070
f 1069/1069/1069 1072/1072/1072 1071/1071/1071
f 1073/1073/1073 1075/1075/1075 1074/1074/1074
f 1073/1073/1073 1076/1076/1076 1075/1075/1075
f 1077/1077/1077 1079/1079/1079 1078/1078/1078
f 1077/1077/1077 1080/1080/1080 1079/1079/1079
f 1081/1081/1081 1083/1083/1083 1082/1082/1082
f 1081/1081/1081 1084/1084/1084 1083/1083/1083
f 1085/1085/1085 1087/1087/1087 1086/1086/1086
f 1085/1085/1085 1088/1088/1088 1087/1087/1087
f 1089/1089/1089 1091/1091/1091 1090/1090/1090
f 1089/1089/1089 1092/1092/1092 1091/1091/1091
f 1093/1093/1093 1095/1095/1095 1094/1094/1094
f 1093/1093/1093 1096/1096/1096 1095/1095/1095
f 1097/1097/1097 1099/1099/1099 1098/1098/1098
f 1097/1097/1097 1100/1100/1100 1099/1099/1099
f 1101/1101/1101 1103/1103/1103 1102/1102/1102
f 1101/1101/1101 1104/1104/1104 1103/1103/1103
f 1105/1105/1105 1107/1107/1107 1106/1106/1106
f 1105/1105/1105 1108/1108/1108 1107/1107/1107
f 1109/1109/1109 1111/1111/1111 1110/1110/1110
f 1109/1109/1109 1112/1112/1112 1111/1111/1111
f 1113/1113/1113 1115/1115/1115 1114/1114/1114
f 1113/1113/1113 1116/1116/1116 1115/1115/1115
f 1117/1117/1117 1119/1119/1119 1118/1118/1118
f 1117/1117/1117 1120/1120/1120 1119/1119/1119
f 1121/1121/1121 1123/1123/1123 1122/1122/1122
f 1121/1121/1121 1124/1124/1124 1123/1123/1123
f 1125/1125/1125 1127/1127/1127 1126/1126/1126
f 1125/1125/1125 1128/1128/1128 1127/1127/1127
f 1129/1129/1129 1131/1131/1131 1130/1130/1130
f 1129/1129/1129 1132/1132/1132 1131/1131/1131
f 1133/1133/1133 1135/1135/1135 1134/1134/1134
f 1133/1133/1133 1136/1136/1136 1135/1135/1135
f 1137/1137/1137 1139/1139/1139 1138/1138/1138
f 1137/1137/1137 1140/1140/1140 1139/1139/1139
f 1141/1141/1141 1143/1143/1143 1142/1142/1142
f 1141/1141/1141 1144/1144/1144 1143/1143/1143
f 1145/1145/1145 1147/1147/1147 1146/1146/1146
f 1145/1145/1145 1148/1148/1148 1147/1147/1147
f 1149/1149/1149 1151/1151/1151 1150/1150/1150
f 1149/1149/1149 1152/1152/1152 1151/1151/1151
f 1153/1153/1153 1155/1155/1155 1154/1154/1154
f 1153/1153/1153 1156/1156/1156 1155/1155/1155
f 1157/1157/1157 1159/1159/1159 1158/1158/1158
f 1157/1157/1157 1160/1160/1160 1159/1159/1159
f 1161/1161/1161 1163/1163/1163 1162/1162/1162
f 1161/1161/1161 1164/1164/1164 1163/1163/1163
f 1165/1165/1165 1167/1167/1167 1166/1166/1166
f 1165/1165/1165 1168/1168/1168 1167/1167/1167
f 1169/1169/1169 1171/1171/1171 1170/1170/1170
f 1169/1169/1169 1172/1172/1172 1171/1171/1171
f 1173/1173/1173 1175/1175/1175 1174/1174/1174
f 1173/1173/1173 1176/1176/1176 1175/1175/1175
f 1177/1177/1177 1179/1179/1179 1178/1178/1178
f 1177/1177/1177 1180/1180/1180 1179/1179/1179
f 1181/1181/1181 1183/1183/1183 1182/1182/1182
f 1181/1181/1181 1184/1184/1184 1183/1183/1183
f 1185/1185/1185 1187/1187/1187 1186/1186/1186
f 1185/1185/1185 1188/1188/1188 1187/1187/1187
f 1189/1189/1189 1191/1191/1191 1190/1190/1190
f 1189/1189/1189 1192/1192/1192 1191/1191/1191
f 1193/1193/1193 1195/1195/1195 1194/1194/1194
f 1193/1193/1193 1196/1196/1196 1195/1195/1195
f 1197/1197/1197 1199/1199/1199 1198/1198/1198
f 1197/1197/1197 1200/1200/1200 1199/1199/1199
f 1201/1201/1201 1203/1203/1203 1202/1202/1202
f 1201/1201/1201 1204/1204/1204 1203/1203/1203
f 1205/1205/1205 1207/1207/1207 1206/1206/1206
f 1205/1205/1205 1208/1208/1208 1207/1207/1207
f 1209/1209/1209 1211/1211/1211 1210/1210/1210
f 1209/1209/1209 1212/1212/1212 1211/1211/1211
f 1213/1213/1213 1215/1215/1215 1214/1214/1214
f 1213/1213/1213 1216/1216/1216 1215/1215/1215
f 1217/1217/1217 1219/1219/1219 1218/1218/1218
f 1217/1217/1217 1220/1220/1220 1219/1219/1219
f 1221/1221/1221 1223/1223/1223 1222/1222/1222
f 1221/1221/1221 1224/1224/1224 1223/1223/1223
f 1225/1225/1225 1227/1227/1227 1226/1226/1226
f 1225/1225/1225 1228/1228/1228 1227/1227/1227
f 1229/1229/1229 1231/1231/1231 1230/1230/1230
f 1229/1229/1229 1232/1232/1232 1231/1231/1231
f 1233/1233/1233 1235/1235/1235 1234/1234/1234
f 1233/1233/1233 1236/1236/1236 1235/1235/1235
f 1237/1237/1237 1239/1239/1239 1238/1238/1238
f 1237/1237/1237 1240/1240/1240 1239/1239/1239
f 1241/1241/1241 1243/1243/1243 1242/1242/1242
f 1241/1241/1241 1244/1244/1244 1243/1243/1243
f 1245/1245/1245 1247/1247/1247 1246/1246/1246
f 1245/1245/1245 1248/1248/1248 1247/1247/1247
f 1249/1249/1249 1251/1251/1251 1250/1250/1250
f 1249/1249/1249 1252/1252/1252 1251/1251/1251
f 1253/1253/1253 1255/1255/1255 1254/1254/1254
f 1253/1253/1253 1256/1256/1256 1255/1255/1255
f 1257/1257/1257 1259/1259/1259 1258/1258/1258
f 1257/1257/1257 1260/1260/1260 1259/1259/1259
f 1261/1261/1261 1263/1263/1263 1262/1262/1262
f 1261/1261/1261 1264/1264/1264 1263/1263/1263
f 1265/1265/1265 1267/1267/1267 1266/1266/1266
f 1265/1265/1265 1268/1268/1268 1267/1267/1267
f 1269/1269/1269 1271/1271/1271 1270/1270/1270
f 1269/1269/1269 1272/1272/1272 1271/1271/1271
f 1273/1273/1273 1275/1275/1275 1274/1274/1274
f 1273/1273/1273 1276/1276/1276 1275/1275/1275
f 1277/1277/1277 1279/1279/1279 1278/1278/1278
f 1277/1277/1277 1280/1280/1280 1279/1279/1279
f 1281/1281/1281 1283/1283/1283 1282/1282/1282
f 1281/1281/1281 1284/1284/1284 1283/1283/1283
f 1285/1285/1285 1287/1287/1287 1286/1286/1286
f 1285/1285/1285 1288/1288/1288 1287/1287/1287
f 1289/1289/1289 1291/1291/1291 1290/1290/1290
f 1289/1289/1289 1292/1292/1292 1291/1291/1291
f 1293/1293/1293 1295/1295/1295 1294/1294/1294
f 1293/1293/1293 1296/1296/1296 1295/1295/1295
f 1297/1297/1297 1299/1299/1299 1298/1298/1298
f 1297/1297/1297 1300/1300/1300 1299/1299/1299
f 1301/1301/1301 1303/1303/1303 1302/1302/1302
f 1301/1301/1301 1304/1304/1304 1303/1303/1303
f 1305/1305/1305 1307/1307/1307 1306/1306/1306
f 1305/1305/1305 1308/1308/1308 1307/1307/1307
f 1309/1309/1309 1311/1311/1311 1310/1310/1310
f 1309/1309/1309 1312/1312/1312 1311/1311/1311
f 1313/1313/1313 1315/1315/1315 1314/1314/1314
f 1313/1313/1313 1316/1316/1316 1315/1315/1315
f 1317/1317/1317 1319/1319/1319 1318/1318/1318
f 1317/1317/1317 1320/1320/1320 1319/1319/1319
f 1321/1321/1321 1323/1323/1323 1322/1322/1322
f 1321/1321/1321 1324/1324/1324 1323/1323/1323
f 1325/1325/1325 1327/1327/1327 1326/1326/1326
f 1325/1325/1325 1328/1328/1328 1327/1327/1327
f 1329/1329/1329 1331/1331/1331 1330/1330/1330
f 1329/1329/1329 1332/1332/1332 1331/1331/1331
f 1333/1333/1333 1335/1335/1335 1334/1334/1334
f 1333/1333/1333 1336/1336/1336 1335/1335/1335
f 1337/1337/1337 1339/1339/1339 1338/1338/1338
f 1337/1337/1337 1340/1340/1340 1339/1339/1339
f 1341/1341/1341 1343/1343/1343 1342/1342/1342
f 1341/1341/1341 1344/1344/1344 1343/1343/1343
f 1345/1345/1345 1347/1347/1347 1346/1346/1346
f 1345/1345/1345 1348/1348/1348 1347/1347/1347
f 1349/1349/1349 1351/1351/1351 1350/1350/1350
f 1349/1349/1349 1352/1352/1352 1351/1351/1351
f 1353/1353/1353 1355/1355/1355 1354/1354/1354
f 1353/1353/1353 1356/1356/1356 1355/1355/1355
f 1357/1357/1357 1359/1359/1359 1358/1358/1358
f 1357/1357/1357 1360/1360/1360 1359/1359/1359
f 1361/1361/1361 1363/1363/1363 1362/1362/1362
f 1361/1361/1361 1364/1364/1364 1363/1363/1363
f 1365/1365/1365 1367/1367/1367 1366/1366/1366
f 1365/1365/1365 1368/1368/1368 1367/1367/1367
f 1369/1369/1369 1371/1371/1371 1370/1370/1370
f 1369/1369/1369 1372/1372/1372 1371/1371/1371
f 1373/1373/1373 1375/1375/1375 1374/1374/1374
f 1373/1373/1373 1376/1376/1376 1375/1375/1375
f 1377/1377/1377 1379/1379/1379 1378/1378/1378
f 1377/1377/1377 1380/1380/1380 1379/1379/1379
f 1381/1381/1381 1383/1383/1383 1382/1382/1382
f 1381/1381/1381 1384/1384/1384 1383/1383/1383
f 1385/1385/1385 1387/1387/1387 1386/1386/1386
f 1385/1385/1385 1388/1388/1388 1387/1387/1387
f 1389/1389/1389 1391/1391/1391 1390/1390/1390
f 1389/1389/1389 1392/1392/1392 1391/1391/1391
f 1393/1393/1393 1395/1395/1395 1394/1394/1394
f 1393/1393/1393 1396/1396/1396 1395/1395/1395
f 1397/1397/1397 1399/1399/1399 1398/1398/1398
f 1397/1397/1397 1400/1400/1400 1399/1399/1399
f 1401/1401/1401 1403/1403/1403 1402/1402/1402
f 1401/1401/1401 1404/1404/1404 1403/1403/1403
f 1405/1405/1405 1407/1407/1407 1406/1406/1406
f 1405/1405/1405 1408/1408/1408 1407/1407/1407
f 1409/1409/1409 1411/1411/1411 1410/1410/1410
f 1409/1409/1409 1412/1412/1412 1411/1411/1411
f 1413/1413/1413 1415/1415/1415 1414/1414/1414
f 1413/1413/1413 1416/1416/1416 1415/1415/1415
f 1417/1417/1417 1419/1419/1419 1418/1418/1418
f 1417/1417/1417 1420/1420/1420 1419/1419/1419
f 1421/1421/1421 1423/1423/1423 1422/1422/1422
f 1421/1421/1421 1424/1424/1424 1423/1423/1423
f 1425/1425/1425 1427/1427/1427 1426/1426/1426
f 1425/1425/1425 1428/1428/1428 1427/1427/1427
f 1429/1429/1429 1431/1431/1431 1430/1430/1430
f 1429/1429/1429 1432/1432/1432 1431/1431/1431
f 1433/1433/1433 1435/1435/1435 1434/1434/1434
f 1433/1433/1433 1436/1436/1436 1435/1435/1435
f 1437/1437/1437 1439/1439/1439 1438/1438/1438
f 1437/1437/1437 1440/1440/1440 1439/1439/1439
f 1441/1441/1441 1443/1443/1443 1442/1442/1442
f 1441/1441/1441 1444/1444/1444 1443/1443/1443
f 1445/1445/1445 1447/1447/1447 1446/1446/1446
f 1445/1445/1445 1448/1448/1448 1447/1447/1447
f 1449/1449/1449 1451/1451/1451 1450/1450/1450
f 1449/1449/1449 1452/1452/1452 1451/1451/1451
f 1453/1453/1453 1455/1455/1455 1454/1454/1454
f 1453/1453/1453 1456/1456/1456 1455/1455/1455
f 1457/1457/1457 1459/1459/1459 1458/1458/1458
f 1457/1457/1457 1460/1460/1460 1459/1459/1459
f 1461/1461/1461 1463/1463/1463 1462/1462/1462
f 1461/1461/1461 1464/1464/1464 1463/1463/1463
f 1465/1465/1465 1467/1467/1467 1466/1466/1466
f 1465/1465/1465 1468/1468/1468 1467/1467/1467
f 1469/1469/1469 1471/1471/1471 1470/1470/1470
f 1469/1469/1469 1472/1472/1472 1471/1471/1471
f 1473/1473/1473 1475/1475/1475 1474/1474/1474
f 1473/1473/1473 1476/1476/1476 1475/1475/1475
f 1477/1477/1477 1479/1479/1479 1478/1478/1478
f 1477/1477/1477 1480/1480/1480 1479/1479/1479
f 1481/1481/1481 1483/1483/1483 1482/1482/1482
f 1481/1481/1481 1484/1484/1484 1483/1483/1483
f 1485/1485/1485 1487/1487/1487 1486/1486/1486
f 1485/1485/1485 1488/1488/1488 1487/1487/1487
f 1489/1489/1489 1491/1491/1491 1490/1490/1490
f 1489/1489/1489 1492/1492/1492 1491/1491/1491
f 1493/1493/1493 1495/1495/1495 1494/1494/1494
f 1493/1493/1493 1496/1496/1496 1495/1495/1495
f 1497/1497/1497 1499/1499/1499 1498/1498/1498
f 1497/1497/1497 1500/1500/1500 1499/1499/1499
f 1501/1501/1501 1503/1503/1503 1502/1502/1502
f 1501/1501/1501 1504/1504/1504 1503/1503/1503
f 1505/1505/1505 1507/1507/1507 1506/1506/1506
f 1505/1505/1505 1508/1508/1508 1507/1507/1507
f 1509/1509/1509 1511/1511/1511 1510/1510/1510
f 1509/1509/1509 1512/1512/1512 1511/1511/1511
f 1513/1513/1513 1515/1515/1515 1514/1514/1514
f 1513/1513/1513 1516/1516/1516 1515/1515/1515
f 1517/1517/1517 1519/1519/1519 1518/1518/1518
f 1517/1517/1517 1520/1520/1520 1519/1519/1519
f 1521/1521/1521 1523/1523/1523 1522/1522/1522
f 1521/1521/1521 1524/1524/1524 1523/1523/1523
f 1525/1525/1525 1527/1527/1527 1526/1526/1526
f 1525/1525/1525 1528/1528/1528 1527/1527/1527
f 1529/1529/1529 1531/1531/1531 1530/1530/1530
f 1529/1529/1529 1532/1532/1532 1531/1531/1531
f 1533/1533/1533 1535/1535/1535 1534/1534/1534
f 1533/1533/1533 1536/1536/1536 1535/1535/1535
f 1537/1537/1537 1539/1539/1539 1538/1538/1538
f 1537/1537/1537 1540/1540/1540 1539/1539/1539
f 1541/1541/1541 1543/1543/1543 1542/1542/1542
f 1541/1541/1541 1544/1544/1544 1543/1543/1543
f 1545/1545/1545 1547/1547/1547 1546/1546/1546
f 1545/1545/1545 1548/1548/1548 1547/1547/1547
f 1549/1549/1549 1551/1551/1551 1550/1550/1550
f 1549/1549/1549 1552/1552/1552 1551/1551/1551
f 1553/1553/1553 1555/1555/1555 1554/1554/1554
f 1553/1553/1553 1556/1556/1556 1555/1555/1555
f 1557/1557/1557 1559/1559/1559 1558/1558/1558
f 1557/1557/1557 1560/1560/1560 1559/1559/1559
f 1561/1561/1561 1563/1563/1563 1562/1562/1562
f 1561/1561/1561 1564/1564/1564 1563/1563/1563
f 1565/1565/1565 1567/1567/1567 1566/1566/1566
f 1565/1565/1565 1568/1568/1568 1567/1567/1567
f 1569/1569/1569 1571/1571/1571 1570/1570/1570
f 1569/1569/1569 1572/1572/1572 1571/1571/1571
f 1573/1573/1573 1575/1575/1575 1574/1574/1574
f 1573/1573/1573 1576/1576/1576 1575/1575/1575
f 1577/1577/1577 1579/1579/1579 1578/1578/1578
f 1577/1577/1577 1580/1580/1580 1579/1579/1579
f 1581/1581/1581 1583/1583/1583 1582/1582/1582
f 1581/1581/1581 1584/1584/1584 1583/1583/1583
f 1585/1585/1585 1587/1587/1587 1586/1586/1586
f 1585/1585/1585 1588/1588/1588 1587/1587/1587
f 1589/1589/1589 1591/1591/1591 1590/1590/1590
f 1589/1589/1589 1592/1592/1592 1591/1591/1591
f 1593/1593/1593 1595/1595/1595 1594/1594/1594
f 1593/1593/1593 1596/1596/1596 1595/1595/1595
f 1597/1597/1597 1599/1599/1599 1598/1598/1598
f 1597/1597/1597 1600/1600/1600 1599/1599/1599
f 1601/1601/1601 1603/1603/1603 1602/1602/1602
f 1601/1601/1601 1604/1604/1604 1603/1603/1603
f 1605/1605/1605 1607/1607/1607 1606/1606/1606
f 1605/1605/1605 1608/1608/1608 1607/1607/1607
f 1609/1609/1609 1611/1611/1611 1610/1610/1610
f 1609/1609/1609 1612/1612/1612 1611/1611/1611
f 1613/1613/1613 1615/1615/1615 1614/1614/1614
f 1613/1613/1613 1616/1616/1616 1615/1615/1615
f 1617/1617/1617 1619/1619/1619 1618/1618/1618
f 1617/1617/1617 1620/1620/1620 1619/1619/1619
f 1621/1621/1621 1623/1623/1623 1622/1622/1622
f 1621/1621/1621 1624/1624/1624 1623/1623/1623
f 1625/1625/1625 1627/1627/1627 1626/1626/1626
f 1625/1625/1625 1628/1628/1628 1627/1627/1627
f 1629/1629/1629 1631/1631/1631 1630/1630/1630
f 1629/1629/1629 1632/1632/1632 1631/1631/1631
f 1633/1633/1633 1635/1635/1635 1634/1634/1634
f 1633/1633/1633 1636/1636/1636 1635/1635/1635
f 1637/1637/1637 1639/1639/1639 1638/1638/1638
f 1637/1637/1637 1640/1640/1640 1639/1639/1639
f 1641/1641/1641 1643/1643/1643 1642/1642/1642
f 1641/1641/1641 1644/1644/1644 1643/1643/1643
f 1645/1645/1645 1647/1647/1647 1646/1646/1646
f 1645/1645/1645 1648/1648/1648 1647/1647/1647
f 1649/1649/1649 1651/1651/1651 1650/1650/1650
f 1649/1649/1649 1652/1652/1652 1651/1651/1651
f 1653/1653/1653 1655/1655/1655 1654/1654/1654
f 1653/1653/1653 1656/1656/1656 1655/1655/1655
f 1657/1657/1657 1659/1659/1659 1658/1658/1658
f 1657/1657/1657 1660/1660/1660 1659/1659/1659
f 1661/1661/1661 1663/1663/1663 1662/1662/1662
f 1661/1661/1661 1664/1664/1664 1663/1663/1663
f 1665/1665/1665 1667/1667/1667 1666/1666/1666
f 1665/1665/1665 1668/1668/1668 1667/1667/1667
f 1669/1669/1669 1671/1671/1671 1670/1670/1670
f 1669/1669/1669 1672/1672/1672 1671/1671/1671
f 1673/1673/1673 1675/1675/1675 1674/1674/1674
f 1673/1673/1673 1676/1676/1676 1675/1675/1675
f 1677/1677/1677 1679/1679/1679 1678/1678/1678
f 1677/1677/1677 1680/1680/1680 1679/1679/1679
f 1681/1681/1681 1683/1683/1683 1682/1682/1682
f 1681/1681/1681 1684/1684/1684 1683/1683/1683
f 1685/1685/1685 1687/1687/1687 1686/1686/1686
f 1685/1685/1685 1688/1688/1688 1687/1687/1687
f 1689/1689/1689 1691/1691/1691 1690/1690/1690
f 1689/1689/1689 1692/1692/1692 1691/1691/1691
f 1693/1693/1693 1695/1695/1695 1694/1694/1694
f 1693/1693/1693 1696/1696/1696 1695/1695/1695
f 1697/1697/1697 1699/1699/1699 1698/1698/1698
f 1697/1697/1697 1700/1700/1700 1699/1699/1699
f 1701/1701/1701 1703/1703/1703 1702/1702/1702
f 1701/1701/1701 1704/1704/1704 1703/1703/1703
f 1705/1705/1705 1707/1707/1707 1706/1706/1706
f 1705/1705/1705 1708/1708/1708 1707/1707/1707
f 1709/1709/1709 1711/1711/1711 1710/1710/1710
f 1709/1709/1709 1712/1712/1712 1711/1711/1711
f 1713/1713/1713 1715/1715/1715 1714/1714/1714
f 1713/1713/1713 1716/1716/1716 1715/1715/1715
f 1717/1717/1717 1719/1719/1719 1718/1718/1718
f 1717/1717/1717 1720/1720/1720 1719/1719/1719
f 1721/1721/1721 1723/1723/1723 1722/1722/1722
f 1721/1721/1721 1724/1724/1724 1723/1723/1723
f 1725/1725/1725 1727/1727/1727 1726/1726/1726
f 1725/1725/1725 1728/1728/1728 1727/1727/1727
f 1729/1729/1729 1731/1731/1731 1730/1730/1730
f 1729/1729/1729 1732/1732/1732 1731/1731/1731
f 1733/1733/1733 1735/1735/1735 1734/1734/1734
f 1733/1733/1733 1736/1736/1736 1735/1735/1735
f 1737/1737/1737 1739/1739/1739 1738/1738/1738
f 1737/1737/1737 1740/1740/1740 1739/1739/1739
f 1741/1741/1741 1743/1743/1743 1742/1742/1742
f 1741/1741/1741 1744/1744/1744 1743/1743/1743
f 1745/1745/1745 1747/1747/1747 1746/1746/1746
f 1745/1745/1745 1748/1748/1748 1747/1747/1747
f 1749/1749/1749 1751/1751/1751 1750/1750/1750
f 1749/1749/1749 1752/1752/1752 1751/1751/1751
f 1753/1753/1753 1755/1755/1755 1754/1754/1754
f 1753/1753/1753 1756/1756/1756 1755/1755/1755
f 1757/1757/1757 1759/1759/1759 1758/1758/1758
f 1757/1757/1757 1760/1760/1760 1759/1759/1759
f 1761/1761/1761 1763/1763/1763 1762/1762/1762
f 1761/1761/1761 1764/1764/1764 1763/1763/1763
f 1765/1765/1765 1767/1767/1767 1766/1766/1766
f 1765/1765/1765 1768/1768/1768 1767/1767/1767
f 1769/1769/1769 1771/1771/1771 1770/1770/1770
f 1769/1769/1769 1772/1772/1772 1771/1771/1771
f 1773/1773/1773 1775/1775/1775 1774/1774/1774
f 1773/1773/1773 1776/1776/1776 1775/1775/1775
f 1777/1777/1777 1779/1779/1779 1778/1778/1778
f 1777/1777/1777 1780/1780/1780 1779/1779/1779
f 1781/1781/1781 1783/1783/1783 1782/1782/1782
f 1781/1781/1781 1784/1784/1784 1783/1783/1783
f 1785/1785/1785 1787/1787/1787 1786/1786/1786
f 1785/1785/1785 1788/1788/1788 1787/1787/1787
f 1789/1789/1789 1791/1791/1791 1790/1790/1790
f 1789/1789/1789 1792/1792/1792 1791/1791/1791
f 1793/1793/1793 1795/1795/1795 1794/1794/1794
f 1793/1793/1793 1796/1796/1796 1795/1795/1795
f 1797/1797/1797 1799/1799/1799 1798/1798/1798
f 1797/1797/1797 1800/1800/1800 1799/1799/1799
f 1801/1801/1801 1803/1803/1803 1802/1802/1802
f 1801/1801/1801 1804/1804/1804 1803/1803/1803
f 1805/1805/1805 1807/1807/1807 1806/1806/1806
f 1805/1805/1805 1808/1808/1808 1807/1807/1807
f 1809/1809/1809 1811/1811/1811 1810/1810/1810
f 1809/1809/1809 1812/1812/1812 1811/1811/1811
f 1813/1813/1813 1815/1815/1815 1814/1814/1814
f 1813/1813/1813 1816/1816/1816 1815/1815/1815
f 1817/1817/1817 1819/1819/1819 1818/1818/1818
f 1817/1817/1817 1820/1820/1820 1819/1819/1819
f 1821/1821/1821 1823/1823/1823 1822/1822/1822
f 1821/1821/1821 1824/1824/1824 1823/1823/1823
f 1825/1825/1825 1827/1827/1827 1826/1826/1826
f 1825/1825/1825 1828/1828/1828 1827/1827/1827
f 1829/1829/1829 1831/1831/1831 1830/1830/1830
f 1829/1829/1829 1832/1832/1832 1831/1831/1831
f 1833/1833/1833 1835/1835/1835 1834/1834/1834
f 1833/1833/1833 1836/1836/1836 1835/1835/1835
f 1837/1837/1837 1839/1839/1839 1838/1838/1838
f 1837/1837/1837 1840/1840/1840 1839/1839/1839
f 1841/1841/1841 1843/1843/1843 1842/1842/1842
f 1841/1841/1841 1844/1844/1844 1843/1843/1843
f 1845/1845/1845 1847/1847/1847 1846/1846/1846
f 1845/1845/1845 1848/1848/1848 1847/1847/1847
f 1849/1849/1849 1851/1851/1851 1850/1850/1850
f 1849/1849/1849 1852/1852/1852 1851/1851/1851
f 1853/1853/1853 1855/1855/1855 1854/1854/1854
f 1853/1853/1853 1856/1856/1856 1855/1855/1855
f 1857/1857/1857 1859/1859/1859 1858/1858/1858
f 1857/1857/1857 1860/1860/1860 1859/1859/1859
f 1861/1861/1861 1863/1863/1863 1862/1862/1862
f 1861/1861/1861 1864/1864/1864 1863/1863/1863
f 1865/1865/1865 1867/1867/1867 1866/1866/1866
f 1865/1865/1865 1868/1868/1868 1867/1867/1867
f 1869/1869/1869 1871/1871/1871 1870/1870/1870
f 1869/1869/1869 1872/1872/1872 1871/1871/1871
f 1873/1873/1873 1875/1875/1875 1874/1874/1874
f 1873/1873/1873 1876/1876/1876 1875/1875/1875
f 1877/1877/1877 1879/1879/1879 1878/1878/1878
f 1877/1877/1877 1880/1880/1880 1879/1879/1879
f 1881/1881/1881 1883/1883/1883 1882/1882/1882
f 1881/1881/1881 1884/1884/1884 1883/1883/1883
f 1885/1885/1885 1887/1887/1887 1886/1886/1886
f 1885/1885/1885 1888/1888/1888 1887/1887/1887
f 1889/1889/1889 1891/1891/1891 1890/1890/1890
f 1889/1889/1889 1892/1892/1892 1891/1891/1891
f 1893/1893/1893 1895/1895/1895 1894/1894/1894
f 1893/1893/1893 1896/1896/1896 1895/1895/1895
f 1897/1897/1897 1899/1899/1899 1898/1898/1898
f 1897/1897/1897 1900/1900/1900 1899/1899/1899
f 1901/1901/1901 1903/1903/1903 1902/1902/1902
f 1901/1901/1901 1904/1904/1904 1903/1903/1903
f 1905/1905/1905 1907/1907/1907 1906/1906/1906
f 1905/1905/1905 1908/1908/1908 1907/1907/1907
f 1909/1909/1909 1911/1911/1911 1910/1910/1910
f 1909/1909/1909 1912/1912/1912 1911/1911/1911
f 1913/1913/1913 1915/1915/1915 1914/1914/1914
f 1913/1913/1913 1916/1916/1916 1915/1915/1915
f 1917/1917/1917 1919/1919/1919 1918/1918/1918
f 1917/1917/1917 1920/1920/1920 1919/1919/1919
f 1921/1921/1921 1923/1923/1923 1922/1922/1922
f 1921/1921/1921 1924/1924/1924 1923/1923/1923
f 1925/1925/1925 1927/1927/1927 1926/1926/1926
f 1925/1925/1925 1928/1928/1928 1927/1927/1927
f 1929/1929/1929 1931/1931/1931 1930/1930/1930
f 1929/1929/1929 1932/1932/1932 1931/1931/1931
f 1933/1933/1933 1935/1935/1935 1934/1934/1934
f 1933/1933/1933 1936/1936/1936 1935/1935/1935
f 1937/1937/1937 1939/1939/1939 1938/1938/1938
f 1937/1937/1937 1940/1940/1940 1939/1939/1939
f 1941/1941/1941 1943/1943/1943 1942/1942/1942
f 1941/1941/1941 1944/1944/1944 1943/1943/1943
f 1945/1945/1945 1947/1947/1947 1946/1946/1946
f 1945/1945/1945 1948/1948/1948 1947/1947/1947
f 1949/1949/1949 1951/1951/1951 1950/1950/1950
f 1949/1949/1949 1952/1952/1952 1951/1951/1951
f 1953/1953/1953 1955/1955/1955 1954/1954/1954
f 1953/1953/1953 1956/1956/1956 1955/1955/1955
f 1957/1957/1957 1959/1959/1959 1958/1958/1958
f 1957/1957/1957 1960/1960/1960 1959/1959/1959
f 1961/1961/1961 1963/1963/1963 1962/1962/1962
f 1961/1961/1961 1964/1964/1964 1963/1963/1963
f 1965/1965/1965 1967/1967/1967 1966/1966/1966
f 1965/1965/1965 1968/1968/1968 1967/1967/1967
f 1969/1969/1969 1971/1971/1971 1970/1970/1970
f 1969/1969/1969 1972/1972/1972 1971/1971/1971
f 1973/1973/1973 1975/1975/1975 1974/1974/1974
f 1973/1973/1973 1976/1976/1976 1975/1975/1975
f 1977/1977/1977 1979/1979/1979 1978/1978/1978
f 1977/1977/1977 1980/1980/1980 1979/1979/1979
f 1981/1981/1981 1983/1983/1983 1982/1982/1982
f 1981/1981/1981 1984/1984/1984 1983/1983/1983
f 1985/1985/1985 1987/1987/1987 1986/1986/1986
f 1985/1985/1985 1988/1988/1988 1987/1987/1987
f 1989/1989/1989 1991/1991/1991 1990/1990/1990
f 1989/1989/1989 1992/1992/1992 1991/1991/1991
f 1993/1993/1993 1995/1995/1995 1994/1994/1994
f 1993/1993/1993 1996/1996/1996 1995/1995/1995
f 1997/1997/1997 1999/1999/1999 1998/1998/1998
f 1997/1997/1997 2000/2000/2000 1999/1999/1999
f 2001/2001/2001 2003/2003/2003 2002/2002/2002
f 2001/2001/2001 2004/2004/2004 2003/2003/2003
f 2005/2005/2005 2007/2007/2007 2006/2006/2006
f 2005/2005/2005 2008/2008/2008 2007/2007/2007
f 2009/2009/2009 2011/2011/2011 2010/2010/2010
f 2009/2009/2009 2012/2012/2012 2011/2011/2011
f 2013/2013/2013 2015/2015/2015 2014/2014/2014
f 2013/2013/2013 2016/2016/2016 2015/2015/2015
f 2017/2017/2017 2019/2019/2019 2018/2018/2018
f 2017/2017/2017 2020/2020/2020 2019/2019/2019
f 2021/2021/2021 2023/2023/2023 2022/2022/2022
f 2021/2021/2021 2024/2024/2024 2023/2023/2023
f 2025/2025/2025 2027/2027/2027 2026/2026/2026
f 2025/2025/2025 2028/2028/2028 2027/2027/2027
f 2029/2029/2029 2031/2031/2031 2030/2030/2030
f 2029/2029/2029 2032/2032/2032 2031/2031/2031
f 2033/2033/2033 2035/2035/2035 2034/2034/2034
f 2033/2033/2033 2036/2036/2036 2035/2035/2035
f 2037/2037/2037 2039/2039/2039 2038/2038/2038
f 2037/2037/2037 2040/2040/2040 2039/2039/2039
f 2041/2041/2041 2043/2043/2043 2042/2042/2042
f 2041/2041/2041 2044/2044/2044 2043/2043/2043
f 2045/2045/2045 2047/2047/2047 2046/2046/2046
f 2045/2045/2045 2048/2048/2048 2047/2047/2047
f 2049/2049/2049 2051/2051/2051 2050/2050/2050
f 2049/2049/2049 2052/2052/2052 2051/2051/2051
f 2053/2053/2053 2055/2055/2055 2054/2054/2054
f 2053/2053/2053 2056/2056/2056 2055/2055/2055
f 2057/2057/2057 2059/2059/2059 2058/2058/2058
f 2057/2057/2057 2060/2060/2060 2059/2059/2059
f 2061/2061/2061 2063/2063/2063 2062/2062/2062
f 2061/2061/2061 2064/2064/2064 2063/2063/2063
f 2065/2065/2065 2067/2067/2067 2066/2066/2066
f 2065/2065/2065 2068/2068/2068 2067/2067/2067
f 2069/2069/2069 2071/2071/2071 2070/2070/2070
f 2069/2069/2069 2072/2072/2072 2071/2071/2071
f 2073/2073/2073 2075/2075/2075 2074/2074/2074
f 2073/2073/2073 2076/2076/2076 2075/2075/2075
f 2077/2077/2077 2079/2079/2079 2078/2078/2078
f 2077/2077/2077 2080/2080/2080 2079/2079/2079
f 2081/2081/2081 2083/2083/2083 2082/2082/2082
f 2081/2081/2081 2084/2084/2084 2083/2083/2083
f 2085/2085/2085 2087/2087/2087 2086/2086/2086
f 2085/2085/2085 2088/2088/2088 2087/2087/2087
f 2089/2089/2089 2091/2091/2091 2090/2090/2090
f 2089/2089/2089 2092/2092/2092 2091/2091/2091
f 2093/2093/2093 2095/2095/2095 2094/2094/2094
f 2093/2093/2093 2096/2096/2096 2095/2095/2095
f 2097/2097/2097 2099/2099/2099 2098/2098/2098
f 2097/2097/2097 2100/2100/2100 2099/2099/2099
f 2101/2101/2101 2103/2103/2103 2102/2102/2102
f 2101/2101/2101 2104/2104/2104 2103/2103/2103
f 2105/2105/2105 2107/2107/2107 2106/2106/2106
f 2105/2105/2105 2108/2108/2108 2107/2107/2107
f 2109/2109/2109 2111/2111/2111 2110/2110/2110
f 2109/2109/2109 2112/2112/2112 2111/2111/2111
f 2113/2113/2113 2115/2115/2115 2114/2114/2114
f 2113/2113/2113 2116/2116/2116 2115/2115/2115
f 2117/2117/2117 2119/2119/2119 2118/2118/2118
f 2117/2117/2117 2120/2120/2120 2119/2119/2119
f 2121/2121/2121 2123/2123/2123 2122/2122/2122
f 2121/2121/2121 2124/2124/2124 2123/2123/2123
f 2125/2125/2125 2127/2127/2127 2126/2126/2126
f 2125/2125/2125 2128/2128/2128 2127/2127/2127
f 2129/2129/2129 2131/2131/2131 2130/2130/2130
f 2129/2129/2129 2132/2132/2132 2131/2131/2131
f 2133/2133/2133 2135/2135/2135 2134/2134/2134
f 2133/2133/2133 2136/2136/2136 2135/2135/2135
f 2137/2137/2137 2139/2139/2139 2138/2138/2138
f 2137/2137/2137 2140/2140/2140 2139/2139/2139
f 2141/2141/2141 2143/2143/2143 2142/2142/2142
f 2141/2141/2141 2144/2144/2144 2143/2143/2143
f 2145/2145/2145 2147/2147/2147 2146/2146/2146
f 2145/2145/2145 2148/2148/2148 2147/2147/2147
f 2149/2149/2149 2151/2151/2151 2150/2150/2150
f 2149/2149/2149 2152/2152/2152 2151/2151/2151
f 2153/2153/2153 2155/2155/2155 2154/2154/2154
f 2153/2153/2153 2156/2156/2156 2155/2155/2155
f 2157/2157/2157 2159/2159/2159 2158/2158/2158
f 2157/2157/2157 2160/2160/2160 2159/2159/2159
f 2161/2161/2161 2163/2163/2163 2162/2162/2162
f 2161/2161/2161 2164/2164/2164 2163/2163/2163
f 2165/2165/2165 2167/2167/2167 2166/2166/2166
f 2165/2165/2165 2168/2168/2168 2167/2167/2167
f 2169/2169/2169 2171/2171/2171 2170/2170/2170
f 2169/2169/2169 2172/2172/2172 2171/2171/2171
f 2173/2173/2173 2175/2175/2175 2174/2174/2174
f 2173/2173/2173 2176/2176/2176 2175/2175/2175
f 2177/2177/2177 2179/2179/2179 2178/2178/2178
f 2177/2177/2177 2180/2180/2180 2179/2179/2179
f 2181/2181/2181 2183/2183/2183 2182/2182/2182
f 2181/2181/2181 2184/2184/2184 2183/2183/2183
f 2185/2185/2185 2187/2187/2187 2186/2186/2186
f 2185/2185/2185 2188/2188/2188 2187/2187/2187
f 2189/2189/2189 2191/2191/2191 2190/2190/2190
f 2189/2189/2189 2192/2192/2192 2191/2191/2191
f 2193/2193/2193 2195/2195/2195 2194/2194/2194
f 2193/2193/2193 2196/2196/2196 2195/2195/2195
f 2197/2197/2197 2199/2199/2199 2198/2198/2198
f 2197/2197/2197 2200/2200/2200 2199/2199/2199
f 2201/2201/2201 2203/2203/2203 2202/2202/2202
f 2201/2201/2201 2204/2204/2204 2203/2203/2203
f 2205/2205/2205 2207/2207/2207 2206/2206/2206
f 2205/2205/2205 2208/2208/2208 2207/2207/2207
f 2209/2209/2209 2211/2211/2211 2210/2210/2210
f 2209/2209/2209 2212/2212/2212 2211/2211/2211
f 2213/2213/2213 2215/2215/2215 2214/2214/2214
f 2213/2213/2213 2216/2216/2216 2215/2215/2215
f 2217/2217/2217 2219/2219/2219 2218/2218/2218
f 2217/2217/2217 2220/2220/2220 2219/2219/2219
f 2221/2221/2221 2223/2223/2223 2222/2222/2222
f 2221/2221/2221 2224/2224/2224 2223/2223/2223
f 2225/2225/2225 2227/2227/2227 2226/2226/2226
f 2225/2225/2225 2228/2228/2228 2227/2227/2227
f 2229/2229/2229 2231/2231/2231 2230/2230/2230
f 2229/2229/2229 2232/2232/2232 2231/2231/2231
f 2233/2233/2233 2235/2235/2235 2234/2234/2234
f 2233/2233/2233 2236/2236/2236 2235/2235/2235
f 2237/2237/2237 2239/2239/2239 2238/2238/2238
f 2237/2237/2237 2240/2240/2240 2239/2239/2239
f 2241/2241/2241 2243/2243/2243 2242/2242/2242
f 2241/2241/2241 2244/2244/2244 2243/2243/2243
f 2245/2245/2245 2247/2247/2247 2246/2246/2246
f 2245/2245/2245 2248/2248/2248 2247/2247/2247
f 2249/2249/2249 2251/2251/2251 2250/2250/2250
f 2249/2249/2249 2252/2252/2252 2251/2251/2251
f 2253/2253/2253 2255/2255/2255 2254/2254/2254
f 2253/2253/2253 2256/2256/2256 2255/2255/2255
f 2257/2257/2257 2259/2259/2259 2258/2258/2258
f 2257/2257/2257 2260/2260/2260 2259/2259/2259
f 2261/2261/2261 2263/2263/2263 2262/2262/2262
f 2261/2261/2261 2264/2264/2264 2263/2263/2263
f 2265/2265/2265 2267/2267/2267 2266/2266/2266
f 2265/2265/2265 2268/2268/2268 2267/2267/2267
f 2269/2269/2269 2271/2271/2271 2270/2270/2270
f 2269/2269/2269 2272/2272/2272 2271/2271/2271
f 2273/2273/2273 2275/2275/2275 2274/2274/2274
f 2273/2273/2273 2276/2276/2276 2275/2275/2275
f 2277/2277/2277 2279/2279/2279 2278/2278/2278
f 2277/2277/2277 2280/2280/2280 2279/2279/2279
f 2281/2281/2281 2283/2283/2283 2282/2282/2282
f 2281/2281/2281 2284/2284/2284 2283/2283/2283
f 2285/2285/2285 2287/2287/2287 2286/2286/2286
f 2285/2285/2285 2288/2288/2288 2287/2287/2287
f 2289/2289/2289 2291/2291/2291 2290/2290/2290
f 2289/2289/2289 2292/2292/2292 2291/2291/2291
f 2293/2293/2293 2295/2295/2295 2294/2294/2294
f 2293/2293/2293 2296/2296/2296 2295/2295/2295
f 2297/2297/2297 2299/2299/2299 2298/2298/2298
f 2297/2297/2297 2300/2300/2300 2299/2299/2299
f 2301/2301/2301 2303/2303/2303 2302/2302/2302
f 2301/2301/2301 2304/2304/2304 2303/2303/2303
f 2305/2305/2305 2307/2307/2307 2306/2306/2306
f 2305/2305/2305 2308/2308/2308 2307/2307/2307
f 2309/2309/2309 2311/2311/2311 2310/2310/2310
f 2309/2309/2309 2312/2312/2312 2311/2311/2311
f 2313/2313/2313 2315/2315/2315 2314/2314/2314
f 2313/2313/2313 2316/2316/2316 2315/2315/2315
f 2317/2317/2317 2319/2319/2319 2318/2318/2318
f 2317/2317/2317 2320/2320/2320 2319/2319/2319
f 2321/2321/2321 2323/2323/2323 2322/2322/2322
f 2321/2321/2321 2324/2324/2324 2323/2323/2323
f 2325/2325/2325 2327/2327/2327 2326/2326/2326
f 2325/2325/2325 2328/2328/2328 2327/2327/2327
f 2329/2329/2329 2331/2331/2331 2330/2330/2330
f 2329/2329/2329 2332/2332/2332 2331/2331/2331
f 2333/2333/2333 2335/2335/2335 2334/2334/2334
f 2333/2333/2333 2336/2336/2336 2335/2335/2335
f 2337/2337/2337 2339/2339/2339 2338/2338/2338
f 2337/2337/2337 2340/2340/2340 2339/2339/2339
f 2341/2341/2341 2343/2343/2343 2342/2342/2342
f 2341/2341/2341 2344/2344/2344 2343/2343/2343
f 2345/2345/2345 2347/2347/2347 2346/2346/2346
f 2345/2345/2345 2348/2348/2348 2347/2347/2347
f 2349/2349/2349 2351/2351/2351 2350/2350/2350
f 2349/2349/2349 2352/2352/2352 2351/2351/2351
f 2353/2353/2353 2355/2355/2355 2354/2354/2354
f 2353/2353/2353 2356/2356/2356 2355/2355/2355
f 2357/2357/2357 2359/2359/2359 2358/2358/2358
f 2357/2357/2357 2360/2360/2360 2359/2359/2359
f 2361/2361/2361 2363/2363/2363 2362/2362/2362
f 2361/2361/2361 2364/2364/2364 2363/2363/2363
f 2365/2365/2365 2367/2367/2367 2366/2366/2366
f 2365/2365/2365 2368/2368/2368 2367/2367/2367
f 2369/2369/2369 2371/2371/2371 2370/2370/2370
f 2369/2369/2369 2372/2372/2372 2371/2371/2371
f 2373/2373/2373 2375/2375/2375 2374/2374/2374
f 2373/2373/2373 2376/2376/2376 2375/2375/2375
f 2377/2377/2377 2379/2379/2379 2378/2378/2378
f 2377/2377/2377 2380/2380/2380 2379/2379/2379
f 2381/2381/2381 2383/2383/2383 2382/2382/2382
f 2381/2381/2381 2384/2384/2384 2383/2383/2383
f 2385/2385/2385 2387/2387/2387 2386/2386/2386
f 2385/2385/2385 2388/2388/2388 2387/2387/2387
f 2389/2389/2389 2391/2391/2391 2390/2390/2390
f 2389/2389/2389 2392/2392/2392 2391/2391/2391
f 2393/2393/2393 2395/2395/2395 2394/2394/2394
f 2393/2393/2393 2396/2396/2396 2395/2395/2395
f 2397/2397/2397 2399/2399/2399 2398/2398/2398
f 2397/2397/2397 2400/2400/2400 2399/2399/2399
f 2401/2401/2401 2403/2403/2403 2402/2402/2402
f 2401/2401/2401 2404/2404/2404 2403/2403/2403
f 2405/2405/2405 2407/2407/2407 2406/2406/2406
f 2405/2405/2405 2408/2408/2408 2407/2407/2407
f 2409/2409/2409 2411/2411/2411 2410/2410/2410
f 2409/2409/2409 2412/2412/2412 2411/2411/2411
f 2413/2413/2413 2415/2415/2415 2414/2414/2414
f 2413/2413/2413 2416/2416/2416 2415/2415/2415
f 2417/2417/2417 2419/2419/2419 2418/2418/2418
f 2417/2417/2417 2420/2420/2420 2419/2419/2419
f 2421/2421/2421 2423/2423/2423 2422/2422/2422
f 2421/2421/2421 2424/2424/2424 2423/2423/2423
f 2425/2425/2425 2427/2427/2427 2426/2426/2426
f 2425/2425/2425 2428/2428/2428 2427/2427/2427
f 2429/2429/2429 2431/2431/2431 2430/2430/2430
f 2429/2429/2429 2432/2432/2432 2431/2431/2431
f 2433/2433/2433 2435/2435/2435 2434/2434/2434
f 2433/2433/2433 2436/2436/2436 2435/2435/2435
f 2437/2437/2437 2439/2439/2439 2438/2438/2438
f 2437/2437/2437 2440/2440/2440 2439/2439/2439
f 2441/2441/2441 2443/2443/2443 2442/2442/2442
f 2441/2441/2441 2444/2444/2444 2443/2443/2443
f 2445/2445/2445 2447/2447/2447 2446/2446/2446
f 2445/2445/2445 2448/2448/2448 2447/2447/2447
f 2449/2449/2449 2451/2451/2451 2450/2450/2450
f 2449/2449/2449 2452/2452/2452 2451/2451/2451
f 2453/2453/2453 2455/2455/2455 2454/2454/2454
f 2453/2453/2453 2456/2456/2456 2455/2455/2455
f 2457/2457/2457 2459/2459/2459 2458/2458/2458
f 2457/2457/2457 2460/2460/2460 2459/2459/2459
f 2461/2461/2461 2463/2463/2463 2462/2462/2462
f 2461/2461/2461 2464/2464/2464 2463/2463/2463
f 2465/2465/2465 2467/2467/2467 2466/2466/2466
f 2465/2465/2465 2468/2468/2468 2467/2467/2467
f 2469/2469/2469 2471/2471/2471 2470/2470/2470
f 2469/2469/2469 2472/2472/2472 2471/2471/2471
f 2473/2473/2473 2475/2475/2475 2474/2474/2474
f 2473/2473/2473 2476/2476/2476 2475/2475/2475
f 2477/2477/2477 2479/2479/2479 2478/2478/2478
f 2477/2477/2477 2480/2480/2480 2479/2479/2479
f 2481/2481/2481 2483/2483/2483 2482/2482/2482
f 2481/2481/2481 2484/2484/2484 2483/2483/2483
f 2485/2485/2485 2487/2487/2487 2486/2486/2486
f 2485/2485/2485 2488/2488/2488 2487/2487/2487
f 2489/2489/2489 2491/2491/2491 2490/2490/2490
f 2489/2489/2489 2492/2492/2492 2491/2491/2491
f 2493/2493/2493 2495/2495/2495 2494/2494/2494
f 2493/2493/2493 2496/2496/2496 2495/2495/2495
f 2497/2497/2497 2499/2499/2499 2498/2498/2498
f 2497/2497/2497 2500/2500/2500 2499/2499/2499
f 2501/2501/2501 2503/2503/2503 2502/2502/2502
f 2501/2501/2501 2504/2504/2504 2503/2503/2503
f 2505/2505/2505 2507/2507/2507 2506/2506/2506
f 2505/2505/2505 2508/2508/2508 2507/2507/2507
f 2509/2509/2509 2511/2511/2511 2510/2510/2510
f 2509/2509/2509 2512/2512/2512 2511/2511/2511
f 2513/2513/2513 2515/2515/2515 2514/2514/2514
f 2513/2513/2513 2516/2516/2516 2515/2515/2515
f 2517/2517/2517 2519/2519/2519 2518/2518/2518
f 2517/2517/2517 2520/2520/2520 2519/2519/2519
f 2521/2521/2521 2523/2523/2523 2522/2522/2522
f 2521/2521/2521 2524/2524/2524 2523/2523/2523
f 2525/2525/2525 2527/2527/2527 2526/2526/2526
f 2525/2525/2525 2528/2528/2528 2527/2527/2527
f 2529/2529/2529 2531/2531/2531 2530/2530/2530
f 2529/2529/2529 2532/2532/2532 2531/2531/2531
f 2533/2533/2533 2535/2535/2535 2534/2534/2534
f 2533/2533/2533 2536/2536/2536 2535/2535/2535
f 2537/2537/2537 2539/2539/2539 2538/2538/2538
f 2537/2537/2537 2540/2540/2540 2539/2539/2539
f 2541/2541/2541 2543/2543/2543 2542/2542/2542
f 2541/2541/2541 2544/2544/2544 2543/2543/2543
f 2545/2545/2545 2547/2547/2547 2546/2546/2546
f 2545/2545/2545 2548/2548/2548 2547/2547/2547
f 2549/2549/2549 2551/2551/2551 2550/2550/2550
f 2549/2549/2549 2552/2552/2552 2551/2551/2551
f 2553/2553/2553 2555/2555/2555 2554/2554/2554
f 2553/2553/2553 2556/2556/2556 2555/2555/2555
f 2557/2557/2557 2559/2559/2559 2558/2558/2558
f 2557/2557/2557 2560/2560/2560 2559/2559/2559
f 2561/2561/2561 2563/2563/2563 2562/2562/2562
f 2561/2561/2561 2564/2564/2564 2563/2563/2563
f 2565/2565/2565 2567/2567/2567 2566/2566/2566
f 2565/2565/2565 2568/2568/2568 2567/2567/2567
f 2569/2569/2569 2571/2571/2571 2570/2570/2570
f 2569/2569/2569 2572/2572/2572 2571/2571/2571
f 2573/2573/2573 2575/2575/2575 2574/2574/2574
f 2573/2573/2573 2576/2576/2576 2575/2575/2575
f 2577/2577/2577 2579/2579/2579 2578/2578/2578
f 2577/2577/2577 2580/2580/2580 2579/2579/2579
f 2581/2581/2581 2583/2583/2583 2582/2582/2582
f 2581/2581/2581 2584/2584/2584 2583/2583/2583
f 2585/2585/2585 2587/2587/2587 2586/2586/2586
f 2585/2585/2585 2588/2588/2588 2587/2587/2587
f 2589/2589/2589 2591/2591/2591 2590/2590/2590
f 2589/2589/2589 2592/2592/2592 2591/2591/2591
f 2593/2593/2593 2595/2595/2595 2594/2594/2594
f 2593/2593/2593 2596/2596/2596 2595/2595/2595
f 2597/2597/2597 2599/2599/2599 2598/2598/2598
f 2597/2597/2597 2600/2600/2600 2599/2599/2599
f 2601/2601/2601 2603/2603/2603 2602/2602/2602
f 2601/2601/2601 2604/2604/2604 2603/2603/2603
f 2605/2605/2605 2607/2607/2607 2606/2606/2606
f 2605/2605/2605 2608/2608/2608 2607/2607/2607
f 2609/2609/2609 2611/2611/2611 2610/2610/2610
f 2609/2609/2609 2612/2612/2612 2611/2611/2611
f 2613/2613/2613 2615/2615/2615 2614/2614/2614
f 2613/2613/2613 2616/2616/2616 2615/2615/2615
f 2617/2617/2617 2619/2619/2619 2618/2618/2618
f 2617/2617/2617 2620/2620/2620 2619/2619/2619
f 2621/2621/2621 2623/2623/2623 2622/2622/2622
f 2621/2621/2621 2624/2624/2624 2623/2623/2623
f 2625/2625/2625 2627/2627/2627 2626/2626/2626
f 2625/2625/2625 2628/2628/2628 2627/2627/2627
f 2629/2629/2629 2631/2631/2631 2630/2630/2630
f 2629/2629/2629 2632/2632/2632 2631/2631/2631
f 2633/2633/2633 2635/2635/2635 2634/2634/2634
f 2633/2633/2633 2636/2636/2636 2635/2635/2635
f 2637/2637/2637 2639/2639/2639 2638/2638/2638
f 2637/2637/2637 2640/2640/2640 2639/2639/2639
f 2641/2641/2641 2643/2643/2643 2642/2642/2642
f 2641/2641/2641 2644/2644/2644 2643/2643/2643
f 2645/2645/2645 2647/2647/2647 2646/2646/2646
f 2645/2645/2645 2648/2648/2648 2647/2647/2647
f 2649/2649/2649 2651/2651/2651 2650/2650/2650
f 2649/2649/2649 2652/2652/2652 2651/2651/2651
f 2653/2653/2653 2655/2655/2655 2654/2654/2654
f 2653/2653/2653 2656/2656/2656 2655/2655/2655
f 2657/2657/2657 2659/2659/2659 2658/2658/2658
f 2657/2657/2657 2660/2660/2660 2659/2659/2659
f 2661/2661/2661 2663/2663/2663 2662/2662/2662
f 2661/2661/2661 2664/2664/2664 2663/2663/2663
f 2665/2665/2665 2667/2667/2667 2666/2666/2666
f 2665/2665/2665 2668/2668/2668 2667/2667/2667
f 2669/2669/2669 2671/2671/2671 2670/2670/2670
f 2669/2669/2669 2672/2672/2672 2671/2671/2671
f 2673/2673/2673 2675/2675/2675 2674/2674/2674
f 2673/2673/2673 2676/2676/2676 2675/2675/2675
f 2677/2677/2677 2679/2679/2679 2678/2678/2678
f 2677/2677/2677 2680/2680/2680 2679/2679/2679
f 2681/2681/2681 2683/2683/2683 2682/2682/2682
f 2681/2681/2681 2684/2684/2684 2683/2683/2683
f 2685/2685/2685 2687/2687/2687 2686/2686/2686
f 2685/2685/2685 2688/2688/2688 2687/2687/2687
f 2689/2689/2689 2691/2691/2691 2690/2690/2690
f 2689/2689/2689 2692/2692/2692 2691/2691/2691
f 2693/2693/2693 2695/2695/2695 2694/2694/2694
f 2693/2693/2693 2696/2696/2696 2695/2695/2695
f 2697/2697/2697 2699/2699/2699 2698/2698/2698
f 2697/2697/2697 2700/2700/2700 2699/2699/2699
f 2701/2701/2701 2703/2703/2703 2702/2702/2702
f 2701/2701/2701 2704/2704/2704 2703/2703/2703
f 2705/2705/2705 2707/2707/2707 2706/2706/2706
f 2705/2705/2705 2708/2708/2708 2707/2707/2707
f 2709/2709/2709 2711/2711/2711 2710/2710/2710
f 2709/2709/2709 2712/2712/2712 2711/2711/2711
f 2713/2713/2713 2715/2715/2715 2714/2714/2714
f 2713/2713/2713 2716/2716/2716 2715/2715/2715
f 2717/2717/2717 2719/2719/2719 2718/2718/2718
f 2717/2717/2717 2720/2720/2720 2719/2719/2719
f 2721/2721/2721 2723/2723/2723 2722/2722/2722
f 2721/2721/2721 2724/2724/2724 2723/2723/2723
f 2725/2725/2725 2727/2727/2727 2726/2726/2726
f 2725/2725/2725 2728/2728/2728 2727/2727/2727
f 2729/2729/2729 2731/2731/2731 2730/2730/2730
f 2729/2729/2729 2732/2732/2732 2731/2731/2731
f 2733/2733/2733 2735/2735/2735 2734/2734/2734
f 2733/2733/2733 2736/2736/2736 2735/2735/2735
