mtllib P_PalmTree08.mtl
v 0.5775943 -0.4303769 -0.3115276 0 0.9960784 0
v 0.08619325 -0.8848009 -0.420632 0 0.9647059 0
v 0.3503293 -0.8760908 -0.217392 0 0.972549 0
v 0.1906142 -0.4197836 -0.6113336 0 0.9960784 0
v 0.5781441 0.005533739 -0.2751276 0 0.9960784 0
v -0.2441845 -0.8965551 -0.3774716 0 0.9058824 0
v 0.2269516 0.04058363 -0.5494337 0 0.9960784 0
v 0.5334176 1.020149 -0.1636177 0 0.9568627 0
v -0.2938433 -0.4107499 -0.5468836 0 0.972549 0
v -0.447273 -0.9044684 -0.1131934 0 0.7647059 0
v 0.2973555 1.108724 -0.3536881 0 0.8901961 0
v 1.155793 2.15352 -0.003197562 0 0.7490196 0
v -0.5919895 -0.4085675 -0.1559312 0 0.9921569 0
v -0.4041054 -0.9039057 0.217392 0 0.6588235 0
v -0.213171 0.07737826 -0.4896188 0 0.9764706 0
v 1.009174 2.31301 -0.1602322 0 0.6627451 0
v 2.170147 2.802765 0.1814081 0 0.5607843 0
v -0.5291747 -0.4145146 0.3325089 0 0.9921569 0
v -0.1399689 -0.8951954 0.4206321 0 0.7294118 0
v 0.000324131 1.206547 -0.3100951 0 0.682353 0
v -0.4844055 0.09436365 -0.1307216 0 0.9803922 0
v 2.095237 2.98892 0.04600289 0 0.4588235 0
v 3.442375 3.204704 0.3119684 0 0 0
v -0.1421942 -0.425108 0.6323149 0 0.8156863 0
v 0.1904089 -0.8834412 0.3774715 0 0.827451 0
v 0.819342 2.493431 -0.1216608 0 0.4941176 0
v -0.1836797 1.256316 -0.05837487 0 0.7529412 0
v -0.4278659 0.08158967 0.3170208 0 0.9960784 0
v 3.39343 3.388965 0.1863009 0 0 0
v 4.802976 3.591701 0.2895938 0 0 0
v 0.3422633 -0.4341416 0.5678647 0 0.9529412 0
v 0.3934969 -0.8755279 0.1131932 0 0.8980392 0
v 1.99322 3.202751 0.09052217 0 0.3372549 0
v 0.6972902 2.589093 0.08912852 0 0.3921569 0
v -0.1468693 1.228876 0.2540184 0 0.7607843 0
v -0.07667346 0.04653977 0.5913271 0 0.7568628 0
v 4.737622 3.761462 0.1705586 0 0 0
v 6.096569 4.225638 0.1325254 0 0 0
v 0.6404095 -0.436324 0.1769123 0 0.9960784 0
v 0.3503293 -0.8760908 -0.217392 0 0.972549 0
v 0.5775943 -0.4303769 -0.3115276 0 0.9960784 0
v 0.3634492 0.009745148 0.531512 0 0.9372549 0
v 0.6346831 -0.007240247 0.1726146 0 0.9960784 0
v 0.5781441 0.005533739 -0.2751276 0 0.9960784 0
v 0.08919282 1.140302 0.4440888 0 0.5960785 0
v 0.3862242 1.042478 0.4004957 0 0.8235294 0
v 0.5702295 0.9927097 0.1487902 0 0.9607843 0
v 0.5334176 1.020149 -0.1636177 0 0.9568627 0
v 0.7146185 2.543959 0.350178 0 0.4039216 0
v 0.8615525 2.384469 0.5083488 0 0.5333334 0
v 1.173337 2.108387 0.2578265 0 0.7568628 0
v 1.155793 2.15352 -0.003197562 0 0.7490196 0
v 1.051509 2.204049 0.469838 0 0.6901961 0
v 1.923856 3.318998 0.288886 0 0.2901961 0
v 2.174071 2.753333 0.4174369 0 0.5882353 0
v 2.170147 2.802765 0.1814081 0 0.5607843 0
v 1.927781 3.269565 0.5249123 0 0.3490196 0
v 2.104712 2.86958 0.6158252 0 0.5450981 0
v 2.002696 3.08341 0.6603419 0 0.4509804 0
v 3.329334 3.603282 0.232127 0 0 0
v 3.447497 3.158437 0.5355151 0 0 0
v 3.442375 3.204704 0.3119684 0 0 0
v 3.287634 3.722111 0.4226023 0 0 0
v 3.292756 3.675844 0.646149 0 0 0
v 3.405797 3.277266 0.7259907 0 0 0
v 3.341701 3.491583 0.7718166 0 0 0
v 4.664975 3.96232 0.2149058 0 0 0
v 4.822755 3.552482 0.5022809 0 0 0
v 4.802976 3.591701 0.2895938 0 0 0
v 4.627594 4.076616 0.3966634 0 0 0
v 4.647374 4.037397 0.6093588 0 0 0
v 4.785373 3.666778 0.6840366 0 0 0
v 4.712729 3.867636 0.7283921 0 0 0
v 5.987366 4.358761 0.02676655 0 0 0
v 7.144841 5.373757 -0.101602 0 0 0
v 5.875864 4.523348 0.0732313 0 0 0
v 7.009249 5.439418 -0.1834958 0 0 0
v 7.484795 6.317208 -0.2628722 0 0 0
v 5.827428 4.622986 0.2449776 0 0 0
v 5.870393 4.59931 0.4413536 0 0 0
v 5.979517 4.466187 0.5470498 0 0 0
v 7.385252 6.356104 -0.3178815 0 0 0
v 7.645454 6.921693 -0.3468097 0 0 0
v 6.873405 5.533264 -0.1372123 0 0 0
v 6.816882 5.600321 0.01013631 0 0 0
v 7.540867 6.943321 -0.3951623 0 0 0
v 7.550235 7.263923 -0.2575012 0 0 0
v 7.286619 6.415393 -0.2831889 0 0 0
v 6.872793 5.601308 0.1722352 0 0 0
v 6.090789 4.3016 0.4998894 0 0 0
v 7.435336 6.973854 -0.3542352 0 0 0
v 7.550235 7.263923 -0.2575012 0 0 0
v 7.24667 6.460344 -0.179117 0 0 0
v 7.008385 5.535647 0.254129 0 0 0
v 6.139398 4.201962 0.3281643 0 0 0
v 6.096569 4.225638 0.1325254 0 0 0
v 7.390678 6.995408 -0.2480029 0 0 0
v 7.550235 7.263923 -0.2575012 0 0 0
v 7.288809 6.464624 -0.06662974 0 0 0
v 7.144229 5.441802 0.2078454 0 0 0
v 7.200752 5.374745 0.06049677 0 0 0
v 7.144841 5.373757 -0.101602 0 0 0
v 7.433056 6.995354 -0.1386949 0 0 0
v 7.550235 7.263923 -0.2575012 0 0 0
v 7.388351 6.425728 -0.01162051 0 0 0
v 7.526932 6.32149 -0.1503849 0 0 0
v 7.484795 6.317208 -0.2628722 0 0 0
v 7.486985 6.36644 -0.04631309 0 0 0
v 7.537642 6.973725 -0.09034228 0 0 0
v 7.550235 7.263923 -0.2575012 0 0 0
v 7.643174 6.943192 -0.1312694 0 0 0
v 7.550235 7.263923 -0.2575012 0 0 0
v 7.687828 6.92164 -0.2375013 0 0 0
v 7.550235 7.263923 -0.2575012 0 0 0
v 7.645454 6.921693 -0.3468097 0 0 0
v 7.550235 7.263923 -0.2575012 0 0 0
v 7.393979 6.895999 -0.2402888 0.2352941 0.2352941 0.2352941
v 6.823803 7.375235 -0.8276398 0.3607843 0.3607843 0.3607843
v 7.381307 6.901758 -0.3087815 0.2352941 0.2352941 0.2352941
v 6.985827 7.443487 -0.4740802 0.2352941 0.2352941 0.2352941
v 7.403528 6.889013 -0.171405 0.2352941 0.2352941 0.2352941
v 6.148298 7.417871 -1.170851 0.7529412 0.7529412 0.7529412
v 7.073579 7.44019 -0.08910856 0.1960784 0.1960784 0.1960784
v 7.410172 6.88037 -0.09880226 0.2431373 0.2431373 0.2431373
v 6.415761 7.756566 -0.6589257 0.5058824 0.5058824 0.5058824
v 5.739189 7.510941 -1.141775 0.8862745 0.8862745 0.8862745
v 7.071552 7.341309 0.3775511 0.3058824 0.3058824 0.3058824
v 7.413329 6.870412 -0.02613256 0.2509804 0.2509804 0.2509804
v 6.9518 7.149118 0.797403 0.5137255 0.5137255 0.5137255
v 5.861957 7.927297 -0.5929361 0.7960784 0.7960784 0.7960784
v 5.325285 7.525914 -1.068717 0.9568627 0.9568627 0.9568627
v 6.569718 7.839988 -0.01266255 0.4196078 0.4196078 0.4196078
v 6.572895 7.631392 0.6636381 0.5647059 0.5647059 0.5647059
v 6.41162 7.167558 1.173298 0.8313726 0.8313726 0.8313726
v 5.283748 7.916267 -0.4894522 0.9490196 0.9490196 0.9490196
v 4.845684 7.506139 -0.8510664 0.9921569 0.9921569 0.9921569
v 5.960938 8.034319 0.09145963 0.7686275 0.7686275 0.7686275
v 6.015682 7.749357 0.8340482 0.8431373 0.8431373 0.8431373
v 5.992829 7.116907 1.318945 0.9372549 0.9372549 0.9372549
v 4.721982 7.724969 -0.2940958 0.9960784 0.9960784 0.9960784
v 4.348265 7.257976 -0.5615175 1 1 1
v 5.322752 7.99837 0.2043679 0.9490196 0.9490196 0.9490196
v 5.444901 7.719001 0.8970687 0.9607843 0.9607843 0.9607843
v 5.617138 7.133058 1.344065 0.9764706 0.9764706 0.9764706
v 4.249914 7.315917 -0.08966693 1 1 1
v 3.970283 6.748678 -0.1414099 1 1 1
v 4.738122 7.733537 0.3166998 0.9960784 0.9960784 0.9960784
v 4.91297 7.499773 0.9202861 0.9960784 0.9960784 0.9960784
v 5.215123 7.061279 1.327669 0.9960784 0.9960784 0.9960784
v 3.962762 6.729615 0.1223202 1 1 1
v 3.934814 6.061007 0.3190803 1 1 1
v 3.93939 6.059176 0.3370872 1 1 1
v 4.282089 7.276917 0.393155 1 1 1
v 4.444991 7.142321 0.8395391 1 1 1
v 4.720232 6.927637 1.188917 1 1 1
v 4.001622 6.697391 0.3819835 1 1 1
v 3.944199 6.05737 0.3550358 1 1 1
v 4.097241 6.647624 0.6544864 1 1 1
v 4.244261 6.585071 0.900148 1 1 1
v 3.947705 6.056118 0.367571 1 1 1
v 3.951324 6.054879 0.380075 1 1 1
v 4.196398 5.508805 -1.170839 1 1 1
v 4.23313 6.092292 -0.824275 1 1 1
v 4.193363 5.509725 -1.153484 1 1 1
v 4.217635 6.103224 -1.023003 1 1 1
v 4.199752 5.507918 -1.188137 1 1 1
v 4.533175 6.503048 -0.4549157 1 1 1
v 4.242643 6.105136 -1.221052 1 1 1
v 4.205612 5.506601 -1.214988 1 1 1
v 4.433791 6.618268 -0.8050413 1 1 1
v 4.953234 6.663089 -0.1511374 0.9921569 0.9921569 0.9921569
v 4.343968 6.092476 -1.482111 1 1 1
v 4.212237 5.505369 -1.241665 1 1 1
v 4.514389 6.062949 -1.702711 1 1 1
v 4.793599 6.995123 -0.5752985 0.9960784 0.9960784 0.9960784
v 5.298459 6.780459 -0.008905039 0.9647059 0.9647059 0.9647059
v 4.464921 6.661242 -1.183095 1 1 1
v 4.674319 6.605629 -1.599846 1 1 1
v 5.023745 6.443677 -1.868723 1 1 1
v 5.236325 7.24811 -0.400745 0.9568627 0.9568627 0.9568627
v 5.638937 6.86561 0.1004058 0.9098039 0.9098039 0.9098039
v 4.855147 7.116253 -1.120442 0.9960784 0.9960784 0.9960784
v 5.116723 6.98509 -1.599868 0.9960784 0.9960784 0.9960784
v 5.488824 6.646568 -1.849705 0.9882353 0.9882353 0.9882353
v 5.727983 7.344901 -0.222165 0.8431373 0.8431373 0.8431373
v 6.024169 6.914894 0.1944287 0.7960784 0.7960784 0.7960784
v 5.353584 7.420731 -0.9774148 0.9529412 0.9529412 0.9529412
v 5.614919 7.211736 -1.522078 0.9529412 0.9529412 0.9529412
v 5.903404 6.698306 -1.770674 0.9568627 0.9568627 0.9568627
v 6.255805 7.319241 -0.1028062 0.5882353 0.5882353 0.5882353
v 6.626694 7.008241 0.156173 0.4901961 0.4901961 0.4901961
v 5.896903 7.541822 -0.7459861 0.7882353 0.7882353 0.7882353
v 6.120546 7.301212 -1.377498 0.8196079 0.8196079 0.8196079
v 6.246931 6.665876 -1.672611 0.9058824 0.9058824 0.9058824
v 6.841579 7.162724 -0.1107698 0.3294118 0.3294118 0.3294118
v 7.376269 6.782537 -0.2394734 0.2784314 0.2784314 0.2784314
v 7.388361 6.781844 -0.2726135 0.2745098 0.2745098 0.2745098
v 6.473376 7.467816 -0.5886959 0.4745098 0.4745098 0.4745098
v 6.618768 7.222886 -1.221109 0.5764706 0.5764706 0.5764706
v 6.552659 6.625453 -1.567203 0.8313726 0.8313726 0.8313726
v 6.997507 7.203634 -0.4503462 0.2666667 0.2666667 0.2666667
v 7.399452 6.780393 -0.3060771 0.2745098 0.2745098 0.2745098
v 7.067205 7.138574 -0.7729141 0.3019608 0.3019608 0.3019608
v 7.062014 6.985537 -1.072402 0.4156863 0.4156863 0.4156863
v 7.409008 6.778323 -0.3379823 0.2745098 0.2745098 0.2745098
v 7.417645 6.775578 -0.370098 0.2745098 0.2745098 0.2745098
v 7.400894 6.499968 -0.1046191 0.3960784 0.3960784 0.3960784
v 7.026739 6.548882 0.7086743 0.6313726 0.6313726 0.6313726
v 7.361719 6.495382 -0.08803508 0.4039216 0.4039216 0.4039216
v 7.310306 6.717822 0.5561579 0.4509804 0.4509804 0.4509804
v 7.440511 6.50338 -0.1204192 0.3843137 0.3843137 0.3843137
v 6.974791 6.347795 1.302538 0.8784314 0.8784314 0.8784314
v 7.63838 6.790698 0.4173437 0.3411765 0.3411765 0.3411765
v 7.465089 6.504895 -0.1297446 0.3803922 0.3803922 0.3803922
v 7.36964 6.706977 1.186112 0.7019608 0.7019608 0.7019608
v 7.087401 6.165297 1.718473 0.9568627 0.9568627 0.9568627
v 8.017406 6.752524 0.2945442 0.3254902 0.3254902 0.3254902
v 7.489806 6.505964 -0.1387618 0.3803922 0.3803922 0.3803922
v 8.376502 6.594326 0.2156726 0.427451 0.427451 0.427451
v 7.545527 6.535973 1.727492 0.9019608 0.9019608 0.9019608
v 7.288867 5.950606 2.084858 0.9882353 0.9882353 0.9882353
v 7.866198 6.855134 1.013045 0.5450981 0.5450981 0.5450981
v 8.435131 6.730655 0.788922 0.5607843 0.5607843 0.5607843
v 8.866236 6.324845 0.5917475 0.7607843 0.7607843 0.7607843
v 7.798556 6.215279 2.168823 0.9803922 0.9803922 0.9803922
v 7.554439 5.610886 2.394456 1 1 1
v 8.097304 6.688415 1.587266 0.8470588 0.8470588 0.8470588
v 8.698346 6.544231 1.275092 0.8431373 0.8431373 0.8431373
v 9.068256 6.096219 0.8983373 0.9058824 0.9058824 0.9058824
v 8.025173 5.728427 2.469577 1 1 1
v 7.834414 5.113442 2.557083 1 1 1
v 8.356472 6.313913 2.042781 0.972549 0.972549 0.972549
v 8.882634 6.204665 1.693205 0.9647059 0.9647059 0.9647059
v 9.177135 5.8957 1.21488 0.9647059 0.9647059 0.9647059
v 8.195669 5.133711 2.577316 1 1 1
v 8.053555 4.52377 2.486949 1 1 1
v 8.501658 5.778371 2.362263 1 1 1
v 8.969339 5.740486 2.026116 0.9960784 0.9960784 0.9960784
v 9.23988 5.606555 1.534153 0.9960784 0.9960784 0.9960784
v 8.255583 4.513874 2.471074 1 1 1
v 8.326727 3.957497 2.132829 1 1 1
v 8.355043 3.95757 2.124025 1 1 1
v 8.547385 5.151985 2.491956 1 1 1
v 8.925201 5.169548 2.251357 1 1 1
v 9.192843 5.17936 1.891897 1 1 1
v 8.45297 4.514884 2.424144 1 1 1
v 8.38319 3.9581 2.114705 1 1 1
v 8.699259 4.533045 2.315874 1 1 1
v 8.916319 4.569562 2.160109 1 1 1
v 8.415392 3.959274 2.103331 1 1 1
v 8.447322 3.961053 2.091286 1 1 1
v 9.967022 5.998514 2.652114 1 1 1
v 9.953508 5.998552 2.662049 1 1 1
v 9.544678 6.529544 2.660449 1 1 1
v 9.71274 6.552889 2.575134 1 1 1
v 9.980396 5.998428 2.641995 1 1 1
v 9.024632 6.878099 2.510215 0.9960784 0.9960784 0.9960784
v 9.868134 6.562101 2.466337 1 1 1
v 10.00097 5.998196 2.62585 1 1 1
v 9.345602 6.998282 2.387849 0.9960784 0.9960784 0.9960784
v 8.513781 7.006804 2.266935 0.9686275 0.9686275 0.9686275
v 10.05781 6.550758 2.278938 1 1 1
v 10.0212 5.997845 2.609269 1 1 1
v 10.20524 6.511613 2.059954 1 1 1
v 8.932758 7.302027 2.105475 0.9647059 0.9647059 0.9647059
v 8.172076 7.097921 1.970838 0.9137255 0.9137255 0.9137255
v 9.644697 7.044584 2.185766 0.9960784 0.9960784 0.9960784
v 9.942894 6.994069 1.854703 0.9960784 0.9960784 0.9960784
v 10.12372 6.831977 1.477736 0.9921569 0.9921569 0.9921569
v 8.549372 7.482043 1.73628 0.8588235 0.8588235 0.8588235
v 7.876029 7.137986 1.642999 0.7960784 0.7960784 0.7960784
v 9.359536 7.406275 1.796021 0.9568627 0.9568627 0.9568627
v 9.707674 7.298512 1.401306 0.9529412 0.9529412 0.9529412
v 9.906881 7.000589 1.001093 0.9490196 0.9490196 0.9490196
v 8.159636 7.512669 1.339491 0.627451 0.627451 0.627451
v 7.601967 7.117416 1.265018 0.6156863 0.6156863 0.6156863
v 8.988947 7.616495 1.370745 0.8156863 0.8156863 0.8156863
v 9.399364 7.456104 0.9451974 0.8078431 0.8078431 0.8078431
v 9.65402 7.030902 0.5851793 0.8509804 0.8509804 0.8509804
v 7.824283 7.422005 0.8946435 0.3764706 0.3764706 0.3764706
v 7.420602 7.09528 0.6539615 0.3607843 0.3607843 0.3607843
v 8.54652 7.65809 0.9625162 0.5058824 0.5058824 0.5058824
v 9.037315 7.481008 0.5209292 0.5215687 0.5215687 0.5215687
v 9.39494 6.971989 0.2376627 0.7058824 0.7058824 0.7058824
v 7.597755 7.207443 0.3634137 0.2078431 0.2078431 0.2078431
v 7.497998 6.809576 -0.1610523 0.2509804 0.2509804 0.2509804
v 7.522124 6.809103 -0.1843504 0.2431373 0.2431373 0.2431373
v 8.170356 7.528693 0.5096416 0.2352941 0.2352941 0.2352941
v 8.678725 7.351828 0.1179832 0.2941177 0.2941177 0.2941177
v 9.118068 6.882866 -0.05570894 0.5529412 0.5529412 0.5529412
v 7.837981 7.236664 0.09917908 0.1254902 0.1254902 0.1254902
v 7.546762 6.808071 -0.2070886 0.2431373 0.2431373 0.2431373
v 8.088482 7.190282 -0.09520201 0.1254902 0.1254902 0.1254902
v 8.354118 7.078795 -0.2355356 0.2078431 0.2078431 0.2078431
v 7.570516 6.806581 -0.2280622 0.2431373 0.2431373 0.2431373
v 7.594693 6.804594 -0.248504 0.2352941 0.2352941 0.2352941
v 7.448069 6.93803 -0.2829566 0.2078431 0.2078431 0.2078431
v 7.405366 6.939765 -0.2552315 0.2156863 0.2156863 0.2156863
v 6.987856 7.499142 -0.05511852 0.2352941 0.2352941 0.2352941
v 7.264719 7.505333 -0.1343624 0.1254902 0.1254902 0.1254902
v 7.489653 6.93686 -0.3123621 0.1960784 0.1960784 0.1960784
v 6.497338 7.876895 -0.165317 0.4470588 0.4470588 0.4470588
v 7.516033 7.503862 -0.2751083 0.0627451 0.0627451 0.0627451
v 7.532051 6.936241 -0.3450057 0.1960784 0.1960784 0.1960784
v 6.968132 8.004705 -0.2024558 0.2509804 0.2509804 0.2509804
v 6.315856 8.180427 -0.3847687 0.5843138 0.5843138 0.5843138
v 7.766614 7.491986 -0.5164747 0.0627451 0.0627451 0.0627451
v 7.573057 6.93625 -0.3793873 0.1882353 0.1882353 0.1882353
v 7.940175 7.469974 -0.8174439 0.1254902 0.1254902 0.1254902
v 6.765037 8.407217 -0.476175 0.427451 0.427451 0.427451
v 6.128728 8.396619 -0.6872091 0.7450981 0.7450981 0.7450981
v 7.409204 8.046148 -0.4100596 0.1254902 0.1254902 0.1254902
v 7.767286 7.988999 -0.7789906 0.1411765 0.1411765 0.1411765
v 7.952539 7.838038 -1.237784 0.2862745 0.2862745 0.2862745
v 6.522646 8.667027 -0.8695816 0.6705883 0.6705883 0.6705883
v 5.991397 8.56316 -1.118125 0.8745098 0.8745098 0.8745098
v 7.21065 8.483035 -0.7154059 0.3372549 0.3372549 0.3372549
v 7.618487 8.369508 -1.116514 0.3411765 0.3411765 0.3411765
v 7.832204 8.068039 -1.567678 0.454902 0.454902 0.454902
v 6.303298 8.760657 -1.368937 0.8627451 0.8627451 0.8627451
v 5.856708 8.542304 -1.650113 0.9490196 0.9490196 0.9490196
v 6.946288 8.749522 -1.143944 0.6117647 0.6117647 0.6117647
v 7.355047 8.611311 -1.490463 0.5960785 0.5960785 0.5960785
v 7.632192 8.264203 -1.820566 0.627451 0.627451 0.627451
v 6.099453 8.635133 -1.890911 0.9490196 0.9490196 0.9490196
v 5.825532 8.284262 -2.232274 0.9843137 0.9843137 0.9843137
v 6.65933 8.804095 -1.634547 0.8470588 0.8470588 0.8470588
v 7.046307 8.668036 -1.902411 0.827451 0.827451 0.827451
v 7.370044 8.360858 -2.104521 0.8039216 0.8039216 0.8039216
v 5.971053 8.294409 -2.358457 0.9803922 0.9803922 0.9803922
v 5.960944 7.792264 -2.68485 0.9921569 0.9921569 0.9921569
v 5.972821 7.791459 -2.691441 0.9921569 0.9921569 0.9921569
v 6.382395 8.639033 -2.104111 0.945098 0.945098 0.945098
v 6.687605 8.551428 -2.274695 0.9333333 0.9333333 0.9333333
v 6.984537 8.378875 -2.384162 0.9176471 0.9176471 0.9176471
v 6.130548 8.285078 -2.46651 0.9803922 0.9803922 0.9803922
v 5.984764 7.790609 -2.697906 0.9921569 0.9921569 0.9921569
v 6.318927 8.252275 -2.561914 0.9764706 0.9764706 0.9764706
v 6.51409 8.196815 -2.628999 0.972549 0.972549 0.972549
v 5.993167 7.789986 -2.702359 0.9921569 0.9921569 0.9921569
v 6.001602 7.78934 -2.706749 0.9921569 0.9921569 0.9921569
v 7.579889 7.013582 -0.2716587 0.1647059 0.1647059 0.1647059
v 7.598326 7.009579 -0.3100617 0.1529412 0.1529412 0.1529412
v 8.418162 7.045766 -0.5987532 0.2588235 0.2588235 0.2588235
v 8.253605 7.210413 -0.3194227 0.1411765 0.1411765 0.1411765
v 7.562146 7.016354 -0.2328227 0.1647059 0.1647059 0.1647059
v 9.028713 6.848154 -0.6173583 0.5333334 0.5333334 0.5333334
v 8.098918 7.277743 0.002681396 0.1098039 0.1098039 0.1098039
v 7.55158 7.017446 -0.2087278 0.1647059 0.1647059 0.1647059
v 8.883968 7.200935 -0.2261205 0.3647059 0.3647059 0.3647059
v 9.465384 6.678681 -0.4756152 0.772549 0.772549 0.772549
v 7.955842 7.23259 0.3737449 0.1960784 0.1960784 0.1960784
v 7.541289 7.018069 -0.1844973 0.1647059 0.1647059 0.1647059
v 7.855824 7.067207 0.7242345 0.3607843 0.3607843 0.3607843
v 9.428489 7.051874 -0.02094283 0.6745098 0.6745098 0.6745098
v 9.854951 6.487034 -0.245677 0.9137255 0.9137255 0.9137255
v 8.68257 7.340514 0.262171 0.3176471 0.3176471 0.3176471
v 8.433041 7.205696 0.8180215 0.4470588 0.4470588 0.4470588
v 8.224084 6.791508 1.23539 0.6980392 0.6980392 0.6980392
v 9.886679 6.769526 0.2603625 0.9058824 0.9058824 0.9058824
v 10.20093 6.182814 0.04969731 0.9803922 0.9803922 0.9803922
v 9.251989 7.198359 0.5219666 0.654902 0.654902 0.654902
v 8.920383 7.038204 1.108379 0.7450981 0.7450981 0.7450981
v 8.554919 6.56938 1.463531 0.8666667 0.8666667 0.8666667
v 10.23594 6.326663 0.5178121 0.9843137 0.9843137 0.9843137
v 10.43192 5.720493 0.3630132 1 1 1
v 9.72439 6.866212 0.8091781 0.9098039 0.9098039 0.9098039
v 9.362782 6.732416 1.321354 0.9254902 0.9254902 0.9254902
v 8.904867 6.381888 1.601406 0.945098 0.945098 0.945098
v 10.4306 5.762417 0.7229654 1 1 1
v 10.47067 5.136086 0.6188815 1 1 1
v 10.09983 6.377771 0.986758 0.9882353 0.9882353 0.9882353
v 9.750268 6.308974 1.440884 0.9882353 0.9882353 0.9882353
v 9.269694 6.115843 1.69565 0.9843137 0.9843137 0.9843137
v 10.44735 5.136205 0.8204281 1 1 1
v 10.24754 4.520065 0.9268086 1 1 1
v 10.23757 4.520125 0.9547385 1 1 1
v 10.32637 5.782639 1.06945 1 1 1
v 10.06848 5.77517 1.436026 1 1 1
v 9.70056 5.732826 1.688573 1 1 1
v 10.39161 5.139754 1.015481 1 1 1
v 10.227 4.520476 0.9824421 1 1 1
v 10.26992 5.149618 1.255908 1 1 1
v 10.09938 5.164906 1.464219 1 1 1
v 10.21408 4.52124 1.014066 1 1 1
v 10.20036 4.52239 1.045345 1 1 1
v 7.522599 6.976456 -0.165865 0.1882353 0.1882353 0.1882353
v 7.149306 7.366523 -0.2236632 0.1764706 0.1764706 0.1764706
v 7.496247 6.976003 -0.1841966 0.1882353 0.1882353 0.1882353
v 7.317523 7.389208 -0.1590743 0.1254902 0.1254902 0.1254902
v 7.548273 6.976764 -0.1465912 0.1764706 0.1764706 0.1764706
v 6.771845 7.632966 -0.1028767 0.3137255 0.3137255 0.3137255
v 7.471398 7.397623 -0.06297608 0.09019608 0.09019608 0.09019608
v 7.574472 6.976932 -0.1253589 0.1764706 0.1764706 0.1764706
v 7.056977 7.73383 -0.04076402 0.1960784 0.1960784 0.1960784
v 6.586668 7.879316 0.112383 0.427451 0.427451 0.427451
v 7.629098 7.38826 0.08947561 0.09019608 0.09019608 0.09019608
v 7.599847 6.976942 -0.1031464 0.1764706 0.1764706 0.1764706
v 7.746484 7.358101 0.2725314 0.1411765 0.1411765 0.1411765
v 6.864026 8.019393 0.199839 0.3411765 0.3411765 0.3411765
v 6.40125 8.063779 0.3824018 0.5921569 0.5921569 0.5921569
v 7.325212 7.771358 0.1074699 0.1411765 0.1411765 0.1411765
v 7.554152 7.737115 0.3377476 0.1529412 0.1529412 0.1529412
v 7.695877 7.631588 0.6123255 0.2431373 0.2431373 0.2431373
v 6.655461 8.218846 0.5070156 0.5333334 0.5333334 0.5333334
v 6.256399 8.210001 0.7310688 0.772549 0.772549 0.772549
v 7.137366 8.069549 0.3640552 0.3019608 0.3019608 0.3019608
v 7.397959 8.008719 0.6170655 0.3058824 0.3058824 0.3058824
v 7.559987 7.832715 0.897052 0.3843137 0.3843137 0.3843137
v 6.465638 8.325127 0.8802697 0.7529412 0.7529412 0.7529412
v 6.116673 8.249554 1.140562 0.8980392 0.8980392 0.8980392
v 6.919768 8.269029 0.6854004 0.5058824 0.5058824 0.5058824
v 7.176414 8.197565 0.9114574 0.509804 0.509804 0.509804
v 7.362918 8.006568 1.136874 0.5450981 0.5450981 0.5450981
v 6.280315 8.310218 1.280084 0.8980392 0.8980392 0.8980392
v 6.030715 8.157658 1.599637 0.9607843 0.9607843 0.9607843
v 6.690345 8.353438 1.047606 0.7411765 0.7411765 0.7411765
v 6.92777 8.281256 1.232027 0.7333333 0.7333333 0.7333333
v 7.126902 8.109824 1.39497 0.7372549 0.7372549 0.7372549
v 6.124418 8.167955 1.676412 0.9607843 0.9607843 0.9607843
v 6.015336 7.906216 2.028127 0.9882353 0.9882353 0.9882353
v 6.022592 7.905519 2.032643 0.9882353 0.9882353 0.9882353
v 6.458209 8.316205 1.415152 0.8941177 0.8941177 0.8941177
v 6.642025 8.265793 1.539041 0.8862745 0.8862745 0.8862745
v 6.816501 8.161741 1.641071 0.8784314 0.8784314 0.8784314
v 6.223256 8.163498 1.747066 0.9607843 0.9607843 0.9607843
v 6.029875 7.904762 2.037107 0.9882353 0.9882353 0.9882353
v 6.336501 8.141432 1.816588 0.9568627 0.9568627 0.9568627
v 6.451091 8.101871 1.875318 0.9529412 0.9529412 0.9529412
v 6.034991 7.904197 2.040202 0.9882353 0.9882353 0.9882353
v 6.04012 7.903602 2.04327 0.9882353 0.9882353 0.9882353
v 7.164096 5.871659 -3.718371 1 1 1
v 7.178642 5.86559 -3.716587 1 1 1
v 7.643403 6.231575 -3.489143 1 1 1
v 7.493198 6.316267 -3.539405 1 1 1
v 7.149518 5.87771 -3.719936 1 1 1
v 8.028289 6.458089 -3.075262 0.9921569 0.9921569 0.9921569
v 7.33263 6.392792 -3.564344 1 1 1
v 7.126722 5.887105 -3.721939 1 1 1
v 7.792732 6.673234 -3.204419 0.9960784 0.9960784 0.9960784
v 8.272176 6.523989 -2.588084 0.9568627 0.9568627 0.9568627
v 7.097053 6.482946 -3.555476 1 1 1
v 7.103863 5.896445 -3.723405 1 1 1
v 6.86078 6.548653 -3.495801 1 1 1
v 8.015202 6.925256 -2.764794 0.9568627 0.9568627 0.9568627
v 8.361024 6.612298 -2.170254 0.8823529 0.8823529 0.8823529
v 7.498493 6.843101 -3.259413 0.9960784 0.9960784 0.9960784
v 7.095154 6.967401 -3.21805 0.9960784 0.9960784 0.9960784
v 6.701014 6.981511 -3.062169 0.9960784 0.9960784 0.9960784
v 8.122726 7.102816 -2.275638 0.8392157 0.8392157 0.8392157
v 8.382812 6.676427 -1.756287 0.7372549 0.7372549 0.7372549
v 7.597517 7.207043 -2.831228 0.9568627 0.9568627 0.9568627
v 7.10378 7.312326 -2.773976 0.9568627 0.9568627 0.9568627
v 6.633751 7.219908 -2.60465 0.9607843 0.9607843 0.9607843
v 8.163047 7.157665 -1.753261 0.5882353 0.5882353 0.5882353
v 8.338983 6.708086 -1.317632 0.5333334 0.5333334 0.5333334
v 7.675871 7.430516 -2.313498 0.8235294 0.8235294 0.8235294
v 7.104107 7.513834 -2.271289 0.8470588 0.8470588 0.8470588
v 6.573302 7.311927 -2.156759 0.8941177 0.8941177 0.8941177
v 8.095124 7.134353 -1.224321 0.3411765 0.3411765 0.3411765
v 8.100708 6.829553 -0.776989 0.2941177 0.2941177 0.2941177
v 7.748283 7.486081 -1.750165 0.5254902 0.5254902 0.5254902
v 7.108456 7.578355 -1.747257 0.6078432 0.6078432 0.6078432
v 6.522776 7.304715 -1.746209 0.7960784 0.7960784 0.7960784
v 7.860411 7.054695 -0.6970223 0.1764706 0.1764706 0.1764706
v 7.47822 6.843508 -0.2433303 0.2352941 0.2352941 0.2352941
v 7.448924 6.855655 -0.2426403 0.2352941 0.2352941 0.2352941
v 7.688114 7.422137 -1.186902 0.2666667 0.2666667 0.2666667
v 7.065357 7.503746 -1.229828 0.3843137 0.3843137 0.3843137
v 6.503587 7.251005 -1.359692 0.6705883 0.6705883 0.6705883
v 7.562917 7.214695 -0.6701148 0.1411765 0.1411765 0.1411765
v 7.419404 6.867268 -0.2426281 0.2352941 0.2352941 0.2352941
v 7.270434 7.290661 -0.6930488 0.1960784 0.1960784 0.1960784
v 6.974656 7.297544 -0.7587079 0.3019608 0.3019608 0.3019608
v 7.391301 6.877752 -0.2432399 0.2431373 0.2431373 0.2431373
v 7.363038 6.887744 -0.2444576 0.2431373 0.2431373 0.2431373
v 7.38019 6.668449 -0.09431148 0.3294118 0.3294118 0.3294118
v 7.408106 6.66102 -0.06948409 0.3294118 0.3294118 0.3294118
v 7.48552 6.731002 0.6965774 0.4666667 0.4666667 0.4666667
v 7.311626 6.900622 0.482637 0.3686275 0.3686275 0.3686275
v 7.351544 6.674948 -0.1185615 0.3294118 0.3294118 0.3294118
v 7.340322 6.60885 1.231227 0.7529412 0.7529412 0.7529412
v 7.083018 6.99264 0.2727524 0.3411765 0.3411765 0.3411765
v 7.333567 6.678481 -0.1331855 0.3294118 0.3294118 0.3294118
v 7.096025 6.96162 1.002282 0.6 0.6 0.6
v 7.102865 6.514296 1.575351 0.8980392 0.8980392 0.8980392
v 6.791531 6.994904 0.06783916 0.4117647 0.4117647 0.4117647
v 7.315335 6.681658 -0.1475733 0.3294118 0.3294118 0.3294118
v 6.488073 6.893291 -0.08883434 0.5529412 0.5529412 0.5529412
v 6.781182 6.901628 1.427763 0.8509804 0.8509804 0.8509804
v 6.797651 6.404753 1.858358 0.9647059 0.9647059 0.9647059
v 6.747627 7.137147 0.711846 0.5568628 0.5568628 0.5568628
v 6.308544 7.078376 0.3766368 0.6666667 0.6666667 0.6666667
v 5.933585 6.758716 0.1200509 0.8431373 0.8431373 0.8431373
v 6.400688 6.721782 1.764025 0.9607843 0.9607843 0.9607843
v 6.430104 6.196981 2.0905 0.9960784 0.9960784 0.9960784
v 6.380912 7.092624 1.14742 0.8392157 0.8392157 0.8392157
v 5.931367 7.009951 0.7338027 0.8823529 0.8823529 0.8823529
v 5.639019 6.622391 0.3538872 0.9411765 0.9411765 0.9411765
v 6.043209 6.384598 2.012095 0.9960784 0.9960784 0.9960784
v 6.052718 5.840888 2.218789 1 1 1
v 5.983903 6.870138 1.497066 0.9647059 0.9647059 0.9647059
v 5.609617 6.799748 1.072017 0.9686275 0.9686275 0.9686275
v 5.423127 6.502691 0.621806 0.9764706 0.9764706 0.9764706
v 5.751728 5.921548 2.135269 1 1 1
v 5.75542 5.358972 2.189975 1 1 1
v 5.681555 6.483061 1.787271 0.9960784 0.9960784 0.9960784
v 5.36431 6.464587 1.383482 0.9960784 0.9960784 0.9960784
v 5.22942 6.305518 0.9138732 0.9960784 0.9960784 0.9960784
v 5.58899 5.382019 2.123689 1 1 1
v 5.474699 4.847937 1.917198 1 1 1
v 5.453185 4.851012 1.902213 1 1 1
v 5.482808 5.978146 1.966286 1 1 1
v 5.228125 6.007857 1.660505 1 1 1
v 5.091113 5.989444 1.286156 1 1 1
v 5.435915 5.406711 2.031049 1 1 1
v 5.432034 4.854315 1.886764 1 1 1
v 5.259998 5.440963 1.871348 1 1 1
v 5.123268 5.475327 1.677059 1 1 1
v 5.40813 4.858402 1.868398 1 1 1
v 5.384743 4.862784 1.849443 1 1 1
v 7.561998 7.181097 -0.2020474 0.1098039 0.1098039 0.1098039
v 7.796682 7.514958 0.2024935 0.1098039 0.1098039 0.1098039
v 7.562882 7.178767 -0.164851 0.1098039 0.1098039 0.1098039
v 7.746791 7.559869 0.00257402 0.0627451 0.0627451 0.0627451
v 7.562435 7.183104 -0.2392705 0.1098039 0.1098039 0.1098039
v 8.166283 7.675156 0.4806728 0.227451 0.227451 0.227451
v 7.732996 7.582392 -0.2066538 0.0627451 0.0627451 0.0627451
v 7.564314 7.184863 -0.2783454 0.1098039 0.1098039 0.1098039
v 8.057322 7.834824 0.1787174 0.1098039 0.1098039 0.1098039
v 8.479048 7.831894 0.514301 0.3137255 0.3137255 0.3137255
v 7.765276 7.578418 -0.4595016 0.0627451 0.0627451 0.0627451
v 7.567647 7.186262 -0.3173379 0.1098039 0.1098039 0.1098039
v 7.849154 7.540576 -0.6972458 0.09019608 0.09019608 0.09019608
v 8.417968 8.034328 0.2048044 0.2352941 0.2352941 0.2352941
v 8.820745 7.913863 0.5076448 0.4352941 0.4352941 0.4352941
v 8.022948 7.905389 -0.1711146 0.0627451 0.0627451 0.0627451
v 8.072327 7.873597 -0.5456918 0.09019608 0.09019608 0.09019608
v 8.203058 7.736828 -0.8742655 0.1764706 0.1764706 0.1764706
v 8.823325 8.120722 0.1950731 0.3843137 0.3843137 0.3843137
v 9.197901 7.950046 0.4077781 0.5764706 0.5764706 0.5764706
v 8.401989 8.119345 -0.1599076 0.1882353 0.1882353 0.1882353
v 8.441413 8.05888 -0.5814061 0.2078431 0.2078431 0.2078431
v 8.535444 7.841296 -0.9373375 0.2862745 0.2862745 0.2862745
v 9.24444 8.092978 0.1173896 0.5647059 0.5647059 0.5647059
v 9.590974 7.855249 0.2554049 0.7411765 0.7411765 0.7411765
v 8.830125 8.201119 -0.1709707 0.3647059 0.3647059 0.3647059
v 8.841183 8.133416 -0.5708442 0.3686275 0.3686275 0.3686275
v 8.854372 7.915556 -0.9128503 0.4039216 0.4039216 0.4039216
v 9.63897 7.926211 0.01049831 0.7450981 0.7450981 0.7450981
v 9.940388 7.617807 0.01139646 0.8588235 0.8588235 0.8588235
v 9.26155 8.141045 -0.2055932 0.5529412 0.5529412 0.5529412
v 9.244422 8.078906 -0.5587792 0.5490196 0.5490196 0.5490196
v 9.191821 7.904139 -0.8679467 0.5490196 0.5490196 0.5490196
v 9.954501 7.63273 -0.1282746 0.8588235 0.8588235 0.8588235
v 10.14194 7.247069 -0.2857942 0.9176471 0.9176471 0.9176471
v 10.14104 7.247244 -0.2957097 0.9176471 0.9176471 0.9176471
v 9.648959 7.945206 -0.248071 0.7372549 0.7372549 0.7372549
v 9.619458 7.909946 -0.5080106 0.7294118 0.7294118 0.7294118
v 9.551915 7.821977 -0.7475551 0.7098039 0.7098039 0.7098039
v 9.952725 7.636467 -0.2693872 0.854902 0.854902 0.854902
v 10.14005 7.247392 -0.3056169 0.9176471 0.9176471 0.9176471
v 9.932249 7.627459 -0.4241968 0.8509804 0.8509804 0.8509804
v 9.892787 7.604841 -0.5738552 0.8431373 0.8431373 0.8431373
v 10.1393 7.247479 -0.3125505 0.9176471 0.9176471 0.9176471
v 10.13851 7.247552 -0.3194793 0.9176471 0.9176471 0.9176471
v 6.575456 5.107976 -2.375773 1 1 1
v 6.329752 5.542646 -2.252083 1 1 1
v 6.561645 5.109042 -2.370436 1 1 1
v 6.477563 5.536963 -2.33213 1 1 1
v 6.589314 5.106929 -2.380985 1 1 1
v 6.142489 5.915828 -1.985751 0.9882353 0.9882353 0.9882353
v 6.632676 5.528876 -2.396647 1 1 1
v 6.611024 5.10533 -2.388864 1 1 1
v 6.407255 5.938818 -2.169014 0.9882353 0.9882353 0.9882353
v 6.020117 6.176079 -1.63431 0.9686275 0.9686275 0.9686275
v 6.860055 5.513602 -2.459831 0.9960784 0.9960784 0.9960784
v 6.632845 5.103777 -2.396438 1 1 1
v 7.093843 5.494067 -2.489629 0.9960784 0.9960784 0.9960784
v 6.389876 6.280229 -1.918736 0.9529412 0.9529412 0.9529412
v 6.051337 6.382978 -1.353673 0.9254902 0.9254902 0.9254902
v 6.701602 5.936729 -2.301563 0.9843137 0.9843137 0.9843137
v 7.088649 5.899762 -2.387737 0.9803922 0.9803922 0.9803922
v 7.48016 5.826954 -2.383714 0.9803922 0.9803922 0.9803922
v 6.461435 6.553195 -1.629865 0.8745098 0.8745098 0.8745098
v 6.15322 6.54743 -1.079235 0.854902 0.854902 0.854902
v 6.82575 6.299138 -2.113989 0.9411765 0.9411765 0.9411765
v 7.29024 6.231215 -2.203319 0.9333333 0.9333333 0.9333333
v 7.743651 6.082297 -2.179138 0.9333333 0.9333333 0.9333333
v 6.561006 6.740191 -1.289842 0.7294118 0.7294118 0.7294118
v 6.323552 6.670129 -0.7933882 0.7294118 0.7294118 0.7294118
v 6.942973 6.592426 -1.82991 0.827451 0.827451 0.827451
v 7.4684 6.48943 -1.935405 0.8235294 0.8235294 0.8235294
v 7.959092 6.250899 -1.923817 0.8627451 0.8627451 0.8627451
v 6.734988 6.84586 -0.937617 0.5294118 0.5294118 0.5294118
v 6.733725 6.795276 -0.5223334 0.4784314 0.4784314 0.4784314
v 7.023921 6.796261 -1.464104 0.627451 0.627451 0.627451
v 7.604154 6.67161 -1.604899 0.627451 0.627451 0.627451
v 8.121511 6.351317 -1.647142 0.7607843 0.7607843 0.7607843
v 7.034991 6.863263 -0.5973197 0.3529412 0.3529412 0.3529412
v 7.399425 6.744242 -0.2802361 0.2862745 0.2862745 0.2862745
v 7.42785 6.742743 -0.2886703 0.2784314 0.2784314 0.2784314
v 7.180826 6.890689 -1.079682 0.4156863 0.4156863 0.4156863
v 7.736732 6.755092 -1.238114 0.4392157 0.4392157 0.4392157
v 8.214994 6.422667 -1.35334 0.6392157 0.6392157 0.6392157
v 7.340466 6.870772 -0.6847048 0.2862745 0.2862745 0.2862745
v 7.45618 6.740758 -0.297319 0.2784314 0.2784314 0.2784314
v 7.60756 6.82603 -0.7705931 0.2784314 0.2784314 0.2784314
v 7.860673 6.734087 -0.861141 0.3294118 0.3294118 0.3294118
v 7.482878 6.738434 -0.305693 0.2784314 0.2784314 0.2784314
v 7.509476 6.735676 -0.3142538 0.2745098 0.2745098 0.2745098
v 9.471076 4.22858 -0.8877853 1 1 1
v 9.487222 4.721343 -1.082446 1 1 1
v 9.468229 4.230257 -0.8995183 1 1 1
v 9.541302 4.704457 -0.95653 1 1 1
v 9.473795 4.226946 -0.8760163 1 1 1
v 9.338231 5.1859 -1.234161 0.9921569 0.9921569 0.9921569
v 9.578568 4.688509 -0.8245396 1 1 1
v 9.47778 4.224486 -0.8575925 1 1 1
v 9.480319 5.179567 -1.01076 0.9960784 0.9960784 0.9960784
v 9.067334 5.562374 -1.332295 0.9647059 0.9647059 0.9647059
v 9.601385 4.66817 -0.6328676 1 1 1
v 9.481452 4.222131 -0.8390899 1 1 1
v 9.588984 4.650889 -0.4399427 1 1 1
v 9.307972 5.616056 -1.02796 0.9607843 0.9607843 0.9607843
v 8.819776 5.877752 -1.308422 0.8980392 0.8980392 0.8980392
v 9.563869 5.160083 -0.7602066 0.9960784 0.9960784 0.9960784
v 9.578925 5.119745 -0.4365134 0.9960784 0.9960784 0.9960784
v 9.495714 5.065036 -0.1255243 0.9960784 0.9960784 0.9960784
v 9.063329 5.996966 -0.9768819 0.8705882 0.8705882 0.8705882
v 8.548513 6.14987 -1.233837 0.7686275 0.7686275 0.7686275
v 9.43595 5.608654 -0.6578594 0.9607843 0.9607843 0.9607843
v 9.433984 5.541195 -0.2721518 0.9647059 0.9647059 0.9647059
v 9.302384 5.422804 0.07711907 0.9686275 0.9686275 0.9686275
v 8.738585 6.305042 -0.9080697 0.6784314 0.6784314 0.6784314
v 8.239799 6.381759 -1.11106 0.5803922 0.5803922 0.5803922
v 9.194563 6.009952 -0.5693801 0.8666667 0.8666667 0.8666667
v 9.189008 5.908105 -0.1342864 0.8823529 0.8823529 0.8823529
v 9.039047 5.706259 0.2351469 0.9137255 0.9137255 0.9137255
v 8.365495 6.537401 -0.7818699 0.4509804 0.4509804 0.4509804
v 7.910209 6.620085 -0.8016917 0.3647059 0.3647059 0.3647059
v 8.852897 6.339668 -0.5181162 0.6431373 0.6431373 0.6431373
v 8.866096 6.211418 -0.03591949 0.7058824 0.7058824 0.7058824
v 8.737811 5.923174 0.3508544 0.827451 0.827451 0.827451
v 7.958227 6.683959 -0.5535041 0.3019608 0.3019608 0.3019608
v 7.521773 6.690955 -0.2700184 0.2941177 0.2941177 0.2941177
v 7.525212 6.6888 -0.2459806 0.2941177 0.2941177 0.2941177
v 8.449076 6.568295 -0.4071039 0.4117647 0.4117647 0.4117647
v 8.478119 6.423974 0.05602 0.5019608 0.5019608 0.5019608
v 8.416693 6.104737 0.4172262 0.7058824 0.7058824 0.7058824
v 7.999465 6.68504 -0.2960532 0.2862745 0.2862745 0.2862745
v 7.528709 6.686094 -0.2220073 0.2941177 0.2941177 0.2941177
v 8.02855 6.63274 -0.07073902 0.3176471 0.3176471 0.3176471
v 8.048846 6.532697 0.1388492 0.3921569 0.3921569 0.3921569
v 7.532071 6.683028 -0.1994049 0.2941177 0.2941177 0.2941177
v 7.535482 6.679473 -0.1768819 0.2941177 0.2941177 0.2941177
v 7.460683 7.053945 -0.290676 0.1647059 0.1647059 0.1647059
v 7.59037 7.33671 -0.9062802 0.1764706 0.1764706 0.1764706
v 7.49233 7.047589 -0.3137858 0.1647059 0.1647059 0.1647059
v 7.432688 7.404798 -0.7612913 0.1529412 0.1529412 0.1529412
v 7.428499 7.059698 -0.2681592 0.1647059 0.1647059 0.1647059
v 7.562242 7.451247 -1.515302 0.4196078 0.4196078 0.4196078
v 7.257301 7.44862 -0.6277255 0.1647059 0.1647059 0.1647059
v 7.394135 7.065087 -0.2451612 0.1764706 0.1764706 0.1764706
v 7.318668 7.62812 -1.278813 0.3411765 0.3411765 0.3411765
v 7.313879 7.573097 -1.942199 0.6666667 0.6666667 0.6666667
v 7.02659 7.467956 -0.4852863 0.2156863 0.2156863 0.2156863
v 7.359223 7.069803 -0.2228497 0.1764706 0.1764706 0.1764706
v 6.782125 7.449914 -0.3678065 0.3137255 0.3137255 0.3137255
v 7.042326 7.771801 -1.725345 0.6117647 0.6117647 0.6117647
v 7.006638 7.599374 -2.346779 0.8784314 0.8784314 0.8784314
v 7.026479 7.72601 -1.051694 0.3372549 0.3372549 0.3372549
v 6.683619 7.737223 -0.8364968 0.4039216 0.4039216 0.4039216
v 6.328496 7.652807 -0.6611373 0.5490196 0.5490196 0.5490196
v 6.711241 7.793029 -2.158397 0.8666667 0.8666667 0.8666667
v 6.5946 7.559824 -2.690648 0.9686275 0.9686275 0.9686275
v 6.730275 7.877547 -1.497989 0.6156863 0.6156863 0.6156863
v 6.350083 7.876074 -1.244202 0.682353 0.682353 0.682353
v 5.975614 7.744573 -1.017404 0.7921569 0.7921569 0.7921569
v 6.3141 7.699001 -2.53661 0.9686275 0.9686275 0.9686275
v 6.139794 7.391139 -2.98242 0.9960784 0.9960784 0.9960784
v 6.391036 7.89256 -1.939738 0.8705882 0.8705882 0.8705882
v 6.040205 7.886832 -1.685136 0.8941177 0.8941177 0.8941177
v 5.711311 7.763583 -1.431017 0.9215686 0.9215686 0.9215686
v 5.90736 7.472093 -2.856063 0.9960784 0.9960784 0.9960784
v 5.637916 7.097597 -3.163866 1 1 1
v 6.029813 7.769514 -2.346906 0.972549 0.972549 0.972549
v 5.729712 7.763779 -2.108476 0.9764706 0.9764706 0.9764706
v 5.459792 7.67134 -1.852467 0.9803922 0.9803922 0.9803922
v 5.513071 7.124919 -3.084596 1 1 1
v 5.165421 6.680729 -3.201388 1 1 1
v 5.157305 6.681861 -3.19466 1 1 1
v 5.682428 7.514664 -2.700697 1 1 1
v 5.46845 7.517228 -2.51781 1 1 1
v 5.276313 7.478612 -2.315739 1 1 1
v 5.393332 7.14312 -2.995444 1 1 1
v 5.149228 6.682962 -3.18788 1 1 1
v 5.267932 7.152434 -2.886091 1 1 1
v 5.151558 7.15024 -2.766834 1 1 1
v 5.143592 6.683714 -3.1831 1 1 1
v 5.137978 6.684451 -3.178296 1 1 1
v 7.529773 6.936443 -0.2808324 0.1960784 0.1960784 0.1960784
v 8.288901 7.145171 -0.1072012 0.1764706 0.1764706 0.1764706
v 7.557481 6.927404 -0.2398513 0.1960784 0.1960784 0.1960784
v 8.115591 7.264638 -0.2984407 0.1098039 0.1098039 0.1098039
v 7.503178 6.944186 -0.3228043 0.1960784 0.1960784 0.1960784
v 8.974669 7.065646 -0.1412035 0.4352941 0.4352941 0.4352941
v 7.956587 7.333107 -0.5240762 0.09019608 0.09019608 0.09019608
v 7.476485 6.950911 -0.3678888 0.1960784 0.1960784 0.1960784
v 8.740389 7.382635 -0.4207535 0.2784314 0.2784314 0.2784314
v 9.419436 7.053821 -0.3933316 0.6588235 0.6588235 0.6588235
v 7.79448 7.343139 -0.8270311 0.1411765 0.1411765 0.1411765
v 7.45111 6.956182 -0.4139183 0.2078431 0.2078431 0.2078431
v 7.676407 7.273009 -1.142153 0.2745098 0.2745098 0.2745098
v 9.254227 7.39424 -0.7280189 0.5568628 0.5568628 0.5568628
v 9.816633 6.93286 -0.6918782 0.8666667 0.8666667 0.8666667
v 8.483893 7.546158 -0.7962368 0.2352941 0.2352941 0.2352941
v 8.228807 7.526636 -1.238563 0.3137255 0.3137255 0.3137255
v 8.030326 7.312593 -1.65796 0.5019608 0.5019608 0.5019608
v 9.714814 7.238284 -1.081164 0.8431373 0.8431373 0.8431373
v 10.15098 6.743337 -1.105645 0.9607843 0.9607843 0.9607843
v 9.013495 7.566118 -1.137533 0.5254902 0.5254902 0.5254902
v 8.694278 7.523253 -1.615273 0.5960785 0.5960785 0.5960785
v 8.390159 7.235028 -2.010761 0.7450981 0.7450981 0.7450981
v 10.0679 6.93723 -1.492678 0.9647059 0.9647059 0.9647059
v 10.37831 6.385688 -1.558079 0.9960784 0.9960784 0.9960784
v 9.492442 7.389729 -1.508727 0.8431373 0.8431373 0.8431373
v 9.155937 7.353349 -1.93806 0.8627451 0.8627451 0.8627451
v 8.780087 7.115659 -2.256064 0.8941177 0.8941177 0.8941177
v 10.28453 6.481326 -1.881268 0.9960784 0.9960784 0.9960784
v 10.40107 5.889487 -2.043602 1 1 1
v 9.867791 7.034801 -1.873111 0.9647059 0.9647059 0.9647059
v 9.541506 7.017541 -2.230035 0.9686275 0.9686275 0.9686275
v 9.149337 6.872731 -2.473732 0.9686275 0.9686275 0.9686275
v 10.31748 5.920361 -2.211876 1 1 1
v 10.14875 5.327629 -2.439734 1 1 1
v 10.14032 5.32993 -2.449938 1 1 1
v 10.10791 6.537341 -2.178012 0.9960784 0.9960784 0.9960784
v 9.856784 6.549368 -2.429959 0.9960784 0.9960784 0.9960784
v 9.552943 6.515127 -2.61215 0.9960784 0.9960784 0.9960784
v 10.20948 5.947371 -2.36635 1 1 1
v 10.13179 5.332253 -2.46005 1 1 1
v 10.06418 5.972065 -2.517293 1 1 1
v 9.895775 5.990612 -2.643008 1 1 1
v 10.12575 5.333893 -2.467077 1 1 1
v 10.11966 5.335543 -2.474057 1 1 1
v 7.440142 6.897231 -0.1188659 0.227451 0.227451 0.227451
v 6.810015 7.26238 0.2774714 0.3803922 0.3803922 0.3803922
v 7.390403 6.902145 -0.1322836 0.2352941 0.2352941 0.2352941
v 7.096268 7.309345 0.3163149 0.2862745 0.2862745 0.2862745
v 7.489323 6.890982 -0.1040203 0.227451 0.227451 0.227451
v 6.290721 7.27688 0.7606484 0.7450981 0.7450981 0.7450981
v 7.38003 7.299905 0.3873497 0.2352941 0.2352941 0.2352941
v 7.540299 6.882992 -0.08691369 0.2156863 0.2156863 0.2156863
v 6.73237 7.489841 0.8436869 0.5686275 0.5686275 0.5686275
v 6.112273 7.266962 1.252074 0.9058824 0.9058824 0.9058824
v 7.700043 7.213955 0.5112041 0.2509804 0.2509804 0.2509804
v 7.590489 6.873555 -0.06828595 0.2156863 0.2156863 0.2156863
v 7.972916 7.052473 0.6680464 0.3490196 0.3490196 0.3490196
v 6.542313 7.499577 1.428748 0.8509804 0.8509804 0.8509804
v 5.970718 7.127798 1.735847 0.9764706 0.9764706 0.9764706
v 7.211545 7.524624 0.9720681 0.4784314 0.4784314 0.4784314
v 7.683769 7.362334 1.136932 0.5058824 0.5058824 0.5058824
v 8.046491 7.021119 1.305811 0.6588235 0.6588235 0.6588235
v 6.377573 7.32007 1.996151 0.9686275 0.9686275 0.9686275
v 5.932699 6.880163 2.257323 1 1 1
v 7.033299 7.536644 1.595528 0.8156863 0.8156863 0.8156863
v 7.571071 7.333615 1.740955 0.8235294 0.8235294 0.8235294
v 7.979894 6.909798 1.810315 0.8823529 0.8823529 0.8823529
v 6.294218 6.963814 2.51822 1 1 1
v 5.957527 6.438979 2.715233 1 1 1
v 6.86054 7.334677 2.187948 0.9647059 0.9647059 0.9647059
v 7.382491 7.148028 2.284165 0.9607843 0.9607843 0.9607843
v 7.810453 6.784649 2.247659 0.9647059 0.9647059 0.9647059
v 6.260664 6.439425 2.909457 1 1 1
v 6.124866 5.824961 3.039227 1 1 1
v 6.71583 6.939422 2.683773 1 1 1
v 7.188894 6.791825 2.732775 0.9960784 0.9960784 0.9960784
v 7.606649 6.538572 2.636241 0.9960784 0.9960784 0.9960784
v 6.304375 5.802296 3.114457 1 1 1
v 6.429922 5.138365 3.094872 1 1 1
v 6.443484 5.137066 3.097208 1 1 1
v 6.599978 6.39792 3.022416 1 1 1
v 6.956213 6.31584 3.045267 1 1 1
v 7.296165 6.199884 2.973513 1 1 1
v 6.492733 5.776792 3.162073 1 1 1
v 6.457073 5.135804 3.099405 1 1 1
v 6.706762 5.745894 3.181333 1 1 1
v 6.920733 5.713041 3.164881 1 1 1
v 6.466606 5.134941 3.100862 1 1 1
v 6.47615 5.134095 3.102252 1 1 1
v 7.330362 6.670332 -0.2002226 0.3294118 0.3294118 0.3294118
v 6.863945 6.567671 0.1812217 0.5372549 0.5372549 0.5372549
v 7.329408 6.662754 -0.1750403 0.3372549 0.3372549 0.3372549
v 6.871864 6.674552 -0.01569988 0.4666667 0.4666667 0.4666667
v 7.33119 6.677459 -0.2255404 0.3254902 0.3254902 0.3254902
v 6.433097 6.406367 0.3392137 0.7803922 0.7803922 0.7803922
v 6.87853 6.749158 -0.2270152 0.427451 0.427451 0.427451
v 7.331637 6.68162 -0.2411849 0.3254902 0.3254902 0.3254902
v 6.420133 6.599257 0.06199244 0.6901961 0.6901961 0.6901961
v 6.035889 6.259893 0.3342904 0.9098039 0.9098039 0.9098039
v 6.884225 6.791786 -0.4701647 0.4156863 0.4156863 0.4156863
v 7.332037 6.685609 -0.2568754 0.3254902 0.3254902 0.3254902
v 6.888025 6.791725 -0.7170591 0.4470588 0.4470588 0.4470588
v 5.991456 6.46715 0.03719066 0.8705882 0.8705882 0.8705882
v 5.658514 6.095098 0.232953 0.9686275 0.9686275 0.9686275
v 6.421733 6.722557 -0.2526838 0.627451 0.627451 0.627451
v 6.441298 6.7695 -0.6360783 0.627451 0.627451 0.627451
v 6.478369 6.71271 -1.016839 0.6980392 0.6980392 0.6980392
v 5.595928 6.277098 -0.07050233 0.9568627 0.9568627 0.9568627
v 5.311543 5.879 0.06134717 0.9960784 0.9960784 0.9960784
v 5.98317 6.599383 -0.3028746 0.8431373 0.8431373 0.8431373
v 6.020445 6.647377 -0.7285119 0.8392157 0.8392157 0.8392157
v 6.105234 6.574756 -1.143719 0.8705882 0.8705882 0.8705882
v 5.254724 6.008294 -0.2071538 0.9921569 0.9921569 0.9921569
v 5.023026 5.593725 -0.1583127 1 1 1
v 5.585639 6.394191 -0.4100756 0.9490196 0.9490196 0.9490196
v 5.635914 6.439224 -0.8018001 0.9490196 0.9490196 0.9490196
v 5.747056 6.392154 -1.180529 0.9529412 0.9529412 0.9529412
v 4.986641 5.671644 -0.3645411 1 1 1
v 4.82367 5.241 -0.3953779 1 1 1
v 5.245854 6.099342 -0.4964112 0.9921569 0.9921569 0.9921569
v 5.297381 6.152024 -0.8460509 0.9921569 0.9921569 0.9921569
v 5.412729 6.142568 -1.184109 0.9882353 0.9882353 0.9882353
v 4.808536 5.277477 -0.5138466 1 1 1
v 4.725765 4.868188 -0.7242469 1 1 1
v 4.725617 4.872836 -0.7418814 1 1 1
v 4.980839 5.734334 -0.5789278 1 1 1
v 5.016231 5.788612 -0.8480054 1 1 1
v 5.097423 5.815088 -1.11127 1 1 1
v 4.803903 5.311247 -0.633982 1 1 1
v 4.725702 4.87747 -0.7595199 1 1 1
v 4.814065 5.351529 -0.7947704 1 1 1
v 4.842721 5.386014 -0.9546714 1 1 1
v 4.72609 4.882792 -0.7798476 1 1 1
v 4.726788 4.888094 -0.800172 1 1 1
vn 0.8457528 -0.2151052 -0.488295
vn 0.2050602 -0.4092596 -0.8890765
vn 0.7517601 -0.4764315 -0.4559274
vn 0.2559047 -0.1482418 -0.9552681
vn 0.8715695 0.06292672 -0.4862168
vn -0.4953851 -0.3321716 -0.8026554
vn 0.274928 0.1308189 -0.9525235
vn 0.838043 -0.1270048 -0.5306165
vn -0.4990418 -0.0735254 -0.8634531
vn -0.9237266 -0.2943318 -0.2451486
vn 0.2370538 0.08987412 -0.9673304
vn 0.6595383 -0.5069127 -0.5550215
vn -0.9650456 -0.03730991 -0.2594128
vn -0.8329868 -0.3214527 0.4503346
vn -0.4801799 0.2032977 -0.8532861
vn 0.2267716 -0.01676404 -0.9738037
vn 0.4151147 -0.718233 -0.5584094
vn -0.8656263 -0.06440846 0.4965305
vn -0.2718897 -0.3958894 0.8771246
vn -0.4637782 0.3064709 -0.8312553
vn -0.9383926 0.2362638 -0.2521881
vn 0.1888304 -0.1005729 -0.9768461
vn 0.2615767 -0.792357 -0.5511335
vn -0.2588205 -0.1369813 0.9561632
vn 0.422549 -0.4687606 0.7757034
vn -0.3121631 0.4790581 -0.8204008
vn -0.8802397 0.4087749 -0.241
vn -0.8427458 0.2109113 0.4952734
vn 0.09619808 -0.1683209 -0.981027
vn 0.2699148 -0.7951871 -0.5429766
vn 0.489136 -0.2084316 0.846937
vn 0.8366992 -0.4994316 0.2247277
vn -0.1397513 0.5687531 -0.810549
vn -0.6567019 0.7219661 -0.2179622
vn -0.8080029 0.346279 0.4766784
vn -0.2415997 0.1413856 0.9600206
vn 0.02107815 -0.2160616 -0.9761522
vn 0.4398569 -0.7070093 -0.5537723
vn 0.9382302 -0.2389288 0.2502745
vn 0.7517601 -0.4764315 -0.4559274
vn 0.8457528 -0.2151052 -0.488295
vn 0.5120266 0.06963064 0.8561428
vn 0.9657522 0.03831329 0.256622
vn 0.8715695 0.06292672 -0.4862168
vn -0.2795914 0.147775 0.9486787
vn 0.4512435 -0.0875184 0.888099
vn 0.9422419 -0.2087321 0.2619374
vn 0.838043 -0.1270048 -0.5306165
vn -0.633466 0.5917392 0.4985635
vn -0.2585703 0.1517665 0.953996
vn 0.6955507 -0.6779873 0.2377862
vn 0.6595383 -0.5069127 -0.5550215
vn 0.2912898 -0.3829798 0.876628
vn -0.3742346 0.9086702 -0.1851133
vn 0.3952598 -0.8942806 0.2098375
vn 0.4151147 -0.718233 -0.5584094
vn -0.3891909 0.7470304 0.5389582
vn 0.1433728 -0.5126158 0.8465633
vn -0.1803866 0.1713542 0.9685548
vn -0.1209928 0.5585883 -0.8205729
vn 0.2770314 -0.9391119 0.2032791
vn 0.2615767 -0.792357 -0.5511335
vn -0.2591795 0.9498615 -0.1748971
vn -0.2396329 0.7881857 0.5668681
vn 0.1367246 -0.5351536 0.8336168
vn -0.07635656 0.176801 0.9812803
vn -0.2354807 0.5017012 -0.832373
vn 0.3658028 -0.9099109 0.1955775
vn 0.2699148 -0.7951871 -0.5429766
vn -0.3420739 0.9218759 -0.1820174
vn -0.2345318 0.7825479 0.5767267
vn 0.2613425 -0.5107014 0.8190751
vn 0.01649 0.1823033 0.9831041
vn 0.02378223 -0.2360625 -0.9714468
vn 0.6329581 -0.4946745 -0.5955343
vn -0.4042655 0.3888375 -0.8278737
vn 0.0551113 -0.201717 -0.9778921
vn 0.6909653 -0.3175591 -0.6494022
vn -0.5786947 0.7971163 -0.1723892
vn -0.3763791 0.7090496 0.5963116
vn 0.0613399 0.191313 0.9796106
vn 0.03867307 -0.1493329 -0.9880304
vn 0.7415054 0.02239744 -0.670573
vn -0.552516 0.2392451 -0.7984284
vn -0.8146268 0.5662349 -0.1255442
vn 0.08993697 0.1158313 -0.9891888
vn 0.1165264 0.3889858 -0.9138445
vn -0.6396172 0.1231144 -0.7587705
vn -0.5446799 0.5589483 0.6252204
vn 0.4589241 -0.4119789 0.7871861
vn -0.607295 0.2636665 -0.7494484
vn -0.5468701 0.4516983 -0.7049126
vn -0.9372408 0.3399103 -0.07772126
vn 0.0685294 0.2296442 0.9708591
vn 0.6117857 -0.7736086 0.16507
vn 0.4398569 -0.7070093 -0.5537723
vn -0.9229828 0.3800262 -0.06068654
vn -0.8591402 0.5084694 -0.0577668
vn -0.660876 0.3756807 0.6496976
vn 0.6390631 -0.1983339 0.7431433
vn 0.8656269 -0.4892491 0.1064211
vn 0.6329581 -0.4946745 -0.5955343
vn -0.640166 0.4022763 0.6544931
vn -0.5873596 0.5277154 0.6136164
vn 0.02564351 0.2062632 0.9781604
vn 0.9575613 -0.2844453 0.04655437
vn 0.6909653 -0.3175591 -0.6494022
vn 0.6938778 -0.06886847 0.716792
vn 0.05784848 0.3142132 0.9475883
vn 0.08097105 0.4948535 0.8651958
vn 0.7297627 0.162494 0.66411
vn 0.6967183 0.4283559 0.5754085
vn 0.9991692 0.04074214 0.001004021
vn 0.928056 0.3716562 -0.02416277
vn 0.7415054 0.02239744 -0.670573
vn 0.7030149 0.3562281 -0.6155255
vn 0.8229435 0.5120133 -0.2461837
vn 0.5379795 0.6611408 -0.5229443
vn 0.7947751 0.4590892 -0.3969504
vn 0.6844736 0.6528458 -0.3244815
vn 0.8489991 0.5273212 -0.03365963
vn 0.2451019 0.7639394 -0.5969269
vn 0.7349965 0.6779367 -0.01348952
vn 0.8696929 0.4604256 0.1778838
vn 0.3604901 0.8363509 -0.4129941
vn 0.02718664 0.8018683 -0.596882
vn 0.7551208 0.5738249 0.317045
vn 0.8750427 0.3384441 0.3460576
vn 0.6414826 0.5448815 0.5400039
vn 0.06947252 0.9199431 -0.3858475
vn -0.2020293 0.8157265 -0.5420095
vn 0.4527954 0.8911239 0.02957259
vn 0.4534885 0.7554671 0.4728823
vn 0.3676885 0.6176264 0.6952286
vn -0.2304339 0.9181274 -0.3224009
vn -0.4568975 0.7765372 -0.4338601
vn 0.1362292 0.9867687 0.08791582
vn 0.1708228 0.8019993 0.5723781
vn 0.1598225 0.6183022 0.7695187
vn -0.5299602 0.8240345 -0.2002727
vn -0.7259546 0.630143 -0.2755173
vn -0.1992018 0.967941 0.1529996
vn -0.1147675 0.7862945 0.6070992
vn -0.04353276 0.6022109 0.7971492
vn -0.7941153 0.6037567 -0.06970491
vn -0.9348918 0.3369729 -0.111475
vn -0.5132079 0.8298705 0.218935
vn -0.3946871 0.6799117 0.6180147
vn -0.2709275 0.5550782 0.7864392
vn -0.9646032 0.2606107 0.04028432
vn -0.9991891 0.03955602 -0.007511453
vn -0.9926473 0.0676598 0.1003667
vn -0.766564 0.5856578 0.2634096
vn -0.6573259 0.4945644 0.5686199
vn -0.5201808 0.4463206 0.7281551
vn -0.9292628 0.2600477 0.262385
vn -0.9638602 0.07792214 0.2547581
vn -0.855498 0.200712 0.4773236
vn -0.7589313 0.2241344 0.6113812
vn -0.9151716 0.03778695 0.4012894
vn -0.8655613 -0.01861094 0.5004572
vn -0.9973224 0.05048424 -0.05290886
vn -0.950981 0.235928 0.1999329
vn -0.9978787 0.0278761 0.0588313
vn -0.9771004 0.2114718 0.02354782
vn -0.9687508 0.06049622 -0.2405456
vn -0.7753307 0.4498668 0.4432631
vn -0.9409384 0.2319641 -0.2466327
vn -0.8988634 0.01475023 -0.4379807
vn -0.8492114 0.4944189 0.1854451
vn -0.5867994 0.5243992 0.6169862
vn -0.8244275 0.1814487 -0.5360929
vn -0.8150523 -0.05340015 -0.5769213
vn -0.6674432 0.213305 -0.7134569
vn -0.6559936 0.6670099 0.353228
vn -0.4453232 0.5526999 0.7044219
vn -0.807821 0.5437915 -0.2274118
vn -0.6055988 0.4793926 -0.6351637
vn -0.385749 0.4219088 -0.820482
vn -0.4541469 0.766298 0.4544646
vn -0.2958518 0.5877538 0.7530055
vn -0.5900688 0.7825853 -0.198442
vn -0.3322203 0.6526347 -0.6809535
vn -0.1073468 0.4931169 -0.8633147
vn -0.2269497 0.8088484 0.5424556
vn -0.109328 0.6395167 0.7609637
vn -0.3214045 0.9376484 -0.1323435
vn -0.05220099 0.7385563 -0.6721678
vn 0.1264878 0.4912571 -0.8617815
vn 0.04069309 0.8222979 0.5676004
vn 0.1882203 0.6571348 0.7298952
vn -0.03687675 0.9992068 -0.01502353
vn 0.1873174 0.7646471 -0.6166254
vn 0.2797584 0.4630177 -0.8410408
vn 0.4045307 0.7364431 0.5422237
vn 0.5310915 0.5206074 0.6685131
vn 0.5933101 0.6590428 0.4622183
vn 0.2521624 0.9664699 0.04847739
vn 0.4018785 0.7264073 -0.5575178
vn 0.3896156 0.4751879 -0.7889209
vn 0.5381752 0.8325098 0.1315104
vn 0.6722481 0.7155967 0.1897469
vn 0.6500714 0.7165042 -0.2530394
vn 0.6072311 0.545231 -0.5779217
vn 0.7603838 0.6460663 -0.06644432
vn 0.8172514 0.5248128 -0.2380583
vn -0.4162481 0.8460466 -0.3330807
vn -0.5837759 0.8116989 0.0187252
vn -0.5707376 0.7610427 -0.3083385
vn -0.4443762 0.8861485 -0.1314184
vn -0.1989379 0.8957908 -0.3974703
vn -0.567366 0.7554128 0.3277917
vn -0.1337799 0.9641886 -0.2290047
vn 0.01053493 0.8584666 -0.5127613
vn -0.4013397 0.8830332 0.2432673
vn -0.5110959 0.6626754 0.5473959
vn 0.183368 0.9059281 -0.3816681
vn 0.1652367 0.7571312 -0.6320199
vn 0.4312477 0.8309085 -0.3515914
vn -0.3147165 0.7856095 0.5327018
vn -0.3990175 0.5387574 0.7419741
vn 0.001257131 0.9940401 0.1090077
vn 0.4295479 0.9010754 -0.05959763
vn 0.652335 0.7492397 -0.1144508
vn -0.168716 0.6197609 0.7664407
vn -0.2467243 0.3440278 0.9059647
vn 0.1326115 0.9007893 0.4135129
vn 0.5825537 0.7929364 0.1785583
vn 0.7663332 0.6414481 0.03574666
vn -0.02646373 0.3620392 0.9317872
vn -0.09012508 0.0562941 0.9943382
vn 0.2785819 0.697631 0.660078
vn 0.6809407 0.6182297 0.3925707
vn 0.8318376 0.5200037 0.1940165
vn 0.08479853 0.03176711 0.9958916
vn 0.02217076 -0.2813047 0.9593624
vn 0.3632221 0.40295 0.8400602
vn 0.7175657 0.3745276 0.5872211
vn 0.8558751 0.35398 0.3770623
vn 0.1316283 -0.3305005 0.934582
vn 0.06992801 -0.5116666 0.8563337
vn 0.1559812 -0.5012615 0.8511209
vn 0.3843318 0.05034848 0.9218211
vn 0.6714946 0.05748655 0.7387762
vn 0.818222 0.1142677 0.5634319
vn 0.3301415 -0.3179058 0.8887871
vn 0.2964251 -0.4889683 0.8203915
vn 0.5371535 -0.3165779 0.7818214
vn 0.6833947 -0.2370427 0.6904944
vn 0.4395255 -0.4927238 0.7510264
vn 0.5350452 -0.5023585 0.6792368
vn 0.4795896 0.3340406 0.811425
vn 0.4095611 0.3122866 0.8571679
vn 0.2642287 0.4755617 0.8390616
vn 0.39295 0.4626274 0.7947115
vn 0.5962879 0.3474894 0.7236655
vn -0.004119835 0.6413312 0.7672531
vn 0.5613503 0.4845704 0.6708782
vn 0.7200519 0.3157122 0.617941
vn 0.1888118 0.6769885 0.7113626
vn -0.2281835 0.7078208 0.6685223
vn 0.7365004 0.4489521 0.5059736
vn 0.806302 0.2631176 0.5297607
vn 0.8142696 0.4688949 0.3422026
vn -0.03143686 0.8035191 0.5944482
vn -0.3816673 0.735452 0.5598576
vn 0.4513174 0.7192055 0.5282576
vn 0.6894179 0.6726249 0.268847
vn 0.7737486 0.6296781 0.06941542
vn -0.2082921 0.8706521 0.4456222
vn -0.5100998 0.7508084 0.4196247
vn 0.3171778 0.8852686 0.3401439
vn 0.6020155 0.7981926 0.02158521
vn 0.6990033 0.6920387 -0.1802132
vn -0.3796233 0.883503 0.2744243
vn -0.6079561 0.7568145 0.2400442
vn 0.1500526 0.9791545 0.1368971
vn 0.4762541 0.8535463 -0.2112834
vn 0.5992629 0.6971906 -0.3934582
vn -0.5119989 0.8570456 0.05770512
vn -0.6963344 0.7175008 -0.01763567
vn -0.04940561 0.9972825 -0.05465086
vn 0.3271237 0.8551036 -0.4022288
vn 0.4975495 0.6705016 -0.5503381
vn -0.6242127 0.7466561 -0.2299199
vn -0.7674333 0.5725963 -0.2884089
vn -0.6331817 0.6658906 -0.3945513
vn -0.2080358 0.9428562 -0.2602756
vn 0.1818832 0.8012125 -0.5700676
vn 0.3816556 0.6583037 -0.6488261
vn -0.3732809 0.8100711 -0.4521574
vn -0.4627933 0.7062497 -0.5357555
vn -0.1374289 0.7377747 -0.6609099
vn 0.1144059 0.6523973 -0.7491922
vn -0.3108523 0.6601409 -0.6838018
vn -0.2091934 0.5805857 -0.7868662
vn 0.4354305 -0.09088933 0.8956224
vn 0.3165718 -0.1223023 0.9406511
vn 0.1630373 0.1719431 0.9715217
vn 0.3530676 0.106531 0.929513
vn 0.5949194 -0.0718392 0.8005686
vn -0.0242105 0.453437 0.8909595
vn 0.5885325 0.1292895 0.7980688
vn 0.7366582 -0.1008414 0.6687045
vn 0.1704075 0.4581774 0.872373
vn -0.1592007 0.6432914 0.7488868
vn 0.7994049 0.09159077 0.5937701
vn 0.8274938 -0.1550953 0.5396289
vn 0.8945813 0.1590654 0.4176391
vn 0.02795984 0.7198941 0.6935206
vn -0.2781334 0.7981824 0.5343658
vn 0.514468 0.4946216 0.70048
vn 0.7879966 0.4514373 0.4186475
vn 0.8780208 0.4318384 0.2063858
vn -0.1248619 0.8933456 0.4316748
vn -0.3887016 0.8879625 0.2458329
vn 0.3860062 0.777238 0.4968906
vn 0.6955341 0.6921735 0.1926868
vn 0.8003687 0.5994464 0.008602399
vn -0.2634991 0.9598847 0.09586179
vn -0.4886839 0.8655903 -0.109277
vn 0.2145538 0.9532536 0.2127777
vn 0.5293678 0.8468915 -0.05044403
vn 0.6698654 0.718926 -0.1855417
vn -0.3947732 0.8798423 -0.2646352
vn -0.5676844 0.6793888 -0.4649358
vn 0.02516879 0.9931148 -0.1144094
vn 0.3249257 0.8903877 -0.3187996
vn 0.4861572 0.7821407 -0.3897526
vn -0.4985763 0.6390461 -0.5856977
vn -0.5919676 0.44758 -0.6702586
vn -0.5169947 0.4719183 -0.7141495
vn -0.1632385 0.8872371 -0.4314666
vn 0.08009727 0.8181481 -0.5694016
vn 0.2495908 0.7622808 -0.5971872
vn -0.3347577 0.6462638 -0.6857699
vn -0.3984733 0.4838516 -0.7791706
vn -0.1633527 0.6034678 -0.7804759
vn -0.02340185 0.6121299 -0.7904109
vn -0.2796927 0.4549142 -0.8454733
vn -0.1979555 0.4137111 -0.8886263
vn -0.2800194 0.8699127 -0.4060061
vn -0.2496587 0.7883801 -0.5622521
vn 0.0541549 0.8234206 -0.5648414
vn -0.09404704 0.8983415 -0.4291128
vn -0.3546039 0.9155561 -0.1897712
vn 0.3335572 0.768622 -0.5458569
vn -0.2067033 0.9708124 -0.1216429
vn -0.4828879 0.8755826 0.01321076
vn 0.2424603 0.8915895 -0.3824672
vn 0.5289108 0.6930153 -0.4898807
vn -0.3772213 0.9072214 0.1861544
vn -0.6141855 0.7729654 0.1590618
vn -0.3692368 0.8244261 0.4289357
vn 0.4971079 0.8154309 -0.296574
vn 0.7035626 0.6022722 -0.377184
vn 0.08513449 0.9962624 0.01460555
vn -0.1032891 0.8949293 0.4340887
vn -0.1706616 0.7416991 0.6486579
vn 0.7064624 0.6915975 -0.1503454
vn 0.8612808 0.4575382 -0.2210297
vn 0.3488217 0.9259702 0.1445772
vn 0.09838606 0.8052433 0.5847251
vn -0.04369762 0.6472747 0.7610033
vn 0.8715627 0.4902755 -0.002888593
vn 0.9721816 0.2278776 -0.05417434
vn 0.5709724 0.7677593 0.2907513
vn 0.2930498 0.6687896 0.6832587
vn 0.1014195 0.5528786 0.8270667
vn 0.9686415 0.2172223 0.1206155
vn 0.9949675 -0.06559385 0.07574372
vn 0.7561511 0.5317233 0.3814522
vn 0.4922343 0.4797093 0.72635
vn 0.28447 0.4308235 0.8564274
vn 0.9765587 -0.1059224 0.1873862
vn 0.9488887 -0.2839181 0.1378429
vn 0.9370556 -0.2688211 0.2228497
vn 0.8778844 0.2371631 0.4160201
vn 0.682215 0.2254368 0.6955293
vn 0.4952829 0.2502593 0.8319045
vn 0.9193102 -0.09077005 0.3829224
vn 0.8971518 -0.2540248 0.3613723
vn 0.8043259 -0.09941454 0.5858128
vn 0.6904309 -0.04032113 0.7222737
vn 0.8232018 -0.2639253 0.5026752
vn 0.7506634 -0.2835715 0.5967342
vn 0.45578 0.2434354 -0.8561564
vn 0.1968704 0.3919464 -0.8986768
vn 0.3617621 0.2116731 -0.9079221
vn 0.3577804 0.3736214 -0.8558038
vn 0.5943563 0.2657547 -0.7590224
vn 0.007878669 0.5684122 -0.8227062
vn 0.559148 0.401815 -0.7251884
vn 0.7289367 0.2414244 -0.6405979
vn 0.1700439 0.59437 -0.7860085
vn -0.1177469 0.6977049 -0.7066424
vn 0.7505326 0.3710091 -0.5468575
vn 0.8184116 0.1949441 -0.5405545
vn 0.8303369 0.3928882 -0.3951956
vn 0.04158618 0.7639311 -0.6439564
vn -0.2118399 0.8149174 -0.5394752
vn 0.4639198 0.6374076 -0.6152154
vn 0.7107553 0.6001837 -0.3668875
vn 0.8008885 0.5660373 -0.1953957
vn -0.07310019 0.8895395 -0.4509721
vn -0.2843627 0.9037579 -0.3199365
vn 0.3525533 0.81826 -0.4540449
vn 0.6313603 0.7535134 -0.183308
vn 0.7353985 0.6771029 -0.02684692
vn -0.1648035 0.9647918 -0.2049798
vn -0.3433265 0.9380776 -0.04623203
vn 0.225789 0.9415954 -0.249835
vn 0.5048397 0.8631928 -0.005923111
vn 0.6291569 0.7674841 0.1230032
vn -0.2514135 0.965238 0.07146271
vn -0.4001599 0.8810485 0.252241
vn 0.09266739 0.9955551 -0.01681832
vn 0.3517148 0.9181292 0.1825801
vn 0.4829955 0.833266 0.269041
vn -0.3367924 0.8743193 0.3494805
vn -0.4343996 0.7818933 0.4471464
vn -0.3661982 0.7964438 0.4812235
vn -0.04621608 0.9741483 0.2211317
vn 0.1612229 0.9179498 0.3624575
vn 0.2927235 0.8623211 0.4131772
vn -0.1919897 0.8770162 0.4404344
vn -0.2583601 0.8007598 0.5404016
vn -0.04737914 0.8413077 0.5384762
vn 0.06300414 0.8242109 0.5627671
vn -0.1557722 0.7756714 0.6116117
vn -0.09164444 0.7445056 0.6612962
vn 0.2889705 0.1671708 -0.9426293
vn 0.3565719 0.1156091 -0.9270874
vn 0.510644 0.2353677 -0.8269491
vn 0.3895475 0.2690766 -0.8808238
vn 0.160379 0.2358394 -0.9584666
vn 0.7185495 0.3442397 -0.6043059
vn 0.2066796 0.3696025 -0.9059125
vn -0.001756775 0.2704647 -0.9627283
vn 0.5650995 0.4418672 -0.696718
vn 0.8404248 0.3814806 -0.384914
vn -0.02832063 0.4320089 -0.9014245
vn -0.1354881 0.2712707 -0.9529193
vn -0.1732637 0.5211166 -0.8357136
vn 0.6969835 0.5408211 -0.4708786
vn 0.8920812 0.4035443 -0.2033298
vn 0.289192 0.6027719 -0.7436627
vn -0.05082164 0.7004338 -0.7119057
vn -0.2465971 0.7447831 -0.6200709
vn 0.7561402 0.6060573 -0.2468736
vn 0.9024813 0.4304765 -0.01475082
vn 0.3339556 0.7815678 -0.5269018
vn -0.09010746 0.8722652 -0.4806601
vn -0.3209653 0.8625333 -0.3911747
vn 0.7765937 0.6299694 -0.006378875
vn 0.864248 0.4687704 0.1825643
vn 0.3640395 0.8909121 -0.2715712
vn -0.1217495 0.9657948 -0.2289487
vn -0.3785557 0.9102249 -0.1678878
vn 0.7270867 0.6417916 0.2438207
vn 0.7544503 0.4925394 0.4338314
vn 0.3937806 0.919201 0.002505637
vn -0.133053 0.9910392 0.01175412
vn -0.413278 0.9104318 0.01775617
vn 0.5877553 0.6040438 0.5382146
vn 0.5832098 0.427906 0.6904802
vn 0.4627779 0.5798656 0.6705166
vn 0.3581623 0.8954481 0.2643719
vn -0.1549267 0.9591122 0.2368574
vn -0.3972102 0.9019856 0.1692514
vn 0.3045855 0.7939116 0.5262433
vn 0.2752934 0.7032483 0.655481
vn -0.01340343 0.8514377 0.5242845
vn -0.2748808 0.8628088 0.4242659
vn 0.06243274 0.7450233 0.6641103
vn -0.1015789 0.7296014 0.6762866
vn 0.6211269 0.7506436 -0.2252456
vn 0.7466799 0.647891 -0.1506862
vn 0.678536 0.7193911 0.1485442
vn 0.6005462 0.7987671 -0.03626784
vn 0.4422976 0.8234851 -0.3553099
vn 0.5758328 0.6981891 0.4253804
vn 0.3487102 0.909088 -0.227948
vn 0.2724199 0.8044322 -0.5278981
vn 0.4651068 0.8370999 0.2879922
vn 0.4546952 0.6480957 0.6109208
vn 0.08481041 0.880156 -0.4670468
vn 0.1455342 0.7141849 -0.6846604
vn -0.1660281 0.8415527 -0.514027
vn 0.2985794 0.7963445 0.5260094
vn 0.2820088 0.5839988 0.7611941
vn 0.1439793 0.9891391 0.02955836
vn -0.2277994 0.9398847 -0.2544095
vn -0.4453098 0.8173988 -0.3654565
vn 0.07794409 0.7057479 0.7041624
vn 0.0639925 0.4651082 0.8829379
vn -0.06664409 0.9616833 0.2659393
vn -0.4449783 0.8916096 -0.08382516
vn -0.6056542 0.7518846 -0.2604851
vn -0.1432744 0.528061 0.8370329
vn -0.1629734 0.2546611 0.9531985
vn -0.2969109 0.8376257 0.4585054
vn -0.6180332 0.7807373 0.09210943
vn -0.7259819 0.6756696 -0.1281445
vn -0.3315259 0.2663842 0.905058
vn -0.3366307 -0.03137487 0.9411139
vn -0.4749959 0.6179785 0.6264834
vn -0.7457933 0.60266 0.2838896
vn -0.8245826 0.5636185 0.0489649
vn -0.4444355 -0.0593008 0.8938459
vn -0.4133658 -0.2500582 0.8755568
vn -0.4896944 -0.2244508 0.8425089
vn -0.5880203 0.3231645 0.7414829
vn -0.8071291 0.3426271 0.4807798
vn -0.8858888 0.3813553 0.2641388
vn -0.6148655 -0.02004407 0.7883772
vn -0.6099831 -0.1927666 0.7686101
vn -0.7806151 -0.004735134 0.6249942
vn -0.8739549 0.07194589 0.4806523
vn -0.7272977 -0.1856998 0.6607221
vn -0.8010573 -0.1942827 0.5661814
vn -0.9171661 0.3680789 0.152723
vn -0.7550568 0.5174098 0.4027112
vn -0.9094625 0.3248895 0.2594703
vn -0.8287348 0.5049962 0.2412003
vn -0.9163672 0.4001727 -0.01152846
vn -0.5232183 0.6775258 0.5169154
vn -0.8358251 0.5489772 0.004521624
vn -0.9058071 0.3805671 -0.1862316
vn -0.5906962 0.7192639 0.3657016
vn -0.303292 0.7750043 0.5544207
vn -0.8124984 0.523506 -0.2564916
vn -0.8870302 0.3299375 -0.322984
vn -0.7222363 0.5552552 -0.4123912
vn -0.3275983 0.8593175 0.3927503
vn -0.05405177 0.841433 0.5376512
vn -0.6157069 0.7874118 0.02979427
vn -0.5696691 0.7578354 -0.3180609
vn -0.4837173 0.7210068 -0.4961519
vn -0.03460316 0.9253334 0.3775721
vn 0.2205405 0.8540437 0.4711384
vn -0.3414409 0.9392871 0.03402707
vn -0.3048145 0.8839215 -0.3546419
vn -0.2586165 0.8040713 -0.5353382
vn 0.274004 0.9112093 0.3076026
vn 0.5109165 0.7819513 0.3570946
vn -0.03003509 0.9993218 0.02130372
vn -0.02181691 0.9359558 -0.3514411
vn -0.02388132 0.8450467 -0.5341589
vn 0.5716824 0.7928118 0.2112552
vn 0.7740469 0.5937287 0.2198582
vn 0.2872347 0.9578233 -0.008409895
vn 0.2696885 0.9013106 -0.33898
vn 0.2266547 0.8351218 -0.5011979
vn 0.8187951 0.5640441 0.1069057
vn 0.9113024 0.3937806 0.1202692
vn 0.9064512 0.4199094 0.04497141
vn 0.5770503 0.8156478 -0.04161304
vn 0.549782 0.7817295 -0.2943445
vn 0.4856202 0.7581561 -0.4351692
vn 0.8101197 0.5829291 -0.0624478
vn 0.8952297 0.4393735 -0.07426119
vn 0.7920612 0.5619848 -0.2383528
vn 0.7359568 0.5830972 -0.3440424
vn 0.8837095 0.4242884 -0.1975775
vn 0.8736617 0.3966772 -0.2817135
vn -0.4161348 -0.001503912 -0.9093017
vn -0.5127755 0.1858115 -0.8381738
vn -0.4674971 -0.01273611 -0.8839029
vn -0.4399746 0.1377179 -0.8873873
vn -0.3297287 0.001289311 -0.9440749
vn -0.5649626 0.4404668 -0.697715
vn -0.3140872 0.1411013 -0.9388502
vn -0.2324727 -0.02620224 -0.9722499
vn -0.4626585 0.4049335 -0.7886546
vn -0.5769469 0.6209435 -0.5306236
vn -0.1644376 0.1100054 -0.9802342
vn -0.1499231 -0.06943703 -0.9862564
vn -0.04156023 0.1659069 -0.9852653
vn -0.4644781 0.6209095 -0.6314519
vn -0.5509202 0.7469473 -0.3722322
vn -0.2706577 0.4058542 -0.8729414
vn -0.04503825 0.3789262 -0.9243303
vn 0.1045448 0.3987067 -0.9111001
vn -0.4217287 0.7840245 -0.4554674
vn -0.4896778 0.8497255 -0.1954023
vn -0.2000208 0.6311897 -0.7493939
vn 0.07750084 0.5895869 -0.8039783
vn 0.2384982 0.5719602 -0.784844
vn -0.3587486 0.9003014 -0.2464891
vn -0.3938186 0.918964 -0.02029849
vn -0.1247141 0.810316 -0.5725684
vn 0.1888699 0.7527496 -0.6306316
vn 0.3544717 0.7023414 -0.6173059
vn -0.2502973 0.9677756 -0.02759843
vn -0.2455567 0.9515691 0.1849814
vn -0.06386934 0.9341107 -0.3512235
vn 0.2724272 0.86237 -0.4267335
vn 0.4405908 0.7825326 -0.4399119
vn -0.0863295 0.9695498 0.2291734
vn -0.07458807 0.9023793 0.4244387
vn 0.02484887 0.9419703 0.3347752
vn 0.0279544 0.9918012 -0.1246953
vn 0.3533372 0.9117634 -0.2093811
vn 0.4774488 0.8306454 -0.2864801
vn 0.1141255 0.9851145 0.1285492
vn 0.1500048 0.9514287 0.2688532
vn 0.3150849 0.944807 0.08978452
vn 0.4630148 0.8859156 -0.02776336
vn 0.2831114 0.9261741 0.2490973
vn 0.3907969 0.8833193 0.2588915
vn 0.925091 -0.1835386 -0.3324459
vn 0.8893516 -0.008342526 -0.4571479
vn 0.898809 -0.1862116 -0.3968222
vn 0.929799 -0.05101927 -0.3645146
vn 0.9574821 -0.1908923 -0.2163057
vn 0.800011 0.2463941 -0.5470578
vn 0.9779302 -0.06164423 -0.1996309
vn 0.9704399 -0.2260645 -0.08450595
vn 0.8858989 0.2111754 -0.413023
vn 0.673309 0.4360993 -0.5970532
vn 0.9949231 -0.1005042 -0.005209712
vn 0.9638213 -0.2661227 0.01507196
vn 0.9881238 -0.0685064 0.1375434
vn 0.7816461 0.4361792 -0.4458441
vn 0.5512365 0.5792109 -0.600544
vn 0.9675475 0.1944018 -0.1614304
vn 0.9800923 0.1530663 0.1264506
vn 0.9414214 0.1555843 0.2991977
vn 0.6546093 0.6190854 -0.4338432
vn 0.4179124 0.7111151 -0.5653889
vn 0.8975217 0.4282737 -0.1050544
vn 0.8973645 0.3651525 0.2477917
vn 0.8382986 0.3293575 0.4344873
vn 0.4932802 0.7721044 -0.4006613
vn 0.2807287 0.8282787 -0.4849184
vn 0.7715362 0.6339562 -0.05321121
vn 0.7642298 0.546194 0.3429649
vn 0.7004442 0.4705382 0.53663
vn 0.3136527 0.8952673 -0.3164149
vn 0.1015584 0.9322915 -0.3471577
vn 0.5963932 0.8024117 -0.02122644
vn 0.6019697 0.6902688 0.4014494
vn 0.5547667 0.5750282 0.6013123
vn 0.08048993 0.9814869 -0.1737954
vn -0.1137644 0.9733391 -0.1991699
vn -0.03459362 0.9971348 -0.0672724
vn 0.39878 0.9161533 0.04046918
vn 0.4178516 0.7920642 0.4450105
vn 0.4263108 0.6661559 0.6119603
vn 0.1618523 0.9824211 0.09301945
vn 0.02433085 0.9936479 0.1098719
vn 0.1706174 0.9204044 0.3517749
vn 0.2245128 0.8111327 0.5400534
vn 0.02479788 0.9578608 0.2861605
vn -0.001216362 0.9131234 0.4076815
vn 0.5733562 0.67387 0.4660063
vn 0.6287936 0.7385608 0.2432007
vn 0.6339654 0.6434063 0.4290877
vn 0.567732 0.747673 0.3444785
vn 0.4760236 0.7034304 0.5278137
vn 0.576941 0.8166516 0.01480234
vn 0.4330915 0.7884104 0.4368533
vn 0.3744029 0.7043807 0.6030508
vn 0.5110745 0.8532134 0.1040668
vn 0.4822679 0.8592677 -0.1705184
vn 0.2823267 0.7920578 0.5412357
vn 0.2988895 0.6865689 0.6627883
vn 0.1628597 0.8130295 0.558981
vn 0.392689 0.9141288 -0.1008166
vn 0.3400189 0.8757332 -0.3427515
vn 0.3259794 0.9137531 0.2424722
vn 0.1178143 0.9202669 0.3731337
vn -0.01083762 0.9096417 0.4152522
vn 0.2387771 0.9263834 -0.2912032
vn 0.1608379 0.8536993 -0.4953068
vn 0.1913865 0.9804769 0.0451242
vn -0.03771142 0.9795099 0.1978338
vn -0.156671 0.9515325 0.2646506
vn 0.05039411 0.8885298 -0.456043
vn -0.04732563 0.7796497 -0.6244251
vn 0.03591755 0.9878922 -0.1509272
vn -0.1777234 0.9840656 0.005400845
vn -0.2827072 0.9547788 0.09205499
vn -0.1490441 0.7897712 -0.5950188
vn -0.2584662 0.6389635 -0.7245142
vn -0.1306789 0.9338444 -0.3329531
vn -0.3137912 0.9309682 -0.1866372
vn -0.3939886 0.9141792 -0.09512757
vn -0.3380944 0.6263928 -0.7023704
vn -0.3890945 0.5067938 -0.769263
vn -0.4265803 0.5259181 -0.7358257
vn -0.2912383 0.8193185 -0.4938599
vn -0.4279339 0.8209754 -0.3779843
vn -0.4859056 0.8243558 -0.2904019
vn -0.4289776 0.648341 -0.628993
vn -0.4892769 0.5451435 -0.6807545
vn -0.5246983 0.6495456 -0.5502565
vn -0.5619745 0.6725869 -0.4814681
vn -0.5586499 0.5449378 -0.6252623
vn -0.6052231 0.5357174 -0.5888225
vn -0.3873078 0.7273558 0.5665212
vn -0.06296226 0.7427865 0.6665614
vn -0.3356886 0.6704975 0.661624
vn -0.2132364 0.7938479 0.5695049
vn -0.4729618 0.7775143 0.4144619
vn 0.2350248 0.7558458 0.6111141
vn -0.3429259 0.8686098 0.3576573
vn -0.5793399 0.7741487 0.2550668
vn 0.1182047 0.8528456 0.508608
vn 0.4505113 0.7342439 0.5078636
vn -0.4925622 0.8623204 0.1174141
vn -0.6665565 0.7334896 0.133024
vn -0.5104637 0.856778 -0.07320154
vn 0.3757821 0.8514951 0.3657101
vn 0.639973 0.6851701 0.3478168
vn -0.07194076 0.973559 0.216812
vn -0.2607366 0.9590703 -0.1104564
vn -0.3249102 0.8950042 -0.3056155
vn 0.5973343 0.7810155 0.182227
vn 0.7973957 0.5873256 0.1385957
vn 0.1864701 0.9814734 0.04403157
vn -0.04761794 0.9505169 -0.3070017
vn -0.1613373 0.8653866 -0.4744221
vn 0.7653014 0.6421624 -0.04405799
vn 0.9039953 0.4136501 -0.1081023
vn 0.4210484 0.8949799 -0.1474085
vn 0.1693997 0.8687673 -0.4653463
vn 0.01418272 0.7966767 -0.6042393
vn 0.8664293 0.4194537 -0.2708485
vn 0.9280904 0.1497416 -0.340919
vn 0.6062027 0.7195369 -0.3387993
vn 0.3626575 0.7090285 -0.6047794
vn 0.2004433 0.6780114 -0.7071938
vn 0.8804249 0.1218742 -0.4582562
vn 0.8811243 -0.07112273 -0.4675058
vn 0.8439676 -0.03666015 -0.53514
vn 0.727511 0.4691137 -0.5006596
vn 0.5339667 0.4780995 -0.6973525
vn 0.3887332 0.4950869 -0.7770299
vn 0.77877 0.1635863 -0.6056045
vn 0.7705738 0.001083279 -0.6373499
vn 0.6458518 0.1740006 -0.7433702
vn 0.5478163 0.2249638 -0.8057845
vn 0.6774924 0.008208385 -0.7354839
vn 0.6052316 -0.001313412 -0.7960483
vn 0.1229782 0.7692783 -0.6269667
vn -0.1754554 0.8583184 -0.4821877
vn 0.01082736 0.7439245 -0.668176
vn 0.009542102 0.8623636 -0.5061994
vn 0.2938929 0.7701688 -0.5660981
vn -0.3589599 0.9028422 -0.2366934
vn 0.2566522 0.8667354 -0.4276674
vn 0.4705769 0.714833 -0.5172728
vn -0.1833477 0.9557627 -0.2300027
vn -0.4611278 0.8872322 -0.01341648
vn 0.5149863 0.7837164 -0.3472431
vn 0.6001484 0.6349712 -0.4864499
vn 0.6453372 0.7328738 -0.21549
vn -0.2871115 0.9563721 0.05403065
vn -0.516138 0.824443 0.2321537
vn 0.1699374 0.977164 -0.1275609
vn 0.5093352 0.8605198 -0.009131822
vn 0.6616477 0.7444127 0.08984513
vn -0.3571193 0.8710403 0.3372753
vn -0.5293189 0.6947941 0.4869114
vn 0.08635677 0.9797472 0.1806597
vn 0.4699373 0.8354889 0.2848109
vn 0.6365594 0.6984905 0.3269605
vn -0.3781494 0.6981448 0.6079448
vn -0.5002668 0.4730645 0.7252194
vn 0.007416618 0.8786569 0.4773961
vn 0.3848353 0.7448543 0.5450633
vn 0.5681897 0.6222816 0.5384479
vn -0.3698584 0.4326126 0.8222232
vn -0.4402684 0.1558282 0.8842404
vn -0.05741159 0.6810217 0.7300091
vn 0.2858983 0.5764415 0.7654915
vn 0.4624559 0.5023907 0.7305738
vn -0.3389095 0.09269945 0.936241
vn -0.3815236 -0.0992538 0.9190149
vn -0.303443 -0.08731213 0.9488409
vn -0.1114452 0.4072047 0.9065122
vn 0.156752 0.3448482 0.9254775
vn 0.3187371 0.3257204 0.8901196
vn -0.1614387 0.08454024 0.9832551
vn -0.1761289 -0.08477493 0.9807099
vn 0.02557549 0.04544792 0.9986393
vn 0.1500836 0.06941615 0.9862334
vn -0.04423634 -0.1125912 0.9926562
vn 0.04480124 -0.1446561 0.9884672
vn -0.1580655 -0.9129136 -0.376303
vn 0.003771389 -0.8576623 -0.5141995
vn -0.1813458 -0.8711979 -0.4562104
vn -0.04189954 -0.9056628 -0.4219234
vn -0.1474321 -0.9557135 -0.2547064
vn 0.2038637 -0.8052611 -0.5567713
vn -0.03199547 -0.9673663 -0.2513537
vn -0.1761264 -0.9765496 -0.1238154
vn 0.1877533 -0.8682998 -0.4591341
vn 0.3761213 -0.7415678 -0.5555267
vn -0.06110602 -0.9962302 -0.06157479
vn -0.2224771 -0.9747692 -0.01813902
vn -0.01095047 -0.9978369 0.06481932
vn 0.3876912 -0.8037412 -0.4513267
vn 0.545862 -0.6654085 -0.509182
vn 0.1892705 -0.9532451 -0.2355854
vn 0.1758414 -0.9842357 0.01896992
vn 0.1897499 -0.9689163 0.1587332
vn 0.5729355 -0.7175011 -0.3961529
vn 0.7065303 -0.5633029 -0.4283746
vn 0.392284 -0.8962118 -0.2071659
vn 0.3667776 -0.9273186 0.07452914
vn 0.3469202 -0.9124299 0.2170669
vn 0.7359049 -0.5957641 -0.3217283
vn 0.8450916 -0.4238698 -0.3258139
vn 0.5788118 -0.8006192 -0.1548736
vn 0.5443146 -0.8316914 0.1095955
vn 0.5046645 -0.8284197 0.2429699
vn 0.867161 -0.4375756 -0.237822
vn 0.9429137 -0.2512495 -0.2186036
vn 0.7413454 -0.6617047 -0.1120447
vn 0.7072734 -0.6964321 0.1214358
vn 0.6591884 -0.7123733 0.2408216
vn 0.957023 -0.2443431 -0.1562159
vn 0.9814457 -0.1227636 -0.1472867
vn 0.9840457 -0.1427684 -0.1061653
vn 0.8707265 -0.4857304 -0.07681978
vn 0.8478523 -0.5198529 0.1044002
vn 0.8017725 -0.5600321 0.2086262
vn 0.9589809 -0.2787883 -0.05131004
vn 0.9849124 -0.170094 -0.03186896
vn 0.9508073 -0.3011443 0.07264739
vn 0.9236208 -0.3512151 0.1535341
vn 0.9814294 -0.1837681 0.05500526
vn 0.9756028 -0.1851062 0.1180459
vt 0.9999988 0.0126785
vt 0.8749988 -0.01731312
vt 0.9999988 -0.01731312
vt 0.8749987 0.01267847
vt 0.9999987 0.04257104
vt 0.7499988 -0.01731312
vt 0.8749987 0.04257104
vt 0.9999988 0.1119098
vt 0.7499988 0.0126785
vt 0.6249988 -0.01731312
vt 0.8749988 0.1119098
vt 0.9999988 0.2411327
vt 0.6249988 0.0126785
vt 0.4999988 -0.01731312
vt 0.7499989 0.04257107
vt 0.8749988 0.2411327
vt 0.9999988 0.3703557
vt 0.4999988 0.01267847
vt 0.3749988 -0.01731312
vt 0.7499988 0.1119098
vt 0.6249989 0.04257107
vt 0.8749988 0.3703557
vt 0.9999988 0.4995786
vt 0.3749988 0.01267847
vt 0.2499988 -0.01731312
vt 0.7499988 0.2411327
vt 0.6249988 0.1119098
vt 0.4999988 0.04257104
vt 0.8749988 0.4995786
vt 0.9999988 0.6288016
vt 0.2499988 0.01267847
vt 0.1249988 -0.01731312
vt 0.7499988 0.3703557
vt 0.6249988 0.2411327
vt 0.4999988 0.1119097
vt 0.3749988 0.04257104
vt 0.8749988 0.6288016
vt 0.9999987 0.7580246
vt 0.1249988 0.01267847
vt -1.221895E-06 -0.01731324
vt -1.221895E-06 0.01267844
vt 0.2499988 0.04257104
vt 0.1249988 0.04257104
vt -1.221895E-06 0.04257095
vt 0.3749988 0.1119097
vt 0.2499988 0.1119097
vt 0.1249988 0.1119097
vt -1.221895E-06 0.1119097
vt 0.4999988 0.2411327
vt 0.3749988 0.2411327
vt 0.1249988 0.2411327
vt -1.221895E-06 0.2411327
vt 0.2499988 0.2411327
vt 0.6249988 0.3703557
vt 0.1249988 0.3703556
vt -1.221895E-06 0.3703556
vt 0.4999988 0.3703557
vt 0.2499988 0.3703556
vt 0.3749988 0.3703556
vt 0.7499988 0.4995786
vt 0.1249988 0.4995785
vt -1.221895E-06 0.4995785
vt 0.6249988 0.4995786
vt 0.4999988 0.4995786
vt 0.2499988 0.4995785
vt 0.3749988 0.4995786
vt 0.7499987 0.6288016
vt 0.1249988 0.6288015
vt -1.221895E-06 0.6288015
vt 0.6249987 0.6288016
vt 0.4999988 0.6288016
vt 0.2499988 0.6288015
vt 0.3749987 0.6288015
vt 0.8749987 0.7580246
vt 0.9999987 0.8905575
vt 0.7499987 0.7580246
vt 0.8749987 0.8905575
vt 0.9999987 0.9973093
vt 0.6249987 0.7580246
vt 0.4999987 0.7580246
vt 0.3749987 0.7580245
vt 0.8749987 0.9973093
vt 0.9999987 1.055971
vt 0.7499987 0.8905575
vt 0.6249987 0.8905575
vt 0.8749988 1.055971
vt 0.8749987 1.097988
vt 0.7499988 0.9973096
vt 0.4999987 0.8905575
vt 0.2499987 0.7580245
vt 0.7499988 1.055971
vt 0.7499987 1.097988
vt 0.6249998 0.9973096
vt 0.3749987 0.8905575
vt 0.1249987 0.7580245
vt -1.221895E-06 0.7580245
vt 0.6249993 1.055971
vt 0.6249987 1.097988
vt 0.4999987 0.9973093
vt 0.2499987 0.8905575
vt 0.1249987 0.8905575
vt -1.221895E-06 0.8905575
vt 0.4999987 1.055971
vt 0.4999987 1.097988
vt 0.3749987 0.9973093
vt 0.1249987 0.9973094
vt -1.2815E-06 0.9973093
vt 0.2499987 0.9973096
vt 0.3749987 1.055971
vt 0.3749987 1.097988
vt 0.2499987 1.055971
vt 0.2499987 1.097988
vt 0.1249987 1.055971
vt 0.1249987 1.097988
vt -1.2815E-06 1.055971
vt -1.2815E-06 1.097988
vt 0.1586778 0
vt 0.2291188 0.1027027
vt 0.1653511 0
vt 0.1913031 0.1027027
vt 0.1520044 0
vt 0.2847302 0.2054054
vt 0.1534874 0.1027027
vt 0.1449945 0
vt 0.220221 0.2054054
vt 0.2891791 0.3081081
vt 0.1077363 0.1027027
vt 0.1379846 0
vt 0.06198526 0.1027027
vt 0.221704 0.3081081
vt 0.2847302 0.4108109
vt 0.1557118 0.2054054
vt 0.08744954 0.2054054
vt 0.01918724 0.2054054
vt 0.2172551 0.4108108
vt 0.2599661 0.5135136
vt 0.1542289 0.3081081
vt 0.07711443 0.3081081
vt 0 0.3081081
vt 0.2011839 0.5135136
vt 0.2281591 0.6162163
vt 0.1497799 0.4108108
vt 0.07667308 0.4108108
vt 0.003566204 0.4108108
vt 0.1815912 0.6162163
vt 0.1833894 0.7189189
vt 0.1424016 0.5135136
vt 0.0778034 0.5135136
vt 0.01320518 0.5135135
vt 0.1580996 0.718919
vt 0.1326854 0.8216217
vt 0.130903 0.8216217
vt 0.1350233 0.6162163
vt 0.08764045 0.6162163
vt 0.0402576 0.6162162
vt 0.1328098 0.7189189
vt 0.1291206 0.8216217
vt 0.1047841 0.7189189
vt 0.07675833 0.7189189
vt 0.1278722 0.8216217
vt 0.1266238 0.8216217
vt 0.4052001 0.2061146
vt 0.4377443 0.3014088
vt 0.4068013 0.2061146
vt 0.4195935 0.3014088
vt 0.4035989 0.2061146
vt 0.4697729 0.3967031
vt 0.4014428 0.3014088
vt 0.4011016 0.2061146
vt 0.4348931 0.3967031
vt 0.4989658 0.4919973
vt 0.3759105 0.3014088
vt 0.3986044 0.2061146
vt 0.3503782 0.3014088
vt 0.4472198 0.4919974
vt 0.5075001 0.5872915
vt 0.4000132 0.3967031
vt 0.3569473 0.3967031
vt 0.3138814 0.396703
vt 0.4508496 0.5872915
vt 0.5064325 0.6825857
vt 0.3954737 0.4919973
vt 0.3437417 0.4919973
vt 0.2920098 0.4919973
vt 0.4525249 0.6825857
vt 0.4968253 0.77788
vt 0.394199 0.5872915
vt 0.3350545 0.5872915
vt 0.2759099 0.5872915
vt 0.4459422 0.77788
vt 0.4594635 0.8731742
vt 0.3986173 0.6825857
vt 0.3324337 0.6825857
vt 0.26625 0.6825857
vt 0.4251263 0.8731742
vt 0.3964823 0.9684684
vt 0.3932799 0.9684684
vt 0.395059 0.77788
vt 0.3306545 0.77788
vt 0.26625 0.77788
vt 0.3907891 0.8731742
vt 0.3900775 0.9684684
vt 0.3601032 0.8731741
vt 0.3294175 0.8731742
vt 0.3870487 0.9684684
vt 0.38402 0.9684684
vt 0.6511029 0.006306318
vt 0.7141718 0.1233108
vt 0.6551024 0.006306318
vt 0.680062 0.1233108
vt 0.6471034 0.006306318
vt 0.7480136 0.2403153
vt 0.6459523 0.1233108
vt 0.644642 0.006306318
vt 0.6965255 0.2403153
vt 0.7553973 0.3573198
vt 0.6083768 0.1233108
vt 0.6421807 0.006306318
vt 0.5708013 0.1233108
vt 0.6997754 0.3573198
vt 0.7473946 0.4743243
vt 0.6450373 0.2403153
vt 0.5860746 0.2403153
vt 0.5271119 0.2403153
vt 0.6926342 0.4743243
vt 0.7302666 0.5913289
vt 0.6441536 0.3573198
vt 0.5785562 0.3573198
vt 0.5129589 0.3573198
vt 0.6840701 0.5913288
vt 0.7088185 0.7083334
vt 0.6378739 0.4743243
vt 0.5772624 0.4743243
vt 0.516651 0.4743243
vt 0.6748244 0.7083334
vt 0.6876708 0.8253379
vt 0.6378739 0.5913289
vt 0.5834231 0.5913289
vt 0.5289723 0.5913289
vt 0.6686856 0.8253379
vt 0.6537653 0.9423423
vt 0.6509935 0.9423423
vt 0.6408303 0.7083334
vt 0.5986992 0.7083334
vt 0.5565683 0.7083334
vt 0.6497002 0.8253379
vt 0.6482217 0.9423423
vt 0.6244463 0.8253379
vt 0.5991923 0.8253379
vt 0.6450276 0.9423424
vt 0.6418334 0.9423424
vt 0.4052001 0.2061146
vt 0.4068013 0.2061146
vt 0.4377443 0.3014088
vt 0.4195935 0.3014088
vt 0.4035989 0.2061146
vt 0.4697729 0.3967031
vt 0.4014428 0.3014088
vt 0.4011016 0.2061146
vt 0.4348931 0.3967031
vt 0.4989658 0.4919973
vt 0.3759105 0.3014088
vt 0.3986044 0.2061146
vt 0.3503782 0.3014088
vt 0.4472198 0.4919974
vt 0.5075001 0.5872915
vt 0.4000132 0.3967031
vt 0.3569473 0.3967031
vt 0.3138814 0.396703
vt 0.4508496 0.5872915
vt 0.5064325 0.6825857
vt 0.3954737 0.4919973
vt 0.3437417 0.4919973
vt 0.2920098 0.4919973
vt 0.4525249 0.6825857
vt 0.4968253 0.77788
vt 0.394199 0.5872915
vt 0.3350545 0.5872915
vt 0.2759099 0.5872915
vt 0.4459422 0.77788
vt 0.4594635 0.8731742
vt 0.3986173 0.6825857
vt 0.3324337 0.6825857
vt 0.26625 0.6825857
vt 0.4251263 0.8731742
vt 0.3964823 0.9684684
vt 0.3932799 0.9684684
vt 0.395059 0.77788
vt 0.3306545 0.77788
vt 0.26625 0.77788
vt 0.3907891 0.8731742
vt 0.3900775 0.9684684
vt 0.3601032 0.8731741
vt 0.3294175 0.8731742
vt 0.3870487 0.9684684
vt 0.38402 0.9684684
vt 0.1586778 0
vt 0.1653511 0
vt 0.2291188 0.1027027
vt 0.1913031 0.1027027
vt 0.1520044 0
vt 0.2847302 0.2054054
vt 0.1534874 0.1027027
vt 0.1449945 0
vt 0.220221 0.2054054
vt 0.2891791 0.3081081
vt 0.1077363 0.1027027
vt 0.1379846 0
vt 0.06198526 0.1027027
vt 0.221704 0.3081081
vt 0.2847302 0.4108109
vt 0.1557118 0.2054054
vt 0.08744954 0.2054054
vt 0.01918724 0.2054054
vt 0.2172551 0.4108108
vt 0.2599661 0.5135136
vt 0.1542289 0.3081081
vt 0.07711443 0.3081081
vt 0 0.3081081
vt 0.2011839 0.5135136
vt 0.2281591 0.6162163
vt 0.1497799 0.4108108
vt 0.07667308 0.4108108
vt 0.003566204 0.4108108
vt 0.1815912 0.6162163
vt 0.1833894 0.7189189
vt 0.1424016 0.5135136
vt 0.0778034 0.5135136
vt 0.01320518 0.5135135
vt 0.1580996 0.718919
vt 0.1326854 0.8216217
vt 0.130903 0.8216217
vt 0.1350233 0.6162163
vt 0.08764045 0.6162163
vt 0.0402576 0.6162162
vt 0.1328098 0.7189189
vt 0.1291206 0.8216217
vt 0.1047841 0.7189189
vt 0.07675833 0.7189189
vt 0.1278722 0.8216217
vt 0.1266238 0.8216217
vt 0.6511029 0.006306318
vt 0.6551024 0.006306318
vt 0.7141718 0.1233108
vt 0.680062 0.1233108
vt 0.6471034 0.006306318
vt 0.7480136 0.2403153
vt 0.6459523 0.1233108
vt 0.644642 0.006306318
vt 0.6965255 0.2403153
vt 0.7553973 0.3573198
vt 0.6083768 0.1233108
vt 0.6421807 0.006306318
vt 0.5708013 0.1233108
vt 0.6997754 0.3573198
vt 0.7473946 0.4743243
vt 0.6450373 0.2403153
vt 0.5860746 0.2403153
vt 0.5271119 0.2403153
vt 0.6926342 0.4743243
vt 0.7302666 0.5913289
vt 0.6441536 0.3573198
vt 0.5785562 0.3573198
vt 0.5129589 0.3573198
vt 0.6840701 0.5913288
vt 0.7088185 0.7083334
vt 0.6378739 0.4743243
vt 0.5772624 0.4743243
vt 0.516651 0.4743243
vt 0.6748244 0.7083334
vt 0.6876708 0.8253379
vt 0.6378739 0.5913289
vt 0.5834231 0.5913289
vt 0.5289723 0.5913289
vt 0.6686856 0.8253379
vt 0.6537653 0.9423423
vt 0.6509935 0.9423423
vt 0.6408303 0.7083334
vt 0.5986992 0.7083334
vt 0.5565683 0.7083334
vt 0.6497002 0.8253379
vt 0.6482217 0.9423423
vt 0.6244463 0.8253379
vt 0.5991923 0.8253379
vt 0.6450276 0.9423424
vt 0.6418334 0.9423424
vt 0.1586778 0
vt 0.2291188 0.1027027
vt 0.1653511 0
vt 0.1913031 0.1027027
vt 0.1520044 0
vt 0.2847302 0.2054054
vt 0.1534874 0.1027027
vt 0.1449945 0
vt 0.220221 0.2054054
vt 0.2891791 0.3081081
vt 0.1077363 0.1027027
vt 0.1379846 0
vt 0.06198526 0.1027027
vt 0.221704 0.3081081
vt 0.2847302 0.4108109
vt 0.1557118 0.2054054
vt 0.08744954 0.2054054
vt 0.01918724 0.2054054
vt 0.2172551 0.4108108
vt 0.2599661 0.5135136
vt 0.1542289 0.3081081
vt 0.07711443 0.3081081
vt 0 0.3081081
vt 0.2011839 0.5135136
vt 0.2281591 0.6162163
vt 0.1497799 0.4108108
vt 0.07667308 0.4108108
vt 0.003566204 0.4108108
vt 0.1815912 0.6162163
vt 0.1833894 0.7189189
vt 0.1424016 0.5135136
vt 0.0778034 0.5135136
vt 0.01320518 0.5135135
vt 0.1580996 0.718919
vt 0.1326854 0.8216217
vt 0.130903 0.8216217
vt 0.1350233 0.6162163
vt 0.08764045 0.6162163
vt 0.0402576 0.6162162
vt 0.1328098 0.7189189
vt 0.1291206 0.8216217
vt 0.1047841 0.7189189
vt 0.07675833 0.7189189
vt 0.1278722 0.8216217
vt 0.1266238 0.8216217
vt 0.4052001 0.2061146
vt 0.4068013 0.2061146
vt 0.4377443 0.3014088
vt 0.4195935 0.3014088
vt 0.4035989 0.2061146
vt 0.4697729 0.3967031
vt 0.4014428 0.3014088
vt 0.4011016 0.2061146
vt 0.4348931 0.3967031
vt 0.4989658 0.4919973
vt 0.3759105 0.3014088
vt 0.3986044 0.2061146
vt 0.3503782 0.3014088
vt 0.4472198 0.4919974
vt 0.5075001 0.5872915
vt 0.4000132 0.3967031
vt 0.3569473 0.3967031
vt 0.3138814 0.396703
vt 0.4508496 0.5872915
vt 0.5064325 0.6825857
vt 0.3954737 0.4919973
vt 0.3437417 0.4919973
vt 0.2920098 0.4919973
vt 0.4525249 0.6825857
vt 0.4968253 0.77788
vt 0.394199 0.5872915
vt 0.3350545 0.5872915
vt 0.2759099 0.5872915
vt 0.4459422 0.77788
vt 0.4594635 0.8731742
vt 0.3986173 0.6825857
vt 0.3324337 0.6825857
vt 0.26625 0.6825857
vt 0.4251263 0.8731742
vt 0.3964823 0.9684684
vt 0.3932799 0.9684684
vt 0.395059 0.77788
vt 0.3306545 0.77788
vt 0.26625 0.77788
vt 0.3907891 0.8731742
vt 0.3900775 0.9684684
vt 0.3601032 0.8731741
vt 0.3294175 0.8731742
vt 0.3870487 0.9684684
vt 0.38402 0.9684684
vt 0.6511029 0.006306318
vt 0.6551024 0.006306318
vt 0.7141718 0.1233108
vt 0.680062 0.1233108
vt 0.6471034 0.006306318
vt 0.7480136 0.2403153
vt 0.6459523 0.1233108
vt 0.644642 0.006306318
vt 0.6965255 0.2403153
vt 0.7553973 0.3573198
vt 0.6083768 0.1233108
vt 0.6421807 0.006306318
vt 0.5708013 0.1233108
vt 0.6997754 0.3573198
vt 0.7473946 0.4743243
vt 0.6450373 0.2403153
vt 0.5860746 0.2403153
vt 0.5271119 0.2403153
vt 0.6926342 0.4743243
vt 0.7302666 0.5913289
vt 0.6441536 0.3573198
vt 0.5785562 0.3573198
vt 0.5129589 0.3573198
vt 0.6840701 0.5913288
vt 0.7088185 0.7083334
vt 0.6378739 0.4743243
vt 0.5772624 0.4743243
vt 0.516651 0.4743243
vt 0.6748244 0.7083334
vt 0.6876708 0.8253379
vt 0.6378739 0.5913289
vt 0.5834231 0.5913289
vt 0.5289723 0.5913289
vt 0.6686856 0.8253379
vt 0.6537653 0.9423423
vt 0.6509935 0.9423423
vt 0.6408303 0.7083334
vt 0.5986992 0.7083334
vt 0.5565683 0.7083334
vt 0.6497002 0.8253379
vt 0.6482217 0.9423423
vt 0.6244463 0.8253379
vt 0.5991923 0.8253379
vt 0.6450276 0.9423424
vt 0.6418334 0.9423424
vt 0.1586778 0
vt 0.2291188 0.1027027
vt 0.1653511 0
vt 0.1913031 0.1027027
vt 0.1520044 0
vt 0.2847302 0.2054054
vt 0.1534874 0.1027027
vt 0.1449945 0
vt 0.220221 0.2054054
vt 0.2891791 0.3081081
vt 0.1077363 0.1027027
vt 0.1379846 0
vt 0.06198526 0.1027027
vt 0.221704 0.3081081
vt 0.2847302 0.4108109
vt 0.1557118 0.2054054
vt 0.08744954 0.2054054
vt 0.01918724 0.2054054
vt 0.2172551 0.4108108
vt 0.2599661 0.5135136
vt 0.1542289 0.3081081
vt 0.07711443 0.3081081
vt 0 0.3081081
vt 0.2011839 0.5135136
vt 0.2281591 0.6162163
vt 0.1497799 0.4108108
vt 0.07667308 0.4108108
vt 0.003566204 0.4108108
vt 0.1815912 0.6162163
vt 0.1833894 0.7189189
vt 0.1424016 0.5135136
vt 0.0778034 0.5135136
vt 0.01320518 0.5135135
vt 0.1580996 0.718919
vt 0.1326854 0.8216217
vt 0.130903 0.8216217
vt 0.1350233 0.6162163
vt 0.08764045 0.6162163
vt 0.0402576 0.6162162
vt 0.1328098 0.7189189
vt 0.1291206 0.8216217
vt 0.1047841 0.7189189
vt 0.07675833 0.7189189
vt 0.1278722 0.8216217
vt 0.1266238 0.8216217
vt 0.4052001 0.2061146
vt 0.4377443 0.3014088
vt 0.4068013 0.2061146
vt 0.4195935 0.3014088
vt 0.4035989 0.2061146
vt 0.4697729 0.3967031
vt 0.4014428 0.3014088
vt 0.4011016 0.2061146
vt 0.4348931 0.3967031
vt 0.4989658 0.4919973
vt 0.3759105 0.3014088
vt 0.3986044 0.2061146
vt 0.3503782 0.3014088
vt 0.4472198 0.4919974
vt 0.5075001 0.5872915
vt 0.4000132 0.3967031
vt 0.3569473 0.3967031
vt 0.3138814 0.396703
vt 0.4508496 0.5872915
vt 0.5064325 0.6825857
vt 0.3954737 0.4919973
vt 0.3437417 0.4919973
vt 0.2920098 0.4919973
vt 0.4525249 0.6825857
vt 0.4968253 0.77788
vt 0.394199 0.5872915
vt 0.3350545 0.5872915
vt 0.2759099 0.5872915
vt 0.4459422 0.77788
vt 0.4594635 0.8731742
vt 0.3986173 0.6825857
vt 0.3324337 0.6825857
vt 0.26625 0.6825857
vt 0.4251263 0.8731742
vt 0.3964823 0.9684684
vt 0.3932799 0.9684684
vt 0.395059 0.77788
vt 0.3306545 0.77788
vt 0.26625 0.77788
vt 0.3907891 0.8731742
vt 0.3900775 0.9684684
vt 0.3601032 0.8731741
vt 0.3294175 0.8731742
vt 0.3870487 0.9684684
vt 0.38402 0.9684684
vt 0.4052001 0.2061146
vt 0.4377443 0.3014088
vt 0.4068013 0.2061146
vt 0.4195935 0.3014088
vt 0.4035989 0.2061146
vt 0.4697729 0.3967031
vt 0.4014428 0.3014088
vt 0.4011016 0.2061146
vt 0.4348931 0.3967031
vt 0.4989658 0.4919973
vt 0.3759105 0.3014088
vt 0.3986044 0.2061146
vt 0.3503782 0.3014088
vt 0.4472198 0.4919974
vt 0.5075001 0.5872915
vt 0.4000132 0.3967031
vt 0.3569473 0.3967031
vt 0.3138814 0.396703
vt 0.4508496 0.5872915
vt 0.5064325 0.6825857
vt 0.3954737 0.4919973
vt 0.3437417 0.4919973
vt 0.2920098 0.4919973
vt 0.4525249 0.6825857
vt 0.4968253 0.77788
vt 0.394199 0.5872915
vt 0.3350545 0.5872915
vt 0.2759099 0.5872915
vt 0.4459422 0.77788
vt 0.4594635 0.8731742
vt 0.3986173 0.6825857
vt 0.3324337 0.6825857
vt 0.26625 0.6825857
vt 0.4251263 0.8731742
vt 0.3964823 0.9684684
vt 0.3932799 0.9684684
vt 0.395059 0.77788
vt 0.3306545 0.77788
vt 0.26625 0.77788
vt 0.3907891 0.8731742
vt 0.3900775 0.9684684
vt 0.3601032 0.8731741
vt 0.3294175 0.8731742
vt 0.3870487 0.9684684
vt 0.38402 0.9684684
vt 0.1586778 0
vt 0.2291188 0.1027027
vt 0.1653511 0
vt 0.1913031 0.1027027
vt 0.1520044 0
vt 0.2847302 0.2054054
vt 0.1534874 0.1027027
vt 0.1449945 0
vt 0.220221 0.2054054
vt 0.2891791 0.3081081
vt 0.1077363 0.1027027
vt 0.1379846 0
vt 0.06198526 0.1027027
vt 0.221704 0.3081081
vt 0.2847302 0.4108109
vt 0.1557118 0.2054054
vt 0.08744954 0.2054054
vt 0.01918724 0.2054054
vt 0.2172551 0.4108108
vt 0.2599661 0.5135136
vt 0.1542289 0.3081081
vt 0.07711443 0.3081081
vt 0 0.3081081
vt 0.2011839 0.5135136
vt 0.2281591 0.6162163
vt 0.1497799 0.4108108
vt 0.07667308 0.4108108
vt 0.003566204 0.4108108
vt 0.1815912 0.6162163
vt 0.1833894 0.7189189
vt 0.1424016 0.5135136
vt 0.0778034 0.5135136
vt 0.01320518 0.5135135
vt 0.1580996 0.718919
vt 0.1326854 0.8216217
vt 0.130903 0.8216217
vt 0.1350233 0.6162163
vt 0.08764045 0.6162163
vt 0.0402576 0.6162162
vt 0.1328098 0.7189189
vt 0.1291206 0.8216217
vt 0.1047841 0.7189189
vt 0.07675833 0.7189189
vt 0.1278722 0.8216217
vt 0.1266238 0.8216217
vt 0.1586778 0
vt 0.2291188 0.1027027
vt 0.1653511 0
vt 0.1913031 0.1027027
vt 0.1520044 0
vt 0.2847302 0.2054054
vt 0.1534874 0.1027027
vt 0.1449945 0
vt 0.220221 0.2054054
vt 0.2891791 0.3081081
vt 0.1077363 0.1027027
vt 0.1379846 0
vt 0.06198526 0.1027027
vt 0.221704 0.3081081
vt 0.2847302 0.4108109
vt 0.1557118 0.2054054
vt 0.08744954 0.2054054
vt 0.01918724 0.2054054
vt 0.2172551 0.4108108
vt 0.2599661 0.5135136
vt 0.1542289 0.3081081
vt 0.07711443 0.3081081
vt 0 0.3081081
vt 0.2011839 0.5135136
vt 0.2281591 0.6162163
vt 0.1497799 0.4108108
vt 0.07667308 0.4108108
vt 0.003566204 0.4108108
vt 0.1815912 0.6162163
vt 0.1833894 0.7189189
vt 0.1424016 0.5135136
vt 0.0778034 0.5135136
vt 0.01320518 0.5135135
vt 0.1580996 0.718919
vt 0.1326854 0.8216217
vt 0.130903 0.8216217
vt 0.1350233 0.6162163
vt 0.08764045 0.6162163
vt 0.0402576 0.6162162
vt 0.1328098 0.7189189
vt 0.1291206 0.8216217
vt 0.1047841 0.7189189
vt 0.07675833 0.7189189
vt 0.1278722 0.8216217
vt 0.1266238 0.8216217
vt 0.1586778 0
vt 0.2291188 0.1027027
vt 0.1653511 0
vt 0.1913031 0.1027027
vt 0.1520044 0
vt 0.2847302 0.2054054
vt 0.1534874 0.1027027
vt 0.1449945 0
vt 0.220221 0.2054054
vt 0.2891791 0.3081081
vt 0.1077363 0.1027027
vt 0.1379846 0
vt 0.06198526 0.1027027
vt 0.221704 0.3081081
vt 0.2847302 0.4108109
vt 0.1557118 0.2054054
vt 0.08744954 0.2054054
vt 0.01918724 0.2054054
vt 0.2172551 0.4108108
vt 0.2599661 0.5135136
vt 0.1542289 0.3081081
vt 0.07711443 0.3081081
vt 0 0.3081081
vt 0.2011839 0.5135136
vt 0.2281591 0.6162163
vt 0.1497799 0.4108108
vt 0.07667308 0.4108108
vt 0.003566204 0.4108108
vt 0.1815912 0.6162163
vt 0.1833894 0.7189189
vt 0.1424016 0.5135136
vt 0.0778034 0.5135136
vt 0.01320518 0.5135135
vt 0.1580996 0.718919
vt 0.1326854 0.8216217
vt 0.130903 0.8216217
vt 0.1350233 0.6162163
vt 0.08764045 0.6162163
vt 0.0402576 0.6162162
vt 0.1328098 0.7189189
vt 0.1291206 0.8216217
vt 0.1047841 0.7189189
vt 0.07675833 0.7189189
vt 0.1278722 0.8216217
vt 0.1266238 0.8216217
vt 0.6511029 0.006306318
vt 0.7141718 0.1233108
vt 0.6551024 0.006306318
vt 0.680062 0.1233108
vt 0.6471034 0.006306318
vt 0.7480136 0.2403153
vt 0.6459523 0.1233108
vt 0.644642 0.006306318
vt 0.6965255 0.2403153
vt 0.7553973 0.3573198
vt 0.6083768 0.1233108
vt 0.6421807 0.006306318
vt 0.5708013 0.1233108
vt 0.6997754 0.3573198
vt 0.7473946 0.4743243
vt 0.6450373 0.2403153
vt 0.5860746 0.2403153
vt 0.5271119 0.2403153
vt 0.6926342 0.4743243
vt 0.7302666 0.5913289
vt 0.6441536 0.3573198
vt 0.5785562 0.3573198
vt 0.5129589 0.3573198
vt 0.6840701 0.5913288
vt 0.7088185 0.7083334
vt 0.6378739 0.4743243
vt 0.5772624 0.4743243
vt 0.516651 0.4743243
vt 0.6748244 0.7083334
vt 0.6876708 0.8253379
vt 0.6378739 0.5913289
vt 0.5834231 0.5913289
vt 0.5289723 0.5913289
vt 0.6686856 0.8253379
vt 0.6537653 0.9423423
vt 0.6509935 0.9423423
vt 0.6408303 0.7083334
vt 0.5986992 0.7083334
vt 0.5565683 0.7083334
vt 0.6497002 0.8253379
vt 0.6482217 0.9423423
vt 0.6244463 0.8253379
vt 0.5991923 0.8253379
vt 0.6450276 0.9423424
vt 0.6418334 0.9423424
usemtl M_PalmBark
f 1/1/1 3/3/3 2/2/2
f 1/1/1 2/2/2 4/4/4
f 5/5/5 1/1/1 4/4/4
f 4/4/4 2/2/2 6/6/6
f 5/5/5 4/4/4 7/7/7
f 8/8/8 5/5/5 7/7/7
f 4/4/4 6/6/6 9/9/9
f 7/7/7 4/4/4 9/9/9
f 9/9/9 6/6/6 10/10/10
f 8/8/8 7/7/7 11/11/11
f 12/12/12 8/8/8 11/11/11
f 9/9/9 10/10/10 13/13/13
f 13/13/13 10/10/10 14/14/14
f 7/7/7 9/9/9 15/15/15
f 11/11/11 7/7/7 15/15/15
f 15/15/15 9/9/9 13/13/13
f 12/12/12 11/11/11 16/16/16
f 17/17/17 12/12/12 16/16/16
f 13/13/13 14/14/14 18/18/18
f 18/18/18 14/14/14 19/19/19
f 11/11/11 15/15/15 20/20/20
f 16/16/16 11/11/11 20/20/20
f 15/15/15 13/13/13 21/21/21
f 21/21/21 13/13/13 18/18/18
f 20/20/20 15/15/15 21/21/21
f 17/17/17 16/16/16 22/22/22
f 23/23/23 17/17/17 22/22/22
f 18/18/18 19/19/19 24/24/24
f 24/24/24 19/19/19 25/25/25
f 16/16/16 20/20/20 26/26/26
f 22/22/22 16/16/16 26/26/26
f 20/20/20 21/21/21 27/27/27
f 26/26/26 20/20/20 27/27/27
f 21/21/21 18/18/18 28/28/28
f 28/28/28 18/18/18 24/24/24
f 27/27/27 21/21/21 28/28/28
f 23/23/23 22/22/22 29/29/29
f 30/30/30 23/23/23 29/29/29
f 24/24/24 25/25/25 31/31/31
f 31/31/31 25/25/25 32/32/32
f 22/22/22 26/26/26 33/33/33
f 29/29/29 22/22/22 33/33/33
f 26/26/26 27/27/27 34/34/34
f 33/33/33 26/26/26 34/34/34
f 27/27/27 28/28/28 35/35/35
f 34/34/34 27/27/27 35/35/35
f 28/28/28 24/24/24 36/36/36
f 36/36/36 24/24/24 31/31/31
f 35/35/35 28/28/28 36/36/36
f 30/30/30 29/29/29 37/37/37
f 38/38/38 30/30/30 37/37/37
f 31/31/31 32/32/32 39/39/39
f 39/39/39 32/32/32 40/40/40
f 39/39/39 40/40/40 41/41/41
f 36/36/36 31/31/31 42/42/42
f 42/42/42 31/31/31 39/39/39
f 43/43/43 39/39/39 41/41/41
f 42/42/42 39/39/39 43/43/43
f 43/43/43 41/41/41 44/44/44
f 35/35/35 36/36/36 45/45/45
f 45/45/45 36/36/36 42/42/42
f 46/46/46 42/42/42 43/43/43
f 45/45/45 42/42/42 46/46/46
f 47/47/47 43/43/43 44/44/44
f 46/46/46 43/43/43 47/47/47
f 47/47/47 44/44/44 48/48/48
f 49/49/49 35/35/35 45/45/45
f 34/34/34 35/35/35 49/49/49
f 50/50/50 45/45/45 46/46/46
f 49/49/49 45/45/45 50/50/50
f 51/51/51 47/47/47 48/48/48
f 51/51/51 48/48/48 52/52/52
f 53/53/53 46/46/46 47/47/47
f 50/50/50 46/46/46 53/53/53
f 53/53/53 47/47/47 51/51/51
f 54/54/54 34/34/34 49/49/49
f 33/33/33 34/34/34 54/54/54
f 55/55/55 51/51/51 52/52/52
f 55/55/55 52/52/52 56/56/56
f 57/57/57 49/49/49 50/50/50
f 54/54/54 49/49/49 57/57/57
f 58/58/58 53/53/53 51/51/51
f 58/58/58 51/51/51 55/55/55
f 59/59/59 50/50/50 53/53/53
f 57/57/57 50/50/50 59/59/59
f 59/59/59 53/53/53 58/58/58
f 60/60/60 33/33/33 54/54/54
f 29/29/29 33/33/33 60/60/60
f 37/37/37 29/29/29 60/60/60
f 61/61/61 55/55/55 56/56/56
f 61/61/61 56/56/56 62/62/62
f 63/63/63 54/54/54 57/57/57
f 60/60/60 54/54/54 63/63/63
f 64/64/64 57/57/57 59/59/59
f 63/63/63 57/57/57 64/64/64
f 65/65/65 58/58/58 55/55/55
f 65/65/65 55/55/55 61/61/61
f 66/66/66 59/59/59 58/58/58
f 64/64/64 59/59/59 66/66/66
f 66/66/66 58/58/58 65/65/65
f 37/37/37 60/60/60 67/67/67
f 67/67/67 60/60/60 63/63/63
f 68/68/68 61/61/61 62/62/62
f 68/68/68 62/62/62 69/69/69
f 70/70/70 63/63/63 64/64/64
f 67/67/67 63/63/63 70/70/70
f 71/71/71 64/64/64 66/66/66
f 70/70/70 64/64/64 71/71/71
f 72/72/72 65/65/65 61/61/61
f 72/72/72 61/61/61 68/68/68
f 73/73/73 66/66/66 65/65/65
f 71/71/71 66/66/66 73/73/73
f 73/73/73 65/65/65 72/72/72
f 74/74/74 37/37/37 67/67/67
f 38/38/38 37/37/37 74/74/74
f 75/75/75 38/38/38 74/74/74
f 76/76/76 67/67/67 70/70/70
f 74/74/74 67/67/67 76/76/76
f 75/75/75 74/74/74 77/77/77
f 77/77/77 74/74/74 76/76/76
f 78/78/78 75/75/75 77/77/77
f 79/79/79 70/70/70 71/71/71
f 76/76/76 70/70/70 79/79/79
f 80/80/80 71/71/71 73/73/73
f 79/79/79 71/71/71 80/80/80
f 81/81/81 73/73/73 72/72/72
f 80/80/80 73/73/73 81/81/81
f 78/78/78 77/77/77 82/82/82
f 83/83/83 78/78/78 82/82/82
f 77/77/77 76/76/76 84/84/84
f 84/84/84 76/76/76 79/79/79
f 82/82/82 77/77/77 84/84/84
f 85/85/85 79/79/79 80/80/80
f 84/84/84 79/79/79 85/85/85
f 83/83/83 82/82/82 86/86/86
f 87/87/87 83/83/83 86/86/86
f 82/82/82 84/84/84 88/88/88
f 86/86/86 82/82/82 88/88/88
f 88/88/88 84/84/84 85/85/85
f 85/85/85 80/80/80 89/89/89
f 89/89/89 80/80/80 81/81/81
f 81/81/81 72/72/72 90/90/90
f 90/90/90 72/72/72 68/68/68
f 86/86/86 88/88/88 91/91/91
f 92/92/92 86/86/86 91/91/91
f 88/88/88 85/85/85 93/93/93
f 91/91/91 88/88/88 93/93/93
f 93/93/93 85/85/85 89/89/89
f 89/89/89 81/81/81 94/94/94
f 94/94/94 81/81/81 90/90/90
f 90/90/90 68/68/68 95/95/95
f 95/95/95 68/68/68 69/69/69
f 95/95/95 69/69/69 96/96/96
f 91/91/91 93/93/93 97/97/97
f 98/98/98 91/91/91 97/97/97
f 93/93/93 89/89/89 99/99/99
f 97/97/97 93/93/93 99/99/99
f 99/99/99 89/89/89 94/94/94
f 100/100/100 90/90/90 95/95/95
f 94/94/94 90/90/90 100/100/100
f 101/101/101 95/95/95 96/96/96
f 100/100/100 95/95/95 101/101/101
f 101/101/101 96/96/96 102/102/102
f 97/97/97 99/99/99 103/103/103
f 104/104/104 97/97/97 103/103/103
f 99/99/99 94/94/94 105/105/105
f 105/105/105 94/94/94 100/100/100
f 103/103/103 99/99/99 105/105/105
f 106/106/106 101/101/101 102/102/102
f 106/106/106 102/102/102 107/107/107
f 108/108/108 100/100/100 101/101/101
f 105/105/105 100/100/100 108/108/108
f 108/108/108 101/101/101 106/106/106
f 103/103/103 105/105/105 109/109/109
f 109/109/109 105/105/105 108/108/108
f 110/110/110 103/103/103 109/109/109
f 109/109/109 108/108/108 111/111/111
f 111/111/111 108/108/108 106/106/106
f 112/112/112 109/109/109 111/111/111
f 113/113/113 106/106/106 107/107/107
f 111/111/111 106/106/106 113/113/113
f 114/114/114 111/111/111 113/113/113
f 113/113/113 107/107/107 115/115/115
f 116/116/116 113/113/113 115/115/115
usemtl M_PalmLeaves
f 117/117/117 119/119/119 118/118/118
f 117/117/117 118/118/118 120/120/120
f 121/121/121 117/117/117 120/120/120
f 120/120/120 118/118/118 122/122/122
f 121/121/121 120/120/120 123/123/123
f 124/124/124 121/121/121 123/123/123
f 120/120/120 122/122/122 125/125/125
f 123/123/123 120/120/120 125/125/125
f 125/125/125 122/122/122 126/126/126
f 124/124/124 123/123/123 127/127/127
f 128/128/128 124/124/124 127/127/127
f 128/128/128 127/127/127 129/129/129
f 125/125/125 126/126/126 130/130/130
f 130/130/130 126/126/126 131/131/131
f 123/123/123 125/125/125 132/132/132
f 127/127/127 123/123/123 132/132/132
f 132/132/132 125/125/125 130/130/130
f 129/129/129 127/127/127 133/133/133
f 127/127/127 132/132/132 133/133/133
f 129/129/129 133/133/133 134/134/134
f 130/130/130 131/131/131 135/135/135
f 135/135/135 131/131/131 136/136/136
f 132/132/132 130/130/130 137/137/137
f 133/133/133 132/132/132 137/137/137
f 137/137/137 130/130/130 135/135/135
f 134/134/134 133/133/133 138/138/138
f 133/133/133 137/137/137 138/138/138
f 134/134/134 138/138/138 139/139/139
f 135/135/135 136/136/136 140/140/140
f 140/140/140 136/136/136 141/141/141
f 137/137/137 135/135/135 142/142/142
f 138/138/138 137/137/137 142/142/142
f 142/142/142 135/135/135 140/140/140
f 139/139/139 138/138/138 143/143/143
f 138/138/138 142/142/142 143/143/143
f 139/139/139 143/143/143 144/144/144
f 140/140/140 141/141/141 145/145/145
f 145/145/145 141/141/141 146/146/146
f 142/142/142 140/140/140 147/147/147
f 143/143/143 142/142/142 147/147/147
f 147/147/147 140/140/140 145/145/145
f 144/144/144 143/143/143 148/148/148
f 143/143/143 147/147/147 148/148/148
f 144/144/144 148/148/148 149/149/149
f 145/145/145 146/146/146 150/150/150
f 150/150/150 146/146/146 151/151/151
f 150/150/150 151/151/151 152/152/152
f 147/147/147 145/145/145 153/153/153
f 148/148/148 147/147/147 153/153/153
f 153/153/153 145/145/145 150/150/150
f 149/149/149 148/148/148 154/154/154
f 148/148/148 153/153/153 154/154/154
f 149/149/149 154/154/154 155/155/155
f 156/156/156 150/150/150 152/152/152
f 153/153/153 150/150/150 156/156/156
f 154/154/154 153/153/153 156/156/156
f 156/156/156 152/152/152 157/157/157
f 155/155/155 154/154/154 158/158/158
f 154/154/154 156/156/156 158/158/158
f 158/158/158 156/156/156 157/157/157
f 155/155/155 158/158/158 159/159/159
f 158/158/158 157/157/157 160/160/160
f 159/159/159 158/158/158 160/160/160
f 159/159/159 160/160/160 161/161/161
f 162/162/162 164/164/164 163/163/163
f 162/162/162 163/163/163 165/165/165
f 166/166/166 162/162/162 165/165/165
f 165/165/165 163/163/163 167/167/167
f 166/166/166 165/165/165 168/168/168
f 169/169/169 166/166/166 168/168/168
f 165/165/165 167/167/167 170/170/170
f 168/168/168 165/165/165 170/170/170
f 170/170/170 167/167/167 171/171/171
f 169/169/169 168/168/168 172/172/172
f 173/173/173 169/169/169 172/172/172
f 173/173/173 172/172/172 174/174/174
f 170/170/170 171/171/171 175/175/175
f 175/175/175 171/171/171 176/176/176
f 168/168/168 170/170/170 177/177/177
f 172/172/172 168/168/168 177/177/177
f 177/177/177 170/170/170 175/175/175
f 174/174/174 172/172/172 178/178/178
f 172/172/172 177/177/177 178/178/178
f 174/174/174 178/178/178 179/179/179
f 175/175/175 176/176/176 180/180/180
f 180/180/180 176/176/176 181/181/181
f 177/177/177 175/175/175 182/182/182
f 178/178/178 177/177/177 182/182/182
f 182/182/182 175/175/175 180/180/180
f 179/179/179 178/178/178 183/183/183
f 178/178/178 182/182/182 183/183/183
f 179/179/179 183/183/183 184/184/184
f 180/180/180 181/181/181 185/185/185
f 185/185/185 181/181/181 186/186/186
f 182/182/182 180/180/180 187/187/187
f 183/183/183 182/182/182 187/187/187
f 187/187/187 180/180/180 185/185/185
f 184/184/184 183/183/183 188/188/188
f 183/183/183 187/187/187 188/188/188
f 184/184/184 188/188/188 189/189/189
f 185/185/185 186/186/186 190/190/190
f 190/190/190 186/186/186 191/191/191
f 187/187/187 185/185/185 192/192/192
f 188/188/188 187/187/187 192/192/192
f 192/192/192 185/185/185 190/190/190
f 189/189/189 188/188/188 193/193/193
f 188/188/188 192/192/192 193/193/193
f 189/189/189 193/193/193 194/194/194
f 190/190/190 191/191/191 195/195/195
f 195/195/195 191/191/191 196/196/196
f 195/195/195 196/196/196 197/197/197
f 192/192/192 190/190/190 198/198/198
f 193/193/193 192/192/192 198/198/198
f 198/198/198 190/190/190 195/195/195
f 194/194/194 193/193/193 199/199/199
f 193/193/193 198/198/198 199/199/199
f 194/194/194 199/199/199 200/200/200
f 201/201/201 195/195/195 197/197/197
f 198/198/198 195/195/195 201/201/201
f 199/199/199 198/198/198 201/201/201
f 201/201/201 197/197/197 202/202/202
f 200/200/200 199/199/199 203/203/203
f 199/199/199 201/201/201 203/203/203
f 203/203/203 201/201/201 202/202/202
f 200/200/200 203/203/203 204/204/204
f 203/203/203 202/202/202 205/205/205
f 204/204/204 203/203/203 205/205/205
f 204/204/204 205/205/205 206/206/206
f 207/207/207 209/209/209 208/208/208
f 207/207/207 208/208/208 210/210/210
f 211/211/211 207/207/207 210/210/210
f 210/210/210 208/208/208 212/212/212
f 211/211/211 210/210/210 213/213/213
f 214/214/214 211/211/211 213/213/213
f 210/210/210 212/212/212 215/215/215
f 213/213/213 210/210/210 215/215/215
f 215/215/215 212/212/212 216/216/216
f 214/214/214 213/213/213 217/217/217
f 218/218/218 214/214/214 217/217/217
f 218/218/218 217/217/217 219/219/219
f 215/215/215 216/216/216 220/220/220
f 220/220/220 216/216/216 221/221/221
f 213/213/213 215/215/215 222/222/222
f 217/217/217 213/213/213 222/222/222
f 222/222/222 215/215/215 220/220/220
f 219/219/219 217/217/217 223/223/223
f 217/217/217 222/222/222 223/223/223
f 219/219/219 223/223/223 224/224/224
f 220/220/220 221/221/221 225/225/225
f 225/225/225 221/221/221 226/226/226
f 222/222/222 220/220/220 227/227/227
f 223/223/223 222/222/222 227/227/227
f 227/227/227 220/220/220 225/225/225
f 224/224/224 223/223/223 228/228/228
f 223/223/223 227/227/227 228/228/228
f 224/224/224 228/228/228 229/229/229
f 225/225/225 226/226/226 230/230/230
f 230/230/230 226/226/226 231/231/231
f 227/227/227 225/225/225 232/232/232
f 228/228/228 227/227/227 232/232/232
f 232/232/232 225/225/225 230/230/230
f 229/229/229 228/228/228 233/233/233
f 228/228/228 232/232/232 233/233/233
f 229/229/229 233/233/233 234/234/234
f 230/230/230 231/231/231 235/235/235
f 235/235/235 231/231/231 236/236/236
f 232/232/232 230/230/230 237/237/237
f 233/233/233 232/232/232 237/237/237
f 237/237/237 230/230/230 235/235/235
f 234/234/234 233/233/233 238/238/238
f 233/233/233 237/237/237 238/238/238
f 234/234/234 238/238/238 239/239/239
f 235/235/235 236/236/236 240/240/240
f 240/240/240 236/236/236 241/241/241
f 240/240/240 241/241/241 242/242/242
f 237/237/237 235/235/235 243/243/243
f 238/238/238 237/237/237 243/243/243
f 243/243/243 235/235/235 240/240/240
f 239/239/239 238/238/238 244/244/244
f 238/238/238 243/243/243 244/244/244
f 239/239/239 244/244/244 245/245/245
f 246/246/246 240/240/240 242/242/242
f 243/243/243 240/240/240 246/246/246
f 244/244/244 243/243/243 246/246/246
f 246/246/246 242/242/242 247/247/247
f 245/245/245 244/244/244 248/248/248
f 244/244/244 246/246/246 248/248/248
f 248/248/248 246/246/246 247/247/247
f 245/245/245 248/248/248 249/249/249
f 248/248/248 247/247/247 250/250/250
f 249/249/249 248/248/248 250/250/250
f 249/249/249 250/250/250 251/251/251
f 252/252/252 254/254/254 253/253/253
f 252/252/252 255/255/255 254/254/254
f 256/256/256 255/255/255 252/252/252
f 255/255/255 257/257/257 254/254/254
f 256/256/256 258/258/258 255/255/255
f 259/259/259 258/258/258 256/256/256
f 255/255/255 260/260/260 257/257/257
f 258/258/258 260/260/260 255/255/255
f 260/260/260 261/261/261 257/257/257
f 259/259/259 262/262/262 258/258/258
f 263/263/263 262/262/262 259/259/259
f 263/263/263 264/264/264 262/262/262
f 260/260/260 265/265/265 261/261/261
f 265/265/265 266/266/266 261/261/261
f 258/258/258 267/267/267 260/260/260
f 262/262/262 267/267/267 258/258/258
f 267/267/267 265/265/265 260/260/260
f 264/264/264 268/268/268 262/262/262
f 262/262/262 268/268/268 267/267/267
f 264/264/264 269/269/269 268/268/268
f 265/265/265 270/270/270 266/266/266
f 270/270/270 271/271/271 266/266/266
f 267/267/267 272/272/272 265/265/265
f 268/268/268 272/272/272 267/267/267
f 272/272/272 270/270/270 265/265/265
f 269/269/269 273/273/273 268/268/268
f 268/268/268 273/273/273 272/272/272
f 269/269/269 274/274/274 273/273/273
f 270/270/270 275/275/275 271/271/271
f 275/275/275 276/276/276 271/271/271
f 272/272/272 277/277/277 270/270/270
f 273/273/273 277/277/277 272/272/272
f 277/277/277 275/275/275 270/270/270
f 274/274/274 278/278/278 273/273/273
f 273/273/273 278/278/278 277/277/277
f 274/274/274 279/279/279 278/278/278
f 275/275/275 280/280/280 276/276/276
f 280/280/280 281/281/281 276/276/276
f 277/277/277 282/282/282 275/275/275
f 278/278/278 282/282/282 277/277/277
f 282/282/282 280/280/280 275/275/275
f 279/279/279 283/283/283 278/278/278
f 278/278/278 283/283/283 282/282/282
f 279/279/279 284/284/284 283/283/283
f 280/280/280 285/285/285 281/281/281
f 285/285/285 286/286/286 281/281/281
f 285/285/285 287/287/287 286/286/286
f 282/282/282 288/288/288 280/280/280
f 283/283/283 288/288/288 282/282/282
f 288/288/288 285/285/285 280/280/280
f 284/284/284 289/289/289 283/283/283
f 283/283/283 289/289/289 288/288/288
f 284/284/284 290/290/290 289/289/289
f 291/291/291 287/287/287 285/285/285
f 288/288/288 291/291/291 285/285/285
f 289/289/289 291/291/291 288/288/288
f 291/291/291 292/292/292 287/287/287
f 290/290/290 293/293/293 289/289/289
f 289/289/289 293/293/293 291/291/291
f 293/293/293 292/292/292 291/291/291
f 290/290/290 294/294/294 293/293/293
f 293/293/293 295/295/295 292/292/292
f 294/294/294 295/295/295 293/293/293
f 294/294/294 296/296/296 295/295/295
f 297/297/297 299/299/299 298/298/298
f 297/297/297 300/300/300 299/299/299
f 301/301/301 300/300/300 297/297/297
f 300/300/300 302/302/302 299/299/299
f 301/301/301 303/303/303 300/300/300
f 304/304/304 303/303/303 301/301/301
f 300/300/300 305/305/305 302/302/302
f 303/303/303 305/305/305 300/300/300
f 305/305/305 306/306/306 302/302/302
f 304/304/304 307/307/307 303/303/303
f 308/308/308 307/307/307 304/304/304
f 308/308/308 309/309/309 307/307/307
f 305/305/305 310/310/310 306/306/306
f 310/310/310 311/311/311 306/306/306
f 303/303/303 312/312/312 305/305/305
f 307/307/307 312/312/312 303/303/303
f 312/312/312 310/310/310 305/305/305
f 309/309/309 313/313/313 307/307/307
f 307/307/307 313/313/313 312/312/312
f 309/309/309 314/314/314 313/313/313
f 310/310/310 315/315/315 311/311/311
f 315/315/315 316/316/316 311/311/311
f 312/312/312 317/317/317 310/310/310
f 313/313/313 317/317/317 312/312/312
f 317/317/317 315/315/315 310/310/310
f 314/314/314 318/318/318 313/313/313
f 313/313/313 318/318/318 317/317/317
f 314/314/314 319/319/319 318/318/318
f 315/315/315 320/320/320 316/316/316
f 320/320/320 321/321/321 316/316/316
f 317/317/317 322/322/322 315/315/315
f 318/318/318 322/322/322 317/317/317
f 322/322/322 320/320/320 315/315/315
f 319/319/319 323/323/323 318/318/318
f 318/318/318 323/323/323 322/322/322
f 319/319/319 324/324/324 323/323/323
f 320/320/320 325/325/325 321/321/321
f 325/325/325 326/326/326 321/321/321
f 322/322/322 327/327/327 320/320/320
f 323/323/323 327/327/327 322/322/322
f 327/327/327 325/325/325 320/320/320
f 324/324/324 328/328/328 323/323/323
f 323/323/323 328/328/328 327/327/327
f 324/324/324 329/329/329 328/328/328
f 325/325/325 330/330/330 326/326/326
f 330/330/330 331/331/331 326/326/326
f 330/330/330 332/332/332 331/331/331
f 327/327/327 333/333/333 325/325/325
f 328/328/328 333/333/333 327/327/327
f 333/333/333 330/330/330 325/325/325
f 329/329/329 334/334/334 328/328/328
f 328/328/328 334/334/334 333/333/333
f 329/329/329 335/335/335 334/334/334
f 336/336/336 332/332/332 330/330/330
f 333/333/333 336/336/336 330/330/330
f 334/334/334 336/336/336 333/333/333
f 336/336/336 337/337/337 332/332/332
f 335/335/335 338/338/338 334/334/334
f 334/334/334 338/338/338 336/336/336
f 338/338/338 337/337/337 336/336/336
f 335/335/335 339/339/339 338/338/338
f 338/338/338 340/340/340 337/337/337
f 339/339/339 340/340/340 338/338/338
f 339/339/339 341/341/341 340/340/340
f 342/342/342 344/344/344 343/343/343
f 342/342/342 345/345/345 344/344/344
f 346/346/346 345/345/345 342/342/342
f 345/345/345 347/347/347 344/344/344
f 346/346/346 348/348/348 345/345/345
f 349/349/349 348/348/348 346/346/346
f 345/345/345 350/350/350 347/347/347
f 348/348/348 350/350/350 345/345/345
f 350/350/350 351/351/351 347/347/347
f 349/349/349 352/352/352 348/348/348
f 353/353/353 352/352/352 349/349/349
f 353/353/353 354/354/354 352/352/352
f 350/350/350 355/355/355 351/351/351
f 355/355/355 356/356/356 351/351/351
f 348/348/348 357/357/357 350/350/350
f 352/352/352 357/357/357 348/348/348
f 357/357/357 355/355/355 350/350/350
f 354/354/354 358/358/358 352/352/352
f 352/352/352 358/358/358 357/357/357
f 354/354/354 359/359/359 358/358/358
f 355/355/355 360/360/360 356/356/356
f 360/360/360 361/361/361 356/356/356
f 357/357/357 362/362/362 355/355/355
f 358/358/358 362/362/362 357/357/357
f 362/362/362 360/360/360 355/355/355
f 359/359/359 363/363/363 358/358/358
f 358/358/358 363/363/363 362/362/362
f 359/359/359 364/364/364 363/363/363
f 360/360/360 365/365/365 361/361/361
f 365/365/365 366/366/366 361/361/361
f 362/362/362 367/367/367 360/360/360
f 363/363/363 367/367/367 362/362/362
f 367/367/367 365/365/365 360/360/360
f 364/364/364 368/368/368 363/363/363
f 363/363/363 368/368/368 367/367/367
f 364/364/364 369/369/369 368/368/368
f 365/365/365 370/370/370 366/366/366
f 370/370/370 371/371/371 366/366/366
f 367/367/367 372/372/372 365/365/365
f 368/368/368 372/372/372 367/367/367
f 372/372/372 370/370/370 365/365/365
f 369/369/369 373/373/373 368/368/368
f 368/368/368 373/373/373 372/372/372
f 369/369/369 374/374/374 373/373/373
f 370/370/370 375/375/375 371/371/371
f 375/375/375 376/376/376 371/371/371
f 375/375/375 377/377/377 376/376/376
f 372/372/372 378/378/378 370/370/370
f 373/373/373 378/378/378 372/372/372
f 378/378/378 375/375/375 370/370/370
f 374/374/374 379/379/379 373/373/373
f 373/373/373 379/379/379 378/378/378
f 374/374/374 380/380/380 379/379/379
f 381/381/381 377/377/377 375/375/375
f 378/378/378 381/381/381 375/375/375
f 379/379/379 381/381/381 378/378/378
f 381/381/381 382/382/382 377/377/377
f 380/380/380 383/383/383 379/379/379
f 379/379/379 383/383/383 381/381/381
f 383/383/383 382/382/382 381/381/381
f 380/380/380 384/384/384 383/383/383
f 383/383/383 385/385/385 382/382/382
f 384/384/384 385/385/385 383/383/383
f 384/384/384 386/386/386 385/385/385
f 387/387/387 389/389/389 388/388/388
f 387/387/387 388/388/388 390/390/390
f 391/391/391 387/387/387 390/390/390
f 390/390/390 388/388/388 392/392/392
f 391/391/391 390/390/390 393/393/393
f 394/394/394 391/391/391 393/393/393
f 390/390/390 392/392/392 395/395/395
f 393/393/393 390/390/390 395/395/395
f 395/395/395 392/392/392 396/396/396
f 394/394/394 393/393/393 397/397/397
f 398/398/398 394/394/394 397/397/397
f 398/398/398 397/397/397 399/399/399
f 395/395/395 396/396/396 400/400/400
f 400/400/400 396/396/396 401/401/401
f 393/393/393 395/395/395 402/402/402
f 397/397/397 393/393/393 402/402/402
f 402/402/402 395/395/395 400/400/400
f 399/399/399 397/397/397 403/403/403
f 397/397/397 402/402/402 403/403/403
f 399/399/399 403/403/403 404/404/404
f 400/400/400 401/401/401 405/405/405
f 405/405/405 401/401/401 406/406/406
f 402/402/402 400/400/400 407/407/407
f 403/403/403 402/402/402 407/407/407
f 407/407/407 400/400/400 405/405/405
f 404/404/404 403/403/403 408/408/408
f 403/403/403 407/407/407 408/408/408
f 404/404/404 408/408/408 409/409/409
f 405/405/405 406/406/406 410/410/410
f 410/410/410 406/406/406 411/411/411
f 407/407/407 405/405/405 412/412/412
f 408/408/408 407/407/407 412/412/412
f 412/412/412 405/405/405 410/410/410
f 409/409/409 408/408/408 413/413/413
f 408/408/408 412/412/412 413/413/413
f 409/409/409 413/413/413 414/414/414
f 410/410/410 411/411/411 415/415/415
f 415/415/415 411/411/411 416/416/416
f 412/412/412 410/410/410 417/417/417
f 413/413/413 412/412/412 417/417/417
f 417/417/417 410/410/410 415/415/415
f 414/414/414 413/413/413 418/418/418
f 413/413/413 417/417/417 418/418/418
f 414/414/414 418/418/418 419/419/419
f 415/415/415 416/416/416 420/420/420
f 420/420/420 416/416/416 421/421/421
f 420/420/420 421/421/421 422/422/422
f 417/417/417 415/415/415 423/423/423
f 418/418/418 417/417/417 423/423/423
f 423/423/423 415/415/415 420/420/420
f 419/419/419 418/418/418 424/424/424
f 418/418/418 423/423/423 424/424/424
f 419/419/419 424/424/424 425/425/425
f 426/426/426 420/420/420 422/422/422
f 423/423/423 420/420/420 426/426/426
f 424/424/424 423/423/423 426/426/426
f 426/426/426 422/422/422 427/427/427
f 425/425/425 424/424/424 428/428/428
f 424/424/424 426/426/426 428/428/428
f 428/428/428 426/426/426 427/427/427
f 425/425/425 428/428/428 429/429/429
f 428/428/428 427/427/427 430/430/430
f 429/429/429 428/428/428 430/430/430
f 429/429/429 430/430/430 431/431/431
f 432/432/432 434/434/434 433/433/433
f 432/432/432 435/435/435 434/434/434
f 436/436/436 435/435/435 432/432/432
f 435/435/435 437/437/437 434/434/434
f 436/436/436 438/438/438 435/435/435
f 439/439/439 438/438/438 436/436/436
f 435/435/435 440/440/440 437/437/437
f 438/438/438 440/440/440 435/435/435
f 440/440/440 441/441/441 437/437/437
f 439/439/439 442/442/442 438/438/438
f 443/443/443 442/442/442 439/439/439
f 443/443/443 444/444/444 442/442/442
f 440/440/440 445/445/445 441/441/441
f 445/445/445 446/446/446 441/441/441
f 438/438/438 447/447/447 440/440/440
f 442/442/442 447/447/447 438/438/438
f 447/447/447 445/445/445 440/440/440
f 444/444/444 448/448/448 442/442/442
f 442/442/442 448/448/448 447/447/447
f 444/444/444 449/449/449 448/448/448
f 445/445/445 450/450/450 446/446/446
f 450/450/450 451/451/451 446/446/446
f 447/447/447 452/452/452 445/445/445
f 448/448/448 452/452/452 447/447/447
f 452/452/452 450/450/450 445/445/445
f 449/449/449 453/453/453 448/448/448
f 448/448/448 453/453/453 452/452/452
f 449/449/449 454/454/454 453/453/453
f 450/450/450 455/455/455 451/451/451
f 455/455/455 456/456/456 451/451/451
f 452/452/452 457/457/457 450/450/450
f 453/453/453 457/457/457 452/452/452
f 457/457/457 455/455/455 450/450/450
f 454/454/454 458/458/458 453/453/453
f 453/453/453 458/458/458 457/457/457
f 454/454/454 459/459/459 458/458/458
f 455/455/455 460/460/460 456/456/456
f 460/460/460 461/461/461 456/456/456
f 457/457/457 462/462/462 455/455/455
f 458/458/458 462/462/462 457/457/457
f 462/462/462 460/460/460 455/455/455
f 459/459/459 463/463/463 458/458/458
f 458/458/458 463/463/463 462/462/462
f 459/459/459 464/464/464 463/463/463
f 460/460/460 465/465/465 461/461/461
f 465/465/465 466/466/466 461/461/461
f 465/465/465 467/467/467 466/466/466
f 462/462/462 468/468/468 460/460/460
f 463/463/463 468/468/468 462/462/462
f 468/468/468 465/465/465 460/460/460
f 464/464/464 469/469/469 463/463/463
f 463/463/463 469/469/469 468/468/468
f 464/464/464 470/470/470 469/469/469
f 471/471/471 467/467/467 465/465/465
f 468/468/468 471/471/471 465/465/465
f 469/469/469 471/471/471 468/468/468
f 471/471/471 472/472/472 467/467/467
f 470/470/470 473/473/473 469/469/469
f 469/469/469 473/473/473 471/471/471
f 473/473/473 472/472/472 471/471/471
f 470/470/470 474/474/474 473/473/473
f 473/473/473 475/475/475 472/472/472
f 474/474/474 475/475/475 473/473/473
f 474/474/474 476/476/476 475/475/475
f 477/477/477 479/479/479 478/478/478
f 477/477/477 480/480/480 479/479/479
f 481/481/481 480/480/480 477/477/477
f 480/480/480 482/482/482 479/479/479
f 481/481/481 483/483/483 480/480/480
f 484/484/484 483/483/483 481/481/481
f 480/480/480 485/485/485 482/482/482
f 483/483/483 485/485/485 480/480/480
f 485/485/485 486/486/486 482/482/482
f 484/484/484 487/487/487 483/483/483
f 488/488/488 487/487/487 484/484/484
f 488/488/488 489/489/489 487/487/487
f 485/485/485 490/490/490 486/486/486
f 490/490/490 491/491/491 486/486/486
f 483/483/483 492/492/492 485/485/485
f 487/487/487 492/492/492 483/483/483
f 492/492/492 490/490/490 485/485/485
f 489/489/489 493/493/493 487/487/487
f 487/487/487 493/493/493 492/492/492
f 489/489/489 494/494/494 493/493/493
f 490/490/490 495/495/495 491/491/491
f 495/495/495 496/496/496 491/491/491
f 492/492/492 497/497/497 490/490/490
f 493/493/493 497/497/497 492/492/492
f 497/497/497 495/495/495 490/490/490
f 494/494/494 498/498/498 493/493/493
f 493/493/493 498/498/498 497/497/497
f 494/494/494 499/499/499 498/498/498
f 495/495/495 500/500/500 496/496/496
f 500/500/500 501/501/501 496/496/496
f 497/497/497 502/502/502 495/495/495
f 498/498/498 502/502/502 497/497/497
f 502/502/502 500/500/500 495/495/495
f 499/499/499 503/503/503 498/498/498
f 498/498/498 503/503/503 502/502/502
f 499/499/499 504/504/504 503/503/503
f 500/500/500 505/505/505 501/501/501
f 505/505/505 506/506/506 501/501/501
f 502/502/502 507/507/507 500/500/500
f 503/503/503 507/507/507 502/502/502
f 507/507/507 505/505/505 500/500/500
f 504/504/504 508/508/508 503/503/503
f 503/503/503 508/508/508 507/507/507
f 504/504/504 509/509/509 508/508/508
f 505/505/505 510/510/510 506/506/506
f 510/510/510 511/511/511 506/506/506
f 510/510/510 512/512/512 511/511/511
f 507/507/507 513/513/513 505/505/505
f 508/508/508 513/513/513 507/507/507
f 513/513/513 510/510/510 505/505/505
f 509/509/509 514/514/514 508/508/508
f 508/508/508 514/514/514 513/513/513
f 509/509/509 515/515/515 514/514/514
f 516/516/516 512/512/512 510/510/510
f 513/513/513 516/516/516 510/510/510
f 514/514/514 516/516/516 513/513/513
f 516/516/516 517/517/517 512/512/512
f 515/515/515 518/518/518 514/514/514
f 514/514/514 518/518/518 516/516/516
f 518/518/518 517/517/517 516/516/516
f 515/515/515 519/519/519 518/518/518
f 518/518/518 520/520/520 517/517/517
f 519/519/519 520/520/520 518/518/518
f 519/519/519 521/521/521 520/520/520
f 522/522/522 524/524/524 523/523/523
f 522/522/522 523/523/523 525/525/525
f 526/526/526 522/522/522 525/525/525
f 525/525/525 523/523/523 527/527/527
f 526/526/526 525/525/525 528/528/528
f 529/529/529 526/526/526 528/528/528
f 525/525/525 527/527/527 530/530/530
f 528/528/528 525/525/525 530/530/530
f 530/530/530 527/527/527 531/531/531
f 529/529/529 528/528/528 532/532/532
f 533/533/533 529/529/529 532/532/532
f 533/533/533 532/532/532 534/534/534
f 530/530/530 531/531/531 535/535/535
f 535/535/535 531/531/531 536/536/536
f 528/528/528 530/530/530 537/537/537
f 532/532/532 528/528/528 537/537/537
f 537/537/537 530/530/530 535/535/535
f 534/534/534 532/532/532 538/538/538
f 532/532/532 537/537/537 538/538/538
f 534/534/534 538/538/538 539/539/539
f 535/535/535 536/536/536 540/540/540
f 540/540/540 536/536/536 541/541/541
f 537/537/537 535/535/535 542/542/542
f 538/538/538 537/537/537 542/542/542
f 542/542/542 535/535/535 540/540/540
f 539/539/539 538/538/538 543/543/543
f 538/538/538 542/542/542 543/543/543
f 539/539/539 543/543/543 544/544/544
f 540/540/540 541/541/541 545/545/545
f 545/545/545 541/541/541 546/546/546
f 542/542/542 540/540/540 547/547/547
f 543/543/543 542/542/542 547/547/547
f 547/547/547 540/540/540 545/545/545
f 544/544/544 543/543/543 548/548/548
f 543/543/543 547/547/547 548/548/548
f 544/544/544 548/548/548 549/549/549
f 545/545/545 546/546/546 550/550/550
f 550/550/550 546/546/546 551/551/551
f 547/547/547 545/545/545 552/552/552
f 548/548/548 547/547/547 552/552/552
f 552/552/552 545/545/545 550/550/550
f 549/549/549 548/548/548 553/553/553
f 548/548/548 552/552/552 553/553/553
f 549/549/549 553/553/553 554/554/554
f 550/550/550 551/551/551 555/555/555
f 555/555/555 551/551/551 556/556/556
f 555/555/555 556/556/556 557/557/557
f 552/552/552 550/550/550 558/558/558
f 553/553/553 552/552/552 558/558/558
f 558/558/558 550/550/550 555/555/555
f 554/554/554 553/553/553 559/559/559
f 553/553/553 558/558/558 559/559/559
f 554/554/554 559/559/559 560/560/560
f 561/561/561 555/555/555 557/557/557
f 558/558/558 555/555/555 561/561/561
f 559/559/559 558/558/558 561/561/561
f 561/561/561 557/557/557 562/562/562
f 560/560/560 559/559/559 563/563/563
f 559/559/559 561/561/561 563/563/563
f 563/563/563 561/561/561 562/562/562
f 560/560/560 563/563/563 564/564/564
f 563/563/563 562/562/562 565/565/565
f 564/564/564 563/563/563 565/565/565
f 564/564/564 565/565/565 566/566/566
f 567/567/567 569/569/569 568/568/568
f 567/567/567 568/568/568 570/570/570
f 571/571/571 567/567/567 570/570/570
f 570/570/570 568/568/568 572/572/572
f 571/571/571 570/570/570 573/573/573
f 574/574/574 571/571/571 573/573/573
f 570/570/570 572/572/572 575/575/575
f 573/573/573 570/570/570 575/575/575
f 575/575/575 572/572/572 576/576/576
f 574/574/574 573/573/573 577/577/577
f 578/578/578 574/574/574 577/577/577
f 578/578/578 577/577/577 579/579/579
f 575/575/575 576/576/576 580/580/580
f 580/580/580 576/576/576 581/581/581
f 573/573/573 575/575/575 582/582/582
f 577/577/577 573/573/573 582/582/582
f 582/582/582 575/575/575 580/580/580
f 579/579/579 577/577/577 583/583/583
f 577/577/577 582/582/582 583/583/583
f 579/579/579 583/583/583 584/584/584
f 580/580/580 581/581/581 585/585/585
f 585/585/585 581/581/581 586/586/586
f 582/582/582 580/580/580 587/587/587
f 583/583/583 582/582/582 587/587/587
f 587/587/587 580/580/580 585/585/585
f 584/584/584 583/583/583 588/588/588
f 583/583/583 587/587/587 588/588/588
f 584/584/584 588/588/588 589/589/589
f 585/585/585 586/586/586 590/590/590
f 590/590/590 586/586/586 591/591/591
f 587/587/587 585/585/585 592/592/592
f 588/588/588 587/587/587 592/592/592
f 592/592/592 585/585/585 590/590/590
f 589/589/589 588/588/588 593/593/593
f 588/588/588 592/592/592 593/593/593
f 589/589/589 593/593/593 594/594/594
f 590/590/590 591/591/591 595/595/595
f 595/595/595 591/591/591 596/596/596
f 592/592/592 590/590/590 597/597/597
f 593/593/593 592/592/592 597/597/597
f 597/597/597 590/590/590 595/595/595
f 594/594/594 593/593/593 598/598/598
f 593/593/593 597/597/597 598/598/598
f 594/594/594 598/598/598 599/599/599
f 595/595/595 596/596/596 600/600/600
f 600/600/600 596/596/596 601/601/601
f 600/600/600 601/601/601 602/602/602
f 597/597/597 595/595/595 603/603/603
f 598/598/598 597/597/597 603/603/603
f 603/603/603 595/595/595 600/600/600
f 599/599/599 598/598/598 604/604/604
f 598/598/598 603/603/603 604/604/604
f 599/599/599 604/604/604 605/605/605
f 606/606/606 600/600/600 602/602/602
f 603/603/603 600/600/600 606/606/606
f 604/604/604 603/603/603 606/606/606
f 606/606/606 602/602/602 607/607/607
f 605/605/605 604/604/604 608/608/608
f 604/604/604 606/606/606 608/608/608
f 608/608/608 606/606/606 607/607/607
f 605/605/605 608/608/608 609/609/609
f 608/608/608 607/607/607 610/610/610
f 609/609/609 608/608/608 610/610/610
f 609/609/609 610/610/610 611/611/611
f 612/612/612 614/614/614 613/613/613
f 612/612/612 613/613/613 615/615/615
f 616/616/616 612/612/612 615/615/615
f 615/615/615 613/613/613 617/617/617
f 616/616/616 615/615/615 618/618/618
f 619/619/619 616/616/616 618/618/618
f 615/615/615 617/617/617 620/620/620
f 618/618/618 615/615/615 620/620/620
f 620/620/620 617/617/617 621/621/621
f 619/619/619 618/618/618 622/622/622
f 623/623/623 619/619/619 622/622/622
f 623/623/623 622/622/622 624/624/624
f 620/620/620 621/621/621 625/625/625
f 625/625/625 621/621/621 626/626/626
f 618/618/618 620/620/620 627/627/627
f 622/622/622 618/618/618 627/627/627
f 627/627/627 620/620/620 625/625/625
f 624/624/624 622/622/622 628/628/628
f 622/622/622 627/627/627 628/628/628
f 624/624/624 628/628/628 629/629/629
f 625/625/625 626/626/626 630/630/630
f 630/630/630 626/626/626 631/631/631
f 627/627/627 625/625/625 632/632/632
f 628/628/628 627/627/627 632/632/632
f 632/632/632 625/625/625 630/630/630
f 629/629/629 628/628/628 633/633/633
f 628/628/628 632/632/632 633/633/633
f 629/629/629 633/633/633 634/634/634
f 630/630/630 631/631/631 635/635/635
f 635/635/635 631/631/631 636/636/636
f 632/632/632 630/630/630 637/637/637
f 633/633/633 632/632/632 637/637/637
f 637/637/637 630/630/630 635/635/635
f 634/634/634 633/633/633 638/638/638
f 633/633/633 637/637/637 638/638/638
f 634/634/634 638/638/638 639/639/639
f 635/635/635 636/636/636 640/640/640
f 640/640/640 636/636/636 641/641/641
f 637/637/637 635/635/635 642/642/642
f 638/638/638 637/637/637 642/642/642
f 642/642/642 635/635/635 640/640/640
f 639/639/639 638/638/638 643/643/643
f 638/638/638 642/642/642 643/643/643
f 639/639/639 643/643/643 644/644/644
f 640/640/640 641/641/641 645/645/645
f 645/645/645 641/641/641 646/646/646
f 645/645/645 646/646/646 647/647/647
f 642/642/642 640/640/640 648/648/648
f 643/643/643 642/642/642 648/648/648
f 648/648/648 640/640/640 645/645/645
f 644/644/644 643/643/643 649/649/649
f 643/643/643 648/648/648 649/649/649
f 644/644/644 649/649/649 650/650/650
f 651/651/651 645/645/645 647/647/647
f 648/648/648 645/645/645 651/651/651
f 649/649/649 648/648/648 651/651/651
f 651/651/651 647/647/647 652/652/652
f 650/650/650 649/649/649 653/653/653
f 649/649/649 651/651/651 653/653/653
f 653/653/653 651/651/651 652/652/652
f 650/650/650 653/653/653 654/654/654
f 653/653/653 652/652/652 655/655/655
f 654/654/654 653/653/653 655/655/655
f 654/654/654 655/655/655 656/656/656
f 657/657/657 659/659/659 658/658/658
f 657/657/657 658/658/658 660/660/660
f 661/661/661 657/657/657 660/660/660
f 660/660/660 658/658/658 662/662/662
f 661/661/661 660/660/660 663/663/663
f 664/664/664 661/661/661 663/663/663
f 660/660/660 662/662/662 665/665/665
f 663/663/663 660/660/660 665/665/665
f 665/665/665 662/662/662 666/666/666
f 664/664/664 663/663/663 667/667/667
f 668/668/668 664/664/664 667/667/667
f 668/668/668 667/667/667 669/669/669
f 665/665/665 666/666/666 670/670/670
f 670/670/670 666/666/666 671/671/671
f 663/663/663 665/665/665 672/672/672
f 667/667/667 663/663/663 672/672/672
f 672/672/672 665/665/665 670/670/670
f 669/669/669 667/667/667 673/673/673
f 667/667/667 672/672/672 673/673/673
f 669/669/669 673/673/673 674/674/674
f 670/670/670 671/671/671 675/675/675
f 675/675/675 671/671/671 676/676/676
f 672/672/672 670/670/670 677/677/677
f 673/673/673 672/672/672 677/677/677
f 677/677/677 670/670/670 675/675/675
f 674/674/674 673/673/673 678/678/678
f 673/673/673 677/677/677 678/678/678
f 674/674/674 678/678/678 679/679/679
f 675/675/675 676/676/676 680/680/680
f 680/680/680 676/676/676 681/681/681
f 677/677/677 675/675/675 682/682/682
f 678/678/678 677/677/677 682/682/682
f 682/682/682 675/675/675 680/680/680
f 679/679/679 678/678/678 683/683/683
f 678/678/678 682/682/682 683/683/683
f 679/679/679 683/683/683 684/684/684
f 680/680/680 681/681/681 685/685/685
f 685/685/685 681/681/681 686/686/686
f 682/682/682 680/680/680 687/687/687
f 683/683/683 682/682/682 687/687/687
f 687/687/687 680/680/680 685/685/685
f 684/684/684 683/683/683 688/688/688
f 683/683/683 687/687/687 688/688/688
f 684/684/684 688/688/688 689/689/689
f 685/685/685 686/686/686 690/690/690
f 690/690/690 686/686/686 691/691/691
f 690/690/690 691/691/691 692/692/692
f 687/687/687 685/685/685 693/693/693
f 688/688/688 687/687/687 693/693/693
f 693/693/693 685/685/685 690/690/690
f 689/689/689 688/688/688 694/694/694
f 688/688/688 693/693/693 694/694/694
f 689/689/689 694/694/694 695/695/695
f 696/696/696 690/690/690 692/692/692
f 693/693/693 690/690/690 696/696/696
f 694/694/694 693/693/693 696/696/696
f 696/696/696 692/692/692 697/697/697
f 695/695/695 694/694/694 698/698/698
f 694/694/694 696/696/696 698/698/698
f 698/698/698 696/696/696 697/697/697
f 695/695/695 698/698/698 699/699/699
f 698/698/698 697/697/697 700/700/700
f 699/699/699 698/698/698 700/700/700
f 699/699/699 700/700/700 701/701/701
f 702/702/702 704/704/704 703/703/703
f 702/702/702 703/703/703 705/705/705
f 706/706/706 702/702/702 705/705/705
f 705/705/705 703/703/703 707/707/707
f 706/706/706 705/705/705 708/708/708
f 709/709/709 706/706/706 708/708/708
f 705/705/705 707/707/707 710/710/710
f 708/708/708 705/705/705 710/710/710
f 710/710/710 707/707/707 711/711/711
f 709/709/709 708/708/708 712/712/712
f 713/713/713 709/709/709 712/712/712
f 713/713/713 712/712/712 714/714/714
f 710/710/710 711/711/711 715/715/715
f 715/715/715 711/711/711 716/716/716
f 708/708/708 710/710/710 717/717/717
f 712/712/712 708/708/708 717/717/717
f 717/717/717 710/710/710 715/715/715
f 714/714/714 712/712/712 718/718/718
f 712/712/712 717/717/717 718/718/718
f 714/714/714 718/718/718 719/719/719
f 715/715/715 716/716/716 720/720/720
f 720/720/720 716/716/716 721/721/721
f 717/717/717 715/715/715 722/722/722
f 718/718/718 717/717/717 722/722/722
f 722/722/722 715/715/715 720/720/720
f 719/719/719 718/718/718 723/723/723
f 718/718/718 722/722/722 723/723/723
f 719/719/719 723/723/723 724/724/724
f 720/720/720 721/721/721 725/725/725
f 725/725/725 721/721/721 726/726/726
f 722/722/722 720/720/720 727/727/727
f 723/723/723 722/722/722 727/727/727
f 727/727/727 720/720/720 725/725/725
f 724/724/724 723/723/723 728/728/728
f 723/723/723 727/727/727 728/728/728
f 724/724/724 728/728/728 729/729/729
f 725/725/725 726/726/726 730/730/730
f 730/730/730 726/726/726 731/731/731
f 727/727/727 725/725/725 732/732/732
f 728/728/728 727/727/727 732/732/732
f 732/732/732 725/725/725 730/730/730
f 729/729/729 728/728/728 733/733/733
f 728/728/728 732/732/732 733/733/733
f 729/729/729 733/733/733 734/734/734
f 730/730/730 731/731/731 735/735/735
f 735/735/735 731/731/731 736/736/736
f 735/735/735 736/736/736 737/737/737
f 732/732/732 730/730/730 738/738/738
f 733/733/733 732/732/732 738/738/738
f 738/738/738 730/730/730 735/735/735
f 734/734/734 733/733/733 739/739/739
f 733/733/733 738/738/738 739/739/739
f 734/734/734 739/739/739 740/740/740
f 741/741/741 735/735/735 737/737/737
f 738/738/738 735/735/735 741/741/741
f 739/739/739 738/738/738 741/741/741
f 741/741/741 737/737/737 742/742/742
f 740/740/740 739/739/739 743/743/743
f 739/739/739 741/741/741 743/743/743
f 743/743/743 741/741/741 742/742/742
f 740/740/740 743/743/743 744/744/744
f 743/743/743 742/742/742 745/745/745
f 744/744/744 743/743/743 745/745/745
f 744/744/744 745/745/745 746/746/746
f 747/747/747 749/749/749 748/748/748
f 747/747/747 748/748/748 750/750/750
f 751/751/751 747/747/747 750/750/750
f 750/750/750 748/748/748 752/752/752
f 751/751/751 750/750/750 753/753/753
f 754/754/754 751/751/751 753/753/753
f 750/750/750 752/752/752 755/755/755
f 753/753/753 750/750/750 755/755/755
f 755/755/755 752/752/752 756/756/756
f 754/754/754 753/753/753 757/757/757
f 758/758/758 754/754/754 757/757/757
f 758/758/758 757/757/757 759/759/759
f 755/755/755 756/756/756 760/760/760
f 760/760/760 756/756/756 761/761/761
f 753/753/753 755/755/755 762/762/762
f 757/757/757 753/753/753 762/762/762
f 762/762/762 755/755/755 760/760/760
f 759/759/759 757/757/757 763/763/763
f 757/757/757 762/762/762 763/763/763
f 759/759/759 763/763/763 764/764/764
f 760/760/760 761/761/761 765/765/765
f 765/765/765 761/761/761 766/766/766
f 762/762/762 760/760/760 767/767/767
f 763/763/763 762/762/762 767/767/767
f 767/767/767 760/760/760 765/765/765
f 764/764/764 763/763/763 768/768/768
f 763/763/763 767/767/767 768/768/768
f 764/764/764 768/768/768 769/769/769
f 765/765/765 766/766/766 770/770/770
f 770/770/770 766/766/766 771/771/771
f 767/767/767 765/765/765 772/772/772
f 768/768/768 767/767/767 772/772/772
f 772/772/772 765/765/765 770/770/770
f 769/769/769 768/768/768 773/773/773
f 768/768/768 772/772/772 773/773/773
f 769/769/769 773/773/773 774/774/774
f 770/770/770 771/771/771 775/775/775
f 775/775/775 771/771/771 776/776/776
f 772/772/772 770/770/770 777/777/777
f 773/773/773 772/772/772 777/777/777
f 777/777/777 770/770/770 775/775/775
f 774/774/774 773/773/773 778/778/778
f 773/773/773 777/777/777 778/778/778
f 774/774/774 778/778/778 779/779/779
f 775/775/775 776/776/776 780/780/780
f 780/780/780 776/776/776 781/781/781
f 780/780/780 781/781/781 782/782/782
f 777/777/777 775/775/775 783/783/783
f 778/778/778 777/777/777 783/783/783
f 783/783/783 775/775/775 780/780/780
f 779/779/779 778/778/778 784/784/784
f 778/778/778 783/783/783 784/784/784
f 779/779/779 784/784/784 785/785/785
f 786/786/786 780/780/780 782/782/782
f 783/783/783 780/780/780 786/786/786
f 784/784/784 783/783/783 786/786/786
f 786/786/786 782/782/782 787/787/787
f 785/785/785 784/784/784 788/788/788
f 784/784/784 786/786/786 788/788/788
f 788/788/788 786/786/786 787/787/787
f 785/785/785 788/788/788 789/789/789
f 788/788/788 787/787/787 790/790/790
f 789/789/789 788/788/788 790/790/790
f 789/789/789 790/790/790 791/791/791
f 792/792/792 794/794/794 793/793/793
f 792/792/792 793/793/793 795/795/795
f 796/796/796 792/792/792 795/795/795
f 795/795/795 793/793/793 797/797/797
f 796/796/796 795/795/795 798/798/798
f 799/799/799 796/796/796 798/798/798
f 795/795/795 797/797/797 800/800/800
f 798/798/798 795/795/795 800/800/800
f 800/800/800 797/797/797 801/801/801
f 799/799/799 798/798/798 802/802/802
f 803/803/803 799/799/799 802/802/802
f 803/803/803 802/802/802 804/804/804
f 800/800/800 801/801/801 805/805/805
f 805/805/805 801/801/801 806/806/806
f 798/798/798 800/800/800 807/807/807
f 802/802/802 798/798/798 807/807/807
f 807/807/807 800/800/800 805/805/805
f 804/804/804 802/802/802 808/808/808
f 802/802/802 807/807/807 808/808/808
f 804/804/804 808/808/808 809/809/809
f 805/805/805 806/806/806 810/810/810
f 810/810/810 806/806/806 811/811/811
f 807/807/807 805/805/805 812/812/812
f 808/808/808 807/807/807 812/812/812
f 812/812/812 805/805/805 810/810/810
f 809/809/809 808/808/808 813/813/813
f 808/808/808 812/812/812 813/813/813
f 809/809/809 813/813/813 814/814/814
f 810/810/810 811/811/811 815/815/815
f 815/815/815 811/811/811 816/816/816
f 812/812/812 810/810/810 817/817/817
f 813/813/813 812/812/812 817/817/817
f 817/817/817 810/810/810 815/815/815
f 814/814/814 813/813/813 818/818/818
f 813/813/813 817/817/817 818/818/818
f 814/814/814 818/818/818 819/819/819
f 815/815/815 816/816/816 820/820/820
f 820/820/820 816/816/816 821/821/821
f 817/817/817 815/815/815 822/822/822
f 818/818/818 817/817/817 822/822/822
f 822/822/822 815/815/815 820/820/820
f 819/819/819 818/818/818 823/823/823
f 818/818/818 822/822/822 823/823/823
f 819/819/819 823/823/823 824/824/824
f 820/820/820 821/821/821 825/825/825
f 825/825/825 821/821/821 826/826/826
f 825/825/825 826/826/826 827/827/827
f 822/822/822 820/820/820 828/828/828
f 823/823/823 822/822/822 828/828/828
f 828/828/828 820/820/820 825/825/825
f 824/824/824 823/823/823 829/829/829
f 823/823/823 828/828/828 829/829/829
f 824/824/824 829/829/829 830/830/830
f 831/831/831 825/825/825 827/827/827
f 828/828/828 825/825/825 831/831/831
f 829/829/829 828/828/828 831/831/831
f 831/831/831 827/827/827 832/832/832
f 830/830/830 829/829/829 833/833/833
f 829/829/829 831/831/831 833/833/833
f 833/833/833 831/831/831 832/832/832
f 830/830/830 833/833/833 834/834/834
f 833/833/833 832/832/832 835/835/835
f 834/834/834 833/833/833 835/835/835
f 834/834/834 835/835/835 836/836/836
