mtllib P_PalmTree13.mtl
v 2.584035 18.37762 0.6739326 0 0 0
v 2.446535 17.92039 0.4491118 0 0 0
v 2.634459 17.93089 0.3723582 0 0 0
v 2.571806 16.84684 0.3861393 0 0 0
v 2.743041 16.8564 0.3162024 0 0 0
v 2.821914 17.9327 0.4509342 0 0 0
v 2.584035 18.37762 0.6739326 0 0 0
v 2.913847 16.85806 0.3877998 0 0 0
v 2.729501 15.32114 0.278082 0 0 0
v 2.886802 15.31253 0.3436515 0 0 0
v 2.571835 15.3269 0.3430806 0 0 0
v 2.616786 13.9545 0.3076783 0 0 0
v 2.746242 13.94029 0.3618231 0 0 0
v 2.487255 13.9692 0.3614875 0 0 0
v 2.405257 12.49604 0.3297243 0 0 0
v 2.535613 12.474 0.3848255 0 0 0
v 2.275207 12.52121 0.3842 0 0 0
v 2.112487 10.81483 0.3699731 0 0 0
v 2.263437 10.77046 0.4381381 0 0 0
v 1.962041 10.86584 0.4353412 0 0 0
v 1.47611 9.216129 0.4141239 0 0 0
v 1.647653 9.149426 0.4953525 0 0 0
v 1.305269 9.292974 0.4903844 0 0 0
v 1.010344 8.703369 0.4119802 0 0 0
v 1.14567 8.543521 0.5113037 0 0 0
v 0.8640958 8.865086 0.5005577 0 0 0
v 0.4006037 8.35675 0.3553921 0 0 0
v 0.6297071 8.203999 0.4755913 0 0 0
v 0.2067161 8.50348 0.4653398 0 0 0
v 0.2607931 8.0549 0.325869 0 0 0
v 0.5286049 7.977123 0.4526312 0 0 0
v -0.02078919 8.111825 0.43223 0 0 0
v 0.2397283 7.552588 0.2510721 0 0 0
v 0.5200785 7.538895 0.3883114 0 0 0
v -0.05594717 7.533338 0.3501875 0 0 0
v 0.3528998 6.33649 0.1600003 0 0 0
v 0.5783386 6.338816 0.272617 0 0 0
v 0.1150047 6.308076 0.2381945 0 0 0
v 0.4813391 4.905245 -0.02561395 0 0 0
v 0.7101951 4.906241 0.08854568 0 0 0
v 0.2394965 4.882021 0.05426932 0 0 0
v 0.5204949 3.696349 -0.1407093 0 0 0
v 0.7458793 3.685677 -0.02959099 0 0 0
v 0.282194 3.690454 -0.06047692 0 0 0
v 0.4663355 2.342227 -0.2781059 0 0 0
v 0.7164413 2.313241 -0.1556664 0 0 0
v 0.2021699 2.359747 -0.1870333 0 0 0
v 0.2720783 0.8476279 -0.4020515 0 0.7098039 0
v 0.5581321 0.7910402 -0.2615081 0 0.6196079 0
v -0.02902782 0.8998744 -0.2953418 0 0.7568628 0
v 0.03786951 -0.4137942 -0.6837436 0 0.9960784 0
v 0.5022946 -0.4061974 -0.4330829 0 0.9960784 0
v -0.06651602 -0.8704229 -0.5977858 0 0.9882353 0
v 0.3358015 -0.8415664 -0.3756117 0 0.9803922 0
v -0.5082843 -0.8930122 -0.4697852 0 0.9411765 0
v -0.4677618 -0.4170898 -0.5307471 0 0.9960784 0
v -0.7307211 -0.8961019 -0.06659058 0 0.6980392 0
v -0.718407 -0.4141542 -0.06371652 0 0.9098039 0
v -0.6035262 -0.8778819 0.3756121 0 0.8823529 0
v -0.168802 0.9171746 -0.003887812 0 0.6235294 0
v -0.5672415 -0.4067068 0.443768 0 0.9686275 0
v -0.2012085 -0.8490254 0.5977862 0 0.9647059 0
v 0.07868922 2.355537 0.06420257 0 0 0
v -0.1028161 -0.3991102 0.6944287 0 0.9882353 0
v 0.2405598 -0.8264362 0.4697855 0 0.9490196 0
v -0.06536654 0.8893941 0.3015805 0 0.2941177 0
v 0.17057 3.671443 0.1641072 0 0 0
v 0.4028152 -0.3958145 0.5414321 0 0.9803922 0
v 0.4629966 -0.8233466 0.06659073 0 0.9529412 0
v 0.1682268 2.332063 0.328431 0 0 0
v 0.2206875 0.8328063 0.4421239 0 0.2313726 0
v 0.1263356 4.850173 0.2814012 0 0 0
v 0.6534602 -0.3987501 0.07440145 0 0.9803922 0
v 0.3358015 -0.8415664 -0.3756117 0 0.9803922 0
v 0.5022946 -0.4061974 -0.4330829 0 0.9960784 0
v 0.2510109 3.650453 0.4014847 0 0 0
v 0.4183327 2.303077 0.4508705 0 0 0
v 0.5217935 0.7805598 0.335414 0 0.4313726 0
v 0.6615675 0.7632596 0.04396006 0 0.5843138 0
v 0.5581321 0.7910402 -0.2615081 0 0.6196079 0
v 0.004009209 6.270218 0.4613945 0 0 0
v 0.2081444 4.828357 0.5227306 0 0 0
v 0.4763953 3.639781 0.512603 0 0 0
v 0.6824984 2.285557 0.3597977 0 0 0
v 0.8059788 2.289767 0.1085619 0 0 0
v 0.7164413 2.313241 -0.1556664 0 0 0
v -0.1937452 7.492425 0.6275971 0 0 0
v 0.08493289 6.245093 0.6988529 0 0 0
v 0.4370006 4.829352 0.6368902 0 0 0
v 0.7146962 3.645676 0.4323705 0 0 0
v 0.8263202 3.664687 0.2077864 0 0 0
v 0.7458793 3.685677 -0.02959099 0 0 0
v -0.1511948 8.114547 0.7094095 0 0 0
v -0.09294559 7.453813 0.9207982 0 0 0
v 0.3103718 6.247418 0.8114696 0 0 0
v 0.6788432 4.852577 0.5570069 0 0 0
v 0.792004 4.884426 0.3298751 0 0 0
v 0.7101951 4.906241 0.08854568 0 0 0
v 0.1019387 8.561895 0.740554 0 0 0
v -0.05403386 8.061472 0.9950394 0 0 0
v 0.1874047 7.440119 1.058037 0 0 0
v 0.5482668 6.275832 0.7332754 0 0 0
v 0.6592624 6.313691 0.5100753 0 0 0
v 0.5783386 6.338816 0.272617 0 0 0
v 0.7970092 8.932573 0.725351 0 0 0
v 0.1461081 8.497869 1.019806 0 0 0
v 0.2137781 7.983694 1.121802 0 0 0
v 0.4830801 7.459367 0.958922 0 0 0
v 0.6208781 7.500281 0.6815124 0 0 0
v 0.5200785 7.538895 0.3883114 0 0 0
v 1.236641 9.334947 0.6794617 0 0 0
v 0.8484083 8.866289 0.9546804 0 0 0
v 0.3752115 8.345119 1.140005 0 0 0
v 0.4953603 7.92677 1.015441 0 0 0
v 0.6257658 7.924048 0.7382609 0 0 0
v 0.5286049 7.977123 0.4526312 0 0 0
v 1.900945 10.8936 0.5959507 0 0 0
v 1.310992 9.31746 0.870597 0 0 0
v 0.9886525 8.704921 1.054229 0 0 0
v 0.611752 8.195774 1.030396 0 0 0
v 0.7171676 8.13732 0.755187 0 0 0
v 0.6297071 8.203999 0.4755913 0 0 0
v 2.221644 12.53478 0.5163417 0 0 0
v 1.965271 10.88186 0.7577187 0 0 0
v 1.484666 9.250757 0.9518257 0 0 0
v 1.132427 8.543969 0.9655387 0 0 0
v 1.191852 8.478849 0.7403939 0 0 0
v 1.14567 8.543521 0.5113037 0 0 0
v 2.433527 13.97577 0.4917299 0 0 0
v 2.275944 12.52878 0.6487424 0 0 0
v 2.117286 10.83749 0.8258837 0 0 0
v 1.654843 9.173912 0.8755652 0 0 0
v 1.720737 9.131939 0.6864878 0 0 0
v 1.647653 9.149426 0.4953525 0 0 0
v 2.50616 15.32643 0.5005721 0 0 0
v 2.487074 13.97036 0.6221115 0 0 0
v 2.2674 10.78648 0.7605156 0 0 0
v 2.327128 10.75871 0.599906 0 0 0
v 2.263437 10.77046 0.4381381 0 0 0
v 2.4063 12.50675 0.7038436 0 0 0
v 2.500451 16.83498 0.5566428 0 0 0
v 2.589913 12.46801 0.5172262 0 0 0
v 2.535613 12.474 0.3848255 0 0 0
v 2.53635 12.48157 0.6493678 0 0 0
v 2.57095 15.32002 0.6583002 0 0 0
v 2.616531 13.95614 0.6762562 0 0 0
v 2.368224 17.90737 0.6362345 0 0 0
v 2.584035 18.37762 0.6739326 0 0 0
v 2.79979 13.93488 0.4922046 0 0 0
v 2.746242 13.94029 0.3618231 0 0 0
v 2.746062 13.94144 0.6224471 0 0 0
v 2.570773 16.82777 0.7278342 0 0 0
v 2.72825 15.31141 0.7238697 0 0 0
v 2.951592 15.30611 0.5013794 0 0 0
v 2.886802 15.31253 0.3436515 0 0 0
v 2.885917 15.30565 0.658871 0 0 0
v 2.445401 17.89946 0.8241123 0 0 0
v 2.584035 18.37762 0.6739326 0 0 0
v 2.741579 16.82943 0.7994317 0 0 0
v 2.984169 16.85084 0.5589911 0 0 0
v 2.913847 16.85806 0.3877998 0 0 0
v 2.912813 16.83899 0.7294948 0 0 0
v 2.632856 17.90129 0.9026886 0 0 0
v 2.584035 18.37762 0.6739326 0 0 0
v 2.820781 17.91178 0.8259346 0 0 0
v 2.584035 18.37762 0.6739326 0 0 0
v 2.89909 17.92479 0.6388118 0 0 0
v 2.584035 18.37762 0.6739326 0 0 0
v 2.821914 17.9327 0.4509342 0 0 0
v 2.584035 18.37762 0.6739326 0 0 0
v 2.561089 17.83587 0.5940759 0.003921569 0.003921569 0.003921569
v 1.903381 18.33476 -0.03963994 0.1960784 0.1960784 0.1960784
v 2.547303 17.84353 0.5190324 0.003921569 0.003921569 0.003921569
v 2.072388 18.4101 0.3520756 0.08627451 0.08627451 0.08627451
v 2.571554 17.8266 0.6694742 0.003921569 0.003921569 0.003921569
v 1.163544 18.33925 -0.4215865 0.7568628 0.7568628 0.7568628
v 2.165624 18.40016 0.7750288 0.05490196 0.05490196 0.05490196
v 2.578943 17.81516 0.7488639 0.003921569 0.003921569 0.003921569
v 1.424956 18.71332 0.1540869 0.5019608 0.5019608 0.5019608
v 0.7082014 18.4073 -0.3908003 0.9215686 0.9215686 0.9215686
v 2.167656 18.27567 1.283372 0.1098039 0.1098039 0.1098039
v 2.582622 17.802 0.8282459 0.003921569 0.003921569 0.003921569
v 2.048737 18.04133 1.735986 0.2941177 0.2941177 0.2941177
v 0.8047621 18.85345 0.2264856 0.8627451 0.8627451 0.8627451
v 0.2535353 18.38803 -0.3144909 0.9843137 0.9843137 0.9843137
v 1.581604 18.79445 0.8672061 0.3882353 0.3882353 0.3882353
v 1.59648 18.54311 1.601759 0.5176471 0.5176471 0.5176471
v 1.453226 18.00524 2.143182 0.7921569 0.7921569 0.7921569
v 0.1721623 18.79153 0.3335623 0.9803922 0.9803922 0.9803922
v -0.2713706 18.32048 -0.08149181 1 1 1
v 0.8990602 18.95468 0.9816498 0.8431373 0.8431373 0.8431373
v 0.9759675 18.62164 1.786832 0.8823529 0.8823529 0.8823529
v 0.997908 17.91129 2.296807 0.945098 0.945098 0.945098
v -0.4286975 18.5306 0.5354236 1 1 1
v -0.7980024 17.99923 0.2223951 1 1 1
v 0.2027627 18.86038 1.097588 0.9803922 0.9803922 0.9803922
v 0.353368 18.54059 1.848958 0.9843137 0.9843137 0.9843137
v 0.585337 17.89803 2.320988 0.9882353 0.9882353 0.9882353
v -0.9140002 18.03836 0.7407612 1 1 1
v -1.174014 17.39741 0.6618116 1 1 1
v -0.4165545 18.52007 1.205667 1 1 1
v -0.2112437 18.25746 1.861416 1 1 1
v 0.1513517 17.78793 2.296376 1 1 1
v -1.182799 17.36681 0.9502851 1 1 1
v -1.161252 16.62651 1.143013 1 1 1
v -1.15624 16.62424 1.162744 1 1 1
v -0.8794816 17.98154 1.269221 1 1 1
v -0.6939606 17.83188 1.755835 1 1 1
v -0.3783211 17.60699 2.134521 1 1 1
v -1.139745 17.32567 1.234335 1 1 1
v -1.150975 16.62203 1.182415 1 1 1
v -1.033279 17.26944 1.532458 1 1 1
v -0.8693325 17.20427 1.80125 1 1 1
v -1.147138 16.62051 1.196155 1 1 1
v -1.143177 16.61901 1.209862 1 1 1
v -0.8221064 16.12702 -0.4781072 1 1 1
v -0.8315055 16.75608 -0.07784276 1 1 1
v -0.8256388 16.12718 -0.4590763 1 1 1
v -0.8477656 16.77369 -0.2955527 1 1 1
v -0.8182287 16.12691 -0.4970714 1 1 1
v -0.5391012 17.21652 0.3442874 1 1 1
v -0.8189894 16.78466 -0.512403 1 1 1
v -0.8114989 16.12687 -0.5264993 1 1 1
v -0.6543282 17.34672 -0.03676844 1 1 1
v -0.09473305 17.41462 0.6872252 0.9960784 0.9960784 0.9960784
v -0.7050401 16.78797 -0.7980494 1 1 1
v -0.8039404 16.12698 -0.5557254 1 1 1
v -0.5144531 16.77696 -1.039181 1 1 1
v -0.2927078 17.7797 0.231731 1 1 1
v 0.2724573 17.56567 0.8507844 0.9647059 0.9647059 0.9647059
v -0.6207277 17.40932 -0.4495471 1 1 1
v -0.3838462 17.37971 -0.9062553 1 1 1
v 0.01361897 17.23987 -1.202967 1 1 1
v 0.1700226 18.08575 0.436362 0.972549 0.972549 0.972549
v 0.6373016 17.68224 0.9770969 0.8627451 0.8627451 0.8627451
v -0.2307758 17.93601 -0.3612983 1 1 1
v 0.06975771 17.83011 -0.8887609 1 1 1
v 0.5060601 17.49832 -1.170363 0.9960784 0.9960784 0.9960784
v 0.6988027 18.22475 0.6406052 0.8235294 0.8235294 0.8235294
v 1.054116 17.7637 1.085892 0.6431373 0.6431373 0.6431373
v 0.2890268 18.30393 -0.1889065 0.9764706 0.9764706 0.9764706
v 0.5960634 18.11515 -0.7905571 0.972549 0.972549 0.972549
v 0.9549079 17.58533 -1.077619 0.9647059 0.9647059 0.9647059
v 1.277454 18.23477 0.7761194 0.4313726 0.4313726 0.4313726
v 1.706195 17.91533 1.053396 0.1843137 0.1843137 0.1843137
v 0.8719642 18.4718 0.07465433 0.8039216 0.8039216 0.8039216
v 1.140984 18.24845 -0.6237007 0.8235294 0.8235294 0.8235294
v 1.332617 17.57394 -0.9676085 0.8745098 0.8745098 0.8745098
v 1.931027 18.11073 0.7681676 0.08235294 0.08235294 0.08235294
v 2.54762 17.74217 0.6196742 0.003921569 0.003921569 0.003921569
v 2.561167 17.74353 0.5834361 0.003921569 0.003921569 0.003921569
v 1.50743 18.43152 0.2506257 0.3411765 0.3411765 0.3411765
v 1.691181 18.19722 -0.4496802 0.4588235 0.4588235 0.4588235
v 1.669551 17.55053 -0.85021 0.7254902 0.7254902 0.7254902
v 2.101043 18.17973 0.3988128 0.05098039 0.05098039 0.05098039
v 2.573684 17.74399 0.5468069 0.003921569 0.003921569 0.003921569
v 2.185079 18.12534 0.04360573 0.07843138 0.07843138 0.07843138
v 2.194054 17.96794 -0.2900659 0.1647059 0.1647059 0.1647059
v 2.584559 17.7436 0.5118495 0.003921569 0.003921569 0.003921569
v 2.594484 17.7424 0.4766289 0.007843138 0.007843138 0.007843138
v 2.625442 17.48664 0.7130111 0.01176471 0.01176471 0.01176471
v 2.205689 17.48199 1.602614 0.2235294 0.2235294 0.2235294
v 2.582814 17.47792 0.7306325 0.01176471 0.01176471 0.01176471
v 2.503605 17.69474 1.44407 0.09411765 0.09411765 0.09411765
v 2.668641 17.49409 0.696214 0.01176471 0.01176471 0.01176471
v 2.160296 17.23731 2.24645 0.7215686 0.7215686 0.7215686
v 2.857824 17.8055 1.297748 0.04705882 0.04705882 0.04705882
v 2.695487 17.49804 0.6862957 0.01176471 0.01176471 0.01176471
v 2.564416 17.66577 2.135112 0.4784314 0.4784314 0.4784314
v 2.294877 17.0323 2.69752 0.9215686 0.9215686 0.9215686
v 3.276585 17.79834 1.16574 0.06666667 0.06666667 0.06666667
v 2.722517 17.5015 0.6767017 0.01176471 0.01176471 0.01176471
v 3.682827 17.65678 1.077613 0.172549 0.172549 0.172549
v 2.766316 17.47404 2.724793 0.8745098 0.8745098 0.8745098
v 2.529658 16.8009 3.094086 0.9921569 0.9921569 0.9921569
v 3.097214 17.87354 1.955546 0.3490196 0.3490196 0.3490196
v 3.731497 17.79069 1.711473 0.4313726 0.4313726 0.4313726
v 4.237347 17.38819 1.485945 0.7058824 0.7058824 0.7058824
v 3.065436 17.12824 3.200474 0.9921569 0.9921569 0.9921569
v 2.845069 16.43987 3.424794 1 1 1
v 3.358931 17.68977 2.58196 0.8392157 0.8392157 0.8392157
v 4.030626 17.59099 2.240998 0.854902 0.854902 0.854902
v 4.474326 17.14367 1.816473 0.9137255 0.9137255 0.9137255
v 3.350106 16.60347 3.516075 1 1 1
v 3.190067 15.91258 3.589125 1 1 1
v 3.668974 17.28512 3.071429 0.9882353 0.9882353 0.9882353
v 4.256227 17.21986 2.68986 0.9882353 0.9882353 0.9882353
v 4.607057 16.9221 2.1579 0.9843137 0.9843137 0.9843137
v 3.583558 15.96295 3.615766 1 1 1
v 3.477748 15.28763 3.494443 1 1 1
v 3.868307 16.69994 3.405062 1 1 1
v 4.385736 16.70758 3.040036 1 1 1
v 4.696399 16.59981 2.498825 1 1 1
v 3.699722 15.29352 3.478803 1 1 1
v 3.824914 14.70244 3.089707 1 1 1
v 3.855961 14.70509 3.080351 1 1 1
v 3.967608 16.01403 3.52645 1 1 1
v 4.3815 16.07181 3.267149 1 1 1
v 4.676404 16.11642 2.876097 1 1 1
v 3.915989 15.31204 3.429433 1 1 1
v 3.88679 14.70825 3.070442 1 1 1
v 4.184874 15.35536 3.313891 1 1 1
v 4.420676 15.41807 3.146587 1 1 1
v 3.92202 14.7125 3.058346 1 1 1
v 3.956909 14.71742 3.045531 1 1 1
v 5.458752 17.21637 3.836973 1 1 1
v 5.443885 17.21499 3.847727 1 1 1
v 4.953928 17.76307 3.859773 1 1 1
v 5.13662 17.80501 3.768765 1 1 1
v 5.473474 17.2177 3.826013 1 1 1
v 4.358104 18.10789 3.701469 1 1 1
v 5.306769 17.83129 3.651395 1 1 1
v 5.496136 17.21965 3.808516 1 1 1
v 4.700624 18.26925 3.574717 1 1 1
v 3.79073 18.21622 3.433747 1 1 1
v 5.5167 17.84056 3.447488 1 1 1
v 5.518427 17.22146 3.790532 1 1 1
v 5.682895 17.81714 3.207561 1 1 1
v 4.226743 18.57822 3.271102 1 1 1
v 3.41187 18.29881 3.108592 0.9764706 0.9764706 0.9764706
v 5.02577 18.35083 3.35781 1 1 1
v 5.358724 18.33092 2.996164 1 1 1
v 5.572574 18.18119 2.579162 1 1 1
v 3.795713 18.75723 2.86838 0.972549 0.972549 0.972549
v 3.087316 18.33031 2.747369 0.8784314 0.8784314 0.8784314
v 4.687792 18.73711 2.939757 1 1 1
v 5.080493 18.6608 2.506885 1 1 1
v 5.325547 18.36478 2.059962 1 1 1
v 3.369951 18.77331 2.430251 0.8352941 0.8352941 0.8352941
v 2.792083 18.299 2.329329 0.6313726 0.6313726 0.6313726
v 4.268784 18.95213 2.476698 0.972549 0.972549 0.972549
v 4.734101 18.82431 2.008874 0.972549 0.972549 0.972549
v 5.049729 18.39213 1.602277 0.972549 0.972549 0.972549
v 3.01381 18.66276 1.935862 0.4509804 0.4509804 0.4509804
v 2.600246 18.28147 1.656615 0.172549 0.172549 0.172549
v 3.784579 18.97638 2.025848 0.8039216 0.8039216 0.8039216
v 4.339308 18.8373 1.540705 0.8235294 0.8235294 0.8235294
v 4.773725 18.31903 1.216494 0.8745098 0.8745098 0.8745098
v 2.787377 18.4284 1.343669 0.08627451 0.08627451 0.08627451
v 2.714317 18.00347 0.7539782 0.003921569 0.003921569 0.003921569
v 2.740937 18.00569 0.7286653 0.003921569 0.003921569 0.003921569
v 3.386957 18.82048 1.520914 0.3686275 0.3686275 0.3686275
v 3.960503 18.6813 1.090713 0.4509804 0.4509804 0.4509804
v 4.480251 18.20958 0.8888724 0.682353 0.682353 0.682353
v 3.049971 18.48874 1.057413 0.0627451 0.0627451 0.0627451
v 2.768157 18.00732 0.7039528 0.003921569 0.003921569 0.003921569
v 3.329326 18.4648 0.8452923 0.07843138 0.07843138 0.07843138
v 3.630042 18.36898 0.6903818 0.1411765 0.1411765 0.1411765
v 2.794434 18.00832 0.6811506 0.003921569 0.003921569 0.003921569
v 2.82121 18.00879 0.6589189 0.003921569 0.003921569 0.003921569
v 2.538458 18.07841 0.6567008 0.007843138 0.007843138 0.007843138
v 2.491374 18.07594 0.6867175 0.007843138 0.007843138 0.007843138
v 1.988046 18.64737 0.9208333 0.1568628 0.1568628 0.1568628
v 2.291113 18.67904 0.8370324 0.08627451 0.08627451 0.08627451
v 2.584284 18.08148 0.6248491 0.007843138 0.007843138 0.007843138
v 1.421871 19.02509 0.80773 0.5764706 0.5764706 0.5764706
v 2.567328 18.70242 0.6852628 0.05882353 0.05882353 0.05882353
v 2.630983 18.08533 0.5894737 0.007843138 0.007843138 0.007843138
v 1.927037 19.20383 0.7762586 0.4156863 0.4156863 0.4156863
v 1.200661 19.35015 0.575518 0.8117647 0.8117647 0.8117647
v 2.844373 18.71785 0.4227937 0.0627451 0.0627451 0.0627451
v 2.676121 18.08982 0.5521992 0.007843138 0.007843138 0.007843138
v 3.038427 18.7181 0.09381822 0.1333333 0.1333333 0.1333333
v 1.674661 19.63729 0.48768 0.7568628 0.7568628 0.7568628
v 0.9809432 19.58212 0.249273 0.9333333 0.9333333 0.9333333
v 2.407964 19.29165 0.5546116 0.3333333 0.3333333 0.3333333
v 2.807279 19.27059 0.1518386 0.3568628 0.3568628 0.3568628
v 3.025728 19.13622 -0.3544677 0.4862745 0.4862745 0.4862745
v 1.391693 19.9157 0.0625912 0.9333333 0.9333333 0.9333333
v 0.8207133 19.76822 -0.219025 0.9803922 0.9803922 0.9803922
v 2.158048 19.76417 0.2325683 0.7254902 0.7254902 0.7254902
v 2.616584 19.68654 -0.2068891 0.7294118 0.7294118 0.7294118
v 2.878203 19.38958 -0.7096523 0.7686275 0.7686275 0.7686275
v 1.148117 20.01788 -0.4840905 0.9843137 0.9843137 0.9843137
v 0.679221 19.75309 -0.8045041 0.9960784 0.9960784 0.9960784
v 1.85078 20.04934 -0.231047 0.9294118 0.9294118 0.9294118
v 2.311875 19.9429 -0.6114723 0.9254902 0.9254902 0.9254902
v 2.645603 19.59689 -0.9823754 0.9098039 0.9098039 0.9098039
v 0.9392797 19.88239 -1.06287 1 1 1
v 0.6704317 19.48857 -1.451991 1 1 1
v 1.536294 20.10308 -0.7701647 0.9843137 0.9843137 0.9843137
v 1.97276 19.99453 -1.064493 0.9803922 0.9803922 0.9803922
v 2.353251 19.69148 -1.293198 0.9686275 0.9686275 0.9686275
v 0.8298409 19.51569 -1.588498 1 1 1
v 0.8616789 18.97701 -1.9636 1 1 1
v 0.8747913 18.97732 -1.970731 1 1 1
v 1.250244 19.91668 -1.293579 1 1 1
v 1.592582 19.85121 -1.480436 0.9960784 0.9960784 0.9960784
v 1.9322 19.69004 -1.60325 0.9921569 0.9921569 0.9921569
v 1.005962 19.522 -1.705642 1 1 1
v 0.887979 18.97756 -1.977725 1 1 1
v 1.215471 19.5045 -1.809412 1 1 1
v 1.433999 19.46178 -1.882829 1 1 1
v 0.8972588 18.97771 -1.982541 1 1 1
v 0.9065744 18.97783 -1.98729 1 1 1
v 2.712625 17.96872 0.5734194 0.003921569 0.003921569 0.003921569
v 2.733423 17.96715 0.5313635 0.003921569 0.003921569 0.003921569
v 3.629851 18.08232 0.2245664 0.1372549 0.1372549 0.1372549
v 3.434368 18.23954 0.5347594 0.06666667 0.06666667 0.06666667
v 2.69268 17.96898 0.6159153 0.003921569 0.003921569 0.003921569
v 4.31392 17.91569 0.2038056 0.5686275 0.5686275 0.5686275
v 3.257159 18.28963 0.8886493 0.04705882 0.04705882 0.04705882
v 2.680841 17.96849 0.6422644 0.003921569 0.003921569 0.003921569
v 4.124123 18.27637 0.6433197 0.4 0.4 0.4
v 4.804204 17.76036 0.3580239 0.8588235 0.8588235 0.8588235
v 3.101296 18.21593 1.292522 0.07450981 0.07450981 0.07450981
v 2.66934 17.96751 0.6687487 0.003921569 0.003921569 0.003921569
v 3.002366 18.0149 1.670192 0.172549 0.172549 0.172549
v 4.730274 18.14979 0.8689169 0.8196079 0.8196079 0.8196079
v 5.24403 17.57395 0.6077094 0.9764706 0.9764706 0.9764706
v 3.888687 18.39598 1.181418 0.345098 0.345098 0.345098
v 3.622085 18.20929 1.783764 0.4352941 0.4352941 0.4352941
v 3.423403 17.7251 2.225174 0.654902 0.654902 0.654902
v 5.252063 17.86789 1.172561 0.9764706 0.9764706 0.9764706
v 5.644685 17.25867 0.9248675 1 1 1
v 4.521096 18.27705 1.467402 0.8117647 0.8117647 0.8117647
v 4.166479 18.05502 2.101545 0.8392157 0.8392157 0.8392157
v 3.801427 17.50072 2.471239 0.8823529 0.8823529 0.8823529
v 5.667741 17.40255 1.443449 1 1 1
v 5.932071 16.76065 1.255123 1 1 1
v 5.062384 17.94162 1.775976 0.9803922 0.9803922 0.9803922
v 4.673412 17.74859 2.329297 0.9803922 0.9803922 0.9803922
v 4.198298 17.31887 2.6197 0.9764706 0.9764706 0.9764706
v 5.92442 16.79391 1.651251 1 1 1
v 6.019368 16.11571 1.516227 1 1 1
v 5.510996 17.43129 1.958004 1 1 1
v 5.130444 17.31234 2.450005 1 1 1
v 4.6181 17.05383 2.717797 1 1 1
v 5.992247 16.10699 1.736999 1 1 1
v 5.822246 15.41345 1.830612 1 1 1
v 5.811119 15.41175 1.861138 1 1 1
v 5.806006 16.79566 2.030799 1 1 1
v 5.521528 16.75415 2.429835 1 1 1
v 5.120355 16.66964 2.701498 1 1 1
v 5.929431 16.09964 1.950429 1 1 1
v 5.799306 15.41032 1.891419 1 1 1
v 5.793586 16.09235 2.213143 1 1 1
v 5.604111 16.08821 2.440315 1 1 1
v 5.784851 15.40903 1.925988 1 1 1
v 5.769506 15.4081 1.960184 1 1 1
v 2.609715 17.94996 0.6951272 0.003921569 0.003921569 0.003921569
v 2.197232 18.37907 0.6698388 0.04313726 0.04313726 0.04313726
v 2.580896 17.95114 0.674909 0.003921569 0.003921569 0.003921569
v 2.381285 18.39854 0.7436544 0.02745098 0.02745098 0.02745098
v 2.637786 17.94853 0.716356 0.003921569 0.003921569 0.003921569
v 1.780331 18.65481 0.8269483 0.227451 0.227451 0.227451
v 2.549568 18.39909 0.8503484 0.01568628 0.01568628 0.01568628
v 2.666426 17.94674 0.7397127 0.003921569 0.003921569 0.003921569
v 2.092019 18.76084 0.9067158 0.1607843 0.1607843 0.1607843
v 1.574096 18.90042 1.086273 0.4745098 0.4745098 0.4745098
v 2.721923 18.37447 1.016802 0.02745098 0.02745098 0.02745098
v 2.694157 17.94467 0.7641191 0.003921569 0.003921569 0.003921569
v 2.850072 18.32369 1.214331 0.05098039 0.05098039 0.05098039
v 1.87681 19.04663 1.197695 0.4235294 0.4235294 0.4235294
v 1.367845 19.07283 1.399078 0.7333333 0.7333333 0.7333333
v 2.385276 18.78874 1.073979 0.1333333 0.1333333 0.1333333
v 2.635619 18.72953 1.323297 0.1568628 0.1568628 0.1568628
v 2.79065 18.58724 1.613221 0.2196078 0.2196078 0.2196078
v 1.64486 19.23142 1.552494 0.7215686 0.7215686 0.7215686
v 1.206033 19.19572 1.794105 0.8980392 0.8980392 0.8980392
v 2.175487 19.08673 1.383739 0.4 0.4 0.4
v 2.460665 18.99639 1.655343 0.4196078 0.4196078 0.4196078
v 2.638526 18.77672 1.944074 0.4745098 0.4745098 0.4745098
v 1.433921 19.30782 1.970039 0.9058824 0.9058824 0.9058824
v 1.050432 19.1959 2.244685 0.972549 0.972549 0.972549
v 1.933558 19.27003 1.753967 0.7176471 0.7176471 0.7176471
v 2.214623 19.17081 1.995018 0.7176471 0.7176471 0.7176471
v 2.419725 18.94054 2.222741 0.7215686 0.7215686 0.7215686
v 1.22879 19.24915 2.404217 0.972549 0.972549 0.972549
v 0.9546646 19.04784 2.736269 0.9960784 0.9960784 0.9960784
v 1.679406 19.32335 2.156983 0.9058824 0.9058824 0.9058824
v 1.939592 19.22746 2.352372 0.8980392 0.8980392 0.8980392
v 2.158688 19.02506 2.513925 0.8862745 0.8862745 0.8862745
v 1.057011 19.05195 2.821712 0.9960784 0.9960784 0.9960784
v 0.9377949 18.72918 3.178504 1 1 1
v 0.94574 18.72801 3.183407 1 1 1
v 1.423257 19.24324 2.553365 0.972549 0.972549 0.972549
v 1.624741 19.17691 2.684561 0.9686275 0.9686275 0.9686275
v 1.816525 19.05416 2.786336 0.9647059 0.9647059 0.9647059
v 1.165142 19.04062 2.898986 0.9960784 0.9960784 0.9960784
v 0.9537147 18.72679 3.188245 1 1 1
v 1.289231 19.01027 2.973303 0.9960784 0.9960784 0.9960784
v 1.414991 18.96193 3.034046 0.9921569 0.9921569 0.9921569
v 0.9593177 18.72589 3.191597 1 1 1
v 0.9649345 18.72497 3.194917 1 1 1
v 3.085145 16.76491 -3.281195 1 1 1
v 3.102118 16.76384 -3.277504 1 1 1
v 3.424346 17.3083 -2.988964 1 1 1
v 3.244711 17.34246 -3.06243 1 1 1
v 3.06812 16.76594 -3.28465 1 1 1
v 3.693579 17.67765 -2.501759 1 1 1
v 3.054506 17.36418 -3.109156 1 1 1
v 3.041473 16.76749 -3.289563 1 1 1
v 3.387902 17.81703 -2.674173 1 1 1
v 3.867011 17.82908 -1.945416 0.9960784 0.9960784 0.9960784
v 2.778328 17.37269 -3.127487 1 1 1
v 3.01472 16.76895 -3.293899 1 1 1
v 2.504556 17.35512 -3.089769 1 1 1
v 3.477703 18.15409 -2.177173 0.9960784 0.9960784 0.9960784
v 3.880322 17.94857 -1.48218 0.9490196 0.9490196 0.9490196
v 3.029744 17.88764 -2.770756 1 1 1
v 2.564772 17.87081 -2.772741 1 1 1
v 2.136105 17.74199 -2.645708 1 1 1
v 3.470261 18.3721 -1.63652 0.9529412 0.9529412 0.9529412
v 3.833631 18.01888 -1.029763 0.8078431 0.8078431 0.8078431
v 2.953385 18.29633 -2.302699 0.9960784 0.9960784 0.9960784
v 2.400301 18.22709 -2.296615 0.9960784 0.9960784 0.9960784
v 1.930182 17.96042 -2.1602 0.9960784 0.9960784 0.9960784
v 3.433929 18.43843 -1.063516 0.7490196 0.7490196 0.7490196
v 3.728222 18.03168 -0.5566165 0.4941176 0.4941176 0.4941176
v 2.896202 18.55115 -1.735283 0.9568627 0.9568627 0.9568627
v 2.272264 18.43119 -1.75347 0.9607843 0.9607843 0.9607843
v 1.784935 18.0297 -1.680436 0.9647059 0.9647059 0.9647059
v 3.313374 18.38472 -0.4929282 0.3294118 0.3294118 0.3294118
v 3.378782 18.06655 0.004299584 0.1098039 0.1098039 0.1098039
v 2.888128 18.62938 -1.11412 0.7333333 0.7333333 0.7333333
v 2.195197 18.49457 -1.182823 0.7882353 0.7882353 0.7882353
v 1.689716 18.00007 -1.237622 0.8666667 0.8666667 0.8666667
v 3.041334 18.21256 0.05934319 0.05490196 0.05490196 0.05490196
v 2.672733 17.8517 0.518913 0.003921569 0.003921569 0.003921569
v 2.638098 17.85373 0.516157 0.003921569 0.003921569 0.003921569
v 2.786336 18.53602 -0.5041125 0.2862745 0.2862745 0.2862745
v 2.119936 18.39675 -0.620698 0.4156863 0.4156863 0.4156863
v 1.646174 17.93377 -0.8163636 0.6901961 0.6901961 0.6901961
v 2.674242 18.27098 0.05206955 0.04313726 0.04313726 0.04313726
v 2.603499 17.85513 0.5126517 0.003921569 0.003921569 0.003921569
v 2.348051 18.2446 -0.006748345 0.07450981 0.07450981 0.07450981
v 2.048037 18.14585 -0.1106546 0.145098 0.145098 0.145098
v 2.570835 17.85589 0.5086499 0.003921569 0.003921569 0.003921569
v 2.538252 17.85608 0.5039831 0.003921569 0.003921569 0.003921569
v 2.567399 17.63589 0.7409412 0.007843138 0.007843138 0.007843138
v 2.598344 17.62914 0.7682046 0.007843138 0.007843138 0.007843138
v 2.671371 17.6853 1.611437 0.1411765 0.1411765 0.1411765
v 2.469173 17.86432 1.380792 0.07450981 0.07450981 0.07450981
v 2.535725 17.64155 0.7142718 0.007843138 0.007843138 0.007843138
v 2.518077 17.52154 2.192053 0.5529412 0.5529412 0.5529412
v 2.213306 17.95395 1.151385 0.05490196 0.05490196 0.05490196
v 2.515886 17.64448 0.6981682 0.007843138 0.007843138 0.007843138
v 2.224257 17.89576 1.950451 0.372549 0.372549 0.372549
v 2.263126 17.3872 2.56372 0.8392157 0.8392157 0.8392157
v 1.895805 17.94021 0.9237216 0.09411765 0.09411765 0.09411765
v 2.495795 17.647 0.682309 0.007843138 0.007843138 0.007843138
v 1.573162 17.81024 0.7452981 0.2117647 0.2117647 0.2117647
v 1.881215 17.7902 2.411701 0.7921569 0.7921569 0.7921569
v 1.935723 17.23316 2.867151 0.9607843 0.9607843 0.9607843
v 1.831251 18.06993 1.634305 0.3294118 0.3294118 0.3294118
v 1.358183 17.98215 1.260148 0.4509804 0.4509804 0.4509804
v 0.9756038 17.61145 0.9640003 0.6980392 0.6980392 0.6980392
v 1.476665 17.5514 2.770355 0.9647059 0.9647059 0.9647059
v 1.548406 16.96846 3.110815 0.9960784 0.9960784 0.9960784
v 1.430127 17.97679 2.10661 0.7843137 0.7843137 0.7843137
v 0.9481521 17.86476 1.645549 0.8235294 0.8235294 0.8235294
v 0.6623925 17.43068 1.212713 0.8941177 0.8941177 0.8941177
v 1.110628 17.14543 3.027187 1 1 1
v 1.163054 16.54437 3.235448 1 1 1
v 1.010826 17.68957 2.478317 0.9686275 0.9686275 0.9686275
v 0.6103012 17.59739 2.005924 0.9686275 0.9686275 0.9686275
v 0.4336591 17.2732 1.500184 0.972549 0.972549 0.972549
v 0.8278995 16.6114 3.143469 1 1 1
v 0.8766751 15.99452 3.184359 1 1 1
v 0.7087848 17.23198 2.780231 1 1 1
v 0.3663374 17.2004 2.333511 1 1 1
v 0.2352291 17.03193 1.811732 0.9960784 0.9960784 0.9960784
v 0.6932443 16.00871 3.110721 1 1 1
v 0.612704 15.42261 2.864929 1 1 1
v 0.5890346 15.42478 2.848377 1 1 1
v 0.5304435 16.65765 2.957289 1 1 1
v 0.2518066 16.68037 2.620332 1 1 1
v 0.1063291 16.66226 2.207777 1 1 1
v 0.5245026 16.02669 3.00838 1 1 1
v 0.5657496 15.42723 2.831329 1 1 1
v 0.3305306 16.05561 2.832586 1 1 1
v 0.1797001 16.089 2.619277 1 1 1
v 0.5394105 15.43043 2.811079 1 1 1
v 0.5136195 15.43401 2.790198 1 1 1
v 2.683032 18.10742 0.661074 0 0 0
v 2.909814 18.47731 1.118487 0.05490196 0.05490196 0.05490196
v 2.683892 18.10366 0.7017928 0 0 0
v 2.853199 18.52937 0.9002673 0.03529412 0.03529412 0.03529412
v 2.683643 18.11094 0.6203289 0 0 0
v 3.299162 18.67243 1.432833 0.2470588 0.2470588 0.2470588
v 2.83795 18.56015 0.6714555 0.02745098 0.02745098 0.02745098
v 2.685867 18.11437 0.5775598 0 0 0
v 3.169508 18.84882 1.106011 0.1843137 0.1843137 0.1843137
v 3.628534 18.86771 1.4783 0.4705882 0.4705882 0.4705882
v 2.87559 18.56716 0.39439 0.04313726 0.04313726 0.04313726
v 2.689709 18.11753 0.5348839 0.007843138 0.007843138 0.007843138
v 2.972286 18.54073 0.1332723 0.07450981 0.07450981 0.07450981
v 3.547895 19.09496 1.145163 0.4313726 0.4313726 0.4313726
v 3.995884 18.98492 1.47735 0.6980392 0.6980392 0.6980392
v 3.128997 18.93538 0.7244359 0.1607843 0.1607843 0.1607843
v 3.188541 18.91755 0.3131168 0.1921569 0.1921569 0.1921569
v 3.345165 18.78982 -0.05047929 0.2627451 0.2627451 0.2627451
v 3.984571 19.22221 1.141655 0.6980392 0.6980392 0.6980392
v 4.406447 19.05813 1.373001 0.8627451 0.8627451 0.8627451
v 3.52647 19.19931 0.7479537 0.4196078 0.4196078 0.4196078
v 3.577796 19.15095 0.2841025 0.4431373 0.4431373 0.4431373
v 3.700967 18.93286 -0.1126245 0.4980392 0.4980392 0.4980392
v 4.44819 19.22825 1.059914 0.8745098 0.8745098 0.8745098
v 4.845356 18.99119 1.206784 0.9490196 0.9490196 0.9490196
v 3.988451 19.32338 0.7430658 0.7019608 0.7019608 0.7019608
v 4.009148 19.26409 0.3023863 0.7058824 0.7058824 0.7058824
v 4.043776 19.03874 -0.07992273 0.7058824 0.7058824 0.7058824
v 4.894112 19.08114 0.941139 0.9568627 0.9568627 0.9568627
v 5.248673 18.76792 0.9347744 0.9803922 0.9803922 0.9803922
v 4.465606 19.29339 0.7075524 0.8784314 0.8784314 0.8784314
v 4.454648 19.23631 0.3179649 0.8745098 0.8745098 0.8745098
v 4.413569 19.05169 -0.027554 0.854902 0.854902 0.854902
v 5.264021 18.79022 0.7822692 0.9843137 0.9843137 0.9843137
v 5.501321 18.38888 0.5983719 0.9921569 0.9921569 0.9921569
v 5.500404 18.38935 0.5874953 0.9921569 0.9921569 0.9921569
v 4.905562 19.11168 0.6583482 0.9568627 0.9568627 0.9568627
v 4.87817 19.07977 0.3717977 0.9490196 0.9490196 0.9490196
v 4.813222 18.98646 0.1054227 0.9411765 0.9411765 0.9411765
v 5.262895 18.79906 0.6276371 0.9843137 0.9843137 0.9843137
v 5.499388 18.38978 0.5766259 0.9921569 0.9921569 0.9921569
v 5.242439 18.79293 0.4573568 0.9803922 0.9803922 0.9803922
v 5.20226 18.77023 0.2920643 0.9803922 0.9803922 0.9803922
v 5.498618 18.39005 0.5690178 0.9921569 0.9921569 0.9921569
v 5.497798 18.39031 0.5614142 0.9921569 0.9921569 0.9921569
v 1.798482 15.92915 -1.842109 1 1 1
v 1.49376 16.3806 -1.694248 1 1 1
v 1.783243 15.92903 -1.836364 1 1 1
v 1.656581 16.38898 -1.780679 1 1 1
v 1.813772 15.9293 -1.847715 1 1 1
v 1.256791 16.76452 -1.391452 0.9960784 0.9960784 0.9960784
v 1.827463 16.39478 -1.850086 1 1 1
v 1.837717 15.92956 -1.856184 1 1 1
v 1.546095 16.8172 -1.588872 0.9960784 0.9960784 0.9960784
v 1.099218 17.02717 -0.9984925 0.9647059 0.9647059 0.9647059
v 2.077982 16.39846 -1.91752 1 1 1
v 1.861778 15.92987 -1.864314 1 1 1
v 2.335593 16.39684 -1.948424 1 1 1
v 1.49769 17.18052 -1.302991 0.9529412 0.9529412 0.9529412
v 1.114547 17.24621 -0.6833897 0.8901961 0.8901961 0.8901961
v 1.869381 16.84306 -1.731226 0.9960784 0.9960784 0.9960784
v 2.296532 16.83658 -1.822946 0.9921569 0.9921569 0.9921569
v 2.730731 16.78814 -1.816931 0.9882353 0.9882353 0.9882353
v 1.551786 17.47477 -0.976191 0.827451 0.827451 0.827451
v 1.210651 17.4247 -0.3757919 0.7450981 0.7450981 0.7450981
v 1.974642 17.24285 -1.511915 0.945098 0.945098 0.945098
v 2.489038 17.20882 -1.607342 0.9411765 0.9411765 0.9411765
v 2.996919 17.08139 -1.581166 0.945098 0.945098 0.945098
v 1.643032 17.67545 -0.5959309 0.5764706 0.5764706 0.5764706
v 1.384913 17.56261 -0.05638993 0.4862745 0.4862745 0.4862745
v 2.077109 17.56314 -1.189203 0.7921569 0.7921569 0.7921569
v 2.661126 17.49619 -1.302913 0.8 0.8 0.8
v 3.217093 17.27416 -1.293206 0.8509804 0.8509804 0.8509804
v 1.822131 17.79272 -0.2042821 0.254902 0.254902 0.254902
v 1.821526 17.72289 0.2493743 0.1372549 0.1372549 0.1372549
v 2.146422 17.77985 -0.7802913 0.4745098 0.4745098 0.4745098
v 2.792424 17.69483 -0.9328767 0.5137255 0.5137255 0.5137255
v 3.384559 17.38739 -0.9847028 0.7058824 0.7058824 0.7058824
v 2.1463 17.82396 0.1725984 0.05882353 0.05882353 0.05882353
v 2.552107 17.71194 0.5200543 0.007843138 0.007843138 0.007843138
v 2.583395 17.71287 0.5110508 0.007843138 0.007843138 0.007843138
v 2.307483 17.88235 -0.3538962 0.1647059 0.1647059 0.1647059
v 2.927886 17.78402 -0.5264473 0.2196078 0.2196078 0.2196078
v 3.478795 17.46271 -0.6591245 0.4941176 0.4941176 0.4941176
v 2.480633 17.85964 0.08021315 0.03137255 0.03137255 0.03137255
v 2.614621 17.71326 0.5017946 0.007843138 0.007843138 0.007843138
v 2.777155 17.83505 -0.01270825 0.03921569 0.03921569 0.03921569
v 3.062205 17.75788 -0.1124906 0.07843138 0.07843138 0.07843138
v 2.644087 17.71315 0.492811 0.007843138 0.007843138 0.007843138
v 2.673479 17.71255 0.4836068 0.007843138 0.007843138 0.007843138
v 5.006078 15.16108 -0.1760613 1 1 1
v 4.985719 15.70805 -0.3725917 1 1 1
v 5.002921 15.16309 -0.1888999 1 1 1
v 5.045251 15.68954 -0.2345257 1 1 1
v 5.009091 15.1591 -0.1631829 1 1 1
v 4.786597 16.20947 -0.5247088 1 1 1
v 5.086266 15.6705 -0.08994219 1 1 1
v 5.013504 15.15609 -0.1430219 1 1 1
v 4.94081 16.20616 -0.2784671 1 1 1
v 4.460736 16.60294 -0.6223369 0.9686275 0.9686275 0.9686275
v 5.111349 15.64343 0.1197869 1 1 1
v 5.017565 15.15316 -0.1227743 1 1 1
v 5.097642 15.61685 0.3306266 1 1 1
v 4.71732 16.67035 -0.2842764 0.972549 0.972549 0.972549
v 4.164351 16.92723 -0.5880109 0.8666667 0.8666667 0.8666667
v 5.03181 16.18284 -0.003508173 1 1 1
v 5.048964 16.1287 0.3502309 1 1 1
v 4.959848 16.05143 0.688526 1 1 1
v 4.418648 17.0656 -0.2178583 0.8470588 0.8470588 0.8470588
v 3.845102 17.20056 -0.4997935 0.6431373 0.6431373 0.6431373
v 4.85502 16.65965 0.122649 0.972549 0.972549 0.972549
v 4.855231 16.57234 0.5432917 0.972549 0.972549 0.972549
v 4.717982 16.42022 0.9208952 0.9686275 0.9686275 0.9686275
v 4.038039 17.37417 -0.1353053 0.5372549 0.5372549 0.5372549
v 3.487722 17.42521 -0.3604885 0.3137255 0.3137255 0.3137255
v 4.557977 17.07617 0.2308081 0.8392157 0.8392157 0.8392157
v 4.556633 16.94924 0.7043992 0.8431373 0.8431373 0.8431373
v 4.405835 16.70367 1.101082 0.8627451 0.8627451 0.8627451
v 3.610156 17.59407 0.007097941 0.1882353 0.1882353 0.1882353
v 3.105507 17.64876 -0.01657054 0.07058824 0.07058824 0.07058824
v 4.157253 17.40766 0.2946778 0.4901961 0.4901961 0.4901961
v 4.178178 17.25172 0.8192183 0.5333334 0.5333334 0.5333334
v 4.057896 16.91279 1.232204 0.6627451 0.6627451 0.6627451
v 3.150957 17.71385 0.2582594 0.02745098 0.02745098 0.02745098
v 2.670594 17.67675 0.5648124 0.007843138 0.007843138 0.007843138
v 2.674338 17.67384 0.5911342 0 0 0
v 3.696164 17.62154 0.4199796 0.145098 0.145098 0.145098
v 3.735868 17.44996 0.9232239 0.2 0.2 0.2
v 3.69143 17.08338 1.307815 0.3921569 0.3921569 0.3921569
v 3.193955 17.70941 0.5410405 0.01960784 0.01960784 0.01960784
v 2.678193 17.67033 0.6173671 0 0 0
v 3.228198 17.64672 0.786639 0.02745098 0.02745098 0.02745098
v 3.256781 17.53165 1.013277 0.05882353 0.05882353 0.05882353
v 2.681938 17.66646 0.6420831 0 0 0
v 2.685778 17.66206 0.666696 0.007843138 0.007843138 0.007843138
v 2.612444 17.9881 0.5807171 0.003921569 0.003921569 0.003921569
v 2.73651 18.32909 -0.08336955 0.07450981 0.07450981 0.07450981
v 2.647763 17.98448 0.5554891 0.003921569 0.003921569 0.003921569
v 2.557364 18.38591 0.07629456 0.05490196 0.05490196 0.05490196
v 2.576588 17.99104 0.6052688 0.003921569 0.003921569 0.003921569
v 2.701353 18.47323 -0.7476048 0.427451 0.427451 0.427451
v 2.360883 18.41517 0.2224225 0.05098039 0.05098039 0.05098039
v 2.538373 17.99338 0.630313 0.003921569 0.003921569 0.003921569
v 2.418767 18.63898 -0.4847988 0.3254902 0.3254902 0.3254902
v 2.423191 18.60143 -1.214174 0.7882353 0.7882353 0.7882353
v 2.105764 18.41292 0.3768712 0.07450981 0.07450981 0.07450981
v 2.499618 17.99497 0.6545759 0.007843138 0.007843138 0.007843138
v 1.838794 18.36956 0.5025352 0.1333333 0.1333333 0.1333333
v 2.108395 18.7895 -0.9724482 0.7490196 0.7490196 0.7490196
v 2.088103 18.61962 -1.660135 0.9568627 0.9568627 0.9568627
v 2.089404 18.71479 -0.2354613 0.3098039 0.3098039 0.3098039
v 1.711649 18.69216 -0.002672881 0.3686275 0.3686275 0.3686275
v 1.328471 18.56534 0.1830496 0.509804 0.509804 0.509804
v 1.747846 18.80125 -1.450051 0.9529412 0.9529412 0.9529412
v 1.643154 18.55533 -2.042853 0.9960784 0.9960784 0.9960784
v 1.756665 18.8723 -0.7227905 0.7372549 0.7372549 0.7372549
v 1.338775 18.83147 -0.4485055 0.7764706 0.7764706 0.7764706
v 0.9378029 18.64983 -0.2081799 0.8431373 0.8431373 0.8431373
v 1.323842 18.67976 -1.872128 0.9960784 0.9960784 0.9960784
v 1.161364 18.34458 -2.373281 1 1 1
v 1.387763 18.87691 -1.210227 0.9490196 0.9490196 0.9490196
v 1.002336 18.83374 -0.9348866 0.9607843 0.9607843 0.9607843
v 0.6503523 18.66382 -0.6638466 0.9686275 0.9686275 0.9686275
v 0.8995392 18.41014 -2.23439 1 1 1
v 0.6372218 17.98968 -2.587466 1 1 1
v 1.005619 18.72756 -1.664667 0.9960784 0.9960784 0.9960784
v 0.6758283 18.689 -1.406533 0.9960784 0.9960784 0.9960784
v 0.3858835 18.55743 -1.131758 0.9960784 0.9960784 0.9960784
v 0.4977971 18.00682 -2.500913 1 1 1
v 0.153993 17.49726 -2.647717 1 1 1
v 0.1449684 17.49761 -2.640384 1 1 1
v 0.6487755 18.43331 -2.064916 1 1 1
v 0.4129933 18.41265 -1.866508 1 1 1
v 0.2042624 18.34804 -1.648238 1 1 1
v 0.3646153 18.01406 -2.403779 1 1 1
v 0.1359876 17.49794 -2.632997 1 1 1
v 0.2257915 18.01042 -2.284855 1 1 1
v 0.09768999 17.99457 -2.155369 1 1 1
v 0.1297244 17.49814 -2.627789 1 1 1
v 0.1234831 17.49833 -2.622554 1 1 1
v 2.666615 17.88974 0.5951965 0.003921569 0.003921569 0.003921569
v 3.47911 18.17274 0.8006083 0.07450981 0.07450981 0.07450981
v 2.697335 17.88065 0.6401167 0.003921569 0.003921569 0.003921569
v 3.281396 18.29616 0.5931572 0.04313726 0.04313726 0.04313726
v 2.637226 17.89754 0.5491573 0.003921569 0.003921569 0.003921569
v 4.236118 18.1418 0.7677642 0.4745098 0.4745098 0.4745098
v 3.103703 18.36615 0.3464025 0.03529412 0.03529412 0.03529412
v 2.607835 17.90432 0.4996694 0.003921569 0.003921569 0.003921569
v 3.956532 18.47944 0.4695574 0.3333333 0.3333333 0.3333333
v 4.725718 18.1732 0.4955197 0.8156863 0.8156863 0.8156863
v 2.927919 18.37466 0.01284103 0.06666667 0.06666667 0.06666667
v 2.580011 17.90966 0.4491093 0.003921569 0.003921569 0.003921569
v 2.806849 18.29945 -0.3363305 0.1529412 0.1529412 0.1529412
v 4.520263 18.5439 0.1383675 0.7803922 0.7803922 0.7803922
v 5.172397 18.08304 0.1681656 0.9686275 0.9686275 0.9686275
v 3.66572 18.65079 0.06070045 0.3019608 0.3019608 0.3019608
v 3.391675 18.62437 -0.427667 0.3882353 0.3882353 0.3882353
v 3.195002 18.38895 -0.896917 0.5764706 0.5764706 0.5764706
v 5.039545 18.42243 -0.2493881 0.9686275 0.9686275 0.9686275
v 5.556723 17.91686 -0.2885235 1 1 1
v 4.246298 18.72683 -0.307358 0.7764706 0.7764706 0.7764706
v 3.904234 18.67098 -0.8360212 0.8117647 0.8117647 0.8117647
v 3.597743 18.34514 -1.282678 0.8705882 0.8705882 0.8705882
v 5.453309 18.13569 -0.7072055 1 1 1
v 5.837758 17.55959 -0.7944492 1 1 1
v 4.787451 18.58511 -0.715409 0.972549 0.972549 0.972549
v 4.42557 18.53329 -1.190951 0.9764706 0.9764706 0.9764706
v 4.035921 18.2543 -1.551669 0.972549 0.972549 0.972549
v 5.730027 17.66789 -1.146574 1 1 1
v 5.906344 17.03556 -1.343503 1 1 1
v 5.229531 18.2396 -1.123146 1 1 1
v 4.876723 18.207 -1.518528 1 1 1
v 4.461173 18.0257 -1.794773 1 1 1
v 5.813735 17.06848 -1.52785 1 1 1
v 5.678496 16.41462 -1.799635 1 1 1
v 5.669172 16.41682 -1.810833 1 1 1
v 5.534614 17.72532 -1.471912 1 1 1
v 5.260865 17.72712 -1.750399 1 1 1
v 4.9326 17.67168 -1.954517 1 1 1
v 5.694611 17.09474 -1.697448 1 1 1
v 5.659729 16.41903 -1.821931 1 1 1
v 5.534832 17.11535 -1.863644 1 1 1
v 5.350078 17.12653 -2.002624 1 1 1
v 5.653048 16.42058 -1.829644 1 1 1
v 5.64631 16.42214 -1.837306 1 1 1
v 2.591449 17.83937 0.705451 0.003921569 0.003921569 0.003921569
v 1.869522 18.17456 1.145918 0.145098 0.145098 0.145098
v 2.536738 17.84123 0.6903862 0.003921569 0.003921569 0.003921569
v 2.178658 18.24748 1.193094 0.08627451 0.08627451 0.08627451
v 2.645647 17.83595 0.7220302 0.003921569 0.003921569 0.003921569
v 1.296334 18.13212 1.67084 0.6627451 0.6627451 0.6627451
v 2.489341 18.25739 1.273626 0.05882353 0.05882353 0.05882353
v 2.701931 17.8307 0.7410486 0.003921569 0.003921569 0.003921569
v 1.761823 18.39748 1.773745 0.4901961 0.4901961 0.4901961
v 1.097989 18.08995 2.207528 0.9098039 0.9098039 0.9098039
v 2.845415 18.1847 1.409853 0.07843138 0.07843138 0.07843138
v 2.757458 17.82374 0.7616774 0.003921569 0.003921569 0.003921569
v 3.155713 18.02448 1.579194 0.1568628 0.1568628 0.1568628
v 1.548457 18.37263 2.41366 0.8784314 0.8784314 0.8784314
v 0.9504495 17.90964 2.731813 0.9882353 0.9882353 0.9882353
v 2.28232 18.46941 1.920702 0.4117647 0.4117647 0.4117647
v 2.810747 18.32397 2.10089 0.4588235 0.4588235 0.4588235
v 3.233691 17.97395 2.278252 0.6313726 0.6313726 0.6313726
v 1.378126 18.14345 3.028037 0.9882353 0.9882353 0.9882353
v 0.9246081 17.61768 3.294832 1 1 1
v 2.081391 18.44666 2.602924 0.8588235 0.8588235 0.8588235
v 2.684963 18.26259 2.761096 0.8745098 0.8745098 0.8745098
v 3.16577 17.82937 2.826999 0.9058824 0.9058824 0.9058824
v 1.311395 17.72904 3.587538 1 1 1
v 0.9835748 17.12126 3.782216 1 1 1
v 1.903892 18.19141 3.243887 0.9882353 0.9882353 0.9882353
v 2.489227 18.02569 3.348489 0.9882353 0.9882353 0.9882353
v 2.986959 17.66378 3.300557 0.9882353 0.9882353 0.9882353
v 1.313691 17.13927 3.998372 1 1 1
v 1.213411 16.45187 4.11836 1 1 1
v 1.773366 17.73035 3.772644 1 1 1
v 2.302448 17.60507 3.82629 1 1 1
v 2.780646 17.36486 3.716171 1 1 1
v 1.411052 16.43884 4.201953 1 1 1
v 1.601886 15.72343 4.159201 1 1 1
v 1.616812 15.72301 4.16186 1 1 1
v 1.687401 17.1171 4.124365 1 1 1
v 2.083597 17.05504 4.150345 1 1 1
v 2.465445 16.95791 4.07126 1 1 1
v 1.618822 16.42436 4.255263 1 1 1
v 1.631764 15.72264 4.164368 1 1 1
v 1.855337 16.40702 4.277563 1 1 1
v 2.092229 16.38878 4.260636 1 1 1
v 1.642252 15.72241 4.166036 1 1 1
v 1.652752 15.7222 4.16763 1 1 1
v 2.516394 17.64067 0.6491283 0.007843138 0.007843138 0.007843138
v 2.011275 17.47785 1.059058 0.1137255 0.1137255 0.1137255
v 2.515759 17.63143 0.6764748 0.007843138 0.007843138 0.007843138
v 2.012916 17.6022 0.8468366 0.07450981 0.07450981 0.07450981
v 2.516928 17.64941 0.6216164 0.007843138 0.007843138 0.007843138
v 1.55155 17.26148 1.222331 0.4235294 0.4235294 0.4235294
v 2.015891 17.69166 0.6177206 0.05882353 0.05882353 0.05882353
v 2.517207 17.65454 0.6046074 0.007843138 0.007843138 0.007843138
v 1.52407 17.48102 0.9247628 0.3019608 0.3019608 0.3019608
v 1.12873 17.06968 1.20781 0.7568628 0.7568628 0.7568628
v 2.020621 17.74718 0.352598 0.06666667 0.06666667 0.06666667
v 2.517448 17.65948 0.5875413 0.007843138 0.007843138 0.007843138
v 2.026737 17.75598 0.08189696 0.1019608 0.1019608 0.1019608
v 1.065822 17.3031 0.8886044 0.682353 0.682353 0.682353
v 0.729846 16.86277 1.087147 0.9294118 0.9294118 0.9294118
v 1.518409 17.62691 0.5839072 0.2588235 0.2588235 0.2588235
v 1.539081 17.69312 0.1652866 0.2901961 0.2901961 0.2901961
v 1.587213 17.64718 -0.2537917 0.4156863 0.4156863 0.4156863
v 0.6491522 17.06734 0.7599236 0.9098039 0.9098039 0.9098039
v 0.3689049 16.60462 0.888001 0.9921569 0.9921569 0.9921569
v 1.048828 17.45885 0.5201086 0.6470588 0.6470588 0.6470588
v 1.089126 17.52909 0.05538597 0.6745098 0.6745098 0.6745098
v 1.191015 17.47085 -0.4015071 0.7607843 0.7607843 0.7607843
v 0.298476 16.7508 0.597375 0.9921569 0.9921569 0.9921569
v 0.07785537 16.27716 0.6344161 1 1 1
v 0.6311789 17.20636 0.3914315 0.9019608 0.9019608 0.9019608
v 0.6856715 17.27322 -0.03606862 0.9098039 0.9098039 0.9098039
v 0.8140554 17.24377 -0.4518166 0.9254902 0.9254902 0.9254902
v 0.0334196 16.36662 0.4105423 1 1 1
v -0.1100809 15.88366 0.36038 1 1 1
v 0.2837479 16.8597 0.2831869 0.9921569 0.9921569 0.9921569
v 0.338663 16.93357 -0.09789041 0.9921569 0.9921569 0.9921569
v 0.4683085 16.94418 -0.4677167 0.9921569 0.9921569 0.9921569
v -0.1286313 15.92645 0.2315531 1 1 1
v -0.1846726 15.4795 -0.01395188 1 1 1
v -0.1850684 15.48518 -0.03313296 1 1 1
v 0.02373215 16.44215 0.177523 1 1 1
v 0.06022805 16.51368 -0.115326 1 1 1
v 0.1490232 16.55826 -0.4022692 1 1 1
v -0.1354618 15.96719 0.100916 1 1 1
v -0.1852078 15.49087 -0.05231653 1 1 1
v -0.1263068 16.01763 -0.07392465 1 1 1
v -0.09645538 16.06318 -0.2477965 1 1 1
v -0.1850495 15.49743 -0.07442199 1 1 1
v -0.1845507 15.50398 -0.09652183 1 1 1
vn -0.08995579 0.9932582 0.07311595
vn -0.6982718 0.2185877 -0.6816422
vn -0.008786638 0.3016355 -0.9533828
vn -0.6945004 -0.009180023 -0.7194338
vn 0.0166191 0.03948835 -0.9990819
vn 0.6690126 0.3423541 -0.659709
vn -0.08995579 0.9932582 0.07311595
vn 0.7133195 0.05480638 -0.6986928
vn 0.01061346 0.001273706 -0.9999429
vn 0.7098082 -0.0368757 -0.703429
vn -0.6988735 0.0270434 -0.714734
vn 0.007173171 -0.01922504 -0.9997895
vn 0.7039873 -0.09672091 -0.7035957
vn -0.6980189 0.06222184 -0.7133709
vn 0.003117038 -0.02021655 -0.9997907
vn 0.700174 -0.1227466 -0.7033418
vn -0.6969516 0.1004405 -0.7100494
vn 0.02574381 -0.0326754 -0.9991344
vn 0.6969926 -0.2094333 -0.6858127
vn -0.6690154 0.1772949 -0.7217928
vn 0.04617466 -0.05135485 -0.9976125
vn 0.6368511 -0.3953641 -0.6618972
vn -0.5660585 0.366673 -0.7383283
vn 0.06548531 -0.01750695 -0.9976999
vn 0.517698 -0.5571076 -0.6493226
vn -0.4073021 0.5751926 -0.7094071
vn 0.005590559 0.1244472 -0.9922105
vn 0.5565671 -0.4032633 -0.7263689
vn -0.4909675 0.5586119 -0.6685085
vn 0.01433815 0.1263621 -0.9918806
vn 0.7138027 -0.07371389 -0.6964567
vn -0.6646585 0.2779135 -0.6935367
vn 0.05018577 0.1131748 -0.9923069
vn 0.7460824 0.09018411 -0.6597181
vn -0.6695595 0.06104435 -0.7402457
vn 0.06683327 0.1073827 -0.9919689
vn 0.7499288 0.1256076 -0.649484
vn -0.6536992 0.008910146 -0.7567021
vn 0.07260327 0.1157555 -0.9906207
vn 0.752465 0.1184745 -0.6478891
vn -0.6521052 0.04511626 -0.7567849
vn 0.07647637 0.0972745 -0.992315
vn 0.7554482 0.06441872 -0.6520339
vn -0.6507723 0.0801954 -0.7550259
vn 0.07930047 0.08473778 -0.9932427
vn 0.7547401 0.005455067 -0.6560013
vn -0.645023 0.1341202 -0.7523013
vn 0.09206062 0.13679 -0.986313
vn 0.7612866 0.01205005 -0.6483036
vn -0.6194012 0.2475517 -0.7450237
vn 0.1034977 -0.006119152 -0.9946109
vn 0.7647952 -0.1464378 -0.6274108
vn 0.04344117 -0.1945945 -0.9799213
vn 0.7072395 -0.3491536 -0.614739
vn -0.6612641 -0.0402327 -0.7490736
vn -0.6229878 0.1369959 -0.7701417
vn -0.9934101 0.02563962 -0.1117098
vn -0.97508 0.200417 -0.09514299
vn -0.8100339 -0.02427452 0.5858804
vn -0.9561984 0.2840436 -0.07073888
vn -0.7568883 0.1506791 0.635937
vn -0.1714859 -0.172627 0.9699446
vn -0.9903161 0.1236877 -0.06304991
vn -0.08598994 0.01254223 0.9962171
vn 0.555408 -0.3343757 0.76139
vn -0.725035 0.2296629 0.6492913
vn -0.9973365 0.02232513 -0.06943668
vn 0.6311778 -0.1337202 0.7640246
vn 0.908045 -0.4054838 0.1050579
vn -0.7428325 0.05882209 0.6668882
vn -0.04919399 0.109799 0.9927356
vn -0.9956796 -0.05286053 -0.07634129
vn 0.975107 -0.1998669 0.09601837
vn 0.7072395 -0.3491536 -0.614739
vn 0.7647952 -0.1464378 -0.6274108
vn -0.7502764 -0.04214946 0.6597793
vn -0.05163532 -0.02144954 0.9984357
vn 0.6668462 -0.008240407 0.7451499
vn 0.9966173 -0.04944027 0.06564813
vn 0.7612866 0.01205005 -0.6483036
vn -0.9902943 -0.1124082 -0.081741
vn -0.7496572 -0.1201218 0.650834
vn -0.05759883 -0.07459254 0.9955493
vn 0.6670861 -0.06941889 0.7417393
vn 0.9966201 -0.05799723 0.05817795
vn 0.7547401 0.005455067 -0.6560013
vn -0.9970629 -0.03673675 -0.06720068
vn -0.7462458 -0.1859611 0.639168
vn -0.05954195 -0.1164246 0.9914131
vn 0.6651214 -0.0563169 0.7446086
vn 0.9979793 0.001140774 0.0635281
vn 0.7554482 0.06441872 -0.6520339
vn -0.9588242 0.2810347 -0.04093638
vn -0.7573382 -0.1280959 0.6403362
vn -0.06197908 -0.1681804 0.9838058
vn 0.6629098 -0.0446419 0.7473672
vn 0.9962365 0.05235701 0.06907662
vn 0.752465 0.1184745 -0.6478891
vn -0.7032728 0.7103951 -0.02731518
vn -0.7449003 0.1407135 0.6521682
vn -0.07982863 -0.1600462 0.9838763
vn 0.6607046 -0.06900022 0.747468
vn 0.9961253 0.05276034 0.0703612
vn 0.7499288 0.1256076 -0.649484
vn -0.5725302 0.8194895 -0.02542127
vn -0.5519038 0.528159 0.6453297
vn -0.09713345 -0.06127157 0.9933836
vn 0.6526264 -0.1071859 0.75006
vn 0.9978498 -0.0003544453 0.06554069
vn 0.7460824 0.09018411 -0.6597181
vn -0.8115413 0.5836927 -0.0265239
vn -0.373456 0.6394936 0.671996
vn -0.0361407 0.09683637 0.9946439
vn 0.6171479 -0.2048121 0.759724
vn 0.9758056 -0.2126506 0.05082364
vn 0.7138027 -0.07371389 -0.6964567
vn -0.9560066 0.2932689 -0.006693322
vn -0.5444307 0.4574038 0.7031195
vn 0.09531095 0.0846364 0.991843
vn 0.5121586 -0.3974682 0.7613887
vn 0.7730996 -0.6335411 0.03070392
vn 0.5565671 -0.4032633 -0.7263689
vn -0.9856607 0.1686621 -0.005120114
vn -0.6585959 0.2469411 0.7108246
vn 0.07704295 0.06853615 0.9946694
vn 0.5351031 -0.4898509 0.6882665
vn 0.6854081 -0.7278039 0.02274495
vn 0.517698 -0.5571076 -0.6493226
vn -0.9950225 0.09956041 -0.004242735
vn -0.6954145 0.1461519 0.7035896
vn 0.03895765 0.06526992 0.9971069
vn 0.6591068 -0.3172246 0.6818701
vn 0.8712669 -0.4906481 0.01258956
vn 0.6368511 -0.3953641 -0.6618972
vn -0.9996696 0.02499762 -0.005987669
vn -0.7020344 0.06996636 0.7086977
vn 0.7087899 -0.1422002 0.6909384
vn 0.9675196 -0.2527874 0.002102955
vn 0.6969926 -0.2094333 -0.6858127
vn 0.009849737 0.04424424 0.9989722
vn -0.9979556 -0.06294216 -0.01108536
vn 0.9891847 -0.1466278 -0.0037437
vn 0.700174 -0.1227466 -0.7033418
vn 0.709569 -0.07792015 0.7003145
vn -0.7065786 -0.004019265 0.7076231
vn 0.005828647 -0.008873092 0.9999437
vn -0.989902 0.1416536 0.005321764
vn -0.08995579 0.9932582 0.07311595
vn 0.9920516 -0.125819 -0.001781118
vn 0.7039873 -0.09672091 -0.7035957
vn 0.706095 -0.08982383 0.702397
vn -0.7032743 -0.08915792 0.7053057
vn 0.005064628 -0.04265239 0.9990771
vn 0.9978567 -0.06539708 -0.002272941
vn 0.7098082 -0.0368757 -0.703429
vn 0.7095094 -0.06792548 0.7014147
vn -0.7042821 0.1173781 0.7001493
vn -0.08995579 0.9932582 0.07311595
vn 0.01080544 -0.07217911 0.9973332
vn 0.9995807 0.02895493 0.0002826361
vn 0.7133195 0.05480638 -0.6986928
vn 0.7135003 -0.0231477 0.7002725
vn -0.01305138 0.1602166 0.9869956
vn -0.08995579 0.9932582 0.07311595
vn 0.6695156 0.2436256 0.701709
vn -0.08995579 0.9932582 0.07311595
vn 0.9476994 0.3184353 0.02156116
vn -0.08995579 0.9932582 0.07311595
vn 0.6690126 0.3423541 -0.659709
vn -0.08995579 0.9932582 0.07311595
vn 0.7850211 0.5781842 -0.2223621
vn 0.4919081 0.7148108 -0.4970634
vn 0.7618889 0.5281388 -0.3749597
vn 0.6371841 0.7109498 -0.2975682
vn 0.8083534 0.5886252 -0.009226531
vn 0.1928348 0.7982674 -0.5705996
vn 0.6834921 0.7298135 0.0145189
vn 0.8323631 0.5167602 0.2003263
vn 0.3012854 0.8730487 -0.383423
vn -0.02726793 0.8201851 -0.5714481
vn 0.7087991 0.6170479 0.3418417
vn 0.8454151 0.3902343 0.3646787
vn 0.595979 0.5728604 0.5627077
vn 0.004740998 0.9342973 -0.3564633
vn -0.2572713 0.8155501 -0.5183525
vn 0.3861434 0.9203872 0.06148688
vn 0.3935659 0.7711946 0.5003645
vn 0.3164827 0.6205042 0.7175049
vn -0.2946754 0.9086127 -0.295955
vn -0.5093576 0.7544829 -0.4138967
vn 0.06301201 0.9908016 0.1197569
vn 0.1075428 0.7938228 0.5985649
vn 0.1085951 0.6036722 0.7898018
vn -0.5873834 0.7891171 -0.1796523
vn -0.7681173 0.5839255 -0.2627297
vn -0.2706006 0.9455163 0.1810368
vn -0.1763757 0.7562449 0.6300677
vn -0.09323246 0.5719299 0.8149871
vn -0.8356462 0.5461447 -0.0584917
vn -0.9562172 0.2712602 -0.109848
vn -0.5741261 0.7829019 0.2396744
vn -0.4478302 0.6294425 0.63502
vn -0.3164853 0.5087034 0.8006608
vn -0.9813538 0.1881747 0.0391812
vn -0.9993246 -0.03319177 -0.01577248
vn -0.9956343 -0.008109852 0.09298706
vn -0.8092462 0.5195806 0.2741471
vn -0.6958376 0.4270917 0.5774103
vn -0.5566822 0.3839583 0.7366688
vn -0.9476685 0.1831695 0.2614827
vn -0.9687904 -0.0006614825 0.2478807
vn -0.8713109 0.1226048 0.4751687
vn -0.7776855 0.1487567 0.6108001
vn -0.9183522 -0.04175233 0.3935556
vn -0.8654633 -0.09748981 0.4913949
vn -0.9979354 -0.0207266 -0.06078964
vn -0.9671133 0.1595144 0.1981087
vn -0.9976413 -0.04683646 0.05018263
vn -0.9901006 0.1388087 0.02081037
vn -0.9688212 -0.002730781 -0.247746
vn -0.8093476 0.3778946 0.4496133
vn -0.9535881 0.1704161 -0.2482498
vn -0.8943529 -0.0369925 -0.4458302
vn -0.8844305 0.4250696 0.1926099
vn -0.6280324 0.4604473 0.6273465
vn -0.8316091 0.1377078 -0.5380176
vn -0.8047803 -0.09442311 -0.5860145
vn -0.6761032 0.1865156 -0.7128088
vn -0.7055758 0.6058986 0.367491
vn -0.4896416 0.4962088 0.7169574
vn -0.8437891 0.4903564 -0.2181066
vn -0.6344623 0.4537977 -0.6257198
vn -0.4096665 0.4183847 -0.8106341
vn -0.512272 0.7163895 0.4736703
vn -0.3434907 0.5405143 0.7680224
vn -0.6443109 0.7433563 -0.1796799
vn -0.3741727 0.6478733 -0.6635171
vn -0.1369206 0.5110247 -0.8485909
vn -0.289437 0.7725917 0.5650915
vn -0.1613181 0.6054632 0.7793528
vn -0.3881991 0.9154294 -0.1062565
vn -0.101263 0.7536643 -0.6494121
vn 0.09640621 0.5261727 -0.8448954
vn -0.02368549 0.8047199 0.5931821
vn 0.134357 0.6457043 0.7516743
vn -0.1097919 0.993832 0.0156131
vn 0.1352968 0.7953826 -0.5908141
vn 0.25118 0.5085423 -0.8235857
vn 0.345632 0.7464687 0.568615
vn 0.4867335 0.5365493 0.6893514
vn 0.5401427 0.6856067 0.4880465
vn 0.1804028 0.9802676 0.08081067
vn 0.3516501 0.7710406 -0.5308847
vn 0.3594739 0.5270368 -0.7700718
vn 0.4748452 0.8649624 0.1623641
vn 0.616689 0.7563557 0.218222
vn 0.5977014 0.7696401 -0.2245153
vn 0.5698537 0.6060561 -0.554944
vn 0.7115223 0.7015716 -0.0391569
vn 0.7783505 0.5902705 -0.2138953
vn -0.474636 0.823548 -0.3106274
vn -0.6417259 0.7659753 0.03833731
vn -0.622658 0.7267709 -0.290002
vn -0.5070737 0.8550975 -0.1080951
vn -0.2610926 0.8910153 -0.371379
vn -0.6234732 0.7012888 0.3456518
vn -0.2023304 0.9586229 -0.2002613
vn -0.04862307 0.8727288 -0.4857779
vn -0.4666284 0.843283 0.2667053
vn -0.5621542 0.6060032 0.5627992
vn 0.1193244 0.9285001 -0.351638
vn 0.1139341 0.7867663 -0.6066446
vn 0.371807 0.8708426 -0.3215475
vn -0.3751982 0.743333 0.5537891
vn -0.4427145 0.484499 0.7544963
vn -0.07227818 0.9875408 0.1397826
vn 0.3628737 0.9314311 -0.02754758
vn 0.596564 0.7980556 -0.08496292
vn -0.2191404 0.5812668 0.7836494
vn -0.2777658 0.2963064 0.91381
vn 0.06335051 0.8945362 0.4424836
vn 0.5216627 0.8272613 0.2085827
vn 0.717059 0.694169 0.06289494
vn -0.05960456 0.3295053 0.9422705
vn -0.1011686 0.01810667 0.9947045
vn 0.222016 0.6948701 0.6840062
vn 0.6310245 0.6535168 0.418
vn 0.7901319 0.5728825 0.2179385
vn 0.07506508 0.00636447 0.9971583
vn 0.03578436 -0.3091263 0.9503475
vn 0.3266952 0.4016032 0.8555613
vn 0.683983 0.4071017 0.6053392
vn 0.8249355 0.403349 0.3959685
vn 0.1487226 -0.3494017 0.9250946
vn 0.1010173 -0.5320155 0.8406873
vn 0.1861061 -0.5152084 0.8366151
vn 0.3729618 0.0490697 0.9265482
vn 0.6601447 0.08291245 0.7465484
vn 0.8035849 0.1557551 0.5744489
vn 0.346104 -0.3209269 0.8815997
vn 0.3254895 -0.4917443 0.8076164
vn 0.5532315 -0.3011264 0.7766967
vn 0.6939146 -0.2082911 0.6892731
vn 0.4689797 -0.4828607 0.7395294
vn 0.5654674 -0.4832311 0.6683819
vn 0.4479932 0.3422986 0.8259139
vn 0.3794118 0.3140537 0.8702971
vn 0.2226589 0.4667915 0.8558789
vn 0.3523008 0.4646906 0.8123711
vn 0.5640327 0.3669935 0.7397181
vn -0.05657289 0.614742 0.7866967
vn 0.5195358 0.5027615 0.6908788
vn 0.6905488 0.3476802 0.6342403
vn 0.1336308 0.6661247 0.7337716
vn -0.2841843 0.6678059 0.6879496
vn 0.6980074 0.4852378 0.5266212
vn 0.7810494 0.3043266 0.5452956
vn 0.7752877 0.5159661 0.3642911
vn -0.09443791 0.7798914 0.6187494
vn -0.4384913 0.6875942 0.5787396
vn 0.3936565 0.7331389 0.5545647
vn 0.6363909 0.7122688 0.2961079
vn 0.7250757 0.6819099 0.09625037
vn -0.2746555 0.8386211 0.4704031
vn -0.5666865 0.6979718 0.4378376
vn 0.249083 0.8948426 0.3704245
vn 0.5418179 0.8388833 0.05204017
vn 0.647767 0.7465165 -0.1520235
vn -0.4452285 0.8443505 0.2980667
vn -0.6634228 0.7025014 0.2576081
vn 0.07700387 0.9826706 0.1686086
vn 0.4140249 0.892254 -0.1801841
vn 0.5494571 0.7511214 -0.3659421
vn -0.5737476 0.815176 0.07938329
vn -0.7468288 0.6650133 -0.001996555
vn -0.1218617 0.9922528 -0.02417115
vn 0.266559 0.8889691 -0.3723979
vn 0.4511024 0.7220599 -0.5245342
vn -0.6755064 0.7060465 -0.2125781
vn -0.8051769 0.5239474 -0.2777937
vn -0.6773558 0.6300858 -0.3797117
vn -0.2745968 0.9329324 -0.2328815
vn 0.1268653 0.8299634 -0.5431997
vn 0.3371234 0.704563 -0.6244507
vn -0.4282953 0.7945839 -0.4303484
vn -0.5093674 0.6872045 -0.5179718
vn -0.1862835 0.7463149 -0.6389934
vn 0.07175411 0.6823617 -0.7274846
vn -0.3533926 0.6570044 -0.6659272
vn -0.2454414 0.5883715 -0.7704399
vn 0.4344476 -0.08716559 0.8964695
vn 0.3178843 -0.1285708 0.9393717
vn 0.1430105 0.152573 0.9778903
vn 0.3376155 0.1025523 0.9356809
vn 0.5927938 -0.05354112 0.8035726
vn -0.06374769 0.4220702 0.9043191
vn 0.571725 0.1465648 0.8072481
vn 0.737222 -0.0679468 0.6722255
vn 0.1301293 0.4415736 0.8877382
vn -0.2112424 0.6059718 0.7669256
vn 0.7862593 0.1308207 0.6038893
vn 0.832716 -0.1113255 0.5423934
vn 0.8775097 0.2105887 0.4308471
vn -0.02979657 0.6977291 0.7157418
vn -0.3396445 0.7584817 0.5561898
vn 0.4718294 0.508426 0.7203333
vn 0.7498095 0.4942335 0.4399079
vn 0.842554 0.4879717 0.2280054
vn -0.1930113 0.8677673 0.4579593
vn -0.4544042 0.8490373 0.2695413
vn 0.3245007 0.787217 0.5243936
vn 0.6416082 0.7346098 0.220652
vn 0.7542711 0.655641 0.03478567
vn -0.3337212 0.9346039 0.1230676
vn -0.5499163 0.8306736 -0.08702534
vn 0.1426779 0.9591565 0.2442578
vn 0.4663211 0.8844086 -0.01913251
vn 0.6167793 0.7713624 -0.1567908
vn -0.456184 0.8566392 -0.2409675
vn -0.6125196 0.6505412 -0.4490166
vn -0.04675449 0.9954254 -0.08332052
vn 0.261183 0.9213437 -0.2879395
vn 0.4304173 0.8274369 -0.3606789
vn -0.5397757 0.6191846 -0.5703093
vn -0.6183102 0.4241797 -0.6616374
vn -0.5449844 0.4553027 -0.7040536
vn -0.2246164 0.8861682 -0.4052818
vn 0.0241119 0.8394026 -0.542975
vn 0.1974369 0.7969493 -0.5708683
vn -0.3761975 0.6414914 -0.6685539
vn -0.4271755 0.4778994 -0.7675502
vn -0.2014457 0.6143211 -0.7629084
vn -0.06243824 0.6334743 -0.7712404
vn -0.3061283 0.4598091 -0.8335833
vn -0.2212905 0.4260598 -0.8772135
vn -0.3399944 0.8595802 -0.3814784
vn -0.3026223 0.7854605 -0.5398811
vn -0.002180669 0.8426226 -0.5385001
vn -0.1564399 0.9022093 -0.4019267
vn -0.4192774 0.8928018 -0.1646553
vn 0.2803407 0.8077706 -0.5185708
vn -0.2763116 0.9565146 -0.09344398
vn -0.5457518 0.8371835 0.03576
vn 0.1793129 0.9185407 -0.3523205
vn 0.480297 0.7448774 -0.4631117
vn -0.4439342 0.8709593 0.2106001
vn -0.6702356 0.7207056 0.1771095
vn -0.4316629 0.7813314 0.4507644
vn 0.4382276 0.8584751 -0.266415
vn 0.6603037 0.6635936 -0.3516284
vn 0.01189116 0.9988571 0.04629405
vn -0.1716311 0.8708423 0.4606261
vn -0.229154 0.7063998 0.6696923
vn 0.6550239 0.7456756 -0.1221126
vn 0.827059 0.5258833 -0.1985452
vn 0.2790724 0.9439059 0.1765225
vn 0.03497527 0.7913835 0.6103187
vn -0.0964352 0.6179807 0.7802563
vn 0.8333447 0.5523699 0.02059318
vn 0.9532632 0.2997617 -0.03784619
vn 0.5111468 0.7977722 0.3198258
vn 0.2383878 0.6664416 0.7064183
vn 0.05472017 0.5323772 0.8447368
vn 0.9492526 0.2833553 0.1364889
vn 0.9965277 0.004769541 0.08312459
vn 0.7124426 0.573119 0.4049199
vn 0.4505606 0.4911213 0.7455166
vn 0.2459986 0.4231276 0.8720366
vn 0.9803152 -0.04030101 0.1932819
vn 0.9661019 -0.2181857 0.1379925
vn 0.9525853 -0.2066873 0.2232971
vn 0.8551521 0.2872756 0.4314945
vn 0.658857 0.2524808 0.7086331
vn 0.4696327 0.2592814 0.8439303
vn 0.9207046 -0.03555492 0.3886372
vn 0.9107102 -0.1992275 0.3618223
vn 0.8052003 -0.05897019 0.5900634
vn 0.6863055 -0.01268262 0.7272029
vn 0.8366648 -0.2189558 0.5020462
vn 0.7650783 -0.2468029 0.5947635
vn 0.457703 0.3255077 -0.827377
vn 0.1978799 0.4755057 -0.8571686
vn 0.3641599 0.2980546 -0.8823554
vn 0.3587265 0.4543956 -0.8153772
vn 0.5956809 0.3396422 -0.7278787
vn 0.007232967 0.6427664 -0.7660281
vn 0.5592994 0.4716994 -0.6816772
vn 0.729917 0.3053182 -0.6115571
vn 0.1690302 0.6663316 -0.7262444
vn -0.1198756 0.7597689 -0.639047
vn 0.7501236 0.4257378 -0.5060256
vn 0.8192943 0.2503373 -0.5158373
vn 0.8290885 0.4339326 -0.352583
vn 0.03867591 0.8209801 -0.5696453
vn -0.2155839 0.8601957 -0.4621546
vn 0.4618174 0.6953192 -0.5506868
vn 0.7078301 0.6368259 -0.3056623
vn 0.797458 0.587463 -0.1376518
vn -0.07780104 0.9272103 -0.3663715
vn -0.289734 0.9276419 -0.2356581
vn 0.3483852 0.8595442 -0.373914
vn 0.6264749 0.7717848 -0.1089843
vn 0.7303936 0.6818429 0.04019219
vn -0.171149 0.9785224 -0.1148995
vn -0.3501533 0.9358484 0.03975487
vn 0.2197993 0.9623787 -0.1597359
vn 0.4983543 0.8635281 0.07721588
vn 0.6228173 0.7570854 0.1972825
vn -0.258974 0.9525509 0.159935
vn -0.4078718 0.8508079 0.3313103
vn 0.08524928 0.9934093 0.07662009
vn 0.3439927 0.8995433 0.2692414
vn 0.4755245 0.8079111 0.3480749
vn -0.3448932 0.8354767 0.427817
vn -0.4422301 0.7336491 0.5159376
vn -0.3743009 0.7454354 0.5515659
vn -0.05451733 0.9489031 0.310823
vn 0.1527176 0.8812268 0.4473439
vn 0.2844087 0.8220373 0.4933218
vn -0.2005204 0.8306955 0.5193617
vn -0.2667515 0.7449687 0.6114454
vn -0.05607377 0.7870132 0.6143827
vn 0.05432929 0.7685046 0.6375335
vn -0.1642904 0.7140668 0.6805273
vn -0.1001481 0.6788554 0.7274103
vn 0.31244 0.2610275 -0.9133707
vn 0.3912393 0.2343778 -0.8899432
vn 0.4866094 0.397188 -0.7781085
vn 0.3672844 0.389753 -0.8445085
vn 0.1707664 0.2838209 -0.9435489
vn 0.6236747 0.5663083 -0.538818
vn 0.1651316 0.4249048 -0.8900492
vn 0.007538098 0.2633446 -0.9646724
vn 0.456941 0.6089686 -0.6483534
vn 0.7036994 0.6395617 -0.3094642
vn -0.07651957 0.4066767 -0.9103619
vn -0.1193411 0.2201267 -0.9681436
vn -0.2485236 0.4426933 -0.8615443
vn 0.5255098 0.7437411 -0.4131449
vn 0.7265674 0.6757628 -0.1242754
vn 0.1498368 0.6708049 -0.7263401
vn -0.2047744 0.6511719 -0.7307822
vn -0.4125319 0.6279979 -0.6598758
vn 0.5369825 0.8228106 -0.1860979
vn 0.708375 0.7029583 0.06367486
vn 0.111345 0.8524763 -0.5107705
vn -0.3214139 0.7985507 -0.5089301
vn -0.5441827 0.7128013 -0.44247
vn 0.5239524 0.8499979 0.05456635
vn 0.6398899 0.7248456 0.2552248
vn 0.07788461 0.9633905 -0.25654
vn -0.407316 0.874298 -0.2640013
vn -0.6365698 0.7369838 -0.2272308
vn 0.4481718 0.8427181 0.2982756
vn 0.5034506 0.7090538 0.4937411
vn 0.06873705 0.9974663 0.01833911
vn -0.4506377 0.8923194 -0.0263008
vn -0.6881059 0.7241516 -0.04598833
vn 0.2997463 0.758747 0.578321
vn 0.3376728 0.5895494 0.7337633
vn 0.1768286 0.693726 0.6981948
vn 0.01646627 0.9610399 0.2759188
vn -0.4835885 0.8530065 0.1962703
vn -0.6856285 0.7201166 0.1065168
vn -0.02720672 0.8452481 0.533681
vn -0.03816102 0.7488607 0.6616279
vn -0.3445665 0.7952308 0.4988808
vn -0.5837766 0.7210234 0.3732696
vn -0.2526819 0.7183783 0.6481392
vn -0.4029447 0.6498739 0.6444374
vn 0.5661362 0.8006824 -0.1959528
vn 0.6983231 0.7050604 -0.1234287
vn 0.6229785 0.7619007 0.177215
vn 0.540725 0.8411796 -0.005780136
vn 0.3833961 0.8643652 -0.3253924
vn 0.5201126 0.7245214 0.4522738
vn 0.2828807 0.9388462 -0.1963325
vn 0.2166118 0.8384408 -0.5000964
vn 0.4005107 0.8592628 0.3182117
vn 0.4016316 0.6598863 0.6350135
vn 0.0235359 0.8983213 -0.4387083
vn 0.09781001 0.7441847 -0.6607741
vn -0.223456 0.8430362 -0.4892416
vn 0.2357015 0.7989671 0.5532597
vn 0.2330194 0.5786489 0.7815801
vn 0.07098981 0.9955746 0.06157624
vn -0.2941284 0.9283443 -0.2273002
vn -0.5012847 0.7938974 -0.3441519
vn 0.02100942 0.6869361 0.7264141
vn 0.02341666 0.4403879 0.8975022
vn -0.138758 0.9453736 0.2949831
vn -0.508418 0.8589921 -0.06036408
vn -0.6571604 0.7135778 -0.2427898
vn -0.1875648 0.4894799 0.8516037
vn -0.1880393 0.2118357 0.9590448
vn -0.3607095 0.7988296 0.4814146
vn -0.6741588 0.7302892 0.110397
vn -0.7725394 0.6246449 -0.1140249
vn -0.3566455 0.2127531 0.9096923
vn -0.3402059 -0.08557611 0.936449
vn -0.5234501 0.5615808 0.6408018
vn -0.7899231 0.5373964 0.2953415
vn -0.8639494 0.5001597 0.05858095
vn -0.4453349 -0.1197795 0.887316
vn -0.4002551 -0.3070903 0.8634184
vn -0.4780188 -0.2860836 0.8304542
vn -0.6154222 0.2558226 0.7455269
vn -0.8334833 0.2674873 0.4834834
vn -0.9133021 0.3071998 0.2674091
vn -0.6174183 -0.08973941 0.7814996
vn -0.5997688 -0.2609348 0.7564327
vn -0.7826614 -0.08140139 0.6171021
vn -0.8803185 -0.007204256 0.4743282
vn -0.7165041 -0.2590343 0.6477061
vn -0.7887548 -0.2699799 0.5522469
vn -0.9427208 0.2952071 0.1553392
vn -0.7937814 0.4479801 0.4113696
vn -0.9326466 0.2493399 0.260768
vn -0.865187 0.4353405 0.2488575
vn -0.9430885 0.3324499 -0.007822771
vn -0.5751089 0.6208858 0.5326823
vn -0.8737698 0.4861497 0.01359839
vn -0.9298632 0.3192016 -0.1829342
vn -0.6443692 0.6623536 0.3821988
vn -0.3631814 0.7329087 0.5752774
vn -0.8467594 0.4707141 -0.2478442
vn -0.9064451 0.274426 -0.3210105
vn -0.7579421 0.5138741 -0.4018174
vn -0.3924271 0.8202942 0.416075
vn -0.1193568 0.8178323 0.5629426
vn -0.6718791 0.7390817 0.04834001
vn -0.6212938 0.7239534 -0.2998091
vn -0.5315965 0.699141 -0.4781288
vn -0.1049451 0.9079459 0.405735
vn 0.1540485 0.8525272 0.4994662
vn -0.4095014 0.9103419 0.05988639
vn -0.3661216 0.8701094 -0.3299464
vn -0.3129012 0.7995948 -0.5125827
vn 0.2043626 0.9185814 0.3382961
vn 0.4497347 0.8054414 0.3860089
vn -0.1032353 0.9932972 0.05199115
vn -0.08771673 0.942515 -0.3224457
vn -0.08180603 0.8575192 -0.5079061
vn 0.5105923 0.8253115 0.2411565
vn 0.7269222 0.6413363 0.2455034
vn 0.2164263 0.9760035 0.02401944
vn 0.2054471 0.9288406 -0.3082964
vn 0.1685421 0.8648511 -0.4728912
vn 0.7745315 0.618584 0.1321167
vn 0.8791541 0.4551809 0.1410618
vn 0.8729444 0.4832538 0.06658731
vn 0.5160971 0.8564618 -0.01082291
vn 0.4932066 0.8286521 -0.264732
vn 0.431959 0.8049259 -0.4068239
vn 0.7657165 0.6421334 -0.03664605
vn 0.8611867 0.5056119 -0.05209582
vn 0.7505072 0.6254995 -0.2132821
vn 0.6937693 0.6457986 -0.3187923
vn 0.8516895 0.4936323 -0.1759326
vn 0.8442997 0.4680357 -0.2609609
vn -0.4083415 -0.003095783 -0.912824
vn -0.5189425 0.1743335 -0.8368432
vn -0.45893 -0.01884165 -0.8882726
vn -0.4424641 0.1332527 -0.886831
vn -0.3221222 0.007089677 -0.9466715
vn -0.5906379 0.4199361 -0.6890578
vn -0.3167939 0.1474335 -0.9369658
vn -0.2229162 -0.01233323 -0.9747596
vn -0.4853542 0.3948498 -0.7800801
vn -0.617004 0.5936834 -0.5165715
vn -0.1649774 0.1286576 -0.97787
vn -0.1373287 -0.04897017 -0.9893143
vn -0.04648752 0.1935015 -0.979998
vn -0.504109 0.6050399 -0.61628
vn -0.6014103 0.7161793 -0.3541087
vn -0.2933322 0.4124325 -0.8624707
vn -0.06598259 0.4036664 -0.9125239
vn 0.08164888 0.4338751 -0.8972657
vn -0.4746796 0.7651927 -0.4349243
vn -0.5491289 0.8175078 -0.1736043
vn -0.240267 0.6383004 -0.7313306
vn 0.03993933 0.6187909 -0.7845398
vn 0.201652 0.6123559 -0.7644323
vn -0.4218857 0.8790867 -0.2218539
vn -0.4598586 0.887981 0.004462452
vn -0.1795486 0.8167613 -0.5483279
vn 0.1378163 0.7840783 -0.6051677
vn 0.3065627 0.7454827 -0.5918402
vn -0.3202447 0.9473348 4.145938E-05
vn -0.3158602 0.9248053 0.2120555
vn -0.1295241 0.9376022 -0.3226852
vn 0.2116552 0.8929982 -0.3971855
vn 0.3853021 0.8260919 -0.4112353
vn -0.1586957 0.9529427 0.2582939
vn -0.1434693 0.8806657 0.4514914
vn -0.04655799 0.9302189 0.3640401
vn -0.04380414 0.9946443 -0.09361607
vn 0.2871661 0.9412639 -0.1776455
vn 0.4174342 0.87189 -0.2560401
vn 0.04080136 0.986256 0.1601074
vn 0.07804 0.9508579 0.2996316
vn 0.2444407 0.9619557 0.1220246
vn 0.3971274 0.9177542 0.00411868
vn 0.2127723 0.9360137 0.2803681
vn 0.32322 0.9008407 0.2898534
vn 0.9384127 -0.1049887 -0.3291794
vn 0.8908533 0.07098671 -0.4487106
vn 0.9128655 -0.1075336 -0.393844
vn 0.9336424 0.02846709 -0.3570736
vn 0.9704173 -0.1136297 -0.2130225
vn 0.7837605 0.3212458 -0.5315268
vn 0.9812314 0.0161723 -0.1921545
vn 0.9849652 -0.151913 -0.08225592
vn 0.8710251 0.2881619 -0.3978417
vn 0.6438764 0.5026944 -0.5768203
vn 0.999622 -0.02747188 0.001124925
vn 0.9805785 -0.195476 0.01596568
vn 0.9894707 -0.0005858362 0.1447323
vn 0.750824 0.5058915 -0.4246612
vn 0.5116879 0.6365613 -0.5770314
vn 0.9518648 0.269443 -0.1461299
vn 0.9653258 0.220052 0.1404393
vn 0.9253298 0.2142817 0.3128068
vn 0.6106594 0.678576 -0.4082031
vn 0.3688176 0.7572165 -0.5390703
vn 0.8645079 0.4956861 -0.08319508
vn 0.8664262 0.4215985 0.2675073
vn 0.8087945 0.3757088 0.4524314
vn 0.4383304 0.8182983 -0.3718257
vn 0.2228499 0.8614618 -0.456313
vn 0.7234374 0.6898928 -0.02619915
vn 0.7197173 0.5893502 0.3669789
vn 0.6602457 0.5031605 0.5575888
vn 0.2495691 0.9253099 -0.2855117
vn 0.03556432 0.947723 -0.3171061
vn 0.5362104 0.8440328 0.009327069
vn 0.5469312 0.7192883 0.4283581
vn 0.5068501 0.5946518 0.6240932
vn 0.009702026 0.9897456 -0.1425119
vn -0.1832465 0.9682615 -0.1699722
vn -0.1069825 0.9935851 -0.03665451
vn 0.3303649 0.941054 0.07263916
vn 0.3555478 0.8059601 0.4733013
vn 0.3719949 0.6757892 0.63634
vn 0.08885195 0.9881744 0.1249668
vn -0.04923904 0.9888052 0.1408538
vn 0.1002671 0.9188119 0.3817475
vn 0.1606509 0.8078659 0.5670486
vn -0.04742346 0.9475909 0.3159471
vn -0.07096707 0.8972576 0.4357666
vn 0.5191393 0.6988096 0.492097
vn 0.5712878 0.7743878 0.2719445
vn 0.5820773 0.6740275 0.4548328
vn 0.5089994 0.7758142 0.3728698
vn 0.4194533 0.7192289 0.5538671
vn 0.5155059 0.855672 0.0455968
vn 0.3710753 0.8036853 0.4651807
vn 0.3174911 0.710387 0.6281319
vn 0.4464997 0.8844922 0.1353199
vn 0.4193071 0.8971086 -0.1392041
vn 0.2196964 0.7930278 0.5681903
vn 0.2430623 0.6852354 0.6865662
vn 0.09888678 0.8046616 0.585441
vn 0.3254555 0.9430589 -0.06869168
vn 0.2774801 0.9085935 -0.3121898
vn 0.2564797 0.926967 0.2737705
vn 0.0474578 0.9141498 0.4025891
vn -0.08037063 0.8928453 0.443134
vn 0.1724357 0.9500707 -0.2600609
vn 0.1014973 0.8783856 -0.4670515
vn 0.1187902 0.9899046 0.07731641
vn -0.1107179 0.9674066 0.2277412
vn -0.2277876 0.9287313 0.2925251
vn -0.01147944 0.9038114 -0.4277771
vn -0.09975291 0.7934728 -0.6003752
vn -0.03538684 0.9921578 -0.1198777
vn -0.2492955 0.9678227 0.03422017
vn -0.3524752 0.9282343 0.1189218
vn -0.2021461 0.7952158 -0.571637
vn -0.299303 0.6410009 -0.7067783
vn -0.1962641 0.9318882 -0.3050651
vn -0.3797237 0.9110434 -0.1606544
vn -0.4591335 0.8855673 -0.07047654
vn -0.3779529 0.6219624 -0.6857947
vn -0.4195867 0.5011415 -0.7568383
vn -0.4586021 0.5164106 -0.7231902
vn -0.3468472 0.8111033 -0.4709654
vn -0.4841295 0.7991246 -0.3563967
vn -0.5428227 0.7954985 -0.2693059
vn -0.4707272 0.6348944 -0.6126378
vn -0.5229401 0.5292609 -0.6681442
vn -0.5668448 0.6266276 -0.5348129
vn -0.6061973 0.6447061 -0.4657027
vn -0.5925145 0.5222463 -0.6133395
vn -0.6385339 0.5085137 -0.5776576
vn -0.4435707 0.6789027 0.5850949
vn -0.1219538 0.7147717 0.6886427
vn -0.3886141 0.6229845 0.6788736
vn -0.2748586 0.7577823 0.5917928
vn -0.5315668 0.7274632 0.4338596
vn 0.1746676 0.7512709 0.6364614
vn -0.4081405 0.8295484 0.3811442
vn -0.6362586 0.7213933 0.273435
vn 0.05180518 0.8426867 0.5359062
vn 0.3918958 0.7487166 0.5346412
vn -0.5551783 0.8199645 0.1394101
vn -0.7193834 0.6783638 0.1493657
vn -0.5712553 0.8191584 -0.05144854
vn 0.3098157 0.8646408 0.3954878
vn 0.5855902 0.7186745 0.3749546
vn -0.1445552 0.9583787 0.2461994
vn -0.3294215 0.9405154 -0.08314049
vn -0.387327 0.8781419 -0.2807927
vn 0.5372488 0.8163402 0.2120199
vn 0.7512556 0.6392333 0.1643039
vn 0.113823 0.9905738 0.07620905
vn -0.1148375 0.9537436 -0.2778227
vn -0.220811 0.8658845 -0.4488726
vn 0.7165527 0.6973293 -0.01685575
vn 0.8720548 0.4816793 -0.08663432
vn 0.3554762 0.9275113 -0.1155828
vn 0.1087181 0.8930839 -0.4365566
vn -0.03980062 0.8142956 -0.5790843
vn 0.8353404 0.4898684 -0.2494704
vn 0.9170781 0.2277208 -0.3272781
vn 0.5543491 0.7721747 -0.3105531
vn 0.3141494 0.7523497 -0.5790337
vn 0.155383 0.7128406 -0.6838965
vn 0.8724262 0.2001748 -0.445873
vn 0.887315 0.008128994 -0.4610921
vn 0.8482255 0.04191221 -0.5279741
vn 0.6948214 0.5365064 -0.4789408
vn 0.5025609 0.5375694 -0.6770907
vn 0.3570521 0.5464314 -0.7575794
vn 0.7690551 0.2390036 -0.5928167
vn 0.7729979 0.07742155 -0.6296668
vn 0.6367297 0.2440461 -0.7314484
vn 0.5356797 0.2896744 -0.7931809
vn 0.6803614 0.08083784 -0.7284048
vn 0.6094311 0.06799179 -0.7899182
vn 0.07086851 0.7956356 -0.6016157
vn -0.2343124 0.8580563 -0.4569871
vn -0.03882185 0.7634903 -0.6446514
vn -0.0499406 0.8763358 -0.4791049
vn 0.2408152 0.8070609 -0.5391297
vn -0.4223512 0.881295 -0.2119874
vn 0.195611 0.8962291 -0.3981328
vn 0.4207198 0.7632402 -0.4903664
vn -0.2511339 0.9466421 -0.2019915
vn -0.5247136 0.8512233 0.009717498
vn 0.4587423 0.8297676 -0.3178699
vn 0.5555626 0.6921049 -0.4608047
vn 0.5915127 0.7844242 -0.1865246
vn -0.3567114 0.9307029 0.08092654
vn -0.576749 0.7768582 0.2526895
vn 0.09888764 0.9904974 -0.0955841
vn 0.4450472 0.8952272 0.02239124
vn 0.6047309 0.7874646 0.1191639
vn -0.4223278 0.8315806 0.3607117
vn -0.5822393 0.6386063 0.5031693
vn 0.01312363 0.9772332 0.2117619
vn 0.4054692 0.8581091 0.3150294
vn 0.5813607 0.7323624 0.3544927
vn -0.4325987 0.6491418 0.6256783
vn -0.538758 0.4121621 0.7347531
vn -0.06034407 0.8613251 0.5044578
vn 0.3253559 0.7533269 0.5715262
vn 0.5172291 0.644722 0.5628566
vn -0.4064439 0.3782806 0.8316893
vn -0.4568542 0.09527706 0.8844244
vn -0.1123563 0.6516023 0.7501937
vn 0.2374218 0.5712641 0.785677
vn 0.4191706 0.5114265 0.7501593
vn -0.3515255 0.03809422 0.935403
vn -0.3798501 -0.1558145 0.911831
vn -0.3030726 -0.1391604 0.9427521
vn -0.1474781 0.3691315 0.9176013
vn 0.1244195 0.3259279 0.9371717
vn 0.2876202 0.3197924 0.9027776
vn -0.1742767 0.0414154 0.9838254
vn -0.1765172 -0.1283537 0.9758929
vn 0.01498118 0.01559682 0.9997662
vn 0.1374855 0.04895968 0.989293
vn -0.04303893 -0.1468407 0.9882234
vn 0.04813934 -0.1721838 0.9838879
vn -0.08811429 -0.9096545 -0.4059121
vn 0.07023357 -0.8384213 -0.5404785
vn -0.1138006 -0.8672461 -0.4846995
vn 0.02753512 -0.892514 -0.4501785
vn -0.07524896 -0.9553866 -0.2856115
vn 0.2662547 -0.7702498 -0.5795028
vn 0.0406995 -0.9586909 -0.281523
vn -0.1032859 -0.982389 -0.1557047
vn 0.254097 -0.8373478 -0.4840283
vn 0.4333772 -0.694235 -0.5746495
vn 0.01240681 -0.9955879 -0.09301
vn -0.1504254 -0.9873328 -0.05045964
vn 0.06163335 -0.9975281 0.03374798
vn 0.4487125 -0.7586616 -0.4723237
vn 0.5967504 -0.6074023 -0.524358
vn 0.2602143 -0.9289795 -0.2632215
vn 0.2472547 -0.9689001 -0.009885103
vn 0.2589968 -0.9570332 0.1304155
vn 0.6267456 -0.6609311 -0.4127471
vn 0.7489285 -0.4964591 -0.4389015
vn 0.458298 -0.8582231 -0.2311192
vn 0.4331068 -0.8999976 0.04922324
vn 0.4111859 -0.8911095 0.1919636
vn 0.7798299 -0.5300472 -0.3330395
vn 0.8761711 -0.3506082 -0.3307539
vn 0.6369479 -0.7509862 -0.1741179
vn 0.6029128 -0.7928359 0.0889235
vn 0.5621694 -0.7966812 0.2219564
vn 0.8985499 -0.3654399 -0.2430264
vn 0.9603232 -0.1747892 -0.2173201
vn 0.7885696 -0.6020114 -0.1254602
vn 0.7554481 -0.6464952 0.1065
vn 0.7077988 -0.6696659 0.2248745
vn 0.973439 -0.1688473 -0.1546189
vn 0.988834 -0.04615347 -0.1416944
vn 0.9925947 -0.06720588 -0.1011884
vn 0.9044695 -0.4182715 -0.08356962
vn 0.8828478 -0.4596836 0.09628413
vn 0.8390815 -0.5063905 0.1987735
vn 0.9771563 -0.2063567 -0.0508186
vn 0.9949231 -0.09673101 -0.02776892
vn 0.9697475 -0.2331568 0.07230277
vn 0.9457158 -0.2876078 0.1513389
vn 0.9918244 -0.1133604 0.05859826
vn 0.9856578 -0.1171116 0.121506
vt 0.8749987 1.212705
vt 0.7499988 1.193244
vt 0.8749987 1.193243
vt 0.7499987 1.134876
vt 0.8749987 1.134876
vt 0.9999987 1.193243
vt 0.9999987 1.212705
vt 0.9999987 1.134876
vt 0.8749987 1.053411
vt 0.9999987 1.053411
vt 0.7499987 1.053411
vt 0.8749989 0.9814292
vt 0.9999987 0.9814292
vt 0.7499987 0.9814292
vt 0.8749987 0.8931786
vt 0.9999987 0.8931786
vt 0.7499987 0.8931785
vt 0.8749989 0.7647702
vt 0.9999988 0.7647702
vt 0.7499987 0.7647702
vt 0.8749988 0.6706932
vt 0.9999988 0.6706932
vt 0.7499987 0.6706932
vt 0.8749988 0.6280667
vt 0.9999988 0.6280667
vt 0.7499988 0.6280667
vt 0.8749988 0.5967398
vt 0.9999988 0.5967398
vt 0.7499988 0.5967398
vt 0.8749988 0.5727911
vt 0.9999988 0.5727911
vt 0.7499988 0.5727911
vt 0.8749988 0.5487372
vt 0.9999988 0.5487372
vt 0.7499988 0.5487372
vt 0.8749988 0.4958035
vt 0.9999988 0.4958035
vt 0.7499988 0.4958035
vt 0.8749988 0.4165281
vt 0.9999988 0.4165281
vt 0.7499988 0.4165281
vt 0.8749988 0.3503474
vt 0.9999988 0.3503474
vt 0.7499988 0.3503474
vt 0.8749988 0.2817308
vt 0.9999988 0.2817308
vt 0.7499988 0.2817308
vt 0.8749988 0.2221034
vt 0.9999988 0.2221034
vt 0.7499988 0.2221034
vt 0.8749989 0.1841398
vt 0.9999987 0.1841398
vt 0.8749988 0.1702794
vt 0.9999988 0.1702794
vt 0.7499988 0.1702794
vt 0.7499988 0.1841398
vt 0.6249988 0.1702794
vt 0.6249988 0.1841398
vt 0.4999988 0.1702794
vt 0.6249988 0.2221034
vt 0.4999989 0.1841398
vt 0.3749988 0.1702794
vt 0.6249988 0.2817307
vt 0.3749988 0.1841398
vt 0.2499988 0.1702794
vt 0.4999988 0.2221034
vt 0.6249988 0.3503474
vt 0.2499988 0.1841398
vt 0.1249988 0.1702794
vt 0.4999988 0.2817308
vt 0.3749988 0.2221034
vt 0.6249988 0.4165281
vt 0.1249988 0.1841398
vt -1.192093E-06 0.1702793
vt -1.192093E-06 0.1841398
vt 0.4999988 0.3503474
vt 0.3749988 0.2817308
vt 0.2499988 0.2221033
vt 0.1249988 0.2221033
vt -1.192093E-06 0.2221034
vt 0.6249987 0.4958035
vt 0.4999988 0.4165281
vt 0.3749988 0.3503474
vt 0.2499988 0.2817307
vt 0.1249988 0.2817307
vt -1.192093E-06 0.2817307
vt 0.6249988 0.5487371
vt 0.4999988 0.4958035
vt 0.3749988 0.4165281
vt 0.2499988 0.3503474
vt 0.1249988 0.3503474
vt -1.192093E-06 0.3503474
vt 0.6249988 0.5727911
vt 0.4999988 0.5487371
vt 0.3749988 0.4958035
vt 0.2499988 0.416528
vt 0.1249988 0.416528
vt -1.192093E-06 0.416528
vt 0.6249988 0.5967398
vt 0.4999988 0.5727911
vt 0.3749988 0.5487371
vt 0.2499988 0.4958035
vt 0.1249988 0.4958035
vt -1.192093E-06 0.4958035
vt 0.6249987 0.6280667
vt 0.4999988 0.5967398
vt 0.3749988 0.5727911
vt 0.2499988 0.5487371
vt 0.1249988 0.5487371
vt -1.251698E-06 0.5487371
vt 0.6249987 0.6706932
vt 0.4999988 0.6280667
vt 0.3749988 0.5967398
vt 0.2499988 0.5727911
vt 0.1249988 0.5727911
vt -1.192093E-06 0.5727911
vt 0.6249987 0.7647702
vt 0.4999988 0.6706932
vt 0.3749988 0.6280667
vt 0.2499988 0.5967398
vt 0.1249988 0.5967398
vt -1.192093E-06 0.5967398
vt 0.6249987 0.8931785
vt 0.4999987 0.7647702
vt 0.3749987 0.6706932
vt 0.2499988 0.6280667
vt 0.1249988 0.6280666
vt -1.251698E-06 0.6280666
vt 0.6249988 0.9814292
vt 0.4999987 0.8931785
vt 0.3749987 0.7647702
vt 0.2499988 0.6706932
vt 0.1249988 0.6706932
vt -1.251698E-06 0.6706932
vt 0.6249987 1.053411
vt 0.4999988 0.9814292
vt 0.2499988 0.7647702
vt 0.1249988 0.7647702
vt -1.251698E-06 0.7647701
vt 0.3749987 0.8931784
vt 0.6249987 1.134876
vt 0.1249987 0.8931784
vt -1.251698E-06 0.8931783
vt 0.2499987 0.8931784
vt 0.4999987 1.053411
vt 0.3749987 0.9814288
vt 0.6249988 1.193243
vt 0.7499987 1.212705
vt 0.1249987 0.9814287
vt -1.192093E-06 0.9814288
vt 0.2499987 0.981429
vt 0.4999987 1.134876
vt 0.3749987 1.053411
vt 0.1249987 1.053411
vt -1.251698E-06 1.053411
vt 0.2499987 1.053411
vt 0.4999987 1.193244
vt 0.6249987 1.212705
vt 0.3749987 1.134876
vt 0.1249987 1.134876
vt -1.251698E-06 1.134876
vt 0.2499987 1.134876
vt 0.3749987 1.193244
vt 0.4999987 1.212705
vt 0.2499987 1.193243
vt 0.3749987 1.212705
vt 0.1249987 1.193243
vt 0.2499987 1.212705
vt -1.251698E-06 1.193244
vt 0.1249987 1.212705
vt 0.1586778 0
vt 0.2291188 0.1027027
vt 0.1653511 0
vt 0.1913031 0.1027027
vt 0.1520044 0
vt 0.2847302 0.2054054
vt 0.1534874 0.1027027
vt 0.1449945 0
vt 0.220221 0.2054054
vt 0.2891791 0.3081081
vt 0.1077363 0.1027027
vt 0.1379846 0
vt 0.06198526 0.1027027
vt 0.221704 0.3081081
vt 0.2847302 0.4108109
vt 0.1557118 0.2054054
vt 0.08744954 0.2054054
vt 0.01918724 0.2054054
vt 0.2172551 0.4108108
vt 0.2599661 0.5135136
vt 0.1542289 0.3081081
vt 0.07711443 0.3081081
vt 0 0.3081081
vt 0.2011839 0.5135136
vt 0.2281591 0.6162163
vt 0.1497799 0.4108108
vt 0.07667308 0.4108108
vt 0.003566204 0.4108108
vt 0.1815912 0.6162163
vt 0.1833894 0.7189189
vt 0.1424016 0.5135136
vt 0.0778034 0.5135136
vt 0.01320518 0.5135135
vt 0.1580996 0.718919
vt 0.1326854 0.8216217
vt 0.130903 0.8216217
vt 0.1350233 0.6162163
vt 0.08764045 0.6162163
vt 0.0402576 0.6162162
vt 0.1328098 0.7189189
vt 0.1291206 0.8216217
vt 0.1047841 0.7189189
vt 0.07675833 0.7189189
vt 0.1278722 0.8216217
vt 0.1266238 0.8216217
vt 0.4052001 0.2061146
vt 0.4377443 0.3014088
vt 0.4068013 0.2061146
vt 0.4195935 0.3014088
vt 0.4035989 0.2061146
vt 0.4697729 0.3967031
vt 0.4014428 0.3014088
vt 0.4011016 0.2061146
vt 0.4348931 0.3967031
vt 0.4989658 0.4919973
vt 0.3759105 0.3014088
vt 0.3986044 0.2061146
vt 0.3503782 0.3014088
vt 0.4472198 0.4919974
vt 0.5075001 0.5872915
vt 0.4000132 0.3967031
vt 0.3569473 0.3967031
vt 0.3138814 0.396703
vt 0.4508496 0.5872915
vt 0.5064325 0.6825857
vt 0.3954737 0.4919973
vt 0.3437417 0.4919973
vt 0.2920098 0.4919973
vt 0.4525249 0.6825857
vt 0.4968253 0.77788
vt 0.394199 0.5872915
vt 0.3350545 0.5872915
vt 0.2759099 0.5872915
vt 0.4459422 0.77788
vt 0.4594635 0.8731742
vt 0.3986173 0.6825857
vt 0.3324337 0.6825857
vt 0.26625 0.6825857
vt 0.4251263 0.8731742
vt 0.3964823 0.9684684
vt 0.3932799 0.9684684
vt 0.395059 0.77788
vt 0.3306545 0.77788
vt 0.26625 0.77788
vt 0.3907891 0.8731742
vt 0.3900775 0.9684684
vt 0.3601032 0.8731741
vt 0.3294175 0.8731742
vt 0.3870487 0.9684684
vt 0.38402 0.9684684
vt 0.6511029 0.006306318
vt 0.7141718 0.1233108
vt 0.6551024 0.006306318
vt 0.680062 0.1233108
vt 0.6471034 0.006306318
vt 0.7480136 0.2403153
vt 0.6459523 0.1233108
vt 0.644642 0.006306318
vt 0.6965255 0.2403153
vt 0.7553973 0.3573198
vt 0.6083768 0.1233108
vt 0.6421807 0.006306318
vt 0.5708013 0.1233108
vt 0.6997754 0.3573198
vt 0.7473946 0.4743243
vt 0.6450373 0.2403153
vt 0.5860746 0.2403153
vt 0.5271119 0.2403153
vt 0.6926342 0.4743243
vt 0.7302666 0.5913289
vt 0.6441536 0.3573198
vt 0.5785562 0.3573198
vt 0.5129589 0.3573198
vt 0.6840701 0.5913288
vt 0.7088185 0.7083334
vt 0.6378739 0.4743243
vt 0.5772624 0.4743243
vt 0.516651 0.4743243
vt 0.6748244 0.7083334
vt 0.6876708 0.8253379
vt 0.6378739 0.5913289
vt 0.5834231 0.5913289
vt 0.5289723 0.5913289
vt 0.6686856 0.8253379
vt 0.6537653 0.9423423
vt 0.6509935 0.9423423
vt 0.6408303 0.7083334
vt 0.5986992 0.7083334
vt 0.5565683 0.7083334
vt 0.6497002 0.8253379
vt 0.6482217 0.9423423
vt 0.6244463 0.8253379
vt 0.5991923 0.8253379
vt 0.6450276 0.9423424
vt 0.6418334 0.9423424
vt 0.4052001 0.2061146
vt 0.4068013 0.2061146
vt 0.4377443 0.3014088
vt 0.4195935 0.3014088
vt 0.4035989 0.2061146
vt 0.4697729 0.3967031
vt 0.4014428 0.3014088
vt 0.4011016 0.2061146
vt 0.4348931 0.3967031
vt 0.4989658 0.4919973
vt 0.3759105 0.3014088
vt 0.3986044 0.2061146
vt 0.3503782 0.3014088
vt 0.4472198 0.4919974
vt 0.5075001 0.5872915
vt 0.4000132 0.3967031
vt 0.3569473 0.3967031
vt 0.3138814 0.396703
vt 0.4508496 0.5872915
vt 0.5064325 0.6825857
vt 0.3954737 0.4919973
vt 0.3437417 0.4919973
vt 0.2920098 0.4919973
vt 0.4525249 0.6825857
vt 0.4968253 0.77788
vt 0.394199 0.5872915
vt 0.3350545 0.5872915
vt 0.2759099 0.5872915
vt 0.4459422 0.77788
vt 0.4594635 0.8731742
vt 0.3986173 0.6825857
vt 0.3324337 0.6825857
vt 0.26625 0.6825857
vt 0.4251263 0.8731742
vt 0.3964823 0.9684684
vt 0.3932799 0.9684684
vt 0.395059 0.77788
vt 0.3306545 0.77788
vt 0.26625 0.77788
vt 0.3907891 0.8731742
vt 0.3900775 0.9684684
vt 0.3601032 0.8731741
vt 0.3294175 0.8731742
vt 0.3870487 0.9684684
vt 0.38402 0.9684684
vt 0.1586778 0
vt 0.1653511 0
vt 0.2291188 0.1027027
vt 0.1913031 0.1027027
vt 0.1520044 0
vt 0.2847302 0.2054054
vt 0.1534874 0.1027027
vt 0.1449945 0
vt 0.220221 0.2054054
vt 0.2891791 0.3081081
vt 0.1077363 0.1027027
vt 0.1379846 0
vt 0.06198526 0.1027027
vt 0.221704 0.3081081
vt 0.2847302 0.4108109
vt 0.1557118 0.2054054
vt 0.08744954 0.2054054
vt 0.01918724 0.2054054
vt 0.2172551 0.4108108
vt 0.2599661 0.5135136
vt 0.1542289 0.3081081
vt 0.07711443 0.3081081
vt 0 0.3081081
vt 0.2011839 0.5135136
vt 0.2281591 0.6162163
vt 0.1497799 0.4108108
vt 0.07667308 0.4108108
vt 0.003566204 0.4108108
vt 0.1815912 0.6162163
vt 0.1833894 0.7189189
vt 0.1424016 0.5135136
vt 0.0778034 0.5135136
vt 0.01320518 0.5135135
vt 0.1580996 0.718919
vt 0.1326854 0.8216217
vt 0.130903 0.8216217
vt 0.1350233 0.6162163
vt 0.08764045 0.6162163
vt 0.0402576 0.6162162
vt 0.1328098 0.7189189
vt 0.1291206 0.8216217
vt 0.1047841 0.7189189
vt 0.07675833 0.7189189
vt 0.1278722 0.8216217
vt 0.1266238 0.8216217
vt 0.6511029 0.006306318
vt 0.6551024 0.006306318
vt 0.7141718 0.1233108
vt 0.680062 0.1233108
vt 0.6471034 0.006306318
vt 0.7480136 0.2403153
vt 0.6459523 0.1233108
vt 0.644642 0.006306318
vt 0.6965255 0.2403153
vt 0.7553973 0.3573198
vt 0.6083768 0.1233108
vt 0.6421807 0.006306318
vt 0.5708013 0.1233108
vt 0.6997754 0.3573198
vt 0.7473946 0.4743243
vt 0.6450373 0.2403153
vt 0.5860746 0.2403153
vt 0.5271119 0.2403153
vt 0.6926342 0.4743243
vt 0.7302666 0.5913289
vt 0.6441536 0.3573198
vt 0.5785562 0.3573198
vt 0.5129589 0.3573198
vt 0.6840701 0.5913288
vt 0.7088185 0.7083334
vt 0.6378739 0.4743243
vt 0.5772624 0.4743243
vt 0.516651 0.4743243
vt 0.6748244 0.7083334
vt 0.6876708 0.8253379
vt 0.6378739 0.5913289
vt 0.5834231 0.5913289
vt 0.5289723 0.5913289
vt 0.6686856 0.8253379
vt 0.6537653 0.9423423
vt 0.6509935 0.9423423
vt 0.6408303 0.7083334
vt 0.5986992 0.7083334
vt 0.5565683 0.7083334
vt 0.6497002 0.8253379
vt 0.6482217 0.9423423
vt 0.6244463 0.8253379
vt 0.5991923 0.8253379
vt 0.6450276 0.9423424
vt 0.6418334 0.9423424
vt 0.1586778 0
vt 0.2291188 0.1027027
vt 0.1653511 0
vt 0.1913031 0.1027027
vt 0.1520044 0
vt 0.2847302 0.2054054
vt 0.1534874 0.1027027
vt 0.1449945 0
vt 0.220221 0.2054054
vt 0.2891791 0.3081081
vt 0.1077363 0.1027027
vt 0.1379846 0
vt 0.06198526 0.1027027
vt 0.221704 0.3081081
vt 0.2847302 0.4108109
vt 0.1557118 0.2054054
vt 0.08744954 0.2054054
vt 0.01918724 0.2054054
vt 0.2172551 0.4108108
vt 0.2599661 0.5135136
vt 0.1542289 0.3081081
vt 0.07711443 0.3081081
vt 0 0.3081081
vt 0.2011839 0.5135136
vt 0.2281591 0.6162163
vt 0.1497799 0.4108108
vt 0.07667308 0.4108108
vt 0.003566204 0.4108108
vt 0.1815912 0.6162163
vt 0.1833894 0.7189189
vt 0.1424016 0.5135136
vt 0.0778034 0.5135136
vt 0.01320518 0.5135135
vt 0.1580996 0.718919
vt 0.1326854 0.8216217
vt 0.130903 0.8216217
vt 0.1350233 0.6162163
vt 0.08764045 0.6162163
vt 0.0402576 0.6162162
vt 0.1328098 0.7189189
vt 0.1291206 0.8216217
vt 0.1047841 0.7189189
vt 0.07675833 0.7189189
vt 0.1278722 0.8216217
vt 0.1266238 0.8216217
vt 0.4052001 0.2061146
vt 0.4068013 0.2061146
vt 0.4377443 0.3014088
vt 0.4195935 0.3014088
vt 0.4035989 0.2061146
vt 0.4697729 0.3967031
vt 0.4014428 0.3014088
vt 0.4011016 0.2061146
vt 0.4348931 0.3967031
vt 0.4989658 0.4919973
vt 0.3759105 0.3014088
vt 0.3986044 0.2061146
vt 0.3503782 0.3014088
vt 0.4472198 0.4919974
vt 0.5075001 0.5872915
vt 0.4000132 0.3967031
vt 0.3569473 0.3967031
vt 0.3138814 0.396703
vt 0.4508496 0.5872915
vt 0.5064325 0.6825857
vt 0.3954737 0.4919973
vt 0.3437417 0.4919973
vt 0.2920098 0.4919973
vt 0.4525249 0.6825857
vt 0.4968253 0.77788
vt 0.394199 0.5872915
vt 0.3350545 0.5872915
vt 0.2759099 0.5872915
vt 0.4459422 0.77788
vt 0.4594635 0.8731742
vt 0.3986173 0.6825857
vt 0.3324337 0.6825857
vt 0.26625 0.6825857
vt 0.4251263 0.8731742
vt 0.3964823 0.9684684
vt 0.3932799 0.9684684
vt 0.395059 0.77788
vt 0.3306545 0.77788
vt 0.26625 0.77788
vt 0.3907891 0.8731742
vt 0.3900775 0.9684684
vt 0.3601032 0.8731741
vt 0.3294175 0.8731742
vt 0.3870487 0.9684684
vt 0.38402 0.9684684
vt 0.6511029 0.006306318
vt 0.6551024 0.006306318
vt 0.7141718 0.1233108
vt 0.680062 0.1233108
vt 0.6471034 0.006306318
vt 0.7480136 0.2403153
vt 0.6459523 0.1233108
vt 0.644642 0.006306318
vt 0.6965255 0.2403153
vt 0.7553973 0.3573198
vt 0.6083768 0.1233108
vt 0.6421807 0.006306318
vt 0.5708013 0.1233108
vt 0.6997754 0.3573198
vt 0.7473946 0.4743243
vt 0.6450373 0.2403153
vt 0.5860746 0.2403153
vt 0.5271119 0.2403153
vt 0.6926342 0.4743243
vt 0.7302666 0.5913289
vt 0.6441536 0.3573198
vt 0.5785562 0.3573198
vt 0.5129589 0.3573198
vt 0.6840701 0.5913288
vt 0.7088185 0.7083334
vt 0.6378739 0.4743243
vt 0.5772624 0.4743243
vt 0.516651 0.4743243
vt 0.6748244 0.7083334
vt 0.6876708 0.8253379
vt 0.6378739 0.5913289
vt 0.5834231 0.5913289
vt 0.5289723 0.5913289
vt 0.6686856 0.8253379
vt 0.6537653 0.9423423
vt 0.6509935 0.9423423
vt 0.6408303 0.7083334
vt 0.5986992 0.7083334
vt 0.5565683 0.7083334
vt 0.6497002 0.8253379
vt 0.6482217 0.9423423
vt 0.6244463 0.8253379
vt 0.5991923 0.8253379
vt 0.6450276 0.9423424
vt 0.6418334 0.9423424
vt 0.1586778 0
vt 0.2291188 0.1027027
vt 0.1653511 0
vt 0.1913031 0.1027027
vt 0.1520044 0
vt 0.2847302 0.2054054
vt 0.1534874 0.1027027
vt 0.1449945 0
vt 0.220221 0.2054054
vt 0.2891791 0.3081081
vt 0.1077363 0.1027027
vt 0.1379846 0
vt 0.06198526 0.1027027
vt 0.221704 0.3081081
vt 0.2847302 0.4108109
vt 0.1557118 0.2054054
vt 0.08744954 0.2054054
vt 0.01918724 0.2054054
vt 0.2172551 0.4108108
vt 0.2599661 0.5135136
vt 0.1542289 0.3081081
vt 0.07711443 0.3081081
vt 0 0.3081081
vt 0.2011839 0.5135136
vt 0.2281591 0.6162163
vt 0.1497799 0.4108108
vt 0.07667308 0.4108108
vt 0.003566204 0.4108108
vt 0.1815912 0.6162163
vt 0.1833894 0.7189189
vt 0.1424016 0.5135136
vt 0.0778034 0.5135136
vt 0.01320518 0.5135135
vt 0.1580996 0.718919
vt 0.1326854 0.8216217
vt 0.130903 0.8216217
vt 0.1350233 0.6162163
vt 0.08764045 0.6162163
vt 0.0402576 0.6162162
vt 0.1328098 0.7189189
vt 0.1291206 0.8216217
vt 0.1047841 0.7189189
vt 0.07675833 0.7189189
vt 0.1278722 0.8216217
vt 0.1266238 0.8216217
vt 0.4052001 0.2061146
vt 0.4377443 0.3014088
vt 0.4068013 0.2061146
vt 0.4195935 0.3014088
vt 0.4035989 0.2061146
vt 0.4697729 0.3967031
vt 0.4014428 0.3014088
vt 0.4011016 0.2061146
vt 0.4348931 0.3967031
vt 0.4989658 0.4919973
vt 0.3759105 0.3014088
vt 0.3986044 0.2061146
vt 0.3503782 0.3014088
vt 0.4472198 0.4919974
vt 0.5075001 0.5872915
vt 0.4000132 0.3967031
vt 0.3569473 0.3967031
vt 0.3138814 0.396703
vt 0.4508496 0.5872915
vt 0.5064325 0.6825857
vt 0.3954737 0.4919973
vt 0.3437417 0.4919973
vt 0.2920098 0.4919973
vt 0.4525249 0.6825857
vt 0.4968253 0.77788
vt 0.394199 0.5872915
vt 0.3350545 0.5872915
vt 0.2759099 0.5872915
vt 0.4459422 0.77788
vt 0.4594635 0.8731742
vt 0.3986173 0.6825857
vt 0.3324337 0.6825857
vt 0.26625 0.6825857
vt 0.4251263 0.8731742
vt 0.3964823 0.9684684
vt 0.3932799 0.9684684
vt 0.395059 0.77788
vt 0.3306545 0.77788
vt 0.26625 0.77788
vt 0.3907891 0.8731742
vt 0.3900775 0.9684684
vt 0.3601032 0.8731741
vt 0.3294175 0.8731742
vt 0.3870487 0.9684684
vt 0.38402 0.9684684
vt 0.4052001 0.2061146
vt 0.4377443 0.3014088
vt 0.4068013 0.2061146
vt 0.4195935 0.3014088
vt 0.4035989 0.2061146
vt 0.4697729 0.3967031
vt 0.4014428 0.3014088
vt 0.4011016 0.2061146
vt 0.4348931 0.3967031
vt 0.4989658 0.4919973
vt 0.3759105 0.3014088
vt 0.3986044 0.2061146
vt 0.3503782 0.3014088
vt 0.4472198 0.4919974
vt 0.5075001 0.5872915
vt 0.4000132 0.3967031
vt 0.3569473 0.3967031
vt 0.3138814 0.396703
vt 0.4508496 0.5872915
vt 0.5064325 0.6825857
vt 0.3954737 0.4919973
vt 0.3437417 0.4919973
vt 0.2920098 0.4919973
vt 0.4525249 0.6825857
vt 0.4968253 0.77788
vt 0.394199 0.5872915
vt 0.3350545 0.5872915
vt 0.2759099 0.5872915
vt 0.4459422 0.77788
vt 0.4594635 0.8731742
vt 0.3986173 0.6825857
vt 0.3324337 0.6825857
vt 0.26625 0.6825857
vt 0.4251263 0.8731742
vt 0.3964823 0.9684684
vt 0.3932799 0.9684684
vt 0.395059 0.77788
vt 0.3306545 0.77788
vt 0.26625 0.77788
vt 0.3907891 0.8731742
vt 0.3900775 0.9684684
vt 0.3601032 0.8731741
vt 0.3294175 0.8731742
vt 0.3870487 0.9684684
vt 0.38402 0.9684684
vt 0.1586778 0
vt 0.2291188 0.1027027
vt 0.1653511 0
vt 0.1913031 0.1027027
vt 0.1520044 0
vt 0.2847302 0.2054054
vt 0.1534874 0.1027027
vt 0.1449945 0
vt 0.220221 0.2054054
vt 0.2891791 0.3081081
vt 0.1077363 0.1027027
vt 0.1379846 0
vt 0.06198526 0.1027027
vt 0.221704 0.3081081
vt 0.2847302 0.4108109
vt 0.1557118 0.2054054
vt 0.08744954 0.2054054
vt 0.01918724 0.2054054
vt 0.2172551 0.4108108
vt 0.2599661 0.5135136
vt 0.1542289 0.3081081
vt 0.07711443 0.3081081
vt 0 0.3081081
vt 0.2011839 0.5135136
vt 0.2281591 0.6162163
vt 0.1497799 0.4108108
vt 0.07667308 0.4108108
vt 0.003566204 0.4108108
vt 0.1815912 0.6162163
vt 0.1833894 0.7189189
vt 0.1424016 0.5135136
vt 0.0778034 0.5135136
vt 0.01320518 0.5135135
vt 0.1580996 0.718919
vt 0.1326854 0.8216217
vt 0.130903 0.8216217
vt 0.1350233 0.6162163
vt 0.08764045 0.6162163
vt 0.0402576 0.6162162
vt 0.1328098 0.7189189
vt 0.1291206 0.8216217
vt 0.1047841 0.7189189
vt 0.07675833 0.7189189
vt 0.1278722 0.8216217
vt 0.1266238 0.8216217
vt 0.1586778 0
vt 0.2291188 0.1027027
vt 0.1653511 0
vt 0.1913031 0.1027027
vt 0.1520044 0
vt 0.2847302 0.2054054
vt 0.1534874 0.1027027
vt 0.1449945 0
vt 0.220221 0.2054054
vt 0.2891791 0.3081081
vt 0.1077363 0.1027027
vt 0.1379846 0
vt 0.06198526 0.1027027
vt 0.221704 0.3081081
vt 0.2847302 0.4108109
vt 0.1557118 0.2054054
vt 0.08744954 0.2054054
vt 0.01918724 0.2054054
vt 0.2172551 0.4108108
vt 0.2599661 0.5135136
vt 0.1542289 0.3081081
vt 0.07711443 0.3081081
vt 0 0.3081081
vt 0.2011839 0.5135136
vt 0.2281591 0.6162163
vt 0.1497799 0.4108108
vt 0.07667308 0.4108108
vt 0.003566204 0.4108108
vt 0.1815912 0.6162163
vt 0.1833894 0.7189189
vt 0.1424016 0.5135136
vt 0.0778034 0.5135136
vt 0.01320518 0.5135135
vt 0.1580996 0.718919
vt 0.1326854 0.8216217
vt 0.130903 0.8216217
vt 0.1350233 0.6162163
vt 0.08764045 0.6162163
vt 0.0402576 0.6162162
vt 0.1328098 0.7189189
vt 0.1291206 0.8216217
vt 0.1047841 0.7189189
vt 0.07675833 0.7189189
vt 0.1278722 0.8216217
vt 0.1266238 0.8216217
vt 0.1586778 0
vt 0.2291188 0.1027027
vt 0.1653511 0
vt 0.1913031 0.1027027
vt 0.1520044 0
vt 0.2847302 0.2054054
vt 0.1534874 0.1027027
vt 0.1449945 0
vt 0.220221 0.2054054
vt 0.2891791 0.3081081
vt 0.1077363 0.1027027
vt 0.1379846 0
vt 0.06198526 0.1027027
vt 0.221704 0.3081081
vt 0.2847302 0.4108109
vt 0.1557118 0.2054054
vt 0.08744954 0.2054054
vt 0.01918724 0.2054054
vt 0.2172551 0.4108108
vt 0.2599661 0.5135136
vt 0.1542289 0.3081081
vt 0.07711443 0.3081081
vt 0 0.3081081
vt 0.2011839 0.5135136
vt 0.2281591 0.6162163
vt 0.1497799 0.4108108
vt 0.07667308 0.4108108
vt 0.003566204 0.4108108
vt 0.1815912 0.6162163
vt 0.1833894 0.7189189
vt 0.1424016 0.5135136
vt 0.0778034 0.5135136
vt 0.01320518 0.5135135
vt 0.1580996 0.718919
vt 0.1326854 0.8216217
vt 0.130903 0.8216217
vt 0.1350233 0.6162163
vt 0.08764045 0.6162163
vt 0.0402576 0.6162162
vt 0.1328098 0.7189189
vt 0.1291206 0.8216217
vt 0.1047841 0.7189189
vt 0.07675833 0.7189189
vt 0.1278722 0.8216217
vt 0.1266238 0.8216217
vt 0.6511029 0.006306318
vt 0.7141718 0.1233108
vt 0.6551024 0.006306318
vt 0.680062 0.1233108
vt 0.6471034 0.006306318
vt 0.7480136 0.2403153
vt 0.6459523 0.1233108
vt 0.644642 0.006306318
vt 0.6965255 0.2403153
vt 0.7553973 0.3573198
vt 0.6083768 0.1233108
vt 0.6421807 0.006306318
vt 0.5708013 0.1233108
vt 0.6997754 0.3573198
vt 0.7473946 0.4743243
vt 0.6450373 0.2403153
vt 0.5860746 0.2403153
vt 0.5271119 0.2403153
vt 0.6926342 0.4743243
vt 0.7302666 0.5913289
vt 0.6441536 0.3573198
vt 0.5785562 0.3573198
vt 0.5129589 0.3573198
vt 0.6840701 0.5913288
vt 0.7088185 0.7083334
vt 0.6378739 0.4743243
vt 0.5772624 0.4743243
vt 0.516651 0.4743243
vt 0.6748244 0.7083334
vt 0.6876708 0.8253379
vt 0.6378739 0.5913289
vt 0.5834231 0.5913289
vt 0.5289723 0.5913289
vt 0.6686856 0.8253379
vt 0.6537653 0.9423423
vt 0.6509935 0.9423423
vt 0.6408303 0.7083334
vt 0.5986992 0.7083334
vt 0.5565683 0.7083334
vt 0.6497002 0.8253379
vt 0.6482217 0.9423423
vt 0.6244463 0.8253379
vt 0.5991923 0.8253379
vt 0.6450276 0.9423424
vt 0.6418334 0.9423424
usemtl M_PalmBark
f 1/1/1 3/3/3 2/2/2
f 3/3/3 4/4/4 2/2/2
f 3/3/3 5/5/5 4/4/4
f 6/6/6 5/5/5 3/3/3
f 7/7/7 6/6/6 3/3/3
f 6/6/6 8/8/8 5/5/5
f 8/8/8 9/9/9 5/5/5
f 8/8/8 10/10/10 9/9/9
f 5/5/5 11/11/11 4/4/4
f 5/5/5 9/9/9 11/11/11
f 10/10/10 12/12/12 9/9/9
f 10/10/10 13/13/13 12/12/12
f 9/9/9 14/14/14 11/11/11
f 9/9/9 12/12/12 14/14/14
f 13/13/13 15/15/15 12/12/12
f 13/13/13 16/16/16 15/15/15
f 12/12/12 17/17/17 14/14/14
f 12/12/12 15/15/15 17/17/17
f 16/16/16 18/18/18 15/15/15
f 16/16/16 19/19/19 18/18/18
f 15/15/15 20/20/20 17/17/17
f 15/15/15 18/18/18 20/20/20
f 19/19/19 21/21/21 18/18/18
f 19/19/19 22/22/22 21/21/21
f 18/18/18 23/23/23 20/20/20
f 18/18/18 21/21/21 23/23/23
f 22/22/22 24/24/24 21/21/21
f 22/22/22 25/25/25 24/24/24
f 21/21/21 26/26/26 23/23/23
f 21/21/21 24/24/24 26/26/26
f 25/25/25 27/27/27 24/24/24
f 25/25/25 28/28/28 27/27/27
f 24/24/24 29/29/29 26/26/26
f 24/24/24 27/27/27 29/29/29
f 28/28/28 30/30/30 27/27/27
f 28/28/28 31/31/31 30/30/30
f 27/27/27 32/32/32 29/29/29
f 27/27/27 30/30/30 32/32/32
f 31/31/31 33/33/33 30/30/30
f 31/31/31 34/34/34 33/33/33
f 30/30/30 35/35/35 32/32/32
f 30/30/30 33/33/33 35/35/35
f 34/34/34 36/36/36 33/33/33
f 34/34/34 37/37/37 36/36/36
f 33/33/33 38/38/38 35/35/35
f 33/33/33 36/36/36 38/38/38
f 37/37/37 39/39/39 36/36/36
f 37/37/37 40/40/40 39/39/39
f 36/36/36 41/41/41 38/38/38
f 36/36/36 39/39/39 41/41/41
f 40/40/40 42/42/42 39/39/39
f 40/40/40 43/43/43 42/42/42
f 39/39/39 44/44/44 41/41/41
f 39/39/39 42/42/42 44/44/44
f 43/43/43 45/45/45 42/42/42
f 43/43/43 46/46/46 45/45/45
f 42/42/42 47/47/47 44/44/44
f 42/42/42 45/45/45 47/47/47
f 46/46/46 48/48/48 45/45/45
f 46/46/46 49/49/49 48/48/48
f 45/45/45 50/50/50 47/47/47
f 45/45/45 48/48/48 50/50/50
f 49/49/49 51/51/51 48/48/48
f 49/49/49 52/52/52 51/51/51
f 52/52/52 53/53/53 51/51/51
f 52/52/52 54/54/54 53/53/53
f 51/51/51 53/53/53 55/55/55
f 48/48/48 51/51/51 56/56/56
f 51/51/51 55/55/55 56/56/56
f 48/48/48 56/56/56 50/50/50
f 56/56/56 55/55/55 57/57/57
f 56/56/56 57/57/57 58/58/58
f 50/50/50 56/56/56 58/58/58
f 58/58/58 57/57/57 59/59/59
f 47/47/47 50/50/50 60/60/60
f 50/50/50 58/58/58 60/60/60
f 58/58/58 59/59/59 61/61/61
f 60/60/60 58/58/58 61/61/61
f 61/61/61 59/59/59 62/62/62
f 47/47/47 60/60/60 63/63/63
f 44/44/44 47/47/47 63/63/63
f 61/61/61 62/62/62 64/64/64
f 64/64/64 62/62/62 65/65/65
f 60/60/60 61/61/61 66/66/66
f 63/63/63 60/60/60 66/66/66
f 66/66/66 61/61/61 64/64/64
f 44/44/44 63/63/63 67/67/67
f 41/41/41 44/44/44 67/67/67
f 64/64/64 65/65/65 68/68/68
f 68/68/68 65/65/65 69/69/69
f 63/63/63 66/66/66 70/70/70
f 67/67/67 63/63/63 70/70/70
f 66/66/66 64/64/64 71/71/71
f 71/71/71 64/64/64 68/68/68
f 70/70/70 66/66/66 71/71/71
f 41/41/41 67/67/67 72/72/72
f 38/38/38 41/41/41 72/72/72
f 68/68/68 69/69/69 73/73/73
f 73/73/73 69/69/69 74/74/74
f 73/73/73 74/74/74 75/75/75
f 67/67/67 70/70/70 76/76/76
f 72/72/72 67/67/67 76/76/76
f 70/70/70 71/71/71 77/77/77
f 76/76/76 70/70/70 77/77/77
f 71/71/71 68/68/68 78/78/78
f 78/78/78 68/68/68 73/73/73
f 77/77/77 71/71/71 78/78/78
f 79/79/79 73/73/73 75/75/75
f 78/78/78 73/73/73 79/79/79
f 79/79/79 75/75/75 80/80/80
f 38/38/38 72/72/72 81/81/81
f 35/35/35 38/38/38 81/81/81
f 72/72/72 76/76/76 82/82/82
f 81/81/81 72/72/72 82/82/82
f 76/76/76 77/77/77 83/83/83
f 82/82/82 76/76/76 83/83/83
f 77/77/77 78/78/78 84/84/84
f 84/84/84 78/78/78 79/79/79
f 83/83/83 77/77/77 84/84/84
f 85/85/85 79/79/79 80/80/80
f 84/84/84 79/79/79 85/85/85
f 85/85/85 80/80/80 86/86/86
f 35/35/35 81/81/81 87/87/87
f 32/32/32 35/35/35 87/87/87
f 81/81/81 82/82/82 88/88/88
f 87/87/87 81/81/81 88/88/88
f 82/82/82 83/83/83 89/89/89
f 88/88/88 82/82/82 89/89/89
f 83/83/83 84/84/84 90/90/90
f 90/90/90 84/84/84 85/85/85
f 89/89/89 83/83/83 90/90/90
f 91/91/91 85/85/85 86/86/86
f 90/90/90 85/85/85 91/91/91
f 91/91/91 86/86/86 92/92/92
f 32/32/32 87/87/87 93/93/93
f 29/29/29 32/32/32 93/93/93
f 87/87/87 88/88/88 94/94/94
f 93/93/93 87/87/87 94/94/94
f 88/88/88 89/89/89 95/95/95
f 94/94/94 88/88/88 95/95/95
f 89/89/89 90/90/90 96/96/96
f 96/96/96 90/90/90 91/91/91
f 95/95/95 89/89/89 96/96/96
f 97/97/97 91/91/91 92/92/92
f 96/96/96 91/91/91 97/97/97
f 97/97/97 92/92/92 98/98/98
f 29/29/29 93/93/93 99/99/99
f 26/26/26 29/29/29 99/99/99
f 93/93/93 94/94/94 100/100/100
f 99/99/99 93/93/93 100/100/100
f 94/94/94 95/95/95 101/101/101
f 100/100/100 94/94/94 101/101/101
f 95/95/95 96/96/96 102/102/102
f 102/102/102 96/96/96 97/97/97
f 101/101/101 95/95/95 102/102/102
f 103/103/103 97/97/97 98/98/98
f 102/102/102 97/97/97 103/103/103
f 103/103/103 98/98/98 104/104/104
f 26/26/26 99/99/99 105/105/105
f 23/23/23 26/26/26 105/105/105
f 99/99/99 100/100/100 106/106/106
f 105/105/105 99/99/99 106/106/106
f 100/100/100 101/101/101 107/107/107
f 106/106/106 100/100/100 107/107/107
f 101/101/101 102/102/102 108/108/108
f 108/108/108 102/102/102 103/103/103
f 107/107/107 101/101/101 108/108/108
f 109/109/109 103/103/103 104/104/104
f 108/108/108 103/103/103 109/109/109
f 109/109/109 104/104/104 110/110/110
f 23/23/23 105/105/105 111/111/111
f 20/20/20 23/23/23 111/111/111
f 105/105/105 106/106/106 112/112/112
f 111/111/111 105/105/105 112/112/112
f 106/106/106 107/107/107 113/113/113
f 112/112/112 106/106/106 113/113/113
f 107/107/107 108/108/108 114/114/114
f 114/114/114 108/108/108 109/109/109
f 113/113/113 107/107/107 114/114/114
f 115/115/115 109/109/109 110/110/110
f 114/114/114 109/109/109 115/115/115
f 115/115/115 110/110/110 116/116/116
f 20/20/20 111/111/111 117/117/117
f 17/17/17 20/20/20 117/117/117
f 111/111/111 112/112/112 118/118/118
f 117/117/117 111/111/111 118/118/118
f 112/112/112 113/113/113 119/119/119
f 118/118/118 112/112/112 119/119/119
f 113/113/113 114/114/114 120/120/120
f 120/120/120 114/114/114 115/115/115
f 119/119/119 113/113/113 120/120/120
f 121/121/121 115/115/115 116/116/116
f 120/120/120 115/115/115 121/121/121
f 121/121/121 116/116/116 122/122/122
f 17/17/17 117/117/117 123/123/123
f 14/14/14 17/17/17 123/123/123
f 117/117/117 118/118/118 124/124/124
f 123/123/123 117/117/117 124/124/124
f 118/118/118 119/119/119 125/125/125
f 124/124/124 118/118/118 125/125/125
f 119/119/119 120/120/120 126/126/126
f 126/126/126 120/120/120 121/121/121
f 125/125/125 119/119/119 126/126/126
f 127/127/127 121/121/121 122/122/122
f 126/126/126 121/121/121 127/127/127
f 127/127/127 122/122/122 128/128/128
f 14/14/14 123/123/123 129/129/129
f 11/11/11 14/14/14 129/129/129
f 123/123/123 124/124/124 130/130/130
f 129/129/129 123/123/123 130/130/130
f 124/124/124 125/125/125 131/131/131
f 130/130/130 124/124/124 131/131/131
f 125/125/125 126/126/126 132/132/132
f 132/132/132 126/126/126 127/127/127
f 131/131/131 125/125/125 132/132/132
f 133/133/133 127/127/127 128/128/128
f 132/132/132 127/127/127 133/133/133
f 133/133/133 128/128/128 134/134/134
f 11/11/11 129/129/129 135/135/135
f 4/4/4 11/11/11 135/135/135
f 129/129/129 130/130/130 136/136/136
f 135/135/135 129/129/129 136/136/136
f 131/131/131 132/132/132 137/137/137
f 137/137/137 132/132/132 133/133/133
f 138/138/138 133/133/133 134/134/134
f 137/137/137 133/133/133 138/138/138
f 138/138/138 134/134/134 139/139/139
f 130/130/130 131/131/131 140/140/140
f 140/140/140 131/131/131 137/137/137
f 136/136/136 130/130/130 140/140/140
f 4/4/4 135/135/135 141/141/141
f 2/2/2 4/4/4 141/141/141
f 142/142/142 138/138/138 139/139/139
f 142/142/142 139/139/139 143/143/143
f 144/144/144 137/137/137 138/138/138
f 140/140/140 137/137/137 144/144/144
f 144/144/144 138/138/138 142/142/142
f 135/135/135 136/136/136 145/145/145
f 141/141/141 135/135/135 145/145/145
f 136/136/136 140/140/140 146/146/146
f 146/146/146 140/140/140 144/144/144
f 145/145/145 136/136/136 146/146/146
f 2/2/2 141/141/141 147/147/147
f 148/148/148 2/2/2 147/147/147
f 149/149/149 142/142/142 143/143/143
f 149/149/149 143/143/143 150/150/150
f 151/151/151 144/144/144 142/142/142
f 146/146/146 144/144/144 151/151/151
f 151/151/151 142/142/142 149/149/149
f 141/141/141 145/145/145 152/152/152
f 147/147/147 141/141/141 152/152/152
f 145/145/145 146/146/146 153/153/153
f 153/153/153 146/146/146 151/151/151
f 152/152/152 145/145/145 153/153/153
f 154/154/154 149/149/149 150/150/150
f 154/154/154 150/150/150 155/155/155
f 156/156/156 151/151/151 149/149/149
f 153/153/153 151/151/151 156/156/156
f 156/156/156 149/149/149 154/154/154
f 147/147/147 152/152/152 157/157/157
f 158/158/158 147/147/147 157/157/157
f 152/152/152 153/153/153 159/159/159
f 159/159/159 153/153/153 156/156/156
f 157/157/157 152/152/152 159/159/159
f 160/160/160 154/154/154 155/155/155
f 160/160/160 155/155/155 161/161/161
f 162/162/162 156/156/156 154/154/154
f 159/159/159 156/156/156 162/162/162
f 162/162/162 154/154/154 160/160/160
f 157/157/157 159/159/159 163/163/163
f 163/163/163 159/159/159 162/162/162
f 164/164/164 157/157/157 163/163/163
f 163/163/163 162/162/162 165/165/165
f 165/165/165 162/162/162 160/160/160
f 166/166/166 163/163/163 165/165/165
f 167/167/167 160/160/160 161/161/161
f 165/165/165 160/160/160 167/167/167
f 168/168/168 165/165/165 167/167/167
f 167/167/167 161/161/161 169/169/169
f 170/170/170 167/167/167 169/169/169
usemtl M_PalmLeaves
f 171/171/171 173/173/173 172/172/172
f 171/171/171 172/172/172 174/174/174
f 175/175/175 171/171/171 174/174/174
f 174/174/174 172/172/172 176/176/176
f 175/175/175 174/174/174 177/177/177
f 178/178/178 175/175/175 177/177/177
f 174/174/174 176/176/176 179/179/179
f 177/177/177 174/174/174 179/179/179
f 179/179/179 176/176/176 180/180/180
f 178/178/178 177/177/177 181/181/181
f 182/182/182 178/178/178 181/181/181
f 182/182/182 181/181/181 183/183/183
f 179/179/179 180/180/180 184/184/184
f 184/184/184 180/180/180 185/185/185
f 177/177/177 179/179/179 186/186/186
f 181/181/181 177/177/177 186/186/186
f 186/186/186 179/179/179 184/184/184
f 183/183/183 181/181/181 187/187/187
f 181/181/181 186/186/186 187/187/187
f 183/183/183 187/187/187 188/188/188
f 184/184/184 185/185/185 189/189/189
f 189/189/189 185/185/185 190/190/190
f 186/186/186 184/184/184 191/191/191
f 187/187/187 186/186/186 191/191/191
f 191/191/191 184/184/184 189/189/189
f 188/188/188 187/187/187 192/192/192
f 187/187/187 191/191/191 192/192/192
f 188/188/188 192/192/192 193/193/193
f 189/189/189 190/190/190 194/194/194
f 194/194/194 190/190/190 195/195/195
f 191/191/191 189/189/189 196/196/196
f 192/192/192 191/191/191 196/196/196
f 196/196/196 189/189/189 194/194/194
f 193/193/193 192/192/192 197/197/197
f 192/192/192 196/196/196 197/197/197
f 193/193/193 197/197/197 198/198/198
f 194/194/194 195/195/195 199/199/199
f 199/199/199 195/195/195 200/200/200
f 196/196/196 194/194/194 201/201/201
f 197/197/197 196/196/196 201/201/201
f 201/201/201 194/194/194 199/199/199
f 198/198/198 197/197/197 202/202/202
f 197/197/197 201/201/201 202/202/202
f 198/198/198 202/202/202 203/203/203
f 199/199/199 200/200/200 204/204/204
f 204/204/204 200/200/200 205/205/205
f 204/204/204 205/205/205 206/206/206
f 201/201/201 199/199/199 207/207/207
f 202/202/202 201/201/201 207/207/207
f 207/207/207 199/199/199 204/204/204
f 203/203/203 202/202/202 208/208/208
f 202/202/202 207/207/207 208/208/208
f 203/203/203 208/208/208 209/209/209
f 210/210/210 204/204/204 206/206/206
f 207/207/207 204/204/204 210/210/210
f 208/208/208 207/207/207 210/210/210
f 210/210/210 206/206/206 211/211/211
f 209/209/209 208/208/208 212/212/212
f 208/208/208 210/210/210 212/212/212
f 212/212/212 210/210/210 211/211/211
f 209/209/209 212/212/212 213/213/213
f 212/212/212 211/211/211 214/214/214
f 213/213/213 212/212/212 214/214/214
f 213/213/213 214/214/214 215/215/215
f 216/216/216 218/218/218 217/217/217
f 216/216/216 217/217/217 219/219/219
f 220/220/220 216/216/216 219/219/219
f 219/219/219 217/217/217 221/221/221
f 220/220/220 219/219/219 222/222/222
f 223/223/223 220/220/220 222/222/222
f 219/219/219 221/221/221 224/224/224
f 222/222/222 219/219/219 224/224/224
f 224/224/224 221/221/221 225/225/225
f 223/223/223 222/222/222 226/226/226
f 227/227/227 223/223/223 226/226/226
f 227/227/227 226/226/226 228/228/228
f 224/224/224 225/225/225 229/229/229
f 229/229/229 225/225/225 230/230/230
f 222/222/222 224/224/224 231/231/231
f 226/226/226 222/222/222 231/231/231
f 231/231/231 224/224/224 229/229/229
f 228/228/228 226/226/226 232/232/232
f 226/226/226 231/231/231 232/232/232
f 228/228/228 232/232/232 233/233/233
f 229/229/229 230/230/230 234/234/234
f 234/234/234 230/230/230 235/235/235
f 231/231/231 229/229/229 236/236/236
f 232/232/232 231/231/231 236/236/236
f 236/236/236 229/229/229 234/234/234
f 233/233/233 232/232/232 237/237/237
f 232/232/232 236/236/236 237/237/237
f 233/233/233 237/237/237 238/238/238
f 234/234/234 235/235/235 239/239/239
f 239/239/239 235/235/235 240/240/240
f 236/236/236 234/234/234 241/241/241
f 237/237/237 236/236/236 241/241/241
f 241/241/241 234/234/234 239/239/239
f 238/238/238 237/237/237 242/242/242
f 237/237/237 241/241/241 242/242/242
f 238/238/238 242/242/242 243/243/243
f 239/239/239 240/240/240 244/244/244
f 244/244/244 240/240/240 245/245/245
f 241/241/241 239/239/239 246/246/246
f 242/242/242 241/241/241 246/246/246
f 246/246/246 239/239/239 244/244/244
f 243/243/243 242/242/242 247/247/247
f 242/242/242 246/246/246 247/247/247
f 243/243/243 247/247/247 248/248/248
f 244/244/244 245/245/245 249/249/249
f 249/249/249 245/245/245 250/250/250
f 249/249/249 250/250/250 251/251/251
f 246/246/246 244/244/244 252/252/252
f 247/247/247 246/246/246 252/252/252
f 252/252/252 244/244/244 249/249/249
f 248/248/248 247/247/247 253/253/253
f 247/247/247 252/252/252 253/253/253
f 248/248/248 253/253/253 254/254/254
f 255/255/255 249/249/249 251/251/251
f 252/252/252 249/249/249 255/255/255
f 253/253/253 252/252/252 255/255/255
f 255/255/255 251/251/251 256/256/256
f 254/254/254 253/253/253 257/257/257
f 253/253/253 255/255/255 257/257/257
f 257/257/257 255/255/255 256/256/256
f 254/254/254 257/257/257 258/258/258
f 257/257/257 256/256/256 259/259/259
f 258/258/258 257/257/257 259/259/259
f 258/258/258 259/259/259 260/260/260
f 261/261/261 263/263/263 262/262/262
f 261/261/261 262/262/262 264/264/264
f 265/265/265 261/261/261 264/264/264
f 264/264/264 262/262/262 266/266/266
f 265/265/265 264/264/264 267/267/267
f 268/268/268 265/265/265 267/267/267
f 264/264/264 266/266/266 269/269/269
f 267/267/267 264/264/264 269/269/269
f 269/269/269 266/266/266 270/270/270
f 268/268/268 267/267/267 271/271/271
f 272/272/272 268/268/268 271/271/271
f 272/272/272 271/271/271 273/273/273
f 269/269/269 270/270/270 274/274/274
f 274/274/274 270/270/270 275/275/275
f 267/267/267 269/269/269 276/276/276
f 271/271/271 267/267/267 276/276/276
f 276/276/276 269/269/269 274/274/274
f 273/273/273 271/271/271 277/277/277
f 271/271/271 276/276/276 277/277/277
f 273/273/273 277/277/277 278/278/278
f 274/274/274 275/275/275 279/279/279
f 279/279/279 275/275/275 280/280/280
f 276/276/276 274/274/274 281/281/281
f 277/277/277 276/276/276 281/281/281
f 281/281/281 274/274/274 279/279/279
f 278/278/278 277/277/277 282/282/282
f 277/277/277 281/281/281 282/282/282
f 278/278/278 282/282/282 283/283/283
f 279/279/279 280/280/280 284/284/284
f 284/284/284 280/280/280 285/285/285
f 281/281/281 279/279/279 286/286/286
f 282/282/282 281/281/281 286/286/286
f 286/286/286 279/279/279 284/284/284
f 283/283/283 282/282/282 287/287/287
f 282/282/282 286/286/286 287/287/287
f 283/283/283 287/287/287 288/288/288
f 284/284/284 285/285/285 289/289/289
f 289/289/289 285/285/285 290/290/290
f 286/286/286 284/284/284 291/291/291
f 287/287/287 286/286/286 291/291/291
f 291/291/291 284/284/284 289/289/289
f 288/288/288 287/287/287 292/292/292
f 287/287/287 291/291/291 292/292/292
f 288/288/288 292/292/292 293/293/293
f 289/289/289 290/290/290 294/294/294
f 294/294/294 290/290/290 295/295/295
f 294/294/294 295/295/295 296/296/296
f 291/291/291 289/289/289 297/297/297
f 292/292/292 291/291/291 297/297/297
f 297/297/297 289/289/289 294/294/294
f 293/293/293 292/292/292 298/298/298
f 292/292/292 297/297/297 298/298/298
f 293/293/293 298/298/298 299/299/299
f 300/300/300 294/294/294 296/296/296
f 297/297/297 294/294/294 300/300/300
f 298/298/298 297/297/297 300/300/300
f 300/300/300 296/296/296 301/301/301
f 299/299/299 298/298/298 302/302/302
f 298/298/298 300/300/300 302/302/302
f 302/302/302 300/300/300 301/301/301
f 299/299/299 302/302/302 303/303/303
f 302/302/302 301/301/301 304/304/304
f 303/303/303 302/302/302 304/304/304
f 303/303/303 304/304/304 305/305/305
f 306/306/306 308/308/308 307/307/307
f 306/306/306 309/309/309 308/308/308
f 310/310/310 309/309/309 306/306/306
f 309/309/309 311/311/311 308/308/308
f 310/310/310 312/312/312 309/309/309
f 313/313/313 312/312/312 310/310/310
f 309/309/309 314/314/314 311/311/311
f 312/312/312 314/314/314 309/309/309
f 314/314/314 315/315/315 311/311/311
f 313/313/313 316/316/316 312/312/312
f 317/317/317 316/316/316 313/313/313
f 317/317/317 318/318/318 316/316/316
f 314/314/314 319/319/319 315/315/315
f 319/319/319 320/320/320 315/315/315
f 312/312/312 321/321/321 314/314/314
f 316/316/316 321/321/321 312/312/312
f 321/321/321 319/319/319 314/314/314
f 318/318/318 322/322/322 316/316/316
f 316/316/316 322/322/322 321/321/321
f 318/318/318 323/323/323 322/322/322
f 319/319/319 324/324/324 320/320/320
f 324/324/324 325/325/325 320/320/320
f 321/321/321 326/326/326 319/319/319
f 322/322/322 326/326/326 321/321/321
f 326/326/326 324/324/324 319/319/319
f 323/323/323 327/327/327 322/322/322
f 322/322/322 327/327/327 326/326/326
f 323/323/323 328/328/328 327/327/327
f 324/324/324 329/329/329 325/325/325
f 329/329/329 330/330/330 325/325/325
f 326/326/326 331/331/331 324/324/324
f 327/327/327 331/331/331 326/326/326
f 331/331/331 329/329/329 324/324/324
f 328/328/328 332/332/332 327/327/327
f 327/327/327 332/332/332 331/331/331
f 328/328/328 333/333/333 332/332/332
f 329/329/329 334/334/334 330/330/330
f 334/334/334 335/335/335 330/330/330
f 331/331/331 336/336/336 329/329/329
f 332/332/332 336/336/336 331/331/331
f 336/336/336 334/334/334 329/329/329
f 333/333/333 337/337/337 332/332/332
f 332/332/332 337/337/337 336/336/336
f 333/333/333 338/338/338 337/337/337
f 334/334/334 339/339/339 335/335/335
f 339/339/339 340/340/340 335/335/335
f 339/339/339 341/341/341 340/340/340
f 336/336/336 342/342/342 334/334/334
f 337/337/337 342/342/342 336/336/336
f 342/342/342 339/339/339 334/334/334
f 338/338/338 343/343/343 337/337/337
f 337/337/337 343/343/343 342/342/342
f 338/338/338 344/344/344 343/343/343
f 345/345/345 341/341/341 339/339/339
f 342/342/342 345/345/345 339/339/339
f 343/343/343 345/345/345 342/342/342
f 345/345/345 346/346/346 341/341/341
f 344/344/344 347/347/347 343/343/343
f 343/343/343 347/347/347 345/345/345
f 347/347/347 346/346/346 345/345/345
f 344/344/344 348/348/348 347/347/347
f 347/347/347 349/349/349 346/346/346
f 348/348/348 349/349/349 347/347/347
f 348/348/348 350/350/350 349/349/349
f 351/351/351 353/353/353 352/352/352
f 351/351/351 354/354/354 353/353/353
f 355/355/355 354/354/354 351/351/351
f 354/354/354 356/356/356 353/353/353
f 355/355/355 357/357/357 354/354/354
f 358/358/358 357/357/357 355/355/355
f 354/354/354 359/359/359 356/356/356
f 357/357/357 359/359/359 354/354/354
f 359/359/359 360/360/360 356/356/356
f 358/358/358 361/361/361 357/357/357
f 362/362/362 361/361/361 358/358/358
f 362/362/362 363/363/363 361/361/361
f 359/359/359 364/364/364 360/360/360
f 364/364/364 365/365/365 360/360/360
f 357/357/357 366/366/366 359/359/359
f 361/361/361 366/366/366 357/357/357
f 366/366/366 364/364/364 359/359/359
f 363/363/363 367/367/367 361/361/361
f 361/361/361 367/367/367 366/366/366
f 363/363/363 368/368/368 367/367/367
f 364/364/364 369/369/369 365/365/365
f 369/369/369 370/370/370 365/365/365
f 366/366/366 371/371/371 364/364/364
f 367/367/367 371/371/371 366/366/366
f 371/371/371 369/369/369 364/364/364
f 368/368/368 372/372/372 367/367/367
f 367/367/367 372/372/372 371/371/371
f 368/368/368 373/373/373 372/372/372
f 369/369/369 374/374/374 370/370/370
f 374/374/374 375/375/375 370/370/370
f 371/371/371 376/376/376 369/369/369
f 372/372/372 376/376/376 371/371/371
f 376/376/376 374/374/374 369/369/369
f 373/373/373 377/377/377 372/372/372
f 372/372/372 377/377/377 376/376/376
f 373/373/373 378/378/378 377/377/377
f 374/374/374 379/379/379 375/375/375
f 379/379/379 380/380/380 375/375/375
f 376/376/376 381/381/381 374/374/374
f 377/377/377 381/381/381 376/376/376
f 381/381/381 379/379/379 374/374/374
f 378/378/378 382/382/382 377/377/377
f 377/377/377 382/382/382 381/381/381
f 378/378/378 383/383/383 382/382/382
f 379/379/379 384/384/384 380/380/380
f 384/384/384 385/385/385 380/380/380
f 384/384/384 386/386/386 385/385/385
f 381/381/381 387/387/387 379/379/379
f 382/382/382 387/387/387 381/381/381
f 387/387/387 384/384/384 379/379/379
f 383/383/383 388/388/388 382/382/382
f 382/382/382 388/388/388 387/387/387
f 383/383/383 389/389/389 388/388/388
f 390/390/390 386/386/386 384/384/384
f 387/387/387 390/390/390 384/384/384
f 388/388/388 390/390/390 387/387/387
f 390/390/390 391/391/391 386/386/386
f 389/389/389 392/392/392 388/388/388
f 388/388/388 392/392/392 390/390/390
f 392/392/392 391/391/391 390/390/390
f 389/389/389 393/393/393 392/392/392
f 392/392/392 394/394/394 391/391/391
f 393/393/393 394/394/394 392/392/392
f 393/393/393 395/395/395 394/394/394
f 396/396/396 398/398/398 397/397/397
f 396/396/396 399/399/399 398/398/398
f 400/400/400 399/399/399 396/396/396
f 399/399/399 401/401/401 398/398/398
f 400/400/400 402/402/402 399/399/399
f 403/403/403 402/402/402 400/400/400
f 399/399/399 404/404/404 401/401/401
f 402/402/402 404/404/404 399/399/399
f 404/404/404 405/405/405 401/401/401
f 403/403/403 406/406/406 402/402/402
f 407/407/407 406/406/406 403/403/403
f 407/407/407 408/408/408 406/406/406
f 404/404/404 409/409/409 405/405/405
f 409/409/409 410/410/410 405/405/405
f 402/402/402 411/411/411 404/404/404
f 406/406/406 411/411/411 402/402/402
f 411/411/411 409/409/409 404/404/404
f 408/408/408 412/412/412 406/406/406
f 406/406/406 412/412/412 411/411/411
f 408/408/408 413/413/413 412/412/412
f 409/409/409 414/414/414 410/410/410
f 414/414/414 415/415/415 410/410/410
f 411/411/411 416/416/416 409/409/409
f 412/412/412 416/416/416 411/411/411
f 416/416/416 414/414/414 409/409/409
f 413/413/413 417/417/417 412/412/412
f 412/412/412 417/417/417 416/416/416
f 413/413/413 418/418/418 417/417/417
f 414/414/414 419/419/419 415/415/415
f 419/419/419 420/420/420 415/415/415
f 416/416/416 421/421/421 414/414/414
f 417/417/417 421/421/421 416/416/416
f 421/421/421 419/419/419 414/414/414
f 418/418/418 422/422/422 417/417/417
f 417/417/417 422/422/422 421/421/421
f 418/418/418 423/423/423 422/422/422
f 419/419/419 424/424/424 420/420/420
f 424/424/424 425/425/425 420/420/420
f 421/421/421 426/426/426 419/419/419
f 422/422/422 426/426/426 421/421/421
f 426/426/426 424/424/424 419/419/419
f 423/423/423 427/427/427 422/422/422
f 422/422/422 427/427/427 426/426/426
f 423/423/423 428/428/428 427/427/427
f 424/424/424 429/429/429 425/425/425
f 429/429/429 430/430/430 425/425/425
f 429/429/429 431/431/431 430/430/430
f 426/426/426 432/432/432 424/424/424
f 427/427/427 432/432/432 426/426/426
f 432/432/432 429/429/429 424/424/424
f 428/428/428 433/433/433 427/427/427
f 427/427/427 433/433/433 432/432/432
f 428/428/428 434/434/434 433/433/433
f 435/435/435 431/431/431 429/429/429
f 432/432/432 435/435/435 429/429/429
f 433/433/433 435/435/435 432/432/432
f 435/435/435 436/436/436 431/431/431
f 434/434/434 437/437/437 433/433/433
f 433/433/433 437/437/437 435/435/435
f 437/437/437 436/436/436 435/435/435
f 434/434/434 438/438/438 437/437/437
f 437/437/437 439/439/439 436/436/436
f 438/438/438 439/439/439 437/437/437
f 438/438/438 440/440/440 439/439/439
f 441/441/441 443/443/443 442/442/442
f 441/441/441 442/442/442 444/444/444
f 445/445/445 441/441/441 444/444/444
f 444/444/444 442/442/442 446/446/446
f 445/445/445 444/444/444 447/447/447
f 448/448/448 445/445/445 447/447/447
f 444/444/444 446/446/446 449/449/449
f 447/447/447 444/444/444 449/449/449
f 449/449/449 446/446/446 450/450/450
f 448/448/448 447/447/447 451/451/451
f 452/452/452 448/448/448 451/451/451
f 452/452/452 451/451/451 453/453/453
f 449/449/449 450/450/450 454/454/454
f 454/454/454 450/450/450 455/455/455
f 447/447/447 449/449/449 456/456/456
f 451/451/451 447/447/447 456/456/456
f 456/456/456 449/449/449 454/454/454
f 453/453/453 451/451/451 457/457/457
f 451/451/451 456/456/456 457/457/457
f 453/453/453 457/457/457 458/458/458
f 454/454/454 455/455/455 459/459/459
f 459/459/459 455/455/455 460/460/460
f 456/456/456 454/454/454 461/461/461
f 457/457/457 456/456/456 461/461/461
f 461/461/461 454/454/454 459/459/459
f 458/458/458 457/457/457 462/462/462
f 457/457/457 461/461/461 462/462/462
f 458/458/458 462/462/462 463/463/463
f 459/459/459 460/460/460 464/464/464
f 464/464/464 460/460/460 465/465/465
f 461/461/461 459/459/459 466/466/466
f 462/462/462 461/461/461 466/466/466
f 466/466/466 459/459/459 464/464/464
f 463/463/463 462/462/462 467/467/467
f 462/462/462 466/466/466 467/467/467
f 463/463/463 467/467/467 468/468/468
f 464/464/464 465/465/465 469/469/469
f 469/469/469 465/465/465 470/470/470
f 466/466/466 464/464/464 471/471/471
f 467/467/467 466/466/466 471/471/471
f 471/471/471 464/464/464 469/469/469
f 468/468/468 467/467/467 472/472/472
f 467/467/467 471/471/471 472/472/472
f 468/468/468 472/472/472 473/473/473
f 469/469/469 470/470/470 474/474/474
f 474/474/474 470/470/470 475/475/475
f 474/474/474 475/475/475 476/476/476
f 471/471/471 469/469/469 477/477/477
f 472/472/472 471/471/471 477/477/477
f 477/477/477 469/469/469 474/474/474
f 473/473/473 472/472/472 478/478/478
f 472/472/472 477/477/477 478/478/478
f 473/473/473 478/478/478 479/479/479
f 480/480/480 474/474/474 476/476/476
f 477/477/477 474/474/474 480/480/480
f 478/478/478 477/477/477 480/480/480
f 480/480/480 476/476/476 481/481/481
f 479/479/479 478/478/478 482/482/482
f 478/478/478 480/480/480 482/482/482
f 482/482/482 480/480/480 481/481/481
f 479/479/479 482/482/482 483/483/483
f 482/482/482 481/481/481 484/484/484
f 483/483/483 482/482/482 484/484/484
f 483/483/483 484/484/484 485/485/485
f 486/486/486 488/488/488 487/487/487
f 486/486/486 489/489/489 488/488/488
f 490/490/490 489/489/489 486/486/486
f 489/489/489 491/491/491 488/488/488
f 490/490/490 492/492/492 489/489/489
f 493/493/493 492/492/492 490/490/490
f 489/489/489 494/494/494 491/491/491
f 492/492/492 494/494/494 489/489/489
f 494/494/494 495/495/495 491/491/491
f 493/493/493 496/496/496 492/492/492
f 497/497/497 496/496/496 493/493/493
f 497/497/497 498/498/498 496/496/496
f 494/494/494 499/499/499 495/495/495
f 499/499/499 500/500/500 495/495/495
f 492/492/492 501/501/501 494/494/494
f 496/496/496 501/501/501 492/492/492
f 501/501/501 499/499/499 494/494/494
f 498/498/498 502/502/502 496/496/496
f 496/496/496 502/502/502 501/501/501
f 498/498/498 503/503/503 502/502/502
f 499/499/499 504/504/504 500/500/500
f 504/504/504 505/505/505 500/500/500
f 501/501/501 506/506/506 499/499/499
f 502/502/502 506/506/506 501/501/501
f 506/506/506 504/504/504 499/499/499
f 503/503/503 507/507/507 502/502/502
f 502/502/502 507/507/507 506/506/506
f 503/503/503 508/508/508 507/507/507
f 504/504/504 509/509/509 505/505/505
f 509/509/509 510/510/510 505/505/505
f 506/506/506 511/511/511 504/504/504
f 507/507/507 511/511/511 506/506/506
f 511/511/511 509/509/509 504/504/504
f 508/508/508 512/512/512 507/507/507
f 507/507/507 512/512/512 511/511/511
f 508/508/508 513/513/513 512/512/512
f 509/509/509 514/514/514 510/510/510
f 514/514/514 515/515/515 510/510/510
f 511/511/511 516/516/516 509/509/509
f 512/512/512 516/516/516 511/511/511
f 516/516/516 514/514/514 509/509/509
f 513/513/513 517/517/517 512/512/512
f 512/512/512 517/517/517 516/516/516
f 513/513/513 518/518/518 517/517/517
f 514/514/514 519/519/519 515/515/515
f 519/519/519 520/520/520 515/515/515
f 519/519/519 521/521/521 520/520/520
f 516/516/516 522/522/522 514/514/514
f 517/517/517 522/522/522 516/516/516
f 522/522/522 519/519/519 514/514/514
f 518/518/518 523/523/523 517/517/517
f 517/517/517 523/523/523 522/522/522
f 518/518/518 524/524/524 523/523/523
f 525/525/525 521/521/521 519/519/519
f 522/522/522 525/525/525 519/519/519
f 523/523/523 525/525/525 522/522/522
f 525/525/525 526/526/526 521/521/521
f 524/524/524 527/527/527 523/523/523
f 523/523/523 527/527/527 525/525/525
f 527/527/527 526/526/526 525/525/525
f 524/524/524 528/528/528 527/527/527
f 527/527/527 529/529/529 526/526/526
f 528/528/528 529/529/529 527/527/527
f 528/528/528 530/530/530 529/529/529
f 531/531/531 533/533/533 532/532/532
f 531/531/531 534/534/534 533/533/533
f 535/535/535 534/534/534 531/531/531
f 534/534/534 536/536/536 533/533/533
f 535/535/535 537/537/537 534/534/534
f 538/538/538 537/537/537 535/535/535
f 534/534/534 539/539/539 536/536/536
f 537/537/537 539/539/539 534/534/534
f 539/539/539 540/540/540 536/536/536
f 538/538/538 541/541/541 537/537/537
f 542/542/542 541/541/541 538/538/538
f 542/542/542 543/543/543 541/541/541
f 539/539/539 544/544/544 540/540/540
f 544/544/544 545/545/545 540/540/540
f 537/537/537 546/546/546 539/539/539
f 541/541/541 546/546/546 537/537/537
f 546/546/546 544/544/544 539/539/539
f 543/543/543 547/547/547 541/541/541
f 541/541/541 547/547/547 546/546/546
f 543/543/543 548/548/548 547/547/547
f 544/544/544 549/549/549 545/545/545
f 549/549/549 550/550/550 545/545/545
f 546/546/546 551/551/551 544/544/544
f 547/547/547 551/551/551 546/546/546
f 551/551/551 549/549/549 544/544/544
f 548/548/548 552/552/552 547/547/547
f 547/547/547 552/552/552 551/551/551
f 548/548/548 553/553/553 552/552/552
f 549/549/549 554/554/554 550/550/550
f 554/554/554 555/555/555 550/550/550
f 551/551/551 556/556/556 549/549/549
f 552/552/552 556/556/556 551/551/551
f 556/556/556 554/554/554 549/549/549
f 553/553/553 557/557/557 552/552/552
f 552/552/552 557/557/557 556/556/556
f 553/553/553 558/558/558 557/557/557
f 554/554/554 559/559/559 555/555/555
f 559/559/559 560/560/560 555/555/555
f 556/556/556 561/561/561 554/554/554
f 557/557/557 561/561/561 556/556/556
f 561/561/561 559/559/559 554/554/554
f 558/558/558 562/562/562 557/557/557
f 557/557/557 562/562/562 561/561/561
f 558/558/558 563/563/563 562/562/562
f 559/559/559 564/564/564 560/560/560
f 564/564/564 565/565/565 560/560/560
f 564/564/564 566/566/566 565/565/565
f 561/561/561 567/567/567 559/559/559
f 562/562/562 567/567/567 561/561/561
f 567/567/567 564/564/564 559/559/559
f 563/563/563 568/568/568 562/562/562
f 562/562/562 568/568/568 567/567/567
f 563/563/563 569/569/569 568/568/568
f 570/570/570 566/566/566 564/564/564
f 567/567/567 570/570/570 564/564/564
f 568/568/568 570/570/570 567/567/567
f 570/570/570 571/571/571 566/566/566
f 569/569/569 572/572/572 568/568/568
f 568/568/568 572/572/572 570/570/570
f 572/572/572 571/571/571 570/570/570
f 569/569/569 573/573/573 572/572/572
f 572/572/572 574/574/574 571/571/571
f 573/573/573 574/574/574 572/572/572
f 573/573/573 575/575/575 574/574/574
f 576/576/576 578/578/578 577/577/577
f 576/576/576 577/577/577 579/579/579
f 580/580/580 576/576/576 579/579/579
f 579/579/579 577/577/577 581/581/581
f 580/580/580 579/579/579 582/582/582
f 583/583/583 580/580/580 582/582/582
f 579/579/579 581/581/581 584/584/584
f 582/582/582 579/579/579 584/584/584
f 584/584/584 581/581/581 585/585/585
f 583/583/583 582/582/582 586/586/586
f 587/587/587 583/583/583 586/586/586
f 587/587/587 586/586/586 588/588/588
f 584/584/584 585/585/585 589/589/589
f 589/589/589 585/585/585 590/590/590
f 582/582/582 584/584/584 591/591/591
f 586/586/586 582/582/582 591/591/591
f 591/591/591 584/584/584 589/589/589
f 588/588/588 586/586/586 592/592/592
f 586/586/586 591/591/591 592/592/592
f 588/588/588 592/592/592 593/593/593
f 589/589/589 590/590/590 594/594/594
f 594/594/594 590/590/590 595/595/595
f 591/591/591 589/589/589 596/596/596
f 592/592/592 591/591/591 596/596/596
f 596/596/596 589/589/589 594/594/594
f 593/593/593 592/592/592 597/597/597
f 592/592/592 596/596/596 597/597/597
f 593/593/593 597/597/597 598/598/598
f 594/594/594 595/595/595 599/599/599
f 599/599/599 595/595/595 600/600/600
f 596/596/596 594/594/594 601/601/601
f 597/597/597 596/596/596 601/601/601
f 601/601/601 594/594/594 599/599/599
f 598/598/598 597/597/597 602/602/602
f 597/597/597 601/601/601 602/602/602
f 598/598/598 602/602/602 603/603/603
f 599/599/599 600/600/600 604/604/604
f 604/604/604 600/600/600 605/605/605
f 601/601/601 599/599/599 606/606/606
f 602/602/602 601/601/601 606/606/606
f 606/606/606 599/599/599 604/604/604
f 603/603/603 602/602/602 607/607/607
f 602/602/602 606/606/606 607/607/607
f 603/603/603 607/607/607 608/608/608
f 604/604/604 605/605/605 609/609/609
f 609/609/609 605/605/605 610/610/610
f 609/609/609 610/610/610 611/611/611
f 606/606/606 604/604/604 612/612/612
f 607/607/607 606/606/606 612/612/612
f 612/612/612 604/604/604 609/609/609
f 608/608/608 607/607/607 613/613/613
f 607/607/607 612/612/612 613/613/613
f 608/608/608 613/613/613 614/614/614
f 615/615/615 609/609/609 611/611/611
f 612/612/612 609/609/609 615/615/615
f 613/613/613 612/612/612 615/615/615
f 615/615/615 611/611/611 616/616/616
f 614/614/614 613/613/613 617/617/617
f 613/613/613 615/615/615 617/617/617
f 617/617/617 615/615/615 616/616/616
f 614/614/614 617/617/617 618/618/618
f 617/617/617 616/616/616 619/619/619
f 618/618/618 617/617/617 619/619/619
f 618/618/618 619/619/619 620/620/620
f 621/621/621 623/623/623 622/622/622
f 621/621/621 622/622/622 624/624/624
f 625/625/625 621/621/621 624/624/624
f 624/624/624 622/622/622 626/626/626
f 625/625/625 624/624/624 627/627/627
f 628/628/628 625/625/625 627/627/627
f 624/624/624 626/626/626 629/629/629
f 627/627/627 624/624/624 629/629/629
f 629/629/629 626/626/626 630/630/630
f 628/628/628 627/627/627 631/631/631
f 632/632/632 628/628/628 631/631/631
f 632/632/632 631/631/631 633/633/633
f 629/629/629 630/630/630 634/634/634
f 634/634/634 630/630/630 635/635/635
f 627/627/627 629/629/629 636/636/636
f 631/631/631 627/627/627 636/636/636
f 636/636/636 629/629/629 634/634/634
f 633/633/633 631/631/631 637/637/637
f 631/631/631 636/636/636 637/637/637
f 633/633/633 637/637/637 638/638/638
f 634/634/634 635/635/635 639/639/639
f 639/639/639 635/635/635 640/640/640
f 636/636/636 634/634/634 641/641/641
f 637/637/637 636/636/636 641/641/641
f 641/641/641 634/634/634 639/639/639
f 638/638/638 637/637/637 642/642/642
f 637/637/637 641/641/641 642/642/642
f 638/638/638 642/642/642 643/643/643
f 639/639/639 640/640/640 644/644/644
f 644/644/644 640/640/640 645/645/645
f 641/641/641 639/639/639 646/646/646
f 642/642/642 641/641/641 646/646/646
f 646/646/646 639/639/639 644/644/644
f 643/643/643 642/642/642 647/647/647
f 642/642/642 646/646/646 647/647/647
f 643/643/643 647/647/647 648/648/648
f 644/644/644 645/645/645 649/649/649
f 649/649/649 645/645/645 650/650/650
f 646/646/646 644/644/644 651/651/651
f 647/647/647 646/646/646 651/651/651
f 651/651/651 644/644/644 649/649/649
f 648/648/648 647/647/647 652/652/652
f 647/647/647 651/651/651 652/652/652
f 648/648/648 652/652/652 653/653/653
f 649/649/649 650/650/650 654/654/654
f 654/654/654 650/650/650 655/655/655
f 654/654/654 655/655/655 656/656/656
f 651/651/651 649/649/649 657/657/657
f 652/652/652 651/651/651 657/657/657
f 657/657/657 649/649/649 654/654/654
f 653/653/653 652/652/652 658/658/658
f 652/652/652 657/657/657 658/658/658
f 653/653/653 658/658/658 659/659/659
f 660/660/660 654/654/654 656/656/656
f 657/657/657 654/654/654 660/660/660
f 658/658/658 657/657/657 660/660/660
f 660/660/660 656/656/656 661/661/661
f 659/659/659 658/658/658 662/662/662
f 658/658/658 660/660/660 662/662/662
f 662/662/662 660/660/660 661/661/661
f 659/659/659 662/662/662 663/663/663
f 662/662/662 661/661/661 664/664/664
f 663/663/663 662/662/662 664/664/664
f 663/663/663 664/664/664 665/665/665
f 666/666/666 668/668/668 667/667/667
f 666/666/666 667/667/667 669/669/669
f 670/670/670 666/666/666 669/669/669
f 669/669/669 667/667/667 671/671/671
f 670/670/670 669/669/669 672/672/672
f 673/673/673 670/670/670 672/672/672
f 669/669/669 671/671/671 674/674/674
f 672/672/672 669/669/669 674/674/674
f 674/674/674 671/671/671 675/675/675
f 673/673/673 672/672/672 676/676/676
f 677/677/677 673/673/673 676/676/676
f 677/677/677 676/676/676 678/678/678
f 674/674/674 675/675/675 679/679/679
f 679/679/679 675/675/675 680/680/680
f 672/672/672 674/674/674 681/681/681
f 676/676/676 672/672/672 681/681/681
f 681/681/681 674/674/674 679/679/679
f 678/678/678 676/676/676 682/682/682
f 676/676/676 681/681/681 682/682/682
f 678/678/678 682/682/682 683/683/683
f 679/679/679 680/680/680 684/684/684
f 684/684/684 680/680/680 685/685/685
f 681/681/681 679/679/679 686/686/686
f 682/682/682 681/681/681 686/686/686
f 686/686/686 679/679/679 684/684/684
f 683/683/683 682/682/682 687/687/687
f 682/682/682 686/686/686 687/687/687
f 683/683/683 687/687/687 688/688/688
f 684/684/684 685/685/685 689/689/689
f 689/689/689 685/685/685 690/690/690
f 686/686/686 684/684/684 691/691/691
f 687/687/687 686/686/686 691/691/691
f 691/691/691 684/684/684 689/689/689
f 688/688/688 687/687/687 692/692/692
f 687/687/687 691/691/691 692/692/692
f 688/688/688 692/692/692 693/693/693
f 689/689/689 690/690/690 694/694/694
f 694/694/694 690/690/690 695/695/695
f 691/691/691 689/689/689 696/696/696
f 692/692/692 691/691/691 696/696/696
f 696/696/696 689/689/689 694/694/694
f 693/693/693 692/692/692 697/697/697
f 692/692/692 696/696/696 697/697/697
f 693/693/693 697/697/697 698/698/698
f 694/694/694 695/695/695 699/699/699
f 699/699/699 695/695/695 700/700/700
f 699/699/699 700/700/700 701/701/701
f 696/696/696 694/694/694 702/702/702
f 697/697/697 696/696/696 702/702/702
f 702/702/702 694/694/694 699/699/699
f 698/698/698 697/697/697 703/703/703
f 697/697/697 702/702/702 703/703/703
f 698/698/698 703/703/703 704/704/704
f 705/705/705 699/699/699 701/701/701
f 702/702/702 699/699/699 705/705/705
f 703/703/703 702/702/702 705/705/705
f 705/705/705 701/701/701 706/706/706
f 704/704/704 703/703/703 707/707/707
f 703/703/703 705/705/705 707/707/707
f 707/707/707 705/705/705 706/706/706
f 704/704/704 707/707/707 708/708/708
f 707/707/707 706/706/706 709/709/709
f 708/708/708 707/707/707 709/709/709
f 708/708/708 709/709/709 710/710/710
f 711/711/711 713/713/713 712/712/712
f 711/711/711 712/712/712 714/714/714
f 715/715/715 711/711/711 714/714/714
f 714/714/714 712/712/712 716/716/716
f 715/715/715 714/714/714 717/717/717
f 718/718/718 715/715/715 717/717/717
f 714/714/714 716/716/716 719/719/719
f 717/717/717 714/714/714 719/719/719
f 719/719/719 716/716/716 720/720/720
f 718/718/718 717/717/717 721/721/721
f 722/722/722 718/718/718 721/721/721
f 722/722/722 721/721/721 723/723/723
f 719/719/719 720/720/720 724/724/724
f 724/724/724 720/720/720 725/725/725
f 717/717/717 719/719/719 726/726/726
f 721/721/721 717/717/717 726/726/726
f 726/726/726 719/719/719 724/724/724
f 723/723/723 721/721/721 727/727/727
f 721/721/721 726/726/726 727/727/727
f 723/723/723 727/727/727 728/728/728
f 724/724/724 725/725/725 729/729/729
f 729/729/729 725/725/725 730/730/730
f 726/726/726 724/724/724 731/731/731
f 727/727/727 726/726/726 731/731/731
f 731/731/731 724/724/724 729/729/729
f 728/728/728 727/727/727 732/732/732
f 727/727/727 731/731/731 732/732/732
f 728/728/728 732/732/732 733/733/733
f 729/729/729 730/730/730 734/734/734
f 734/734/734 730/730/730 735/735/735
f 731/731/731 729/729/729 736/736/736
f 732/732/732 731/731/731 736/736/736
f 736/736/736 729/729/729 734/734/734
f 733/733/733 732/732/732 737/737/737
f 732/732/732 736/736/736 737/737/737
f 733/733/733 737/737/737 738/738/738
f 734/734/734 735/735/735 739/739/739
f 739/739/739 735/735/735 740/740/740
f 736/736/736 734/734/734 741/741/741
f 737/737/737 736/736/736 741/741/741
f 741/741/741 734/734/734 739/739/739
f 738/738/738 737/737/737 742/742/742
f 737/737/737 741/741/741 742/742/742
f 738/738/738 742/742/742 743/743/743
f 739/739/739 740/740/740 744/744/744
f 744/744/744 740/740/740 745/745/745
f 744/744/744 745/745/745 746/746/746
f 741/741/741 739/739/739 747/747/747
f 742/742/742 741/741/741 747/747/747
f 747/747/747 739/739/739 744/744/744
f 743/743/743 742/742/742 748/748/748
f 742/742/742 747/747/747 748/748/748
f 743/743/743 748/748/748 749/749/749
f 750/750/750 744/744/744 746/746/746
f 747/747/747 744/744/744 750/750/750
f 748/748/748 747/747/747 750/750/750
f 750/750/750 746/746/746 751/751/751
f 749/749/749 748/748/748 752/752/752
f 748/748/748 750/750/750 752/752/752
f 752/752/752 750/750/750 751/751/751
f 749/749/749 752/752/752 753/753/753
f 752/752/752 751/751/751 754/754/754
f 753/753/753 752/752/752 754/754/754
f 753/753/753 754/754/754 755/755/755
f 756/756/756 758/758/758 757/757/757
f 756/756/756 757/757/757 759/759/759
f 760/760/760 756/756/756 759/759/759
f 759/759/759 757/757/757 761/761/761
f 760/760/760 759/759/759 762/762/762
f 763/763/763 760/760/760 762/762/762
f 759/759/759 761/761/761 764/764/764
f 762/762/762 759/759/759 764/764/764
f 764/764/764 761/761/761 765/765/765
f 763/763/763 762/762/762 766/766/766
f 767/767/767 763/763/763 766/766/766
f 767/767/767 766/766/766 768/768/768
f 764/764/764 765/765/765 769/769/769
f 769/769/769 765/765/765 770/770/770
f 762/762/762 764/764/764 771/771/771
f 766/766/766 762/762/762 771/771/771
f 771/771/771 764/764/764 769/769/769
f 768/768/768 766/766/766 772/772/772
f 766/766/766 771/771/771 772/772/772
f 768/768/768 772/772/772 773/773/773
f 769/769/769 770/770/770 774/774/774
f 774/774/774 770/770/770 775/775/775
f 771/771/771 769/769/769 776/776/776
f 772/772/772 771/771/771 776/776/776
f 776/776/776 769/769/769 774/774/774
f 773/773/773 772/772/772 777/777/777
f 772/772/772 776/776/776 777/777/777
f 773/773/773 777/777/777 778/778/778
f 774/774/774 775/775/775 779/779/779
f 779/779/779 775/775/775 780/780/780
f 776/776/776 774/774/774 781/781/781
f 777/777/777 776/776/776 781/781/781
f 781/781/781 774/774/774 779/779/779
f 778/778/778 777/777/777 782/782/782
f 777/777/777 781/781/781 782/782/782
f 778/778/778 782/782/782 783/783/783
f 779/779/779 780/780/780 784/784/784
f 784/784/784 780/780/780 785/785/785
f 781/781/781 779/779/779 786/786/786
f 782/782/782 781/781/781 786/786/786
f 786/786/786 779/779/779 784/784/784
f 783/783/783 782/782/782 787/787/787
f 782/782/782 786/786/786 787/787/787
f 783/783/783 787/787/787 788/788/788
f 784/784/784 785/785/785 789/789/789
f 789/789/789 785/785/785 790/790/790
f 789/789/789 790/790/790 791/791/791
f 786/786/786 784/784/784 792/792/792
f 787/787/787 786/786/786 792/792/792
f 792/792/792 784/784/784 789/789/789
f 788/788/788 787/787/787 793/793/793
f 787/787/787 792/792/792 793/793/793
f 788/788/788 793/793/793 794/794/794
f 795/795/795 789/789/789 791/791/791
f 792/792/792 789/789/789 795/795/795
f 793/793/793 792/792/792 795/795/795
f 795/795/795 791/791/791 796/796/796
f 794/794/794 793/793/793 797/797/797
f 793/793/793 795/795/795 797/797/797
f 797/797/797 795/795/795 796/796/796
f 794/794/794 797/797/797 798/798/798
f 797/797/797 796/796/796 799/799/799
f 798/798/798 797/797/797 799/799/799
f 798/798/798 799/799/799 800/800/800
f 801/801/801 803/803/803 802/802/802
f 801/801/801 802/802/802 804/804/804
f 805/805/805 801/801/801 804/804/804
f 804/804/804 802/802/802 806/806/806
f 805/805/805 804/804/804 807/807/807
f 808/808/808 805/805/805 807/807/807
f 804/804/804 806/806/806 809/809/809
f 807/807/807 804/804/804 809/809/809
f 809/809/809 806/806/806 810/810/810
f 808/808/808 807/807/807 811/811/811
f 812/812/812 808/808/808 811/811/811
f 812/812/812 811/811/811 813/813/813
f 809/809/809 810/810/810 814/814/814
f 814/814/814 810/810/810 815/815/815
f 807/807/807 809/809/809 816/816/816
f 811/811/811 807/807/807 816/816/816
f 816/816/816 809/809/809 814/814/814
f 813/813/813 811/811/811 817/817/817
f 811/811/811 816/816/816 817/817/817
f 813/813/813 817/817/817 818/818/818
f 814/814/814 815/815/815 819/819/819
f 819/819/819 815/815/815 820/820/820
f 816/816/816 814/814/814 821/821/821
f 817/817/817 816/816/816 821/821/821
f 821/821/821 814/814/814 819/819/819
f 818/818/818 817/817/817 822/822/822
f 817/817/817 821/821/821 822/822/822
f 818/818/818 822/822/822 823/823/823
f 819/819/819 820/820/820 824/824/824
f 824/824/824 820/820/820 825/825/825
f 821/821/821 819/819/819 826/826/826
f 822/822/822 821/821/821 826/826/826
f 826/826/826 819/819/819 824/824/824
f 823/823/823 822/822/822 827/827/827
f 822/822/822 826/826/826 827/827/827
f 823/823/823 827/827/827 828/828/828
f 824/824/824 825/825/825 829/829/829
f 829/829/829 825/825/825 830/830/830
f 826/826/826 824/824/824 831/831/831
f 827/827/827 826/826/826 831/831/831
f 831/831/831 824/824/824 829/829/829
f 828/828/828 827/827/827 832/832/832
f 827/827/827 831/831/831 832/832/832
f 828/828/828 832/832/832 833/833/833
f 829/829/829 830/830/830 834/834/834
f 834/834/834 830/830/830 835/835/835
f 834/834/834 835/835/835 836/836/836
f 831/831/831 829/829/829 837/837/837
f 832/832/832 831/831/831 837/837/837
f 837/837/837 829/829/829 834/834/834
f 833/833/833 832/832/832 838/838/838
f 832/832/832 837/837/837 838/838/838
f 833/833/833 838/838/838 839/839/839
f 840/840/840 834/834/834 836/836/836
f 837/837/837 834/834/834 840/840/840
f 838/838/838 837/837/837 840/840/840
f 840/840/840 836/836/836 841/841/841
f 839/839/839 838/838/838 842/842/842
f 838/838/838 840/840/840 842/842/842
f 842/842/842 840/840/840 841/841/841
f 839/839/839 842/842/842 843/843/843
f 842/842/842 841/841/841 844/844/844
f 843/843/843 842/842/842 844/844/844
f 843/843/843 844/844/844 845/845/845
f 846/846/846 848/848/848 847/847/847
f 846/846/846 847/847/847 849/849/849
f 850/850/850 846/846/846 849/849/849
f 849/849/849 847/847/847 851/851/851
f 850/850/850 849/849/849 852/852/852
f 853/853/853 850/850/850 852/852/852
f 849/849/849 851/851/851 854/854/854
f 852/852/852 849/849/849 854/854/854
f 854/854/854 851/851/851 855/855/855
f 853/853/853 852/852/852 856/856/856
f 857/857/857 853/853/853 856/856/856
f 857/857/857 856/856/856 858/858/858
f 854/854/854 855/855/855 859/859/859
f 859/859/859 855/855/855 860/860/860
f 852/852/852 854/854/854 861/861/861
f 856/856/856 852/852/852 861/861/861
f 861/861/861 854/854/854 859/859/859
f 858/858/858 856/856/856 862/862/862
f 856/856/856 861/861/861 862/862/862
f 858/858/858 862/862/862 863/863/863
f 859/859/859 860/860/860 864/864/864
f 864/864/864 860/860/860 865/865/865
f 861/861/861 859/859/859 866/866/866
f 862/862/862 861/861/861 866/866/866
f 866/866/866 859/859/859 864/864/864
f 863/863/863 862/862/862 867/867/867
f 862/862/862 866/866/866 867/867/867
f 863/863/863 867/867/867 868/868/868
f 864/864/864 865/865/865 869/869/869
f 869/869/869 865/865/865 870/870/870
f 866/866/866 864/864/864 871/871/871
f 867/867/867 866/866/866 871/871/871
f 871/871/871 864/864/864 869/869/869
f 868/868/868 867/867/867 872/872/872
f 867/867/867 871/871/871 872/872/872
f 868/868/868 872/872/872 873/873/873
f 869/869/869 870/870/870 874/874/874
f 874/874/874 870/870/870 875/875/875
f 871/871/871 869/869/869 876/876/876
f 872/872/872 871/871/871 876/876/876
f 876/876/876 869/869/869 874/874/874
f 873/873/873 872/872/872 877/877/877
f 872/872/872 876/876/876 877/877/877
f 873/873/873 877/877/877 878/878/878
f 874/874/874 875/875/875 879/879/879
f 879/879/879 875/875/875 880/880/880
f 879/879/879 880/880/880 881/881/881
f 876/876/876 874/874/874 882/882/882
f 877/877/877 876/876/876 882/882/882
f 882/882/882 874/874/874 879/879/879
f 878/878/878 877/877/877 883/883/883
f 877/877/877 882/882/882 883/883/883
f 878/878/878 883/883/883 884/884/884
f 885/885/885 879/879/879 881/881/881
f 882/882/882 879/879/879 885/885/885
f 883/883/883 882/882/882 885/885/885
f 885/885/885 881/881/881 886/886/886
f 884/884/884 883/883/883 887/887/887
f 883/883/883 885/885/885 887/887/887
f 887/887/887 885/885/885 886/886/886
f 884/884/884 887/887/887 888/888/888
f 887/887/887 886/886/886 889/889/889
f 888/888/888 887/887/887 889/889/889
f 888/888/888 889/889/889 890/890/890
