mtllib P_PalmTree03.mtl
v 0.4043716 -0.3942014 -0.3832067 0 0.9921569 0
v -0.0831915 -0.835746 -0.3264523 0 0.9921569 0
v 0.1391486 -0.8654189 -0.214856 0 0.9921569 0
v 0.011545 -0.3564538 -0.5763522 0 0.9960784 0
v 0.5502588 0.004847618 -0.403384 0 0.9921569 0
v -0.3192734 -0.8094203 -0.2468174 0 0.9921569 0
v 0.09389466 0.03566354 -0.6011172 0 0.9960784 0
v 0.6069253 1.025793 -0.3085374 0 0.772549 0
v -0.4027057 -0.3219423 -0.4331223 0 0.9960784 0
v -0.4308034 -0.8018633 -0.02260019 0 0.9921569 0
v 0.2670125 1.04906 -0.4418916 0 0.7254902 0
v 0.5024863 2.223054 -0.3362792 0 0.3843137 0
v -0.5957178 -0.3105815 -0.03741906 0 0.9960784 0
v -0.3524486 -0.8175014 0.2148559 0 0.9960784 0
v -0.3843199 0.06701648 -0.4492117 0 0.9960784 0
v 0.255814 2.183018 -0.4418414 0 0.3411765 0
v 0.206194 3.173255 -0.3736814 0 0 0
v -0.4544274 -0.3286287 0.3789599 0 0.9960784 0
v -0.1301084 -0.8471742 0.3264523 0 0.9960784 0
v -0.07813819 1.082225 -0.3219496 0 0.6784314 0
v -0.6042531 0.08119089 -0.03665192 0 0.9960784 0
v 0.02431306 3.122421 -0.45146 0 0 0
v -0.08098447 4.377201 -0.4440364 0 0 0
v -0.06160054 -0.3658871 0.5721056 0 0.9960784 0
v 0.1059735 -0.8734998 0.2468173 0 0.9960784 0
v 0.005181977 2.160331 -0.3405379 0 0.3803922 0
v -0.226342 1.105861 -0.01897179 0 0.654902 0
v -0.4370708 0.06877447 0.3948905 0 0.9960784 0
v -0.2749066 4.34168 -0.5262233 0 0 0
v -0.321052 6.332816 -0.3868077 0 0 0
v 0.3526501 -0.4008572 0.4288755 0 0.9960784 0
v 0.2175034 -0.881057 0.02260005 0 0.9960784 0
v -0.1602484 3.083024 -0.3733615 0 0 0
v -0.1025929 2.168282 -0.09171094 0 0.4784314 0
v -0.09078329 1.106121 0.2895615 0 0.6862745 0
v 0.01929366 0.03805447 0.5926239 0 0.9960784 0
v -0.4860643 6.327036 -0.4554519 0 0 0
v -0.3234049 7.846191 -0.2931216 0 0 0
v 0.5456622 -0.4127109 0.03317219 0 0.9960784 0
v 0.1391486 -0.8654189 -0.214856 0 0.9921569 0
v 0.4043716 -0.3942014 -0.3832067 0 0.9921569 0
v 0.4975082 0.006275646 0.4407183 0 0.9960784 0
v 0.7174411 -0.007338097 0.02815837 0 0.9960784 0
v 0.5502588 0.004847618 -0.403384 0 0.9921569 0
v 0.2491297 1.082855 0.4229157 0 0.7176471 0
v 0.5942802 1.04969 0.3029736 0 0.7372549 0
v 0.7424841 1.026054 -4.239098E-06 0 0.7686275 0
v 0.6069253 1.025793 -0.3085374 0 0.772549 0
v -0.00437748 2.202214 0.1588801 0 0.5529412 0
v 0.2422949 2.24225 0.2644423 0 0.572549 0
v 0.6007017 2.256986 -0.08568826 0 0.4823529 0
v 0.5024863 2.223054 -0.3362792 0 0.3843137 0
v 0.4929269 2.264937 0.1631388 0 0.5568628 0
v -0.2393768 3.078144 -0.1851348 0 0 0
v 0.278851 3.205751 -0.1855873 0 0 0
v 0.206194 3.173255 -0.3736814 0 0 0
v -0.1667199 3.11064 0.002959385 0 0 0
v 0.1997226 3.200871 0.00263944 0 0 0
v 0.01516111 3.161474 0.08073804 0 0 0
v -0.4697303 4.309083 -0.4449614 0 0 0
v -0.001560736 4.39484 -0.2465445 0 0 0
v -0.08098447 4.377201 -0.4440364 0 0 0
v -0.5513305 4.298507 -0.2478526 0 0 0
v -0.4719068 4.316146 -0.05036077 0 0 0
v -0.08316085 4.384264 -0.04943579 0 0 0
v -0.2779846 4.351667 0.03182616 0 0 0
v -0.6510733 6.316893 -0.3873071 0 0 0
v -0.2526981 6.330846 -0.2215854 0 0 0
v -0.321052 6.332816 -0.3868077 0 0 0
v -0.7194188 6.308329 -0.2222917 0 0 0
v -0.6510649 6.306359 -0.05706935 0 0 0
v -0.3210435 6.322283 -0.05656996 0 0 0
v -0.4860524 6.312139 0.01157485 0 0 0
v -0.471828 7.840993 -0.3548647 0 0 0
v -0.2941805 8.878621 -0.260162 0 0 0
v -0.620248 7.831869 -0.2935709 0 0 0
v -0.4621405 8.872739 -0.3300324 0 0 0
v -0.4556658 9.373487 -0.05730711 0 0 0
v -0.6817225 7.824166 -0.145145 0 0 0
v -0.630097 8.862413 -0.2606704 0 0 0
v -0.4556658 9.373487 -0.05730711 0 0 0
v -0.6202404 7.822393 0.003466871 0 0 0
v -0.6996635 8.853698 -0.09270731 0 0 0
v -0.4556658 9.373487 -0.05730711 0 0 0
v -0.4718173 7.827593 0.06521002 0 0 0
v -0.6300884 8.85169 0.07546638 0 0 0
v -0.4556658 9.373487 -0.05730711 0 0 0
v -0.3233972 7.836717 0.003916051 0 0 0
v -0.4621284 8.857575 0.1453368 0 0 0
v -0.4556658 9.373487 -0.05730711 0 0 0
v -0.2619229 7.84442 -0.1445098 0 0 0
v -0.3234049 7.846191 -0.2931216 0 0 0
v -0.2941718 8.867899 0.07597467 0 0 0
v -0.4556658 9.373487 -0.05730711 0 0 0
v -0.2246056 8.876618 -0.09198842 0 0 0
v -0.4556658 9.373487 -0.05730711 0 0 0
v -0.2941805 8.878621 -0.260162 0 0 0
v -0.4556658 9.373487 -0.05730711 0 0 0
v 2.046557 10.06995 -2.723257 0.9686275 0.9686275 0.9686275
v 1.614506 10.47238 -2.502988 0.9333333 0.9333333 0.9333333
v 2.03953 10.06974 -2.728873 0.9686275 0.9686275 0.9686275
v 1.697092 10.48952 -2.445739 0.9372549 0.9372549 0.9372549
v 2.053537 10.0701 -2.71758 0.9686275 0.9686275 0.9686275
v 1.119202 10.67435 -2.203929 0.8666667 0.8666667 0.8666667
v 1.776273 10.49658 -2.381928 0.9411765 0.9411765 0.9411765
v 2.064324 10.07022 -2.708603 0.9686275 0.9686275 0.9686275
v 1.267908 10.74251 -2.096756 0.8784314 0.8784314 0.8784314
v 0.6342214 10.66784 -1.880754 0.7333333 0.7333333 0.7333333
v 1.879621 10.48929 -2.282917 0.9411765 0.9411765 0.9411765
v 2.074989 10.0702 -2.699482 0.9686275 0.9686275 0.9686275
v 1.970821 10.46211 -2.175772 0.9372549 0.9372549 0.9372549
v 0.8169786 10.81059 -1.707755 0.7529412 0.7529412 0.7529412
v 0.2454609 10.54849 -1.523201 0.5490196 0.5490196 0.5490196
v 1.416181 10.76823 -1.971865 0.8784314 0.8784314 0.8784314
v 1.586494 10.73955 -1.803544 0.8784314 0.8784314 0.8784314
v 1.72936 10.64659 -1.632931 0.8666667 0.8666667 0.8666667
v 0.4029761 10.70672 -1.298984 0.5529412 0.5529412 0.5529412
v -0.0836994 10.30584 -1.178299 0.3686275 0.3686275 0.3686275
v 1.024842 10.85849 -1.512297 0.7568628 0.7568628 0.7568628
v 1.232602 10.80579 -1.318084 0.7529412 0.7529412 0.7529412
v 1.415185 10.65887 -1.148555 0.7372549 0.7372549 0.7372549
v 0.03331563 10.43274 -0.9313808 0.3529412 0.3529412 0.3529412
v -0.3415955 9.944719 -0.8637151 0.2078431 0.2078431 0.2078431
v 0.6160227 10.75822 -1.070771 0.5568628 0.5568628 0.5568628
v 0.8642598 10.69022 -0.8639714 0.5529412 0.5529412 0.5529412
v 1.100261 10.50861 -0.721378 0.5450981 0.5450981 0.5450981
v -0.2427015 10.02124 -0.6081186 0.1882353 0.1882353 0.1882353
v -0.46926 9.485082 -0.4959342 0.09019608 0.09019608 0.09019608
v 0.2207259 10.47768 -0.6998112 0.3490196 0.3490196 0.3490196
v 0.510344 10.41304 -0.4807489 0.3529412 0.3529412 0.3529412
v 0.8116507 10.22942 -0.373322 0.3686275 0.3686275 0.3686275
v -0.378775 9.498322 -0.3265052 0.0627451 0.0627451 0.0627451
v -0.354645 8.896502 -0.1502638 0.0627451 0.0627451 0.0627451
v -0.3418078 8.895862 -0.1376674 0.0627451 0.0627451 0.0627451
v -0.06915752 10.04363 -0.3837397 0.1764706 0.1764706 0.1764706
v 0.2251318 9.990954 -0.1848364 0.1882353 0.1882353 0.1882353
v 0.5510963 9.857721 -0.1145563 0.227451 0.227451 0.227451
v -0.2530134 9.498034 -0.180721 0.0627451 0.0627451 0.0627451
v -0.3287008 8.895225 -0.1253518 0.0627451 0.0627451 0.0627451
v -0.1162417 9.486323 -0.07685787 0.0627451 0.0627451 0.0627451
v 0.03748179 9.464312 -0.002589721 0.0627451 0.0627451 0.0627451
v -0.316062 8.894623 -0.1139679 0.0627451 0.0627451 0.0627451
v -0.3031928 8.894024 -0.1028451 0.0627451 0.0627451 0.0627451
v -0.4424282 9.171371 -0.06738522 0 0 0
v -0.5273649 9.313107 -0.7977425 0.1254902 0.1254902 0.1254902
v -0.4129911 9.166715 -0.09626091 0 0 0
v -0.6720274 9.395521 -0.6322209 0.1098039 0.1098039 0.1098039
v -0.4724891 9.174784 -0.03898199 0 0 0
v -0.7287664 9.232896 -1.434409 0.3098039 0.3098039 0.3098039
v -0.8357599 9.434942 -0.4686529 0.09019608 0.09019608 0.09019608
v -0.5046963 9.177022 -0.009694272 0 0 0
v -0.9573478 9.457206 -1.196083 0.2666667 0.2666667 0.2666667
v -1.09517 9.196536 -1.850769 0.5019608 0.5019608 0.5019608
v -1.049886 9.423029 -0.2827563 0.1098039 0.1098039 0.1098039
v -0.5375055 9.177877 0.01899217 0 0 0
v -1.26968 9.346667 -0.1202478 0.1411765 0.1411765 0.1411765
v -1.365145 9.434913 -1.639856 0.454902 0.454902 0.454902
v -1.488079 9.070923 -2.223291 0.7058824 0.7058824 0.7058824
v -1.234535 9.558131 -0.9271128 0.2509804 0.2509804 0.2509804
v -1.544966 9.517797 -0.6438417 0.2666667 0.2666667 0.2666667
v -1.833362 9.331589 -0.3980952 0.3137255 0.3137255 0.3137255
v -1.79347 9.288881 -2.040467 0.6784314 0.6784314 0.6784314
v -1.960698 8.889248 -2.522426 0.8745098 0.8745098 0.8745098
v -1.666734 9.539904 -1.371128 0.4470588 0.4470588 0.4470588
v -2.000961 9.480306 -1.037193 0.4588235 0.4588235 0.4588235
v -2.271169 9.239552 -0.72768 0.4862745 0.4862745 0.4862745
v -2.253605 9.032148 -2.360162 0.8862745 0.8862745 0.8862745
v -2.448353 8.578201 -2.748152 0.9803922 0.9803922 0.9803922
v -2.105899 9.38053 -1.779349 0.6745098 0.6745098 0.6745098
v -2.406374 9.324182 -1.446717 0.682353 0.682353 0.682353
v -2.623845 9.114578 -1.110746 0.682353 0.682353 0.682353
v -2.686985 8.650463 -2.602311 0.9882353 0.9882353 0.9882353
v -2.948106 8.143653 -2.838022 1 1 1
v -2.528517 9.087791 -2.12806 0.8941177 0.8941177 0.8941177
v -2.778326 9.042164 -1.819332 0.8901961 0.8901961 0.8901961
v -2.945277 8.890169 -1.489446 0.8745098 0.8745098 0.8745098
v -3.069637 8.16229 -2.740146 1 1 1
v -3.36731 7.597547 -2.760915 1 1 1
v -3.374438 7.598071 -2.752443 1 1 1
v -2.899509 8.676965 -2.408487 0.9921569 0.9921569 0.9921569
v -3.07561 8.655311 -2.174207 0.9882353 0.9882353 0.9882353
v -3.200202 8.585985 -1.91723 0.9843137 0.9843137 0.9843137
v -3.179286 8.171052 -2.62791 1 1 1
v -3.381488 7.598568 -2.743905 1 1 1
v -3.284534 8.169044 -2.489211 1 1 1
v -3.370444 8.154764 -2.338432 1 1 1
v -3.386381 7.5989 -2.737886 1 1 1
v -3.391235 7.599218 -2.731836 1 1 1
v -0.491925 8.82783 -0.06961451 0.0627451 0.0627451 0.0627451
v -0.1064597 8.874006 0.3440894 0.09019608 0.09019608 0.09019608
v -0.4963793 8.825564 -0.05037983 0.0627451 0.0627451 0.0627451
v -0.0771425 8.937371 0.1899853 0.0627451 0.0627451 0.0627451
v -0.4872719 8.829649 -0.08884954 0.0627451 0.0627451 0.0627451
v 0.305835 8.805545 0.5923775 0.1764706 0.1764706 0.1764706
v -0.03965477 8.967213 0.02772975 0.0627451 0.0627451 0.0627451
v -0.4843106 8.830545 -0.100682 0.0627451 0.0627451 0.0627451
v 0.3656636 8.937124 0.3825687 0.1529412 0.1529412 0.1529412
v 0.7206146 8.70353 0.7187945 0.3019608 0.3019608 0.3019608
v 0.009120616 8.959758 -0.1519173 0.0627451 0.0627451 0.0627451
v -0.4812757 8.831272 -0.1125075 0.0627451 0.0627451 0.0627451
v 0.06320968 8.91046 -0.3232409 0.09019608 0.09019608 0.09019608
v 0.8140995 8.847745 0.5040612 0.2784314 0.2784314 0.2784314
v 1.135296 8.550814 0.7785302 0.4392157 0.4392157 0.4392157
v 0.4283164 8.99433 0.1423305 0.1411765 0.1411765 0.1411765
v 0.4955085 8.961524 -0.1392976 0.1647059 0.1647059 0.1647059
v 0.5494789 8.828261 -0.3927403 0.1960784 0.1960784 0.1960784
v 1.250734 8.67148 0.5653201 0.4352941 0.4352941 0.4352941
v 1.534336 8.321697 0.7874312 0.6039216 0.6039216 0.6039216
v 0.8915893 8.909636 0.2475219 0.2784314 0.2784314 0.2784314
v 0.9503404 8.867685 -0.06807562 0.2941177 0.2941177 0.2941177
v 0.9650185 8.708467 -0.3495841 0.3176471 0.3176471 0.3176471
v 1.641265 8.398151 0.600184 0.6078432 0.6078432 0.6078432
v 1.885124 8.003064 0.7524932 0.7686275 0.7686275 0.7686275
v 1.331253 8.71896 0.3111409 0.4352941 0.4352941 0.4352941
v 1.368875 8.680011 0.01663867 0.4431373 0.4431373 0.4431373
v 1.347555 8.550419 -0.2524617 0.454902 0.454902 0.454902
v 1.962265 8.040487 0.6073084 0.772549 0.772549 0.772549
v 2.148869 7.602839 0.6856125 0.8745098 0.8745098 0.8745098
v 1.710522 8.430157 0.3844995 0.6117647 0.6117647 0.6117647
v 1.736424 8.407545 0.1173979 0.6117647 0.6117647 0.6117647
v 1.699536 8.322298 -0.1353821 0.6117647 0.6117647 0.6117647
v 2.188234 7.615835 0.6009288 0.8784314 0.8784314 0.8784314
v 2.326186 7.154883 0.5246356 0.9333333 0.9333333 0.9333333
v 2.330062 7.155945 0.5114621 0.9333333 0.9333333 0.9333333
v 2.013087 8.059511 0.4476681 0.772549 0.772549 0.772549
v 2.036341 8.056389 0.2402243 0.772549 0.772549 0.772549
v 2.014294 8.023996 0.03516792 0.7686275 0.7686275 0.7686275
v 2.218084 7.625278 0.5119918 0.8784314 0.8784314 0.8784314
v 2.333715 7.156981 0.4982227 0.9333333 0.9333333 0.9333333
v 2.242359 7.63212 0.3891922 0.8784314 0.8784314 0.8784314
v 2.248506 7.632288 0.2639803 0.8784314 0.8784314 0.8784314
v 2.337645 7.158143 0.4828891 0.9333333 0.9333333 0.9333333
v 2.341274 7.15927 0.467479 0.9333333 0.9333333 0.9333333
v -3.052708 8.827722 3.178219 0.9882353 0.9882353 0.9882353
v -3.062783 8.82468 3.169068 0.9882353 0.9882353 0.9882353
v -3.018993 9.109248 2.611261 0.9607843 0.9607843 0.9607843
v -2.925198 9.172744 2.721231 0.9607843 0.9607843 0.9607843
v -3.0425 8.830619 3.187267 0.9882353 0.9882353 0.9882353
v -2.88963 9.219605 2.024536 0.8941177 0.8941177 0.8941177
v -2.813514 9.215354 2.82435 0.9607843 0.9607843 0.9607843
v -3.026319 8.834849 3.20117 0.9882353 0.9882353 0.9882353
v -2.74801 9.403973 2.217725 0.8980392 0.8980392 0.8980392
v -2.687067 9.180243 1.494982 0.772549 0.772549 0.772549
v -2.633137 9.237439 2.951481 0.9607843 0.9607843 0.9607843
v -3.009828 8.838727 3.214809 0.9882353 0.9882353 0.9882353
v -2.43603 9.214189 3.050446 0.9568627 0.9568627 0.9568627
v -2.516295 9.528205 1.715122 0.7764706 0.7764706 0.7764706
v -2.424853 9.178559 1.082643 0.6039216 0.6039216 0.6039216
v -2.539827 9.508558 2.410316 0.9019608 0.9019608 0.9019608
v -2.228026 9.510187 2.613639 0.8941177 0.8941177 0.8941177
v -1.908455 9.371796 2.745113 0.8823529 0.8823529 0.8823529
v -2.21889 9.585035 1.254315 0.5843138 0.5843138 0.5843138
v -2.136495 9.161188 0.7025052 0.4392157 0.4392157 0.4392157
v -2.205636 9.704863 1.981555 0.772549 0.772549 0.772549
v -1.835015 9.664861 2.225761 0.7607843 0.7607843 0.7607843
v -1.499545 9.41855 2.385093 0.7411765 0.7411765 0.7411765
v -1.899871 9.545443 0.8102233 0.3921569 0.3921569 0.3921569
v -1.809891 9.116961 0.336512 0.3019608 0.3019608 0.3019608
v -1.866066 9.78695 1.522386 0.5647059 0.5647059 0.5647059
v -1.458366 9.713422 1.816009 0.5568628 0.5568628 0.5568628
v -1.144549 9.374644 2.027171 0.5568628 0.5568628 0.5568628
v -1.529007 9.445056 0.4121941 0.2352941 0.2352941 0.2352941
v -1.300104 9.138762 0.004107604 0.1411765 0.1411765 0.1411765
v -1.551313 9.748847 1.03909 0.3647059 0.3647059 0.3647059
v -1.113783 9.673453 1.390394 0.3607843 0.3607843 0.3607843
v -0.8353984 9.275688 1.681625 0.3960784 0.3960784 0.3960784
v -1.060065 9.292212 0.09018683 0.09019608 0.09019608 0.09019608
v -0.5452096 9.018423 -0.1319592 0.0627451 0.0627451 0.0627451
v -0.5227445 9.022526 -0.1159483 0.0627451 0.0627451 0.0627451
v -1.179891 9.611728 0.6186121 0.1882353 0.1882353 0.1882353
v -0.7755062 9.531745 0.9849278 0.1960784 0.1960784 0.1960784
v -0.5595229 9.162349 1.332791 0.2745098 0.2745098 0.2745098
v -0.8154156 9.368902 0.2413203 0.0627451 0.0627451 0.0627451
v -0.5005609 9.025983 -0.09940174 0.0627451 0.0627451 0.0627451
v -0.6157957 9.365104 0.4174292 0.0627451 0.0627451 0.0627451
v -0.4532064 9.293201 0.6155999 0.09019608 0.09019608 0.09019608
v -0.4798594 9.028655 -0.08327492 0.0627451 0.0627451 0.0627451
v -0.4594482 9.030746 -0.06669829 0.0627451 0.0627451 0.0627451
v -0.4021562 8.924953 -0.09017121 0.0627451 0.0627451 0.0627451
v -0.3850384 8.91554 -0.1177149 0.0627451 0.0627451 0.0627451
v 0.1717099 9.173052 -0.2506099 0.09019608 0.09019608 0.09019608
v 0.05902139 9.257565 -0.121467 0.0627451 0.0627451 0.0627451
v -0.4186161 8.933757 -0.06203185 0.0627451 0.0627451 0.0627451
v 0.7493148 9.279808 -0.2438774 0.227451 0.227451 0.227451
v -0.04097001 9.318636 0.02949988 0.0627451 0.0627451 0.0627451
v -0.4351794 8.94234 -0.03186328 0.0627451 0.0627451 0.0627451
v 0.5678603 9.480836 -0.06392375 0.1764706 0.1764706 0.1764706
v 1.187782 9.428906 -0.05565901 0.3607843 0.3607843 0.3607843
v -0.1403597 9.358409 0.2342583 0.0627451 0.0627451 0.0627451
v -0.4509798 8.950233 -0.00110281 0.0627451 0.0627451 0.0627451
v -0.2117139 9.359121 0.4540179 0.0627451 0.0627451 0.0627451
v 1.029355 9.654407 0.1434155 0.3294118 0.3294118 0.3294118
v 1.614949 9.501753 0.1936045 0.5215687 0.5215687 0.5215687
v 0.3974615 9.607962 0.1820936 0.1529412 0.1529412 0.1529412
v 0.2469507 9.648855 0.4885941 0.1529412 0.1529412 0.1529412
v 0.1425887 9.58939 0.8108376 0.1882353 0.1882353 0.1882353
v 1.486087 9.725955 0.4143044 0.5019608 0.5019608 0.5019608
v 2.006305 9.533692 0.5404079 0.6980392 0.6980392 0.6980392
v 0.8617454 9.791422 0.4055484 0.3137255 0.3137255 0.3137255
v 0.6810426 9.822061 0.7475565 0.3137255 0.3137255 0.3137255
v 0.5350556 9.714968 1.090748 0.3372549 0.3372549 0.3372549
v 1.905346 9.703764 0.7612783 0.6941177 0.6941177 0.6941177
v 2.362504 9.454952 0.9498063 0.8431373 0.8431373 0.8431373
v 1.327776 9.857716 0.684779 0.4941176 0.4941176 0.4941176
v 1.141945 9.880674 1.001661 0.4862745 0.4862745 0.4862745
v 0.9630916 9.776625 1.306061 0.4941176 0.4941176 0.4941176
v 2.27901 9.561848 1.141909 0.8431373 0.8431373 0.8431373
v 2.632874 9.265315 1.431338 0.9254902 0.9254902 0.9254902
v 1.768773 9.802573 1.005175 0.6901961 0.6901961 0.6901961
v 1.590405 9.81994 1.27701 0.6784314 0.6784314 0.6784314
v 1.398801 9.740398 1.527953 0.6666667 0.6666667 0.6666667
v 2.576796 9.305441 1.539054 0.9254902 0.9254902 0.9254902
v 2.77569 8.946946 1.922094 0.9647059 0.9647059 0.9647059
v 2.770526 8.94871 1.929276 0.9647059 0.9647059 0.9647059
v 2.165895 9.625967 1.337857 0.8392157 0.8392157 0.8392157
v 2.026153 9.644053 1.531224 0.8352941 0.8352941 0.8352941
v 1.868632 9.613668 1.708734 0.827451 0.827451 0.827451
v 2.510408 9.334313 1.644489 0.9215686 0.9215686 0.9215686
v 2.765308 8.95043 1.936429 0.9647059 0.9647059 0.9647059
v 2.425968 9.352662 1.756809 0.9215686 0.9215686 0.9215686
v 2.331564 9.35635 1.862435 0.9176471 0.9176471 0.9176471
v 2.761621 8.951606 1.941421 0.9647059 0.9647059 0.9647059
v 2.757907 8.952761 1.946399 0.9647059 0.9647059 0.9647059
v -0.4379606 8.972965 -0.09903685 0.0627451 0.0627451 0.0627451
v -0.4137688 8.971104 -0.1037442 0.0627451 0.0627451 0.0627451
v 0.006410432 8.897802 0.2401911 0.09019608 0.09019608 0.09019608
v -0.1779129 8.990612 0.2792632 0.0627451 0.0627451 0.0627451
v -0.4621611 8.973997 -0.0941245 0.0627451 0.0627451 0.0627451
v 0.2308982 8.713819 0.5633794 0.1647059 0.1647059 0.1647059
v -0.3806318 9.0247 0.3223716 0.0627451 0.0627451 0.0627451
v -0.4770462 8.974219 -0.09100204 0.0627451 0.0627451 0.0627451
v -0.0006922596 8.905781 0.6588125 0.1254902 0.1254902 0.1254902
v 0.3254608 8.556718 0.8773342 0.2666667 0.2666667 0.2666667
v -0.6043187 8.990923 0.3700829 0.0627451 0.0627451 0.0627451
v -0.4919168 8.974128 -0.08780561 0.0627451 0.0627451 0.0627451
v -0.805757 8.885962 0.4131988 0.09019608 0.09019608 0.09019608
v 0.09621125 8.757677 1.028871 0.2352941 0.2352941 0.2352941
v 0.3634151 8.391346 1.199844 0.372549 0.372549 0.372549
v -0.2978011 8.975879 0.7388361 0.1254902 0.1254902 0.1254902
v -0.6438972 8.890141 0.7917592 0.1411765 0.1411765 0.1411765
v -0.9121652 8.64938 0.7908228 0.1960784 0.1960784 0.1960784
v 0.1306634 8.548069 1.383345 0.3607843 0.3607843 0.3607843
v 0.3573433 8.171552 1.520951 0.5137255 0.5137255 0.5137255
v -0.2196969 8.830209 1.133009 0.2352941 0.2352941 0.2352941
v -0.6058013 8.730353 1.16374 0.2509804 0.2509804 0.2509804
v -0.8920564 8.461761 1.086877 0.2862745 0.2862745 0.2862745
v 0.1444512 8.259446 1.686426 0.5019608 0.5019608 0.5019608
v 0.308984 7.87114 1.802428 0.6901961 0.6901961 0.6901961
v -0.1837763 8.594818 1.489882 0.3607843 0.3607843 0.3607843
v -0.5434778 8.506797 1.490509 0.3647059 0.3647059 0.3647059
v -0.8221889 8.295671 1.368527 0.3803922 0.3803922 0.3803922
v 0.1372554 7.9045 1.917387 0.6705883 0.6705883 0.6705883
v 0.2302596 7.496034 1.995832 0.8235294 0.8235294 0.8235294
v -0.1232463 8.28419 1.77674 0.5058824 0.5058824 0.5058824
v -0.4517151 8.227624 1.768221 0.5019608 0.5019608 0.5019608
v -0.7264313 8.090689 1.638053 0.4980392 0.4980392 0.4980392
v 0.1274337 7.502063 2.051743 0.8156863 0.8156863 0.8156863
v 0.04532827 7.078386 2.107508 0.8980392 0.8980392 0.8980392
v 0.02886207 7.078345 2.112228 0.8941177 0.8941177 0.8941177
v -0.06142297 7.914495 1.982548 0.6627451 0.6627451 0.6627451
v -0.3194684 7.893362 1.986266 0.654902 0.654902 0.654902
v -0.5589124 7.837936 1.904765 0.6392157 0.6392157 0.6392157
v 0.0168292 7.504858 2.090399 0.8039216 0.8039216 0.8039216
v 0.0122879 7.078329 2.116552 0.8941177 0.8941177 0.8941177
v -0.1372229 7.503448 2.113364 0.7960784 0.7960784 0.7960784
v -0.2924676 7.496262 2.102931 0.7921569 0.7921569 0.7921569
v -0.006933703 7.078341 2.121044 0.8941177 0.8941177 0.8941177
v -0.02627159 7.078386 2.125003 0.8941177 0.8941177 0.8941177
v -0.5495972 9.060706 -0.1183871 0.0627451 0.0627451 0.0627451
v -0.6526088 9.123859 0.5892949 0.09019608 0.09019608 0.09019608
v -0.585418 9.051669 -0.09384763 0.0627451 0.0627451 0.0627451
v -0.4769057 9.233466 0.4476202 0.0627451 0.0627451 0.0627451
v -0.513106 9.068431 -0.1423813 0.0627451 0.0627451 0.0627451
v -0.6069048 8.987804 1.20336 0.2431373 0.2431373 0.2431373
v -0.2779885 9.298559 0.3092307 0.0627451 0.0627451 0.0627451
v -0.4741029 9.07512 -0.1669654 0.0627451 0.0627451 0.0627451
v -0.341019 9.259653 1.009877 0.1764706 0.1764706 0.1764706
v -0.3563725 8.949542 1.620984 0.3647059 0.3647059 0.3647059
v -0.01778617 9.314205 0.1541267 0.0627451 0.0627451 0.0627451
v -0.434465 9.08034 -0.1908807 0.0627451 0.0627451 0.0627451
v 0.2493661 9.260055 0.02106819 0.09019608 0.09019608 0.09019608
v -0.05297374 9.237372 1.465823 0.3254902 0.3254902 0.3254902
v -0.06473763 8.845058 1.998703 0.5176471 0.5176471 0.5176471
v -0.008107492 9.405866 0.7866642 0.1529412 0.1529412 0.1529412
v 0.3741336 9.405171 0.5469109 0.1647059 0.1647059 0.1647059
v 0.7383596 9.245045 0.3340986 0.2352941 0.2352941 0.2352941
v 0.2725854 9.11148 1.879518 0.4980392 0.4980392 0.4980392
v 0.3301332 8.713843 2.322765 0.6980392 0.6980392 0.6980392
v 0.3056827 9.389614 1.248659 0.3058824 0.3058824 0.3058824
v 0.7246743 9.373659 0.9601785 0.3254902 0.3254902 0.3254902
v 1.086967 9.158645 0.6746214 0.3686275 0.3686275 0.3686275
v 0.6570147 8.89767 2.219061 0.7176471 0.7176471 0.7176471
v 0.7697804 8.470201 2.580535 0.9411765 0.9411765 0.9411765
v 0.6428193 9.249498 1.672515 0.4901961 0.4901961 0.4901961
v 1.026544 9.234212 1.37984 0.4941176 0.4941176 0.4941176
v 1.33658 9.050203 1.058662 0.5176471 0.5176471 0.5176471
v 1.042675 8.573464 2.479687 0.9686275 0.9686275 0.9686275
v 1.265771 8.120142 2.70967 1 1 1
v 0.9857832 8.992252 2.033688 0.7254902 0.7254902 0.7254902
v 1.311458 8.982654 1.757329 0.7215686 0.7215686 0.7215686
v 1.563124 8.855556 1.43633 0.7019608 0.7019608 0.7019608
v 1.411014 8.154708 2.632733 1 1 1
v 1.728643 7.666982 2.661715 1 1 1
v 1.737758 7.668562 2.654315 1 1 1
v 1.30134 8.629541 2.320775 0.9764706 0.9764706 0.9764706
v 1.53368 8.634658 2.109483 0.972549 0.972549 0.972549
v 1.720357 8.587076 1.861411 0.945098 0.945098 0.945098
v 1.547437 8.178941 2.537808 1 1 1
v 1.746807 7.670115 2.646829 1 1 1
v 1.685349 8.193203 2.413677 1 1 1
v 1.806366 8.193928 2.272306 1 1 1
v 1.753105 7.671183 2.641534 1 1 1
v 1.759371 7.672237 2.636199 1 1 1
v 0.1693689 9.827927 3.409324 0.945098 0.945098 0.945098
v 0.291907 10.2537 2.96663 0.9019608 0.9019608 0.9019608
v 0.1802671 9.828119 3.40651 0.945098 0.945098 0.945098
v 0.1736003 10.27295 3.01007 0.9058824 0.9058824 0.9058824
v 0.1584411 9.827656 3.412016 0.945098 0.945098 0.945098
v 0.3880816 10.46976 2.414139 0.8156863 0.8156863 0.8156863
v 0.05027729 10.27786 3.042037 0.9058824 0.9058824 0.9058824
v 0.141344 9.82708 3.415967 0.945098 0.945098 0.945098
v 0.1751823 10.56031 2.492873 0.8313726 0.8313726 0.8313726
v 0.4525495 10.46928 1.860757 0.6627451 0.6627451 0.6627451
v -0.1263859 10.2603 3.066262 0.9058824 0.9058824 0.9058824
v 0.1241875 9.826314 3.419615 0.945098 0.945098 0.945098
v -0.2997272 10.21495 3.065347 0.9019608 0.9019608 0.9019608
v 0.1591889 10.66962 1.925309 0.6901961 0.6901961 0.6901961
v 0.4203803 10.38976 1.375544 0.4980392 0.4980392 0.4980392
v -0.06086284 10.5886 2.549495 0.8392157 0.8392157 0.8392157
v -0.3553831 10.53467 2.582181 0.8313726 0.8313726 0.8313726
v -0.6189443 10.38938 2.57015 0.8156863 0.8156863 0.8156863
v 0.09921146 10.61895 1.365622 0.5137255 0.5137255 0.5137255
v 0.3604746 10.21357 0.9301534 0.3490196 0.3490196 0.3490196
v -0.1916366 10.72842 1.987184 0.7019608 0.7019608 0.7019608
v -0.5370158 10.63518 2.035294 0.6941177 0.6941177 0.6941177
v -0.8152241 10.40664 2.061044 0.6666667 0.6666667 0.6666667
v 0.04633052 10.40347 0.8492248 0.3372549 0.3372549 0.3372549
v 0.2774189 9.934328 0.5282021 0.2156863 0.2156863 0.2156863
v -0.2881278 10.68475 1.403228 0.5176471 0.5176471 0.5176471
v -0.6733912 10.56433 1.484383 0.509804 0.509804 0.509804
v -0.9507577 10.27883 1.589603 0.4941176 0.4941176 0.4941176
v -0.03613394 10.05362 0.4117175 0.1764706 0.1764706 0.1764706
v 0.04444508 9.562045 0.1378578 0.09019608 0.09019608 0.09019608
v -0.3247814 10.46313 0.8532487 0.3294118 0.3294118 0.3294118
v -0.75239 10.34355 0.9718131 0.3372549 0.3372549 0.3372549
v -1.033425 10.04668 1.181793 0.3490196 0.3490196 0.3490196
v -0.1891279 9.582685 0.08391088 0.0627451 0.0627451 0.0627451
v -0.3680699 9.005344 -0.06204061 0.0627451 0.0627451 0.0627451
v -0.3903294 9.003653 -0.05911535 0.0627451 0.0627451 0.0627451
v -0.3901208 10.08088 0.4035929 0.1647059 0.1647059 0.1647059
v -0.8006461 9.977792 0.5488796 0.1764706 0.1764706 0.1764706
v -1.065065 9.749409 0.8285048 0.227451 0.227451 0.227451
v -0.4295245 9.576517 0.09191954 0.0627451 0.0627451 0.0627451
v -0.4125002 9.001908 -0.05560489 0.0627451 0.0627451 0.0627451
v -0.6345143 9.548674 0.1510874 0.0627451 0.0627451 0.0627451
v -0.8166363 9.501552 0.2555293 0.09019608 0.09019608 0.09019608
v -0.4333727 9.000212 -0.05174874 0.0627451 0.0627451 0.0627451
v -0.4541391 8.998471 -0.04737381 0.0627451 0.0627451 0.0627451
v -0.5082161 9.108322 -0.1410715 0.0627451 0.0627451 0.0627451
v -1.095563 9.086028 -0.5433472 0.1411765 0.1411765 0.1411765
v -0.512212 9.106328 -0.1719579 0.0627451 0.0627451 0.0627451
v -1.056336 9.200196 -0.3072095 0.1098039 0.1098039 0.1098039
v -0.5045941 9.109309 -0.1100904 0.0627451 0.0627451 0.0627451
v -1.59663 8.915309 -0.6869736 0.2784314 0.2784314 0.2784314
v -1.024253 9.240634 -0.04707563 0.09019608 0.09019608 0.09019608
v -0.5025528 9.109416 -0.09099358 0 0 0
v -1.5905 9.160277 -0.3727538 0.2352941 0.2352941 0.2352941
v -2.032393 8.771129 -0.6781783 0.4156863 0.4156863 0.4156863
v -1.000466 9.195863 0.2404159 0.09019608 0.09019608 0.09019608
v -0.5006556 9.10914 -0.07188354 0 0 0
v -0.9911712 9.062207 0.4997835 0.1098039 0.1098039 0.1098039
v -2.092591 9.03612 -0.3450971 0.3843137 0.3843137 0.3843137
v -2.457896 8.615421 -0.5979927 0.5686275 0.5686275 0.5686275
v -1.560326 9.247362 0.01491398 0.2078431 0.2078431 0.2078431
v -1.50398 9.13294 0.451824 0.2156863 0.2156863 0.2156863
v -1.438232 8.819472 0.7752019 0.2666667 0.2666667 0.2666667
v -2.561934 8.829786 -0.2480801 0.5647059 0.5647059 0.5647059
v -2.873511 8.389403 -0.4651377 0.7372549 0.7372549 0.7372549
v -2.083534 9.129148 0.07448843 0.3686275 0.3686275 0.3686275
v -1.987607 8.991864 0.5509656 0.3764706 0.3764706 0.3764706
v -1.828904 8.631038 0.866714 0.4 0.4 0.4
v -2.974738 8.515657 -0.1456912 0.7450981 0.7450981 0.7450981
v -3.238542 8.054447 -0.2963602 0.8666667 0.8666667 0.8666667
v -2.560436 8.890957 0.1708126 0.5568628 0.5568628 0.5568628
v -2.436889 8.765012 0.6038356 0.5490196 0.5490196 0.5490196
v -2.218101 8.469533 0.8927283 0.5450981 0.5450981 0.5450981
v -3.304137 8.106416 -0.04564434 0.8705882 0.8705882 0.8705882
v -3.498888 7.611022 -0.1247799 0.9333333 0.9333333 0.9333333
v -2.975415 8.548819 0.2108656 0.7450981 0.7450981 0.7450981
v -2.847943 8.46223 0.6026375 0.7294118 0.7294118 0.7294118
v -2.609043 8.258582 0.883148 0.7058824 0.7058824 0.7058824
v -3.524997 7.622679 0.02041387 0.9372549 0.9372549 0.9372549
v -3.627778 7.097044 0.1430285 0.972549 0.972549 0.972549
v -3.627074 7.096998 0.1646454 0.972549 0.972549 0.972549
v -3.303755 8.120256 0.2183066 0.8705882 0.8705882 0.8705882
v -3.212287 8.083027 0.529985 0.8666667 0.8666667 0.8666667
v -3.0319 7.990521 0.7864989 0.8470588 0.8470588 0.8470588
v -3.528066 7.627283 0.1682927 0.9372549 0.9372549 0.9372549
v -3.625854 7.096916 0.1862394 0.972549 0.972549 0.972549
v -3.49639 7.622293 0.3623348 0.9372549 0.9372549 0.9372549
v -3.425374 7.604863 0.5449098 0.9333333 0.9333333 0.9333333
v -3.623809 7.09678 0.211079 0.972549 0.972549 0.972549
v -3.621081 7.096597 0.2358525 0.972549 0.972549 0.972549
v 2.386737 8.539008 -1.999278 0.9411765 0.9411765 0.9411765
v 2.39503 8.53851 -1.986144 0.9411765 0.9411765 0.9411765
v 2.286353 8.891449 -1.545163 0.8823529 0.8823529 0.8823529
v 2.211731 8.923408 -1.701337 0.8823529 0.8823529 0.8823529
v 2.378294 8.539402 -2.012321 0.9411765 0.9411765 0.9411765
v 2.089488 9.068902 -1.054669 0.7764706 0.7764706 0.7764706
v 2.119538 8.93735 -1.850623 0.8862745 0.8862745 0.8862745
v 2.364831 8.539813 -2.032472 0.9411765 0.9411765 0.9411765
v 1.97017 9.197367 -1.342941 0.7803922 0.7803922 0.7803922
v 1.849532 9.069953 -0.608223 0.6313726 0.6313726 0.6313726
v 1.964073 8.925951 -2.042697 0.8862745 0.8862745 0.8862745
v 2.351014 8.539973 -2.052386 0.9411765 0.9411765 0.9411765
v 1.784651 8.878851 -2.206348 0.8823529 0.8823529 0.8823529
v 1.674119 9.352349 -0.9797097 0.6156863 0.6156863 0.6156863
v 1.568267 9.072711 -0.3266763 0.5019608 0.5019608 0.5019608
v 1.795266 9.247819 -1.627024 0.7803922 0.7803922 0.7803922
v 1.523946 9.197007 -1.938043 0.7803922 0.7803922 0.7803922
v 1.222926 9.027735 -2.169695 0.772549 0.772549 0.772549
v 1.32255 9.416676 -0.6706081 0.4470588 0.4470588 0.4470588
v 1.262541 9.049858 -0.09805942 0.3803922 0.3803922 0.3803922
v 1.402968 9.451894 -1.386019 0.6117647 0.6117647 0.6117647
v 1.083971 9.35109 -1.755431 0.6156863 0.6156863 0.6156863
v 0.7732719 9.067756 -2.022963 0.627451 0.627451 0.627451
v 0.9627966 9.371637 -0.3737097 0.3019608 0.3019608 0.3019608
v 0.9151912 8.989245 0.09743323 0.2745098 0.2745098 0.2745098
v 1.002397 9.535874 -1.095192 0.427451 0.427451 0.427451
v 0.6618008 9.393938 -1.527659 0.4470588 0.4470588 0.4470588
v 0.3916847 9.012619 -1.851406 0.5176471 0.5176471 0.5176471
v 0.5696162 9.244293 -0.1390982 0.1764706 0.1764706 0.1764706
v 0.3618796 8.940008 0.176025 0.1254902 0.1254902 0.1254902
v 0.6331522 9.494954 -0.7551538 0.2666667 0.2666667 0.2666667
v 0.2798519 9.343848 -1.260167 0.3019608 0.3019608 0.3019608
v 0.07694607 8.903995 -1.670104 0.4431373 0.4431373 0.4431373
v 0.1069574 9.032791 -0.01569084 0.0627451 0.0627451 0.0627451
v -0.3452093 8.687694 -0.003627761 0.0627451 0.0627451 0.0627451
v -0.3645391 8.687301 -0.02796535 0.0627451 0.0627451 0.0627451
v 0.2381666 9.332494 -0.4894986 0.1254902 0.1254902 0.1254902
v -0.07398984 9.184644 -1.001873 0.1882353 0.1882353 0.1882353
v -0.1893819 8.787968 -1.461396 0.3843137 0.3843137 0.3843137
v -0.1158595 9.056687 -0.2609062 0.0627451 0.0627451 0.0627451
v -0.3833388 8.686437 -0.05270267 0.0627451 0.0627451 0.0627451
v -0.2735021 9.018108 -0.5097134 0.0627451 0.0627451 0.0627451
v -0.3816536 8.925363 -0.7703775 0.1254902 0.1254902 0.1254902
v -0.4006197 8.685186 -0.07645055 0.0627451 0.0627451 0.0627451
v -0.4174045 8.683517 -0.1005262 0.0627451 0.0627451 0.0627451
v -0.4625493 8.936369 -0.08202432 0.0627451 0.0627451 0.0627451
v -0.48107 8.935955 -0.0412244 0.0627451 0.0627451 0.0627451
v -0.9054295 9.493749 0.234882 0.09019608 0.09019608 0.09019608
v -0.7499058 9.531362 0.03834783 0.0627451 0.0627451 0.0627451
v -0.4455871 8.936522 -0.1234982 0.0627451 0.0627451 0.0627451
v -1.489898 9.827991 0.3343414 0.2588235 0.2588235 0.2588235
v -0.6342663 9.544254 -0.1867951 0.0627451 0.0627451 0.0627451
v -0.429475 8.9364 -0.1677226 0.0627451 0.0627451 0.0627451
v -1.206344 9.995212 0.05660313 0.2078431 0.2078431 0.2078431
v -1.917224 10.11414 0.187326 0.4117647 0.4117647 0.4117647
v -0.5552976 9.526028 -0.4822132 0.09019608 0.09019608 0.09019608
v -0.4151361 8.935988 -0.2125516 0.0627451 0.0627451 0.0627451
v -0.5479723 9.47205 -0.7836644 0.1254902 0.1254902 0.1254902
v -1.679695 10.33919 -0.1219751 0.3843137 0.3843137 0.3843137
v -2.381049 10.28013 -0.02103914 0.5882353 0.5882353 0.5882353
v -0.9956764 10.05637 -0.3140492 0.1960784 0.1960784 0.1960784
v -0.8836693 9.996614 -0.7514459 0.227451 0.227451 0.227451
v -0.9021692 9.818045 -1.170018 0.2862745 0.2862745 0.2862745
v -2.214027 10.5176 -0.365205 0.5921569 0.5921569 0.5921569
v -2.851854 10.35671 -0.3483115 0.772549 0.772549 0.772549
v -1.481135 10.4192 -0.5180913 0.3843137 0.3843137 0.3843137
v -1.339296 10.31887 -1.00141 0.4039216 0.4039216 0.4039216
v -1.313903 10.03375 -1.427839 0.4470588 0.4470588 0.4470588
v -2.752542 10.52114 -0.6909882 0.7882353 0.7882353 0.7882353
v -3.326812 10.23915 -0.738202 0.8901961 0.8901961 0.8901961
v -2.04119 10.59413 -0.7738681 0.6 0.6 0.6
v -1.877069 10.48285 -1.219011 0.6117647 0.6117647 0.6117647
v -1.764722 10.18911 -1.591254 0.6117647 0.6117647 0.6117647
v -3.258675 10.31704 -1.032294 0.8980392 0.8980392 0.8980392
v -3.712217 9.90706 -1.201857 0.9490196 0.9490196 0.9490196
v -2.615244 10.56125 -1.056871 0.7960784 0.7960784 0.7960784
v -2.439121 10.45698 -1.4365 0.7921569 0.7921569 0.7921569
v -2.259898 10.2116 -1.742567 0.7764706 0.7764706 0.7764706
v -3.66101 9.918049 -1.363243 0.9490196 0.9490196 0.9490196
v -3.898026 9.368741 -1.642774 0.972549 0.972549 0.972549
v -3.892306 9.368199 -1.653274 0.972549 0.972549 0.972549
v -3.146607 10.32439 -1.323133 0.9019608 0.9019608 0.9019608
v -2.995735 10.25894 -1.594362 0.8980392 0.8980392 0.8980392
v -2.81876 10.12475 -1.820821 0.8862745 0.8862745 0.8862745
v -3.592208 9.913019 -1.518256 0.9490196 0.9490196 0.9490196
v -3.886488 9.367613 -1.663717 0.972549 0.972549 0.972549
v -3.497178 9.888871 -1.678649 0.9490196 0.9490196 0.9490196
v -3.384787 9.845814 -1.823059 0.945098 0.945098 0.945098
v -3.882354 9.367174 -1.670996 0.972549 0.972549 0.972549
v -3.878172 9.366714 -1.678247 0.972549 0.972549 0.972549
v -0.4950091 9.276659 -0.08143827 0 0 0
v -0.5252953 9.271867 -0.07885501 0.0627451 0.0627451 0.0627451
v -1.0044 9.204133 -0.5521669 0.1254902 0.1254902 0.1254902
v -0.7736999 9.326645 -0.5687354 0.09019608 0.09019608 0.09019608
v -0.4646271 9.280591 -0.08432958 0 0 0
v -1.24206 9.009497 -0.9913009 0.2588235 0.2588235 0.2588235
v -0.5202109 9.38718 -0.5929147 0.09019608 0.09019608 0.09019608
v -0.4458939 9.282581 -0.0862609 0 0 0
v -0.9403012 9.252892 -1.059987 0.2156863 0.2156863 0.2156863
v -1.309642 8.839662 -1.400657 0.4 0.4 0.4
v -0.2341688 9.377583 -0.626482 0.09019608 0.09019608 0.09019608
v -0.427141 9.284245 -0.08830726 0 0 0
v 0.03731876 9.288879 -0.6647599 0.1254902 0.1254902 0.1254902
v -0.9995701 9.097498 -1.534489 0.3882353 0.3882353 0.3882353
v -1.292293 8.653099 -1.809072 0.6196079 0.6196079 0.6196079
v -0.5666478 9.365108 -1.112977 0.2078431 0.2078431 0.2078431
v -0.1208486 9.312406 -1.144572 0.227451 0.227451 0.227451
v 0.2626424 9.076987 -1.139534 0.2666667 0.2666667 0.2666667
v -0.9737399 8.86196 -1.982175 0.6313726 0.6313726 0.6313726
v -1.209076 8.396277 -2.205354 0.8666667 0.8666667 0.8666667
v -0.599103 9.215947 -1.612789 0.372549 0.372549 0.372549
v -0.1037004 9.150747 -1.616349 0.3764706 0.3764706 0.3764706
v 0.3061367 8.880253 -1.523863 0.3960784 0.3960784 0.3960784
v -0.9194438 8.523326 -2.363669 0.8941177 0.8941177 0.8941177
v -1.070424 8.039896 -2.542637 0.9843137 0.9843137 0.9843137
v -0.5736901 8.951911 -2.065439 0.627451 0.627451 0.627451
v -0.1156357 8.895635 -2.036829 0.6117647 0.6117647 0.6117647
v 0.2692304 8.687358 -1.887502 0.5843138 0.5843138 0.5843138
v -0.8405077 8.098822 -2.650855 0.9882353 0.9882353 0.9882353
v -0.9006134 7.592716 -2.763892 1 1 1
v -0.5782478 8.58305 -2.43515 0.8941177 0.8941177 0.8941177
v -0.1646742 8.557964 -2.397139 0.8627451 0.8627451 0.8627451
v 0.1972494 8.434063 -2.233503 0.8 0.8 0.8
v -0.7651161 7.611837 -2.814661 1 1 1
v -0.6075399 7.105591 -2.865477 1 1 1
v -0.5865932 7.107479 -2.869008 1 1 1
v -0.5871488 8.133641 -2.702255 0.9882353 0.9882353 0.9882353
v -0.2649903 8.140154 -2.682521 0.9803922 0.9803922 0.9803922
v 0.03660554 8.105691 -2.572657 0.9607843 0.9607843 0.9607843
v -0.6234722 7.628056 -2.84591 1 1 1
v -0.5655813 7.109407 -2.872106 1 1 1
v -0.4304315 7.644583 -2.856204 1 1 1
v -0.2383897 7.654821 -2.830533 0.9960784 0.9960784 0.9960784
v -0.5412991 7.111678 -2.875134 1 1 1
v -0.5169562 7.114 -2.877583 1 1 1
v -0.5478823 8.993083 -0.1334254 0.0627451 0.0627451 0.0627451
v -0.563942 8.990592 -0.120108 0.0627451 0.0627451 0.0627451
v -1.071096 8.948204 -0.2544957 0.1098039 0.1098039 0.1098039
v -0.9422933 9.006802 -0.364106 0.09019608 0.09019608 0.09019608
v -0.531843 8.995177 -0.1468354 0.0627451 0.0627451 0.0627451
v -1.444006 8.811269 -0.4613391 0.227451 0.227451 0.227451
v -0.8075443 9.036695 -0.4780677 0.09019608 0.09019608 0.09019608
v -0.5219852 8.996268 -0.155132 0.0627451 0.0627451 0.0627451
v -1.273918 8.927143 -0.6357821 0.1960784 0.1960784 0.1960784
v -1.698139 8.651881 -0.7302415 0.3372549 0.3372549 0.3372549
v -0.6566427 9.035444 -0.604906 0.09019608 0.09019608 0.09019608
v -0.5121388 8.997208 -0.1634606 0.0627451 0.0627451 0.0627451
v -0.5080258 8.998425 -0.7290162 0.1098039 0.1098039 0.1098039
v -1.533033 8.774673 -0.9364735 0.3176471 0.3176471 0.3176471
v -1.8815 8.453007 -1.029452 0.4627451 0.4627451 0.4627451
v -1.077148 8.981238 -0.8122537 0.1882353 0.1882353 0.1882353
v -0.8348656 8.963156 -1.002705 0.1960784 0.1960784 0.1960784
v -0.5934463 8.861249 -1.165896 0.2509804 0.2509804 0.2509804
v -1.724158 8.552983 -1.247454 0.4627451 0.4627451 0.4627451
v -2.004198 8.193698 -1.333091 0.6392157 0.6392157 0.6392157
v -1.326057 8.83172 -1.13339 0.3176471 0.3176471 0.3176471
v -1.048752 8.809175 -1.334273 0.3607843 0.3607843 0.3607843
v -0.7621415 8.691928 -1.482152 0.4470588 0.4470588 0.4470588
v -1.867543 8.255932 -1.523108 0.6588235 0.6588235 0.6588235
v -2.063617 7.866392 -1.608382 0.8039216 0.8039216 0.8039216
v -1.519543 8.597516 -1.44348 0.4901961 0.4901961 0.4901961
v -1.255421 8.578507 -1.618243 0.5529412 0.5529412 0.5529412
v -0.9738299 8.489466 -1.734185 0.6509804 0.6509804 0.6509804
v -1.955785 7.897015 -1.74715 0.8196079 0.8196079 0.8196079
v -2.060007 7.481596 -1.819266 0.8901961 0.8901961 0.8901961
v -1.693838 8.286689 -1.689044 0.6901961 0.6901961 0.6901961
v -1.453474 8.28053 -1.842476 0.7411765 0.7411765 0.7411765
v -1.190541 8.229 -1.940277 0.8235294 0.8235294 0.8235294
v -1.995308 7.492724 -1.89431 0.8980392 0.8980392 0.8980392
v -1.938762 7.070737 -2.001554 0.9333333 0.9333333 0.9333333
v -1.928008 7.071894 -2.011303 0.9333333 0.9333333 0.9333333
v -1.826898 7.915907 -1.869024 0.8352941 0.8352941 0.8352941
v -1.643244 7.922305 -1.991701 0.8705882 0.8705882 0.8705882
v -1.44034 7.90965 -2.078244 0.9137255 0.9137255 0.9137255
v -1.923925 7.502095 -1.963287 0.9058824 0.9058824 0.9058824
v -1.917123 7.073056 -2.020906 0.9372549 0.9372549 0.9372549
v -1.819667 7.511698 -2.044639 0.9215686 0.9215686 0.9215686
v -1.70623 7.517906 -2.113004 0.9372549 0.9372549 0.9372549
v -1.90442 7.0744 -2.031788 0.9372549 0.9372549 0.9372549
v -1.89155 7.07575 -2.04247 0.9372549 0.9372549 0.9372549
v 0.755538 6.876289 -1.337081 0.8352941 0.8352941 0.8352941
v 0.5810068 7.251756 -1.453484 0.7568628 0.7568628 0.7568628
v 0.7462676 6.877816 -1.346543 0.8352941 0.8352941 0.8352941
v 0.6903704 7.240098 -1.374734 0.7529412 0.7529412 0.7529412
v 0.764683 6.874772 -1.327497 0.8352941 0.8352941 0.8352941
v 0.3224896 7.586311 -1.482977 0.6862745 0.6862745 0.6862745
v 0.7881119 7.225842 -1.282315 0.7490196 0.7490196 0.7490196
v 0.7745619 6.873119 -1.31685 0.8313726 0.8313726 0.8313726
v 0.5304042 7.589864 -1.385446 0.6509804 0.6509804 0.6509804
v 0.1251708 7.865749 -1.407949 0.6039216 0.6039216 0.6039216
v 0.8577999 7.21251 -1.198231 0.7450981 0.7450981 0.7450981
v 0.7842857 6.871478 -1.30606 0.8313726 0.8313726 0.8313726
v 0.9178103 7.197788 -1.107201 0.7450981 0.7450981 0.7450981
v 0.3990697 7.903767 -1.298128 0.5372549 0.5372549 0.5372549
v -0.07676429 8.095038 -1.290357 0.5019608 0.5019608 0.5019608
v 0.7123449 7.576273 -1.245924 0.6313726 0.6313726 0.6313726
v 0.8467121 7.549766 -1.089455 0.627451 0.627451 0.627451
v 0.946364 7.510908 -0.9111301 0.627451 0.627451 0.627451
v 0.2401958 8.180828 -1.167322 0.4117647 0.4117647 0.4117647
v -0.2097009 8.314332 -1.12386 0.3647059 0.3647059 0.3647059
v 0.6375981 7.899098 -1.120338 0.5019608 0.5019608 0.5019608
v 0.8022009 7.859704 -0.9189881 0.5019608 0.5019608 0.5019608
v 0.9117808 7.789942 -0.6902677 0.5137255 0.5137255 0.5137255
v 0.09776648 8.424559 -0.9759523 0.282353 0.282353 0.282353
v -0.3599124 8.500216 -0.9286811 0.2313726 0.2313726 0.2313726
v 0.5202243 8.190658 -0.9564942 0.3764706 0.3764706 0.3764706
v 0.7119316 8.13374 -0.713622 0.3843137 0.3843137 0.3843137
v 0.8280777 8.020254 -0.4441614 0.4039216 0.4039216 0.4039216
v -0.07750776 8.622126 -0.7582679 0.1764706 0.1764706 0.1764706
v -0.3148725 8.755482 -0.5503269 0.1098039 0.1098039 0.1098039
v 0.3748912 8.439676 -0.7489366 0.2666667 0.2666667 0.2666667
v 0.5645985 8.373218 -0.5080843 0.2784314 0.2784314 0.2784314
v 0.6859791 8.238912 -0.251873 0.3137255 0.3137255 0.3137255
v -0.1733406 8.787357 -0.4262123 0.09019608 0.09019608 0.09019608
v -0.29748 8.870842 -0.06484804 0.0627451 0.0627451 0.0627451
v -0.2800685 8.868519 -0.04642169 0.0627451 0.0627451 0.0627451
v 0.1856565 8.640207 -0.5257323 0.1647059 0.1647059 0.1647059
v 0.3707149 8.571604 -0.2994426 0.1882353 0.1882353 0.1882353
v 0.5020759 8.431768 -0.06846517 0.227451 0.227451 0.227451
v -0.03786718 8.785181 -0.2916985 0.09019608 0.09019608 0.09019608
v -0.2627708 8.865563 -0.0279787 0.0627451 0.0627451 0.0627451
v 0.08070971 8.751672 -0.1587688 0.09019608 0.09019608 0.09019608
v 0.1856331 8.688623 -0.02509152 0.1254902 0.1254902 0.1254902
v -0.2537157 8.863755 -0.01826864 0.0627451 0.0627451 0.0627451
v -0.2446969 8.861772 -0.00855893 0.0627451 0.0627451 0.0627451
v -2.05428 6.525238 0.6964538 0.9372549 0.9372549 0.9372549
v -2.061099 6.525877 0.6849788 0.9372549 0.9372549 0.9372549
v -2.144486 6.916544 0.4850031 0.8470588 0.8470588 0.8470588
v -2.102795 6.913233 0.6138914 0.8470588 0.8470588 0.8470588
v -2.047264 6.524624 0.7078115 0.9372549 0.9372549 0.9372549
v -2.10314 7.265476 0.2132813 0.7176471 0.7176471 0.7176471
v -2.039508 6.908051 0.7335956 0.8509804 0.8509804 0.8509804
v -2.039352 6.52398 0.7201249 0.9372549 0.9372549 0.9372549
v -2.088776 7.285807 0.441785 0.7215686 0.7215686 0.7215686
v -1.976498 7.562161 0.03278173 0.5921569 0.5921569 0.5921569
v -1.973429 6.902563 0.8216515 0.854902 0.854902 0.854902
v -2.031211 6.523366 0.7322893 0.9372549 0.9372549 0.9372549
v -1.895643 6.89605 0.8994799 0.8588235 0.8588235 0.8588235
v -1.984356 7.628526 0.3226363 0.5843138 0.5843138 0.5843138
v -1.805161 7.807066 -0.1382249 0.4784314 0.4784314 0.4784314
v -2.010095 7.288978 0.6577312 0.7215686 0.7215686 0.7215686
v -1.889048 7.276795 0.8266341 0.7176471 0.7176471 0.7176471
v -1.72948 7.251182 0.9578252 0.7176471 0.7176471 0.7176471
v -1.825752 7.934836 0.1872103 0.4509804 0.4509804 0.4509804
v -1.621903 8.052934 -0.2372087 0.3764706 0.3764706 0.3764706
v -1.888787 7.649134 0.6035699 0.572549 0.572549 0.572549
v -1.729127 7.62671 0.8114985 0.5686275 0.5686275 0.5686275
v -1.517593 7.568694 0.9568109 0.5686275 0.5686275 0.5686275
v -1.613255 8.214253 0.08233037 0.3294118 0.3294118 0.3294118
v -1.404379 8.268327 -0.3476441 0.2862745 0.2862745 0.2862745
v -1.713117 7.9791 0.5158612 0.4352941 0.4352941 0.4352941
v -1.517068 7.940084 0.7585779 0.427451 0.427451 0.427451
v -1.263802 7.832904 0.911019 0.4392157 0.4392157 0.4392157
v -1.360224 8.447046 -0.04855497 0.227451 0.227451 0.227451
v -1.090329 8.606561 -0.2414058 0.1529412 0.1529412 0.1529412
v -1.481074 8.2675 0.4108071 0.3058824 0.3058824 0.3058824
v -1.285731 8.216118 0.6506224 0.3058824 0.3058824 0.3058824
v -1.048593 8.081561 0.8054454 0.3215686 0.3215686 0.3215686
v -1.017054 8.665825 -0.07509519 0.1254902 0.1254902 0.1254902
v -0.6229098 8.795658 -0.1210376 0.0627451 0.0627451 0.0627451
v -0.6093395 8.79535 -0.09943367 0.0627451 0.0627451 0.0627451
v -1.215495 8.504727 0.2662006 0.1960784 0.1960784 0.1960784
v -1.034234 8.448767 0.4988352 0.1960784 0.1960784 0.1960784
v -0.8277905 8.304129 0.6618298 0.227451 0.227451 0.227451
v -0.9236466 8.682785 0.09082066 0.1098039 0.1098039 0.1098039
v -0.5956376 8.794225 -0.07794026 0.0627451 0.0627451 0.0627451
v -0.821449 8.658792 0.2388763 0.1098039 0.1098039 0.1098039
v -0.7116951 8.597045 0.3695736 0.1098039 0.1098039 0.1098039
v -0.5883778 8.793305 -0.06667955 0.0627451 0.0627451 0.0627451
v -0.5810878 8.792159 -0.05545912 0.0627451 0.0627451 0.0627451
v 0.1261712 6.495164 0.8842349 1 1 1
v 0.3718321 6.837065 0.7962566 0.9960784 0.9960784 0.9960784
v 0.1372228 6.494935 0.8767782 1 1 1
v 0.2742155 6.835858 0.8898913 1 1 1
v 0.1150295 6.495455 0.891554 1 1 1
v 0.5396497 7.177243 0.6071951 0.9411765 0.9411765 0.9411765
v 0.1651242 6.837802 0.9698488 1 1 1
v 0.1027133 6.495846 0.8994174 1 1 1
v 0.4103989 7.183503 0.7969542 0.9647059 0.9647059 0.9647059
v 0.582386 7.48907 0.4536151 0.7803922 0.7803922 0.7803922
v 0.06930929 6.841683 1.023781 1 1 1
v 0.09029315 6.49631 0.9071119 1 1 1
v -0.03166184 6.847579 1.067075 0.9960784 0.9960784 0.9960784
v 0.4389332 7.523184 0.7120416 0.8392157 0.8392157 0.8392157
v 0.5719616 7.766945 0.2808252 0.5529412 0.5529412 0.5529412
v 0.2415766 7.189545 0.9525689 0.972549 0.972549 0.972549
v 0.06194535 7.194564 1.057199 0.972549 0.972549 0.972549
v -0.1353308 7.198936 1.122797 0.9607843 0.9607843 0.9607843
v 0.4213288 7.844689 0.5877889 0.5843138 0.5843138 0.5843138
v 0.4999546 8.041327 0.1667538 0.3686275 0.3686275 0.3686275
v 0.226073 7.541984 0.9190778 0.8627451 0.8627451 0.8627451
v -0.005014175 7.54451 1.044696 0.8509804 0.8509804 0.8509804
v -0.2601951 7.533618 1.107558 0.8156863 0.8156863 0.8156863
v 0.3343591 8.150875 0.4653171 0.3568628 0.3568628 0.3568628
v 0.3948365 8.294999 0.02600037 0.2352941 0.2352941 0.2352941
v 0.1736796 7.88186 0.8332461 0.6 0.6 0.6
v -0.1064024 7.876899 0.9764506 0.5960785 0.5960785 0.5960785
v -0.4133047 7.836149 1.032383 0.5607843 0.5607843 0.5607843
v 0.2158484 8.425572 0.2990737 0.1882353 0.1882353 0.1882353
v 0.1002006 8.644582 0.06237594 0.1098039 0.1098039 0.1098039
v 0.07343541 8.198297 0.7066319 0.3529412 0.3529412 0.3529412
v -0.2070106 8.183966 0.8464893 0.3490196 0.3490196 0.3490196
v -0.5081313 8.11888 0.9056987 0.3607843 0.3607843 0.3607843
v -0.03409243 8.694089 0.1887334 0.09019608 0.09019608 0.09019608
v -0.3290668 8.89782 0.0323748 0.0627451 0.0627451 0.0627451
v -0.3502921 8.898963 0.04638439 0.0627451 0.0627451 0.0627451
v -0.04689573 8.47924 0.5265388 0.1647059 0.1647059 0.1647059
v -0.3133429 8.459083 0.663505 0.1647059 0.1647059 0.1647059
v -0.5940239 8.379887 0.734964 0.1960784 0.1960784 0.1960784
v -0.1864914 8.715333 0.3017599 0.09019608 0.09019608 0.09019608
v -0.3716868 8.899529 0.06016973 0.0627451 0.0627451 0.0627451
v -0.3429488 8.708649 0.3930292 0.09019608 0.09019608 0.09019608
v -0.5057641 8.676023 0.465695 0.1098039 0.1098039 0.1098039
v -0.3830113 8.899593 0.06733243 0.0627451 0.0627451 0.0627451
v -0.3943768 8.899499 0.07442933 0.0627451 0.0627451 0.0627451
v -0.5364426 6.436728 -0.7529162 0.8509804 0.8509804 0.8509804
v -0.5269197 6.437101 -0.7545877 0.8470588 0.8470588 0.8470588
v -0.3828273 6.762182 -0.8473294 0.7333333 0.7333333 0.7333333
v -0.4806911 6.756582 -0.8414846 0.7333333 0.7333333 0.7333333
v -0.545952 6.436383 -0.7511644 0.8509804 0.8509804 0.8509804
v -0.2169481 7.092685 -0.8718984 0.6196079 0.6196079 0.6196079
v -0.5777375 6.752583 -0.8270313 0.7333333 0.7333333 0.7333333
v -0.5563608 6.436033 -0.7491524 0.8509804 0.8509804 0.8509804
v -0.3830988 7.084695 -0.8851116 0.6235294 0.6235294 0.6235294
v -0.132233 7.411567 -0.8510629 0.509804 0.509804 0.509804
v -0.6555073 6.750534 -0.809011 0.7450981 0.7450981 0.7450981
v -0.5667515 6.435715 -0.747044 0.8509804 0.8509804 0.8509804
v -0.7318092 6.749578 -0.7854699 0.7450981 0.7450981 0.7450981
v -0.346307 7.409411 -0.8822219 0.5176471 0.5176471 0.5176471
v -0.06353676 7.718806 -0.791607 0.3960784 0.3960784 0.3960784
v -0.5493928 7.078111 -0.8729699 0.6235294 0.6235294 0.6235294
v -0.6967956 7.073492 -0.8403482 0.627451 0.627451 0.627451
v -0.8383635 7.070236 -0.7878024 0.627451 0.627451 0.627451
v -0.3140064 7.72902 -0.839277 0.4117647 0.4117647 0.4117647
v -0.06343494 8.019531 -0.7168026 0.3019608 0.3019608 0.3019608
v -0.5622894 7.404393 -0.8708345 0.5215687 0.5215687 0.5215687
v -0.7479366 7.397734 -0.8257006 0.5137255 0.5137255 0.5137255
v -0.922865 7.389195 -0.7490625 0.509804 0.509804 0.509804
v -0.3197455 8.041281 -0.7607074 0.2901961 0.2901961 0.2901961
v -0.06770916 8.311231 -0.6089784 0.2078431 0.2078431 0.2078431
v -0.5689589 7.728183 -0.8287735 0.4156863 0.4156863 0.4156863
v -0.7899455 7.718068 -0.770322 0.4039216 0.4039216 0.4039216
v -0.9938111 7.699544 -0.6680982 0.4039216 0.4039216 0.4039216
v -0.3192206 8.342129 -0.6445988 0.1882353 0.1882353 0.1882353
v -0.2785583 8.623486 -0.4918034 0.1098039 0.1098039 0.1098039
v -0.5802406 8.044251 -0.7455633 0.2901961 0.2901961 0.2901961
v -0.7997133 8.031314 -0.6845762 0.2941177 0.2941177 0.2941177
v -1.001603 8.004453 -0.581746 0.3019608 0.3019608 0.3019608
v -0.4167843 8.63408 -0.4891449 0.1098039 0.1098039 0.1098039
v -0.510542 8.901438 -0.2865469 0.0627451 0.0627451 0.0627451
v -0.5287241 8.901095 -0.2832977 0.0627451 0.0627451 0.0627451
v -0.5743639 8.348252 -0.6260017 0.1882353 0.1882353 0.1882353
v -0.7843441 8.333617 -0.5679976 0.1960784 0.1960784 0.1960784
v -0.9785259 8.301283 -0.4735607 0.2156863 0.2156863 0.2156863
v -0.5543221 8.635412 -0.4716142 0.1098039 0.1098039 0.1098039
v -0.5468577 8.900557 -0.2798118 0.0627451 0.0627451 0.0627451
v -0.6822387 8.628086 -0.4414672 0.1098039 0.1098039 0.1098039
v -0.8057096 8.6125 -0.3986053 0.1254902 0.1254902 0.1254902
v -0.5563807 8.900195 -0.2778823 0.0627451 0.0627451 0.0627451
v -0.5658882 8.899778 -0.2758877 0.0627451 0.0627451 0.0627451
v -0.9263612 5.509771 0.5615216 1 1 1
v -0.7519484 5.918277 0.7412046 1 1 1
v -0.9158683 5.509297 0.5672964 1 1 1
v -0.8643314 5.921277 0.694723 1 1 1
v -0.9368052 5.510272 0.5556609 1 1 1
v -0.5349628 6.330722 0.84524 1 1 1
v -0.9722727 5.925923 0.6388074 1 1 1
v -0.9481976 5.510854 0.549138 1 1 1
v -0.7347418 6.337843 0.7925581 1 1 1
v -0.3954283 6.737277 0.8630517 0.9921569 0.9921569 0.9921569
v -1.056205 5.930894 0.5866753 1 1 1
v -0.9595296 5.511468 0.5425133 1 1 1
v -1.136245 5.936906 0.5288428 1 1 1
v -0.6577665 6.755932 0.8113439 0.9843137 0.9843137 0.9843137
v -0.2599594 7.131518 0.828615 0.9647059 0.9647059 0.9647059
v -0.9245579 6.34629 0.7110947 0.9960784 0.9960784 0.9960784
v -1.084302 6.354922 0.6140279 0.9960784 0.9960784 0.9960784
v -1.229655 6.364334 0.4965615 0.9960784 0.9960784 0.9960784
v -0.5703952 7.168064 0.7811978 0.9098039 0.9098039 0.9098039
v -0.1988439 7.524511 0.7469835 0.8235294 0.8235294 0.8235294
v -0.9056853 6.77102 0.710589 0.9686275 0.9686275 0.9686275
v -1.105424 6.780935 0.583695 0.9490196 0.9490196 0.9490196
v -1.281127 6.78735 0.4250021 0.9254902 0.9254902 0.9254902
v -0.5137058 7.574827 0.6934399 0.682353 0.682353 0.682353
v -0.130264 7.906772 0.62418 0.5176471 0.5176471 0.5176471
v -0.8637661 7.191758 0.6657571 0.8078431 0.8078431 0.8078431
v -1.099938 7.201069 0.5092278 0.7294118 0.7294118 0.7294118
v -1.300735 7.198698 0.3091277 0.6784314 0.6784314 0.6784314
v -0.4356028 7.967086 0.5637431 0.4078431 0.4078431 0.4078431
v -0.2975154 8.332112 0.4064491 0.1882353 0.1882353 0.1882353
v -0.811435 7.603413 0.5706524 0.5411765 0.5411765 0.5411765
v -1.045114 7.60938 0.4117036 0.4588235 0.4588235 0.4588235
v -1.244091 7.597334 0.2112804 0.4313726 0.4313726 0.4313726
v -0.4569552 8.357745 0.3478836 0.1529412 0.1529412 0.1529412
v -0.4570696 8.71867 0.07763422 0.0627451 0.0627451 0.0627451
v -0.4770467 8.720028 0.06655224 0.0627451 0.0627451 0.0627451
v -0.7255228 7.998787 0.439391 0.3098039 0.3098039 0.3098039
v -0.9493815 8.001958 0.2875635 0.2745098 0.2745098 0.2745098
v -1.142887 7.983002 0.09949256 0.2941177 0.2941177 0.2941177
v -0.6104848 8.372543 0.2722679 0.1411765 0.1411765 0.1411765
v -0.4968914 8.721153 0.05520935 0.0627451 0.0627451 0.0627451
v -0.7486529 8.376362 0.1857476 0.1411765 0.1411765 0.1411765
v -0.8775483 8.370165 0.08605644 0.1529412 0.1529412 0.1529412
v -0.5072815 8.721652 0.04913535 0.0627451 0.0627451 0.0627451
v -0.5176327 8.722086 0.04299034 0.0627451 0.0627451 0.0627451
vn 0.6487013 -0.4047039 -0.6445165
vn 0.0008726033 -0.4617378 -0.887016
vn 0.6011052 -0.5472462 -0.5824037
vn 0.02277829 -0.2695798 -0.9627087
vn 0.7173873 -0.131274 -0.684195
vn -0.6418473 -0.3657709 -0.6739761
vn 0.05265207 0.02374569 -0.9983305
vn 0.7216603 0.03484341 -0.69137
vn -0.6498543 -0.1787557 -0.7387394
vn -0.946165 -0.3179658 -0.06057647
vn 0.05348844 0.07591674 -0.9956785
vn 0.7076013 0.1172587 -0.6968148
vn -0.986398 -0.1508045 -0.06539785
vn -0.7274404 -0.3491227 0.5907147
vn -0.6443257 0.1365706 -0.7524579
vn 0.03756636 0.002020872 -0.9992921
vn 0.6874136 0.1547166 -0.7095952
vn -0.7387045 -0.1652629 0.6534554
vn -0.1150775 -0.4388757 0.8911483
vn -0.6402546 0.16208 -0.7508689
vn -0.9834328 0.173057 -0.05395608
vn 0.009154437 -0.03334987 -0.9994018
vn 0.6875781 0.1136213 -0.7171656
vn -0.08844967 -0.2431954 0.9659362
vn 0.5235966 -0.5316872 0.6656991
vn -0.6708598 -0.05298491 -0.7396889
vn -0.9719945 0.2334509 -0.02697179
vn -0.7176371 0.1497197 0.6801332
vn -0.01070056 -0.01419527 -0.999842
vn 0.6952133 0.07578053 -0.7147977
vn 0.5746925 -0.3775506 0.7260744
vn 0.8159947 -0.5752844 0.05657391
vn -0.680219 -0.1798175 -0.7106108
vn -0.9997386 -0.01893725 -0.01281174
vn -0.6700293 0.2166482 0.7100171
vn -0.04252819 0.05148192 0.997768
vn -0.01571015 0.05011969 -0.9986197
vn 0.7073018 0.02350342 -0.7065209
vn 0.882399 -0.4670181 0.05714954
vn 0.6011052 -0.5472462 -0.5824037
vn 0.6487013 -0.4047039 -0.6445165
vn 0.6491429 -0.1063424 0.7531965
vn 0.9796187 -0.1943317 0.05081818
vn 0.7173873 -0.131274 -0.684195
vn 0.004741687 0.1505617 0.9885893
vn 0.6771097 0.08760545 0.7306489
vn 0.9985227 0.04259496 0.03373519
vn 0.7216603 0.03484341 -0.69137
vn -0.6938769 0.06897904 0.7167822
vn 0.0002824237 0.1666115 0.9860226
vn 0.9764896 0.2154793 0.00605445
vn 0.7076013 0.1172587 -0.6968148
vn 0.6765338 0.2311833 0.6991827
vn -0.9799947 -0.1988111 -0.009196599
vn 0.9612037 0.2756565 -0.01004903
vn 0.6874136 0.1547166 -0.7095952
vn -0.7108017 -0.07741466 0.6991194
vn 0.6698475 0.2596508 0.695619
vn -0.02405046 0.1136632 0.9932283
vn -0.6977064 -0.1289589 -0.704681
vn 0.983797 0.1791986 -0.005601697
vn 0.6875781 0.1136213 -0.7171656
vn -0.986029 -0.166327 -0.009064137
vn -0.7122425 -0.1051168 0.6940181
vn 0.6869947 0.1407377 0.7129034
vn -0.02242759 0.02160882 0.9995149
vn -0.7119393 0.006742941 -0.7022086
vn 0.9976895 0.06788069 -0.002820579
vn 0.6952133 0.07578053 -0.7147977
vn -0.9995522 -0.0293628 -0.005750415
vn -0.7166686 -0.03781611 0.6963878
vn 0.7002797 0.03064768 0.7132104
vn -0.01553753 -0.01328191 0.9997911
vn -0.0005654223 0.04526219 -0.998975
vn 0.6877095 0.2295355 -0.6887447
vn -0.7076837 0.03714316 -0.7055525
vn -0.007862126 0.2467912 -0.9690368
vn 0.002712319 0.9980265 0.06273591
vn -0.999992 0.003974112 0.0002882751
vn -0.6950569 0.2327227 -0.6802471
vn 0.002712319 0.9980265 0.06273591
vn -0.7070339 -0.03487144 0.7063194
vn -0.9805816 0.1960229 0.005888803
vn 0.002712319 0.9980265 0.06273591
vn 0.001024216 -0.05661522 0.9983956
vn -0.6993829 0.1573022 0.6972228
vn 0.002712319 0.9980265 0.06273591
vn 0.7077646 -0.04846758 0.7047838
vn -0.006253439 0.1388366 0.9902956
vn 0.002712319 0.9980265 0.06273591
vn 0.9998825 -0.01531397 -0.0006799858
vn 0.7073018 0.02350342 -0.7065209
vn 0.6937513 0.1522784 0.7039322
vn 0.002712319 0.9980265 0.06273591
vn 0.9817324 0.1902002 0.005021139
vn 0.002712319 0.9980265 0.06273591
vn 0.6877095 0.2295355 -0.6887447
vn 0.002712319 0.9980265 0.06273591
vn 0.3648674 0.7061673 -0.6067945
vn 0.1655762 0.798242 -0.5791324
vn 0.3181307 0.6946691 -0.6451571
vn 0.2521068 0.8017592 -0.5418711
vn 0.4544326 0.7151634 -0.5310673
vn -0.1185243 0.885855 -0.4485675
vn 0.3766433 0.817125 -0.4364019
vn 0.5580637 0.7000799 -0.4454808
vn 0.004120391 0.9236279 -0.3832683
vn -0.3699642 0.8757339 -0.3101884
vn 0.515766 0.7982954 -0.310982
vn 0.6245387 0.6774291 -0.3886403
vn 0.5749632 0.7929755 -0.2015124
vn -0.2447719 0.9464868 -0.2103558
vn -0.563651 0.8098931 -0.1623906
vn 0.1935285 0.9561257 -0.2199325
vn 0.3882942 0.9210007 -0.03139074
vn 0.4718687 0.8764692 0.09561237
vn -0.4561386 0.8895251 -0.02612896
vn -0.7188053 0.6952114 -0.0003650897
vn -0.003262454 0.9998424 0.01745164
vn 0.2411686 0.9394735 0.2433667
vn 0.3537132 0.8604349 0.3667952
vn -0.6354238 0.7569486 0.1525298
vn -0.8237203 0.5386465 0.1770449
vn -0.2064385 0.9473557 0.2447453
vn 0.07982057 0.8698334 0.4868455
vn 0.2258629 0.7714595 0.5948414
vn -0.7569199 0.5618435 0.3337726
vn -0.8749883 0.3154597 0.3672611
vn -0.4008891 0.8049345 0.4374568
vn -0.08017527 0.7291517 0.6796394
vn 0.1025433 0.6336364 0.7668049
vn -0.8108899 0.2920179 0.5071323
vn -0.8678141 0.107285 0.4851687
vn -0.797694 0.1368619 0.5873271
vn -0.5414906 0.5896393 0.5992607
vn -0.2252513 0.5306739 0.8170967
vn -0.03624623 0.4850918 0.8737117
vn -0.6397012 0.3118759 0.7025068
vn -0.6720222 0.1535367 0.7244395
vn -0.4355059 0.2792805 0.855767
vn -0.2602096 0.2826157 0.9232656
vn -0.5340066 0.1295694 0.8354931
vn -0.4429617 0.1007279 0.8908641
vn 0.452465 0.8770815 0.1612564
vn 0.5012589 0.8586107 -0.107365
vn 0.5329724 0.8400773 0.1010475
vn 0.4272018 0.9038399 0.02391627
vn 0.3251106 0.9073158 0.2666106
vn 0.4293439 0.8398616 -0.332109
vn 0.2545024 0.9506854 0.1772729
vn 0.2020815 0.8957604 0.3959501
vn 0.3414804 0.9143155 -0.2177576
vn 0.3257135 0.8130584 -0.4825419
vn 0.07205042 0.9315358 0.3564404
vn 0.1188936 0.8597823 0.4966273
vn -0.07342275 0.902949 0.4234291
vn 0.2053381 0.9000337 -0.384416
vn 0.1764698 0.7809891 -0.5990947
vn 0.1057153 0.9943904 0.003463106
vn -0.1462043 0.9612529 0.2337031
vn -0.2908043 0.8959697 0.3356652
vn 0.04015128 0.8545682 -0.5177848
vn -0.01232328 0.7281028 -0.6853572
vn -0.054755 0.9867958 -0.1524331
vn -0.3241044 0.9388268 0.1164497
vn -0.4483968 0.8592307 0.2462986
vn -0.1575785 0.7751324 -0.6118323
vn -0.2325116 0.6317608 -0.7394705
vn -0.2237444 0.9295251 -0.2931239
vn -0.468255 0.8833625 -0.02020093
vn -0.5711728 0.810443 0.1301682
vn -0.3602539 0.6451517 -0.6737925
vn -0.4482515 0.4708016 -0.7598792
vn -0.3915405 0.8234478 -0.4106455
vn -0.5958524 0.7874738 -0.1576229
vn -0.6719611 0.7405145 -0.01032074
vn -0.5410841 0.4589408 -0.7046994
vn -0.5720125 0.3291343 -0.7513138
vn -0.621304 0.3516096 -0.7002514
vn -0.5404922 0.6719276 -0.5063413
vn -0.6918619 0.6533943 -0.3072509
vn -0.7490731 0.6388557 -0.1753649
vn -0.6544396 0.4797973 -0.584383
vn -0.6994185 0.3717805 -0.6104041
vn -0.7611951 0.469056 -0.4478487
vn -0.8034592 0.4817534 -0.3498101
vn -0.7778271 0.3632879 -0.5128419
vn -0.8253862 0.3448773 -0.4469869
vn -0.3429846 0.9253554 0.1614893
vn -0.2376414 0.8945721 0.3785068
vn -0.3852798 0.8853676 0.260161
vn -0.2406403 0.9384516 0.2477919
vn -0.2896302 0.9571247 -0.005182251
vn -0.05095132 0.8613537 0.5054441
vn -0.1742665 0.9844579 0.02176789
vn -0.265952 0.945062 -0.1900722
vn -0.02632306 0.9293191 0.3683384
vn 0.1223931 0.8106018 0.5726645
vn -0.1283539 0.9648307 -0.2294057
vn -0.2640623 0.9086897 -0.3233483
vn -0.04933307 0.9286075 -0.3677694
vn 0.1764672 0.8832868 0.4343546
vn 0.3096468 0.7485386 0.5863521
vn 0.05399579 0.9959513 0.07187086
vn 0.1309758 0.95824 -0.2542075
vn 0.1840167 0.890047 -0.4170782
vn 0.3831408 0.8084229 0.4468284
vn 0.5033767 0.655216 0.5632975
vn 0.2718586 0.9558412 0.1116258
vn 0.338574 0.9065073 -0.2522146
vn 0.3579759 0.8287845 -0.4300809
vn 0.5768664 0.6900541 0.4370932
vn 0.684137 0.5143767 0.5170814
vn 0.4812594 0.8667598 0.1308317
vn 0.5259134 0.8220957 -0.218114
vn 0.5187859 0.7584358 -0.3945075
vn 0.7418435 0.5262252 0.4156384
vn 0.8250501 0.3278919 0.4601948
vn 0.6634454 0.7303672 0.1624932
vn 0.6946891 0.7036338 -0.1493533
vn 0.6736169 0.6683286 -0.3155585
vn 0.8623947 0.3209625 0.3914825
vn 0.8862738 0.1957649 0.4197557
vn 0.9064577 0.2091322 0.3668761
vn 0.8081247 0.5524229 0.204361
vn 0.8368155 0.5460104 -0.04015777
vn 0.8163053 0.5454696 -0.1900222
vn 0.9060719 0.3398372 0.2520803
vn 0.9373651 0.225275 0.2657027
vn 0.9364479 0.339802 0.08717766
vn 0.931897 0.3615807 -0.02876518
vn 0.9631717 0.224406 0.1481289
vn 0.9740564 0.2153029 0.06970424
vn -0.6557232 0.679758 0.3285671
vn -0.7211503 0.6366203 0.2732339
vn -0.7331434 0.6719093 0.1050649
vn -0.6562933 0.7222745 0.218171
vn -0.5318152 0.7284231 0.4319402
vn -0.7384456 0.6543579 -0.1628307
vn -0.4838418 0.7951756 0.3655038
vn -0.3897409 0.7308584 0.5603106
vn -0.6349076 0.7725485 -0.00782109
vn -0.7203932 0.5960029 -0.354703
vn -0.2676444 0.8009606 0.5355638
vn -0.2823341 0.6999825 0.6559817
vn -0.08550946 0.7956045 0.5997512
vn -0.6014176 0.7708424 -0.2099974
vn -0.6807972 0.5604569 -0.4715966
vn -0.3790154 0.8984036 0.2218519
vn -0.04565777 0.8942772 0.4451782
vn 0.1713111 0.8316026 0.5282893
vn -0.5366849 0.7660558 -0.3537343
vn -0.6089922 0.5565153 -0.565172
vn -0.2544675 0.9632207 0.08632594
vn 0.1544908 0.9202564 0.3595286
vn 0.377167 0.8009204 0.4650502
vn -0.4488251 0.7515857 -0.4833995
vn -0.4888316 0.5904123 -0.6422282
vn -0.1339011 0.989338 -0.05727861
vn 0.3185905 0.9114567 0.2602822
vn 0.5303947 0.7485093 0.3980141
vn -0.3042713 0.7531903 -0.5832009
vn -0.2792607 0.6262914 -0.7278548
vn -0.03387086 0.9760464 -0.2149096
vn 0.4325264 0.8885947 0.1527097
vn 0.6271713 0.7024847 0.3364096
vn -0.06803146 0.7297547 -0.680316
vn -0.03728234 0.5864189 -0.8091496
vn 0.08853707 0.7132993 -0.6952448
vn 0.09255967 0.9388691 -0.3315985
vn 0.5225537 0.8512807 0.04752792
vn 0.6693711 0.7009825 0.2461016
vn 0.2182992 0.8606744 -0.4599836
vn 0.2773609 0.7975358 -0.5357308
vn 0.5071858 0.8295603 -0.2336495
vn 0.6731961 0.7394632 0.001112812
vn 0.4830378 0.7830266 -0.3918467
vn 0.6243758 0.7223566 -0.2972471
vn -0.4801598 0.6102673 -0.6300956
vn -0.4390195 0.5623 -0.7007715
vn -0.2523235 0.6261293 -0.7377635
vn -0.35606 0.6675377 -0.6539225
vn -0.5488581 0.6653252 -0.5060606
vn -0.02150307 0.6790456 -0.7337811
vn -0.4585568 0.7447526 -0.4848393
vn -0.6298901 0.6847047 -0.3666305
vn -0.1159617 0.7514569 -0.6495117
vn 0.1579704 0.7204431 -0.6752831
vn -0.5670208 0.7734489 -0.2833093
vn -0.6887489 0.675684 -0.2628234
vn -0.5870348 0.7970784 -0.1416195
vn 0.08141009 0.8159334 -0.5723854
vn 0.3199148 0.7614364 -0.5637988
vn -0.2685604 0.8671125 -0.4195132
vn -0.403739 0.9033759 -0.1445923
vn -0.4465711 0.8945589 0.01840137
vn 0.2633529 0.8534793 -0.4496871
vn 0.4665998 0.7870778 -0.4034764
vn -0.07776117 0.9437011 -0.3215297
vn -0.2383882 0.9710153 -0.01732907
vn -0.3067127 0.9410083 0.1429363
vn 0.4244091 0.8615478 -0.2785898
vn 0.5980355 0.7769901 -0.1965707
vn 0.1128388 0.9741834 -0.1955356
vn -0.05602244 0.994341 0.09026355
vn -0.1468936 0.9602729 0.2372723
vn 0.566544 0.8201736 -0.0796435
vn 0.7093455 0.7040954 0.0328442
vn 0.292774 0.9549602 -0.04831687
vn 0.1310007 0.9715887 0.1971145
vn 0.03241405 0.9488371 0.3140979
vn 0.6854206 0.7172213 0.1256675
vn 0.7644208 0.6185122 0.181944
vn 0.7276745 0.64656 0.2290196
vn 0.4572509 0.8832631 0.1037695
vn 0.3262677 0.9006801 0.286923
vn 0.2309141 0.8982736 0.3738758
vn 0.603778 0.7587603 0.2444075
vn 0.6644197 0.6793032 0.3115986
vn 0.5140694 0.7731209 0.371506
vn 0.438575 0.7900594 0.4283202
vn 0.600435 0.6895995 0.4048832
vn 0.5593885 0.6853572 0.4662295
vn 0.2102128 0.9598623 -0.1856745
vn 0.3525735 0.8981072 -0.2628601
vn 0.5060279 0.8583405 -0.08477894
vn 0.3219434 0.9430245 -0.08400786
vn -0.01556941 0.9935934 -0.1119364
vn 0.6391486 0.7652552 0.07663963
vn 0.005158026 0.9999046 0.01281115
vn -0.2639992 0.9586697 -0.1060989
vn 0.4585108 0.8795592 0.1270575
vn 0.6973785 0.6861521 0.2070233
vn -0.3466873 0.9370894 0.04088113
vn -0.4571346 0.877596 -0.1444061
vn -0.5429029 0.8293918 0.1317789
vn 0.520279 0.798731 0.3022228
vn 0.6968168 0.6191152 0.3621364
vn 0.04313646 0.9690448 0.2430872
vn -0.4102487 0.8570499 0.3117074
vn -0.6239623 0.7040867 0.3390176
vn 0.5123832 0.7065625 0.4880912
vn 0.6550266 0.5288397 0.5396932
vn 0.07138902 0.8928221 0.4447161
vn -0.4324044 0.7614151 0.4829839
vn -0.6549475 0.6048959 0.4529291
vn 0.4832389 0.5725956 0.6622798
vn 0.5868662 0.3841743 0.7127399
vn 0.07062859 0.7706708 0.6333072
vn -0.4094072 0.6560329 0.6340399
vn -0.6308815 0.5308141 0.5658842
vn 0.4448574 0.391411 0.8055429
vn 0.5098916 0.1846515 0.8401871
vn 0.09952749 0.6072496 0.7882527
vn -0.3330646 0.5323309 0.7782621
vn -0.5509282 0.4573828 0.6980537
vn 0.4127136 0.1659626 0.8956137
vn 0.4540577 0.02921651 0.8904931
vn 0.3774798 0.04575919 0.9248866
vn 0.1492117 0.408335 0.9005545
vn -0.1923629 0.3750811 0.9068135
vn -0.4042338 0.3576999 0.841811
vn 0.2181097 0.1801104 0.9591602
vn 0.2377768 0.06005068 0.9694617
vn -0.01364146 0.1609751 0.9868642
vn -0.187995 0.1802948 0.96548
vn 0.07709148 0.04413672 0.9960466
vn -0.03776117 0.01750284 0.9991335
vn -0.4823414 0.8537776 -0.1959864
vn -0.5779021 0.8132591 0.06810915
vn -0.5732507 0.8045396 -0.1552407
vn -0.4851519 0.872788 -0.05356016
vn -0.3426155 0.8992818 -0.2718582
vn -0.5438712 0.7845523 0.2977951
vn -0.2917119 0.9415827 -0.168304
vn -0.2034098 0.9033488 -0.3776048
vn -0.4455631 0.8720587 0.202453
vn -0.4686601 0.7557989 0.4573026
vn -0.08153643 0.9453098 -0.3158182
vn -0.101445 0.876094 -0.4713473
vn 0.08234917 0.9324874 -0.35169
vn -0.3402923 0.8566468 0.3877595
vn -0.34352 0.7270554 0.5944615
vn -0.1797478 0.983201 0.03172745
vn 0.1115339 0.9822206 -0.1510058
vn 0.2797474 0.9331418 -0.2258046
vn -0.2000873 0.8139448 0.5453979
vn -0.1729119 0.6827958 0.7098531
vn -0.05024153 0.9759636 0.2120634
vn 0.266901 0.9637056 -0.005956133
vn 0.4178479 0.9014116 -0.1134035
vn -0.01699993 0.7430413 0.6690297
vn 0.03897627 0.5994005 0.7994998
vn 0.09405185 0.9213315 0.3772301
vn 0.386804 0.9096056 0.1516589
vn 0.5197443 0.8541181 0.0186595
vn 0.180301 0.6230245 0.7611387
vn 0.2593783 0.4516855 0.8536412
vn 0.2453673 0.8196576 0.5176449
vn 0.494798 0.8137446 0.3049503
vn 0.5982831 0.7829209 0.1705646
vn 0.3666263 0.4452102 0.816929
vn 0.3986229 0.3108725 0.8628199
vn 0.4552124 0.3432065 0.8215784
vn 0.3856422 0.6725342 0.6316469
vn 0.5717441 0.6765808 0.4640551
vn 0.6522604 0.6769186 0.341083
vn 0.4972905 0.4825928 0.720976
vn 0.5449893 0.3754457 0.7496848
vn 0.628557 0.4857722 0.6074055
vn 0.6865748 0.5118955 0.516312
vn 0.6395228 0.3763372 0.6703587
vn 0.7020023 0.3617696 0.6134456
vn 0.2695404 0.6423315 0.7174666
vn 0.396182 0.7468808 0.5340496
vn 0.3428172 0.6278691 0.6987537
vn 0.2934267 0.7486714 0.5944677
vn 0.1317582 0.6495699 0.7487982
vn 0.48658 0.8431844 0.2286483
vn 0.1000773 0.7628758 0.6387528
vn -0.02330561 0.6204413 0.7839065
vn 0.3310017 0.892131 0.3074739
vn 0.5451338 0.8372085 -0.04371552
vn -0.1223716 0.7255146 0.6772398
vn -0.1289362 0.5802822 0.8041443
vn -0.2766283 0.7108985 0.6466067
vn 0.359942 0.9329172 0.01035479
vn 0.5560805 0.7875367 -0.2656319
vn 0.03492089 0.9267068 0.3741592
vn -0.2890492 0.8631594 0.4140126
vn -0.471925 0.7913065 0.3887428
vn 0.3507133 0.8994243 -0.2608376
vn 0.5285954 0.7043683 -0.4737639
vn -0.03855692 0.9960529 0.07994933
vn -0.4310452 0.8918257 0.1372841
vn -0.6235498 0.7688684 0.141517
vn 0.3258437 0.7948212 -0.5119426
vn 0.4522721 0.5902868 -0.6685891
vn -0.09523744 0.9705038 -0.2214773
vn -0.5307195 0.8368188 -0.1344292
vn -0.7255471 0.6831768 -0.08277044
vn 0.2542762 0.6315181 -0.7324811
vn 0.3235056 0.4020711 -0.856553
vn -0.1211192 0.8550545 -0.5041944
vn -0.5819941 0.7203159 -0.3773963
vn -0.7801828 0.5658118 -0.2667805
vn 0.1371256 0.3779508 -0.9156145
vn 0.2051789 0.1796242 -0.9621001
vn 0.04864206 0.2256689 -0.972989
vn -0.1622405 0.6636858 -0.7302049
vn -0.5997144 0.5509642 -0.5803284
vn -0.7752373 0.4596245 -0.433304
vn -0.1793516 0.4011894 -0.8982651
vn -0.1714959 0.2441618 -0.9544497
vn -0.4707649 0.338425 -0.8147693
vn -0.667017 0.3112115 -0.676931
vn -0.3740035 0.200071 -0.9055899
vn -0.4947504 0.1467679 -0.856552
vn 0.2330493 0.9367214 -0.2612301
vn 0.03478066 0.8586371 -0.5114027
vn 0.2546851 0.8709917 -0.4201297
vn 0.1008971 0.9363258 -0.336324
vn 0.2365295 0.9713312 -0.02386432
vn -0.1699694 0.7906547 -0.5881969
vn 0.1132594 0.993551 -0.005363623
vn 0.3022892 0.9287605 0.2145349
vn -0.1480072 0.9039076 -0.4013041
vn -0.3208298 0.7301461 -0.6032869
vn 0.1860057 0.9224331 0.3384065
vn 0.3870117 0.8369457 0.3869675
vn 0.1463236 0.8198859 0.5535129
vn -0.3424359 0.8472801 -0.4060223
vn -0.4755864 0.6825805 -0.5548887
vn -0.1195985 0.9923915 0.02924298
vn -0.06042975 0.8739129 0.4823116
vn -0.04050133 0.7180898 0.694771
vn -0.5271784 0.7782883 -0.3411014
vn -0.6419148 0.6132706 -0.4602656
vn -0.32821 0.9423988 0.06451962
vn -0.2274934 0.7992038 0.5563452
vn -0.1511763 0.6325395 0.7596313
vn -0.6997272 0.6656702 -0.259355
vn -0.802854 0.488544 -0.3416873
vn -0.5215032 0.8442476 0.1236146
vn -0.3904675 0.7139277 0.5812421
vn -0.2745378 0.573693 0.77169
vn -0.8462625 0.5021176 -0.1780946
vn -0.9250273 0.3035272 -0.2284639
vn -0.6973126 0.7020828 0.1443434
vn -0.5655704 0.6115009 0.5533505
vn -0.4329836 0.5197828 0.7364449
vn -0.9501064 0.2883798 -0.1188906
vn -0.9752293 0.1535539 -0.1592136
vn -0.9822597 0.1714999 -0.0758531
vn -0.8437089 0.5202255 0.1323656
vn -0.7497514 0.4761226 0.4595433
vn -0.6260372 0.443571 0.6413441
vn -0.9489943 0.3034054 0.08576116
vn -0.9799513 0.186261 0.07072752
vn -0.9069538 0.2797467 0.3149233
vn -0.8311864 0.2902318 0.4742307
vn -0.958101 0.1681325 0.2318922
vn -0.9293984 0.1380951 0.3422696
vn 0.7310789 0.5942936 -0.3351697
vn 0.775888 0.5698257 -0.2707332
vn 0.7207265 0.6839195 -0.1131703
vn 0.6886626 0.6845311 -0.2390836
vn 0.654337 0.6106434 -0.4460466
vn 0.6166043 0.7735108 0.1465612
vn 0.5797157 0.7099687 -0.3998428
vn 0.5746988 0.5832021 -0.574105
vn 0.5691103 0.8215799 -0.03346567
vn 0.5093147 0.7874997 0.3470487
vn 0.4495727 0.676704 -0.5830575
vn 0.5124353 0.5306603 -0.6751367
vn 0.2986473 0.6806604 -0.6689628
vn 0.4384651 0.8827874 0.1686261
vn 0.4018001 0.7817318 0.4769194
vn 0.4092071 0.8668901 -0.2846946
vn 0.196271 0.8208881 -0.5363025
vn 0.02552492 0.7667426 -0.641447
vn 0.290806 0.9027193 0.3170643
vn 0.2660413 0.7697232 0.5803002
vn 0.2137458 0.9623393 -0.1679756
vn -0.04596485 0.8802085 -0.472356
vn -0.2103622 0.7750929 -0.5958009
vn 0.1288529 0.8815971 0.4540743
vn 0.09802085 0.7537974 0.6497549
vn 0.01635339 0.9992949 -0.03379927
vn -0.2670015 0.8851997 -0.3809616
vn -0.4097219 0.7433003 -0.5288032
vn -0.07051664 0.834126 0.5470477
vn -0.1397199 0.7002524 0.7000892
vn -0.1613973 0.97895 0.1249313
vn -0.4441367 0.8548287 -0.2683476
vn -0.5551802 0.6955431 -0.4560646
vn -0.3356577 0.7150899 0.6131724
vn -0.3971146 0.5461038 0.7376115
vn -0.4830824 0.6406117 0.5968652
vn -0.3455108 0.9079719 0.2370849
vn -0.5976269 0.7850264 -0.1630205
vn -0.6478926 0.6691582 -0.3639541
vn -0.5183238 0.7768661 0.3575187
vn -0.5960389 0.6798301 0.4272806
vn -0.6921467 0.7115225 0.1211146
vn -0.7548503 0.6430473 -0.1291943
vn -0.7198675 0.6369979 0.2757252
vn -0.8117883 0.5583357 0.1710589
vn 0.8136339 0.2945781 0.5012221
vn 0.757671 0.2622291 0.5976375
vn 0.5856945 0.4574553 0.6691014
vn 0.7112368 0.441576 0.5469487
vn 0.8860436 0.3168129 0.3384618
vn 0.340897 0.6405007 0.6881484
vn 0.8216456 0.4714204 0.3204081
vn 0.9437699 0.2899584 0.1588157
vn 0.4670041 0.678145 0.5674738
vn 0.1294849 0.7600217 0.6368678
vn 0.8981922 0.4358426 0.05737634
vn 0.9702728 0.2409317 0.02285993
vn 0.8831319 0.4526592 -0.1231976
vn 0.2290732 0.8408322 0.4904353
vn -0.08535332 0.848953 0.5215301
vn 0.6352771 0.7289923 0.2549378
vn 0.7261733 0.680355 -0.09894219
vn 0.7152607 0.6308864 -0.3006403
vn -0.02487627 0.9325558 0.3601678
vn -0.3081886 0.8851753 0.3485462
vn 0.397433 0.9054071 0.1492818
vn 0.5114331 0.8255289 -0.2386174
vn 0.531407 0.7297547 -0.4301915
vn -0.2801871 0.9440737 0.1738389
vn -0.5345535 0.835806 0.1252239
vn 0.1231953 0.9922823 0.01409991
vn 0.2583099 0.9013789 -0.3475517
vn 0.3207376 0.790852 -0.5212299
vn -0.5250794 0.8503951 -0.03346571
vn -0.7374885 0.6667991 -0.1071897
vn -0.1595552 0.9775373 -0.137706
vn -0.01479608 0.8942037 -0.4474157
vn 0.07937091 0.8062925 -0.5861679
vn -0.731205 0.6432554 -0.2270723
vn -0.837339 0.4873479 -0.2477003
vn -0.8021389 0.505732 -0.3175033
vn -0.4254941 0.8604018 -0.2804703
vn -0.2986324 0.8052329 -0.5122681
vn -0.1906729 0.7599389 -0.6213989
vn -0.6528422 0.6501926 -0.3886473
vn -0.7405466 0.5157613 -0.4307912
vn -0.5631409 0.6170285 -0.54968
vn -0.4720533 0.6179537 -0.628728
vn -0.6771124 0.4927092 -0.5465862
vn -0.6340587 0.4621665 -0.6199772
vn -0.2736734 0.9290763 0.2488376
vn -0.4003704 0.8659089 0.2998422
vn -0.5225592 0.8471802 0.09600832
vn -0.3646268 0.9223185 0.1279685
vn -0.07633751 0.9752541 0.2074899
vn -0.6255037 0.7732546 -0.1040318
vn -0.08705883 0.9932809 0.07624768
vn 0.1392958 0.9648378 0.2229008
vn -0.4666831 0.8766422 -0.1170695
vn -0.6636831 0.6985903 -0.2673882
vn 0.2228685 0.9715605 0.07999837
vn 0.3107857 0.9114674 0.2695171
vn 0.4096577 0.9122378 -0.001700416
vn -0.5032032 0.8014334 -0.3232507
vn -0.6448007 0.6236112 -0.4419743
vn -0.1029826 0.979557 -0.1728078
vn 0.3028682 0.9316098 -0.2009328
vn 0.5070285 0.8316114 -0.2265934
vn -0.4742354 0.7059318 -0.5260808
vn -0.5831248 0.5195829 -0.6244991
vn -0.1081678 0.9115111 -0.3967963
vn 0.3410951 0.8513612 -0.3985452
vn 0.5512434 0.7474731 -0.3706948
vn -0.4228643 0.5642214 -0.7091122
vn -0.4934584 0.3615169 -0.791078
vn -0.08400171 0.7925949 -0.6039347
vn 0.340323 0.742498 -0.5769549
vn 0.5437635 0.6640741 -0.5131539
vn -0.3609085 0.3734143 -0.8545799
vn -0.3955683 0.1526331 -0.9056649
vn -0.08333529 0.6231175 -0.7776758
vn 0.2952333 0.5997087 -0.7437652
vn 0.4880892 0.5636158 -0.6664129
vn -0.3041393 0.1376636 -0.9426283
vn -0.3270609 -0.006947995 -0.9449778
vn -0.2590373 0.01376709 -0.9657692
vn -0.09930406 0.4111843 -0.906127
vn 0.1975232 0.4127051 -0.8891901
vn 0.3784364 0.4260075 -0.8217686
vn -0.1323485 0.1655725 -0.9772767
vn -0.1365313 0.03753221 -0.9899245
vn 0.07017004 0.1682311 -0.9832469
vn 0.2168294 0.2090206 -0.9535698
vn 0.004229941 0.03676368 -0.999315
vn 0.1053671 0.02287682 -0.9941702
vn -0.09703986 0.9706033 0.2202554
vn -0.1489587 0.9442208 0.2936974
vn -0.3101291 0.929073 0.2016017
vn -0.2092296 0.9643578 0.1619785
vn -0.001779886 0.9924898 0.1223142
vn -0.4842773 0.8705697 0.08708531
vn -0.07506671 0.9966969 0.03098803
vn 0.1232158 0.9911966 0.04844619
vn -0.3937699 0.9189888 0.02012198
vn -0.6071761 0.7937855 -0.0352392
vn 0.09347071 0.992204 -0.08242915
vn 0.2293175 0.9733078 0.009235358
vn 0.1624886 0.9669213 -0.196623
vn -0.5280008 0.8398114 -0.1262223
vn -0.6926241 0.6975637 -0.1835123
vn -0.2124956 0.9662939 -0.1453334
vn -0.001598924 0.9505783 -0.3104807
vn 0.09938515 0.9077027 -0.4076743
vn -0.6180921 0.7311903 -0.2886574
vn -0.7467846 0.5700715 -0.3425364
vn -0.332186 0.8907647 -0.3101462
vn -0.09152086 0.8706107 -0.4833848
vn 0.03391774 0.8282469 -0.5593359
vn -0.6806425 0.5850152 -0.4410022
vn -0.7719424 0.4031656 -0.4914901
vn -0.4266161 0.7726346 -0.470143
vn -0.1921456 0.7565836 -0.6250291
vn -0.06013905 0.7282177 -0.6827023
vn -0.7173641 0.4028697 -0.5684055
vn -0.7685418 0.2045757 -0.6062115
vn -0.5145888 0.6142911 -0.5982014
vn -0.3043624 0.6084438 -0.7329118
vn -0.1771378 0.60211 -0.7785151
vn -0.730216 0.1899062 -0.6562927
vn -0.7501636 0.06667456 -0.6578823
vn -0.71878 0.07793836 -0.6908553
vn -0.5895147 0.4225687 -0.6884098
vn -0.4277363 0.4258986 -0.7972779
vn -0.3136819 0.4455639 -0.8384966
vn -0.6461864 0.2051008 -0.7351032
vn -0.6581914 0.0914114 -0.7472804
vn -0.5407069 0.2070909 -0.8153216
vn -0.4572267 0.2395001 -0.8564949
vn -0.5849329 0.09095873 -0.8059652
vn -0.5322416 0.08356992 -0.8424577
vn 0.6565457 0.04091359 -0.7531759
vn 0.5175686 0.1768474 -0.8371665
vn 0.5985662 0.03006329 -0.800509
vn 0.6122993 0.1402194 -0.7780926
vn 0.7311029 0.04077489 -0.6810477
vn 0.3793894 0.3600425 -0.8523104
vn 0.7233828 0.1370209 -0.6767147
vn 0.7922117 0.01994035 -0.6099205
vn 0.5025855 0.3331506 -0.7977585
vn 0.2549991 0.4964074 -0.8297923
vn 0.8106412 0.1139143 -0.5743555
vn 0.8251081 0.000773324 -0.5649744
vn 0.8524008 0.1283208 -0.506899
vn 0.4028619 0.4970786 -0.7685149
vn 0.1595675 0.6051348 -0.779968
vn 0.6764273 0.3236365 -0.6615932
vn 0.8123882 0.2955019 -0.5026968
vn 0.8685536 0.2920112 -0.40043
vn 0.3079578 0.6302308 -0.7127209
vn 0.09013192 0.7027102 -0.705744
vn 0.6313149 0.4922196 -0.5993008
vn 0.8000423 0.4508878 -0.3957682
vn 0.8619053 0.4307541 -0.2675259
vn 0.2414407 0.7475289 -0.6187949
vn 0.05144831 0.7919648 -0.6083953
vn 0.5730384 0.6385454 -0.5136991
vn 0.7658399 0.5820634 -0.2732975
vn 0.8285338 0.5418583 -0.1411436
vn 0.1694322 0.8455612 -0.5062796
vn 0.03399497 0.8983632 -0.4379359
vn 0.5047767 0.762272 -0.4051443
vn 0.6989295 0.6964456 -0.1626686
vn 0.7678294 0.6395114 -0.03825221
vn 0.1346806 0.9440122 -0.3011678
vn 0.0158447 0.9753944 -0.2198973
vn 0.1263909 0.9765509 -0.1742807
vn 0.4173526 0.86011 -0.2933045
vn 0.6000013 0.7972853 -0.06583882
vn 0.6791256 0.7334234 0.02964024
vn 0.3064965 0.9369268 -0.1680124
vn 0.2465257 0.9649748 -0.08971379
vn 0.4324312 0.9016653 0.001715213
vn 0.5347232 0.8413367 0.07889017
vn 0.3290331 0.9439666 0.0257729
vn 0.3690698 0.9210326 0.1244446
vn -0.9101254 -0.02420084 0.4136254
vn -0.9446786 -0.04198895 0.3252986
vn -0.9737768 0.09834468 0.2051517
vn -0.9357409 0.07267848 0.3451184
vn -0.8460665 -0.01643224 0.532824
vn -0.962467 0.2705502 0.02144773
vn -0.8504062 0.08058845 0.5199182
vn -0.7732764 -0.03385176 0.6331648
vn -0.9455773 0.260119 0.1955036
vn -0.9126541 0.389495 -0.1239196
vn -0.7465091 0.06382933 0.6623065
vn -0.7243255 -0.05164945 0.6875208
vn -0.6756963 0.07990899 0.7328364
vn -0.9053687 0.4167712 0.08129801
vn -0.849858 0.4805862 -0.216283
vn -0.8447727 0.2685578 0.4628562
vn -0.685532 0.2509473 0.6834263
vn -0.5723518 0.249316 0.7811882
vn -0.8406981 0.541418 -0.009658961
vn -0.7784963 0.5697369 -0.2633314
vn -0.7883323 0.4417278 0.4282624
vn -0.5807579 0.4107227 0.7028707
vn -0.4336507 0.3878186 0.8133534
vn -0.7499615 0.6597139 -0.04832525
vn -0.6949723 0.6689934 -0.2635553
vn -0.7031842 0.593729 0.3911749
vn -0.4545388 0.5442868 0.705086
vn -0.2993566 0.4942861 0.8161292
vn -0.6383272 0.7654853 -0.08106036
vn -0.5415478 0.8138537 -0.2106377
vn -0.5905918 0.7253318 0.3536879
vn -0.3384828 0.6608726 0.6698335
vn -0.1922472 0.5886635 0.7851856
vn -0.4352997 0.8995316 -0.03683743
vn -0.3246651 0.9349146 -0.1432737
vn -0.3039296 0.9526808 0.005116547
vn -0.4694664 0.8310737 0.2981909
vn -0.2352889 0.7677749 0.5959537
vn -0.1239254 0.6884686 0.7146003
vn -0.3264507 0.9187244 0.2222055
vn -0.2352398 0.9542126 0.1847715
vn -0.151881 0.8875344 0.4349884
vn -0.06885287 0.8151498 0.5751436
vn -0.1147206 0.9376894 0.3279906
vn -0.005521488 0.9125329 0.408966
vn 0.6010484 -0.272309 0.7513912
vn 0.7433994 -0.1514856 0.6514672
vn 0.65336 -0.2894454 0.6995299
vn 0.6601322 -0.1803543 0.729176
vn 0.5192626 -0.2601899 0.814044
vn 0.8337224 0.03466217 0.5510949
vn 0.5431932 -0.1669618 0.8228396
vn 0.4351755 -0.2662122 0.8600891
vn 0.7521779 0.009996023 0.6588843
vn 0.8730406 0.1861648 0.4507138
vn 0.4242088 -0.1690436 0.8896466
vn 0.3814348 -0.2749585 0.8825561
vn 0.3568795 -0.1404091 0.923538
vn 0.7882342 0.1864243 0.5864578
vn 0.8736385 0.3160983 0.3699155
vn 0.5891373 0.01991042 0.8077877
vn 0.4064744 0.02392137 0.913349
vn 0.2987131 0.04431084 0.9533136
vn 0.7898535 0.3411694 0.509642
vn 0.8433571 0.4395407 0.309116
vn 0.5852636 0.2037416 0.7848287
vn 0.3508224 0.2045693 0.9138244
vn 0.2129122 0.2163436 0.9528189
vn 0.7459014 0.4888174 0.4524253
vn 0.7833081 0.558174 0.2736243
vn 0.5556702 0.3752536 0.7418999
vn 0.2778375 0.3698188 0.8865892
vn 0.1305372 0.3637028 0.9223233
vn 0.6801006 0.6245702 0.3838949
vn 0.6551286 0.7123531 0.2517135
vn 0.500017 0.5336109 0.6820869
vn 0.2173964 0.5198001 0.8261638
vn 0.07163028 0.4947522 0.866077
vn 0.5202166 0.7839015 0.3389291
vn 0.4740755 0.8532295 0.2173752
vn 0.4110408 0.8539819 0.3189991
vn 0.4376342 0.6709437 0.5985907
vn 0.1721168 0.6569089 0.7340617
vn 0.04985314 0.6152811 0.7867298
vn 0.361061 0.7954618 0.4866985
vn 0.3059828 0.8532336 0.4223351
vn 0.1680524 0.7972855 0.5797364
vn 0.05977053 0.7505198 0.6581395
vn 0.1760646 0.8577007 0.4830638
vn 0.06928244 0.8606906 0.5043924
vn -0.1013728 -0.2483069 -0.9633625
vn -0.05339871 -0.254883 -0.9654964
vn 0.003774687 -0.164406 -0.9863855
vn -0.06697506 -0.1840925 -0.9806244
vn -0.1718879 -0.2451702 -0.9541206
vn 0.08615287 -0.03269332 -0.9957454
vn -0.1670234 -0.1824289 -0.9689288
vn -0.2350249 -0.2521192 -0.9387221
vn 0.0004394916 -0.052476 -0.9986221
vn 0.1465264 0.08376841 -0.9856536
vn -0.2562859 -0.1883062 -0.9480814
vn -0.2705431 -0.2587911 -0.9272721
vn -0.3049023 -0.1759764 -0.9359844
vn 0.04329408 0.07309102 -0.9963852
vn 0.1786399 0.190501 -0.9652964
vn -0.1475795 -0.05624425 -0.9874497
vn -0.2853522 -0.06108634 -0.956474
vn -0.3567198 -0.05299082 -0.9327074
vn 0.0694686 0.1897779 -0.9793664
vn 0.1841035 0.2935981 -0.938033
vn -0.1475479 0.06836671 -0.9866893
vn -0.3223439 0.06110625 -0.9446483
vn -0.4093983 0.06622709 -0.9099489
vn 0.06601053 0.3025459 -0.9508463
vn 0.1596851 0.3901617 -0.9067935
vn -0.1525069 0.1885813 -0.9701437
vn -0.3553657 0.1787743 -0.917472
vn -0.4473165 0.1769189 -0.8767027
vn 0.05293565 0.4115807 -0.9098346
vn 0.09067945 0.5044602 -0.8586601
vn -0.1619108 0.3049252 -0.9385124
vn -0.3675101 0.2927547 -0.8827407
vn -0.4602865 0.2825529 -0.8416057
vn -0.01528319 0.532786 -0.8461121
vn 0.009691027 0.6060875 -0.7953389
vn -0.06325618 0.591748 -0.8036373
vn -0.1642452 0.4144558 -0.8951256
vn -0.3560112 0.404148 -0.8425677
vn -0.4407608 0.3835943 -0.8115327
vn -0.1614263 0.5236093 -0.8365254
vn -0.1635965 0.5793805 -0.79847
vn -0.2996811 0.5234945 -0.7975869
vn -0.3830866 0.4965142 -0.7789212
vn -0.2590381 0.5819739 -0.7708474
vn -0.3210103 0.5893055 -0.7413983
vn -0.4287709 -0.2183796 0.8766218
vn -0.3339493 -0.1474807 0.9309819
vn -0.3864931 -0.2280605 0.8936507
vn -0.3975769 -0.1599276 0.9035241
vn -0.4902997 -0.2100971 0.8458519
vn -0.2513462 -0.02907768 0.9674604
vn -0.4851519 -0.1508342 0.8613225
vn -0.5439689 -0.2118452 0.8119233
vn -0.3314595 -0.04038357 0.9426048
vn -0.1840759 0.07701657 0.97989
vn -0.560825 -0.1495931 0.8143079
vn -0.5732942 -0.2153781 0.7905353
vn -0.600359 -0.1349709 0.7882587
vn -0.2820614 0.07529453 0.9564372
vn -0.1405195 0.176378 0.9742407
vn -0.4633773 -0.03258817 0.8855617
vn -0.5800268 -0.02676546 0.8141576
vn -0.637151 -0.0142526 0.7706072
vn -0.2446572 0.1841256 0.9519667
vn -0.1198354 0.274536 0.9540805
vn -0.4535752 0.08546939 0.8871102
vn -0.6009288 0.09186527 0.7940059
vn -0.6694313 0.102846 0.7357204
vn -0.230937 0.2916423 0.9282311
vn -0.1262325 0.3691284 0.9207658
vn -0.4443406 0.1998245 0.8732879
vn -0.6141447 0.2060282 0.7618259
vn -0.6860412 0.2110959 0.6962658
vn -0.2233362 0.3966373 0.8903931
vn -0.1675328 0.4835811 0.8591171
vn -0.4350007 0.311008 0.8450139
vn -0.6066446 0.3153351 0.7297575
vn -0.6797839 0.3129684 0.6632832
vn -0.2578958 0.517136 0.816125
vn -0.2154024 0.5852555 0.7817146
vn -0.2846029 0.5773172 0.7653143
vn -0.4164735 0.4155477 0.8086223
vn -0.5761383 0.4206318 0.7008092
vn -0.6455336 0.4083397 0.645403
vn -0.389013 0.5196341 0.76069
vn -0.3757861 0.5732331 0.7281405
vn -0.5035256 0.5300905 0.6822507
vn -0.5749797 0.5119268 0.6382236
vn -0.4549071 0.5830931 0.6730987
vn -0.5019313 0.5947146 0.6279964
vt 0.9999987 0.1348855
vt 0.8749988 0.1110346
vt 0.9999988 0.1110346
vt 0.8749988 0.1348855
vt 0.9999988 0.1664122
vt 0.7499988 0.1110346
vt 0.8749988 0.1664122
vt 0.9999988 0.257342
vt 0.7499988 0.1348855
vt 0.6249988 0.1110346
vt 0.8749988 0.257342
vt 0.9999988 0.3231528
vt 0.6249988 0.1348855
vt 0.4999988 0.1110346
vt 0.7499988 0.1664122
vt 0.8749988 0.3231528
vt 0.9999988 0.3825888
vt 0.4999988 0.1348855
vt 0.3749988 0.1110346
vt 0.7499988 0.257342
vt 0.6249989 0.1664122
vt 0.8749988 0.3825888
vt 0.9999988 0.4937144
vt 0.3749988 0.1348855
vt 0.2499988 0.1110346
vt 0.7499988 0.3231528
vt 0.6249988 0.2573419
vt 0.4999988 0.1664122
vt 0.8749988 0.4937143
vt 0.9999987 0.6528928
vt 0.2499988 0.1348855
vt 0.1249988 0.1110346
vt 0.7499988 0.3825888
vt 0.6249988 0.3231528
vt 0.4999988 0.2573419
vt 0.3749988 0.1664122
vt 0.8749987 0.6528928
vt 0.9999988 0.7373101
vt 0.1249988 0.1348855
vt -1.192093E-06 0.1110346
vt -1.192093E-06 0.1348854
vt 0.2499988 0.1664122
vt 0.1249988 0.1664122
vt -1.192093E-06 0.1664121
vt 0.3749988 0.2573419
vt 0.2499988 0.2573419
vt 0.1249988 0.2573419
vt -1.192093E-06 0.2573419
vt 0.4999988 0.3231528
vt 0.3749988 0.3231528
vt 0.1249987 0.3231528
vt -1.251698E-06 0.3231528
vt 0.2499988 0.3231528
vt 0.6249988 0.3825887
vt 0.1249988 0.3825887
vt -1.192093E-06 0.3825887
vt 0.4999988 0.3825887
vt 0.2499988 0.3825887
vt 0.3749988 0.3825887
vt 0.7499987 0.4937143
vt 0.1249988 0.4937143
vt -1.192093E-06 0.4937143
vt 0.6249987 0.4937143
vt 0.4999988 0.4937143
vt 0.2499988 0.4937143
vt 0.3749987 0.4937143
vt 0.7499987 0.6528928
vt 0.1249987 0.6528927
vt -1.192093E-06 0.6528927
vt 0.6249987 0.6528928
vt 0.4999987 0.6528928
vt 0.2499987 0.6528927
vt 0.3749987 0.6528928
vt 0.8850426 0.7373769
vt 0.9999988 0.8289756
vt 0.760235 0.7373797
vt 0.8918783 0.8290044
vt 0.9999987 0.8561225
vt 0.6355293 0.7373837
vt 0.7672013 0.8290056
vt 0.8749987 0.8561225
vt 0.5107522 0.7373868
vt 0.6426962 0.8290073
vt 0.7499987 0.8561225
vt 0.3857738 0.7373872
vt 0.5180707 0.8290088
vt 0.6249987 0.8561225
vt 0.2605815 0.7373844
vt 0.3931071 0.8290088
vt 0.4999987 0.8561225
vt 0.1352879 0.7373803
vt 0.02081794 0.7375942
vt 0.2677838 0.8290076
vt 0.3749987 0.8561225
vt 0.1422905 0.8290059
vt 0.2499987 0.8561225
vt 0.03498682 0.8290949
vt 0.1249987 0.8561225
vt 0.4052001 0.2061146
vt 0.4377443 0.3014088
vt 0.4068013 0.2061146
vt 0.4195935 0.3014088
vt 0.4035989 0.2061146
vt 0.4697729 0.3967031
vt 0.4014428 0.3014088
vt 0.4011016 0.2061146
vt 0.4348931 0.3967031
vt 0.4989658 0.4919973
vt 0.3759105 0.3014088
vt 0.3986044 0.2061146
vt 0.3503782 0.3014088
vt 0.4472198 0.4919974
vt 0.5075001 0.5872915
vt 0.4000132 0.3967031
vt 0.3569473 0.3967031
vt 0.3138814 0.396703
vt 0.4508496 0.5872915
vt 0.5064325 0.6825857
vt 0.3954737 0.4919973
vt 0.3437417 0.4919973
vt 0.2920098 0.4919973
vt 0.4525249 0.6825857
vt 0.4968253 0.77788
vt 0.394199 0.5872915
vt 0.3350545 0.5872915
vt 0.2759099 0.5872915
vt 0.4459422 0.77788
vt 0.4594635 0.8731742
vt 0.3986173 0.6825857
vt 0.3324337 0.6825857
vt 0.26625 0.6825857
vt 0.4251263 0.8731742
vt 0.3964823 0.9684684
vt 0.3932799 0.9684684
vt 0.395059 0.77788
vt 0.3306545 0.77788
vt 0.26625 0.77788
vt 0.3907891 0.8731742
vt 0.3900775 0.9684684
vt 0.3601032 0.8731741
vt 0.3294175 0.8731742
vt 0.3870487 0.9684684
vt 0.38402 0.9684684
vt 0.1586778 0
vt 0.2291188 0.1027027
vt 0.1653511 0
vt 0.1913031 0.1027027
vt 0.1520044 0
vt 0.2847302 0.2054054
vt 0.1534874 0.1027027
vt 0.1449945 0
vt 0.220221 0.2054054
vt 0.2891791 0.3081081
vt 0.1077363 0.1027027
vt 0.1379846 0
vt 0.06198526 0.1027027
vt 0.221704 0.3081081
vt 0.2847302 0.4108109
vt 0.1557118 0.2054054
vt 0.08744954 0.2054054
vt 0.01918724 0.2054054
vt 0.2172551 0.4108108
vt 0.2599661 0.5135136
vt 0.1542289 0.3081081
vt 0.07711443 0.3081081
vt 0 0.3081081
vt 0.2011839 0.5135136
vt 0.2281591 0.6162163
vt 0.1497799 0.4108108
vt 0.07667308 0.4108108
vt 0.003566204 0.4108108
vt 0.1815912 0.6162163
vt 0.1833894 0.7189189
vt 0.1424016 0.5135136
vt 0.0778034 0.5135136
vt 0.01320518 0.5135135
vt 0.1580996 0.718919
vt 0.1326854 0.8216217
vt 0.130903 0.8216217
vt 0.1350233 0.6162163
vt 0.08764045 0.6162163
vt 0.0402576 0.6162162
vt 0.1328098 0.7189189
vt 0.1291206 0.8216217
vt 0.1047841 0.7189189
vt 0.07675833 0.7189189
vt 0.1278722 0.8216217
vt 0.1266238 0.8216217
vt 0.6511029 0.006306318
vt 0.7141718 0.1233108
vt 0.6551024 0.006306318
vt 0.680062 0.1233108
vt 0.6471034 0.006306318
vt 0.7480136 0.2403153
vt 0.6459523 0.1233108
vt 0.644642 0.006306318
vt 0.6965255 0.2403153
vt 0.7553973 0.3573198
vt 0.6083768 0.1233108
vt 0.6421807 0.006306318
vt 0.5708013 0.1233108
vt 0.6997754 0.3573198
vt 0.7473946 0.4743243
vt 0.6450373 0.2403153
vt 0.5860746 0.2403153
vt 0.5271119 0.2403153
vt 0.6926342 0.4743243
vt 0.7302666 0.5913289
vt 0.6441536 0.3573198
vt 0.5785562 0.3573198
vt 0.5129589 0.3573198
vt 0.6840701 0.5913288
vt 0.7088185 0.7083334
vt 0.6378739 0.4743243
vt 0.5772624 0.4743243
vt 0.516651 0.4743243
vt 0.6748244 0.7083334
vt 0.6876708 0.8253379
vt 0.6378739 0.5913289
vt 0.5834231 0.5913289
vt 0.5289723 0.5913289
vt 0.6686856 0.8253379
vt 0.6537653 0.9423423
vt 0.6509935 0.9423423
vt 0.6408303 0.7083334
vt 0.5986992 0.7083334
vt 0.5565683 0.7083334
vt 0.6497002 0.8253379
vt 0.6482217 0.9423423
vt 0.6244463 0.8253379
vt 0.5991923 0.8253379
vt 0.6450276 0.9423424
vt 0.6418334 0.9423424
vt 0.4052001 0.2061146
vt 0.4068013 0.2061146
vt 0.4377443 0.3014088
vt 0.4195935 0.3014088
vt 0.4035989 0.2061146
vt 0.4697729 0.3967031
vt 0.4014428 0.3014088
vt 0.4011016 0.2061146
vt 0.4348931 0.3967031
vt 0.4989658 0.4919973
vt 0.3759105 0.3014088
vt 0.3986044 0.2061146
vt 0.3503782 0.3014088
vt 0.4472198 0.4919974
vt 0.5075001 0.5872915
vt 0.4000132 0.3967031
vt 0.3569473 0.3967031
vt 0.3138814 0.396703
vt 0.4508496 0.5872915
vt 0.5064325 0.6825857
vt 0.3954737 0.4919973
vt 0.3437417 0.4919973
vt 0.2920098 0.4919973
vt 0.4525249 0.6825857
vt 0.4968253 0.77788
vt 0.394199 0.5872915
vt 0.3350545 0.5872915
vt 0.2759099 0.5872915
vt 0.4459422 0.77788
vt 0.4594635 0.8731742
vt 0.3986173 0.6825857
vt 0.3324337 0.6825857
vt 0.26625 0.6825857
vt 0.4251263 0.8731742
vt 0.3964823 0.9684684
vt 0.3932799 0.9684684
vt 0.395059 0.77788
vt 0.3306545 0.77788
vt 0.26625 0.77788
vt 0.3907891 0.8731742
vt 0.3900775 0.9684684
vt 0.3601032 0.8731741
vt 0.3294175 0.8731742
vt 0.3870487 0.9684684
vt 0.38402 0.9684684
vt 0.1586778 0
vt 0.1653511 0
vt 0.2291188 0.1027027
vt 0.1913031 0.1027027
vt 0.1520044 0
vt 0.2847302 0.2054054
vt 0.1534874 0.1027027
vt 0.1449945 0
vt 0.220221 0.2054054
vt 0.2891791 0.3081081
vt 0.1077363 0.1027027
vt 0.1379846 0
vt 0.06198526 0.1027027
vt 0.221704 0.3081081
vt 0.2847302 0.4108109
vt 0.1557118 0.2054054
vt 0.08744954 0.2054054
vt 0.01918724 0.2054054
vt 0.2172551 0.4108108
vt 0.2599661 0.5135136
vt 0.1542289 0.3081081
vt 0.07711443 0.3081081
vt 0 0.3081081
vt 0.2011839 0.5135136
vt 0.2281591 0.6162163
vt 0.1497799 0.4108108
vt 0.07667308 0.4108108
vt 0.003566204 0.4108108
vt 0.1815912 0.6162163
vt 0.1833894 0.7189189
vt 0.1424016 0.5135136
vt 0.0778034 0.5135136
vt 0.01320518 0.5135135
vt 0.1580996 0.718919
vt 0.1326854 0.8216217
vt 0.130903 0.8216217
vt 0.1350233 0.6162163
vt 0.08764045 0.6162163
vt 0.0402576 0.6162162
vt 0.1328098 0.7189189
vt 0.1291206 0.8216217
vt 0.1047841 0.7189189
vt 0.07675833 0.7189189
vt 0.1278722 0.8216217
vt 0.1266238 0.8216217
vt 0.6511029 0.006306318
vt 0.6551024 0.006306318
vt 0.7141718 0.1233108
vt 0.680062 0.1233108
vt 0.6471034 0.006306318
vt 0.7480136 0.2403153
vt 0.6459523 0.1233108
vt 0.644642 0.006306318
vt 0.6965255 0.2403153
vt 0.7553973 0.3573198
vt 0.6083768 0.1233108
vt 0.6421807 0.006306318
vt 0.5708013 0.1233108
vt 0.6997754 0.3573198
vt 0.7473946 0.4743243
vt 0.6450373 0.2403153
vt 0.5860746 0.2403153
vt 0.5271119 0.2403153
vt 0.6926342 0.4743243
vt 0.7302666 0.5913289
vt 0.6441536 0.3573198
vt 0.5785562 0.3573198
vt 0.5129589 0.3573198
vt 0.6840701 0.5913288
vt 0.7088185 0.7083334
vt 0.6378739 0.4743243
vt 0.5772624 0.4743243
vt 0.516651 0.4743243
vt 0.6748244 0.7083334
vt 0.6876708 0.8253379
vt 0.6378739 0.5913289
vt 0.5834231 0.5913289
vt 0.5289723 0.5913289
vt 0.6686856 0.8253379
vt 0.6537653 0.9423423
vt 0.6509935 0.9423423
vt 0.6408303 0.7083334
vt 0.5986992 0.7083334
vt 0.5565683 0.7083334
vt 0.6497002 0.8253379
vt 0.6482217 0.9423423
vt 0.6244463 0.8253379
vt 0.5991923 0.8253379
vt 0.6450276 0.9423424
vt 0.6418334 0.9423424
vt 0.1586778 0
vt 0.2291188 0.1027027
vt 0.1653511 0
vt 0.1913031 0.1027027
vt 0.1520044 0
vt 0.2847302 0.2054054
vt 0.1534874 0.1027027
vt 0.1449945 0
vt 0.220221 0.2054054
vt 0.2891791 0.3081081
vt 0.1077363 0.1027027
vt 0.1379846 0
vt 0.06198526 0.1027027
vt 0.221704 0.3081081
vt 0.2847302 0.4108109
vt 0.1557118 0.2054054
vt 0.08744954 0.2054054
vt 0.01918724 0.2054054
vt 0.2172551 0.4108108
vt 0.2599661 0.5135136
vt 0.1542289 0.3081081
vt 0.07711443 0.3081081
vt 0 0.3081081
vt 0.2011839 0.5135136
vt 0.2281591 0.6162163
vt 0.1497799 0.4108108
vt 0.07667308 0.4108108
vt 0.003566204 0.4108108
vt 0.1815912 0.6162163
vt 0.1833894 0.7189189
vt 0.1424016 0.5135136
vt 0.0778034 0.5135136
vt 0.01320518 0.5135135
vt 0.1580996 0.718919
vt 0.1326854 0.8216217
vt 0.130903 0.8216217
vt 0.1350233 0.6162163
vt 0.08764045 0.6162163
vt 0.0402576 0.6162162
vt 0.1328098 0.7189189
vt 0.1291206 0.8216217
vt 0.1047841 0.7189189
vt 0.07675833 0.7189189
vt 0.1278722 0.8216217
vt 0.1266238 0.8216217
vt 0.4052001 0.2061146
vt 0.4377443 0.3014088
vt 0.4068013 0.2061146
vt 0.4195935 0.3014088
vt 0.4035989 0.2061146
vt 0.4697729 0.3967031
vt 0.4014428 0.3014088
vt 0.4011016 0.2061146
vt 0.4348931 0.3967031
vt 0.4989658 0.4919973
vt 0.3759105 0.3014088
vt 0.3986044 0.2061146
vt 0.3503782 0.3014088
vt 0.4472198 0.4919974
vt 0.5075001 0.5872915
vt 0.4000132 0.3967031
vt 0.3569473 0.3967031
vt 0.3138814 0.396703
vt 0.4508496 0.5872915
vt 0.5064325 0.6825857
vt 0.3954737 0.4919973
vt 0.3437417 0.4919973
vt 0.2920098 0.4919973
vt 0.4525249 0.6825857
vt 0.4968253 0.77788
vt 0.394199 0.5872915
vt 0.3350545 0.5872915
vt 0.2759099 0.5872915
vt 0.4459422 0.77788
vt 0.4594635 0.8731742
vt 0.3986173 0.6825857
vt 0.3324337 0.6825857
vt 0.26625 0.6825857
vt 0.4251263 0.8731742
vt 0.3964823 0.9684684
vt 0.3932799 0.9684684
vt 0.395059 0.77788
vt 0.3306545 0.77788
vt 0.26625 0.77788
vt 0.3907891 0.8731742
vt 0.3900775 0.9684684
vt 0.3601032 0.8731741
vt 0.3294175 0.8731742
vt 0.3870487 0.9684684
vt 0.38402 0.9684684
vt 0.6511029 0.006306318
vt 0.7141718 0.1233108
vt 0.6551024 0.006306318
vt 0.680062 0.1233108
vt 0.6471034 0.006306318
vt 0.7480136 0.2403153
vt 0.6459523 0.1233108
vt 0.644642 0.006306318
vt 0.6965255 0.2403153
vt 0.7553973 0.3573198
vt 0.6083768 0.1233108
vt 0.6421807 0.006306318
vt 0.5708013 0.1233108
vt 0.6997754 0.3573198
vt 0.7473946 0.4743243
vt 0.6450373 0.2403153
vt 0.5860746 0.2403153
vt 0.5271119 0.2403153
vt 0.6926342 0.4743243
vt 0.7302666 0.5913289
vt 0.6441536 0.3573198
vt 0.5785562 0.3573198
vt 0.5129589 0.3573198
vt 0.6840701 0.5913288
vt 0.7088185 0.7083334
vt 0.6378739 0.4743243
vt 0.5772624 0.4743243
vt 0.516651 0.4743243
vt 0.6748244 0.7083334
vt 0.6876708 0.8253379
vt 0.6378739 0.5913289
vt 0.5834231 0.5913289
vt 0.5289723 0.5913289
vt 0.6686856 0.8253379
vt 0.6537653 0.9423423
vt 0.6509935 0.9423423
vt 0.6408303 0.7083334
vt 0.5986992 0.7083334
vt 0.5565683 0.7083334
vt 0.6497002 0.8253379
vt 0.6482217 0.9423423
vt 0.6244463 0.8253379
vt 0.5991923 0.8253379
vt 0.6450276 0.9423424
vt 0.6418334 0.9423424
vt 0.4052001 0.2061146
vt 0.4068013 0.2061146
vt 0.4377443 0.3014088
vt 0.4195935 0.3014088
vt 0.4035989 0.2061146
vt 0.4697729 0.3967031
vt 0.4014428 0.3014088
vt 0.4011016 0.2061146
vt 0.4348931 0.3967031
vt 0.4989658 0.4919973
vt 0.3759105 0.3014088
vt 0.3986044 0.2061146
vt 0.3503782 0.3014088
vt 0.4472198 0.4919974
vt 0.5075001 0.5872915
vt 0.4000132 0.3967031
vt 0.3569473 0.3967031
vt 0.3138814 0.396703
vt 0.4508496 0.5872915
vt 0.5064325 0.6825857
vt 0.3954737 0.4919973
vt 0.3437417 0.4919973
vt 0.2920098 0.4919973
vt 0.4525249 0.6825857
vt 0.4968253 0.77788
vt 0.394199 0.5872915
vt 0.3350545 0.5872915
vt 0.2759099 0.5872915
vt 0.4459422 0.77788
vt 0.4594635 0.8731742
vt 0.3986173 0.6825857
vt 0.3324337 0.6825857
vt 0.26625 0.6825857
vt 0.4251263 0.8731742
vt 0.3964823 0.9684684
vt 0.3932799 0.9684684
vt 0.395059 0.77788
vt 0.3306545 0.77788
vt 0.26625 0.77788
vt 0.3907891 0.8731742
vt 0.3900775 0.9684684
vt 0.3601032 0.8731741
vt 0.3294175 0.8731742
vt 0.3870487 0.9684684
vt 0.38402 0.9684684
vt 0.1586778 0
vt 0.1653511 0
vt 0.2291188 0.1027027
vt 0.1913031 0.1027027
vt 0.1520044 0
vt 0.2847302 0.2054054
vt 0.1534874 0.1027027
vt 0.1449945 0
vt 0.220221 0.2054054
vt 0.2891791 0.3081081
vt 0.1077363 0.1027027
vt 0.1379846 0
vt 0.06198526 0.1027027
vt 0.221704 0.3081081
vt 0.2847302 0.4108109
vt 0.1557118 0.2054054
vt 0.08744954 0.2054054
vt 0.01918724 0.2054054
vt 0.2172551 0.4108108
vt 0.2599661 0.5135136
vt 0.1542289 0.3081081
vt 0.07711443 0.3081081
vt 0 0.3081081
vt 0.2011839 0.5135136
vt 0.2281591 0.6162163
vt 0.1497799 0.4108108
vt 0.07667308 0.4108108
vt 0.003566204 0.4108108
vt 0.1815912 0.6162163
vt 0.1833894 0.7189189
vt 0.1424016 0.5135136
vt 0.0778034 0.5135136
vt 0.01320518 0.5135135
vt 0.1580996 0.718919
vt 0.1326854 0.8216217
vt 0.130903 0.8216217
vt 0.1350233 0.6162163
vt 0.08764045 0.6162163
vt 0.0402576 0.6162162
vt 0.1328098 0.7189189
vt 0.1291206 0.8216217
vt 0.1047841 0.7189189
vt 0.07675833 0.7189189
vt 0.1278722 0.8216217
vt 0.1266238 0.8216217
vt 0.6511029 0.006306318
vt 0.6551024 0.006306318
vt 0.7141718 0.1233108
vt 0.680062 0.1233108
vt 0.6471034 0.006306318
vt 0.7480136 0.2403153
vt 0.6459523 0.1233108
vt 0.644642 0.006306318
vt 0.6965255 0.2403153
vt 0.7553973 0.3573198
vt 0.6083768 0.1233108
vt 0.6421807 0.006306318
vt 0.5708013 0.1233108
vt 0.6997754 0.3573198
vt 0.7473946 0.4743243
vt 0.6450373 0.2403153
vt 0.5860746 0.2403153
vt 0.5271119 0.2403153
vt 0.6926342 0.4743243
vt 0.7302666 0.5913289
vt 0.6441536 0.3573198
vt 0.5785562 0.3573198
vt 0.5129589 0.3573198
vt 0.6840701 0.5913288
vt 0.7088185 0.7083334
vt 0.6378739 0.4743243
vt 0.5772624 0.4743243
vt 0.516651 0.4743243
vt 0.6748244 0.7083334
vt 0.6876708 0.8253379
vt 0.6378739 0.5913289
vt 0.5834231 0.5913289
vt 0.5289723 0.5913289
vt 0.6686856 0.8253379
vt 0.6537653 0.9423423
vt 0.6509935 0.9423423
vt 0.6408303 0.7083334
vt 0.5986992 0.7083334
vt 0.5565683 0.7083334
vt 0.6497002 0.8253379
vt 0.6482217 0.9423423
vt 0.6244463 0.8253379
vt 0.5991923 0.8253379
vt 0.6450276 0.9423424
vt 0.6418334 0.9423424
vt 0.6511029 0.006306318
vt 0.6551024 0.006306318
vt 0.7141718 0.1233108
vt 0.680062 0.1233108
vt 0.6471034 0.006306318
vt 0.7480136 0.2403153
vt 0.6459523 0.1233108
vt 0.644642 0.006306318
vt 0.6965255 0.2403153
vt 0.7553973 0.3573198
vt 0.6083768 0.1233108
vt 0.6421807 0.006306318
vt 0.5708013 0.1233108
vt 0.6997754 0.3573198
vt 0.7473946 0.4743243
vt 0.6450373 0.2403153
vt 0.5860746 0.2403153
vt 0.5271119 0.2403153
vt 0.6926342 0.4743243
vt 0.7302666 0.5913289
vt 0.6441536 0.3573198
vt 0.5785562 0.3573198
vt 0.5129589 0.3573198
vt 0.6840701 0.5913288
vt 0.7088185 0.7083334
vt 0.6378739 0.4743243
vt 0.5772624 0.4743243
vt 0.516651 0.4743243
vt 0.6748244 0.7083334
vt 0.6876708 0.8253379
vt 0.6378739 0.5913289
vt 0.5834231 0.5913289
vt 0.5289723 0.5913289
vt 0.6686856 0.8253379
vt 0.6537653 0.9423423
vt 0.6509935 0.9423423
vt 0.6408303 0.7083334
vt 0.5986992 0.7083334
vt 0.5565683 0.7083334
vt 0.6497002 0.8253379
vt 0.6482217 0.9423423
vt 0.6244463 0.8253379
vt 0.5991923 0.8253379
vt 0.6450276 0.9423424
vt 0.6418334 0.9423424
vt 0.8652519 0.05940559
vt 0.9090375 0.1761916
vt 0.8676009 0.05940559
vt 0.8851895 0.1761916
vt 0.8629029 0.05940559
vt 0.9538783 0.2929776
vt 0.8613412 0.1761916
vt 0.8603277 0.05940559
vt 0.9133278 0.2929776
vt 0.9773662 0.4097636
vt 0.8419496 0.1761916
vt 0.8577525 0.05940559
vt 0.822558 0.1761916
vt 0.9247584 0.4097637
vt 0.9953024 0.5265496
vt 0.8727772 0.2929776
vt 0.8360792 0.2929776
vt 0.7993813 0.2929776
vt 0.9332125 0.5265497
vt 0.9940213 0.6433357
vt 0.8721503 0.4097636
vt 0.8256796 0.4097636
vt 0.7792089 0.4097636
vt 0.9305178 0.6433356
vt 0.9897361 0.7601217
vt 0.8711227 0.5265497
vt 0.8154718 0.5265497
vt 0.7598209 0.5265497
vt 0.9274695 0.7601218
vt 0.9323773 0.8769077
vt 0.8670144 0.6433356
vt 0.8115232 0.6433357
vt 0.756032 0.6433357
vt 0.8986922 0.8769077
vt 0.8688684 0.9936936
vt 0.8643833 0.9936936
vt 0.8652026 0.7601217
vt 0.8121079 0.7601216
vt 0.7590134 0.7601218
vt 0.8650071 0.8769077
vt 0.8598984 0.9936936
vt 0.8330325 0.8769077
vt 0.8010579 0.8769077
vt 0.8575379 0.9936936
vt 0.8551772 0.9936936
vt 0.8652519 0.05940559
vt 0.8676009 0.05940559
vt 0.9090375 0.1761916
vt 0.8851895 0.1761916
vt 0.8629029 0.05940559
vt 0.9538783 0.2929776
vt 0.8613412 0.1761916
vt 0.8603277 0.05940559
vt 0.9133278 0.2929776
vt 0.9773662 0.4097636
vt 0.8419496 0.1761916
vt 0.8577525 0.05940559
vt 0.822558 0.1761916
vt 0.9247584 0.4097637
vt 0.9953024 0.5265496
vt 0.8727772 0.2929776
vt 0.8360792 0.2929776
vt 0.7993813 0.2929776
vt 0.9332125 0.5265497
vt 0.9940213 0.6433357
vt 0.8721503 0.4097636
vt 0.8256796 0.4097636
vt 0.7792089 0.4097636
vt 0.9305178 0.6433356
vt 0.9897361 0.7601217
vt 0.8711227 0.5265497
vt 0.8154718 0.5265497
vt 0.7598209 0.5265497
vt 0.9274695 0.7601218
vt 0.9323773 0.8769077
vt 0.8670144 0.6433356
vt 0.8115232 0.6433357
vt 0.756032 0.6433357
vt 0.8986922 0.8769077
vt 0.8688684 0.9936936
vt 0.8643833 0.9936936
vt 0.8652026 0.7601217
vt 0.8121079 0.7601216
vt 0.7590134 0.7601218
vt 0.8650071 0.8769077
vt 0.8598984 0.9936936
vt 0.8330325 0.8769077
vt 0.8010579 0.8769077
vt 0.8575379 0.9936936
vt 0.8551772 0.9936936
vt 0.8652519 0.05940559
vt 0.9090375 0.1761916
vt 0.8676009 0.05940559
vt 0.8851895 0.1761916
vt 0.8629029 0.05940559
vt 0.9538783 0.2929776
vt 0.8613412 0.1761916
vt 0.8603277 0.05940559
vt 0.9133278 0.2929776
vt 0.9773662 0.4097636
vt 0.8419496 0.1761916
vt 0.8577525 0.05940559
vt 0.822558 0.1761916
vt 0.9247584 0.4097637
vt 0.9953024 0.5265496
vt 0.8727772 0.2929776
vt 0.8360792 0.2929776
vt 0.7993813 0.2929776
vt 0.9332125 0.5265497
vt 0.9940213 0.6433357
vt 0.8721503 0.4097636
vt 0.8256796 0.4097636
vt 0.7792089 0.4097636
vt 0.9305178 0.6433356
vt 0.9897361 0.7601217
vt 0.8711227 0.5265497
vt 0.8154718 0.5265497
vt 0.7598209 0.5265497
vt 0.9274695 0.7601218
vt 0.9323773 0.8769077
vt 0.8670144 0.6433356
vt 0.8115232 0.6433357
vt 0.756032 0.6433357
vt 0.8986922 0.8769077
vt 0.8688684 0.9936936
vt 0.8643833 0.9936936
vt 0.8652026 0.7601217
vt 0.8121079 0.7601216
vt 0.7590134 0.7601218
vt 0.8650071 0.8769077
vt 0.8598984 0.9936936
vt 0.8330325 0.8769077
vt 0.8010579 0.8769077
vt 0.8575379 0.9936936
vt 0.8551772 0.9936936
vt 0.8652519 0.05940559
vt 0.8676009 0.05940559
vt 0.9090375 0.1761916
vt 0.8851895 0.1761916
vt 0.8629029 0.05940559
vt 0.9538783 0.2929776
vt 0.8613412 0.1761916
vt 0.8603277 0.05940559
vt 0.9133278 0.2929776
vt 0.9773662 0.4097636
vt 0.8419496 0.1761916
vt 0.8577525 0.05940559
vt 0.822558 0.1761916
vt 0.9247584 0.4097637
vt 0.9953024 0.5265496
vt 0.8727772 0.2929776
vt 0.8360792 0.2929776
vt 0.7993813 0.2929776
vt 0.9332125 0.5265497
vt 0.9940213 0.6433357
vt 0.8721503 0.4097636
vt 0.8256796 0.4097636
vt 0.7792089 0.4097636
vt 0.9305178 0.6433356
vt 0.9897361 0.7601217
vt 0.8711227 0.5265497
vt 0.8154718 0.5265497
vt 0.7598209 0.5265497
vt 0.9274695 0.7601218
vt 0.9323773 0.8769077
vt 0.8670144 0.6433356
vt 0.8115232 0.6433357
vt 0.756032 0.6433357
vt 0.8986922 0.8769077
vt 0.8688684 0.9936936
vt 0.8643833 0.9936936
vt 0.8652026 0.7601217
vt 0.8121079 0.7601216
vt 0.7590134 0.7601218
vt 0.8650071 0.8769077
vt 0.8598984 0.9936936
vt 0.8330325 0.8769077
vt 0.8010579 0.8769077
vt 0.8575379 0.9936936
vt 0.8551772 0.9936936
vt 0.8652519 0.05940559
vt 0.9090375 0.1761916
vt 0.8676009 0.05940559
vt 0.8851895 0.1761916
vt 0.8629029 0.05940559
vt 0.9538783 0.2929776
vt 0.8613412 0.1761916
vt 0.8603277 0.05940559
vt 0.9133278 0.2929776
vt 0.9773662 0.4097636
vt 0.8419496 0.1761916
vt 0.8577525 0.05940559
vt 0.822558 0.1761916
vt 0.9247584 0.4097637
vt 0.9953024 0.5265496
vt 0.8727772 0.2929776
vt 0.8360792 0.2929776
vt 0.7993813 0.2929776
vt 0.9332125 0.5265497
vt 0.9940213 0.6433357
vt 0.8721503 0.4097636
vt 0.8256796 0.4097636
vt 0.7792089 0.4097636
vt 0.9305178 0.6433356
vt 0.9897361 0.7601217
vt 0.8711227 0.5265497
vt 0.8154718 0.5265497
vt 0.7598209 0.5265497
vt 0.9274695 0.7601218
vt 0.9323773 0.8769077
vt 0.8670144 0.6433356
vt 0.8115232 0.6433357
vt 0.756032 0.6433357
vt 0.8986922 0.8769077
vt 0.8688684 0.9936936
vt 0.8643833 0.9936936
vt 0.8652026 0.7601217
vt 0.8121079 0.7601216
vt 0.7590134 0.7601218
vt 0.8650071 0.8769077
vt 0.8598984 0.9936936
vt 0.8330325 0.8769077
vt 0.8010579 0.8769077
vt 0.8575379 0.9936936
vt 0.8551772 0.9936936
usemtl M_PalmBark
f 1/1/1 3/3/3 2/2/2
f 1/1/1 2/2/2 4/4/4
f 5/5/5 1/1/1 4/4/4
f 4/4/4 2/2/2 6/6/6
f 5/5/5 4/4/4 7/7/7
f 8/8/8 5/5/5 7/7/7
f 4/4/4 6/6/6 9/9/9
f 7/7/7 4/4/4 9/9/9
f 9/9/9 6/6/6 10/10/10
f 8/8/8 7/7/7 11/11/11
f 12/12/12 8/8/8 11/11/11
f 9/9/9 10/10/10 13/13/13
f 13/13/13 10/10/10 14/14/14
f 7/7/7 9/9/9 15/15/15
f 11/11/11 7/7/7 15/15/15
f 15/15/15 9/9/9 13/13/13
f 12/12/12 11/11/11 16/16/16
f 17/17/17 12/12/12 16/16/16
f 13/13/13 14/14/14 18/18/18
f 18/18/18 14/14/14 19/19/19
f 11/11/11 15/15/15 20/20/20
f 16/16/16 11/11/11 20/20/20
f 15/15/15 13/13/13 21/21/21
f 21/21/21 13/13/13 18/18/18
f 20/20/20 15/15/15 21/21/21
f 17/17/17 16/16/16 22/22/22
f 23/23/23 17/17/17 22/22/22
f 18/18/18 19/19/19 24/24/24
f 24/24/24 19/19/19 25/25/25
f 16/16/16 20/20/20 26/26/26
f 22/22/22 16/16/16 26/26/26
f 20/20/20 21/21/21 27/27/27
f 26/26/26 20/20/20 27/27/27
f 21/21/21 18/18/18 28/28/28
f 28/28/28 18/18/18 24/24/24
f 27/27/27 21/21/21 28/28/28
f 23/23/23 22/22/22 29/29/29
f 30/30/30 23/23/23 29/29/29
f 24/24/24 25/25/25 31/31/31
f 31/31/31 25/25/25 32/32/32
f 22/22/22 26/26/26 33/33/33
f 29/29/29 22/22/22 33/33/33
f 26/26/26 27/27/27 34/34/34
f 33/33/33 26/26/26 34/34/34
f 27/27/27 28/28/28 35/35/35
f 34/34/34 27/27/27 35/35/35
f 28/28/28 24/24/24 36/36/36
f 36/36/36 24/24/24 31/31/31
f 35/35/35 28/28/28 36/36/36
f 30/30/30 29/29/29 37/37/37
f 38/38/38 30/30/30 37/37/37
f 31/31/31 32/32/32 39/39/39
f 39/39/39 32/32/32 40/40/40
f 39/39/39 40/40/40 41/41/41
f 36/36/36 31/31/31 42/42/42
f 42/42/42 31/31/31 39/39/39
f 43/43/43 39/39/39 41/41/41
f 42/42/42 39/39/39 43/43/43
f 43/43/43 41/41/41 44/44/44
f 35/35/35 36/36/36 45/45/45
f 45/45/45 36/36/36 42/42/42
f 46/46/46 42/42/42 43/43/43
f 45/45/45 42/42/42 46/46/46
f 47/47/47 43/43/43 44/44/44
f 46/46/46 43/43/43 47/47/47
f 47/47/47 44/44/44 48/48/48
f 49/49/49 35/35/35 45/45/45
f 34/34/34 35/35/35 49/49/49
f 50/50/50 45/45/45 46/46/46
f 49/49/49 45/45/45 50/50/50
f 51/51/51 47/47/47 48/48/48
f 51/51/51 48/48/48 52/52/52
f 53/53/53 46/46/46 47/47/47
f 50/50/50 46/46/46 53/53/53
f 53/53/53 47/47/47 51/51/51
f 54/54/54 34/34/34 49/49/49
f 33/33/33 34/34/34 54/54/54
f 55/55/55 51/51/51 52/52/52
f 55/55/55 52/52/52 56/56/56
f 57/57/57 49/49/49 50/50/50
f 54/54/54 49/49/49 57/57/57
f 58/58/58 53/53/53 51/51/51
f 58/58/58 51/51/51 55/55/55
f 59/59/59 50/50/50 53/53/53
f 57/57/57 50/50/50 59/59/59
f 59/59/59 53/53/53 58/58/58
f 60/60/60 33/33/33 54/54/54
f 29/29/29 33/33/33 60/60/60
f 37/37/37 29/29/29 60/60/60
f 61/61/61 55/55/55 56/56/56
f 61/61/61 56/56/56 62/62/62
f 63/63/63 54/54/54 57/57/57
f 60/60/60 54/54/54 63/63/63
f 64/64/64 57/57/57 59/59/59
f 63/63/63 57/57/57 64/64/64
f 65/65/65 58/58/58 55/55/55
f 65/65/65 55/55/55 61/61/61
f 66/66/66 59/59/59 58/58/58
f 64/64/64 59/59/59 66/66/66
f 66/66/66 58/58/58 65/65/65
f 37/37/37 60/60/60 67/67/67
f 67/67/67 60/60/60 63/63/63
f 68/68/68 61/61/61 62/62/62
f 68/68/68 62/62/62 69/69/69
f 70/70/70 63/63/63 64/64/64
f 67/67/67 63/63/63 70/70/70
f 71/71/71 64/64/64 66/66/66
f 70/70/70 64/64/64 71/71/71
f 72/72/72 65/65/65 61/61/61
f 72/72/72 61/61/61 68/68/68
f 73/73/73 66/66/66 65/65/65
f 71/71/71 66/66/66 73/73/73
f 73/73/73 65/65/65 72/72/72
f 74/74/74 37/37/37 67/67/67
f 38/38/38 37/37/37 74/74/74
f 75/75/75 38/38/38 74/74/74
f 76/76/76 67/67/67 70/70/70
f 74/74/74 67/67/67 76/76/76
f 75/75/75 74/74/74 77/77/77
f 77/77/77 74/74/74 76/76/76
f 78/78/78 75/75/75 77/77/77
f 79/79/79 70/70/70 71/71/71
f 76/76/76 70/70/70 79/79/79
f 77/77/77 76/76/76 80/80/80
f 80/80/80 76/76/76 79/79/79
f 81/81/81 77/77/77 80/80/80
f 82/82/82 71/71/71 73/73/73
f 79/79/79 71/71/71 82/82/82
f 80/80/80 79/79/79 83/83/83
f 83/83/83 79/79/79 82/82/82
f 84/84/84 80/80/80 83/83/83
f 82/82/82 73/73/73 85/85/85
f 85/85/85 73/73/73 72/72/72
f 83/83/83 82/82/82 86/86/86
f 86/86/86 82/82/82 85/85/85
f 87/87/87 83/83/83 86/86/86
f 85/85/85 72/72/72 88/88/88
f 88/88/88 72/72/72 68/68/68
f 86/86/86 85/85/85 89/89/89
f 89/89/89 85/85/85 88/88/88
f 90/90/90 86/86/86 89/89/89
f 88/88/88 68/68/68 91/91/91
f 91/91/91 68/68/68 69/69/69
f 91/91/91 69/69/69 92/92/92
f 89/89/89 88/88/88 93/93/93
f 93/93/93 88/88/88 91/91/91
f 94/94/94 89/89/89 93/93/93
f 95/95/95 91/91/91 92/92/92
f 93/93/93 91/91/91 95/95/95
f 96/96/96 93/93/93 95/95/95
f 95/95/95 92/92/92 97/97/97
f 98/98/98 95/95/95 97/97/97
usemtl M_PalmLeaves
f 99/99/99 101/101/101 100/100/100
f 99/99/99 100/100/100 102/102/102
f 103/103/103 99/99/99 102/102/102
f 102/102/102 100/100/100 104/104/104
f 103/103/103 102/102/102 105/105/105
f 106/106/106 103/103/103 105/105/105
f 102/102/102 104/104/104 107/107/107
f 105/105/105 102/102/102 107/107/107
f 107/107/107 104/104/104 108/108/108
f 106/106/106 105/105/105 109/109/109
f 110/110/110 106/106/106 109/109/109
f 110/110/110 109/109/109 111/111/111
f 107/107/107 108/108/108 112/112/112
f 112/112/112 108/108/108 113/113/113
f 105/105/105 107/107/107 114/114/114
f 109/109/109 105/105/105 114/114/114
f 114/114/114 107/107/107 112/112/112
f 111/111/111 109/109/109 115/115/115
f 109/109/109 114/114/114 115/115/115
f 111/111/111 115/115/115 116/116/116
f 112/112/112 113/113/113 117/117/117
f 117/117/117 113/113/113 118/118/118
f 114/114/114 112/112/112 119/119/119
f 115/115/115 114/114/114 119/119/119
f 119/119/119 112/112/112 117/117/117
f 116/116/116 115/115/115 120/120/120
f 115/115/115 119/119/119 120/120/120
f 116/116/116 120/120/120 121/121/121
f 117/117/117 118/118/118 122/122/122
f 122/122/122 118/118/118 123/123/123
f 119/119/119 117/117/117 124/124/124
f 120/120/120 119/119/119 124/124/124
f 124/124/124 117/117/117 122/122/122
f 121/121/121 120/120/120 125/125/125
f 120/120/120 124/124/124 125/125/125
f 121/121/121 125/125/125 126/126/126
f 122/122/122 123/123/123 127/127/127
f 127/127/127 123/123/123 128/128/128
f 124/124/124 122/122/122 129/129/129
f 125/125/125 124/124/124 129/129/129
f 129/129/129 122/122/122 127/127/127
f 126/126/126 125/125/125 130/130/130
f 125/125/125 129/129/129 130/130/130
f 126/126/126 130/130/130 131/131/131
f 127/127/127 128/128/128 132/132/132
f 132/132/132 128/128/128 133/133/133
f 132/132/132 133/133/133 134/134/134
f 129/129/129 127/127/127 135/135/135
f 130/130/130 129/129/129 135/135/135
f 135/135/135 127/127/127 132/132/132
f 131/131/131 130/130/130 136/136/136
f 130/130/130 135/135/135 136/136/136
f 131/131/131 136/136/136 137/137/137
f 138/138/138 132/132/132 134/134/134
f 135/135/135 132/132/132 138/138/138
f 136/136/136 135/135/135 138/138/138
f 138/138/138 134/134/134 139/139/139
f 137/137/137 136/136/136 140/140/140
f 136/136/136 138/138/138 140/140/140
f 140/140/140 138/138/138 139/139/139
f 137/137/137 140/140/140 141/141/141
f 140/140/140 139/139/139 142/142/142
f 141/141/141 140/140/140 142/142/142
f 141/141/141 142/142/142 143/143/143
f 144/144/144 146/146/146 145/145/145
f 144/144/144 145/145/145 147/147/147
f 148/148/148 144/144/144 147/147/147
f 147/147/147 145/145/145 149/149/149
f 148/148/148 147/147/147 150/150/150
f 151/151/151 148/148/148 150/150/150
f 147/147/147 149/149/149 152/152/152
f 150/150/150 147/147/147 152/152/152
f 152/152/152 149/149/149 153/153/153
f 151/151/151 150/150/150 154/154/154
f 155/155/155 151/151/151 154/154/154
f 155/155/155 154/154/154 156/156/156
f 152/152/152 153/153/153 157/157/157
f 157/157/157 153/153/153 158/158/158
f 150/150/150 152/152/152 159/159/159
f 154/154/154 150/150/150 159/159/159
f 159/159/159 152/152/152 157/157/157
f 156/156/156 154/154/154 160/160/160
f 154/154/154 159/159/159 160/160/160
f 156/156/156 160/160/160 161/161/161
f 157/157/157 158/158/158 162/162/162
f 162/162/162 158/158/158 163/163/163
f 159/159/159 157/157/157 164/164/164
f 160/160/160 159/159/159 164/164/164
f 164/164/164 157/157/157 162/162/162
f 161/161/161 160/160/160 165/165/165
f 160/160/160 164/164/164 165/165/165
f 161/161/161 165/165/165 166/166/166
f 162/162/162 163/163/163 167/167/167
f 167/167/167 163/163/163 168/168/168
f 164/164/164 162/162/162 169/169/169
f 165/165/165 164/164/164 169/169/169
f 169/169/169 162/162/162 167/167/167
f 166/166/166 165/165/165 170/170/170
f 165/165/165 169/169/169 170/170/170
f 166/166/166 170/170/170 171/171/171
f 167/167/167 168/168/168 172/172/172
f 172/172/172 168/168/168 173/173/173
f 169/169/169 167/167/167 174/174/174
f 170/170/170 169/169/169 174/174/174
f 174/174/174 167/167/167 172/172/172
f 171/171/171 170/170/170 175/175/175
f 170/170/170 174/174/174 175/175/175
f 171/171/171 175/175/175 176/176/176
f 172/172/172 173/173/173 177/177/177
f 177/177/177 173/173/173 178/178/178
f 177/177/177 178/178/178 179/179/179
f 174/174/174 172/172/172 180/180/180
f 175/175/175 174/174/174 180/180/180
f 180/180/180 172/172/172 177/177/177
f 176/176/176 175/175/175 181/181/181
f 175/175/175 180/180/180 181/181/181
f 176/176/176 181/181/181 182/182/182
f 183/183/183 177/177/177 179/179/179
f 180/180/180 177/177/177 183/183/183
f 181/181/181 180/180/180 183/183/183
f 183/183/183 179/179/179 184/184/184
f 182/182/182 181/181/181 185/185/185
f 181/181/181 183/183/183 185/185/185
f 185/185/185 183/183/183 184/184/184
f 182/182/182 185/185/185 186/186/186
f 185/185/185 184/184/184 187/187/187
f 186/186/186 185/185/185 187/187/187
f 186/186/186 187/187/187 188/188/188
f 189/189/189 191/191/191 190/190/190
f 189/189/189 190/190/190 192/192/192
f 193/193/193 189/189/189 192/192/192
f 192/192/192 190/190/190 194/194/194
f 193/193/193 192/192/192 195/195/195
f 196/196/196 193/193/193 195/195/195
f 192/192/192 194/194/194 197/197/197
f 195/195/195 192/192/192 197/197/197
f 197/197/197 194/194/194 198/198/198
f 196/196/196 195/195/195 199/199/199
f 200/200/200 196/196/196 199/199/199
f 200/200/200 199/199/199 201/201/201
f 197/197/197 198/198/198 202/202/202
f 202/202/202 198/198/198 203/203/203
f 195/195/195 197/197/197 204/204/204
f 199/199/199 195/195/195 204/204/204
f 204/204/204 197/197/197 202/202/202
f 201/201/201 199/199/199 205/205/205
f 199/199/199 204/204/204 205/205/205
f 201/201/201 205/205/205 206/206/206
f 202/202/202 203/203/203 207/207/207
f 207/207/207 203/203/203 208/208/208
f 204/204/204 202/202/202 209/209/209
f 205/205/205 204/204/204 209/209/209
f 209/209/209 202/202/202 207/207/207
f 206/206/206 205/205/205 210/210/210
f 205/205/205 209/209/209 210/210/210
f 206/206/206 210/210/210 211/211/211
f 207/207/207 208/208/208 212/212/212
f 212/212/212 208/208/208 213/213/213
f 209/209/209 207/207/207 214/214/214
f 210/210/210 209/209/209 214/214/214
f 214/214/214 207/207/207 212/212/212
f 211/211/211 210/210/210 215/215/215
f 210/210/210 214/214/214 215/215/215
f 211/211/211 215/215/215 216/216/216
f 212/212/212 213/213/213 217/217/217
f 217/217/217 213/213/213 218/218/218
f 214/214/214 212/212/212 219/219/219
f 215/215/215 214/214/214 219/219/219
f 219/219/219 212/212/212 217/217/217
f 216/216/216 215/215/215 220/220/220
f 215/215/215 219/219/219 220/220/220
f 216/216/216 220/220/220 221/221/221
f 217/217/217 218/218/218 222/222/222
f 222/222/222 218/218/218 223/223/223
f 222/222/222 223/223/223 224/224/224
f 219/219/219 217/217/217 225/225/225
f 220/220/220 219/219/219 225/225/225
f 225/225/225 217/217/217 222/222/222
f 221/221/221 220/220/220 226/226/226
f 220/220/220 225/225/225 226/226/226
f 221/221/221 226/226/226 227/227/227
f 228/228/228 222/222/222 224/224/224
f 225/225/225 222/222/222 228/228/228
f 226/226/226 225/225/225 228/228/228
f 228/228/228 224/224/224 229/229/229
f 227/227/227 226/226/226 230/230/230
f 226/226/226 228/228/228 230/230/230
f 230/230/230 228/228/228 229/229/229
f 227/227/227 230/230/230 231/231/231
f 230/230/230 229/229/229 232/232/232
f 231/231/231 230/230/230 232/232/232
f 231/231/231 232/232/232 233/233/233
f 234/234/234 236/236/236 235/235/235
f 234/234/234 237/237/237 236/236/236
f 238/238/238 237/237/237 234/234/234
f 237/237/237 239/239/239 236/236/236
f 238/238/238 240/240/240 237/237/237
f 241/241/241 240/240/240 238/238/238
f 237/237/237 242/242/242 239/239/239
f 240/240/240 242/242/242 237/237/237
f 242/242/242 243/243/243 239/239/239
f 241/241/241 244/244/244 240/240/240
f 245/245/245 244/244/244 241/241/241
f 245/245/245 246/246/246 244/244/244
f 242/242/242 247/247/247 243/243/243
f 247/247/247 248/248/248 243/243/243
f 240/240/240 249/249/249 242/242/242
f 244/244/244 249/249/249 240/240/240
f 249/249/249 247/247/247 242/242/242
f 246/246/246 250/250/250 244/244/244
f 244/244/244 250/250/250 249/249/249
f 246/246/246 251/251/251 250/250/250
f 247/247/247 252/252/252 248/248/248
f 252/252/252 253/253/253 248/248/248
f 249/249/249 254/254/254 247/247/247
f 250/250/250 254/254/254 249/249/249
f 254/254/254 252/252/252 247/247/247
f 251/251/251 255/255/255 250/250/250
f 250/250/250 255/255/255 254/254/254
f 251/251/251 256/256/256 255/255/255
f 252/252/252 257/257/257 253/253/253
f 257/257/257 258/258/258 253/253/253
f 254/254/254 259/259/259 252/252/252
f 255/255/255 259/259/259 254/254/254
f 259/259/259 257/257/257 252/252/252
f 256/256/256 260/260/260 255/255/255
f 255/255/255 260/260/260 259/259/259
f 256/256/256 261/261/261 260/260/260
f 257/257/257 262/262/262 258/258/258
f 262/262/262 263/263/263 258/258/258
f 259/259/259 264/264/264 257/257/257
f 260/260/260 264/264/264 259/259/259
f 264/264/264 262/262/262 257/257/257
f 261/261/261 265/265/265 260/260/260
f 260/260/260 265/265/265 264/264/264
f 261/261/261 266/266/266 265/265/265
f 262/262/262 267/267/267 263/263/263
f 267/267/267 268/268/268 263/263/263
f 267/267/267 269/269/269 268/268/268
f 264/264/264 270/270/270 262/262/262
f 265/265/265 270/270/270 264/264/264
f 270/270/270 267/267/267 262/262/262
f 266/266/266 271/271/271 265/265/265
f 265/265/265 271/271/271 270/270/270
f 266/266/266 272/272/272 271/271/271
f 273/273/273 269/269/269 267/267/267
f 270/270/270 273/273/273 267/267/267
f 271/271/271 273/273/273 270/270/270
f 273/273/273 274/274/274 269/269/269
f 272/272/272 275/275/275 271/271/271
f 271/271/271 275/275/275 273/273/273
f 275/275/275 274/274/274 273/273/273
f 272/272/272 276/276/276 275/275/275
f 275/275/275 277/277/277 274/274/274
f 276/276/276 277/277/277 275/275/275
f 276/276/276 278/278/278 277/277/277
f 279/279/279 281/281/281 280/280/280
f 279/279/279 282/282/282 281/281/281
f 283/283/283 282/282/282 279/279/279
f 282/282/282 284/284/284 281/281/281
f 283/283/283 285/285/285 282/282/282
f 286/286/286 285/285/285 283/283/283
f 282/282/282 287/287/287 284/284/284
f 285/285/285 287/287/287 282/282/282
f 287/287/287 288/288/288 284/284/284
f 286/286/286 289/289/289 285/285/285
f 290/290/290 289/289/289 286/286/286
f 290/290/290 291/291/291 289/289/289
f 287/287/287 292/292/292 288/288/288
f 292/292/292 293/293/293 288/288/288
f 285/285/285 294/294/294 287/287/287
f 289/289/289 294/294/294 285/285/285
f 294/294/294 292/292/292 287/287/287
f 291/291/291 295/295/295 289/289/289
f 289/289/289 295/295/295 294/294/294
f 291/291/291 296/296/296 295/295/295
f 292/292/292 297/297/297 293/293/293
f 297/297/297 298/298/298 293/293/293
f 294/294/294 299/299/299 292/292/292
f 295/295/295 299/299/299 294/294/294
f 299/299/299 297/297/297 292/292/292
f 296/296/296 300/300/300 295/295/295
f 295/295/295 300/300/300 299/299/299
f 296/296/296 301/301/301 300/300/300
f 297/297/297 302/302/302 298/298/298
f 302/302/302 303/303/303 298/298/298
f 299/299/299 304/304/304 297/297/297
f 300/300/300 304/304/304 299/299/299
f 304/304/304 302/302/302 297/297/297
f 301/301/301 305/305/305 300/300/300
f 300/300/300 305/305/305 304/304/304
f 301/301/301 306/306/306 305/305/305
f 302/302/302 307/307/307 303/303/303
f 307/307/307 308/308/308 303/303/303
f 304/304/304 309/309/309 302/302/302
f 305/305/305 309/309/309 304/304/304
f 309/309/309 307/307/307 302/302/302
f 306/306/306 310/310/310 305/305/305
f 305/305/305 310/310/310 309/309/309
f 306/306/306 311/311/311 310/310/310
f 307/307/307 312/312/312 308/308/308
f 312/312/312 313/313/313 308/308/308
f 312/312/312 314/314/314 313/313/313
f 309/309/309 315/315/315 307/307/307
f 310/310/310 315/315/315 309/309/309
f 315/315/315 312/312/312 307/307/307
f 311/311/311 316/316/316 310/310/310
f 310/310/310 316/316/316 315/315/315
f 311/311/311 317/317/317 316/316/316
f 318/318/318 314/314/314 312/312/312
f 315/315/315 318/318/318 312/312/312
f 316/316/316 318/318/318 315/315/315
f 318/318/318 319/319/319 314/314/314
f 317/317/317 320/320/320 316/316/316
f 316/316/316 320/320/320 318/318/318
f 320/320/320 319/319/319 318/318/318
f 317/317/317 321/321/321 320/320/320
f 320/320/320 322/322/322 319/319/319
f 321/321/321 322/322/322 320/320/320
f 321/321/321 323/323/323 322/322/322
f 324/324/324 326/326/326 325/325/325
f 324/324/324 327/327/327 326/326/326
f 328/328/328 327/327/327 324/324/324
f 327/327/327 329/329/329 326/326/326
f 328/328/328 330/330/330 327/327/327
f 331/331/331 330/330/330 328/328/328
f 327/327/327 332/332/332 329/329/329
f 330/330/330 332/332/332 327/327/327
f 332/332/332 333/333/333 329/329/329
f 331/331/331 334/334/334 330/330/330
f 335/335/335 334/334/334 331/331/331
f 335/335/335 336/336/336 334/334/334
f 332/332/332 337/337/337 333/333/333
f 337/337/337 338/338/338 333/333/333
f 330/330/330 339/339/339 332/332/332
f 334/334/334 339/339/339 330/330/330
f 339/339/339 337/337/337 332/332/332
f 336/336/336 340/340/340 334/334/334
f 334/334/334 340/340/340 339/339/339
f 336/336/336 341/341/341 340/340/340
f 337/337/337 342/342/342 338/338/338
f 342/342/342 343/343/343 338/338/338
f 339/339/339 344/344/344 337/337/337
f 340/340/340 344/344/344 339/339/339
f 344/344/344 342/342/342 337/337/337
f 341/341/341 345/345/345 340/340/340
f 340/340/340 345/345/345 344/344/344
f 341/341/341 346/346/346 345/345/345
f 342/342/342 347/347/347 343/343/343
f 347/347/347 348/348/348 343/343/343
f 344/344/344 349/349/349 342/342/342
f 345/345/345 349/349/349 344/344/344
f 349/349/349 347/347/347 342/342/342
f 346/346/346 350/350/350 345/345/345
f 345/345/345 350/350/350 349/349/349
f 346/346/346 351/351/351 350/350/350
f 347/347/347 352/352/352 348/348/348
f 352/352/352 353/353/353 348/348/348
f 349/349/349 354/354/354 347/347/347
f 350/350/350 354/354/354 349/349/349
f 354/354/354 352/352/352 347/347/347
f 351/351/351 355/355/355 350/350/350
f 350/350/350 355/355/355 354/354/354
f 351/351/351 356/356/356 355/355/355
f 352/352/352 357/357/357 353/353/353
f 357/357/357 358/358/358 353/353/353
f 357/357/357 359/359/359 358/358/358
f 354/354/354 360/360/360 352/352/352
f 355/355/355 360/360/360 354/354/354
f 360/360/360 357/357/357 352/352/352
f 356/356/356 361/361/361 355/355/355
f 355/355/355 361/361/361 360/360/360
f 356/356/356 362/362/362 361/361/361
f 363/363/363 359/359/359 357/357/357
f 360/360/360 363/363/363 357/357/357
f 361/361/361 363/363/363 360/360/360
f 363/363/363 364/364/364 359/359/359
f 362/362/362 365/365/365 361/361/361
f 361/361/361 365/365/365 363/363/363
f 365/365/365 364/364/364 363/363/363
f 362/362/362 366/366/366 365/365/365
f 365/365/365 367/367/367 364/364/364
f 366/366/366 367/367/367 365/365/365
f 366/366/366 368/368/368 367/367/367
f 369/369/369 371/371/371 370/370/370
f 369/369/369 370/370/370 372/372/372
f 373/373/373 369/369/369 372/372/372
f 372/372/372 370/370/370 374/374/374
f 373/373/373 372/372/372 375/375/375
f 376/376/376 373/373/373 375/375/375
f 372/372/372 374/374/374 377/377/377
f 375/375/375 372/372/372 377/377/377
f 377/377/377 374/374/374 378/378/378
f 376/376/376 375/375/375 379/379/379
f 380/380/380 376/376/376 379/379/379
f 380/380/380 379/379/379 381/381/381
f 377/377/377 378/378/378 382/382/382
f 382/382/382 378/378/378 383/383/383
f 375/375/375 377/377/377 384/384/384
f 379/379/379 375/375/375 384/384/384
f 384/384/384 377/377/377 382/382/382
f 381/381/381 379/379/379 385/385/385
f 379/379/379 384/384/384 385/385/385
f 381/381/381 385/385/385 386/386/386
f 382/382/382 383/383/383 387/387/387
f 387/387/387 383/383/383 388/388/388
f 384/384/384 382/382/382 389/389/389
f 385/385/385 384/384/384 389/389/389
f 389/389/389 382/382/382 387/387/387
f 386/386/386 385/385/385 390/390/390
f 385/385/385 389/389/389 390/390/390
f 386/386/386 390/390/390 391/391/391
f 387/387/387 388/388/388 392/392/392
f 392/392/392 388/388/388 393/393/393
f 389/389/389 387/387/387 394/394/394
f 390/390/390 389/389/389 394/394/394
f 394/394/394 387/387/387 392/392/392
f 391/391/391 390/390/390 395/395/395
f 390/390/390 394/394/394 395/395/395
f 391/391/391 395/395/395 396/396/396
f 392/392/392 393/393/393 397/397/397
f 397/397/397 393/393/393 398/398/398
f 394/394/394 392/392/392 399/399/399
f 395/395/395 394/394/394 399/399/399
f 399/399/399 392/392/392 397/397/397
f 396/396/396 395/395/395 400/400/400
f 395/395/395 399/399/399 400/400/400
f 396/396/396 400/400/400 401/401/401
f 397/397/397 398/398/398 402/402/402
f 402/402/402 398/398/398 403/403/403
f 402/402/402 403/403/403 404/404/404
f 399/399/399 397/397/397 405/405/405
f 400/400/400 399/399/399 405/405/405
f 405/405/405 397/397/397 402/402/402
f 401/401/401 400/400/400 406/406/406
f 400/400/400 405/405/405 406/406/406
f 401/401/401 406/406/406 407/407/407
f 408/408/408 402/402/402 404/404/404
f 405/405/405 402/402/402 408/408/408
f 406/406/406 405/405/405 408/408/408
f 408/408/408 404/404/404 409/409/409
f 407/407/407 406/406/406 410/410/410
f 406/406/406 408/408/408 410/410/410
f 410/410/410 408/408/408 409/409/409
f 407/407/407 410/410/410 411/411/411
f 410/410/410 409/409/409 412/412/412
f 411/411/411 410/410/410 412/412/412
f 411/411/411 412/412/412 413/413/413
f 414/414/414 416/416/416 415/415/415
f 414/414/414 415/415/415 417/417/417
f 418/418/418 414/414/414 417/417/417
f 417/417/417 415/415/415 419/419/419
f 418/418/418 417/417/417 420/420/420
f 421/421/421 418/418/418 420/420/420
f 417/417/417 419/419/419 422/422/422
f 420/420/420 417/417/417 422/422/422
f 422/422/422 419/419/419 423/423/423
f 421/421/421 420/420/420 424/424/424
f 425/425/425 421/421/421 424/424/424
f 425/425/425 424/424/424 426/426/426
f 422/422/422 423/423/423 427/427/427
f 427/427/427 423/423/423 428/428/428
f 420/420/420 422/422/422 429/429/429
f 424/424/424 420/420/420 429/429/429
f 429/429/429 422/422/422 427/427/427
f 426/426/426 424/424/424 430/430/430
f 424/424/424 429/429/429 430/430/430
f 426/426/426 430/430/430 431/431/431
f 427/427/427 428/428/428 432/432/432
f 432/432/432 428/428/428 433/433/433
f 429/429/429 427/427/427 434/434/434
f 430/430/430 429/429/429 434/434/434
f 434/434/434 427/427/427 432/432/432
f 431/431/431 430/430/430 435/435/435
f 430/430/430 434/434/434 435/435/435
f 431/431/431 435/435/435 436/436/436
f 432/432/432 433/433/433 437/437/437
f 437/437/437 433/433/433 438/438/438
f 434/434/434 432/432/432 439/439/439
f 435/435/435 434/434/434 439/439/439
f 439/439/439 432/432/432 437/437/437
f 436/436/436 435/435/435 440/440/440
f 435/435/435 439/439/439 440/440/440
f 436/436/436 440/440/440 441/441/441
f 437/437/437 438/438/438 442/442/442
f 442/442/442 438/438/438 443/443/443
f 439/439/439 437/437/437 444/444/444
f 440/440/440 439/439/439 444/444/444
f 444/444/444 437/437/437 442/442/442
f 441/441/441 440/440/440 445/445/445
f 440/440/440 444/444/444 445/445/445
f 441/441/441 445/445/445 446/446/446
f 442/442/442 443/443/443 447/447/447
f 447/447/447 443/443/443 448/448/448
f 447/447/447 448/448/448 449/449/449
f 444/444/444 442/442/442 450/450/450
f 445/445/445 444/444/444 450/450/450
f 450/450/450 442/442/442 447/447/447
f 446/446/446 445/445/445 451/451/451
f 445/445/445 450/450/450 451/451/451
f 446/446/446 451/451/451 452/452/452
f 453/453/453 447/447/447 449/449/449
f 450/450/450 447/447/447 453/453/453
f 451/451/451 450/450/450 453/453/453
f 453/453/453 449/449/449 454/454/454
f 452/452/452 451/451/451 455/455/455
f 451/451/451 453/453/453 455/455/455
f 455/455/455 453/453/453 454/454/454
f 452/452/452 455/455/455 456/456/456
f 455/455/455 454/454/454 457/457/457
f 456/456/456 455/455/455 457/457/457
f 456/456/456 457/457/457 458/458/458
f 459/459/459 461/461/461 460/460/460
f 459/459/459 460/460/460 462/462/462
f 463/463/463 459/459/459 462/462/462
f 462/462/462 460/460/460 464/464/464
f 463/463/463 462/462/462 465/465/465
f 466/466/466 463/463/463 465/465/465
f 462/462/462 464/464/464 467/467/467
f 465/465/465 462/462/462 467/467/467
f 467/467/467 464/464/464 468/468/468
f 466/466/466 465/465/465 469/469/469
f 470/470/470 466/466/466 469/469/469
f 470/470/470 469/469/469 471/471/471
f 467/467/467 468/468/468 472/472/472
f 472/472/472 468/468/468 473/473/473
f 465/465/465 467/467/467 474/474/474
f 469/469/469 465/465/465 474/474/474
f 474/474/474 467/467/467 472/472/472
f 471/471/471 469/469/469 475/475/475
f 469/469/469 474/474/474 475/475/475
f 471/471/471 475/475/475 476/476/476
f 472/472/472 473/473/473 477/477/477
f 477/477/477 473/473/473 478/478/478
f 474/474/474 472/472/472 479/479/479
f 475/475/475 474/474/474 479/479/479
f 479/479/479 472/472/472 477/477/477
f 476/476/476 475/475/475 480/480/480
f 475/475/475 479/479/479 480/480/480
f 476/476/476 480/480/480 481/481/481
f 477/477/477 478/478/478 482/482/482
f 482/482/482 478/478/478 483/483/483
f 479/479/479 477/477/477 484/484/484
f 480/480/480 479/479/479 484/484/484
f 484/484/484 477/477/477 482/482/482
f 481/481/481 480/480/480 485/485/485
f 480/480/480 484/484/484 485/485/485
f 481/481/481 485/485/485 486/486/486
f 482/482/482 483/483/483 487/487/487
f 487/487/487 483/483/483 488/488/488
f 484/484/484 482/482/482 489/489/489
f 485/485/485 484/484/484 489/489/489
f 489/489/489 482/482/482 487/487/487
f 486/486/486 485/485/485 490/490/490
f 485/485/485 489/489/489 490/490/490
f 486/486/486 490/490/490 491/491/491
f 487/487/487 488/488/488 492/492/492
f 492/492/492 488/488/488 493/493/493
f 492/492/492 493/493/493 494/494/494
f 489/489/489 487/487/487 495/495/495
f 490/490/490 489/489/489 495/495/495
f 495/495/495 487/487/487 492/492/492
f 491/491/491 490/490/490 496/496/496
f 490/490/490 495/495/495 496/496/496
f 491/491/491 496/496/496 497/497/497
f 498/498/498 492/492/492 494/494/494
f 495/495/495 492/492/492 498/498/498
f 496/496/496 495/495/495 498/498/498
f 498/498/498 494/494/494 499/499/499
f 497/497/497 496/496/496 500/500/500
f 496/496/496 498/498/498 500/500/500
f 500/500/500 498/498/498 499/499/499
f 497/497/497 500/500/500 501/501/501
f 500/500/500 499/499/499 502/502/502
f 501/501/501 500/500/500 502/502/502
f 501/501/501 502/502/502 503/503/503
f 504/504/504 506/506/506 505/505/505
f 504/504/504 507/507/507 506/506/506
f 508/508/508 507/507/507 504/504/504
f 507/507/507 509/509/509 506/506/506
f 508/508/508 510/510/510 507/507/507
f 511/511/511 510/510/510 508/508/508
f 507/507/507 512/512/512 509/509/509
f 510/510/510 512/512/512 507/507/507
f 512/512/512 513/513/513 509/509/509
f 511/511/511 514/514/514 510/510/510
f 515/515/515 514/514/514 511/511/511
f 515/515/515 516/516/516 514/514/514
f 512/512/512 517/517/517 513/513/513
f 517/517/517 518/518/518 513/513/513
f 510/510/510 519/519/519 512/512/512
f 514/514/514 519/519/519 510/510/510
f 519/519/519 517/517/517 512/512/512
f 516/516/516 520/520/520 514/514/514
f 514/514/514 520/520/520 519/519/519
f 516/516/516 521/521/521 520/520/520
f 517/517/517 522/522/522 518/518/518
f 522/522/522 523/523/523 518/518/518
f 519/519/519 524/524/524 517/517/517
f 520/520/520 524/524/524 519/519/519
f 524/524/524 522/522/522 517/517/517
f 521/521/521 525/525/525 520/520/520
f 520/520/520 525/525/525 524/524/524
f 521/521/521 526/526/526 525/525/525
f 522/522/522 527/527/527 523/523/523
f 527/527/527 528/528/528 523/523/523
f 524/524/524 529/529/529 522/522/522
f 525/525/525 529/529/529 524/524/524
f 529/529/529 527/527/527 522/522/522
f 526/526/526 530/530/530 525/525/525
f 525/525/525 530/530/530 529/529/529
f 526/526/526 531/531/531 530/530/530
f 527/527/527 532/532/532 528/528/528
f 532/532/532 533/533/533 528/528/528
f 529/529/529 534/534/534 527/527/527
f 530/530/530 534/534/534 529/529/529
f 534/534/534 532/532/532 527/527/527
f 531/531/531 535/535/535 530/530/530
f 530/530/530 535/535/535 534/534/534
f 531/531/531 536/536/536 535/535/535
f 532/532/532 537/537/537 533/533/533
f 537/537/537 538/538/538 533/533/533
f 537/537/537 539/539/539 538/538/538
f 534/534/534 540/540/540 532/532/532
f 535/535/535 540/540/540 534/534/534
f 540/540/540 537/537/537 532/532/532
f 536/536/536 541/541/541 535/535/535
f 535/535/535 541/541/541 540/540/540
f 536/536/536 542/542/542 541/541/541
f 543/543/543 539/539/539 537/537/537
f 540/540/540 543/543/543 537/537/537
f 541/541/541 543/543/543 540/540/540
f 543/543/543 544/544/544 539/539/539
f 542/542/542 545/545/545 541/541/541
f 541/541/541 545/545/545 543/543/543
f 545/545/545 544/544/544 543/543/543
f 542/542/542 546/546/546 545/545/545
f 545/545/545 547/547/547 544/544/544
f 546/546/546 547/547/547 545/545/545
f 546/546/546 548/548/548 547/547/547
f 549/549/549 551/551/551 550/550/550
f 549/549/549 552/552/552 551/551/551
f 553/553/553 552/552/552 549/549/549
f 552/552/552 554/554/554 551/551/551
f 553/553/553 555/555/555 552/552/552
f 556/556/556 555/555/555 553/553/553
f 552/552/552 557/557/557 554/554/554
f 555/555/555 557/557/557 552/552/552
f 557/557/557 558/558/558 554/554/554
f 556/556/556 559/559/559 555/555/555
f 560/560/560 559/559/559 556/556/556
f 560/560/560 561/561/561 559/559/559
f 557/557/557 562/562/562 558/558/558
f 562/562/562 563/563/563 558/558/558
f 555/555/555 564/564/564 557/557/557
f 559/559/559 564/564/564 555/555/555
f 564/564/564 562/562/562 557/557/557
f 561/561/561 565/565/565 559/559/559
f 559/559/559 565/565/565 564/564/564
f 561/561/561 566/566/566 565/565/565
f 562/562/562 567/567/567 563/563/563
f 567/567/567 568/568/568 563/563/563
f 564/564/564 569/569/569 562/562/562
f 565/565/565 569/569/569 564/564/564
f 569/569/569 567/567/567 562/562/562
f 566/566/566 570/570/570 565/565/565
f 565/565/565 570/570/570 569/569/569
f 566/566/566 571/571/571 570/570/570
f 567/567/567 572/572/572 568/568/568
f 572/572/572 573/573/573 568/568/568
f 569/569/569 574/574/574 567/567/567
f 570/570/570 574/574/574 569/569/569
f 574/574/574 572/572/572 567/567/567
f 571/571/571 575/575/575 570/570/570
f 570/570/570 575/575/575 574/574/574
f 571/571/571 576/576/576 575/575/575
f 572/572/572 577/577/577 573/573/573
f 577/577/577 578/578/578 573/573/573
f 574/574/574 579/579/579 572/572/572
f 575/575/575 579/579/579 574/574/574
f 579/579/579 577/577/577 572/572/572
f 576/576/576 580/580/580 575/575/575
f 575/575/575 580/580/580 579/579/579
f 576/576/576 581/581/581 580/580/580
f 577/577/577 582/582/582 578/578/578
f 582/582/582 583/583/583 578/578/578
f 582/582/582 584/584/584 583/583/583
f 579/579/579 585/585/585 577/577/577
f 580/580/580 585/585/585 579/579/579
f 585/585/585 582/582/582 577/577/577
f 581/581/581 586/586/586 580/580/580
f 580/580/580 586/586/586 585/585/585
f 581/581/581 587/587/587 586/586/586
f 588/588/588 584/584/584 582/582/582
f 585/585/585 588/588/588 582/582/582
f 586/586/586 588/588/588 585/585/585
f 588/588/588 589/589/589 584/584/584
f 587/587/587 590/590/590 586/586/586
f 586/586/586 590/590/590 588/588/588
f 590/590/590 589/589/589 588/588/588
f 587/587/587 591/591/591 590/590/590
f 590/590/590 592/592/592 589/589/589
f 591/591/591 592/592/592 590/590/590
f 591/591/591 593/593/593 592/592/592
f 594/594/594 596/596/596 595/595/595
f 594/594/594 597/597/597 596/596/596
f 598/598/598 597/597/597 594/594/594
f 597/597/597 599/599/599 596/596/596
f 598/598/598 600/600/600 597/597/597
f 601/601/601 600/600/600 598/598/598
f 597/597/597 602/602/602 599/599/599
f 600/600/600 602/602/602 597/597/597
f 602/602/602 603/603/603 599/599/599
f 601/601/601 604/604/604 600/600/600
f 605/605/605 604/604/604 601/601/601
f 605/605/605 606/606/606 604/604/604
f 602/602/602 607/607/607 603/603/603
f 607/607/607 608/608/608 603/603/603
f 600/600/600 609/609/609 602/602/602
f 604/604/604 609/609/609 600/600/600
f 609/609/609 607/607/607 602/602/602
f 606/606/606 610/610/610 604/604/604
f 604/604/604 610/610/610 609/609/609
f 606/606/606 611/611/611 610/610/610
f 607/607/607 612/612/612 608/608/608
f 612/612/612 613/613/613 608/608/608
f 609/609/609 614/614/614 607/607/607
f 610/610/610 614/614/614 609/609/609
f 614/614/614 612/612/612 607/607/607
f 611/611/611 615/615/615 610/610/610
f 610/610/610 615/615/615 614/614/614
f 611/611/611 616/616/616 615/615/615
f 612/612/612 617/617/617 613/613/613
f 617/617/617 618/618/618 613/613/613
f 614/614/614 619/619/619 612/612/612
f 615/615/615 619/619/619 614/614/614
f 619/619/619 617/617/617 612/612/612
f 616/616/616 620/620/620 615/615/615
f 615/615/615 620/620/620 619/619/619
f 616/616/616 621/621/621 620/620/620
f 617/617/617 622/622/622 618/618/618
f 622/622/622 623/623/623 618/618/618
f 619/619/619 624/624/624 617/617/617
f 620/620/620 624/624/624 619/619/619
f 624/624/624 622/622/622 617/617/617
f 621/621/621 625/625/625 620/620/620
f 620/620/620 625/625/625 624/624/624
f 621/621/621 626/626/626 625/625/625
f 622/622/622 627/627/627 623/623/623
f 627/627/627 628/628/628 623/623/623
f 627/627/627 629/629/629 628/628/628
f 624/624/624 630/630/630 622/622/622
f 625/625/625 630/630/630 624/624/624
f 630/630/630 627/627/627 622/622/622
f 626/626/626 631/631/631 625/625/625
f 625/625/625 631/631/631 630/630/630
f 626/626/626 632/632/632 631/631/631
f 633/633/633 629/629/629 627/627/627
f 630/630/630 633/633/633 627/627/627
f 631/631/631 633/633/633 630/630/630
f 633/633/633 634/634/634 629/629/629
f 632/632/632 635/635/635 631/631/631
f 631/631/631 635/635/635 633/633/633
f 635/635/635 634/634/634 633/633/633
f 632/632/632 636/636/636 635/635/635
f 635/635/635 637/637/637 634/634/634
f 636/636/636 637/637/637 635/635/635
f 636/636/636 638/638/638 637/637/637
f 639/639/639 641/641/641 640/640/640
f 639/639/639 642/642/642 641/641/641
f 643/643/643 642/642/642 639/639/639
f 642/642/642 644/644/644 641/641/641
f 643/643/643 645/645/645 642/642/642
f 646/646/646 645/645/645 643/643/643
f 642/642/642 647/647/647 644/644/644
f 645/645/645 647/647/647 642/642/642
f 647/647/647 648/648/648 644/644/644
f 646/646/646 649/649/649 645/645/645
f 650/650/650 649/649/649 646/646/646
f 650/650/650 651/651/651 649/649/649
f 647/647/647 652/652/652 648/648/648
f 652/652/652 653/653/653 648/648/648
f 645/645/645 654/654/654 647/647/647
f 649/649/649 654/654/654 645/645/645
f 654/654/654 652/652/652 647/647/647
f 651/651/651 655/655/655 649/649/649
f 649/649/649 655/655/655 654/654/654
f 651/651/651 656/656/656 655/655/655
f 652/652/652 657/657/657 653/653/653
f 657/657/657 658/658/658 653/653/653
f 654/654/654 659/659/659 652/652/652
f 655/655/655 659/659/659 654/654/654
f 659/659/659 657/657/657 652/652/652
f 656/656/656 660/660/660 655/655/655
f 655/655/655 660/660/660 659/659/659
f 656/656/656 661/661/661 660/660/660
f 657/657/657 662/662/662 658/658/658
f 662/662/662 663/663/663 658/658/658
f 659/659/659 664/664/664 657/657/657
f 660/660/660 664/664/664 659/659/659
f 664/664/664 662/662/662 657/657/657
f 661/661/661 665/665/665 660/660/660
f 660/660/660 665/665/665 664/664/664
f 661/661/661 666/666/666 665/665/665
f 662/662/662 667/667/667 663/663/663
f 667/667/667 668/668/668 663/663/663
f 664/664/664 669/669/669 662/662/662
f 665/665/665 669/669/669 664/664/664
f 669/669/669 667/667/667 662/662/662
f 666/666/666 670/670/670 665/665/665
f 665/665/665 670/670/670 669/669/669
f 666/666/666 671/671/671 670/670/670
f 667/667/667 672/672/672 668/668/668
f 672/672/672 673/673/673 668/668/668
f 672/672/672 674/674/674 673/673/673
f 669/669/669 675/675/675 667/667/667
f 670/670/670 675/675/675 669/669/669
f 675/675/675 672/672/672 667/667/667
f 671/671/671 676/676/676 670/670/670
f 670/670/670 676/676/676 675/675/675
f 671/671/671 677/677/677 676/676/676
f 678/678/678 674/674/674 672/672/672
f 675/675/675 678/678/678 672/672/672
f 676/676/676 678/678/678 675/675/675
f 678/678/678 679/679/679 674/674/674
f 677/677/677 680/680/680 676/676/676
f 676/676/676 680/680/680 678/678/678
f 680/680/680 679/679/679 678/678/678
f 677/677/677 681/681/681 680/680/680
f 680/680/680 682/682/682 679/679/679
f 681/681/681 682/682/682 680/680/680
f 681/681/681 683/683/683 682/682/682
f 684/684/684 686/686/686 685/685/685
f 684/684/684 685/685/685 687/687/687
f 688/688/688 684/684/684 687/687/687
f 687/687/687 685/685/685 689/689/689
f 688/688/688 687/687/687 690/690/690
f 691/691/691 688/688/688 690/690/690
f 687/687/687 689/689/689 692/692/692
f 690/690/690 687/687/687 692/692/692
f 692/692/692 689/689/689 693/693/693
f 691/691/691 690/690/690 694/694/694
f 695/695/695 691/691/691 694/694/694
f 695/695/695 694/694/694 696/696/696
f 692/692/692 693/693/693 697/697/697
f 697/697/697 693/693/693 698/698/698
f 690/690/690 692/692/692 699/699/699
f 694/694/694 690/690/690 699/699/699
f 699/699/699 692/692/692 697/697/697
f 696/696/696 694/694/694 700/700/700
f 694/694/694 699/699/699 700/700/700
f 696/696/696 700/700/700 701/701/701
f 697/697/697 698/698/698 702/702/702
f 702/702/702 698/698/698 703/703/703
f 699/699/699 697/697/697 704/704/704
f 700/700/700 699/699/699 704/704/704
f 704/704/704 697/697/697 702/702/702
f 701/701/701 700/700/700 705/705/705
f 700/700/700 704/704/704 705/705/705
f 701/701/701 705/705/705 706/706/706
f 702/702/702 703/703/703 707/707/707
f 707/707/707 703/703/703 708/708/708
f 704/704/704 702/702/702 709/709/709
f 705/705/705 704/704/704 709/709/709
f 709/709/709 702/702/702 707/707/707
f 706/706/706 705/705/705 710/710/710
f 705/705/705 709/709/709 710/710/710
f 706/706/706 710/710/710 711/711/711
f 707/707/707 708/708/708 712/712/712
f 712/712/712 708/708/708 713/713/713
f 709/709/709 707/707/707 714/714/714
f 710/710/710 709/709/709 714/714/714
f 714/714/714 707/707/707 712/712/712
f 711/711/711 710/710/710 715/715/715
f 710/710/710 714/714/714 715/715/715
f 711/711/711 715/715/715 716/716/716
f 712/712/712 713/713/713 717/717/717
f 717/717/717 713/713/713 718/718/718
f 717/717/717 718/718/718 719/719/719
f 714/714/714 712/712/712 720/720/720
f 715/715/715 714/714/714 720/720/720
f 720/720/720 712/712/712 717/717/717
f 716/716/716 715/715/715 721/721/721
f 715/715/715 720/720/720 721/721/721
f 716/716/716 721/721/721 722/722/722
f 723/723/723 717/717/717 719/719/719
f 720/720/720 717/717/717 723/723/723
f 721/721/721 720/720/720 723/723/723
f 723/723/723 719/719/719 724/724/724
f 722/722/722 721/721/721 725/725/725
f 721/721/721 723/723/723 725/725/725
f 725/725/725 723/723/723 724/724/724
f 722/722/722 725/725/725 726/726/726
f 725/725/725 724/724/724 727/727/727
f 726/726/726 725/725/725 727/727/727
f 726/726/726 727/727/727 728/728/728
f 729/729/729 731/731/731 730/730/730
f 729/729/729 732/732/732 731/731/731
f 733/733/733 732/732/732 729/729/729
f 732/732/732 734/734/734 731/731/731
f 733/733/733 735/735/735 732/732/732
f 736/736/736 735/735/735 733/733/733
f 732/732/732 737/737/737 734/734/734
f 735/735/735 737/737/737 732/732/732
f 737/737/737 738/738/738 734/734/734
f 736/736/736 739/739/739 735/735/735
f 740/740/740 739/739/739 736/736/736
f 740/740/740 741/741/741 739/739/739
f 737/737/737 742/742/742 738/738/738
f 742/742/742 743/743/743 738/738/738
f 735/735/735 744/744/744 737/737/737
f 739/739/739 744/744/744 735/735/735
f 744/744/744 742/742/742 737/737/737
f 741/741/741 745/745/745 739/739/739
f 739/739/739 745/745/745 744/744/744
f 741/741/741 746/746/746 745/745/745
f 742/742/742 747/747/747 743/743/743
f 747/747/747 748/748/748 743/743/743
f 744/744/744 749/749/749 742/742/742
f 745/745/745 749/749/749 744/744/744
f 749/749/749 747/747/747 742/742/742
f 746/746/746 750/750/750 745/745/745
f 745/745/745 750/750/750 749/749/749
f 746/746/746 751/751/751 750/750/750
f 747/747/747 752/752/752 748/748/748
f 752/752/752 753/753/753 748/748/748
f 749/749/749 754/754/754 747/747/747
f 750/750/750 754/754/754 749/749/749
f 754/754/754 752/752/752 747/747/747
f 751/751/751 755/755/755 750/750/750
f 750/750/750 755/755/755 754/754/754
f 751/751/751 756/756/756 755/755/755
f 752/752/752 757/757/757 753/753/753
f 757/757/757 758/758/758 753/753/753
f 754/754/754 759/759/759 752/752/752
f 755/755/755 759/759/759 754/754/754
f 759/759/759 757/757/757 752/752/752
f 756/756/756 760/760/760 755/755/755
f 755/755/755 760/760/760 759/759/759
f 756/756/756 761/761/761 760/760/760
f 757/757/757 762/762/762 758/758/758
f 762/762/762 763/763/763 758/758/758
f 762/762/762 764/764/764 763/763/763
f 759/759/759 765/765/765 757/757/757
f 760/760/760 765/765/765 759/759/759
f 765/765/765 762/762/762 757/757/757
f 761/761/761 766/766/766 760/760/760
f 760/760/760 766/766/766 765/765/765
f 761/761/761 767/767/767 766/766/766
f 768/768/768 764/764/764 762/762/762
f 765/765/765 768/768/768 762/762/762
f 766/766/766 768/768/768 765/765/765
f 768/768/768 769/769/769 764/764/764
f 767/767/767 770/770/770 766/766/766
f 766/766/766 770/770/770 768/768/768
f 770/770/770 769/769/769 768/768/768
f 767/767/767 771/771/771 770/770/770
f 770/770/770 772/772/772 769/769/769
f 771/771/771 772/772/772 770/770/770
f 771/771/771 773/773/773 772/772/772
f 774/774/774 776/776/776 775/775/775
f 774/774/774 775/775/775 777/777/777
f 778/778/778 774/774/774 777/777/777
f 777/777/777 775/775/775 779/779/779
f 778/778/778 777/777/777 780/780/780
f 781/781/781 778/778/778 780/780/780
f 777/777/777 779/779/779 782/782/782
f 780/780/780 777/777/777 782/782/782
f 782/782/782 779/779/779 783/783/783
f 781/781/781 780/780/780 784/784/784
f 785/785/785 781/781/781 784/784/784
f 785/785/785 784/784/784 786/786/786
f 782/782/782 783/783/783 787/787/787
f 787/787/787 783/783/783 788/788/788
f 780/780/780 782/782/782 789/789/789
f 784/784/784 780/780/780 789/789/789
f 789/789/789 782/782/782 787/787/787
f 786/786/786 784/784/784 790/790/790
f 784/784/784 789/789/789 790/790/790
f 786/786/786 790/790/790 791/791/791
f 787/787/787 788/788/788 792/792/792
f 792/792/792 788/788/788 793/793/793
f 789/789/789 787/787/787 794/794/794
f 790/790/790 789/789/789 794/794/794
f 794/794/794 787/787/787 792/792/792
f 791/791/791 790/790/790 795/795/795
f 790/790/790 794/794/794 795/795/795
f 791/791/791 795/795/795 796/796/796
f 792/792/792 793/793/793 797/797/797
f 797/797/797 793/793/793 798/798/798
f 794/794/794 792/792/792 799/799/799
f 795/795/795 794/794/794 799/799/799
f 799/799/799 792/792/792 797/797/797
f 796/796/796 795/795/795 800/800/800
f 795/795/795 799/799/799 800/800/800
f 796/796/796 800/800/800 801/801/801
f 797/797/797 798/798/798 802/802/802
f 802/802/802 798/798/798 803/803/803
f 799/799/799 797/797/797 804/804/804
f 800/800/800 799/799/799 804/804/804
f 804/804/804 797/797/797 802/802/802
f 801/801/801 800/800/800 805/805/805
f 800/800/800 804/804/804 805/805/805
f 801/801/801 805/805/805 806/806/806
f 802/802/802 803/803/803 807/807/807
f 807/807/807 803/803/803 808/808/808
f 807/807/807 808/808/808 809/809/809
f 804/804/804 802/802/802 810/810/810
f 805/805/805 804/804/804 810/810/810
f 810/810/810 802/802/802 807/807/807
f 806/806/806 805/805/805 811/811/811
f 805/805/805 810/810/810 811/811/811
f 806/806/806 811/811/811 812/812/812
f 813/813/813 807/807/807 809/809/809
f 810/810/810 807/807/807 813/813/813
f 811/811/811 810/810/810 813/813/813
f 813/813/813 809/809/809 814/814/814
f 812/812/812 811/811/811 815/815/815
f 811/811/811 813/813/813 815/815/815
f 815/815/815 813/813/813 814/814/814
f 812/812/812 815/815/815 816/816/816
f 815/815/815 814/814/814 817/817/817
f 816/816/816 815/815/815 817/817/817
f 816/816/816 817/817/817 818/818/818
f 819/819/819 821/821/821 820/820/820
f 819/819/819 822/822/822 821/821/821
f 823/823/823 822/822/822 819/819/819
f 822/822/822 824/824/824 821/821/821
f 823/823/823 825/825/825 822/822/822
f 826/826/826 825/825/825 823/823/823
f 822/822/822 827/827/827 824/824/824
f 825/825/825 827/827/827 822/822/822
f 827/827/827 828/828/828 824/824/824
f 826/826/826 829/829/829 825/825/825
f 830/830/830 829/829/829 826/826/826
f 830/830/830 831/831/831 829/829/829
f 827/827/827 832/832/832 828/828/828
f 832/832/832 833/833/833 828/828/828
f 825/825/825 834/834/834 827/827/827
f 829/829/829 834/834/834 825/825/825
f 834/834/834 832/832/832 827/827/827
f 831/831/831 835/835/835 829/829/829
f 829/829/829 835/835/835 834/834/834
f 831/831/831 836/836/836 835/835/835
f 832/832/832 837/837/837 833/833/833
f 837/837/837 838/838/838 833/833/833
f 834/834/834 839/839/839 832/832/832
f 835/835/835 839/839/839 834/834/834
f 839/839/839 837/837/837 832/832/832
f 836/836/836 840/840/840 835/835/835
f 835/835/835 840/840/840 839/839/839
f 836/836/836 841/841/841 840/840/840
f 837/837/837 842/842/842 838/838/838
f 842/842/842 843/843/843 838/838/838
f 839/839/839 844/844/844 837/837/837
f 840/840/840 844/844/844 839/839/839
f 844/844/844 842/842/842 837/837/837
f 841/841/841 845/845/845 840/840/840
f 840/840/840 845/845/845 844/844/844
f 841/841/841 846/846/846 845/845/845
f 842/842/842 847/847/847 843/843/843
f 847/847/847 848/848/848 843/843/843
f 844/844/844 849/849/849 842/842/842
f 845/845/845 849/849/849 844/844/844
f 849/849/849 847/847/847 842/842/842
f 846/846/846 850/850/850 845/845/845
f 845/845/845 850/850/850 849/849/849
f 846/846/846 851/851/851 850/850/850
f 847/847/847 852/852/852 848/848/848
f 852/852/852 853/853/853 848/848/848
f 852/852/852 854/854/854 853/853/853
f 849/849/849 855/855/855 847/847/847
f 850/850/850 855/855/855 849/849/849
f 855/855/855 852/852/852 847/847/847
f 851/851/851 856/856/856 850/850/850
f 850/850/850 856/856/856 855/855/855
f 851/851/851 857/857/857 856/856/856
f 858/858/858 854/854/854 852/852/852
f 855/855/855 858/858/858 852/852/852
f 856/856/856 858/858/858 855/855/855
f 858/858/858 859/859/859 854/854/854
f 857/857/857 860/860/860 856/856/856
f 856/856/856 860/860/860 858/858/858
f 860/860/860 859/859/859 858/858/858
f 857/857/857 861/861/861 860/860/860
f 860/860/860 862/862/862 859/859/859
f 861/861/861 862/862/862 860/860/860
f 861/861/861 863/863/863 862/862/862
f 864/864/864 866/866/866 865/865/865
f 864/864/864 865/865/865 867/867/867
f 868/868/868 864/864/864 867/867/867
f 867/867/867 865/865/865 869/869/869
f 868/868/868 867/867/867 870/870/870
f 871/871/871 868/868/868 870/870/870
f 867/867/867 869/869/869 872/872/872
f 870/870/870 867/867/867 872/872/872
f 872/872/872 869/869/869 873/873/873
f 871/871/871 870/870/870 874/874/874
f 875/875/875 871/871/871 874/874/874
f 875/875/875 874/874/874 876/876/876
f 872/872/872 873/873/873 877/877/877
f 877/877/877 873/873/873 878/878/878
f 870/870/870 872/872/872 879/879/879
f 874/874/874 870/870/870 879/879/879
f 879/879/879 872/872/872 877/877/877
f 876/876/876 874/874/874 880/880/880
f 874/874/874 879/879/879 880/880/880
f 876/876/876 880/880/880 881/881/881
f 877/877/877 878/878/878 882/882/882
f 882/882/882 878/878/878 883/883/883
f 879/879/879 877/877/877 884/884/884
f 880/880/880 879/879/879 884/884/884
f 884/884/884 877/877/877 882/882/882
f 881/881/881 880/880/880 885/885/885
f 880/880/880 884/884/884 885/885/885
f 881/881/881 885/885/885 886/886/886
f 882/882/882 883/883/883 887/887/887
f 887/887/887 883/883/883 888/888/888
f 884/884/884 882/882/882 889/889/889
f 885/885/885 884/884/884 889/889/889
f 889/889/889 882/882/882 887/887/887
f 886/886/886 885/885/885 890/890/890
f 885/885/885 889/889/889 890/890/890
f 886/886/886 890/890/890 891/891/891
f 887/887/887 888/888/888 892/892/892
f 892/892/892 888/888/888 893/893/893
f 889/889/889 887/887/887 894/894/894
f 890/890/890 889/889/889 894/894/894
f 894/894/894 887/887/887 892/892/892
f 891/891/891 890/890/890 895/895/895
f 890/890/890 894/894/894 895/895/895
f 891/891/891 895/895/895 896/896/896
f 892/892/892 893/893/893 897/897/897
f 897/897/897 893/893/893 898/898/898
f 897/897/897 898/898/898 899/899/899
f 894/894/894 892/892/892 900/900/900
f 895/895/895 894/894/894 900/900/900
f 900/900/900 892/892/892 897/897/897
f 896/896/896 895/895/895 901/901/901
f 895/895/895 900/900/900 901/901/901
f 896/896/896 901/901/901 902/902/902
f 903/903/903 897/897/897 899/899/899
f 900/900/900 897/897/897 903/903/903
f 901/901/901 900/900/900 903/903/903
f 903/903/903 899/899/899 904/904/904
f 902/902/902 901/901/901 905/905/905
f 901/901/901 903/903/903 905/905/905
f 905/905/905 903/903/903 904/904/904
f 902/902/902 905/905/905 906/906/906
f 905/905/905 904/904/904 907/907/907
f 906/906/906 905/905/905 907/907/907
f 906/906/906 907/907/907 908/908/908
