mtllib P_Pine02_Snowy.mtl
v -1.185693 2.821582 1.790449 0 0 0
v -1.173769 2.832686 1.796269 0 0 0
v -1.190225 2.751061 1.959995 0 0 0
v -1.161333 2.821198 1.792706 0 0 0
v -1.190225 2.751061 1.959995 0 0 0
v -1.173257 2.810094 1.786885 0 0 0
v -1.190225 2.751061 1.959995 0 0 0
v -1.185693 2.821582 1.790449 0 0 0
v -1.190225 2.751061 1.959995 0 0 0
v -1.711578 2.95931 0.4148105 0 0 0
v -1.697559 2.936282 0.408286 0 0 0
v -1.740639 2.999894 0.1501552 0 0 0
v -1.688158 2.974067 0.413048 0 0 0
v -1.740639 2.999894 0.1501552 0 0 0
v -1.674138 2.951039 0.4065238 0 0 0
v -1.740639 2.999894 0.1501552 0 0 0
v -1.697559 2.936282 0.408286 0 0 0
v -1.740639 2.999894 0.1501552 0 0 0
v -0.1641314 -1.140523 0.4599462 0 0.9568627 0
v -0.3845522 -1.140523 0.2031344 0 0.9529412 0
v -0.4160241 -0.354576 0.1923674 0 0.6941177 0
v -0.2127736 -0.3510262 0.4292241 0 0.7254902 0
v 0.1733229 -1.140523 0.4856787 0 0.9529412 0
v -0.3847491 0.5198531 0.1618333 0 0.4431373 0
v 0.09844743 -0.3502846 0.4529978 0 0.7647059 0
v 0.4301347 -1.140523 0.2652582 0 0.9490196 0
v -0.1936386 0.4929451 0.3866572 0 0.372549 0
v 0.3353302 -0.3527849 0.2497624 0 0.7843137 0
v 0.4558673 -1.140523 -0.07219628 0 0.9529412 0
v 0.1002916 0.4630685 0.4092232 0 0.372549 0
v 0.1205688 0.8201054 0.3923809 0 0.2941177 0
v 0.1002916 0.4630685 0.4092232 0 0.372549 0
v -0.1504377 0.8476462 0.3715731 0 0.3019608 0
v -0.3267063 0.872488 0.1643695 0 0.3803922 0
v -0.2809867 1.826414 0.2590799 0 0.2862745 0
v -0.1093756 1.819119 0.4591686 0 0.3019608 0
v -0.4205085 3.576854 0.3882617 0 0 0
v 0.3591121 -0.3570634 -0.06142976 0 0.7843137 0
v 0.2354467 -1.140523 -0.3290081 0 0.9529412 0
v 0.3247579 0.4477547 0.2163241 0 0.4235294 0
v 0.3276388 0.8059855 0.2145303 0 0.3372549 0
v 0.1530854 1.833447 0.4803338 0 0.2901961 0
v -0.2656687 3.59476 0.57112 0 0 0
v -0.4440213 5.447841 0.06222475 0 0 0
v 0.1558616 -0.360613 -0.2982863 0 0.7568628 0
v -0.1020078 -1.140523 -0.3547406 0 0.9607843 0
v 0.3482828 0.4559805 -0.07893483 0 0.5137255 0
v 0.3493981 0.8135658 -0.05787268 0 0.4313726 0
v 0.3526505 1.861007 0.3101768 0 0.2470588 0
v -0.02669408 3.610572 0.5904659 0 0 0
v -0.3044149 5.471388 0.2265802 0 0 0
v -0.2987719 7.634511 -0.2473235 0 0 0
v -0.1553595 -0.3613546 -0.3220601 0 0.7215686 0
v -0.3588196 -1.140523 -0.1343201 0 0.9568627 0
v 0.1571883 0.4829009 -0.3036087 0 0.5686275 0
v 0.1730257 0.8384157 -0.2651884 0 0.4980392 0
v 0.3724168 1.885654 0.04837364 0 0.2470588 0
v 0.1564272 3.615029 0.434967 0 0 0
v -0.08830967 5.471586 0.2454427 0 0 0
v -0.1752614 7.632178 -0.09851241 0 0 0
v -0.04954935 9.614704 -0.1720666 0 0 0
v 0.03128113 9.604118 -0.07313974 0 0 0
v 0.1498727 11.59411 -0.08511323 0 0 0
v 0.01688681 7.619614 -0.08045137 0 0 0
v 0.0777025 5.448318 0.1077628 0 0 0
v 0.1764252 3.605519 0.1957123 0 0 0
v 0.2008058 1.89295 -0.1517152 0 0.2745098 0
v 0.2039939 11.59084 -0.01933906 0 0 0
v 0.2095106 13.45395 -0.1203013 0 0 0
v 0.1579925 9.597209 -0.05836419 0 0 0
v 0.165115 7.604179 -0.2037201 0 0 0
v 0.09637412 5.415214 -0.1058087 0 0 0
v 0.2562088 13.45743 -0.06364115 0 0 0
v 0.1780893 15.44482 -0.2234945 0 0 0
v 0.2888662 11.58799 -0.01052253 0 0 0
v 0.2571581 9.596367 -0.1381939 0 0 0
v 0.2083462 15.44667 -0.186974 0 0 0
v 0.1617229 16.50526 -0.2579972 0 0 0
v 0.329304 13.45839 -0.05677413 0 0 0
v 0.187444 16.50568 -0.2269367 0 0 0
v 0.2004171 16.82209 -0.2599882 0 0 0
v 0.2555839 15.448 -0.182562 0 0 0
v 0.3550391 11.58654 -0.06453761 0 0 0
v 0.1825931 7.594917 -0.3961095 0 0 0
v 0.2275245 16.50072 -0.2231377 0 0 0
v 0.2004171 16.82209 -0.2599882 0 0 0
v 0.3858718 13.45674 -0.1035539 0 0 0
v 0.2703463 9.602741 -0.265134 0 0 0
v 0.2921312 15.44805 -0.2128431 0 0 0
v 0.3634267 11.58781 -0.1491579 0 0 0
v 0.2584681 16.49416 -0.2488809 0 0 0
v 0.2004171 16.82209 -0.2599882 0 0 0
v 0.3927746 13.45343 -0.1765777 0 0 0
v 0.2965792 15.44676 -0.2600789 0 0 0
v 0.2621653 16.48985 -0.2890337 0 0 0
v 0.2004171 16.82209 -0.2599882 0 0 0
v 0.0590826 7.59725 -0.5449207 0 0 0
v 0.1892828 9.61402 -0.3633775 0 0 0
v 0.3092754 11.5914 -0.2146749 0 0 0
v 0.3443983 13.44542 -0.2323503 0 0 0
v 0.2663222 15.44491 -0.2965994 0 0 0
v -0.04323234 5.391665 -0.2701643 0 0 0
v 0.2364281 16.48954 -0.3201444 0 0 0
v 0.2004171 16.82209 -0.2599882 0 0 0
v 0.02158532 3.587613 0.01285392 0 0 0
v 0.2241936 11.59509 -0.2227109 0 0 0
v 0.2731799 13.44196 -0.2382864 0 0 0
v 0.2190846 15.44357 -0.3010114 0 0 0
v 0.06149079 9.623216 -0.3756888 0 0 0
v 0.196331 16.49328 -0.3239959 0 0 0
v 0.2004171 16.82209 -0.2599882 0 0 0
v -0.1330656 7.609815 -0.5629817 0 0 0
v -0.2593376 5.391469 -0.2890268 0 0 0
v -0.2173895 3.571799 -0.006492073 0 0 0
v -0.06165531 1.878622 -0.1728802 0 0.3176471 0
v -0.0980911 0.8659693 -0.2858978 0 0.5019608 0
v -0.1365966 0.5127454 -0.3261915 0 0.5647059 0
v -0.3050574 0.8800807 -0.1079352 0 0.4745098 0
v -0.2612204 1.851062 -0.002723262 0 0.3019608 0
v -0.4005107 3.567343 0.149007 0 0 0
v -0.4253498 5.414736 -0.1513468 0 0 0
v -0.3922425 -0.3588543 -0.1188246 0 0.6941177 0
v -0.3845522 -1.140523 0.2031344 0 0.9529412 0
v -0.4160241 -0.354576 0.1923674 0 0.6941177 0
v -0.3610786 0.528047 -0.1334427 0 0.5333334 0
v -0.3847491 0.5198531 0.1618333 0 0.4431373 0
v -0.3267063 0.872488 0.1643695 0 0.3803922 0
v -0.2809867 1.826414 0.2590799 0 0.2862745 0
v -0.4205085 3.576854 0.3882617 0 0 0
v -0.4440213 5.447841 0.06222475 0 0 0
v -0.2812939 7.625249 -0.4397129 0 0 0
v -0.2987719 7.634511 -0.2473235 0 0 0
v -0.03738426 9.623322 -0.2966149 0 0 0
v -0.04954935 9.614704 -0.1720666 0 0 0
v 0.1580921 11.59619 -0.1690071 0 0 0
v 0.1498727 11.59411 -0.08511323 0 0 0
v 0.2173442 13.44689 -0.1932395 0 0 0
v 0.2095106 13.45395 -0.1203013 0 0 0
v 0.1825374 15.44354 -0.2707303 0 0 0
v 0.1780893 15.44482 -0.2234945 0 0 0
v 0.165403 16.49978 -0.2982033 0 0 0
v 0.2004171 16.82209 -0.2599882 0 0 0
v 0.1617229 16.50526 -0.2579972 0 0 0
v 0.2004171 16.82209 -0.2599882 0 0 0
v 0.3602618 13.48294 -0.1097103 0 0 0
v 0.3530466 13.34491 -0.1697722 0 0 0
v 0.3560553 13.16949 0.2405052 0 0 0
v 0.3676494 13.23275 0.2987649 0 0 0
v 0.2496537 13.49477 -0.09470764 0 0 0
v 0.3736304 12.4581 0.7090154 0 0 0
v 0.2867097 13.23935 0.3096451 0 0 0
v 0.2336614 13.35914 -0.1548135 0 0 0
v 0.3793996 12.48835 0.7408421 0 0 0
v 0.1109552 12.24941 0.8777401 0 0 0
v 0.2751157 13.17609 0.2513854 0 0 0
v 0.3530466 13.34491 -0.1697722 0 0 0
v 0.3560553 13.16949 0.2405052 0 0 0
v 0.3395797 12.49339 0.7432197 0 0 0
v 0.1177909 12.28448 0.9177707 0 0 0
v -0.16208 11.72319 1.282409 0 0 0
v 0.3338217 12.46314 0.7113894 0 0 0
v 0.3736304 12.4581 0.7090154 0 0 0
v 0.06668188 12.30072 0.9132252 0 0 0
v -0.16208 11.72319 1.282409 0 0 0
v 0.05978228 12.26518 0.8725552 0 0 0
v -0.16208 11.72319 1.282409 0 0 0
v 0.1109552 12.24941 0.8777401 0 0 0
v -0.16208 11.72319 1.282409 0 0 0
v -0.5368763 12.4237 -1.764834 0 0 0
v -0.5045773 12.42534 -1.777845 0 0 0
v -0.7773868 12.23591 -2.108701 0 0 0
v -0.240312 12.53177 -1.436042 0 0 0
v -0.2020925 12.53452 -1.457917 0 0 0
v -0.4942013 12.45769 -1.792259 0 0 0
v -0.7773868 12.23591 -2.108701 0 0 0
v -0.2651925 12.5721 -1.430931 0 0 0
v -0.5585948 12.45416 -1.76607 0 0 0
v -0.7773868 12.23591 -2.108701 0 0 0
v -0.2518934 12.61525 -1.447781 0 0 0
v -0.5482372 12.48654 -1.780518 0 0 0
v -0.7773868 12.23591 -2.108701 0 0 0
v -0.1397353 12.76928 -1.161706 0 0 0
v -0.1499418 12.73024 -1.13888 0 0 0
v 0.01112089 13.18416 -0.7282634 0 0 0
v -0.1202155 12.69669 -1.133639 0 0 0
v -0.0009816363 13.14074 -0.7061538 0 0 0
v 0.1097544 13.23159 -0.4798506 0 0 0
v 0.09268256 13.1764 -0.4596837 0 0 0
v 0.2323049 13.2107 -0.1963232 0 0 0
v 0.2097567 13.14512 -0.1789824 0 0 0
v 0.03039807 13.10289 -0.7026389 0 0 0
v 0.1277128 13.12845 -0.4621362 0 0 0
v 0.2482378 13.0876 -0.1877455 0 0 0
v -0.08029396 12.70217 -1.151246 0 0 0
v 0.1797302 13.13544 -0.4848102 0 0 0
v 0.3089047 13.09576 -0.2142123 0 0 0
v 0.07379086 13.10864 -0.7215003 0 0 0
v -0.1887752 12.57764 -1.474728 0 0 0
v 0.1967174 13.19039 -0.5050313 0 0 0
v 0.3311116 13.16137 -0.2318733 0 0 0
v 0.08575215 13.15241 -0.74392 0 0 0
v -0.07010829 12.74123 -1.174114 0 0 0
v -0.516143 12.48844 -1.793696 0 0 0
v -0.7773868 12.23591 -2.108701 0 0 0
v 0.1617065 13.23917 -0.5022508 0 0 0
v 0.2928504 13.22001 -0.222239 0 0 0
v 0.05449869 13.18996 -0.7471336 0 0 0
v 0.1097544 13.23159 -0.4798506 0 0 0
v 0.2323049 13.2107 -0.1963232 0 0 0
v 0.01112089 13.18416 -0.7282634 0 0 0
v -0.1397353 12.76928 -1.161706 0 0 0
v -0.09982962 12.77479 -1.179346 0 0 0
v -0.2518934 12.61525 -1.447781 0 0 0
v -0.2136956 12.61803 -1.469702 0 0 0
v -0.5482372 12.48654 -1.780518 0 0 0
v -0.7773868 12.23591 -2.108701 0 0 0
v 0.2332444 9.97696 -0.2196759 0 0 0
v 0.2300735 9.867816 -0.2382168 0 0 0
v 0.6527548 9.841437 0.1775504 0 0 0
v 0.6911625 9.937702 0.2161697 0 0 0
v 0.1794868 10.01983 -0.1367909 0 0 0
v 1.093872 9.412106 0.1422684 0 0 0
v 0.6740675 9.971579 0.3205164 0 0 0
v 0.1224797 9.953672 -0.07230859 0 0 0
v 1.143509 9.480972 0.1786559 0 0 0
v 1.702392 8.985388 0.3504444 0 0 0
v 0.6185492 9.909092 0.38618 0 0 0
v 0.1187473 9.84561 -0.08965115 0 0 0
v 1.145103 9.499329 0.2695109 0 0 0
v 1.724678 9.04924 0.3732501 0 0 0
v 2.185565 8.618469 0.5377529 0 0 0
v 0.5801272 9.812853 0.3475898 0 0 0
v 0.172594 9.802599 -0.172701 0 0 0
v 1.097061 9.448819 0.3239784 0 0 0
v 1.708437 9.066105 0.4370969 0 0 0
v 2.195669 8.671035 0.5508052 0 0 0
v 2.352992 8.360038 0.9414271 0 0 0
v 0.5972615 9.779058 0.243278 0 0 0
v 0.2300735 9.867816 -0.2382168 0 0 0
v 0.6527548 9.841437 0.1775504 0 0 0
v 1.047425 9.379953 0.2875907 0 0 0
v 1.04583 9.361597 0.1967358 0 0 0
v 1.093872 9.412106 0.1422684 0 0 0
v 1.669958 9.018667 0.4779606 0 0 0
v 2.165662 8.693079 0.5855429 0 0 0
v 2.362094 8.390651 0.9531695 0 0 0
v 2.653975 8.252836 1.250731 0 0 0
v 1.647573 8.955782 0.4555369 0 0 0
v 1.66377 8.939335 0.3918555 0 0 0
v 1.702392 8.985388 0.3504444 0 0 0
v 2.125585 8.662229 0.6070985 0 0 0
v 2.34356 8.407791 0.9761682 0 0 0
v 2.653975 8.252836 1.250731 0 0 0
v 2.115507 8.609406 0.5939436 0 0 0
v 2.14548 8.587696 0.559338 0 0 0
v 2.185565 8.618469 0.5377529 0 0 0
v 2.315923 8.3943 0.9874209 0 0 0
v 2.653975 8.252836 1.250731 0 0 0
v 2.306818 8.36365 0.975673 0 0 0
v 2.653975 8.252836 1.250731 0 0 0
v 2.325353 8.346538 0.9526785 0 0 0
v 2.653975 8.252836 1.250731 0 0 0
v 2.352992 8.360038 0.9414271 0 0 0
v 2.653975 8.252836 1.250731 0 0 0
v -0.2294716 4.999496 0.05954827 0 0 0
v -0.2742274 4.870624 0.04631525 0 0 0
v -0.2744661 4.990862 -0.9030869 0 0 0
v -0.2391929 5.091619 -0.9046828 0 0 0
v -0.09944583 5.017541 0.05808629 0 0 0
v 0.03973684 4.6699 -2.130818 0 0 0
v -0.1382097 5.105398 -0.8959766 0 0 0
v -0.01417591 4.906715 0.04339127 0 0 0
v 0.07048509 4.737864 -2.151773 0 0 0
v 0.5888706 3.906545 -2.864057 0 0 0
v -0.07249977 5.01842 -0.885675 0 0 0
v -0.05893173 4.777844 0.03015824 0 0 0
v 0.1410166 4.752264 -2.131066 0 0 0
v 0.6093773 3.945951 -2.87901 0 0 0
v 1.426328 3.449891 -3.035138 0 0 0
v -0.107773 4.917663 -0.8840791 0 0 0
v -0.1889574 4.759798 0.03162023 0 0 0
v 0.1807996 4.698699 -2.089403 0 0 0
v 0.6418431 3.965687 -2.853704 0 0 0
v 1.426328 3.449891 -3.035138 0 0 0
v -0.2087561 4.903885 -0.8927853 0 0 0
v -0.2742274 4.870624 0.04631525 0 0 0
v -0.2744661 4.990862 -0.9030869 0 0 0
v 0.1500512 4.630735 -2.068447 0 0 0
v 0.6538024 3.946015 -2.813443 0 0 0
v 1.426328 3.449891 -3.035138 0 0 0
v 0.07951996 4.616335 -2.089155 0 0 0
v 0.03973684 4.6699 -2.130818 0 0 0
v 0.6332958 3.906608 -2.798489 0 0 0
v 1.426328 3.449891 -3.035138 0 0 0
v 0.60083 3.886873 -2.823796 0 0 0
v 1.426328 3.449891 -3.035138 0 0 0
v 0.5888706 3.906545 -2.864057 0 0 0
v 1.426328 3.449891 -3.035138 0 0 0
v 0.1875555 11.03401 -0.1048272 0 0 0
v 0.2241921 10.93333 -0.07274499 0 0 0
v -0.3824567 10.78235 0.08930354 0 0 0
v -0.4346968 10.87711 0.0644379 0 0 0
v 0.1483863 11.05408 -0.2014139 0 0 0
v -0.8042713 10.51244 0.421003 0 0 0
v -0.4909893 10.89195 -0.02334044 0 0 0
v 0.1458483 10.97345 -0.2659388 0 0 0
v -0.8565593 10.58487 0.4113813 0 0 0
v -1.223632 10.10645 1.011858 0 0 0
v -0.4951743 10.81207 -0.08615179 0 0 0
v 0.1824458 10.87283 -0.2337896 0 0 0
v -0.9246874 10.59566 0.3543552 0 0 0
v -1.268369 10.1648 1.008762 0 0 0
v -1.717906 9.732733 1.151005 0 0 0
v -0.4427837 10.71723 -0.06144516 0 0 0
v 0.2216198 10.85279 -0.13718 0 0 0
v -0.9380332 10.52043 0.3048883 0 0 0
v -1.312555 10.177 0.9549602 0 0 0
v -1.737419 9.769193 1.142148 0 0 0
v -1.824293 9.715247 1.584059 0 0 0
v -0.3865966 10.70236 0.02638527 0 0 0
v 0.2241921 10.93333 -0.07274499 0 0 0
v -0.3824567 10.78235 0.08930354 0 0 0
v -0.8857549 10.45034 0.3144509 0 0 0
v -0.8189047 10.44592 0.3726031 0 0 0
v -0.8042713 10.51244 0.421003 0 0 0
v -1.31205 10.13094 0.9044482 0 0 0
v -1.768115 9.78332 1.105445 0 0 0
v -1.838314 9.739943 1.580312 0 0 0
v -2.262606 9.369431 1.907049 0 0 0
v -1.267449 10.07286 0.9081315 0 0 0
v -1.22322 10.06057 0.9617466 0 0 0
v -1.223632 10.10645 1.011858 0 0 0
v -1.778644 9.761454 1.077575 0 0 0
v -1.852204 9.744904 1.559786 0 0 0
v -2.262606 9.369431 1.907049 0 0 0
v -1.759112 9.725193 1.087296 0 0 0
v -1.72909 9.710554 1.124028 0 0 0
v -1.717906 9.732733 1.151005 0 0 0
v -1.851231 9.725458 1.543305 0 0 0
v -2.262606 9.369431 1.907049 0 0 0
v -1.836989 9.700586 1.547456 0 0 0
v -2.262606 9.369431 1.907049 0 0 0
v -1.824029 9.695372 1.567688 0 0 0
v -2.262606 9.369431 1.907049 0 0 0
v -1.824293 9.715247 1.584059 0 0 0
v -2.262606 9.369431 1.907049 0 0 0
v 0.06745717 9.488329 -0.240866 0 0 0
v -0.01946893 9.362265 -0.2242395 0 0 0
v -0.06475928 9.300003 -1.236292 0 0 0
v -0.02033069 9.374157 -1.278784 0 0 0
v 0.2133663 9.47257 -0.2547398 0 0 0
v -0.6026615 8.867676 -1.638894 0 0 0
v 0.06045863 9.356745 -1.31543 0 0 0
v 0.2718126 9.329258 -0.2527375 0 0 0
v -0.5764638 8.910084 -1.667707 0 0 0
v -0.5686651 8.630946 -2.091681 0 0 0
v 0.09681818 9.265228 -1.30961 0 0 0
v 0.1846231 9.202538 -0.2364237 0 0 0
v -0.5249723 8.894938 -1.686407 0 0 0
v -0.5370458 8.689485 -2.114365 0 0 0
v -0.5395194 8.534307 -2.528927 0 0 0
v 0.05238852 9.191128 -1.267145 0 0 0
v 0.03948472 9.219589 -0.2221069 0 0 0
v -0.4996454 8.83744 -1.67633 0 0 0
v -0.4719244 8.687486 -2.136065 0 0 0
v -0.5193735 8.564346 -2.547238 0 0 0
v -0.5319413 8.284852 -2.8998 0 0 0
v -0.02839937 9.208469 -1.230463 0 0 0
v -0.01946893 9.362265 -0.2242395 0 0 0
v -0.06475928 9.300003 -1.236292 0 0 0
v -0.5257888 8.79528 -1.647653 0 0 0
v -0.5772768 8.810375 -1.628927 0 0 0
v -0.6026615 8.867676 -1.638894 0 0 0
v -0.4411213 8.629469 -2.13638 0 0 0
v -0.4737333 8.569652 -2.557119 0 0 0
v -0.5319413 8.284852 -2.8998 0 0 0
v -0.4731041 8.572347 -2.114102 0 0 0
v -0.5373198 8.571568 -2.091523 0 0 0
v -0.5686651 8.630946 -2.091681 0 0 0
v -0.4478666 8.546055 -2.548817 0 0 0
v -0.5319413 8.284852 -2.8998 0 0 0
v -0.4677943 8.516678 -2.530638 0 0 0
v -0.5319413 8.284852 -2.8998 0 0 0
v -0.5138143 8.510219 -2.520621 0 0 0
v -0.5319413 8.284852 -2.8998 0 0 0
v -0.5395194 8.534307 -2.528927 0 0 0
v -0.5319413 8.284852 -2.8998 0 0 0
v -0.1285529 6.833038 -0.1011527 0 0 0
v -0.07410683 6.851696 -0.1938341 0 0 0
v 0.4882153 6.842101 0.11784 0 0 0
v 0.4334523 6.823998 0.2076196 0 0 0
v -0.1545064 6.72604 -0.06853484 0 0 0
v 0.7867868 6.733587 0.2823803 0 0 0
v 0.3963417 6.720458 0.2330455 0 0 0
v -0.1260138 6.637699 -0.1285984 0 0 0
v 0.73128 6.717072 0.3679084 0 0 0
v 1.259838 6.219618 0.5209594 0 0 0
v 0.4139942 6.635019 0.1686917 0 0 0
v -0.07156768 6.656356 -0.2212798 0 0 0
v 0.6680084 6.627789 0.3778117 0 0 0
v 1.207776 6.202809 0.6024235 0 0 0
v 1.976004 5.551227 0.9932653 0 0 0
v 0.4687572 6.653121 0.07891217 0 0 0
v -0.04561415 6.763355 -0.2538977 0 0 0
v 0.6602437 6.555018 0.3021868 0 0 0
v 1.144697 6.12214 0.6095667 0 0 0
v 1.917291 5.561681 1.052703 0 0 0
v 2.136045 5.212464 1.373874 0 0 0
v 0.5058678 6.756662 0.05348635 0 0 0
v -0.07410683 6.851696 -0.1938341 0 0 0
v 0.4882153 6.842101 0.11784 0 0 0
v 0.7157503 6.571535 0.2166585 0 0 0
v 0.779022 6.660819 0.2067554 0 0 0
v 0.7867868 6.733587 0.2823803 0 0 0
v 1.133334 6.057539 0.5354459 0 0 0
v 1.851964 5.502026 1.05123 0 0 0
v 2.076627 5.225643 1.401029 0 0 0
v 2.127829 4.877579 2.021128 0 0 0
v 1.185145 6.073811 0.4541261 0 0 0
v 1.248501 6.155073 0.4468229 0 0 0
v 1.259838 6.219618 0.5209594 0 0 0
v 1.84588 5.433062 0.9901607 0 0 0
v 2.031947 5.188689 1.398341 0 0 0
v 2.127829 4.877579 2.021128 0 0 0
v 1.904591 5.422604 0.9307228 0 0 0
v 1.969365 5.481067 0.9323608 0 0 0
v 1.976004 5.551227 0.9932653 0 0 0
v 2.036729 5.128492 1.367819 0 0 0
v 2.127829 4.877579 2.021128 0 0 0
v 2.093922 5.111272 1.336721 0 0 0
v 2.127829 4.877579 2.021128 0 0 0
v 2.143523 5.153131 1.339736 0 0 0
v 2.127829 4.877579 2.021128 0 0 0
v 2.136045 5.212464 1.373874 0 0 0
v 2.127829 4.877579 2.021128 0 0 0
v -0.1924659 7.661644 -0.3429589 0 0 0
v -0.1148418 7.674535 -0.1706998 0 0 0
v -1.163079 7.478697 0.3030272 0 0 0
v -1.208059 7.472748 0.1626525 0 0 0
v -0.2113453 7.498783 -0.438486 0 0 0
v -2.337997 6.718204 0.4584866 0 0 0
v -1.193131 7.35368 0.07645674 0 0 0
v -0.1526004 7.348814 -0.3617542 0 0 0
v -2.376415 6.711598 0.3574595 0 0 0
v -3.045709 6.485888 0.890445 0 0 0
v -1.133223 7.24056 0.1306351 0 0 0
v -0.07497647 7.361706 -0.1894951 0 0 0
v -2.364086 6.624842 0.293752 0 0 0
v -3.070255 6.481154 0.8295117 0 0 0
v -3.489488 5.741499 0.8967368 0 0 0
v -1.088243 7.24651 0.2710097 0 0 0
v -0.05609717 7.524565 -0.09396789 0 0 0
v -2.313338 6.544691 0.3310719 0 0 0
v -3.053621 6.433913 0.7870474 0 0 0
v -3.489488 5.741499 0.8967368 0 0 0
v -1.103171 7.365577 0.3572057 0 0 0
v -0.1148418 7.674535 -0.1706998 0 0 0
v -1.163079 7.478697 0.3030272 0 0 0
v -2.27492 6.551296 0.4320989 0 0 0
v -3.012439 6.391404 0.8055164 0 0 0
v -3.489488 5.741499 0.8967368 0 0 0
v -2.287248 6.638052 0.4958065 0 0 0
v -2.337997 6.718204 0.4584866 0 0 0
v -2.987891 6.396138 0.86645 0 0 0
v -3.489488 5.741499 0.8967368 0 0 0
v -3.004527 6.443379 0.9089141 0 0 0
v -3.489488 5.741499 0.8967368 0 0 0
v -3.045709 6.485888 0.890445 0 0 0
v -3.489488 5.741499 0.8967368 0 0 0
v -0.05991223 3.580462 0.06507736 0 0 0
v -0.00139799 3.619567 0.1599702 0 0 0
v -0.5586306 3.67415 0.4613155 0 0 0
v -0.6040312 3.639344 0.3737683 0 0 0
v -0.07629003 3.463811 0.05870745 0 0 0
v -1.171104 3.492323 0.7894052 0 0 0
v -0.6031927 3.535614 0.3598084 0 0 0
v -0.0341536 3.386264 0.1472306 0 0 0
v -1.206314 3.463078 0.709573 0 0 0
v -1.424596 3.252048 1.001473 0 0 0
v -0.5569531 3.466691 0.4333958 0 0 0
v 0.02436052 3.425369 0.2421234 0 0 0
v -1.180559 3.379095 0.6823282 0 0 0
v -1.46138 3.222483 0.9374204 0 0 0
v -1.538429 3.145533 1.144588 0 0 0
v -0.5115525 3.501498 0.5209431 0 0 0
v 0.04073832 3.542021 0.2484934 0 0 0
v -1.119594 3.324358 0.7349157 0 0 0
v -1.434432 3.15278 0.9099901 0 0 0
v -1.579372 3.115549 1.100866 0 0 0
v -1.704526 3.180367 1.311015 0 0 0
v -0.5123912 3.605227 0.534903 0 0 0
v -0.00139799 3.619567 0.1599702 0 0 0
v -0.5586306 3.67415 0.4613155 0 0 0
v -1.084385 3.353602 0.8147478 0 0 0
v -1.110139 3.437585 0.8419926 0 0 0
v -1.171104 3.492323 0.7894052 0 0 0
v -1.370698 3.11264 0.9466129 0 0 0
v -1.573449 3.048042 1.09563 0 0 0
v -1.739175 3.156005 1.277012 0 0 0
v -1.991635 3.165802 1.556397 0 0 0
v -1.333913 3.142205 1.010666 0 0 0
v -1.360862 3.211909 1.038096 0 0 0
v -1.424596 3.252048 1.001473 0 0 0
v -1.526583 3.010518 1.134117 0 0 0
v -1.742658 3.101005 1.28113 0 0 0
v -2.012252 3.14783 1.526203 0 0 0
v -2.234315 3.035297 1.75387 0 0 0
v -1.48564 3.040502 1.177839 0 0 0
v -1.491563 3.10801 1.183074 0 0 0
v -1.538429 3.145533 1.144588 0 0 0
v -1.711491 3.070365 1.319253 0 0 0
v -2.006838 3.107034 1.522242 0 0 0
v -2.241622 3.026979 1.73149 0 0 0
v -2.494742 2.692034 1.875878 0 0 0
v -1.676842 3.094727 1.353256 0 0 0
v -1.67336 3.149727 1.349137 0 0 0
v -1.704526 3.180367 1.311015 0 0 0
v -1.980806 3.084211 1.548475 0 0 0
v -2.230794 3.005867 1.723421 0 0 0
v -2.494742 2.692034 1.875878 0 0 0
v -1.960189 3.102184 1.578668 0 0 0
v -1.965604 3.142979 1.582629 0 0 0
v -1.991635 3.165802 1.556397 0 0 0
v -2.212659 2.993074 1.737732 0 0 0
v -2.494742 2.692034 1.875878 0 0 0
v -2.205352 3.001393 1.760112 0 0 0
v -2.494742 2.692034 1.875878 0 0 0
v -2.216179 3.022505 1.768181 0 0 0
v -2.494742 2.692034 1.875878 0 0 0
v -2.234315 3.035297 1.75387 0 0 0
v -2.494742 2.692034 1.875878 0 0 0
v 0.07084129 1.774957 -0.6597207 0 0.2313726 0
v 0.1469135 1.786071 -0.6394057 0 0.2352941 0
v 0.1681701 1.859553 -0.6191767 0 0.227451 0
v 0.01602564 1.837324 -0.6598064 0 0.227451 0
v 0.1133543 1.92192 -0.6192625 0 0.2156863 0
v 0.03728209 1.910805 -0.6395774 0 0.2156863 0
v 0.1006344 1.708907 0.0778911 0 0.3019608 0
v -0.03845873 1.67567 0.0768565 0 0.3176471 0
v -0.08229461 1.887285 -0.3076306 0 0.282353 0
v 0.04688856 1.910457 -0.2907069 0 0.2745098 0
v 0.03728209 1.910805 -0.6395774 0 0.2156863 0
v 0.2034145 1.62037 0.01523044 0 0.2431373 0
v 0.1133543 1.92192 -0.6192625 0 0.2156863 0
v 0.1428942 1.815157 -0.320381 0 0.2470588 0
v 0.1671012 1.498596 -0.04846483 0 0.2235294 0
v 0.1681701 1.859553 -0.6191767 0 0.227451 0
v 0.1097167 1.696684 -0.3669784 0 0.2235294 0
v 0.02800808 1.465359 -0.04949944 0 0.2431373 0
v 0.1469135 1.786071 -0.6394057 0 0.2352941 0
v -0.01946642 1.673513 -0.383902 0 0.2235294 0
v -0.07477178 1.553896 0.01316122 0 0.2745098 0
v 0.07084129 1.774957 -0.6597207 0 0.2313726 0
v -0.115472 1.768812 -0.3542282 0 0.254902 0
v -0.03845873 1.67567 0.0768565 0 0.3176471 0
v 0.01602564 1.837324 -0.6598064 0 0.227451 0
v -0.08229461 1.887285 -0.3076306 0 0.282353 0
v 0.03728209 1.910805 -0.6395774 0 0.2156863 0
v -1.156604 3.323951 0.81325 0 0 0
v -1.240813 3.26977 0.8360286 0 0 0
v -1.098259 3.219558 1.189181 0 0 0
v -1.028406 3.258407 1.185462 0 0 0
v -1.202389 3.409378 0.8471832 0 0 0
v -1.081224 3.113644 1.502422 0 0 0
v -1.063917 3.324841 1.212444 0 0 0
v -1.286598 3.355198 0.8699617 0 0 0
v -1.028523 3.130758 1.521754 0 0 0
v -1.157995 2.80407 1.736316 0 0 0
v -1.13377 3.285992 1.216163 0 0 0
v -1.240813 3.26977 0.8360286 0 0 0
v -1.098259 3.219558 1.189181 0 0 0
v -1.053826 3.173735 1.552685 0 0 0
v -1.128203 2.809987 1.755032 0 0 0
v -1.361633 2.860366 2.085298 0 0 0
v -1.106526 3.156621 1.533352 0 0 0
v -1.081224 3.113644 1.502422 0 0 0
v -1.14064 2.841998 1.764707 0 0 0
v -1.361633 2.860366 2.085298 0 0 0
v -1.170432 2.836079 1.745991 0 0 0
v -1.361633 2.860366 2.085298 0 0 0
v -1.157995 2.80407 1.736316 0 0 0
v -1.361633 2.860366 2.085298 0 0 0
v -1.092881 2.998173 1.604273 0 0 0
v -1.09972 3.019316 1.63258 0 0 0
v -1.271115 2.964448 1.62506 0 0 0
v -1.27171 2.94843 1.605165 0 0 0
v -1.086155 2.970648 1.626458 0 0 0
v -1.430857 2.969279 1.664857 0 0 0
v -1.26805 2.928681 1.620956 0 0 0
v -1.092993 2.991791 1.654765 0 0 0
v -1.430565 2.959778 1.652816 0 0 0
v -1.601918 2.842527 1.682099 0 0 0
v -1.267455 2.9447 1.640851 0 0 0
v -1.09972 3.019316 1.63258 0 0 0
v -1.271115 2.964448 1.62506 0 0 0
v -1.425816 2.948382 1.661922 0 0 0
v -1.601918 2.842527 1.682099 0 0 0
v -1.426109 2.957883 1.673964 0 0 0
v -1.601918 2.842527 1.682099 0 0 0
v -1.430857 2.969279 1.664857 0 0 0
v -1.601918 2.842527 1.682099 0 0 0
v -1.559946 3.077504 1.157425 0 0 0
v -1.59003 3.136111 1.157405 0 0 0
v -1.860248 2.988104 1.034994 0 0 0
v -1.852138 2.937737 1.029318 0 0 0
v -1.582742 3.065823 1.218119 0 0 0
v -2.154467 3.038713 1.00701 0 0 0
v -1.865031 2.930128 1.078418 0 0 0
v -1.612826 3.12443 1.2181 0 0 0
v -2.156835 3.00184 0.9997898 0 0 0
v -2.357418 3.049962 0.8345502 0 0 0
v -1.873141 2.980495 1.084093 0 0 0
v -1.59003 3.136111 1.157405 0 0 0
v -1.860248 2.988104 1.034994 0 0 0
v -2.173035 2.996315 1.033321 0 0 0
v -2.351577 3.027857 0.83351 0 0 0
v -2.663393 2.875316 0.8160329 0 0 0
v -2.170667 3.033187 1.040541 0 0 0
v -2.154467 3.038713 1.00701 0 0 0
v -2.360412 3.024542 0.8543615 0 0 0
v -2.663393 2.875316 0.8160329 0 0 0
v -2.366252 3.046647 0.8554016 0 0 0
v -2.663393 2.875316 0.8160329 0 0 0
v -2.357418 3.049962 0.8345502 0 0 0
v -2.663393 2.875316 0.8160329 0 0 0
v 0.3870008 2.808583 0.7547008 0 0 0
v 0.3700712 2.727683 0.7421132 0 0 0
v 0.302707 2.692338 0.7698308 0 0 0
v 0.3365659 2.854137 0.7950059 0 0 0
v 0.2522723 2.737892 0.810136 0 0 0
v 0.2692017 2.818793 0.8227233 0 0 0
v 0.001301147 2.879963 0.4607271 0 0 0
v 0.1089028 2.944516 0.3878103 0 0 0
v 0.2250112 2.964764 0.580464 0 0 0
v 0.1191223 2.904372 0.6372231 0 0 0
v 0.3365659 2.854137 0.7950059 0 0 0
v -0.003153465 2.732585 0.4828474 0 0.07843138 0
v 0.2692017 2.818793 0.8227233 0 0 0
v 0.1026891 2.76673 0.6370127 0 0 0
v 0.09999356 2.64976 0.4320509 0 0.1019608 0
v 0.2522723 2.737892 0.810136 0 0 0
v 0.1921447 2.689481 0.5800432 0 0 0
v 0.2075952 2.714312 0.3591339 0 0.05098039 0
v 0.302707 2.692338 0.7698308 0 0 0
v 0.2980336 2.749874 0.5232841 0 0 0
v 0.2120498 2.861691 0.3370136 0 0 0
v 0.3700712 2.727683 0.7421132 0 0 0
v 0.3144669 2.887516 0.5234946 0 0 0
v 0.1089028 2.944516 0.3878103 0 0 0
v 0.3870008 2.808583 0.7547008 0 0 0
v 0.2250112 2.964764 0.580464 0 0 0
v 0.3365659 2.854137 0.7950059 0 0 0
v 1.868275 8.928386 0.472112 0 0 0
v 1.81521 8.975401 0.4061915 0 0 0
v 2.347285 8.610389 0.07716709 0 0 0
v 2.364128 8.597344 0.1235309 0 0 0
v 2.842362 8.586688 0.1228379 0 0 0
v 1.823296 8.846983 0.4870476 0 0 0
v 2.349349 8.548827 0.1284072 0 0 0
v 2.842362 8.586688 0.1228379 0 0 0
v 1.770105 8.895216 0.4216083 0 0 0
v 2.332522 8.561721 0.08198418 0 0 0
v 2.842362 8.586688 0.1228379 0 0 0
v 1.81521 8.975401 0.4061915 0 0 0
v 2.347285 8.610389 0.07716709 0 0 0
v 2.842362 8.586688 0.1228379 0 0 0
v 1.469401 9.246019 0.3513033 0 0 0
v 1.537014 9.182985 0.3655344 0 0 0
v 1.51498 9.266212 0.8180008 0 0 0
v 1.475916 9.340095 0.8118639 0 0 0
v 1.408462 9.176317 0.3723416 0 0 0
v 1.85989 9.22871 1.042934 0 0 0
v 1.432428 9.290178 0.845646 0 0 0
v 1.47604 9.113617 0.3867052 0 0 0
v 1.846159 9.285273 1.084727 0 0 0
v 2.232629 9.153482 1.20439 0 0 0
v 1.486784 9.224083 0.8274599 0 0 0
v 1.537014 9.182985 0.3655344 0 0 0
v 1.51498 9.266212 0.8180008 0 0 0
v 1.819168 9.243367 1.112536 0 0 0
v 2.224484 9.190571 1.231298 0 0 0
v 2.566796 8.954307 1.703804 0 0 0
v 1.832943 9.186368 1.07057 0 0 0
v 1.85989 9.22871 1.042934 0 0 0
v 2.204655 9.1667 1.245921 0 0 0
v 2.566796 8.954307 1.703804 0 0 0
v 2.212796 9.129644 1.219026 0 0 0
v 2.566796 8.954307 1.703804 0 0 0
v 2.232629 9.153482 1.20439 0 0 0
v 2.566796 8.954307 1.703804 0 0 0
v 1.67387 9.244447 0.9368151 0 0 0
v 1.645356 9.220943 0.9197086 0 0 0
v 1.625662 8.981299 1.228187 0 0 0
v 1.643119 8.99472 1.237739 0 0 0
v 1.505855 9.037188 1.518813 0 0 0
v 1.640449 9.285627 0.9567869 0 0 0
v 1.624028 9.023336 1.243021 0 0 0
v 1.505855 9.037188 1.518813 0 0 0
v 1.610538 9.261576 0.9380988 0 0 0
v 1.606585 9.009782 1.233415 0 0 0
v 1.505855 9.037188 1.518813 0 0 0
v 1.645356 9.220943 0.9197086 0 0 0
v 1.625662 8.981299 1.228187 0 0 0
v 1.505855 9.037188 1.518813 0 0 0
v -1.276856 7.253847 0.1719059 0 0 0
v -1.110189 7.222193 0.1563789 0 0 0
v -1.231073 6.976333 -0.4339035 0 0 0
v -1.358093 7.006866 -0.4103887 0 0 0
v -1.254788 7.406019 0.0985698 0 0 0
v -1.470753 6.671895 -0.8903082 0 0 0
v -1.343939 7.119159 -0.4797412 0 0 0
v -1.08812 7.374362 0.08304448 0 0 0
v -1.545116 6.712938 -0.8427359 0 0 0
v -2.03761 6.527795 -1.190752 0 0 0
v -1.21692 7.088625 -0.5032556 0 0 0
v -1.110189 7.222193 0.1563789 0 0 0
v -1.231073 6.976333 -0.4339035 0 0 0
v -1.539106 6.790957 -0.9006525 0 0 0
v -2.083354 6.55226 -1.162261 0 0 0
v -2.199432 5.919881 -1.312713 0 0 0
v -1.464743 6.749914 -0.9482245 0 0 0
v -1.470753 6.671895 -0.8903082 0 0 0
v -2.094632 6.586141 -1.209461 0 0 0
v -2.199432 5.919881 -1.312713 0 0 0
v -2.048888 6.561675 -1.237952 0 0 0
v -2.199432 5.919881 -1.312713 0 0 0
v -2.03761 6.527795 -1.190752 0 0 0
v -2.199432 5.919881 -1.312713 0 0 0
v -1.842287 6.596015 -1.088467 0 0 0
v -1.880912 6.590613 -1.133666 0 0 0
v -2.074993 6.464964 -0.9414636 0 0 0
v -2.046456 6.469817 -0.9105037 0 0 0
v -1.865824 6.649125 -1.074703 0 0 0
v -2.172946 6.263407 -0.7913154 0 0 0
v -2.068608 6.502559 -0.8952172 0 0 0
v -1.904448 6.643721 -1.119901 0 0 0
v -2.158374 6.263649 -0.7704517 0 0 0
v -2.472192 6.147361 -0.6540281 0 0 0
v -2.097145 6.497707 -0.9261773 0 0 0
v -1.880912 6.590613 -1.133666 0 0 0
v -2.074993 6.464964 -0.9414636 0 0 0
v -2.171023 6.283988 -0.7618521 0 0 0
v -2.472192 6.147361 -0.6540281 0 0 0
v -2.185595 6.283749 -0.782715 0 0 0
v -2.472192 6.147361 -0.6540281 0 0 0
v -2.172946 6.263407 -0.7913154 0 0 0
v -2.472192 6.147361 -0.6540281 0 0 0
v -1.517806 6.698596 -0.8727186 0 0 0
v -1.469801 6.732228 -0.8840467 0 0 0
v -1.452005 6.598727 -1.157789 0 0 0
v -1.486129 6.576698 -1.145684 0 0 0
v -1.552794 6.740257 -0.8972973 0 0 0
v -1.544014 6.503994 -1.444141 0 0 0
v -1.511036 6.60909 -1.156945 0 0 0
v -1.504789 6.77389 -0.9086253 0 0 0
v -1.562719 6.494756 -1.429567 0 0 0
v -1.676877 6.286559 -1.611358 0 0 0
v -1.47691 6.63112 -1.169052 0 0 0
v -1.469801 6.732228 -0.8840467 0 0 0
v -1.452005 6.598727 -1.157789 0 0 0
v -1.577748 6.514039 -1.436632 0 0 0
v -1.676877 6.286559 -1.611358 0 0 0
v -1.559042 6.523279 -1.451206 0 0 0
v -1.676877 6.286559 -1.611358 0 0 0
v -1.544014 6.503994 -1.444141 0 0 0
v -1.676877 6.286559 -1.611358 0 0 0
v -2.549755 6.642295 0.5444878 0 0 0
v -2.497387 6.518586 0.5540331 0 0 0
v -2.974068 6.239197 0.114345 0 0 0
v -2.995316 6.341347 0.1255419 0 0 0
v -2.468335 6.668739 0.440522 0 0 0
v -3.645991 6.358447 0.06006347 0 0 0
v -2.960944 6.359188 0.02801179 0 0 0
v -2.415967 6.545032 0.4500673 0 0 0
v -3.653803 6.434261 0.07076237 0 0 0
v -4.189044 6.205284 -0.2163987 0 0 0
v -2.939696 6.257036 0.01681473 0 0 0
v -2.497387 6.518586 0.5540331 0 0 0
v -2.974068 6.239197 0.114345 0 0 0
v -3.635452 6.446556 -0.002962024 0 0 0
v -4.194736 6.251333 -0.2103717 0 0 0
v -4.613573 6.416825 -0.7981251 0 0 0
v -3.62764 6.370741 -0.01366104 0 0 0
v -3.645991 6.358447 0.06006347 0 0 0
v -4.165729 6.259599 -0.2461416 0 0 0
v -4.613573 6.416825 -0.7981251 0 0 0
v -4.160037 6.21355 -0.2521686 0 0 0
v -4.613573 6.416825 -0.7981251 0 0 0
v -4.189044 6.205284 -0.2163987 0 0 0
v -4.613573 6.416825 -0.7981251 0 0 0
v -3.089431 6.371887 0.806513 0 0 0
v -3.085769 6.439055 0.8282968 0 0 0
v -3.772685 6.409845 0.9821024 0 0 0
v -3.793387 6.372091 0.9743158 0 0 0
v -3.93809 6.164283 1.271714 0 0 0
v -3.074008 6.349841 0.8719009 0 0 0
v -3.783612 6.3584 1.014708 0 0 0
v -3.93809 6.164283 1.271714 0 0 0
v -3.070346 6.417008 0.8936847 0 0 0
v -3.76291 6.396153 1.022495 0 0 0
v -3.93809 6.164283 1.271714 0 0 0
v -3.085769 6.439055 0.8282968 0 0 0
v -3.772685 6.409845 0.9821024 0 0 0
v -3.93809 6.164283 1.271714 0 0 0
v -3.315078 6.371334 0.07807349 0 0 0
v -3.316 6.319554 0.04169107 0 0 0
v -3.47923 6.573474 -0.4306558 0 0 0
v -3.477597 6.607378 -0.4012122 0 0 0
v -3.90059 6.721916 -0.9706892 0 0 0
v -3.251913 6.372814 0.0743656 0 0 0
v -3.435518 6.616508 -0.4140602 0 0 0
v -3.90059 6.721916 -0.9706892 0 0 0
v -3.252836 6.321034 0.03798306 0 0 0
v -3.437152 6.582605 -0.4435038 0 0 0
v -3.90059 6.721916 -0.9706892 0 0 0
v -3.316 6.319554 0.04169107 0 0 0
v -3.47923 6.573474 -0.4306558 0 0 0
v -3.90059 6.721916 -0.9706892 0 0 0
v 1.9098 5.384979 1.032939 0 0 0
v 1.974038 5.481517 1.078309 0 0 0
v 2.309319 5.377284 0.7627913 0 0 0
v 2.259746 5.304259 0.7271539 0 0 0
v 1.857349 5.458742 0.9472153 0 0 0
v 2.654806 5.249417 0.6085788 0 0 0
v 2.234865 5.36033 0.649053 0 0 0
v 1.921323 5.554718 0.9927402 0 0 0
v 2.619211 5.194773 0.5819636 0 0 0
v 3.075398 4.95349 0.7675524 0 0 0
v 2.284466 5.433405 0.6846759 0 0 0
v 1.974038 5.481517 1.078309 0 0 0
v 2.309319 5.377284 0.7627913 0 0 0
v 2.63181 5.219749 0.5166495 0 0 0
v 3.049688 4.921735 0.7515853 0 0 0
v 3.460682 4.640411 0.650247 0 0 0
v 2.667433 5.274458 0.5432491 0 0 0
v 2.654806 5.249417 0.6085788 0 0 0
v 3.057678 4.926593 0.7150593 0 0 0
v 3.460682 4.640411 0.650247 0 0 0
v 3.083376 4.958334 0.7310383 0 0 0
v 3.460682 4.640411 0.650247 0 0 0
v 3.075398 4.95349 0.7675524 0 0 0
v 3.460682 4.640411 0.650247 0 0 0
v 2.831791 5.075055 0.6511673 0 0 0
v 2.855808 5.109483 0.6521007 0 0 0
v 2.869347 5.130693 0.8681782 0 0 0
v 2.851502 5.105918 0.8584061 0 0 0
v 2.867284 5.051758 0.6546693 0 0 0
v 2.870752 4.995337 1.047242 0 0 0
v 2.877324 5.090923 0.8552348 0 0 0
v 2.891204 5.086004 0.6556717 0 0 0
v 2.859431 4.983238 1.037045 0 0 0
v 3.045371 4.770424 1.168879 0 0 0
v 2.895146 5.115636 0.8650166 0 0 0
v 2.855808 5.109483 0.6521007 0 0 0
v 2.869347 5.130693 0.8681782 0 0 0
v 2.873205 4.977193 1.02791 0 0 0
v 3.045371 4.770424 1.168879 0 0 0
v 2.884519 4.989268 1.038109 0 0 0
v 3.045371 4.770424 1.168879 0 0 0
v 2.870752 4.995337 1.047242 0 0 0
v 3.045371 4.770424 1.168879 0 0 0
v -0.05651833 4.773435 -1.538141 0 0 0
v -6.689876E-05 4.715679 -1.638506 0 0 0
v -0.4334832 4.5485 -1.766644 0 0 0
v -0.4932302 4.585418 -1.694929 0 0 0
v -0.07936027 4.877344 -1.610783 0 0 0
v -0.7217382 4.33873 -1.988668 0 0 0
v -0.5116366 4.66607 -1.75178 0 0 0
v -0.02290883 4.819588 -1.711149 0 0 0
v -0.7886809 4.344943 -1.958671 0 0 0
v -0.7679356 4.035519 -2.463772 0 0 0
v -0.4518896 4.629152 -1.823496 0 0 0
v -6.689876E-05 4.715679 -1.638506 0 0 0
v -0.4334832 4.5485 -1.766644 0 0 0
v -0.8015404 4.404672 -1.999742 0 0 0
v -0.8103987 4.035751 -2.44963 0 0 0
v -1.012766 3.662429 -2.763506 0 0 0
v -0.7345977 4.398459 -2.029739 0 0 0
v -0.7217382 4.33873 -1.988668 0 0 0
v -0.8196021 4.06928 -2.477813 0 0 0
v -1.012766 3.662429 -2.763506 0 0 0
v -0.7771388 4.069048 -2.491955 0 0 0
v -1.012766 3.662429 -2.763506 0 0 0
v -0.7679356 4.035519 -2.463772 0 0 0
v -1.012766 3.662429 -2.763506 0 0 0
v -0.7846604 4.233762 -2.232062 0 0 0
v -0.7986337 4.206703 -2.265387 0 0 0
v -0.6072386 4.264639 -2.384107 0 0 0
v -0.5926121 4.284263 -2.363413 0 0 0
v -0.7614452 4.19952 -2.213992 0 0 0
v -0.3930477 4.142108 -2.478797 0 0 0
v -0.5850455 4.259169 -2.344965 0 0 0
v -0.7754184 4.17246 -2.247317 0 0 0
v -0.3770367 4.150202 -2.471833 0 0 0
v -0.2991991 3.902927 -2.699445 0 0 0
v -0.599672 4.239545 -2.365659 0 0 0
v -0.7986337 4.206703 -2.265387 0 0 0
v -0.6072386 4.264639 -2.384107 0 0 0
v -0.3767167 4.13729 -2.457565 0 0 0
v -0.2991991 3.902927 -2.699445 0 0 0
v -0.3927279 4.129196 -2.46453 0 0 0
v -0.2991991 3.902927 -2.699445 0 0 0
v -0.3930477 4.142108 -2.478797 0 0 0
v -0.2991991 3.902927 -2.699445 0 0 0
v 1.230027 6.122012 0.5858209 0 0 0
v 1.184105 6.096636 0.5144153 0 0 0
v 0.8774829 5.857797 0.907061 0 0 0
v 0.9227706 5.88792 0.9502131 0 0 0
v 1.160838 6.18354 0.5698432 0 0 0
v 0.6998246 5.713168 1.36534 0 0 0
v 0.8662069 5.929797 0.9390168 0 0 0
v 0.7423628 5.744707 1.368334 0 0 0
v 0.8052945 5.745364 1.961065 0 0 0
v 0.7001881 5.774235 1.361164 0 0 0
v 0.8310457 5.764281 1.964278 0 0 0
v 0.6668351 5.539649 2.414826 0 0 0
v 0.8051314 5.781585 1.963399 0 0 0
v 0.6668351 5.539649 2.414826 0 0 0
v 1.113223 6.15454 0.4994108 0 0 0
v 1.160838 6.18354 0.5698432 0 0 0
v 0.8662069 5.929797 0.9390168 0 0 0
v 0.8203309 5.898413 0.8962023 0 0 0
v 1.184105 6.096636 0.5144153 0 0 0
v 0.7001881 5.774235 1.361164 0 0 0
v 0.8774829 5.857797 0.907061 0 0 0
v 0.6576501 5.742694 1.35817 0 0 0
v 0.8051314 5.781585 1.963399 0 0 0
v 0.6998246 5.713168 1.36534 0 0 0
v 0.7793797 5.762668 1.960186 0 0 0
v 0.6668351 5.539649 2.414826 0 0 0
v 0.8052945 5.745364 1.961065 0 0 0
v 0.6668351 5.539649 2.414826 0 0 0
v 0.7664664 5.771091 1.718246 0 0 0
v 0.7656637 5.756943 1.741232 0 0 0
v 0.3887399 5.655951 1.685732 0 0 0
v 0.3854094 5.666891 1.674011 0 0 0
v 0.2239842 5.608888 1.827601 0 0 0
v 0.7636698 5.756513 1.704808 0 0 0
v 0.3777334 5.659777 1.667483 0 0 0
v 0.2239842 5.608888 1.827601 0 0 0
v 0.762867 5.742365 1.727794 0 0 0
v 0.3810958 5.648784 1.679182 0 0 0
v 0.2239842 5.608888 1.827601 0 0 0
v 0.7656637 5.756943 1.741232 0 0 0
v 0.3887399 5.655951 1.685732 0 0 0
v 0.2239842 5.608888 1.827601 0 0 0
v 0.6803105 5.732328 1.374042 0 0 0
v 0.683205 5.746068 1.409963 0 0 0
v 0.7875527 5.50282 1.614756 0 0 0
v 0.7864558 5.488308 1.590564 0 0 0
v 0.7256808 5.741654 1.365958 0 0 0
v 0.7850575 5.374228 1.798237 0 0 0
v 0.8228911 5.492018 1.587819 0 0 0
v 0.7285753 5.755395 1.40188 0 0 0
v 0.7841923 5.363171 1.780973 0 0 0
v 0.6296743 5.195047 1.949479 0 0 0
v 0.8239882 5.506527 1.612011 0 0 0
v 0.683205 5.746068 1.409963 0 0 0
v 0.7875527 5.50282 1.614756 0 0 0
v 0.8099289 5.359112 1.786747 0 0 0
v 0.6281222 5.18639 1.941664 0 0 0
v 0.6428335 5.125631 2.153347 0 0 0
v 0.810794 5.370171 1.804011 0 0 0
v 0.7850575 5.374228 1.798237 0 0 0
v 0.643778 5.183939 1.94515 0 0 0
v 0.6428335 5.125631 2.153347 0 0 0
v 0.64533 5.192597 1.952965 0 0 0
v 0.6428335 5.125631 2.153347 0 0 0
v 0.6296743 5.195047 1.949479 0 0 0
v 0.6428335 5.125631 2.153347 0 0 0
v 0.8063837 5.777709 1.957605 0 0 0
v 0.8265278 5.761896 1.961133 0 0 0
v 0.8462623 5.756337 2.269425 0 0 0
v 0.8356618 5.764653 2.272814 0 0 0
v 0.9665294 5.592975 2.593606 0 0 0
v 0.783662 5.761977 1.962994 0 0 0
v 0.8224152 5.755869 2.274337 0 0 0
v 0.9665294 5.592975 2.593606 0 0 0
v 0.8038056 5.746166 1.966522 0 0 0
v 0.8330153 5.747554 2.270948 0 0 0
v 0.9665294 5.592975 2.593606 0 0 0
v 0.8265278 5.761896 1.961133 0 0 0
v 0.8462623 5.756337 2.269425 0 0 0
v 0.9665294 5.592975 2.593606 0 0 0
v 2.045186 5.19739 1.375129 0 0 0
v 2.054819 5.229015 1.348713 0 0 0
v 2.630376 5.011165 1.359182 0 0 0
v 2.605914 4.96406 1.385905 0 0 0
v 2.067608 5.158471 1.33463 0 0 0
v 2.723439 4.836617 1.698083 0 0 0
v 2.630023 4.9286 1.34009 0 0 0
v 2.077289 5.190196 1.308143 0 0 0
v 2.722924 4.8148 1.720267 0 0 0
v 3.08262 4.610326 1.684331 0 0 0
v 2.654145 4.975017 1.313332 0 0 0
v 2.054819 5.229015 1.348713 0 0 0
v 2.630376 5.011165 1.359182 0 0 0
v 2.74073 4.797428 1.693386 0 0 0
v 3.08262 4.610326 1.684331 0 0 0
v 2.741411 4.819165 1.671323 0 0 0
v 3.08262 4.610326 1.684331 0 0 0
v 2.723439 4.836617 1.698083 0 0 0
v 3.08262 4.610326 1.684331 0 0 0
v 0.6279495 3.931806 -2.789176 0 0 0
v 0.6352329 3.975375 -2.835271 0 0 0
v 0.5162152 3.715634 -3.106533 0 0 0
v 0.5074573 3.681948 -3.070836 0 0 0
v 0.5674598 3.950532 -2.781033 0 0 0
v 0.4723123 3.453664 -3.340425 0 0 0
v 0.4593734 3.695109 -3.070214 0 0 0
v 0.574743 3.994101 -2.827128 0 0 0
v 0.4630912 3.427313 -3.33031 0 0 0
v 0.5665706 3.481602 -3.464561 0 0 0
v 0.4681312 3.728795 -3.105911 0 0 0
v 0.6352329 3.975375 -2.835271 0 0 0
v 0.5162152 3.715634 -3.106533 0 0 0
v 0.4359281 3.437642 -3.325284 0 0 0
v 0.5665706 3.481602 -3.464561 0 0 0
v 0.4458698 3.463859 -3.334669 0 0 0
v 0.5665706 3.481602 -3.464561 0 0 0
v 0.4723123 3.453664 -3.340425 0 0 0
v 0.5665706 3.481602 -3.464561 0 0 0
v 0.1781537 4.702274 -2.152175 0 0 0
v 0.1527427 4.608962 -2.144936 0 0 0
v 0.5840576 4.510873 -2.103718 0 0 0
v 0.6177613 4.570718 -2.108557 0 0 0
v 0.1741874 4.710842 -2.055654 0 0 0
v 0.9268456 4.198644 -2.142929 0 0 0
v 0.6217812 4.574006 -2.039901 0 0 0
v 0.1487764 4.617529 -2.048415 0 0 0
v 0.9604753 4.221544 -2.150266 0 0 0
v 1.007685 3.824666 -2.444889 0 0 0
v 0.5880776 4.514161 -2.035061 0 0 0
v 0.1527427 4.608962 -2.144936 0 0 0
v 0.5840576 4.510873 -2.103718 0 0 0
v 0.9756752 4.211075 -2.113272 0 0 0
v 1.007685 3.824666 -2.444889 0 0 0
v 0.9420456 4.188174 -2.105935 0 0 0
v 1.007685 3.824666 -2.444889 0 0 0
v 0.9268456 4.198644 -2.142929 0 0 0
v 1.007685 3.824666 -2.444889 0 0 0
v 0.7628204 4.364299 -2.084609 0 0 0
v 0.7928553 4.393233 -2.09375 0 0 0
v 0.8648195 4.251767 -1.903662 0 0 0
v 0.8349697 4.246514 -1.903209 0 0 0
v 0.7776065 4.339112 -2.115751 0 0 0
v 0.8649119 4.011588 -1.850873 0 0 0
v 0.8374947 4.229984 -1.928491 0 0 0
v 0.8076414 4.368045 -2.124892 0 0 0
v 0.8470013 4.008363 -1.850582 0 0 0
v 0.9917508 3.629591 -2.032823 0 0 0
v 0.8673444 4.235237 -1.928944 0 0 0
v 0.7928553 4.393233 -2.09375 0 0 0
v 0.8648195 4.251767 -1.903662 0 0 0
v 0.8464482 4.009801 -1.868717 0 0 0
v 0.9917508 3.629591 -2.032823 0 0 0
v 0.8643585 4.013026 -1.869008 0 0 0
v 0.9917508 3.629591 -2.032823 0 0 0
v 0.8649119 4.011588 -1.850873 0 0 0
v 0.9917508 3.629591 -2.032823 0 0 0
v -0.01240244 9.356783 -1.270334 0 0 0
v -0.04794278 9.252661 -1.307179 0 0 0
v 0.326892 9.220954 -1.540552 0 0 0
v 0.3766563 9.327742 -1.523576 0 0 0
v 0.04311654 9.325251 -1.184387 0 0 0
v 0.278674 9.171384 -1.90414 0 0 0
v 0.4399308 9.285917 -1.45686 0 0 0
v 0.01056764 9.216684 -1.232632 0 0 0
v 0.3104232 9.212493 -1.916306 0 0 0
v 0.44394 8.861131 -2.300823 0 0 0
v 0.3902541 9.181011 -1.47481 0 0 0
v -0.04794278 9.252661 -1.307179 0 0 0
v 0.326892 9.220954 -1.540552 0 0 0
v 0.3473602 9.189382 -1.906139 0 0 0
v 0.44394 8.861131 -2.300823 0 0 0
v 0.3157477 9.148543 -1.894134 0 0 0
v 0.44394 8.861131 -2.300823 0 0 0
v 0.278674 9.171384 -1.90414 0 0 0
v 0.44394 8.861131 -2.300823 0 0 0
v -0.519584 8.587848 -2.091345 0 0 0
v -0.4851011 8.667352 -2.108905 0 0 0
v -0.1382731 8.513758 -2.277233 0 0 0
v -0.1823461 8.471539 -2.257413 0 0 0
v -0.02968993 8.198789 -2.525759 0 0 0
v -0.489132 8.576258 -2.168106 0 0 0
v -0.1918743 8.478704 -2.312309 0 0 0
v -0.02968993 8.198789 -2.525759 0 0 0
v -0.4582869 8.654088 -2.18647 0 0 0
v -0.1512394 8.52023 -2.332546 0 0 0
v -0.02968993 8.198789 -2.525759 0 0 0
v -0.4851011 8.667352 -2.108905 0 0 0
v -0.1382731 8.513758 -2.277233 0 0 0
v -0.02968993 8.198789 -2.525759 0 0 0
v -1.005932 10.40722 0.5329008 0 0 0
v -0.9454914 10.37876 0.4995872 0 0 0
v -1.163018 10.16995 0.1129458 0 0 0
v -1.210473 10.19162 0.1387511 0 0 0
v -0.9578815 10.4608 0.4870888 0 0 0
v -1.450211 9.909428 -0.1463899 0 0 0
v -1.179708 10.23133 0.09276316 0 0 0
v -0.8975469 10.43282 0.4542137 0 0 0
v -1.481466 9.924627 -0.1253484 0 0 0
v -1.892376 9.673639 -0.125927 0 0 0
v -1.132318 10.20987 0.06716666 0 0 0
v -0.9454914 10.37876 0.4995872 0 0 0
v -1.163018 10.16995 0.1129458 0 0 0
v -1.479954 9.942012 -0.1740293 0 0 0
v -1.90579 9.684108 -0.1105853 0 0 0
v -2.307912 9.385391 -0.2688608 0 0 0
v -1.448681 9.926874 -0.1949895 0 0 0
v -1.450211 9.909428 -0.1463899 0 0 0
v -1.906444 9.692335 -0.1403031 0 0 0
v -2.307912 9.385391 -0.2688608 0 0 0
v -1.89316 9.681858 -0.1557656 0 0 0
v -2.307912 9.385391 -0.2688608 0 0 0
v -1.892376 9.673639 -0.125927 0 0 0
v -2.307912 9.385391 -0.2688608 0 0 0
v -1.306433 10.03197 -0.07118162 0 0 0
v -1.336278 10.04123 -0.07964632 0 0 0
v -1.334211 9.938251 -0.458093 0 0 0
v -1.317354 9.933643 -0.451985 0 0 0
v -1.426907 9.716802 -0.6328102 0 0 0
v -1.331854 10.00755 -0.05695553 0 0 0
v -1.330805 9.921679 -0.4377772 0 0 0
v -1.426907 9.716802 -0.6328102 0 0 0
v -1.361001 10.01673 -0.06500133 0 0 0
v -1.347445 9.926268 -0.4437448 0 0 0
v -1.426907 9.716802 -0.6328102 0 0 0
v -1.336278 10.04123 -0.07964632 0 0 0
v -1.334211 9.938251 -0.458093 0 0 0
v -1.426907 9.716802 -0.6328102 0 0 0
v -1.105412 10.4183 0.5783746 0 0 0
v -1.092487 10.39655 0.6055054 0 0 0
v -1.33782 10.28874 0.4272656 0 0 0
v -1.35342 10.30419 0.4101745 0 0 0
v -1.061562 10.4265 0.5738296 0 0 0
v -1.48904 10.19249 0.4059789 0 0 0
v -1.344453 10.30026 0.3891007 0 0 0
v -1.048856 10.40403 0.6017045 0 0 0
v -1.500903 10.20339 0.3931696 0 0 0
v -1.735179 10.13685 0.4524264 0 0 0
v -1.328822 10.28488 0.4061198 0 0 0
v -1.092487 10.39655 0.6055054 0 0 0
v -1.33782 10.28874 0.4272656 0 0 0
v -1.501354 10.19685 0.3765687 0 0 0
v -1.743452 10.13752 0.4425223 0 0 0
v -1.780767 10.01691 0.6251217 0 0 0
v -1.489466 10.18606 0.3893373 0 0 0
v -1.48904 10.19249 0.4059789 0 0 0
v -1.744207 10.12845 0.4364028 0 0 0
v -1.780767 10.01691 0.6251217 0 0 0
v -1.735912 10.12781 0.4462652 0 0 0
v -1.780767 10.01691 0.6251217 0 0 0
v -1.735179 10.13685 0.4524264 0 0 0
v -1.780767 10.01691 0.6251217 0 0 0
v -1.743664 9.74549 1.092921 0 0 0
v -1.770516 9.773348 1.106265 0 0 0
v -1.900511 9.648779 1.074521 0 0 0
v -1.892578 9.628666 1.063529 0 0 0
v -1.728061 9.724033 1.148575 0 0 0
v -2.103803 9.603617 1.054111 0 0 0
v -1.881159 9.608911 1.107211 0 0 0
v -1.752695 9.75005 1.162478 0 0 0
v -2.099248 9.592117 1.046878 0 0 0
v -2.345008 9.349054 1.109737 0 0 0
v -1.887823 9.628103 1.118279 0 0 0
v -1.770516 9.773348 1.106265 0 0 0
v -1.900511 9.648779 1.074521 0 0 0
v -2.087808 9.580559 1.07694 0 0 0
v -2.345008 9.349054 1.109737 0 0 0
v -2.091907 9.591721 1.084208 0 0 0
v -2.345008 9.349054 1.109737 0 0 0
v -2.103803 9.603617 1.054111 0 0 0
v -2.345008 9.349054 1.109737 0 0 0
v -1.038342 10.30458 0.6450976 0 0 0
v -1.118033 10.27543 0.6677648 0 0 0
v -0.9281445 10.03425 0.9790942 0 0 0
v -0.8626056 10.0499 0.9750773 0 0 0
v -1.044449 10.37227 0.7025941 0 0 0
v -0.9079751 9.792356 1.238058 0 0 0
v -0.8660889 10.09972 1.020867 0 0 0
v -1.123744 10.34193 0.7240905 0 0 0
v -0.8611785 9.78971 1.247461 0 0 0
v -1.003938 9.545248 1.422046 0 0 0
v -0.9315988 10.08401 1.024755 0 0 0
v -1.118033 10.27543 0.6677648 0 0 0
v -0.9281445 10.03425 0.9790942 0 0 0
v -0.8616887 9.822189 1.284534 0 0 0
v -0.9758363 9.538019 1.431878 0 0 0
v -1.281698 9.51193 1.793487 0 0 0
v -0.9083367 9.825056 1.274976 0 0 0
v -0.9079751 9.792356 1.238058 0 0 0
v -0.9777343 9.564238 1.449023 0 0 0
v -1.281698 9.51193 1.793487 0 0 0
v -1.005881 9.571516 1.43916 0 0 0
v -1.281698 9.51193 1.793487 0 0 0
v -1.003938 9.545248 1.422046 0 0 0
v -1.281698 9.51193 1.793487 0 0 0
v -0.1891526 12.61598 -1.380745 0 0 0
v -0.1986836 12.57951 -1.415967 0 0 0
v -0.6100224 12.32304 -1.120823 0 0 0
v -0.6165856 12.33982 -1.085736 0 0 0
v -0.2225351 12.64717 -1.390488 0 0 0
v -0.8086475 12.1151 -1.208814 0 0 0
v -0.642275 12.36895 -1.093065 0 0 0
v -0.2300293 12.61001 -1.424004 0 0 0
v -0.8266078 12.11299 -1.194457 0 0 0
v -1.059225 11.92796 -1.227537 0 0 0
v -0.6356298 12.35205 -1.127975 0 0 0
v -0.1986836 12.57951 -1.415967 0 0 0
v -0.6100224 12.32304 -1.120823 0 0 0
v -0.8378651 12.134 -1.19696 0 0 0
v -1.059225 11.92796 -1.227537 0 0 0
v -0.8198839 12.13607 -1.211231 0 0 0
v -1.059225 11.92796 -1.227537 0 0 0
v -0.8086475 12.1151 -1.208814 0 0 0
v -1.059225 11.92796 -1.227537 0 0 0
v 0.3473496 12.79639 0.5553561 0 0 0
v 0.3333506 12.77389 0.5229212 0 0 0
v 0.752717 12.61912 0.4464936 0 0 0
v 0.7856686 12.6434 0.4914739 0 0 0
v 0.340912 12.75544 0.5858359 0 0 0
v 0.9064275 12.18951 0.4400762 0 0 0
v 0.7553389 12.61206 0.5324156 0 0 0
v 0.327748 12.73421 0.5552412 0 0 0
v 0.9282896 12.2001 0.4674571 0 0 0
v 1.102105 11.82405 0.4524696 0 0 0
v 0.720722 12.58732 0.4887514 0 0 0
v 0.3333506 12.77389 0.5229212 0 0 0
v 0.752717 12.61912 0.4464936 0 0 0
v 0.9001507 12.20223 0.4897064 0 0 0
v 1.102105 11.82405 0.4524696 0 0 0
v 0.8782886 12.19164 0.4623257 0 0 0
v 1.102105 11.82405 0.4524696 0 0 0
v 0.9064275 12.18951 0.4400762 0 0 0
v 1.102105 11.82405 0.4524696 0 0 0
v 0.5636643 7.966931 -0.5315002 0 0 0
v 0.5476441 7.931465 -0.5170512 0 0 0
v 0.6761467 7.786336 -0.7908313 0 0 0
v 0.6873935 7.802811 -0.8041558 0 0 0
v 0.7361838 7.578098 -0.9155108 0 0 0
v 0.6014464 7.959353 -0.5113128 0 0 0
v 0.7086684 7.799055 -0.7918537 0 0 0
v 0.7361838 7.578098 -0.9155108 0 0 0
v 0.5854272 7.923888 -0.4968642 0 0 0
v 0.6974205 7.782579 -0.7785275 0 0 0
v 0.7361838 7.578098 -0.9155108 0 0 0
v 0.5476441 7.931465 -0.5170512 0 0 0
v 0.6761467 7.786336 -0.7908313 0 0 0
v 0.7361838 7.578098 -0.9155108 0 0 0
v 1.53786 9.247211 0.856429 0 0 0
v 1.534891 9.247887 0.8286493 0 0 0
v 1.249959 9.407778 0.86373 0 0 0
v 1.258241 9.406987 0.8828855 0 0 0
v 1.54657 9.276199 0.8547669 0 0 0
v 1.100031 9.497499 1.02622 0 0 0
v 1.265024 9.425409 0.8808238 0 0 0
v 1.543613 9.276771 0.8269469 0 0 0
v 1.107991 9.496231 1.035805 0 0 0
v 0.9710924 9.453009 1.125926 0 0 0
v 1.256744 9.426199 0.8616683 0 0 0
v 1.534891 9.247887 0.8286493 0 0 0
v 1.249959 9.407778 0.86373 0 0 0
v 1.108757 9.508172 1.03669 0 0 0
v 0.9710924 9.453009 1.125926 0 0 0
v 1.100797 9.509442 1.027107 0 0 0
v 0.9710924 9.453009 1.125926 0 0 0
v 1.100031 9.497499 1.02622 0 0 0
v 0.9710924 9.453009 1.125926 0 0 0
v 3.017274 5.022095 0.7072322 0 0 0
v 2.989025 5.028655 0.6971033 0 0 0
v 3.050523 4.942769 0.4221842 0 0 0
v 3.067557 4.939645 0.4357806 0 0 0
v 3.009645 4.995987 0.7094495 0 0 0
v 3.242437 4.859092 0.3062416 0 0 0
v 3.06204 4.921261 0.4376305 0 0 0
v 2.981407 5.00257 0.6993155 0 0 0
v 3.250155 4.857843 0.3167674 0 0 0
v 3.387005 4.919262 0.2144206 0 0 0
v 3.045011 4.924392 0.4240317 0 0 0
v 2.989025 5.028655 0.6971033 0 0 0
v 3.050523 4.942769 0.4221842 0 0 0
v 3.249821 4.846311 0.3150384 0 0 0
v 3.387005 4.919262 0.2144206 0 0 0
v 3.242105 4.847563 0.304511 0 0 0
v 3.387005 4.919262 0.2144206 0 0 0
v 3.242437 4.859092 0.3062416 0 0 0
v 3.387005 4.919262 0.2144206 0 0 0
v 0.1406008 8.767075 -0.2691315 0 0 0
v 0.06588493 8.691156 -0.2602502 0 0 0
v 0.4151824 8.360038 -0.3660781 0 0 0
v 0.4789163 8.399981 -0.3778381 0 0 0
v 0.165639 8.755058 -0.1656524 0 0 0
v 0.5412659 7.894009 -0.5439438 0 0 0
v 0.5014127 8.385042 -0.3066585 0 0 0
v 0.09091673 8.679173 -0.1567798 0 0 0
v 0.5832707 7.899668 -0.5610678 0 0 0
v 0.3276584 7.568297 -0.9164104 0 0 0
v 0.4376777 8.345098 -0.2948985 0 0 0
v 0.06588493 8.691156 -0.2602502 0 0 0
v 0.4151824 8.360038 -0.3660781 0 0 0
v 0.6003447 7.873205 -0.5279357 0 0 0
v 0.3276584 7.568297 -0.9164104 0 0 0
v 0.55834 7.867544 -0.5108117 0 0 0
v 0.3276584 7.568297 -0.9164104 0 0 0
v 0.5412659 7.894009 -0.5439438 0 0 0
v 0.3276584 7.568297 -0.9164104 0 0 0
v 0.5139871 8.092373 -0.4240203 0 0 0
v 0.5229453 8.137445 -0.4132199 0 0 0
v 0.7735724 8.070731 -0.3748542 0 0 0
v 0.7570963 8.043331 -0.3849059 0 0 0
v 0.5244762 8.101116 -0.469209 0 0 0
v 0.9117212 7.848165 -0.3139313 0 0 0
v 0.7691914 8.047425 -0.4158929 0 0 0
v 0.533435 8.146191 -0.4584086 0 0 0
v 0.8944038 7.842 -0.3221222 0 0 0
v 0.9241498 7.518343 -0.3615417 0 0 0
v 0.7856672 8.074825 -0.4058414 0 0 0
v 0.5229453 8.137445 -0.4132199 0 0 0
v 0.7735724 8.070731 -0.3748542 0 0 0
v 0.9026943 7.843034 -0.3404292 0 0 0
v 0.9241498 7.518343 -0.3615417 0 0 0
v 0.9200127 7.849196 -0.332238 0 0 0
v 0.9241498 7.518343 -0.3615417 0 0 0
v 0.9117212 7.848165 -0.3139313 0 0 0
v 0.9241498 7.518343 -0.3615417 0 0 0
v -1.210048 3.359597 0.8109755 0 0 0
v -1.16228 3.350989 0.7744153 0 0 0
v -1.446048 3.063189 0.4868948 0 0 0
v -1.474088 3.074652 0.5176128 0 0 0
v -1.226875 3.407575 0.7776951 0 0 0
v -1.850826 2.842865 0.3552271 0 0 0
v -1.485983 3.108762 0.4940269 0 0 0
v -1.179106 3.398967 0.7411349 0 0 0
v -1.856328 2.856179 0.3767555 0 0 0
v -2.032099 2.815473 0.4095511 0 0 0
v -1.457943 3.097299 0.4633091 0 0 0
v -1.16228 3.350989 0.7744153 0 0 0
v -1.446048 3.063189 0.4868948 0 0 0
v -1.864369 2.87615 0.3623486 0 0 0
v -2.032099 2.815473 0.4095511 0 0 0
v -1.858866 2.862835 0.3408205 0 0 0
v -2.032099 2.815473 0.4095511 0 0 0
v -1.850826 2.842865 0.3552271 0 0 0
v -2.032099 2.815473 0.4095511 0 0 0
v 1.198329 9.35788 0.2735177 0 0 0
v 1.249911 9.389231 0.3213484 0 0 0
v 1.196448 9.204185 0.4861689 0 0 0
v 1.151559 9.170179 0.4527402 0 0 0
v 1.25938 9.314623 0.2445551 0 0 0
v 1.259424 9.014646 0.6699371 0 0 0
v 1.204334 9.139713 0.4219969 0 0 0
v 1.310962 9.345976 0.2923858 0 0 0
v 1.224466 8.979797 0.6522973 0 0 0
v 1.475754 8.696033 0.8314036 0 0 0
v 1.249223 9.173717 0.4554255 0 0 0
v 1.249911 9.389231 0.3213484 0 0 0
v 1.196448 9.204185 0.4861689 0 0 0
v 1.26538 8.963425 0.6149181 0 0 0
v 1.44206 8.68903 0.8166204 0 0 0
v 1.516593 8.360581 0.8969238 0 0 0
v 1.300451 8.997179 0.6321253 0 0 0
v 1.259424 9.014646 0.6699371 0 0 0
v 1.472389 8.676991 0.7804438 0 0 0
v 1.491009 8.358136 0.8856712 0 0 0
v 1.483785 8.296981 1.150723 0 0 0
v 1.506148 8.683359 0.7949743 0 0 0
v 1.475754 8.696033 0.8314036 0 0 0
v 1.516387 8.337689 0.8669062 0 0 0
v 1.468196 8.293508 1.144353 0 0 0
v 1.463491 8.059803 1.347675 0 0 0
v 1.54201 8.33975 0.8780072 0 0 0
v 1.516593 8.360581 0.8969238 0 0 0
v 1.483607 8.278332 1.135369 0 0 0
v 1.463491 8.059803 1.347675 0 0 0
v 1.499212 8.281646 1.141677 0 0 0
v 1.463491 8.059803 1.347675 0 0 0
v 1.483785 8.296981 1.150723 0 0 0
v 1.463491 8.059803 1.347675 0 0 0
v 1.280174 8.948391 0.6389248 0 0 0
v 1.258258 8.984268 0.6220611 0 0 0
v 1.066985 8.837104 0.5896355 0 0 0
v 1.088438 8.815692 0.6049091 0 0 0
v 1.263939 8.959343 0.6769947 0 0 0
v 0.9351624 8.633188 0.6006989 0 0 0
v 1.075734 8.824516 0.6351198 0 0 0
v 1.242024 8.995211 0.660128 0 0 0
v 0.9572325 8.628838 0.6113562 0 0 0
v 0.9550338 8.336298 0.689751 0 0 0
v 1.054282 8.845926 0.6198462 0 0 0
v 1.258258 8.984268 0.6220611 0 0 0
v 1.066985 8.837104 0.5896355 0 0 0
v 0.9477401 8.634994 0.6335282 0 0 0
v 0.968882 8.33548 0.6957989 0 0 0
v 0.8407768 8.093 0.7857577 0 0 0
v 0.92567 8.639346 0.6228709 0 0 0
v 0.9351624 8.633188 0.6006989 0 0 0
v 0.9634486 8.340656 0.7089401 0 0 0
v 0.8407768 8.093 0.7857577 0 0 0
v 0.9496008 8.341475 0.7028921 0 0 0
v 0.8407768 8.093 0.7857577 0 0 0
v 0.9550338 8.336298 0.689751 0 0 0
v 0.8407768 8.093 0.7857577 0 0 0
v 0.9966827 8.693846 0.6163155 0 0 0
v 0.9907587 8.709854 0.6083083 0 0 0
v 0.8930863 8.603623 0.4782395 0 0 0
v 0.8978862 8.596723 0.4849776 0 0 0
v 0.8709191 8.4429 0.4231369 0 0 0
v 0.9813887 8.6937 0.6273395 0 0 0
v 0.888888 8.596229 0.4908828 0 0 0
v 0.8709191 8.4429 0.4231369 0 0 0
v 0.9754646 8.709707 0.619332 0 0 0
v 0.884088 8.603131 0.4841447 0 0 0
v 0.8709191 8.4429 0.4231369 0 0 0
v 0.9907587 8.709854 0.6083083 0 0 0
v 0.8930863 8.603623 0.4782395 0 0 0
v 0.8709191 8.4429 0.4231369 0 0 0
v 0.9345816 8.623572 0.6254789 0 0 0
v 0.9531507 8.621632 0.6280987 0 0 0
v 0.9200152 8.547573 0.7917061 0 0 0
v 0.9061557 8.550188 0.7875964 0 0 0
v 0.9338647 8.606366 0.6178059 0 0 0
v 0.8634266 8.477413 0.8646643 0 0 0
v 0.9061673 8.537812 0.7796826 0 0 0
v 0.9524338 8.604424 0.6204256 0 0 0
v 0.8533537 8.479515 0.8614695 0 0 0
v 0.8403575 8.341816 0.9078947 0 0 0
v 0.9200268 8.535197 0.783792 0 0 0
v 0.9531507 8.621632 0.6280987 0 0 0
v 0.9200152 8.547573 0.7917061 0 0 0
v 0.8548566 8.473412 0.8527192 0 0 0
v 0.8348477 8.344205 0.9052796 0 0 0
v 0.75649 8.300671 0.9505911 0 0 0
v 0.8649294 8.471312 0.8559141 0 0 0
v 0.8634266 8.477413 0.8646643 0 0 0
v 0.8357559 8.340485 0.8999657 0 0 0
v 0.75649 8.300671 0.9505911 0 0 0
v 0.8412658 8.338095 0.9025807 0 0 0
v 0.75649 8.300671 0.9505911 0 0 0
v 0.8403575 8.341816 0.9078947 0 0 0
v 0.75649 8.300671 0.9505911 0 0 0
v 1.536419 8.339072 0.8859512 0 0 0
v 1.516583 8.353099 0.8703413 0 0 0
v 1.49928 8.245204 0.8588471 0 0 0
v 1.513038 8.235955 0.8704168 0 0 0
v 1.516294 8.342679 0.9072782 0 0 0
v 1.439905 8.162832 0.8821892 0 0 0
v 1.499758 8.240647 0.885394 0 0 0
v 1.496488 8.356406 0.8915498 0 0 0
v 1.448518 8.159815 0.8894456 0 0 0
v 1.471077 8.020083 0.8893134 0 0 0
v 1.486009 8.249808 0.8737895 0 0 0
v 1.516583 8.353099 0.8703413 0 0 0
v 1.49928 8.245204 0.8588471 0 0 0
v 1.44047 8.161832 0.8982992 0 0 0
v 1.471077 8.020083 0.8893134 0 0 0
v 1.431862 8.164809 0.8910259 0 0 0
v 1.471077 8.020083 0.8893134 0 0 0
v 1.439905 8.162832 0.8821892 0 0 0
v 1.471077 8.020083 0.8893134 0 0 0
v 1.371443 8.856184 0.7070163 0 0 0
v 1.371112 8.818417 0.7235997 0 0 0
v 1.57145 8.761892 0.7171909 0 0 0
v 1.578304 8.790112 0.7048278 0 0 0
v 1.367709 8.871624 0.7405757 0 0 0
v 1.735448 8.624394 0.7246547 0 0 0
v 1.576949 8.799913 0.7303085 0 0 0
v 1.367389 8.833744 0.7571149 0 0 0
v 1.746902 8.639763 0.7153265 0 0 0
v 1.911011 8.434774 0.7095982 0 0 0
v 1.570099 8.771654 0.7426558 0 0 0
v 1.371112 8.818417 0.7235997 0 0 0
v 1.57145 8.761892 0.7171909 0 0 0
v 1.749577 8.64275 0.7333682 0 0 0
v 1.920175 8.441324 0.703948 0 0 0
v 2.07561 8.251872 0.8226483 0 0 0
v 1.73812 8.627418 0.7427118 0 0 0
v 1.735448 8.624394 0.7246547 0 0 0
v 1.920151 8.44411 0.7143875 0 0 0
v 2.07561 8.251872 0.8226483 0 0 0
v 1.910983 8.43759 0.720049 0 0 0
v 2.07561 8.251872 0.8226483 0 0 0
v 1.911011 8.434774 0.7095982 0 0 0
v 2.07561 8.251872 0.8226483 0 0 0
v 0.04198775 5.140069 0.0236548 0 0 0
v -0.02605691 5.097909 0.084468 0 0 0
v 0.2203999 4.952123 0.2545711 0 0 0
v 0.2677405 4.994471 0.1973636 0 0 0
v 0.04614362 5.217856 0.09365256 0 0 0
v 0.5256279 4.786627 0.2851387 0 0 0
v 0.2801877 5.054983 0.2615539 0 0 0
v -0.02190115 5.175695 0.1544658 0 0 0
v 0.5504956 4.831209 0.235522 0 0 0
v 0.8885057 4.542828 0.1560568 0 0 0
v 0.2328475 5.012635 0.3187611 0 0 0
v -0.02605691 5.097909 0.084468 0 0 0
v 0.2203999 4.952123 0.2545711 0 0 0
v 0.5783885 4.870846 0.2913182 0 0 0
v 0.9190733 4.569447 0.1149365 0 0 0
v 1.093431 4.141482 0.2293932 0 0 0
v 0.5535215 4.826265 0.3409348 0 0 0
v 0.5256279 4.786627 0.2851387 0 0 0
v 0.9492747 4.594546 0.158979 0 0 0
v 1.122246 4.154693 0.1999463 0 0 0
v 1.361247 4.028412 0.3803969 0 0 0
v 0.9187073 4.567927 0.2000993 0 0 0
v 0.8885057 4.542828 0.1560568 0 0 0
v 1.135754 4.183387 0.2309588 0 0 0
v 1.378041 4.037253 0.3619509 0 0 0
v 1.583145 3.775757 0.4759277 0 0 0
v 1.106939 4.170176 0.2604056 0 0 0
v 1.093431 4.141482 0.2293932 0 0 0
v 1.384343 4.056593 0.3799067 0 0 0
v 1.583145 3.775757 0.4759277 0 0 0
v 1.367549 4.047751 0.3983524 0 0 0
v 1.583145 3.775757 0.4759277 0 0 0
v 1.361247 4.028412 0.3803969 0 0 0
v 1.583145 3.775757 0.4759277 0 0 0
v 0.5715946 4.858989 0.2933689 0 0 0
v 0.6103851 4.819027 0.2819248 0 0 0
v 0.5230711 4.661587 0.5689245 0 0 0
v 0.4914827 4.688305 0.5847646 0 0 0
v 0.5321653 4.828571 0.2659342 0 0 0
v 0.5279868 4.456639 0.7859163 0 0 0
v 0.460707 4.664434 0.5636548 0 0 0
v 0.5709559 4.78861 0.2544899 0 0 0
v 0.5063455 4.46385 0.8090538 0 0 0
v 0.7031735 4.112347 0.8780308 0 0 0
v 0.492296 4.637716 0.547815 0 0 0
v 0.6103851 4.819027 0.2819248 0 0 0
v 0.5230711 4.661587 0.5689245 0 0 0
v 0.4837328 4.446686 0.7932528 0 0 0
v 0.6908828 4.114707 0.8933134 0 0 0
v 0.8218598 3.859629 1.127508 0 0 0
v 0.5053728 4.439474 0.7701148 0 0 0
v 0.5279868 4.456639 0.7859163 0 0 0
v 0.6778154 4.102684 0.8846617 0 0 0
v 0.8218598 3.859629 1.127508 0 0 0
v 0.6901053 4.100322 0.8693793 0 0 0
v 0.8218598 3.859629 1.127508 0 0 0
v 0.7031735 4.112347 0.8780308 0 0 0
v 0.8218598 3.859629 1.127508 0 0 0
v 0.5001767 4.538043 0.7245661 0 0 0
v 0.5162154 4.519379 0.7243417 0 0 0
v 0.3423727 4.376028 0.832597 0 0 0
v 0.3306529 4.38354 0.8345945 0 0 0
v 0.2927631 4.167958 0.8842695 0 0 0
v 0.4916151 4.530949 0.7026114 0 0 0
v 0.3262263 4.380064 0.8217069 0 0 0
v 0.2927631 4.167958 0.8842695 0 0 0
v 0.5076538 4.512286 0.7023872 0 0 0
v 0.3379465 4.372551 0.8197091 0 0 0
v 0.2927631 4.167958 0.8842695 0 0 0
v 0.5162154 4.519379 0.7243417 0 0 0
v 0.3423727 4.376028 0.832597 0 0 0
v 0.2927631 4.167958 0.8842695 0 0 0
v 0.5166433 4.442998 0.8036104 0 0 0
v 0.526565 4.436989 0.7819062 0 0 0
v 0.7369021 4.406549 0.8898488 0 0 0
v 0.7265328 4.411774 0.9051086 0 0 0
v 0.5114214 4.419314 0.8077801 0 0 0
v 0.8264788 4.356935 1.001319 0 0 0
v 0.719995 4.393829 0.9068114 0 0 0
v 0.521343 4.413306 0.7860757 0 0 0
v 0.8186331 4.360913 1.012292 0 0 0
v 0.9075828 4.208366 1.083586 0 0 0
v 0.7303648 4.388603 0.8915519 0 0 0
v 0.526565 4.436989 0.7819062 0 0 0
v 0.7369021 4.406549 0.8898488 0 0 0
v 0.8099216 4.350119 1.009976 0 0 0
v 0.901897 4.211797 1.088971 0 0 0
v 0.9431387 4.191401 1.211735 0 0 0
v 0.8177669 4.34614 0.9990031 0 0 0
v 0.8264788 4.356935 1.001319 0 0 0
v 0.8966085 4.205226 1.087574 0 0 0
v 0.9431387 4.191401 1.211735 0 0 0
v 0.902295 4.201795 1.08219 0 0 0
v 0.9431387 4.191401 1.211735 0 0 0
v 0.9075828 4.208366 1.083586 0 0 0
v 0.9431387 4.191401 1.211735 0 0 0
v 1.116783 4.171007 0.2557506 0 0 0
v 1.147885 4.165251 0.2390924 0 0 0
v 1.136024 3.992309 0.2877441 0 0 0
v 1.113934 3.99744 0.2991396 0 0 0
v 1.099182 4.162662 0.2257745 0 0 0
v 1.146725 3.869006 0.3915444 0 0 0
v 1.101482 3.986423 0.2799624 0 0 0
v 1.130286 4.156904 0.2091165 0 0 0
v 1.133735 3.869741 0.3994807 0 0 0
v 1.180027 3.662687 0.396305 0 0 0
v 1.123573 3.981293 0.2685669 0 0 0
v 1.147885 4.165251 0.2390924 0 0 0
v 1.136024 3.992309 0.2877441 0 0 0
v 1.126188 3.863723 0.3876875 0 0 0
v 1.180027 3.662687 0.396305 0 0 0
v 1.139178 3.862988 0.3797511 0 0 0
v 1.180027 3.662687 0.396305 0 0 0
v 1.146725 3.869006 0.3915444 0 0 0
v 1.180027 3.662687 0.396305 0 0 0
v 0.7084317 4.700038 0.2094097 0 0 0
v 0.7392539 4.662978 0.2257546 0 0 0
v 0.8260603 4.638829 -0.01194334 0 0 0
v 0.8053827 4.665801 -0.03238261 0 0 0
v 0.7450494 4.734311 0.2180723 0 0 0
v 0.9404258 4.537472 -0.1763093 0 0 0
v 0.8345984 4.692117 -0.02721096 0 0 0
v 0.775871 4.69725 0.2344172 0 0 0
v 0.9290583 4.553285 -0.1979136 0 0 0
v 1.04327 4.352877 -0.3444094 0 0 0
v 0.8552765 4.665145 -0.00677145 0 0 0
v 0.7392539 4.662978 0.2257546 0 0 0
v 0.8260603 4.638829 -0.01194334 0 0 0
v 0.9525754 4.5704 -0.1977618 0 0 0
v 1.038125 4.360507 -0.3595087 0 0 0
v 1.300025 4.229219 -0.4670777 0 0 0
v 0.9639437 4.554588 -0.1761574 0 0 0
v 0.9404258 4.537472 -0.1763093 0 0 0
v 1.05099 4.372521 -0.3578227 0 0 0
v 1.300025 4.229219 -0.4670777 0 0 0
v 1.056137 4.364891 -0.3427236 0 0 0
v 1.300025 4.229219 -0.4670777 0 0 0
v 1.04327 4.352877 -0.3444094 0 0 0
v 1.300025 4.229219 -0.4670777 0 0 0
v 0.8386865 11.33372 -0.3808483 0 0 0
v 0.8127888 11.27226 -0.3501168 0 0 0
v 0.8279139 11.25973 -0.2830711 0 0 0
v 0.8689367 11.30866 -0.2467568 0 0 0
v 0.8797091 11.38265 -0.344534 0 0 0
v 0.8948343 11.37012 -0.2774882 0 0 0
v 0.3174545 11.55585 -0.03547569 0 0 0
v 0.3346475 11.63963 -0.06521273 0 0 0
v 0.653208 11.56193 -0.1637887 0 0 0
v 0.6245178 11.45424 -0.1173626 0 0 0
v 0.8948343 11.37012 -0.2774882 0 0 0
v 0.2783264 11.47813 -0.07794547 0 0 0
v 0.8689367 11.30866 -0.2467568 0 0 0
v 0.5632663 11.36924 -0.1795931 0 0 0
v 0.2481697 11.50147 -0.1657988 0 0 0
v 0.8279139 11.25973 -0.2830711 0 0 0
v 0.5322839 11.3935 -0.2885539 0 0 0
v 0.2647559 11.59449 -0.1926369 0 0 0
v 0.8127888 11.27226 -0.3501168 0 0 0
v 0.5614269 11.50222 -0.3334683 0 0 0
v 0.3113645 11.66422 -0.1465466 0 0 0
v 0.8386865 11.33372 -0.3808483 0 0 0
v 0.6212805 11.58547 -0.2710318 0 0 0
v 0.3346475 11.63963 -0.06521273 0 0 0
v 0.8797091 11.38265 -0.344534 0 0 0
v 0.653208 11.56193 -0.1637887 0 0 0
v 0.8948343 11.37012 -0.2774882 0 0 0
v -2.083853 7.344062 0.2806453 0 0 0
v -1.711347 7.110008 0.0839192 0 0 0
v -3.112391 6.73394 0.6733788 0.3529412 0.3529412 0.3529412
v -1.699862 8.098916 0.2915221 0 0 0
v -1.412492 8.007288 0.2032463 0 0 0
v -2.663734 7.077327 0.4258542 0.3529412 0.3529412 0.3529412
v -2.87055 7.341059 0.5544229 0.4156863 0.4156863 0.4156863
v -4.26714 6.46521 0.7054127 1 1 1
v -3.209505 6.765187 -0.1707737 1 1 1
v -0.3107862 8.707692 -0.681657 0.02352941 0.02352941 0.02352941
v -1.192928 8.726544 0.9180986 0 0 0
v -2.327363 6.746335 -1.770529 1 1 1
v 0.2289511 8.277514 0.1829331 0.003921569 0.003921569 0.003921569
v -1.99874 7.174349 0.9021213 1 1 1
v -0.5939835 8.696438 -0.262265 0 0 0
v -1.175806 6.755424 1.347319 1 1 1
v 1.50296 9.943458 0.2501054 0 0 0
v 1.240842 9.873137 0.04232211 0 0 0
v 1.918633 9.187729 0.5960184 0.3529412 0.3529412 0.3529412
v 2.184605 9.526576 0.8017717 0.4156863 0.4156863 0.4156863
v 2.802079 8.718285 1.307261 1 1 1
v -1.002155 10.76954 0.5436749 0 0 0
v -0.7794092 10.672 0.150164 0 0 0
v -1.547914 9.839557 1.350509 0.3529412 0.3529412 0.3529412
v -1.714517 10.27309 1.69342 0.4156863 0.4156863 0.4156863
v -2.451962 9.284546 2.825278 1 1 1
v 0.4149725 16.27257 -0.57468 0.003921569 0.003921569 0.003921569
v 0.6030637 14.68968 0.1657611 1 1 1
v 0.1743713 16.24304 0.07802207 0 0 0
v 0.8436648 14.71921 -0.4869411 1 1 1
v -0.429144 11.54438 0.2200348 0 0 0
v -0.09843115 11.51498 -0.02926405 0 0 0
v -0.9220696 10.62737 0.5455014 0.3529412 0.3529412 0.3529412
v -1.267368 10.95443 0.8199881 0.4156863 0.4156863 0.4156863
v -2.010947 9.941847 1.325843 1 1 1
v -0.1747493 13.02111 -0.08800057 0 0 0
v 0.2016882 13.12154 -0.1046556 0 0 0
v -0.2945136 11.97335 -0.03505399 0.3529412 0.3529412 0.3529412
v -0.8105938 12.14549 -0.009109198 0.4156863 0.4156863 0.4156863
v -1.207402 10.91187 -0.0006441414 1 1 1
v 0.2973377 13.45642 -0.6427139 0.003921569 0.003921569 0.003921569
v 1.231353 11.33511 0.2878841 1 1 1
v 0.2249497 13.3951 0.3421602 0 0 0
v 1.303741 11.39642 -0.69699 1 1 1
v -0.5625917 13.05534 0.2819429 1 1 1
v 0.9351976 15.87284 -0.27806 0.02352941 0.02352941 0.02352941
v -0.7175345 15.80829 0.006490017 0 0 0
v 1.09014 13.11989 -0.002607143 1 1 1
v -0.0008406118 13.46274 0.3194311 1 1 1
v 0.1449479 15.80048 -0.5843154 0.02352941 0.02352941 0.02352941
v 0.220437 15.79342 0.31915 0 0 0
v -0.07632969 13.4698 -0.5840342 1 1 1
v -0.03151227 12.79341 -1.563876 0.003921569 0.003921569 0.003921569
v -0.2438548 12.81781 -0.7313434 0 0 0
v -1.428906 11.7985 -1.003729 1 1 1
v -1.216564 11.7741 -1.836261 1 1 1
v 0.6537146 12.74971 0.7533731 0.003921569 0.003921569 0.003921569
v -0.4484589 11.77919 1.215872 1 1 1
v 0.1919711 12.70222 0.3577057 0 0 0
v 0.01328451 11.82668 1.61154 1 1 1
v 0.0317193 11.34823 -0.6855465 0 0 0
v 0.1721855 11.44271 -0.1734238 0 0 0
v -0.1314693 9.925006 -0.9990076 0.3529412 0.3529412 0.3529412
v -0.2923397 10.22191 -1.672456 0.4156863 0.4156863 0.4156863
v -0.5530943 8.570043 -2.317447 1 1 1
v 0.2814515 9.969786 -1.401685 0 0 0
v 0.2400445 9.847062 -0.9807881 0 0 0
v 0.3845857 9.051405 -2.162911 0.3529412 0.3529412 0.3529412
v 0.415067 9.519226 -2.561054 0.4156863 0.4156863 0.4156863
v 0.556904 8.558341 -3.655678 1 1 1
v -1.049912 3.94365 0.7113793 0 0 0
v -0.8595421 3.795808 0.4102916 0 0 0
v -1.429067 3.218873 1.367511 0.3529412 0.3529412 0.3529412
v -1.598415 3.664746 1.617894 0.4156863 0.4156863 0.4156863
v -2.134566 2.935427 2.525275 1 1 1
v -0.5555282 3.710926 0.763311 0 0 0
v -0.3182602 3.773415 0.3498202 0 0 0
v -0.7351013 2.455834 1.081656 0.3529412 0.3529412 0.3529412
v -1.036539 2.748988 1.605256 0.4156863 0.4156863 0.4156863
v -1.375894 1.304291 2.197391 1 1 1
v 1.720066 6.166108 0.2280637 0.003921569 0.003921569 0.003921569
v 3.678095 4.889331 1.127566 1 1 1
v 1.687009 6.037058 1.211266 0 0 0
v 3.711152 5.018382 0.1443632 1 1 1
v 0.03938427 5.514608 -1.575026 0 0 0
v -0.06042377 5.367433 -1.12712 0 0 0
v 0.2717793 4.533872 -2.412212 0.3529412 0.3529412 0.3529412
v 0.350216 5.057696 -2.82754 0.4156863 0.4156863 0.4156863
v 0.6706797 4.040802 -4.022508 1 1 1
v 0.2800413 3.198782 -4.360847 1 1 1
v 0.6293813 4.898089 -1.278137 0.02352941 0.02352941 0.02352941
v -1.025736 4.799635 -2.209433 0 0 0
v 1.935158 3.297236 -3.429552 1 1 1
v -2.900359 6.995464 0.1009981 0 0 0
v -2.546576 6.769094 0.2692274 0 0 0
v -3.683039 6.397095 -0.3094994 0.3529412 0.3529412 0.3529412
v -3.820331 6.694609 -0.3477064 0.4156863 0.4156863 0.4156863
v -4.997069 6.379482 -0.9612941 1 1 1
v -2.104402 6.689835 -0.8481337 0 0 0
v -1.711347 7.110008 0.0839192 0 0 0
v -3.112391 6.73394 0.6733788 0.3529412 0.3529412 0.3529412
v -3.700529 6.238142 0.1044607 0.3529412 0.3529412 0.3529412
v -4.561049 6.392088 1.512737 1 1 1
v -2.965647 6.035298 1.825267 0.3529412 0.3529412 0.3529412
v -1.223729 6.624834 1.028038 0 0 0
v -1.711347 7.110008 0.0839192 0 0 0
v -2.947482 6.630752 -0.2410422 0.003921569 0.003921569 0.003921569
v -4.238016 6.737969 -0.9224467 1 1 1
v -3.391792 6.436862 0.07680149 0 0 0
v -3.793706 6.931859 -1.24029 1 1 1
v -2.779594 6.511834 -0.1966635 0.003921569 0.003921569 0.003921569
v -3.968929 6.520131 -0.7663691 1 1 1
v -3.095223 6.133811 -0.02230962 0 0 0
v -3.6533 6.898153 -0.940723 1 1 1
v -0.6398148 7.77652 -1.015736 0.007843138 0.007843138 0.007843138
v -0.01255327 7.820312 0.6038082 0 0 0
v -0.8972295 4.455816 1.037424 1 1 1
v -1.524491 4.412024 -0.5821203 1 1 1
v 0.5633009 9.440306 -0.9476234 0.007843138 0.007843138 0.007843138
v -0.9524375 9.398564 0.2184157 0 0 0
v -1.196084 6.17769 -0.2136019 1 1 1
v 0.3196539 6.219431 -1.379641 1 1 1
v 0.6859109 6.089652 0.3436579 0.007843138 0.007843138 0.007843138
v -0.6730424 5.896219 -1.189379 0 0 0
v -0.4368578 2.871721 -1.017125 1 1 1
v 0.9220955 3.065153 0.5159116 1 1 1
v -0.9464976 6.153996 -0.5637392 0 0 0
v -0.4063033 6.276865 -0.3547956 0 0 0
v -1.332451 4.726101 -0.7118995 0.3529412 0.3529412 0.3529412
v -2.069596 5.066822 -1.004228 0.4156863 0.4156863 0.4156863
v -2.92328 3.613131 -1.35427 1 1 1
v -1.332451 4.726101 -0.7118995 0.3529412 0.3529412 0.3529412
v -2.92328 3.613131 -1.35427 1 1 1
v -0.9344384 4.117527 -1.686143 0.3529412 0.3529412 0.3529412
v 0.4354819 5.912533 -1.339512 0 0 0
v -0.4063033 6.276865 -0.3547956 0 0 0
v -1.809066 3.94357 0.4386316 0.3529412 0.3529412 0.3529412
v -2.92328 3.613131 -1.35427 1 1 1
v -1.332451 4.726101 -0.7118995 0.3529412 0.3529412 0.3529412
v -0.5371932 5.868202 1.014722 0 0 0
v -0.4063033 6.276865 -0.3547956 0 0 0
v -0.907064 10.63426 0.5148432 0 0 0
v -0.8547667 10.52337 0.1328674 0 0 0
v -0.873162 9.803766 1.221075 0.3529412 0.3529412 0.3529412
v -0.9622857 10.22668 1.577653 0.4156863 0.4156863 0.4156863
v -0.9562676 9.357358 2.588354 1 1 1
v -0.873162 9.803766 1.221075 0.3529412 0.3529412 0.3529412
v -0.9562676 9.357358 2.588354 1 1 1
v -1.550496 9.338418 1.334621 0.3529412 0.3529412 0.3529412
v -1.617302 10.07417 -0.08656272 0 0 0
v -0.8547667 10.52337 0.1328674 0 0 0
v -0.01104858 9.43182 1.578041 0.3529412 0.3529412 0.3529412
v -0.9562676 9.357358 2.588354 1 1 1
v -0.873162 9.803766 1.221075 0.3529412 0.3529412 0.3529412
v 0.08336702 10.26753 0.1369961 0 0 0
v -0.8547667 10.52337 0.1328674 0 0 0
v -1.154301 10.71813 0.2311753 0 0 0
v -0.7896675 10.62221 0.3682083 0 0 0
v -1.687913 9.880189 -0.2191017 0.3529412 0.3529412 0.3529412
v -2.071648 10.2829 -0.2863066 0.4156863 0.4156863 0.4156863
v -2.878005 9.397456 -0.8720096 1 1 1
v -1.687913 9.880189 -0.2191017 0.3529412 0.3529412 0.3529412
v -2.878005 9.397456 -0.8720096 1 1 1
v -1.523431 9.667692 -1.003967 0.3529412 0.3529412 0.3529412
v -0.2896243 10.47652 -0.3802074 0 0 0
v -0.7896675 10.62221 0.3682083 0 0 0
v -2.20515 9.212802 0.325022 0.3529412 0.3529412 0.3529412
v -2.878005 9.397456 -0.8720096 1 1 1
v -1.687913 9.880189 -0.2191017 0.3529412 0.3529412 0.3529412
v -1.015402 10.06159 1.129998 0 0 0
v -0.7896675 10.62221 0.3682083 0 0 0
v 0.05750752 11.77234 0.2453992 0.003921569 0.003921569 0.003921569
v -1.27284 9.898578 -0.4592539 1 1 1
v 0.374941 11.36369 -0.5538967 0 0 0
v -1.590273 10.30722 0.340042 1 1 1
v 0.482305 3.943961 0.8888831 1 1 1
v -0.8538874 7.04952 -0.2680036 0.02352941 0.02352941 0.02352941
v 0.7589711 6.97743 0.6376321 0 0 0
v -1.130553 4.016051 -0.01675254 1 1 1
v -3.991422 5.65208 1.157331 1 1 1
v -0.8681121 7.230203 -0.7767302 0.02352941 0.02352941 0.02352941
v -1.001835 7.30766 1.288794 0 0 0
v -3.857699 5.574622 -0.9081931 1 1 1
v 1.896132 6.083883 0.8206734 0 0 0
v 1.538554 5.94234 0.5302495 0 0 0
v 2.571341 5.091912 1.346807 0.3529412 0.3529412 0.3529412
v 2.900784 5.610729 1.621284 0.4156863 0.4156863 0.4156863
v 3.86128 4.577874 2.37982 1 1 1
v 2.571341 5.091912 1.346807 0.3529412 0.3529412 0.3529412
v 3.86128 4.577874 2.37982 1 1 1
v 2.210868 4.628052 2.151822 0.3529412 0.3529412 0.3529412
v 0.7886653 5.507327 1.19972 0 0 0
v 1.538554 5.94234 0.5302495 0 0 0
v 3.468107 4.534089 0.7630998 0.3529412 0.3529412 0.3529412
v 3.86128 4.577874 2.37982 1 1 1
v 2.571341 5.091912 1.346807 0.3529412 0.3529412 0.3529412
v 2.138167 5.510908 -0.374657 0 0 0
v 1.538554 5.94234 0.5302495 0 0 0
v 0.7678924 8.305212 0.004851151 0 0 0
v 0.2929957 8.234982 0.04708319 0 0 0
v 1.471271 7.201616 0.06862859 0.3529412 0.3529412 0.3529412
v 1.968464 7.647619 -0.01457855 0.4156863 0.4156863 0.4156863
v 3.029037 6.448498 0.03027325 1 1 1
v 1.471271 7.201616 0.06862859 0.3529412 0.3529412 0.3529412
v 1.565402 6.634389 -0.7453413 0.3529412 0.3529412 0.3529412
v 3.029037 6.448498 0.03027325 1 1 1
v -0.001871578 7.74178 -0.8854213 0 0 0
v 0.2929957 8.234982 0.04708319 0 0 0
v 1.791398 6.694372 1.115668 0.3529412 0.3529412 0.3529412
v 1.471271 7.201616 0.06862859 0.3529412 0.3529412 0.3529412
v 3.029037 6.448498 0.03027325 1 1 1
v 0.2084867 7.922743 1.169532 0 0 0
v 0.2929957 8.234982 0.04708319 0 0 0
v -1.755623 3.744155 0.8662226 0 0 0
v -1.313209 3.508364 0.7862951 0 0 0
v -2.81831 2.882696 1.049557 0.3529412 0.3529412 0.3529412
v -3.155835 3.502988 1.113175 0.4156863 0.4156863 0.4156863
v -4.601919 2.670514 1.361868 1 1 1
v -2.07585 3.446959 0.8503523 0.003921569 0.003921569 0.003921569
v -1.27712 3.369484 1.638305 0 0 0
v -2.640984 2.496154 2.934953 1 1 1
v -3.439714 2.573629 2.147 1 1 1
v 0.4586667 7.621694 -1.117526 0 0 0
v 0.2796953 7.607225 -0.603417 0 0 0
v 0.4765616 6.304178 -1.442663 0.3529412 0.3529412 0.3529412
v 0.7402037 6.732314 -2.115481 0.4156863 0.4156863 0.4156863
v 0.864962 5.261303 -2.773147 1 1 1
v 0.4765616 6.304178 -1.442663 0.3529412 0.3529412 0.3529412
v 0.864962 5.261303 -2.773147 1 1 1
v 1.238572 5.696235 -1.153523 0.3529412 0.3529412 0.3529412
v 1.058037 7.138681 0.08843745 0 0 0
v 0.2796953 7.607225 -0.603417 0 0 0
v -0.5092549 5.659645 -1.801497 0.3529412 0.3529412 0.3529412
v 0.864962 5.261303 -2.773147 1 1 1
v 0.4765616 6.304178 -1.442663 0.3529412 0.3529412 0.3529412
v -0.8709406 7.230362 -0.6300925 0 0 0
v 0.2796953 7.607225 -0.603417 0 0 0
v 1.731704 9.544065 0.4482276 0 0 0
v 1.31085 9.41253 0.2627684 0 0 0
v 2.359555 8.592482 0.7567943 0.3529412 0.3529412 0.3529412
v 2.569652 8.821479 0.8701255 0.4156863 0.4156863 0.4156863
v 3.700355 7.941889 1.431302 1 1 1
v 2.359555 8.592482 0.7567943 0.3529412 0.3529412 0.3529412
v 3.700355 7.941889 1.431302 1 1 1
v 2.129427 8.068091 1.58406 0.3529412 0.3529412 0.3529412
v 0.7197388 9.023091 1.033428 0 0 0
v 1.31085 9.41253 0.2627684 0 0 0
v 2.928181 7.864197 0.0469052 0.3529412 0.3529412 0.3529412
v 3.700355 7.941889 1.431302 1 1 1
v 2.359555 8.592482 0.7567943 0.3529412 0.3529412 0.3529412
v 1.570649 8.905937 -0.6929145 0 0 0
v 1.31085 9.41253 0.2627684 0 0 0
v 0.4540103 3.737395 -0.01173643 0 0 0
v 0.07431904 3.671059 0.2090185 0 0 0
v 1.050125 2.71918 -0.2692505 0.3529412 0.3529412 0.3529412
v 1.437247 3.132999 -0.5217698 0.4156863 0.4156863 0.4156863
v 2.324446 2.027951 -0.9347723 1 1 1
v 1.050125 2.71918 -0.2692505 0.3529412 0.3529412 0.3529412
v 2.324446 2.027951 -0.9347723 1 1 1
v 1.579507 2.332216 0.3739714 0.3529412 0.3529412 0.3529412
v 0.3594497 3.373444 1.13063 0 0 0
v 0.07431904 3.671059 0.2090185 0 0 0
v 0.8073207 2.090075 -1.153703 0.3529412 0.3529412 0.3529412
v 2.324446 2.027951 -0.9347723 1 1 1
v 1.050125 2.71918 -0.2692505 0.3529412 0.3529412 0.3529412
v -0.5325218 3.210577 -0.5518467 0 0 0
v 0.07431904 3.671059 0.2090185 0 0 0
v 0.7462287 10.20254 0.3350005 0.003921569 0.003921569 0.003921569
v 0.0348571 9.579286 0.3616513 0 0 0
v 1.248092 8.248017 1.612706 1 1 1
v 1.959463 8.871274 1.586055 1 1 1
v -1.519433 4.907534 -0.8602651 0.007843138 0.007843138 0.007843138
v 1.874958 3.368229 -3.230813 1 1 1
v 1.413436 4.967137 -0.4136205 0 0 0
v -1.057911 3.308626 -3.677458 1 1 1
v -0.7056398 7.119944 0.6763833 0.003921569 0.003921569 0.003921569
v -1.59142 6.752449 -1.511057 1 1 1
v -0.531801 7.831286 0.0772334 0 0 0
v -1.765258 6.041108 -0.9119073 1 1 1
v 0.4289623 5.907099 0.7153692 0 0 0
v 0.1720772 6.100665 0.2350241 0 0 0
v 0.3354658 4.490673 1.01798 0.3529412 0.3529412 0.3529412
v 0.7871119 4.712113 1.694081 0.4156863 0.4156863 0.4156863
v 0.9203898 3.207125 2.431169 1 1 1
v 0.3354658 4.490673 1.01798 0.3529412 0.3529412 0.3529412
v 0.9203898 3.207125 2.431169 1 1 1
v -0.6632972 4.083944 1.5139 0.3529412 0.3529412 0.3529412
v -1.115312 6.008561 0.481117 0 0 0
v 0.1720772 6.100665 0.2350241 0 0 0
v 1.208812 3.538141 0.3917666 0.3529412 0.3529412 0.3529412
v 0.9203898 3.207125 2.431169 1 1 1
v 0.3354658 4.490673 1.01798 0.3529412 0.3529412 0.3529412
v 0.9924219 5.544698 -0.7556525 0 0 0
v 0.1720772 6.100665 0.2350241 0 0 0
v 0.8856313 6.997809 -0.4943174 0 0 0
v 0.3552933 7.209266 -0.2554381 0 0 0
v 1.172091 5.473114 -0.4063787 0.3529412 0.3529412 0.3529412
v 1.936118 5.7062 -0.8257409 0.4156863 0.4156863 0.4156863
v 2.703547 4.082685 -0.9456434 1 1 1
v 1.172091 5.473114 -0.4063787 0.3529412 0.3529412 0.3529412
v 2.703547 4.082685 -0.9456434 1 1 1
v 1.608785 5.00232 0.6901959 0.3529412 0.3529412 0.3529412
v 0.5073897 7.073583 1.1364 0 0 0
v 0.3552933 7.209266 -0.2554381 0 0 0
v 0.5583776 4.489194 -1.41577 0.3529412 0.3529412 0.3529412
v 2.703547 4.082685 -0.9456434 1 1 1
v 1.172091 5.473114 -0.4063787 0.3529412 0.3529412 0.3529412
v -0.6438056 6.656475 -1.228436 0 0 0
v 0.3552933 7.209266 -0.2554381 0 0 0
v 0.8634396 6.206864 -1.373046 0 0 0
v 0.6269294 6.286033 -0.6295321 0 0 0
v 0.7180959 4.368276 -1.36783 0.3529412 0.3529412 0.3529412
v 1.118622 4.81632 -2.487519 0.4156863 0.4156863 0.4156863
v 1.093771 2.706797 -2.905081 1 1 1
v 0.7180959 4.368276 -1.36783 0.3529412 0.3529412 0.3529412
v 1.093771 2.706797 -2.905081 1 1 1
v 1.654197 3.546035 -0.8093743 0.3529412 0.3529412 0.3529412
v 1.604699 5.719662 0.4453091 0 0 0
v 0.6269294 6.286033 -0.6295321 0 0 0
v -0.6745165 3.49878 -1.564505 0.3529412 0.3529412 0.3529412
v 1.093771 2.706797 -2.905081 1 1 1
v 0.7180959 4.368276 -1.36783 0.3529412 0.3529412 0.3529412
v -0.9486248 5.84558 -0.4394145 0 0 0
v 0.6269294 6.286033 -0.6295321 0 0 0
v -1.139952 9.247396 -0.2044436 0.007843138 0.007843138 0.007843138
v 0.8015105 8.281908 -3.53765 1 1 1
v 1.024129 9.746799 -0.6203537 0 0 0
v -1.36257 7.782506 -3.121741 1 1 1
v 1.82017 5.301049 1.377271 1 1 1
v -0.5264584 7.549611 0.031294 0.02352941 0.02352941 0.02352941
v 1.191995 7.504044 -0.5735238 0 0 0
v 0.1017173 5.346617 1.982089 1 1 1
v 1.080715 5.504175 2.122044 1 1 1
v -1.137319 8.961635 -0.432664 0.02352941 0.02352941 0.02352941
v 1.362542 8.801307 -0.3618435 0 0 0
v -1.419147 5.664503 2.051223 1 1 1
v -0.3888478 9.4172 -0.09447954 0.003921569 0.003921569 0.003921569
v 0.6213545 7.397185 0.6824318 1 1 1
v 0.5507731 9.401664 -0.2043803 0 0 0
v -0.3182666 7.412723 0.7923326 1 1 1
v -1.410216 3.046587 -0.266655 0 0 0
v -1.313209 3.508364 0.7862951 0 0 0
v -2.81831 2.882696 1.049557 0.3529412 0.3529412 0.3529412
v -3.291601 2.463417 0.2115319 0.3529412 0.3529412 0.3529412
v -1.098562 3.020051 1.895198 0 0 0
v -4.601919 2.670514 1.361868 1 1 1
v -3.081055 2.348691 2.172756 0.3529412 0.3529412 0.3529412
v -2.889422 6.360145 1.028916 0 0 0
v -3.683039 6.397095 -0.3094994 0.3529412 0.3529412 0.3529412
v -2.546576 6.769094 0.2692274 0 0 0
v -4.263787 6.060888 0.2035117 0.3529412 0.3529412 0.3529412
v -2.15911 6.411736 -0.5688906 0 0 0
v -4.997069 6.379482 -0.9612941 1 1 1
v -3.662373 6.04079 -1.267968 0.3529412 0.3529412 0.3529412
v 0.8884805 4.979811 -0.740998 0 0 0
v -0.06042377 5.367433 -1.12712 0 0 0
v 0.2717793 4.533872 -2.412212 0.3529412 0.3529412 0.3529412
v 1.175938 4.115431 -2.435843 0.3529412 0.3529412 0.3529412
v -1.112363 4.88205 -1.276625 0 0 0
v 0.6706797 4.040802 -4.022508 1 1 1
v -0.6129206 3.930781 -2.968681 0.3529412 0.3529412 0.3529412
v -1.019647 3.456925 -0.4261562 0 0 0
v -0.3182602 3.773415 0.3498202 0 0 0
v -0.7351013 2.455834 1.081656 0.3529412 0.3529412 0.3529412
v -1.48565 1.950775 0.6691213 0.3529412 0.3529412 0.3529412
v 0.7499223 3.412455 0.6446949 0 0 0
v -1.375894 1.304291 2.197391 1 1 1
v 0.1072134 1.801394 1.639862 0.3529412 0.3529412 0.3529412
v -1.478855 3.424609 -0.08681042 0 0 0
v -0.8595421 3.795808 0.4102916 0 0 0
v -1.429067 3.218873 1.367511 0.3529412 0.3529412 0.3529412
v -2.117722 2.855996 1.193753 0.3529412 0.3529412 0.3529412
v -0.09419783 3.457729 0.8273408 0 0 0
v -2.134566 2.935427 2.525275 1 1 1
v -0.8925201 2.81233 2.059937 0.3529412 0.3529412 0.3529412
v 1.139355 9.487023 -0.7288952 0 0 0
v 0.2400445 9.847062 -0.9807881 0 0 0
v 0.3845857 9.051405 -2.162911 0.3529412 0.3529412 0.3529412
v 1.196346 8.654624 -2.276599 0.3529412 0.3529412 0.3529412
v -0.73677 9.416673 -0.9852071 0 0 0
v 0.556904 8.558341 -3.655678 1 1 1
v -0.4883692 8.501681 -2.552289 0.3529412 0.3529412 0.3529412
v 1.242766 11.04738 -0.06780173 0 0 0
v 0.1721855 11.44271 -0.1734238 0 0 0
v -0.1314693 9.925006 -0.9990076 0.3529412 0.3529412 0.3529412
v 0.6949905 9.3092 -1.212008 0.3529412 0.3529412 0.3529412
v -0.8331398 11.11537 0.4354814 0 0 0
v -0.5530943 8.570043 -2.317447 1 1 1
v -1.183497 9.247914 -0.7573768 0.3529412 0.3529412 0.3529412
v 0.5748126 12.89485 0.7415671 0 0 0
v -0.2945136 11.97335 -0.03505399 0.3529412 0.3529412 0.3529412
v 0.2016882 13.12154 -0.1046556 0 0 0
v -0.2220564 11.56013 0.6536435 0.3529412 0.3529412 0.3529412
v 0.4767818 12.8186 -0.7769714 0 0 0
v -1.207402 10.91187 -0.0006441414 1 1 1
v -0.3159038 11.4466 -0.8569396 0.3529412 0.3529412 0.3529412
v -0.4213707 11.19896 -0.817857 0 0 0
v -0.09843115 11.51498 -0.02926405 0 0 0
v -0.9220696 10.62737 0.5455014 0.3529412 0.3529412 0.3529412
v -1.41278 10.20846 0.05295165 0.3529412 0.3529412 0.3529412
v 0.5767863 11.14922 0.6208484 0 0 0
v -2.010947 9.941847 1.325843 1 1 1
v -0.5669274 10.0914 1.355774 0.3529412 0.3529412 0.3529412
v 0.1674612 10.23611 0.562293 0 0 0
v -1.547914 9.839557 1.350509 0.3529412 0.3529412 0.3529412
v -0.7794092 10.672 0.150164 0 0 0
v -0.9301887 9.363104 2.029963 0.3529412 0.3529412 0.3529412
v -1.75105 10.36133 -0.4816716 0 0 0
v -2.451962 9.284546 2.825278 1 1 1
v -2.696488 9.386887 1.138889 0.3529412 0.3529412 0.3529412
v 1.567545 9.575697 -0.5966689 0 0 0
v 1.918633 9.187729 0.5960184 0.3529412 0.3529412 0.3529412
v 1.240842 9.873137 0.04232211 0 0 0
v 2.396625 8.845024 0.2040194 0.3529412 0.3529412 0.3529412
v 0.6846938 9.575697 0.5795604 0 0 0
v 2.802079 8.718285 1.307261 1 1 1
v 1.623103 8.773104 1.283909 0.3529412 0.3529412 0.3529412
v -1.059582 7.608731 1.166453 0 0 0
v -2.663734 7.077327 0.4258542 0.3529412 0.3529412 0.3529412
v -1.412492 8.007288 0.2032463 0 0 0
v -2.715986 6.623234 1.31673 0.3529412 0.3529412 0.3529412
v -1.464256 7.550067 -0.8764575 0 0 0
v -4.26714 6.46521 0.7054127 1 1 1
v -3.125321 6.469882 -0.516404 0.3529412 0.3529412 0.3529412
v -0.5481754 4.387251 0.119779 0.3529412 0.3529412 0.3529412
v -0.7497693 2.877166 0.1991844 1 1 1
v -0.5567341 3.119752 -0.2153329 1 1 1
v -0.1509135 3.736452 -0.7600316 0.7215686 0.7215686 0.7215686
v -0.5721772 2.976294 0.6716868 1 1 1
v -0.5224663 5.686967 -0.4686156 0 0 0
v -0.1469257 3.684275 1.147884 0.6039216 0.6039216 0.6039216
v -0.4594673 5.731038 0.04266354 0 0 0
v -0.4021244 5.750614 0.2761558 0 0 0
v -0.1532994 3.493736 -0.2592113 0.3529412 0.3529412 0.3529412
v 0.005040281 2.185483 -0.5113342 1 1 1
v 0.3359194 2.453578 -0.3504246 1 1 1
v 0.7326378 3.056672 0.01005891 0.7215686 0.7215686 0.7215686
v -0.4078915 2.187371 -0.3264844 1 1 1
v 0.1504822 4.709848 -0.1981481 0 0 0
v -0.9055894 2.703905 0.1076533 0.6039216 0.6039216 0.6039216
v -0.2940253 4.662813 -0.1146616 0 0 0
v -0.4952374 4.639643 -0.0515217 0 0 0
v -0.3718303 1.592926 0.4129179 0.3529412 0.3529412 0.3529412
v -0.6184321 0.4839163 0.27336 1 1 1
v -0.409723 1.668952 -0.03806994 0.3529412 0.3529412 0.3529412
v -0.2542681 2.727186 0.5260902 0 0 0
v -0.6356091 0.6084859 -0.1679939 1 1 1
v -0.2976648 2.750109 0.06980401 0 0 0
v -0.3516282 0.5222219 -0.5180213 1 1 1
v 0.01686475 2.782274 -0.2628256 0.01176471 0.01176471 0.01176471
v -0.1016061 1.639245 -0.3768729 0.3529412 0.3529412 0.3529412
v 0.688195 0.8791639 0.2069003 0.3529412 0.3529412 0.3529412
v 1.254491 0.0451512 0.7517938 1 1 1
v 0.4909644 0.972201 0.6106949 0.3529412 0.3529412 0.3529412
v 0.325848 1.912146 -0.1319642 0 0 0
v 1.030747 0.1772352 1.130078 1 1 1
v 0.1455816 1.956821 0.2876952 0 0 0
v 0.6540279 0.01073648 1.33248 1 1 1
v -0.2817929 1.892163 0.4418905 0.01176471 0.01176471 0.01176471
v 0.08335505 0.8511956 0.7833745 0.3529412 0.3529412 0.3529412
v 0.3328564 3.028115 0.3311366 0.3529412 0.3529412 0.3529412
v 0.5685338 1.463835 0.3268872 1 1 1
v 0.2748437 1.724667 0.6477408 1 1 1
v -0.2674423 2.373902 1.031195 0.7215686 0.7215686 0.7215686
v 0.4983235 1.549897 -0.1329615 1 1 1
v 0.1581669 4.39211 0.8287432 0 0 0
v 0.1733648 2.263134 -0.6599327 0.6039216 0.6039216 0.6039216
v 0.213222 4.421668 0.3609071 0 0 0
v 0.2095115 4.434172 0.1408763 0 0 0
v -0.5573796 2.309586 0.395561 0.3529412 0.3529412 0.3529412
v -0.9604982 0.9808934 0.4325886 1 1 1
v -0.8627832 1.218808 0.06905024 1 1 1
v -0.557305 1.776258 -0.4417887 0.7215686 0.7215686 0.7215686
v -0.6772211 0.9899911 0.7362412 1 1 1
v -0.4640702 3.53393 0.02005138 0 0 0
v -0.0838665 1.507708 0.9961995 0.6039216 0.6039216 0.6039216
v -0.2758079 3.505215 0.3881256 0 0 0
v -0.1661265 3.487669 0.5466092 0 0 0
v 0.1676634 1.551834 0.6632816 0.3529412 0.3529412 0.3529412
v 0.2969483 0.2188855 1.05512 1 1 1
v -0.05034403 0.4698878 0.9326813 1 1 1
v -0.5550066 1.085909 0.5096251 0.7215686 0.7215686 0.7215686
v 0.6291168 0.2988324 0.8072734 1 1 1
v -0.311515 2.771622 0.6085973 0 0 0
v 0.9129508 0.9389715 0.2295827 0.6039216 0.6039216 0.6039216
v 0.06080378 2.788844 0.50269 0 0 0
v 0.2401451 2.79714 0.4516757 0 0 0
v -1.511779 9.518295 2.039725 0.3529412 0.3529412 0.3529412
v -2.078966 9.273793 3.070105 1 1 1
v -2.311339 9.088585 1.775765 0.3529412 0.3529412 0.3529412
v -0.7696768 8.843013 2.781289 0.3529412 0.3529412 0.3529412
v -1.778471 9.693762 0.5304564 0 0 0
v -0.1034491 9.904413 1.689817 0 0 0
v -1.031539 10.25946 1.149239 0 0 0
v 3.172086 8.375072 0.1947418 0.3529412 0.3529412 0.3529412
v 4.396747 8.126771 0.004844846 1 1 1
v 3.510506 8.047819 0.91686 0.3529412 0.3529412 0.3529412
v 3.396528 7.823535 -0.7490281 0.3529412 0.3529412 0.3529412
v 2.087203 8.585412 1.250621 0 0 0
v 1.9583 8.707094 -0.6034516 0 0 0
v 2.053838 8.998831 0.3597049 0 0 0
v 2.023051 9.332148 1.20265 0.3529412 0.3529412 0.3529412
v 2.898388 8.923086 1.976339 1 1 1
v 2.528207 8.877808 1.931565 1 1 1
v 1.800513 8.760298 1.615065 0.7215686 0.7215686 0.7215686
v 2.998627 8.858892 1.669398 1 1 1
v 1.074996 9.852546 0.8080385 0 0 0
v 2.696594 8.837826 0.9424248 0.6039216 0.6039216 0.6039216
v 1.265323 9.875419 0.5931482 0 0 0
v 1.357001 9.886436 0.4896382 0 0 0
v 2.225773 9.51704 -1.142677 0.3529412 0.3529412 0.3529412
v 3.284354 9.250995 -1.919613 1 1 1
v 2.887527 9.224236 -0.6686829 0.3529412 0.3529412 0.3529412
v 2.021042 8.86947 -2.043886 0.3529412 0.3529412 0.3529412
v 1.698899 9.804701 0.3173181 0 0 0
v 0.7167894 9.802521 -1.234816 0 0 0
v 1.238334 10.17926 -0.4647779 0 0 0
v 2.424531 9.637691 -0.1830444 0.3529412 0.3529412 0.3529412
v 3.756676 9.519686 -0.1026235 1 1 1
v 2.652922 9.240141 0.550519 0.3529412 0.3529412 0.3529412
v 2.932356 9.196208 -1.08894 0.3529412 0.3529412 0.3529412
v 1.048983 9.624449 0.5913104 0 0 0
v 1.312142 9.964344 -1.194434 0 0 0
v 1.161105 10.16241 -0.2223946 0 0 0
v -2.12844 9.828435 0.6439059 0.3529412 0.3529412 0.3529412
v -3.368245 9.443319 0.844209 1 1 1
v -2.43673 9.439402 -0.04382924 0.3529412 0.3529412 0.3529412
v -2.308208 9.252804 1.571538 0.3529412 0.3529412 0.3529412
v -1.02189 10.14212 -0.3917907 0 0 0
v -0.9169664 10.31842 1.397355 0 0 0
v -1.039455 10.5906 0.4598805 0 0 0
v 3.34375 4.989784 0.7703751 0.3529412 0.3529412 0.3529412
v 3.784353 4.564028 0.01859959 0.3529412 0.3529412 0.3529412
v 4.702149 4.519362 1.178149 1 1 1
v 3.464634 4.632346 1.870888 0.3529412 0.3529412 0.3529412
v 2.295623 5.198904 -0.5571985 0 0 0
v 1.877863 5.353407 1.477319 0 0 0
v 2.162672 5.660943 0.4078691 0 0 0
v 0.4877808 3.444303 -2.579443 0.3529412 0.3529412 0.3529412
v 0.1106107 2.484426 -3.699897 1 1 1
v 1.261047 2.974105 -2.840313 0.3529412 0.3529412 0.3529412
v -0.4761552 2.87964 -2.34963 0.3529412 0.3529412 0.3529412
v 1.748943 4.256191 -1.849752 0 0 0
v -0.1727301 4.260023 -1.299527 0 0 0
v 0.7512833 4.579529 -1.844615 0 0 0
v -0.2288161 3.525397 -3.306015 0.3529412 0.3529412 0.3529412
v 0.4197416 3.029422 -4.731879 1 1 1
v 0.7529289 3.31144 -3.154057 0.3529412 0.3529412 0.3529412
v -0.9552807 2.718157 -3.884785 0.3529412 0.3529412 0.3529412
v 0.1432348 4.195645 -1.677774 0 0 0
v -1.792362 3.641139 -2.450721 0 0 0
v -0.8365635 4.343833 -2.224108 0 0 0
v -1.5826 2.743982 1.931726 0.3529412 0.3529412 0.3529412
v -2.472902 2.209291 3.316198 1 1 1
v -2.432353 2.304498 1.652572 0.3529412 0.3529412 0.3529412
v -0.9123163 2.15019 2.740553 0.3529412 0.3529412 0.3529412
v -1.630122 3.209482 0.1560042 0 0 0
v 0.08673314 3.146831 1.317173 0 0 0
v -0.8714808 3.61087 0.8365275 0 0 0
v -3.215358 2.797429 0.2511085 0.3529412 0.3529412 0.3529412
v -4.826178 2.511032 -0.3132763 1 1 1
v -3.199678 2.376052 -0.6518591 0.3529412 0.3529412 0.3529412
v -3.932766 2.280057 1.071914 0.3529412 0.3529412 0.3529412
v -1.4462 3.018643 -0.1885282 0 0 0
v -2.192626 3.011389 1.746059 0 0 0
v -1.874601 3.462533 0.7165661 0 0 0
v -2.167485 7.161227 -0.7053769 0.3529412 0.3529412 0.3529412
v -4.541111 5.652121 -1.24277 1 1 1
v -2.073047 6.442449 -2.186399 0.3529412 0.3529412 0.3529412
v -2.739506 5.995903 0.8115715 0.3529412 0.3529412 0.3529412
v 0.02452455 8.609739 -1.79177 0 0 0
v -0.6724324 8.310177 1.554313 0 0 0
v -0.7071065 9.102113 -0.2084503 0 0 0
v -3.374062 6.159546 0.7877337 0.3529412 0.3529412 0.3529412
v -4.164318 5.598177 1.37222 1 1 1
v -4.576669 5.602591 1.207603 1 1 1
v -3.267788 5.579394 1.42765 0.7215686 0.7215686 0.7215686
v -4.566872 5.553179 0.7900936 1 1 1
v -2.239175 6.804328 0.8524081 0 0 0
v -3.974759 5.620624 0.109735 0.6039216 0.6039216 0.6039216
v -2.362853 6.825226 0.487302 0 0 0
v -2.422427 6.835293 0.3114351 0 0 0
v -2.450142 6.110512 0.9326207 0.3529412 0.3529412 0.3529412
v -2.800742 5.433035 1.768903 1 1 1
v -3.217546 5.282096 1.743528 1 1 1
v -1.97569 5.703745 1.538261 0.7215686 0.7215686 0.7215686
v -3.308076 5.171438 1.34804 1 1 1
v -1.638702 7.078336 0.5968007 0 0 0
v -2.990717 5.309185 0.5123703 0.6039216 0.6039216 0.6039216
v -1.858524 7.000393 0.2891672 0 0 0
v -1.96441 6.962848 0.140984 0 0 0
v 1.170961 5.853503 0.8943468 0.3529412 0.3529412 0.3529412
v 1.976868 4.755271 1.914235 1 1 1
v 0.4993378 5.155715 1.389601 0.3529412 0.3529412 0.3529412
v 1.955226 5.069747 0.3260644 0.3529412 0.3529412 0.3529412
v -0.4557191 6.438198 0.4561588 0 0 0
v 1.144434 6.461167 -0.7356812 0 0 0
v 0.4681657 6.832306 0.09784082 0 0 0
v 0.5304909 13.77594 -0.3697178 0.3529412 0.3529412 0.3529412
v 0.9610593 12.6399 -0.6038864 1 1 1
v 0.9467794 12.86318 -0.2781657 1 1 1
v 0.6972374 13.3825 0.2762403 0.7215686 0.7215686 0.7215686
v 0.6403388 12.6689 -0.7945988 1 1 1
v 0.5031069 14.86408 0.04008219 0 0 0
v 0.002070971 13.15751 -0.8368814 0.6039216 0.6039216 0.6039216
v 0.2920749 14.85121 -0.2307357 0 0 0
v 0.1904234 14.84502 -0.3611853 0 0 0
v 3.205621 3.321616 -1.529379 0.3529412 0.3529412 0.3529412
v 4.465485 2.98207 -2.009693 1 1 1
v 4.289699 2.954695 -1.575094 1 1 1
v 3.694893 2.839206 -0.8875205 0.7215686 0.7215686 0.7215686
v 4.172096 2.867617 -2.356565 1 1 1
v 2.320484 3.830539 -0.6878072 0 0 0
v 3.255794 2.758384 -2.51607 0.6039216 0.6039216 0.6039216
v 2.145682 3.80894 -1.087813 0 0 0
v 2.061482 3.798536 -1.280491 0 0 0
v 3.058459 3.441185 -0.7895029 0.3529412 0.3529412 0.3529412
v 3.318884 2.868912 -1.664908 0.3529412 0.3529412 0.3529412
v 4.730237 2.771475 -0.6050366 1 1 1
v 3.273128 2.919342 0.3872976 0.3529412 0.3529412 0.3529412
v 1.6367 3.910381 -2.039628 0 0 0
v 1.536984 4.082881 0.2220042 0 0 0
v 1.766175 4.43243 -0.9778121 0 0 0
v 0.7316356 8.643001 -2.167347 0.3529412 0.3529412 0.3529412
v 0.9450393 8.202173 -3.283144 1 1 1
v 1.394164 8.230322 -3.444312 1 1 1
v 0.1854585 8.093703 -2.694302 0.7215686 0.7215686 0.7215686
v 1.685568 8.124946 -3.11426 1 1 1
v -0.2237436 9.216401 -1.308417 0 0 0
v 1.698367 8.049397 -2.143611 0.6039216 0.6039216 0.6039216
v 0.1374679 9.206533 -1.103118 0 0 0
v 0.3114589 9.20178 -1.004228 0 0 0
v -0.6938772 8.543848 -2.422891 0.3529412 0.3529412 0.3529412
v -1.293526 8.040626 -3.673255 1 1 1
v 0.01011408 8.209852 -2.968148 0.3529412 0.3529412 0.3529412
v -1.675341 7.975338 -2.223021 0.3529412 0.3529412 0.3529412
v 0.7295582 9.036811 -1.744288 0 0 0
v -1.125295 8.870575 -0.8762372 0 0 0
v -0.2442067 9.319501 -1.432403 0 0 0
v -0.009886049 4.301409 -0.3167609 0.3529412 0.3529412 0.3529412
v -0.435683 4.350288 -0.2840558 0.3529412 0.3529412 0.3529412
v -0.2120185 3.28918 -0.6109863 1 1 1
v 0.0500426 5.373058 -0.3135818 0 0 0
v -0.628352 3.385449 -0.5645061 1 1 1
v -0.3785601 5.371764 -0.2810254 0 0 0
v -0.901122 3.314542 -0.2399593 1 1 1
v -0.637035 5.414527 0.05974402 0.01176471 0.01176471 0.01176471
v -0.697427 4.334595 0.05654039 0.3529412 0.3529412 0.3529412
v 0.821214 2.430168 -0.3042259 0.3529412 0.3529412 0.3529412
v 0.5110586 2.574359 -0.6017511 0.3529412 0.3529412 0.3529412
v 1.266697 1.835003 -1.157876 1 1 1
v 0.4912598 3.289073 0.3551721 0 0 0
v 0.9356846 2.007059 -1.415435 1 1 1
v 0.1965521 3.393053 0.02677554 0 0 0
v 0.5367757 1.834422 -1.544185 1 1 1
v -0.244655 3.299731 -0.01944169 0.01176471 0.01176471 0.01176471
v 0.08784976 2.434187 -0.6839371 0.3529412 0.3529412 0.3529412
v -0.09431664 3.16162 -0.2210433 0.3529412 0.3529412 0.3529412
v -0.463416 3.228022 -0.1039675 0.3529412 0.3529412 0.3529412
v -0.444176 2.369721 -0.6824581 1 1 1
v 0.09140012 4.091802 0.0293187 0 0 0
v -0.7968957 2.473197 -0.5437798 1 1 1
v -0.286394 4.114654 0.1346732 0 0 0
v -0.9994894 2.347591 -0.2314833 1 1 1
v -0.4597732 4.082983 0.4857954 0.01176471 0.01176471 0.01176471
v -0.6469256 3.145611 0.2334981 0.3529412 0.3529412 0.3529412
v 0.5922253 3.907302 -3.321397 0.3529412 0.3529412 0.3529412
v -0.2972851 3.056849 -3.270133 0.3529412 0.3529412 0.3529412
v 0.8176391 2.900753 -4.389727 1 1 1
v 1.517131 3.073424 -2.939314 0.3529412 0.3529412 0.3529412
v -0.7719029 4.191117 -2.19843 0 0 0
v 1.229806 4.332465 -1.837841 0 0 0
v 0.223106 4.712689 -2.383303 0 0 0
v -1.887903 3.571681 -2.571523 0.3529412 0.3529412 0.3529412
v -2.584626 3.062463 -1.986836 0.3529412 0.3529412 0.3529412
v -3.30296 3.055125 -3.575444 1 1 1
v -1.564435 3.024985 -3.662184 0.3529412 0.3529412 0.3529412
v -1.21428 3.955556 -0.8141834 0 0 0
v -0.03604766 4.025925 -2.63384 0 0 0
v -0.7689036 4.443884 -1.750027 0 0 0
v 0.2100957 3.190572 2.514628 0.3529412 0.3529412 0.3529412
v 1.113286 2.681354 2.622007 0.3529412 0.3529412 0.3529412
v 0.4474442 2.674017 4.233322 1 1 1
v -0.8062409 2.643877 3.025736 0.3529412 0.3529412 0.3529412
v 1.02952 3.574446 0.8203567 0 0 0
v -1.103395 3.644816 1.207726 0 0 0
v 0.04253067 4.062774 1.136608 0 0 0
v 1.792767 4.246644 -1.068114 0.3529412 0.3529412 0.3529412
v 2.800273 3.539059 -1.968855 1 1 1
v 2.434836 3.886512 -0.5889004 0.3529412 0.3529412 0.3529412
v 1.34493 3.62237 -1.803614 0.3529412 0.3529412 0.3529412
v 1.503819 4.930328 0.3702663 0 0 0
v 0.2662719 4.739465 -0.9611379 0 0 0
v 1.018513 5.191272 -0.4225103 0 0 0
v 1.950678 4.482152 1.163463 0.3529412 0.3529412 0.3529412
v 3.304843 3.652318 2.184757 1 1 1
v 1.574226 4.209724 2.14645 0.3529412 0.3529412 0.3529412
v 2.610162 3.548606 0.5101667 0.3529412 0.3529412 0.3529412
v 0.2075716 5.469838 1.171073 0 0 0
v 1.336914 4.858834 -0.691596 0 0 0
v 1.00111 5.602477 0.2874263 0 0 0
v 1.837981 4.375114 -0.1095907 0.3529412 0.3529412 0.3529412
v 2.243809 3.455845 -0.8582683 1 1 1
v 2.728646 3.318454 -0.7353342 1 1 1
v 1.294605 3.770224 -0.7628564 0.7215686 0.7215686 0.7215686
v 2.850401 3.306284 -0.2271393 1 1 1
v 0.8747883 5.45575 -0.0884487 0 0 0
v 2.508138 3.654739 0.6794348 0.6039216 0.6039216 0.6039216
v 1.140042 5.460648 0.3223786 0 0 0
v 1.267811 5.463008 0.520269 0 0 0
v 0.9708598 3.341373 1.571105 0.3529412 0.3529412 0.3529412
v 1.868363 2.67784 2.456841 1 1 1
v 0.5643008 3.027424 2.210903 0.3529412 0.3529412 0.3529412
v 1.609171 2.733807 1.112413 0.3529412 0.3529412 0.3529412
v -0.3747432 4.007554 1.394152 0 0 0
v 0.7694573 3.777079 0.148252 0 0 0
v 0.3331282 4.22447 0.8792669 0 0 0
v 2.505422 6.574812 0.4097152 0.3529412 0.3529412 0.3529412
v 3.526273 6.087072 0.37454 1 1 1
v 3.767322 6.098958 0.7472399 1 1 1
v 2.82892 6.032712 -0.1893181 0.7215686 0.7215686 0.7215686
v 3.522852 6.022548 1.080777 1 1 1
v 1.57095 7.172194 -0.2815078 0 0 0
v 2.644215 6.020371 1.295317 0.6039216 0.6039216 0.6039216
v 1.460275 7.175069 0.08832762 0 0 0
v 1.406964 7.176455 0.2664727 0 0 0
v 2.6091 5.003592 0.7242119 0.3529412 0.3529412 0.3529412
v 3.874978 4.58832 0.6407523 1 1 1
v 3.568321 4.538138 0.9493049 1 1 1
v 2.778661 4.380016 1.357056 0.7215686 0.7215686 0.7215686
v 3.696771 4.475586 0.2835782 1 1 1
v 1.60081 5.594789 1.197951 0 0 0
v 2.88287 4.375367 -0.07647566 0.6039216 0.6039216 0.6039216
v 1.564185 5.593227 0.8291345 0 0 0
v 1.546544 5.592474 0.6514801 0 0 0
v 1.707577 8.585395 1.35743 0.3529412 0.3529412 0.3529412
v 2.004569 7.987535 2.272998 1 1 1
v 1.702181 8.098775 2.137703 1 1 1
v 1.234797 8.338557 1.69301 0.7215686 0.7215686 0.7215686
v 2.261002 7.970193 2.064519 1 1 1
v 1.141117 9.202005 0.7099236 0 0 0
v 2.406133 8.171222 1.401562 0.6039216 0.6039216 0.6039216
v 1.431154 9.180131 0.5897999 0 0 0
v 1.570861 9.169593 0.5319377 0 0 0
v 1.544193 2.361599 0.4193445 0.3529412 0.3529412 0.3529412
v 1.866187 1.818371 -0.2137536 0.3529412 0.3529412 0.3529412
v 2.938876 1.814785 0.8284494 1 1 1
v 1.586584 1.993216 1.436586 0.3529412 0.3529412 0.3529412
v 0.4861365 2.6705 -0.8054042 0 0 0
v 0.1365345 2.962694 0.9985359 0 0 0
v 0.4729035 3.185973 0.03128033 0 0 0
v 0.4543938 5.466467 0.9365039 0.3529412 0.3529412 0.3529412
v 1.20545 4.718853 0.3301187 0.3529412 0.3529412 0.3529412
v 1.155167 4.215352 2.211131 1 1 1
v -0.5844282 4.563301 1.393013 0.3529412 0.3529412 0.3529412
v 0.7913201 6.544439 -0.7601742 0 0 0
v -1.20127 6.503425 0.4034014 0 0 0
v 0.0526671 7.028877 0.1900764 0 0 0
v 2.160713 3.941946 -1.3844 0.3529412 0.3529412 0.3529412
v 1.79644 3.400417 -2.086533 0.3529412 0.3529412 0.3529412
v 3.345379 3.356283 -2.221685 1 1 1
v 2.992459 3.499632 -0.7060995 0.3529412 0.3529412 0.3529412
v 0.4987717 4.319877 -1.38916 0 0 0
v 1.787073 4.535218 0.1550915 0 0 0
v 1.227001 4.825179 -0.79338 0 0 0
v 1.437766 4.959829 -0.6128653 0.3529412 0.3529412 0.3529412
v 1.207511 4.224433 -1.559908 0.3529412 0.3529412 0.3529412
v 3.031438 3.94196 -0.937215 1 1 1
v 1.672816 4.017927 0.4645541 0.3529412 0.3529412 0.3529412
v -0.2056902 5.859921 -1.414827 0 0 0
v 0.2749882 5.758317 0.8400854 0 0 0
v 0.3890642 6.376705 -0.384067 0 0 0
v -1.523986 6.957391 0.7241042 0.3529412 0.3529412 0.3529412
v -2.771824 6.181127 1.347513 1 1 1
v -2.25327 7.020046 0.1680716 0.3529412 0.3529412 0.3529412
v -1.275716 5.940191 1.101537 0.3529412 0.3529412 0.3529412
v -0.9861765 8.147572 -0.3543971 0 0 0
v 0.1561556 7.04175 0.7088202 0 0 0
v -0.4546729 7.895776 0.4670838 0 0 0
v 1.476746 4.064484 -0.3466388 0.3529412 0.3529412 0.3529412
v 2.87374 3.33628 -0.6044217 1 1 1
v 1.741155 3.600084 0.4012739 0.3529412 0.3529412 0.3529412
v 1.52339 3.513985 -1.31285 0.3529412 0.3529412 0.3529412
v 0.3781877 4.667158 0.7930495 0 0 0
v 0.1034059 4.678516 -1.099716 0 0 0
v 0.4344191 5.045201 -0.1421781 0 0 0
v 1.16471 4.138474 1.231955 0.3529412 0.3529412 0.3529412
v 2.174381 3.593974 2.255967 1 1 1
v 0.7448421 3.721733 1.890777 0.3529412 0.3529412 0.3529412
v 1.990666 3.61804 0.7888051 0.3529412 0.3529412 0.3529412
v -0.373899 4.594078 0.9368072 0 0 0
v 0.9763967 4.577703 -0.3164955 0 0 0
v 0.3742029 4.963339 0.4357145 0 0 0
v 1.691116 5.350254 1.65677 0.3529412 0.3529412 0.3529412
v 2.307726 4.843056 3.039691 1 1 1
v 1.049981 4.922476 2.158204 0.3529412 0.3529412 0.3529412
v 2.665815 4.823604 1.54645 0.3529412 0.3529412 0.3529412
v 0.2954811 5.768407 0.7918485 0 0 0
v 2.066546 5.759317 0.06814717 0 0 0
v 1.19871 6.161077 0.5652255 0 0 0
v 0.4334582 13.94411 0.1930582 0.3529412 0.3529412 0.3529412
v 0.834976 13.19551 0.4512528 1 1 1
v 0.7049216 13.03595 0.732183 1 1 1
v 0.8811986 13.55984 -0.1501987 0.7215686 0.7215686 0.7215686
v 0.375215 13.04009 0.7230961 1 1 1
v 0.5470497 14.84348 -0.2854855 0 0 0
v -0.1459103 13.38853 0.3909678 0.6039216 0.6039216 0.6039216
v 0.2637258 14.83289 -0.1791455 0 0 0
v 0.1272523 14.82779 -0.1279228 0 0 0
v -0.09353992 12.1986 0.1931818 0.3529412 0.3529412 0.3529412
v 0.4150999 12.27607 0.1935075 0.3529412 0.3529412 0.3529412
v 0.1540141 11.13808 0.7801871 1 1 1
v -0.1498371 13.4384 -9.297355E-06 0 0 0
v 0.651064 11.2652 0.7530305 1 1 1
v 0.3614384 13.45783 0.009361116 0 0 0
v 0.9545385 11.09215 0.3673948 1 1 1
v 0.6483384 13.41025 -0.4188323 0.01176471 0.01176471 0.01176471
v 0.7050709 12.16086 -0.2241478 0.3529412 0.3529412 0.3529412
v 0.2052358 12.42385 0.9077026 0.3529412 0.3529412 0.3529412
v 0.6518915 12.4679 0.8119729 0.3529412 0.3529412 0.3529412
v 0.3776105 11.38887 1.403393 1 1 1
v -0.04838796 13.32368 0.3060647 0 0 0
v 0.8102396 11.47403 1.276165 1 1 1
v 0.4041853 13.31825 0.2302112 0 0 0
v 1.075642 11.27893 0.9566246 1 1 1
v 0.6463499 13.22869 -0.1491858 0.01176471 0.01176471 0.01176471
v 0.9009509 12.3207 0.4557339 0.3529412 0.3529412 0.3529412
v 1.883837 9.10648 0.5335314 0.3529412 0.3529412 0.3529412
v 1.833047 9.013655 0.08697806 0.3529412 0.3529412 0.3529412
v 2.921938 8.629162 0.4458427 1 1 1
v 0.9987835 9.824846 0.4160292 0 0 0
v 2.822547 8.558683 0.003394729 1 1 1
v 0.9894301 9.698389 -0.02502287 0 0 0
v 2.667512 8.186849 -0.2163982 1 1 1
v 0.7294921 9.391776 -0.246442 0.01176471 0.01176471 0.01176471
v 1.621387 8.667855 -0.1280315 0.3529412 0.3529412 0.3529412
v -0.413959 8.686286 -2.222016 0.3529412 0.3529412 0.3529412
v -0.9297162 8.009836 -2.977782 1 1 1
v -0.8063967 8.15317 -3.393741 1 1 1
v -0.9845901 8.008533 -2.055043 0.7215686 0.7215686 0.7215686
v -0.344401 7.990601 -3.377758 1 1 1
v -0.5229195 9.355474 -1.104784 0 0 0
v 0.3308685 8.113146 -2.760049 0.6039216 0.6039216 0.6039216
v -0.1593567 9.395811 -1.228195 0 0 0
v 0.01576708 9.415243 -1.28764 0 0 0
v -2.18995 3.996654 -0.6113979 0.3529412 0.3529412 0.3529412
v -3.432251 3.601854 -0.6918662 1 1 1
v -2.315894 3.654303 -1.269031 0.3529412 0.3529412 0.3529412
v -2.486013 3.564137 0.133201 0.3529412 0.3529412 0.3529412
v -1.029029 4.326375 -1.292423 0 0 0
v -1.175685 4.307959 0.2653544 0 0 0
v -1.201989 4.643947 -0.5491659 0 0 0
v 1.374955 4.098113 -2.670996 0.3529412 0.3529412 0.3529412
v 1.12958 3.676702 -3.504832 0.3529412 0.3529412 0.3529412
v 2.741638 3.753098 -3.580528 1 1 1
v 2.229344 3.583423 -2.060174 0.3529412 0.3529412 0.3529412
v -0.3840217 4.370349 -2.664479 0 0 0
v 0.7818048 4.365767 -1.027239 0 0 0
v 0.2498713 4.798487 -1.928229 0 0 0
v -0.9642353 4.060164 -2.641764 0.3529412 0.3529412 0.3529412
v -1.761568 3.591954 -2.362268 0.3529412 0.3529412 0.3529412
v -1.831802 3.52757 -3.975098 1 1 1
v -0.3063019 3.529501 -3.450165 0.3529412 0.3529412 0.3529412
v -0.9932064 4.47712 -0.9116019 0 0 0
v 0.6470029 4.513453 -2.072689 0 0 0
v -0.2908832 4.911536 -1.578843 0 0 0
v -1.374895 4.170438 -1.50521 0.3529412 0.3529412 0.3529412
v -2.296422 3.423613 -2.7655 1 1 1
v -0.7711412 3.774769 -2.192291 0.3529412 0.3529412 0.3529412
v -2.264932 3.46249 -1.101835 0.3529412 0.3529412 0.3529412
v 0.230665 4.904275 -0.999445 0 0 0
v -1.409466 4.672311 0.2479489 0 0 0
v -0.7121055 5.199843 -0.5265984 0 0 0
v 1.032379 7.869308 -0.578357 0.3529412 0.3529412 0.3529412
v 1.869388 7.054754 -0.9080032 1 1 1
v 1.720096 7.142727 -0.5329606 1 1 1
v 1.209577 7.355371 0.04817862 0.7215686 0.7215686 0.7215686
v 1.597528 7.056399 -1.221389 1 1 1
v 0.5525207 8.692512 0.07788151 0 0 0
v 0.8454384 7.33164 -1.404301 0.6039216 0.6039216 0.6039216
v 0.4106233 8.712582 -0.2824245 0 0 0
v 0.3422731 8.722249 -0.4559793 0 0 0
v 0.5491588 8.574508 -0.8531561 0.3529412 0.3529412 0.3529412
v 1.046511 7.122585 -1.603585 1 1 1
v 1.115659 7.328988 -1.103257 1 1 1
v 0.93108 7.861288 -0.153783 0.7215686 0.7215686 0.7215686
v 0.5633445 7.207107 -1.766261 1 1 1
v 0.6425518 9.923322 0.01345435 0 0 0
v -0.3018078 7.859019 -1.517648 0.6039216 0.6039216 0.6039216
v 0.2867418 9.977983 -0.2955195 0 0 0
v 0.1153526 10.00431 -0.4443483 0 0 0
v 0.7363887 8.942256 0.1112533 0.3529412 0.3529412 0.3529412
v 0.7156228 9.088186 -0.4451676 0.3529412 0.3529412 0.3529412
v 1.608202 7.871871 -0.2889229 1 1 1
v 0.2134283 10.25228 0.38743 0 0 0
v 1.54662 8.067914 -0.8266082 1 1 1
v 0.2171461 10.33688 -0.1819208 0 0 0
v 1.203797 7.896618 -1.256099 1 1 1
v -0.2017577 10.29543 -0.5745179 0.01176471 0.01176471 0.01176471
v 0.3252452 8.975279 -0.8528296 0.3529412 0.3529412 0.3529412
v 0.8031952 7.075533 -0.1085771 0.3529412 0.3529412 0.3529412
v 1.975797 5.943122 0.003003738 1 1 1
v 1.625536 6.131331 0.3409831 1 1 1
v 0.7310582 6.519109 0.7466252 0.7215686 0.7215686 0.7215686
v 1.767302 5.878173 -0.4403977 1 1 1
v -0.05773113 8.290836 0.2669694 0 0 0
v 0.903021 6.193648 -0.9728283 0.6039216 0.6039216 0.6039216
v -0.07950994 8.243633 -0.183771 0 0 0
v -0.09000051 8.220896 -0.400887 0 0 0
v -1.22958 8.384677 0.3853711 0.3529412 0.3529412 0.3529412
v -1.754824 7.527817 1.158916 1 1 1
v -2.234189 7.419304 1.08189 1 1 1
v -0.7900622 7.764697 0.9962913 0.7215686 0.7215686 0.7215686
v -2.320769 7.383711 0.6200994 1 1 1
v -0.192203 9.408041 0.2417913 0 0 0
v -1.894947 7.652365 -0.2593538 0.6039216 0.6039216 0.6039216
v -0.4248015 9.408041 -0.1228902 0 0 0
v -0.5368413 9.408041 -0.2985528 0 0 0
v 0.02234957 5.214073 -0.7840523 0.3529412 0.3529412 0.3529412
v -0.5079628 5.277205 -0.6133987 0.3529412 0.3529412 0.3529412
v -0.4014181 4.026728 -1.39283 1 1 1
v 0.1949451 6.569792 -0.4803804 0 0 0
v -0.9118906 4.145448 -1.193675 1 1 1
v -0.3434478 6.569452 -0.3239441 0 0 0
v -1.182391 3.963165 -0.7376683 1 1 1
v -0.5814178 6.525886 0.1818342 0.01176471 0.01176471 0.01176471
v -0.7553475 5.159688 -0.124185 0.3529412 0.3529412 0.3529412
v -0.4586885 4.677803 0.9017298 0.3529412 0.3529412 0.3529412
v -0.9068523 3.425016 2.137555 1 1 1
v -1.219352 4.135937 0.6231305 0.3529412 0.3529412 0.3529412
v 0.4311933 4.000049 1.277265 0.3529412 0.3529412 0.3529412
v -0.9427956 5.7563 -0.545837 0 0 0
v 0.8874936 5.733207 0.1765368 0 0 0
v -0.1791335 6.090464 0.1075102 0 0 0
v -0.2768057 5.735514 -1.172007 0.3529412 0.3529412 0.3529412
v -0.5077912 4.40674 -2.387981 1 1 1
v 0.5403285 5.227707 -1.327791 0.3529412 0.3529412 0.3529412
v -1.190527 5.017868 -0.9661792 0.3529412 0.3529412 0.3529412
v 0.8592427 6.92133 -0.279705 0 0 0
v -1.065206 6.816108 0.1174624 0 0 0
v -0.1533319 7.19556 -0.4253016 0 0 0
v 0.4140376 5.943519 -0.6153134 0.3529412 0.3529412 0.3529412
v 1.01518 4.680516 -0.9826902 1 1 1
v 0.9632673 4.90252 -0.5809868 1 1 1
v 0.6019102 5.42629 0.1035435 0.7215686 0.7215686 0.7215686
v 0.6500387 4.712881 -1.221443 1 1 1
v 0.2763954 7.159682 -0.02354562 0 0 0
v -0.1283365 5.240149 -1.258209 0.6039216 0.6039216 0.6039216
v 0.04673024 7.160076 -0.3529867 0 0 0
v -0.06389659 7.160266 -0.5116743 0 0 0
v -0.3595143 8.754642 0.5809854 0.3529412 0.3529412 0.3529412
v -0.3059725 7.552436 1.396582 1 1 1
v -0.8328866 7.438368 1.629796 1 1 1
v 0.5473378 7.877701 0.6725827 0.7215686 0.7215686 0.7215686
v -1.149242 7.365015 1.177988 1 1 1
v 0.5016447 10.0053 -0.03546489 0 0 0
v -1.237012 7.737193 0.0904517 0.6039216 0.6039216 0.6039216
v 0.07066659 10.00243 -0.2579716 0 0 0
v -0.1369302 10.00104 -0.3651504 0 0 0
v 0.7652215 4.9435 0.07418694 0.3529412 0.3529412 0.3529412
v 0.885493 4.394599 -0.7025733 0.3529412 0.3529412 0.3529412
v 1.921959 3.836063 0.409574 1 1 1
v 0.482937 4.313936 1.007848 0.3529412 0.3529412 0.3529412
v -0.06234074 5.866253 -1.138301 0 0 0
v -0.4933716 5.900675 0.7569974 0 0 0
v 0.1122694 6.246315 -0.1467219 0 0 0
v 1.939936 5.746439 1.15721 0.3529412 0.3529412 0.3529412
v 3.234763 5.209183 2.172134 1 1 1
v 1.582572 5.285344 1.965193 0.3529412 0.3529412 0.3529412
v 2.820634 5.177022 0.5603806 0.3529412 0.3529412 0.3529412
v 0.1621178 6.18953 1.034043 0 0 0
v 1.49158 6.177978 -0.5572543 0 0 0
v 0.9100871 6.615368 0.3565739 0 0 0
v -1.333617 2.120501 0.4161805 0.3529412 0.3529412 0.3529412
v -1.239961 2.039538 0.9589169 0.3529412 0.3529412 0.3529412
v -2.362509 1.643004 0.5791361 1 1 1
v -0.4577786 2.859309 0.4318956 0 0 0
v -2.220682 1.584396 1.114243 1 1 1
v -0.4051274 2.743756 0.9738961 0 0 0
v -2.023596 1.202542 1.459507 1 1 1
v -0.1041418 2.428249 1.311128 0.01176471 0.01176471 0.01176471
v -0.9867503 1.68373 1.295291 0.3529412 0.3529412 0.3529412
v 0.8291218 5.854504 1.668034 0.3529412 0.3529412 0.3529412
v 0.98682 5.60476 2.802411 1 1 1
v 0.5572128 5.707817 3.039054 1 1 1
v 1.585181 5.337665 2.120677 0.7215686 0.7215686 0.7215686
v 0.09864494 5.610249 2.811649 1 1 1
v 1.60035 6.159832 0.5967456 0 0 0
v -0.2988319 5.429753 1.933816 0.6039216 0.6039216 0.6039216
v 1.121966 6.173923 0.4842131 0 0 0
v 0.8915351 6.18071 0.4300077 0 0 0
v 0.2531105 2.541275 2.185269 0.3529412 0.3529412 0.3529412
v 0.6340771 2.232254 3.538516 1 1 1
v -0.379353 2.194206 2.593337 0.3529412 0.3529412 0.3529412
v 1.139944 2.077337 2.259311 0.3529412 0.3529412 0.3529412
v -0.8873731 2.805704 1.204476 0 0 0
v 0.7839528 2.761424 0.7814 0 0 0
v -0.05497911 3.152879 1.076064 0 0 0
v -0.4203995 3.367751 1.338365 0.3529412 0.3529412 0.3529412
v -0.7540886 2.510449 2.804304 1 1 1
v -1.323492 2.948091 1.300106 0.3529412 0.3529412 0.3529412
v 0.4853128 2.658839 1.703327 0.3529412 0.3529412 0.3529412
v -1.104023 4.185282 -0.1571079 0 0 0
v 0.9168386 3.981575 0.2605663 0 0 0
v -0.1395667 4.48001 0.2703499 0 0 0
v -2.028216 2.817241 0.4626471 0.3529412 0.3529412 0.3529412
v -3.2337 2.27048 0.03766133 1 1 1
v -2.819082 2.255339 -0.1204994 1 1 1
v -1.922274 2.220407 -0.1617961 0.7215686 0.7215686 0.7215686
v -3.230943 2.23082 0.4563151 1 1 1
v -0.8817511 3.44143 0.4001871 0 0 0
v -2.647946 2.304556 1.143856 0.6039216 0.6039216 0.6039216
v -1.010468 3.47302 0.7627743 0 0 0
v -1.072469 3.488236 0.9374279 0 0 0
v 0.4606126 3.748278 1.435469 0.3529412 0.3529412 0.3529412
v 1.06547 2.985262 1.896796 1 1 1
v 0.9826217 2.894305 2.301134 1 1 1
v 0.963639 3.1978 1.074725 0.7215686 0.7215686 0.7215686
v 0.5871558 2.883755 2.362196 1 1 1
v 0.4108931 4.627597 0.5569846 0 0 0
v -0.1356167 3.151858 1.978938 0.6039216 0.6039216 0.6039216
v 0.09540773 4.642346 0.744821 0 0 0
v -0.05655764 4.64945 0.8352995 0 0 0
v -0.5849175 3.473454 2.160956 0.3529412 0.3529412 0.3529412
v -1.301665 2.972367 3.055363 1 1 1
v -1.341874 3.008981 2.659562 1 1 1
v -1.170551 3.042541 1.870237 0.7215686 0.7215686 0.7215686
v -0.9460535 2.876602 3.142254 1 1 1
v -0.2914895 4.110077 1.216847 0 0 0
v -0.2086757 2.880041 2.797939 0.6039216 0.6039216 0.6039216
v -0.006212987 4.076979 1.412251 0 0 0
v 0.1312011 4.061036 1.506375 0 0 0
v -1.193798 3.152275 -0.5332382 0.3529412 0.3529412 0.3529412
v -2.256011 2.157374 -1.562321 1 1 1
v -1.661322 2.249563 -1.593196 1 1 1
v -0.5491772 2.441316 -1.265142 0.7215686 0.7215686 0.7215686
v -2.485611 2.101492 -1.009014 1 1 1
v 0.0605008 4.236837 -0.1742413 0 0 0
v -2.202541 2.335497 0.1347105 0.6039216 0.6039216 0.6039216
v -0.3131678 4.236837 0.2447491 0 0 0
v -0.4931593 4.236837 0.4465715 0 0 0
v 0.906378 12.70885 0.4103359 0.3529412 0.3529412 0.3529412
v 1.241242 11.42178 0.8375648 1 1 1
v 0.9006125 11.64854 0.9472526 1 1 1
v 0.4302236 12.24526 0.9872006 0.7215686 0.7215686 0.7215686
v 1.43029 11.42311 0.478218 1 1 1
v 0.07826556 13.60891 0.1347967 0 0 0
v 1.467822 11.93236 -0.1309127 0.6039216 0.6039216 0.6039216
v 0.3110234 13.58075 -0.1693605 0 0 0
v 0.4231398 13.56719 -0.3158692 0 0 0
v 0.07945242 13.3397 -0.6793318 0.3529412 0.3529412 0.3529412
v -0.1993934 13.48327 -0.3611661 0.3529412 0.3529412 0.3529412
v -0.2965967 12.84164 -0.9459562 1 1 1
v 0.4210485 14.05983 -0.413781 0 0 0
v -0.6216717 12.89396 -0.6328794 1 1 1
v 0.12621 14.16969 -0.1080478 0 0 0
v -0.4904157 12.66703 -0.2687789 1 1 1
v 0.1821077 13.91158 0.258577 0.01176471 0.01176471 0.01176471
v -0.1621291 13.18588 -0.00902641 0.3529412 0.3529412 0.3529412
v 0.2678459 13.78919 -0.72457 0.3529412 0.3529412 0.3529412
v -0.05835953 12.99211 -1.102341 1 1 1
v 0.2039899 12.86959 -1.380152 1 1 1
v -0.3413464 13.29035 -0.4416594 0.7215686 0.7215686 0.7215686
v 0.599785 12.88833 -1.274839 1 1 1
v -0.1144432 14.69079 -0.2491928 0 0 0
v 1.089691 13.2404 -0.7591804 0.6039216 0.6039216 0.6039216
v 0.2629722 14.71014 -0.2891532 0 0 0
v 0.4447685 14.71946 -0.3084016 0 0 0
v -0.2751053 12.74946 -1.399021 0.3529412 0.3529412 0.3529412
v -0.8282039 12.18962 -1.214289 0.3529412 0.3529412 0.3529412
v -0.8794858 12.20098 -2.409057 1 1 1
v 0.2292567 12.08508 -1.797555 0.3529412 0.3529412 0.3529412
v -0.3052279 12.8756 -0.04422211 0 0 0
v 0.8100017 12.8739 -0.6685407 0 0 0
v 0.04395646 13.21798 -0.7218378 0 0 0
v 0.7012909 10.53304 -1.262009 0.3529412 0.3529412 0.3529412
v 0.8305926 9.74341 -2.337007 1 1 1
v 1.283239 9.580976 -2.457284 1 1 1
v 0.08469208 10.09375 -1.809297 0.7215686 0.7215686 0.7215686
v 1.569553 9.5047 -2.058022 1 1 1
v -0.2138984 11.54514 -0.5286356 0 0 0
v 1.612432 9.748514 -1.037508 0.6039216 0.6039216 0.6039216
v 0.1818146 11.5246 -0.2918535 0 0 0
v 0.3724245 11.51471 -0.1777985 0 0 0
v 0.485022 10.72923 1.048233 0.3529412 0.3529412 0.3529412
v 0.8493766 10.23107 1.016932 0.3529412 0.3529412 0.3529412
v 0.8988038 10.04424 2.334206 1 1 1
v 0.07354792 10.168 1.321976 0.3529412 0.3529412 0.3529412
v 0.5327628 11.2768 -0.2412927 0 0 0
v -0.3287379 11.31872 0.07542656 0 0 0
v 0.2198773 11.70719 0.1324067 0 0 0
v 0.9598831 10.3571 -0.2563706 0.3529412 0.3529412 0.3529412
v 1.203655 9.72181 -0.9519829 0.3529412 0.3529412 0.3529412
v 2.376001 9.628294 -0.05623398 1 1 1
v 1.065502 9.588301 0.6300644 0.3529412 0.3529412 0.3529412
v -0.1953944 10.95031 -1.275542 0 0 0
v -0.3852748 10.95031 0.4724712 0 0 0
v -0.1111327 11.53959 -0.4159557 0 0 0
v 0.7983206 11.80384 -0.8060775 0.3529412 0.3529412 0.3529412
v 1.761825 10.69744 -1.637972 1 1 1
v 1.328591 11.31112 -0.1875342 0.3529412 0.3529412 0.3529412
v 0.2825746 10.95041 -1.361474 0.3529412 0.3529412 0.3529412
v 0.5309716 12.78426 0.6779159 0 0 0
v -0.7028791 12.27632 -0.5105633 0 0 0
v 0.1778886 13.06077 -0.2091458 0 0 0
v 0.2631871 16.67901 -0.1552718 0.3529412 0.3529412 0.3529412
v 0.2970599 16.71892 -0.3040097 0.3529412 0.3529412 0.3529412
v 0.5164063 16.29245 -0.2359455 1 1 1
v 0.1377846 17.12742 -0.09816311 0 0 0
v 0.538424 16.35045 -0.3809066 1 1 1
v 0.1775285 17.14633 -0.2495747 0 0 0
v 0.449408 16.3024 -0.5044492 1 1 1
v 0.0678596 17.14382 -0.3656017 0.01176471 0.01176471 0.01176471
v 0.1942315 16.69195 -0.4231518 0.3529412 0.3529412 0.3529412
v -0.1140329 15.3537 -0.5526962 0.3529412 0.3529412 0.3529412
v -0.09707061 15.38831 -0.2097585 0.3529412 0.3529412 0.3529412
v -0.3491218 14.52619 -0.412115 1 1 1
v 0.02141681 16.20411 -0.598066 0 0 0
v -0.2582852 14.57023 -0.0782023 1 1 1
v 0.02679647 16.20121 -0.252782 0 0 0
v -0.0871591 14.50465 0.1584894 1 1 1
v 0.2899162 16.19507 -0.02920015 0.01176471 0.01176471 0.01176471
v 0.1531738 15.33809 0.01654455 0.3529412 0.3529412 0.3529412
v 0.4168812 14.76523 -0.7555693 0.3529412 0.3529412 0.3529412
v 0.604183 14.088 -1.482489 1 1 1
v 0.8744377 14.49675 -0.6761609 0.3529412 0.3529412 0.3529412
v -0.06677964 14.3512 -0.8836533 0.3529412 0.3529412 0.3529412
v 0.7581553 15.38522 0.0004901693 0 0 0
v -0.2907418 15.29464 -0.2271792 0 0 0
v 0.2751574 15.53805 -0.2854931 0 0 0
v 0.3196496 15.77779 -0.4862655 0.3529412 0.3529412 0.3529412
v 0.5445781 15.17586 -0.8022444 1 1 1
v 0.6203619 15.29771 -0.6241637 1 1 1
v 0.6294421 15.56213 -0.2444988 0.7215686 0.7215686 0.7215686
v 0.3284139 15.16287 -0.7974179 1 1 1
v 0.3476593 16.39031 -0.208515 0 0 0
v -0.03167953 15.37852 -0.59529 0.6039216 0.6039216 0.6039216
v 0.1632627 16.36534 -0.2786135 0 0 0
v 0.07444113 16.35331 -0.312379 0 0 0
v 0.168319 16.1363 -0.5531589 0.3529412 0.3529412 0.3529412
v -0.03887003 16.15382 -0.3154621 0.3529412 0.3529412 0.3529412
v -0.03857549 15.50813 -0.671189 1 1 1
v 0.2454887 16.82726 -0.4867807 0 0 0
v -0.2266317 15.56193 -0.4224606 1 1 1
v 0.02671809 16.81313 -0.2560193 0 0 0
v -0.2648221 15.47333 -0.1265066 1 1 1
v 0.02260021 16.80231 0.05985533 0.01176471 0.01176471 0.01176471
v -0.05523842 16.10601 -0.007070585 0.3529412 0.3529412 0.3529412
v 0.4537847 15.89877 -0.1161671 0.3529412 0.3529412 0.3529412
v 0.4424427 15.93911 -0.4120658 0.3529412 0.3529412 0.3529412
v 0.8655473 15.29293 -0.2585936 1 1 1
v 0.2295477 16.60789 -0.05496076 0 0 0
v 0.8349275 15.36163 -0.5478243 1 1 1
v 0.2287039 16.61503 -0.353725 0 0 0
v 0.6473674 15.25806 -0.7561679 1 1 1
v 0.006451703 16.58319 -0.5509608 0.01176471 0.01176471 0.01176471
v 0.2324221 15.86859 -0.6126404 0.3529412 0.3529412 0.3529412
v 0.2868514 15.48594 0.08942275 0.3529412 0.3529412 0.3529412
v 0.3214275 14.67259 0.4847677 1 1 1
v 0.1272783 14.79396 0.3338117 1 1 1
v -0.1460508 15.12071 0.02789572 0.7215686 0.7215686 0.7215686
v 0.5286549 14.67761 0.3760943 1 1 1
v 0.01120242 16.27503 -0.1798764 0 0 0
v 0.7285909 14.99764 0.04125845 0.6039216 0.6039216 0.6039216
v 0.2367239 16.26617 -0.215047 0 0 0
v 0.3448947 16.26294 -0.2298695 0 0 0
v 0.729522 14.34678 -0.2696429 0.3529412 0.3529412 0.3529412
v 1.21874 13.4469 -0.2231081 1 1 1
v 0.5934045 13.92408 0.2810753 0.3529412 0.3529412 0.3529412
v 0.5519614 13.72121 -0.8083248 0.3529412 0.3529412 0.3529412
v 0.1624204 15.0359 0.2945336 0 0 0
v 0.1361102 14.904 -0.9224186 0 0 0
v 0.4169788 15.24329 -0.325755 0 0 0
v -0.1261213 16.15095 -0.2090108 0.3529412 0.3529412 0.3529412
v 0.08512355 16.16946 -0.03924843 0.3529412 0.3529412 0.3529412
v -0.2674553 15.64412 0.07113332 1 1 1
v -0.04028489 16.72833 -0.3297974 0 0 0
v -0.04959354 15.68636 0.22778 1 1 1
v 0.1669412 16.71981 -0.15438 0 0 0
v 0.2063316 15.60178 0.2384575 1 1 1
v 0.4352579 16.69437 -0.1655724 0.01176471 0.01176471 0.01176471
v 0.3487581 16.11252 -0.04385215 0.3529412 0.3529412 0.3529412
v 0.3536537 16.1866 -0.09096237 0.3529412 0.3529412 0.3529412
v 0.6848018 15.5751 0.1064186 1 1 1
v 0.470957 15.67825 0.1474905 1 1 1
v 0.08103801 15.9386 0.1155015 0.7215686 0.7215686 0.7215686
v 0.7631543 15.59387 -0.09089829 1 1 1
v 0.04653815 16.82993 -0.1125725 0 0 0
v 0.6419585 15.86051 -0.4349724 0.6039216 0.6039216 0.6039216
v 0.1929358 16.812 -0.2689787 0 0 0
v 0.2627016 16.81054 -0.3454866 0 0 0
v -0.01487868 16.63436 -0.3166918 0.3529412 0.3529412 0.3529412
v 0.08896587 16.6628 -0.1306806 0.3529412 0.3529412 0.3529412
v -0.1728962 16.20954 -0.2222654 1 1 1
v 0.1127774 17.07357 -0.4258752 0 0 0
v -0.05723511 16.25514 -0.04700034 1 1 1
v 0.2098975 17.08145 -0.2342167 0 0 0
v 0.1190522 16.1856 0.04883533 1 1 1
v 0.4073841 17.05586 -0.1571927 0.01176471 0.01176471 0.01176471
v 0.2781875 16.61325 -0.04676889 0.3529412 0.3529412 0.3529412
v 0.388934 15.34376 -0.6464041 0.3529412 0.3529412 0.3529412
v 0.1060283 15.38246 -0.5967506 0.3529412 0.3529412 0.3529412
v 0.1908496 14.89274 -1.176585 1 1 1
v 0.4962789 15.94276 -0.2547085 0 0 0
v -0.08278225 14.95255 -1.10211 1 1 1
v 0.2083476 15.95342 -0.2233933 0 0 0
v -0.271466 14.8084 -0.9359268 1 1 1
v 0.03632428 15.86654 -0.006924098 0.01176471 0.01176471 0.01176471
v -0.07185044 15.26291 -0.4016475 0.3529412 0.3529412 0.3529412
v 0.3857228 16.51439 -0.4132065 0.3529412 0.3529412 0.3529412
v 0.1810696 16.5465 -0.4754425 0.3529412 0.3529412 0.3529412
v 0.3760823 16.00156 -0.8018135 1 1 1
v 0.3675069 17.12008 -0.1966119 0 0 0
v 0.1718805 16.05767 -0.8458557 1 1 1
v 0.1637066 17.12383 -0.2689884 0 0 0
v 0.002575405 15.96226 -0.7448072 1 1 1
v -0.006066195 17.08943 -0.1349275 0.01176471 0.01176471 0.01176471
v 0.01229041 16.47906 -0.3531964 0.3529412 0.3529412 0.3529412
v 1.074499 10.4525 0.3737049 0.3529412 0.3529412 0.3529412
v 2.12082 9.187436 1.077794 1 1 1
v 1.599691 9.381302 1.205591 1 1 1
v 0.5290838 9.799901 1.099668 0.7215686 0.7215686 0.7215686
v 2.177816 9.144698 0.542163 1 1 1
v 0.04267374 11.77551 0.3055052 0 0 0
v 1.667677 9.534822 -0.4263972 0.6039216 0.6039216 0.6039216
v 0.2781933 11.74893 -0.1302427 0 0 0
v 0.3916401 11.73612 -0.340137 0 0 0
v 1.006795 9.227898 1.870189 0.3529412 0.3529412 0.3529412
v 1.715929 8.551873 3.5833 1 1 1
v 0.2008229 8.666224 2.441398 0.3529412 0.3529412 0.3529412
v 2.225605 8.599684 1.755731 0.3529412 0.3529412 0.3529412
v -0.6858996 9.75739 0.7570665 0 0 0
v 1.533866 9.809394 -0.05582127 0 0 0
v 0.4320613 10.26832 0.5354791 0 0 0
v 1.573164 10.06951 -0.5781537 0.3529412 0.3529412 0.3529412
v 2.337594 9.498213 -1.24312 1 1 1
v 2.771003 9.492422 -1.100638 1 1 1
v 1.41439 9.492941 -1.243041 0.7215686 0.7215686 0.7215686
v 2.786757 9.430174 -0.673299 1 1 1
v 0.4153034 10.74937 -0.5544084 0 0 0
v 2.223907 9.48873 0.06396187 0.6039216 0.6039216 0.6039216
v 0.5656981 10.75894 -0.187448 0 0 0
v 0.6381414 10.76355 -0.01068772 0 0 0
v 2.855065 8.176027 1.407776 0.3529412 0.3529412 0.3529412
v 3.832725 7.814625 2.327733 1 1 1
v 3.393965 7.749652 2.307251 1 1 1
v 2.568145 7.595202 1.988882 0.7215686 0.7215686 0.7215686
v 4.00566 7.758631 1.948511 1 1 1
v 1.723259 8.641125 0.9488701 0 0 0
v 3.750466 7.725794 1.081428 0.6039216 0.6039216 0.6039216
v 1.984731 8.675666 0.6669579 0 0 0
v 2.110679 8.692306 0.5311642 0 0 0
v -1.932402 7.243503 0.8503879 0.3529412 0.3529412 0.3529412
v -1.718758 6.967561 0.5013871 0.3529412 0.3529412 0.3529412
v -2.655081 6.270851 1.075157 1 1 1
v -0.9489775 7.981575 0.7669612 0 0 0
v -2.407602 6.040447 0.715633 1 1 1
v -0.7813749 7.671078 0.4218662 0 0 0
v -2.516706 5.968924 0.2396392 1 1 1
v -0.7974146 7.692872 -0.07093891 0.01176471 0.01176471 0.01176471
v -1.788441 6.949093 0.01313258 0.3529412 0.3529412 0.3529412
v -1.41879 7.88705 -1.568119 0.3529412 0.3529412 0.3529412
v -2.768238 7.123228 -2.965941 1 1 1
v -0.8408065 7.249657 -2.407624 0.3529412 0.3529412 0.3529412
v -2.588599 7.259682 -0.9709346 0.3529412 0.3529412 0.3529412
v 0.5225185 8.510412 -1.195389 0 0 0
v -1.369385 8.655882 0.4343562 0 0 0
v -0.4954576 9.088487 -0.5827856 0 0 0
v -1.790941 6.792672 -1.022405 0.3529412 0.3529412 0.3529412
v -2.858622 6.06191 -1.320973 1 1 1
v -2.99306 6.035881 -1.823508 1 1 1
v -2.28171 6.112503 -0.4404289 0.7215686 0.7215686 0.7215686
v -2.591075 5.985422 -2.10497 1 1 1
v -1.096688 7.639073 0.05080782 0 0 0
v -1.541676 6.123523 -2.031786 0.6039216 0.6039216 0.6039216
v -0.8417159 7.659126 -0.3229151 0 0 0
v -0.7188989 7.668787 -0.5029328 0 0 0
v -2.410959 7.360322 -1.840448 0.3529412 0.3529412 0.3529412
v -3.665472 7.071514 -2.903627 1 1 1
v -2.08316 6.948658 -2.645034 0.3529412 0.3529412 0.3529412
v -3.339227 6.861902 -1.345491 0.3529412 0.3529412 0.3529412
v -0.6663864 7.581306 -1.626195 0 0 0
v -2.007667 7.581306 -0.1420821 0 0 0
v -1.366676 8.012331 -0.9625944 0 0 0
v -2.280286 6.407555 -0.447075 0.3529412 0.3529412 0.3529412
v -2.610398 6.547344 -0.1605602 0.3529412 0.3529412 0.3529412
v -3.120258 5.980688 -1.099307 1 1 1
v -1.58773 7.136659 0.1024267 0 0 0
v -3.411045 6.140462 -0.7822555 1 1 1
v -1.950266 7.242312 0.3632152 0 0 0
v -3.620338 5.931881 -0.4311197 1 1 1
v -2.075964 7.096787 0.7799027 0.01176471 0.01176471 0.01176471
v -2.773873 6.362048 0.2261533 0.3529412 0.3529412 0.3529412
v -1.014979 8.620573 -0.7762296 0.3529412 0.3529412 0.3529412
v -2.537279 7.772706 -1.514916 1 1 1
v -0.7174975 7.983502 -1.558065 0.3529412 0.3529412 0.3529412
v -1.773275 8.111645 0.110865 0.3529412 0.3529412 0.3529412
v 0.7178748 9.277575 -1.113097 0 0 0
v -0.4147416 9.542186 0.7399842 0 0 0
v -0.00118966 9.818339 -0.3877394 0 0 0
vn -0.9994761 -0.009867834 -0.03082444
vn -0.02697734 0.8957 0.4438397
vn -0.0911651 -0.3835325 0.9190167
vn 0.987329 -0.04122893 0.153237
vn -0.0911651 -0.3835325 0.9190167
vn 0.01483535 -0.9468157 -0.3214342
vn -0.0911651 -0.3835325 0.9190167
vn -0.9994761 -0.009867834 -0.03082444
vn -0.0911651 -0.3835325 0.9190167
vn -0.9648381 0.2224236 0.1400546
vn -0.2519821 -0.9485548 -0.1917
vn -0.1778294 0.1665758 -0.9698604
vn 0.226071 0.9728042 0.05043754
vn -0.1778294 0.1665758 -0.9698604
vn 0.9389342 -0.1981519 -0.2813154
vn -0.1778294 0.1665758 -0.9698604
vn -0.2519821 -0.9485548 -0.1917
vn -0.1778294 0.1665758 -0.9698604
vn -0.4360608 0.008111441 0.8998806
vn -0.9477509 -0.03363315 0.3172332
vn -0.950572 0.005590491 0.3104538
vn -0.4588934 0.03053317 0.8879666
vn 0.3279093 0.07011762 0.9421035
vn -0.9481735 0.09820841 0.3021955
vn 0.3003071 0.05876325 0.9520308
vn 0.8901182 0.1159062 0.4407442
vn -0.457302 0.0732837 0.8862869
vn 0.8859425 0.07338382 0.4579529
vn 0.9449579 0.1208256 -0.3040653
vn 0.3076104 0.03879125 0.9507214
vn 0.319052 -0.03203917 0.9471955
vn 0.3076104 0.03879125 0.9507214
vn -0.449856 0.01570254 0.8929631
vn -0.9481906 0.08413839 0.3063582
vn -0.9478043 -0.04179115 0.3161021
vn -0.4388061 -0.07867099 0.8951312
vn -0.9440058 -0.02760054 0.3287724
vn 0.9484364 0.06438997 -0.3103582
vn 0.4653388 0.08207442 -0.8813192
vn 0.8929549 0.01296854 0.4499593
vn 0.8957829 -0.032298 0.443317
vn 0.3225246 -0.05953434 0.944687
vn -0.4532868 0.02795008 0.8909264
vn -0.9545971 0.0713187 0.2892367
vn 0.4437883 0.03740618 -0.8953505
vn -0.2932664 0.02000162 -0.9558215
vn 0.9482989 0.01012085 -0.3172172
vn 0.9498736 0.01323703 -0.3123538
vn 0.8932242 0.003016382 0.4496013
vn 0.28871 0.07719024 0.9542999
vn -0.4691187 0.1544242 0.8695291
vn -0.956793 0.1057101 0.2708738
vn -0.3228163 0.009666 -0.9464122
vn -0.8876235 -0.02878677 -0.4596694
vn 0.4466267 0.03402052 -0.8940733
vn 0.4594325 0.07925572 -0.8846696
vn 0.9509727 0.07171883 -0.3008445
vn 0.8719809 0.09277984 0.4806674
vn 0.2924695 0.1566401 0.9433586
vn -0.4772251 0.09930268 0.8731524
vn -0.9508327 0.0958168 0.2945103
vn -0.4722031 0.02764177 0.8810562
vn -0.9518496 0.05967766 0.3007008
vn 0.2982571 0.04925644 0.9532138
vn 0.8862468 0.07481041 0.4571324
vn 0.9578181 0.06459523 -0.2800215
vn 0.4643108 0.1077276 -0.8790963
vn -0.465312 0.02532599 0.8847844
vn -0.955413 0.01778155 0.294737
vn 0.2840835 -0.03629062 0.9581125
vn 0.8927857 -0.01363373 0.4502753
vn 0.951277 -0.04350702 -0.3052529
vn -0.4627669 0.03884415 0.8856285
vn -0.9567806 -0.002767993 0.2907977
vn 0.2884289 -0.01233542 0.9574218
vn 0.8794532 -0.05843599 0.4723848
vn -0.4694308 0.0337522 0.8823239
vn -0.957231 0.05862231 0.2833234
vn 0.2972465 0.04425285 0.9537748
vn -0.4660849 0.06839409 0.8820924
vn -0.03190805 0.9987597 0.03822206
vn 0.2949944 0.05801853 0.9537359
vn 0.878539 -0.03277381 0.476545
vn 0.9474578 -0.05032401 -0.3158975
vn 0.3069877 0.08984735 0.9474629
vn -0.03190805 0.9987597 0.03822206
vn 0.8830357 0.03117356 0.4682694
vn 0.9562164 -0.0252324 -0.2915708
vn 0.8844919 0.05575557 0.463212
vn 0.958239 -0.0238276 -0.2849742
vn 0.8882323 0.1065444 0.4468688
vn -0.03190805 0.9987597 0.03822206
vn 0.9555532 0.007332316 -0.2947275
vn 0.9530953 0.02805651 -0.3013671
vn 0.9461798 0.107227 -0.3053624
vn -0.03190805 0.9987597 0.03822206
vn 0.454408 -0.04109364 -0.8898454
vn 0.4717742 0.04325449 -0.8806578
vn 0.4742404 0.009786366 -0.880341
vn 0.466547 -0.01434758 -0.8843801
vn 0.4615707 -0.008623632 -0.8870616
vn 0.4513268 -0.1265581 -0.8833387
vn 0.4660388 0.09430828 -0.8797237
vn -0.03190805 0.9987597 0.03822206
vn 0.4631469 0.00691984 -0.8862545
vn -0.2841054 0.04840061 -0.9575706
vn -0.2875836 -0.01850363 -0.9575768
vn -0.2953913 -0.03249516 -0.9548236
vn -0.2816707 0.1065275 -0.9535794
vn -0.2825364 0.07678937 -0.9561781
vn -0.03190805 0.9987597 0.03822206
vn -0.2906171 0.007014414 -0.9568138
vn -0.3081562 -0.1262187 -0.9429256
vn -0.3231418 -0.04490647 -0.9452845
vn -0.2959739 0.09102681 -0.9508489
vn -0.2949254 0.1286549 -0.9468194
vn -0.3108596 0.07131507 -0.9477766
vn -0.8796331 0.1313261 -0.4571641
vn -0.8891433 0.02935933 -0.4566861
vn -0.9019781 -0.05835238 -0.4278208
vn -0.8874382 -0.04442238 -0.4587811
vn -0.8955417 -0.002913663 -0.444968
vn -0.9477509 -0.03363315 0.3172332
vn -0.950572 0.005590491 0.3104538
vn -0.8854509 0.09816429 -0.4542471
vn -0.9481735 0.09820841 0.3021955
vn -0.9481906 0.08413839 0.3063582
vn -0.9478043 -0.04179115 0.3161021
vn -0.9440058 -0.02760054 0.3287724
vn -0.9545971 0.0713187 0.2892367
vn -0.8725188 0.06710907 -0.4839496
vn -0.956793 0.1057101 0.2708738
vn -0.8735607 0.128769 -0.4693722
vn -0.9508327 0.0958168 0.2945103
vn -0.8800292 0.06973435 -0.469772
vn -0.9518496 0.05967766 0.3007008
vn -0.8800431 -0.005756647 -0.4748589
vn -0.955413 0.01778155 0.294737
vn -0.882314 -0.03012272 -0.4696962
vn -0.9567806 -0.002767993 0.2907977
vn -0.874994 0.06329785 -0.4799779
vn -0.03190805 0.9987597 0.03822206
vn -0.957231 0.05862231 0.2833234
vn -0.03190805 0.9987597 0.03822206
vn 0.7653818 0.5508065 0.3328707
vn 0.6379818 -0.7022228 -0.3160103
vn 0.6821775 -0.55035 -0.4814029
vn 0.7430843 0.4787161 0.4676074
vn -0.5702872 0.6709389 0.4739341
vn 0.6434649 -0.6533386 -0.3988756
vn -0.5482926 0.5556226 0.6250271
vn -0.7919969 -0.5835683 -0.1794127
vn 0.8007444 0.07594704 0.5941722
vn 0.4905199 -0.7448744 -0.4522747
vn -0.8568971 -0.4361835 -0.2747203
vn 0.6379818 -0.7022228 -0.3160103
vn 0.6821775 -0.55035 -0.4814029
vn -0.461707 0.6323072 0.6221046
vn 0.5924326 0.0959894 0.799881
vn -0.348921 -0.7670108 0.5384688
vn -0.6017893 -0.2271038 -0.765685
vn 0.6434649 -0.6533386 -0.3988756
vn -0.5730383 0.7377169 0.3569327
vn -0.348921 -0.7670108 0.5384688
vn -0.6915979 -0.02523636 -0.7218418
vn -0.348921 -0.7670108 0.5384688
vn 0.4905199 -0.7448744 -0.4522747
vn -0.348921 -0.7670108 0.5384688
vn -0.2757044 -0.7738245 0.5702479
vn 0.5560872 -0.8215967 -0.1254825
vn -0.5344921 -0.4684748 -0.7034554
vn -0.191198 -0.8452057 0.4990698
vn 0.6291401 -0.773924 -0.07227946
vn 0.731692 -0.001783959 -0.6816331
vn -0.5344921 -0.4684748 -0.7034554
vn -0.8291487 -0.06859876 0.5548031
vn -0.8113162 0.03129987 0.5837691
vn -0.5344921 -0.4684748 -0.7034554
vn -0.6150693 0.7884728 -0.0007044466
vn -0.604813 0.7961313 0.01940041
vn -0.5344921 -0.4684748 -0.7034554
vn -0.7410517 0.6417604 -0.1974486
vn -0.8943745 -0.1209862 0.4306466
vn -0.6667938 0.7336312 -0.1310391
vn -0.1757793 -0.7658936 0.6184729
vn -0.9382852 -0.02284437 0.3451071
vn -0.5650766 0.804226 0.184144
vn -0.9241391 -0.06696411 0.376142
vn -0.5556741 0.7763021 0.2976264
vn -0.9170218 -0.1675561 0.3619338
vn -0.2986173 -0.8126205 0.5004753
vn -0.4020601 -0.9036944 0.1472552
vn -0.3859871 -0.9218981 0.03343275
vn 0.7122029 -0.6682049 0.2151029
vn 0.5511961 -0.7888768 -0.2717652
vn 0.4661654 -0.8163183 -0.3410489
vn 0.7194208 -0.6934547 0.03942388
vn 0.8422885 0.004478806 -0.5390084
vn 0.8960359 0.1261136 -0.4256937
vn 0.89722 0.02624421 -0.4408033
vn 0.8727108 0.1659681 -0.4591628
vn 0.9217005 0.05799089 -0.3835431
vn 0.1866292 0.7778273 -0.6001285
vn -0.5344921 -0.4684748 -0.7034554
vn 0.3357922 0.9174342 -0.2134434
vn 0.4207907 0.8971618 -0.1342979
vn 0.1941656 0.834666 -0.5153953
vn -0.5650766 0.804226 0.184144
vn -0.5556741 0.7763021 0.2976264
vn -0.6667938 0.7336312 -0.1310391
vn -0.7410517 0.6417604 -0.1974486
vn 0.2102539 0.7452034 -0.6328232
vn -0.6150693 0.7884728 -0.0007044466
vn 0.2890419 0.7803786 -0.5544944
vn -0.604813 0.7961313 0.01940041
vn -0.5344921 -0.4684748 -0.7034554
vn 0.6108796 0.5324676 -0.5859218
vn 0.6171569 -0.4285378 -0.6599036
vn 0.3128989 -0.2235816 -0.9230957
vn 0.5576055 0.6743284 -0.4841046
vn -0.002080713 0.9945565 0.1041783
vn -0.008742604 -0.1765199 -0.9842583
vn 0.3059644 0.8746116 0.3760856
vn -0.5966508 0.4204682 0.6835307
vn 0.5474377 0.5363157 -0.6423997
vn 0.1708876 -0.2407202 -0.9554325
vn -0.1909027 0.328601 0.9249743
vn -0.5658138 -0.6068128 0.5582411
vn 0.5983806 0.7204582 0.3505432
vn 0.6239856 0.548574 -0.5565147
vn 0.4847653 -0.3642621 -0.7951828
vn -0.5331442 -0.4761893 0.699286
vn 0.07903173 -0.9870727 -0.1394327
vn 0.03029514 0.1223466 0.992025
vn 0.4742484 0.7687775 0.4290333
vn 0.7989522 0.4161686 -0.4341419
vn 0.5593817 -0.5344976 -0.6335649
vn -0.3662372 -0.9126942 -0.1812723
vn 0.6171569 -0.4285378 -0.6599036
vn 0.3128989 -0.2235816 -0.9230957
vn -0.5478755 -0.6168407 0.5651018
vn -0.5378786 -0.7338406 -0.4149272
vn -0.008742604 -0.1765199 -0.9842583
vn -0.1138555 0.2072527 0.9716395
vn 0.4578487 0.7935268 0.4008613
vn 0.8478285 0.4141322 -0.3311819
vn 0.7145362 -0.2790945 0.6415173
vn -0.5781468 -0.5744545 0.5794379
vn -0.4238847 -0.8005631 -0.4235806
vn 0.1708876 -0.2407202 -0.9554325
vn -0.3454846 0.3544758 0.8689001
vn 0.2364996 0.8868995 0.3968342
vn 0.7145362 -0.2790945 0.6415173
vn -0.787483 -0.5258704 0.321451
vn -0.2668304 -0.819459 -0.5072362
vn 0.4847653 -0.3642621 -0.7951828
vn -0.5775592 0.3815584 0.7216915
vn 0.7145362 -0.2790945 0.6415173
vn -0.7884255 -0.4717485 0.3947637
vn 0.7145362 -0.2790945 0.6415173
vn -0.266013 -0.9329583 -0.2425405
vn 0.7145362 -0.2790945 0.6415173
vn 0.5593817 -0.5344976 -0.6335649
vn 0.7145362 -0.2790945 0.6415173
vn -0.6349794 0.7683432 0.08031198
vn -0.9868429 -0.1603699 -0.02055611
vn -0.9878581 -0.102414 -0.1168237
vn -0.6188235 0.7735599 -0.1366108
vn 0.3817453 0.9216909 0.06896757
vn -0.9283771 -0.1496418 -0.3401814
vn 0.335628 0.940358 -0.05550313
vn 0.9866812 0.1567587 -0.0434376
vn -0.4891112 0.6403233 -0.5922468
vn -0.6979484 -0.4272424 -0.5747452
vn 0.9738795 0.2208111 0.05292663
vn 0.6305677 -0.7616617 -0.1491835
vn 0.4092845 0.8474195 -0.338181
vn -0.2713782 0.317423 -0.9086235
vn 0.8423457 -0.4980841 -0.2058299
vn 0.6343347 -0.7686596 0.08235276
vn -0.3750667 -0.917096 -0.135129
vn 0.94133 0.2613769 0.2134946
vn 0.450724 0.7706006 -0.4505803
vn 0.8423457 -0.4980841 -0.2058299
vn -0.4418215 -0.8970075 -0.01309221
vn -0.9868429 -0.1603699 -0.02055611
vn -0.9878581 -0.102414 -0.1168237
vn 0.5248898 -0.6398694 0.5613002
vn 0.7578758 0.4150808 0.5033211
vn 0.8423457 -0.4980841 -0.2058299
vn -0.512876 -0.8280675 0.2264123
vn -0.9283771 -0.1496418 -0.3401814
vn 0.2125634 -0.4498075 0.8674618
vn 0.8423457 -0.4980841 -0.2058299
vn -0.504756 -0.8243695 0.2561956
vn 0.8423457 -0.4980841 -0.2058299
vn -0.6979484 -0.4272424 -0.5747452
vn 0.8423457 -0.4980841 -0.2058299
vn 0.003454234 0.7253897 0.6883299
vn 0.2886045 -0.138306 0.9474064
vn 0.4578488 -0.06737389 0.8864735
vn -0.004762624 0.7695488 0.6385702
vn -0.3034125 0.9189421 -0.251965
vn 0.7208936 0.004331191 0.6930323
vn -0.4779278 0.8500063 -0.2215274
vn -0.2997417 0.144208 -0.9430583
vn 0.08386584 0.7527104 0.6529883
vn 0.6265685 -0.08494303 0.7747236
vn -0.5045928 0.10499 -0.85695
vn 0.001747474 -0.7469528 -0.6648748
vn -0.6583404 0.7521621 -0.02898517
vn 0.03611435 0.6192317 0.7843773
vn 0.8232124 -0.1897684 0.5350787
vn -0.08189414 -0.7083017 -0.7011434
vn 0.3036714 -0.9051264 0.2975399
vn -0.7531069 -0.02758725 -0.6573195
vn -0.6141767 0.7754418 0.1465507
vn 0.2150006 0.7797934 0.58796
vn 0.8022737 0.07041132 0.5927893
vn 0.4282726 -0.8908413 0.1516055
vn 0.2886045 -0.138306 0.9474064
vn 0.4578488 -0.06737389 0.8864735
vn -0.162198 -0.7523628 -0.6384686
vn 0.6010712 -0.7991765 0.005517716
vn 0.7208936 0.004331191 0.6930323
vn -0.7028203 0.0871398 -0.7060101
vn -0.6989728 0.7138984 -0.04226347
vn 0.3203128 0.7804068 0.5369964
vn -0.6539675 -0.5406916 0.5291305
vn 0.01210309 -0.7085344 -0.7055724
vn 0.6505247 -0.7582758 0.0428415
vn 0.6265685 -0.08494303 0.7747236
vn -0.7592108 -0.02308446 -0.6504353
vn -0.4148153 0.909879 0.006960957
vn -0.6539675 -0.5406916 0.5291305
vn -0.3389465 -0.7424986 -0.5777639
vn 0.2987457 -0.9508319 -0.08166873
vn 0.8232124 -0.1897684 0.5350787
vn -0.9044821 0.005683609 -0.4264737
vn -0.6539675 -0.5406916 0.5291305
vn -0.3859976 -0.817348 -0.4277244
vn -0.6539675 -0.5406916 0.5291305
vn 0.6612814 -0.7448512 0.08890206
vn -0.6539675 -0.5406916 0.5291305
vn 0.8022737 0.07041132 0.5927893
vn -0.6539675 -0.5406916 0.5291305
vn -0.4212178 0.9044352 -0.06762091
vn -0.994328 0.09817757 0.0409017
vn -0.9054608 0.2781577 0.3205762
vn -0.3504612 0.9040641 -0.2446325
vn 0.5992273 0.7821949 -0.170581
vn -0.9280038 0.106941 0.3568929
vn 0.483766 0.6619527 -0.5725287
vn 0.9816993 -0.1112503 -0.1545634
vn -0.6281328 0.7436137 -0.2291024
vn -0.9959622 -0.07727527 -0.04569253
vn 0.8603441 -0.1222074 -0.4948469
vn 0.3978576 -0.9163803 -0.04423169
vn 0.2951207 0.68655 -0.6644946
vn -0.550797 0.7644316 -0.3350627
vn -0.9988257 -0.03968897 -0.02778631
vn 0.5374181 -0.8428525 -0.02795546
vn -0.6169481 -0.7852706 0.05220384
vn 0.9362742 -0.1842595 -0.2990638
vn 0.4976303 0.8284326 -0.2570283
vn -0.5467517 0.7481635 -0.3759176
vn -0.0862543 -0.5747787 -0.8137503
vn -0.4503645 -0.7366374 0.5045168
vn -0.994328 0.09817757 0.0409017
vn -0.9054608 0.2781577 0.3205762
vn 0.4053966 -0.8241403 0.395533
vn -0.4970719 -0.6214747 0.6055483
vn -0.9280038 0.106941 0.3568929
vn 0.9990513 0.007383028 0.04291901
vn 0.3380218 0.8211689 -0.4598075
vn -0.0862543 -0.5747787 -0.8137503
vn 0.5404102 -0.801254 0.2568052
vn -0.4376105 -0.8618053 0.256493
vn -0.9959622 -0.07727527 -0.04569253
vn 0.9806999 0.1008172 -0.1675218
vn -0.0862543 -0.5747787 -0.8137503
vn 0.6170829 -0.7517455 0.2325668
vn -0.0862543 -0.5747787 -0.8137503
vn -0.3559007 -0.8828534 0.3064384
vn -0.0862543 -0.5747787 -0.8137503
vn -0.9988257 -0.03968897 -0.02778631
vn -0.0862543 -0.5747787 -0.8137503
vn -0.3011062 0.7643054 0.5702389
vn 0.1905238 0.9295512 -0.3156504
vn 0.3030781 0.923537 -0.234996
vn -0.1852451 0.776869 0.6017964
vn -0.475397 -0.1533466 0.8663039
vn 0.5837449 0.8089204 -0.06992494
vn -0.4866288 -0.09571995 0.8683491
vn -0.1805524 -0.9304267 0.3189155
vn 0.07359318 0.6760913 0.7331334
vn 0.727509 0.683544 -0.05914603
vn -0.2975063 -0.9140217 0.2757795
vn 0.2989361 -0.7821196 -0.5467414
vn -0.4896753 -0.06853527 0.8692071
vn 0.14293 0.5919953 0.7931662
vn 0.7970793 0.6035225 -0.02062066
vn 0.2258334 -0.7451593 -0.6274846
vn 0.484574 0.1242319 -0.8658836
vn -0.5860078 -0.7979764 0.1408132
vn -0.5681264 -0.1121476 0.815264
vn 0.1114049 0.7047297 0.7006747
vn 0.853094 0.4938633 0.1683141
vn 0.5034356 0.1768511 -0.8457401
vn 0.1905238 0.9295512 -0.3156504
vn 0.3030781 0.923537 -0.234996
vn -0.0008969343 -0.6372523 -0.7706547
vn 0.558519 0.1809469 -0.8095151
vn 0.5837449 0.8089204 -0.06992494
vn -0.7029423 -0.7104382 0.03390757
vn -0.6971356 0.05625851 0.7147285
vn -0.02125571 0.8014081 0.5977402
vn 0.05861767 -0.4081372 0.9110368
vn -0.1308374 -0.6047016 -0.7856319
vn 0.5586013 0.07362249 -0.8261624
vn 0.727509 0.683544 -0.05914603
vn -0.7377174 -0.6745523 -0.02742904
vn -0.8691363 0.2361366 0.4345592
vn 0.05861767 -0.4081372 0.9110368
vn 0.01911643 -0.7012785 -0.712631
vn 0.7340814 -0.07193836 -0.6752402
vn 0.7970793 0.6035225 -0.02062066
vn -0.7823108 -0.613033 -0.1103644
vn 0.05861767 -0.4081372 0.9110368
vn 0.1219752 -0.8690585 -0.4794366
vn 0.05861767 -0.4081372 0.9110368
vn 0.887565 -0.3025577 -0.3474007
vn 0.05861767 -0.4081372 0.9110368
vn 0.853094 0.4938633 0.1683141
vn 0.05861767 -0.4081372 0.9110368
vn -0.3637985 0.8322456 -0.4183515
vn 0.05157539 0.8781989 0.4755068
vn -0.1587466 0.8096939 0.5649738
vn -0.4522642 0.8306535 -0.3247643
vn -0.460823 -0.03219285 -0.886908
vn -0.206679 0.819509 0.5344986
vn -0.3624192 0.07455083 -0.9290288
vn -0.1245882 -0.8862972 -0.4460439
vn -0.5366733 0.7321481 -0.4194531
vn -0.3345782 0.6948014 0.6366384
vn 0.1063 -0.8375525 -0.5359163
vn 0.2954104 -0.8486875 0.4387053
vn -0.3731536 -0.07747548 -0.9245291
vn -0.6961612 0.6918643 -0.1915294
vn -0.5512429 -0.8322003 0.05978175
vn 0.4075138 -0.7872542 0.4627779
vn 0.3933941 0.01349607 0.9192709
vn 0.1087306 -0.8253623 -0.5540351
vn -0.5029682 0.05936155 -0.862264
vn -0.5512429 -0.8322003 0.05978175
vn 0.2590713 0.033992 0.9652599
vn 0.05157539 0.8781989 0.4755068
vn -0.1587466 0.8096939 0.5649738
vn 0.4552722 -0.8322564 0.3163486
vn 0.2342099 -0.7563607 -0.6107898
vn -0.5512429 -0.8322003 0.05978175
vn 0.344039 -0.0532892 0.937442
vn -0.206679 0.819509 0.5344986
vn 0.6077305 -0.6734615 0.4208483
vn -0.5512429 -0.8322003 0.05978175
vn 0.2765037 0.06634198 0.9587202
vn -0.5512429 -0.8322003 0.05978175
vn -0.3345782 0.6948014 0.6366384
vn -0.5512429 -0.8322003 0.05978175
vn -0.3345597 0.6222175 -0.7077537
vn 0.1559659 0.9816579 0.109647
vn 0.002720394 0.9836441 0.1801024
vn -0.4144375 0.6541706 -0.6326945
vn -0.4970124 -0.3868055 -0.7767625
vn -0.2933514 0.8975797 0.3290831
vn -0.4474653 -0.3326948 -0.8301138
vn -0.1900956 -0.9789807 -0.07389437
vn -0.6610142 0.5622576 -0.4969171
vn -0.3723836 0.8370523 0.4008415
vn -0.04711423 -0.9837777 -0.1730946
vn 0.2919207 -0.6178591 0.7300907
vn -0.4209775 -0.3264393 -0.8462951
vn -0.8206007 0.4121567 -0.3959056
vn -0.08330796 0.978829 0.1869589
vn 0.3982339 -0.5847473 0.7067393
vn 0.4591345 0.376375 0.804697
vn 0.2140553 -0.9070825 -0.3624662
vn -0.4716385 -0.442616 -0.7626586
vn -0.7467635 0.4111484 -0.5227822
vn 0.07678577 0.9970437 0.002804009
vn 0.3903213 0.4200189 0.8192884
vn 0.1559659 0.9816579 0.109647
vn 0.002720394 0.9836441 0.1801024
vn 0.6295987 -0.5358266 0.5625792
vn 0.3149862 0.4104778 0.8557404
vn -0.2933514 0.8975797 0.3290831
vn 0.2790283 -0.8822256 -0.3792378
vn -0.5890295 -0.5627 -0.5800112
vn -0.561595 0.5497012 -0.618417
vn -0.1336298 0.9761377 0.1711673
vn 0.76252 -0.5028661 0.4070491
vn 0.4247901 0.397306 0.8134503
vn -0.3723836 0.8370523 0.4008415
vn 0.03884426 -0.995624 -0.08499396
vn -0.6599604 -0.4722053 -0.5843582
vn -0.6376321 0.5428509 -0.5465696
vn -0.4347352 0.8028978 0.4078732
vn 0.6226328 -0.5757094 0.5299878
vn 0.6058555 0.3911072 0.6928018
vn -0.08330796 0.978829 0.1869589
vn -0.1197974 -0.9904953 0.06758417
vn -0.5461121 -0.4507175 -0.706127
vn -0.7539085 0.4895983 -0.4380816
vn -0.6153244 -0.7307158 0.2956863
vn 0.5229908 -0.488227 0.6986524
vn 0.589436 0.5080584 0.6280462
vn 0.07678577 0.9970437 0.002804009
vn 0.06841223 -0.9908533 -0.1163163
vn -0.361257 -0.3639357 -0.8585128
vn -0.6153244 -0.7307158 0.2956863
vn 0.591535 -0.4724092 0.653388
vn 0.4418333 0.511605 0.7369151
vn -0.1336298 0.9761377 0.1711673
vn 0.392061 -0.8610696 -0.3238014
vn -0.6153244 -0.7307158 0.2956863
vn 0.6644447 -0.4283742 0.6123797
vn -0.6153244 -0.7307158 0.2956863
vn 0.2096425 0.3873255 0.8977912
vn -0.6153244 -0.7307158 0.2956863
vn -0.4347352 0.8028978 0.4078732
vn -0.6153244 -0.7307158 0.2956863
vn -0.07749749 -0.5452764 -0.8346663
vn 0.6426374 -0.4343753 -0.6311381
vn 0.8551214 0.2693323 -0.4429758
vn -0.5493654 0.007005197 -0.8355529
vn 0.3701923 0.8122823 -0.4507274
vn -0.337493 0.6915444 -0.638643
vn 0.2945418 0.8566309 0.4235903
vn -0.6861672 0.6004434 0.410661
vn -0.6853783 0.7158749 0.133341
vn 0.2398208 0.931857 0.2722653
vn -0.337493 0.6915444 -0.638643
vn 0.9603998 0.278343 -0.01254509
vn 0.3701923 0.8122823 -0.4507274
vn 0.9476443 0.3106846 0.07379346
vn 0.6771534 -0.5661788 -0.4700052
vn 0.8551214 0.2693323 -0.4429758
vn 0.6869805 -0.6533849 -0.3180346
vn -0.2861075 -0.8304314 -0.4780441
vn 0.6426374 -0.4343753 -0.6311381
vn -0.3505025 -0.8274857 -0.4386518
vn -0.9637704 -0.2623809 -0.04798692
vn -0.07749749 -0.5452764 -0.8346663
vn -0.9684607 -0.1366456 -0.2083548
vn -0.6861672 0.6004434 0.410661
vn -0.5493654 0.007005197 -0.8355529
vn -0.6853783 0.7158749 0.133341
vn -0.337493 0.6915444 -0.638643
vn 0.9091604 -0.2228388 -0.35181
vn -0.2505948 -0.9673839 -0.03702385
vn -0.238193 -0.9546232 -0.1787698
vn 0.9529854 -0.2050854 -0.2230668
vn 0.2788292 0.953391 0.1153249
vn -0.3065989 -0.7626979 -0.5694638
vn 0.3621845 0.9037797 0.2280452
vn -0.8794938 0.2059147 0.4290569
vn 0.9745744 -0.2237404 -0.01204599
vn -0.2745863 -0.8188461 -0.5040768
vn -0.8967791 0.2956941 0.3291692
vn -0.2505948 -0.9673839 -0.03702385
vn -0.238193 -0.9546232 -0.1787698
vn 0.3173474 0.7039701 0.6353871
vn 0.7583023 -0.6402545 0.1226864
vn -0.5330337 0.0926638 0.8410045
vn -0.8930472 0.3749381 0.2487735
vn -0.3065989 -0.7626979 -0.5694638
vn 0.4993219 0.5935276 0.6311916
vn -0.5330337 0.0926638 0.8410045
vn -0.9144723 0.3316732 -0.2318046
vn -0.5330337 0.0926638 0.8410045
vn -0.2745863 -0.8188461 -0.5040768
vn -0.5330337 0.0926638 0.8410045
vn -0.03791739 0.1154151 -0.9925934
vn -0.306492 0.9442539 0.1201968
vn -0.137758 0.9890451 0.0530331
vn -0.1503286 0.01859221 -0.9884613
vn 0.2267547 -0.9663906 -0.1211265
vn -0.2685244 0.9498736 0.1601087
vn 0.04024912 -0.9873005 -0.1536809
vn -0.04297874 -0.1343702 0.9899988
vn -0.2833508 0.2233842 -0.932637
vn -0.8277739 -0.5539156 0.08926404
vn 0.0793549 -0.1958114 0.9774255
vn -0.306492 0.9442539 0.1201968
vn -0.137758 0.9890451 0.0530331
vn 0.1843959 -0.9764145 -0.1123073
vn -0.8277739 -0.5539156 0.08926404
vn 0.1250526 0.03493018 0.9915351
vn -0.8277739 -0.5539156 0.08926404
vn -0.2685244 0.9498736 0.1601087
vn -0.8277739 -0.5539156 0.08926404
vn 0.5402374 -0.5174445 -0.6636224
vn -0.1082124 0.7412152 -0.6624879
vn 0.07647668 0.6997964 -0.7102368
vn 0.2602756 -0.6306985 -0.7310786
vn 0.04990235 -0.7676677 0.6389022
vn 0.2747292 0.8713661 -0.4065035
vn -0.05647093 -0.8721865 0.485903
vn -0.5953285 0.4908029 0.6361576
vn 0.1954468 -0.6448237 -0.7389202
vn 0.07564263 0.750749 -0.6562425
vn -0.3295402 0.5005697 0.8005206
vn -0.1082124 0.7412152 -0.6624879
vn 0.07647668 0.6997964 -0.7102368
vn -0.4007373 -0.7220953 0.5639043
vn 0.4204406 -0.4641807 -0.7795935
vn -0.8801187 -0.4674771 -0.08280303
vn -0.3039807 0.5527287 0.7759425
vn 0.2747292 0.8713661 -0.4065035
vn -0.1208725 -0.8094282 0.5746441
vn -0.8801187 -0.4674771 -0.08280303
vn -0.4607399 0.7152624 0.5254698
vn -0.8801187 -0.4674771 -0.08280303
vn 0.07564263 0.750749 -0.6562425
vn -0.8801187 -0.4674771 -0.08280303
vn 0.9343373 0.137629 0.3287434
vn 0.8053771 -0.5483157 0.2252061
vn 0.1961552 -0.8560793 0.478175
vn 0.4546452 0.5547505 0.6968139
vn -0.2835199 -0.431363 0.8564709
vn -0.1442202 0.2532186 0.9565986
vn -0.7214692 0.5604334 0.4066897
vn 0.02265172 0.9926181 -0.1191481
vn 0.1538362 0.983151 0.098735
vn -0.6126549 0.5905833 0.5252289
vn 0.4546452 0.5547505 0.6968139
vn -0.7070608 -0.4087121 0.5770783
vn -0.1442202 0.2532186 0.9565986
vn -0.734031 -0.3630137 0.5739509
vn 0.03922464 -0.9724755 0.2296799
vn -0.2835199 -0.431363 0.8564709
vn -0.007416804 -0.9895177 0.144221
vn 0.7666655 -0.5687663 -0.2978739
vn 0.1961552 -0.8560793 0.478175
vn 0.7875543 -0.5260716 -0.320947
vn 0.7793919 0.4011388 -0.4812858
vn 0.8053771 -0.5483157 0.2252061
vn 0.8404359 0.4355237 -0.3224697
vn 0.02265172 0.9926181 -0.1191481
vn 0.9343373 0.137629 0.3287434
vn 0.1538362 0.983151 0.098735
vn 0.4546452 0.5547505 0.6968139
vn 0.6966021 0.4821303 0.5313153
vn -0.01748491 0.6560836 -0.7544857
vn 0.05831995 0.6052011 -0.7939335
vn 0.3593021 0.5851983 0.7269422
vn 0.9991252 0.01362264 0.03953922
vn -0.1186959 -0.8398699 0.5296507
vn -0.0125047 -0.8863817 0.4627863
vn 0.9991252 0.01362264 0.03953922
vn -0.6349917 -0.4031352 -0.6589898
vn -0.3270927 -0.5971072 -0.7324435
vn 0.9991252 0.01362264 0.03953922
vn -0.01748491 0.6560836 -0.7544857
vn 0.05831995 0.6052011 -0.7939335
vn 0.9991252 0.01362264 0.03953922
vn 0.03002509 0.9842476 -0.1742274
vn 0.9993411 0.03215267 0.01683683
vn 0.8545512 -0.02764259 -0.518631
vn -0.08688921 0.996161 -0.01065184
vn -0.9983836 -0.02518922 0.05094683
vn 0.4832778 -0.04241745 -0.8744389
vn -0.8659479 0.09930409 0.4901765
vn 0.06960448 -0.9652552 0.2518684
vn 0.1668351 0.9836278 0.06813543
vn 0.6225194 -0.05171859 -0.7808936
vn -0.139506 -0.9649774 0.2221634
vn 0.9993411 0.03215267 0.01683683
vn 0.8545512 -0.02764259 -0.518631
vn -0.4505187 0.05430688 0.8911138
vn 0.3593172 0.9328553 0.02592723
vn 0.5554375 -0.3288042 0.7637912
vn -0.1310841 -0.9913512 0.006308193
vn 0.4832778 -0.04241745 -0.8744389
vn -0.5394378 0.109552 0.8348684
vn 0.5554375 -0.3288042 0.7637912
vn -0.1356141 -0.9735776 -0.1837271
vn 0.5554375 -0.3288042 0.7637912
vn 0.6225194 -0.05171859 -0.7808936
vn 0.5554375 -0.3288042 0.7637912
vn 0.9967891 -0.04675674 0.06500212
vn -0.08992526 -0.7837686 -0.6145082
vn -0.04361379 -0.96036 -0.2753298
vn 0.924961 -0.3296684 0.1891189
vn -0.3842597 0.1114473 0.9164737
vn 0.01466695 0.737896 0.674755
vn 0.2468989 0.8831804 0.39879
vn -0.3842597 0.1114473 0.9164737
vn -0.99095 0.1083649 0.07921574
vn -0.9812042 0.003654672 -0.1929376
vn -0.3842597 0.1114473 0.9164737
vn -0.08992526 -0.7837686 -0.6145082
vn -0.04361379 -0.96036 -0.2753298
vn -0.3842597 0.1114473 0.9164737
vn -0.7894338 -0.5169981 0.3309188
vn 0.5918971 -0.7800905 0.2027729
vn 0.6386631 -0.7496411 0.1736306
vn -0.7644758 -0.4567479 0.4549263
vn -0.6074091 0.7446384 -0.2767091
vn 0.508114 -0.8612896 -0.0006183443
vn -0.566074 0.764448 -0.3085117
vn 0.7761129 0.4829587 -0.4054625
vn -0.5573497 -0.3838422 0.7362245
vn 0.6693085 -0.7262269 0.1569097
vn 0.7374322 0.4203056 -0.5287126
vn 0.5918971 -0.7800905 0.2027729
vn 0.6386631 -0.7496411 0.1736306
vn -0.4453777 0.8719182 -0.2034635
vn -0.5797557 -0.01324677 0.8146827
vn -0.2028796 -0.9641614 -0.1709754
vn 0.6095394 0.1576077 -0.7769309
vn 0.508114 -0.8612896 -0.0006183443
vn -0.7135673 0.6600209 -0.2349342
vn -0.2028796 -0.9641614 -0.1709754
vn 0.2224688 0.236775 -0.9457512
vn -0.2028796 -0.9641614 -0.1709754
vn 0.6693085 -0.7262269 0.1569097
vn -0.2028796 -0.9641614 -0.1709754
vn 0.708157 -0.584267 0.3964162
vn -0.2043057 -0.7122818 -0.6715013
vn -0.2057117 -0.6109993 -0.7644361
vn 0.8259164 -0.451122 0.3381583
vn 0.152396 0.6733475 0.7234492
vn 0.02057327 -0.6721046 -0.7401704
vn 0.01639021 0.6371414 0.7705727
vn -0.7625334 0.545839 -0.347279
vn 0.7270405 -0.5935028 0.3452053
vn -0.8621776 -0.3637539 0.3526087
vn -0.859988 0.4680823 -0.2032725
vn -0.2043057 -0.7122818 -0.6715013
vn -0.2057117 -0.6109993 -0.7644361
vn 0.1391926 0.4495819 0.8823274
vn -0.8621776 -0.3637539 0.3526087
vn -0.7904729 0.5179605 -0.3269091
vn -0.8621776 -0.3637539 0.3526087
vn 0.02057327 -0.6721046 -0.7401704
vn -0.8621776 -0.3637539 0.3526087
vn -0.1513188 -0.9094239 0.3873639
vn 0.9863153 -0.1131655 0.1198987
vn 0.9777458 -0.2060981 -0.03920279
vn -0.08129164 -0.932489 0.3519318
vn -0.9778951 0.07689413 -0.1944442
vn 0.9268557 -0.1981153 -0.3188867
vn -0.98989 0.1403365 -0.02057999
vn 0.1564954 0.8726105 -0.4626663
vn -0.09076494 -0.828043 0.5532689
vn -0.3818655 -0.7321331 -0.5640566
vn 0.2389506 0.871937 -0.4273507
vn 0.9863153 -0.1131655 0.1198987
vn 0.9777458 -0.2060981 -0.03920279
vn -0.9342359 0.3439355 0.09440104
vn -0.3818655 -0.7321331 -0.5640566
vn 0.0934518 0.7657516 -0.6363106
vn -0.3818655 -0.7321331 -0.5640566
vn 0.9268557 -0.1981153 -0.3188867
vn -0.3818655 -0.7321331 -0.5640566
vn -0.7454337 0.4896645 0.4522799
vn -0.1182988 -0.7798234 0.6147202
vn -0.0709617 -0.8937232 0.4429709
vn -0.4143874 0.5476874 0.7268573
vn 0.04468456 0.7674815 -0.6395119
vn -0.159751 -0.7244493 0.6705616
vn 0.1559066 0.6720089 -0.7239456
vn 0.7048545 -0.4657903 -0.5349949
vn -0.2585849 0.6084992 0.7502416
vn -0.3807326 -0.8218189 0.4238589
vn 0.3499281 -0.6046792 -0.7154813
vn -0.1182988 -0.7798234 0.6147202
vn -0.0709617 -0.8937232 0.4429709
vn 0.04405926 0.8664244 -0.4973606
vn -0.5991738 0.4311373 0.6746194
vn -0.5910464 0.2490018 -0.7672432
vn 0.2064897 -0.5631405 -0.8001468
vn -0.159751 -0.7244493 0.6705616
vn 0.3013485 0.8406523 -0.449992
vn -0.5910464 0.2490018 -0.7672432
vn 0.4342085 -0.6799757 -0.5908434
vn -0.5910464 0.2490018 -0.7672432
vn -0.3807326 -0.8218189 0.4238589
vn -0.5910464 0.2490018 -0.7672432
vn -0.2063644 -0.4567279 -0.8653401
vn -0.1335314 0.8946979 -0.4262454
vn -0.425664 0.8469169 -0.3186564
vn -0.680503 -0.2344192 -0.6942357
vn -0.4160437 -0.5693496 0.7090477
vn 0.07957207 -0.8888678 0.4512011
vn 0.508073 -0.8612849 -0.007074997
vn -0.4160437 -0.5693496 0.7090477
vn 0.1507912 0.4491254 0.8806522
vn 0.01240237 0.5529736 0.8331065
vn -0.4160437 -0.5693496 0.7090477
vn -0.1335314 0.8946979 -0.4262454
vn -0.425664 0.8469169 -0.3186564
vn -0.4160437 -0.5693496 0.7090477
vn -0.610557 0.6072654 0.5083787
vn -0.6408187 -0.7459917 -0.18124
vn -0.5269787 -0.849551 -0.02359177
vn -0.6500843 0.5619986 0.5114176
vn -0.6185478 0.1775484 -0.7654249
vn 0.6777335 0.7275453 0.1065603
vn 0.5811264 0.813679 -0.01478498
vn -0.6185478 0.1775484 -0.7654249
vn 0.7615145 -0.4017539 -0.5086153
vn 0.6997394 -0.3484127 -0.6236774
vn -0.6185478 0.1775484 -0.7654249
vn -0.6408187 -0.7459917 -0.18124
vn -0.5269787 -0.849551 -0.02359177
vn -0.6185478 0.1775484 -0.7654249
vn -0.04428726 -0.9776303 0.2056157
vn 0.6975499 0.114069 0.7073984
vn 0.588407 0.1763914 0.7890902
vn -0.1435783 -0.9709809 0.1912628
vn -0.635783 -0.1239364 -0.7618529
vn 0.2812705 0.4298212 0.8579865
vn -0.5090411 -0.1317744 -0.8505955
vn 0.1139215 0.9618428 -0.2487574
vn -0.4019751 -0.8804626 0.2513993
vn 0.2105146 0.3382132 0.9172216
vn 0.1451104 0.9258764 -0.3488493
vn 0.6975499 0.114069 0.7073984
vn 0.588407 0.1763914 0.7890902
vn -0.134937 -0.2720646 -0.9527712
vn -0.4993812 -0.6926254 0.5204694
vn 0.7830311 -0.5952274 -0.1804625
vn 0.4528124 0.7477629 -0.4856043
vn 0.2812705 0.4298212 0.8579865
vn -0.1727586 -0.4715922 -0.8647284
vn 0.7830311 -0.5952274 -0.1804625
vn 0.5999269 0.7281817 -0.3314198
vn 0.7830311 -0.5952274 -0.1804625
vn 0.2105146 0.3382132 0.9172216
vn 0.7830311 -0.5952274 -0.1804625
vn -0.9645438 -0.2283072 0.1324049
vn -0.2602396 0.9619427 -0.08331515
vn -0.1542325 0.9497809 0.2722657
vn -0.9978001 -0.04349696 0.05002912
vn 0.1249679 -0.9762852 0.1767778
vn -0.2456185 0.5827363 0.7746547
vn 0.2592255 -0.9491335 -0.1787392
vn 0.9887431 0.1461049 -0.03225749
vn -0.94339 -0.284481 0.1705459
vn 0.5652788 -0.704763 0.428683
vn 0.9418092 0.3239062 0.08989026
vn -0.2602396 0.9619427 -0.08331515
vn -0.1542325 0.9497809 0.2722657
vn 0.03606399 -0.741698 -0.6697637
vn 0.5652788 -0.704763 0.428683
vn 0.9186712 0.3945637 0.01904496
vn 0.5652788 -0.704763 0.428683
vn -0.2456185 0.5827363 0.7746547
vn 0.5652788 -0.704763 0.428683
vn -0.2209093 -0.2698446 0.9372209
vn 0.3976449 -0.9025247 -0.1653107
vn 0.4943156 -0.8666978 -0.06698512
vn -0.3532609 -0.2789919 0.8929559
vn -0.4715884 0.8706306 0.1400239
vn 0.6735454 -0.7205825 0.1646132
vn -0.5953764 0.792097 0.1345713
vn 0.1475879 0.2351086 -0.9606985
vn -0.5928787 -0.4795088 0.6469669
vn 0.8502352 -0.5112305 0.125473
vn 0.2182828 0.3399994 -0.9147421
vn 0.3976449 -0.9025247 -0.1653107
vn 0.4943156 -0.8666978 -0.06698512
vn -0.8289375 0.5562198 -0.05901127
vn -0.513703 -0.5741084 0.6375803
vn -0.4092072 -0.7295213 -0.5480403
vn 0.4007724 0.5646415 -0.7214994
vn 0.6735454 -0.7205825 0.1646132
vn -0.7621964 0.5577725 -0.3285523
vn -0.4092072 -0.7295213 -0.5480403
vn 0.5402391 0.4814281 -0.6901947
vn -0.4092072 -0.7295213 -0.5480403
vn 0.8502352 -0.5112305 0.125473
vn -0.4092072 -0.7295213 -0.5480403
vn -0.1106015 0.9701959 0.2156085
vn -0.5463714 0.121352 -0.828705
vn -0.4374919 0.2471716 -0.8645849
vn 0.1580425 0.9873652 -0.01151619
vn 0.6180463 -0.1048135 0.7791232
vn -0.4977351 0.2605076 -0.8272821
vn 0.545944 0.05081456 0.8362793
vn 0.1807192 -0.9482617 -0.2610373
vn 0.655291 0.7307224 -0.1914119
vn 0.2508008 -0.6922827 -0.6766415
vn -0.1466965 -0.9818372 -0.1203161
vn -0.5463714 0.121352 -0.828705
vn -0.4374919 0.2471716 -0.8645849
vn 0.6576021 -0.1473767 0.7388096
vn 0.2508008 -0.6922827 -0.6766415
vn -0.477384 -0.8143776 0.3299903
vn 0.2508008 -0.6922827 -0.6766415
vn -0.4977351 0.2605076 -0.8272821
vn 0.2508008 -0.6922827 -0.6766415
vn 0.811653 -0.2353635 0.5346245
vn 0.1028728 -0.8831903 -0.4575939
vn 0.05670369 -0.9217907 -0.3835188
vn 0.8725947 -0.1559198 0.4628904
vn -0.1714468 0.8714354 0.459572
vn -0.06252209 -0.991931 -0.1102896
vn -0.1566813 0.9137635 0.3748164
vn 0.9915887 -0.09301351 0.09000223
vn 0.1251002 -0.9747531 -0.1849498
vn -0.1439006 0.9762684 0.1618414
vn 0.9861752 0.1082891 0.1254268
vn -0.2641544 -0.4263282 0.8651397
vn 0.04442712 0.9749148 0.2180993
vn -0.2641544 -0.4263282 0.8651397
vn -0.8269473 0.07873702 -0.5567393
vn -0.1714468 0.8714354 0.459572
vn -0.1566813 0.9137635 0.3748164
vn -0.891888 0.02998298 -0.4512614
vn 0.1028728 -0.8831903 -0.4575939
vn -0.1439006 0.9762684 0.1618414
vn 0.05670369 -0.9217907 -0.3835188
vn -0.9904742 -0.0935557 -0.1010355
vn 0.04442712 0.9749148 0.2180993
vn -0.06252209 -0.991931 -0.1102896
vn -0.9929911 0.1116441 0.03878549
vn -0.2641544 -0.4263282 0.8651397
vn 0.1251002 -0.9747531 -0.1849498
vn -0.2641544 -0.4263282 0.8651397
vn -0.2701267 0.9625687 0.02220543
vn -0.1989834 0.2413474 0.9498194
vn 0.2222881 -0.006170921 0.9749615
vn -0.2207689 0.966684 -0.1295495
vn -0.7093726 -0.2161105 0.6708851
vn 0.07570415 0.0946418 -0.9926288
vn -0.3903164 -0.005125248 -0.9206665
vn -0.7093726 -0.2161105 0.6708851
vn 0.2105049 -0.9622924 0.1722817
vn 0.1274149 -0.9624041 -0.2398825
vn -0.7093726 -0.2161105 0.6708851
vn -0.1989834 0.2413474 0.9498194
vn 0.2222881 -0.006170921 0.9749615
vn -0.7093726 -0.2161105 0.6708851
vn -0.5777647 -0.6683474 -0.4685081
vn -0.7530479 0.2049685 0.6252254
vn -0.6971371 0.4684347 0.5427419
vn -0.6127781 -0.6646027 -0.4275585
vn 0.5891131 -0.3956857 -0.7045414
vn -0.5500311 0.7313517 0.4032251
vn 0.71622 -0.4525161 -0.5312797
vn 0.7323518 0.580299 0.3562498
vn -0.6653753 -0.4477237 -0.5973434
vn -0.7290075 0.6506793 0.2125192
vn 0.7671211 0.5116286 0.3869902
vn -0.7530479 0.2049685 0.6252254
vn -0.6971371 0.4684347 0.5427419
vn 0.7238402 -0.6400579 -0.2576456
vn -0.7558726 -0.4226302 -0.5000404
vn 0.02729681 -0.2959631 0.9548092
vn 0.708499 0.2944109 0.6413669
vn -0.5500311 0.7313517 0.4032251
vn 0.4608555 -0.8315327 -0.3101059
vn 0.02729681 -0.2959631 0.9548092
vn 0.7406078 0.4039043 0.536993
vn 0.02729681 -0.2959631 0.9548092
vn -0.7290075 0.6506793 0.2125192
vn 0.02729681 -0.2959631 0.9548092
vn 0.01660515 0.999084 0.03943889
vn 0.9918599 0.1118626 -0.06083411
vn 0.9819832 0.08461161 -0.1689674
vn 0.03294313 0.9694306 0.2431441
vn 0.3437956 -0.4234664 0.8381413
vn -0.972572 0.1956712 0.1257634
vn -0.950836 0.1105874 0.2892774
vn 0.3437956 -0.4234664 0.8381413
vn -0.05791994 -0.9982774 0.009358904
vn -0.1342269 -0.9734458 -0.1854353
vn 0.3437956 -0.4234664 0.8381413
vn 0.9918599 0.1118626 -0.06083411
vn 0.9819832 0.08461161 -0.1689674
vn 0.3437956 -0.4234664 0.8381413
vn -0.01079833 0.03266271 0.9994081
vn 0.3171802 0.8457447 0.4290836
vn 0.421527 0.8950238 0.1457648
vn -0.6742378 -0.1652102 0.7197978
vn -0.374577 -0.9212517 -0.1048208
vn 0.04237117 0.8800023 0.4730758
vn -0.009441596 -0.8904812 -0.4549222
vn 0.1442779 0.367543 -0.9187469
vn -0.4741853 0.007620108 0.8803921
vn 0.8610186 -0.507834 -0.02741673
vn 0.6236153 0.09159567 -0.7763467
vn 0.3171802 0.8457447 0.4290836
vn 0.421527 0.8950238 0.1457648
vn -0.5206863 -0.8393037 -0.1563813
vn 0.8610186 -0.507834 -0.02741673
vn 0.8730962 0.1414923 -0.4665652
vn 0.8610186 -0.507834 -0.02741673
vn 0.04237117 0.8800023 0.4730758
vn 0.8610186 -0.507834 -0.02741673
vn 0.5480773 -0.7281371 0.4116158
vn 0.7704624 0.2564402 -0.5836318
vn 0.7679197 0.3045137 -0.5635342
vn 0.5361315 -0.6903145 0.485828
vn -0.775085 -0.3011384 0.5554808
vn 0.8858069 0.3617888 0.2906115
vn -0.8309218 -0.2970087 0.4704838
vn -0.5838832 0.68788 -0.431163
vn 0.2451009 -0.9664746 0.07650109
vn 0.6322066 0.2020963 -0.7479785
vn -0.5900099 0.6277788 -0.5077224
vn 0.7704624 0.2564402 -0.5836318
vn 0.7679197 0.3045137 -0.5635342
vn -0.8195286 -0.571976 0.0348746
vn 0.6322066 0.2020963 -0.7479785
vn -0.6390229 0.4904396 -0.5925527
vn 0.6322066 0.2020963 -0.7479785
vn 0.8858069 0.3617888 0.2906115
vn 0.6322066 0.2020963 -0.7479785
vn 0.2576322 0.6041806 -0.7540501
vn -0.1123641 -0.7547525 -0.646315
vn -0.3323551 -0.6410746 -0.6917828
vn 0.3748649 0.6225979 -0.686912
vn 0.199312 0.7303689 0.6533269
vn -0.821529 -0.2798391 -0.4967698
vn 0.4337455 0.6527567 0.6211067
vn -0.170067 -0.6312205 0.7567285
vn 0.4919584 0.5636283 -0.6635512
vn 0.1136643 -0.7637326 -0.6354471
vn -0.2132889 -0.5182643 0.8281969
vn -0.1123641 -0.7547525 -0.646315
vn -0.3323551 -0.6410746 -0.6917828
vn 0.8399625 0.1586055 0.5189483
vn 0.1136643 -0.7637326 -0.6354471
vn -0.1572457 -0.5678456 0.8079759
vn 0.1136643 -0.7637326 -0.6354471
vn -0.821529 -0.2798391 -0.4967698
vn 0.1136643 -0.7637326 -0.6354471
vn -0.8401791 0.2284244 0.491855
vn 0.5611275 0.7519196 0.3460532
vn 0.5467404 0.5257725 0.6516428
vn -0.6945326 0.2533679 0.6733715
vn -0.2445994 -0.863535 -0.4409971
vn 0.6101542 0.01915927 0.792051
vn -0.6284942 -0.5623797 -0.5373306
vn 0.9044138 -0.1757096 -0.3887954
vn -0.6469395 -0.2110151 0.7327632
vn 0.3064066 -0.8665361 -0.3939928
vn 0.8829389 -0.134983 -0.449665
vn 0.5611275 0.7519196 0.3460532
vn 0.5467404 0.5257725 0.6516428
vn -0.7999794 -0.134933 -0.5846588
vn 0.3064066 -0.8665361 -0.3939928
vn 0.7377477 0.1581994 -0.6562783
vn 0.3064066 -0.8665361 -0.3939928
vn 0.6101542 0.01915927 0.792051
vn 0.3064066 -0.8665361 -0.3939928
vn -0.1592595 0.911216 -0.3798972
vn -0.5263924 -0.3500021 -0.774861
vn -0.8829456 -0.368059 -0.2914442
vn 0.07448174 0.9560146 -0.2837049
vn 0.5288692 0.4011735 0.7479019
vn -0.9905124 -0.117115 -0.07189797
vn 0.8921946 0.2570166 0.3713911
vn 0.1385521 -0.9342803 0.3285174
vn -0.2389076 0.8498732 -0.4697219
vn 0.2488637 -0.6074984 -0.7543292
vn 0.415626 -0.8773838 0.2396928
vn -0.5263924 -0.3500021 -0.774861
vn -0.8829456 -0.368059 -0.2914442
vn 0.954843 0.2463783 -0.1660501
vn 0.2488637 -0.6074984 -0.7543292
vn 0.09199249 -0.9254485 0.3675356
vn 0.2488637 -0.6074984 -0.7543292
vn -0.9905124 -0.117115 -0.07189797
vn 0.2488637 -0.6074984 -0.7543292
vn 0.2541617 -0.4704818 0.845014
vn 0.5338882 0.3666802 0.7619114
vn 0.788506 0.4061174 0.4618733
vn 0.1038492 -0.6751164 0.7303651
vn 0.3411283 -0.7433553 -0.5753734
vn -0.4701406 -0.7646872 -0.4407053
vn -0.7409642 -0.3755956 -0.5566865
vn 0.3411283 -0.7433553 -0.5753734
vn 0.08660797 0.8173256 -0.5696296
vn 0.2608987 0.6878025 -0.6773917
vn 0.3411283 -0.7433553 -0.5753734
vn 0.5338882 0.3666802 0.7619114
vn 0.788506 0.4061174 0.4618733
vn 0.3411283 -0.7433553 -0.5753734
vn -0.8733028 -0.04939865 0.4846669
vn 0.3599816 -0.8910058 0.2766261
vn 0.4550022 -0.8524481 0.2574978
vn -0.7601597 -0.1084376 0.6406236
vn -0.3909052 0.8732729 -0.2908393
vn 0.4933071 -0.8465573 0.199972
vn -0.3969026 0.8494969 -0.3475965
vn 0.7430158 0.2791055 -0.608299
vn -0.3925849 0.1092638 0.9132023
vn 0.4653161 -0.8178263 0.3385871
vn 0.7007859 0.1328575 -0.7008908
vn 0.3599816 -0.8910058 0.2766261
vn 0.4550022 -0.8524481 0.2574978
vn -0.4595003 0.7809047 -0.4231399
vn -0.2695523 0.1725444 0.9474017
vn -0.7810774 -0.5679979 -0.2594153
vn 0.3907527 -0.1210233 -0.9125051
vn 0.4933071 -0.8465573 0.199972
vn -0.5196939 0.8220064 -0.2328601
vn -0.7810774 -0.5679979 -0.2594153
vn 0.1880795 -0.2184537 -0.9575511
vn -0.7810774 -0.5679979 -0.2594153
vn 0.4653161 -0.8178263 0.3385871
vn -0.7810774 -0.5679979 -0.2594153
vn 0.9984992 0.03905814 -0.03838951
vn -0.2513583 0.9335323 -0.25561
vn -0.1571306 0.8164647 -0.5556036
vn 0.9317302 0.2197358 -0.289128
vn -0.3169729 -0.716481 -0.6214364
vn 0.2249395 -0.9503877 0.2148616
vn 0.3181775 -0.8713817 0.3734396
vn -0.3169729 -0.716481 -0.6214364
vn -0.903329 -0.4233873 0.06884791
vn -0.9805306 0.01809398 0.1955308
vn -0.3169729 -0.716481 -0.6214364
vn -0.2513583 0.9335323 -0.25561
vn -0.1571306 0.8164647 -0.5556036
vn -0.3169729 -0.716481 -0.6214364
vn -0.5183355 0.8337177 0.1903765
vn -0.08278929 -0.7958115 0.5998582
vn -0.1862053 -0.4273845 0.8846864
vn -0.5178497 0.8339337 0.1907519
vn 0.5684957 -0.04591732 -0.8214039
vn 0.1311868 -0.2542674 0.9581952
vn 0.09108201 0.3629186 -0.9273587
vn 0.5713634 -0.7223879 -0.3894862
vn -0.4077996 0.9077383 0.09854328
vn 0.2329759 0.4798989 0.8458245
vn 0.5568862 -0.7573668 -0.3409886
vn -0.08278929 -0.7958115 0.5998582
vn -0.1862053 -0.4273845 0.8846864
vn -0.1392558 -0.009465588 -0.9902112
vn -0.6295517 0.7768146 -0.01495941
vn -0.1886437 -0.5304815 0.8264399
vn 0.3983963 -0.8964362 -0.1941202
vn 0.1311868 -0.2542674 0.9581952
vn -0.6050778 -0.175159 -0.7766597
vn -0.1886437 -0.5304815 0.8264399
vn 0.5188998 -0.8398788 -0.1592062
vn -0.1886437 -0.5304815 0.8264399
vn 0.2329759 0.4798989 0.8458245
vn -0.1886437 -0.5304815 0.8264399
vn 0.3560481 -0.2296303 -0.9058144
vn -0.6195946 0.7279115 -0.293679
vn -0.3663719 0.8527967 -0.3721687
vn 0.253913 -0.3334711 -0.9079236
vn 0.487333 -0.784143 0.3842217
vn -0.4782783 0.829402 -0.2886907
vn 0.3356057 -0.9049049 0.2617552
vn -0.372347 0.07347778 0.9251803
vn 0.01375161 -0.155053 -0.9878105
vn -0.7113577 -0.6915198 0.1255813
vn -0.2787978 0.065659 0.9581027
vn -0.6195946 0.7279115 -0.293679
vn -0.3663719 0.8527967 -0.3721687
vn 0.3974273 -0.881192 0.2560315
vn -0.7113577 -0.6915198 0.1255813
vn -0.2108227 0.3448375 0.9146807
vn -0.7113577 -0.6915198 0.1255813
vn -0.4782783 0.829402 -0.2886907
vn -0.7113577 -0.6915198 0.1255813
vn 0.7152888 -0.3118849 -0.6253718
vn -0.5713884 -0.7808025 -0.2527108
vn -0.575415 -0.7106968 -0.4047317
vn 0.787658 -0.342344 -0.5122453
vn 0.588188 0.7458707 0.3125888
vn -0.6110724 -0.4679572 -0.6384408
vn 0.6722852 0.6245779 0.3974106
vn -0.6896006 0.2721454 0.6711094
vn 0.797996 -0.4946317 -0.3442992
vn -0.538748 -0.5433483 -0.6438348
vn -0.6851945 0.3888736 0.6158619
vn -0.5713884 -0.7808025 -0.2527108
vn -0.575415 -0.7106968 -0.4047317
vn 0.6537147 0.3755737 0.6569639
vn 0.5724235 -0.8114098 -0.118091
vn -0.6272854 -0.09311794 0.7732025
vn -0.7005494 0.5081693 0.5009935
vn -0.6110724 -0.4679572 -0.6384408
vn 0.6819526 0.2063787 0.7016755
vn -0.6272854 -0.09311794 0.7732025
vn -0.6670308 0.7428271 0.05725398
vn -0.6272854 -0.09311794 0.7732025
vn -0.538748 -0.5433483 -0.6438348
vn -0.6272854 -0.09311794 0.7732025
vn 0.5954382 -0.06349094 0.8008885
vn 0.3698407 -0.8922806 -0.2589461
vn 0.5844412 -0.7741628 -0.2431061
vn 0.2909571 -0.2045859 0.9346061
vn -0.3013244 0.8701266 0.3899786
vn 0.6387625 -0.6114135 -0.4670717
vn -0.5189465 0.6649408 0.537167
vn -0.6105173 0.05208387 -0.7902885
vn 0.1780105 -0.4678897 0.865674
vn -0.7654075 -0.6384692 -0.08067446
vn -0.4470907 0.3404783 -0.8271544
vn 0.3698407 -0.8922806 -0.2589461
vn 0.5844412 -0.7741628 -0.2431061
vn -0.7499272 0.5678723 0.3393084
vn -0.7654075 -0.6384692 -0.08067446
vn -0.1528317 0.3895918 -0.9082184
vn -0.7654075 -0.6384692 -0.08067446
vn 0.6387625 -0.6114135 -0.4670717
vn -0.7654075 -0.6384692 -0.08067446
vn 0.3332916 0.9391667 0.08296078
vn -0.1108205 0.1707178 -0.979068
vn 0.08704098 0.2305976 -0.9691484
vn 0.724515 0.6879613 0.04227537
vn 0.08828704 -0.1311918 0.9874179
vn 0.01421035 -0.01315641 -0.9998124
vn 0.1666174 0.02217129 0.9857723
vn -0.3671766 -0.9236667 -0.1096408
vn 0.9299107 0.3643991 0.0497935
vn 0.470622 -0.8818536 -0.02914215
vn -0.6919535 -0.7164808 -0.08863218
vn -0.1108205 0.1707178 -0.979068
vn 0.08704098 0.2305976 -0.9691484
vn -0.02679646 -0.1207933 0.9923159
vn 0.470622 -0.8818536 -0.02914215
vn -0.9000656 -0.4338534 -0.04065838
vn 0.470622 -0.8818536 -0.02914215
vn 0.01421035 -0.01315641 -0.9998124
vn 0.470622 -0.8818536 -0.02914215
vn -0.3508447 0.7234533 -0.5945783
vn -0.8485859 -0.5137991 -0.126145
vn -0.9283524 -0.359177 -0.09567511
vn -0.2131494 0.6112958 -0.7621579
vn 0.1741194 -0.8520538 -0.4936464
vn 0.8854902 0.4584394 0.07576669
vn 0.9021825 0.413825 -0.1217201
vn 0.1741194 -0.8520538 -0.4936464
vn 0.3556404 -0.7706411 0.5288026
vn 0.3777975 -0.624181 0.683862
vn 0.1741194 -0.8520538 -0.4936464
vn -0.8485859 -0.5137991 -0.126145
vn -0.9283524 -0.359177 -0.09567511
vn 0.1741194 -0.8520538 -0.4936464
vn -0.2892435 -0.6308979 0.7199348
vn -0.4543064 -0.6769053 -0.5791417
vn -0.5903558 -0.5177077 -0.6192405
vn -0.09069998 -0.7269889 0.6806326
vn 0.3869071 0.6138024 0.6881493
vn -0.5978016 -0.5246142 -0.6061461
vn 0.5741822 0.6784461 0.4582857
vn 0.2021118 0.5690242 -0.7970962
vn 0.4182835 -0.6870943 0.5940878
vn -0.7811546 -0.2912009 0.5522676
vn -0.07385907 0.6488549 -0.7573192
vn -0.4543064 -0.6769053 -0.5791417
vn -0.5903558 -0.5177077 -0.6192405
vn 0.4702798 0.6764112 0.5668376
vn -0.7811546 -0.2912009 0.5522676
vn -0.3401713 0.8473551 -0.4077658
vn -0.7811546 -0.2912009 0.5522676
vn -0.5978016 -0.5246142 -0.6061461
vn -0.7811546 -0.2912009 0.5522676
vn 0.8714548 0.4902796 0.01387341
vn -0.3753045 0.8570048 -0.3531138
vn -0.4015802 0.7118339 -0.5762168
vn 0.7465551 0.6337993 0.2023708
vn 0.5029732 -0.8040488 0.3170545
vn -0.3671937 0.6970478 -0.6158679
vn 0.2083315 -0.8523531 0.4796792
vn -0.8803779 -0.4692047 -0.06915037
vn 0.4964865 0.5102322 0.7022566
vn 0.769214 0.3634048 -0.525592
vn -0.7867608 -0.4776113 -0.3910179
vn -0.3753045 0.8570048 -0.3531138
vn -0.4015802 0.7118339 -0.5762168
vn 0.3606949 -0.8188425 0.446538
vn 0.769214 0.3634048 -0.525592
vn -0.3605264 -0.7141624 -0.5999941
vn 0.769214 0.3634048 -0.525592
vn -0.3671937 0.6970478 -0.6158679
vn 0.769214 0.3634048 -0.525592
vn 0.3574968 0.5500284 -0.7547614
vn -0.6268734 -0.4553045 -0.6322402
vn -0.760276 -0.2444834 -0.6018375
vn 0.4782547 0.49695 -0.7240947
vn 0.6868339 0.3915628 0.6123217
vn -0.9348636 0.2556881 -0.2462796
vn 0.8337209 0.2205174 0.5062427
vn -0.2999168 -0.6152373 0.7290631
vn 0.5493622 0.3869688 -0.7405784
vn -0.4409142 -0.5731328 -0.690734
vn -0.2600259 -0.5141141 0.8173575
vn -0.6268734 -0.4553045 -0.6322402
vn -0.760276 -0.2444834 -0.6018375
vn 0.8926097 -0.3726821 0.2536851
vn -0.4409142 -0.5731328 -0.690734
vn -0.2423277 -0.5799987 0.7777396
vn -0.4409142 -0.5731328 -0.690734
vn -0.9348636 0.2556881 -0.2462796
vn -0.4409142 -0.5731328 -0.690734
vn -0.252111 -0.8159844 0.5202015
vn 0.01548898 0.532557 0.8462524
vn 0.2066832 0.5621172 0.8008161
vn -0.5574778 -0.6454389 0.522137
vn 0.06130892 -0.5563059 -0.8287128
vn 0.3798754 0.1593084 0.9112165
vn 0.0338186 -0.399299 -0.9161969
vn 0.3289264 0.7962887 -0.5076728
vn -0.8401116 -0.2726673 0.4688975
vn 0.05165777 -0.9932232 -0.1041113
vn 0.6295604 0.6668553 -0.3986948
vn 0.01548898 0.532557 0.8462524
vn 0.2066832 0.5621172 0.8008161
vn -0.2078422 -0.1880056 -0.9599248
vn 0.05165777 -0.9932232 -0.1041113
vn 0.9386004 0.2437326 -0.2441798
vn 0.05165777 -0.9932232 -0.1041113
vn 0.3798754 0.1593084 0.9112165
vn 0.05165777 -0.9932232 -0.1041113
vn -0.3752492 -0.4728607 0.7972395
vn 0.7368762 -0.6739575 -0.0528656
vn 0.6523446 -0.7361208 -0.1804791
vn -0.2340873 -0.4409529 0.8664662
vn -0.7662669 0.6420802 0.02383258
vn 0.3117234 -0.9050408 -0.2893608
vn -0.6522123 0.7571404 0.0368451
vn 0.3452016 0.4427842 -0.8275131
vn 0.04398248 -0.2968481 0.9539113
vn -0.9334113 -0.236431 0.2698958
vn 0.2880349 0.3101366 -0.9060084
vn 0.7368762 -0.6739575 -0.0528656
vn 0.6523446 -0.7361208 -0.1804791
vn -0.4362729 0.8969331 0.07195187
vn -0.9334113 -0.236431 0.2698958
vn -0.09214877 0.0983205 -0.9908792
vn -0.9334113 -0.236431 0.2698958
vn 0.3117234 -0.9050408 -0.2893608
vn -0.9334113 -0.236431 0.2698958
vn -0.9814745 0.080796 -0.1737232
vn -0.05979222 0.6719061 0.7382188
vn -0.1524017 0.6729382 0.7238287
vn -0.9973904 -0.06997711 -0.01776554
vn 0.07121748 -0.7228935 -0.6872795
vn -0.02948282 0.5872545 0.8088652
vn -0.03844917 -0.7255104 -0.6871363
vn 0.9665741 -0.13665 0.2169361
vn -0.9080516 -0.2765626 0.3145719
vn 0.2422408 0.4045217 0.8818625
vn 0.9981159 0.01796216 0.05866879
vn -0.05979222 0.6719061 0.7382188
vn -0.1524017 0.6729382 0.7238287
vn -0.09042402 -0.6632563 -0.7429096
vn -0.8826949 -0.2533199 0.3958268
vn 0.3716381 0.6664675 0.6463019
vn 0.9328563 0.3075134 -0.1876558
vn -0.02948282 0.5872545 0.8088652
vn -0.09953022 -0.3731284 -0.9224256
vn -0.9952828 -0.09644386 0.01052368
vn 0.2117637 0.8075015 0.5505429
vn 0.9485589 0.2310903 -0.2164102
vn 0.2422408 0.4045217 0.8818625
vn -0.1685739 -0.6778303 -0.7156318
vn -0.9205098 0.3692584 0.127711
vn -0.06599829 -0.7424299 0.6666649
vn 0.8958753 -0.3723757 -0.242371
vn 0.3716381 0.6664675 0.6463019
vn -0.2965718 -0.8334306 -0.4663029
vn -0.06599829 -0.7424299 0.6666649
vn 0.9894272 -0.136076 0.05017102
vn -0.06599829 -0.7424299 0.6666649
vn 0.2117637 0.8075015 0.5505429
vn -0.06599829 -0.7424299 0.6666649
vn 0.5763246 -0.7345957 -0.3580772
vn -0.1182066 0.3526964 -0.9282416
vn -0.2417932 0.2825698 -0.9282728
vn 0.6692117 -0.6356558 -0.3848343
vn 0.0660948 -0.383504 0.9211711
vn -0.4541969 -0.04050852 -0.8899799
vn 0.1174058 -0.2472288 0.961818
vn -0.6279896 0.7064362 0.3264613
vn 0.8370076 -0.3285337 -0.4375887
vn -0.2937125 -0.2613759 -0.9194649
vn -0.7341424 0.6264353 0.2619422
vn -0.1182066 0.3526964 -0.9282416
vn -0.2417932 0.2825698 -0.9282728
vn 0.2293563 0.06394325 0.9712399
vn 0.9077061 -0.2981923 -0.2952133
vn -0.4141075 -0.8590279 0.3009754
vn -0.9281043 0.2729126 0.2532609
vn -0.4541969 -0.04050852 -0.8899799
vn 0.4705701 0.1488548 0.869716
vn -0.4141075 -0.8590279 0.3009754
vn -0.8946321 0.2555418 0.366513
vn -0.4141075 -0.8590279 0.3009754
vn -0.2937125 -0.2613759 -0.9194649
vn -0.4141075 -0.8590279 0.3009754
vn 0.7797877 -0.6116923 -0.1332804
vn 0.3369913 0.5887013 -0.7347569
vn 0.1682232 0.5011631 -0.8488441
vn 0.9147227 -0.4007447 -0.05182598
vn -0.1175967 -0.9245002 -0.3625886
vn -0.3649917 -0.6229408 0.6919001
vn -0.4078581 -0.4552352 0.7914622
vn -0.1175967 -0.9245002 -0.3625886
vn -0.8105966 0.5782687 0.0924043
vn -0.8941672 0.4281529 -0.1309584
vn -0.1175967 -0.9245002 -0.3625886
vn 0.3369913 0.5887013 -0.7347569
vn 0.1682232 0.5011631 -0.8488441
vn -0.1175967 -0.9245002 -0.3625886
vn -0.6729869 0.7107764 0.20466
vn 0.7203766 0.5657583 0.4012172
vn 0.6670493 0.4534957 0.5910896
vn -0.6008503 0.7557391 0.2604561
vn -0.7261493 -0.5791305 -0.3705605
vn 0.450621 0.3152501 0.8351994
vn -0.6752354 -0.4808029 -0.5593619
vn 0.6659699 -0.7253235 -0.1743273
vn -0.7574697 0.5235769 0.3900089
vn 0.6024087 -0.002218289 0.7981847
vn 0.7194116 -0.6851155 -0.1142973
vn 0.7203766 0.5657583 0.4012172
vn 0.6670493 0.4534957 0.5910896
vn -0.657836 -0.2178324 -0.7209722
vn -0.6842564 0.6404064 0.3488164
vn -0.7956056 -0.3987403 0.4560899
vn 0.785506 -0.5385862 -0.3048037
vn 0.450621 0.3152501 0.8351994
vn -0.3786114 -0.2924588 -0.8781351
vn -0.7956056 -0.3987403 0.4560899
vn 0.683047 -0.6796895 -0.2673369
vn -0.7956056 -0.3987403 0.4560899
vn 0.6024087 -0.002218289 0.7981847
vn -0.7956056 -0.3987403 0.4560899
vn 0.9718363 -0.198451 -0.1270886
vn -0.1748841 0.1293228 -0.976059
vn -0.01559864 -0.03898326 -0.9991181
vn 0.8781919 -0.4529302 -0.153731
vn -0.09464443 -0.1962499 0.9759756
vn -0.2968188 -0.08649481 -0.9510086
vn 0.178898 -0.110397 0.9776544
vn -0.9946254 0.102711 -0.01306981
vn 0.9674184 -0.2487499 -0.04717219
vn 0.2113922 -0.9773815 -0.006234693
vn -0.9517525 0.3068495 0.003258714
vn -0.1748841 0.1293228 -0.976059
vn -0.01559864 -0.03898326 -0.9991181
vn -0.08349559 0.02094199 0.9962881
vn 0.2113922 -0.9773815 -0.006234693
vn -0.9775149 0.1758641 0.1163468
vn 0.2113922 -0.9773815 -0.006234693
vn -0.2968188 -0.08649481 -0.9510086
vn 0.2113922 -0.9773815 -0.006234693
vn 0.1555609 0.5105827 -0.8456395
vn -0.2632975 -0.8874721 -0.3782431
vn -0.4379544 -0.7736519 -0.4578848
vn 0.2794669 0.3949162 -0.8751797
vn 0.3163894 0.8694975 0.3793043
vn -0.6303042 -0.6471983 -0.4287787
vn 0.4562339 0.8135418 0.3605557
vn 0.001444935 -0.2207127 0.9753378
vn 0.3404709 0.3254963 -0.8821177
vn -0.5736879 -0.6499585 -0.4984337
vn -0.09557169 -0.3018734 0.9485455
vn -0.2632975 -0.8874721 -0.3782431
vn -0.4379544 -0.7736519 -0.4578848
vn 0.6509386 0.6204542 0.4373964
vn 0.4259059 0.1234976 -0.8962992
vn 0.5881513 -0.6986133 0.4074524
vn -0.244439 -0.316955 0.9164001
vn -0.6303042 -0.6471983 -0.4287787
vn 0.6747337 0.6469978 0.3551454
vn 0.5881513 -0.6986133 0.4074524
vn -0.4473275 -0.2350904 0.8629199
vn 0.5881513 -0.6986133 0.4074524
vn -0.5736879 -0.6499585 -0.4984337
vn 0.5881513 -0.6986133 0.4074524
vn 0.478994 -0.2532224 -0.8405017
vn -0.4874628 -0.8723587 -0.03701682
vn -0.5085704 -0.8588617 0.06093242
vn 0.3074787 -0.1476046 -0.9400371
vn 0.5487694 0.8345498 0.04877127
vn -0.5126013 -0.8578311 0.03695642
vn 0.503713 0.8523452 0.1406445
vn -0.4307303 0.2136973 0.8768153
vn -0.02133093 0.1012602 -0.9946313
vn -0.7492803 -0.6458712 -0.1463878
vn -0.2611478 0.1051825 0.9595512
vn -0.4874628 -0.8723587 -0.03701682
vn -0.5085704 -0.8588617 0.06093242
vn 0.5693623 0.8133407 0.1195975
vn 0.07434345 0.1053092 -0.9916567
vn -0.6841085 -0.7280277 -0.04439935
vn 0.08535165 -0.08416398 0.9927898
vn -0.5126013 -0.8578311 0.03695642
vn 0.7691436 0.6367465 -0.05451494
vn 0.1542763 -0.3434561 -0.9264107
vn -0.6158715 -0.782143 0.09462861
vn 0.1395293 -0.002072575 0.9902158
vn -0.7492803 -0.6458712 -0.1463878
vn 0.7518911 0.6548278 -0.07655327
vn 0.3768923 -0.2058251 -0.9030992
vn 0.5963771 -0.7553533 0.2716167
vn -0.3219231 0.09640706 0.9418446
vn -0.6841085 -0.7280277 -0.04439935
vn 0.6507539 0.7588357 0.02622445
vn 0.5963771 -0.7553533 0.2716167
vn -0.1860967 0.3043607 0.9342016
vn 0.5963771 -0.7553533 0.2716167
vn -0.6158715 -0.782143 0.09462861
vn 0.5963771 -0.7553533 0.2716167
vn 0.002222179 0.8624793 0.5060874
vn 0.9662425 -0.1321779 0.2211436
vn 0.9894281 -0.01176415 0.1445465
vn -0.07228761 0.7934167 0.6043711
vn -0.9786112 0.1058948 -0.1763701
vn 0.9645241 0.2618883 -0.03328419
vn -0.9968387 0.07210249 -0.0333734
vn -0.01303961 -0.8876868 -0.460263
vn -0.05160595 0.4934392 0.868248
vn 0.9129895 0.2728463 -0.3033234
vn -0.05548811 -0.819275 -0.5707097
vn 0.9662425 -0.1321779 0.2211436
vn 0.9894281 -0.01176415 0.1445465
vn -0.9496579 -0.1779227 0.2578631
vn 0.06752786 0.4991423 0.8638848
vn 0.3524975 -0.6644637 0.658964
vn -0.1349039 -0.5757416 -0.8064258
vn 0.9645241 0.2618883 -0.03328419
vn -0.8924705 -0.4247361 0.1519729
vn 0.3524975 -0.6644637 0.658964
vn 0.01175551 -0.5242524 -0.8514819
vn 0.3524975 -0.6644637 0.658964
vn 0.9129895 0.2728463 -0.3033234
vn 0.3524975 -0.6644637 0.658964
vn -0.2348432 0.7217746 0.6510684
vn 0.6861135 -0.3517141 0.6368244
vn 0.7358357 -0.1594873 0.6581106
vn -0.4374548 0.5384961 0.7201772
vn -0.1876258 -0.9477893 0.2578605
vn -0.7269443 0.3135917 -0.610911
vn -0.8603991 0.2328511 -0.4533142
vn -0.1876258 -0.9477893 0.2578605
vn 0.1950852 -0.7581491 -0.6222153
vn 0.2643343 -0.5620428 -0.7837316
vn -0.1876258 -0.9477893 0.2578605
vn 0.6861135 -0.3517141 0.6368244
vn 0.7358357 -0.1594873 0.6581106
vn -0.1876258 -0.9477893 0.2578605
vn -0.1201046 0.8505793 0.511947
vn 0.4500855 0.5058232 -0.7359117
vn 0.6385548 0.4565154 -0.6195495
vn -0.05794806 0.8940219 0.44426
vn -0.4198781 -0.5097993 0.7508709
vn 0.8419656 0.4260475 -0.3310251
vn -0.6051809 -0.4729841 0.6403453
vn 0.1499276 -0.8555135 -0.4955988
vn 0.07111715 0.7345831 0.6747815
vn 0.9091295 0.08705832 -0.4073137
vn 0.2123127 -0.8120794 -0.5435535
vn 0.4500855 0.5058232 -0.7359117
vn 0.6385548 0.4565154 -0.6195495
vn -0.8062275 -0.2667093 0.5280752
vn 0.02745082 0.8218728 0.5690092
vn 0.307324 -0.1159201 0.9445181
vn 0.01961954 -0.7326588 -0.6803133
vn 0.8419656 0.4260475 -0.3310251
vn -0.8687673 -0.4283705 0.2484799
vn 0.307324 -0.1159201 0.9445181
vn 0.05716212 -0.8385738 -0.5417808
vn 0.307324 -0.1159201 0.9445181
vn 0.9091295 0.08705832 -0.4073137
vn 0.307324 -0.1159201 0.9445181
vn -0.2664698 0.2388457 0.9337808
vn 0.9608374 0.01169458 0.2768661
vn 0.9834452 0.08259836 0.1612853
vn -0.3291804 0.3972847 0.8566242
vn -0.9638689 -0.09048219 -0.2505392
vn 0.9156004 0.2416288 0.3213898
vn -0.934903 -0.2352553 -0.2657277
vn 0.2662801 -0.318082 -0.9099004
vn -0.2280713 0.2787198 0.932898
vn 0.2088028 -0.9774177 0.03249694
vn 0.2262992 -0.4911594 -0.8411605
vn 0.9608374 0.01169458 0.2768661
vn 0.9834452 0.08259836 0.1612853
vn -0.9714702 -0.2364832 -0.01792529
vn 0.2088028 -0.9774177 0.03249694
vn 0.2741457 -0.3581709 -0.8925008
vn 0.2088028 -0.9774177 0.03249694
vn 0.9156004 0.2416288 0.3213898
vn 0.2088028 -0.9774177 0.03249694
vn -0.9256605 0.03387827 -0.3768355
vn -0.06825221 -0.9946802 0.07715467
vn -0.1916067 -0.9576381 0.2149794
vn -0.8632131 0.07252735 -0.4996027
vn 0.09148457 0.9864705 -0.1360388
vn -0.2734407 -0.8197824 0.5031769
vn 0.1193083 0.940148 -0.3191978
vn 0.9472426 -0.04459918 0.3173993
vn -0.8111833 0.006985033 -0.5847503
vn -0.3607163 -0.8189834 0.4462622
vn 0.9138529 0.06542258 0.4007404
vn -0.06825221 -0.9946802 0.07715467
vn -0.1916067 -0.9576381 0.2149794
vn 0.3222085 0.7838658 -0.5307881
vn -0.7146614 -0.2324172 -0.6597282
vn 0.8196416 -0.4322732 -0.3759356
vn 0.8764053 0.05859628 0.4779961
vn -0.2734407 -0.8197824 0.5031769
vn 0.2330157 0.7335262 -0.6384693
vn 0.8196416 -0.4322732 -0.3759356
vn 0.7246006 0.106323 0.6809181
vn 0.8196416 -0.4322732 -0.3759356
vn -0.3607163 -0.8189834 0.4462622
vn 0.8196416 -0.4322732 -0.3759356
vn 0.3929655 -0.1832324 -0.9011126
vn 0.1330144 -0.7994335 -0.585844
vn 0.2996405 -0.9411214 0.1565443
vn 0.7167631 -0.4549068 0.5284984
vn 0.7961648 0.2975301 -0.5268751
vn 0.9654334 0.1612411 0.2047921
vn 0.2201018 -0.1595239 0.9623446
vn 0.3633772 0.7027107 0.6116819
vn 0.5272622 0.6677724 0.5254281
vn 0.2933172 -0.1709376 0.940609
vn 0.9654334 0.1612411 0.2047921
vn -0.2001903 -0.8817627 0.4271046
vn 0.7167631 -0.4549068 0.5284984
vn -0.2015143 -0.8825195 0.4249132
vn -0.50002 -0.6466452 -0.5760469
vn 0.2996405 -0.9411214 0.1565443
vn -0.4638889 -0.6597912 -0.5911707
vn -0.3445026 0.2401395 -0.9075522
vn 0.1330144 -0.7994335 -0.585844
vn -0.2091624 0.2152669 -0.9538927
vn 0.07761036 0.9285415 -0.3630254
vn 0.3929655 -0.1832324 -0.9011126
vn 0.2738224 0.863492 -0.4235599
vn 0.3633772 0.7027107 0.6116819
vn 0.7961648 0.2975301 -0.5268751
vn 0.5272622 0.6677724 0.5254281
vn 0.9654334 0.1612411 0.2047921
vn -0.9375765 0.2085859 0.2782845
vn -0.9375796 0.2085743 0.2782829
vn -0.9523332 0.1423296 0.2698219
vn -0.937558 0.2085116 0.2784024
vn -0.9375578 0.2085764 0.2783545
vn -0.9375725 0.2085622 0.2783159
vn -0.9375563 0.2086007 0.2783414
vn -0.9523583 0.1422768 0.2697611
vn -0.9886141 0.1126416 0.09977019
vn -0.7087401 0.3469037 -0.6142845
vn -0.8030579 0.2440711 0.5436242
vn -0.885747 0.01110411 -0.4640357
vn 0.4361367 0.2183841 0.8729795
vn -0.8817934 0.2037733 0.4253432
vn -0.9492578 0.2995772 0.09572417
vn -0.6660926 0.1794215 0.7239673
vn 0.9064675 0.2626213 0.3306763
vn 0.9064754 0.2625627 0.3307012
vn 0.8302791 0.2258826 0.5095229
vn 0.8302821 0.2258845 0.5095173
vn 0.8303074 0.2258487 0.509492
vn -0.8086863 0.2571436 0.5290594
vn -0.9406162 0.2659272 0.2110069
vn -0.6842939 0.2582182 0.6819569
vn -0.6842936 0.2582113 0.6819599
vn -0.6831669 0.2339368 0.6917778
vn 0.4826743 0.2177647 -0.8482948
vn 0.6097755 0.2178528 0.762046
vn -0.1068391 0.2482865 0.9627768
vn 0.940879 0.2130075 -0.2633904
vn -0.8026127 0.2437459 0.5444271
vn -0.8950306 0.2336858 0.3798833
vn -0.8086982 0.257152 0.5290369
vn -0.8086821 0.2571434 0.5290657
vn -0.8086981 0.2571131 0.5290561
vn -0.8773114 0.246086 0.4120271
vn 0.4513959 0.2239546 0.8637627
vn -0.9517877 0.225449 0.2080215
vn -0.9517878 0.2254474 0.2080231
vn -0.9406487 0.2658542 0.2109543
vn 0.4833514 0.2241141 -0.8462531
vn 0.8394471 0.2353866 0.4898181
vn 0.2741913 0.2311143 0.9334909
vn 0.9351214 0.2487682 -0.2523143
vn -0.7787397 0.2498757 0.575436
vn 0.9761134 0.2020518 -0.07986105
vn -0.9272491 0.2725657 0.2567432
vn 0.9290569 0.2094576 0.3049274
vn -0.1127504 0.2450147 0.9629409
vn -0.2523034 0.2462836 -0.9357818
vn 0.08528932 0.2409557 0.9667813
vn -0.6009967 0.2333875 -0.7644169
vn -0.2511512 0.2301364 -0.9401916
vn -0.7401379 0.2263659 -0.6332096
vn -0.9240363 0.2202495 -0.3124855
vn -0.5996345 0.2286141 -0.7669251
vn 0.4469959 0.2346916 0.8632002
vn -0.3162156 0.2583474 0.9128332
vn 0.08475339 0.2466803 0.9653837
vn -0.1148703 0.2536455 0.9604524
vn -0.2511243 0.2301719 -0.9401901
vn 0.7327218 0.2327064 0.6395048
vn -0.3992421 0.2908885 -0.8694767
vn -0.2196698 0.2721297 -0.9368514
vn -0.197148 0.2605252 -0.945124
vn 0.1400076 0.2464912 -0.9589787
vn 0.1399943 0.2464561 -0.9589896
vn 0.1446695 0.2121033 -0.9664797
vn 0.1447878 0.212098 -0.966463
vn 0.1447036 0.2120767 -0.9664804
vn -0.7951659 0.108441 0.596617
vn -0.8982176 0.09836803 0.4284029
vn -0.6428245 -0.0240232 0.7656367
vn -0.6427392 -0.02399304 0.7657093
vn -0.6428134 -0.02396396 0.7656479
vn -0.4932005 0.115378 0.8622304
vn -0.6568602 0.1129099 0.7455106
vn -0.4796009 -0.02457601 0.8771425
vn -0.4795893 -0.02460653 0.877148
vn -0.4603898 -0.1645552 0.8723318
vn 0.9446403 0.168962 0.2812591
vn 0.9634928 0.08620787 0.2534758
vn 0.7402198 0.2139956 0.6374015
vn 0.9970669 0.0596808 0.04791537
vn 0.1256826 0.05918687 -0.9903033
vn -0.05430364 0.04506677 -0.9975069
vn 0.1098382 -0.003511846 -0.9939433
vn 0.1098539 -0.003443569 -0.9939418
vn 0.1098356 -0.003502011 -0.9939436
vn 0.1044924 -0.09159553 -0.9902987
vn 0.474574 -0.007448178 -0.8801841
vn -0.4543504 -0.03253624 -0.8902287
vn 0.4786898 -0.1016259 -0.8720828
vn -0.9698726 0.2096957 0.1239956
vn -0.9523231 0.142348 0.2698476
vn -0.9938929 0.0773783 -0.07867335
vn -0.9938967 0.07734597 -0.07865787
vn -0.9939022 0.07726997 -0.07866273
vn -0.9625447 0.04114418 -0.267983
vn -0.9375705 0.2085601 0.2783239
vn -0.9523172 0.1423668 0.2698587
vn -0.988606 0.1126618 0.09982684
vn -0.9523294 0.1423633 0.2698174
vn -0.7943702 0.175173 0.5816274
vn -0.6660911 0.1794645 0.7239579
vn -0.937574 0.2085576 0.278314
vn -0.9886129 0.1126302 0.09979431
vn -0.9939052 0.07726848 -0.07862571
vn -0.9886107 0.1126125 0.09983681
vn -0.9625179 0.04119281 -0.2680717
vn -0.9885998 0.1126826 0.09986492
vn -0.9938991 0.07734237 -0.07863051
vn -0.9885995 0.112684 0.09986641
vn -0.9938941 0.0773774 -0.07865881
vn -0.3917421 0.1469678 -0.9082613
vn 0.06862891 0.1957057 0.9782583
vn -0.6569226 0.1128556 0.7454638
vn -0.9493989 -0.004061535 -0.3140467
vn 0.4760993 0.2455771 -0.8444058
vn -0.8814417 0.2584286 0.3953167
vn -0.9886021 0.1126964 0.09982727
vn 0.3008695 0.06597204 -0.9513807
vn 0.5930741 0.2237041 0.7734466
vn -0.4204524 0.007148892 -0.9072865
vn -0.4762295 -0.07003124 -0.8765279
vn 0.8961031 -0.05118169 0.4408849
vn -0.9625243 0.04110745 -0.2680621
vn -0.9886064 0.112669 0.09981474
vn -0.8709881 -0.02792165 -0.49051
vn -0.9494006 -0.004006237 -0.3140421
vn -0.8654678 -0.04956031 -0.4985071
vn -0.8709434 -0.02797835 -0.4905862
vn -0.8654574 -0.04950099 -0.498531
vn -0.4543415 -0.03257191 -0.8902319
vn 0.3008571 0.06601243 -0.9513818
vn -0.9886076 0.1126525 0.09982263
vn -0.9655083 0.08060508 0.2475815
vn -0.865467 -0.0495454 -0.49851
vn -0.8709533 -0.02797614 -0.4905688
vn -0.5044963 0.1807499 0.8442825
vn -0.9886072 0.112655 0.09982231
vn -0.8086872 0.2571681 0.5290458
vn -0.9406601 0.2658562 0.2109007
vn -0.5165673 0.2588911 0.81617
vn -0.5165221 0.2588611 0.8162082
vn -0.3214518 0.2221178 0.9205066
vn -0.5165212 0.2588719 0.8162054
vn -0.3215057 0.2220423 0.920506
vn -0.6831661 0.2339477 0.691775
vn -0.9594098 0.2776353 0.04951259
vn -0.9402682 0.2619805 0.2173979
vn 0.08445155 0.2169883 0.9725143
vn -0.3215344 0.2220817 0.9204865
vn -0.5165003 0.258906 0.8162078
vn 0.2734095 0.241106 0.9311902
vn -0.9406469 0.2658575 0.2109581
vn -0.9406325 0.2659006 0.210968
vn -0.8916594 0.2591214 0.3712139
vn -0.9594005 0.2776641 0.04953247
vn -0.9594136 0.2776271 0.04948471
vn -0.9441693 0.3230376 -0.06473824
vn -0.9593982 0.2776718 0.04953223
vn -0.944177 0.3230249 -0.06468949
vn -0.9077066 0.3074249 -0.2855846
vn -0.9492099 0.2927009 -0.1154421
vn -0.8916784 0.2590921 0.3711884
vn -0.9285496 0.2772654 0.2468186
vn -0.9441705 0.3230328 -0.06474438
vn -0.9594077 0.2776454 0.04949557
vn -0.6842641 0.2582579 0.6819718
vn -0.8916678 0.2590927 0.3712135
vn 0.08469346 0.2466895 0.9653866
vn -0.9492137 0.2926831 -0.1154552
vn 0.6347952 0.2444997 -0.7329767
vn -0.9406276 0.2658941 0.2109981
vn 0.241113 0.1414315 0.9601363
vn -0.937575 0.2085298 0.2783316
vn 0.5864097 0.21394 0.781251
vn -0.996707 0.0554483 0.05916554
vn -0.9523305 0.1423389 0.2698263
vn -0.9521826 0.1999123 -0.2310486
vn -0.5167116 0.1868867 0.8355133
vn -0.993897 0.07736067 -0.07863898
vn 0.8601032 0.1950798 0.4713453
vn 0.8601171 0.1950371 0.4713377
vn 0.8848422 0.1110597 0.45246
vn 0.8601133 0.1950877 0.4713236
vn 0.8848382 0.1111203 0.452453
vn 0.8848348 0.1110626 0.4524737
vn 0.8848287 0.1110591 0.4524865
vn 0.6097616 0.1425561 0.7796593
vn 0.4258741 0.223832 0.8766587
vn 0.8601152 0.1950666 0.4713289
vn 0.963496 0.08619539 0.2534672
vn 0.8848166 0.1110875 0.4525033
vn 0.88483 0.1110725 0.4524807
vn 0.9856855 0.1113743 -0.1265702
vn 0.8601395 0.1950417 0.4712947
vn 0.8303217 0.225855 0.5094659
vn 0.5864829 0.2208483 0.7792714
vn 0.9305744 0.1843542 0.3162986
vn 0.9794017 0.1657964 0.1152557
vn 0.9871565 0.1396471 0.0775932
vn 0.9305672 0.1843697 0.3163107
vn 0.947195 0.1317365 -0.2923475
vn 0.9871503 0.1396419 0.07768154
vn 0.1387775 0.1244952 -0.9824672
vn 0.5864537 0.2208391 0.779296
vn 0.7262537 0.2101296 0.6545236
vn 0.9305887 0.1843225 0.3162753
vn 0.9871519 0.1396722 0.07760728
vn 0.06861992 0.1956614 0.9782678
vn 0.5864351 0.2208489 0.7793071
vn -0.8982107 0.09841468 0.4284064
vn -0.8966701 -0.02032676 0.4422325
vn -0.9683232 -0.01969427 0.2489222
vn -0.9683219 -0.01969394 0.2489275
vn -0.9683196 -0.01973759 0.248933
vn -0.8966471 -0.02035987 0.4422776
vn -0.6427803 -0.02401522 0.7656741
vn -0.6428139 -0.02401424 0.7656459
vn -0.8966862 -0.02034151 0.4421991
vn 0.3031535 0.1206647 -0.9452714
vn 0.4633845 0.1175802 -0.8783221
vn 0.3008516 0.06603339 -0.9513821
vn 0.3031817 0.1206386 -0.9452657
vn 0.3008804 0.06607953 -0.9513698
vn 0.3008542 0.06598067 -0.951385
vn 0.3008225 0.06602859 -0.9513917
vn 0.7555426 0.06498471 -0.6518684
vn 0.8434765 0.1999063 0.498583
vn 0.4633486 0.1176223 -0.8783354
vn -0.2369778 0.02615926 -0.9711629
vn 0.3008974 0.06603109 -0.9513678
vn 0.3008798 0.06599915 -0.9513755
vn -0.9774455 0.2066679 -0.04345917
vn 0.4633577 0.1176226 -0.8783306
vn 0.8269716 0.2549536 0.5011154
vn 0.8269967 0.2549459 0.5010778
vn 0.8302935 0.2258398 0.5095185
vn 0.8303035 0.2258886 0.5094805
vn 0.8435214 0.1998142 0.4985436
vn 0.8302942 0.225848 0.5095138
vn 0.8434603 0.1998705 0.4986247
vn 0.7262701 0.2100956 0.6545163
vn 0.4361647 0.2183848 0.8729653
vn 0.8270033 0.2549617 0.5010589
vn 0.9794042 0.1657535 0.1152962
vn 0.8435173 0.1998457 0.4985382
vn 0.8302991 0.2258574 0.5095016
vn 0.9396404 0.2152494 -0.2659767
vn 0.8269963 0.2549469 0.5010781
vn 0.9409007 0.01463148 -0.3383663
vn -0.1357669 0.1255593 0.9827524
vn 0.8576087 -0.0980141 -0.5048767
vn 0.8575866 -0.0980351 -0.5049102
vn 0.8575998 -0.09789668 -0.5049148
vn 0.8576095 -0.09796962 -0.504884
vn 0.8575941 -0.09797449 -0.5049092
vn 0.996662 -0.07449472 0.03339767
vn 0.05353183 -0.02383902 0.9982816
vn -0.1356892 0.1255055 0.98277
vn 0.6202969 -0.1963396 -0.7593961
vn 0.8576011 -0.0979642 -0.5048993
vn 0.857578 -0.09798529 -0.5049345
vn -0.7607919 -0.05793962 -0.6464044
vn -0.1356612 0.1255373 0.9827698
vn 0.7201233 0.2476397 0.648149
vn 0.08799382 0.2454719 0.9654018
vn 0.4285239 0.2116643 0.878388
vn 0.7188815 0.2236394 0.6581753
vn -0.8709206 -0.02796996 -0.4906272
vn 0.4786944 -0.101634 -0.8720793
vn 0.9409009 0.01463203 -0.338366
vn -0.2980093 -0.07613177 -0.9515222
vn -0.6784969 0.1915536 0.7091892
vn -0.7606612 -0.005448699 -0.6491262
vn -0.8818038 0.2037769 0.42532
vn -0.9625257 0.0411626 -0.2680484
vn 0.2450437 0.2162235 0.9450932
vn 0.05699071 0.2043801 0.9772312
vn 0.05075401 0.1335272 0.9897447
vn 0.2410586 0.1414265 0.9601507
vn 0.2438301 -0.02409544 0.9695186
vn 0.05077409 0.1335125 0.9897456
vn 0.2436179 -0.02409258 0.969572
vn -0.3174056 0.1192901 0.9407569
vn -0.8876686 0.163548 0.4304608
vn 0.05693675 0.2043618 0.9772382
vn 0.9634892 0.08620404 0.2534904
vn 0.2438001 -0.02415547 0.9695246
vn 0.05074155 0.1335601 0.9897408
vn 0.7555196 0.06507132 -0.6518864
vn 0.05695245 0.204397 0.9772299
vn 0.9471995 0.1316765 -0.2923602
vn 0.8435162 0.1998975 0.4985192
vn 0.9432685 0.08797118 -0.3201652
vn 0.9432766 0.08800324 -0.3201322
vn 0.9408859 0.01469702 -0.3384046
vn 0.9432511 0.08799834 -0.3202086
vn 0.9409084 0.01460319 -0.3383463
vn 0.8601256 0.1950296 0.4713252
vn 0.2550377 0.2046188 0.9450328
vn 0.8434962 0.1998734 0.4985628
vn 0.2998613 -0.003841892 -0.9539751
vn 0.9408922 0.01467006 -0.3383885
vn 0.9432613 0.08801626 -0.3201738
vn -0.4204616 0.007195473 -0.9072818
vn 0.8434848 0.1998529 0.4985903
vn 0.4673676 0.06634048 -0.8815705
vn 0.6211474 0.06437671 -0.7810452
vn 0.4745301 -0.007434279 -0.8802079
vn 0.4745559 -0.007464021 -0.8801937
vn 0.3018729 -0.09797803 -0.9483001
vn 0.4745861 -0.007412196 -0.8801779
vn 0.3018004 -0.09797239 -0.9483237
vn 0.8576151 -0.09796605 -0.5048753
vn 0.944629 0.1690177 0.2812632
vn 0.6211845 0.06435239 -0.7810176
vn -0.476239 -0.06999017 -0.876526
vn 0.3018533 -0.09802286 -0.9483017
vn 0.4745901 -0.007452518 -0.8801754
vn -0.9938971 0.07731612 -0.07868064
vn 0.6211774 0.0643074 -0.7810269
vn -0.94927 0.2995611 0.0956542
vn 0.3031621 0.1206293 -0.9452731
vn 0.9292767 0.2712492 -0.2507364
vn -0.3917928 0.1469051 -0.9082496
vn 0.7402265 0.2139902 0.6373954
vn -0.8817948 0.2037822 0.4253362
vn 0.9472119 0.1316905 -0.2923136
vn 0.05696771 0.2043502 0.9772388
vn 0.4258505 0.2238438 0.8766671
vn -0.9441599 0.3230583 -0.06477146
vn 0.9731582 0.2208883 -0.06458701
vn -0.5044725 0.1807556 0.8442955
vn -0.9406242 0.2659166 0.2109844
vn 0.4285184 0.2116298 0.878399
vn 0.906457 0.262603 0.3307194
vn -0.3273754 0.1852182 0.9265634
vn -0.9426004 -0.03968842 -0.3315559
vn -0.8966884 -0.02031964 0.4421957
vn -0.9683314 -0.01966412 0.2488929
vn -0.9986091 -0.02286809 0.04750702
vn -0.4796166 -0.02458493 0.8771337
vn -0.9683238 -0.01965924 0.2489228
vn -0.7863033 -0.02243304 0.6174332
vn -0.8876818 0.1635157 0.430446
vn -0.9938893 0.07735718 -0.07873845
vn -0.9523333 0.1423218 0.2698253
vn -0.9886115 0.1126275 0.09981214
vn -0.9938954 0.07735875 -0.07866179
vn -0.9939023 0.0773229 -0.07860985
vn -0.9625139 0.04113332 -0.2680951
vn 0.757747 -0.008199111 -0.652497
vn -0.05429991 0.04507675 -0.9975067
vn 0.1097715 -0.003504902 -0.9939507
vn 0.474555 -0.007398159 -0.8801948
vn -0.7584242 -0.04092538 -0.6504751
vn 0.1098978 -0.003466606 -0.9939368
vn -0.2752643 -0.0197632 -0.9611654
vn -0.8654388 -0.04950476 -0.4985631
vn -0.656921 0.112849 0.7454662
vn -0.4795555 -0.02455291 0.8771681
vn -0.8765426 -0.1538706 0.4560668
vn 0.4375499 -0.02633332 0.8988084
vn -0.4603589 -0.1646115 0.8723375
vn -0.1185287 -0.1781954 0.9768302
vn -0.9884905 -0.03005555 -0.1482671
vn -0.8981979 0.09839323 0.4284383
vn -0.6427701 -0.02403307 0.7656821
vn -0.8966911 -0.02035767 0.4421886
vn -0.3073218 -0.02445608 0.9512913
vn -0.6427905 -0.02400846 0.7656657
vn -0.4795651 -0.02456827 0.8771623
vn 0.8599008 0.2672839 -0.4348907
vn 0.140007 0.2464519 -0.9589888
vn 0.1447804 0.2121204 -0.9664593
vn 0.4680569 0.1938795 -0.8621678
vn -0.716022 0.3176935 -0.6215975
vn 0.1447285 0.2120973 -0.9664721
vn -0.1971661 0.26058 -0.9451051
vn 0.9607184 0.2435277 0.1330954
vn 0.7326584 0.2327134 0.6395749
vn -0.3992316 0.2908768 -0.8694854
vn 0.4760625 0.2455693 -0.844429
vn -0.802627 0.2437585 0.5444003
vn -0.1972071 0.2605638 -0.945101
vn -0.9080487 0.3431161 -0.2402475
vn 0.4470019 0.2347172 0.8631901
vn -0.9517733 0.2254919 0.2080408
vn 0.4514005 0.2239612 0.8637586
vn -0.3162192 0.2583317 0.9128364
vn 0.6375397 0.2209421 -0.7380567
vn -0.9406483 0.2658641 0.2109433
vn -0.599655 0.2285577 -0.7669258
vn -0.7401198 0.226395 -0.6332204
vn -0.8950192 0.2337411 0.3798761
vn -0.8086833 0.2571628 0.5290546
vn -0.9406384 0.2658733 0.2109761
vn 0.4470016 0.2347459 0.8631824
vn -0.8086898 0.2571658 0.5290431
vn -0.3190485 0.2566202 0.9123344
vn 0.2734501 0.2411358 0.9311706
vn -0.6842572 0.2582133 0.6819956
vn -0.940639 0.2658662 0.2109823
vn -0.3214722 0.2220681 0.9205115
vn -0.9492332 0.2926383 -0.1154084
vn -0.6831993 0.2339332 0.6917471
vn -0.8814291 0.2584635 0.3953219
vn 0.9292772 0.2712499 -0.2507334
vn 0.8303024 0.2258594 0.5094951
vn 0.9064734 0.2626043 0.3306735
vn 0.9146814 0.2264242 0.3347985
vn 0.5905781 0.2421911 0.7697799
vn 0.8303064 0.2258814 0.5094791
vn 0.7188327 0.2236546 0.6582235
vn -0.6785249 0.1915773 0.7091559
vn -0.9375769 0.2085647 0.2782989
vn -0.9375552 0.2085681 0.2783695
vn -0.8876923 0.163482 0.4304371
vn -0.9521773 0.1999189 -0.2310644
vn -0.9523163 0.1423264 0.2698827
vn -0.9938948 0.0773665 -0.07866094
vn -0.9655025 0.08062202 0.2475985
vn -0.9986092 -0.02284731 0.0475141
vn -0.8654457 -0.04952962 -0.4985484
vn -0.2752187 -0.01970106 -0.9611798
vn -0.6427652 -0.02404588 0.7656859
vn -0.9625227 0.04115769 -0.2680596
vn -0.1357167 0.1254879 0.9827684
vn -0.8876707 0.1634948 0.4304765
vn -0.666122 0.1794641 0.7239296
vn -0.7608003 -0.05791834 -0.6463963
vn -0.1003827 -0.1916366 -0.976319
vn 0.6297739 -0.1025847 -0.7699749
vn 0.9346973 -0.09225103 -0.3432649
vn -0.7560739 -0.153639 -0.6361976
vn 0.6281264 -0.01016843 -0.7780448
vn -0.9986097 -0.02284656 0.0475046
vn -0.99129 0.02570661 -0.1291639
vn -0.9912883 0.02579563 -0.1291594
vn -0.6203989 -0.1603477 0.7677198
vn -0.8548301 -0.2539585 0.452516
vn -0.9349166 -0.1462598 -0.3233251
vn -0.4795727 -0.02457939 0.8771579
vn -0.9188836 -0.246253 -0.3082409
vn -0.9884978 -0.03005455 -0.148219
vn -0.4601352 -0.2701218 -0.8457599
vn -0.4761985 -0.06996623 -0.8765499
vn -0.4741335 -0.1717319 -0.8635424
vn 0.9448653 -0.3238246 0.04865244
vn 0.8322587 -0.3480545 0.4315132
vn 0.4129893 -0.3402467 0.8447911
vn 0.7449101 -0.1963337 -0.6376222
vn 0.5753614 -0.3499592 0.7392482
vn -0.1185412 -0.1781552 0.9768361
vn 0.2405594 -0.3255326 0.9144177
vn -0.4603919 -0.1645684 0.8723282
vn -0.1089253 -0.2926271 0.9500024
vn 0.05351072 -0.02386704 0.998282
vn 0.975906 -0.2154597 0.03441755
vn 0.05967136 -0.1886906 0.980222
vn -0.3072904 -0.02441183 0.9513026
vn 0.8450908 -0.1985503 -0.4963863
vn 0.0507485 0.1335401 0.9897432
vn 0.2960207 -0.1986037 -0.9343063
vn 0.05076481 0.1335487 0.9897412
vn 0.05077364 0.1335945 0.9897346
vn -0.7633282 -0.1568875 0.6266709
vn -0.8548525 -0.2538978 0.4525076
vn -0.9794838 -0.1465532 -0.1383237
vn -0.7560804 -0.1536527 -0.6361865
vn -0.6032775 -0.2628484 0.7529721
vn -0.9884975 -0.03007836 -0.1482162
vn -0.1185588 -0.1782033 0.9768252
vn -0.6427898 -0.02403136 0.7656655
vn -0.3072713 -0.0244851 0.9513069
vn -0.1185723 -0.1781829 0.9768273
vn 0.06524763 -0.3087256 0.9489106
vn -0.1089355 -0.2926061 0.9500077
vn -0.6032923 -0.2628451 0.7529613
vn 0.4130119 -0.3402535 0.8447773
vn -0.4795972 -0.02457557 0.8771446
vn 0.9448544 -0.3238513 0.04868907
vn -0.1297031 -0.02415673 0.9912586
vn 0.05352056 -0.02380066 0.9982831
vn -0.5179806 0.2268712 0.8247579
vn -0.5179824 0.2268392 0.8247656
vn -0.8030155 0.2440851 0.5436807
vn -0.3214599 0.22206 0.9205177
vn -0.8814271 0.2584371 0.3953436
vn -0.1120317 0.251412 0.9613745
vn -0.684294 0.2582241 0.6819545
vn 0.9643357 0.2247949 0.1397282
vn 0.9794037 0.1657765 0.1152673
vn 0.9305719 0.1843326 0.3163187
vn 0.9848493 0.1472941 -0.09152151
vn 0.7188476 0.22366 0.6582054
vn 0.973166 0.2208614 -0.06456228
vn 0.9146776 0.2264355 0.3348011
vn 0.7188277 0.2236415 0.6582335
vn 0.7188079 0.2236648 0.6582471
vn 0.7188327 0.2236394 0.6582287
vn 0.5864181 0.2208171 0.7793289
vn 0.8302652 0.2258725 0.5095502
vn 0.590578 0.2422146 0.7697725
vn 0.8302746 0.225862 0.5095394
vn 0.7200993 0.2475912 0.6481942
vn 0.8269924 0.2549714 0.501072
vn 0.8654607 0.208341 -0.4556005
vn 0.8654571 0.2083353 -0.4556099
vn 0.973164 0.2208651 -0.06458005
vn 0.619535 0.1951252 -0.7603306
vn 0.9064598 0.2626395 0.3306828
vn 0.4761026 0.2455661 -0.8444073
vn 0.9607691 0.2717972 -0.05521879
vn 0.9526656 0.2687429 0.1421464
vn 0.9643362 0.224778 0.1397522
vn 0.9146767 0.2264664 0.3347829
vn 0.9396442 0.2152428 -0.2659689
vn 0.7200877 0.2475875 0.6482084
vn 0.7570305 0.2602973 -0.5992914
vn 0.9526556 0.2687463 0.142207
vn -0.8916863 0.2590758 0.3711809
vn -0.9285536 0.2772597 0.2468103
vn -0.9492683 0.2995569 0.0956836
vn -0.8030481 0.244116 0.5436184
vn -0.9493182 0.2901766 -0.1207989
vn -0.516482 0.2588881 0.8162251
vn -0.8916678 0.2590895 0.3712158
vn 0.9652465 0.08554894 0.2469424
vn 0.9970678 0.05970044 0.04787163
vn 0.9634758 0.08623087 0.2535324
vn 0.8848438 0.1110646 0.4524558
vn 0.9432604 0.08803183 -0.3201722
vn 0.7402079 0.2139936 0.6374158
vn 0.9446412 0.1689901 0.2812389
vn 0.1045249 -0.09157586 -0.9902971
vn 0.104466 -0.09159904 -0.9903013
vn 0.4787047 -0.1016296 -0.8720741
vn -0.2980024 -0.07611176 -0.9515259
vn 0.6281512 -0.01015086 -0.778025
vn -0.2752083 -0.01975497 -0.9611816
vn 0.299829 -0.003836006 -0.9539853
vn -0.08501744 -0.008835852 -0.9963403
vn 0.1044044 -0.09161092 -0.9903066
vn 0.3018273 -0.09801364 -0.948311
vn -0.2980745 -0.07612475 -0.9515023
vn 0.1098457 -0.003497746 -0.9939425
vn -0.6173326 -0.04149346 -0.7856073
vn -0.4543364 -0.03253642 -0.8902358
vn -0.6427734 -0.02403677 0.7656792
vn -0.6427989 -0.02402127 0.7656583
vn -0.7862726 -0.0224489 0.6174718
vn -0.2918851 -0.1702925 0.9411714
vn -0.9986125 -0.02283341 0.04745296
vn -0.1296746 -0.02416205 0.9912622
vn -0.7862754 -0.02242991 0.6174688
vn -0.9986128 -0.02286452 0.04743161
vn -0.9884913 -0.03005696 -0.1482617
vn -0.9884992 -0.03006403 -0.1482074
vn -0.9683355 -0.019657 0.2488773
vn -0.988502 -0.03007367 -0.1481869
vn -0.7862567 -0.02240837 0.6174934
vn -0.9683295 -0.01969006 0.248898
vn -0.9774496 0.2066396 -0.04350182
vn -0.9625239 0.0411661 -0.2680545
vn -0.7606734 -0.005461693 -0.6491119
vn -0.9523214 0.1423627 0.2698461
vn -0.02371284 0.2328232 -0.97223
vn -0.3214941 0.2220527 0.9205076
vn -0.9492677 0.2995478 0.09571793
vn -0.9523237 0.1423232 0.2698588
vn -0.8876719 0.1635094 0.4304686
vn -0.952323 0.1423709 0.2698361
vn -0.8876696 0.163485 0.4304828
vn -0.9523258 0.1423323 0.2698463
vn -0.8876733 0.1635062 0.4304672
vn -0.9886068 0.1126484 0.09983537
vn -0.9523135 0.142351 0.2698797
vn -0.952323 0.1423705 0.2698365
vn -0.8876576 0.16348 0.4305095
vn -0.7951882 0.1084783 0.5965804
vn -0.8981962 0.0983589 0.4284497
vn -0.794366 0.1751845 0.5816296
vn -0.8982171 0.09837971 0.4284011
vn -0.8817951 0.203768 0.4253422
vn -0.9655129 0.08060807 0.2475624
vn -0.9375594 0.2085592 0.2783622
vn -0.9375684 0.2085717 0.2783224
vn 0.5930551 0.2236579 0.7734745
vn 0.609811 0.1425455 0.7796226
vn 0.2450024 0.2162453 0.9450988
vn 0.9446469 0.1689623 0.2812366
vn -0.6660832 0.1794319 0.7239733
vn 0.8646997 0.07221967 -0.4970703
vn 0.5864352 0.2139664 0.7812248
vn 0.940886 0.2129964 -0.2633745
vn 0.9351138 0.2487944 -0.252316
vn 0.9746776 0.2110792 -0.07381862
vn 0.7448675 0.2133368 0.6321865
vn 0.6348116 0.2444364 -0.7329837
vn 0.6097686 0.2178734 0.7620456
vn -0.2571091 0.2338375 -0.9376646
vn 0.852597 0.2105857 0.4782594
vn 0.3106334 0.2275046 -0.9229022
vn 0.857602 -0.09798233 -0.5048944
vn 0.8575823 -0.09797988 -0.5049284
vn 0.9346949 -0.09232497 -0.3432513
vn 0.9346783 -0.09228213 -0.3433084
vn 0.8576124 -0.09796103 -0.5048808
vn 0.9408965 0.01465258 -0.3383771
vn 0.7555569 -0.1013619 -0.6471936
vn 0.8627346 2.586842E-05 -0.5056571
vn 0.8627449 1.868606E-05 -0.5056396
vn 0.9347 -0.0922876 -0.3432477
vn 0.8575923 -0.09798304 -0.5049107
vn 0.9830239 -0.08440797 -0.1629087
vn 0.9966608 -0.07451387 0.03338819
vn 0.6281155 -0.0101237 -0.7780542
vn 0.997066 0.05970285 0.04790686
vn 0.8627478 9.536743E-07 -0.5056345
vn 0.3086805 0.1992142 -0.9300699
vn 0.3031548 0.120659 -0.9452717
vn 0.3032199 0.1206522 -0.9452517
vn 0.1387652 0.1245299 -0.9824645
vn 0.4633334 0.1176073 -0.8783454
vn -0.1971598 0.2605639 -0.9451108
vn 0.6168576 0.1155696 -0.7785438
vn -0.03837574 0.2564406 -0.9657978
vn 0.1400081 0.2464609 -0.9589863
vn -0.1972308 0.260558 -0.9450976
vn -0.2075017 0.1366943 -0.968637
vn -0.03087011 0.1295503 -0.9910922
vn -0.5785301 0.1605333 -0.7997074
vn 0.3086347 0.1992009 -0.9300879
vn -0.9080366 0.3431312 -0.2402718
vn -0.2196971 0.2721867 -0.9368285
vn -0.4543161 -0.03256784 -0.890245
vn -0.8709571 -0.02794767 -0.4905636
vn -0.47623 -0.06995047 -0.876534
vn 0.3008772 0.06602357 -0.9513747
vn -0.7608186 -0.05785498 -0.6463807
vn -0.9938949 0.07734565 -0.07868055
vn -0.9425815 -0.03971576 -0.3316065
vn -0.8876767 0.1634435 0.4304839
vn -0.9967069 0.05547741 0.05914038
vn 0.8575881 -0.09797163 -0.5049199
vn 0.629818 -0.1025939 -0.7699375
vn 0.744925 -0.1963802 -0.6375905
vn 0.4376313 -0.02633028 0.898769
vn 0.4704069 -0.1976644 -0.8600268
vn 0.7555202 -0.1014299 -0.6472257
vn 0.29608 -0.1985956 -0.9342893
vn -0.9426072 -0.0396489 -0.3315414
vn 0.1044658 -0.09162015 -0.9902993
vn -0.6308341 -0.06439765 -0.7732407
vn -0.9425938 -0.0396733 -0.3315765
vn -0.6308517 -0.06436282 -0.7732292
vn -0.13572 0.1255577 0.9827591
vn -0.7608209 -0.05785659 -0.6463778
vn -0.9655083 0.08060607 0.247581
vn -0.9425722 -0.03969673 -0.331635
vn -0.656913 0.1129007 0.7454655
vn -0.9683257 -0.01966596 0.2489147
vn 0.1098004 -0.003481966 -0.9939476
vn -0.1007316 -0.08366645 -0.9913895
vn 0.1045197 -0.09164274 -0.9902915
vn 0.4786944 -0.1016111 -0.8720819
vn -0.4543324 -0.03257996 -0.8902363
vn 0.4745867 -0.007450354 -0.8801773
vn 0.1098223 -0.003513902 -0.9939451
vn -0.6307948 -0.06440495 -0.7732722
vn -0.7608217 -0.05791067 -0.646372
vn -0.6308386 -0.06439635 -0.7732373
vn -0.4762675 -0.06997237 -0.8765119
vn -0.870955 -0.02799108 -0.4905648
vn -0.08505551 -0.008829967 -0.9963371
vn -0.4543065 -0.03257397 -0.8902497
vn 0.05352853 -0.02379314 0.9982828
vn 0.2433652 -0.0238958 0.9696404
vn 0.05349892 -0.02380097 0.9982842
vn -0.3072484 -0.02446005 0.951315
vn 0.7643339 0.1307012 0.6314356
vn -0.6428126 -0.0240325 0.7656464
vn -0.1356802 0.1255468 0.9827659
vn 0.8627846 2.351403E-05 -0.5055717
vn 0.7578069 -0.008190006 -0.6524276
vn 0.940882 0.01464546 -0.3384179
vn 0.6281484 -0.01013578 -0.7780275
vn 0.9634849 0.08622975 0.2534982
vn 0.2998566 -0.003834754 -0.9539766
vn 0.9432467 0.08801252 -0.3202179
vn 0.8848259 0.111092 0.4524839
vn 0.7777903 -0.0401548 0.6272399
vn 0.4310841 0.1456022 0.8904867
vn 0.9966652 -0.07448754 0.03331712
vn 0.05693426 0.2043878 0.9772329
vn 0.8627676 -1.783669E-05 -0.5056007
vn 0.8601143 0.1950511 0.4713368
vn 0.9876913 0.03502549 -0.1524434
vn 0.857594 -0.09798293 -0.5049077
vn 0.9346936 -0.09229873 -0.343262
vn 0.8627565 1.285225E-06 -0.5056196
vn 0.9830289 -0.08441022 -0.1628779
vn 0.9871526 0.1396317 0.07767124
vn 0.9634868 0.08621603 0.2534956
vn 0.860125 0.195032 0.4713252
vn 0.8601225 0.1950503 0.4713223
vn 0.4375475 -0.0262869 0.8988109
vn 0.6211107 -0.03163427 0.7830841
vn 0.05355635 -0.02381572 0.9982808
vn 0.7778006 -0.04019795 0.6272243
vn -0.3173715 0.1192862 0.940769
vn 0.9970654 0.05967629 0.04795076
vn 0.05077733 0.1335362 0.9897423
vn 0.9446676 0.168947 0.2811764
vn 0.9871571 0.1396267 0.07762247
vn 0.9446388 0.1689742 0.2812566
vn 0.985679 0.111404 -0.1265938
vn 0.9446317 0.1689637 0.2812867
vn 0.9848494 0.1472857 -0.09153467
vn 0.8601096 0.1950508 0.4713454
vn 0.9305739 0.1843446 0.3163058
vn 0.8434805 0.199886 0.4985842
vn 0.9634852 0.08623141 0.2534964
vn 0.9970663 0.05967224 0.04793748
vn 0.9634926 0.08623391 0.2534673
vn 0.8848341 0.1110668 0.4524743
vn 0.9970683 0.05966363 0.04790467
vn 0.7401851 0.2139853 0.6374452
vn 0.9876909 0.03502685 -0.1524461
vn 0.7401772 0.2139908 0.6374525
vn 0.8601208 0.1950443 0.4713279
vn 0.71883 0.2236475 0.6582289
vn 0.5864218 0.2139852 0.7812297
vn 0.5863883 0.2139774 0.781257
vn 0.4361289 0.2183829 0.8729836
vn 0.5864139 0.2139439 0.781247
vn 0.7188379 0.2236622 0.6582153
vn 0.726264 0.2101089 0.6545188
vn 0.718823 0.2236625 0.6582314
vn 0.8303095 0.2258798 0.5094748
vn 0.9966606 -0.07449643 0.0334359
vn 0.9650756 -0.2087457 -0.1582857
vn 0.9464352 -0.2216653 0.2347869
vn 0.7570823 -0.2262086 0.6129079
vn 0.4786653 -0.1016056 -0.8720986
vn -0.1296936 -0.02414053 0.9912602
vn 0.8575964 -0.09797885 -0.5049046
vn 0.2450261 0.216265 0.9450882
vn 0.9634953 0.08620717 0.2534664
vn 0.43113 0.145588 0.8904667
vn -0.3174248 0.1193005 0.9407491
vn 0.7556596 0.1159574 -0.6446182
vn -0.8876796 0.1634931 0.4304591
vn 0.0686485 0.1956459 0.9782689
vn 0.8627245 5.06267E-06 -0.5056742
vn 0.6297303 -0.102613 -0.7700067
vn 0.8576101 -0.09798686 -0.5048798
vn 0.9347108 -0.09229475 -0.3432162
vn 0.2998726 -0.003832638 -0.9539716
vn 0.9970634 0.05971336 0.04794708
vn 0.7577987 -0.008217781 -0.6524367
vn 0.8627834 -2.933387E-05 -0.5055738
vn 0.628145 -0.01013414 -0.7780303
vn 0.9408895 0.01461347 -0.3383981
vn 0.9634872 0.08622111 0.2534921
vn -0.05433628 0.04509451 -0.9975039
vn 0.05697465 0.2043286 0.9772429
vn 0.6211783 0.06434584 -0.7810232
vn -0.7989281 0.1974401 0.5680944
vn -0.8876803 0.1634771 0.4304636
vn -0.93756 0.2085442 0.2783713
vn -0.6661116 0.1794395 0.7239454
vn -0.9492625 0.2995645 0.09571732
vn 0.255071 0.2045519 0.9450383
vn -0.6784885 0.1915541 0.709197
vn 0.9408921 0.01460868 -0.3383914
vn 0.9346805 -0.09228511 -0.3433015
vn 0.9634829 0.0861835 0.2535215
vn 0.7555058 -0.1014053 -0.6472465
vn 0.05077091 0.1335057 0.9897467
vn -0.08507174 -0.008893449 -0.9963351
vn 0.94325 0.08798942 -0.3202144
vn 0.6097167 0.1425548 0.7796947
vn 0.6211433 -0.03164866 0.7830577
vn 0.2411536 0.1413971 0.9601311
vn 0.9634869 0.08618724 0.2535051
vn -0.317436 0.1193049 0.9407448
vn 0.8627393 1.337752E-05 -0.505649
vn 0.4258843 0.2238465 0.87665
vn 0.5930369 0.223657 0.7734887
vn 0.6097351 0.1425443 0.7796822
vn 0.2411419 0.1413859 0.9601358
vn 0.8848317 0.1111095 0.4524683
vn 0.2450174 0.2162722 0.9450888
vn 0.9871542 0.1396092 0.07769167
vn 0.740203 0.2140172 0.6374137
vn 0.4514035 0.2239563 0.8637584
vn 0.7448654 0.2133283 0.632192
vn 0.4513999 0.223969 0.863757
vn 0.9705411 0.209805 0.1184562
vn 0.2741646 0.231112 0.9334993
vn 0.9705299 0.2098503 0.1184673
vn -0.3064205 0.2499109 0.9185048
vn 0.6097617 0.2178836 0.7620482
vn -0.3064085 0.2499127 0.9185084
vn -0.5067938 0.2584184 0.8224233
vn 0.6008307 0.2323307 0.7648692
vn 0.08473338 0.2466731 0.9653873
vn -0.7787762 0.2498425 0.5754011
vn 0.4470046 0.2347405 0.8631824
vn 0.6097869 0.2178729 0.7620311
vn 0.7327015 0.2327024 0.6395296
vn 0.9408873 0.2130105 -0.2633584
vn 0.9607077 0.2435536 0.1331257
vn 0.08473096 0.2466679 0.9653888
vn 0.4469857 0.234735 0.8631936
vn 0.2738243 0.2398158 0.9314014
vn -0.3064311 0.2499246 0.9184975
vn 0.4470004 0.2347401 0.8631846
vn 0.4514019 0.2239704 0.8637555
vn 0.6008269 0.2323438 0.7648682
vn 0.9290261 0.2095241 0.3049755
vn 0.7326893 0.2327386 0.6395305
vn 0.8303131 0.2258467 0.5094835
vn 0.914688 0.2264198 0.3347835
vn 0.9146796 0.2264188 0.3348069
vn 0.7200871 0.2476247 0.6481948
vn 0.9643398 0.2247492 0.1397735
vn 0.9064646 0.2626425 0.3306674
vn 0.9793872 0.1658332 0.1153257
vn 0.9526668 0.2687049 0.14221
vn 0.9643434 0.2247485 0.1397495
vn -0.1972101 0.260565 -0.9451001
vn -0.2075326 0.1366691 -0.968634
vn -0.2075583 0.1366835 -0.9686264
vn -0.3917964 0.1468873 -0.9082509
vn -0.03089794 0.1295452 -0.991092
vn -0.5686281 0.3078315 -0.762825
vn 0.1388066 0.1244979 -0.9824627
vn -0.2197282 0.2721747 -0.9368247
vn -0.03689615 0.2567751 -0.9657667
vn -0.9493725 -0.004009813 -0.3141269
vn -0.9884961 -0.0300468 -0.1482319
vn -0.8654683 -0.04949918 -0.4985121
vn -0.9986104 -0.0228487 0.04748985
vn -0.6173584 -0.04147194 -0.7855881
vn -0.9655169 0.08061589 0.2475444
vn -0.9493927 -0.004045099 -0.3140655
vn 0.4746408 -0.007425215 -0.8801483
vn 0.2998043 -0.003829032 -0.9539931
vn 0.6281381 -0.01015731 -0.7780356
vn 0.7577883 -0.008213937 -0.6524488
vn -0.08505136 -0.008847848 -0.9963373
vn 0.6281411 -0.01014178 -0.7780334
vn 0.1098329 -0.003499895 -0.9939439
vn -0.4542544 -0.03254383 -0.8902774
vn -0.6308271 -0.06439956 -0.7732463
vn -0.4542903 -0.03256801 -0.8902582
vn -0.08508161 -0.008851796 -0.9963347
vn -0.7584094 -0.0409039 -0.6504938
vn 0.2998085 -0.003842011 -0.9539917
vn -0.2751897 -0.01974914 -0.9611871
vn -0.7584407 -0.04090497 -0.6504572
vn -0.6307749 -0.06440211 -0.7732886
vn -0.2752403 -0.01973289 -0.9611729
vn -0.8654332 -0.04949879 -0.4985734
vn 0.109859 -0.00347513 -0.9939411
vn -0.9655184 0.08061395 0.2475394
vn -0.8709486 -0.02798655 -0.4905764
vn 0.8690574 0.1209083 -0.4797086
vn 0.947198 0.1317076 -0.2923508
vn 0.9848554 0.1472815 -0.09147768
vn 0.9305766 0.1843563 0.316291
vn 0.7556755 0.1159 -0.6446097
vn 0.718847 0.2236511 0.6582091
vn 0.4633123 0.1176103 -0.8783562
vn 0.8302702 0.2258682 0.5095438
vn 0.4680151 0.1939002 -0.862186
vn 0.4680312 0.1939008 -0.8621771
vn 0.4633295 0.1176198 -0.8783458
vn 0.6188117 0.1122393 -0.7774795
vn 0.9305876 0.1843165 0.3162817
vn 0.3031857 0.1206613 -0.9452615
vn 0.8269829 0.2549882 0.5010791
vn -0.0308253 0.129529 -0.9910964
vn 0.8269874 0.2549338 0.5010993
vn -0.2197132 0.272188 -0.9368243
vn 0.7188511 0.2236541 0.6582035
vn 0.9292751 0.2712692 -0.2507205
vn 0.9848509 0.1473111 -0.09147732
vn 0.27341 0.2411585 0.9311764
vn 0.8654689 0.2083055 -0.4556011
vn 0.5905985 0.2421972 0.7697622
vn 0.6168455 0.1155982 -0.7785491
vn -0.8306269 0.3171831 -0.4576612
vn 0.3086306 0.1992016 -0.9300892
vn 0.9305893 0.1843324 0.3162675
vn 0.9871507 0.1396587 0.07764684
vn 0.9446339 0.1689819 0.2812682
vn 0.5864161 0.2139429 0.7812456
vn 0.9856806 0.11141 -0.1265766
vn -0.1147825 0.2187762 0.9690005
vn 0.621171 0.06434894 -0.7810287
vn -0.928564 0.2772108 0.2468263
vn -0.9492661 0.2995464 0.09573884
vn -0.8814327 0.2584605 0.3953158
vn -0.7989392 0.1974546 0.5680737
vn -0.8818187 0.2037539 0.4253001
vn -0.5167114 0.1869077 0.8355086
vn -0.8817889 0.2037804 0.4253491
vn -0.8086617 0.2571739 0.5290822
vn -0.9698678 0.2097 0.1240256
vn -0.9594056 0.2776539 0.04949003
vn -0.949224 0.2926598 -0.1154301
vn 0.1256785 0.05921242 -0.9903024
vn -0.7584437 -0.04092798 -0.6504522
vn -0.2752606 -0.019757 -0.9611666
vn 0.4633288 0.1176145 -0.8783469
vn -0.617376 -0.04151383 -0.7855721
vn -0.9375542 0.2085982 0.2783505
vn -0.8709634 -0.02798053 -0.4905507
vn -0.8876676 0.1635091 0.4304777
vn -0.9967045 0.05550365 0.05915723
vn -0.4932157 0.1154054 0.862218
vn -0.4796058 -0.02456373 0.8771402
vn -0.8982165 0.09837276 0.4284039
vn 0.2411189 0.1414135 0.9601375
vn -0.9938941 0.07735083 -0.07868499
vn 0.8601141 0.1949978 0.4713594
vn -0.6661219 0.1794626 0.7239302
vn -0.05433912 0.04505372 -0.9975056
vn -0.2751974 -0.01976562 -0.9611845
vn 0.3008538 0.06601802 -0.9513825
vn -0.8709577 -0.027961 -0.4905618
vn 0.9848542 0.1472703 -0.09150758
vn -0.8817845 0.2038152 0.4253417
vn -0.9375454 0.2086025 0.2783768
vn 0.4673434 0.06630918 -0.8815856
vn 0.7577736 -0.008234948 -0.6524656
vn 0.7577835 -0.008208176 -0.6524545
vn 0.8601041 0.1950428 0.471359
vn 0.4745742 -0.007435233 -0.8801841
vn 0.586439 0.2139041 0.781239
vn -0.05428901 0.0450746 -0.9975074
vn 0.3031965 0.1206357 -0.9452613
vn 0.1387567 0.1245304 -0.9824656
vn -0.5179446 0.2268667 0.8247817
vn -0.1276949 0.1883354 0.9737679
vn -0.3273723 0.1852401 0.92656
vn 0.4285489 0.2116277 0.8783847
vn -0.678494 0.1915778 0.7091854
vn 0.7200673 0.2475787 0.6482345
vn -0.9375718 0.2085493 0.2783274
vn -0.9594162 0.2776141 0.04950783
vn -0.9492282 0.2926556 -0.1154059
vn 0.9446301 0.1689831 0.2812805
vn 0.7577745 -0.008210048 -0.6524649
vn 0.9970641 0.05970917 0.04793679
vn 0.2411103 0.141414 0.9601395
vn -0.05428507 0.04507991 -0.9975074
vn -0.5044426 0.1807477 0.8443151
vn 0.2450343 0.2162883 0.9450807
vn 0.7401736 0.2139687 0.6374641
vn 0.7643785 0.130702 0.6313814
vn 0.5930764 0.223637 0.7734643
vn 0.9446542 0.168965 0.2812106
vn 0.05692235 0.2043696 0.9772374
vn 0.9432569 0.08802006 -0.3201859
vn 0.7262818 0.2100881 0.6545058
vn -0.9527007 -0.1512052 0.2636255
vn -0.7633273 -0.1568511 0.6266811
vn -0.9527146 -0.1511921 0.263583
vn -0.6427829 -0.0240487 0.7656709
vn -0.8765395 -0.1539085 0.4560599
vn -0.4796078 -0.02457807 0.8771387
vn -0.7633299 -0.1568393 0.6266809
vn -0.1296878 -0.02411482 0.9912616
vn -0.6203738 -0.160348 0.7677401
vn 0.2450955 0.2162898 0.9450645
vn 0.2449955 0.216289 0.9450907
vn 0.05695263 0.2043943 0.9772305
vn 0.5930802 0.2236434 0.7734594
vn 0.05690675 0.204358 0.9772407
vn 0.8601071 0.195031 0.4713584
vn -0.1338049 0.1924037 0.9721507
vn 0.7402036 0.2139699 0.6374289
vn 0.7401937 0.2140072 0.6374278
vn 0.05360932 -0.02379857 0.9982784
vn 0.05347872 -0.02380753 0.9982851
vn -0.1297227 -0.02415699 0.991256
vn 0.2434359 -0.2011864 0.9488219
vn -0.6427601 -0.0240179 0.765691
vn 0.6211505 -0.03164024 0.7830524
vn -0.1297 -0.02416623 0.9912588
vn -0.3072556 -0.02447057 0.9513123
vn -0.3072715 -0.02446985 0.9513072
vn -0.6427973 -0.02402371 0.7656595
vn 0.05347432 -0.02377966 0.9982861
vn -0.9912886 0.02573904 -0.1291683
vn 0.9634954 0.08623407 0.2534567
vn -0.4932061 0.1154023 0.8622239
vn -0.9683208 -0.01967713 0.2489326
vn -0.9986126 -0.02284124 0.04744576
vn -0.9885034 -0.03002732 -0.1481868
vn -0.9885002 -0.03005528 -0.1482026
vn -0.9986094 -0.02287197 0.04750008
vn -0.8966797 -0.02033284 0.4422127
vn -0.8966631 -0.02033994 0.4422462
vn -0.7862819 -0.02245139 0.6174598
vn -0.7862853 -0.02240646 0.617457
vn 0.241145 0.141392 0.9601341
vn 0.4375546 -0.02630501 0.898807
vn 0.2437191 -0.02406733 0.9695472
vn 0.4375806 -0.02633882 0.8987934
vn 0.0535442 -0.02377641 0.9982824
vn 0.2411291 0.1414001 0.9601368
vn -0.129705 -0.02413025 0.991259
vn -0.1356836 0.1255054 0.9827708
vn -0.1356932 0.1255013 0.98277
vn -0.3072913 -0.0244807 0.9513006
vn -0.4795926 -0.02459428 0.8771466
vn -0.4795589 -0.02457963 0.8771654
vn -0.479607 -0.02459474 0.8771387
vn -0.3072523 -0.02447766 0.9513133
vn -0.3173934 0.1193071 0.9407589
vn -0.129715 -0.02414966 0.9912572
vn -0.1356627 0.1255272 0.9827709
vn 0.05078426 0.1335391 0.9897416
vn -0.8654702 -0.04952565 -0.4985063
vn -0.7608136 -0.05788079 -0.6463841
vn -0.7608006 -0.05790653 -0.6463972
vn -0.4762307 -0.06996194 -0.8765328
vn -0.9349016 -0.1462279 -0.3233829
vn -0.4542857 -0.03256433 -0.8902607
vn -0.9986111 -0.02284142 0.04747826
vn -0.7952061 0.1084762 0.596557
vn -0.6569059 0.1128758 0.7454755
vn 0.7326966 0.2327265 0.6395264
vn 0.7326936 0.2327065 0.6395372
vn 0.6008261 0.2323459 0.7648682
vn 0.2738404 0.239787 0.9314041
vn 0.8394604 0.235382 0.4897974
vn -0.1127137 0.2450171 0.9629446
vn 0.9607118 0.2435332 0.1331328
vn 0.8525876 0.2106083 0.4782662
vn 0.9746866 0.2110419 -0.0738065
vn -0.06675181 0.2326279 -0.9702724
vn -0.9635366 0.234423 -0.1290086
vn -0.5996507 0.2286055 -0.766915
vn 0.8709154 0.2152555 -0.4417822
vn -0.924038 0.2202601 -0.312473
vn -0.1127131 0.2450824 0.962928
vn -0.9748142 0.2204363 0.03383934
vn 0.08368925 0.2384194 0.9675496
vn -0.778762 0.2498719 0.5754074
vn 0.3106472 0.2274908 -0.922901
vn -0.2571081 0.2338221 -0.9376687
vn -0.06092959 0.2310883 -0.9710231
vn -0.9225118 0.2325741 -0.3080282
vn 0.483318 0.2241495 -0.8462628
vn -0.9411883 0.2416803 0.2361256
vn 0.8709405 0.21526 -0.4417304
vn 0.9705517 0.2097834 0.1184077
vn 0.9746822 0.2110695 -0.07378671
vn -0.4336857 0.2296442 -0.8713095
vn -0.7401455 0.2263516 -0.6332058
vn -0.4337578 0.2296452 -0.8712733
vn 0.1288323 0.2330426 -0.9638948
vn -0.8773174 0.2460361 0.4120443
vn 0.870959 0.2153102 -0.4416694
vn -0.06674739 0.2326336 -0.9702712
vn 0.4761267 0.2455473 -0.8443992
vn 0.3123648 0.2430561 -0.918342
vn 0.4680471 0.1938752 -0.8621742
vn -0.03835454 0.2564296 -0.9658016
vn 0.6195081 0.1951168 -0.7603547
vn -0.8490375 0.2231998 -0.4788707
vn 0.8599097 0.2672784 -0.4348765
vn 0.9607045 0.2435604 0.1331361
vn 0.9169796 0.2393376 0.3191645
vn 0.2733828 0.2411034 0.9311987
vn 0.441292 0.2398687 0.8647106
vn 0.273435 0.2410978 0.9311848
vn 0.08798245 0.2454336 0.9654126
vn 0.9607159 0.2435205 0.1331263
vn -0.8950452 0.2337057 0.3798364
vn 0.4470066 0.234718 0.8631874
vn 0.9526617 0.2687363 0.1421852
vn 0.7570263 0.2603096 -0.5992913
vn 0.9526621 0.2687388 0.1421779
vn 0.720108 0.2476166 0.6481747
vn -0.2511262 0.2301883 -0.9401857
vn -0.684256 0.2582029 0.6820007
vn -0.8490489 0.2232352 -0.4788341
vn 0.7647206 0.247427 -0.5949642
vn 0.7570012 0.2603091 -0.5993233
vn 0.960712 0.2435423 0.1331153
vn 0.1288567 0.2330571 -0.9638881
vn 0.4470184 0.2346735 0.8631935
vn -0.9240446 0.2202636 -0.3124508
vn 0.7448658 0.2132975 0.6322018
vn 0.08524729 0.2409083 0.9667968
vn 0.9761159 0.2020487 -0.0798383
vn 0.9728788 0.2028601 0.1111522
vn -0.4706031 0.2607135 0.8429479
vn 0.9419691 0.2025879 -0.2676796
vn 0.04260918 0.9990552 -0.008559063
vn 0.7693794 0.2076309 -0.6041065
vn 0.04264508 0.999054 -0.00852114
vn -0.2522759 0.246233 -0.9358025
vn -0.7289585 0.2643167 -0.6314715
vn -0.9272655 0.2725503 0.2567005
vn -0.9635342 0.2344254 -0.129021
vn -0.4300431 0.2532071 -0.8665732
vn -0.8773054 0.2460353 0.4120703
vn -0.9594036 0.2729251 0.07110932
vn -0.4876642 0.2523447 0.8357666
vn 0.2737172 0.2333784 0.9330667
vn -0.1068075 0.248234 0.9627938
vn 0.4833608 0.2241795 -0.8462304
vn 0.3106296 0.227447 -0.9229177
vn 0.8709453 0.2152801 -0.4417112
vn -0.437875 0.2339986 -0.8680496
vn 0.8563867 0.208597 0.4723231
vn -0.9594116 0.2728978 0.07110649
vn 0.9761121 0.2020738 -0.07982087
vn 0.4826661 0.2177419 -0.8483053
vn 0.4826744 0.2177224 -0.8483056
vn 0.769372 0.2076215 -0.6041192
vn 0.9728768 0.2028643 0.1111608
vn 0.3095414 0.2242622 -0.924062
vn 0.8564081 0.2085733 0.4722949
vn -0.5911006 0.2592746 -0.7637911
vn -0.9272614 0.2725356 0.2567308
vn -0.9550232 0.2723867 -0.1172013
vn -0.06498117 0.2388705 -0.9688748
vn -0.9550224 0.272381 -0.1172214
vn -0.4300467 0.2531521 -0.8665875
vn -0.06494115 0.2388563 -0.968881
vn -0.9141481 0.2708246 -0.3016411
vn -0.9272758 0.2725331 0.2566812
vn -0.9272611 0.2725626 0.2567032
vn -0.4706292 0.2606508 0.8429528
vn -0.6272919 0.2653181 0.7321962
vn 0.8563949 0.2085477 0.4723301
vn 0.8720632 0.2044043 -0.4446624
vn 0.9761152 0.2020399 -0.0798691
vn -0.1067882 0.2483037 0.962778
vn 0.8720392 0.2044459 -0.4446904
vn -0.06496401 0.2388765 -0.9688745
vn 0.6379263 0.212108 -0.7403108
vn -0.5910942 0.2593143 -0.7637825
vn 0.1246898 0.2314252 -0.964829
vn 0.2737433 0.2333111 0.9330759
vn 0.2741589 0.2311407 0.9334939
vn -0.1127311 0.2450514 0.9629338
vn -0.7585325 0.2688337 0.5935967
vn 0.4513889 0.2239527 0.863767
vn -0.8596256 0.2711827 0.433017
vn 0.8563961 0.2085454 0.4723289
vn 0.273751 0.2333139 0.9330729
vn 0.8564087 0.2085713 0.4722947
vn 0.9705371 0.2098159 0.1184693
vn 0.9705419 0.209787 0.1184812
vn 0.6097711 0.2178572 0.7620482
vn 0.6375794 0.2209167 -0.73803
vn 0.08527745 0.2408567 0.966807
vn -0.06672451 0.2326058 -0.9702795
vn 0.9419717 0.2025651 -0.2676877
vn -0.927258 0.272557 0.2567203
vn -0.4706249 0.2607092 0.8429371
vn -0.7585385 0.2688259 0.5935923
vn -0.9550337 0.2723331 -0.1172403
vn -0.4706198 0.2607071 0.8429406
vn -0.4706224 0.2606921 0.8429438
vn 0.08525845 0.2409063 0.9667963
vn 0.8564131 0.2085627 0.4722904
vn 0.451255 0.2259839 0.8633078
vn 0.6112561 0.2191995 0.7604719
vn 0.7479669 0.2133082 0.6285262
vn 0.6112503 0.2191999 0.7604765
vn -0.2947229 0.254909 0.9209559
vn 0.9323939 0.2050395 0.2976583
vn -0.758525 0.2687714 0.5936343
vn 0.9419668 0.2025886 -0.2676871
vn -0.8596449 0.2711585 0.4329939
vn 0.3095549 0.2242376 -0.9240634
vn -0.9550306 0.2723432 -0.1172422
vn -0.6272777 0.265339 0.7322007
vn -0.9594098 0.2729086 0.07109001
vn -0.7289616 0.2642867 -0.6314805
vn -0.7585245 0.2688242 0.5936111
vn -0.4706089 0.2606948 0.8429505
vn -0.2947403 0.2549399 0.9209418
vn 0.7479671 0.2132679 0.6285396
vn 0.08527587 0.2409003 0.9667963
vn 0.4827003 0.2177203 -0.8482914
vn -0.2522996 0.2462768 -0.9357845
vn -0.06675478 0.2326614 -0.9702641
vn 0.9728837 0.2028264 0.1111702
vn -0.2571109 0.2338547 -0.9376599
vn 0.08523028 0.2409286 0.9667932
vn -0.600979 0.2333973 -0.7644278
vn -0.4706513 0.2606843 0.84293
vn -0.8379886 0.2681407 -0.4752637
vn 0.7693791 0.2076198 -0.6041108
vn -0.2522769 0.2462889 -0.9357874
vn 0.3095251 0.2242639 -0.9240671
vn 0.04258983 0.999056 -0.008554821
vn -0.06494564 0.2388693 -0.9688775
vn 0.04260786 0.9990552 -0.008566291
vn -0.4300451 0.2531607 -0.8665857
vn -0.85962 0.2711877 0.4330251
vn -0.9141608 0.2708122 -0.3016136
vn 0.7200823 0.2475902 0.6482134
vn 0.8302976 0.2258508 0.5095068
vn 0.7188446 0.2236421 0.6582147
vn 0.2734221 0.2411218 0.9311824
vn 0.9146649 0.2264432 0.3348309
vn -0.1148448 0.2536288 0.9604598
vn 0.9607736 0.2717814 -0.05521765
vn 0.7326977 0.2327317 0.6395233
vn 0.9671454 0.2469193 -0.06050352
vn 0.4360881 0.2184132 0.8729964
vn 0.4285375 0.2116366 0.878388
vn 0.08443934 0.2169725 0.9725189
vn 0.7188164 0.2236428 0.6582453
vn -0.6842548 0.2582217 0.6819949
vn 0.9526603 0.2687136 0.142237
vn 0.4412523 0.2398921 0.8647243
vn 0.9292843 0.2712744 -0.250681
vn 0.8654714 0.2083317 -0.4555845
vn 0.9396276 0.2152681 -0.2660069
vn 0.7570183 0.260352 -0.5992831
vn 0.9731665 0.2208666 -0.064537
vn 0.7646776 0.2474199 -0.5950224
vn 0.9643256 0.2247974 0.1397938
vn 0.9607074 0.2435506 0.1331329
vn 0.8270134 0.2549509 0.5010479
vn 0.8434684 0.1998696 0.4986113
vn 0.843492 0.1998491 0.4985797
vn 0.7262805 0.2101021 0.6545027
vn 0.7262527 0.2101056 0.6545324
vn 0.8435038 0.1998568 0.4985566
vn 0.7188213 0.2236511 0.6582371
vn 0.9305774 0.1843249 0.3163067
vn 0.8302954 0.225876 0.5094995
vn 0.9146627 0.2264387 0.3348397
vn -0.8817946 0.2037257 0.4253634
vn -0.8817728 0.2037718 0.4253867
vn -0.8876845 0.1634239 0.4304753
vn -0.67849 0.1915859 0.7091869
vn -0.8876804 0.1634961 0.4304562
vn -0.7988999 0.1974409 0.5681338
vn -0.9523268 0.1423622 0.2698269
vn -0.9375692 0.208505 0.2783695
vn -0.9375604 0.2086231 0.2783109
vn -0.7504164 0.1758005 -0.6371573
vn -0.7504517 0.1758396 -0.637105
vn -0.2075768 0.136681 -0.9686229
vn -0.952172 0.1998954 -0.2311064
vn 0.3086561 0.1992008 -0.9300809
vn -0.8814422 0.2584147 0.3953245
vn -0.9441712 0.3230368 -0.06471405
vn -0.9625372 0.04113322 -0.2680116
vn -0.9625203 0.04113236 -0.2680723
vn -0.8857037 0.01107225 -0.4641189
vn -0.9938973 0.07732732 -0.07866878
vn -0.7606792 -0.005458981 -0.649105
vn -0.9375609 0.2085603 0.278356
vn -0.5993241 -0.005523027 -0.8004875
vn -0.9698716 0.2096915 0.12401
vn -0.9698755 0.2096837 0.1239928
vn -0.8795637 0.1896197 -0.4363623
vn -0.7504079 0.1758343 -0.637158
vn -0.5785211 0.1604922 -0.7997223
vn -0.9625137 0.04113181 -0.2680962
vn -0.2075278 0.136681 -0.9686334
vn -0.9698814 0.2096725 0.1239657
vn -0.9521755 0.1999275 -0.2310646
vn -0.9938982 0.07731345 -0.07867116
vn -0.9886147 0.1126194 0.09978967
vn -0.9625368 0.04117865 -0.268006
vn -0.9375576 0.2085592 0.2783682
vn -0.9938956 0.0773424 -0.07867515
vn -0.937553 0.2085658 0.2783785
vn -0.9938969 0.07732807 -0.07867197
vn -0.8817825 0.20378 0.4253625
vn -0.9886075 0.1126634 0.09981095
vn -0.9080393 0.3431492 -0.2402356
vn -0.8795221 0.1895965 -0.4364562
vn -0.3917862 0.1469007 -0.9082531
vn -0.9375595 0.2085531 0.2783664
vn 0.4760631 0.2455146 -0.8444445
vn -0.5165496 0.2588606 0.816191
vn -0.9076978 0.3074519 -0.2855836
vt 0.2430464 1.463805
vt 0.2476074 1.46364
vt 0.2430952 1.42575
vt 0.2521293 1.463142
vt 0.2431435 1.425746
vt 0.2565722 1.462316
vt 0.2431911 1.425739
vt 0.2608981 1.461169
vt 0.2432376 1.425728
vt 0.3071076 1.428341
vt 0.3002451 1.430348
vt 0.3284687 1.481586
vt 0.3141951 1.426893
vt 0.3285366 1.481569
vt 0.3214337 1.426019
vt 0.3286061 1.481557
vt 0.3287479 1.425729
vt 0.328677 1.481552
vt -0.8667318 -0.6632704
vt -0.9370751 -0.6486394
vt -0.9030913 -0.5204397
vt -0.8383867 -0.5339235
vt -0.7961668 -0.6761222
vt -0.8673758 -0.3801676
vt -0.7729881 -0.546159
vt -0.7254268 -0.6874462
vt -0.8056393 -0.3928027
vt -0.7066975 -0.5571829
vt -0.6543628 -0.6974456
vt -0.7434983 -0.4042053
vt -0.7331318 -0.3487198
vt -0.7434984 -0.4042053
vt -0.7937403 -0.337319
vt -0.8540946 -0.3254745
vt -0.8165501 -0.1630063
vt -0.7613301 -0.1726809
vt -0.7661659 0.1288237
vt -0.6395649 -0.5668348
vt -0.5829314 -0.7060279
vt -0.6814564 -0.4138617
vt -0.6729384 -0.3588316
vt -0.7054343 -0.1816796
vt -0.7156186 0.1206956
vt -0.710762 0.4448482
vt -0.571995 -0.5751193
vt -0.51144 -0.7131931
vt -0.6204768 -0.4220172
vt -0.6139525 -0.3674279
vt -0.6504219 -0.1898286
vt -0.6656493 0.1129902
vt -0.6647267 0.4374955
vt -0.647898 0.8159449
vt -0.5045539 -0.5814515
vt -0.4398338 -0.7188183
vt -0.5604788 -0.4289719
vt -0.5558979 -0.3743907
vt -0.5957382 -0.1973204
vt -0.61466 0.1057166
vt -0.6175297 0.4303713
vt -0.6063047 0.809162
vt -0.585794 1.150909
vt -0.5500353 1.144932
vt -0.5254613 1.480472
vt -0.5644208 0.8026137
vt -0.5706557 0.423726
vt -0.5622486 0.0987197
vt -0.5407421 -0.2043125
vt -0.4949206 1.475332
vt -0.4667781 1.789368
vt -0.5142298 1.139311
vt -0.5225438 0.7965386
vt -0.5239177 0.417581
vt -0.4418315 1.785126
vt -0.4035405 2.121734
vt -0.4644139 1.470539
vt -0.4783299 1.134029
vt -0.3849302 2.118006
vt -0.3539374 2.28445
vt -0.4169294 1.781187
vt -0.3429134 2.281109
vt -0.2978975 2.379036
vt -0.3661636 2.114625
vt -0.4338125 1.46605
vt -0.4811332 0.7909414
vt -0.3318489 2.278321
vt -0.2977692 2.378994
vt -0.3920573 1.777552
vt -0.44239 1.129102
vt -0.3472636 2.111601
vt -0.4030535 1.461865
vt -0.3207579 2.276067
vt -0.297638 2.378962
vt -0.3671592 1.774201
vt -0.3284291 2.108969
vt -0.3096052 2.274342
vt -0.2975049 2.378938
vt -0.4401748 0.7858164
vt -0.4062816 1.124511
vt -0.3723269 1.458019
vt -0.3420108 1.771111
vt -0.3097107 2.106737
vt -0.4772008 0.4119381
vt -0.298364 2.273142
vt -0.2973701 2.378923
vt -0.5083629 0.09199588
vt -0.341498 1.454505
vt -0.316697 1.7683
vt -0.2910707 2.104891
vt -0.3699409 1.120249
vt -0.287019 2.27247
vt -0.2972344 2.378917
vt -0.3996148 0.7810786
vt -0.4301299 0.4067489
vt -0.4542528 0.0854222
vt -0.4849873 -0.210904
vt -0.4980348 -0.3801648
vt -0.5008497 -0.4351772
vt -0.4391618 -0.3846777
vt -0.4292015 -0.2171416
vt -0.4005884 0.07961677
vt -0.3836165 0.4020703
vt -0.437869 -0.586006
vt -0.3680021 -0.7227037
vt -0.3715707 -0.5889766
vt -0.4403424 -0.4403336
vt -0.3789655 -0.4444433
vt -0.3793237 -0.3883997
vt -0.3729137 -0.222841
vt -0.348295 0.0744382
vt -0.337103 0.3978767
vt -0.3587691 0.7767395
vt -0.3174181 0.7727328
vt -0.3335919 1.116332
vt -0.2974084 1.112788
vt -0.3106098 1.451299
vt -0.2795722 1.448407
vt -0.2913558 1.76578
vt -0.2661787 1.763556
vt -0.2723433 2.103415
vt -0.2534972 2.102303
vt -0.2756189 2.272343
vt -0.2970997 2.378919
vt -0.2641913 2.272754
vt -0.2969652 2.378929
vt 0.9572647 1.067815
vt 0.9997817 1.058893
vt 0.9654991 0.9736006
vt 0.9330512 0.9787392
vt 0.9141191 1.072777
vt 0.9325988 0.7978491
vt 0.9038875 0.9814274
vt 0.8722847 1.074187
vt 0.9060801 0.8015092
vt 0.8961536 0.676944
vt 0.8715535 0.9828383
vt 0.8302473 1.073517
vt 0.8379594 0.9830495
vt 0.8792419 0.8040196
vt 0.8806426 0.6795
vt 0.845524 0.51675
vt 0.8541384 0.8055009
vt 0.8302473 0.806013
vt 0.8657416 0.6814145
vt 0.8452863 0.5167816
vt 0.8498346 0.6819113
vt 0.845074 0.5167981
vt 0.8341397 0.6815312
vt 0.844887 0.5168015
vt 1.123678 0.9726111
vt 1.114354 0.9727272
vt 1.119571 1.097815
vt 1.122069 0.8552531
vt 1.108537 0.8553671
vt 1.103953 0.9730619
vt 1.119426 1.097819
vt 1.136616 0.8556011
vt 1.132846 0.9727872
vt 1.119727 1.097818
vt 1.152884 0.8564495
vt 1.14254 0.9733195
vt 1.119898 1.09783
vt 1.1636 0.777149
vt 1.143081 0.7760721
vt 1.186167 0.6588774
vt 1.124336 0.7756658
vt 1.158255 0.6581591
vt 1.186942 0.595362
vt 1.156635 0.5949205
vt 1.187718 0.5318466
vt 1.155014 0.531682
vt 1.129084 0.657909
vt 1.127208 0.5947822
vt 1.125331 0.5316556
vt 1.106852 0.7755552
vt 1.097867 0.5951916
vt 1.096473 0.5321105
vt 1.099262 0.6582729
vt 1.094574 0.8560341
vt 1.067752 0.5959083
vt 1.065961 0.5331422
vt 1.069543 0.6586743
vt 1.087183 0.7760357
vt 1.094582 0.9736671
vt 1.119276 1.09783
vt 1.038821 0.5973274
vt 1.034272 0.5345758
vt 1.04337 0.6600789
vt 1.010353 0.5998828
vt 1.001801 0.5369397
vt 1.018904 0.6628259
vt 1.046656 0.7804631
vt 1.066405 0.7776006
vt 1.066786 0.8586518
vt 1.080974 0.8570486
vt 1.085727 0.9747415
vt 1.119113 1.09785
vt 1.531282 0.5260131
vt 1.498318 0.5323
vt 1.538521 0.6414279
vt 1.564923 0.6380505
vt 1.564778 0.5207993
vt 1.548318 0.7699744
vt 1.588119 0.6356549
vt 1.600397 0.5175012
vt 1.573125 0.7678339
vt 1.580158 0.9267381
vt 1.609824 0.6341585
vt 1.634823 0.51675
vt 1.5986 0.7659897
vt 1.600327 0.9243252
vt 1.605637 1.044257
vt 1.633132 0.6331221
vt 1.665734 0.516764
vt 1.624498 0.7644291
vt 1.620675 0.9222859
vt 1.620515 1.042453
vt 1.635747 1.147384
vt 1.660064 0.6326315
vt 1.698516 0.517961
vt 1.688963 0.6325042
vt 1.650514 0.7631131
vt 1.674909 0.7621914
vt 1.698479 0.7615314
vt 1.639639 0.9207783
vt 1.63524 1.040838
vt 1.645047 1.145956
vt 1.670674 1.244629
vt 1.658965 0.9197608
vt 1.678113 0.9191266
vt 1.697789 0.9188988
vt 1.650765 1.039387
vt 1.653459 1.144755
vt 1.670794 1.24461
vt 1.66799 1.03845
vt 1.684021 1.038084
vt 1.698516 1.038568
vt 1.661279 1.143955
vt 1.670929 1.244596
vt 1.669448 1.143504
vt 1.671073 1.244588
vt 1.677708 1.143668
vt 1.671209 1.244586
vt 1.686437 1.144438
vt 1.671332 1.244591
vt 2.755631 1.425224
vt 2.792024 1.425729
vt 2.790856 1.226216
vt 2.761806 1.226411
vt 2.719599 1.423803
vt 2.789082 0.9587165
vt 2.734044 1.22566
vt 2.683654 1.421754
vt 2.768628 0.9593408
vt 2.792024 0.7130653
vt 2.704539 1.223894
vt 2.650261 1.419437
vt 2.749391 0.9586191
vt 2.779854 0.7137686
vt 2.777674 0.5168747
vt 2.675846 1.221718
vt 2.618418 1.416384
vt 2.730118 0.9566103
vt 2.76771 0.7136867
vt 2.777405 0.5168768
vt 2.648536 1.219446
vt 2.583355 1.412293
vt 2.619782 1.216774
vt 2.711141 0.9544067
vt 2.755721 0.712492
vt 2.777159 0.5168694
vt 2.692245 0.9527418
vt 2.672462 0.9515328
vt 2.743648 0.7107956
vt 2.776931 0.516854
vt 2.732303 0.7093568
vt 2.776699 0.5168296
vt 2.720742 0.7082431
vt 2.776444 0.5167937
vt 1.966126 0.51675
vt 1.931613 0.5171037
vt 1.940591 0.6328136
vt 1.969136 0.6324587
vt 1.999354 0.517171
vt 1.942389 0.7514164
vt 1.995603 0.6328677
vt 2.033149 0.5185496
vt 1.96651 0.7510333
vt 1.933427 0.9223184
vt 2.020171 0.6341
vt 2.067671 0.5213717
vt 1.988011 0.7511488
vt 1.951852 0.9222021
vt 1.931613 1.093868
vt 2.047086 0.6361725
vt 2.098878 0.5248755
vt 2.008838 0.7523282
vt 1.970026 0.922502
vt 1.946483 1.094133
vt 1.933131 1.224892
vt 2.073876 0.6389679
vt 2.128691 0.5295282
vt 2.100005 0.6423022
vt 2.030473 0.7546853
vt 2.052124 0.7570981
vt 2.075375 0.7591434
vt 1.989088 0.9241214
vt 1.962419 1.094523
vt 1.941662 1.224994
vt 1.9393 1.390526
vt 2.011006 0.9268197
vt 2.031543 0.9295733
vt 2.049993 0.9314836
vt 1.974117 1.09509
vt 1.950018 1.225259
vt 1.939537 1.390527
vt 1.986376 1.096055
vt 1.998561 1.097227
vt 2.010271 1.098747
vt 1.957842 1.225724
vt 1.939764 1.390536
vt 1.96752 1.226473
vt 1.939964 1.39055
vt 1.977408 1.227348
vt 1.940154 1.390569
vt 1.985646 1.228404
vt 1.940348 1.390597
vt 1.738514 0.5250597
vt 1.698516 0.52953
vt 1.746041 0.7345606
vt 1.777664 0.7311934
vt 1.776987 0.5211315
vt 1.761449 0.9041779
vt 1.803921 0.7292014
vt 1.821334 0.5180172
vt 1.789174 0.9000364
vt 1.805557 1.017386
vt 1.831733 0.7277719
vt 1.861275 0.51675
vt 1.81648 0.8976794
vt 1.826906 1.013188
vt 1.839298 1.134044
vt 1.859928 0.7270105
vt 1.895353 0.5168956
vt 1.850323 0.8956446
vt 1.844611 1.010573
vt 1.851429 1.131726
vt 1.895093 1.306712
vt 1.890453 0.7264501
vt 1.931612 0.5181128
vt 1.925414 0.7257631
vt 1.881237 0.894888
vt 1.905552 0.8946638
vt 1.931612 0.8946146
vt 1.861696 1.008982
vt 1.862676 1.130319
vt 1.895346 1.306673
vt 1.878703 1.00797
vt 1.895493 1.007883
vt 1.91611 1.008526
vt 1.875312 1.129746
vt 1.895576 1.306647
vt 1.889033 1.129255
vt 1.895785 1.306632
vt 1.901185 1.128966
vt 1.895986 1.306627
vt 1.913524 1.128847
vt 1.896207 1.306631
vt 2.165016 0.5170543
vt 2.136355 0.5167498
vt 2.130967 0.6450273
vt 2.158709 0.6453385
vt 2.194106 0.5167908
vt 2.128691 0.7156832
vt 2.188123 0.6455094
vt 2.221224 0.5167497
vt 2.155335 0.7155336
vt 2.135738 0.869253
vt 2.217562 0.6460223
vt 2.247968 0.517631
vt 2.184748 0.7153667
vt 2.162762 0.8692417
vt 2.131422 1.085245
vt 2.247432 0.6465173
vt 2.276199 0.5188073
vt 2.215347 0.7154977
vt 2.188855 0.8695394
vt 2.154502 1.084387
vt 2.155851 1.211739
vt 2.27766 0.6469927
vt 2.304385 0.5192695
vt 2.305692 0.6470232
vt 2.246537 0.7159207
vt 2.278218 0.7168871
vt 2.306431 0.717813
vt 2.212331 0.8700333
vt 2.179055 1.084554
vt 2.173276 1.209849
vt 2.200577 1.399413
vt 2.235217 0.8705378
vt 2.26133 0.8713137
vt 2.289149 0.8724504
vt 2.206097 1.084989
vt 2.189849 1.209044
vt 2.200798 1.399394
vt 2.23213 1.085511
vt 2.256459 1.086177
vt 2.279918 1.087376
vt 2.204953 1.20907
vt 2.201042 1.399385
vt 2.219781 1.20947
vt 2.201316 1.399388
vt 2.236088 1.210593
vt 2.201586 1.399404
vt 2.253529 1.212498
vt 2.201829 1.399431
vt 2.533653 1.404412
vt 2.583355 1.40009
vt 2.547229 1.166511
vt 2.508863 1.169783
vt 2.487444 1.407546
vt 2.488703 0.8821375
vt 2.469465 1.172094
vt 2.445274 1.409433
vt 2.459312 0.8851302
vt 2.453405 0.6992463
vt 2.429134 1.17398
vt 2.400687 1.410387
vt 2.433983 0.8870527
vt 2.435472 0.7014506
vt 2.388672 0.51675
vt 2.387452 1.175911
vt 2.353958 1.411053
vt 2.41155 0.8882369
vt 2.417993 0.7026302
vt 2.388417 0.5167897
vt 2.349151 1.176816
vt 2.306431 1.411053
vt 2.312891 1.176131
vt 2.387667 0.889016
vt 2.399337 0.7035205
vt 2.388194 0.5168118
vt 2.361506 0.8891534
vt 2.332959 0.8882496
vt 2.379627 0.7044258
vt 2.387983 0.5168197
vt 2.362325 0.7046238
vt 2.387759 0.5168135
vt 2.345386 0.7033827
vt 2.387503 0.5167924
vt 1.466683 1.217867
vt 1.498318 1.218077
vt 1.495313 1.088514
vt 1.467872 1.08901
vt 1.436673 1.217806
vt 1.485338 0.9413626
vt 1.438813 1.089319
vt 1.405913 1.218077
vt 1.461666 0.9429969
vt 1.472174 0.8609892
vt 1.408295 1.089308
vt 1.376791 1.218029
vt 1.438181 0.9435087
vt 1.452236 0.8634197
vt 1.46295 0.8179659
vt 1.379272 1.089086
vt 1.347278 1.217293
vt 1.411294 0.9429398
vt 1.433897 0.8640478
vt 1.445664 0.8190947
vt 1.461172 0.7691195
vt 1.350558 1.088227
vt 1.314412 1.215845
vt 1.321344 1.086871
vt 1.385693 0.9415445
vt 1.360963 0.9401106
vt 1.335218 0.9384698
vt 1.414454 0.8633572
vt 1.429645 0.8194023
vt 1.446517 0.7695642
vt 1.453146 0.6902266
vt 1.394856 0.8620003
vt 1.375625 0.8602335
vt 1.35416 0.8578743
vt 1.414595 0.8191353
vt 1.432154 0.7695116
vt 1.441952 0.6910095
vt 1.442404 0.6164458
vt 1.401122 0.8183747
vt 1.386034 0.8175723
vt 1.368253 0.8161137
vt 1.416497 0.7691703
vt 1.43074 0.6911895
vt 1.435412 0.6172019
vt 1.422699 0.5167763
vt 1.401891 0.7690065
vt 1.387756 0.7685529
vt 1.372365 0.7676664
vt 1.418629 0.6909861
vt 1.428108 0.6173798
vt 1.422569 0.5167865
vt 1.407323 0.6906325
vt 1.395834 0.6900625
vt 1.383962 0.6891767
vt 1.420362 0.6172148
vt 1.422447 0.5167906
vt 1.413101 0.6168847
vt 1.422328 0.5167893
vt 1.405921 0.6164708
vt 1.422203 0.5167821
vt 1.398368 0.6158473
vt 1.422068 0.5167686
vt 0.1857832 1.606841
vt 0.2033869 1.608533
vt 0.2099625 1.595733
vt 0.1747552 1.592348
vt 0.1989345 1.58124
vt 0.1813309 1.579548
vt 1.623159 1.383993
vt 1.592443 1.386
vt 1.598753 1.501904
vt 1.62492 1.493696
vt 1.634361 1.583109
vt 1.653549 1.382773
vt 1.649887 1.574171
vt 1.653273 1.488426
vt 1.681792 1.382017
vt 1.666303 1.568459
vt 1.682344 1.486542
vt 1.710198 1.382294
vt 1.682142 1.566641
vt 1.711348 1.488104
vt 1.740837 1.3832
vt 1.698064 1.568486
vt 1.739241 1.493149
vt 1.77159 1.385325
vt 1.71458 1.574227
vt 1.765069 1.501266
vt 1.730141 1.583109
vt 1.578488 0.01366328
vt 1.551941 0.01338594
vt 1.55374 0.09133904
vt 1.573834 0.0916779
vt 1.606331 0.01559179
vt 1.553019 0.1609277
vt 1.593294 0.09326529
vt 1.631462 0.01881265
vt 1.57035 0.16104
vt 1.551941 0.2513033
vt 1.612877 0.09571039
vt 1.657504 0.02330809
vt 1.63321 0.0992524
vt 1.584223 0.161805
vt 1.562393 0.2514177
vt 1.557447 0.3458927
vt 1.598032 0.1630769
vt 1.611777 0.1650467
vt 1.572085 0.2523095
vt 1.557591 0.3458973
vt 1.583368 0.253486
vt 1.557694 0.345907
vt 1.593044 0.2548345
vt 1.557796 0.3459244
vt 0.732602 1.425758
vt 0.7234209 1.425728
vt 0.7246536 1.461792
vt 0.7311348 1.461903
vt 0.7422464 1.426317
vt 0.7234209 1.497686
vt 0.7370754 1.462298
vt 0.7509471 1.427258
vt 0.7277154 1.497792
vt 0.725565 1.545398
vt 0.7430761 1.462956
vt 0.7599905 1.428656
vt 0.7497514 1.463969
vt 0.7322685 1.498134
vt 0.7256246 1.5454
vt 0.7365554 1.498545
vt 0.7256773 1.545404
vt 0.7407954 1.499188
vt 0.725738 1.545413
vt 0.406538 0.01346295
vt 0.3895735 0.01338612
vt 0.3912029 0.08039706
vt 0.4031681 0.08059006
vt 0.4246512 0.0144093
vt 0.3895735 0.1438237
vt 0.4149763 0.08118545
vt 0.4397071 0.01579022
vt 0.4002717 0.1440871
vt 0.3897087 0.2041208
vt 0.4282312 0.08242499
vt 0.4547405 0.01746988
vt 0.4418417 0.08394384
vt 0.4099228 0.1444482
vt 0.3964029 0.2041329
vt 0.3950145 0.2867426
vt 0.4182822 0.1451818
vt 0.4273092 0.1461841
vt 0.40285 0.204473
vt 0.3951233 0.2867438
vt 0.4102237 0.2049617
vt 0.3952124 0.2867488
vt 0.4167367 0.2056582
vt 0.3953133 0.2867603
vt 0.239588 1.466308
vt 0.239588 1.452635
vt 0.2253847 1.445494
vt 0.2253851 1.472839
vt 0.2111819 1.452025
vt 0.2111819 1.465698
vt 1.740782 1.708267
vt 1.77159 1.700387
vt 1.760822 1.640822
vt 1.735331 1.65345
vt 1.727801 1.583109
vt 1.709694 1.712838
vt 1.71277 1.594466
vt 1.708104 1.662253
vt 1.68025 1.714269
vt 1.696417 1.602483
vt 1.680124 1.665339
vt 1.650099 1.712532
vt 1.680195 1.605263
vt 1.651555 1.661961
vt 1.618961 1.708102
vt 1.663583 1.602307
vt 1.624536 1.653349
vt 1.588745 1.70055
vt 1.647194 1.594378
vt 1.599793 1.641015
vt 1.632571 1.583109
vt 0.3192557 0.01731675
vt 0.297682 0.0202518
vt 0.3340405 0.1783574
vt 0.348398 0.1762263
vt 0.3756451 0.2805664
vt 0.3398617 0.01517629
vt 0.3622273 0.174601
vt 0.3757587 0.280548
vt 0.365293 0.01370137
vt 0.3761608 0.1737858
vt 0.3758927 0.2805373
vt 0.3895733 0.01338565
vt 0.389573 0.1738752
vt 0.3760584 0.2805375
vt 2.271512 0.4437711
vt 2.294307 0.4409736
vt 2.272403 0.3508602
vt 2.255417 0.3524043
vt 2.246752 0.4456152
vt 2.258527 0.2589699
vt 2.237887 0.3535482
vt 2.224161 0.4462167
vt 2.244962 0.2599203
vt 2.240122 0.1508764
vt 2.222934 0.3546178
vt 2.200192 0.4460568
vt 2.205521 0.354989
vt 2.231013 0.2606058
vt 2.23058 0.1516763
vt 2.206357 0.01338553
vt 2.215872 0.2615045
vt 2.200192 0.2621447
vt 2.220006 0.1522163
vt 2.206196 0.01340287
vt 2.211 0.1527929
vt 2.206036 0.01341259
vt 2.201659 0.1530567
vt 2.205838 0.0134173
vt 0.9903377 1.42604
vt 0.9773079 1.425729
vt 0.9773079 1.505182
vt 0.9841712 1.505132
vt 0.9833676 1.563888
vt 1.000797 1.426418
vt 0.9907313 1.505286
vt 0.9834493 1.563888
vt 1.011681 1.427425
vt 0.9977962 1.506001
vt 0.9835176 1.563893
vt 1.022174 1.429036
vt 1.004168 1.507208
vt 0.9835865 1.563904
vt 0.7898498 1.044364
vt 0.8302473 1.038849
vt 0.7990898 0.9112755
vt 0.7654372 0.915284
vt 0.7490647 1.04866
vt 0.7706168 0.7852745
vt 0.7313821 0.918456
vt 0.705473 1.051659
vt 0.7439414 0.7890466
vt 0.7243647 0.64876
vt 0.6987441 0.9200286
vt 0.6614779 1.052408
vt 0.6627002 0.9204419
vt 0.7157984 0.7917943
vt 0.7102191 0.6514044
vt 0.6787625 0.5167498
vt 0.6877713 0.7934958
vt 0.6614779 0.7938067
vt 0.6969451 0.6529242
vt 0.6785931 0.5167744
vt 0.6834189 0.653706
vt 0.6783677 0.5167931
vt 0.6679661 0.6534443
vt 0.6781889 0.5167974
vt 2.229093 1.426004
vt 2.214563 1.425729
vt 2.214563 1.487213
vt 2.226083 1.487425
vt 2.243544 1.426786
vt 2.215348 1.546587
vt 2.237141 1.487966
vt 2.259712 1.428466
vt 2.222037 1.546663
vt 2.218256 1.623233
vt 2.247226 1.488976
vt 2.274887 1.430836
vt 2.257387 1.490444
vt 2.228657 1.547068
vt 2.218371 1.623237
vt 2.235929 1.547913
vt 2.218467 1.623244
vt 2.242927 1.548924
vt 2.21855 1.623257
vt 2.171769 1.426049
vt 2.156384 1.425728
vt 2.156384 1.486748
vt 2.167091 1.486949
vt 2.185748 1.426815
vt 2.156994 1.554563
vt 2.178133 1.487654
vt 2.199746 1.427988
vt 2.163933 1.554559
vt 2.163322 1.619491
vt 2.189756 1.488664
vt 2.214563 1.429716
vt 2.201008 1.490095
vt 2.170733 1.554802
vt 2.163395 1.619492
vt 2.177401 1.555439
vt 2.163477 1.619498
vt 2.184043 1.556434
vt 2.163571 1.61951
vt 1.285476 1.105609
vt 1.314412 1.101742
vt 1.298244 0.9580183
vt 1.270009 0.9603811
vt 1.256366 1.108132
vt 1.26446 0.8136581
vt 1.240559 0.9625166
vt 1.222565 1.107797
vt 1.245752 0.8157534
vt 1.240375 0.6800774
vt 1.215559 0.9638752
vt 1.187901 1.107278
vt 1.190433 0.9645836
vt 1.228678 0.8172748
vt 1.227543 0.6814814
vt 1.199271 0.5167498
vt 1.209514 0.8181052
vt 1.188497 0.8187014
vt 1.213569 0.6824037
vt 1.199057 0.5167726
vt 1.200808 0.6829852
vt 1.198874 0.5167826
vt 1.187901 0.6830339
vt 1.198665 0.5167841
vt 2.680111 1.680851
vt 2.698912 1.678768
vt 2.668232 1.532216
vt 2.657853 1.533705
vt 2.635576 1.425728
vt 2.658016 1.682684
vt 2.646842 1.534756
vt 2.635413 1.425749
vt 2.641264 1.683261
vt 2.636335 1.534995
vt 2.63525 1.42576
vt 2.62449 1.68322
vt 2.62449 1.534848
vt 2.635128 1.425761
vt 1.165477 0.01549362
vt 1.150245 0.01687246
vt 1.169074 0.1350672
vt 1.181242 0.1338906
vt 1.210287 0.3157967
vt 1.180745 0.01438766
vt 1.194033 0.1328586
vt 1.210413 0.3157833
vt 1.198961 0.01362138
vt 1.205103 0.1323805
vt 1.210545 0.3157751
vt 1.21608 0.01338553
vt 1.21608 0.1322303
vt 1.210644 0.3157736
vt 2.10181 0.01935368
vt 2.071151 0.02413862
vt 2.097988 0.1180583
vt 2.123384 0.114253
vt 2.132665 0.01570009
vt 2.121419 0.2014378
vt 2.146755 0.1117186
vt 2.167237 0.01341926
vt 2.140533 0.198608
vt 2.150368 0.3226389
vt 2.171941 0.1103586
vt 2.200192 0.01338553
vt 2.196497 0.1102654
vt 2.158189 0.1966854
vt 2.162575 0.3207439
vt 2.190589 0.4370089
vt 2.175587 0.1954325
vt 2.194011 0.1950068
vt 2.174492 0.3195444
vt 2.190742 0.4369861
vt 2.187798 0.3186386
vt 2.190878 0.4369745
vt 2.200192 0.318408
vt 2.191025 0.436972
vt 1.397177 1.598445
vt 1.407386 1.59761
vt 1.400069 1.552778
vt 1.391899 1.553558
vt 1.387986 1.599053
vt 1.387816 1.495343
vt 1.383387 1.554078
vt 1.378805 1.599504
vt 1.382869 1.495909
vt 1.372294 1.425729
vt 1.375295 1.554579
vt 1.367497 1.599764
vt 1.367497 1.554712
vt 1.378016 1.496251
vt 1.372193 1.425738
vt 1.373008 1.496411
vt 1.37211 1.425742
vt 1.368033 1.496442
vt 1.37203 1.425743
vt 2.444382 0.01876801
vt 2.411798 0.02422559
vt 2.441621 0.1192214
vt 2.466316 0.1153415
vt 2.47916 0.01503842
vt 2.464928 0.2051798
vt 2.491899 0.1124973
vt 2.51087 0.01355683
vt 2.483308 0.2027147
vt 2.493486 0.3330317
vt 2.515862 0.1111069
vt 2.544 0.01338547
vt 2.541149 0.1106507
vt 2.501507 0.2009216
vt 2.506211 0.3311254
vt 2.53574 0.449922
vt 2.520915 0.1999456
vt 2.54158 0.1993388
vt 2.519806 0.3296224
vt 2.535878 0.4499008
vt 2.53183 0.3288912
vt 2.536027 0.4498886
vt 2.544 0.3287637
vt 2.5362 0.4498847
vt 1.509849 1.60085
vt 1.521779 1.601079
vt 1.521612 1.55282
vt 1.513332 1.552618
vt 1.498533 1.600079
vt 1.521779 1.497302
vt 1.504625 1.552133
vt 1.488371 1.599168
vt 1.516532 1.497203
vt 1.521063 1.425765
vt 1.496068 1.551264
vt 1.478251 1.598032
vt 1.487527 1.550286
vt 1.511701 1.496881
vt 1.520962 1.425761
vt 1.507009 1.496377
vt 1.52086 1.425753
vt 1.502235 1.495688
vt 1.520778 1.425743
vt 2.571732 0.4731081
vt 2.596477 0.4773957
vt 2.625335 0.3667619
vt 2.604615 0.3646394
vt 2.545905 0.4678633
vt 2.62682 0.2514946
vt 2.583794 0.3621271
vt 2.61054 0.2533483
vt 2.564411 0.1196167
vt 2.59245 0.2551613
vt 2.555691 0.1203716
vt 2.575104 0.01342522
vt 2.545905 0.1208134
vt 2.574952 0.0134083
vt 0.4059147 0.5213313
vt 0.3798981 0.5266907
vt 0.418753 0.6331545
vt 0.4390711 0.6307019
vt 0.4336662 0.51675
vt 0.4278199 0.7307984
vt 0.4597013 0.6289423
vt 0.4429416 0.7321066
vt 0.3798981 0.8725184
vt 0.4594124 0.7339554
vt 0.3903107 0.8726739
vt 0.4221914 0.9956229
vt 0.4019335 0.8733345
vt 0.4223346 0.9955999
vt 1.470881 1.600194
vt 1.478251 1.59961
vt 1.464604 1.506515
vt 1.460427 1.506878
vt 1.450627 1.425729
vt 1.463947 1.600605
vt 1.456535 1.507121
vt 1.45053 1.425736
vt 1.455911 1.600888
vt 1.452449 1.507269
vt 1.450406 1.425742
vt 1.448505 1.600976
vt 1.448505 1.507277
vt 1.450294 1.425743
vt 2.547132 1.672429
vt 2.559139 1.671453
vt 2.547702 1.595852
vt 2.538699 1.59655
vt 2.534994 1.673145
vt 2.541157 1.545569
vt 2.530064 1.596975
vt 2.522889 1.673523
vt 2.533394 1.546194
vt 2.52884 1.474661
vt 2.520707 1.597225
vt 2.51078 1.67362
vt 2.511243 1.597242
vt 2.525372 1.546766
vt 2.524605 1.475151
vt 2.515977 1.425729
vt 2.518559 1.547051
vt 2.511764 1.547157
vt 2.520278 1.475468
vt 2.515898 1.425737
vt 2.51557 1.475562
vt 2.515833 1.42574
vt 2.510779 1.475565
vt 2.515779 1.42574
vt 1.201168 1.576452
vt 1.209281 1.575615
vt 1.195936 1.506989
vt 1.191553 1.507464
vt 1.179103 1.425728
vt 1.192342 1.577036
vt 1.187011 1.507809
vt 1.178983 1.42574
vt 1.185105 1.577292
vt 1.182562 1.50796
vt 1.17887 1.425747
vt 1.177862 1.577372
vt 1.177862 1.508029
vt 1.178778 1.425749
vt 1.483213 0.017372
vt 1.460497 0.02031582
vt 1.483277 0.1148385
vt 1.500122 0.1125452
vt 1.505442 0.01529395
vt 1.512254 0.2199909
vt 1.518177 0.1108417
vt 1.527698 0.01394563
vt 1.5215 0.2185929
vt 1.545033 0.3357477
vt 1.534979 0.1098497
vt 1.55194 0.01338553
vt 1.55194 0.1095962
vt 1.530779 0.2177208
vt 1.545193 0.3357277
vt 1.539924 0.2172683
vt 1.545366 0.3357145
vt 1.550035 0.2172076
vt 1.545508 0.3357104
vt 2.575072 1.427265
vt 2.559139 1.42924
vt 2.57377 1.508803
vt 2.587026 1.507314
vt 2.591087 1.425997
vt 2.592134 1.585079
vt 2.600573 1.506079
vt 2.608045 1.425793
vt 2.599517 1.584092
vt 2.617888 1.682733
vt 2.612442 1.50551
vt 2.62449 1.425728
vt 2.62449 1.505397
vt 2.607205 1.583427
vt 2.618048 1.682715
vt 2.61516 1.58325
vt 2.618183 1.682706
vt 2.623516 1.583166
vt 2.618286 1.682704
vt 0.9732717 0.3086395
vt 0.999921 0.3090141
vt 0.9978314 0.2131792
vt 0.9801783 0.2126688
vt 0.9454312 0.3067001
vt 0.999921 0.1158534
vt 0.9633083 0.2110716
vt 0.9197647 0.303131
vt 0.9894081 0.1155304
vt 0.9982697 0.01346361
vt 0.9442325 0.2084329
vt 0.8936437 0.2982
vt 0.9263648 0.2050654
vt 0.9790549 0.1146984
vt 0.9981437 0.01345705
vt 0.9695094 0.1133327
vt 0.9979861 0.01343881
vt 0.9597947 0.1113142
vt 0.9978532 0.01341539
vt 1.983998 1.611108
vt 1.994636 1.614199
vt 1.994636 1.562548
vt 1.98666 1.562784
vt 1.974621 1.612238
vt 1.989914 1.51243
vt 1.977751 1.562756
vt 1.964539 1.614628
vt 1.985184 1.512502
vt 1.987885 1.425755
vt 1.969674 1.562302
vt 1.954363 1.612572
vt 1.961699 1.561643
vt 1.981027 1.51242
vt 1.987754 1.425753
vt 1.976545 1.512118
vt 1.98765 1.425748
vt 1.97219 1.511638
vt 1.987554 1.42574
vt 1.036624 0.01562398
vt 0.9999207 0.0216155
vt 1.026177 0.1197979
vt 1.054908 0.1160609
vt 1.075199 0.01338553
vt 1.045909 0.2152217
vt 1.081728 0.1148388
vt 1.112358 0.01359057
vt 1.069432 0.2110998
vt 1.097703 0.311969
vt 1.112399 0.1143962
vt 1.150246 0.01338553
vt 1.142171 0.1145833
vt 1.091705 0.2090479
vt 1.097831 0.311947
vt 1.112103 0.209143
vt 1.097994 0.3119407
vt 1.135379 0.2114573
vt 1.098134 0.3119525
vt 0.8705612 0.3043385
vt 0.8936431 0.3039479
vt 0.8880013 0.2105443
vt 0.8696322 0.2112066
vt 0.8733364 0.09403335
vt 0.8500909 0.3043385
vt 0.8497944 0.2111475
vt 0.8626539 0.09493934
vt 0.8297524 0.3040006
vt 0.8317443 0.2111517
vt 0.8520529 0.09516918
vt 0.8048269 0.3029515
vt 0.8146365 0.2102942
vt 0.8413243 0.09464859
vt 0.5864804 0.5168433
vt 0.5627417 0.5167497
vt 0.5639533 0.6248219
vt 0.5839663 0.6249971
vt 0.6101562 0.5177367
vt 0.5650365 0.7308418
vt 0.6023859 0.6256417
vt 0.6365596 0.5192666
vt 0.5800447 0.7309597
vt 0.5627415 0.8827784
vt 0.6224028 0.6269941
vt 0.6614773 0.5214459
vt 0.6415133 0.6288732
vt 0.5939263 0.7314044
vt 0.5723724 0.882836
vt 0.5696754 1.027486
vt 0.6079084 0.7321846
vt 0.6222103 0.7334539
vt 0.5815669 0.8831984
vt 0.5698663 1.027488
vt 0.5918215 0.8838181
vt 0.5700332 1.027496
vt 0.6013101 0.8846913
vt 0.5702114 1.027513
vt 1.355286 1.597552
vt 1.367497 1.597793
vt 1.367497 1.50661
vt 1.361047 1.506585
vt 1.363382 1.425764
vt 1.345332 1.597045
vt 1.354749 1.506251
vt 1.36327 1.425762
vt 1.335404 1.596295
vt 1.348101 1.505732
vt 1.363178 1.425756
vt 1.32517 1.595267
vt 1.34188 1.505027
vt 1.363083 1.425745
vt 2.758934 1.433528
vt 2.748431 1.43263
vt 2.74852 1.506338
vt 2.756566 1.506403
vt 2.77134 1.426004
vt 2.748431 1.559
vt 2.764234 1.506616
vt 2.782243 1.425729
vt 2.755327 1.559009
vt 2.750882 1.633488
vt 2.772621 1.507017
vt 2.792024 1.433551
vt 2.780979 1.507572
vt 2.76247 1.559075
vt 2.754677 1.633381
vt 2.756473 1.685152
vt 2.768537 1.559285
vt 2.774554 1.559629
vt 2.758541 1.633411
vt 2.756555 1.68515
vt 2.762697 1.633631
vt 2.756624 1.685151
vt 2.766913 1.633924
vt 2.756679 1.685155
vt 2.290606 1.42578
vt 2.274887 1.425728
vt 2.276998 1.487474
vt 2.288094 1.487666
vt 2.307118 1.426736
vt 2.274887 1.54893
vt 2.298265 1.488341
vt 2.322015 1.428346
vt 2.282239 1.549112
vt 2.278559 1.630621
vt 2.30854 1.489467
vt 2.337499 1.43074
vt 2.319968 1.491201
vt 2.290035 1.549698
vt 2.278661 1.630624
vt 2.297376 1.5504
vt 2.278751 1.630631
vt 2.304635 1.551501
vt 2.278855 1.630646
vt 1.954688 0.4064326
vt 1.97783 0.4065115
vt 1.975521 0.3157915
vt 1.958169 0.3155879
vt 1.930356 0.4053104
vt 1.975832 0.2353538
vt 1.941465 0.314581
vt 1.908276 0.403285
vt 1.9624 0.2350434
vt 1.977831 0.1330543
vt 1.92385 0.3130244
vt 1.885325 0.4004195
vt 1.906134 0.3107756
vt 1.949044 0.2343633
vt 1.969365 0.1328937
vt 1.975278 0.01344179
vt 1.937047 0.2333921
vt 1.924768 0.2319974
vt 1.961059 0.1324233
vt 1.975104 0.01343667
vt 1.952094 0.1315926
vt 1.974961 0.01342624
vt 1.943684 0.1306165
vt 1.974826 0.01341014
vt 1.322704 0.3282999
vt 1.339398 0.3270307
vt 1.319003 0.203651
vt 1.307884 0.2052197
vt 1.304672 0.3291604
vt 1.305327 0.1402484
vt 1.29763 0.2061842
vt 1.290127 0.3296071
vt 1.299076 0.1411317
vt 1.281118 0.01338553
vt 1.286976 0.2060977
vt 1.276628 0.3296925
vt 1.276628 0.206014
vt 1.292122 0.141908
vt 1.280926 0.0134021
vt 1.28606 0.1418836
vt 1.280754 0.01341145
vt 1.279319 0.1415831
vt 1.280612 0.01341515
vt 0.7830753 0.3031355
vt 0.8048267 0.3035443
vt 0.8033153 0.2107496
vt 0.7874028 0.2103939
vt 0.76294 0.3020425
vt 0.8048267 0.1124644
vt 0.7737823 0.2100883
vt 0.74486 0.3007245
vt 0.7946038 0.1122439
vt 0.7965882 0.01343822
vt 0.7581982 0.2088771
vt 0.7276076 0.2989346
vt 0.7433445 0.2072292
vt 0.7837042 0.111812
vt 0.7964522 0.01343637
vt 0.7736787 0.1110344
vt 0.7963433 0.01342802
vt 0.7640257 0.1094708
vt 0.7962255 0.01341074
vt 0.5888705 1.427669
vt 0.5795394 1.428816
vt 0.5960199 1.48732
vt 0.6011493 1.486598
vt 0.612555 1.530181
vt 0.5995733 1.426602
vt 0.6065016 1.485956
vt 0.6126168 1.530171
vt 0.6082293 1.425905
vt 0.6116848 1.485535
vt 0.6126783 1.530166
vt 0.6173463 1.425728
vt 0.6173467 1.485546
vt 0.6127304 1.530165
vt 1.117721 1.425729
vt 1.110642 1.426049
vt 1.114741 1.489586
vt 1.120192 1.489323
vt 1.124461 1.425736
vt 1.121722 1.539042
vt 1.125545 1.489273
vt 1.131464 1.425784
vt 1.124827 1.538801
vt 1.128693 1.572586
vt 1.131308 1.489245
vt 1.138939 1.425729
vt 1.136574 1.489228
vt 1.12759 1.538763
vt 1.128733 1.572583
vt 1.130561 1.538715
vt 1.128782 1.572582
vt 1.133652 1.538737
vt 1.12883 1.572583
vt 1.216684 1.425728
vt 1.209281 1.426063
vt 1.213566 1.492501
vt 1.219265 1.492226
vt 1.223731 1.425736
vt 1.220865 1.544215
vt 1.224863 1.492174
vt 1.231053 1.425787
vt 1.224112 1.543962
vt 1.228153 1.579289
vt 1.230889 1.492144
vt 1.238869 1.425728
vt 1.236396 1.492126
vt 1.227001 1.543922
vt 1.228194 1.579286
vt 1.230107 1.543872
vt 1.228246 1.579285
vt 1.23334 1.543895
vt 1.228297 1.579286
vt 0.5293552 0.2900535
vt 0.554327 0.2904045
vt 0.5523688 0.2006024
vt 0.535827 0.2001238
vt 0.5032675 0.2882362
vt 0.5543267 0.1094031
vt 0.5200191 0.1986272
vt 0.4792168 0.284892
vt 0.5444759 0.1091005
vt 0.5527799 0.01345866
vt 0.5021438 0.1961546
vt 0.4547399 0.2802712
vt 0.4854012 0.1929991
vt 0.5347744 0.1083209
vt 0.5526621 0.01345246
vt 0.5258303 0.1070411
vt 0.5525145 0.01343542
vt 0.5167269 0.1051496
vt 0.5523899 0.01341336
vt 1.148017 1.427352
vt 1.138939 1.428308
vt 1.147373 1.47439
vt 1.154944 1.473536
vt 1.157129 1.426587
vt 1.160192 1.521386
vt 1.162507 1.472861
vt 1.16717 1.42594
vt 1.16413 1.52075
vt 1.175938 1.57519
vt 1.170137 1.472455
vt 1.177862 1.425728
vt 1.177862 1.472361
vt 1.168431 1.520303
vt 1.176003 1.575181
vt 1.172601 1.520067
vt 1.176066 1.575176
vt 1.176999 1.520015
vt 1.176142 1.575173
vt 2.496295 1.668706
vt 2.51078 1.6675
vt 2.49582 1.568401
vt 2.484899 1.569237
vt 2.481774 1.669626
vt 2.479356 1.465359
vt 2.473566 1.569882
vt 2.467213 1.670248
vt 2.47238 1.466378
vt 2.461315 1.425729
vt 2.462485 1.57032
vt 2.450564 1.67051
vt 2.45103 1.57046
vt 2.465158 1.467089
vt 2.461268 1.425737
vt 2.457959 1.467323
vt 2.461219 1.42574
vt 2.450564 1.467038
vt 2.461158 1.425737
vt 1.864557 0.4007276
vt 1.885325 0.4009706
vt 1.883978 0.3473099
vt 1.8666 0.3474091
vt 1.842862 0.3999143
vt 1.881367 0.2924557
vt 1.84865 0.3467882
vt 1.823925 0.3986447
vt 1.867846 0.2925581
vt 1.885325 0.2143421
vt 1.831015 0.3455918
vt 1.804369 0.3964854
vt 1.812351 0.3437677
vt 1.853721 0.2913331
vt 1.873624 0.2144753
vt 1.881701 0.1445196
vt 1.839874 0.2900761
vt 1.82515 0.2888194
vt 1.861258 0.2135671
vt 1.873614 0.1445765
vt 1.882463 0.08833831
vt 1.84964 0.2123632
vt 1.838244 0.2116256
vt 1.86685 0.1443622
vt 1.876914 0.08828711
vt 1.877658 0.01341336
vt 1.860146 0.143968
vt 1.851818 0.1431453
vt 1.871284 0.08806609
vt 1.877562 0.01341259
vt 1.865437 0.08780449
vt 1.877478 0.01340859
vt 1.859806 0.08719175
vt 1.877385 0.01339924
vt 2.368267 1.653127
vt 2.378088 1.652357
vt 2.372242 1.605689
vt 2.363912 1.606168
vt 2.358427 1.653655
vt 2.365827 1.554547
vt 2.355257 1.606537
vt 2.348561 1.653916
vt 2.359016 1.55508
vt 2.353434 1.485217
vt 2.346871 1.606787
vt 2.337499 1.654029
vt 2.338199 1.606842
vt 2.351759 1.555602
vt 2.34957 1.485634
vt 2.340115 1.425728
vt 2.345069 1.555897
vt 2.338309 1.55602
vt 2.345657 1.485928
vt 2.34003 1.425737
vt 2.341701 1.486075
vt 2.33995 1.425741
vt 2.337499 1.486121
vt 2.33988 1.425743
vt 0.3716401 1.501956
vt 0.3760845 1.501525
vt 0.3689418 1.461161
vt 0.3661512 1.46147
vt 0.3594076 1.425728
vt 0.3671805 1.502276
vt 0.3631905 1.461725
vt 0.3593667 1.425733
vt 0.3625541 1.502492
vt 0.3604003 1.461862
vt 0.3593243 1.425736
vt 0.3575252 1.502573
vt 0.3575251 1.461882
vt 0.3592718 1.425737
vt 0.6584761 1.425728
vt 0.653707 1.425728
vt 0.6542861 1.462075
vt 0.6581464 1.462034
vt 0.6628239 1.425781
vt 0.6555651 1.486421
vt 0.6620333 1.462077
vt 0.6671649 1.425877
vt 0.6583022 1.486399
vt 0.6561623 1.519457
vt 0.665803 1.462144
vt 0.6719519 1.426042
vt 0.6694443 1.462278
vt 0.6610264 1.486444
vt 0.6579576 1.519427
vt 0.6589264 1.541746
vt 0.6639681 1.486573
vt 0.6669772 1.486736
vt 0.6597791 1.519427
vt 0.6589505 1.541745
vt 0.6614367 1.519492
vt 0.6589783 1.541746
vt 0.6631269 1.51962
vt 0.6590133 1.541748
vt 0.4557369 1.515401
vt 0.4628071 1.515556
vt 0.4628071 1.486915
vt 0.4579659 1.486796
vt 0.4490345 1.515005
vt 0.4627823 1.459509
vt 0.4530739 1.486456
vt 0.4424781 1.514402
vt 0.459592 1.459449
vt 0.4613922 1.425749
vt 0.447611 1.485832
vt 0.4359415 1.513599
vt 0.4423811 1.485097
vt 0.456511 1.459292
vt 0.461355 1.425748
vt 0.4535689 1.458954
vt 0.4613114 1.425744
vt 0.4506716 1.45847
vt 0.4612614 1.425737
vt 1.417673 1.425764
vt 1.407386 1.425729
vt 1.408412 1.466054
vt 1.416126 1.466144
vt 1.428488 1.426262
vt 1.408274 1.501809
vt 1.423551 1.466592
vt 1.438303 1.427163
vt 1.414245 1.501947
vt 1.407386 1.547281
vt 1.43138 1.467284
vt 1.448505 1.428436
vt 1.439256 1.468284
vt 1.420181 1.502249
vt 1.411149 1.547353
vt 1.40852 1.60045
vt 1.425515 1.502681
vt 1.430972 1.503301
vt 1.41484 1.547562
vt 1.408598 1.600452
vt 1.418825 1.547931
vt 1.408661 1.600457
vt 1.422564 1.548365
vt 1.408721 1.600464
vt 1.999601 0.01592105
vt 1.977831 0.0179572
vt 1.986322 0.07949912
vt 2.006879 0.07739597
vt 2.022453 0.01476132
vt 2.002463 0.141701
vt 2.028632 0.07592266
vt 2.046216 0.01381307
vt 2.018016 0.1399354
vt 2.019252 0.2195726
vt 2.048471 0.07534396
vt 2.071151 0.01338553
vt 2.069263 0.0756365
vt 2.034764 0.1380581
vt 2.03127 0.21865
vt 2.030955 0.2995603
vt 2.049317 0.137013
vt 2.064492 0.1375653
vt 2.042113 0.2173088
vt 2.040607 0.2985829
vt 2.044825 0.3557393
vt 2.05351 0.2163623
vt 2.066232 0.2163257
vt 2.050913 0.2978929
vt 2.050747 0.3549265
vt 2.061333 0.4135505
vt 2.061222 0.2973848
vt 2.071151 0.2972577
vt 2.056139 0.3545139
vt 2.061404 0.4135425
vt 2.061441 0.3543359
vt 2.061487 0.413538
vt 2.067042 0.3544724
vt 2.061568 0.413538
vt 2.73612 1.683258
vt 2.748431 1.682016
vt 2.73756 1.62458
vt 2.728167 1.625491
vt 2.723061 1.684103
vt 2.728781 1.572426
vt 2.718333 1.626189
vt 2.711277 1.684441
vt 2.721828 1.573016
vt 2.717781 1.495956
vt 2.709345 1.626527
vt 2.698912 1.684479
vt 2.699991 1.626644
vt 2.714786 1.57345
vt 2.713026 1.49641
vt 2.701868 1.425728
vt 2.707526 1.573667
vt 2.699867 1.573807
vt 2.707941 1.496767
vt 2.701786 1.425736
vt 2.703454 1.496944
vt 2.701699 1.425741
vt 2.698912 1.496978
vt 2.701596 1.425743
vt 0.3922451 1.509226
vt 0.3977824 1.508599
vt 0.3884196 1.464596
vt 0.3854271 1.464979
vt 0.3781977 1.425728
vt 0.3861462 1.509676
vt 0.3823414 1.465245
vt 0.3781409 1.425735
vt 0.3811184 1.509874
vt 0.3793022 1.465349
vt 0.3780854 1.425739
vt 0.3760847 1.509938
vt 0.3760847 1.465371
vt 0.3780407 1.425739
vt 0.8980951 1.425729
vt 0.8928071 1.425729
vt 0.8934498 1.466028
vt 0.8977291 1.465983
vt 0.9029154 1.425787
vt 0.894868 1.493022
vt 0.9020392 1.46603
vt 0.9077286 1.425893
vt 0.8979024 1.492998
vt 0.8955302 1.529652
vt 0.9062189 1.466104
vt 0.9130362 1.426076
vt 0.910257 1.466253
vt 0.900923 1.493047
vt 0.8975208 1.529619
vt 0.8985955 1.554366
vt 0.9041851 1.493191
vt 0.9075214 1.493371
vt 0.8995409 1.529618
vt 0.8986221 1.554365
vt 0.9013786 1.52969
vt 0.8986529 1.554366
vt 0.9032523 1.529832
vt 0.8986922 1.554368
vt 0.5495479 1.526076
vt 0.5569382 1.526216
vt 0.5569382 1.49494
vt 0.5510787 1.494832
vt 0.5421968 1.525678
vt 0.5565392 1.464738
vt 0.5454537 1.494557
vt 0.5339723 1.524824
vt 0.553137 1.464699
vt 0.5550603 1.42575
vt 0.5403239 1.494044
vt 0.5262535 1.523618
vt 0.5351552 1.493297
vt 0.5497692 1.464493
vt 0.555002 1.425749
vt 0.5460697 1.464064
vt 0.554953 1.425744
vt 0.5425106 1.463549
vt 0.5549104 1.425738
vt 2.122198 1.425767
vt 2.110792 1.425728
vt 2.11193 1.470441
vt 2.120482 1.470541
vt 2.13419 1.426321
vt 2.111777 1.510085
vt 2.128715 1.471037
vt 2.145072 1.427319
vt 2.118397 1.510238
vt 2.110792 1.560503
vt 2.137396 1.471804
vt 2.156384 1.428731
vt 2.146128 1.472913
vt 2.124979 1.510573
vt 2.114964 1.560583
vt 2.112051 1.619456
vt 2.130892 1.511052
vt 2.136944 1.511739
vt 2.119057 1.560814
vt 2.112135 1.619458
vt 2.123476 1.561224
vt 2.112207 1.619463
vt 2.127621 1.561705
vt 2.112274 1.619471
vt 0.1817772 1.557484
vt 0.1854769 1.572113
vt 0.198628 1.578415
vt 0.2080793 1.570088
vt 0.1912286 1.549156
vt 0.2043796 1.555458
vt 0.1104177 0.2537788
vt 0.06069577 0.255497
vt 0.06643581 0.3796058
vt 0.1118771 0.3727308
vt 0.1089335 0.49457
vt 0.1595643 0.2533772
vt 0.1357187 0.4873405
vt 0.1575118 0.3696435
vt 0.2062041 0.2547773
vt 0.1628381 0.4839576
vt 0.2002596 0.3707971
vt 0.2557641 0.2589997
vt 0.1888364 0.4847387
vt 0.2426978 0.3762781
vt 0.3061338 0.2668507
vt 0.215992 0.4894767
vt 0.2831811 0.3854075
vt 0.3523665 0.2772576
vt 0.242933 0.4973239
vt 0.3238038 0.3984183
vt 0.2672946 0.5077922
vt 0.5523329 0.3064811
vt 0.4821621 0.2089713
vt 0.2824042 0.470095
vt 0.5523329 0.3064811
vt 0.4821621 0.2089713
vt 0.2824042 0.470095
vt 0.4261308 0.5726451
vt 0.1815756 0.9529068
vt 0.9142353 0.5325887
vt 0.4847639 1.109389
vt 0.3444351 0.7642855
vt 1.054564 0.8776919
vt 1 0
vt 0.7634615 0.5482556
vt 0.7634615 0
vt 1 0.5482556
vt 0.5523329 0.3064811
vt 0.4821621 0.2089713
vt 0.2824042 0.470095
vt 0.4261308 0.5726451
vt 0.1815756 0.9529068
vt 0.5523329 0.3064811
vt 0.4821621 0.2089713
vt 0.2824042 0.470095
vt 0.4261308 0.5726451
vt 0.1815756 0.9529068
vt 1 0
vt 0.7634615 0.5482556
vt 0.7634615 0
vt 1 0.5482556
vt 0.5523329 0.3064811
vt 0.4821621 0.2089713
vt 0.2824042 0.470095
vt 0.4261308 0.5726451
vt 0.1815756 0.9529068
vt 0.5523329 0.3064811
vt 0.4821621 0.2089713
vt 0.2824042 0.470095
vt 0.4261308 0.5726451
vt 0.1815756 0.9529068
vt 1 0
vt 0.7634615 0.5482556
vt 0.7634615 0
vt 1 0.5482556
vt 0.9142353 0.5325887
vt 0.4847639 1.109389
vt 0.3444351 0.7642855
vt 1.054564 0.8776919
vt 0.9142353 0.5325887
vt 0.4847639 1.109389
vt 0.3444351 0.7642855
vt 1.054564 0.8776919
vt 1 0
vt 0.7634615 0
vt 0.7634615 0.5482556
vt 1 0.5482556
vt 1 0
vt 0.7634615 0.5482556
vt 0.7634615 0
vt 1 0.5482556
vt 0.5523329 0.3064811
vt 0.4821621 0.2089713
vt 0.2824042 0.470095
vt 0.4261308 0.5726451
vt 0.1815756 0.9529068
vt 0.5523329 0.3064811
vt 0.4821621 0.2089713
vt 0.2824042 0.470095
vt 0.4261308 0.5726451
vt 0.1815756 0.9529068
vt 0.5523329 0.3064811
vt 0.4821621 0.2089713
vt 0.2824042 0.470095
vt 0.4261308 0.5726451
vt 0.1815756 0.9529068
vt 0.5523329 0.3064811
vt 0.4821621 0.2089713
vt 0.2824042 0.470095
vt 0.4261308 0.5726451
vt 0.1815756 0.9529068
vt 1 0
vt 0.7634615 0.5482556
vt 0.7634615 0
vt 1 0.5482556
vt 0.5523329 0.3064811
vt 0.4821621 0.2089713
vt 0.2824042 0.470095
vt 0.4261308 0.5726451
vt 0.1815756 0.9529068
vt 0.9142353 0.5325887
vt 0.4847639 1.109389
vt 0.3444351 0.7642855
vt 1.054564 0.8776919
vt 0.5523329 0.3064811
vt 0.4821621 0.2089713
vt 0.2824042 0.470095
vt 0.4261308 0.5726451
vt 0.1815756 0.9529068
vt 0.5848902 0.01125
vt 0.2969567 0.01125
vt 0.2837248 0.3992851
vt 0.5295023 0.4920765
vt 0.2695552 0.8268661
vt 0 0.5108107
vt 0 0.01125
vt 0.2969567 0.01125
vt 1 0
vt 0.7634615 0.5482556
vt 0.7634615 0
vt 1 0.5482556
vt 1 0
vt 0.7634615 0.5482556
vt 0.7634615 0
vt 1 0.5482556
vt 0.564891 0
vt 0 0
vt 0 0.8180038
vt 0.5648909 0.8180038
vt 0.564891 0
vt 0 0
vt 0 0.8180038
vt 0.5648909 0.8180038
vt 0.564891 0
vt 0 0
vt 0 0.8180038
vt 0.5648909 0.8180038
vt 0.5523329 0.3064811
vt 0.4821621 0.2089713
vt 0.2824042 0.470095
vt 0.4261308 0.5726451
vt 0.1815756 0.9529068
vt 0.2837248 0.3992851
vt 0.2695552 0.8268661
vt 0.5295023 0.4920765
vt 0.5848902 0.01125
vt 0.2969567 0.01125
vt 0 0.5108107
vt 0.2695552 0.8268661
vt 0.2837248 0.3992851
vt 0 0.01125
vt 0.2969567 0.01125
vt 0.5523329 0.3064811
vt 0.4821621 0.2089713
vt 0.2824042 0.470095
vt 0.4261308 0.5726451
vt 0.1815756 0.9529068
vt 0.2837248 0.3992851
vt 0.2695552 0.8268661
vt 0.5295023 0.4920765
vt 0.5848902 0.01125
vt 0.2969567 0.01125
vt 0 0.5108107
vt 0.2695552 0.8268661
vt 0.2837248 0.3992851
vt 0 0.01125
vt 0.2969567 0.01125
vt 0.5523329 0.3064811
vt 0.4821621 0.2089713
vt 0.2824042 0.470095
vt 0.4261308 0.5726451
vt 0.1815756 0.9529068
vt 0.2837248 0.3992851
vt 0.2695552 0.8268661
vt 0.5295023 0.4920765
vt 0.5848902 0.01125
vt 0.2969567 0.01125
vt 0 0.5108107
vt 0.2695552 0.8268661
vt 0.2837248 0.3992851
vt 0 0.01125
vt 0.2969567 0.01125
vt 1 0
vt 0.7634615 0.5482556
vt 0.7634615 0
vt 1 0.5482556
vt 0.9142353 0.5325887
vt 0.4847639 1.109389
vt 0.3444351 0.7642855
vt 1.054564 0.8776919
vt 0.9142353 0.5325887
vt 0.4847639 1.109389
vt 0.3444351 0.7642855
vt 1.054564 0.8776919
vt 0.5523329 0.3064811
vt 0.4821621 0.2089713
vt 0.2824042 0.470095
vt 0.4261308 0.5726451
vt 0.1815756 0.9529068
vt 0.2837248 0.3992851
vt 0.2695552 0.8268661
vt 0.5295023 0.4920765
vt 0.5848902 0.01125
vt 0.2969567 0.01125
vt 0 0.5108107
vt 0.2695552 0.8268661
vt 0.2837248 0.3992851
vt 0 0.01125
vt 0.2969567 0.01125
vt 0.5523329 0.3064811
vt 0.4821621 0.2089713
vt 0.2824042 0.470095
vt 0.4261308 0.5726451
vt 0.1815756 0.9529068
vt 0.2837248 0.3992851
vt 0.5295023 0.4920765
vt 0.2695552 0.8268661
vt 0.5848902 0.01125
vt 0.2969567 0.01125
vt 0 0.5108107
vt 0.2837248 0.3992851
vt 0.2695552 0.8268661
vt 0 0.01125
vt 0.2969567 0.01125
vt 0.5523329 0.3064811
vt 0.4821621 0.2089713
vt 0.2824042 0.470095
vt 0.4261308 0.5726451
vt 0.1815756 0.9529068
vt 1 0
vt 0.7634615 0
vt 0.7634615 0.5482556
vt 1 0.5482556
vt 0.5523329 0.3064811
vt 0.4821621 0.2089713
vt 0.2824042 0.470095
vt 0.4261308 0.5726451
vt 0.1815756 0.9529068
vt 0.2837248 0.3992851
vt 0.2695552 0.8268661
vt 0.5295023 0.4920765
vt 0.5848902 0.01125
vt 0.2969567 0.01125
vt 0 0.5108107
vt 0.2695552 0.8268661
vt 0.2837248 0.3992851
vt 0 0.01125
vt 0.2969567 0.01125
vt 0.5523329 0.3064811
vt 0.4821621 0.2089713
vt 0.2824042 0.470095
vt 0.4261308 0.5726451
vt 0.1815756 0.9529068
vt 0.2837248 0.3992851
vt 0.2695552 0.8268661
vt 0.5295023 0.4920765
vt 0.5848902 0.01125
vt 0.2969567 0.01125
vt 0 0.5108107
vt 0.2695552 0.8268661
vt 0.2837248 0.3992851
vt 0 0.01125
vt 0.2969567 0.01125
vt 0.5523329 0.3064811
vt 0.4821621 0.2089713
vt 0.2824042 0.470095
vt 0.4261308 0.5726451
vt 0.1815756 0.9529068
vt 0.2837248 0.3992851
vt 0.2695552 0.8268661
vt 0.5295023 0.4920765
vt 0.5848902 0.01125
vt 0.2969567 0.01125
vt 0 0.5108107
vt 0.2695552 0.8268661
vt 0.2837248 0.3992851
vt 0 0.01125
vt 0.2969567 0.01125
vt 1 0
vt 0.7634615 0
vt 0.7634615 0.5482556
vt 1 0.5482556
vt 0.564891 0
vt 0 0.8180038
vt 0 0
vt 0.5648909 0.8180038
vt 1 0
vt 0.7634615 0.5482556
vt 0.7634615 0
vt 1 0.5482556
vt 0.5523329 0.3064811
vt 0.4821621 0.2089713
vt 0.2824042 0.470095
vt 0.4261308 0.5726451
vt 0.1815756 0.9529068
vt 0.2837248 0.3992851
vt 0.2695552 0.8268661
vt 0.5295023 0.4920765
vt 0.5848902 0.01125
vt 0.2969567 0.01125
vt 0 0.5108107
vt 0.2695552 0.8268661
vt 0.2837248 0.3992851
vt 0 0.01125
vt 0.2969567 0.01125
vt 0.5523329 0.3064811
vt 0.4821621 0.2089713
vt 0.2824042 0.470095
vt 0.4261308 0.5726451
vt 0.1815756 0.9529068
vt 0.2837248 0.3992851
vt 0.2695552 0.8268661
vt 0.5295023 0.4920765
vt 0.5848902 0.01125
vt 0.2969567 0.01125
vt 0 0.5108107
vt 0.2695552 0.8268661
vt 0.2837248 0.3992851
vt 0 0.01125
vt 0.2969567 0.01125
vt 0.5523329 0.3064811
vt 0.4821621 0.2089713
vt 0.2824042 0.470095
vt 0.4261308 0.5726451
vt 0.1815756 0.9529068
vt 0.2837248 0.3992851
vt 0.2695552 0.8268661
vt 0.5295023 0.4920765
vt 0.5848902 0.01125
vt 0.2969567 0.01125
vt 0 0.5108107
vt 0.2695552 0.8268661
vt 0.2837248 0.3992851
vt 0 0.01125
vt 0.2969567 0.01125
vt 0.564891 0
vt 0 0.8180038
vt 0 0
vt 0.5648909 0.8180038
vt 0.9142353 0.5325887
vt 0.4847639 1.109389
vt 0.3444351 0.7642855
vt 1.054564 0.8776919
vt 0.9142353 0.5325887
vt 0.4847639 1.109389
vt 0.3444351 0.7642855
vt 1.054564 0.8776919
vt 1 0
vt 0.7634615 0.5482556
vt 0.7634615 0
vt 1 0.5482556
vt 0.5848902 0.01125
vt 0.2969567 0.01125
vt 0.2837248 0.3992851
vt 0.5295023 0.4920765
vt 0 0.01125
vt 0.2695552 0.8268661
vt 0 0.5108107
vt 0.5848902 0.01125
vt 0.2837248 0.3992851
vt 0.2969567 0.01125
vt 0.5295023 0.4920765
vt 0 0.01125
vt 0.2695552 0.8268661
vt 0 0.5108107
vt 0.5848902 0.01125
vt 0.2969567 0.01125
vt 0.2837248 0.3992851
vt 0.5295023 0.4920765
vt 0 0.01125
vt 0.2695552 0.8268661
vt 0 0.5108107
vt 0.5848902 0.01125
vt 0.2969567 0.01125
vt 0.2837248 0.3992851
vt 0.5295023 0.4920765
vt 0 0.01125
vt 0.2695552 0.8268661
vt 0 0.5108107
vt 0.5848902 0.01125
vt 0.2969567 0.01125
vt 0.2837248 0.3992851
vt 0.5295023 0.4920765
vt 0 0.01125
vt 0.2695552 0.8268661
vt 0 0.5108107
vt 0.5848902 0.01125
vt 0.2969567 0.01125
vt 0.2837248 0.3992851
vt 0.5295023 0.4920765
vt 0 0.01125
vt 0.2695552 0.8268661
vt 0 0.5108107
vt 0.5848902 0.01125
vt 0.2969567 0.01125
vt 0.2837248 0.3992851
vt 0.5295023 0.4920765
vt 0 0.01125
vt 0.2695552 0.8268661
vt 0 0.5108107
vt 0.5848902 0.01125
vt 0.2837248 0.3992851
vt 0.2969567 0.01125
vt 0.5295023 0.4920765
vt 0 0.01125
vt 0.2695552 0.8268661
vt 0 0.5108107
vt 0.5848902 0.01125
vt 0.2969567 0.01125
vt 0.2837248 0.3992851
vt 0.5295023 0.4920765
vt 0 0.01125
vt 0.2695552 0.8268661
vt 0 0.5108107
vt 0.5848902 0.01125
vt 0.2837248 0.3992851
vt 0.2969567 0.01125
vt 0.5295023 0.4920765
vt 0 0.01125
vt 0.2695552 0.8268661
vt 0 0.5108107
vt 0.5848902 0.01125
vt 0.2837248 0.3992851
vt 0.2969567 0.01125
vt 0.5295023 0.4920765
vt 0 0.01125
vt 0.2695552 0.8268661
vt 0 0.5108107
vt 0.5848902 0.01125
vt 0.2837248 0.3992851
vt 0.2969567 0.01125
vt 0.5295023 0.4920765
vt 0 0.01125
vt 0.2695552 0.8268661
vt 0 0.5108107
vt 0.7044197 0.8488811
vt 0.9966818 0.7395899
vt 0.9554363 0.8254178
vt 0.8345617 0.965687
vt 0.94217 0.6685304
vt 0.4574503 1.042218
vt 0.743439 0.6020393
vt 0.425171 0.962835
vt 0.4096225 0.9245973
vt 0.7044197 0.8488811
vt 0.9966818 0.7395899
vt 0.9554363 0.8254178
vt 0.8345617 0.965687
vt 0.94217 0.6685304
vt 0.4574503 1.042218
vt 0.743439 0.6020393
vt 0.425171 0.962835
vt 0.4096225 0.9245973
vt 0.7634615 0.2741278
vt 0.7634615 0.5482556
vt 0.8817308 0.2741278
vt 0.7634615 0
vt 0.8817308 0.5482556
vt 0.8817308 0
vt 1 0.5482556
vt 1 0
vt 1 0.2741278
vt 0.7634615 0.2741278
vt 0.7634615 0.5482556
vt 0.8817308 0.2741278
vt 0.7634615 0
vt 0.8817308 0.5482556
vt 0.8817308 0
vt 1 0.5482556
vt 1 0
vt 1 0.2741278
vt 0.7044197 0.8488811
vt 0.9966818 0.7395899
vt 0.9554363 0.8254178
vt 0.8345617 0.965687
vt 0.94217 0.6685304
vt 0.4574503 1.042218
vt 0.743439 0.6020393
vt 0.425171 0.962835
vt 0.4096225 0.9245973
vt 0.7044197 0.8488811
vt 0.9966818 0.7395899
vt 0.9554363 0.8254178
vt 0.8345617 0.965687
vt 0.94217 0.6685304
vt 0.4574503 1.042218
vt 0.743439 0.6020393
vt 0.425171 0.962835
vt 0.4096225 0.9245973
vt 0.7044197 0.8488811
vt 0.9966818 0.7395899
vt 0.9554363 0.8254178
vt 0.8345617 0.965687
vt 0.94217 0.6685304
vt 0.4574503 1.042218
vt 0.743439 0.6020393
vt 0.425171 0.962835
vt 0.4096225 0.9245973
vt 0.2837248 0.3992851
vt 0.2695552 0.8268661
vt 0.5295023 0.4920765
vt 0 0.5108107
vt 0.5848902 0.01125
vt 0 0.01125
vt 0.2969567 0.01125
vt 0.2837248 0.3992851
vt 0.2695552 0.8268661
vt 0.5295023 0.4920765
vt 0 0.5108107
vt 0.5848902 0.01125
vt 0 0.01125
vt 0.2969567 0.01125
vt 0.7044197 0.8488811
vt 0.9966818 0.7395899
vt 0.9554363 0.8254178
vt 0.8345617 0.965687
vt 0.94217 0.6685304
vt 0.4574503 1.042218
vt 0.743439 0.6020393
vt 0.425171 0.962835
vt 0.4096225 0.9245973
vt 0.2837248 0.3992851
vt 0.2695552 0.8268661
vt 0.5295023 0.4920765
vt 0 0.5108107
vt 0.5848902 0.01125
vt 0 0.01125
vt 0.2969567 0.01125
vt 0.2837248 0.3992851
vt 0.2695552 0.8268661
vt 0.5295023 0.4920765
vt 0 0.5108107
vt 0.5848902 0.01125
vt 0 0.01125
vt 0.2969567 0.01125
vt 0.2837248 0.3992851
vt 0.2695552 0.8268661
vt 0.5295023 0.4920765
vt 0 0.5108107
vt 0.5848902 0.01125
vt 0 0.01125
vt 0.2969567 0.01125
vt 0.2837248 0.3992851
vt 0.5295023 0.4920765
vt 0.2695552 0.8268661
vt 0 0.5108107
vt 0.5848902 0.01125
vt 0 0.01125
vt 0.2969567 0.01125
vt 0.2837248 0.3992851
vt 0.2695552 0.8268661
vt 0.5295023 0.4920765
vt 0 0.5108107
vt 0.5848902 0.01125
vt 0 0.01125
vt 0.2969567 0.01125
vt 0.2837248 0.3992851
vt 0.2695552 0.8268661
vt 0.5295023 0.4920765
vt 0 0.5108107
vt 0.5848902 0.01125
vt 0 0.01125
vt 0.2969567 0.01125
vt 0.2837248 0.3992851
vt 0.2695552 0.8268661
vt 0.5295023 0.4920765
vt 0 0.5108107
vt 0.5848902 0.01125
vt 0 0.01125
vt 0.2969567 0.01125
vt 0.2837248 0.3992851
vt 0.2695552 0.8268661
vt 0.5295023 0.4920765
vt 0 0.5108107
vt 0.5848902 0.01125
vt 0 0.01125
vt 0.2969567 0.01125
vt 0.2837248 0.3992851
vt 0.2695552 0.8268661
vt 0.5295023 0.4920765
vt 0 0.5108107
vt 0.5848902 0.01125
vt 0 0.01125
vt 0.2969567 0.01125
vt 0.7044197 0.8488811
vt 0.9554363 0.8254178
vt 0.9966818 0.7395899
vt 0.8345617 0.965687
vt 0.94217 0.6685304
vt 0.4574503 1.042218
vt 0.743439 0.6020393
vt 0.425171 0.962835
vt 0.4096225 0.9245973
vt 0.7044197 0.8488811
vt 0.9554363 0.8254178
vt 0.9966818 0.7395899
vt 0.8345617 0.965687
vt 0.94217 0.6685304
vt 0.4574503 1.042218
vt 0.743439 0.6020393
vt 0.425171 0.962835
vt 0.4096225 0.9245973
vt 0.2837248 0.3992851
vt 0.2695552 0.8268661
vt 0.5295023 0.4920765
vt 0 0.5108107
vt 0.5848902 0.01125
vt 0 0.01125
vt 0.2969567 0.01125
vt 0.7044197 0.8488811
vt 0.9966818 0.7395899
vt 0.9554363 0.8254178
vt 0.8345617 0.965687
vt 0.94217 0.6685304
vt 0.4574503 1.042218
vt 0.743439 0.6020393
vt 0.425171 0.962835
vt 0.4096225 0.9245973
vt 0.7044197 0.8488811
vt 0.9966818 0.7395899
vt 0.9554363 0.8254178
vt 0.8345617 0.965687
vt 0.94217 0.6685304
vt 0.4574503 1.042218
vt 0.743439 0.6020393
vt 0.425171 0.962835
vt 0.4096225 0.9245973
vt 0.2837248 0.3992851
vt 0.5295023 0.4920765
vt 0.2695552 0.8268661
vt 0 0.5108107
vt 0.5848902 0.01125
vt 0 0.01125
vt 0.2969567 0.01125
vt 0.7044197 0.8488811
vt 0.9554363 0.8254178
vt 0.9966818 0.7395899
vt 0.8345617 0.965687
vt 0.94217 0.6685304
vt 0.4574503 1.042218
vt 0.743439 0.6020393
vt 0.425171 0.962835
vt 0.4096225 0.9245973
vt 0.2837248 0.3992851
vt 0.2695552 0.8268661
vt 0.5295023 0.4920765
vt 0 0.5108107
vt 0.5848902 0.01125
vt 0 0.01125
vt 0.2969567 0.01125
vt 0.7634615 0.2741278
vt 0.8817308 0.2741278
vt 0.7634615 0.5482556
vt 0.7634615 0
vt 0.8817308 0.5482556
vt 0.8817308 0
vt 1 0.5482556
vt 1 0
vt 1 0.2741278
vt 0.7634615 0.2741278
vt 0.8817308 0.2741278
vt 0.7634615 0.5482556
vt 0.7634615 0
vt 0.8817308 0.5482556
vt 0.8817308 0
vt 1 0.5482556
vt 1 0
vt 1 0.2741278
vt 0.7634615 0.2741278
vt 0.8817308 0.2741278
vt 0.7634615 0.5482556
vt 0.7634615 0
vt 0.8817308 0.5482556
vt 0.8817308 0
vt 1 0.5482556
vt 1 0
vt 1 0.2741278
vt 0.2837248 0.3992851
vt 0.5295023 0.4920765
vt 0.2695552 0.8268661
vt 0 0.5108107
vt 0.5848902 0.01125
vt 0 0.01125
vt 0.2969567 0.01125
vt 0.2837248 0.3992851
vt 0.5295023 0.4920765
vt 0.2695552 0.8268661
vt 0 0.5108107
vt 0.5848902 0.01125
vt 0 0.01125
vt 0.2969567 0.01125
vt 0.2837248 0.3992851
vt 0.5295023 0.4920765
vt 0.2695552 0.8268661
vt 0 0.5108107
vt 0.5848902 0.01125
vt 0 0.01125
vt 0.2969567 0.01125
vt 0.2837248 0.3992851
vt 0.2695552 0.8268661
vt 0.5295023 0.4920765
vt 0 0.5108107
vt 0.5848902 0.01125
vt 0 0.01125
vt 0.2969567 0.01125
vt 0.2837248 0.3992851
vt 0.2695552 0.8268661
vt 0.5295023 0.4920765
vt 0 0.5108107
vt 0.5848902 0.01125
vt 0 0.01125
vt 0.2969567 0.01125
vt 0.7044197 0.8488811
vt 0.9554363 0.8254178
vt 0.9966818 0.7395899
vt 0.8345617 0.965687
vt 0.94217 0.6685304
vt 0.4574503 1.042218
vt 0.743439 0.6020393
vt 0.425171 0.962835
vt 0.4096225 0.9245973
vt 0.2837248 0.3992851
vt 0.2695552 0.8268661
vt 0.5295023 0.4920765
vt 0 0.5108107
vt 0.5848902 0.01125
vt 0 0.01125
vt 0.2969567 0.01125
vt 0.7044197 0.8488811
vt 0.9554363 0.8254178
vt 0.9966818 0.7395899
vt 0.8345617 0.965687
vt 0.94217 0.6685304
vt 0.4574503 1.042218
vt 0.743439 0.6020393
vt 0.425171 0.962835
vt 0.4096225 0.9245973
vt 0.7044197 0.8488811
vt 0.9966818 0.7395899
vt 0.9554363 0.8254178
vt 0.8345617 0.965687
vt 0.94217 0.6685304
vt 0.4574503 1.042218
vt 0.743439 0.6020393
vt 0.425171 0.962835
vt 0.4096225 0.9245973
vt 0.7044197 0.8488811
vt 0.9966818 0.7395899
vt 0.9554363 0.8254178
vt 0.8345617 0.965687
vt 0.94217 0.6685304
vt 0.4574503 1.042218
vt 0.743439 0.6020393
vt 0.425171 0.962835
vt 0.4096225 0.9245973
vt 0.2837248 0.3992851
vt 0.5295023 0.4920765
vt 0.2695552 0.8268661
vt 0 0.5108107
vt 0.5848902 0.01125
vt 0 0.01125
vt 0.2969567 0.01125
vt 0.2837248 0.3992851
vt 0.5295023 0.4920765
vt 0.2695552 0.8268661
vt 0 0.5108107
vt 0.5848902 0.01125
vt 0 0.01125
vt 0.2969567 0.01125
vt 0.2837248 0.3992851
vt 0.5295023 0.4920765
vt 0.2695552 0.8268661
vt 0 0.5108107
vt 0.5848902 0.01125
vt 0 0.01125
vt 0.2969567 0.01125
vt 0.2837248 0.3992851
vt 0.5295023 0.4920765
vt 0.2695552 0.8268661
vt 0 0.5108107
vt 0.5848902 0.01125
vt 0 0.01125
vt 0.2969567 0.01125
vt 0.2837248 0.3992851
vt 0.2695552 0.8268661
vt 0.5295023 0.4920765
vt 0 0.5108107
vt 0.5848902 0.01125
vt 0 0.01125
vt 0.2969567 0.01125
vt 0.2837248 0.3992851
vt 0.2695552 0.8268661
vt 0.5295023 0.4920765
vt 0 0.5108107
vt 0.5848902 0.01125
vt 0 0.01125
vt 0.2969567 0.01125
vt 0.2837248 0.3992851
vt 0.2695552 0.8268661
vt 0.5295023 0.4920765
vt 0 0.5108107
vt 0.5848902 0.01125
vt 0 0.01125
vt 0.2969567 0.01125
vt 0.2837248 0.3992851
vt 0.2695552 0.8268661
vt 0.5295023 0.4920765
vt 0 0.5108107
vt 0.5848902 0.01125
vt 0 0.01125
vt 0.2969567 0.01125
vt 0.7044197 0.8488811
vt 0.9554363 0.8254178
vt 0.9966818 0.7395899
vt 0.8345617 0.965687
vt 0.94217 0.6685304
vt 0.4574503 1.042218
vt 0.743439 0.6020393
vt 0.425171 0.962835
vt 0.4096225 0.9245973
vt 0.7634615 0.2741278
vt 0.8817308 0.2741278
vt 0.7634615 0.5482556
vt 0.7634615 0
vt 0.8817308 0.5482556
vt 0.8817308 0
vt 1 0.5482556
vt 1 0
vt 1 0.2741278
vt 0.7634615 0.2741278
vt 0.8817308 0.2741278
vt 0.7634615 0.5482556
vt 0.7634615 0
vt 0.8817308 0.5482556
vt 0.8817308 0
vt 1 0.5482556
vt 1 0
vt 1 0.2741278
vt 0.7634615 0.2741278
vt 0.8817308 0.2741278
vt 0.7634615 0.5482556
vt 0.7634615 0
vt 0.8817308 0.5482556
vt 0.8817308 0
vt 1 0.5482556
vt 1 0
vt 1 0.2741278
vt 0.7044197 0.8488811
vt 0.9554363 0.8254178
vt 0.9966818 0.7395899
vt 0.8345617 0.965687
vt 0.94217 0.6685304
vt 0.4574503 1.042218
vt 0.743439 0.6020393
vt 0.425171 0.962835
vt 0.4096225 0.9245973
vt 0.2837248 0.3992851
vt 0.2695552 0.8268661
vt 0.5295023 0.4920765
vt 0 0.5108107
vt 0.5848902 0.01125
vt 0 0.01125
vt 0.2969567 0.01125
vt 0.2837248 0.3992851
vt 0.5295023 0.4920765
vt 0.2695552 0.8268661
vt 0 0.5108107
vt 0.5848902 0.01125
vt 0 0.01125
vt 0.2969567 0.01125
vt 0.2837248 0.3992851
vt 0.5295023 0.4920765
vt 0.2695552 0.8268661
vt 0 0.5108107
vt 0.5848902 0.01125
vt 0 0.01125
vt 0.2969567 0.01125
vt 0.2837248 0.3992851
vt 0.2695552 0.8268661
vt 0.5295023 0.4920765
vt 0 0.5108107
vt 0.5848902 0.01125
vt 0 0.01125
vt 0.2969567 0.01125
vt 0.7044197 0.8488811
vt 0.9966818 0.7395899
vt 0.9554363 0.8254178
vt 0.8345617 0.965687
vt 0.94217 0.6685304
vt 0.4574503 1.042218
vt 0.743439 0.6020393
vt 0.425171 0.962835
vt 0.4096225 0.9245973
vt 0.7044197 0.8488811
vt 0.9966818 0.7395899
vt 0.9554363 0.8254178
vt 0.8345617 0.965687
vt 0.94217 0.6685304
vt 0.4574503 1.042218
vt 0.743439 0.6020393
vt 0.425171 0.962835
vt 0.4096225 0.9245973
vt 0.7634615 0.2741278
vt 0.8817308 0.2741278
vt 0.7634615 0.5482556
vt 0.7634615 0
vt 0.8817308 0.5482556
vt 0.8817308 0
vt 1 0.5482556
vt 1 0
vt 1 0.2741278
vt 0.7044197 0.8488811
vt 0.9966818 0.7395899
vt 0.9554363 0.8254178
vt 0.8345617 0.965687
vt 0.94217 0.6685304
vt 0.4574503 1.042218
vt 0.743439 0.6020393
vt 0.425171 0.962835
vt 0.4096225 0.9245973
vt 0.7044197 0.8488811
vt 0.9554363 0.8254178
vt 0.9966818 0.7395899
vt 0.8345617 0.965687
vt 0.94217 0.6685304
vt 0.4574503 1.042218
vt 0.743439 0.6020393
vt 0.425171 0.962835
vt 0.4096225 0.9245973
vt 0.7634615 0.2741278
vt 0.8817308 0.2741278
vt 0.7634615 0.5482556
vt 0.7634615 0
vt 0.8817308 0.5482556
vt 0.8817308 0
vt 1 0.5482556
vt 1 0
vt 1 0.2741278
vt 0.2837248 0.3992851
vt 0.2695552 0.8268661
vt 0.5295023 0.4920765
vt 0 0.5108107
vt 0.5848902 0.01125
vt 0 0.01125
vt 0.2969567 0.01125
vt 0.2837248 0.3992851
vt 0.2695552 0.8268661
vt 0.5295023 0.4920765
vt 0 0.5108107
vt 0.5848902 0.01125
vt 0 0.01125
vt 0.2969567 0.01125
vt 0.7044197 0.8488811
vt 0.9966818 0.7395899
vt 0.9554363 0.8254178
vt 0.8345617 0.965687
vt 0.94217 0.6685304
vt 0.4574503 1.042218
vt 0.743439 0.6020393
vt 0.425171 0.962835
vt 0.4096225 0.9245973
vt 0.7044197 0.8488811
vt 0.9554363 0.8254178
vt 0.9966818 0.7395899
vt 0.8345617 0.965687
vt 0.94217 0.6685304
vt 0.4574503 1.042218
vt 0.743439 0.6020393
vt 0.425171 0.962835
vt 0.4096225 0.9245973
vt 0.2837248 0.3992851
vt 0.5295023 0.4920765
vt 0.2695552 0.8268661
vt 0 0.5108107
vt 0.5848902 0.01125
vt 0 0.01125
vt 0.2969567 0.01125
vt 0.2837248 0.3992851
vt 0.2695552 0.8268661
vt 0.5295023 0.4920765
vt 0 0.5108107
vt 0.5848902 0.01125
vt 0 0.01125
vt 0.2969567 0.01125
vt 0.7634615 0.2741278
vt 0.8817308 0.2741278
vt 0.7634615 0.5482556
vt 0.7634615 0
vt 0.8817308 0.5482556
vt 0.8817308 0
vt 1 0.5482556
vt 1 0
vt 1 0.2741278
vt 0.7044197 0.8488811
vt 0.9554363 0.8254178
vt 0.9966818 0.7395899
vt 0.8345617 0.965687
vt 0.94217 0.6685304
vt 0.4574503 1.042218
vt 0.743439 0.6020393
vt 0.425171 0.962835
vt 0.4096225 0.9245973
vt 0.2837248 0.3992851
vt 0.2695552 0.8268661
vt 0.5295023 0.4920765
vt 0 0.5108107
vt 0.5848902 0.01125
vt 0 0.01125
vt 0.2969567 0.01125
vt 0.2837248 0.3992851
vt 0.2695552 0.8268661
vt 0.5295023 0.4920765
vt 0 0.5108107
vt 0.5848902 0.01125
vt 0 0.01125
vt 0.2969567 0.01125
vt 0.7044197 0.8488811
vt 0.9966818 0.7395899
vt 0.9554363 0.8254178
vt 0.8345617 0.965687
vt 0.94217 0.6685304
vt 0.4574503 1.042218
vt 0.743439 0.6020393
vt 0.425171 0.962835
vt 0.4096225 0.9245973
vt 0.7044197 0.8488811
vt 0.9554363 0.8254178
vt 0.9966818 0.7395899
vt 0.8345617 0.965687
vt 0.94217 0.6685304
vt 0.4574503 1.042218
vt 0.743439 0.6020393
vt 0.425171 0.962835
vt 0.4096225 0.9245973
vt 0.7044197 0.8488811
vt 0.9966818 0.7395899
vt 0.9554363 0.8254178
vt 0.8345617 0.965687
vt 0.94217 0.6685304
vt 0.4574503 1.042218
vt 0.743439 0.6020393
vt 0.425171 0.962835
vt 0.4096225 0.9245973
vt 0.7044197 0.8488811
vt 0.9966818 0.7395899
vt 0.9554363 0.8254178
vt 0.8345617 0.965687
vt 0.94217 0.6685304
vt 0.4574503 1.042218
vt 0.743439 0.6020393
vt 0.425171 0.962835
vt 0.4096225 0.9245973
vt 0.7044197 0.8488811
vt 0.9966818 0.7395899
vt 0.9554363 0.8254178
vt 0.8345617 0.965687
vt 0.94217 0.6685304
vt 0.4574503 1.042218
vt 0.743439 0.6020393
vt 0.425171 0.962835
vt 0.4096225 0.9245973
vt 0.7634615 0.2741278
vt 0.8817308 0.2741278
vt 0.7634615 0.5482556
vt 0.7634615 0
vt 0.8817308 0.5482556
vt 0.8817308 0
vt 1 0.5482556
vt 1 0
vt 1 0.2741278
vt 0.7044197 0.8488811
vt 0.9554363 0.8254178
vt 0.9966818 0.7395899
vt 0.8345617 0.965687
vt 0.94217 0.6685304
vt 0.4574503 1.042218
vt 0.743439 0.6020393
vt 0.425171 0.962835
vt 0.4096225 0.9245973
vt 0.2837248 0.3992851
vt 0.5295023 0.4920765
vt 0.2695552 0.8268661
vt 0 0.5108107
vt 0.5848902 0.01125
vt 0 0.01125
vt 0.2969567 0.01125
vt 0.7044197 0.8488811
vt 0.9554363 0.8254178
vt 0.9966818 0.7395899
vt 0.8345617 0.965687
vt 0.94217 0.6685304
vt 0.4574503 1.042218
vt 0.743439 0.6020393
vt 0.425171 0.962835
vt 0.4096225 0.9245973
vt 0.2837248 0.3992851
vt 0.5295023 0.4920765
vt 0.2695552 0.8268661
vt 0 0.5108107
vt 0.5848902 0.01125
vt 0 0.01125
vt 0.2969567 0.01125
vt 0.2837248 0.3992851
vt 0.5295023 0.4920765
vt 0.2695552 0.8268661
vt 0 0.5108107
vt 0.5848902 0.01125
vt 0 0.01125
vt 0.2969567 0.01125
vt 0.2837248 0.3992851
vt 0.2695552 0.8268661
vt 0.5295023 0.4920765
vt 0 0.5108107
vt 0.5848902 0.01125
vt 0 0.01125
vt 0.2969567 0.01125
vt 0.7634615 0.2741278
vt 0.8817308 0.2741278
vt 0.7634615 0.5482556
vt 0.7634615 0
vt 0.8817308 0.5482556
vt 0.8817308 0
vt 1 0.5482556
vt 1 0
vt 1 0.2741278
vt 0.7634615 0.2741278
vt 0.8817308 0.2741278
vt 0.7634615 0.5482556
vt 0.7634615 0
vt 0.8817308 0.5482556
vt 0.8817308 0
vt 1 0.5482556
vt 1 0
vt 1 0.2741278
vt 0.2837248 0.3992851
vt 0.2695552 0.8268661
vt 0.5295023 0.4920765
vt 0 0.5108107
vt 0.5848902 0.01125
vt 0 0.01125
vt 0.2969567 0.01125
vt 0.7044197 0.8488811
vt 0.9966818 0.7395899
vt 0.9554363 0.8254178
vt 0.8345617 0.965687
vt 0.94217 0.6685304
vt 0.4574503 1.042218
vt 0.743439 0.6020393
vt 0.425171 0.962835
vt 0.4096225 0.9245973
vt 0.7634615 0.2741278
vt 0.8817308 0.2741278
vt 0.7634615 0.5482556
vt 0.7634615 0
vt 0.8817308 0.5482556
vt 0.8817308 0
vt 1 0.5482556
vt 1 0
vt 1 0.2741278
vt 0.7634615 0.2741278
vt 0.8817308 0.2741278
vt 0.7634615 0.5482556
vt 0.7634615 0
vt 0.8817308 0.5482556
vt 0.8817308 0
vt 1 0.5482556
vt 1 0
vt 1 0.2741278
vt 0.7044197 0.8488811
vt 0.9966818 0.7395899
vt 0.9554363 0.8254178
vt 0.8345617 0.965687
vt 0.94217 0.6685304
vt 0.4574503 1.042218
vt 0.743439 0.6020393
vt 0.425171 0.962835
vt 0.4096225 0.9245973
vt 0.2837248 0.3992851
vt 0.2695552 0.8268661
vt 0.5295023 0.4920765
vt 0 0.5108107
vt 0.5848902 0.01125
vt 0 0.01125
vt 0.2969567 0.01125
vt 0.7634615 0.2741278
vt 0.8817308 0.2741278
vt 0.7634615 0.5482556
vt 0.7634615 0
vt 0.8817308 0.5482556
vt 0.8817308 0
vt 1 0.5482556
vt 1 0
vt 1 0.2741278
vt 0.7044197 0.8488811
vt 0.9966818 0.7395899
vt 0.9554363 0.8254178
vt 0.8345617 0.965687
vt 0.94217 0.6685304
vt 0.4574503 1.042218
vt 0.743439 0.6020393
vt 0.425171 0.962835
vt 0.4096225 0.9245973
vt 0.7634615 0.2741278
vt 0.8817308 0.2741278
vt 0.7634615 0.5482556
vt 0.7634615 0
vt 0.8817308 0.5482556
vt 0.8817308 0
vt 1 0.5482556
vt 1 0
vt 1 0.2741278
vt 0.7634615 0.2741278
vt 0.8817308 0.2741278
vt 0.7634615 0.5482556
vt 0.7634615 0
vt 0.8817308 0.5482556
vt 0.8817308 0
vt 1 0.5482556
vt 1 0
vt 1 0.2741278
vt 0.7634615 0.2741278
vt 0.8817308 0.2741278
vt 0.7634615 0.5482556
vt 0.7634615 0
vt 0.8817308 0.5482556
vt 0.8817308 0
vt 1 0.5482556
vt 1 0
vt 1 0.2741278
vt 0.7044197 0.8488811
vt 0.9966818 0.7395899
vt 0.9554363 0.8254178
vt 0.8345617 0.965687
vt 0.94217 0.6685304
vt 0.4574503 1.042218
vt 0.743439 0.6020393
vt 0.425171 0.962835
vt 0.4096225 0.9245973
vt 0.2837248 0.3992851
vt 0.2695552 0.8268661
vt 0.5295023 0.4920765
vt 0 0.5108107
vt 0.5848902 0.01125
vt 0 0.01125
vt 0.2969567 0.01125
vt 0.7044197 0.8488811
vt 0.9554363 0.8254178
vt 0.9966818 0.7395899
vt 0.8345617 0.965687
vt 0.94217 0.6685304
vt 0.4574503 1.042218
vt 0.743439 0.6020393
vt 0.425171 0.962835
vt 0.4096225 0.9245973
vt 0.7044197 0.8488811
vt 0.9966818 0.7395899
vt 0.9554363 0.8254178
vt 0.8345617 0.965687
vt 0.94217 0.6685304
vt 0.4574503 1.042218
vt 0.743439 0.6020393
vt 0.425171 0.962835
vt 0.4096225 0.9245973
vt 0.7634615 0.2741278
vt 0.8817308 0.2741278
vt 0.7634615 0.5482556
vt 0.7634615 0
vt 0.8817308 0.5482556
vt 0.8817308 0
vt 1 0.5482556
vt 1 0
vt 1 0.2741278
vt 0.2837248 0.3992851
vt 0.2695552 0.8268661
vt 0.5295023 0.4920765
vt 0 0.5108107
vt 0.5848902 0.01125
vt 0 0.01125
vt 0.2969567 0.01125
vt 0.7044197 0.8488811
vt 0.9554363 0.8254178
vt 0.9966818 0.7395899
vt 0.8345617 0.965687
vt 0.94217 0.6685304
vt 0.4574503 1.042218
vt 0.743439 0.6020393
vt 0.425171 0.962835
vt 0.4096225 0.9245973
vt 0.2837248 0.3992851
vt 0.2695552 0.8268661
vt 0.5295023 0.4920765
vt 0 0.5108107
vt 0.5848902 0.01125
vt 0 0.01125
vt 0.2969567 0.01125
vt 0.7634615 0.2741278
vt 0.8817308 0.2741278
vt 0.7634615 0.5482556
vt 0.7634615 0
vt 0.8817308 0.5482556
vt 0.8817308 0
vt 1 0.5482556
vt 1 0
vt 1 0.2741278
vt 0.2837248 0.3992851
vt 0.2695552 0.8268661
vt 0.5295023 0.4920765
vt 0 0.5108107
vt 0.5848902 0.01125
vt 0 0.01125
vt 0.2969567 0.01125
usemtl MV_PineBark_Snow
f 1/1/1 3/3/3 2/2/2
f 2/2/2 5/5/5 4/4/4
f 4/4/4 7/7/7 6/6/6
f 6/6/6 9/9/9 8/8/8
f 10/10/10 12/12/12 11/11/11
f 13/13/13 14/14/14 10/10/10
f 15/15/15 16/16/16 13/13/13
f 17/17/17 18/18/18 15/15/15
f 19/19/19 21/21/21 20/20/20
f 19/19/19 22/22/22 21/21/21
f 23/23/23 22/22/22 19/19/19
f 22/22/22 24/24/24 21/21/21
f 23/23/23 25/25/25 22/22/22
f 26/26/26 25/25/25 23/23/23
f 22/22/22 27/27/27 24/24/24
f 25/25/25 27/27/27 22/22/22
f 26/26/26 28/28/28 25/25/25
f 29/29/29 28/28/28 26/26/26
f 25/25/25 30/30/30 27/27/27
f 31/31/31 27/27/27 30/30/30
f 28/28/28 32/32/32 25/25/25
f 24/24/24 27/27/27 33/33/33
f 31/31/31 33/33/33 27/27/27
f 24/24/24 33/33/33 34/34/34
f 33/33/33 35/35/35 34/34/34
f 33/33/33 36/36/36 35/35/35
f 31/31/31 36/36/36 33/33/33
f 36/36/36 37/37/37 35/35/35
f 29/29/29 38/38/38 28/28/28
f 39/39/39 38/38/38 29/29/29
f 28/28/28 40/40/40 32/32/32
f 38/38/38 40/40/40 28/28/28
f 32/32/32 41/41/41 31/31/31
f 32/32/32 40/40/40 41/41/41
f 31/31/31 42/42/42 36/36/36
f 41/41/41 42/42/42 31/31/31
f 36/36/36 43/43/43 37/37/37
f 42/42/42 43/43/43 36/36/36
f 43/43/43 44/44/44 37/37/37
f 39/39/39 45/45/45 38/38/38
f 46/46/46 45/45/45 39/39/39
f 38/38/38 47/47/47 40/40/40
f 45/45/45 47/47/47 38/38/38
f 40/40/40 48/48/48 41/41/41
f 40/40/40 47/47/47 48/48/48
f 41/41/41 49/49/49 42/42/42
f 48/48/48 49/49/49 41/41/41
f 42/42/42 50/50/50 43/43/43
f 49/49/49 50/50/50 42/42/42
f 43/43/43 51/51/51 44/44/44
f 50/50/50 51/51/51 43/43/43
f 51/51/51 52/52/52 44/44/44
f 46/46/46 53/53/53 45/45/45
f 54/54/54 53/53/53 46/46/46
f 45/45/45 55/55/55 47/47/47
f 53/53/53 55/55/55 45/45/45
f 47/47/47 56/56/56 48/48/48
f 47/47/47 55/55/55 56/56/56
f 48/48/48 57/57/57 49/49/49
f 56/56/56 57/57/57 48/48/48
f 49/49/49 58/58/58 50/50/50
f 57/57/57 58/58/58 49/49/49
f 50/50/50 59/59/59 51/51/51
f 58/58/58 59/59/59 50/50/50
f 51/51/51 60/60/60 52/52/52
f 59/59/59 60/60/60 51/51/51
f 60/60/60 61/61/61 52/52/52
f 60/60/60 62/62/62 61/61/61
f 62/62/62 63/63/63 61/61/61
f 59/59/59 64/64/64 60/60/60
f 64/64/64 62/62/62 60/60/60
f 58/58/58 65/65/65 59/59/59
f 65/65/65 64/64/64 59/59/59
f 57/57/57 66/66/66 58/58/58
f 66/66/66 65/65/65 58/58/58
f 56/56/56 67/67/67 57/57/57
f 67/67/67 66/66/66 57/57/57
f 62/62/62 68/68/68 63/63/63
f 68/68/68 69/69/69 63/63/63
f 64/64/64 70/70/70 62/62/62
f 70/70/70 68/68/68 62/62/62
f 65/65/65 71/71/71 64/64/64
f 71/71/71 70/70/70 64/64/64
f 66/66/66 72/72/72 65/65/65
f 72/72/72 71/71/71 65/65/65
f 68/68/68 73/73/73 69/69/69
f 73/73/73 74/74/74 69/69/69
f 70/70/70 75/75/75 68/68/68
f 75/75/75 73/73/73 68/68/68
f 71/71/71 76/76/76 70/70/70
f 76/76/76 75/75/75 70/70/70
f 73/73/73 77/77/77 74/74/74
f 77/77/77 78/78/78 74/74/74
f 75/75/75 79/79/79 73/73/73
f 79/79/79 77/77/77 73/73/73
f 77/77/77 80/80/80 78/78/78
f 80/80/80 81/81/81 78/78/78
f 82/82/82 80/80/80 77/77/77
f 79/79/79 82/82/82 77/77/77
f 83/83/83 79/79/79 75/75/75
f 76/76/76 83/83/83 75/75/75
f 84/84/84 76/76/76 71/71/71
f 72/72/72 84/84/84 71/71/71
f 82/82/82 85/85/85 80/80/80
f 85/85/85 86/86/86 80/80/80
f 87/87/87 82/82/82 79/79/79
f 83/83/83 87/87/87 79/79/79
f 88/88/88 83/83/83 76/76/76
f 84/84/84 88/88/88 76/76/76
f 89/89/89 85/85/85 82/82/82
f 87/87/87 89/89/89 82/82/82
f 90/90/90 87/87/87 83/83/83
f 88/88/88 90/90/90 83/83/83
f 89/89/89 91/91/91 85/85/85
f 91/91/91 92/92/92 85/85/85
f 93/93/93 89/89/89 87/87/87
f 90/90/90 93/93/93 87/87/87
f 94/94/94 91/91/91 89/89/89
f 93/93/93 94/94/94 89/89/89
f 94/94/94 95/95/95 91/91/91
f 95/95/95 96/96/96 91/91/91
f 97/97/97 88/88/88 84/84/84
f 98/98/98 90/90/90 88/88/88
f 97/97/97 98/98/98 88/88/88
f 99/99/99 93/93/93 90/90/90
f 98/98/98 99/99/99 90/90/90
f 100/100/100 94/94/94 93/93/93
f 99/99/99 100/100/100 93/93/93
f 101/101/101 95/95/95 94/94/94
f 100/100/100 101/101/101 94/94/94
f 102/102/102 97/97/97 84/84/84
f 102/102/102 84/84/84 72/72/72
f 101/101/101 103/103/103 95/95/95
f 103/103/103 104/104/104 95/95/95
f 105/105/105 102/102/102 72/72/72
f 105/105/105 72/72/72 66/66/66
f 67/67/67 105/105/105 66/66/66
f 106/106/106 100/100/100 99/99/99
f 107/107/107 101/101/101 100/100/100
f 106/106/106 107/107/107 100/100/100
f 108/108/108 103/103/103 101/101/101
f 107/107/107 108/108/108 101/101/101
f 109/109/109 106/106/106 99/99/99
f 109/109/109 99/99/99 98/98/98
f 108/108/108 110/110/110 103/103/103
f 110/110/110 111/111/111 103/103/103
f 112/112/112 109/109/109 98/98/98
f 112/112/112 98/98/98 97/97/97
f 113/113/113 112/112/112 97/97/97
f 113/113/113 97/97/97 102/102/102
f 114/114/114 102/102/102 105/105/105
f 114/114/114 113/113/113 102/102/102
f 115/115/115 114/114/114 105/105/105
f 115/115/115 105/105/105 67/67/67
f 116/116/116 115/115/115 67/67/67
f 116/116/116 67/67/67 56/56/56
f 55/55/55 116/116/116 56/56/56
f 55/55/55 117/117/117 116/116/116
f 53/53/53 117/117/117 55/55/55
f 118/118/118 115/115/115 116/116/116
f 117/117/117 118/118/118 116/116/116
f 119/119/119 114/114/114 115/115/115
f 118/118/118 119/119/119 115/115/115
f 120/120/120 113/113/113 114/114/114
f 119/119/119 120/120/120 114/114/114
f 121/121/121 112/112/112 113/113/113
f 120/120/120 121/121/121 113/113/113
f 122/122/122 117/117/117 53/53/53
f 54/54/54 122/122/122 53/53/53
f 123/123/123 122/122/122 54/54/54
f 123/123/123 124/124/124 122/122/122
f 122/122/122 125/125/125 117/117/117
f 124/124/124 125/125/125 122/122/122
f 117/117/117 125/125/125 118/118/118
f 124/124/124 126/126/126 125/125/125
f 125/125/125 126/126/126 127/127/127
f 125/125/125 127/127/127 118/118/118
f 127/127/127 119/119/119 118/118/118
f 127/127/127 128/128/128 119/119/119
f 128/128/128 120/120/120 119/119/119
f 128/128/128 129/129/129 120/120/120
f 129/129/129 121/121/121 120/120/120
f 129/129/129 130/130/130 121/121/121
f 130/130/130 131/131/131 121/121/121
f 121/121/121 131/131/131 112/112/112
f 130/130/130 132/132/132 131/131/131
f 131/131/131 109/109/109 112/112/112
f 132/132/132 133/133/133 131/131/131
f 131/131/131 133/133/133 109/109/109
f 132/132/132 134/134/134 133/133/133
f 133/133/133 106/106/106 109/109/109
f 134/134/134 135/135/135 133/133/133
f 133/133/133 135/135/135 106/106/106
f 134/134/134 136/136/136 135/135/135
f 135/135/135 107/107/107 106/106/106
f 136/136/136 137/137/137 135/135/135
f 135/135/135 137/137/137 107/107/107
f 136/136/136 138/138/138 137/137/137
f 137/137/137 108/108/108 107/107/107
f 138/138/138 139/139/139 137/137/137
f 137/137/137 139/139/139 108/108/108
f 138/138/138 140/140/140 139/139/139
f 139/139/139 110/110/110 108/108/108
f 140/140/140 141/141/141 139/139/139
f 139/139/139 141/141/141 110/110/110
f 141/141/141 142/142/142 110/110/110
f 140/140/140 143/143/143 141/141/141
f 143/143/143 144/144/144 141/141/141
f 145/145/145 147/147/147 146/146/146
f 145/145/145 148/148/148 147/147/147
f 149/149/149 148/148/148 145/145/145
f 148/148/148 150/150/150 147/147/147
f 149/149/149 151/151/151 148/148/148
f 152/152/152 151/151/151 149/149/149
f 148/148/148 153/153/153 150/150/150
f 151/151/151 153/153/153 148/148/148
f 153/153/153 154/154/154 150/150/150
f 152/152/152 155/155/155 151/151/151
f 156/156/156 155/155/155 152/152/152
f 156/156/156 157/157/157 155/155/155
f 151/151/151 158/158/158 153/153/153
f 155/155/155 158/158/158 151/151/151
f 153/153/153 159/159/159 154/154/154
f 158/158/158 159/159/159 153/153/153
f 159/159/159 160/160/160 154/154/154
f 157/157/157 161/161/161 155/155/155
f 155/155/155 161/161/161 158/158/158
f 157/157/157 162/162/162 161/161/161
f 158/158/158 163/163/163 159/159/159
f 161/161/161 163/163/163 158/158/158
f 163/163/163 164/164/164 159/159/159
f 162/162/162 165/165/165 161/161/161
f 161/161/161 165/165/165 163/163/163
f 165/165/165 166/166/166 163/163/163
f 162/162/162 167/167/167 165/165/165
f 167/167/167 168/168/168 165/165/165
f 169/169/169 171/171/171 170/170/170
f 172/172/172 169/169/169 170/170/170
f 172/172/172 170/170/170 173/173/173
f 173/173/173 170/170/170 174/174/174
f 170/170/170 175/175/175 174/174/174
f 176/176/176 169/169/169 172/172/172
f 176/176/176 177/177/177 169/169/169
f 177/177/177 178/178/178 169/169/169
f 179/179/179 177/177/177 176/176/176
f 179/179/179 180/180/180 177/177/177
f 180/180/180 181/181/181 177/177/177
f 182/182/182 179/179/179 176/176/176
f 182/182/182 176/176/176 183/183/183
f 183/183/183 176/176/176 172/172/172
f 184/184/184 182/182/182 183/183/183
f 183/183/183 172/172/172 185/185/185
f 185/185/185 172/172/172 173/173/173
f 184/184/184 183/183/183 186/186/186
f 186/186/186 183/183/183 185/185/185
f 187/187/187 184/184/184 186/186/186
f 187/187/187 186/186/186 188/188/188
f 189/189/189 187/187/187 188/188/188
f 189/189/189 188/188/188 190/190/190
f 186/186/186 185/185/185 191/191/191
f 188/188/188 186/186/186 191/191/191
f 190/190/190 188/188/188 192/192/192
f 188/188/188 191/191/191 192/192/192
f 190/190/190 192/192/192 193/193/193
f 185/185/185 173/173/173 194/194/194
f 191/191/191 185/185/185 194/194/194
f 193/193/193 192/192/192 195/195/195
f 193/193/193 195/195/195 196/196/196
f 192/192/192 191/191/191 197/197/197
f 191/191/191 194/194/194 197/197/197
f 192/192/192 197/197/197 195/195/195
f 194/194/194 173/173/173 198/198/198
f 173/173/173 174/174/174 198/198/198
f 196/196/196 195/195/195 199/199/199
f 196/196/196 199/199/199 200/200/200
f 195/195/195 197/197/197 201/201/201
f 195/195/195 201/201/201 199/199/199
f 197/197/197 194/194/194 202/202/202
f 194/194/194 198/198/198 202/202/202
f 197/197/197 202/202/202 201/201/201
f 198/198/198 174/174/174 203/203/203
f 174/174/174 204/204/204 203/203/203
f 200/200/200 199/199/199 205/205/205
f 200/200/200 205/205/205 206/206/206
f 199/199/199 201/201/201 207/207/207
f 199/199/199 207/207/207 205/205/205
f 206/206/206 205/205/205 208/208/208
f 206/206/206 208/208/208 209/209/209
f 205/205/205 210/210/210 208/208/208
f 205/205/205 207/207/207 210/210/210
f 207/207/207 211/211/211 210/210/210
f 201/201/201 212/212/212 207/207/207
f 207/207/207 212/212/212 211/211/211
f 201/201/201 202/202/202 212/212/212
f 212/212/212 213/213/213 211/211/211
f 202/202/202 214/214/214 212/212/212
f 212/212/212 214/214/214 213/213/213
f 202/202/202 198/198/198 214/214/214
f 214/214/214 215/215/215 213/213/213
f 198/198/198 203/203/203 214/214/214
f 214/214/214 203/203/203 215/215/215
f 203/203/203 216/216/216 215/215/215
f 217/217/217 219/219/219 218/218/218
f 217/217/217 220/220/220 219/219/219
f 221/221/221 220/220/220 217/217/217
f 220/220/220 222/222/222 219/219/219
f 221/221/221 223/223/223 220/220/220
f 224/224/224 223/223/223 221/221/221
f 220/220/220 225/225/225 222/222/222
f 223/223/223 225/225/225 220/220/220
f 225/225/225 226/226/226 222/222/222
f 224/224/224 227/227/227 223/223/223
f 228/228/228 227/227/227 224/224/224
f 223/223/223 229/229/229 225/225/225
f 227/227/227 229/229/229 223/223/223
f 225/225/225 230/230/230 226/226/226
f 229/229/229 230/230/230 225/225/225
f 230/230/230 231/231/231 226/226/226
f 228/228/228 232/232/232 227/227/227
f 233/233/233 232/232/232 228/228/228
f 227/227/227 234/234/234 229/229/229
f 232/232/232 234/234/234 227/227/227
f 229/229/229 235/235/235 230/230/230
f 234/234/234 235/235/235 229/229/229
f 230/230/230 236/236/236 231/231/231
f 235/235/235 236/236/236 230/230/230
f 236/236/236 237/237/237 231/231/231
f 233/233/233 238/238/238 232/232/232
f 239/239/239 238/238/238 233/233/233
f 239/239/239 240/240/240 238/238/238
f 232/232/232 241/241/241 234/234/234
f 238/238/238 241/241/241 232/232/232
f 240/240/240 242/242/242 238/238/238
f 238/238/238 242/242/242 241/241/241
f 240/240/240 243/243/243 242/242/242
f 234/234/234 244/244/244 235/235/235
f 241/241/241 244/244/244 234/234/234
f 235/235/235 245/245/245 236/236/236
f 244/244/244 245/245/245 235/235/235
f 236/236/236 246/246/246 237/237/237
f 245/245/245 246/246/246 236/236/236
f 246/246/246 247/247/247 237/237/237
f 242/242/242 248/248/248 241/241/241
f 241/241/241 248/248/248 244/244/244
f 243/243/243 249/249/249 242/242/242
f 242/242/242 249/249/249 248/248/248
f 243/243/243 250/250/250 249/249/249
f 244/244/244 251/251/251 245/245/245
f 248/248/248 251/251/251 244/244/244
f 245/245/245 252/252/252 246/246/246
f 251/251/251 252/252/252 245/245/245
f 252/252/252 253/253/253 246/246/246
f 249/249/249 254/254/254 248/248/248
f 248/248/248 254/254/254 251/251/251
f 250/250/250 255/255/255 249/249/249
f 249/249/249 255/255/255 254/254/254
f 250/250/250 256/256/256 255/255/255
f 251/251/251 257/257/257 252/252/252
f 254/254/254 257/257/257 251/251/251
f 257/257/257 258/258/258 252/252/252
f 254/254/254 259/259/259 257/257/257
f 255/255/255 259/259/259 254/254/254
f 259/259/259 260/260/260 257/257/257
f 256/256/256 261/261/261 255/255/255
f 255/255/255 261/261/261 259/259/259
f 261/261/261 262/262/262 259/259/259
f 256/256/256 263/263/263 261/261/261
f 263/263/263 264/264/264 261/261/261
f 265/265/265 267/267/267 266/266/266
f 265/265/265 268/268/268 267/267/267
f 269/269/269 268/268/268 265/265/265
f 268/268/268 270/270/270 267/267/267
f 269/269/269 271/271/271 268/268/268
f 272/272/272 271/271/271 269/269/269
f 268/268/268 273/273/273 270/270/270
f 271/271/271 273/273/273 268/268/268
f 273/273/273 274/274/274 270/270/270
f 272/272/272 275/275/275 271/271/271
f 276/276/276 275/275/275 272/272/272
f 271/271/271 277/277/277 273/273/273
f 275/275/275 277/277/277 271/271/271
f 273/273/273 278/278/278 274/274/274
f 277/277/277 278/278/278 273/273/273
f 278/278/278 279/279/279 274/274/274
f 276/276/276 280/280/280 275/275/275
f 281/281/281 280/280/280 276/276/276
f 275/275/275 282/282/282 277/277/277
f 280/280/280 282/282/282 275/275/275
f 277/277/277 283/283/283 278/278/278
f 282/282/282 283/283/283 277/277/277
f 283/283/283 284/284/284 278/278/278
f 281/281/281 285/285/285 280/280/280
f 286/286/286 285/285/285 281/281/281
f 286/286/286 287/287/287 285/285/285
f 280/280/280 288/288/288 282/282/282
f 285/285/285 288/288/288 280/280/280
f 282/282/282 289/289/289 283/283/283
f 288/288/288 289/289/289 282/282/282
f 289/289/289 290/290/290 283/283/283
f 287/287/287 291/291/291 285/285/285
f 285/285/285 291/291/291 288/288/288
f 287/287/287 292/292/292 291/291/291
f 288/288/288 293/293/293 289/289/289
f 291/291/291 293/293/293 288/288/288
f 293/293/293 294/294/294 289/289/289
f 292/292/292 295/295/295 291/291/291
f 291/291/291 295/295/295 293/293/293
f 295/295/295 296/296/296 293/293/293
f 292/292/292 297/297/297 295/295/295
f 297/297/297 298/298/298 295/295/295
f 299/299/299 301/301/301 300/300/300
f 299/299/299 302/302/302 301/301/301
f 303/303/303 302/302/302 299/299/299
f 302/302/302 304/304/304 301/301/301
f 303/303/303 305/305/305 302/302/302
f 306/306/306 305/305/305 303/303/303
f 302/302/302 307/307/307 304/304/304
f 305/305/305 307/307/307 302/302/302
f 307/307/307 308/308/308 304/304/304
f 306/306/306 309/309/309 305/305/305
f 310/310/310 309/309/309 306/306/306
f 305/305/305 311/311/311 307/307/307
f 309/309/309 311/311/311 305/305/305
f 307/307/307 312/312/312 308/308/308
f 311/311/311 312/312/312 307/307/307
f 312/312/312 313/313/313 308/308/308
f 310/310/310 314/314/314 309/309/309
f 315/315/315 314/314/314 310/310/310
f 309/309/309 316/316/316 311/311/311
f 314/314/314 316/316/316 309/309/309
f 311/311/311 317/317/317 312/312/312
f 316/316/316 317/317/317 311/311/311
f 312/312/312 318/318/318 313/313/313
f 317/317/317 318/318/318 312/312/312
f 318/318/318 319/319/319 313/313/313
f 315/315/315 320/320/320 314/314/314
f 321/321/321 320/320/320 315/315/315
f 321/321/321 322/322/322 320/320/320
f 314/314/314 323/323/323 316/316/316
f 320/320/320 323/323/323 314/314/314
f 322/322/322 324/324/324 320/320/320
f 320/320/320 324/324/324 323/323/323
f 322/322/322 325/325/325 324/324/324
f 316/316/316 326/326/326 317/317/317
f 323/323/323 326/326/326 316/316/316
f 317/317/317 327/327/327 318/318/318
f 326/326/326 327/327/327 317/317/317
f 318/318/318 328/328/328 319/319/319
f 327/327/327 328/328/328 318/318/318
f 328/328/328 329/329/329 319/319/319
f 324/324/324 330/330/330 323/323/323
f 323/323/323 330/330/330 326/326/326
f 325/325/325 331/331/331 324/324/324
f 324/324/324 331/331/331 330/330/330
f 325/325/325 332/332/332 331/331/331
f 326/326/326 333/333/333 327/327/327
f 330/330/330 333/333/333 326/326/326
f 327/327/327 334/334/334 328/328/328
f 333/333/333 334/334/334 327/327/327
f 334/334/334 335/335/335 328/328/328
f 331/331/331 336/336/336 330/330/330
f 330/330/330 336/336/336 333/333/333
f 332/332/332 337/337/337 331/331/331
f 331/331/331 337/337/337 336/336/336
f 332/332/332 338/338/338 337/337/337
f 333/333/333 339/339/339 334/334/334
f 336/336/336 339/339/339 333/333/333
f 339/339/339 340/340/340 334/334/334
f 336/336/336 341/341/341 339/339/339
f 337/337/337 341/341/341 336/336/336
f 341/341/341 342/342/342 339/339/339
f 338/338/338 343/343/343 337/337/337
f 337/337/337 343/343/343 341/341/341
f 343/343/343 344/344/344 341/341/341
f 338/338/338 345/345/345 343/343/343
f 345/345/345 346/346/346 343/343/343
f 347/347/347 349/349/349 348/348/348
f 347/347/347 350/350/350 349/349/349
f 351/351/351 350/350/350 347/347/347
f 350/350/350 352/352/352 349/349/349
f 351/351/351 353/353/353 350/350/350
f 354/354/354 353/353/353 351/351/351
f 350/350/350 355/355/355 352/352/352
f 353/353/353 355/355/355 350/350/350
f 355/355/355 356/356/356 352/352/352
f 354/354/354 357/357/357 353/353/353
f 358/358/358 357/357/357 354/354/354
f 353/353/353 359/359/359 355/355/355
f 357/357/357 359/359/359 353/353/353
f 355/355/355 360/360/360 356/356/356
f 359/359/359 360/360/360 355/355/355
f 360/360/360 361/361/361 356/356/356
f 358/358/358 362/362/362 357/357/357
f 363/363/363 362/362/362 358/358/358
f 357/357/357 364/364/364 359/359/359
f 362/362/362 364/364/364 357/357/357
f 359/359/359 365/365/365 360/360/360
f 364/364/364 365/365/365 359/359/359
f 360/360/360 366/366/366 361/361/361
f 365/365/365 366/366/366 360/360/360
f 366/366/366 367/367/367 361/361/361
f 363/363/363 368/368/368 362/362/362
f 369/369/369 368/368/368 363/363/363
f 369/369/369 370/370/370 368/368/368
f 362/362/362 371/371/371 364/364/364
f 368/368/368 371/371/371 362/362/362
f 370/370/370 372/372/372 368/368/368
f 368/368/368 372/372/372 371/371/371
f 370/370/370 373/373/373 372/372/372
f 364/364/364 374/374/374 365/365/365
f 371/371/371 374/374/374 364/364/364
f 365/365/365 375/375/375 366/366/366
f 374/374/374 375/375/375 365/365/365
f 375/375/375 376/376/376 366/366/366
f 372/372/372 377/377/377 371/371/371
f 371/371/371 377/377/377 374/374/374
f 373/373/373 378/378/378 372/372/372
f 372/372/372 378/378/378 377/377/377
f 373/373/373 379/379/379 378/378/378
f 374/374/374 380/380/380 375/375/375
f 377/377/377 380/380/380 374/374/374
f 380/380/380 381/381/381 375/375/375
f 377/377/377 382/382/382 380/380/380
f 378/378/378 382/382/382 377/377/377
f 382/382/382 383/383/383 380/380/380
f 379/379/379 384/384/384 378/378/378
f 378/378/378 384/384/384 382/382/382
f 384/384/384 385/385/385 382/382/382
f 379/379/379 386/386/386 384/384/384
f 386/386/386 387/387/387 384/384/384
f 388/388/388 390/390/390 389/389/389
f 388/388/388 391/391/391 390/390/390
f 392/392/392 391/391/391 388/388/388
f 391/391/391 393/393/393 390/390/390
f 392/392/392 394/394/394 391/391/391
f 395/395/395 394/394/394 392/392/392
f 391/391/391 396/396/396 393/393/393
f 394/394/394 396/396/396 391/391/391
f 396/396/396 397/397/397 393/393/393
f 395/395/395 398/398/398 394/394/394
f 399/399/399 398/398/398 395/395/395
f 394/394/394 400/400/400 396/396/396
f 398/398/398 400/400/400 394/394/394
f 396/396/396 401/401/401 397/397/397
f 400/400/400 401/401/401 396/396/396
f 401/401/401 402/402/402 397/397/397
f 399/399/399 403/403/403 398/398/398
f 404/404/404 403/403/403 399/399/399
f 398/398/398 405/405/405 400/400/400
f 403/403/403 405/405/405 398/398/398
f 400/400/400 406/406/406 401/401/401
f 405/405/405 406/406/406 400/400/400
f 401/401/401 407/407/407 402/402/402
f 406/406/406 407/407/407 401/401/401
f 407/407/407 408/408/408 402/402/402
f 404/404/404 409/409/409 403/403/403
f 410/410/410 409/409/409 404/404/404
f 410/410/410 411/411/411 409/409/409
f 403/403/403 412/412/412 405/405/405
f 409/409/409 412/412/412 403/403/403
f 411/411/411 413/413/413 409/409/409
f 409/409/409 413/413/413 412/412/412
f 411/411/411 414/414/414 413/413/413
f 405/405/405 415/415/415 406/406/406
f 412/412/412 415/415/415 405/405/405
f 406/406/406 416/416/416 407/407/407
f 415/415/415 416/416/416 406/406/406
f 407/407/407 417/417/417 408/408/408
f 416/416/416 417/417/417 407/407/407
f 417/417/417 418/418/418 408/408/408
f 413/413/413 419/419/419 412/412/412
f 412/412/412 419/419/419 415/415/415
f 414/414/414 420/420/420 413/413/413
f 413/413/413 420/420/420 419/419/419
f 414/414/414 421/421/421 420/420/420
f 415/415/415 422/422/422 416/416/416
f 419/419/419 422/422/422 415/415/415
f 416/416/416 423/423/423 417/417/417
f 422/422/422 423/423/423 416/416/416
f 423/423/423 424/424/424 417/417/417
f 420/420/420 425/425/425 419/419/419
f 419/419/419 425/425/425 422/422/422
f 421/421/421 426/426/426 420/420/420
f 420/420/420 426/426/426 425/425/425
f 421/421/421 427/427/427 426/426/426
f 422/422/422 428/428/428 423/423/423
f 425/425/425 428/428/428 422/422/422
f 428/428/428 429/429/429 423/423/423
f 425/425/425 430/430/430 428/428/428
f 426/426/426 430/430/430 425/425/425
f 430/430/430 431/431/431 428/428/428
f 427/427/427 432/432/432 426/426/426
f 426/426/426 432/432/432 430/430/430
f 432/432/432 433/433/433 430/430/430
f 427/427/427 434/434/434 432/432/432
f 434/434/434 435/435/435 432/432/432
f 436/436/436 438/438/438 437/437/437
f 436/436/436 439/439/439 438/438/438
f 440/440/440 439/439/439 436/436/436
f 439/439/439 441/441/441 438/438/438
f 440/440/440 442/442/442 439/439/439
f 443/443/443 442/442/442 440/440/440
f 439/439/439 444/444/444 441/441/441
f 442/442/442 444/444/444 439/439/439
f 444/444/444 445/445/445 441/441/441
f 443/443/443 446/446/446 442/442/442
f 447/447/447 446/446/446 443/443/443
f 442/442/442 448/448/448 444/444/444
f 446/446/446 448/448/448 442/442/442
f 444/444/444 449/449/449 445/445/445
f 448/448/448 449/449/449 444/444/444
f 449/449/449 450/450/450 445/445/445
f 447/447/447 451/451/451 446/446/446
f 452/452/452 451/451/451 447/447/447
f 446/446/446 453/453/453 448/448/448
f 451/451/451 453/453/453 446/446/446
f 448/448/448 454/454/454 449/449/449
f 453/453/453 454/454/454 448/448/448
f 454/454/454 455/455/455 449/449/449
f 452/452/452 456/456/456 451/451/451
f 457/457/457 456/456/456 452/452/452
f 457/457/457 458/458/458 456/456/456
f 451/451/451 459/459/459 453/453/453
f 456/456/456 459/459/459 451/451/451
f 453/453/453 460/460/460 454/454/454
f 459/459/459 460/460/460 453/453/453
f 460/460/460 461/461/461 454/454/454
f 458/458/458 462/462/462 456/456/456
f 456/456/456 462/462/462 459/459/459
f 458/458/458 463/463/463 462/462/462
f 459/459/459 464/464/464 460/460/460
f 462/462/462 464/464/464 459/459/459
f 464/464/464 465/465/465 460/460/460
f 463/463/463 466/466/466 462/462/462
f 462/462/462 466/466/466 464/464/464
f 466/466/466 467/467/467 464/464/464
f 463/463/463 468/468/468 466/466/466
f 468/468/468 469/469/469 466/466/466
f 470/470/470 472/472/472 471/471/471
f 470/470/470 473/473/473 472/472/472
f 474/474/474 473/473/473 470/470/470
f 473/473/473 475/475/475 472/472/472
f 474/474/474 476/476/476 473/473/473
f 477/477/477 476/476/476 474/474/474
f 473/473/473 478/478/478 475/475/475
f 476/476/476 478/478/478 473/473/473
f 478/478/478 479/479/479 475/475/475
f 477/477/477 480/480/480 476/476/476
f 481/481/481 480/480/480 477/477/477
f 476/476/476 482/482/482 478/478/478
f 480/480/480 482/482/482 476/476/476
f 478/478/478 483/483/483 479/479/479
f 482/482/482 483/483/483 478/478/478
f 483/483/483 484/484/484 479/479/479
f 481/481/481 485/485/485 480/480/480
f 486/486/486 485/485/485 481/481/481
f 480/480/480 487/487/487 482/482/482
f 485/485/485 487/487/487 480/480/480
f 482/482/482 488/488/488 483/483/483
f 487/487/487 488/488/488 482/482/482
f 483/483/483 489/489/489 484/484/484
f 488/488/488 489/489/489 483/483/483
f 489/489/489 490/490/490 484/484/484
f 486/486/486 491/491/491 485/485/485
f 492/492/492 491/491/491 486/486/486
f 492/492/492 493/493/493 491/491/491
f 485/485/485 494/494/494 487/487/487
f 491/491/491 494/494/494 485/485/485
f 493/493/493 495/495/495 491/491/491
f 491/491/491 495/495/495 494/494/494
f 493/493/493 496/496/496 495/495/495
f 487/487/487 497/497/497 488/488/488
f 494/494/494 497/497/497 487/487/487
f 488/488/488 498/498/498 489/489/489
f 497/497/497 498/498/498 488/488/488
f 489/489/489 499/499/499 490/490/490
f 498/498/498 499/499/499 489/489/489
f 499/499/499 500/500/500 490/490/490
f 495/495/495 501/501/501 494/494/494
f 494/494/494 501/501/501 497/497/497
f 496/496/496 502/502/502 495/495/495
f 495/495/495 502/502/502 501/501/501
f 496/496/496 503/503/503 502/502/502
f 497/497/497 504/504/504 498/498/498
f 501/501/501 504/504/504 497/497/497
f 498/498/498 505/505/505 499/499/499
f 504/504/504 505/505/505 498/498/498
f 499/499/499 506/506/506 500/500/500
f 505/505/505 506/506/506 499/499/499
f 506/506/506 507/507/507 500/500/500
f 502/502/502 508/508/508 501/501/501
f 501/501/501 508/508/508 504/504/504
f 503/503/503 509/509/509 502/502/502
f 502/502/502 509/509/509 508/508/508
f 503/503/503 510/510/510 509/509/509
f 504/504/504 511/511/511 505/505/505
f 508/508/508 511/511/511 504/504/504
f 505/505/505 512/512/512 506/506/506
f 511/511/511 512/512/512 505/505/505
f 506/506/506 513/513/513 507/507/507
f 512/512/512 513/513/513 506/506/506
f 513/513/513 514/514/514 507/507/507
f 509/509/509 515/515/515 508/508/508
f 508/508/508 515/515/515 511/511/511
f 510/510/510 516/516/516 509/509/509
f 509/509/509 516/516/516 515/515/515
f 510/510/510 517/517/517 516/516/516
f 511/511/511 518/518/518 512/512/512
f 515/515/515 518/518/518 511/511/511
f 512/512/512 519/519/519 513/513/513
f 518/518/518 519/519/519 512/512/512
f 519/519/519 520/520/520 513/513/513
f 516/516/516 521/521/521 515/515/515
f 515/515/515 521/521/521 518/518/518
f 517/517/517 522/522/522 516/516/516
f 516/516/516 522/522/522 521/521/521
f 517/517/517 523/523/523 522/522/522
f 518/518/518 524/524/524 519/519/519
f 521/521/521 524/524/524 518/518/518
f 524/524/524 525/525/525 519/519/519
f 521/521/521 526/526/526 524/524/524
f 522/522/522 526/526/526 521/521/521
f 526/526/526 527/527/527 524/524/524
f 523/523/523 528/528/528 522/522/522
f 522/522/522 528/528/528 526/526/526
f 528/528/528 529/529/529 526/526/526
f 523/523/523 530/530/530 528/528/528
f 530/530/530 531/531/531 528/528/528
f 532/532/532 534/534/534 533/533/533
f 535/535/535 534/534/534 532/532/532
f 535/535/535 536/536/536 534/534/534
f 537/537/537 536/536/536 535/535/535
f 538/538/538 540/540/540 539/539/539
f 538/538/538 541/541/541 540/540/540
f 541/541/541 542/542/542 540/540/540
f 543/543/543 541/541/541 538/538/538
f 541/541/541 544/544/544 542/542/542
f 543/543/543 545/545/545 541/541/541
f 545/545/545 544/544/544 541/541/541
f 546/546/546 545/545/545 543/543/543
f 545/545/545 547/547/547 544/544/544
f 546/546/546 548/548/548 545/545/545
f 548/548/548 547/547/547 545/545/545
f 549/549/549 548/548/548 546/546/546
f 548/548/548 550/550/550 547/547/547
f 549/549/549 551/551/551 548/548/548
f 551/551/551 550/550/550 548/548/548
f 552/552/552 551/551/551 549/549/549
f 551/551/551 553/553/553 550/550/550
f 552/552/552 554/554/554 551/551/551
f 554/554/554 553/553/553 551/551/551
f 555/555/555 554/554/554 552/552/552
f 554/554/554 556/556/556 553/553/553
f 555/555/555 557/557/557 554/554/554
f 557/557/557 556/556/556 554/554/554
f 557/557/557 558/558/558 556/556/556
f 559/559/559 561/561/561 560/560/560
f 559/559/559 562/562/562 561/561/561
f 563/563/563 562/562/562 559/559/559
f 562/562/562 564/564/564 561/561/561
f 563/563/563 565/565/565 562/562/562
f 566/566/566 565/565/565 563/563/563
f 562/562/562 567/567/567 564/564/564
f 565/565/565 567/567/567 562/562/562
f 567/567/567 568/568/568 564/564/564
f 566/566/566 569/569/569 565/565/565
f 570/570/570 569/569/569 566/566/566
f 570/570/570 571/571/571 569/569/569
f 565/565/565 572/572/572 567/567/567
f 569/569/569 572/572/572 565/565/565
f 567/567/567 573/573/573 568/568/568
f 572/572/572 573/573/573 567/567/567
f 573/573/573 574/574/574 568/568/568
f 571/571/571 575/575/575 569/569/569
f 569/569/569 575/575/575 572/572/572
f 571/571/571 576/576/576 575/575/575
f 572/572/572 577/577/577 573/573/573
f 575/575/575 577/577/577 572/572/572
f 577/577/577 578/578/578 573/573/573
f 576/576/576 579/579/579 575/575/575
f 575/575/575 579/579/579 577/577/577
f 579/579/579 580/580/580 577/577/577
f 576/576/576 581/581/581 579/579/579
f 581/581/581 582/582/582 579/579/579
f 583/583/583 585/585/585 584/584/584
f 583/583/583 586/586/586 585/585/585
f 587/587/587 586/586/586 583/583/583
f 586/586/586 588/588/588 585/585/585
f 587/587/587 589/589/589 586/586/586
f 590/590/590 589/589/589 587/587/587
f 586/586/586 591/591/591 588/588/588
f 589/589/589 591/591/591 586/586/586
f 591/591/591 592/592/592 588/588/588
f 590/590/590 593/593/593 589/589/589
f 594/594/594 593/593/593 590/590/590
f 594/594/594 595/595/595 593/593/593
f 589/589/589 596/596/596 591/591/591
f 593/593/593 596/596/596 589/589/589
f 596/596/596 597/597/597 591/591/591
f 595/595/595 598/598/598 593/593/593
f 593/593/593 598/598/598 596/596/596
f 598/598/598 599/599/599 596/596/596
f 595/595/595 600/600/600 598/598/598
f 600/600/600 601/601/601 598/598/598
f 602/602/602 604/604/604 603/603/603
f 602/602/602 605/605/605 604/604/604
f 606/606/606 605/605/605 602/602/602
f 605/605/605 607/607/607 604/604/604
f 606/606/606 608/608/608 605/605/605
f 609/609/609 608/608/608 606/606/606
f 605/605/605 610/610/610 607/607/607
f 608/608/608 610/610/610 605/605/605
f 610/610/610 611/611/611 607/607/607
f 609/609/609 612/612/612 608/608/608
f 613/613/613 612/612/612 609/609/609
f 613/613/613 614/614/614 612/612/612
f 608/608/608 615/615/615 610/610/610
f 612/612/612 615/615/615 608/608/608
f 610/610/610 616/616/616 611/611/611
f 615/615/615 616/616/616 610/610/610
f 616/616/616 617/617/617 611/611/611
f 614/614/614 618/618/618 612/612/612
f 612/612/612 618/618/618 615/615/615
f 614/614/614 619/619/619 618/618/618
f 615/615/615 620/620/620 616/616/616
f 618/618/618 620/620/620 615/615/615
f 620/620/620 621/621/621 616/616/616
f 619/619/619 622/622/622 618/618/618
f 618/618/618 622/622/622 620/620/620
f 622/622/622 623/623/623 620/620/620
f 619/619/619 624/624/624 622/622/622
f 624/624/624 625/625/625 622/622/622
f 626/626/626 628/628/628 627/627/627
f 629/629/629 628/628/628 626/626/626
f 629/629/629 630/630/630 628/628/628
f 631/631/631 630/630/630 629/629/629
f 632/632/632 634/634/634 633/633/633
f 632/632/632 635/635/635 634/634/634
f 635/635/635 636/636/636 634/634/634
f 637/637/637 635/635/635 632/632/632
f 635/635/635 638/638/638 636/636/636
f 637/637/637 639/639/639 635/635/635
f 639/639/639 638/638/638 635/635/635
f 640/640/640 639/639/639 637/637/637
f 639/639/639 641/641/641 638/638/638
f 640/640/640 642/642/642 639/639/639
f 642/642/642 641/641/641 639/639/639
f 643/643/643 642/642/642 640/640/640
f 642/642/642 644/644/644 641/641/641
f 643/643/643 645/645/645 642/642/642
f 645/645/645 644/644/644 642/642/642
f 646/646/646 645/645/645 643/643/643
f 645/645/645 647/647/647 644/644/644
f 646/646/646 648/648/648 645/645/645
f 648/648/648 647/647/647 645/645/645
f 649/649/649 648/648/648 646/646/646
f 648/648/648 650/650/650 647/647/647
f 649/649/649 651/651/651 648/648/648
f 651/651/651 650/650/650 648/648/648
f 651/651/651 652/652/652 650/650/650
f 653/653/653 655/655/655 654/654/654
f 653/653/653 656/656/656 655/655/655
f 656/656/656 657/657/657 655/655/655
f 658/658/658 656/656/656 653/653/653
f 658/658/658 659/659/659 656/656/656
f 659/659/659 660/660/660 656/656/656
f 661/661/661 659/659/659 658/658/658
f 661/661/661 662/662/662 659/659/659
f 662/662/662 663/663/663 659/659/659
f 664/664/664 662/662/662 661/661/661
f 664/664/664 665/665/665 662/662/662
f 665/665/665 666/666/666 662/662/662
f 667/667/667 669/669/669 668/668/668
f 667/667/667 670/670/670 669/669/669
f 671/671/671 670/670/670 667/667/667
f 670/670/670 672/672/672 669/669/669
f 671/671/671 673/673/673 670/670/670
f 674/674/674 673/673/673 671/671/671
f 670/670/670 675/675/675 672/672/672
f 673/673/673 675/675/675 670/670/670
f 675/675/675 676/676/676 672/672/672
f 674/674/674 677/677/677 673/673/673
f 678/678/678 677/677/677 674/674/674
f 678/678/678 679/679/679 677/677/677
f 673/673/673 680/680/680 675/675/675
f 677/677/677 680/680/680 673/673/673
f 675/675/675 681/681/681 676/676/676
f 680/680/680 681/681/681 675/675/675
f 681/681/681 682/682/682 676/676/676
f 679/679/679 683/683/683 677/677/677
f 677/677/677 683/683/683 680/680/680
f 679/679/679 684/684/684 683/683/683
f 680/680/680 685/685/685 681/681/681
f 683/683/683 685/685/685 680/680/680
f 685/685/685 686/686/686 681/681/681
f 684/684/684 687/687/687 683/683/683
f 683/683/683 687/687/687 685/685/685
f 687/687/687 688/688/688 685/685/685
f 684/684/684 689/689/689 687/687/687
f 689/689/689 690/690/690 687/687/687
f 691/691/691 693/693/693 692/692/692
f 691/691/691 694/694/694 693/693/693
f 694/694/694 695/695/695 693/693/693
f 696/696/696 694/694/694 691/691/691
f 696/696/696 697/697/697 694/694/694
f 697/697/697 698/698/698 694/694/694
f 699/699/699 697/697/697 696/696/696
f 699/699/699 700/700/700 697/697/697
f 700/700/700 701/701/701 697/697/697
f 702/702/702 700/700/700 699/699/699
f 702/702/702 703/703/703 700/700/700
f 703/703/703 704/704/704 700/700/700
f 705/705/705 707/707/707 706/706/706
f 705/705/705 708/708/708 707/707/707
f 709/709/709 708/708/708 705/705/705
f 708/708/708 710/710/710 707/707/707
f 709/709/709 711/711/711 708/708/708
f 712/712/712 711/711/711 709/709/709
f 708/708/708 713/713/713 710/710/710
f 711/711/711 713/713/713 708/708/708
f 713/713/713 714/714/714 710/710/710
f 712/712/712 715/715/715 711/711/711
f 716/716/716 715/715/715 712/712/712
f 716/716/716 717/717/717 715/715/715
f 711/711/711 718/718/718 713/713/713
f 715/715/715 718/718/718 711/711/711
f 713/713/713 719/719/719 714/714/714
f 718/718/718 719/719/719 713/713/713
f 719/719/719 720/720/720 714/714/714
f 717/717/717 721/721/721 715/715/715
f 715/715/715 721/721/721 718/718/718
f 717/717/717 722/722/722 721/721/721
f 718/718/718 723/723/723 719/719/719
f 721/721/721 723/723/723 718/718/718
f 723/723/723 724/724/724 719/719/719
f 722/722/722 725/725/725 721/721/721
f 721/721/721 725/725/725 723/723/723
f 725/725/725 726/726/726 723/723/723
f 722/722/722 727/727/727 725/725/725
f 727/727/727 728/728/728 725/725/725
f 729/729/729 731/731/731 730/730/730
f 729/729/729 732/732/732 731/731/731
f 733/733/733 732/732/732 729/729/729
f 732/732/732 734/734/734 731/731/731
f 733/733/733 735/735/735 732/732/732
f 736/736/736 735/735/735 733/733/733
f 732/732/732 737/737/737 734/734/734
f 735/735/735 737/737/737 732/732/732
f 737/737/737 738/738/738 734/734/734
f 736/736/736 739/739/739 735/735/735
f 740/740/740 739/739/739 736/736/736
f 740/740/740 741/741/741 739/739/739
f 735/735/735 742/742/742 737/737/737
f 739/739/739 742/742/742 735/735/735
f 742/742/742 743/743/743 737/737/737
f 741/741/741 744/744/744 739/739/739
f 739/739/739 744/744/744 742/742/742
f 744/744/744 745/745/745 742/742/742
f 741/741/741 746/746/746 744/744/744
f 746/746/746 747/747/747 744/744/744
f 748/748/748 750/750/750 749/749/749
f 748/748/748 751/751/751 750/750/750
f 752/752/752 751/751/751 748/748/748
f 751/751/751 753/753/753 750/750/750
f 752/752/752 754/754/754 751/751/751
f 755/755/755 754/754/754 752/752/752
f 751/751/751 756/756/756 753/753/753
f 754/754/754 756/756/756 751/751/751
f 756/756/756 757/757/757 753/753/753
f 755/755/755 758/758/758 754/754/754
f 759/759/759 758/758/758 755/755/755
f 759/759/759 760/760/760 758/758/758
f 754/754/754 761/761/761 756/756/756
f 758/758/758 761/761/761 754/754/754
f 761/761/761 762/762/762 756/756/756
f 760/760/760 763/763/763 758/758/758
f 758/758/758 763/763/763 761/761/761
f 763/763/763 764/764/764 761/761/761
f 760/760/760 765/765/765 763/763/763
f 765/765/765 766/766/766 763/763/763
f 767/767/767 769/769/769 768/768/768
f 767/767/767 770/770/770 769/769/769
f 771/771/771 770/770/770 767/767/767
f 770/770/770 772/772/772 769/769/769
f 771/771/771 773/773/773 770/770/770
f 774/774/774 773/773/773 771/771/771
f 770/770/770 775/775/775 772/772/772
f 773/773/773 775/775/775 770/770/770
f 775/775/775 776/776/776 772/772/772
f 774/774/774 777/777/777 773/773/773
f 778/778/778 777/777/777 774/774/774
f 778/778/778 779/779/779 777/777/777
f 773/773/773 780/780/780 775/775/775
f 777/777/777 780/780/780 773/773/773
f 775/775/775 781/781/781 776/776/776
f 780/780/780 781/781/781 775/775/775
f 781/781/781 782/782/782 776/776/776
f 779/779/779 783/783/783 777/777/777
f 777/777/777 783/783/783 780/780/780
f 779/779/779 784/784/784 783/783/783
f 780/780/780 785/785/785 781/781/781
f 783/783/783 785/785/785 780/780/780
f 785/785/785 786/786/786 781/781/781
f 784/784/784 787/787/787 783/783/783
f 783/783/783 787/787/787 785/785/785
f 787/787/787 788/788/788 785/785/785
f 784/784/784 789/789/789 787/787/787
f 789/789/789 790/790/790 787/787/787
f 791/791/791 793/793/793 792/792/792
f 791/791/791 794/794/794 793/793/793
f 794/794/794 795/795/795 793/793/793
f 796/796/796 794/794/794 791/791/791
f 796/796/796 797/797/797 794/794/794
f 797/797/797 798/798/798 794/794/794
f 799/799/799 797/797/797 796/796/796
f 799/799/799 800/800/800 797/797/797
f 800/800/800 801/801/801 797/797/797
f 802/802/802 800/800/800 799/799/799
f 802/802/802 803/803/803 800/800/800
f 803/803/803 804/804/804 800/800/800
f 805/805/805 807/807/807 806/806/806
f 805/805/805 808/808/808 807/807/807
f 808/808/808 809/809/809 807/807/807
f 810/810/810 808/808/808 805/805/805
f 810/810/810 811/811/811 808/808/808
f 811/811/811 812/812/812 808/808/808
f 813/813/813 811/811/811 810/810/810
f 813/813/813 814/814/814 811/811/811
f 814/814/814 815/815/815 811/811/811
f 816/816/816 814/814/814 813/813/813
f 816/816/816 817/817/817 814/814/814
f 817/817/817 818/818/818 814/814/814
f 819/819/819 821/821/821 820/820/820
f 819/819/819 822/822/822 821/821/821
f 823/823/823 822/822/822 819/819/819
f 822/822/822 824/824/824 821/821/821
f 823/823/823 825/825/825 822/822/822
f 826/826/826 825/825/825 823/823/823
f 822/822/822 827/827/827 824/824/824
f 825/825/825 827/827/827 822/822/822
f 827/827/827 828/828/828 824/824/824
f 826/826/826 829/829/829 825/825/825
f 830/830/830 829/829/829 826/826/826
f 830/830/830 831/831/831 829/829/829
f 825/825/825 832/832/832 827/827/827
f 829/829/829 832/832/832 825/825/825
f 827/827/827 833/833/833 828/828/828
f 832/832/832 833/833/833 827/827/827
f 833/833/833 834/834/834 828/828/828
f 831/831/831 835/835/835 829/829/829
f 829/829/829 835/835/835 832/832/832
f 831/831/831 836/836/836 835/835/835
f 832/832/832 837/837/837 833/833/833
f 835/835/835 837/837/837 832/832/832
f 837/837/837 838/838/838 833/833/833
f 836/836/836 839/839/839 835/835/835
f 835/835/835 839/839/839 837/837/837
f 839/839/839 840/840/840 837/837/837
f 836/836/836 841/841/841 839/839/839
f 841/841/841 842/842/842 839/839/839
f 843/843/843 845/845/845 844/844/844
f 843/843/843 846/846/846 845/845/845
f 847/847/847 846/846/846 843/843/843
f 846/846/846 848/848/848 845/845/845
f 847/847/847 849/849/849 846/846/846
f 850/850/850 849/849/849 847/847/847
f 846/846/846 851/851/851 848/848/848
f 849/849/849 851/851/851 846/846/846
f 851/851/851 852/852/852 848/848/848
f 850/850/850 853/853/853 849/849/849
f 854/854/854 853/853/853 850/850/850
f 854/854/854 855/855/855 853/853/853
f 849/849/849 856/856/856 851/851/851
f 853/853/853 856/856/856 849/849/849
f 856/856/856 857/857/857 851/851/851
f 855/855/855 858/858/858 853/853/853
f 853/853/853 858/858/858 856/856/856
f 858/858/858 859/859/859 856/856/856
f 855/855/855 860/860/860 858/858/858
f 860/860/860 861/861/861 858/858/858
f 862/862/862 864/864/864 863/863/863
f 862/862/862 865/865/865 864/864/864
f 866/866/866 865/865/865 862/862/862
f 865/865/865 867/867/867 864/864/864
f 866/866/866 868/868/868 865/865/865
f 869/869/869 868/868/868 866/866/866
f 865/865/865 870/870/870 867/867/867
f 868/868/868 870/870/870 865/865/865
f 870/870/870 871/871/871 867/867/867
f 869/869/869 872/872/872 868/868/868
f 873/873/873 872/872/872 869/869/869
f 873/873/873 874/874/874 872/872/872
f 868/868/868 875/875/875 870/870/870
f 872/872/872 875/875/875 868/868/868
f 870/870/870 876/876/876 871/871/871
f 875/875/875 876/876/876 870/870/870
f 876/876/876 877/877/877 871/871/871
f 874/874/874 878/878/878 872/872/872
f 872/872/872 878/878/878 875/875/875
f 874/874/874 879/879/879 878/878/878
f 875/875/875 880/880/880 876/876/876
f 878/878/878 880/880/880 875/875/875
f 880/880/880 881/881/881 876/876/876
f 879/879/879 882/882/882 878/878/878
f 878/878/878 882/882/882 880/880/880
f 882/882/882 883/883/883 880/880/880
f 879/879/879 884/884/884 882/882/882
f 884/884/884 885/885/885 882/882/882
f 886/886/886 888/888/888 887/887/887
f 886/886/886 889/889/889 888/888/888
f 890/890/890 889/889/889 886/886/886
f 889/889/889 891/891/891 888/888/888
f 890/890/890 892/892/892 889/889/889
f 893/893/893 892/892/892 890/890/890
f 889/889/889 894/894/894 891/891/891
f 892/892/892 894/894/894 889/889/889
f 894/894/894 895/895/895 891/891/891
f 893/893/893 896/896/896 892/892/892
f 897/897/897 896/896/896 893/893/893
f 897/897/897 898/898/898 896/896/896
f 892/892/892 899/899/899 894/894/894
f 896/896/896 899/899/899 892/892/892
f 899/899/899 900/900/900 894/894/894
f 898/898/898 901/901/901 896/896/896
f 896/896/896 901/901/901 899/899/899
f 901/901/901 902/902/902 899/899/899
f 898/898/898 903/903/903 901/901/901
f 903/903/903 904/904/904 901/901/901
f 905/905/905 907/907/907 906/906/906
f 905/905/905 908/908/908 907/907/907
f 909/909/909 908/908/908 905/905/905
f 908/908/908 910/910/910 907/907/907
f 909/909/909 911/911/911 908/908/908
f 908/908/908 912/912/912 910/910/910
f 911/911/911 912/912/912 908/908/908
f 912/912/912 913/913/913 910/910/910
f 911/911/911 914/914/914 912/912/912
f 912/912/912 915/915/915 913/913/913
f 914/914/914 915/915/915 912/912/912
f 915/915/915 916/916/916 913/913/913
f 914/914/914 917/917/917 915/915/915
f 917/917/917 918/918/918 915/915/915
f 919/919/919 921/921/921 920/920/920
f 919/919/919 922/922/922 921/921/921
f 923/923/923 922/922/922 919/919/919
f 922/922/922 924/924/924 921/921/921
f 923/923/923 925/925/925 922/922/922
f 922/922/922 926/926/926 924/924/924
f 925/925/925 926/926/926 922/922/922
f 926/926/926 927/927/927 924/924/924
f 925/925/925 928/928/928 926/926/926
f 926/926/926 929/929/929 927/927/927
f 928/928/928 929/929/929 926/926/926
f 929/929/929 930/930/930 927/927/927
f 928/928/928 931/931/931 929/929/929
f 931/931/931 932/932/932 929/929/929
f 933/933/933 935/935/935 934/934/934
f 933/933/933 936/936/936 935/935/935
f 936/936/936 937/937/937 935/935/935
f 938/938/938 936/936/936 933/933/933
f 938/938/938 939/939/939 936/936/936
f 939/939/939 940/940/940 936/936/936
f 941/941/941 939/939/939 938/938/938
f 941/941/941 942/942/942 939/939/939
f 942/942/942 943/943/943 939/939/939
f 944/944/944 942/942/942 941/941/941
f 944/944/944 945/945/945 942/942/942
f 945/945/945 946/946/946 942/942/942
f 947/947/947 949/949/949 948/948/948
f 947/947/947 950/950/950 949/949/949
f 951/951/951 950/950/950 947/947/947
f 950/950/950 952/952/952 949/949/949
f 951/951/951 953/953/953 950/950/950
f 954/954/954 953/953/953 951/951/951
f 950/950/950 955/955/955 952/952/952
f 953/953/953 955/955/955 950/950/950
f 955/955/955 956/956/956 952/952/952
f 954/954/954 957/957/957 953/953/953
f 958/958/958 957/957/957 954/954/954
f 958/958/958 959/959/959 957/957/957
f 953/953/953 960/960/960 955/955/955
f 957/957/957 960/960/960 953/953/953
f 955/955/955 961/961/961 956/956/956
f 960/960/960 961/961/961 955/955/955
f 961/961/961 962/962/962 956/956/956
f 959/959/959 963/963/963 957/957/957
f 957/957/957 963/963/963 960/960/960
f 959/959/959 964/964/964 963/963/963
f 960/960/960 965/965/965 961/961/961
f 963/963/963 965/965/965 960/960/960
f 965/965/965 966/966/966 961/961/961
f 964/964/964 967/967/967 963/963/963
f 963/963/963 967/967/967 965/965/965
f 967/967/967 968/968/968 965/965/965
f 964/964/964 969/969/969 967/967/967
f 969/969/969 970/970/970 967/967/967
f 971/971/971 973/973/973 972/972/972
f 971/971/971 974/974/974 973/973/973
f 974/974/974 975/975/975 973/973/973
f 976/976/976 974/974/974 971/971/971
f 976/976/976 977/977/977 974/974/974
f 977/977/977 978/978/978 974/974/974
f 979/979/979 977/977/977 976/976/976
f 979/979/979 980/980/980 977/977/977
f 980/980/980 981/981/981 977/977/977
f 982/982/982 980/980/980 979/979/979
f 982/982/982 983/983/983 980/980/980
f 983/983/983 984/984/984 980/980/980
f 985/985/985 987/987/987 986/986/986
f 985/985/985 988/988/988 987/987/987
f 989/989/989 988/988/988 985/985/985
f 988/988/988 990/990/990 987/987/987
f 989/989/989 991/991/991 988/988/988
f 992/992/992 991/991/991 989/989/989
f 988/988/988 993/993/993 990/990/990
f 991/991/991 993/993/993 988/988/988
f 993/993/993 994/994/994 990/990/990
f 992/992/992 995/995/995 991/991/991
f 996/996/996 995/995/995 992/992/992
f 996/996/996 997/997/997 995/995/995
f 991/991/991 998/998/998 993/993/993
f 995/995/995 998/998/998 991/991/991
f 998/998/998 999/999/999 993/993/993
f 997/997/997 1000/1000/1000 995/995/995
f 995/995/995 1000/1000/1000 998/998/998
f 1000/1000/1000 1001/1001/1001 998/998/998
f 997/997/997 1002/1002/1002 1000/1000/1000
f 1002/1002/1002 1003/1003/1003 1000/1000/1000
f 1004/1004/1004 1006/1006/1006 1005/1005/1005
f 1004/1004/1004 1007/1007/1007 1006/1006/1006
f 1008/1008/1008 1007/1007/1007 1004/1004/1004
f 1007/1007/1007 1009/1009/1009 1006/1006/1006
f 1008/1008/1008 1010/1010/1010 1007/1007/1007
f 1011/1011/1011 1010/1010/1010 1008/1008/1008
f 1007/1007/1007 1012/1012/1012 1009/1009/1009
f 1010/1010/1010 1012/1012/1012 1007/1007/1007
f 1012/1012/1012 1013/1013/1013 1009/1009/1009
f 1011/1011/1011 1014/1014/1014 1010/1010/1010
f 1015/1015/1015 1014/1014/1014 1011/1011/1011
f 1015/1015/1015 1016/1016/1016 1014/1014/1014
f 1010/1010/1010 1017/1017/1017 1012/1012/1012
f 1014/1014/1014 1017/1017/1017 1010/1010/1010
f 1017/1017/1017 1018/1018/1018 1012/1012/1012
f 1016/1016/1016 1019/1019/1019 1014/1014/1014
f 1014/1014/1014 1019/1019/1019 1017/1017/1017
f 1019/1019/1019 1020/1020/1020 1017/1017/1017
f 1016/1016/1016 1021/1021/1021 1019/1019/1019
f 1021/1021/1021 1022/1022/1022 1019/1019/1019
f 1023/1023/1023 1025/1025/1025 1024/1024/1024
f 1023/1023/1023 1026/1026/1026 1025/1025/1025
f 1027/1027/1027 1026/1026/1026 1023/1023/1023
f 1026/1026/1026 1028/1028/1028 1025/1025/1025
f 1027/1027/1027 1029/1029/1029 1026/1026/1026
f 1030/1030/1030 1029/1029/1029 1027/1027/1027
f 1026/1026/1026 1031/1031/1031 1028/1028/1028
f 1029/1029/1029 1031/1031/1031 1026/1026/1026
f 1031/1031/1031 1032/1032/1032 1028/1028/1028
f 1030/1030/1030 1033/1033/1033 1029/1029/1029
f 1034/1034/1034 1033/1033/1033 1030/1030/1030
f 1034/1034/1034 1035/1035/1035 1033/1033/1033
f 1029/1029/1029 1036/1036/1036 1031/1031/1031
f 1033/1033/1033 1036/1036/1036 1029/1029/1029
f 1036/1036/1036 1037/1037/1037 1031/1031/1031
f 1035/1035/1035 1038/1038/1038 1033/1033/1033
f 1033/1033/1033 1038/1038/1038 1036/1036/1036
f 1038/1038/1038 1039/1039/1039 1036/1036/1036
f 1035/1035/1035 1040/1040/1040 1038/1038/1038
f 1040/1040/1040 1041/1041/1041 1038/1038/1038
f 1042/1042/1042 1044/1044/1044 1043/1043/1043
f 1042/1042/1042 1045/1045/1045 1044/1044/1044
f 1046/1046/1046 1045/1045/1045 1042/1042/1042
f 1045/1045/1045 1047/1047/1047 1044/1044/1044
f 1046/1046/1046 1048/1048/1048 1045/1045/1045
f 1049/1049/1049 1048/1048/1048 1046/1046/1046
f 1045/1045/1045 1050/1050/1050 1047/1047/1047
f 1048/1048/1048 1050/1050/1050 1045/1045/1045
f 1050/1050/1050 1051/1051/1051 1047/1047/1047
f 1049/1049/1049 1052/1052/1052 1048/1048/1048
f 1053/1053/1053 1052/1052/1052 1049/1049/1049
f 1053/1053/1053 1054/1054/1054 1052/1052/1052
f 1048/1048/1048 1055/1055/1055 1050/1050/1050
f 1052/1052/1052 1055/1055/1055 1048/1048/1048
f 1055/1055/1055 1056/1056/1056 1050/1050/1050
f 1054/1054/1054 1057/1057/1057 1052/1052/1052
f 1052/1052/1052 1057/1057/1057 1055/1055/1055
f 1057/1057/1057 1058/1058/1058 1055/1055/1055
f 1054/1054/1054 1059/1059/1059 1057/1057/1057
f 1059/1059/1059 1060/1060/1060 1057/1057/1057
f 1061/1061/1061 1063/1063/1063 1062/1062/1062
f 1061/1061/1061 1064/1064/1064 1063/1063/1063
f 1065/1065/1065 1064/1064/1064 1061/1061/1061
f 1064/1064/1064 1066/1066/1066 1063/1063/1063
f 1065/1065/1065 1067/1067/1067 1064/1064/1064
f 1068/1068/1068 1067/1067/1067 1065/1065/1065
f 1064/1064/1064 1069/1069/1069 1066/1066/1066
f 1067/1067/1067 1069/1069/1069 1064/1064/1064
f 1069/1069/1069 1070/1070/1070 1066/1066/1066
f 1068/1068/1068 1071/1071/1071 1067/1067/1067
f 1072/1072/1072 1071/1071/1071 1068/1068/1068
f 1072/1072/1072 1073/1073/1073 1071/1071/1071
f 1067/1067/1067 1074/1074/1074 1069/1069/1069
f 1071/1071/1071 1074/1074/1074 1067/1067/1067
f 1074/1074/1074 1075/1075/1075 1069/1069/1069
f 1073/1073/1073 1076/1076/1076 1071/1071/1071
f 1071/1071/1071 1076/1076/1076 1074/1074/1074
f 1076/1076/1076 1077/1077/1077 1074/1074/1074
f 1073/1073/1073 1078/1078/1078 1076/1076/1076
f 1078/1078/1078 1079/1079/1079 1076/1076/1076
f 1080/1080/1080 1082/1082/1082 1081/1081/1081
f 1080/1080/1080 1083/1083/1083 1082/1082/1082
f 1083/1083/1083 1084/1084/1084 1082/1082/1082
f 1085/1085/1085 1083/1083/1083 1080/1080/1080
f 1085/1085/1085 1086/1086/1086 1083/1083/1083
f 1086/1086/1086 1087/1087/1087 1083/1083/1083
f 1088/1088/1088 1086/1086/1086 1085/1085/1085
f 1088/1088/1088 1089/1089/1089 1086/1086/1086
f 1089/1089/1089 1090/1090/1090 1086/1086/1086
f 1091/1091/1091 1089/1089/1089 1088/1088/1088
f 1091/1091/1091 1092/1092/1092 1089/1089/1089
f 1092/1092/1092 1093/1093/1093 1089/1089/1089
f 1094/1094/1094 1096/1096/1096 1095/1095/1095
f 1094/1094/1094 1097/1097/1097 1096/1096/1096
f 1098/1098/1098 1097/1097/1097 1094/1094/1094
f 1097/1097/1097 1099/1099/1099 1096/1096/1096
f 1098/1098/1098 1100/1100/1100 1097/1097/1097
f 1101/1101/1101 1100/1100/1100 1098/1098/1098
f 1097/1097/1097 1102/1102/1102 1099/1099/1099
f 1100/1100/1100 1102/1102/1102 1097/1097/1097
f 1102/1102/1102 1103/1103/1103 1099/1099/1099
f 1101/1101/1101 1104/1104/1104 1100/1100/1100
f 1105/1105/1105 1104/1104/1104 1101/1101/1101
f 1105/1105/1105 1106/1106/1106 1104/1104/1104
f 1100/1100/1100 1107/1107/1107 1102/1102/1102
f 1104/1104/1104 1107/1107/1107 1100/1100/1100
f 1102/1102/1102 1108/1108/1108 1103/1103/1103
f 1107/1107/1107 1108/1108/1108 1102/1102/1102
f 1108/1108/1108 1109/1109/1109 1103/1103/1103
f 1106/1106/1106 1110/1110/1110 1104/1104/1104
f 1104/1104/1104 1110/1110/1110 1107/1107/1107
f 1106/1106/1106 1111/1111/1111 1110/1110/1110
f 1107/1107/1107 1112/1112/1112 1108/1108/1108
f 1110/1110/1110 1112/1112/1112 1107/1107/1107
f 1112/1112/1112 1113/1113/1113 1108/1108/1108
f 1111/1111/1111 1114/1114/1114 1110/1110/1110
f 1110/1110/1110 1114/1114/1114 1112/1112/1112
f 1114/1114/1114 1115/1115/1115 1112/1112/1112
f 1111/1111/1111 1116/1116/1116 1114/1114/1114
f 1116/1116/1116 1117/1117/1117 1114/1114/1114
f 1118/1118/1118 1120/1120/1120 1119/1119/1119
f 1118/1118/1118 1121/1121/1121 1120/1120/1120
f 1121/1121/1121 1122/1122/1122 1120/1120/1120
f 1123/1123/1123 1121/1121/1121 1118/1118/1118
f 1123/1123/1123 1124/1124/1124 1121/1121/1121
f 1124/1124/1124 1125/1125/1125 1121/1121/1121
f 1126/1126/1126 1124/1124/1124 1123/1123/1123
f 1126/1126/1126 1127/1127/1127 1124/1124/1124
f 1127/1127/1127 1128/1128/1128 1124/1124/1124
f 1129/1129/1129 1127/1127/1127 1126/1126/1126
f 1129/1129/1129 1130/1130/1130 1127/1127/1127
f 1130/1130/1130 1131/1131/1131 1127/1127/1127
f 1132/1132/1132 1134/1134/1134 1133/1133/1133
f 1132/1132/1132 1135/1135/1135 1134/1134/1134
f 1136/1136/1136 1135/1135/1135 1132/1132/1132
f 1135/1135/1135 1137/1137/1137 1134/1134/1134
f 1136/1136/1136 1138/1138/1138 1135/1135/1135
f 1139/1139/1139 1138/1138/1138 1136/1136/1136
f 1135/1135/1135 1140/1140/1140 1137/1137/1137
f 1138/1138/1138 1140/1140/1140 1135/1135/1135
f 1140/1140/1140 1141/1141/1141 1137/1137/1137
f 1139/1139/1139 1142/1142/1142 1138/1138/1138
f 1143/1143/1143 1142/1142/1142 1139/1139/1139
f 1143/1143/1143 1144/1144/1144 1142/1142/1142
f 1138/1138/1138 1145/1145/1145 1140/1140/1140
f 1142/1142/1142 1145/1145/1145 1138/1138/1138
f 1140/1140/1140 1146/1146/1146 1141/1141/1141
f 1145/1145/1145 1146/1146/1146 1140/1140/1140
f 1146/1146/1146 1147/1147/1147 1141/1141/1141
f 1144/1144/1144 1148/1148/1148 1142/1142/1142
f 1142/1142/1142 1148/1148/1148 1145/1145/1145
f 1144/1144/1144 1149/1149/1149 1148/1148/1148
f 1145/1145/1145 1150/1150/1150 1146/1146/1146
f 1148/1148/1148 1150/1150/1150 1145/1145/1145
f 1150/1150/1150 1151/1151/1151 1146/1146/1146
f 1149/1149/1149 1152/1152/1152 1148/1148/1148
f 1148/1148/1148 1152/1152/1152 1150/1150/1150
f 1152/1152/1152 1153/1153/1153 1150/1150/1150
f 1149/1149/1149 1154/1154/1154 1152/1152/1152
f 1154/1154/1154 1155/1155/1155 1152/1152/1152
f 1156/1156/1156 1158/1158/1158 1157/1157/1157
f 1156/1156/1156 1159/1159/1159 1158/1158/1158
f 1160/1160/1160 1159/1159/1159 1156/1156/1156
f 1159/1159/1159 1161/1161/1161 1158/1158/1158
f 1160/1160/1160 1162/1162/1162 1159/1159/1159
f 1163/1163/1163 1162/1162/1162 1160/1160/1160
f 1159/1159/1159 1164/1164/1164 1161/1161/1161
f 1162/1162/1162 1164/1164/1164 1159/1159/1159
f 1164/1164/1164 1165/1165/1165 1161/1161/1161
f 1163/1163/1163 1166/1166/1166 1162/1162/1162
f 1167/1167/1167 1166/1166/1166 1163/1163/1163
f 1167/1167/1167 1168/1168/1168 1166/1166/1166
f 1162/1162/1162 1169/1169/1169 1164/1164/1164
f 1166/1166/1166 1169/1169/1169 1162/1162/1162
f 1169/1169/1169 1170/1170/1170 1164/1164/1164
f 1168/1168/1168 1171/1171/1171 1166/1166/1166
f 1166/1166/1166 1171/1171/1171 1169/1169/1169
f 1171/1171/1171 1172/1172/1172 1169/1169/1169
f 1168/1168/1168 1173/1173/1173 1171/1171/1171
f 1173/1173/1173 1174/1174/1174 1171/1171/1171
f 1175/1175/1175 1177/1177/1177 1176/1176/1176
f 1175/1175/1175 1178/1178/1178 1177/1177/1177
f 1179/1179/1179 1178/1178/1178 1175/1175/1175
f 1178/1178/1178 1180/1180/1180 1177/1177/1177
f 1179/1179/1179 1181/1181/1181 1178/1178/1178
f 1182/1182/1182 1181/1181/1181 1179/1179/1179
f 1178/1178/1178 1183/1183/1183 1180/1180/1180
f 1181/1181/1181 1183/1183/1183 1178/1178/1178
f 1183/1183/1183 1184/1184/1184 1180/1180/1180
f 1182/1182/1182 1185/1185/1185 1181/1181/1181
f 1186/1186/1186 1185/1185/1185 1182/1182/1182
f 1186/1186/1186 1187/1187/1187 1185/1185/1185
f 1181/1181/1181 1188/1188/1188 1183/1183/1183
f 1185/1185/1185 1188/1188/1188 1181/1181/1181
f 1183/1183/1183 1189/1189/1189 1184/1184/1184
f 1188/1188/1188 1189/1189/1189 1183/1183/1183
f 1189/1189/1189 1190/1190/1190 1184/1184/1184
f 1187/1187/1187 1191/1191/1191 1185/1185/1185
f 1185/1185/1185 1191/1191/1191 1188/1188/1188
f 1187/1187/1187 1192/1192/1192 1191/1191/1191
f 1188/1188/1188 1193/1193/1193 1189/1189/1189
f 1191/1191/1191 1193/1193/1193 1188/1188/1188
f 1193/1193/1193 1194/1194/1194 1189/1189/1189
f 1192/1192/1192 1195/1195/1195 1191/1191/1191
f 1191/1191/1191 1195/1195/1195 1193/1193/1193
f 1195/1195/1195 1196/1196/1196 1193/1193/1193
f 1192/1192/1192 1197/1197/1197 1195/1195/1195
f 1197/1197/1197 1198/1198/1198 1195/1195/1195
f 1199/1199/1199 1201/1201/1201 1200/1200/1200
f 1199/1199/1199 1202/1202/1202 1201/1201/1201
f 1203/1203/1203 1202/1202/1202 1199/1199/1199
f 1202/1202/1202 1204/1204/1204 1201/1201/1201
f 1203/1203/1203 1205/1205/1205 1202/1202/1202
f 1206/1206/1206 1205/1205/1205 1203/1203/1203
f 1202/1202/1202 1207/1207/1207 1204/1204/1204
f 1205/1205/1205 1207/1207/1207 1202/1202/1202
f 1207/1207/1207 1208/1208/1208 1204/1204/1204
f 1206/1206/1206 1209/1209/1209 1205/1205/1205
f 1210/1210/1210 1209/1209/1209 1206/1206/1206
f 1210/1210/1210 1211/1211/1211 1209/1209/1209
f 1205/1205/1205 1212/1212/1212 1207/1207/1207
f 1209/1209/1209 1212/1212/1212 1205/1205/1205
f 1212/1212/1212 1213/1213/1213 1207/1207/1207
f 1211/1211/1211 1214/1214/1214 1209/1209/1209
f 1209/1209/1209 1214/1214/1214 1212/1212/1212
f 1214/1214/1214 1215/1215/1215 1212/1212/1212
f 1211/1211/1211 1216/1216/1216 1214/1214/1214
f 1216/1216/1216 1217/1217/1217 1214/1214/1214
f 1218/1218/1218 1220/1220/1220 1219/1219/1219
f 1218/1218/1218 1221/1221/1221 1220/1220/1220
f 1222/1222/1222 1221/1221/1221 1218/1218/1218
f 1221/1221/1221 1223/1223/1223 1220/1220/1220
f 1222/1222/1222 1224/1224/1224 1221/1221/1221
f 1225/1225/1225 1224/1224/1224 1222/1222/1222
f 1221/1221/1221 1226/1226/1226 1223/1223/1223
f 1224/1224/1224 1226/1226/1226 1221/1221/1221
f 1226/1226/1226 1227/1227/1227 1223/1223/1223
f 1225/1225/1225 1228/1228/1228 1224/1224/1224
f 1229/1229/1229 1228/1228/1228 1225/1225/1225
f 1229/1229/1229 1230/1230/1230 1228/1228/1228
f 1224/1224/1224 1231/1231/1231 1226/1226/1226
f 1228/1228/1228 1231/1231/1231 1224/1224/1224
f 1231/1231/1231 1232/1232/1232 1226/1226/1226
f 1230/1230/1230 1233/1233/1233 1228/1228/1228
f 1228/1228/1228 1233/1233/1233 1231/1231/1231
f 1233/1233/1233 1234/1234/1234 1231/1231/1231
f 1230/1230/1230 1235/1235/1235 1233/1233/1233
f 1235/1235/1235 1236/1236/1236 1233/1233/1233
f 1237/1237/1237 1239/1239/1239 1238/1238/1238
f 1237/1237/1237 1240/1240/1240 1239/1239/1239
f 1240/1240/1240 1241/1241/1241 1239/1239/1239
f 1242/1242/1242 1240/1240/1240 1237/1237/1237
f 1242/1242/1242 1243/1243/1243 1240/1240/1240
f 1243/1243/1243 1244/1244/1244 1240/1240/1240
f 1245/1245/1245 1243/1243/1243 1242/1242/1242
f 1245/1245/1245 1246/1246/1246 1243/1243/1243
f 1246/1246/1246 1247/1247/1247 1243/1243/1243
f 1248/1248/1248 1246/1246/1246 1245/1245/1245
f 1248/1248/1248 1249/1249/1249 1246/1246/1246
f 1249/1249/1249 1250/1250/1250 1246/1246/1246
f 1251/1251/1251 1253/1253/1253 1252/1252/1252
f 1251/1251/1251 1254/1254/1254 1253/1253/1253
f 1255/1255/1255 1254/1254/1254 1251/1251/1251
f 1254/1254/1254 1256/1256/1256 1253/1253/1253
f 1255/1255/1255 1257/1257/1257 1254/1254/1254
f 1258/1258/1258 1257/1257/1257 1255/1255/1255
f 1254/1254/1254 1259/1259/1259 1256/1256/1256
f 1257/1257/1257 1259/1259/1259 1254/1254/1254
f 1259/1259/1259 1260/1260/1260 1256/1256/1256
f 1258/1258/1258 1261/1261/1261 1257/1257/1257
f 1262/1262/1262 1261/1261/1261 1258/1258/1258
f 1262/1262/1262 1263/1263/1263 1261/1261/1261
f 1257/1257/1257 1264/1264/1264 1259/1259/1259
f 1261/1261/1261 1264/1264/1264 1257/1257/1257
f 1264/1264/1264 1265/1265/1265 1259/1259/1259
f 1263/1263/1263 1266/1266/1266 1261/1261/1261
f 1261/1261/1261 1266/1266/1266 1264/1264/1264
f 1266/1266/1266 1267/1267/1267 1264/1264/1264
f 1263/1263/1263 1268/1268/1268 1266/1266/1266
f 1268/1268/1268 1269/1269/1269 1266/1266/1266
f 1270/1270/1270 1272/1272/1272 1271/1271/1271
f 1270/1270/1270 1273/1273/1273 1272/1272/1272
f 1274/1274/1274 1273/1273/1273 1270/1270/1270
f 1273/1273/1273 1275/1275/1275 1272/1272/1272
f 1274/1274/1274 1276/1276/1276 1273/1273/1273
f 1277/1277/1277 1276/1276/1276 1274/1274/1274
f 1273/1273/1273 1278/1278/1278 1275/1275/1275
f 1276/1276/1276 1278/1278/1278 1273/1273/1273
f 1278/1278/1278 1279/1279/1279 1275/1275/1275
f 1277/1277/1277 1280/1280/1280 1276/1276/1276
f 1281/1281/1281 1280/1280/1280 1277/1277/1277
f 1281/1281/1281 1282/1282/1282 1280/1280/1280
f 1276/1276/1276 1283/1283/1283 1278/1278/1278
f 1280/1280/1280 1283/1283/1283 1276/1276/1276
f 1283/1283/1283 1284/1284/1284 1278/1278/1278
f 1282/1282/1282 1285/1285/1285 1280/1280/1280
f 1280/1280/1280 1285/1285/1285 1283/1283/1283
f 1285/1285/1285 1286/1286/1286 1283/1283/1283
f 1282/1282/1282 1287/1287/1287 1285/1285/1285
f 1287/1287/1287 1288/1288/1288 1285/1285/1285
f 1289/1289/1289 1291/1291/1291 1290/1290/1290
f 1289/1289/1289 1292/1292/1292 1291/1291/1291
f 1293/1293/1293 1292/1292/1292 1289/1289/1289
f 1292/1292/1292 1294/1294/1294 1291/1291/1291
f 1293/1293/1293 1295/1295/1295 1292/1292/1292
f 1296/1296/1296 1295/1295/1295 1293/1293/1293
f 1292/1292/1292 1297/1297/1297 1294/1294/1294
f 1295/1295/1295 1297/1297/1297 1292/1292/1292
f 1297/1297/1297 1298/1298/1298 1294/1294/1294
f 1296/1296/1296 1299/1299/1299 1295/1295/1295
f 1300/1300/1300 1299/1299/1299 1296/1296/1296
f 1300/1300/1300 1301/1301/1301 1299/1299/1299
f 1295/1295/1295 1302/1302/1302 1297/1297/1297
f 1299/1299/1299 1302/1302/1302 1295/1295/1295
f 1302/1302/1302 1303/1303/1303 1297/1297/1297
f 1301/1301/1301 1304/1304/1304 1299/1299/1299
f 1299/1299/1299 1304/1304/1304 1302/1302/1302
f 1304/1304/1304 1305/1305/1305 1302/1302/1302
f 1301/1301/1301 1306/1306/1306 1304/1304/1304
f 1306/1306/1306 1307/1307/1307 1304/1304/1304
f 1308/1308/1308 1310/1310/1310 1309/1309/1309
f 1308/1308/1308 1311/1311/1311 1310/1310/1310
f 1312/1312/1312 1311/1311/1311 1308/1308/1308
f 1311/1311/1311 1313/1313/1313 1310/1310/1310
f 1312/1312/1312 1314/1314/1314 1311/1311/1311
f 1315/1315/1315 1314/1314/1314 1312/1312/1312
f 1311/1311/1311 1316/1316/1316 1313/1313/1313
f 1314/1314/1314 1316/1316/1316 1311/1311/1311
f 1316/1316/1316 1317/1317/1317 1313/1313/1313
f 1315/1315/1315 1318/1318/1318 1314/1314/1314
f 1319/1319/1319 1318/1318/1318 1315/1315/1315
f 1319/1319/1319 1320/1320/1320 1318/1318/1318
f 1314/1314/1314 1321/1321/1321 1316/1316/1316
f 1318/1318/1318 1321/1321/1321 1314/1314/1314
f 1321/1321/1321 1322/1322/1322 1316/1316/1316
f 1320/1320/1320 1323/1323/1323 1318/1318/1318
f 1318/1318/1318 1323/1323/1323 1321/1321/1321
f 1323/1323/1323 1324/1324/1324 1321/1321/1321
f 1320/1320/1320 1325/1325/1325 1323/1323/1323
f 1325/1325/1325 1326/1326/1326 1323/1323/1323
f 1327/1327/1327 1329/1329/1329 1328/1328/1328
f 1327/1327/1327 1330/1330/1330 1329/1329/1329
f 1331/1331/1331 1330/1330/1330 1327/1327/1327
f 1330/1330/1330 1332/1332/1332 1329/1329/1329
f 1331/1331/1331 1333/1333/1333 1330/1330/1330
f 1334/1334/1334 1333/1333/1333 1331/1331/1331
f 1330/1330/1330 1335/1335/1335 1332/1332/1332
f 1333/1333/1333 1335/1335/1335 1330/1330/1330
f 1335/1335/1335 1336/1336/1336 1332/1332/1332
f 1334/1334/1334 1337/1337/1337 1333/1333/1333
f 1338/1338/1338 1337/1337/1337 1334/1334/1334
f 1338/1338/1338 1339/1339/1339 1337/1337/1337
f 1333/1333/1333 1340/1340/1340 1335/1335/1335
f 1337/1337/1337 1340/1340/1340 1333/1333/1333
f 1340/1340/1340 1341/1341/1341 1335/1335/1335
f 1339/1339/1339 1342/1342/1342 1337/1337/1337
f 1337/1337/1337 1342/1342/1342 1340/1340/1340
f 1342/1342/1342 1343/1343/1343 1340/1340/1340
f 1339/1339/1339 1344/1344/1344 1342/1342/1342
f 1344/1344/1344 1345/1345/1345 1342/1342/1342
f 1346/1346/1346 1348/1348/1348 1347/1347/1347
f 1346/1346/1346 1349/1349/1349 1348/1348/1348
f 1350/1350/1350 1349/1349/1349 1346/1346/1346
f 1349/1349/1349 1351/1351/1351 1348/1348/1348
f 1350/1350/1350 1352/1352/1352 1349/1349/1349
f 1353/1353/1353 1352/1352/1352 1350/1350/1350
f 1349/1349/1349 1354/1354/1354 1351/1351/1351
f 1352/1352/1352 1354/1354/1354 1349/1349/1349
f 1354/1354/1354 1355/1355/1355 1351/1351/1351
f 1353/1353/1353 1356/1356/1356 1352/1352/1352
f 1357/1357/1357 1356/1356/1356 1353/1353/1353
f 1357/1357/1357 1358/1358/1358 1356/1356/1356
f 1352/1352/1352 1359/1359/1359 1354/1354/1354
f 1356/1356/1356 1359/1359/1359 1352/1352/1352
f 1354/1354/1354 1360/1360/1360 1355/1355/1355
f 1359/1359/1359 1360/1360/1360 1354/1354/1354
f 1360/1360/1360 1361/1361/1361 1355/1355/1355
f 1358/1358/1358 1362/1362/1362 1356/1356/1356
f 1356/1356/1356 1362/1362/1362 1359/1359/1359
f 1358/1358/1358 1363/1363/1363 1362/1362/1362
f 1359/1359/1359 1364/1364/1364 1360/1360/1360
f 1362/1362/1362 1364/1364/1364 1359/1359/1359
f 1360/1360/1360 1365/1365/1365 1361/1361/1361
f 1364/1364/1364 1365/1365/1365 1360/1360/1360
f 1365/1365/1365 1366/1366/1366 1361/1361/1361
f 1363/1363/1363 1367/1367/1367 1362/1362/1362
f 1362/1362/1362 1367/1367/1367 1364/1364/1364
f 1363/1363/1363 1368/1368/1368 1367/1367/1367
f 1364/1364/1364 1369/1369/1369 1365/1365/1365
f 1367/1367/1367 1369/1369/1369 1364/1364/1364
f 1365/1365/1365 1370/1370/1370 1366/1366/1366
f 1369/1369/1369 1370/1370/1370 1365/1365/1365
f 1370/1370/1370 1371/1371/1371 1366/1366/1366
f 1368/1368/1368 1372/1372/1372 1367/1367/1367
f 1367/1367/1367 1372/1372/1372 1369/1369/1369
f 1368/1368/1368 1373/1373/1373 1372/1372/1372
f 1369/1369/1369 1374/1374/1374 1370/1370/1370
f 1372/1372/1372 1374/1374/1374 1369/1369/1369
f 1374/1374/1374 1375/1375/1375 1370/1370/1370
f 1373/1373/1373 1376/1376/1376 1372/1372/1372
f 1372/1372/1372 1376/1376/1376 1374/1374/1374
f 1376/1376/1376 1377/1377/1377 1374/1374/1374
f 1373/1373/1373 1378/1378/1378 1376/1376/1376
f 1378/1378/1378 1379/1379/1379 1376/1376/1376
f 1380/1380/1380 1382/1382/1382 1381/1381/1381
f 1380/1380/1380 1383/1383/1383 1382/1382/1382
f 1384/1384/1384 1383/1383/1383 1380/1380/1380
f 1383/1383/1383 1385/1385/1385 1382/1382/1382
f 1384/1384/1384 1386/1386/1386 1383/1383/1383
f 1387/1387/1387 1386/1386/1386 1384/1384/1384
f 1383/1383/1383 1388/1388/1388 1385/1385/1385
f 1386/1386/1386 1388/1388/1388 1383/1383/1383
f 1388/1388/1388 1389/1389/1389 1385/1385/1385
f 1387/1387/1387 1390/1390/1390 1386/1386/1386
f 1391/1391/1391 1390/1390/1390 1387/1387/1387
f 1391/1391/1391 1392/1392/1392 1390/1390/1390
f 1386/1386/1386 1393/1393/1393 1388/1388/1388
f 1390/1390/1390 1393/1393/1393 1386/1386/1386
f 1388/1388/1388 1394/1394/1394 1389/1389/1389
f 1393/1393/1393 1394/1394/1394 1388/1388/1388
f 1394/1394/1394 1395/1395/1395 1389/1389/1389
f 1392/1392/1392 1396/1396/1396 1390/1390/1390
f 1390/1390/1390 1396/1396/1396 1393/1393/1393
f 1392/1392/1392 1397/1397/1397 1396/1396/1396
f 1393/1393/1393 1398/1398/1398 1394/1394/1394
f 1396/1396/1396 1398/1398/1398 1393/1393/1393
f 1398/1398/1398 1399/1399/1399 1394/1394/1394
f 1397/1397/1397 1400/1400/1400 1396/1396/1396
f 1396/1396/1396 1400/1400/1400 1398/1398/1398
f 1400/1400/1400 1401/1401/1401 1398/1398/1398
f 1397/1397/1397 1402/1402/1402 1400/1400/1400
f 1402/1402/1402 1403/1403/1403 1400/1400/1400
f 1404/1404/1404 1406/1406/1406 1405/1405/1405
f 1404/1404/1404 1407/1407/1407 1406/1406/1406
f 1407/1407/1407 1408/1408/1408 1406/1406/1406
f 1409/1409/1409 1407/1407/1407 1404/1404/1404
f 1409/1409/1409 1410/1410/1410 1407/1407/1407
f 1410/1410/1410 1411/1411/1411 1407/1407/1407
f 1412/1412/1412 1410/1410/1410 1409/1409/1409
f 1412/1412/1412 1413/1413/1413 1410/1410/1410
f 1413/1413/1413 1414/1414/1414 1410/1410/1410
f 1415/1415/1415 1413/1413/1413 1412/1412/1412
f 1415/1415/1415 1416/1416/1416 1413/1413/1413
f 1416/1416/1416 1417/1417/1417 1413/1413/1413
f 1418/1418/1418 1420/1420/1420 1419/1419/1419
f 1418/1418/1418 1421/1421/1421 1420/1420/1420
f 1422/1422/1422 1421/1421/1421 1418/1418/1418
f 1421/1421/1421 1423/1423/1423 1420/1420/1420
f 1422/1422/1422 1424/1424/1424 1421/1421/1421
f 1425/1425/1425 1424/1424/1424 1422/1422/1422
f 1421/1421/1421 1426/1426/1426 1423/1423/1423
f 1424/1424/1424 1426/1426/1426 1421/1421/1421
f 1426/1426/1426 1427/1427/1427 1423/1423/1423
f 1425/1425/1425 1428/1428/1428 1424/1424/1424
f 1429/1429/1429 1428/1428/1428 1425/1425/1425
f 1429/1429/1429 1430/1430/1430 1428/1428/1428
f 1424/1424/1424 1431/1431/1431 1426/1426/1426
f 1428/1428/1428 1431/1431/1431 1424/1424/1424
f 1426/1426/1426 1432/1432/1432 1427/1427/1427
f 1431/1431/1431 1432/1432/1432 1426/1426/1426
f 1432/1432/1432 1433/1433/1433 1427/1427/1427
f 1430/1430/1430 1434/1434/1434 1428/1428/1428
f 1428/1428/1428 1434/1434/1434 1431/1431/1431
f 1430/1430/1430 1435/1435/1435 1434/1434/1434
f 1431/1431/1431 1436/1436/1436 1432/1432/1432
f 1434/1434/1434 1436/1436/1436 1431/1431/1431
f 1436/1436/1436 1437/1437/1437 1432/1432/1432
f 1435/1435/1435 1438/1438/1438 1434/1434/1434
f 1434/1434/1434 1438/1438/1438 1436/1436/1436
f 1438/1438/1438 1439/1439/1439 1436/1436/1436
f 1435/1435/1435 1440/1440/1440 1438/1438/1438
f 1440/1440/1440 1441/1441/1441 1438/1438/1438
f 1442/1442/1442 1444/1444/1444 1443/1443/1443
f 1442/1442/1442 1445/1445/1445 1444/1444/1444
f 1446/1446/1446 1445/1445/1445 1442/1442/1442
f 1445/1445/1445 1447/1447/1447 1444/1444/1444
f 1446/1446/1446 1448/1448/1448 1445/1445/1445
f 1449/1449/1449 1448/1448/1448 1446/1446/1446
f 1445/1445/1445 1450/1450/1450 1447/1447/1447
f 1448/1448/1448 1450/1450/1450 1445/1445/1445
f 1450/1450/1450 1451/1451/1451 1447/1447/1447
f 1449/1449/1449 1452/1452/1452 1448/1448/1448
f 1453/1453/1453 1452/1452/1452 1449/1449/1449
f 1453/1453/1453 1454/1454/1454 1452/1452/1452
f 1448/1448/1448 1455/1455/1455 1450/1450/1450
f 1452/1452/1452 1455/1455/1455 1448/1448/1448
f 1455/1455/1455 1456/1456/1456 1450/1450/1450
f 1454/1454/1454 1457/1457/1457 1452/1452/1452
f 1452/1452/1452 1457/1457/1457 1455/1455/1455
f 1457/1457/1457 1458/1458/1458 1455/1455/1455
f 1454/1454/1454 1459/1459/1459 1457/1457/1457
f 1459/1459/1459 1460/1460/1460 1457/1457/1457
f 1461/1461/1461 1463/1463/1463 1462/1462/1462
f 1461/1461/1461 1464/1464/1464 1463/1463/1463
f 1465/1465/1465 1464/1464/1464 1461/1461/1461
f 1464/1464/1464 1466/1466/1466 1463/1463/1463
f 1465/1465/1465 1467/1467/1467 1464/1464/1464
f 1468/1468/1468 1467/1467/1467 1465/1465/1465
f 1464/1464/1464 1469/1469/1469 1466/1466/1466
f 1467/1467/1467 1469/1469/1469 1464/1464/1464
f 1469/1469/1469 1470/1470/1470 1466/1466/1466
f 1468/1468/1468 1471/1471/1471 1467/1467/1467
f 1472/1472/1472 1471/1471/1471 1468/1468/1468
f 1472/1472/1472 1473/1473/1473 1471/1471/1471
f 1467/1467/1467 1474/1474/1474 1469/1469/1469
f 1471/1471/1471 1474/1474/1474 1467/1467/1467
f 1469/1469/1469 1475/1475/1475 1470/1470/1470
f 1474/1474/1474 1475/1475/1475 1469/1469/1469
f 1475/1475/1475 1476/1476/1476 1470/1470/1470
f 1473/1473/1473 1477/1477/1477 1471/1471/1471
f 1471/1471/1471 1477/1477/1477 1474/1474/1474
f 1473/1473/1473 1478/1478/1478 1477/1477/1477
f 1474/1474/1474 1479/1479/1479 1475/1475/1475
f 1477/1477/1477 1479/1479/1479 1474/1474/1474
f 1479/1479/1479 1480/1480/1480 1475/1475/1475
f 1478/1478/1478 1481/1481/1481 1477/1477/1477
f 1477/1477/1477 1481/1481/1481 1479/1479/1479
f 1481/1481/1481 1482/1482/1482 1479/1479/1479
f 1478/1478/1478 1483/1483/1483 1481/1481/1481
f 1483/1483/1483 1484/1484/1484 1481/1481/1481
f 1485/1485/1485 1487/1487/1487 1486/1486/1486
f 1485/1485/1485 1488/1488/1488 1487/1487/1487
f 1489/1489/1489 1488/1488/1488 1485/1485/1485
f 1488/1488/1488 1490/1490/1490 1487/1487/1487
f 1489/1489/1489 1491/1491/1491 1488/1488/1488
f 1492/1492/1492 1491/1491/1491 1489/1489/1489
f 1488/1488/1488 1493/1493/1493 1490/1490/1490
f 1491/1491/1491 1493/1493/1493 1488/1488/1488
f 1493/1493/1493 1494/1494/1494 1490/1490/1490
f 1492/1492/1492 1495/1495/1495 1491/1491/1491
f 1496/1496/1496 1495/1495/1495 1492/1492/1492
f 1496/1496/1496 1497/1497/1497 1495/1495/1495
f 1491/1491/1491 1498/1498/1498 1493/1493/1493
f 1495/1495/1495 1498/1498/1498 1491/1491/1491
f 1493/1493/1493 1499/1499/1499 1494/1494/1494
f 1498/1498/1498 1499/1499/1499 1493/1493/1493
f 1499/1499/1499 1500/1500/1500 1494/1494/1494
f 1497/1497/1497 1501/1501/1501 1495/1495/1495
f 1495/1495/1495 1501/1501/1501 1498/1498/1498
f 1497/1497/1497 1502/1502/1502 1501/1501/1501
f 1498/1498/1498 1503/1503/1503 1499/1499/1499
f 1501/1501/1501 1503/1503/1503 1498/1498/1498
f 1499/1499/1499 1504/1504/1504 1500/1500/1500
f 1503/1503/1503 1504/1504/1504 1499/1499/1499
f 1504/1504/1504 1505/1505/1505 1500/1500/1500
f 1502/1502/1502 1506/1506/1506 1501/1501/1501
f 1501/1501/1501 1506/1506/1506 1503/1503/1503
f 1502/1502/1502 1507/1507/1507 1506/1506/1506
f 1503/1503/1503 1508/1508/1508 1504/1504/1504
f 1506/1506/1506 1508/1508/1508 1503/1503/1503
f 1504/1504/1504 1509/1509/1509 1505/1505/1505
f 1508/1508/1508 1509/1509/1509 1504/1504/1504
f 1509/1509/1509 1510/1510/1510 1505/1505/1505
f 1507/1507/1507 1511/1511/1511 1506/1506/1506
f 1506/1506/1506 1511/1511/1511 1508/1508/1508
f 1507/1507/1507 1512/1512/1512 1511/1511/1511
f 1508/1508/1508 1513/1513/1513 1509/1509/1509
f 1511/1511/1511 1513/1513/1513 1508/1508/1508
f 1513/1513/1513 1514/1514/1514 1509/1509/1509
f 1512/1512/1512 1515/1515/1515 1511/1511/1511
f 1511/1511/1511 1515/1515/1515 1513/1513/1513
f 1515/1515/1515 1516/1516/1516 1513/1513/1513
f 1512/1512/1512 1517/1517/1517 1515/1515/1515
f 1517/1517/1517 1518/1518/1518 1515/1515/1515
f 1519/1519/1519 1521/1521/1521 1520/1520/1520
f 1519/1519/1519 1522/1522/1522 1521/1521/1521
f 1523/1523/1523 1522/1522/1522 1519/1519/1519
f 1522/1522/1522 1524/1524/1524 1521/1521/1521
f 1523/1523/1523 1525/1525/1525 1522/1522/1522
f 1526/1526/1526 1525/1525/1525 1523/1523/1523
f 1522/1522/1522 1527/1527/1527 1524/1524/1524
f 1525/1525/1525 1527/1527/1527 1522/1522/1522
f 1527/1527/1527 1528/1528/1528 1524/1524/1524
f 1526/1526/1526 1529/1529/1529 1525/1525/1525
f 1530/1530/1530 1529/1529/1529 1526/1526/1526
f 1530/1530/1530 1531/1531/1531 1529/1529/1529
f 1525/1525/1525 1532/1532/1532 1527/1527/1527
f 1529/1529/1529 1532/1532/1532 1525/1525/1525
f 1527/1527/1527 1533/1533/1533 1528/1528/1528
f 1532/1532/1532 1533/1533/1533 1527/1527/1527
f 1533/1533/1533 1534/1534/1534 1528/1528/1528
f 1531/1531/1531 1535/1535/1535 1529/1529/1529
f 1529/1529/1529 1535/1535/1535 1532/1532/1532
f 1531/1531/1531 1536/1536/1536 1535/1535/1535
f 1532/1532/1532 1537/1537/1537 1533/1533/1533
f 1535/1535/1535 1537/1537/1537 1532/1532/1532
f 1537/1537/1537 1538/1538/1538 1533/1533/1533
f 1536/1536/1536 1539/1539/1539 1535/1535/1535
f 1535/1535/1535 1539/1539/1539 1537/1537/1537
f 1539/1539/1539 1540/1540/1540 1537/1537/1537
f 1536/1536/1536 1541/1541/1541 1539/1539/1539
f 1541/1541/1541 1542/1542/1542 1539/1539/1539
f 1543/1543/1543 1545/1545/1545 1544/1544/1544
f 1543/1543/1543 1546/1546/1546 1545/1545/1545
f 1546/1546/1546 1547/1547/1547 1545/1545/1545
f 1548/1548/1548 1546/1546/1546 1543/1543/1543
f 1548/1548/1548 1549/1549/1549 1546/1546/1546
f 1549/1549/1549 1550/1550/1550 1546/1546/1546
f 1551/1551/1551 1549/1549/1549 1548/1548/1548
f 1551/1551/1551 1552/1552/1552 1549/1549/1549
f 1552/1552/1552 1553/1553/1553 1549/1549/1549
f 1554/1554/1554 1552/1552/1552 1551/1551/1551
f 1554/1554/1554 1555/1555/1555 1552/1552/1552
f 1555/1555/1555 1556/1556/1556 1552/1552/1552
f 1557/1557/1557 1559/1559/1559 1558/1558/1558
f 1557/1557/1557 1560/1560/1560 1559/1559/1559
f 1561/1561/1561 1560/1560/1560 1557/1557/1557
f 1560/1560/1560 1562/1562/1562 1559/1559/1559
f 1561/1561/1561 1563/1563/1563 1560/1560/1560
f 1564/1564/1564 1563/1563/1563 1561/1561/1561
f 1560/1560/1560 1565/1565/1565 1562/1562/1562
f 1563/1563/1563 1565/1565/1565 1560/1560/1560
f 1565/1565/1565 1566/1566/1566 1562/1562/1562
f 1564/1564/1564 1567/1567/1567 1563/1563/1563
f 1568/1568/1568 1567/1567/1567 1564/1564/1564
f 1568/1568/1568 1569/1569/1569 1567/1567/1567
f 1563/1563/1563 1570/1570/1570 1565/1565/1565
f 1567/1567/1567 1570/1570/1570 1563/1563/1563
f 1565/1565/1565 1571/1571/1571 1566/1566/1566
f 1570/1570/1570 1571/1571/1571 1565/1565/1565
f 1571/1571/1571 1572/1572/1572 1566/1566/1566
f 1569/1569/1569 1573/1573/1573 1567/1567/1567
f 1567/1567/1567 1573/1573/1573 1570/1570/1570
f 1569/1569/1569 1574/1574/1574 1573/1573/1573
f 1570/1570/1570 1575/1575/1575 1571/1571/1571
f 1573/1573/1573 1575/1575/1575 1570/1570/1570
f 1575/1575/1575 1576/1576/1576 1571/1571/1571
f 1574/1574/1574 1577/1577/1577 1573/1573/1573
f 1573/1573/1573 1577/1577/1577 1575/1575/1575
f 1577/1577/1577 1578/1578/1578 1575/1575/1575
f 1574/1574/1574 1579/1579/1579 1577/1577/1577
f 1579/1579/1579 1580/1580/1580 1577/1577/1577
f 1581/1581/1581 1583/1583/1583 1582/1582/1582
f 1581/1581/1581 1584/1584/1584 1583/1583/1583
f 1585/1585/1585 1584/1584/1584 1581/1581/1581
f 1584/1584/1584 1586/1586/1586 1583/1583/1583
f 1585/1585/1585 1587/1587/1587 1584/1584/1584
f 1588/1588/1588 1587/1587/1587 1585/1585/1585
f 1584/1584/1584 1589/1589/1589 1586/1586/1586
f 1587/1587/1587 1589/1589/1589 1584/1584/1584
f 1589/1589/1589 1590/1590/1590 1586/1586/1586
f 1588/1588/1588 1591/1591/1591 1587/1587/1587
f 1592/1592/1592 1591/1591/1591 1588/1588/1588
f 1592/1592/1592 1593/1593/1593 1591/1591/1591
f 1587/1587/1587 1594/1594/1594 1589/1589/1589
f 1591/1591/1591 1594/1594/1594 1587/1587/1587
f 1594/1594/1594 1595/1595/1595 1589/1589/1589
f 1593/1593/1593 1596/1596/1596 1591/1591/1591
f 1591/1591/1591 1596/1596/1596 1594/1594/1594
f 1596/1596/1596 1597/1597/1597 1594/1594/1594
f 1593/1593/1593 1598/1598/1598 1596/1596/1596
f 1598/1598/1598 1599/1599/1599 1596/1596/1596
f 1600/1600/1600 1602/1602/1602 1601/1601/1601
f 1600/1600/1600 1603/1603/1603 1602/1602/1602
f 1604/1604/1604 1603/1603/1603 1600/1600/1600
f 1603/1603/1603 1605/1605/1605 1602/1602/1602
f 1604/1604/1604 1606/1606/1606 1603/1603/1603
f 1607/1607/1607 1606/1606/1606 1604/1604/1604
f 1603/1603/1603 1608/1608/1608 1605/1605/1605
f 1606/1606/1606 1608/1608/1608 1603/1603/1603
f 1608/1608/1608 1609/1609/1609 1605/1605/1605
f 1607/1607/1607 1610/1610/1610 1606/1606/1606
f 1611/1611/1611 1610/1610/1610 1607/1607/1607
f 1611/1611/1611 1612/1612/1612 1610/1610/1610
f 1606/1606/1606 1613/1613/1613 1608/1608/1608
f 1610/1610/1610 1613/1613/1613 1606/1606/1606
f 1608/1608/1608 1614/1614/1614 1609/1609/1609
f 1613/1613/1613 1614/1614/1614 1608/1608/1608
f 1614/1614/1614 1615/1615/1615 1609/1609/1609
f 1612/1612/1612 1616/1616/1616 1610/1610/1610
f 1610/1610/1610 1616/1616/1616 1613/1613/1613
f 1612/1612/1612 1617/1617/1617 1616/1616/1616
f 1613/1613/1613 1618/1618/1618 1614/1614/1614
f 1616/1616/1616 1618/1618/1618 1613/1613/1613
f 1618/1618/1618 1619/1619/1619 1614/1614/1614
f 1617/1617/1617 1620/1620/1620 1616/1616/1616
f 1616/1616/1616 1620/1620/1620 1618/1618/1618
f 1620/1620/1620 1621/1621/1621 1618/1618/1618
f 1617/1617/1617 1622/1622/1622 1620/1620/1620
f 1622/1622/1622 1623/1623/1623 1620/1620/1620
f 1624/1624/1624 1626/1626/1626 1625/1625/1625
f 1624/1624/1624 1627/1627/1627 1626/1626/1626
f 1628/1628/1628 1627/1627/1627 1624/1624/1624
f 1628/1628/1628 1629/1629/1629 1627/1627/1627
f 1630/1630/1630 1632/1632/1632 1631/1631/1631
f 1630/1630/1630 1633/1633/1633 1632/1632/1632
f 1633/1633/1633 1634/1634/1634 1632/1632/1632
f 1635/1635/1635 1633/1633/1633 1630/1630/1630
f 1633/1633/1633 1636/1636/1636 1634/1634/1634
f 1635/1635/1635 1637/1637/1637 1633/1633/1633
f 1637/1637/1637 1636/1636/1636 1633/1633/1633
f 1638/1638/1638 1637/1637/1637 1635/1635/1635
f 1637/1637/1637 1639/1639/1639 1636/1636/1636
f 1638/1638/1638 1640/1640/1640 1637/1637/1637
f 1640/1640/1640 1639/1639/1639 1637/1637/1637
f 1641/1641/1641 1640/1640/1640 1638/1638/1638
f 1640/1640/1640 1642/1642/1642 1639/1639/1639
f 1641/1641/1641 1643/1643/1643 1640/1640/1640
f 1643/1643/1643 1642/1642/1642 1640/1640/1640
f 1644/1644/1644 1643/1643/1643 1641/1641/1641
f 1643/1643/1643 1645/1645/1645 1642/1642/1642
f 1644/1644/1644 1646/1646/1646 1643/1643/1643
f 1646/1646/1646 1645/1645/1645 1643/1643/1643
f 1647/1647/1647 1646/1646/1646 1644/1644/1644
f 1646/1646/1646 1648/1648/1648 1645/1645/1645
f 1647/1647/1647 1649/1649/1649 1646/1646/1646
f 1649/1649/1649 1648/1648/1648 1646/1646/1646
f 1649/1649/1649 1650/1650/1650 1648/1648/1648
usemtl MV_PineLeaves_Snow_SingleMat
f 1651/1651/1651 1653/1653/1653 1652/1652/1652
f 1654/1654/1654 1656/1656/1656 1655/1655/1655
f 1654/1654/1654 1657/1657/1657 1656/1656/1656
f 1658/1658/1658 1656/1656/1656 1657/1657/1657
f 1659/1659/1659 1661/1661/1661 1660/1660/1660
f 1659/1659/1659 1660/1660/1660 1662/1662/1662
f 1663/1663/1663 1665/1665/1665 1664/1664/1664
f 1663/1663/1663 1664/1664/1664 1666/1666/1666
f 1667/1667/1667 1669/1669/1669 1668/1668/1668
f 1667/1667/1667 1670/1670/1670 1669/1669/1669
f 1671/1671/1671 1669/1669/1669 1670/1670/1670
f 1672/1672/1672 1674/1674/1674 1673/1673/1673
f 1672/1672/1672 1675/1675/1675 1674/1674/1674
f 1676/1676/1676 1674/1674/1674 1675/1675/1675
f 1677/1677/1677 1679/1679/1679 1678/1678/1678
f 1677/1677/1677 1678/1678/1678 1680/1680/1680
f 1681/1681/1681 1683/1683/1683 1682/1682/1682
f 1681/1681/1681 1684/1684/1684 1683/1683/1683
f 1685/1685/1685 1683/1683/1683 1684/1684/1684
f 1686/1686/1686 1688/1688/1688 1687/1687/1687
f 1686/1686/1686 1689/1689/1689 1688/1688/1688
f 1690/1690/1690 1688/1688/1688 1689/1689/1689
f 1691/1691/1691 1693/1693/1693 1692/1692/1692
f 1691/1691/1691 1692/1692/1692 1694/1694/1694
f 1695/1695/1695 1697/1697/1697 1696/1696/1696
f 1695/1695/1695 1696/1696/1696 1698/1698/1698
f 1699/1699/1699 1701/1701/1701 1700/1700/1700
f 1699/1699/1699 1700/1700/1700 1702/1702/1702
f 1703/1703/1703 1705/1705/1705 1704/1704/1704
f 1703/1703/1703 1706/1706/1706 1705/1705/1705
f 1707/1707/1707 1709/1709/1709 1708/1708/1708
f 1707/1707/1707 1708/1708/1708 1710/1710/1710
f 1711/1711/1711 1713/1713/1713 1712/1712/1712
f 1711/1711/1711 1714/1714/1714 1713/1713/1713
f 1715/1715/1715 1713/1713/1713 1714/1714/1714
f 1716/1716/1716 1718/1718/1718 1717/1717/1717
f 1716/1716/1716 1719/1719/1719 1718/1718/1718
f 1720/1720/1720 1718/1718/1718 1719/1719/1719
f 1721/1721/1721 1723/1723/1723 1722/1722/1722
f 1721/1721/1721 1724/1724/1724 1723/1723/1723
f 1725/1725/1725 1723/1723/1723 1724/1724/1724
f 1726/1726/1726 1728/1728/1728 1727/1727/1727
f 1726/1726/1726 1729/1729/1729 1728/1728/1728
f 1730/1730/1730 1728/1728/1728 1729/1729/1729
f 1731/1731/1731 1733/1733/1733 1732/1732/1732
f 1731/1731/1731 1732/1732/1732 1734/1734/1734
f 1735/1735/1735 1737/1737/1737 1736/1736/1736
f 1735/1735/1735 1738/1738/1738 1737/1737/1737
f 1739/1739/1739 1737/1737/1737 1738/1738/1738
f 1740/1740/1740 1742/1742/1742 1741/1741/1741
f 1740/1740/1740 1741/1741/1741 1743/1743/1743
f 1744/1744/1744 1746/1746/1746 1745/1745/1745
f 1744/1744/1744 1747/1747/1747 1746/1746/1746
f 1748/1748/1748 1746/1746/1746 1747/1747/1747
f 1749/1749/1749 1751/1751/1751 1750/1750/1750
f 1749/1749/1749 1752/1752/1752 1751/1751/1751
f 1751/1751/1751 1752/1752/1752 1753/1753/1753
f 1754/1754/1754 1751/1751/1751 1753/1753/1753
f 1755/1755/1755 1751/1751/1751 1754/1754/1754
f 1755/1755/1755 1756/1756/1756 1751/1751/1751
f 1757/1757/1757 1759/1759/1759 1758/1758/1758
f 1757/1757/1757 1758/1758/1758 1760/1760/1760
f 1761/1761/1761 1763/1763/1763 1762/1762/1762
f 1761/1761/1761 1762/1762/1762 1764/1764/1764
f 1765/1765/1765 1767/1767/1767 1766/1766/1766
f 1765/1765/1765 1768/1768/1768 1767/1767/1767
f 1769/1769/1769 1771/1771/1771 1770/1770/1770
f 1769/1769/1769 1772/1772/1772 1771/1771/1771
f 1773/1773/1773 1775/1775/1775 1774/1774/1774
f 1773/1773/1773 1776/1776/1776 1775/1775/1775
f 1777/1777/1777 1779/1779/1779 1778/1778/1778
f 1777/1777/1777 1780/1780/1780 1779/1779/1779
f 1781/1781/1781 1779/1779/1779 1780/1780/1780
f 1782/1782/1782 1784/1784/1784 1783/1783/1783
f 1785/1785/1785 1784/1784/1784 1782/1782/1782
f 1785/1785/1785 1782/1782/1782 1786/1786/1786
f 1787/1787/1787 1789/1789/1789 1788/1788/1788
f 1790/1790/1790 1789/1789/1789 1787/1787/1787
f 1790/1790/1790 1791/1791/1791 1789/1789/1789
f 1792/1792/1792 1794/1794/1794 1793/1793/1793
f 1792/1792/1792 1795/1795/1795 1794/1794/1794
f 1796/1796/1796 1794/1794/1794 1795/1795/1795
f 1797/1797/1797 1799/1799/1799 1798/1798/1798
f 1800/1800/1800 1799/1799/1799 1797/1797/1797
f 1800/1800/1800 1797/1797/1797 1801/1801/1801
f 1802/1802/1802 1804/1804/1804 1803/1803/1803
f 1805/1805/1805 1804/1804/1804 1802/1802/1802
f 1805/1805/1805 1806/1806/1806 1804/1804/1804
f 1807/1807/1807 1809/1809/1809 1808/1808/1808
f 1807/1807/1807 1810/1810/1810 1809/1809/1809
f 1811/1811/1811 1809/1809/1809 1810/1810/1810
f 1812/1812/1812 1814/1814/1814 1813/1813/1813
f 1815/1815/1815 1814/1814/1814 1812/1812/1812
f 1815/1815/1815 1812/1812/1812 1816/1816/1816
f 1817/1817/1817 1819/1819/1819 1818/1818/1818
f 1820/1820/1820 1819/1819/1819 1817/1817/1817
f 1820/1820/1820 1821/1821/1821 1819/1819/1819
f 1822/1822/1822 1824/1824/1824 1823/1823/1823
f 1822/1822/1822 1823/1823/1823 1825/1825/1825
f 1826/1826/1826 1828/1828/1828 1827/1827/1827
f 1826/1826/1826 1827/1827/1827 1829/1829/1829
f 1830/1830/1830 1832/1832/1832 1831/1831/1831
f 1830/1830/1830 1831/1831/1831 1833/1833/1833
f 1834/1834/1834 1836/1836/1836 1835/1835/1835
f 1834/1834/1834 1837/1837/1837 1836/1836/1836
f 1838/1838/1838 1836/1836/1836 1837/1837/1837
f 1839/1839/1839 1841/1841/1841 1840/1840/1840
f 1842/1842/1842 1841/1841/1841 1839/1839/1839
f 1842/1842/1842 1839/1839/1839 1843/1843/1843
f 1844/1844/1844 1846/1846/1846 1845/1845/1845
f 1847/1847/1847 1846/1846/1846 1844/1844/1844
f 1847/1847/1847 1848/1848/1848 1846/1846/1846
f 1849/1849/1849 1851/1851/1851 1850/1850/1850
f 1849/1849/1849 1852/1852/1852 1851/1851/1851
f 1853/1853/1853 1851/1851/1851 1852/1852/1852
f 1854/1854/1854 1856/1856/1856 1855/1855/1855
f 1857/1857/1857 1854/1854/1854 1855/1855/1855
f 1857/1857/1857 1858/1858/1858 1854/1854/1854
f 1859/1859/1859 1861/1861/1861 1860/1860/1860
f 1862/1862/1862 1859/1859/1859 1860/1860/1860
f 1862/1862/1862 1860/1860/1860 1863/1863/1863
f 1864/1864/1864 1866/1866/1866 1865/1865/1865
f 1864/1864/1864 1867/1867/1867 1866/1866/1866
f 1868/1868/1868 1866/1866/1866 1867/1867/1867
f 1869/1869/1869 1871/1871/1871 1870/1870/1870
f 1869/1869/1869 1872/1872/1872 1871/1871/1871
f 1873/1873/1873 1875/1875/1875 1874/1874/1874
f 1873/1873/1873 1876/1876/1876 1875/1875/1875
f 1877/1877/1877 1875/1875/1875 1876/1876/1876
f 1878/1878/1878 1880/1880/1880 1879/1879/1879
f 1881/1881/1881 1880/1880/1880 1878/1878/1878
f 1881/1881/1881 1878/1878/1878 1882/1882/1882
f 1883/1883/1883 1885/1885/1885 1884/1884/1884
f 1886/1886/1886 1885/1885/1885 1883/1883/1883
f 1886/1886/1886 1887/1887/1887 1885/1885/1885
f 1888/1888/1888 1890/1890/1890 1889/1889/1889
f 1888/1888/1888 1891/1891/1891 1890/1890/1890
f 1892/1892/1892 1890/1890/1890 1891/1891/1891
f 1893/1893/1893 1895/1895/1895 1894/1894/1894
f 1896/1896/1896 1895/1895/1895 1893/1893/1893
f 1896/1896/1896 1893/1893/1893 1897/1897/1897
f 1898/1898/1898 1900/1900/1900 1899/1899/1899
f 1901/1901/1901 1900/1900/1900 1898/1898/1898
f 1901/1901/1901 1902/1902/1902 1900/1900/1900
f 1903/1903/1903 1905/1905/1905 1904/1904/1904
f 1903/1903/1903 1906/1906/1906 1905/1905/1905
f 1907/1907/1907 1905/1905/1905 1906/1906/1906
f 1908/1908/1908 1910/1910/1910 1909/1909/1909
f 1911/1911/1911 1910/1910/1910 1908/1908/1908
f 1911/1911/1911 1908/1908/1908 1912/1912/1912
f 1913/1913/1913 1915/1915/1915 1914/1914/1914
f 1916/1916/1916 1915/1915/1915 1913/1913/1913
f 1916/1916/1916 1917/1917/1917 1915/1915/1915
f 1918/1918/1918 1920/1920/1920 1919/1919/1919
f 1918/1918/1918 1921/1921/1921 1920/1920/1920
f 1922/1922/1922 1924/1924/1924 1923/1923/1923
f 1922/1922/1922 1923/1923/1923 1925/1925/1925
f 1926/1926/1926 1928/1928/1928 1927/1927/1927
f 1926/1926/1926 1927/1927/1927 1929/1929/1929
f 1930/1930/1930 1932/1932/1932 1931/1931/1931
f 1930/1930/1930 1933/1933/1933 1932/1932/1932
f 1934/1934/1934 1932/1932/1932 1933/1933/1933
f 1935/1935/1935 1937/1937/1937 1936/1936/1936
f 1938/1938/1938 1937/1937/1937 1935/1935/1935
f 1938/1938/1938 1935/1935/1935 1939/1939/1939
f 1940/1940/1940 1942/1942/1942 1941/1941/1941
f 1943/1943/1943 1942/1942/1942 1940/1940/1940
f 1943/1943/1943 1944/1944/1944 1942/1942/1942
f 1945/1945/1945 1947/1947/1947 1946/1946/1946
f 1945/1945/1945 1948/1948/1948 1947/1947/1947
f 1949/1949/1949 1947/1947/1947 1948/1948/1948
f 1950/1950/1950 1952/1952/1952 1951/1951/1951
f 1953/1953/1953 1952/1952/1952 1950/1950/1950
f 1953/1953/1953 1950/1950/1950 1954/1954/1954
f 1955/1955/1955 1957/1957/1957 1956/1956/1956
f 1958/1958/1958 1957/1957/1957 1955/1955/1955
f 1958/1958/1958 1959/1959/1959 1957/1957/1957
f 1960/1960/1960 1962/1962/1962 1961/1961/1961
f 1960/1960/1960 1963/1963/1963 1962/1962/1962
f 1964/1964/1964 1962/1962/1962 1963/1963/1963
f 1965/1965/1965 1967/1967/1967 1966/1966/1966
f 1968/1968/1968 1967/1967/1967 1965/1965/1965
f 1968/1968/1968 1965/1965/1965 1969/1969/1969
f 1970/1970/1970 1972/1972/1972 1971/1971/1971
f 1973/1973/1973 1972/1972/1972 1970/1970/1970
f 1973/1973/1973 1974/1974/1974 1972/1972/1972
f 1975/1975/1975 1977/1977/1977 1976/1976/1976
f 1975/1975/1975 1976/1976/1976 1978/1978/1978
f 1979/1979/1979 1981/1981/1981 1980/1980/1980
f 1979/1979/1979 1980/1980/1980 1982/1982/1982
f 1983/1983/1983 1985/1985/1985 1984/1984/1984
f 1983/1983/1983 1984/1984/1984 1986/1986/1986
f 1987/1987/1987 1989/1989/1989 1988/1988/1988
f 1987/1987/1987 1988/1988/1988 1990/1990/1990
f 1991/1991/1991 1993/1993/1993 1992/1992/1992
f 1991/1991/1991 1994/1994/1994 1993/1993/1993
f 1995/1995/1995 1992/1992/1992 1993/1993/1993
f 1993/1993/1993 1994/1994/1994 1996/1996/1996
f 1995/1995/1995 1993/1993/1993 1997/1997/1997
f 1997/1997/1997 1993/1993/1993 1996/1996/1996
f 1998/1998/1998 2000/2000/2000 1999/1999/1999
f 1998/1998/1998 1999/1999/1999 2001/2001/2001
f 2002/2002/2002 1999/1999/1999 2000/2000/2000
f 1999/1999/1999 2003/2003/2003 2001/2001/2001
f 2002/2002/2002 2004/2004/2004 1999/1999/1999
f 2004/2004/2004 2003/2003/2003 1999/1999/1999
f 2005/2005/2005 2007/2007/2007 2006/2006/2006
f 2005/2005/2005 2008/2008/2008 2007/2007/2007
f 2009/2009/2009 2006/2006/2006 2007/2007/2007
f 2007/2007/2007 2008/2008/2008 2010/2010/2010
f 2009/2009/2009 2007/2007/2007 2011/2011/2011
f 2011/2011/2011 2007/2007/2007 2010/2010/2010
f 2012/2012/2012 2014/2014/2014 2013/2013/2013
f 2012/2012/2012 2015/2015/2015 2014/2014/2014
f 2016/2016/2016 2013/2013/2013 2014/2014/2014
f 2014/2014/2014 2015/2015/2015 2017/2017/2017
f 2016/2016/2016 2014/2014/2014 2018/2018/2018
f 2018/2018/2018 2014/2014/2014 2017/2017/2017
f 2019/2019/2019 2021/2021/2021 2020/2020/2020
f 2019/2019/2019 2022/2022/2022 2021/2021/2021
f 2023/2023/2023 2020/2020/2020 2021/2021/2021
f 2021/2021/2021 2022/2022/2022 2024/2024/2024
f 2023/2023/2023 2021/2021/2021 2025/2025/2025
f 2025/2025/2025 2021/2021/2021 2024/2024/2024
f 2026/2026/2026 2028/2028/2028 2027/2027/2027
f 2026/2026/2026 2029/2029/2029 2028/2028/2028
f 2030/2030/2030 2027/2027/2027 2028/2028/2028
f 2028/2028/2028 2029/2029/2029 2031/2031/2031
f 2030/2030/2030 2028/2028/2028 2032/2032/2032
f 2032/2032/2032 2028/2028/2028 2031/2031/2031
f 2033/2033/2033 2035/2035/2035 2034/2034/2034
f 2033/2033/2033 2036/2036/2036 2035/2035/2035
f 2037/2037/2037 2034/2034/2034 2035/2035/2035
f 2035/2035/2035 2036/2036/2036 2038/2038/2038
f 2037/2037/2037 2035/2035/2035 2039/2039/2039
f 2039/2039/2039 2035/2035/2035 2038/2038/2038
f 2040/2040/2040 2042/2042/2042 2041/2041/2041
f 2040/2040/2040 2041/2041/2041 2043/2043/2043
f 2044/2044/2044 2041/2041/2041 2042/2042/2042
f 2041/2041/2041 2045/2045/2045 2043/2043/2043
f 2044/2044/2044 2046/2046/2046 2041/2041/2041
f 2046/2046/2046 2045/2045/2045 2041/2041/2041
f 2047/2047/2047 2049/2049/2049 2048/2048/2048
f 2047/2047/2047 2050/2050/2050 2049/2049/2049
f 2051/2051/2051 2048/2048/2048 2049/2049/2049
f 2049/2049/2049 2050/2050/2050 2052/2052/2052
f 2051/2051/2051 2049/2049/2049 2053/2053/2053
f 2053/2053/2053 2049/2049/2049 2052/2052/2052
f 2054/2054/2054 2056/2056/2056 2055/2055/2055
f 2054/2054/2054 2055/2055/2055 2057/2057/2057
f 2058/2058/2058 2055/2055/2055 2056/2056/2056
f 2055/2055/2055 2059/2059/2059 2057/2057/2057
f 2058/2058/2058 2060/2060/2060 2055/2055/2055
f 2060/2060/2060 2059/2059/2059 2055/2055/2055
f 2061/2061/2061 2063/2063/2063 2062/2062/2062
f 2061/2061/2061 2062/2062/2062 2064/2064/2064
f 2065/2065/2065 2062/2062/2062 2063/2063/2063
f 2062/2062/2062 2066/2066/2066 2064/2064/2064
f 2065/2065/2065 2067/2067/2067 2062/2062/2062
f 2067/2067/2067 2066/2066/2066 2062/2062/2062
f 2068/2068/2068 2070/2070/2070 2069/2069/2069
f 2068/2068/2068 2069/2069/2069 2071/2071/2071
f 2072/2072/2072 2069/2069/2069 2070/2070/2070
f 2069/2069/2069 2073/2073/2073 2071/2071/2071
f 2072/2072/2072 2074/2074/2074 2069/2069/2069
f 2074/2074/2074 2073/2073/2073 2069/2069/2069
f 2075/2075/2075 2077/2077/2077 2076/2076/2076
f 2075/2075/2075 2078/2078/2078 2077/2077/2077
f 2079/2079/2079 2075/2075/2075 2076/2076/2076
f 2075/2075/2075 2080/2080/2080 2078/2078/2078
f 2079/2079/2079 2081/2081/2081 2075/2075/2075
f 2075/2075/2075 2082/2082/2082 2080/2080/2080
f 2083/2083/2083 2075/2075/2075 2081/2081/2081
f 2083/2083/2083 2082/2082/2082 2075/2075/2075
f 2084/2084/2084 2086/2086/2086 2085/2085/2085
f 2084/2084/2084 2087/2087/2087 2086/2086/2086
f 2088/2088/2088 2084/2084/2084 2085/2085/2085
f 2084/2084/2084 2089/2089/2089 2087/2087/2087
f 2088/2088/2088 2090/2090/2090 2084/2084/2084
f 2084/2084/2084 2091/2091/2091 2089/2089/2089
f 2092/2092/2092 2084/2084/2084 2090/2090/2090
f 2092/2092/2092 2091/2091/2091 2084/2084/2084
f 2093/2093/2093 2095/2095/2095 2094/2094/2094
f 2096/2096/2096 2095/2095/2095 2093/2093/2093
f 2095/2095/2095 2097/2097/2097 2094/2094/2094
f 2098/2098/2098 2095/2095/2095 2096/2096/2096
f 2099/2099/2099 2097/2097/2097 2095/2095/2095
f 2100/2100/2100 2095/2095/2095 2098/2098/2098
f 2095/2095/2095 2101/2101/2101 2099/2099/2099
f 2100/2100/2100 2101/2101/2101 2095/2095/2095
f 2102/2102/2102 2104/2104/2104 2103/2103/2103
f 2105/2105/2105 2104/2104/2104 2102/2102/2102
f 2104/2104/2104 2106/2106/2106 2103/2103/2103
f 2107/2107/2107 2104/2104/2104 2105/2105/2105
f 2108/2108/2108 2106/2106/2106 2104/2104/2104
f 2109/2109/2109 2104/2104/2104 2107/2107/2107
f 2104/2104/2104 2110/2110/2110 2108/2108/2108
f 2109/2109/2109 2110/2110/2110 2104/2104/2104
f 2111/2111/2111 2113/2113/2113 2112/2112/2112
f 2111/2111/2111 2114/2114/2114 2113/2113/2113
f 2115/2115/2115 2111/2111/2111 2112/2112/2112
f 2111/2111/2111 2116/2116/2116 2114/2114/2114
f 2115/2115/2115 2117/2117/2117 2111/2111/2111
f 2111/2111/2111 2118/2118/2118 2116/2116/2116
f 2119/2119/2119 2111/2111/2111 2117/2117/2117
f 2119/2119/2119 2118/2118/2118 2111/2111/2111
f 2120/2120/2120 2122/2122/2122 2121/2121/2121
f 2120/2120/2120 2123/2123/2123 2122/2122/2122
f 2124/2124/2124 2120/2120/2120 2121/2121/2121
f 2120/2120/2120 2125/2125/2125 2123/2123/2123
f 2124/2124/2124 2126/2126/2126 2120/2120/2120
f 2120/2120/2120 2127/2127/2127 2125/2125/2125
f 2128/2128/2128 2120/2120/2120 2126/2126/2126
f 2128/2128/2128 2127/2127/2127 2120/2120/2120
f 2129/2129/2129 2131/2131/2131 2130/2130/2130
f 2129/2129/2129 2132/2132/2132 2131/2131/2131
f 2133/2133/2133 2129/2129/2129 2130/2130/2130
f 2129/2129/2129 2134/2134/2134 2132/2132/2132
f 2133/2133/2133 2135/2135/2135 2129/2129/2129
f 2129/2129/2129 2136/2136/2136 2134/2134/2134
f 2137/2137/2137 2129/2129/2129 2135/2135/2135
f 2137/2137/2137 2136/2136/2136 2129/2129/2129
f 2138/2138/2138 2140/2140/2140 2139/2139/2139
f 2141/2141/2141 2138/2138/2138 2139/2139/2139
f 2142/2142/2142 2140/2140/2140 2138/2138/2138
f 2143/2143/2143 2138/2138/2138 2141/2141/2141
f 2142/2142/2142 2138/2138/2138 2144/2144/2144
f 2143/2143/2143 2144/2144/2144 2138/2138/2138
f 2145/2145/2145 2147/2147/2147 2146/2146/2146
f 2148/2148/2148 2145/2145/2145 2146/2146/2146
f 2149/2149/2149 2147/2147/2147 2145/2145/2145
f 2150/2150/2150 2145/2145/2145 2148/2148/2148
f 2149/2149/2149 2145/2145/2145 2151/2151/2151
f 2150/2150/2150 2151/2151/2151 2145/2145/2145
f 2152/2152/2152 2154/2154/2154 2153/2153/2153
f 2152/2152/2152 2155/2155/2155 2154/2154/2154
f 2156/2156/2156 2152/2152/2152 2153/2153/2153
f 2152/2152/2152 2157/2157/2157 2155/2155/2155
f 2156/2156/2156 2158/2158/2158 2152/2152/2152
f 2152/2152/2152 2159/2159/2159 2157/2157/2157
f 2160/2160/2160 2152/2152/2152 2158/2158/2158
f 2160/2160/2160 2159/2159/2159 2152/2152/2152
f 2161/2161/2161 2163/2163/2163 2162/2162/2162
f 2164/2164/2164 2161/2161/2161 2162/2162/2162
f 2165/2165/2165 2163/2163/2163 2161/2161/2161
f 2166/2166/2166 2161/2161/2161 2164/2164/2164
f 2165/2165/2165 2161/2161/2161 2167/2167/2167
f 2166/2166/2166 2167/2167/2167 2161/2161/2161
f 2168/2168/2168 2170/2170/2170 2169/2169/2169
f 2171/2171/2171 2168/2168/2168 2169/2169/2169
f 2172/2172/2172 2170/2170/2170 2168/2168/2168
f 2173/2173/2173 2168/2168/2168 2171/2171/2171
f 2172/2172/2172 2168/2168/2168 2174/2174/2174
f 2173/2173/2173 2174/2174/2174 2168/2168/2168
f 2175/2175/2175 2177/2177/2177 2176/2176/2176
f 2178/2178/2178 2175/2175/2175 2176/2176/2176
f 2179/2179/2179 2177/2177/2177 2175/2175/2175
f 2180/2180/2180 2175/2175/2175 2178/2178/2178
f 2179/2179/2179 2175/2175/2175 2181/2181/2181
f 2180/2180/2180 2181/2181/2181 2175/2175/2175
f 2182/2182/2182 2184/2184/2184 2183/2183/2183
f 2185/2185/2185 2184/2184/2184 2182/2182/2182
f 2186/2186/2186 2182/2182/2182 2183/2183/2183
f 2187/2187/2187 2185/2185/2185 2182/2182/2182
f 2186/2186/2186 2188/2188/2188 2182/2182/2182
f 2187/2187/2187 2182/2182/2182 2188/2188/2188
f 2189/2189/2189 2191/2191/2191 2190/2190/2190
f 2192/2192/2192 2189/2189/2189 2190/2190/2190
f 2193/2193/2193 2191/2191/2191 2189/2189/2189
f 2194/2194/2194 2189/2189/2189 2192/2192/2192
f 2193/2193/2193 2189/2189/2189 2195/2195/2195
f 2194/2194/2194 2195/2195/2195 2189/2189/2189
f 2196/2196/2196 2198/2198/2198 2197/2197/2197
f 2199/2199/2199 2196/2196/2196 2197/2197/2197
f 2200/2200/2200 2198/2198/2198 2196/2196/2196
f 2201/2201/2201 2196/2196/2196 2199/2199/2199
f 2200/2200/2200 2196/2196/2196 2202/2202/2202
f 2201/2201/2201 2202/2202/2202 2196/2196/2196
f 2203/2203/2203 2205/2205/2205 2204/2204/2204
f 2206/2206/2206 2203/2203/2203 2204/2204/2204
f 2207/2207/2207 2205/2205/2205 2203/2203/2203
f 2208/2208/2208 2203/2203/2203 2206/2206/2206
f 2207/2207/2207 2203/2203/2203 2209/2209/2209
f 2208/2208/2208 2209/2209/2209 2203/2203/2203
f 2210/2210/2210 2212/2212/2212 2211/2211/2211
f 2213/2213/2213 2210/2210/2210 2211/2211/2211
f 2214/2214/2214 2212/2212/2212 2210/2210/2210
f 2215/2215/2215 2210/2210/2210 2213/2213/2213
f 2214/2214/2214 2210/2210/2210 2216/2216/2216
f 2215/2215/2215 2216/2216/2216 2210/2210/2210
f 2217/2217/2217 2219/2219/2219 2218/2218/2218
f 2220/2220/2220 2217/2217/2217 2218/2218/2218
f 2221/2221/2221 2219/2219/2219 2217/2217/2217
f 2222/2222/2222 2217/2217/2217 2220/2220/2220
f 2221/2221/2221 2217/2217/2217 2223/2223/2223
f 2222/2222/2222 2223/2223/2223 2217/2217/2217
f 2224/2224/2224 2226/2226/2226 2225/2225/2225
f 2224/2224/2224 2225/2225/2225 2227/2227/2227
f 2228/2228/2228 2226/2226/2226 2224/2224/2224
f 2224/2224/2224 2227/2227/2227 2229/2229/2229
f 2228/2228/2228 2224/2224/2224 2230/2230/2230
f 2224/2224/2224 2229/2229/2229 2231/2231/2231
f 2232/2232/2232 2230/2230/2230 2224/2224/2224
f 2232/2232/2232 2224/2224/2224 2231/2231/2231
f 2233/2233/2233 2235/2235/2235 2234/2234/2234
f 2233/2233/2233 2234/2234/2234 2236/2236/2236
f 2237/2237/2237 2235/2235/2235 2233/2233/2233
f 2233/2233/2233 2236/2236/2236 2238/2238/2238
f 2237/2237/2237 2233/2233/2233 2239/2239/2239
f 2233/2233/2233 2238/2238/2238 2240/2240/2240
f 2241/2241/2241 2239/2239/2239 2233/2233/2233
f 2241/2241/2241 2233/2233/2233 2240/2240/2240
f 2242/2242/2242 2244/2244/2244 2243/2243/2243
f 2245/2245/2245 2242/2242/2242 2243/2243/2243
f 2246/2246/2246 2244/2244/2244 2242/2242/2242
f 2247/2247/2247 2242/2242/2242 2245/2245/2245
f 2246/2246/2246 2242/2242/2242 2248/2248/2248
f 2247/2247/2247 2248/2248/2248 2242/2242/2242
f 2249/2249/2249 2251/2251/2251 2250/2250/2250
f 2249/2249/2249 2252/2252/2252 2251/2251/2251
f 2253/2253/2253 2249/2249/2249 2250/2250/2250
f 2249/2249/2249 2254/2254/2254 2252/2252/2252
f 2253/2253/2253 2255/2255/2255 2249/2249/2249
f 2249/2249/2249 2256/2256/2256 2254/2254/2254
f 2257/2257/2257 2249/2249/2249 2255/2255/2255
f 2257/2257/2257 2256/2256/2256 2249/2249/2249
f 2258/2258/2258 2260/2260/2260 2259/2259/2259
f 2258/2258/2258 2261/2261/2261 2260/2260/2260
f 2262/2262/2262 2258/2258/2258 2259/2259/2259
f 2258/2258/2258 2263/2263/2263 2261/2261/2261
f 2262/2262/2262 2264/2264/2264 2258/2258/2258
f 2258/2258/2258 2265/2265/2265 2263/2263/2263
f 2266/2266/2266 2258/2258/2258 2264/2264/2264
f 2266/2266/2266 2265/2265/2265 2258/2258/2258
f 2267/2267/2267 2269/2269/2269 2268/2268/2268
f 2270/2270/2270 2269/2269/2269 2267/2267/2267
f 2271/2271/2271 2267/2267/2267 2268/2268/2268
f 2272/2272/2272 2270/2270/2270 2267/2267/2267
f 2271/2271/2271 2273/2273/2273 2267/2267/2267
f 2272/2272/2272 2267/2267/2267 2273/2273/2273
f 2274/2274/2274 2276/2276/2276 2275/2275/2275
f 2274/2274/2274 2275/2275/2275 2277/2277/2277
f 2278/2278/2278 2276/2276/2276 2274/2274/2274
f 2274/2274/2274 2277/2277/2277 2279/2279/2279
f 2278/2278/2278 2274/2274/2274 2280/2280/2280
f 2274/2274/2274 2279/2279/2279 2281/2281/2281
f 2282/2282/2282 2280/2280/2280 2274/2274/2274
f 2282/2282/2282 2274/2274/2274 2281/2281/2281
f 2283/2283/2283 2285/2285/2285 2284/2284/2284
f 2286/2286/2286 2283/2283/2283 2284/2284/2284
f 2287/2287/2287 2285/2285/2285 2283/2283/2283
f 2288/2288/2288 2283/2283/2283 2286/2286/2286
f 2287/2287/2287 2283/2283/2283 2289/2289/2289
f 2288/2288/2288 2289/2289/2289 2283/2283/2283
f 2290/2290/2290 2292/2292/2292 2291/2291/2291
f 2293/2293/2293 2290/2290/2290 2291/2291/2291
f 2291/2291/2291 2292/2292/2292 2294/2294/2294
f 2295/2295/2295 2293/2293/2293 2291/2291/2291
f 2296/2296/2296 2291/2291/2291 2294/2294/2294
f 2297/2297/2297 2295/2295/2295 2291/2291/2291
f 2291/2291/2291 2296/2296/2296 2298/2298/2298
f 2297/2297/2297 2291/2291/2291 2298/2298/2298
f 2299/2299/2299 2301/2301/2301 2300/2300/2300
f 2302/2302/2302 2299/2299/2299 2300/2300/2300
f 2300/2300/2300 2301/2301/2301 2303/2303/2303
f 2304/2304/2304 2302/2302/2302 2300/2300/2300
f 2305/2305/2305 2300/2300/2300 2303/2303/2303
f 2306/2306/2306 2304/2304/2304 2300/2300/2300
f 2300/2300/2300 2305/2305/2305 2307/2307/2307
f 2306/2306/2306 2300/2300/2300 2307/2307/2307
f 2308/2308/2308 2310/2310/2310 2309/2309/2309
f 2311/2311/2311 2308/2308/2308 2309/2309/2309
f 2309/2309/2309 2310/2310/2310 2312/2312/2312
f 2313/2313/2313 2311/2311/2311 2309/2309/2309
f 2314/2314/2314 2309/2309/2309 2312/2312/2312
f 2315/2315/2315 2313/2313/2313 2309/2309/2309
f 2309/2309/2309 2314/2314/2314 2316/2316/2316
f 2315/2315/2315 2309/2309/2309 2316/2316/2316
f 2317/2317/2317 2319/2319/2319 2318/2318/2318
f 2320/2320/2320 2319/2319/2319 2317/2317/2317
f 2321/2321/2321 2317/2317/2317 2318/2318/2318
f 2322/2322/2322 2320/2320/2320 2317/2317/2317
f 2321/2321/2321 2323/2323/2323 2317/2317/2317
f 2322/2322/2322 2317/2317/2317 2323/2323/2323
f 2324/2324/2324 2326/2326/2326 2325/2325/2325
f 2327/2327/2327 2326/2326/2326 2324/2324/2324
f 2328/2328/2328 2324/2324/2324 2325/2325/2325
f 2329/2329/2329 2327/2327/2327 2324/2324/2324
f 2328/2328/2328 2330/2330/2330 2324/2324/2324
f 2329/2329/2329 2324/2324/2324 2330/2330/2330
f 2331/2331/2331 2333/2333/2333 2332/2332/2332
f 2334/2334/2334 2333/2333/2333 2331/2331/2331
f 2335/2335/2335 2331/2331/2331 2332/2332/2332
f 2336/2336/2336 2334/2334/2334 2331/2331/2331
f 2335/2335/2335 2337/2337/2337 2331/2331/2331
f 2336/2336/2336 2331/2331/2331 2337/2337/2337
f 2338/2338/2338 2340/2340/2340 2339/2339/2339
f 2341/2341/2341 2338/2338/2338 2339/2339/2339
f 2342/2342/2342 2340/2340/2340 2338/2338/2338
f 2343/2343/2343 2338/2338/2338 2341/2341/2341
f 2342/2342/2342 2338/2338/2338 2344/2344/2344
f 2343/2343/2343 2344/2344/2344 2338/2338/2338
f 2345/2345/2345 2347/2347/2347 2346/2346/2346
f 2348/2348/2348 2345/2345/2345 2346/2346/2346
f 2349/2349/2349 2347/2347/2347 2345/2345/2345
f 2350/2350/2350 2345/2345/2345 2348/2348/2348
f 2349/2349/2349 2345/2345/2345 2351/2351/2351
f 2350/2350/2350 2351/2351/2351 2345/2345/2345
f 2352/2352/2352 2354/2354/2354 2353/2353/2353
f 2352/2352/2352 2353/2353/2353 2355/2355/2355
f 2356/2356/2356 2354/2354/2354 2352/2352/2352
f 2352/2352/2352 2355/2355/2355 2357/2357/2357
f 2356/2356/2356 2352/2352/2352 2358/2358/2358
f 2352/2352/2352 2357/2357/2357 2359/2359/2359
f 2360/2360/2360 2358/2358/2358 2352/2352/2352
f 2360/2360/2360 2352/2352/2352 2359/2359/2359
f 2361/2361/2361 2363/2363/2363 2362/2362/2362
f 2364/2364/2364 2361/2361/2361 2362/2362/2362
f 2365/2365/2365 2363/2363/2363 2361/2361/2361
f 2366/2366/2366 2361/2361/2361 2364/2364/2364
f 2365/2365/2365 2361/2361/2361 2367/2367/2367
f 2366/2366/2366 2367/2367/2367 2361/2361/2361
f 2368/2368/2368 2370/2370/2370 2369/2369/2369
f 2368/2368/2368 2369/2369/2369 2371/2371/2371
f 2372/2372/2372 2370/2370/2370 2368/2368/2368
f 2368/2368/2368 2371/2371/2371 2373/2373/2373
f 2372/2372/2372 2368/2368/2368 2374/2374/2374
f 2368/2368/2368 2373/2373/2373 2375/2375/2375
f 2376/2376/2376 2374/2374/2374 2368/2368/2368
f 2376/2376/2376 2368/2368/2368 2375/2375/2375
f 2377/2377/2377 2379/2379/2379 2378/2378/2378
f 2377/2377/2377 2380/2380/2380 2379/2379/2379
f 2381/2381/2381 2377/2377/2377 2378/2378/2378
f 2377/2377/2377 2382/2382/2382 2380/2380/2380
f 2381/2381/2381 2383/2383/2383 2377/2377/2377
f 2377/2377/2377 2384/2384/2384 2382/2382/2382
f 2385/2385/2385 2377/2377/2377 2383/2383/2383
f 2385/2385/2385 2384/2384/2384 2377/2377/2377
f 2386/2386/2386 2388/2388/2388 2387/2387/2387
f 2386/2386/2386 2389/2389/2389 2388/2388/2388
f 2390/2390/2390 2386/2386/2386 2387/2387/2387
f 2386/2386/2386 2391/2391/2391 2389/2389/2389
f 2390/2390/2390 2392/2392/2392 2386/2386/2386
f 2386/2386/2386 2393/2393/2393 2391/2391/2391
f 2394/2394/2394 2386/2386/2386 2392/2392/2392
f 2394/2394/2394 2393/2393/2393 2386/2386/2386
f 2395/2395/2395 2397/2397/2397 2396/2396/2396
f 2398/2398/2398 2397/2397/2397 2395/2395/2395
f 2399/2399/2399 2395/2395/2395 2396/2396/2396
f 2400/2400/2400 2398/2398/2398 2395/2395/2395
f 2399/2399/2399 2401/2401/2401 2395/2395/2395
f 2400/2400/2400 2395/2395/2395 2401/2401/2401
f 2402/2402/2402 2404/2404/2404 2403/2403/2403
f 2405/2405/2405 2404/2404/2404 2402/2402/2402
f 2406/2406/2406 2402/2402/2402 2403/2403/2403
f 2407/2407/2407 2405/2405/2405 2402/2402/2402
f 2406/2406/2406 2408/2408/2408 2402/2402/2402
f 2407/2407/2407 2402/2402/2402 2408/2408/2408
f 2409/2409/2409 2411/2411/2411 2410/2410/2410
f 2412/2412/2412 2411/2411/2411 2409/2409/2409
f 2413/2413/2413 2409/2409/2409 2410/2410/2410
f 2414/2414/2414 2412/2412/2412 2409/2409/2409
f 2413/2413/2413 2415/2415/2415 2409/2409/2409
f 2414/2414/2414 2409/2409/2409 2415/2415/2415
f 2416/2416/2416 2418/2418/2418 2417/2417/2417
f 2419/2419/2419 2418/2418/2418 2416/2416/2416
f 2420/2420/2420 2416/2416/2416 2417/2417/2417
f 2421/2421/2421 2419/2419/2419 2416/2416/2416
f 2420/2420/2420 2422/2422/2422 2416/2416/2416
f 2421/2421/2421 2416/2416/2416 2422/2422/2422
f 2423/2423/2423 2425/2425/2425 2424/2424/2424
f 2426/2426/2426 2423/2423/2423 2424/2424/2424
f 2427/2427/2427 2425/2425/2425 2423/2423/2423
f 2428/2428/2428 2423/2423/2423 2426/2426/2426
f 2427/2427/2427 2423/2423/2423 2429/2429/2429
f 2428/2428/2428 2429/2429/2429 2423/2423/2423
f 2430/2430/2430 2432/2432/2432 2431/2431/2431
f 2433/2433/2433 2430/2430/2430 2431/2431/2431
f 2434/2434/2434 2432/2432/2432 2430/2430/2430
f 2435/2435/2435 2430/2430/2430 2433/2433/2433
f 2434/2434/2434 2430/2430/2430 2436/2436/2436
f 2435/2435/2435 2436/2436/2436 2430/2430/2430
f 2437/2437/2437 2439/2439/2439 2438/2438/2438
f 2440/2440/2440 2437/2437/2437 2438/2438/2438
f 2441/2441/2441 2439/2439/2439 2437/2437/2437
f 2442/2442/2442 2437/2437/2437 2440/2440/2440
f 2441/2441/2441 2437/2437/2437 2443/2443/2443
f 2442/2442/2442 2443/2443/2443 2437/2437/2437
f 2444/2444/2444 2446/2446/2446 2445/2445/2445
f 2447/2447/2447 2444/2444/2444 2445/2445/2445
f 2448/2448/2448 2446/2446/2446 2444/2444/2444
f 2449/2449/2449 2444/2444/2444 2447/2447/2447
f 2448/2448/2448 2444/2444/2444 2450/2450/2450
f 2449/2449/2449 2450/2450/2450 2444/2444/2444
f 2451/2451/2451 2453/2453/2453 2452/2452/2452
f 2451/2451/2451 2452/2452/2452 2454/2454/2454
f 2455/2455/2455 2453/2453/2453 2451/2451/2451
f 2451/2451/2451 2454/2454/2454 2456/2456/2456
f 2455/2455/2455 2451/2451/2451 2457/2457/2457
f 2451/2451/2451 2456/2456/2456 2458/2458/2458
f 2459/2459/2459 2457/2457/2457 2451/2451/2451
f 2459/2459/2459 2451/2451/2451 2458/2458/2458
f 2460/2460/2460 2462/2462/2462 2461/2461/2461
f 2463/2463/2463 2460/2460/2460 2461/2461/2461
f 2461/2461/2461 2462/2462/2462 2464/2464/2464
f 2465/2465/2465 2463/2463/2463 2461/2461/2461
f 2466/2466/2466 2461/2461/2461 2464/2464/2464
f 2467/2467/2467 2465/2465/2465 2461/2461/2461
f 2461/2461/2461 2466/2466/2466 2468/2468/2468
f 2467/2467/2467 2461/2461/2461 2468/2468/2468
f 2469/2469/2469 2471/2471/2471 2470/2470/2470
f 2472/2472/2472 2469/2469/2469 2470/2470/2470
f 2470/2470/2470 2471/2471/2471 2473/2473/2473
f 2474/2474/2474 2472/2472/2472 2470/2470/2470
f 2475/2475/2475 2470/2470/2470 2473/2473/2473
f 2476/2476/2476 2474/2474/2474 2470/2470/2470
f 2470/2470/2470 2475/2475/2475 2477/2477/2477
f 2476/2476/2476 2470/2470/2470 2477/2477/2477
f 2478/2478/2478 2480/2480/2480 2479/2479/2479
f 2481/2481/2481 2478/2478/2478 2479/2479/2479
f 2479/2479/2479 2480/2480/2480 2482/2482/2482
f 2483/2483/2483 2481/2481/2481 2479/2479/2479
f 2484/2484/2484 2479/2479/2479 2482/2482/2482
f 2485/2485/2485 2483/2483/2483 2479/2479/2479
f 2479/2479/2479 2484/2484/2484 2486/2486/2486
f 2485/2485/2485 2479/2479/2479 2486/2486/2486
f 2487/2487/2487 2489/2489/2489 2488/2488/2488
f 2487/2487/2487 2488/2488/2488 2490/2490/2490
f 2491/2491/2491 2489/2489/2489 2487/2487/2487
f 2487/2487/2487 2490/2490/2490 2492/2492/2492
f 2491/2491/2491 2487/2487/2487 2493/2493/2493
f 2487/2487/2487 2492/2492/2492 2494/2494/2494
f 2495/2495/2495 2493/2493/2493 2487/2487/2487
f 2495/2495/2495 2487/2487/2487 2494/2494/2494
f 2496/2496/2496 2498/2498/2498 2497/2497/2497
f 2499/2499/2499 2496/2496/2496 2497/2497/2497
f 2500/2500/2500 2498/2498/2498 2496/2496/2496
f 2501/2501/2501 2496/2496/2496 2499/2499/2499
f 2500/2500/2500 2496/2496/2496 2502/2502/2502
f 2501/2501/2501 2502/2502/2502 2496/2496/2496
f 2503/2503/2503 2505/2505/2505 2504/2504/2504
f 2506/2506/2506 2505/2505/2505 2503/2503/2503
f 2507/2507/2507 2503/2503/2503 2504/2504/2504
f 2508/2508/2508 2506/2506/2506 2503/2503/2503
f 2507/2507/2507 2509/2509/2509 2503/2503/2503
f 2508/2508/2508 2503/2503/2503 2509/2509/2509
f 2510/2510/2510 2512/2512/2512 2511/2511/2511
f 2513/2513/2513 2512/2512/2512 2510/2510/2510
f 2514/2514/2514 2510/2510/2510 2511/2511/2511
f 2515/2515/2515 2513/2513/2513 2510/2510/2510
f 2514/2514/2514 2516/2516/2516 2510/2510/2510
f 2515/2515/2515 2510/2510/2510 2516/2516/2516
f 2517/2517/2517 2519/2519/2519 2518/2518/2518
f 2520/2520/2520 2517/2517/2517 2518/2518/2518
f 2521/2521/2521 2519/2519/2519 2517/2517/2517
f 2522/2522/2522 2517/2517/2517 2520/2520/2520
f 2521/2521/2521 2517/2517/2517 2523/2523/2523
f 2522/2522/2522 2523/2523/2523 2517/2517/2517
f 2524/2524/2524 2526/2526/2526 2525/2525/2525
f 2524/2524/2524 2527/2527/2527 2526/2526/2526
f 2528/2528/2528 2524/2524/2524 2525/2525/2525
f 2524/2524/2524 2529/2529/2529 2527/2527/2527
f 2528/2528/2528 2530/2530/2530 2524/2524/2524
f 2524/2524/2524 2531/2531/2531 2529/2529/2529
f 2532/2532/2532 2524/2524/2524 2530/2530/2530
f 2532/2532/2532 2531/2531/2531 2524/2524/2524
f 2533/2533/2533 2535/2535/2535 2534/2534/2534
f 2533/2533/2533 2536/2536/2536 2535/2535/2535
f 2537/2537/2537 2533/2533/2533 2534/2534/2534
f 2533/2533/2533 2538/2538/2538 2536/2536/2536
f 2537/2537/2537 2539/2539/2539 2533/2533/2533
f 2533/2533/2533 2540/2540/2540 2538/2538/2538
f 2541/2541/2541 2533/2533/2533 2539/2539/2539
f 2541/2541/2541 2540/2540/2540 2533/2533/2533
f 2542/2542/2542 2544/2544/2544 2543/2543/2543
f 2545/2545/2545 2542/2542/2542 2543/2543/2543
f 2543/2543/2543 2544/2544/2544 2546/2546/2546
f 2547/2547/2547 2545/2545/2545 2543/2543/2543
f 2548/2548/2548 2543/2543/2543 2546/2546/2546
f 2549/2549/2549 2547/2547/2547 2543/2543/2543
f 2543/2543/2543 2548/2548/2548 2550/2550/2550
f 2549/2549/2549 2543/2543/2543 2550/2550/2550
f 2551/2551/2551 2553/2553/2553 2552/2552/2552
f 2551/2551/2551 2554/2554/2554 2553/2553/2553
f 2555/2555/2555 2551/2551/2551 2552/2552/2552
f 2551/2551/2551 2556/2556/2556 2554/2554/2554
f 2555/2555/2555 2557/2557/2557 2551/2551/2551
f 2551/2551/2551 2558/2558/2558 2556/2556/2556
f 2559/2559/2559 2551/2551/2551 2557/2557/2557
f 2559/2559/2559 2558/2558/2558 2551/2551/2551
f 2560/2560/2560 2562/2562/2562 2561/2561/2561
f 2560/2560/2560 2561/2561/2561 2563/2563/2563
f 2564/2564/2564 2562/2562/2562 2560/2560/2560
f 2560/2560/2560 2563/2563/2563 2565/2565/2565
f 2564/2564/2564 2560/2560/2560 2566/2566/2566
f 2560/2560/2560 2565/2565/2565 2567/2567/2567
f 2568/2568/2568 2566/2566/2566 2560/2560/2560
f 2568/2568/2568 2560/2560/2560 2567/2567/2567
f 2569/2569/2569 2571/2571/2571 2570/2570/2570
f 2572/2572/2572 2569/2569/2569 2570/2570/2570
f 2570/2570/2570 2571/2571/2571 2573/2573/2573
f 2574/2574/2574 2572/2572/2572 2570/2570/2570
f 2575/2575/2575 2570/2570/2570 2573/2573/2573
f 2576/2576/2576 2574/2574/2574 2570/2570/2570
f 2570/2570/2570 2575/2575/2575 2577/2577/2577
f 2576/2576/2576 2570/2570/2570 2577/2577/2577
f 2578/2578/2578 2580/2580/2580 2579/2579/2579
f 2581/2581/2581 2578/2578/2578 2579/2579/2579
f 2582/2582/2582 2580/2580/2580 2578/2578/2578
f 2583/2583/2583 2578/2578/2578 2581/2581/2581
f 2582/2582/2582 2578/2578/2578 2584/2584/2584
f 2583/2583/2583 2584/2584/2584 2578/2578/2578
f 2585/2585/2585 2587/2587/2587 2586/2586/2586
f 2588/2588/2588 2585/2585/2585 2586/2586/2586
f 2589/2589/2589 2587/2587/2587 2585/2585/2585
f 2590/2590/2590 2585/2585/2585 2588/2588/2588
f 2589/2589/2589 2585/2585/2585 2591/2591/2591
f 2590/2590/2590 2591/2591/2591 2585/2585/2585
f 2592/2592/2592 2594/2594/2594 2593/2593/2593
f 2592/2592/2592 2595/2595/2595 2594/2594/2594
f 2596/2596/2596 2592/2592/2592 2593/2593/2593
f 2592/2592/2592 2597/2597/2597 2595/2595/2595
f 2596/2596/2596 2598/2598/2598 2592/2592/2592
f 2592/2592/2592 2599/2599/2599 2597/2597/2597
f 2600/2600/2600 2592/2592/2592 2598/2598/2598
f 2600/2600/2600 2599/2599/2599 2592/2592/2592
f 2601/2601/2601 2603/2603/2603 2602/2602/2602
f 2601/2601/2601 2602/2602/2602 2604/2604/2604
f 2605/2605/2605 2603/2603/2603 2601/2601/2601
f 2601/2601/2601 2604/2604/2604 2606/2606/2606
f 2605/2605/2605 2601/2601/2601 2607/2607/2607
f 2601/2601/2601 2606/2606/2606 2608/2608/2608
f 2609/2609/2609 2607/2607/2607 2601/2601/2601
f 2609/2609/2609 2601/2601/2601 2608/2608/2608
f 2610/2610/2610 2612/2612/2612 2611/2611/2611
f 2613/2613/2613 2612/2612/2612 2610/2610/2610
f 2614/2614/2614 2610/2610/2610 2611/2611/2611
f 2615/2615/2615 2613/2613/2613 2610/2610/2610
f 2614/2614/2614 2616/2616/2616 2610/2610/2610
f 2615/2615/2615 2610/2610/2610 2616/2616/2616
f 2617/2617/2617 2619/2619/2619 2618/2618/2618
f 2620/2620/2620 2617/2617/2617 2618/2618/2618
f 2621/2621/2621 2619/2619/2619 2617/2617/2617
f 2622/2622/2622 2617/2617/2617 2620/2620/2620
f 2621/2621/2621 2617/2617/2617 2623/2623/2623
f 2622/2622/2622 2623/2623/2623 2617/2617/2617
f 2624/2624/2624 2626/2626/2626 2625/2625/2625
f 2627/2627/2627 2624/2624/2624 2625/2625/2625
f 2625/2625/2625 2626/2626/2626 2628/2628/2628
f 2629/2629/2629 2627/2627/2627 2625/2625/2625
f 2630/2630/2630 2625/2625/2625 2628/2628/2628
f 2631/2631/2631 2629/2629/2629 2625/2625/2625
f 2625/2625/2625 2630/2630/2630 2632/2632/2632
f 2631/2631/2631 2625/2625/2625 2632/2632/2632
f 2633/2633/2633 2635/2635/2635 2634/2634/2634
f 2633/2633/2633 2634/2634/2634 2636/2636/2636
f 2637/2637/2637 2635/2635/2635 2633/2633/2633
f 2633/2633/2633 2636/2636/2636 2638/2638/2638
f 2637/2637/2637 2633/2633/2633 2639/2639/2639
f 2633/2633/2633 2638/2638/2638 2640/2640/2640
f 2641/2641/2641 2639/2639/2639 2633/2633/2633
f 2641/2641/2641 2633/2633/2633 2640/2640/2640
f 2642/2642/2642 2644/2644/2644 2643/2643/2643
f 2645/2645/2645 2642/2642/2642 2643/2643/2643
f 2646/2646/2646 2644/2644/2644 2642/2642/2642
f 2647/2647/2647 2642/2642/2642 2645/2645/2645
f 2646/2646/2646 2642/2642/2642 2648/2648/2648
f 2647/2647/2647 2648/2648/2648 2642/2642/2642
f 2649/2649/2649 2651/2651/2651 2650/2650/2650
f 2652/2652/2652 2649/2649/2649 2650/2650/2650
f 2653/2653/2653 2651/2651/2651 2649/2649/2649
f 2654/2654/2654 2649/2649/2649 2652/2652/2652
f 2653/2653/2653 2649/2649/2649 2655/2655/2655
f 2654/2654/2654 2655/2655/2655 2649/2649/2649
f 2656/2656/2656 2658/2658/2658 2657/2657/2657
f 2656/2656/2656 2659/2659/2659 2658/2658/2658
f 2660/2660/2660 2656/2656/2656 2657/2657/2657
f 2656/2656/2656 2661/2661/2661 2659/2659/2659
f 2660/2660/2660 2662/2662/2662 2656/2656/2656
f 2656/2656/2656 2663/2663/2663 2661/2661/2661
f 2664/2664/2664 2656/2656/2656 2662/2662/2662
f 2664/2664/2664 2663/2663/2663 2656/2656/2656
f 2665/2665/2665 2667/2667/2667 2666/2666/2666
f 2665/2665/2665 2666/2666/2666 2668/2668/2668
f 2669/2669/2669 2667/2667/2667 2665/2665/2665
f 2665/2665/2665 2668/2668/2668 2670/2670/2670
f 2669/2669/2669 2665/2665/2665 2671/2671/2671
f 2665/2665/2665 2670/2670/2670 2672/2672/2672
f 2673/2673/2673 2671/2671/2671 2665/2665/2665
f 2673/2673/2673 2665/2665/2665 2672/2672/2672
f 2674/2674/2674 2676/2676/2676 2675/2675/2675
f 2674/2674/2674 2677/2677/2677 2676/2676/2676
f 2678/2678/2678 2674/2674/2674 2675/2675/2675
f 2674/2674/2674 2679/2679/2679 2677/2677/2677
f 2678/2678/2678 2680/2680/2680 2674/2674/2674
f 2674/2674/2674 2681/2681/2681 2679/2679/2679
f 2682/2682/2682 2674/2674/2674 2680/2680/2680
f 2682/2682/2682 2681/2681/2681 2674/2674/2674
f 2683/2683/2683 2685/2685/2685 2684/2684/2684
f 2683/2683/2683 2686/2686/2686 2685/2685/2685
f 2687/2687/2687 2683/2683/2683 2684/2684/2684
f 2683/2683/2683 2688/2688/2688 2686/2686/2686
f 2687/2687/2687 2689/2689/2689 2683/2683/2683
f 2683/2683/2683 2690/2690/2690 2688/2688/2688
f 2691/2691/2691 2683/2683/2683 2689/2689/2689
f 2691/2691/2691 2690/2690/2690 2683/2683/2683
f 2692/2692/2692 2694/2694/2694 2693/2693/2693
f 2692/2692/2692 2695/2695/2695 2694/2694/2694
f 2696/2696/2696 2692/2692/2692 2693/2693/2693
f 2692/2692/2692 2697/2697/2697 2695/2695/2695
f 2696/2696/2696 2698/2698/2698 2692/2692/2692
f 2692/2692/2692 2699/2699/2699 2697/2697/2697
f 2700/2700/2700 2692/2692/2692 2698/2698/2698
f 2700/2700/2700 2699/2699/2699 2692/2692/2692
f 2701/2701/2701 2703/2703/2703 2702/2702/2702
f 2704/2704/2704 2701/2701/2701 2702/2702/2702
f 2702/2702/2702 2703/2703/2703 2705/2705/2705
f 2706/2706/2706 2704/2704/2704 2702/2702/2702
f 2707/2707/2707 2702/2702/2702 2705/2705/2705
f 2708/2708/2708 2706/2706/2706 2702/2702/2702
f 2702/2702/2702 2707/2707/2707 2709/2709/2709
f 2708/2708/2708 2702/2702/2702 2709/2709/2709
f 2710/2710/2710 2712/2712/2712 2711/2711/2711
f 2710/2710/2710 2711/2711/2711 2713/2713/2713
f 2714/2714/2714 2712/2712/2712 2710/2710/2710
f 2710/2710/2710 2713/2713/2713 2715/2715/2715
f 2714/2714/2714 2710/2710/2710 2716/2716/2716
f 2710/2710/2710 2715/2715/2715 2717/2717/2717
f 2718/2718/2718 2716/2716/2716 2710/2710/2710
f 2718/2718/2718 2710/2710/2710 2717/2717/2717
f 2719/2719/2719 2721/2721/2721 2720/2720/2720
f 2722/2722/2722 2721/2721/2721 2719/2719/2719
f 2723/2723/2723 2719/2719/2719 2720/2720/2720
f 2724/2724/2724 2722/2722/2722 2719/2719/2719
f 2723/2723/2723 2725/2725/2725 2719/2719/2719
f 2724/2724/2724 2719/2719/2719 2725/2725/2725
f 2726/2726/2726 2728/2728/2728 2727/2727/2727
f 2726/2726/2726 2727/2727/2727 2729/2729/2729
f 2730/2730/2730 2728/2728/2728 2726/2726/2726
f 2726/2726/2726 2729/2729/2729 2731/2731/2731
f 2730/2730/2730 2726/2726/2726 2732/2732/2732
f 2726/2726/2726 2731/2731/2731 2733/2733/2733
f 2734/2734/2734 2732/2732/2732 2726/2726/2726
f 2734/2734/2734 2726/2726/2726 2733/2733/2733
f 2735/2735/2735 2737/2737/2737 2736/2736/2736
f 2738/2738/2738 2737/2737/2737 2735/2735/2735
f 2739/2739/2739 2735/2735/2735 2736/2736/2736
f 2740/2740/2740 2738/2738/2738 2735/2735/2735
f 2739/2739/2739 2741/2741/2741 2735/2735/2735
f 2740/2740/2740 2735/2735/2735 2741/2741/2741
f 2742/2742/2742 2744/2744/2744 2743/2743/2743
f 2745/2745/2745 2744/2744/2744 2742/2742/2742
f 2746/2746/2746 2742/2742/2742 2743/2743/2743
f 2747/2747/2747 2745/2745/2745 2742/2742/2742
f 2746/2746/2746 2748/2748/2748 2742/2742/2742
f 2747/2747/2747 2742/2742/2742 2748/2748/2748
f 2749/2749/2749 2751/2751/2751 2750/2750/2750
f 2752/2752/2752 2749/2749/2749 2750/2750/2750
f 2753/2753/2753 2751/2751/2751 2749/2749/2749
f 2754/2754/2754 2749/2749/2749 2752/2752/2752
f 2753/2753/2753 2749/2749/2749 2755/2755/2755
f 2754/2754/2754 2755/2755/2755 2749/2749/2749
f 2756/2756/2756 2758/2758/2758 2757/2757/2757
f 2759/2759/2759 2756/2756/2756 2757/2757/2757
f 2757/2757/2757 2758/2758/2758 2760/2760/2760
f 2761/2761/2761 2759/2759/2759 2757/2757/2757
f 2762/2762/2762 2757/2757/2757 2760/2760/2760
f 2763/2763/2763 2761/2761/2761 2757/2757/2757
f 2757/2757/2757 2762/2762/2762 2764/2764/2764
f 2763/2763/2763 2757/2757/2757 2764/2764/2764
f 2765/2765/2765 2767/2767/2767 2766/2766/2766
f 2768/2768/2768 2765/2765/2765 2766/2766/2766
f 2766/2766/2766 2767/2767/2767 2769/2769/2769
f 2770/2770/2770 2768/2768/2768 2766/2766/2766
f 2771/2771/2771 2766/2766/2766 2769/2769/2769
f 2772/2772/2772 2770/2770/2770 2766/2766/2766
f 2766/2766/2766 2771/2771/2771 2773/2773/2773
f 2772/2772/2772 2766/2766/2766 2773/2773/2773
f 2774/2774/2774 2776/2776/2776 2775/2775/2775
f 2777/2777/2777 2774/2774/2774 2775/2775/2775
f 2778/2778/2778 2776/2776/2776 2774/2774/2774
f 2779/2779/2779 2774/2774/2774 2777/2777/2777
f 2778/2778/2778 2774/2774/2774 2780/2780/2780
f 2779/2779/2779 2780/2780/2780 2774/2774/2774
f 2781/2781/2781 2783/2783/2783 2782/2782/2782
f 2781/2781/2781 2784/2784/2784 2783/2783/2783
f 2785/2785/2785 2781/2781/2781 2782/2782/2782
f 2781/2781/2781 2786/2786/2786 2784/2784/2784
f 2785/2785/2785 2787/2787/2787 2781/2781/2781
f 2781/2781/2781 2788/2788/2788 2786/2786/2786
f 2789/2789/2789 2781/2781/2781 2787/2787/2787
f 2789/2789/2789 2788/2788/2788 2781/2781/2781
f 2790/2790/2790 2792/2792/2792 2791/2791/2791
f 2793/2793/2793 2790/2790/2790 2791/2791/2791
f 2791/2791/2791 2792/2792/2792 2794/2794/2794
f 2795/2795/2795 2793/2793/2793 2791/2791/2791
f 2796/2796/2796 2791/2791/2791 2794/2794/2794
f 2797/2797/2797 2795/2795/2795 2791/2791/2791
f 2791/2791/2791 2796/2796/2796 2798/2798/2798
f 2797/2797/2797 2791/2791/2791 2798/2798/2798
f 2799/2799/2799 2801/2801/2801 2800/2800/2800
f 2802/2802/2802 2799/2799/2799 2800/2800/2800
f 2800/2800/2800 2801/2801/2801 2803/2803/2803
f 2804/2804/2804 2802/2802/2802 2800/2800/2800
f 2805/2805/2805 2800/2800/2800 2803/2803/2803
f 2806/2806/2806 2804/2804/2804 2800/2800/2800
f 2800/2800/2800 2805/2805/2805 2807/2807/2807
f 2806/2806/2806 2800/2800/2800 2807/2807/2807
f 2808/2808/2808 2810/2810/2810 2809/2809/2809
f 2808/2808/2808 2811/2811/2811 2810/2810/2810
f 2812/2812/2812 2808/2808/2808 2809/2809/2809
f 2808/2808/2808 2813/2813/2813 2811/2811/2811
f 2812/2812/2812 2814/2814/2814 2808/2808/2808
f 2808/2808/2808 2815/2815/2815 2813/2813/2813
f 2816/2816/2816 2808/2808/2808 2814/2814/2814
f 2816/2816/2816 2815/2815/2815 2808/2808/2808
f 2817/2817/2817 2819/2819/2819 2818/2818/2818
f 2820/2820/2820 2817/2817/2817 2818/2818/2818
f 2821/2821/2821 2819/2819/2819 2817/2817/2817
f 2822/2822/2822 2817/2817/2817 2820/2820/2820
f 2821/2821/2821 2817/2817/2817 2823/2823/2823
f 2822/2822/2822 2823/2823/2823 2817/2817/2817
f 2824/2824/2824 2826/2826/2826 2825/2825/2825
f 2827/2827/2827 2824/2824/2824 2825/2825/2825
f 2825/2825/2825 2826/2826/2826 2828/2828/2828
f 2829/2829/2829 2827/2827/2827 2825/2825/2825
f 2830/2830/2830 2825/2825/2825 2828/2828/2828
f 2831/2831/2831 2829/2829/2829 2825/2825/2825
f 2825/2825/2825 2830/2830/2830 2832/2832/2832
f 2831/2831/2831 2825/2825/2825 2832/2832/2832
f 2833/2833/2833 2835/2835/2835 2834/2834/2834
f 2833/2833/2833 2836/2836/2836 2835/2835/2835
f 2837/2837/2837 2833/2833/2833 2834/2834/2834
f 2833/2833/2833 2838/2838/2838 2836/2836/2836
f 2837/2837/2837 2839/2839/2839 2833/2833/2833
f 2833/2833/2833 2840/2840/2840 2838/2838/2838
f 2841/2841/2841 2833/2833/2833 2839/2839/2839
f 2841/2841/2841 2840/2840/2840 2833/2833/2833
f 2842/2842/2842 2844/2844/2844 2843/2843/2843
f 2845/2845/2845 2842/2842/2842 2843/2843/2843
f 2843/2843/2843 2844/2844/2844 2846/2846/2846
f 2847/2847/2847 2845/2845/2845 2843/2843/2843
f 2848/2848/2848 2843/2843/2843 2846/2846/2846
f 2849/2849/2849 2847/2847/2847 2843/2843/2843
f 2843/2843/2843 2848/2848/2848 2850/2850/2850
f 2849/2849/2849 2843/2843/2843 2850/2850/2850
f 2851/2851/2851 2853/2853/2853 2852/2852/2852
f 2854/2854/2854 2851/2851/2851 2852/2852/2852
f 2852/2852/2852 2853/2853/2853 2855/2855/2855
f 2856/2856/2856 2854/2854/2854 2852/2852/2852
f 2857/2857/2857 2852/2852/2852 2855/2855/2855
f 2858/2858/2858 2856/2856/2856 2852/2852/2852
f 2852/2852/2852 2857/2857/2857 2859/2859/2859
f 2858/2858/2858 2852/2852/2852 2859/2859/2859
f 2860/2860/2860 2862/2862/2862 2861/2861/2861
f 2863/2863/2863 2860/2860/2860 2861/2861/2861
f 2861/2861/2861 2862/2862/2862 2864/2864/2864
f 2865/2865/2865 2863/2863/2863 2861/2861/2861
f 2866/2866/2866 2861/2861/2861 2864/2864/2864
f 2867/2867/2867 2865/2865/2865 2861/2861/2861
f 2861/2861/2861 2866/2866/2866 2868/2868/2868
f 2867/2867/2867 2861/2861/2861 2868/2868/2868
f 2869/2869/2869 2871/2871/2871 2870/2870/2870
f 2869/2869/2869 2872/2872/2872 2871/2871/2871
f 2873/2873/2873 2869/2869/2869 2870/2870/2870
f 2869/2869/2869 2874/2874/2874 2872/2872/2872
f 2873/2873/2873 2875/2875/2875 2869/2869/2869
f 2869/2869/2869 2876/2876/2876 2874/2874/2874
f 2877/2877/2877 2869/2869/2869 2875/2875/2875
f 2877/2877/2877 2876/2876/2876 2869/2869/2869
f 2878/2878/2878 2880/2880/2880 2879/2879/2879
f 2881/2881/2881 2878/2878/2878 2879/2879/2879
f 2882/2882/2882 2880/2880/2880 2878/2878/2878
f 2883/2883/2883 2878/2878/2878 2881/2881/2881
f 2882/2882/2882 2878/2878/2878 2884/2884/2884
f 2883/2883/2883 2884/2884/2884 2878/2878/2878
f 2885/2885/2885 2887/2887/2887 2886/2886/2886
f 2885/2885/2885 2886/2886/2886 2888/2888/2888
f 2889/2889/2889 2887/2887/2887 2885/2885/2885
f 2885/2885/2885 2888/2888/2888 2890/2890/2890
f 2889/2889/2889 2885/2885/2885 2891/2891/2891
f 2885/2885/2885 2890/2890/2890 2892/2892/2892
f 2893/2893/2893 2891/2891/2891 2885/2885/2885
f 2893/2893/2893 2885/2885/2885 2892/2892/2892
f 2894/2894/2894 2896/2896/2896 2895/2895/2895
f 2894/2894/2894 2897/2897/2897 2896/2896/2896
f 2898/2898/2898 2894/2894/2894 2895/2895/2895
f 2894/2894/2894 2899/2899/2899 2897/2897/2897
f 2898/2898/2898 2900/2900/2900 2894/2894/2894
f 2894/2894/2894 2901/2901/2901 2899/2899/2899
f 2902/2902/2902 2894/2894/2894 2900/2900/2900
f 2902/2902/2902 2901/2901/2901 2894/2894/2894
f 2903/2903/2903 2905/2905/2905 2904/2904/2904
f 2906/2906/2906 2903/2903/2903 2904/2904/2904
f 2904/2904/2904 2905/2905/2905 2907/2907/2907
f 2908/2908/2908 2906/2906/2906 2904/2904/2904
f 2909/2909/2909 2904/2904/2904 2907/2907/2907
f 2910/2910/2910 2908/2908/2908 2904/2904/2904
f 2904/2904/2904 2909/2909/2909 2911/2911/2911
f 2910/2910/2910 2904/2904/2904 2911/2911/2911
f 2912/2912/2912 2914/2914/2914 2913/2913/2913
f 2915/2915/2915 2912/2912/2912 2913/2913/2913
f 2916/2916/2916 2914/2914/2914 2912/2912/2912
f 2917/2917/2917 2912/2912/2912 2915/2915/2915
f 2916/2916/2916 2912/2912/2912 2918/2918/2918
f 2917/2917/2917 2918/2918/2918 2912/2912/2912
f 2919/2919/2919 2921/2921/2921 2920/2920/2920
f 2919/2919/2919 2920/2920/2920 2922/2922/2922
f 2923/2923/2923 2921/2921/2921 2919/2919/2919
f 2919/2919/2919 2922/2922/2922 2924/2924/2924
f 2923/2923/2923 2919/2919/2919 2925/2925/2925
f 2919/2919/2919 2924/2924/2924 2926/2926/2926
f 2927/2927/2927 2925/2925/2925 2919/2919/2919
f 2927/2927/2927 2919/2919/2919 2926/2926/2926
f 2928/2928/2928 2930/2930/2930 2929/2929/2929
f 2931/2931/2931 2928/2928/2928 2929/2929/2929
f 2932/2932/2932 2930/2930/2930 2928/2928/2928
f 2933/2933/2933 2928/2928/2928 2931/2931/2931
f 2932/2932/2932 2928/2928/2928 2934/2934/2934
f 2933/2933/2933 2934/2934/2934 2928/2928/2928
f 2935/2935/2935 2937/2937/2937 2936/2936/2936
f 2938/2938/2938 2935/2935/2935 2936/2936/2936
f 2936/2936/2936 2937/2937/2937 2939/2939/2939
f 2940/2940/2940 2938/2938/2938 2936/2936/2936
f 2941/2941/2941 2936/2936/2936 2939/2939/2939
f 2942/2942/2942 2940/2940/2940 2936/2936/2936
f 2936/2936/2936 2941/2941/2941 2943/2943/2943
f 2942/2942/2942 2936/2936/2936 2943/2943/2943
f 2944/2944/2944 2946/2946/2946 2945/2945/2945
f 2947/2947/2947 2944/2944/2944 2945/2945/2945
f 2948/2948/2948 2946/2946/2946 2944/2944/2944
f 2949/2949/2949 2944/2944/2944 2947/2947/2947
f 2948/2948/2948 2944/2944/2944 2950/2950/2950
f 2949/2949/2949 2950/2950/2950 2944/2944/2944
