mtllib P_PineDead03.mtl
v 0.4371648 18.19213 -0.009053833 0 0.6078432 0
v 0.4877 18.18738 0.04490887 0 0.6078432 0
v 0.191498 17.94926 0.3742713 0 0.4745098 0
v 0.4317024 18.11826 -0.01042829 0 0 0
v 0.4371648 18.19213 -0.009053833 0 0.6078432 0
v 0.191498 17.94926 0.3742713 0 0.4745098 0
v 0.4822378 18.11351 0.04353441 0 0 0
v 0.4317024 18.11826 -0.01042829 0 0 0
v 0.191498 17.94926 0.3742713 0 0.4745098 0
v 0.4877 18.18738 0.04490887 0 0.6078432 0
v 0.4822378 18.11351 0.04353441 0 0 0
v 0.191498 17.94926 0.3742713 0 0.4745098 0
v -3.615982 2.558245 -0.504566 0 0.1411765 0
v -3.604525 2.519287 -0.4854095 0 0 0
v -3.758969 2.37758 -0.7338449 0 0 0
v -3.567824 2.517395 -0.5112035 0 0 0
v -3.758969 2.37758 -0.7338449 0 0 0
v -3.57928 2.556353 -0.5303609 0 0.1411765 0
v -3.758969 2.37758 -0.7338449 0 0 0
v -3.615982 2.558245 -0.504566 0 0.1411765 0
v -3.758969 2.37758 -0.7338449 0 0 0
v -1.981802 3.234196 -0.6883334 0 0.7137255 0
v -2.028645 3.223163 -0.6930289 0 0.7058824 0
v -1.982824 3.243774 -0.9496011 0 0 0
v -2.017061 3.176633 -0.699254 0 0 0
v -1.982824 3.243774 -0.9496011 0 0 0
v -1.970219 3.187665 -0.6945586 0 0 0
v -1.982824 3.243774 -0.9496011 0 0 0
v -1.981802 3.234196 -0.6883334 0 0.7137255 0
v -1.982824 3.243774 -0.9496011 0 0 0
v 1.224443 1.81757 -2.204909 0 0.4784314 0
v 1.235875 1.799663 -2.201091 0 0 0
v 1.23955 1.766688 -2.427853 0 0 0
v 1.242753 1.828758 -2.207266 0 0.4784314 0
v 1.224443 1.81757 -2.204909 0 0.4784314 0
v 1.23955 1.766688 -2.427853 0 0 0
v 1.254186 1.81085 -2.203449 0 0 0
v 1.242753 1.828758 -2.207266 0 0.4784314 0
v 1.23955 1.766688 -2.427853 0 0 0
v 1.235875 1.799663 -2.201091 0 0 0
v 1.254186 1.81085 -2.203449 0 0 0
v 1.23955 1.766688 -2.427853 0 0 0
v 2.468834 1.828733 -1.278925 0 0.4823529 0
v 2.459163 1.790431 -1.283048 0 0 0
v 2.60902 1.750626 -1.073448 0 0 0
v 2.439106 1.833449 -1.253011 0 0.4823529 0
v 2.468834 1.828733 -1.278925 0 0.4823529 0
v 2.60902 1.750626 -1.073448 0 0 0
v 2.429435 1.795148 -1.257134 0 0 0
v 2.439106 1.833449 -1.253011 0 0.4823529 0
v 2.60902 1.750626 -1.073448 0 0 0
v 2.459163 1.790431 -1.283048 0 0 0
v 2.429435 1.795148 -1.257134 0 0 0
v 2.60902 1.750626 -1.073448 0 0 0
v 2.56233 1.71173 -2.400846 0 0.4196078 0
v 2.54282 1.712381 -2.405343 0 0.4196078 0
v 2.613976 1.434732 -2.572247 0 0 0
v -0.4907238 16.17057 -1.075855 0 0 0
v -0.4981358 16.15733 -1.058973 0 0 0
v -0.5980811 16.01742 -1.227813 0 0 0
v -0.4721081 16.15772 -1.077756 0 0 0
v -0.4907238 16.17057 -1.075855 0 0 0
v -0.5980811 16.01742 -1.227813 0 0 0
v -0.47952 16.14448 -1.060873 0 0 0
v -0.4721081 16.15772 -1.077756 0 0 0
v -0.5980811 16.01742 -1.227813 0 0 0
v -0.4981358 16.15733 -1.058973 0 0 0
v -0.47952 16.14448 -1.060873 0 0 0
v -0.5980811 16.01742 -1.227813 0 0 0
v -0.205107 12.07044 2.425817 0 0.6352941 0
v -0.1750872 12.05202 2.414316 0 0.6392157 0
v 0.02350044 12.18285 2.74016 0 0.6313726 0
v -0.1866031 12.02179 2.435791 0 0 0
v 0.02350044 12.18285 2.74016 0 0.6313726 0
v -0.2166228 12.04021 2.447291 0 0.6352941 0
v 0.02350044 12.18285 2.74016 0 0.6313726 0
v -0.205107 12.07044 2.425817 0 0.6352941 0
v 0.02350044 12.18285 2.74016 0 0.6313726 0
v -1.8847 6.879133 -1.334535 0 0.5568628 0
v -1.876968 6.867938 -1.302293 0 0.5686275 0
v -2.143693 7.10145 -1.162688 0 0.372549 0
v -1.903367 6.842713 -1.305709 0 0 0
v -2.143693 7.10145 -1.162688 0 0.372549 0
v -1.911099 6.853908 -1.337951 0 0 0
v -2.143693 7.10145 -1.162688 0 0.372549 0
v -1.8847 6.879133 -1.334535 0 0.5568628 0
v -2.143693 7.10145 -1.162688 0 0.372549 0
v -0.05471683 -0.6936365 0.4376251 0 0.7647059 0
v -0.3683803 -0.6936365 0.3077013 0 0.8784314 0
v -0.3439703 0.1694321 0.2833378 0 0.8509804 0
v -0.0547688 0.1614882 0.403118 0 0.7529412 0
v 0.2589469 -0.6936365 0.3077015 0 0.9254902 0
v -0.2735295 1.290515 0.2863442 0 0.6705883 0
v 0.2344634 0.1564883 0.2832646 0 0.8627451 0
v 0.3888707 -0.6936366 -0.005962176 0 0.9098039 0
v -0.007190704 1.295714 0.3968814 0 0.5607843 0
v -0.378374 2.551509 0.2904188 0 0.6980392 0
v 0.3542976 0.1573599 -0.006014391 0 0.854902 0
v 0.2589469 -0.6936367 -0.3196256 0 0.8980392 0
v 0.2591684 1.305811 0.2867314 0 0.6078432 0
v -0.1346126 2.567992 0.391855 0 0.6509804 0
v -0.3862259 3.849681 0.2068973 0 0.4078431 0
v 0.2345369 0.1635928 -0.2952624 0 0.9176471 0
v -0.05471659 -0.6936367 -0.4495495 0 0.9215686 0
v 0.3695175 1.314887 0.02041827 0 0.5333334 0
v 0.1094964 2.581697 0.2908413 0 0.6705883 0
v -0.16396 3.841204 0.2997726 0 0.4156863 0
v -0.06727099 6.323445 0.1838511 0 0.427451 0
v -0.05466485 0.1715375 -0.4150429 0 0.9294118 0
v -0.3683803 -0.6936367 -0.3196256 0 0.8235294 0
v 0.2592163 1.317631 -0.246055 0 0.4352941 0
v 0.2109571 2.584594 0.0465505 0 0.4509804 0
v 0.05863594 3.828198 0.2082206 0 0.4666667 0
v 0.1327496 6.306634 0.2679063 0 0.4156863 0
v 0.1095447 8.718826 0.05839924 0 0.1254902 0
v -0.3438969 0.1765385 -0.2951894 0 0.8156863 0
v -0.4983041 -0.6936366 -0.005962176 0 0.8941177 0
v -0.007122993 1.312436 -0.3565921 0 0.4862745 0
v 0.1103349 2.574986 -0.1979158 0 0.4392157 0
v 0.1511681 3.818283 -0.01412881 0 0.3058824 0
v 0.3331141 6.286388 0.1854426 0 0.5647059 0
v 0.2861705 8.707623 0.1232156 0 0.1647059 0
v 0.06376505 10.84901 0.03042606 0 0.3529412 0
v -0.463731 0.1756666 -0.005910446 0 0.9176471 0
v -0.3683803 -0.6936365 0.3077013 0 0.8784314 0
v -0.3439703 0.1694321 0.2833378 0 0.8509804 0
v -0.2734818 1.302345 -0.2464422 0 0.4078431 0
v -0.383831 1.293264 0.01987111 0 0.6470588 0
v -0.2735295 1.290515 0.2863442 0 0.6705883 0
v 0.2205679 10.85315 0.09578661 0 0.1882353 0
v 0.01296568 12.96694 0.09523216 0 0.3803922 0
v 0.465342 8.702222 0.04861599 0 0.1647059 0
v -0.1334267 2.558503 -0.2993519 0 0.4235294 0
v -0.4789962 2.541902 0.04595303 0 0.6392157 0
v -0.378374 2.551509 0.2904188 0 0.6980392 0
v -0.3775358 2.544799 -0.1983383 0 0.1764706 0
v 0.1466007 12.96604 0.1508004 0 0.5215687 0
v 0.08927749 14.96594 0.0962773 0 0.6196079 0
v 0.05943251 3.817266 -0.2370268 0 0.3176471 0
v -0.4779615 3.848664 -0.0160004 0 0.3921569 0
v -0.3862259 3.849681 0.2068973 0 0.4078431 0
v -0.1628337 3.825743 -0.3299018 0 0.2862745 0
v -0.3854296 3.838749 -0.23835 0 0 0
v 0.4164519 6.274568 -0.01523457 0 0.4392157 0
v -0.1497781 6.326974 -0.01748502 0 0.5372549 0
v -0.06727099 6.323445 0.1838511 0 0.427451 0
v 0.3339445 6.278097 -0.2165707 0 0.4980392 0
v 0.133924 6.294909 -0.3006257 0 0.4941176 0
v -0.06644058 6.315154 -0.2181619 0 0.372549 0
v 0.542142 8.705943 -0.1215456 0 0.1411765 0
v 0.03721177 8.722251 -0.1147382 0 0 0
v 0.1095447 8.718826 0.05839924 0 0.1254902 0
v 0.4701177 8.710629 -0.2934486 0 0 0
v 0.2912786 8.712792 -0.3671213 0 0 0
v 0.1119103 8.717392 -0.2933069 0 0 0
v 0.3775751 10.85962 0.03110913 0 0.1764706 0
v -0.0009806155 10.84962 -0.1266853 0 0.3843137 0
v 0.06376505 10.84901 0.03042606 0 0.3529412 0
v 0.4428138 10.86463 -0.1257193 0 0.1254902 0
v 0.3780682 10.86525 -0.2828304 0 0.1529412 0
v 0.2212653 10.86111 -0.348191 0 0.3647059 0
v 0.0642581 10.85464 -0.2835132 0 0.3882353 0
v 0.28039 12.96816 0.09563747 0 0.4509804 0
v -0.04223346 12.97033 -0.03851589 0 0.2901961 0
v 0.01296568 12.96694 0.09523216 0 0.3803922 0
v 0.3359613 12.97205 -0.03794225 0 0.2705882 0
v 0.2807622 12.97544 -0.1716903 0 0.1647059 0
v 0.1471272 12.97634 -0.2272585 0 0.1529412 0
v 0.01333785 12.97422 -0.1720961 0 0.1764706 0
v 0.1980426 14.95953 0.1414643 0 0.5843138 0
v 0.3189411 17.09419 0.05567926 0 0.4784314 0
v 0.04430652 14.96932 -0.01271432 0 0.627451 0
v 0.08927749 14.96594 0.0962773 0 0.6196079 0
v 0.3068891 14.95382 0.09637673 0 0.4156863 0
v 0.3804874 17.08914 0.08128328 0 0.4745098 0
v 0.4142415 18.36723 0.04190308 0 0.509804 0
v 0.08947347 14.96767 -0.1216644 0 0.4862745 0
v 0.1983199 14.96197 -0.1667523 0 0.3490196 0
v 0.2934675 17.0963 -0.006091172 0 0.4784314 0
v 0.3189411 17.09419 0.05567926 0 0.4784314 0
v 0.352056 14.95218 -0.01257365 0 0.4156863 0
v 0.307085 14.95555 -0.1215653 0 0.5019608 0
v 0.3189893 17.09425 -0.06784444 0 0 0
v 0.3935661 18.36877 -0.008200106 0 0.509804 0
v 0.4142415 18.36723 0.04190308 0 0.509804 0
v 0.471252 18.41808 -0.007708023 0 0.4705882 0
v 0.4142797 18.36727 -0.05828898 0 0.3372549 0
v 0.471252 18.41808 -0.007708023 0 0.4705882 0
v 0.3805556 17.08923 -0.09340577 0 0.282353 0
v 0.4642487 18.3636 -0.07902186 0 0.3490196 0
v 0.471252 18.41808 -0.007708023 0 0.4705882 0
v 0.4421022 17.08418 -0.06780153 0 0.254902 0
v 0.5142021 18.35992 -0.05825369 0 0.3529412 0
v 0.471252 18.41808 -0.007708023 0 0.4705882 0
v 0.4675755 17.08207 -0.006030849 0 0.2156863 0
v 0.5348778 18.35838 -0.008150511 0 0.3529412 0
v 0.471252 18.41808 -0.007708023 0 0.4705882 0
v 0.4420538 17.08412 0.05572218 0 0.5019608 0
v 0.5141642 18.35989 0.04193837 0 0.5137255 0
v 0.471252 18.41808 -0.007708023 0 0.4705882 0
v 0.464195 18.36355 0.06267125 0 0.5176471 0
v 0.471252 18.41808 -0.007708023 0 0.4705882 0
v 0.471252 18.41808 -0.007708023 0 0.4705882 0
v 0.4106586 16.4818 -0.01262558 0 0.1254902 0
v 0.3333499 16.36052 -0.05087455 0 0 0
v 0.508445 16.15664 0.3587953 0 0 0
v 0.5545968 16.24513 0.3706254 0 0.1960784 0
v 0.3004432 16.53533 0.07189808 0 0.2666667 0
v 0.8027916 16.08042 1.197655 0 0 0
v 0.4757943 16.28591 0.4178711 0 0.2156863 0
v 0.2231343 16.41405 0.0336491 0 0.1882353 0
v 0.8320507 16.13355 1.207608 0 0.4901961 0
v 0.8665352 15.97889 1.428065 0 0 0
v 0.4296424 16.19742 0.4060411 0 0.09019608 0
v 0.3333499 16.36052 -0.05087455 0 0 0
v 0.508445 16.15664 0.3587953 0 0 0
v 0.7832283 16.15908 1.234821 0 0.4862745 0
v 0.8665352 15.97889 1.428065 0 0 0
v 0.7539694 16.10595 1.224867 0 0 0
v 0.8665352 15.97889 1.428065 0 0 0
v 0.8027916 16.08042 1.197655 0 0 0
v 0.8665352 15.97889 1.428065 0 0 0
v 0.1275155 14.96949 -0.09885543 0 0 0
v 0.08428858 15.10368 -0.08421704 0 0.6039216 0
v -0.4400804 14.8973 0.06921968 0 0.7058824 0
v -0.383781 14.80414 0.05166876 0 0 0
v 0.1637876 14.96504 0.02962715 0 0 0
v -1.118747 14.11393 0.2892836 0 0.7254902 0
v -0.3537269 14.80158 0.1512939 0 0 0
v 0.1205602 15.09923 0.04426577 0 0.5960785 0
v -1.073134 14.0487 0.2754363 0 0 0
v -1.722474 13.80151 0.3461951 0 0.5607843 0
v -0.4100266 14.89473 0.1688448 0 0.7098039 0
v 0.08428858 15.10368 -0.08421704 0 0.6039216 0
v -0.4400804 14.8973 0.06921968 0 0.7058824 0
v -1.056664 14.04284 0.3497604 0 0 0
v -1.693029 13.76312 0.3378026 0 0 0
v -2.301506 13.12801 0.01235758 0 0 0
v -1.102277 14.10809 0.3636075 0 0.7254902 0
v -1.118747 14.11393 0.2892836 0 0.7254902 0
v -1.694821 13.75078 0.3828093 0 0 0
v -2.301506 13.12801 0.01235758 0 0 0
v -1.724265 13.78917 0.3912019 0 0.5607843 0
v -2.301506 13.12801 0.01235758 0 0 0
v -1.722474 13.80151 0.3461951 0 0.5607843 0
v -2.301506 13.12801 0.01235758 0 0 0
v 0.2163551 14.84227 -0.1268362 0 0.6745098 0
v 0.1748307 14.73927 -0.139604 0 0.4431373 0
v 0.5034721 14.68322 -0.6189293 0 0.2588235 0
v 0.5492138 14.76234 -0.6260046 0 0.772549 0
v 0.3038208 14.85579 -0.07218065 0 0.654902 0
v 0.7462444 14.36023 -0.9118683 0 0.0627451 0
v 0.6209964 14.77346 -0.5810646 0 0.772549 0
v 0.3497624 14.76632 -0.03029239 0 0.5294118 0
v 0.7853424 14.42109 -0.9212773 0 0.7176471 0
v 0.9544442 14.26311 -1.193059 0 0 0
v 0.647037 14.70548 -0.5290493 0 0.7607843 0
v 0.3082378 14.66332 -0.04306015 0 0 0
v 0.8426105 14.42995 -0.8854783 0 0.7137255 0
v 0.9785928 14.3117 -1.191613 0 0.5411765 0
v 1.125023 14.22374 -1.672331 0 0.1098039 0
v 0.6012955 14.62637 -0.5219739 0 0 0
v 0.220772 14.64979 -0.09771618 0 0 0
v 0.8607806 14.37793 -0.8402708 0 0.5803922 0
v 1.024402 14.31591 -1.17082 0 0.5411765 0
v 1.140497 14.25302 -1.672821 0 0.1098039 0
v 1.497293 13.9768 -1.978141 0 0 0
v 0.5295128 14.61524 -0.5669139 0 0 0
v 0.1748307 14.73927 -0.139604 0 0.4431373 0
v 0.5034721 14.68322 -0.6189293 0 0.2588235 0
v 0.8216824 14.31707 -0.8308623 0 0 0
v 0.7644143 14.30822 -0.8666608 0 0 0
v 0.7462444 14.36023 -0.9118683 0 0.0627451 0
v 1.046062 14.27154 -1.151473 0 0.2352941 0
v 1.16707 14.2563 -1.657564 0 0.1254902 0
v 1.497293 13.9768 -1.978141 0 0 0
v 1.021914 14.22295 -1.152919 0 0 0
v 0.9761045 14.21873 -1.173712 0 0 0
v 0.9544442 14.26311 -1.193059 0 0 0
v 1.178169 14.2303 -1.641818 0 0.1254902 0
v 1.497293 13.9768 -1.978141 0 0 0
v 1.162695 14.20102 -1.641329 0 0 0
v 1.497293 13.9768 -1.978141 0 0 0
v 1.136122 14.19775 -1.656586 0 0 0
v 1.497293 13.9768 -1.978141 0 0 0
v 1.125023 14.22374 -1.672331 0 0.1098039 0
v 1.497293 13.9768 -1.978141 0 0 0
v 0.1179204 12.93098 0.03702908 0 0.4784314 0
v 0.2513161 12.86833 0.04893989 0 0.4705882 0
v 0.1272185 12.78357 0.6950551 0 0.7333333 0
v 0.009472845 12.82371 0.7328631 0 0.7411765 0
v 0.006601455 12.84878 0.00962152 0 0.3647059 0
v 0.3795132 12.29297 1.106953 0 0.7019608 0
v -0.08829236 12.75113 0.710088 0 0.6313726 0
v 0.02867814 12.70391 -0.005875005 0 0 0
v 0.2854993 12.31445 1.156659 0 0.7215686 0
v 0.4565582 11.87226 1.758432 0 0.6509804 0
v -0.06831217 12.63841 0.6495044 0 0 0
v 0.1620738 12.64126 0.006035807 0 0 0
v 0.2032294 12.25534 1.135302 0 0.6509804 0
v 0.3767471 11.90343 1.776228 0 0.6509804 0
v 0.4209542 11.69694 2.314324 0 0.6588235 0
v 0.04943346 12.59826 0.611696 0 0 0
v 0.2733928 12.72347 0.03344315 0 0.3372549 0
v 0.2149732 12.17474 1.064238 0 0 0
v 0.3104047 11.85625 1.758385 0 0.6509804 0
v 0.3659542 11.72991 2.301986 0 0.6588235 0
v 0.05222631 11.55556 2.680565 0 0.6470588 0
v 0.1471987 12.67085 0.6344714 0 0.4980392 0
v 0.2513161 12.86833 0.04893989 0 0.4705882 0
v 0.1272185 12.78357 0.6950551 0 0.7333333 0
v 0.3089871 12.15326 1.014531 0 0 0
v 0.391257 12.21237 1.035889 0 0.3686275 0
v 0.3795132 12.29297 1.106953 0 0.7019608 0
v 0.323874 11.77791 1.722746 0 0 0
v 0.3193896 11.70099 2.272163 0 0.6588235 0
v 0.01841807 11.57559 2.673373 0 0.6470588 0
v -0.03433204 11.26035 3.087912 0 0 0
v 0.4036851 11.74675 1.70495 0 0 0
v 0.4700274 11.79392 1.722793 0 0 0
v 0.4565582 11.87226 1.758432 0 0.6509804 0
v 0.3278248 11.63909 2.254679 0 0 0
v -0.00794363 11.55978 2.650467 0 0.6470588 0
v -0.03433204 11.26035 3.087912 0 0 0
v 0.3828249 11.60612 2.267018 0 0 0
v 0.4293895 11.63504 2.29684 0 0 0
v 0.4209542 11.69694 2.314324 0 0.6588235 0
v -0.0004973411 11.52396 2.634754 0 0 0
v -0.03433204 11.26035 3.087912 0 0 0
v 0.03331089 11.50393 2.641946 0 0 0
v -0.03433204 11.26035 3.087912 0 0 0
v 0.05967259 11.51973 2.664852 0 0 0
v -0.03433204 11.26035 3.087912 0 0 0
v 0.05222631 11.55556 2.680565 0 0.6470588 0
v -0.03433204 11.26035 3.087912 0 0 0
v 0.1732357 5.931397 -0.1757572 0 0.5647059 0
v 0.04456806 5.912972 -0.2286336 0 0.4588235 0
v 0.4705598 6.021728 -1.194431 0 0.2941177 0
v 0.5623507 6.036456 -1.136881 0 0.3764706 0
v 0.2573965 5.811554 -0.1419713 0 0.572549 0
v 1.373536 5.643603 -2.229368 0 0.6627451 0
v 0.6198173 5.943487 -1.095024 0 0.3960784 0
v 0.2128897 5.673285 -0.1610629 0 0.427451 0
v 1.430511 5.658995 -2.175262 0 0.6627451 0
v 2.240866 4.797137 -2.65807 0 0.1411765 0
v 0.5854926 5.835788 -1.110716 0 0.1960784 0
v 0.08422184 5.65486 -0.2139394 0 0 0
v 1.448019 5.60174 -2.116228 0 0.6627451 0
v 2.259394 4.818232 -2.618162 0 0.1411765 0
v 3.093992 4.266904 -2.407959 0 0 0
v 0.4937015 5.821061 -1.168266 0 0 0
v 6.103516E-05 5.774703 -0.2477242 0 0 0
v 1.408552 5.529094 -2.111301 0 0 0
v 2.251125 4.797204 -2.574037 0 0.1411765 0
v 3.093992 4.266904 -2.407959 0 0 0
v 0.4362352 5.914031 -1.210123 0 0 0
v 0.04456806 5.912972 -0.2286336 0 0.4588235 0
v 0.4705598 6.021728 -1.194431 0 0.2941177 0
v 1.351577 5.513702 -2.165407 0 0 0
v 2.224326 4.755083 -2.56982 0 0 0
v 3.093992 4.266904 -2.407959 0 0 0
v 1.334069 5.570957 -2.224441 0 0 0
v 1.373536 5.643603 -2.229368 0 0.6627451 0
v 2.205797 4.733988 -2.609728 0 0 0
v 3.093992 4.266904 -2.407959 0 0 0
v 2.214067 4.755015 -2.653853 0 0 0
v 3.093992 4.266904 -2.407959 0 0 0
v 2.240866 4.797137 -2.65807 0 0.1411765 0
v 3.093992 4.266904 -2.407959 0 0 0
v 0.01465607 11.65968 -0.00692315 0 0.4196078 0
v 0.06532431 11.55421 -0.06179134 0 0 0
v -0.3533542 11.58976 -0.4806747 0 0 0
v -0.3949599 11.67943 -0.4329152 0 0.5450981 0
v 0.05427312 11.78545 -0.04835271 0 0.3960784 0
v -0.90504 11.47555 -0.7130988 0 0 0
v -0.3761892 11.78558 -0.4800019 0 0.5411765 0
v 0.1445584 11.80574 -0.14465 0 0.3764706 0
v -0.9425184 11.54978 -0.6743983 0 0.6156863 0
v -1.653592 11.08264 -0.8054988 0 0 0
v -0.3158126 11.80208 -0.5748477 0 0.5490196 0
v 0.1952267 11.70027 -0.1995186 0 0 0
v -0.955209 11.63109 -0.7264779 0 0.6196079 0
v -1.702465 11.13208 -0.7814734 0 0.5921569 0
v -2.11388 10.61586 -1.370171 0 0 0
v -0.2742068 11.71241 -0.6226067 0 0.3647059 0
v 0.1556096 11.57451 -0.1580891 0 0 0
v -0.9304211 11.63818 -0.8172578 0 0.627451 0
v -1.719552 11.19375 -0.8260115 0 0.5960785 0
v -2.137822 10.65817 -1.344563 0 0 0
v -2.680898 10.86847 -1.589836 0 0 0
v -0.2929775 11.60625 -0.57552 0 0 0
v 0.06532431 11.55421 -0.06179134 0 0 0
v -0.3533542 11.58976 -0.4806747 0 0 0
v -0.8929427 11.56395 -0.8559584 0 0.4470588 0
v -0.8802521 11.48263 -0.8038791 0 0 0
v -0.90504 11.47555 -0.7130988 0 0 0
v -1.687768 11.20597 -0.8945744 0 0.6078432 0
v -2.130961 10.71267 -1.365746 0 0.5411765 0
v -2.690723 10.8945 -1.57098 0 0.4039216 0
v -3.244874 10.71457 -2.148647 0 0.1411765 0
v -1.621808 11.09487 -0.8740619 0 0 0
v -1.653592 11.08264 -0.8054988 0 0 0
v -1.638896 11.15653 -0.9185998 0 0.4117647 0
v -2.100159 10.72486 -1.412536 0 0.5490196 0
v -2.682171 10.92797 -1.581058 0 0.4117647 0
v -3.244874 10.71457 -2.148647 0 0.1411765 0
v -2.083078 10.62806 -1.416961 0 0 0
v -2.11388 10.61586 -1.370171 0 0 0
v -2.076217 10.68255 -1.438144 0 0 0
v -2.663795 10.93542 -1.609991 0 0.4156863 0
v -3.244874 10.71457 -2.148647 0 0.1411765 0
v -2.65397 10.90939 -1.628846 0 0.4117647 0
v -3.244874 10.71457 -2.148647 0 0.1411765 0
v -2.662521 10.87592 -1.618769 0 0 0
v -3.244874 10.71457 -2.148647 0 0.1411765 0
v -2.680898 10.86847 -1.589836 0 0 0
v -3.244874 10.71457 -2.148647 0 0.1411765 0
v 0.2283294 10.96383 -0.09241079 0 0 0
v 0.2803254 11.09945 -0.01291636 0 0.1882353 0
v 1.286035 10.74368 -0.60239 0 0 0
v 1.199231 10.64373 -0.6327826 0 0 0
v 0.1548309 10.98274 -0.2290599 0 0 0
v 1.483004 10.18746 -1.342765 0 0 0
v 1.11036 10.66662 -0.722437 0 0 0
v 0.1333289 11.13726 -0.2862141 0 0.3960784 0
v 1.409338 10.11074 -1.362088 0 0 0
v 1.962734 10.04979 -1.593001 0 0 0
v 1.108293 10.78948 -0.7816983 0 0.5058824 0
v 0.1853249 11.27288 -0.2067197 0 0.3921569 0
v 1.341432 10.12701 -1.436858 0 0 0
v 1.923841 9.985189 -1.621628 0 0 0
v 2.325562 9.966779 -2.072896 0 0 0
v 1.195098 10.88944 -0.7513058 0 0.5019608 0
v 0.2588232 11.25397 -0.07007058 0 0.3568628 0
v 1.347193 10.21999 -1.492304 0 0.3490196 0
v 1.879313 9.994407 -1.682403 0 0 0
v 2.296427 9.929622 -2.08635 0 0 0
v 2.925898 9.419271 -2.294974 0 0 0
v 1.283969 10.86654 -0.6616513 0 0.4901961 0
v 0.2803254 11.09945 -0.01291636 0 0.1882353 0
v 1.286035 10.74368 -0.60239 0 0 0
v 1.420858 10.29671 -1.472981 0 0.3686275 0
v 1.488764 10.28045 -1.398211 0 0.3803922 0
v 1.483004 10.18746 -1.342765 0 0 0
v 1.873677 10.06822 -1.714549 0 0.0627451 0
v 2.271671 9.934232 -2.125234 0 0 0
v 2.925898 9.419271 -2.294974 0 0 0
v 1.912569 10.13282 -1.685923 0 0.09019608 0
v 1.957097 10.1236 -1.625148 0 0.09019608 0
v 1.962734 10.04979 -1.593001 0 0 0
v 2.276052 9.976001 -2.150662 0 0 0
v 2.925898 9.419271 -2.294974 0 0 0
v 2.305187 10.01316 -2.137207 0 0 0
v 2.925898 9.419271 -2.294974 0 0 0
v 2.329942 10.00855 -2.098324 0 0 0
v 2.925898 9.419271 -2.294974 0 0 0
v 2.325562 9.966779 -2.072896 0 0 0
v 2.925898 9.419271 -2.294974 0 0 0
v 0.1433952 6.925697 0.0510704 0 0.5372549 0
v 0.1418388 6.859321 -0.009905843 0 0.2156863 0
v 0.6100078 6.274489 0.6525728 0 0 0
v 0.6168385 6.313216 0.7030994 0 0.454902 0
v 0.07712364 6.931028 0.1051328 0 0.4941176 0
v 0.9807625 5.274798 1.056661 0 0 0
v 0.5713356 6.314732 0.7434374 0 0.454902 0
v 0.009295702 6.869983 0.0982184 0 0.4941176 0
v 0.9896525 5.28641 1.091798 0 0.1098039 0
v 1.048176 4.811995 1.103883 0 0 0
v 0.5190022 6.27752 0.7332492 0 0.454902 0
v 0.007739305 6.803607 0.0372424 0 0 0
v 0.963751 5.283866 1.117443 0 0.1098039 0
v 1.048176 4.811995 1.103883 0 0 0
v 0.5121714 6.238792 0.6827227 0 0 0
v 0.07401109 6.798275 -0.01681997 0 0.1882353 0
v 0.9289593 5.269711 1.10795 0 0.1254902 0
v 1.048176 4.811995 1.103883 0 0 0
v 0.5576743 6.237276 0.6423844 0 0 0
v 0.1418388 6.859321 -0.009905843 0 0.2156863 0
v 0.6100078 6.274489 0.6525728 0 0 0
v 0.9200697 5.258098 1.072813 0 0 0
v 1.048176 4.811995 1.103883 0 0 0
v 0.9459714 5.260643 1.047168 0 0 0
v 1.048176 4.811995 1.103883 0 0 0
v 0.9807625 5.274798 1.056661 0 0 0
v 1.048176 4.811995 1.103883 0 0 0
v 0.1918668 9.982904 -0.008294865 0 0 0
v 0.248768 10.07947 0.001916575 0 0.1098039 0
v 0.5615069 9.70312 0.6428187 0 0.3058824 0
v 0.4930791 9.621188 0.6080432 0 0 0
v 0.2312454 9.898581 -0.06338193 0 0 0
v 0.8579776 8.959289 1.0625 0 0.4745098 0
v 0.5194558 9.549928 0.5318055 0 0 0
v 0.3275247 9.910815 -0.1082585 0 0 0
v 0.7869577 8.893757 1.019874 0 0 0
v 1.269615 8.361856 1.794001 0 0.4980392 0
v 0.6142643 9.560614 0.4903581 0 0 0
v 0.384426 10.00738 -0.09804694 0 0.1098039 0
v 0.8066641 8.838059 0.9379519 0 0 0
v 1.201048 8.314275 1.742033 0 0.4980392 0
v 1.072568 7.880957 2.100532 0 0.4941176 0
v 0.682696 9.64256 0.5251485 0 0.3137255 0
v 0.3450474 10.0917 -0.04295953 0 0.1098039 0
v 0.8973908 8.847898 0.898656 0 0 0
v 1.220756 8.257489 1.673256 0 0 0
v 1.018623 7.845191 2.060363 0 0.0627451 0
v 0.9932606 7.545912 3.031607 0 0.4 0
v 0.6563153 9.713804 0.601371 0 0.3058824 0
v 0.248768 10.07947 0.001916575 0 0.1098039 0
v 0.5615069 9.70312 0.6428187 0 0.3058824 0
v 0.9684112 8.913432 0.9412826 0 0.4745098 0
v 0.9487044 8.969127 1.023204 0 0.4745098 0
v 0.8579776 8.959289 1.0625 0 0.4745098 0
v 1.308882 8.247677 1.655852 0 0 0
v 1.03184 7.784187 2.021245 0 0 0
v 0.9932606 7.545912 3.031607 0 0.4 0
v 1.377328 8.294765 1.707336 0 0.4980392 0
v 1.357724 8.351972 1.776526 0 0.4980392 0
v 1.269615 8.361856 1.794001 0 0.4980392 0
v 1.099002 7.758947 2.022295 0 0 0
v 0.9932606 7.545912 3.031607 0 0.4 0
v 1.152948 7.794714 2.062465 0 0 0
v 0.9932606 7.545912 3.031607 0 0.4 0
v 1.13973 7.855718 2.101582 0 0.4941176 0
v 0.9932606 7.545912 3.031607 0 0.4 0
v 1.072568 7.880957 2.100532 0 0.4941176 0
v 0.9932606 7.545912 3.031607 0 0.4 0
v 0.2607724 8.86601 -0.1179215 0 0.1098039 0
v 0.1231337 8.758961 -0.05839796 0 0.1098039 0
v -0.1595497 8.718138 -1.041994 0 0.3137255 0
v -0.05798173 8.800177 -1.102529 0 0.3058824 0
v 0.4244443 8.779445 -0.1824284 0 0.1098039 0
v -0.4515087 8.105412 -2.081812 0 0.4862745 0
v 0.07599162 8.735109 -1.136405 0 0.3137255 0
v 0.4505309 8.586047 -0.1871986 0 0 0
v -0.3799882 8.163449 -2.133358 0 0.4901961 0
v -0.8100733 8.046752 -2.747166 0 0.1764706 0
v 0.1083975 8.588002 -1.109744 0 0 0
v 0.3128719 8.478916 -0.1277574 0 0 0
v -0.2840984 8.114028 -2.163901 0 0.4823529 0
v -0.7664738 8.082123 -2.77824 0 0.1882353 0
v -0.9650766 7.500368 -3.586136 0 0 0
v 0.006829499 8.505964 -1.049208 0 0 0
v 0.1491533 8.565289 -0.06343697 0 0 0
v -0.2597291 8.00657 -2.142898 0 0 0
v -0.7074537 8.052606 -2.795198 0 0.1882353 0
v -0.9650766 7.500368 -3.586136 0 0 0
v -0.1271439 8.571032 -1.015333 0 0 0
v 0.1231337 8.758961 -0.05839796 0 0.1098039 0
v -0.1595497 8.718138 -1.041994 0 0.3137255 0
v -0.3312494 7.948534 -2.091353 0 0 0
v -0.6920332 7.987717 -2.781083 0 0 0
v -0.9650766 7.500368 -3.586136 0 0 0
v -0.4271395 7.997956 -2.06081 0 0 0
v -0.4515087 8.105412 -2.081812 0 0.4862745 0
v -0.7356329 7.952347 -2.75001 0 0 0
v -0.9650766 7.500368 -3.586136 0 0 0
v -0.7946529 7.981864 -2.733051 0 0 0
v -0.9650766 7.500368 -3.586136 0 0 0
v -0.8100733 8.046752 -2.747166 0 0.1764706 0
v -0.9650766 7.500368 -3.586136 0 0 0
v 0.003733397 7.259006 -0.1184708 0 0.4823529 0
v -0.01264262 7.170407 -0.04021608 0 0.4823529 0
v -1.018952 6.840344 -0.650176 0 0.7607843 0
v -1.025433 6.914152 -0.7352133 0 0.7607843 0
v 0.0654099 7.238238 -0.2098752 0 0.5254902 0
v -2.22256 5.78007 -0.8869454 0 0.6313726 0
v -0.9752746 6.890761 -0.8258 0 0.7607843 0
v 0.1107101 7.12887 -0.2230249 0 0.2431373 0
v -2.226145 5.843896 -0.9585049 0 0.6392157 0
v -3.263964 5.541182 -1.574621 0 0.3058824 0
v -0.9186354 6.793565 -0.8313493 0 0 0
v 0.09433436 7.040271 -0.1447702 0 0.2941177 0
v -2.185299 5.823008 -1.036254 0 0.6509804 0
v -3.263964 5.541182 -1.574621 0 0.3058824 0
v -0.9121547 6.719759 -0.7463121 0 0 0
v 0.03265786 7.061039 -0.05336579 0 0 0
v -2.140869 5.738293 -1.042444 0 0 0
v -3.263964 5.541182 -1.574621 0 0.3058824 0
v -0.9623131 6.743149 -0.6557255 0 0 0
v -0.01264262 7.170407 -0.04021608 0 0.4823529 0
v -1.018952 6.840344 -0.650176 0 0.7607843 0
v -2.137284 5.674467 -0.970885 0 0 0
v -3.263964 5.541182 -1.574621 0 0.3058824 0
v -2.178129 5.695355 -0.8931352 0 0 0
v -3.263964 5.541182 -1.574621 0 0.3058824 0
v -2.22256 5.78007 -0.8869454 0 0.6313726 0
v -3.263964 5.541182 -1.574621 0 0.3058824 0
v -0.2492697 4.30187 0.01835869 0 0 0
v -0.2886283 4.482037 0.03581708 0 0.3843137 0
v -0.4080038 4.308131 1.618939 0 0.5647059 0
v -0.3731737 4.156634 1.594088 0 0 0
v -0.07651234 4.253933 0.03010415 0 0 0
v -0.6215996 4.042355 2.442015 0 0.6901961 0
v -0.2276652 4.114517 1.613042 0 0 0
v 0.0568862 4.386163 0.059308 0 0 0
v -0.5845959 3.930754 2.383886 0 0 0
v -0.6737642 3.563574 2.894628 0 0.4470588 0
v -0.1169865 4.223897 1.656846 0 0 0
v 0.01752758 4.566329 0.07676639 0 0.4313726 0
v -0.4612963 3.898772 2.391721 0 0 0
v -0.6454699 3.470478 2.853328 0 0 0
v -0.9470286 3.403662 3.646319 0 0.1529412 0
v -0.1518168 4.375394 1.681697 0 0.5607843 0
v -0.1552298 4.614266 0.06502093 0 0.4117647 0
v -0.3750007 3.978391 2.457685 0 0 0
v -0.5478474 3.441176 2.865613 0 0 0
v -0.9266989 3.331075 3.623019 0 0 0
v -0.5865673 3.184363 4.184468 0 0.0627451 0
v -0.2973253 4.417511 1.662744 0 0.5568628 0
v -0.2886283 4.482037 0.03581708 0 0.3843137 0
v -0.4080038 4.308131 1.618939 0 0.5647059 0
v -0.4120044 4.089992 2.515815 0 0.6705883 0
v -0.5353041 4.121974 2.50798 0 0.682353 0
v -0.6215996 4.042355 2.442015 0 0.6901961 0
v -0.4785189 3.504973 2.919198 0 0 0
v -0.8519215 3.317114 3.613299 0 0 0
v -0.5750355 3.143853 4.160829 0 0 0
v -0.7106149 2.864708 4.612118 0 0 0
v -0.506813 3.59807 2.960497 0 0.4392157 0
v -0.6044357 3.627371 2.948212 0 0.4431373 0
v -0.6737642 3.563574 2.894628 0 0.4470588 0
v -0.7974737 3.375741 3.626881 0 0 0
v -0.5296692 3.136943 4.150955 0 0 0
v -0.7106149 2.864708 4.612118 0 0 0
v -0.8178031 3.448328 3.650181 0 0.1529412 0
v -0.8925807 3.462289 3.6599 0 0.1411765 0
v -0.9470286 3.403662 3.646319 0 0.1529412 0
v -0.4958348 3.170543 4.164721 0 0 0
v -0.7106149 2.864708 4.612118 0 0 0
v -0.5073669 3.211053 4.18836 0 0.0627451 0
v -0.7106149 2.864708 4.612118 0 0 0
v -0.5527331 3.217963 4.198233 0 0.0627451 0
v -0.7106149 2.864708 4.612118 0 0 0
v -0.5865673 3.184363 4.184468 0 0.0627451 0
v -0.7106149 2.864708 4.612118 0 0 0
v 0.002361059 2.485171 -0.1216261 0 0.1254902 0
v 0.06191467 2.400257 -0.01859256 0 0.2627451 0
v 0.6731718 2.421828 -0.3543732 0 0.1764706 0
v 0.6273589 2.496994 -0.4506895 0 0 0
v 0.01608181 2.629075 -0.1018584 0 0.5882353 0
v 1.316954 2.172137 -0.7891641 0 0.1411765 0
v 0.6571875 2.623918 -0.4433134 0 0.5647059 0
v 0.08935595 2.688063 0.02094336 0 0.6392157 0
v 1.282014 2.236018 -0.877936 0 0 0
v 1.562809 1.902639 -1.112611 0 0.1098039 0
v 0.7328281 2.675677 -0.3396213 0 0.5647059 0
v 0.1489096 2.603148 0.1239774 0 0.6509804 0
v 1.336612 2.335829 -0.8929077 0 0.5215687 0
v 1.526092 1.963495 -1.181907 0 0 0
v 1.723413 1.783937 -1.375113 0 0.0627451 0
v 0.7786406 2.600511 -0.2433045 0 0.5803922 0
v 0.1351891 2.459245 0.1042092 0 0.3098039 0
v 1.426151 2.371758 -0.8191077 0 0.5176471 0
v 1.57817 2.045991 -1.200548 0 0.5058824 0
v 1.681818 1.841484 -1.419192 0 0 0
v 1.964375 1.850006 -1.598108 0 0 0
v 0.7488124 2.473586 -0.2506806 0 0.1647059 0
v 0.06191467 2.400257 -0.01859256 0 0.2627451 0
v 0.6731718 2.421828 -0.3543732 0 0.1764706 0
v 1.461092 2.307877 -0.7303358 0 0.5294118 0
v 1.406494 2.208066 -0.715364 0 0.1254902 0
v 1.316954 2.172137 -0.7891641 0 0.1411765 0
v 1.666967 2.067629 -1.149892 0 0.5019608 0
v 1.707783 1.921688 -1.409988 0 0.5019608 0
v 1.928902 1.896768 -1.631982 0 0 0
v 2.295065 1.848928 -1.89075 0 0 0
v 1.651606 1.924277 -1.061955 0 0.1098039 0
v 1.562809 1.902639 -1.112611 0 0.1098039 0
v 1.703684 2.006772 -1.080596 0 0.5058824 0
v 1.775342 1.944344 -1.356705 0 0.5019608 0
v 1.939978 1.962336 -1.613748 0 0.4941176 0
v 2.274894 1.883322 -1.922274 0 0 0
v 2.559958 1.717688 -2.166028 0 0 0
v 1.790972 1.806594 -1.321829 0 0.0627451 0
v 1.723413 1.783937 -1.375113 0 0.0627451 0
v 1.816937 1.886797 -1.312625 0 0.5058824 0
v 1.986526 1.981141 -1.561639 0 0.4941176 0
v 2.292814 1.931484 -1.917792 0 0.4784314 0
v 2.549953 1.73803 -2.187209 0 0 0
v 3.130886 1.727774 -2.43048 0 0.3372549 0
v 2.010924 1.86881 -1.545999 0 0 0
v 1.964375 1.850006 -1.598108 0 0 0
v 2.021999 1.934379 -1.527765 0 0.4941176 0
v 2.330905 1.945252 -1.881786 0 0.4784314 0
v 2.560126 1.767625 -2.183832 0 0.4431373 0
v 3.130886 1.727774 -2.43048 0 0.3372549 0
v 2.333156 1.862696 -1.854744 0 0 0
v 2.295065 1.848928 -1.89075 0 0 0
v 2.351076 1.910858 -1.850262 0 0.4784314 0
v 2.580305 1.776878 -2.159275 0 0.4431373 0
v 3.130886 1.727774 -2.43048 0 0.3372549 0
v 2.590309 1.756534 -2.138094 0 0.4431373 0
v 3.130886 1.727774 -2.43048 0 0.3372549 0
v 2.580135 1.726939 -2.141471 0 0 0
v 3.130886 1.727774 -2.43048 0 0.3372549 0
v 2.559958 1.717688 -2.166028 0 0 0
v 3.130886 1.727774 -2.43048 0 0.3372549 0
v -0.2511859 3.337973 0.09136535 0 0.5294118 0
v -0.2738385 3.170654 0.1651126 0 0.5450981 0
v -1.11875 3.265919 0.07725886 0 0.7294118 0
v -1.129221 3.408048 0.01251315 0 0.7294118 0
v -0.2362296 3.344905 -0.0908694 0 0.5176471 0
v -1.538119 3.121722 0.02306325 0 0.8431373 0
v -1.120056 3.413935 -0.1425457 0 0.7215686 0
v -0.2439263 3.184518 -0.1993565 0 0.3529412 0
v -1.558536 3.238603 -0.0318193 0 0.8470588 0
v -2.648523 3.014722 -0.06863536 0 0.6156863 0
v -1.100419 3.277695 -0.2328591 0 0.1764706 0
v -0.2665789 3.017199 -0.1256093 0 0 0
v -1.553046 3.243169 -0.1615524 0 0.8431373 0
v -2.664831 3.108838 -0.1127867 0 0.6156863 0
v -3.010496 2.739948 -0.3656013 0 0.2862745 0
v -1.089947 3.135566 -0.1681131 0 0 0
v -0.2815351 3.010267 0.05662523 0 0.4117647 0
v -1.527141 3.130855 -0.2364029 0 0.1098039 0
v -2.637002 3.119272 -0.2126245 0 0.6235294 0
v -3.02786 2.807858 -0.4005197 0 0.2784314 0
v -3.491361 2.576206 -0.4868839 0 0.1529412 0
v -1.099112 3.129678 -0.0130543 0 0 0
v -0.2738385 3.170654 0.1651126 0 0.5450981 0
v -1.11875 3.265919 0.07725886 0 0.7294118 0
v -1.506724 3.013974 -0.1815208 0 0 0
v -1.512213 3.009408 -0.05178774 0 0 0
v -1.538119 3.121722 0.02306325 0 0.8431373 0
v -2.592865 3.035591 -0.2683109 0 0 0
v -3.003815 2.817094 -0.4737423 0 0.2705882 0
v -3.507294 2.615373 -0.5091279 0 0.1529412 0
v -4.10347 2.31903 -0.3269149 0 0 0
v -2.576557 2.941475 -0.2241601 0 0 0
v -2.604386 2.931041 -0.1243218 0 0 0
v -2.648523 3.014722 -0.06863536 0 0.6156863 0
v -2.962406 2.75842 -0.5120457 0 0 0
v -3.510658 2.612939 -0.5569236 0 0.1529412 0
v -4.10347 2.31903 -0.3269149 0 0 0
v -2.945042 2.690511 -0.4771268 0 0 0
v -2.969087 2.681275 -0.4039047 0 0 0
v -3.010496 2.739948 -0.3656013 0 0.2862745 0
v -3.498089 2.571336 -0.5824759 0 0 0
v -4.10347 2.31903 -0.3269149 0 0 0
v -3.482156 2.532169 -0.5602319 0 0 0
v -4.10347 2.31903 -0.3269149 0 0 0
v -3.478793 2.534604 -0.5124366 0 0 0
v -4.10347 2.31903 -0.3269149 0 0 0
v -3.491361 2.576206 -0.4868839 0 0.1529412 0
v -4.10347 2.31903 -0.3269149 0 0 0
v 0.7073912 3.652713 0.4335975 0 0.4823529 0
v 0.730243 3.753877 0.3791245 0 0.4784314 0
v 0.7982008 3.759824 0.2890996 0 0.4823529 0
v 0.7524971 3.557493 0.3980455 0 0 0
v 0.8433067 3.664604 0.2535476 0 0.3647059 0
v 0.8204548 3.563439 0.3080205 0 0 0
v -0.008937836 3.469638 0.1241028 0 0 0
v -0.001200199 3.642164 0.2254838 0 0.4156863 0
v 0.3949851 3.592908 0.2893805 0 0.3960784 0
v 0.4309969 3.430823 0.2081678 0 0 0
v 0.7073912 3.652713 0.4335975 0 0.4823529 0
v 0.02740622 3.478904 -0.07385924 0 0 0
v 0.7524971 3.557493 0.3980455 0 0 0
v 0.506308 3.436969 0.03719543 0 0 0
v 0.07148767 3.660697 -0.1704398 0 0.3372549 0
v 0.8204548 3.563439 0.3080205 0 0 0
v 0.545608 3.605201 -0.05256372 0 0.3921569 0
v 0.0792253 3.833222 -0.06905902 0 0.4588235 0
v 0.8433067 3.664604 0.2535476 0 0.3647059 0
v 0.5095966 3.767286 0.02864922 0 0.4862745 0
v 0.04288125 3.823956 0.1289028 0 0.4666667 0
v 0.7982008 3.759824 0.2890996 0 0.4823529 0
v 0.4342852 3.76114 0.1996213 0 0.4823529 0
v -0.001200199 3.642164 0.2254838 0 0.4156863 0
v 0.730243 3.753877 0.3791245 0 0.4784314 0
v 0.3949851 3.592908 0.2893805 0 0.3960784 0
v 0.7073912 3.652713 0.4335975 0 0.4823529 0
v -3.028003 2.785454 -0.4374922 0 0.2705882 0
v -3.075684 2.737502 -0.4345014 0 0.2509804 0
v -3.128619 2.770617 -0.9182727 0 0.1647059 0
v -3.092742 2.807602 -0.92952 0 0.1647059 0
v -2.980771 2.7379 -0.4469531 0 0 0
v -3.159489 2.680055 -1.149451 0 0.1254902 0
v -3.054909 2.770856 -0.9296772 0 0 0
v -3.028451 2.689947 -0.4439619 0 0 0
v -3.137171 2.700832 -1.173251 0 0.1254902 0
v -3.280785 2.447899 -1.333227 0 0.09019608 0
v -3.090788 2.733869 -0.9184301 0 0 0
v -3.075684 2.737502 -0.4345014 0 0.2509804 0
v -3.128619 2.770617 -0.9182727 0 0.1647059 0
v -3.10776 2.676524 -1.166892 0 0 0
v -3.269371 2.457481 -1.351419 0 0.09019608 0
v -3.456676 2.307459 -1.555567 0 0 0
v -3.130079 2.655747 -1.143091 0 0 0
v -3.159489 2.680055 -1.149451 0 0.1254902 0
v -3.252707 2.440981 -1.349653 0 0 0
v -3.456676 2.307459 -1.555567 0 0 0
v -3.26412 2.4314 -1.331462 0 0 0
v -3.456676 2.307459 -1.555567 0 0 0
v -3.280785 2.447899 -1.333227 0 0.09019608 0
v -3.456676 2.307459 -1.555567 0 0 0
v -3.110762 2.727414 -1.080464 0 0.1411765 0
v -3.140739 2.718621 -1.073777 0 0.1411765 0
v -3.200334 2.790963 -1.278783 0 0.1098039 0
v -3.183385 2.796251 -1.283031 0 0.1098039 0
v -3.262335 2.939193 -1.35831 0 0.09019608 0
v -3.105223 2.698717 -1.093366 0 0 0
v -3.182438 2.783085 -1.295644 0 0 0
v -3.262335 2.939193 -1.35831 0 0.09019608 0
v -3.135201 2.689924 -1.08668 0 0 0
v -3.199388 2.777796 -1.291395 0 0 0
v -3.262335 2.939193 -1.35831 0 0.09019608 0
v -3.140739 2.718621 -1.073777 0 0.1411765 0
v -3.200334 2.790963 -1.278783 0 0.1098039 0
v -3.262335 2.939193 -1.35831 0 0.09019608 0
v -1.991687 3.045877 -0.1207112 0 0 0
v -2.109976 3.02227 -0.1639146 0 0 0
v -2.225297 2.855541 0.2891509 0 0 0
v -2.139295 2.866144 0.3387285 0 0 0
v -2.029707 3.16111 -0.07957834 0 0.8313726 0
v -2.451433 2.68451 0.5895907 0 0 0
v -2.169159 2.95563 0.3713928 0 0.7372549 0
v -2.147996 3.137502 -0.1227817 0 0.8117647 0
v -2.405396 2.67564 0.6458305 0 0 0
v -2.790972 2.337859 0.6794043 0 0 0
v -2.25516 2.945027 0.3218151 0 0.7294118 0
v -2.109976 3.02227 -0.1639146 0 0 0
v -2.225297 2.855541 0.2891509 0 0 0
v -2.435902 2.732865 0.6798269 0 0.4705882 0
v -2.771387 2.327521 0.7180179 0 0 0
v -3.204226 2.454911 0.9525158 0 0.3058824 0
v -2.481939 2.741734 0.6235871 0 0.4745098 0
v -2.451433 2.68451 0.5895907 0 0 0
v -2.778916 2.368797 0.7328875 0 0.4 0
v -3.204226 2.454911 0.9525158 0 0.3058824 0
v -2.798501 2.379135 0.6942742 0 0.3960784 0
v -3.204226 2.454911 0.9525158 0 0.3058824 0
v -2.790972 2.337859 0.6794043 0 0 0
v -3.204226 2.454911 0.9525158 0 0.3058824 0
v -2.588691 2.568603 0.6816508 0 0.427451 0
v -2.606236 2.530964 0.6987226 0 0.4196078 0
v -2.788195 2.564512 0.5687268 0 0.0627451 0
v -2.774522 2.59093 0.5572664 0 0.3921569 0
v -2.570691 2.544949 0.647999 0 0 0
v -2.964023 2.65273 0.5191078 0 0.3411765 0
v -2.767682 2.575626 0.5301521 0 0 0
v -2.588236 2.50731 0.665071 0 0 0
v -2.958774 2.669264 0.511017 0 0.3411765 0
v -3.18586 2.606169 0.3866193 0 0 0
v -2.781355 2.549209 0.5416126 0 0 0
v -2.606236 2.530964 0.6987226 0 0.4196078 0
v -2.788195 2.564512 0.5687268 0 0.0627451 0
v -2.953913 2.659904 0.4950444 0 0.3411765 0
v -3.18586 2.606169 0.3866193 0 0 0
v -2.959162 2.643371 0.5031349 0 0 0
v -3.18586 2.606169 0.3866193 0 0 0
v -2.964023 2.65273 0.5191078 0 0.3411765 0
v -3.18586 2.606169 0.3866193 0 0 0
v -0.46803 4.054507 2.476328 0 0.6941177 0
v -0.4954447 3.947181 2.397636 0 0 0
v 0.007537842 3.796499 2.453762 0 0 0
v 0.02961206 3.879861 2.515184 0 0.5254902 0
v -0.4980134 3.981209 2.586741 0 0.5921569 0
v 0.3942869 3.567003 2.645037 0 0 0
v -0.0122261 3.829594 2.598442 0 0.5176471 0
v -0.5254281 3.873884 2.508049 0 0 0
v 0.4096207 3.628701 2.689619 0 0.3803922 0
v 0.556401 3.218063 3.121478 0 0 0
v -0.03430057 3.746231 2.53702 0 0 0
v -0.4954447 3.947181 2.397636 0 0 0
v 0.007537842 3.796499 2.453762 0 0 0
v 0.3480189 3.612044 2.733859 0 0.3843137 0
v 0.5681455 3.252652 3.151381 0 0.1882353 0
v 0.8731788 2.835045 3.372786 0 0 0
v 0.332685 3.550345 2.689277 0 0 0
v 0.3942869 3.567003 2.645037 0 0 0
v 0.5276082 3.246247 3.17471 0 0.1882353 0
v 0.8731788 2.835045 3.372786 0 0 0
v 0.5158634 3.211658 3.144806 0 0 0
v 0.8731788 2.835045 3.372786 0 0 0
v 0.556401 3.218063 3.121478 0 0 0
v 0.8731788 2.835045 3.372786 0 0 0
v 0.4373128 3.39676 2.902011 0 0 0
v 0.461195 3.434442 2.918654 0 0.2784314 0
v 0.2865465 3.45548 3.097869 0 0.2627451 0
v 0.2776268 3.429355 3.078355 0 0 0
v 0.4618277 3.368299 2.931274 0 0 0
v 0.1034503 3.2819 3.24319 0 0.2313726 0
v 0.299273 3.409481 3.095067 0 0 0
v 0.4857099 3.405982 2.947917 0 0.254902 0
v 0.1015055 3.269184 3.227488 0 0 0
v 0.09997177 3.000393 3.473711 0 0 0
v 0.3081927 3.435605 3.114581 0 0.254902 0
v 0.461195 3.434442 2.918654 0 0.2784314 0
v 0.2865465 3.45548 3.097869 0 0.2627451 0
v 0.120341 3.262334 3.230702 0 0 0
v 0.09997177 3.000393 3.473711 0 0 0
v 0.1222861 3.27505 3.246404 0 0.2313726 0
v 0.09997177 3.000393 3.473711 0 0 0
v 0.1034503 3.2819 3.24319 0 0.2313726 0
v 0.09997177 3.000393 3.473711 0 0 0
v -2.453344 2.673973 0.5929911 0 0 0
v -2.46271 2.71665 0.6033294 0 0.4823529 0
v -2.493249 2.651128 0.8175584 0 0.4392157 0
v -2.485565 2.62262 0.8055421 0 0 0
v -2.410092 2.681115 0.6026959 0 0 0
v -2.55164 2.51338 0.9916806 0 0.4352941 0
v -2.455536 2.626514 0.8155028 0 0 0
v -2.419458 2.723792 0.6130341 0 0.4941176 0
v -2.547131 2.496146 0.9846804 0 0 0
v -2.709513 2.446293 1.137145 0 0 0
v -2.463219 2.655022 0.8275194 0 0.4431373 0
v -2.46271 2.71665 0.6033294 0 0.4823529 0
v -2.493249 2.651128 0.8175584 0 0.4392157 0
v -2.531592 2.495676 0.9958465 0 0 0
v -2.709513 2.446293 1.137145 0 0 0
v -2.536102 2.51291 1.002847 0 0.4352941 0
v -2.709513 2.446293 1.137145 0 0 0
v -2.55164 2.51338 0.9916806 0 0.4352941 0
v -2.709513 2.446293 1.137145 0 0 0
v -0.6969565 3.50069 3.302649 0 0.2784314 0
v -0.700148 3.399211 3.259697 0 0 0
v -1.210464 3.444918 3.229913 0 0 0
v -1.19985 3.516548 3.259616 0 0.2352941 0
v -0.6908059 3.543428 3.201216 0 0.3137255 0
v -1.697868 3.492133 3.486632 0 0 0
v -1.214612 3.547845 3.189414 0 0.254902 0
v -0.6939973 3.44195 3.158265 0 0 0
v -1.673836 3.531861 3.493893 0 0.1529412 0
v -1.859157 3.753597 3.966613 0 0 0
v -1.225226 3.476217 3.159712 0 0 0
v -0.700148 3.399211 3.259697 0 0 0
v -1.210464 3.444918 3.229913 0 0 0
v -1.701195 3.554092 3.462816 0 0.1529412 0
v -1.859157 3.753597 3.966613 0 0 0
v -1.725228 3.514365 3.455556 0 0 0
v -1.859157 3.753597 3.966613 0 0 0
v -1.697868 3.492133 3.486632 0 0 0
v -1.859157 3.753597 3.966613 0 0 0
v -1.449508 3.491849 3.32321 0 0 0
v -1.45977 3.539284 3.323192 0 0.1882353 0
v -1.669485 3.485972 3.153714 0 0.2156863 0
v -1.657761 3.453685 3.156409 0 0 0
v -1.479911 3.485288 3.360466 0 0 0
v -1.912035 3.347303 3.162606 0 0.2078431 0
v -1.669684 3.45205 3.188695 0 0 0
v -1.490172 3.532722 3.360448 0 0.1764706 0
v -1.905074 3.327887 3.164222 0 0 0
v -2.312473 3.301398 3.462033 0 0.1254902 0
v -1.681408 3.484337 3.186001 0 0.2078431 0
v -1.45977 3.539284 3.323192 0 0.1882353 0
v -1.669485 3.485972 3.153714 0 0.2156863 0
v -1.899493 3.331518 3.18381 0 0 0
v -2.312473 3.301398 3.462033 0 0.1254902 0
v -1.906453 3.350934 3.182194 0 0.2078431 0
v -2.312473 3.301398 3.462033 0 0.1254902 0
v -1.912035 3.347303 3.162606 0 0.2078431 0
v -2.312473 3.301398 3.462033 0 0.1254902 0
v -1.578399 3.073203 -0.1923965 0 0 0
v -1.589002 3.19754 -0.1540679 0 0.8470588 0
v -1.757118 3.285124 -0.5527935 0 0.7882353 0
v -1.744869 3.195207 -0.5716261 0 0 0
v -1.700804 3.050633 -0.1530408 0 0 0
v -2.085369 3.224734 -0.7651175 0 0.6470588 0
v -1.816905 3.174016 -0.5172996 0 0 0
v -1.711407 3.17497 -0.1147117 0 0.8509804 0
v -2.084167 3.171899 -0.7825507 0 0 0
v -2.38289 3.377234 -0.9984274 0 0.3294118 0
v -1.829154 3.263932 -0.4984669 0 0.8078431 0
v -1.589002 3.19754 -0.1540679 0 0.8470588 0
v -1.757118 3.285124 -0.5527935 0 0.7882353 0
v -2.119132 3.157619 -0.7416796 0 0 0
v -2.38289 3.377234 -0.9984274 0 0.3294118 0
v -2.120333 3.210454 -0.7242463 0 0.6666667 0
v -2.38289 3.377234 -0.9984274 0 0.3294118 0
v -2.085369 3.224734 -0.7651175 0 0.6470588 0
v -2.38289 3.377234 -0.9984274 0 0.3294118 0
v -0.465707 4.12033 2.317781 0 0.7647059 0
v -0.515732 4.011762 2.264811 0 0 0
v -0.9758738 4.228709 2.29026 0 0 0
v -0.9362132 4.313041 2.33142 0 0.5411765 0
v -0.4521644 4.172261 2.198553 0 0.7803922 0
v -1.366134 4.34926 2.461583 0 0 0
v -0.943321 4.360299 2.241445 0 0.5411765 0
v -0.5021896 4.063692 2.145583 0 0 0
v -1.337988 4.411303 2.492266 0 0.372549 0
v -1.702313 4.261348 2.951385 0 0 0
v -0.9829811 4.275965 2.200285 0 0 0
v -0.515732 4.011762 2.264811 0 0 0
v -0.9758738 4.228709 2.29026 0 0 0
v -1.377222 4.452891 2.444161 0 0.3568628 0
v -1.681988 4.298919 2.966839 0 0.1764706 0
v -2.105005 4.435762 3.318462 0 0.0627451 0
v -1.405368 4.390848 2.413478 0 0 0
v -1.366134 4.34926 2.461583 0 0 0
v -1.709936 4.324393 2.94167 0 0.1647059 0
v -2.105005 4.435762 3.318462 0 0.0627451 0
v -1.730262 4.286823 2.926216 0 0 0
v -2.105005 4.435762 3.318462 0 0.0627451 0
v -1.702313 4.261348 2.951385 0 0 0
v -2.105005 4.435762 3.318462 0 0.0627451 0
v -1.248013 4.341842 2.40166 0 0 0
v -1.213091 4.346358 2.369888 0 0 0
v -1.460286 4.450411 2.132079 0 0 0
v -1.468334 4.443168 2.156927 0 0 0
v -1.743847 4.567299 2.271156 0 0.2039216 0
v -1.242764 4.387363 2.4139 0 0.427451 0
v -1.460903 4.467448 2.16641 0 0.3372549 0
v -1.743847 4.567299 2.271156 0 0.2039216 0
v -1.207842 4.391879 2.382127 0 0.4392157 0
v -1.452857 4.47469 2.141562 0 0.3372549 0
v -1.743847 4.567299 2.271156 0 0.2039216 0
v -1.213091 4.346358 2.369888 0 0 0
v -1.460286 4.450411 2.132079 0 0 0
v -1.743847 4.567299 2.271156 0 0.2039216 0
v -1.407148 4.399884 2.544766 0 0.3372549 0
v -1.413741 4.369479 2.565111 0 0 0
v -1.483596 4.601696 2.873033 0 0 0
v -1.478722 4.611988 2.8551 0 0.2078431 0
v -1.477466 4.89244 2.880601 0 0.1411765 0
v -1.44323 4.40187 2.536043 0 0.3215686 0
v -1.499355 4.613211 2.850194 0 0.1960784 0
v -1.477466 4.89244 2.880601 0 0.1411765 0
v -1.449822 4.371464 2.556388 0 0 0
v -1.504229 4.602919 2.868127 0 0 0
v -1.477466 4.89244 2.880601 0 0.1411765 0
v -1.413741 4.369479 2.565111 0 0 0
v -1.483596 4.601696 2.873033 0 0 0
v -1.477466 4.89244 2.880601 0 0.1411765 0
v 1.448882 2.098589 -0.9327388 0 0.1254902 0
v 1.528222 2.196297 -0.956699 0 0.4980392 0
v 1.322008 2.23948 -1.387976 0 0.4980392 0
v 1.260423 2.163327 -1.368622 0 0.0627451 0
v 1.361602 2.180618 -0.8872467 0 0.2039216 0
v 1.251893 2.169642 -1.805145 0 0.4980392 0
v 1.186281 2.227788 -1.350897 0 0.1254902 0
v 1.440943 2.278326 -0.9112073 0 0.5137255 0
v 1.209262 2.117737 -1.776 0 0 0
v 1.239795 1.821494 -2.14475 0 0.4823529 0
v 1.247865 2.303942 -1.370251 0 0.509804 0
v 1.528222 2.196297 -0.956699 0 0.4980392 0
v 1.322008 2.23948 -1.387976 0 0.4980392 0
v 1.149864 2.1572 -1.792602 0 0.0627451 0
v 1.215795 1.784337 -2.139761 0 0 0
v 1.478036 1.880896 -2.565174 0 0.454902 0
v 1.192495 2.209106 -1.821746 0 0.4980392 0
v 1.251893 2.169642 -1.805145 0 0.4980392 0
v 1.181148 1.804057 -2.159563 0 0 0
v 1.478036 1.880896 -2.565174 0 0.454902 0
v 1.205147 1.841214 -2.164551 0 0.4784314 0
v 1.478036 1.880896 -2.565174 0 0.454902 0
v 1.239795 1.821494 -2.14475 0 0.4823529 0
v 1.478036 1.880896 -2.565174 0 0.454902 0
v 1.191004 2.001551 -1.928582 0 0.0627451 0
v 1.205113 2.031796 -1.958618 0 0.4901961 0
v 1.398336 1.917848 -1.97218 0 0.4901961 0
v 1.394667 1.893738 -1.951653 0 0 0
v 1.175097 1.975934 -1.961849 0 0 0
v 1.593843 1.8898 -2.028877 0 0.4862745 0
v 1.384674 1.875011 -1.975434 0 0 0
v 1.189206 2.006179 -1.991885 0 0.4901961 0
v 1.590883 1.875617 -2.016369 0 0 0
v 1.766588 1.696196 -2.089706 0 0 0
v 1.388343 1.899121 -1.995962 0 0.4901961 0
v 1.205113 2.031796 -1.958618 0 0.4901961 0
v 1.398336 1.917848 -1.97218 0 0.4901961 0
v 1.58191 1.865526 -2.029934 0 0 0
v 1.766588 1.696196 -2.089706 0 0 0
v 1.58487 1.87971 -2.042442 0 0.4862745 0
v 1.766588 1.696196 -2.089706 0 0 0
v 1.593843 1.8898 -2.028877 0 0.4862745 0
v 1.766588 1.696196 -2.089706 0 0 0
v 1.172676 2.136391 -1.761641 0 0.0627451 0
v 1.20317 2.110846 -1.782462 0 0 0
v 1.116154 2.175743 -1.974999 0 0 0
v 1.093146 2.194411 -1.96324 0 0.0627451 0
v 1.200522 2.171536 -1.763978 0 0.4980392 0
v 1.01873 2.15484 -2.179811 0 0 0
v 1.110846 2.220171 -1.969503 0 0.4901961 0
v 1.231015 2.145991 -1.784799 0 0.4941176 0
v 1.003104 2.165854 -2.178888 0 0 0
v 1.048587 2.143747 -2.405829 0 0.4627451 0
v 1.133854 2.201504 -1.981262 0 0.4901961 0
v 1.20317 2.110846 -1.782462 0 0 0
v 1.116154 2.175743 -1.974999 0 0 0
v 1.013807 2.181331 -2.182395 0 0.4784314 0
v 1.048587 2.143747 -2.405829 0 0.4627451 0
v 1.029433 2.170316 -2.183318 0 0.4784314 0
v 1.048587 2.143747 -2.405829 0 0.4627451 0
v 1.01873 2.15484 -2.179811 0 0 0
v 1.048587 2.143747 -2.405829 0 0.4627451 0
v 1.245055 2.260397 -1.453168 0 0.5058824 0
v 1.215985 2.244107 -1.49709 0 0.5058824 0
v 1.433083 2.354861 -1.671795 0 0.5019608 0
v 1.453505 2.366345 -1.64044 0 0.5019608 0
v 1.271884 2.212232 -1.45306 0 0 0
v 1.696879 2.335319 -1.823017 0 0.4941176 0
v 1.465693 2.329561 -1.634906 0 0 0
v 1.242813 2.195942 -1.496983 0 0 0
v 1.71422 2.343385 -1.809356 0 0.4941176 0
v 1.756881 2.403263 -2.051009 0 0.4862745 0
v 1.44527 2.318077 -1.666262 0 0 0
v 1.215985 2.244107 -1.49709 0 0.5058824 0
v 1.433083 2.354861 -1.671795 0 0.5019608 0
v 1.722642 2.321554 -1.807156 0 0 0
v 1.756881 2.403263 -2.051009 0 0.4862745 0
v 1.705301 2.313488 -1.820817 0 0 0
v 1.756881 2.403263 -2.051009 0 0.4862745 0
v 1.696879 2.335319 -1.823017 0 0.4941176 0
v 1.756881 2.403263 -2.051009 0 0.4862745 0
v 1.841809 1.934037 -1.45593 0 0.4980392 0
v 1.840414 1.852224 -1.4637 0 0 0
v 2.193107 1.836822 -1.261068 0 0 0
v 2.200561 1.899903 -1.252898 0 0.4941176 0
v 1.802785 1.927858 -1.383855 0 0.4980392 0
v 2.562194 1.769752 -1.32702 0 0 0
v 2.190203 1.89299 -1.190077 0 0.4941176 0
v 1.80139 1.846045 -1.391626 0 0 0
v 2.558707 1.816255 -1.321402 0 0.4784314 0
v 2.873257 1.893107 -1.292223 0 0 0
v 2.182749 1.829909 -1.198247 0 0 0
v 1.840414 1.852224 -1.4637 0 0 0
v 2.193107 1.836822 -1.261068 0 0 0
v 2.562151 1.810892 -1.274866 0 0.4784314 0
v 2.872521 1.92143 -1.288659 0 0.454902 0
v 3.224633 1.746487 -1.090764 0 0 0
v 2.565638 1.764389 -1.280484 0 0 0
v 2.562194 1.769752 -1.32702 0 0 0
v 2.864673 1.917801 -1.261443 0 0.454902 0
v 3.224633 1.746487 -1.090764 0 0 0
v 2.865409 1.889477 -1.265008 0 0 0
v 3.224633 1.746487 -1.090764 0 0 0
v 2.873257 1.893107 -1.292223 0 0 0
v 3.224633 1.746487 -1.090764 0 0 0
v 2.500574 1.746604 -2.140286 0 0 0
v 2.535205 1.744117 -2.135468 0 0 0
v 2.559271 1.695186 -2.389973 0 0 0
v 2.539761 1.695838 -2.39447 0 0 0
v 2.613976 1.434732 -2.572247 0 0 0
v 2.50405 1.780696 -2.147664 0 0.4470588 0
v 2.500574 1.746604 -2.140286 0 0 0
v 2.539761 1.695838 -2.39447 0 0 0
v 2.54282 1.712381 -2.405343 0 0.4196078 0
v 2.613976 1.434732 -2.572247 0 0 0
v 2.538681 1.778208 -2.142846 0 0.4470588 0
v 2.56233 1.71173 -2.400846 0 0.4196078 0
v 2.535205 1.744117 -2.135468 0 0 0
v 2.559271 1.695186 -2.389973 0 0 0
v 2.613976 1.434732 -2.572247 0 0 0
v -0.5852966 3.105358 4.231264 0 0 0
v -0.5771599 3.141152 4.263011 0 0.0627451 0
v -0.354809 3.032522 4.312931 0 0.0627451 0
v -0.3495436 3.001822 4.298203 0 0 0
v -0.5627884 3.130912 4.196684 0 0 0
v -0.3310666 3.024402 4.595477 0 0 0
v -0.3219137 3.014385 4.281893 0 0 0
v -0.5546517 3.166706 4.228432 0 0.0627451 0
v -0.3229925 3.005356 4.59576 0 0 0
v -0.143209 3.114786 4.825581 0 0 0
v -0.3271792 3.045085 4.296622 0 0.0627451 0
v -0.5771599 3.141152 4.263011 0 0.0627451 0
v -0.354809 3.032522 4.312931 0 0.0627451 0
v -0.3052637 3.012758 4.588083 0 0 0
v -0.143209 3.114786 4.825581 0 0 0
v -0.3133378 3.031804 4.5878 0 0 0
v -0.143209 3.114786 4.825581 0 0 0
v -0.3310666 3.024402 4.595477 0 0 0
v -0.143209 3.114786 4.825581 0 0 0
v -0.7691157 3.291031 3.750006 0 0 0
v -0.822 3.356877 3.755018 0 0.1411765 0
v -1.027171 3.149871 3.977657 0 0.1098039 0
v -0.9870538 3.12618 3.96474 0 0 0
v -1.010673 2.747478 4.069588 0 0 0
v -0.7287402 3.318191 3.819214 0 0 0
v -0.9663472 3.138368 4.006694 0 0 0
v -1.010673 2.747478 4.069588 0 0 0
v -0.7816245 3.384038 3.824226 0 0.1254902 0
v -1.006464 3.162059 4.019612 0 0.1098039 0
v -1.010673 2.747478 4.069588 0 0 0
v -0.822 3.356877 3.755018 0 0.1411765 0
v -1.027171 3.149871 3.977657 0 0.1098039 0
v -1.010673 2.747478 4.069588 0 0 0
v -1.032101 2.078537 1.143697 0 0.5215687 0
v -0.966931 2.061019 1.185531 0 0.5254902 0
v -0.9519247 1.981593 1.202731 0 0.509804 0
v -1.082264 2.01663 1.119061 0 0.5137255 0
v -1.002088 1.919686 1.178095 0 0.1254902 0
v -1.067258 1.937205 1.136261 0 0.1254902 0
v -0.2008445 1.593021 0.2858682 0 0.4823529 0
v -0.5551369 1.662016 0.4752783 0 0.345098 0
v -0.4629476 1.639145 0.5809584 0 0.4 0
v -0.3036032 1.618688 0.1901374 0 0.4941176 0
v -0.5646629 1.798083 0.4212858 0 0.8627451 0
v -0.3284859 1.759589 0.1519093 0 0.827451 0
v -0.8781681 1.968842 0.7152471 0 0.7411765 0
v -0.8684521 1.856749 0.757385 0 0 0
v -0.4819994 1.91128 0.4729737 0 0.8352941 0
v -0.2506099 1.874823 0.2094116 0 0.7803922 0
v -0.3898101 1.888409 0.5786538 0 0.8313726 0
v -0.1478512 1.849157 0.3051421 0 0.772549 0
v -0.8054971 2.059568 0.7521902 0 0.7490196 0
v -1.032101 2.078537 1.143697 0 0.5215687 0
v -1.082264 2.01663 1.119061 0 0.5137255 0
v -1.067258 1.937205 1.136261 0 0.1254902 0
v -0.7860653 1.835384 0.836466 0 0.227451 0
v -1.002088 1.919686 1.178095 0 0.1254902 0
v -0.1229684 1.708256 0.3433704 0 0.3764706 0
v -0.2008445 1.593021 0.2858682 0 0.4823529 0
v -0.4629476 1.639145 0.5809584 0 0.4 0
v -0.3802842 1.752342 0.6326461 0 0.3372549 0
v -0.1478512 1.849157 0.3051421 0 0.772549 0
v -0.3898101 1.888409 0.5786538 0 0.8313726 0
v -0.7860653 1.835384 0.836466 0 0.227451 0
v -0.7133946 1.926111 0.8734094 0 0.2156863 0
v -0.8684521 1.856749 0.757385 0 0 0
v -0.5551369 1.662016 0.4752783 0 0.345098 0
v -1.002088 1.919686 1.178095 0 0.1254902 0
v -0.9519247 1.981593 1.202731 0 0.509804 0
v -0.7231104 2.038203 0.8312714 0 0.7686275 0
v -0.4819994 1.91128 0.4729737 0 0.8352941 0
v -0.966931 2.061019 1.185531 0 0.5254902 0
v -0.8054971 2.059568 0.7521902 0 0.7490196 0
v -1.032101 2.078537 1.143697 0 0.5215687 0
v -0.3898101 1.888409 0.5786538 0 0.8313726 0
v -0.3802842 1.752342 0.6326461 0 0.3372549 0
v -0.7133946 1.926111 0.8734094 0 0.2156863 0
v -0.7231104 2.038203 0.8312714 0 0.7686275 0
v 0.4101686 11.74476 1.827138 0 0 0
v 0.3562407 11.73632 1.9132 0 0 0
v 0.9854283 11.33462 2.234426 0 0 0
v 1.027888 11.33258 2.194587 0 0 0
v 1.243572 11.33819 2.698656 0 0.6078432 0
v 0.4483175 11.8263 1.86234 0 0.654902 0
v 1.039339 11.38528 2.206398 0 0.6431373 0
v 1.243572 11.33819 2.698656 0 0.6078432 0
v 0.3943896 11.81786 1.948402 0 0.654902 0
v 0.9968791 11.38732 2.246236 0 0.6431373 0
v 1.243572 11.33819 2.698656 0 0.6078432 0
v 0.3562407 11.73632 1.9132 0 0 0
v 0.9854283 11.33462 2.234426 0 0 0
v 1.243572 11.33819 2.698656 0 0.6078432 0
v 0.3330109 11.89913 1.523016 0 0 0
v 0.3156466 11.9622 1.451297 0 0 0
v -0.1342466 12.1093 1.704932 0 0.1254902 0
v -0.1007275 12.05336 1.744347 0 0 0
v 0.3825028 11.97363 1.570965 0 0.6392157 0
v -0.2486899 12.17628 2.21275 0 0.6352941 0
v -0.04729389 12.10636 1.769458 0 0.6431373 0
v 0.3651385 12.0367 1.499246 0 0.6392157 0
v -0.2097328 12.13467 2.207293 0 0 0
v -0.2221265 11.92531 2.630933 0 0.4941176 0
v -0.08081315 12.1623 1.730043 0 0.6392157 0
v 0.3156466 11.9622 1.451297 0 0 0
v -0.1342466 12.1093 1.704932 0 0.1254902 0
v -0.1677699 12.17342 2.219079 0 0.6352941 0
v -0.1983328 11.90019 2.626962 0 0 0
v -0.4546075 11.87524 3.211901 0 0.5450981 0
v -0.206727 12.21503 2.224535 0 0.6392157 0
v -0.2486899 12.17628 2.21275 0 0.6352941 0
v -0.1735609 11.92257 2.638537 0 0 0
v -0.4546075 11.87524 3.211901 0 0.5450981 0
v -0.1973543 11.94769 2.642508 0 0.6313726 0
v -0.4546075 11.87524 3.211901 0 0.5450981 0
v -0.2221265 11.92531 2.630933 0 0.4941176 0
v -0.4546075 11.87524 3.211901 0 0.5450981 0
v -0.1352522 12.13552 1.988053 0 0.6431373 0
v -0.1302569 12.10598 1.949869 0 0 0
v -0.4522102 11.89563 2.084038 0 0 0
v -0.4541063 11.91303 2.105562 0 0.627451 0
v -0.7556701 11.8764 2.103306 0 0.0627451 0
v -0.1629369 12.16226 1.962285 0 0.6392157 0
v -0.4635966 11.93168 2.088873 0 0.6235294 0
v -0.7556701 11.8764 2.103306 0 0.0627451 0
v -0.1579416 12.13271 1.924101 0 0 0
v -0.4617004 11.91429 2.06735 0 0 0
v -0.7556701 11.8764 2.103306 0 0.0627451 0
v -0.1302569 12.10598 1.949869 0 0 0
v -0.4522102 11.89563 2.084038 0 0 0
v -0.7556701 11.8764 2.103306 0 0.0627451 0
v -1.527816 6.397129 -0.8861049 0 0.1960784 0
v -1.485884 6.458344 -0.8262605 0 0.7333333 0
v -2.008813 6.581677 -0.6027325 0 0.572549 0
v -2.041959 6.534071 -0.6491212 0 0.454902 0
v -1.518614 6.327655 -0.8214859 0 0 0
v -2.428666 6.54672 -0.2769117 0 0.2509804 0
v -2.02253 6.47756 -0.605009 0 0 0
v -1.476681 6.388871 -0.7616418 0 0.7176471 0
v -2.452377 6.511887 -0.3114385 0 0.2666667 0
v -2.673312 6.170986 0.2303712 0 0 0
v -1.989383 6.525165 -0.5586199 0 0.5647059 0
v -1.485884 6.458344 -0.8262605 0 0.7333333 0
v -2.008813 6.581677 -0.6027325 0 0.572549 0
v -2.41646 6.47344 -0.2973164 0 0 0
v -2.689538 6.14876 0.2119426 0 0 0
v -3.020247 6.087944 0.7383532 0 0 0
v -2.39275 6.508273 -0.2627897 0 0.2627451 0
v -2.428666 6.54672 -0.2769117 0 0.2509804 0
v -2.665395 6.126723 0.2172632 0 0 0
v -3.020247 6.087944 0.7383532 0 0 0
v -2.649169 6.148948 0.2356915 0 0 0
v -3.020247 6.087944 0.7383532 0 0 0
v -2.673312 6.170986 0.2303712 0 0 0
v -3.020247 6.087944 0.7383532 0 0 0
v -2.281247 6.547067 -0.3948688 0 0.3607843 0
v -2.283842 6.52065 -0.3632802 0 0.3568628 0
v -2.69619 6.492515 -0.4328574 0 0.2235294 0
v -2.702062 6.506198 -0.4511394 0 0.2235294 0
v -2.997917 6.298808 -0.3458785 0 0 0
v -2.27559 6.515487 -0.4208139 0 0 0
v -2.697486 6.488409 -0.4659241 0 0 0
v -2.997917 6.298808 -0.3458785 0 0 0
v -2.278185 6.48907 -0.3892249 0 0 0
v -2.691615 6.474726 -0.4476422 0 0 0
v -2.997917 6.298808 -0.3458785 0 0 0
v -2.283842 6.52065 -0.3632802 0 0.3568628 0
v -2.69619 6.492515 -0.4328574 0 0.2235294 0
v -2.997917 6.298808 -0.3458785 0 0 0
v -2.434 6.51283 -0.2562365 0 0.2509804 0
v -2.409617 6.479569 -0.2574776 0 0 0
v -2.338683 6.523161 0.1334122 0 0 0
v -2.358129 6.548404 0.1291423 0 0.0627451 0
v -2.466303 6.488812 -0.2471737 0 0.2352941 0
v -2.406894 6.568365 0.3736401 0 0 0
v -2.383716 6.52906 0.1313038 0 0.0627451 0
v -2.441919 6.45555 -0.2484144 0 0 0
v -2.421037 6.586863 0.3699231 0 0 0
v -2.552719 6.459309 0.6313344 0 0 0
v -2.36427 6.503817 0.1355739 0 0 0
v -2.409617 6.479569 -0.2574776 0 0 0
v -2.338683 6.523161 0.1334122 0 0 0
v -2.437874 6.572392 0.3619793 0 0 0
v -2.559984 6.470561 0.6262251 0 0 0
v -2.657054 6.573375 0.7945217 0 0 0
v -2.42373 6.553895 0.3656965 0 0 0
v -2.406894 6.568365 0.3736401 0 0 0
v -2.570231 6.461763 0.6214204 0 0 0
v -2.657054 6.573375 0.7945217 0 0 0
v -2.562967 6.450512 0.6265302 0 0 0
v -2.657054 6.573375 0.7945217 0 0 0
v -2.552719 6.459309 0.6313344 0 0 0
v -2.657054 6.573375 0.7945217 0 0 0
v -2.225946 5.789671 -0.9695483 0 0.6392157 0
v -2.289281 5.789471 -0.9764152 0 0.6352941 0
v -2.212446 5.485527 -1.542528 0 0.627451 0
v -2.17698 5.480185 -1.548776 0 0.627451 0
v -2.492764 5.204135 -1.950885 0 0 0
v -2.228868 5.732824 -0.9409439 0 0 0
v -2.178516 5.448694 -1.530573 0 0 0
v -2.492764 5.204135 -1.950885 0 0 0
v -2.292202 5.732623 -0.9478108 0 0 0
v -2.213982 5.454036 -1.524325 0 0 0
v -2.492764 5.204135 -1.950885 0 0 0
v -2.289281 5.789471 -0.9764152 0 0.6352941 0
v -2.212446 5.485527 -1.542528 0 0.627451 0
v -2.492764 5.204135 -1.950885 0 0 0
v -2.025821 6.067453 -1.379246 0 0.6627451 0
v -2.067289 6.035264 -1.341016 0 0.6627451 0
v -2.050039 5.979419 -1.369323 0 0 0
v -2.008572 6.011609 -1.407554 0 0 0
v -1.902936 6.072107 -0.9335735 0 0.6705883 0
v -1.806241 6.135409 -0.9495218 0 0.6862745 0
v -1.741078 6.04351 -0.919194 0 0.4078431 0
v -1.837773 5.980209 -0.9032457 0 0 0
v -1.806241 6.135409 -0.9495218 0 0.6862745 0
v -1.902936 6.072107 -0.9335735 0 0.6705883 0
v -1.882307 6.00571 -1.136225 0 0.6745098 0
v -1.797828 6.058821 -1.177297 0 0.682353 0
v -2.067289 6.035264 -1.341016 0 0.6627451 0
v -1.741078 6.04351 -0.919194 0 0.4078431 0
v -2.025821 6.067453 -1.379246 0 0.6627451 0
v -1.745189 5.965451 -1.189766 0 0 0
v -1.837773 5.980209 -0.9032457 0 0 0
v -2.008572 6.011609 -1.407554 0 0 0
v -1.829668 5.912338 -1.148694 0 0 0
v -1.902936 6.072107 -0.9335735 0 0.6705883 0
v -2.050039 5.979419 -1.369323 0 0 0
v -1.882307 6.00571 -1.136225 0 0.6745098 0
v -2.067289 6.035264 -1.341016 0 0.6627451 0
v 0.6787614 6.088862 0.7996781 0 0 0
v 0.6579694 6.085642 0.7314912 0 0 0
v 0.9411 5.847947 0.6672217 0 0 0
v 0.9557948 5.850312 0.7156484 0 0 0
v 0.6378741 6.032372 0.8148137 0 0.4 0
v 0.9881723 5.45258 0.6835893 0 0 0
v 0.9140555 5.825181 0.7295415 0 0.3058824 0
v 0.6170818 6.029151 0.7466268 0 0.3843137 0
v 0.9994088 5.447199 0.7113412 0 0 0
v 1.049319 5.108664 0.5074246 0 0.0627451 0
v 0.8993605 5.822816 0.6811144 0 0.2941177 0
v 0.6579694 6.085642 0.7314912 0 0 0
v 0.9411 5.847947 0.6672217 0 0 0
v 0.9715599 5.439963 0.7212136 0 0.1960784 0
v 1.049319 5.108664 0.5074246 0 0.0627451 0
v 0.9603242 5.445343 0.6934613 0 0.1960784 0
v 1.049319 5.108664 0.5074246 0 0.0627451 0
v 0.9881723 5.45258 0.6835893 0 0 0
v 1.049319 5.108664 0.5074246 0 0.0627451 0
v 0.8436944 5.871456 0.7131435 0 0.3176471 0
v 0.8826163 5.864347 0.7224564 0 0.3176471 0
v 0.8941397 5.658381 0.4796183 0 0 0
v 0.872005 5.664377 0.4759217 0 0.2078431 0
v 0.779349 5.358292 0.3787457 0 0.1254902 0
v 0.8552037 5.900701 0.6873662 0 0 0
v 0.8782746 5.675589 0.4565685 0 0 0
v 0.779349 5.358292 0.3787457 0 0.1254902 0
v 0.8941262 5.893593 0.6966794 0 0 0
v 0.9004096 5.669593 0.4602661 0 0 0
v 0.779349 5.358292 0.3787457 0 0.1254902 0
v 0.8826163 5.864347 0.7224564 0 0.3176471 0
v 0.8941397 5.658381 0.4796183 0 0 0
v 0.779349 5.358292 0.3787457 0 0.1254902 0
v 0.8014331 5.63524 0.9146252 0 0 0
v 0.8133671 5.658682 0.9668109 0 0.2509804 0
v 0.4635393 5.416699 1.150317 0 0.1960784 0
v 0.4547361 5.397341 1.099384 0 0 0
v 0.8353591 5.590117 0.9223524 0 0 0
v 0.4580861 5.019244 1.235368 0 0.09019608 0
v 0.5011981 5.370939 1.09772 0 0 0
v 0.8472931 5.613559 0.9745378 0 0.2352941 0
v 0.4468552 4.989779 1.199781 0 0 0
v 0.4587565 4.841008 1.546101 0 0 0
v 0.5100013 5.390297 1.148652 0 0.1882353 0
v 0.8133671 5.658682 0.9668109 0 0.2509804 0
v 0.4635393 5.416699 1.150317 0 0.1960784 0
v 0.4900777 4.980211 1.190708 0 0 0
v 0.4587565 4.841008 1.546101 0 0 0
v 0.5013087 5.009675 1.226295 0 0.09019608 0
v 0.4587565 4.841008 1.546101 0 0 0
v 0.4580861 5.019244 1.235368 0 0.09019608 0
v 0.4587565 4.841008 1.546101 0 0 0
v -3.256933 2.683734 -0.4656112 0 0.1960784 0
v -3.281249 2.646515 -0.4718969 0 0 0
v -3.536774 2.811723 -0.3899648 0 0 0
v -3.528786 2.83552 -0.3846496 0 0.1529412 0
v -3.935789 2.834717 -0.3353733 0 0.09019608 0
v -3.264449 2.695835 -0.5081909 0 0.1882353 0
v -3.532836 2.84233 -0.4090537 0 0.1529412 0
v -3.935789 2.834717 -0.3353733 0 0.09019608 0
v -3.288765 2.658617 -0.5144766 0 0 0
v -3.540824 2.818534 -0.4143694 0 0 0
v -3.935789 2.834717 -0.3353733 0 0.09019608 0
v -3.281249 2.646515 -0.4718969 0 0 0
v -3.536774 2.811723 -0.3899648 0 0 0
v -3.935789 2.834717 -0.3353733 0 0.09019608 0
v -0.8778481 1.799871 1.433398 0 0.4980392 0
v -0.8609176 1.822754 1.444624 0 0.5137255 0
v -0.8347139 1.818059 1.457075 0 0.5176471 0
v -0.8685751 1.772293 1.434622 0 0.1411765 0
v -0.8254409 1.790481 1.458299 0 0.1411765 0
v -0.8423714 1.767599 1.447073 0 0.1411765 0
v -0.8769166 1.952386 0.9418516 0 0.6431373 0
v -0.8458003 1.99568 0.9544347 0 0.6666667 0
v -0.7608235 1.865863 1.225467 0 0.5294118 0
v -0.7899315 1.827113 1.210335 0 0.5215687 0
v -0.8609176 1.822754 1.444624 0 0.5137255 0
v -0.8576486 1.910983 0.915799 0 0 0
v -0.8778481 1.799871 1.433398 0 0.4980392 0
v -0.7708902 1.783998 1.199251 0 0 0
v -0.8685751 1.772293 1.434622 0 0.1411765 0
v -0.8072646 1.912874 0.9023294 0 0 0
v -0.7227414 1.779634 1.2033 0 0.1960784 0
v -0.7761483 1.956168 0.9149122 0 0.2470588 0
v -0.6936333 1.818383 1.218433 0 0.2313726 0
v -0.795416 1.997571 0.9409649 0 0.6941177 0
v -0.7761483 1.956168 0.9149122 0 0.2470588 0
v -0.6936333 1.818383 1.218433 0 0.2313726 0
v -0.7126743 1.861499 1.229516 0 0.5529412 0
v -0.8458003 1.99568 0.9544347 0 0.6666667 0
v -0.7608235 1.865863 1.225467 0 0.5294118 0
v -0.8347139 1.818059 1.457075 0 0.5176471 0
v -0.8609176 1.822754 1.444624 0 0.5137255 0
v -0.8254409 1.790481 1.458299 0 0.1411765 0
v -0.8423714 1.767599 1.447073 0 0.1411765 0
v -0.7227414 1.779634 1.2033 0 0.1960784 0
v -0.8685751 1.772293 1.434622 0 0.1411765 0
v -0.7708902 1.783998 1.199251 0 0 0
v -0.7948737 1.860606 1.129333 0 0.5254902 0
v -0.7858719 1.898159 1.106427 0 0.5843138 0
v -0.6304729 1.948933 1.263081 0 0.5294118 0
v -0.639769 1.920804 1.27485 0 0.1764706 0
v -0.7628077 1.838999 1.10651 0 0.1960784 0
v -0.6273779 1.997928 1.523231 0 0.5019608 0
v -0.6114991 1.908243 1.267159 0 0.1764706 0
v -0.7538058 1.876552 1.083605 0 0.6 0
v -0.6342797 1.980214 1.521007 0 0 0
v -0.6660672 1.883747 1.761955 0 0.09019608 0
v -0.6022029 1.936372 1.255389 0 0.5333334 0
v -0.7858719 1.898159 1.106427 0 0.5843138 0
v -0.6304729 1.948933 1.263081 0 0.5294118 0
v -0.6165104 1.973168 1.521984 0 0.1254902 0
v -0.6660672 1.883747 1.761955 0 0.09019608 0
v -0.6096084 1.990882 1.524208 0 0.5137255 0
v -0.6660672 1.883747 1.761955 0 0.09019608 0
v -0.6273779 1.997928 1.523231 0 0.5019608 0
v -0.6660672 1.883747 1.761955 0 0.09019608 0
v -2.628958 5.701803 -1.235813 0 0.6 0
v -2.649164 5.668816 -1.191301 0 0.5921569 0
v -3.013623 5.8251 -1.252476 0 0.4509804 0
v -2.997495 5.847948 -1.283633 0 0.4588235 0
v -2.642555 5.658825 -1.273836 0 0 0
v -3.200192 5.817875 -1.379354 0 0.345098 0
v -2.995838 5.813807 -1.307811 0 0 0
v -2.662762 5.625838 -1.229324 0 0 0
v -3.187215 5.831018 -1.396407 0 0.3490196 0
v -3.48123 5.905451 -1.598271 0 0.1647059 0
v -3.011966 5.790959 -1.276654 0 0 0
v -2.649164 5.668816 -1.191301 0 0.5921569 0
v -3.013623 5.8251 -1.252476 0 0.4509804 0
v -3.181985 5.809779 -1.408797 0 0 0
v -3.48123 5.905451 -1.598271 0 0.1647059 0
v -3.194963 5.796636 -1.391744 0 0 0
v -3.48123 5.905451 -1.598271 0 0.1647059 0
v -3.200192 5.817875 -1.379354 0 0.345098 0
v -3.48123 5.905451 -1.598271 0 0.1647059 0
v -0.215642 8.28332 -1.539265 0 0 0
v -0.1477027 8.256024 -1.667471 0 0.4980392 0
v -0.5645752 7.91696 -1.796702 0 0.4745098 0
v -0.6257224 7.92985 -1.700117 0 0 0
v -0.2912555 8.393116 -1.60271 0 0 0
v -0.823564 7.543517 -1.954903 0 0.2745098 0
v -0.6923146 8.007567 -1.752647 0 0 0
v -0.2233155 8.365819 -1.730917 0 0.4980392 0
v -0.8721336 7.546015 -1.885958 0 0 0
v -0.8621048 6.98525 -1.932021 0 0 0
v -0.6311674 7.994678 -1.849233 0 0.4627451 0
v -0.1477027 8.256024 -1.667471 0 0.4980392 0
v -0.5645752 7.91696 -1.796702 0 0.4745098 0
v -0.9369895 7.573106 -1.932633 0 0.2352941 0
v -0.8949795 6.967831 -1.896709 0 0 0
v -0.9238905 6.684283 -2.414818 0 0 0
v -0.8884203 7.57061 -2.001577 0 0.2431373 0
v -0.823564 7.543517 -1.954903 0 0.2745098 0
v -0.9342884 6.984982 -1.924847 0 0 0
v -0.9238905 6.684283 -2.414818 0 0 0
v -0.9014139 7.002399 -1.96016 0 0 0
v -0.9238905 6.684283 -2.414818 0 0 0
v -0.8621048 6.98525 -1.932021 0 0 0
v -0.9238905 6.684283 -2.414818 0 0 0
v -0.8982024 7.20239 -1.958915 0 0.1098039 0
v -0.9183618 7.155577 -1.950023 0 0.09019608 0
v -0.692421 7.051707 -2.027863 0 0.09019608 0
v -0.6794309 7.085603 -2.033482 0 0.1098039 0
v -0.8793396 7.203415 -1.910748 0 0 0
v -0.534843 6.984352 -2.186879 0 0.0627451 0
v -0.6595833 7.083105 -2.002674 0 0 0
v -0.8994989 7.156602 -1.901857 0 0 0
v -0.5242485 7.002981 -2.192097 0 0.0627451 0
v -0.3112721 6.784505 -2.226985 0 0 0
v -0.6725731 7.049208 -1.997055 0 0 0
v -0.9183618 7.155577 -1.950023 0 0.09019608 0
v -0.692421 7.051707 -2.027863 0 0.09019608 0
v -0.5130427 7.00192 -2.173129 0 0 0
v -0.3112721 6.784505 -2.226985 0 0 0
v -0.5236371 6.98329 -2.167913 0 0 0
v -0.3112721 6.784505 -2.226985 0 0 0
v -0.534843 6.984352 -2.186879 0 0.0627451 0
v -0.3112721 6.784505 -2.226985 0 0 0
v -0.8634342 7.524373 -1.925152 0 0 0
v -0.8571132 7.548986 -1.970219 0 0.2588235 0
v -1.079252 7.440207 -2.052078 0 0.1098039 0
v -1.078955 7.425695 -2.018335 0 0 0
v -0.891242 7.564188 -1.907309 0 0 0
v -1.268902 7.257161 -2.074594 0 0 0
v -1.101838 7.452017 -2.006813 0 0 0
v -0.88492 7.5888 -1.952375 0 0.2588235 0
v -1.268928 7.248237 -2.054422 0 0 0
v -1.362749 7.052548 -2.203024 0 0 0
v -1.102136 7.46653 -2.040556 0 0.1098039 0
v -0.8571132 7.548986 -1.970219 0 0.2588235 0
v -1.079252 7.440207 -2.052078 0 0.1098039 0
v -1.28759 7.258997 -2.049687 0 0 0
v -1.362749 7.052548 -2.203024 0 0 0
v -1.287564 7.267921 -2.069858 0 0 0
v -1.362749 7.052548 -2.203024 0 0 0
v -1.268902 7.257161 -2.074594 0 0 0
v -1.362749 7.052548 -2.203024 0 0 0
v -0.3437089 8.080451 -2.262897 0 0.4666667 0
v -0.4401536 8.0877 -2.333457 0 0.4509804 0
v -0.1979718 7.689583 -2.677193 0 0.1882353 0
v -0.1142433 7.67227 -2.639888 0 0.1960784 0
v -0.3950443 7.991137 -2.201904 0 0 0
v -0.08208776 7.710928 -3.258534 0 0 0
v -0.1420367 7.586082 -2.617506 0 0 0
v -0.4914889 7.998384 -2.272464 0 0 0
v -0.01876259 7.696455 -3.237059 0 0 0
v 0.1151114 7.434931 -3.711377 0 0 0
v -0.2257652 7.603396 -2.65481 0 0 0
v -0.4401536 8.0877 -2.333457 0 0.4509804 0
v -0.1979718 7.689583 -2.677193 0 0.1882353 0
v -0.03697347 7.631232 -3.227312 0 0 0
v 0.1454558 7.430876 -3.68322 0 0 0
v 0.6767985 7.344118 -4.042314 0 0 0
v -0.1002986 7.645704 -3.248788 0 0 0
v -0.08208776 7.710928 -3.258534 0 0 0
v 0.1339545 7.391474 -3.676499 0 0 0
v 0.6767985 7.344118 -4.042314 0 0 0
v 0.10361 7.395528 -3.704654 0 0 0
v 0.6767985 7.344118 -4.042314 0 0 0
v 0.1151114 7.434931 -3.711377 0 0 0
v 0.6767985 7.344118 -4.042314 0 0 0
v -0.7200186 8.009007 -2.826266 0 0.1647059 0
v -0.787073 8.014904 -2.816179 0 0.1529412 0
v -0.8649809 8.003211 -3.425847 0 0 0
v -0.8266897 7.99989 -3.431823 0 0 0
v -0.8634789 8.348386 -3.718052 0 0 0
v -0.7259507 7.9412 -2.826058 0 0 0
v -0.8323054 7.965231 -3.448557 0 0 0
v -0.8634789 8.348386 -3.718052 0 0 0
v -0.793005 7.947096 -2.815971 0 0 0
v -0.8705969 7.968549 -3.442581 0 0 0
v -0.8634789 8.348386 -3.718052 0 0 0
v -0.787073 8.014904 -2.816179 0 0.1529412 0
v -0.8649809 8.003211 -3.425847 0 0 0
v -0.8634789 8.348386 -3.718052 0 0 0
v -0.1299634 7.680362 -2.957517 0 0.0627451 0
v -0.1183255 7.625417 -2.95421 0 0 0
v 0.3665602 7.73649 -2.950531 0 0 0
v 0.3542959 7.774467 -2.952209 0 0 0
v -0.1301425 7.683704 -2.901355 0 0.09019608 0
v 0.6686501 7.878843 -3.176293 0 0 0
v 0.3654825 7.779757 -2.91423 0 0 0
v -0.1185047 7.628759 -2.898048 0 0 0
v 0.6683865 7.902353 -3.181026 0 0 0
v 0.9384688 7.694391 -3.355126 0 0 0
v 0.3777468 7.741781 -2.912552 0 0 0
v -0.1183255 7.625417 -2.95421 0 0 0
v 0.3665602 7.73649 -2.950531 0 0 0
v 0.6827731 7.906296 -3.162245 0 0 0
v 0.9384688 7.694391 -3.355126 0 0 0
v 0.6830367 7.882785 -3.157513 0 0 0
v 0.9384688 7.694391 -3.355126 0 0 0
v 0.6686501 7.878843 -3.176293 0 0 0
v 0.9384688 7.694391 -3.355126 0 0 0
v 1.74747 2.516162 -0.5032623 0 0.509804 0
v 1.747881 2.47185 -0.5090215 0 0 0
v 1.748286 2.445968 -0.4744474 0 0.0627451 0
v 1.747462 2.534594 -0.4629285 0 0.509804 0
v 1.748278 2.4644 -0.4341141 0 0.0627451 0
v 1.747867 2.508712 -0.428355 0 0.509804 0
v 1.195887 2.380773 -0.6446139 0 0 0
v 1.166498 2.456322 -0.6342938 0 0.5372549 0
v 1.10872 2.474291 -0.5808393 0 0.5411765 0
v 1.167498 2.323192 -0.6014802 0 0 0
v 1.080331 2.416709 -0.5377051 0 0.2588235 0
v 1.10972 2.341161 -0.5480258 0 0 0
v 1.166498 2.456322 -0.6342938 0 0.5372549 0
v 1.195887 2.380773 -0.6446139 0 0 0
v 1.302401 2.405621 -0.5336835 0 0 0
v 1.269219 2.479481 -0.5261691 0 0.5294118 0
v 1.10872 2.474291 -0.5808393 0 0.5411765 0
v 1.426718 2.478712 -0.52087 0 0 0
v 1.229637 2.503043 -0.4606121 0 0.5372549 0
v 1.080331 2.416709 -0.5377051 0 0.2588235 0
v 1.410544 2.542295 -0.5123446 0 0.5215687 0
v 1.747881 2.47185 -0.5090215 0 0 0
v 1.74747 2.516162 -0.5032623 0 0.509804 0
v 1.402951 2.568656 -0.4533264 0 0.5254902 0
v 1.747462 2.534594 -0.4629285 0 0.509804 0
v 1.223236 2.452744 -0.4025694 0 0.5529412 0
v 1.10972 2.341161 -0.5480258 0 0 0
v 1.411533 2.531436 -0.4028341 0 0.5294118 0
v 1.747867 2.508712 -0.428355 0 0.509804 0
v 1.256418 2.378884 -0.4100839 0 0.1411765 0
v 1.167498 2.323192 -0.6014802 0 0 0
v 1.427707 2.467852 -0.4113595 0 0.09019608 0
v 1.748278 2.4644 -0.4341141 0 0.0627451 0
v 1.296 2.355322 -0.4756409 0 0.1411765 0
v 1.195887 2.380773 -0.6446139 0 0 0
v 1.302401 2.405621 -0.5336835 0 0 0
v 1.4353 2.441491 -0.4703771 0 0.09019608 0
v 1.748286 2.445968 -0.4744474 0 0.0627451 0
v 1.426718 2.478712 -0.52087 0 0 0
v 1.747881 2.47185 -0.5090215 0 0 0
v 1.243684 8.197822 1.740881 0 0 0
v 1.292511 8.273039 1.83476 0 0.4980392 0
v 1.731135 8.121333 1.727962 0 0.4980392 0
v 1.692551 8.063481 1.655363 0 0 0
v 1.258585 8.284097 1.648023 0 0 0
v 2.065033 7.872844 1.727543 0 0.4862745 0
v 1.722092 8.127316 1.584642 0 0 0
v 1.307478 8.359587 1.742167 0 0.4980392 0
v 2.037636 7.830114 1.674773 0 0 0
v 2.266613 7.414377 1.991416 0 0.4431373 0
v 1.760735 8.185408 1.657477 0 0.4980392 0
v 1.292511 8.273039 1.83476 0 0.4980392 0
v 1.731135 8.121333 1.727962 0 0.4980392 0
v 2.089011 7.854277 1.628537 0 0 0
v 2.247552 7.391912 1.958048 0 0 0
v 2.577818 6.973333 1.997581 0 0 0
v 2.116407 7.897006 1.681306 0 0.4823529 0
v 2.065033 7.872844 1.727543 0 0.4862745 0
v 2.28185 7.402128 1.931577 0 0 0
v 2.577818 6.973333 1.997581 0 0 0
v 2.300912 7.424593 1.964945 0 0.4392157 0
v 2.577818 6.973333 1.997581 0 0 0
v 2.266613 7.414377 1.991416 0 0.4431373 0
v 2.577818 6.973333 1.997581 0 0 0
v 2.206781 7.622201 1.83906 0 0.4627451 0
v 2.17835 7.593904 1.818886 0 0 0
v 2.058699 7.594054 2.004737 0 0 0
v 2.072644 7.611859 2.027202 0 0.4666667 0
v 2.182173 7.656998 1.824931 0 0.4666667 0
v 1.900999 7.432901 2.119787 0 0 0
v 2.051881 7.635356 2.021469 0 0.4745098 0
v 2.153743 7.628701 1.804758 0 0 0
v 1.906576 7.439988 2.13667 0 0.4627451 0
v 1.895965 7.131479 2.271451 0 0 0
v 2.037935 7.617553 1.999004 0 0 0
v 2.17835 7.593904 1.818886 0 0 0
v 2.058699 7.594054 2.004737 0 0 0
v 1.889323 7.447932 2.139035 0 0.4627451 0
v 1.895965 7.131479 2.271451 0 0 0
v 1.883746 7.440845 2.122153 0 0 0
v 1.895965 7.131479 2.271451 0 0 0
v 1.900999 7.432901 2.119787 0 0 0
v 1.895965 7.131479 2.271451 0 0 0
v 1.773833 5.271764 -2.335008 0 0.5333334 0
v 1.73197 5.333762 -2.328844 0 0.5803922 0
v 1.883793 5.465729 -2.837745 0 0.282353 0
v 1.902676 5.42847 -2.827989 0 0.2784314 0
v 2.215328 5.201739 -3.394156 0 0 0
v 1.715266 5.23514 -2.364381 0 0 0
v 1.868423 5.407256 -2.842711 0 0 0
v 2.215328 5.201739 -3.394156 0 0 0
v 1.673404 5.297138 -2.358217 0 0.09019608 0
v 1.84954 5.444515 -2.852467 0 0 0
v 2.215328 5.201739 -3.394156 0 0 0
v 1.73197 5.333762 -2.328844 0 0.5803922 0
v 1.883793 5.465729 -2.837745 0 0.282353 0
v 2.215328 5.201739 -3.394156 0 0 0
v 1.009566 5.797328 -1.75081 0 0.1647059 0
v 1.012745 5.671679 -1.694565 0 0.1764706 0
v 0.6552558 5.51532 -2.060799 0 0.09019608 0
v 0.652297 5.612961 -2.105176 0 0.0627451 0
v 1.109215 5.760612 -1.838463 0 0.6431373 0
v 0.4837453 5.328858 -2.486347 0 0 0
v 0.7424159 5.591154 -2.159165 0 0.5843138 0
v 1.112394 5.634965 -1.782219 0 0.6392157 0
v 0.4819212 5.400919 -2.517908 0 0 0
v 0.6776165 5.12312 -3.038838 0 0 0
v 0.7453744 5.493513 -2.114788 0 0.572549 0
v 1.012745 5.671679 -1.694565 0 0.1764706 0
v 0.6552558 5.51532 -2.060799 0 0.09019608 0
v 0.5605123 5.401183 -2.521849 0 0.3333333 0
v 0.676605 5.164799 -3.062301 0 0 0
v 0.6289122 4.809567 -3.505627 0 0 0
v 0.5623364 5.329122 -2.490289 0 0.3215686 0
v 0.4837453 5.328858 -2.486347 0 0 0
v 0.7242607 5.167675 -3.059248 0 0.0627451 0
v 0.6289122 4.809567 -3.505627 0 0 0
v 0.7252724 5.125997 -3.035784 0 0.0627451 0
v 0.6289122 4.809567 -3.505627 0 0 0
v 0.6776165 5.12312 -3.038838 0 0 0
v 0.6289122 4.809567 -3.505627 0 0 0
v 0.6039124 5.257549 -2.817864 0 0.1764706 0
v 0.6228082 5.217446 -2.798806 0 0 0
v 0.8375522 5.314445 -2.828935 0 0 0
v 0.8350986 5.345014 -2.844205 0 0.2980392 0
v 0.602663 5.277773 -2.77407 0 0.1960784 0
v 1.090416 5.221724 -2.867321 0 0 0
v 0.8399975 5.36048 -2.814031 0 0.3215686 0
v 0.6215589 5.237671 -2.755012 0 0 0
v 1.094548 5.238564 -2.878387 0 0.3176471 0
v 1.292851 5.04107 -3.107992 0 0.1098039 0
v 0.8424511 5.32991 -2.798761 0 0 0
v 0.6228082 5.217446 -2.798806 0 0 0
v 0.8375522 5.314445 -2.828935 0 0 0
v 1.107085 5.24526 -2.863515 0 0.3372549 0
v 1.292851 5.04107 -3.107992 0 0.1098039 0
v 1.102953 5.228418 -2.852449 0 0 0
v 1.292851 5.04107 -3.107992 0 0.1098039 0
v 1.090416 5.221724 -2.867321 0 0 0
v 1.292851 5.04107 -3.107992 0 0.1098039 0
v 0.765488 9.20809 0.8810761 0 0 0
v 0.8009251 9.103736 0.8619864 0 0.4784314 0
v 0.3604101 8.924536 1.171065 0 0.4745098 0
v 0.3215774 8.999979 1.19538 0 0 0
v 0.7069904 9.204987 0.7957231 0 0 0
v 0.0678041 8.633679 1.43088 0 0.4509804 0
v 0.2752445 8.996027 1.127959 0 0 0
v 0.742079 9.099199 0.775233 0 0.4823529 0
v 0.02203539 8.666064 1.462886 0 0 0
v -0.0109861 7.996266 1.534741 0 0.4078431 0
v 0.3141078 8.920707 1.103764 0 0.4784314 0
v 0.8009251 9.103736 0.8619864 0 0.4784314 0
v 0.3604101 8.924536 1.171065 0 0.4745098 0
v -0.01166356 8.663003 1.412263 0 0 0
v -0.03628174 8.019016 1.550905 0 0.4078431 0
v -0.8499219 7.743595 1.5866 0 0 0
v 0.03412247 8.630686 1.380324 0 0.454902 0
v 0.0678041 8.633679 1.43088 0 0.4509804 0
v -0.05122313 8.026093 1.517027 0 0 0
v -0.8499219 7.743595 1.5866 0 0 0
v -0.02593344 8.003326 1.500846 0 0.4156863 0
v -0.8499219 7.743595 1.5866 0 0 0
v -0.0109861 7.996266 1.534741 0 0.4078431 0
v -0.8499219 7.743595 1.5866 0 0 0
v -0.004025143 8.285701 1.484065 0 0 0
v 0.01441545 8.264149 1.486634 0 0.4352941 0
v -0.04920349 8.280753 1.960584 0 0.3333333 0
v -0.05902712 8.293204 1.956902 0 0 0
v -0.361834 8.188866 2.199388 0 0.0627451 0
v -0.0251196 8.268724 1.483205 0 0 0
v -0.0694272 8.283033 1.949856 0 0 0
v -0.361834 8.188866 2.199388 0 0.0627451 0
v -0.006681158 8.247165 1.485769 0 0.4352941 0
v -0.05960457 8.270577 1.953534 0 0.3333333 0
v -0.361834 8.188866 2.199388 0 0.0627451 0
v 0.01441545 8.264149 1.486634 0 0.4352941 0
v -0.04920349 8.280753 1.960584 0 0.3333333 0
v -0.361834 8.188866 2.199388 0 0.0627451 0
v 0.009018054 8.649363 1.441567 0 0 0
v 0.02120702 8.605264 1.455519 0 0.4470588 0
v -0.3132294 8.500966 1.334053 0 0.4470588 0
v -0.328041 8.533545 1.322272 0 0 0
v 0.0283665 8.639435 1.395527 0 0 0
v -0.512824 8.375833 1.343344 0 0.427451 0
v -0.3177354 8.524961 1.286354 0 0 0
v 0.04056852 8.595389 1.409532 0 0.4509804 0
v -0.5243167 8.399463 1.334762 0 0 0
v -0.7956277 8.341239 1.46862 0 0.3686275 0
v -0.3029234 8.492384 1.298137 0 0.4509804 0
v 0.02120702 8.605264 1.455519 0 0.4470588 0
v -0.3132294 8.500966 1.334053 0 0.4470588 0
v -0.5270297 8.388912 1.309353 0 0 0
v -0.8057634 8.35397 1.464413 0 0 0
v -0.920732 8.156921 1.486624 0 0.3294118 0
v -0.5155353 8.365283 1.317936 0 0.427451 0
v -0.512824 8.375833 1.343344 0 0.427451 0
v -0.8073843 8.34757 1.448957 0 0 0
v -0.920732 8.156921 1.486624 0 0.3294118 0
v -0.7972492 8.334841 1.453164 0 0.3686275 0
v -0.920732 8.156921 1.486624 0 0.3294118 0
v -0.7956277 8.341239 1.46862 0 0.3686275 0
v -0.920732 8.156921 1.486624 0 0.3294118 0
v -0.0290667 8.006863 1.504057 0 0.4117647 0
v -0.05138413 8.023009 1.519242 0 0 0
v -0.2217461 7.736753 1.55786 0 0 0
v -0.2100298 7.726329 1.549254 0 0.3529412 0
v -0.5388727 7.546971 1.414467 0 0 0
v -0.01481472 8.001251 1.531445 0 0.4078431 0
v -0.2055976 7.718534 1.564731 0 0.3568628 0
v -0.5388727 7.546971 1.414467 0 0 0
v -0.03713459 8.017391 1.546624 0 0.0627451 0
v -0.2173141 7.728957 1.573337 0 0.3529412 0
v -0.5388727 7.546971 1.414467 0 0 0
v -0.05138413 8.023009 1.519242 0 0 0
v -0.2217461 7.736753 1.55786 0 0 0
v -0.5388727 7.546971 1.414467 0 0 0
v 1.109539 7.790665 2.029419 0 0 0
v 1.054792 7.847333 2.075799 0 0.0627451 0
v 1.284149 7.771853 2.438936 0 0 0
v 1.322448 7.745349 2.39852 0 0 0
v 1.169973 7.857286 2.018439 0 0.4941176 0
v 1.41985 7.328181 2.723284 0 0 0
v 1.368737 7.778291 2.40542 0 0.4823529 0
v 1.115166 7.914094 2.064748 0 0.4941176 0
v 1.440405 7.324964 2.696094 0 0 0
v 1.446415 6.925302 2.679061 0 0.3176471 0
v 1.330541 7.804941 2.446378 0 0.4823529 0
v 1.054792 7.847333 2.075799 0 0.0627451 0
v 1.284149 7.771853 2.438936 0 0 0
v 1.468801 7.339823 2.706811 0 0.427451 0
v 1.446415 6.925302 2.679061 0 0.3176471 0
v 1.447677 7.343251 2.734453 0 0.427451 0
v 1.446415 6.925302 2.679061 0 0.3176471 0
v 1.41985 7.328181 2.723284 0 0 0
v 1.446415 6.925302 2.679061 0 0.3176471 0
v 2.238569 4.824362 -2.600027 0 0.1411765 0
v 2.188173 4.843681 -2.620219 0 0.1411765 0
v 2.217244 4.565021 -2.942773 0 0.1411765 0
v 2.263277 4.550953 -2.919905 0 0.1411765 0
v 2.210822 4.784809 -2.568618 0 0 0
v 2.30659 4.282309 -3.17468 0 0.1529412 0
v 2.237531 4.514947 -2.890228 0 0 0
v 2.160426 4.804129 -2.588811 0 0 0
v 2.335121 4.271163 -3.165425 0 0.1529412 0
v 2.359921 4.355498 -3.637198 0 0.0627451 0
v 2.191498 4.529015 -2.913097 0 0 0
v 2.188173 4.843681 -2.620219 0 0.1411765 0
v 2.217244 4.565021 -2.942773 0 0.1411765 0
v 2.321887 4.242791 -3.158799 0 0 0
v 2.359921 4.355498 -3.637198 0 0.0627451 0
v 2.293357 4.253938 -3.168054 0 0 0
v 2.359921 4.355498 -3.637198 0 0.0627451 0
v 2.30659 4.282309 -3.17468 0 0.1529412 0
v 2.359921 4.355498 -3.637198 0 0.0627451 0
v 1.241532 10.58538 -0.8368893 0 0 0
v 1.216333 10.67739 -0.795601 0 0.0627451 0
v 1.650791 10.66486 -0.5444947 0 0 0
v 1.652515 10.60124 -0.5818588 0 0 0
v 1.291398 10.63374 -0.9142228 0 0.4980392 0
v 2.166306 10.48165 -0.4989105 0 0 0
v 1.680863 10.63632 -0.640277 0 0.4470588 0
v 1.266199 10.72575 -0.8729345 0 0.5019608 0
v 2.147482 10.44883 -0.5219827 0 0 0
v 2.541404 10.3414 -0.8713274 0 0 0
v 1.679138 10.69994 -0.6029131 0 0.4431373 0
v 1.216333 10.67739 -0.795601 0 0.0627451 0
v 1.650791 10.66486 -0.5444947 0 0 0
v 2.145543 10.47503 -0.5576683 0 0.1647059 0
v 2.541404 10.3414 -0.8713274 0 0 0
v 2.164367 10.50784 -0.5345956 0 0.1529412 0
v 2.541404 10.3414 -0.8713274 0 0 0
v 2.166306 10.48165 -0.4989105 0 0 0
v 2.541404 10.3414 -0.8713274 0 0 0
v 1.892412 10.56322 -0.5429984 0 0 0
v 1.917917 10.59701 -0.5603839 0 0.3176471 0
v 2.004644 10.64494 -0.3209011 0 0.1882353 0
v 1.984474 10.62066 -0.3131725 0 0 0
v 1.927337 10.53413 -0.5482956 0 0 0
v 2.149412 10.52213 -0.138043 0 0.0627451 0
v 2.004783 10.59939 -0.3269778 0 0 0
v 1.952843 10.56792 -0.5656816 0 0.2941177 0
v 2.137353 10.50753 -0.1333481 0 0 0
v 2.556436 10.28253 -0.1050258 0 0 0
v 2.024953 10.62366 -0.3347059 0 0.1882353 0
v 1.917917 10.59701 -0.5603839 0 0.3176471 0
v 2.004644 10.64494 -0.3209011 0 0.1882353 0
v 2.141202 10.49887 -0.1503988 0 0 0
v 2.556436 10.28253 -0.1050258 0 0 0
v 2.153261 10.51346 -0.1550933 0 0.0627451 0
v 2.556436 10.28253 -0.1050258 0 0 0
v 2.149412 10.52213 -0.138043 0 0.0627451 0
v 2.556436 10.28253 -0.1050258 0 0 0
v 1.566248 10.22862 -1.481892 0 0.3019608 0
v 1.458296 10.27103 -1.436639 0 0.3686275 0
v 1.286566 10.26485 -1.888639 0 0.1764706 0
v 1.367167 10.23205 -1.904144 0 0.1254902 0
v 1.525298 10.11166 -1.469967 0 0 0
v 1.427975 10.50252 -2.381775 0 0.0627451 0
v 1.331501 10.1535 -1.923364 0 0 0
v 1.417346 10.15406 -1.424714 0 0 0
v 1.471834 10.47725 -2.365816 0 0.0627451 0
v 1.658317 10.38458 -2.723328 0 0 0
v 1.250899 10.1863 -1.907858 0 0 0
v 1.458296 10.27103 -1.436639 0 0.3686275 0
v 1.286566 10.26485 -1.888639 0 0.1764706 0
v 1.451318 10.43118 -2.382369 0 0 0
v 1.658317 10.38458 -2.723328 0 0 0
v 1.407459 10.45645 -2.398328 0 0.0627451 0
v 1.658317 10.38458 -2.723328 0 0 0
v 1.427975 10.50252 -2.381775 0 0.0627451 0
v 1.658317 10.38458 -2.723328 0 0 0
v 2.00515 10.09415 -1.681044 0 0 0
v 1.968259 10.00562 -1.721143 0 0 0
v 2.206094 9.776295 -1.386461 0 0 0
v 2.245019 9.823368 -1.345043 0 0 0
v 1.924434 10.09817 -1.615663 0 0 0
v 2.441483 9.294983 -1.350738 0 0 0
v 2.19536 9.816751 -1.290851 0 0 0
v 1.887544 10.00964 -1.655763 0 0 0
v 2.467652 9.319987 -1.325172 0 0 0
v 2.822814 9.139831 -1.389159 0 0 0
v 2.156435 9.769676 -1.332269 0 0 0
v 1.968259 10.00562 -1.721143 0 0 0
v 2.206094 9.776295 -1.386461 0 0 0
v 2.451929 9.299579 -1.289117 0 0 0
v 2.822814 9.139831 -1.389159 0 0 0
v 2.425761 9.274573 -1.314684 0 0 0
v 2.822814 9.139831 -1.389159 0 0 0
v 2.441483 9.294983 -1.350738 0 0 0
v 2.822814 9.139831 -1.389159 0 0 0
v 1.290446 10.23304 -1.864335 0 0.0627451 0
v 1.270779 10.17647 -1.895951 0 0 0
v 0.9717615 10.37158 -2.036017 0 0 0
v 0.9908175 10.40739 -2.010211 0 0.1647059 0
v 1.325537 10.25152 -1.919229 0 0.1411765 0
v 0.9110793 10.6698 -2.280006 0 0.2156863 0
v 1.026816 10.41105 -2.041872 0 0.1882353 0
v 1.30587 10.19495 -1.950845 0 0.1098039 0
v 0.922491 10.69138 -2.264595 0 0.2156863 0
v 1.116847 10.88621 -2.913829 0 0.1411765 0
v 1.00776 10.37524 -2.067677 0 0.0627451 0
v 1.270779 10.17647 -1.895951 0 0 0
v 0.9717615 10.37158 -2.036017 0 0 0
v 0.9489781 10.68129 -2.270081 0 0.2078431 0
v 1.116847 10.88621 -2.913829 0 0.1411765 0
v 0.9375665 10.65971 -2.285492 0 0 0
v 1.116847 10.88621 -2.913829 0 0.1411765 0
v 0.9110793 10.6698 -2.280006 0 0.2156863 0
v 1.116847 10.88621 -2.913829 0 0.1411765 0
v -0.9452306 11.61339 -0.741815 0 0.6196079 0
v -1.02729 11.55356 -0.7674493 0 0.6196079 0
v -0.849319 11.58693 -1.36475 0 0.6705883 0
v -0.7825804 11.63365 -1.359856 0 0.6666667 0
v -0.8860725 11.52764 -0.7310127 0 0 0
v -0.8637195 11.50508 -1.908382 0 0.7333333 0
v -0.7363772 11.56683 -1.352021 0 0 0
v -0.9681319 11.4678 -0.7566469 0 0 0
v -0.8181886 11.53313 -1.935266 0 0.7294118 0
v -1.244491 11.13769 -2.413667 0 0.6980392 0
v -0.8031156 11.52011 -1.356915 0 0 0
v -1.02729 11.55356 -0.7674493 0 0.6196079 0
v -0.849319 11.58693 -1.36475 0 0.6705883 0
v -0.7842078 11.4843 -1.928676 0 0 0
v -1.218619 11.15324 -2.433998 0 0.6980392 0
v -1.470412 11.05232 -3.059785 0 0.4509804 0
v -0.8297385 11.45624 -1.901792 0 0 0
v -0.8637195 11.50508 -1.908382 0 0.7333333 0
v -1.19938 11.12236 -2.433121 0 0 0
v -1.470412 11.05232 -3.059785 0 0.4509804 0
v -1.225252 11.10682 -2.41279 0 0 0
v -1.470412 11.05232 -3.059785 0 0.4509804 0
v -1.244491 11.13769 -2.413667 0 0.6980392 0
v -1.470412 11.05232 -3.059785 0 0.4509804 0
v -0.7965498 11.51949 -1.703286 0 0 0
v -0.8061511 11.55532 -1.729356 0 0.7215686 0
v -0.5127499 11.38588 -2.053153 0 0.6980392 0
v -0.5080426 11.36605 -2.037149 0 0 0
v -0.4845986 11.1028 -2.353246 0 0 0
v -0.8300965 11.49619 -1.722958 0 0 0
v -0.5314829 11.35631 -2.042326 0 0 0
v -0.4845986 11.1028 -2.353246 0 0 0
v -0.8396978 11.53201 -1.749027 0 0.7254902 0
v -0.5361905 11.37613 -2.05833 0 0.7019608 0
v -0.4845986 11.1028 -2.353246 0 0 0
v -0.8061511 11.55532 -1.729356 0 0.7215686 0
v -0.5127499 11.38588 -2.053153 0 0.6980392 0
v -0.4845986 11.1028 -2.353246 0 0 0
v -0.8380847 11.46668 -1.980152 0 0 0
v -0.8428501 11.49943 -1.949165 0 0.7294118 0
v -1.211635 11.62093 -2.14158 0 0.7254902 0
v -1.203619 11.59383 -2.16278 0 0 0
v -0.8617615 11.43835 -1.953848 0 0 0
v -1.369892 11.68313 -2.359858 0 0.6901961 0
v -1.226666 11.57344 -2.145432 0 0 0
v -0.866527 11.4711 -1.92286 0 0.7333333 0
v -1.35704 11.66194 -2.367414 0 0 0
v -1.541036 11.56414 -2.634633 0 0.6117647 0
v -1.234682 11.60054 -2.124232 0 0.7254902 0
v -0.8428501 11.49943 -1.949165 0 0.7294118 0
v -1.211635 11.62093 -2.14158 0 0.7254902 0
v -1.374371 11.64707 -2.355182 0 0 0
v -1.533237 11.55126 -2.639253 0 0 0
v -1.596718 11.67255 -2.843152 0 0.5176471 0
v -1.387223 11.66826 -2.347625 0 0.6901961 0
v -1.369892 11.68313 -2.359858 0 0.6901961 0
v -1.545424 11.5423 -2.634854 0 0 0
v -1.596718 11.67255 -2.843152 0 0.5176471 0
v -1.553223 11.55518 -2.630233 0 0.6117647 0
v -1.596718 11.67255 -2.843152 0 0.5176471 0
v -1.541036 11.56414 -2.634633 0 0.6117647 0
v -1.596718 11.67255 -2.843152 0 0.5176471 0
v -2.165081 10.69386 -1.402847 0 0.5333334 0
v -2.14092 10.64516 -1.365684 0 0 0
v -2.158155 10.44145 -1.639579 0 0 0
v -2.17445 10.48147 -1.657439 0 0.4823529 0
v -2.103967 10.7102 -1.42117 0 0.5490196 0
v -2.192419 10.38358 -1.93243 0 0 0
v -2.130886 10.49418 -1.668701 0 0.4941176 0
v -2.079806 10.66149 -1.384008 0 0 0
v -2.202415 10.40702 -1.944203 0 0.427451 0
v -2.310233 10.11316 -2.168557 0 0 0
v -2.114591 10.45416 -1.650842 0 0 0
v -2.14092 10.64516 -1.365684 0 0 0
v -2.158155 10.44145 -1.639579 0 0 0
v -2.177092 10.41236 -1.955088 0 0.4313726 0
v -2.310233 10.11316 -2.168557 0 0 0
v -2.167095 10.38891 -1.943316 0 0 0
v -2.310233 10.11316 -2.168557 0 0 0
v -2.192419 10.38358 -1.93243 0 0 0
v -2.310233 10.11316 -2.168557 0 0 0
v -1.308902 11.30121 -0.8495219 0 0 0
v -1.365722 11.37256 -0.8277639 0 0.6196079 0
v -1.564681 11.10021 -0.4982665 0 0.5647059 0
v -1.518765 11.04662 -0.5171826 0 0 0
v -1.247435 11.33051 -0.7850536 0 0 0
v -1.821102 10.79324 -0.3605806 0 0.5058824 0
v -1.478889 11.05967 -0.4573696 0 0 0
v -1.304255 11.40185 -0.7632959 0 0.6156863 0
v -1.782406 10.76032 -0.3776204 0 0 0
v -2.065545 10.3657 -0.3096314 0 0.4156863 0
v -1.524805 11.11326 -0.4384539 0 0.5568628 0
v -1.365722 11.37256 -0.8277639 0 0.6196079 0
v -1.564681 11.10021 -0.4982665 0 0.5647059 0
v -1.762281 10.75829 -0.3280002 0 0 0
v -2.045308 10.34207 -0.3193031 0 0 0
v -2.283397 9.938514 -0.3082379 0 0 0
v -1.800977 10.79121 -0.31096 0 0.5019608 0
v -1.821102 10.79324 -0.3605806 0 0.5058824 0
v -2.037126 10.33638 -0.2882872 0 0 0
v -2.283397 9.938514 -0.3082379 0 0 0
v -2.057364 10.36001 -0.278616 0 0.4117647 0
v -2.283397 9.938514 -0.3082379 0 0 0
v -2.065545 10.3657 -0.3096314 0 0.4156863 0
v -2.283397 9.938514 -0.3082379 0 0 0
v 0.9707057 14.2625 -1.069854 0 0 0
v 0.9540305 14.31539 -1.122555 0 0.5686275 0
v 0.5209868 14.05558 -1.231305 0 0.2980392 0
v 0.5308859 14.01631 -1.195066 0 0 0
v 0.9265706 14.30679 -1.016289 0 0 0
v 0.4979946 13.87228 -1.411847 0 0.0627451 0
v 0.4823556 14.03254 -1.167468 0 0 0
v 0.9098953 14.35968 -1.06899 0 0.6078432 0
v 0.5028901 13.84387 -1.395911 0 0 0
v 0.7511572 13.71699 -1.851859 0 0 0
v 0.4724564 14.07181 -1.203707 0 0.2901961 0
v 0.9540305 14.31539 -1.122555 0 0.5686275 0
v 0.5209868 14.05558 -1.231305 0 0.2980392 0
v 0.4701819 13.83716 -1.399156 0 0 0
v 0.7511572 13.71699 -1.851859 0 0 0
v 0.4652867 13.86557 -1.415092 0 0 0
v 0.7511572 13.71699 -1.851859 0 0 0
v 0.4979946 13.87228 -1.411847 0 0.0627451 0
v 0.7511572 13.71699 -1.851859 0 0 0
v 1.01363 14.26546 -1.327359 0 0.454902 0
v 1.000717 14.24348 -1.281532 0 0 0
v 1.412815 13.73189 -1.415717 0 0 0
v 1.414474 13.75211 -1.437843 0 0 0
v 1.608948 13.45681 -1.980972 0 0 0
v 1.052104 14.28859 -1.302037 0 0.4823529 0
v 1.440023 13.76056 -1.425902 0 0 0
v 1.608948 13.45681 -1.980972 0 0 0
v 1.039191 14.26662 -1.25621 0 0.1764706 0
v 1.438363 13.74034 -1.403776 0 0 0
v 1.608948 13.45681 -1.980972 0 0 0
v 1.000717 14.24348 -1.281532 0 0 0
v 1.412815 13.73189 -1.415717 0 0 0
v 1.608948 13.45681 -1.980972 0 0 0
v -0.8018093 14.44852 0.2354157 0 0.7647059 0
v -0.7509496 14.39718 0.2031753 0 0 0
v -0.6407496 14.21782 0.7510922 0 0.3607843 0
v -0.6722544 14.24972 0.7852631 0 0.6941177 0
v -0.8540602 14.39481 0.2461037 0 0.7686275 0
v -0.6803145 13.70987 0.9918928 0 0 0
v -0.7178271 14.22617 0.7679442 0 0.6980392 0
v -0.8031998 14.34346 0.2138636 0 0 0
v -0.6998286 13.72561 1.014752 0 0.5647059 0
v -1.066628 13.3245 1.076288 0 0 0
v -0.6863208 14.19427 0.7337731 0 0 0
v -0.7509496 14.39718 0.2031753 0 0 0
v -0.6407496 14.21782 0.7510922 0 0.3607843 0
v -0.7240991 13.72915 0.9922174 0 0.5764706 0
v -1.066628 13.3245 1.076288 0 0 0
v -0.7045848 13.71342 0.9693579 0 0 0
v -1.066628 13.3245 1.076288 0 0 0
v -0.6803145 13.70987 0.9918928 0 0 0
v -1.066628 13.3245 1.076288 0 0 0
v -0.7061439 13.99868 0.8572834 0 0.6588235 0
v -0.6798744 14.00769 0.8741707 0 0.6509804 0
v -0.9304785 13.96666 1.242337 0 0.5490196 0
v -0.9477627 13.96123 1.237378 0 0.5450981 0
v -0.9491347 13.95541 1.574885 0 0.4980392 0
v -0.69771 13.9658 0.8600908 0 0 0
v -0.9425985 13.94248 1.238272 0 0 0
v -0.9491347 13.95541 1.574885 0 0.4980392 0
v -0.6714404 13.97481 0.8769777 0 0 0
v -0.9253151 13.94792 1.243232 0 0 0
v -0.9491347 13.95541 1.574885 0 0.4980392 0
v -0.6798744 14.00769 0.8741707 0 0.6509804 0
v -0.9304785 13.96666 1.242337 0 0.5490196 0
v -0.9491347 13.95541 1.574885 0 0.4980392 0
v 0.2677212 16.87608 -0.0009298254 0 0.4235294 0
v 0.3551828 16.77456 -0.01486441 0 0 0
v 0.1509886 16.67725 -0.574974 0 0 0
v 0.08048272 16.75481 -0.5692071 0 0.2588235 0
v 0.3574216 16.96078 -0.05504801 0 0.5137255 0
v -0.06841469 16.48684 -0.9053544 0 0 0
v 0.1431189 16.81605 -0.627048 0 0.682353 0
v 0.4448833 16.85927 -0.06898259 0 0.2862745 0
v -0.1200898 16.54375 -0.9010834 0 0.0627451 0
v -0.4715419 16.19149 -1.010242 0 0 0
v 0.2136247 16.73849 -0.6328148 0 0.654902 0
v 0.3551828 16.77456 -0.01486441 0 0 0
v 0.1509886 16.67725 -0.574974 0 0 0
v -0.09513402 16.57147 -0.9684365 0 0.4431373 0
v -0.5127048 16.21297 -1.016191 0 0 0
v -0.4169083 15.78051 -1.323743 0 0 0
v -0.04345894 16.51456 -0.9727081 0 0.4313726 0
v -0.06841469 16.48684 -0.9053544 0 0 0
v -0.4986291 16.22834 -1.0581 0 0 0
v -0.4169083 15.78051 -1.323743 0 0 0
v -0.4574663 16.20687 -1.05215 0 0 0
v -0.4169083 15.78051 -1.323743 0 0 0
v -0.4715419 16.19149 -1.010242 0 0 0
v -0.4169083 15.78051 -1.323743 0 0 0
v -0.3016667 16.38738 -1.00581 0 0.2078431 0
v -0.2816586 16.40222 -0.9657076 0 0.2509804 0
v -0.4503238 16.27654 -0.8430098 0 0.09019608 0
v -0.4654562 16.26516 -0.8706691 0 0 0
v -0.2744353 16.34882 -1.005122 0 0 0
v -0.5250463 16.1064 -0.7288468 0 0.1098039 0
v -0.4415967 16.24187 -0.8741443 0 0 0
v -0.2544272 16.36366 -0.965019 0 0 0
v -0.5321049 16.10179 -0.7471211 0 0.09019608 0
v -0.7559311 15.9656 -0.6784503 0 0.1529412 0
v -0.4264645 16.25325 -0.846485 0 0 0
v -0.2816586 16.40222 -0.9657076 0 0.2509804 0
v -0.4503238 16.27654 -0.8430098 0 0.09019608 0
v -0.5182948 16.08725 -0.7487832 0 0 0
v -0.7559311 15.9656 -0.6784503 0 0.1529412 0
v -0.5112362 16.09186 -0.730509 0 0 0
v -0.7559311 15.9656 -0.6784503 0 0.1529412 0
v -0.5250463 16.1064 -0.7288468 0 0.1098039 0
v -0.7559311 15.9656 -0.6784503 0 0.1529412 0
v -0.08885336 16.49064 -0.9486436 0 0 0
v -0.09649229 16.53464 -0.9639643 0 0.427451 0
v -0.0883317 16.44985 -1.189697 0 0.227451 0
v -0.08286524 16.41996 -1.175555 0 0.2156863 0
v -0.1353607 16.48252 -0.9487808 0 0 0
v -0.1480081 16.30896 -1.386616 0 0 0
v -0.1158183 16.41624 -1.170681 0 0 0
v -0.1429996 16.52652 -0.9641016 0 0.4039216 0
v -0.1444054 16.29492 -1.372654 0 0 0
v -0.1080689 16.10544 -1.509429 0 0 0
v -0.1212847 16.44613 -1.184823 0 0.2156863 0
v -0.09649229 16.53464 -0.9639643 0 0.427451 0
v -0.0883317 16.44985 -1.189697 0 0.227451 0
v -0.1642051 16.29252 -1.369954 0 0 0
v -0.1080689 16.10544 -1.509429 0 0 0
v -0.1678078 16.30656 -1.383917 0 0 0
v -0.1080689 16.10544 -1.509429 0 0 0
v -0.1480081 16.30896 -1.386616 0 0 0
v -0.1080689 16.10544 -1.509429 0 0 0
v 0.01679754 16.65441 -0.8158101 0 0.5686275 0
v -0.03179574 16.62355 -0.8227051 0 0 0
v 0.124181 16.43937 -1.027805 0 0 0
v 0.1591887 16.46058 -1.023467 0 0.3960784 0
v 0.03358364 16.61851 -0.7734942 0 0.5843138 0
v 0.2855072 16.17768 -1.041143 0 0.1411765 0
v 0.1642532 16.44453 -0.9859051 0 0.4078431 0
v -0.01500964 16.58766 -0.7803888 0 0 0
v 0.3102059 16.17854 -1.041184 0 0.1254902 0
v 0.1685791 15.91614 -1.006593 0 0 0
v 0.1292458 16.42333 -0.9902427 0 0 0
v -0.03179574 16.62355 -0.8227051 0 0 0
v 0.124181 16.43937 -1.027805 0 0 0
v 0.3102453 16.17859 -1.016471 0 0.1411765 0
v 0.1685791 15.91614 -1.006593 0 0 0
v 0.2855465 16.17774 -1.01643 0 0 0
v 0.1685791 15.91614 -1.006593 0 0 0
v 0.2855072 16.17768 -1.041143 0 0.1411765 0
v 0.1685791 15.91614 -1.006593 0 0 0
v -0.2183728 11.96513 2.559774 0 0.6352941 0
v -0.2098687 11.97745 2.577493 0 0.6352941 0
v -0.4815516 11.94354 2.710968 0 0.6 0
v -0.48951 11.93637 2.702907 0 0.6 0
v -0.6107487 11.96355 2.896494 0 0.5647059 0
v -0.2112286 11.94429 2.570044 0 0 0
v -0.4849581 11.92448 2.708463 0 0 0
v -0.6107487 11.96355 2.896494 0 0.5647059 0
v -0.2027245 11.95661 2.587762 0 0 0
v -0.4769997 11.93165 2.716525 0 0 0
v -0.6107487 11.96355 2.896494 0 0.5647059 0
v -0.2098687 11.97745 2.577493 0 0.6352941 0
v -0.4815516 11.94354 2.710968 0 0.6 0
v -0.6107487 11.96355 2.896494 0 0.5647059 0
v 0.1960955 12.78669 1.54068 0 0.6235294 0
v 0.2279577 12.80426 1.546988 0 0.6627451 0
v 0.1798265 12.66135 1.814716 0 0.6313726 0
v 0.1609003 12.65091 1.808393 0 0.6196079 0
v 0.1478255 12.67758 2.035979 0 0.627451 0
v 0.2145092 12.76028 1.526366 0 0 0
v 0.1717441 12.63208 1.808779 0 0 0
v 0.1478255 12.67758 2.035979 0 0.627451 0
v 0.2463715 12.77784 1.532675 0 0.3803922 0
v 0.1906707 12.64252 1.815101 0 0.1254902 0
v 0.1478255 12.67758 2.035979 0 0.627451 0
v 0.2279577 12.80426 1.546988 0 0.6627451 0
v 0.1798265 12.66135 1.814716 0 0.6313726 0
v 0.1478255 12.67758 2.035979 0 0.627451 0
v -0.2038467 12.16478 2.079003 0 0.6392157 0
v -0.1789133 12.17957 2.058855 0 0.6431373 0
v -0.1348314 12.44685 2.271873 0 0.6352941 0
v -0.1503451 12.43245 2.278947 0 0.6313726 0
v -0.1805596 12.14823 2.096497 0 0 0
v -0.2270267 12.51522 2.499627 0 0.6078432 0
v -0.1356578 12.42171 2.289625 0 0 0
v -0.1556263 12.16302 2.076349 0 0 0
v -0.2349436 12.5045 2.500894 0 0 0
v -0.3537476 12.61927 2.575322 0 0.5764706 0
v -0.1201441 12.43611 2.28255 0 0.6235294 0
v -0.1789133 12.17957 2.058855 0 0.6431373 0
v -0.1348314 12.44685 2.271873 0 0.6352941 0
v -0.2276731 12.50034 2.510607 0 0 0
v -0.3537476 12.61927 2.575322 0 0.5764706 0
v -0.2197561 12.51106 2.509342 0 0.6078432 0
v -0.3537476 12.61927 2.575322 0 0.5764706 0
v -0.2270267 12.51522 2.499627 0 0.6078432 0
v -0.3537476 12.61927 2.575322 0 0.5764706 0
v 2.273366 7.514076 1.928308 0 0.4509804 0
v 2.256363 7.53056 1.907788 0 0.454902 0
v 2.471897 7.46615 1.677553 0 0.4235294 0
v 2.478284 7.456567 1.696675 0 0.4235294 0
v 2.259291 7.489069 1.920518 0 0 0
v 2.685636 7.330672 1.645824 0 0.3686275 0
v 2.467941 7.438944 1.691425 0 0 0
v 2.242288 7.505553 1.899998 0 0 0
v 2.685915 7.326063 1.658388 0 0.3686275 0
v 2.865392 7.348023 1.646906 0 0.3372549 0
v 2.461554 7.448528 1.672303 0 0 0
v 2.256363 7.53056 1.907788 0 0.454902 0
v 2.471897 7.46615 1.677553 0 0.4235294 0
v 2.683642 7.314213 1.654037 0 0 0
v 2.865392 7.348023 1.646906 0 0.3372549 0
v 2.683363 7.318822 1.641474 0 0 0
v 2.865392 7.348023 1.646906 0 0.3372549 0
v 2.685636 7.330672 1.645824 0 0.3686275 0
v 2.865392 7.348023 1.646906 0 0.3372549 0
v -1.779692 13.6815 0.2995748 0 0 0
v -1.805037 13.69419 0.3085663 0 0.4078431 0
v -1.808324 13.48536 0.5385103 0 0.4156863 0
v -1.788607 13.4795 0.5338261 0 0 0
v -1.763712 13.70231 0.3167059 0 0.3254902 0
v -1.85398 13.24387 0.5732422 0 0.3843137 0
v -1.781496 13.48854 0.5529544 0 0.454902 0
v -1.789058 13.715 0.3256974 0 0.5019608 0
v -1.84351 13.23657 0.5719738 0 0 0
v -1.982743 13.13299 0.6360987 0 0 0
v -1.801215 13.49441 0.5576386 0 0.454902 0
v -1.805037 13.69419 0.3085663 0 0.4078431 0
v -1.808324 13.48536 0.5385103 0 0.4156863 0
v -1.840477 13.23859 0.5848542 0 0 0
v -1.982743 13.13299 0.6360987 0 0 0
v -1.850947 13.24589 0.5861226 0 0.3921569 0
v -1.982743 13.13299 0.6360987 0 0 0
v -1.85398 13.24387 0.5732422 0 0.3843137 0
v -1.982743 13.13299 0.6360987 0 0 0
v -0.02489853 12.71749 0.7311795 0 0.6313726 0
v 0.0489881 12.77199 0.6994574 0 0.7333333 0
v 0.2380371 12.72883 1.107993 0 0.7529412 0
v 0.1832054 12.68999 1.123509 0 0.6705883 0
v 0.0226965 12.63724 0.7041657 0 0 0
v 0.2250204 12.82158 1.586084 0 0.6470588 0
v 0.2224371 12.63336 1.120381 0 0 0
v 0.09658313 12.69174 0.6724435 0 0.4980392 0
v 0.1941042 12.79545 1.577362 0 0.5960785 0
v -0.1513782 12.85971 1.916255 0 0.6078432 0
v 0.2772689 12.6722 1.104864 0 0.4784314 0
v 0.0489881 12.77199 0.6994574 0 0.7333333 0
v 0.2380371 12.72883 1.107993 0 0.7529412 0
v 0.2155583 12.76438 1.594377 0 0 0
v -0.1513782 12.85971 1.916255 0 0.6078432 0
v 0.2464747 12.79052 1.603099 0 0.5176471 0
v -0.1513782 12.85971 1.916255 0 0.6078432 0
v 0.2250204 12.82158 1.586084 0 0.6470588 0
v -0.1513782 12.85971 1.916255 0 0.6078432 0
v 0.2323415 12.76411 1.371801 0 0.7176471 0
v 0.2433572 12.74112 1.337469 0 0.4196078 0
v 0.4491634 12.69145 1.445081 0 0 0
v 0.4325356 12.70823 1.464143 0 0.6588235 0
v 0.2156835 12.72913 1.389887 0 0.7176471 0
v 0.5891523 12.79048 1.618143 0 0.5764706 0
v 0.4247553 12.68318 1.479424 0 0.2980392 0
v 0.2266988 12.70613 1.355554 0 0 0
v 0.5722892 12.79681 1.620958 0 0.5960785 0
v 0.5823648 12.94268 1.878992 0 0.5686275 0
v 0.4413831 12.66639 1.460362 0 0 0
v 0.2433572 12.74112 1.337469 0 0.4196078 0
v 0.4491634 12.69145 1.445081 0 0 0
v 0.5685701 12.78228 1.631328 0 0.1647059 0
v 0.5823648 12.94268 1.878992 0 0.5686275 0
v 0.5854335 12.77596 1.628514 0 0 0
v 0.5823648 12.94268 1.878992 0 0.5686275 0
v 0.5891523 12.79048 1.618143 0 0.5764706 0
v 0.5823648 12.94268 1.878992 0 0.5686275 0
v -1.071619 6.674589 -0.7790046 0 0 0
v -0.9930663 6.711246 -0.808865 0 0 0
v -1.210487 6.781538 -1.261664 0 0 0
v -1.257301 6.748542 -1.218082 0 0 0
v -1.098793 6.763019 -0.7539139 0 0.7647059 0
v -1.667949 6.91775 -1.395443 0 0 0
v -1.267767 6.814144 -1.183419 0 0.7176471 0
v -1.02024 6.799674 -0.7837744 0 0.7686275 0
v -1.670298 6.889498 -1.349388 0 0 0
v -2.104178 6.788834 -1.318674 0 0 0
v -1.220953 6.84714 -1.227001 0 0.7098039 0
v -0.9930663 6.711246 -0.808865 0 0 0
v -1.210487 6.781538 -1.261664 0 0 0
v -1.671802 6.936829 -1.321246 0 0.5921569 0
v -2.104965 6.771704 -1.290602 0 0 0
v -2.656974 6.80688 -1.53227 0 0.2862745 0
v -1.669453 6.965082 -1.367301 0 0.572549 0
v -1.667949 6.91775 -1.395443 0 0 0
v -2.110208 6.800163 -1.27398 0 0.5176471 0
v -2.656974 6.80688 -1.53227 0 0.2862745 0
v -2.109421 6.817292 -1.302052 0 0.5058824 0
v -2.656974 6.80688 -1.53227 0 0.2862745 0
v -2.104178 6.788834 -1.318674 0 0 0
v -2.656974 6.80688 -1.53227 0 0.2862745 0
v -1.437459 6.874772 -1.307575 0 0.654902 0
v -1.465844 6.863369 -1.276306 0 0.6588235 0
v -1.630221 6.61057 -1.513462 0 0.6156863 0
v -1.611293 6.62126 -1.52637 0 0.6117647 0
v -1.645287 6.502002 -1.778621 0 0 0
v -1.408246 6.841898 -1.294638 0 0 0
v -1.595009 6.601842 -1.519728 0 0 0
v -1.645287 6.502002 -1.778621 0 0 0
v -1.436632 6.830497 -1.263369 0 0 0
v -1.613937 6.591154 -1.50682 0 0 0
v -1.645287 6.502002 -1.778621 0 0 0
v -1.465844 6.863369 -1.276306 0 0.6588235 0
v -1.630221 6.61057 -1.513462 0 0.6156863 0
v -1.645287 6.502002 -1.778621 0 0 0
v -2.043784 6.827024 -1.319295 0 0.5215687 0
v -2.057329 6.812474 -1.30781 0 0.5254902 0
v -2.189782 6.748314 -1.554368 0 0.4745098 0
v -2.182348 6.75656 -1.561361 0 0.4666667 0
v -2.353168 6.780462 -1.68864 0 0.372549 0
v -2.030285 6.810287 -1.32349 0 0 0
v -2.176659 6.746534 -1.566598 0 0 0
v -2.353168 6.780462 -1.68864 0 0.372549 0
v -2.043829 6.795737 -1.312005 0 0 0
v -2.184092 6.738288 -1.559605 0 0 0
v -2.353168 6.780462 -1.68864 0 0.372549 0
v -2.057329 6.812474 -1.30781 0 0.5254902 0
v -2.189782 6.748314 -1.554368 0 0.4745098 0
v -2.353168 6.780462 -1.68864 0 0.372549 0
v -1.548021 6.907978 -1.296088 0 0.6313726 0
v -1.56791 6.894508 -1.313376 0 0.09019608 0
v -1.68438 7.179657 -1.356251 0 0 0
v -1.674391 7.194849 -1.345579 0 0.4862745 0
v -1.531337 6.91259 -1.318201 0 0.627451 0
v -1.874548 7.272215 -1.46533 0 0 0
v -1.662801 7.198469 -1.361378 0 0.4862745 0
v -1.551226 6.899121 -1.335491 0 0 0
v -1.870913 7.283441 -1.460789 0 0.3254902 0
v -1.913537 7.359482 -1.611604 0 0.2156863 0
v -1.672789 7.183276 -1.37205 0 0 0
v -1.56791 6.894508 -1.313376 0 0.09019608 0
v -1.68438 7.179657 -1.356251 0 0 0
v -1.861336 7.283286 -1.468207 0 0.3254902 0
v -1.913537 7.359482 -1.611604 0 0.2156863 0
v -1.864972 7.272062 -1.472748 0 0 0
v -1.913537 7.359482 -1.611604 0 0.2156863 0
v -1.874548 7.272215 -1.46533 0 0 0
v -1.913537 7.359482 -1.611604 0 0.2156863 0
v 0.9334297 8.716955 1.161227 0 0.4862745 0
v 1.004648 8.750782 1.182221 0 0.4901961 0
v 1.236201 8.408758 0.9780638 0 0.4980392 0
v 1.18038 8.382314 0.9614296 0 0.4980392 0
v 0.9333842 8.7556 1.08859 0 0 0
v 1.423874 8.062542 0.9597097 0 0.4980392 0
v 1.186214 8.403711 0.9013049 0 0 0
v 1.004477 8.788917 1.109085 0 0 0
v 1.383305 8.042875 0.9478219 0 0.4980392 0
v 1.570496 7.619089 1.277931 0 0.4823529 0
v 1.242038 8.430167 0.9179536 0 0 0
v 1.004648 8.750782 1.182221 0 0.4901961 0
v 1.236201 8.408758 0.9780638 0 0.4980392 0
v 1.398565 8.038815 0.905225 0 0 0
v 1.54502 7.609849 1.270062 0 0.4823529 0
v 1.667687 7.090647 1.308466 0 0.427451 0
v 1.439132 8.058471 0.9171075 0 0 0
v 1.423874 8.062542 0.9597097 0 0.4980392 0
v 1.55522 7.603464 1.244537 0 0 0
v 1.667687 7.090647 1.308466 0 0.427451 0
v 1.580695 7.612703 1.252408 0 0 0
v 1.667687 7.090647 1.308466 0 0.427451 0
v 1.570496 7.619089 1.277931 0 0.4823529 0
v 1.667687 7.090647 1.308466 0 0.427451 0
v 1.347797 8.171853 0.9596897 0 0.4980392 0
v 1.345573 8.19346 0.9317514 0 0 0
v 1.669551 8.093789 0.8333667 0 0 0
v 1.664886 8.083097 0.8497707 0 0.4980392 0
v 1.915003 7.911879 0.9207632 0 0.4941176 0
v 1.331938 8.149179 0.9405292 0 0.4980392 0
v 1.656813 8.069455 0.8383678 0 0.4980392 0
v 1.915003 7.911879 0.9207632 0 0.4941176 0
v 1.329723 8.170822 0.9126278 0 0 0
v 1.661479 8.080153 0.8219658 0 0 0
v 1.915003 7.911879 0.9207632 0 0.4941176 0
v 1.345573 8.19346 0.9317514 0 0 0
v 1.669551 8.093789 0.8333667 0 0 0
v 1.915003 7.911879 0.9207632 0 0.4941176 0
v 1.438033 8.008957 0.9474154 0 0 0
v 1.408829 8.024421 0.9351481 0 0 0
v 1.223877 7.769333 1.026588 0 0 0
v 1.2485 7.76005 1.034611 0 0 0
v 1.433728 8.020159 0.9792283 0 0.4980392 0
v 1.178928 7.566932 1.03632 0 0 0
v 1.243041 7.765379 1.060606 0 0.4901961 0
v 1.404508 8.035556 0.9668977 0 0.4980392 0
v 1.198614 7.567546 1.040402 0 0 0
v 1.238668 7.326866 1.137187 0 0 0
v 1.218414 7.774644 1.052566 0 0.4901961 0
v 1.408829 8.024421 0.9351481 0 0 0
v 1.223877 7.769333 1.026588 0 0 0
v 1.194538 7.571109 1.059688 0 0.4823529 0
v 1.250629 7.327182 1.139637 0 0 0
v 1.214459 7.155901 1.064651 0 0.4470588 0
v 1.17485 7.570494 1.055602 0 0.4823529 0
v 1.178928 7.566932 1.03632 0 0 0
v 1.248191 7.326708 1.151596 0 0.4627451 0
v 1.214459 7.155901 1.064651 0 0.4470588 0
v 1.23623 7.326393 1.149145 0 0.4627451 0
v 1.214459 7.155901 1.064651 0 0.4470588 0
v 1.238668 7.326866 1.137187 0 0 0
v 1.214459 7.155901 1.064651 0 0.4470588 0
v -0.1791444 7.910266 0.44541 0 0.4823529 0
v -0.2572942 7.943404 0.3982799 0 0.4784314 0
v -0.3168517 8.007457 0.4384366 0 0.4823529 0
v -0.1605512 7.941183 0.5326976 0 0 0
v -0.2982578 8.038372 0.5257238 0 0.3647059 0
v -0.2201084 8.005236 0.572854 0 0 0
v 0.4299021 8.325856 0.009600161 0 0 0
v 0.3330456 8.221498 -0.08063016 0 0.4156863 0
v 0.0744267 8.097589 0.2428013 0 0.3960784 0
v 0.1345953 8.17555 0.360174 0 0 0
v -0.1791444 7.910266 0.44541 0 0.4823529 0
v 0.3841974 8.488081 0.01743292 0 0 0
v -0.1605512 7.941183 0.5326976 0 0 0
v 0.06390863 8.307661 0.4001764 0 0 0
v 0.2416367 8.545945 -0.06496523 0 0.3372549 0
v -0.2201084 8.005236 0.572854 0 0 0
v -0.06694726 8.361818 0.3228071 0 0.3921569 0
v 0.1447805 8.441588 -0.1551951 0 0.4588235 0
v -0.2982578 8.038372 0.5257238 0 0.3647059 0
v -0.1271161 8.28386 0.2054345 0 0.4862745 0
v 0.1904839 8.279365 -0.1630283 0 0.4666667 0
v -0.3168517 8.007457 0.4384366 0 0.4823529 0
v -0.05642796 8.151746 0.1654319 0 0.4823529 0
v 0.3330456 8.221498 -0.08063016 0 0.4156863 0
v -0.2572942 7.943404 0.3982799 0 0.4784314 0
v 0.0744267 8.097589 0.2428013 0 0.3960784 0
v -0.1791444 7.910266 0.44541 0 0.4823529 0
v -0.2539007 13.33569 -0.3700344 0 0.4823529 0
v -0.2122138 13.33263 -0.4239349 0 0.4784314 0
v -0.2241965 13.36853 -0.4799606 0 0.4823529 0
v -0.30757 13.37465 -0.3721591 0 0 0
v -0.2778661 13.40749 -0.4820858 0 0.3647059 0
v -0.3195525 13.41054 -0.4281852 0 0 0
v 0.09280295 13.6579 0.001476786 0 0 0
v 0.1377618 13.55442 -0.03446355 0 0.4156863 0
v -0.09252624 13.47546 -0.2159786 0 0.3960784 0
v -0.1592331 13.55881 -0.2022462 0 0 0
v -0.2539007 13.33569 -0.3700344 0 0.4823529 0
v 0.120979 13.75476 -0.06077189 0 0 0
v -0.30757 13.37465 -0.3721591 0 0 0
v -0.1574386 13.63644 -0.2786646 0 0 0
v 0.1941138 13.74812 -0.1589598 0 0.3372549 0
v -0.3195525 13.41054 -0.4281852 0 0 0
v -0.0889369 13.63073 -0.368818 0 0.3921569 0
v 0.2390718 13.64463 -0.1949008 0 0.4588235 0
v -0.2778661 13.40749 -0.4820858 0 0.3647059 0
v -0.02222976 13.54738 -0.3825508 0 0.4862745 0
v 0.2108965 13.54778 -0.1326532 0 0.4666667 0
v -0.2241965 13.36853 -0.4799606 0 0.4823529 0
v -0.02402451 13.46975 -0.3061306 0 0.4823529 0
v 0.1377618 13.55442 -0.03446355 0 0.4156863 0
v -0.2122138 13.33263 -0.4239349 0 0.4784314 0
v -0.09252624 13.47546 -0.2159786 0 0.3960784 0
v -0.2539007 13.33569 -0.3700344 0 0.4823529 0
v -0.5577706 15.20561 0.1523102 0 0 0
v -0.09729975 15.16462 0.01618834 0 0 0
v -1.190091 14.06022 0.2229533 0.3529412 0.3529412 0.3529412
v -1.687517 14.47515 0.4058368 0.4156863 0.4156863 0.4156863
v -2.661005 13.21294 0.560314 1 1 1
v 0.7510888 11.11135 -0.8680438 0.003921569 0.003921569 0.003921569
v 2.815238 10.11156 -0.06411283 1 1 1
v 0.7054442 10.82928 0.05133973 0 0 0
v 2.860883 10.39363 -0.9834964 1 1 1
v -0.141224 14.88146 -1.041002 0 0 0
v -0.09729975 15.16462 0.01618834 0 0 0
v -1.190091 14.06022 0.2229533 0.3529412 0.3529412 0.3529412
v -1.557516 13.65274 -0.6089789 0.3529412 0.3529412 0.3529412
v 0.3722623 14.65184 0.9548529 0 0 0
v -2.661005 13.21294 0.560314 1 1 1
v -1.125274 13.34041 1.189255 0.3529412 0.3529412 0.3529412
v 2.083499 1.939868 -1.559813 0.3529412 0.3529412 0.3529412
v 3.111711 1.679779 -2.458637 1 1 1
v 3.05408 1.592273 -2.027159 1 1 1
v 2.66953 1.379607 -1.243524 0.7215686 0.7215686 0.7215686
v 2.754575 1.610891 -2.669729 1 1 1
v 1.49258 2.321984 -0.458588 0 0 0
v 1.870984 1.516347 -2.501314 0.6039216 0.6039216 0.6039216
v 1.234919 2.353255 -0.7443649 0 0 0
v 1.110807 2.368318 -0.8820201 0 0 0
v -1.92166 6.074341 -0.944784 0.3529412 0.3529412 0.3529412
v -2.100993 5.440443 -0.3050062 0.3529412 0.3529412 0.3529412
v -3.190461 5.450793 -1.302127 1 1 1
v -1.800748 5.47956 -1.806551 0.3529412 0.3529412 0.3529412
v -0.8600233 6.364783 0.1371613 0 0 0
v -0.4954325 6.504457 -1.514569 0 0 0
v -0.9700711 6.937193 -0.6382058 0 0 0
v -0.678315 3.522852 3.634526 0.3529412 0.3529412 0.3529412
v -0.9211144 2.939891 4.525197 1 1 1
v -1.131716 2.929209 4.170133 1 1 1
v -1.346584 3.087301 3.461928 0.7215686 0.7215686 0.7215686
v -0.5434545 2.817801 4.481916 1 1 1
v -0.7546487 3.884896 2.406521 0 0 0
v -0.02419591 2.851558 3.946768 0.6039216 0.6039216 0.6039216
v -0.395175 3.846995 2.48049 0 0 0
v -0.2220209 3.82874 2.51612 0 0 0
v -1.282799 4.572612 2.54639 0.3529412 0.3529412 0.3529412
v -2.227607 4.718721 2.869043 1 1 1
v -2.128747 4.563341 2.543754 1 1 1
v -1.735942 4.330209 2.024204 0.7215686 0.7215686 0.7215686
v -2.112562 4.520726 3.139052 1 1 1
v -0.4210031 4.15997 1.852215 0 0 0
v -1.571262 4.124509 3.255878 0.6039216 0.6039216 0.6039216
v -0.3286639 4.090143 2.155901 0 0 0
v -0.2841852 4.056508 2.302183 0 0 0
v -0.0530191 3.489225 3.106699 0.3529412 0.3529412 0.3529412
v 0.2439781 3.667251 2.882359 0.3529412 0.3529412 0.3529412
v 0.5240058 2.825737 3.563455 1 1 1
v -0.6990295 3.965012 2.526769 0 0 0
v 0.8692415 2.959241 3.381196 1 1 1
v -0.3717876 4.120763 2.32958 0 0 0
v 1.043149 2.88219 3.016154 1 1 1
v -0.1769153 4.017792 1.981933 0.01176471 0.01176471 0.01176471
v 0.4740889 3.538327 2.566346 0.3529412 0.3529412 0.3529412
v 0.2291903 7.632147 -2.845427 0.3529412 0.3529412 0.3529412
v -0.1076634 7.786135 -3.027214 0.3529412 0.3529412 0.3529412
v 0.5827637 7.15188 -3.63671 1 1 1
v -0.1828619 7.895781 -1.984769 0 0 0
v 0.2771416 7.277194 -3.883938 1 1 1
v -0.5004243 8.037426 -2.20685 0 0 0
v -0.1048305 7.139626 -3.951829 1 1 1
v -0.8684846 7.880829 -2.304039 0.01176471 0.01176471 0.01176471
v -0.4532472 7.615157 -3.171351 0.3529412 0.3529412 0.3529412
v -2.68117 2.670723 0.1895469 0.3529412 0.3529412 0.3529412
v -2.452469 2.839811 0.4884363 0.3529412 0.3529412 0.3529412
v -3.212211 2.069594 0.7713019 1 1 1
v -2.04126 3.072032 -0.4503654 0 0 0
v -3.030847 2.199655 1.118319 1 1 1
v -1.842518 3.222332 -0.1215169 0 0 0
v -2.679788 2.098387 1.307896 1 1 1
v -1.511706 3.097484 0.08922796 0.01176471 0.01176471 0.01176471
v -2.156563 2.693073 0.7340869 0.3529412 0.3529412 0.3529412
v -2.646355 2.525701 -0.8672228 0.3529412 0.3529412 0.3529412
v -2.900551 2.819757 -0.5897089 0.3529412 0.3529412 0.3529412
v -3.509587 2.449906 -1.643432 1 1 1
v -1.666349 2.935326 -0.4082305 0 0 0
v -3.720038 2.747796 -1.335096 1 1 1
v -1.964101 3.210232 -0.1555071 0 0 0
v -4.013053 2.681113 -0.9653232 1 1 1
v -2.155402 3.170328 0.2790595 0.01176471 0.01176471 0.01176471
v -3.142598 2.757541 -0.1840259 0.3529412 0.3529412 0.3529412
v 0.8931478 14.21896 -1.166103 0.3529412 0.3529412 0.3529412
v 1.620831 13.77064 -2.26257 1 1 1
v 1.69893 13.77491 -1.825496 1 1 1
v 1.576972 13.73215 -0.9364012 0.7215686 0.7215686 0.7215686
v 1.221539 13.66212 -2.337668 1 1 1
v 0.6356202 14.8254 -0.03747226 0 0 0
v 0.4345578 13.61103 -1.894852 0.6039216 0.6039216 0.6039216
v 0.3033833 14.79864 -0.2322489 0 0 0
v 0.143349 14.78575 -0.3260704 0 0 0
v -1.966768 10.32667 0.03988711 0.3529412 0.3529412 0.3529412
v -2.546091 9.44908 0.127166 1 1 1
v -2.18244 10.45726 -0.2895331 0.3529412 0.3529412 0.3529412
v -1.249637 11.01706 -0.1000421 0 0 0
v -2.725997 9.611626 -0.2094324 1 1 1
v -1.49024 11.10619 -0.4260031 0 0 0
v -2.731071 9.485655 -0.604643 1 1 1
v -1.424596 11.06575 -0.8336071 0.01176471 0.01176471 0.01176471
v -2.145843 10.36852 -0.693107 0.3529412 0.3529412 0.3529412
v -0.2908869 14.9043 -0.4590302 0.3529412 0.3529412 0.3529412
v -0.6442927 14.43614 -0.03477852 0.3529412 0.3529412 0.3529412
v -1.10134 13.90108 -1.174953 1 1 1
v 0.1215652 14.38874 -1.035209 0.3529412 0.3529412 0.3529412
v 0.02145952 15.73398 0.707933 0 0 0
v 0.8700089 15.78488 -0.3948953 0 0 0
v 0.2148971 16.04175 0.02561993 0 0 0
v -1.8858 10.98232 -1.348212 0.3529412 0.3529412 0.3529412
v -3.187981 10.56063 -2.197868 1 1 1
v -1.640349 10.6709 -2.186865 0.3529412 0.3529412 0.3529412
v -2.614567 10.34902 -0.774188 0.3529412 0.3529412 0.3529412
v -0.2408943 11.44614 -1.381535 0 0 0
v -1.279764 11.18688 0.2244945 0 0 0
v -0.8614563 11.72563 -0.6223374 0 0 0
v 0.7147926 16.83262 0.2256115 0.3529412 0.3529412 0.3529412
v 0.7434514 16.90346 -0.1668841 0.3529412 0.3529412 0.3529412
v 1.286544 16.03034 0.06309531 1 1 1
v 0.40394 17.77736 0.313969 0 0 0
v 1.288435 16.13874 -0.3217917 1 1 1
v 0.4471522 17.80397 -0.08266333 0 0 0
v 1.070495 16.01244 -0.6323448 1 1 1
v 0.1810686 17.77297 -0.3795318 0.01176471 0.01176471 0.01176471
v 0.4943241 16.82092 -0.4685723 0.3529412 0.3529412 0.3529412
v 0.3332157 11.95074 1.837808 0.3529412 0.3529412 0.3529412
v 0.488344 11.28212 3.172399 1 1 1
v 0.1281828 11.3091 2.857284 1 1 1
v -0.364776 11.34986 2.023045 0.7215686 0.7215686 0.7215686
v 0.8819989 11.21848 2.955439 1 1 1
v -0.2495582 12.72231 0.8105403 0 0 0
v 1.249521 11.31241 2.05579 0.6039216 0.6039216 0.6039216
v 0.1628475 12.72693 0.7507742 0 0 0
v 0.3614982 12.72915 0.7219857 0 0 0
v 0.7814449 17.19291 0.1752869 0.3529412 0.3529412 0.3529412
v 0.7685362 16.32303 0.7375544 1 1 1
v 0.3946911 17.25735 0.3107687 0.3529412 0.3529412 0.3529412
v 0.7876923 18.19236 -0.09683428 0 0 0
v 0.3823867 16.42819 0.8467119 1 1 1
v 0.400646 18.21001 0.05138751 0 0 0
v 0.01392141 16.30567 0.7007435 1 1 1
v 0.03322572 18.18945 -0.1400949 0.01176471 0.01176471 0.01176471
v 0.02692991 17.18227 0.1341298 0.3529412 0.3529412 0.3529412
v 2.14553 10.14948 -1.645537 0.3529412 0.3529412 0.3529412
v 2.615653 9.741354 -2.590882 1 1 1
v 3.056685 9.777477 -2.627453 1 1 1
v 1.794794 9.624812 -2.244761 0.7215686 0.7215686 0.7215686
v 3.240688 9.687573 -2.260149 1 1 1
v 1.069092 10.66246 -1.110715 0 0 0
v 3.019669 9.621002 -1.385647 0.6039216 0.6039216 0.6039216
v 1.343712 10.66246 -0.839386 0 0 0
v 1.475993 10.66246 -0.7086905 0 0 0
vn -0.7262501 0.686762 -0.03031215
vn 0.1502022 0.7321258 0.6644029
vn -0.5481034 -0.4120916 0.7278484
vn -0.6298859 -0.4852282 -0.606463
vn -0.7262501 0.686762 -0.03031215
vn -0.5481034 -0.4120916 0.7278484
vn 0.7024424 -0.6472579 0.2960269
vn -0.6298859 -0.4852282 -0.606463
vn -0.5481034 -0.4120916 0.7278484
vn 0.1502022 0.7321258 0.6644029
vn 0.7024424 -0.6472579 0.2960269
vn -0.5481034 -0.4120916 0.7278484
vn -0.8052417 0.591864 0.03581708
vn -0.446116 -0.6293502 0.6363167
vn -0.5164377 -0.4953614 -0.6985049
vn 0.7043502 -0.6886344 -0.17226
vn -0.5164377 -0.4953614 -0.6985049
vn 0.3452489 0.5325697 -0.7727696
vn -0.5164377 -0.4953614 -0.6985049
vn -0.8052417 0.591864 0.03581708
vn -0.5164377 -0.4953614 -0.6985049
vn 0.5195786 0.8539211 0.0292723
vn -0.8386993 0.5340031 -0.1068835
vn 0.06407382 0.1479884 -0.9869114
vn -0.5028167 -0.8152156 -0.2874004
vn 0.06407382 0.1479884 -0.9869114
vn 0.8554547 -0.4953006 -0.1512436
vn 0.06407382 0.1479884 -0.9869114
vn 0.5195786 0.8539211 0.0292723
vn 0.06407382 0.1479884 -0.9869114
vn -0.9720621 0.205818 -0.1128468
vn -0.2247134 -0.9647948 0.1366563
vn 0.0009769148 -0.2077872 -0.9781736
vn 0.224855 0.9371104 -0.2669538
vn -0.9720621 0.205818 -0.1128468
vn 0.0009769148 -0.2077872 -0.9781736
vn 0.9721964 -0.233516 -0.01744827
vn 0.224855 0.9371104 -0.2669538
vn 0.0009769148 -0.2077872 -0.9781736
vn -0.2247134 -0.9647948 0.1366563
vn 0.9721964 -0.233516 -0.01744827
vn 0.0009769148 -0.2077872 -0.9781736
vn 0.7637846 0.5689666 -0.3048118
vn 0.4214563 -0.7868842 -0.4507635
vn 0.6168497 -0.2365387 0.7506969
vn -0.2885688 0.735917 0.6124983
vn 0.7637846 0.5689666 -0.3048118
vn 0.6168497 -0.2365387 0.7506969
vn -0.6308989 -0.6199126 0.4665564
vn -0.2885688 0.735917 0.6124983
vn 0.6168497 -0.2365387 0.7506969
vn 0.4214563 -0.7868842 -0.4507635
vn -0.6308989 -0.6199126 0.4665564
vn 0.6168497 -0.2365387 0.7506969
vn 0.7211698 0.6131766 -0.3223797
vn -0.5159063 0.6242966 -0.5865957
vn 0.1928582 -0.8229712 -0.5343446
vn -0.3795205 0.7720073 -0.5098715
vn -0.8403039 -0.05096668 0.5397146
vn -0.4692293 -0.5828187 -0.6634352
vn 0.7777683 -0.02678227 -0.6279804
vn -0.3795205 0.7720073 -0.5098715
vn -0.4692293 -0.5828187 -0.6634352
vn 0.3169042 -0.8496169 0.4215717
vn 0.7777683 -0.02678227 -0.6279804
vn -0.4692293 -0.5828187 -0.6634352
vn -0.8403039 -0.05096668 0.5397146
vn 0.3169042 -0.8496169 0.4215717
vn -0.4692293 -0.5828187 -0.6634352
vn -0.3275567 0.9397528 -0.09783379
vn 0.7905143 0.2218494 -0.5708502
vn 0.544349 0.3390033 0.7673076
vn 0.3806419 -0.899765 0.2133887
vn 0.544349 0.3390033 0.7673076
vn -0.7258246 -0.1544143 0.6703245
vn 0.544349 0.3390033 0.7673076
vn -0.3275567 0.9397528 -0.09783379
vn 0.544349 0.3390033 0.7673076
vn 0.2903166 0.7735916 -0.5632692
vn 0.6318068 0.2925175 0.7178118
vn -0.6557541 0.6314326 0.4138592
vn -0.3924366 -0.6965399 0.6006877
vn -0.6557541 0.6314326 0.4138592
vn -0.7118499 -0.1901739 -0.6760944
vn -0.6557541 0.6314326 0.4138592
vn 0.2903166 0.7735916 -0.5632692
vn -0.6557541 0.6314326 0.4138592
vn 0.0004234859 0.04029694 0.9991876
vn -0.7062854 0.03996744 0.7067981
vn -0.7101595 0.04129627 0.7028286
vn -0.004945826 0.02320643 0.9997185
vn 0.7066336 0.04056566 0.7064159
vn -0.6979404 -0.008901841 0.7161005
vn 0.7060047 0.01191244 0.7081069
vn 0.9991789 0.04051524 0.0002592544
vn 0.01663018 0.005201358 0.9998482
vn -0.7085964 -0.01024859 0.7055396
vn 0.9998993 0.01393269 -0.002697553
vn 0.7068445 0.04019767 -0.7062259
vn 0.7140217 0.03161687 0.6994092
vn -0.01124222 0.03721257 0.9992442
vn -0.7181331 0.06943014 0.6924336
vn 0.703232 0.02785204 -0.7104147
vn 0.0003069734 0.03989948 -0.9992036
vn 0.9984806 0.05509531 0.001031793
vn 0.6945679 0.07736592 0.7152553
vn -0.01983776 0.04365139 0.9988499
vn -0.694096 0.09305426 0.7138428
vn -0.004717182 0.04564302 -0.9989467
vn -0.7064913 0.03977259 -0.7066033
vn 0.7139313 0.06234359 -0.6974349
vn 0.9962026 0.08653986 0.009547463
vn 0.6988599 0.002587272 0.7152539
vn 0.01149063 0.03516628 0.9993154
vn -0.694985 0.0416684 0.7178159
vn -0.7072991 0.05707314 -0.7046068
vn -0.999208 0.03979173 0.0001421825
vn 0.01673297 0.04897116 -0.99866
vn 0.7054383 0.05876083 -0.7063314
vn 0.9995614 -0.02942891 -0.003314233
vn 0.7025514 -0.03540293 0.7107519
vn 0.02249192 0.03671693 0.9990726
vn -0.7063396 -0.02255749 0.7075137
vn -0.9984646 0.05535163 -0.002156885
vn -0.7062854 0.03996744 0.7067981
vn -0.7101595 0.04129627 0.7028286
vn -0.6980782 0.02227086 -0.7156751
vn -0.9999981 -0.001941268 0.0002022691
vn -0.6979404 -0.008901841 0.7161005
vn 0.004978136 -0.005949875 0.99997
vn -0.7098542 -0.006048359 0.7043226
vn 0.7099797 0.0171711 0.7040128
vn -0.009121411 0.01043773 -0.9999039
vn -0.9992645 -0.03773195 0.00683187
vn -0.7085964 -0.01024859 0.7055396
vn -0.7147604 -0.02941703 -0.6987505
vn -0.00853815 -0.01077615 0.9999055
vn -0.7081341 0.05798848 0.7036927
vn 0.6963409 -0.03262362 -0.7169694
vn -0.9977963 0.06573794 -0.009002211
vn -0.7181331 0.06943014 0.6924336
vn -0.01416879 -0.005589147 -0.999884
vn -0.7093679 0.03498338 -0.7039698
vn 0.9968156 -0.078951 0.01119874
vn -0.994487 0.1048512 0.001344511
vn -0.694096 0.09305426 0.7138428
vn 0.7113584 -0.0678544 -0.6995463
vn 0.009150308 -0.00872638 -0.99992
vn -0.7006747 0.0629442 -0.710699
vn 0.9999914 -0.003080219 0.002749498
vn -0.9995489 0.02946282 -0.005822606
vn -0.694985 0.0416684 0.7178159
vn 0.7103559 -0.01358316 -0.7037116
vn 0.01268763 -0.009539143 -0.999874
vn -0.6968613 0.008533916 -0.7171552
vn 0.7055802 0.02315458 0.7082517
vn -0.9998007 -0.01862059 -0.00719998
vn -0.7063396 -0.02255749 0.7075137
vn 0.9988483 0.04797782 0.0003459742
vn 0.7039045 0.05157667 -0.7084196
vn 0.001102174 0.03294434 -0.9994566
vn -0.7028601 0.003988044 -0.711317
vn 0.7005838 0.0004374924 0.7135701
vn -0.9999284 0.0117327 0.002354984
vn -0.7098542 -0.006048359 0.7043226
vn 0.9997607 0.02120914 0.005362532
vn 0.7058133 0.03924083 -0.7073102
vn -0.006204568 0.04378495 -0.9990218
vn -0.7114552 0.03232155 -0.7019877
vn -0.006959498 0.01674936 0.9998355
vn -0.7020904 0.07480036 0.7081483
vn -0.9968232 0.07964119 0.000931961
vn -0.7081341 0.05798848 0.7036927
vn 0.7021272 -0.02024343 0.7117638
vn 0.003551395 0.02120343 0.9997689
vn -0.6146683 0.4573904 0.6426328
vn -0.7080275 0.06929517 -0.7027768
vn -0.005053324 0.03270756 -0.9994522
vn -0.9952372 0.09748229 0.0003388069
vn -0.7020904 0.07480036 0.7081483
vn 0.9995163 -0.03103935 0.001927308
vn 0.7047123 -0.008982578 -0.7094364
vn -0.7021738 0.07584468 -0.7079544
vn -0.8782011 0.4782911 -0.000740315
vn -0.6146683 0.4573904 0.6426328
vn 0.09523068 0.9954485 0.003649845
vn -0.6135091 0.4580645 -0.6432601
vn 0.09523068 0.9954485 0.003649845
vn 0.004378275 0.02260948 -0.9997348
vn 0.02722766 0.4082174 -0.9124786
vn 0.09523068 0.9954485 0.003649845
vn 0.7083583 -0.0309076 -0.705176
vn 0.6727302 0.3573872 -0.6478491
vn 0.09523068 0.9954485 0.003649845
vn 0.998572 -0.05341476 0.0009692787
vn 0.9419624 0.3357185 -0.0001318597
vn 0.09523068 0.9954485 0.003649845
vn 0.7071698 -0.03185747 0.7063258
vn 0.6729085 0.356481 0.6481631
vn 0.09523068 0.9954485 0.003649845
vn 0.02648539 0.4070474 0.913023
vn 0.09523068 0.9954485 0.003649845
vn 0.09523068 0.9954485 0.003649845
vn 0.9404378 0.2947072 -0.1694831
vn 0.1828082 -0.8465909 -0.4998649
vn 0.2311061 -0.9075451 -0.3506449
vn 0.9389222 0.2459049 -0.2407402
vn -0.1267453 0.7751427 0.6189422
vn 0.2956552 -0.9000335 -0.3201995
vn -0.2208036 0.8642728 0.4519717
vn -0.8870563 -0.3660977 0.2812537
vn 0.92448 0.3693483 -0.09443831
vn 0.2783781 -0.528779 0.8018095
vn -0.8624293 -0.4326771 0.2626907
vn 0.1828082 -0.8465909 -0.4998649
vn 0.2311061 -0.9075451 -0.3506449
vn -0.1661014 0.8628729 0.4773476
vn 0.2783781 -0.528779 0.8018095
vn -0.9041546 -0.276682 0.3255021
vn 0.2783781 -0.528779 0.8018095
vn 0.2956552 -0.9000335 -0.3201995
vn 0.2783781 -0.528779 0.8018095
vn -0.005537187 -0.663592 -0.7480742
vn -0.4394055 0.6768802 -0.5905556
vn -0.5956662 0.6266646 -0.502467
vn 0.08827127 -0.537276 -0.8387745
vn 0.3662176 -0.7005105 0.612511
vn -0.5745595 0.5852831 -0.5721234
vn 0.5224893 -0.5727079 0.6316729
vn -0.0649186 0.6351511 0.7696549
vn 0.2735509 -0.576142 -0.7702145
vn -0.4892942 0.7370216 -0.4662514
vn -0.231018 0.6103423 0.7577024
vn -0.4394055 0.6768802 -0.5905556
vn -0.5956662 0.6266646 -0.502467
vn 0.5450892 -0.6424685 0.5386205
vn 0.4111762 -0.3988162 -0.8196828
vn -0.6250088 -0.6864704 -0.371648
vn -0.2164952 0.4430692 0.8699538
vn -0.5745595 0.5852831 -0.5721234
vn 0.3257438 -0.6753864 0.6616225
vn -0.6250088 -0.6864704 -0.371648
vn -0.47599 0.3714755 0.7971445
vn -0.6250088 -0.6864704 -0.371648
vn -0.4892942 0.7370216 -0.4662514
vn -0.6250088 -0.6864704 -0.371648
vn -0.4517263 0.7838163 -0.4261166
vn -0.8244205 -0.1175971 -0.5536259
vn -0.8093697 -0.03482643 -0.586266
vn -0.281682 0.7330192 -0.6191431
vn 0.4131937 0.903737 0.1119395
vn -0.8330218 -0.1730346 -0.5254843
vn 0.5237641 0.8434135 -0.1196869
vn 0.86103 0.09513626 0.4995763
vn -0.2985178 0.6489398 -0.6998317
vn -0.8873539 -0.1105202 -0.4476475
vn 0.8699844 0.1744365 0.4611931
vn 0.4870648 -0.7953162 0.3608878
vn 0.6240061 0.7698633 -0.1338915
vn -0.4240868 0.803718 -0.4173582
vn -0.8343903 -0.04135461 -0.5496205
vn 0.4027629 -0.6988333 0.5911126
vn -0.3643373 -0.9154748 -0.1707756
vn 0.8505318 0.02939154 0.5251017
vn 0.5366665 0.8432556 0.03015258
vn -0.3813816 0.7439362 -0.5487323
vn 0.6470152 -0.4683841 -0.6016542
vn -0.5575027 -0.8301746 -0.0009921263
vn -0.8244205 -0.1175971 -0.5536259
vn -0.8093697 -0.03482643 -0.586266
vn 0.2838013 -0.726041 0.6263556
vn -0.5371457 -0.8352003 0.1179613
vn -0.8330218 -0.1730346 -0.5254843
vn 0.9229112 0.02281385 0.3843366
vn 0.4544272 0.8854516 -0.09732144
vn 0.6470152 -0.4683841 -0.6016542
vn 0.4898217 -0.8000078 0.3464999
vn -0.4054341 -0.9123632 -0.05671467
vn -0.8873539 -0.1105202 -0.4476475
vn 0.8921276 0.1446041 0.4280165
vn 0.6470152 -0.4683841 -0.6016542
vn 0.3932993 -0.7991375 0.4546371
vn 0.6470152 -0.4683841 -0.6016542
vn -0.5466285 -0.8307779 -0.1049066
vn 0.6470152 -0.4683841 -0.6016542
vn -0.8343903 -0.04135461 -0.5496205
vn 0.6470152 -0.4683841 -0.6016542
vn -0.1195464 0.9841023 0.1313439
vn 0.7890687 0.5688831 0.2318249
vn 0.7016042 0.6595333 0.2697543
vn -0.1676363 0.8552482 0.4903556
vn -0.9149261 0.3973561 -0.07084026
vn 0.8284327 0.5279362 0.1870361
vn -0.8982388 0.3069314 0.3145794
vn -0.7842695 -0.5966299 -0.1701593
vn -0.02450988 0.74127 0.6707593
vn 0.8279898 0.5141655 0.2237564
vn -0.8554193 -0.506938 -0.1061677
vn 0.1237287 -0.9910259 -0.05058505
vn -0.8777946 0.1339757 0.459921
vn -0.08831211 0.8928977 0.4415139
vn 0.7595161 0.4224873 0.4946108
vn 0.007508211 -0.9051131 -0.4251047
vn 0.8978691 -0.414593 0.148134
vn -0.7506394 -0.6213024 -0.2247752
vn -0.9360265 0.280287 0.2128227
vn -0.002760212 0.9390044 0.3438939
vn 0.615273 0.4778922 0.6269435
vn 0.9588122 -0.2028138 -0.1988609
vn 0.7890687 0.5688831 0.2318249
vn 0.7016042 0.6595333 0.2697543
vn 0.1142027 -0.7532318 -0.6477651
vn 0.8731988 -0.1970709 -0.4457431
vn 0.8284327 0.5279362 0.1870361
vn -0.769753 -0.607365 -0.1964384
vn -0.8455963 0.517454 -0.1311808
vn -0.2503326 0.8817084 0.3999048
vn -0.1179724 -0.5406038 0.8329647
vn 0.1259548 -0.9157023 -0.3816079
vn 0.9141427 -0.3658578 -0.1746174
vn 0.8279898 0.5141655 0.2237564
vn -0.721692 -0.5511802 -0.4187614
vn -0.8836077 0.4413474 -0.1563648
vn -0.1179724 -0.5406038 0.8329647
vn 0.1767782 -0.9665278 -0.1859396
vn 0.853181 -0.4574109 0.250714
vn 0.7595161 0.4224873 0.4946108
vn -0.7594543 -0.3930354 -0.5184133
vn -0.1179724 -0.5406038 0.8329647
vn 0.03076306 -0.92809 -0.3710831
vn -0.1179724 -0.5406038 0.8329647
vn 0.8341895 -0.4902657 0.2525223
vn -0.1179724 -0.5406038 0.8329647
vn 0.615273 0.4778922 0.6269435
vn -0.1179724 -0.5406038 0.8329647
vn 0.3286768 0.915423 0.2323193
vn -0.6290721 0.7532974 -0.1918629
vn -0.4988881 0.7736736 -0.3905635
vn 0.3215411 0.9416804 0.09924363
vn 0.9226707 0.117682 0.3671919
vn -0.1648516 0.6403211 -0.7502086
vn 0.8539283 0.2204191 0.4714041
vn 0.6156644 -0.7803987 0.1092492
vn 0.5185241 0.8474196 -0.1140739
vn 0.1732852 0.3174191 -0.9323183
vn 0.5292039 -0.7762216 0.3426708
vn -0.2756383 -0.9197691 -0.2793712
vn 0.7400928 0.2613756 0.6196334
vn 0.6066993 0.7706022 -0.1951624
vn 0.8433104 -0.4983329 0.2012261
vn -0.4000908 -0.8922512 -0.2093207
vn -0.8834514 -0.1901059 -0.428221
vn 0.2108063 -0.639868 0.7390059
vn 0.4445691 0.4150786 0.7937683
vn 0.8433104 -0.4983329 0.2012261
vn -0.8389219 -0.09879524 -0.5352098
vn -0.6290721 0.7532974 -0.1918629
vn -0.4988881 0.7736736 -0.3905635
vn -0.5596747 -0.8280686 -0.03265813
vn -0.2068331 -0.4498042 0.8688477
vn 0.8433104 -0.4983329 0.2012261
vn -0.6707411 -0.1496455 -0.7264383
vn -0.1648516 0.6403211 -0.7502086
vn -0.5660453 -0.8243705 -0.002450188
vn 0.8433104 -0.4983329 0.2012261
vn -0.3586494 -0.4272488 -0.8299572
vn 0.8433104 -0.4983329 0.2012261
vn 0.1732852 0.3174191 -0.9323183
vn 0.8433104 -0.4983329 0.2012261
vn -0.7186269 -0.1036123 0.6876336
vn -0.3197059 -0.9158733 0.2428258
vn -0.1464556 -0.9340429 0.3257525
vn -0.5714743 -0.04969914 0.8191137
vn -0.4336872 0.7911707 0.431236
vn 0.1670369 -0.8426388 0.5119166
vn -0.3899803 0.833998 0.3903367
vn 0.2626838 0.9206493 -0.288794
vn -0.292389 0.02685588 0.9559223
vn 0.1937976 -0.7556843 0.6256068
vn 0.1371558 0.8950087 -0.424438
vn 0.6683319 0.09002443 -0.7383956
vn -0.4471632 0.8066819 0.3864059
vn -0.4494506 -0.08113106 0.8896133
vn -0.04829393 -0.970708 0.2353586
vn 0.5107962 0.1102973 -0.8525971
vn 0.37424 -0.8024113 -0.4648447
vn -0.1942669 0.8108674 -0.5520457
vn -0.6843766 0.630927 0.3654584
vn -0.5193785 -0.3426788 0.7828264
vn -0.31609 -0.8997611 0.3008607
vn 0.3920663 -0.7607245 -0.5172835
vn -0.3197059 -0.9158733 0.2428258
vn -0.1464556 -0.9340429 0.3257525
vn 0.2154901 0.03854528 -0.975745
vn 0.4008397 -0.7670503 -0.5009604
vn 0.1670369 -0.8426388 0.5119166
vn -0.3579805 0.7935871 -0.4920056
vn -0.4965773 0.6887006 0.5283015
vn -0.5632446 -0.04889999 0.824842
vn -0.7026948 -0.2303511 -0.6731704
vn 0.6417288 -0.7190083 -0.2668542
vn 0.1937976 -0.7556843 0.6256068
vn 0.3707707 0.1073694 -0.9224972
vn 0.1486959 0.871636 -0.467055
vn -0.3169143 0.7722001 0.5507017
vn -0.7026948 -0.2303511 -0.6731704
vn 0.4238846 -0.7547764 -0.5006342
vn -0.04829393 -0.970708 0.2353586
vn 0.5361584 0.03662053 -0.8433227
vn 0.1584065 0.9685901 -0.1916782
vn -0.7026948 -0.2303511 -0.6731704
vn 0.4952919 0.2607678 -0.8286653
vn -0.7026948 -0.2303511 -0.6731704
vn 0.2722141 -0.751991 -0.6003408
vn -0.7026948 -0.2303511 -0.6731704
vn -0.31609 -0.8997611 0.3008607
vn -0.7026948 -0.2303511 -0.6731704
vn 0.004112436 -0.8592308 0.5115716
vn 0.4960818 -0.02993986 0.8677595
vn 0.7280245 -0.1469603 0.6696141
vn 0.07619365 -0.8062013 0.5867146
vn -0.4854729 -0.7401298 -0.4653213
vn 0.6447326 -0.25317 0.7212662
vn -0.7161657 -0.6831583 -0.1428338
vn -0.4050046 0.1578672 -0.9005827
vn -0.1162868 -0.877968 0.4643809
vn 0.6197662 -0.1324783 0.7735239
vn -0.6105025 0.2430099 -0.7538123
vn 0.071451 0.8713289 -0.4854695
vn -0.7106714 -0.6615344 -0.2394127
vn 0.1702677 -0.8824807 0.4384481
vn 0.6157831 -0.03252111 0.7872443
vn 0.1646207 0.8472635 -0.5050194
vn 0.5044638 0.7854658 0.3585523
vn -0.6758328 0.09175725 -0.7313212
vn -0.4386263 -0.8203443 -0.3669363
vn -0.05968983 -0.8605461 0.5058631
vn 0.7318831 -0.646476 -0.2154434
vn 0.7558132 0.6229356 0.2017368
vn 0.4960818 -0.02993986 0.8677595
vn 0.7280245 -0.1469603 0.6696141
vn -0.04627523 0.7646365 -0.6427982
vn 0.7195785 0.6843569 0.1177385
vn 0.6447326 -0.25317 0.7212662
vn -0.5563957 0.09005245 -0.8260232
vn -0.608763 -0.6700018 -0.424859
vn 0.7318831 -0.646476 -0.2154434
vn -0.02276923 0.9043019 -0.4262858
vn 0.5616893 0.7221736 0.403696
vn 0.6197662 -0.1324783 0.7735239
vn -0.4735488 0.130089 -0.8711076
vn 0.7318831 -0.646476 -0.2154434
vn 0.0846878 0.7890612 -0.6084491
vn 0.7318831 -0.646476 -0.2154434
vn 0.632349 0.7555641 0.171049
vn 0.7318831 -0.646476 -0.2154434
vn 0.6157831 -0.03252111 0.7872443
vn 0.7318831 -0.646476 -0.2154434
vn 0.7641553 0.6431391 0.04938532
vn 0.773334 -0.09205325 -0.6272805
vn 0.7836999 -0.0070884 -0.6210993
vn 0.8165771 0.5498077 0.1758223
vn -0.02805943 0.7083849 0.7052684
vn 0.7490315 0.0243763 -0.6620858
vn 0.08648114 0.5702046 0.816938
vn -0.7551172 0.05035451 0.6536531
vn 0.9218947 0.2748188 0.2731021
vn 0.1992701 -0.9788182 0.04697214
vn -0.6959309 0.05763862 0.7157918
vn -0.7350793 -0.6777239 -0.01866993
vn 0.2243988 0.2154668 0.9503785
vn 0.1992701 -0.9788182 0.04697214
vn -0.8342972 -0.5478606 -0.06161974
vn 0.04532611 -0.7437627 -0.6669052
vn -0.6512387 -0.086827 0.7538894
vn 0.1992701 -0.9788182 0.04697214
vn -0.02616228 -0.5917636 -0.805687
vn 0.773334 -0.09205325 -0.6272805
vn 0.7836999 -0.0070884 -0.6210993
vn -0.9178092 -0.3587239 -0.170128
vn 0.1992701 -0.9788182 0.04697214
vn -0.170912 -0.2998575 -0.9385492
vn 0.1992701 -0.9788182 0.04697214
vn 0.7490315 0.0243763 -0.6620858
vn 0.1992701 -0.9788182 0.04697214
vn -0.9050725 -0.02906426 0.4242629
vn -0.3330193 0.73307 0.5930485
vn -0.2539237 0.6028266 0.756388
vn -0.8782616 -0.03216503 0.4770975
vn -0.5771546 -0.7953209 -0.1853571
vn -0.2712517 0.5296071 0.8037032
vn -0.6833165 -0.6682197 -0.2942123
vn 0.3881045 -0.7023178 -0.5967618
vn -0.9023796 -0.1358747 0.4089609
vn -0.1799407 0.6469563 0.7409918
vn 0.3112777 -0.5711793 -0.7595133
vn 0.9184691 0.09844167 -0.3830455
vn -0.6473287 -0.6614439 -0.3787579
vn -0.9369556 0.195656 0.2895392
vn -0.305092 0.7874953 0.5355092
vn 0.9188948 0.1296139 -0.3726024
vn 0.5616828 0.8027088 0.2004271
vn 0.2270688 -0.5633539 -0.7944005
vn -0.636588 -0.5620224 -0.5280972
vn -0.9621538 0.2722341 -0.01219338
vn -0.09194681 -0.2718974 0.9579236
vn 0.6178834 0.6971582 0.3635803
vn -0.3330193 0.73307 0.5930485
vn -0.2539237 0.6028266 0.756388
vn 0.8821523 0.04444795 -0.4688621
vn 0.693776 0.6357286 0.338414
vn -0.2712517 0.5296071 0.8037032
vn 0.4003091 -0.6240743 -0.6710319
vn -0.7118966 -0.5039603 -0.4891087
vn -0.09194681 -0.2718974 0.9579236
vn 0.9780885 -0.1212024 -0.1692717
vn 0.7219917 0.4719044 0.5059983
vn -0.1799407 0.6469563 0.7409918
vn 0.1645749 -0.8540549 -0.4934626
vn -0.09194681 -0.2718974 0.9579236
vn 0.876182 -0.4807484 -0.03444148
vn -0.09194681 -0.2718974 0.9579236
vn 0.7631807 0.3641129 0.5338324
vn -0.09194681 -0.2718974 0.9579236
vn -0.305092 0.7874953 0.5355092
vn -0.09194681 -0.2718974 0.9579236
vn -0.1258135 0.9917348 -0.02516072
vn -0.8941419 0.3779346 0.2401576
vn -0.8973885 0.4197914 0.1359012
vn -0.1805715 0.9526643 -0.2445909
vn 0.7449259 0.595921 -0.2999392
vn -0.9066877 0.3317244 0.2605311
vn 0.668232 0.6071756 -0.4298882
vn 0.8552467 -0.4085368 -0.318827
vn -0.1618524 0.9468075 -0.2781355
vn -0.8926106 0.4113258 0.1845464
vn 0.9172893 -0.3076669 -0.2528268
vn 0.04885211 -0.9978303 -0.04413855
vn 0.705074 0.4761449 -0.5255061
vn -0.2380164 0.9311745 -0.2761563
vn -0.2159655 -0.5189555 -0.8270696
vn 0.1685598 -0.9702295 0.1739033
vn -0.7812053 -0.5828807 0.2235362
vn 0.8425842 -0.4481666 -0.2986612
vn 0.6011083 0.5944253 -0.5341606
vn -0.2159655 -0.5189555 -0.8270696
vn -0.769972 -0.5307303 0.3542151
vn -0.8941419 0.3779346 0.2401576
vn -0.8973885 0.4197914 0.1359012
vn 0.1824189 -0.9679917 0.1723821
vn 0.8742461 -0.3476434 -0.3388774
vn -0.2159655 -0.5189555 -0.8270696
vn -0.6488123 -0.6155112 0.4474244
vn -0.9066877 0.3317244 0.2605311
vn 0.1213041 -0.9718608 0.2019207
vn -0.2159655 -0.5189555 -0.8270696
vn -0.7537526 -0.4993754 0.4271782
vn -0.2159655 -0.5189555 -0.8270696
vn -0.8926106 0.4113258 0.1845464
vn -0.2159655 -0.5189555 -0.8270696
vn -0.3963838 0.9048911 0.1550876
vn -0.5526712 0.1788541 0.8139815
vn -0.5049586 0.2834638 0.8152699
vn -0.5222054 0.8522241 0.03186898
vn 0.1674201 0.7111973 -0.6827657
vn -0.4585983 0.1426908 0.8771128
vn -0.05965654 0.6219444 -0.7807856
vn 0.5442153 -0.1901317 -0.8171167
vn -0.5416159 0.8247632 0.1625359
vn -0.8581202 -0.1740943 -0.4830331
vn 0.4393398 -0.1651483 -0.8830099
vn 0.3838511 -0.909804 -0.1578448
vn -0.04140058 0.5832816 -0.8112143
vn -0.8581202 -0.1740943 -0.4830331
vn 0.539646 -0.8256028 -0.1648099
vn -0.1767876 -0.7184706 0.6727155
vn 0.442978 -0.3271851 -0.8346978
vn -0.8581202 -0.1740943 -0.4830331
vn 0.02831376 -0.6082514 0.7932394
vn -0.5526712 0.1788541 0.8139815
vn -0.5049586 0.2834638 0.8152699
vn 0.4379156 -0.8968324 -0.06262226
vn -0.8581202 -0.1740943 -0.4830331
vn 0.00199276 -0.6596581 0.7515632
vn -0.8581202 -0.1740943 -0.4830331
vn -0.4585983 0.1426908 0.8771128
vn -0.8581202 -0.1740943 -0.4830331
vn -0.7212486 -0.6822245 -0.1198762
vn -0.9588373 0.2809296 -0.04134736
vn -0.939821 0.3314605 -0.08288831
vn -0.7087766 -0.6625348 -0.2422467
vn 0.2513239 -0.9659786 -0.06100633
vn -0.9522863 0.3051053 0.00783801
vn 0.2963232 -0.9482899 -0.1137491
vn 0.9526955 -0.294809 0.07388478
vn -0.7131515 -0.5307885 -0.4579067
vn -0.9697961 0.2064983 -0.1298233
vn 0.9502481 -0.2760196 0.1443664
vn 0.7195965 0.6765816 0.1562634
vn 0.3297127 -0.8508394 -0.4090989
vn -0.5896835 -0.640119 -0.4924643
vn -0.9664369 0.1961093 0.165955
vn 0.6980982 0.6546777 0.2899239
vn -0.2632206 0.9600525 0.09494241
vn 0.9648187 -0.2280144 0.1308985
vn 0.329455 -0.8762006 -0.3517557
vn -0.7564672 -0.6464212 -0.09948402
vn -0.9234068 0.2255852 0.3105339
vn -0.2384732 0.9548415 0.1772234
vn -0.9588373 0.2809296 -0.04134736
vn -0.939821 0.3314605 -0.08288831
vn 0.5906988 0.5907803 0.549594
vn -0.336237 0.8166116 0.4691378
vn -0.9522863 0.3051053 0.00783801
vn 0.9241215 -0.3654866 0.1114408
vn 0.15515 -0.955101 -0.2524096
vn -0.6396583 -0.7313189 -0.2366644
vn -0.2983244 -0.5543208 0.7770013
vn 0.7088298 0.4693212 0.526591
vn -0.3255378 0.8444817 0.425295
vn -0.9697961 0.2064983 -0.1298233
vn 0.9659151 -0.2398434 -0.0973818
vn 0.4089716 -0.8111804 -0.4180055
vn -0.2983244 -0.5543208 0.7770013
vn 0.5808517 0.7789063 0.2364664
vn -0.3907335 0.8609746 0.3256534
vn -0.9664369 0.1961093 0.165955
vn 0.9740167 -0.1682649 -0.1515862
vn -0.2983244 -0.5543208 0.7770013
vn 0.7544332 0.5871487 0.2934059
vn -0.2983244 -0.5543208 0.7770013
vn -0.1430039 0.823669 0.5487434
vn -0.2983244 -0.5543208 0.7770013
vn -0.9234068 0.2255852 0.3105339
vn -0.2983244 -0.5543208 0.7770013
vn -0.4235282 -0.3878636 -0.8186487
vn -0.03288775 -0.9920025 -0.1218588
vn -0.1729493 -0.9847534 -0.01869019
vn -0.5203316 -0.3346978 -0.7856414
vn -0.3665466 0.6145777 -0.6985255
vn -0.4099742 -0.8913218 0.1935633
vn -0.288916 0.6464276 -0.7061579
vn 0.06642325 0.9941376 0.08531348
vn -0.7346206 -0.2654239 -0.6244059
vn -0.4677287 -0.8566434 0.2176968
vn 0.2161752 0.976306 0.009745109
vn 0.4671832 0.3814439 0.7976468
vn -0.2177001 0.627964 -0.7471732
vn -0.8564571 -0.2352033 -0.4595222
vn -0.2596117 -0.9601622 -0.1033943
vn 0.5514325 0.4118995 0.7254385
vn 0.3993013 -0.6320348 0.6641464
vn 0.4852401 0.8584299 -0.1662534
vn -0.3275709 0.6310869 -0.7031547
vn -0.7366396 -0.31143 -0.6003112
vn -0.104203 -0.9601457 -0.2593492
vn 0.3640982 -0.5775623 0.7306534
vn -0.03288775 -0.9920025 -0.1218588
vn -0.1729493 -0.9847534 -0.01869019
vn 0.7709729 0.2966359 0.5635672
vn 0.3397357 -0.5688862 0.7489648
vn -0.4099742 -0.8913218 0.1935633
vn 0.5486084 0.7972867 -0.2517198
vn -0.50516 0.6411591 -0.5776924
vn -0.6204257 -0.2166572 -0.7537451
vn -0.2898459 -0.954321 -0.07253174
vn 0.3630125 -0.674742 0.6426081
vn -0.4677287 -0.8566434 0.2176968
vn 0.8928259 0.1379615 0.4287523
vn 0.2989567 0.9542649 -0.001837526
vn -0.4629166 0.7367988 -0.4927837
vn -0.6834013 -0.1927649 -0.7041337
vn -0.2734948 -0.9548794 -0.1157833
vn 0.4502183 -0.7796044 0.4353393
vn -0.2596117 -0.9601622 -0.1033943
vn 0.8209424 0.1283871 0.5563905
vn 0.1474163 0.9707362 0.1895776
vn -0.3171425 0.7305074 -0.6047972
vn -0.5701225 -0.3135608 -0.7593682
vn 0.9015833 -0.03182041 -0.4314338
vn 0.5395485 -0.7093909 0.4534888
vn -0.104203 -0.9601457 -0.2593492
vn 0.6715627 0.2826482 0.6849186
vn 0.3500708 0.9366301 0.01320757
vn -0.3001794 0.6208327 -0.7241955
vn 0.9015833 -0.03182041 -0.4314338
vn 0.4362044 -0.684972 0.5835572
vn -0.2898459 -0.954321 -0.07253174
vn 0.744612 0.2745864 0.608404
vn 0.3035014 0.9527261 -0.01413976
vn 0.9015833 -0.03182041 -0.4314338
vn 0.6534616 0.217077 0.7251658
vn 0.9015833 -0.03182041 -0.4314338
vn 0.29735 -0.7484379 0.59281
vn 0.9015833 -0.03182041 -0.4314338
vn -0.2734948 -0.9548794 -0.1157833
vn 0.9015833 -0.03182041 -0.4314338
vn 0.01575254 0.8277228 0.5609161
vn -0.113656 -0.0858976 0.9898
vn -0.1127705 -0.0209835 0.9933995
vn -0.1713371 0.837007 0.5196758
vn 0.09606292 0.8879815 -0.4497342
vn -0.07591061 -0.1244617 0.9893163
vn -0.1092144 0.8920291 -0.4385844
vn 0.04669634 0.08165131 -0.9955664
vn -0.2498407 0.7870725 0.5640004
vn -0.3241872 -0.08736606 0.94195
vn 0.008549197 0.1439445 -0.9895488
vn -0.08829834 -0.8212206 -0.5637377
vn -0.1950175 0.8555955 -0.4795045
vn -0.4657223 0.7265784 0.5051601
vn -0.3406833 -0.2149537 0.9152758
vn 0.08021851 -0.7992963 -0.5955589
vn -0.1652818 -0.8842541 0.4367799
vn 0.01223399 0.03752314 -0.9992208
vn -0.232136 0.8869231 -0.3993497
vn -0.6009567 0.6868251 0.408806
vn 0.002549492 -0.01917267 0.9998129
vn 0.0147505 -0.8728061 0.4878441
vn -0.113656 -0.0858976 0.9898
vn -0.1127705 -0.0209835 0.9933995
vn 0.1678347 -0.8266198 -0.5371511
vn 0.1241983 -0.888523 0.4417031
vn -0.07591061 -0.1244617 0.9893163
vn 0.1969514 0.2166631 -0.9561732
vn -0.2336572 0.7928312 -0.5628704
vn -0.3564634 0.822472 0.4432536
vn -0.8802041 -0.3680979 0.2995742
vn 0.4047612 -0.7758272 -0.4840048
vn 0.07573572 -0.8340282 0.5464989
vn -0.3241872 -0.08736606 0.94195
vn 0.2949425 0.09981342 -0.9502874
vn -0.3830532 0.7477547 -0.5423405
vn -0.8802041 -0.3680979 0.2995742
vn 0.5129024 -0.7046727 -0.4902729
vn 0.2190323 -0.8785267 0.4245181
vn -0.3406833 -0.2149537 0.9152758
vn -0.1252923 -0.01104542 -0.9920583
vn -0.8802041 -0.3680979 0.2995742
vn 0.2003553 -0.7986006 -0.567534
vn -0.8802041 -0.3680979 0.2995742
vn 0.2881491 -0.8507679 0.4395045
vn -0.8802041 -0.3680979 0.2995742
vn 0.002549492 -0.01917267 0.9998129
vn -0.8802041 -0.3680979 0.2995742
vn 0.103992 0.09673031 0.9898631
vn 0.2362373 0.7144258 0.6586257
vn 0.6806235 0.7305422 0.05531558
vn 0.4151081 -0.5432662 0.7297583
vn 0.9772943 0.08762629 -0.1929185
vn 0.8470274 -0.5144658 0.1336773
vn -0.160645 -0.8771846 0.4524823
vn -0.1622392 -0.006571856 0.9867296
vn -0.2888397 -0.0347568 0.9567464
vn -0.05605897 -0.8950626 0.4424029
vn 0.103992 0.09673031 0.9898631
vn 0.04747812 -0.8474111 -0.5288103
vn 0.4151081 -0.5432662 0.7297583
vn 0.3132856 -0.8412918 -0.4405453
vn 0.2391249 -0.01796178 -0.9708227
vn 0.8470274 -0.5144658 0.1336773
vn 0.4917592 -0.04143579 -0.8697448
vn 0.2382262 0.8572839 -0.4564127
vn 0.9772943 0.08762629 -0.1929185
vn 0.3176225 0.8242349 -0.4687778
vn 0.03336874 0.83972 0.5419935
vn 0.6806235 0.7305422 0.05531558
vn -0.0956075 0.8742265 0.4760119
vn -0.1622392 -0.006571856 0.9867296
vn 0.2362373 0.7144258 0.6586257
vn -0.2888397 -0.0347568 0.9567464
vn 0.103992 0.09673031 0.9898631
vn 0.001761429 0.9989611 0.04553592
vn -0.9941964 -0.003778621 0.1075143
vn -0.9904323 0.08489703 0.1087948
vn -0.02445851 0.9840437 -0.1762378
vn 0.9882886 0.004702551 -0.1525235
vn -0.9643352 0.1417516 0.2235266
vn 0.9759803 0.09440952 -0.1963396
vn -0.007814098 -0.9959196 -0.08990601
vn -0.07936257 0.8019149 -0.5921437
vn -0.8532109 0.1266638 0.5059521
vn 0.0347847 -0.9929389 0.113413
vn -0.9941964 -0.003778621 0.1075143
vn -0.9904323 0.08489703 0.1087948
vn 0.9183223 -0.004894796 -0.3958032
vn -0.1379312 0.7462835 -0.6511804
vn -0.5988123 -0.4318342 -0.6744947
vn 0.1990468 -0.8491433 0.48922
vn -0.9643352 0.1417516 0.2235266
vn 0.832988 -0.2881431 -0.4723396
vn -0.5988123 -0.4318342 -0.6744947
vn 0.1605792 -0.81178 0.5614511
vn -0.5988123 -0.4318342 -0.6744947
vn -0.8532109 0.1266638 0.5059521
vn -0.5988123 -0.4318342 -0.6744947
vn 0.524781 0.8454456 0.0991298
vn -0.797159 0.4574507 0.3940511
vn -0.7885189 0.2503275 0.5617598
vn 0.689161 0.7012469 0.1825098
vn -0.3892048 0.8342466 -0.3905792
vn 0.7727754 -0.4242938 -0.4720096
vn 0.61743 -0.3357035 -0.7113954
vn -0.3892048 0.8342466 -0.3905792
vn -0.5546163 -0.8132756 -0.1760213
vn -0.5608482 -0.7112665 -0.4237325
vn -0.3892048 0.8342466 -0.3905792
vn -0.797159 0.4574507 0.3940511
vn -0.7885189 0.2503275 0.5617598
vn -0.3892048 0.8342466 -0.3905792
vn 0.8407731 -0.5379699 0.06073735
vn -0.4522 -0.7930891 -0.4080745
vn -0.3746813 -0.7622597 -0.5278013
vn 0.8222439 -0.5359715 0.1914406
vn 0.4469605 0.7538752 0.4815584
vn -0.1610959 -0.5154185 -0.8416602
vn 0.4252499 0.6670401 0.6117353
vn -0.8721538 0.4892287 0.00176589
vn 0.7245799 -0.5853098 0.3638634
vn -0.1857206 -0.5862951 -0.7885213
vn -0.8019097 0.595452 -0.04876308
vn -0.4522 -0.7930891 -0.4080745
vn -0.3746813 -0.7622597 -0.5278013
vn 0.1184105 0.4504689 0.884905
vn 0.3626584 -0.8954874 0.2580332
vn -0.8442465 0.2033859 0.4958649
vn -0.741246 0.6660523 -0.08323836
vn -0.1610959 -0.5154185 -0.8416602
vn 0.2353521 0.2786654 0.9311042
vn -0.8442465 0.2033859 0.4958649
vn -0.5174739 0.6865339 -0.5107757
vn -0.8442465 0.2033859 0.4958649
vn -0.1857206 -0.5862951 -0.7885213
vn -0.8442465 0.2033859 0.4958649
vn -0.04255139 0.9699641 0.2394974
vn -0.593905 -0.2122226 0.7760402
vn -0.506541 -0.3149781 0.8026239
vn 0.1407582 0.9519275 0.2720683
vn 0.5250632 0.2268989 -0.8202595
vn -0.4122071 -0.1236221 0.9026644
vn 0.4054296 0.1820736 -0.8958103
vn -0.02713778 -0.9588191 -0.2827182
vn -0.03155329 0.9559222 0.2919199
vn -0.8671179 -0.191045 -0.4600091
vn -0.1654272 -0.9012872 -0.4003938
vn -0.593905 -0.2122226 0.7760402
vn -0.506541 -0.3149781 0.8026239
vn 0.3271634 0.4153387 -0.8487979
vn -0.8671179 -0.191045 -0.4600091
vn -0.06856927 -0.9523145 -0.2973136
vn -0.8671179 -0.191045 -0.4600091
vn -0.4122071 -0.1236221 0.9026644
vn -0.8671179 -0.191045 -0.4600091
vn 0.3383264 0.9270464 -0.1616177
vn 0.05309533 -0.1897842 -0.9803891
vn 0.1918915 -0.1854804 -0.9637296
vn 0.4682478 0.8636674 -0.1866082
vn 0.02672327 0.1628118 0.9862952
vn 0.4963792 -0.3691422 -0.7857109
vn -0.06254213 0.2608755 0.9633445
vn -0.2578344 -0.9512237 0.1693956
vn 0.7599311 0.6470989 -0.06138129
vn 0.4312422 -0.472887 -0.7683801
vn -0.3757139 -0.9218564 0.09497268
vn 0.05309533 -0.1897842 -0.9803891
vn 0.1918915 -0.1854804 -0.9637296
vn -0.3032532 0.4723817 0.8275827
vn 0.7495924 0.6259045 0.2153014
vn 0.5870681 -0.7041347 0.3994313
vn -0.6127309 -0.785705 -0.085021
vn 0.4963792 -0.3691422 -0.7857109
vn -0.4365534 0.3749637 0.8178163
vn 0.5870681 -0.7041347 0.3994313
vn -0.7989385 -0.6013989 0.004075904
vn 0.5870681 -0.7041347 0.3994313
vn 0.4312422 -0.472887 -0.7683801
vn 0.5870681 -0.7041347 0.3994313
vn -0.7488655 -0.1349702 -0.6488324
vn -0.03895241 0.9868093 -0.1571308
vn -0.2560952 0.9593213 0.1188185
vn -0.706794 0.0310575 -0.7067373
vn -0.02237761 -0.9759222 0.2169679
vn -0.6763425 0.6356973 0.3720884
vn 0.2712727 -0.9624186 0.01271046
vn 0.6874303 0.1400919 0.7126106
vn -0.7746689 -0.1840875 -0.6049792
vn -0.03371795 -0.7537678 0.6562752
vn 0.5754151 0.2498599 0.7787603
vn -0.03895241 0.9868093 -0.1571308
vn -0.2560952 0.9593213 0.1188185
vn 0.48386 -0.7322665 -0.479234
vn -0.03371795 -0.7537678 0.6562752
vn 0.6250652 0.2723141 0.7315316
vn -0.03371795 -0.7537678 0.6562752
vn -0.6763425 0.6356973 0.3720884
vn -0.03371795 -0.7537678 0.6562752
vn -0.5398645 -0.7953762 -0.2755414
vn -0.8358053 0.5468127 0.04924927
vn -0.8047121 0.582199 0.1161161
vn -0.5196404 -0.7280237 -0.4471637
vn 0.8199044 -0.5717475 0.02935037
vn -0.7548465 0.6489788 -0.09504439
vn 0.8676175 -0.4960042 0.03492394
vn 0.5263551 0.7727907 0.3546051
vn -0.3425214 -0.715278 -0.6091442
vn -0.7349306 -0.2554132 0.6282046
vn 0.4688118 0.7141842 0.5197658
vn -0.8358053 0.5468127 0.04924927
vn -0.8047121 0.582199 0.1161161
vn 0.7188324 -0.6685899 0.1904405
vn -0.7349306 -0.2554132 0.6282046
vn 0.4756171 0.5094935 0.7170807
vn -0.7349306 -0.2554132 0.6282046
vn -0.7548465 0.6489788 -0.09504439
vn -0.7349306 -0.2554132 0.6282046
vn -0.06473787 0.3772384 0.9238508
vn -0.1058191 -0.9207516 0.3755247
vn -0.03689577 -0.9645718 0.2612278
vn 0.1828675 0.4109239 0.8931411
vn 0.01434743 0.9269518 -0.3749059
vn -0.1033046 -0.9489493 0.2980325
vn -0.09733401 0.8906377 -0.444174
vn -0.02574383 -0.3744907 -0.9268733
vn 0.7386543 0.23714 0.6309949
vn -0.2827446 0.40723 0.868458
vn -0.2684894 -0.3222334 -0.907788
vn -0.1058191 -0.9207516 0.3755247
vn -0.03689577 -0.9645718 0.2612278
vn -0.228561 0.8739336 -0.4289521
vn -0.2827446 0.40723 0.868458
vn -0.795593 -0.2884639 -0.5327479
vn -0.2827446 0.40723 0.868458
vn -0.1033046 -0.9489493 0.2980325
vn -0.2827446 0.40723 0.868458
vn 0.5607499 -0.6032743 -0.5671152
vn 0.2635287 0.7796724 -0.5680348
vn -0.00289654 0.6615677 -0.7498798
vn 0.4480492 -0.5325409 -0.7180892
vn -0.3248935 -0.7915112 0.5176429
vn -0.436545 0.4066151 -0.8025538
vn -0.00231134 -0.7631004 0.6462759
vn -0.6240064 0.5853693 0.5176473
vn 0.005021543 -0.7808839 -0.624656
vn -0.8133296 -0.07670977 0.5767241
vn -0.508812 0.7176524 0.4754843
vn 0.2635287 0.7796724 -0.5680348
vn -0.00289654 0.6615677 -0.7498798
vn 0.3938466 -0.6599205 0.6398358
vn -0.8133296 -0.07670977 0.5767241
vn -0.1093117 0.8219533 0.5589666
vn -0.8133296 -0.07670977 0.5767241
vn -0.436545 0.4066151 -0.8025538
vn -0.8133296 -0.07670977 0.5767241
vn 0.6942098 -0.5350059 -0.4814992
vn 0.5815356 0.8108693 -0.06563039
vn 0.4535708 0.8227737 -0.3425157
vn 0.6580414 -0.4043287 -0.6352164
vn -0.6302505 -0.7743994 -0.05558724
vn 0.389545 0.8308747 -0.3973689
vn -0.4359968 -0.8868287 0.1531066
vn -0.7457511 0.5627037 0.356679
vn 0.3473058 -0.574333 -0.7412964
vn -0.6746734 0.4453862 -0.5885974
vn -0.6090445 0.6500406 0.454436
vn 0.5815356 0.8108693 -0.06563039
vn 0.4535708 0.8227737 -0.3425157
vn -0.4700004 -0.8504776 0.2361939
vn -0.6746734 0.4453862 -0.5885974
vn -0.5717197 0.3996051 0.716556
vn -0.6746734 0.4453862 -0.5885974
vn 0.389545 0.8308747 -0.3973689
vn -0.6746734 0.4453862 -0.5885974
vn 0.1589776 0.3206255 0.9337695
vn -0.3807406 -0.8507316 0.3623429
vn -0.2870361 -0.9134513 0.2884737
vn 0.2966601 0.327726 0.8969885
vn 0.3066362 0.8832421 -0.3547643
vn -0.009059131 -0.9953621 0.09577124
vn 0.1714066 0.9087087 -0.3806155
vn -0.2342848 -0.2908194 -0.9276501
vn 0.5856519 0.322944 0.7434508
vn 0.1160906 -0.9727044 0.2009208
vn -0.3474723 -0.1979325 -0.9165619
vn -0.3807406 -0.8507316 0.3623429
vn -0.2870361 -0.9134513 0.2884737
vn -0.1813686 0.9619334 -0.2044248
vn 0.7300577 0.09679392 0.6764959
vn -0.7074093 0.2528957 0.6600121
vn -0.669744 -0.08916851 -0.7372191
vn -0.009059131 -0.9953621 0.09577124
vn -0.1290244 0.9870142 -0.09568568
vn -0.7074093 0.2528957 0.6600121
vn -0.7616287 -0.2957634 -0.5765811
vn -0.7074093 0.2528957 0.6600121
vn 0.1160906 -0.9727044 0.2009208
vn -0.7074093 0.2528957 0.6600121
vn -0.6318411 -0.729588 0.2616833
vn 0.4124288 -0.5989411 -0.6864197
vn 0.006826277 -0.3603696 -0.9327847
vn -0.4414743 -0.8857025 0.1436367
vn -0.8669163 0.3317347 0.3720326
vn -0.4743233 0.6199768 0.625017
vn 0.001964995 0.5900329 0.8073768
vn -0.8669163 0.3317347 0.3720326
vn 0.5659661 0.7592939 -0.3211778
vn 0.3630084 0.7381779 -0.5686108
vn -0.8669163 0.3317347 0.3720326
vn 0.4124288 -0.5989411 -0.6864197
vn 0.006826277 -0.3603696 -0.9327847
vn -0.8669163 0.3317347 0.3720326
vn 0.8048217 0.5597543 -0.197325
vn 0.5563304 -0.5976726 0.5773075
vn 0.4191985 -0.3863919 0.821568
vn 0.9241676 0.2700401 -0.2701715
vn 0.04897305 0.9965586 0.06687813
vn -0.5636275 0.635114 -0.5281612
vn -0.6702796 0.3635185 -0.6469773
vn 0.04897305 0.9965586 0.06687813
vn -0.8168175 -0.5221364 0.2453218
vn -0.7854878 -0.3138637 0.533384
vn 0.04897305 0.9965586 0.06687813
vn 0.5563304 -0.5976726 0.5773075
vn 0.4191985 -0.3863919 0.821568
vn 0.04897305 0.9965586 0.06687813
vn 0.0287229 -0.9869634 -0.1583613
vn 0.9021834 0.08860903 -0.4221534
vn 0.9392997 0.1512281 -0.307971
vn 0.01983179 -0.9996697 -0.01634609
vn -0.9350707 -0.08326858 0.344542
vn 0.9535306 0.2121556 -0.2139382
vn -0.9741586 -0.03165052 0.2236363
vn -0.05956144 0.9949974 0.08020426
vn 0.1302802 -0.9071785 0.4000677
vn 0.9659785 0.07248296 0.2482575
vn -0.1521633 0.9877021 -0.03592802
vn 0.9021834 0.08860903 -0.4221534
vn 0.9392997 0.1512281 -0.307971
vn -0.9998937 -0.003666321 0.01411696
vn 0.08638452 -0.9411498 0.3267642
vn 0.538617 0.1357153 -0.8315486
vn -0.1540222 0.8662066 -0.475356
vn 0.9535306 0.2121556 -0.2139382
vn -0.8822637 -0.4228901 -0.2068206
vn 0.538617 0.1357153 -0.8315486
vn -0.3560231 0.7994809 -0.4838161
vn 0.538617 0.1357153 -0.8315486
vn 0.9659785 0.07248296 0.2482575
vn 0.538617 0.1357153 -0.8315486
vn 0.06518999 -0.09127826 0.9936894
vn 0.5089785 0.8595024 0.04686429
vn 0.3546487 0.9260637 0.1289585
vn 0.1531713 -0.2075968 0.9661481
vn -0.4361842 -0.8982475 -0.05380134
vn 0.4731232 0.8809335 0.01051811
vn -0.2589517 -0.9652782 -0.03438009
vn 0.009445213 0.0549956 -0.9984419
vn 0.3283539 -0.02991937 0.9440808
vn 0.6830758 -0.6930713 -0.2303465
vn -0.1234699 0.02048025 -0.992137
vn 0.5089785 0.8595024 0.04686429
vn 0.3546487 0.9260637 0.1289585
vn -0.3971566 -0.9153524 -0.06630739
vn 0.6830758 -0.6930713 -0.2303465
vn -0.1166183 0.2538449 -0.960189
vn 0.6830758 -0.6930713 -0.2303465
vn 0.4731232 0.8809335 0.01051811
vn 0.6830758 -0.6930713 -0.2303465
vn -0.9343824 -0.1421359 0.3266909
vn 0.02473219 -0.9444191 -0.3278122
vn 0.1143217 -0.9789423 -0.1691231
vn -0.9263057 -0.06466315 0.3711826
vn -0.05805147 0.9653656 0.2543605
vn 0.05571017 -0.9964371 0.06332123
vn -0.113309 0.9903215 0.08015326
vn 0.901578 0.1602087 -0.4018585
vn -0.9793019 -0.1636009 0.1191747
vn 0.1408496 -0.1067264 -0.9842616
vn 0.8748425 0.2342773 -0.4239869
vn 0.02473219 -0.9444191 -0.3278122
vn 0.1143217 -0.9789423 -0.1691231
vn -0.3124699 0.942672 -0.1171838
vn 0.1408496 -0.1067264 -0.9842616
vn 0.9577237 0.1879974 -0.2177664
vn 0.1408496 -0.1067264 -0.9842616
vn 0.05571017 -0.9964371 0.06332123
vn 0.1408496 -0.1067264 -0.9842616
vn 0.05671627 0.8409148 0.5381873
vn -0.6890152 0.4231027 -0.5884236
vn -0.5512792 0.5114279 -0.659191
vn 0.130592 0.9104675 0.3924215
vn 0.7440574 -0.3945956 0.539141
vn -0.737925 0.4368863 -0.51439
vn 0.6317222 -0.3718899 0.6801655
vn 0.0004070718 -0.8113847 -0.5845125
vn 0.4395034 0.8075556 0.3933075
vn 0.1882212 0.2966064 -0.9362679
vn -0.1632416 -0.8228855 -0.5442533
vn -0.6890152 0.4231027 -0.5884236
vn -0.5512792 0.5114279 -0.659191
vn 0.7981701 -0.4156599 0.4360633
vn 0.1882212 0.2966064 -0.9362679
vn -0.09564193 -0.9491074 -0.3000798
vn 0.1882212 0.2966064 -0.9362679
vn -0.737925 0.4368863 -0.51439
vn 0.1882212 0.2966064 -0.9362679
vn 0.3788057 0.7523445 -0.5389657
vn 0.3542641 -0.6505932 -0.6717331
vn 0.0482279 -0.6994469 -0.7130555
vn 0.2214591 0.8502216 -0.4775763
vn -0.2945471 0.6482061 0.70219
vn 0.03607279 -0.6542957 -0.755378
vn -0.01568246 0.5775597 0.8161978
vn -0.317465 -0.7593063 0.5680404
vn -0.06260166 0.6959922 -0.7153152
vn 0.280781 -0.4430663 -0.8513837
vn -0.1693063 -0.6888121 0.7048924
vn 0.3542641 -0.6505932 -0.6717331
vn 0.0482279 -0.6994469 -0.7130555
vn 0.04677692 0.5574968 0.8288602
vn 0.2057135 0.8153362 -0.5412105
vn 0.8241014 -0.368287 0.4303737
vn 0.131942 -0.8418442 0.5233447
vn 0.03607279 -0.6542957 -0.755378
vn -0.1384384 0.7231551 0.6766694
vn 0.8241014 -0.368287 0.4303737
vn -0.1375785 -0.7744009 0.617556
vn 0.8241014 -0.368287 0.4303737
vn 0.280781 -0.4430663 -0.8513837
vn 0.8241014 -0.368287 0.4303737
vn -0.761005 -0.6486489 0.01122293
vn 0.6312316 -0.7479518 0.2052188
vn 0.6729866 -0.5661674 0.475966
vn -0.8735348 -0.4776938 0.09351714
vn 0.1928582 -0.8229712 -0.5343446
vn -0.6234651 0.7276853 -0.2859467
vn -0.761005 -0.6486489 0.01122293
vn -0.8735348 -0.4776938 0.09351714
vn -0.5159063 0.6242966 -0.5865957
vn 0.1928582 -0.8229712 -0.5343446
vn 0.7741466 0.6262931 -0.09194566
vn 0.7211698 0.6131766 -0.3223797
vn 0.6312316 -0.7479518 0.2052188
vn 0.6729866 -0.5661674 0.475966
vn 0.1928582 -0.8229712 -0.5343446
vn -0.4051863 -0.912316 0.05919152
vn -0.16978 0.1294626 0.9769413
vn -0.6533323 0.3544213 0.6689862
vn -0.2437949 -0.9647799 -0.09881165
vn 0.2471087 -0.1673217 -0.9544322
vn -0.8912753 0.3371182 0.3032813
vn 0.7038119 -0.3565707 -0.6144153
vn 0.486734 0.8732342 -0.02349415
vn -0.4030337 -0.8533237 0.3307605
vn 0.5684242 0.3125171 0.7610697
vn 0.6139181 0.7739013 -0.1555037
vn -0.16978 0.1294626 0.9769413
vn -0.6533323 0.3544213 0.6689862
vn 0.8325573 -0.5262216 -0.1730295
vn 0.5684242 0.3125171 0.7610697
vn 0.2708362 0.9381696 -0.2156052
vn 0.5684242 0.3125171 0.7610697
vn -0.8912753 0.3371182 0.3032813
vn 0.5684242 0.3125171 0.7610697
vn 0.06086189 -0.8175595 -0.5726188
vn -0.8235506 0.2791268 -0.4938143
vn -0.9422883 0.1828282 -0.2804758
vn 0.129335 -0.5702227 -0.8112451
vn -0.03582214 -0.9806398 0.1925159
vn 0.730378 -0.368711 0.5749784
vn 0.7855223 -0.1389176 0.6030395
vn -0.03582214 -0.9806398 0.1925159
vn -0.149125 0.7348529 0.661629
vn -0.3774993 0.480865 0.7913679
vn -0.03582214 -0.9806398 0.1925159
vn -0.8235506 0.2791268 -0.4938143
vn -0.9422883 0.1828282 -0.2804758
vn -0.03582214 -0.9806398 0.1925159
vn -0.4980137 0.7922989 0.352484
vn 0.1473866 0.6195844 0.7709685
vn 0.2909128 -0.1115826 0.9502205
vn -0.9595292 0.2438322 0.1408889
vn -0.1726842 -0.6617111 0.7296017
vn -0.8183849 -0.4815207 0.3136622
vn 0.1779084 -0.9362402 0.3029899
vn -0.5913008 -0.7540097 -0.2860644
vn 0.06289039 -0.8973773 0.4367594
vn -0.5520796 -0.7460149 -0.3723843
vn -0.6873659 0.1479293 -0.7110872
vn -0.7250113 0.1887187 -0.6623775
vn -0.7401451 0.2375086 -0.6291065
vn -0.7043836 -0.6532091 -0.27778
vn -0.09543408 0.9173545 -0.3864622
vn -0.195096 0.9330952 -0.3021106
vn 0.5875289 0.7074172 0.3929003
vn 0.5502089 0.7427858 0.3814965
vn -0.1580072 0.9193959 -0.3602014
vn -0.4980137 0.7922989 0.352484
vn -0.9595292 0.2438322 0.1408889
vn -0.8183849 -0.4815207 0.3136622
vn 0.009668389 -0.9031304 0.4292576
vn -0.1726842 -0.6617111 0.7296017
vn 0.7154403 -0.2050428 0.6679092
vn 0.1779084 -0.9362402 0.3029899
vn 0.06289039 -0.8973773 0.4367594
vn 0.6184391 -0.2036487 0.7589863
vn 0.5502089 0.7427858 0.3814965
vn 0.5875289 0.7074172 0.3929003
vn 0.009668389 -0.9031304 0.4292576
vn 0.6709055 -0.1516904 0.7258621
vn -0.7043836 -0.6532091 -0.27778
vn -0.5913008 -0.7540097 -0.2860644
vn -0.1726842 -0.6617111 0.7296017
vn 0.2909128 -0.1115826 0.9502205
vn 0.5545791 0.7745218 0.3042336
vn -0.09543408 0.9173545 -0.3864622
vn 0.1473866 0.6195844 0.7709685
vn -0.1580072 0.9193959 -0.3602014
vn -0.4980137 0.7922989 0.352484
vn 0.5875289 0.7074172 0.3929003
vn 0.6184391 -0.2036487 0.7589863
vn 0.6709055 -0.1516904 0.7258621
vn 0.5545791 0.7745218 0.3042336
vn 0.1185007 -0.5535974 -0.8243103
vn -0.6247184 -0.6883491 0.3686496
vn -0.5692699 -0.7792897 0.261991
vn 0.4040919 -0.6963832 -0.5930938
vn 0.4356307 -0.04185436 0.8991518
vn 0.6824132 0.6512419 -0.3319581
vn 0.7592102 0.5220887 -0.3886172
vn 0.4356307 -0.04185436 0.8991518
vn -0.06753641 0.5057001 0.8600618
vn -0.3107058 0.6823995 0.6616591
vn 0.4356307 -0.04185436 0.8991518
vn -0.6247184 -0.6883491 0.3686496
vn -0.5692699 -0.7792897 0.261991
vn 0.4356307 -0.04185436 0.8991518
vn -0.238728 -0.9489628 0.2061034
vn -0.4997487 -0.05274689 -0.8645629
vn -0.7971314 0.05143987 -0.6016107
vn -0.3137641 -0.9478825 0.05541609
vn 0.4424587 0.07288773 0.8938219
vn -0.9815586 0.1827379 -0.05612149
vn 0.7617005 0.01498166 0.6477562
vn 0.1843462 0.9699282 -0.1589207
vn -0.1295841 -0.9726333 -0.1928531
vn -0.9814149 -0.03739534 -0.188219
vn 0.006603249 0.9711013 -0.2385762
vn -0.4997487 -0.05274689 -0.8645629
vn -0.7971314 0.05143987 -0.6016107
vn 0.9815158 0.07954869 0.1740655
vn 0.06103863 -0.9613566 -0.2684543
vn -0.4046698 -0.0766993 0.9112407
vn -0.01833715 0.9727345 0.2311955
vn -0.9815586 0.1827379 -0.05612149
vn 0.9688125 -0.167377 0.1827219
vn -0.4046698 -0.0766993 0.9112407
vn 0.1217817 0.9173421 0.3790154
vn -0.4046698 -0.0766993 0.9112407
vn -0.9814149 -0.03739534 -0.188219
vn -0.4046698 -0.0766993 0.9112407
vn 0.3292297 0.0257176 0.9438996
vn 0.4875945 -0.8559256 -0.1721713
vn 0.3034642 -0.9518116 -0.04431963
vn 0.2122582 -0.1383763 0.9673668
vn -0.9906542 -0.1241118 0.05657395
vn -0.5523427 0.8156783 0.172007
vn -0.3612031 0.9089556 0.2081635
vn -0.9906542 -0.1241118 0.05657395
vn -0.3998724 -0.04461007 -0.9154845
vn -0.2345205 -0.08306164 -0.9685561
vn -0.9906542 -0.1241118 0.05657395
vn 0.4875945 -0.8559256 -0.1721713
vn 0.3034642 -0.9518116 -0.04431963
vn -0.9906542 -0.1241118 0.05657395
vn -0.4029461 0.06718403 -0.9127545
vn 0.2191557 0.9753734 -0.02484923
vn 0.07979535 0.9967038 -0.01463457
vn -0.51454 0.1382253 -0.846252
vn -0.2662203 -0.962779 0.04672598
vn -0.2340117 0.945103 0.2280761
vn -0.1878773 -0.9801104 -0.06391927
vn 0.3549551 -0.0559155 0.9332097
vn -0.7993167 0.1390012 -0.5846123
vn -0.1593743 0.933736 0.3205262
vn 0.482446 -0.01924225 0.8757144
vn 0.2191557 0.9753734 -0.02484923
vn 0.07979535 0.9967038 -0.01463457
vn 0.04294582 -0.94569 -0.3222207
vn -0.8507573 -0.1206577 -0.511521
vn -0.5604185 -0.098418 0.8223411
vn 0.7294974 0.06991765 0.6804007
vn -0.2340117 0.945103 0.2280761
vn 0.1834384 -0.9527262 -0.2422047
vn -0.5604185 -0.098418 0.8223411
vn 0.859602 -0.09441017 0.5021664
vn -0.5604185 -0.098418 0.8223411
vn -0.1593743 0.933736 0.3205262
vn -0.5604185 -0.098418 0.8223411
vn -0.08261688 0.9915223 -0.1002897
vn -0.1717266 0.08459126 0.9815061
vn -0.04244902 0.2363862 0.9707315
vn -0.3463164 0.9222966 -0.1715633
vn -0.8101956 -0.5159491 0.2781718
vn 0.1110758 -0.09149628 -0.9895912
vn -0.1028936 -0.03348367 -0.9941286
vn -0.8101956 -0.5159491 0.2781718
vn 0.02194415 -0.9953367 0.09393291
vn 0.2686537 -0.9632062 0.007677639
vn -0.8101956 -0.5159491 0.2781718
vn -0.1717266 0.08459126 0.9815061
vn -0.04244902 0.2363862 0.9707315
vn -0.8101956 -0.5159491 0.2781718
vn 0.1381931 0.9834532 -0.1171426
vn 0.9746007 -0.1565905 -0.160103
vn 0.9884359 -0.1367491 0.06553105
vn 0.2380218 0.9645365 -0.1140829
vn -0.9679842 0.1602571 0.1931949
vn 0.9241055 0.008989925 0.3820317
vn -0.9906295 0.1346253 -0.02300536
vn -0.1331443 -0.9795397 0.1509127
vn 0.08811981 0.9839854 0.1549438
vn 0.8075725 -0.3008184 0.507282
vn -0.04440646 -0.98548 0.163882
vn 0.9746007 -0.1565905 -0.160103
vn 0.9884359 -0.1367491 0.06553105
vn -0.9220626 0.2356696 -0.3070185
vn 0.1741802 0.9839171 0.03960506
vn -0.4260218 0.5034076 0.7517222
vn -0.03143737 -0.9958979 -0.08484757
vn 0.9241055 0.008989925 0.3820317
vn -0.8940265 -0.06225453 -0.4436678
vn -0.4260218 0.5034076 0.7517222
vn -0.1505593 -0.9874516 0.047659
vn -0.4260218 0.5034076 0.7517222
vn 0.8075725 -0.3008184 0.507282
vn -0.4260218 0.5034076 0.7517222
vn 0.7376691 0.6195361 -0.2683643
vn -0.6685992 0.6133583 -0.4204365
vn -0.5647978 0.757031 -0.3284929
vn 0.7553785 0.4404356 -0.4852009
vn -0.5178197 -0.4584787 -0.7222604
vn 0.6724674 -0.6429645 0.3665844
vn 0.723058 -0.6736563 0.1528868
vn -0.5178197 -0.4584787 -0.7222604
vn -0.7330256 -0.6458606 0.2133952
vn -0.6572818 -0.5964346 0.4607021
vn -0.5178197 -0.4584787 -0.7222604
vn -0.6685992 0.6133583 -0.4204365
vn -0.5647978 0.757031 -0.3284929
vn -0.5178197 -0.4584787 -0.7222604
vn -0.236361 0.8252815 -0.5128781
vn -0.9459607 0.2786307 0.1659016
vn -0.6460916 -0.6813889 -0.3439111
vn 0.08521698 -0.1397265 -0.9865164
vn -0.8348643 0.3088159 0.4556693
vn 0.1324281 0.9409943 0.3114361
vn 0.795615 0.01673802 0.6055713
vn -0.1774402 -0.6072438 0.7744481
vn 0.1324281 0.9409943 0.3114361
vn -0.8348643 0.3088159 0.4556693
vn -0.9379224 0.1925891 0.2884634
vn 0.360661 0.8789612 -0.3120109
vn -0.9459607 0.2786307 0.1659016
vn 0.795615 0.01673802 0.6055713
vn -0.236361 0.8252815 -0.5128781
vn 0.872359 -0.2977619 -0.3877212
vn -0.1774402 -0.6072438 0.7744481
vn 0.08521698 -0.1397265 -0.9865164
vn -0.07080624 -0.9949215 0.07153752
vn -0.8348643 0.3088159 0.4556693
vn -0.6460916 -0.6813889 -0.3439111
vn -0.9379224 0.1925891 0.2884634
vn -0.9459607 0.2786307 0.1659016
vn 0.6436589 0.5643512 0.5169245
vn 0.2316837 0.5005769 -0.8341136
vn 0.4643459 0.324903 -0.8239059
vn 0.8417166 0.3874269 0.3760498
vn -0.1673806 -0.5567549 0.8136384
vn 0.4490255 0.2510796 -0.8575169
vn -0.2241309 -0.2912396 0.9300241
vn -0.5773829 -0.6202721 -0.5309346
vn 0.8628322 -0.02782524 0.5047241
vn 0.1753154 -0.8528281 -0.491883
vn -0.7027522 -0.3690141 -0.6082498
vn 0.2316837 0.5005769 -0.8341136
vn 0.4643459 0.324903 -0.8239059
vn -0.3623827 -0.331181 0.8712049
vn 0.1753154 -0.8528281 -0.491883
vn -0.9346365 -0.1202914 -0.3346411
vn 0.1753154 -0.8528281 -0.491883
vn 0.4490255 0.2510796 -0.8575169
vn 0.1753154 -0.8528281 -0.491883
vn -0.8737606 -0.4124396 0.2577517
vn 0.476431 -0.6598572 0.5810354
vn 0.5963544 -0.5340304 0.5993105
vn -0.9063764 -0.1560458 0.3925959
vn -0.3151477 -0.9117002 -0.2635992
vn -0.4758192 0.6044543 -0.6389297
vn -0.3810745 0.5056608 -0.7740086
vn -0.3151477 -0.9117002 -0.2635992
vn 0.8789794 0.3580767 -0.3149227
vn 0.8315164 0.1543116 -0.533637
vn -0.3151477 -0.9117002 -0.2635992
vn 0.476431 -0.6598572 0.5810354
vn 0.5963544 -0.5340304 0.5993105
vn -0.3151477 -0.9117002 -0.2635992
vn -0.5972744 0.2853745 -0.7495496
vn -0.2817477 0.8054704 0.5213786
vn -0.5536667 0.5529798 0.6226287
vn -0.8250231 0.1808771 -0.5353694
vn 0.2665968 -0.8148339 -0.5147541
vn -0.6263818 0.4595179 0.6296738
vn 0.3617885 -0.5221365 -0.7723228
vn 0.5820015 -0.289597 0.7598736
vn -0.7746277 -0.3996443 -0.4901391
vn -0.04154832 -0.4317012 0.9010593
vn 0.6383604 -0.03077186 0.7691222
vn -0.2817477 0.8054704 0.5213786
vn -0.5536667 0.5529798 0.6226287
vn 0.4513026 -0.605083 -0.6558967
vn -0.04154832 -0.4317012 0.9010593
vn 0.9349819 0.1429852 0.3245983
vn -0.04154832 -0.4317012 0.9010593
vn -0.6263818 0.4595179 0.6296738
vn -0.04154832 -0.4317012 0.9010593
vn 0.4647351 0.415778 0.7817608
vn -0.3014287 -0.7552105 0.5820634
vn -0.1197503 -0.7800407 0.6141632
vn 0.3011302 0.536476 0.7883617
vn -0.9872493 0.01940448 0.1579949
vn 0.2278879 0.7969146 -0.5594589
vn 0.09637674 0.8869136 -0.4517696
vn -0.9872493 0.01940448 0.1579949
vn -0.5374286 -0.3750629 -0.7553135
vn -0.3646367 -0.3758401 -0.8519297
vn -0.9872493 0.01940448 0.1579949
vn -0.3014287 -0.7552105 0.5820634
vn -0.1197503 -0.7800407 0.6141632
vn -0.9872493 0.01940448 0.1579949
vn -0.9630892 0.09097982 0.2533414
vn -0.5514346 0.6480277 0.5253382
vn 0.1572496 0.5022818 0.8502856
vn -0.6976834 -0.6522874 0.2962416
vn 0.4155284 -0.2358811 0.8784625
vn 0.007829272 -0.7854887 0.6188264
vn -0.954343 -0.0167281 0.2982441
vn -0.4218909 0.7593513 0.4953724
vn -0.3440292 0.8979926 0.2743233
vn -0.9976417 0.06515487 -0.02158635
vn -0.5514346 0.6480277 0.5253382
vn -0.5637075 -0.8050259 -0.1848436
vn -0.9630892 0.09097982 0.2533414
vn -0.4730151 -0.8474171 -0.2411247
vn -0.6976834 -0.6522874 0.2962416
vn 0.4155032 -0.7826467 -0.4634881
vn 0.4752254 -0.8634896 -0.1689575
vn 0.9625483 -0.01500988 -0.2706944
vn 0.9837011 -0.1573402 0.0870412
vn 0.572608 0.7918301 0.2124269
vn 0.9625483 -0.01500988 -0.2706944
vn 0.9837011 -0.1573402 0.0870412
vn 0.6529607 0.6928434 0.3059579
vn -0.4218909 0.7593513 0.4953724
vn -0.3440292 0.8979926 0.2743233
vn 0.1572496 0.5022818 0.8502856
vn -0.5514346 0.6480277 0.5253382
vn 0.4155284 -0.2358811 0.8784625
vn 0.007829272 -0.7854887 0.6188264
vn 0.4752254 -0.8634896 -0.1689575
vn -0.6976834 -0.6522874 0.2962416
vn -0.4730151 -0.8474171 -0.2411247
vn -0.6174246 -0.2377012 0.7498567
vn -0.3355933 0.9414504 0.03237843
vn -0.2517147 0.9594914 -0.1265538
vn -0.7915688 -0.3854808 0.4741556
vn 0.3908372 -0.9198473 0.03357553
vn -0.3461337 0.9333723 0.09490768
vn 0.5392994 -0.8399585 0.060214
vn 0.6747244 0.2620466 -0.6899844
vn -0.9531151 -0.2963258 -0.06134076
vn -0.1671801 -0.3855395 0.9074194
vn 0.8649624 0.3067681 -0.3971567
vn -0.3355933 0.9414504 0.03237843
vn -0.2517147 0.9594914 -0.1265538
vn 0.5107266 -0.8597031 0.008309819
vn -0.1671801 -0.3855395 0.9074194
vn 0.8585903 0.4892752 0.1530769
vn -0.1671801 -0.3855395 0.9074194
vn -0.3461337 0.9333723 0.09490768
vn -0.1671801 -0.3855395 0.9074194
vn 0.3758381 0.9230033 -0.08252637
vn -0.1084946 0.1319944 0.9852951
vn -0.3163147 0.2644036 0.911063
vn 0.1821153 0.9822249 -0.04547793
vn 0.0488924 -0.1085499 -0.9928879
vn -0.5656819 0.1673744 0.8074589
vn 0.2782403 -0.09369279 -0.955931
vn -0.4346209 -0.897761 0.0716233
vn 0.1699178 0.9733993 -0.1536938
vn -0.7916154 0.2501944 -0.5574476
vn -0.3210889 -0.9221891 0.2155673
vn -0.1084946 0.1319944 0.9852951
vn -0.3163147 0.2644036 0.911063
vn 0.4552997 -0.2785469 -0.8456441
vn -0.7916154 0.2501944 -0.5574476
vn -0.2551474 -0.9615209 0.10187
vn -0.7916154 0.2501944 -0.5574476
vn -0.5656819 0.1673744 0.8074589
vn -0.7916154 0.2501944 -0.5574476
vn 0.007371612 -0.4224066 0.9063764
vn 0.6565459 -0.6828932 -0.3203194
vn 0.7554399 -0.5908092 -0.2832935
vn -0.0398391 -0.3949749 0.9178277
vn -0.7167814 0.6296064 0.2997002
vn 0.9142138 -0.2716912 -0.3006611
vn -0.8088641 0.5254148 0.2639662
vn -0.06605994 0.3670959 -0.9278344
vn -0.001303087 -0.2154656 0.9765106
vn 0.9874102 -0.1496895 0.05112927
vn -0.1134974 0.4034046 -0.9079555
vn 0.6565459 -0.6828932 -0.3203194
vn 0.7554399 -0.5908092 -0.2832935
vn -0.9695411 0.2332366 0.07477123
vn 0.09349804 -0.5197941 0.8491597
vn -0.04490661 -0.5265954 -0.8489291
vn -0.2095947 0.1845394 -0.9602163
vn 0.9142138 -0.2716912 -0.3006611
vn -0.9505996 -0.1473467 0.2732202
vn -0.04490661 -0.5265954 -0.8489291
vn -0.1425253 0.4292254 -0.8918813
vn -0.04490661 -0.5265954 -0.8489291
vn 0.9874102 -0.1496895 0.05112927
vn -0.04490661 -0.5265954 -0.8489291
vn 0.05214976 0.6064917 -0.7933777
vn -0.4974978 -0.6697171 -0.5513392
vn -0.5820715 -0.6814787 -0.4435984
vn -0.05483446 0.7207742 -0.6909977
vn 0.5678162 0.6363522 0.52215
vn -0.6595546 -0.4952707 -0.5654155
vn 0.6710615 0.5297809 0.5186605
vn 0.01672749 -0.6430411 0.765649
vn -0.001953052 0.5979435 -0.8015358
vn 0.7055041 -0.6914846 -0.1552839
vn 0.1904675 -0.6870707 0.7011818
vn -0.4974978 -0.6697171 -0.5513392
vn -0.5820715 -0.6814787 -0.4435984
vn 0.720288 0.6284141 0.2937361
vn 0.7055041 -0.6914846 -0.1552839
vn 0.04785566 -0.666272 0.7441717
vn 0.7055041 -0.6914846 -0.1552839
vn -0.6595546 -0.4952707 -0.5654155
vn 0.7055041 -0.6914846 -0.1552839
vn 0.2581241 -0.8975387 0.357486
vn 0.4314983 -0.226713 -0.8731612
vn 0.3691354 -0.1887409 -0.9100088
vn 0.4180244 -0.8147096 0.4018753
vn -0.5005683 0.188119 0.8450105
vn 0.5517559 -0.08006893 -0.8301533
vn -0.5054845 0.2736031 0.8183073
vn -0.3279692 0.8622006 -0.3860653
vn 0.4924752 -0.6586788 0.5688677
vn -0.3212261 -0.7812924 -0.5351599
vn -0.4649567 0.7595788 -0.4548135
vn 0.4314983 -0.226713 -0.8731612
vn 0.3691354 -0.1887409 -0.9100088
vn -0.6261641 0.02862739 0.7791656
vn -0.3212261 -0.7812924 -0.5351599
vn -0.6931334 0.5982221 -0.4021148
vn -0.3212261 -0.7812924 -0.5351599
vn 0.5517559 -0.08006893 -0.8301533
vn -0.3212261 -0.7812924 -0.5351599
vn 0.8862376 0.4622325 0.03040107
vn -0.2504351 0.5467817 -0.7989443
vn -0.4514605 0.7474543 -0.4873351
vn 0.9206518 0.3521031 0.1685935
vn 0.2800638 -0.5930696 0.7548727
vn -0.4319712 0.8355849 -0.3394094
vn 0.4097695 -0.8070459 0.4251657
vn -0.85806 -0.5070666 -0.08134208
vn 0.7936339 0.605426 0.06003765
vn -0.4097141 0.6224092 -0.6668891
vn -0.7508248 -0.657814 -0.05952057
vn -0.2504351 0.5467817 -0.7989443
vn -0.4514605 0.7474543 -0.4873351
vn 0.4990192 -0.8164859 0.2903973
vn 0.7230248 0.6158195 0.3130519
vn 0.840722 -0.1062744 -0.5309352
vn -0.889057 -0.4145648 -0.1941999
vn -0.4319712 0.8355849 -0.3394094
vn 0.2460558 -0.828542 0.502966
vn 0.840722 -0.1062744 -0.5309352
vn -0.686384 -0.613542 -0.3904399
vn 0.840722 -0.1062744 -0.5309352
vn -0.4097141 0.6224092 -0.6668891
vn 0.840722 -0.1062744 -0.5309352
vn 0.7506395 0.6453353 -0.1417137
vn -0.6376246 0.7674156 0.06714277
vn -0.7297601 0.6019596 0.3241833
vn 0.8851927 0.4597884 0.0709124
vn -0.03245429 0.7909005 -0.6110836
vn 0.6301088 -0.7642562 -0.1373874
vn 0.495095 -0.7331848 -0.4661771
vn -0.03245429 0.7909005 -0.6110836
vn -0.7635922 -0.6416472 0.07222026
vn -0.7264937 -0.6291521 -0.2763597
vn -0.03245429 0.7909005 -0.6110836
vn -0.6376246 0.7674156 0.06714277
vn -0.7297601 0.6019596 0.3241833
vn -0.03245429 0.7909005 -0.6110836
vn -0.1199019 0.6525614 -0.7481892
vn 0.1723409 -0.7260573 -0.6656873
vn 0.09254381 -0.8255349 -0.5567116
vn -0.3860139 0.6526228 -0.6519791
vn -0.1246501 0.7380424 0.6631408
vn -0.4342586 -0.7289575 -0.5291885
vn 0.05750088 0.6946451 0.7170508
vn 0.167564 -0.6434687 0.7469072
vn -0.3566977 0.6555986 -0.6655503
vn 0.695393 -0.5243775 -0.4913825
vn 0.4326792 -0.5435603 0.7192572
vn 0.1723409 -0.7260573 -0.6656873
vn 0.09254381 -0.8255349 -0.5567116
vn 0.3840927 0.8686623 0.3128876
vn 0.695393 -0.5243775 -0.4913825
vn 0.5343477 -0.4027036 0.7431705
vn 0.695393 -0.5243775 -0.4913825
vn -0.4342586 -0.7289575 -0.5291885
vn 0.695393 -0.5243775 -0.4913825
vn 0.6341628 0.4573586 -0.6234266
vn 0.6195044 -0.3084403 -0.721858
vn 0.6163633 -0.7823536 -0.08954915
vn 0.6408345 0.7639903 0.07516747
vn 0.6356174 -0.4656478 0.6157618
vn 0.6453583 0.2999845 0.7025112
vn 0.1525725 -0.2349996 -0.9599462
vn -0.1172981 0.4785419 -0.8701947
vn -0.6872962 0.6414306 -0.3408676
vn -0.1580854 -0.85115 -0.5005525
vn -0.9917011 0.02784533 0.1255138
vn -0.7244311 -0.6886225 0.03160273
vn -0.1172981 0.4785419 -0.8701947
vn 0.1525725 -0.2349996 -0.9599462
vn 0.5394089 -0.3221928 -0.7779652
vn 0.1129031 0.7071795 -0.6979613
vn -0.6872962 0.6414306 -0.3408676
vn 0.1430823 -0.2909978 -0.9459639
vn -0.3796195 0.9025395 0.2032524
vn -0.9917011 0.02784533 0.1255138
vn -0.05699657 0.6305802 -0.7740283
vn 0.6195044 -0.3084403 -0.721858
vn 0.6341628 0.4573586 -0.6234266
vn -0.141396 0.984687 0.101974
vn 0.6408345 0.7639903 0.07516747
vn -0.4388121 0.2143398 0.8726411
vn -0.7244311 -0.6886225 0.03160273
vn -0.03708509 0.4433247 0.8955936
vn 0.6453583 0.2999845 0.7025112
vn -0.07483163 -0.6248506 0.7771498
vn -0.1580854 -0.85115 -0.5005525
vn 0.1545517 -0.4930234 0.8561786
vn 0.6356174 -0.4656478 0.6157618
vn 0.3865508 -0.9216196 0.03457991
vn 0.1525725 -0.2349996 -0.9599462
vn 0.5394089 -0.3221928 -0.7779652
vn 0.2765688 -0.957207 -0.08523212
vn 0.6163633 -0.7823536 -0.08954915
vn 0.1430823 -0.2909978 -0.9459639
vn 0.6195044 -0.3084403 -0.721858
vn -0.287656 -0.9573765 -0.02615858
vn 0.1948981 -0.1078939 0.9748711
vn 0.1247408 0.007523214 0.9921609
vn -0.4238171 -0.9034044 -0.06511149
vn -0.1278133 0.03504509 -0.9911789
vn -0.1057109 0.2345917 0.9663291
vn 0.0135604 0.07376788 -0.9971833
vn 0.3635958 0.931546 0.004476222
vn -0.6937137 -0.6999543 -0.1697805
vn -0.2485887 0.1438311 0.9578707
vn 0.4988565 0.8657885 -0.03940099
vn 0.1948981 -0.1078939 0.9748711
vn 0.1247408 0.007523214 0.9921609
vn 0.3151972 -0.1542669 -0.9364039
vn -0.8442254 -0.5359496 -0.006436564
vn 0.5707736 -0.8182656 0.0682565
vn 0.7990692 0.600529 -0.02921116
vn -0.1057109 0.2345917 0.9663291
vn 0.2417401 -0.2514807 -0.9371869
vn 0.5707736 -0.8182656 0.0682565
vn 0.8360608 0.498404 0.229338
vn 0.5707736 -0.8182656 0.0682565
vn -0.2485887 0.1438311 0.9578707
vn 0.5707736 -0.8182656 0.0682565
vn 0.8102695 -0.1067201 0.5762588
vn -0.08561178 -0.9945529 -0.05945789
vn 0.168431 -0.9373195 -0.3050627
vn 0.7232273 -0.01529482 0.6904408
vn 0.03691093 0.9907342 0.1307031
vn 0.3160826 -0.5857142 -0.7463449
vn -0.1313143 0.8955512 0.4251407
vn -0.858989 0.09626117 -0.5028635
vn 0.7660807 0.01734509 0.6425104
vn 0.0008806469 -0.9087292 0.4173854
vn -0.8105374 0.2696041 -0.519945
vn -0.08561178 -0.9945529 -0.05945789
vn 0.168431 -0.9373195 -0.3050627
vn -0.5330447 0.5340431 0.6562479
vn 0.0008806469 -0.9087292 0.4173854
vn -0.8818182 0.03791578 -0.4700628
vn 0.0008806469 -0.9087292 0.4173854
vn 0.3160826 -0.5857142 -0.7463449
vn 0.0008806469 -0.9087292 0.4173854
vn 0.9572131 -0.2289015 0.1770514
vn 0.1702941 0.9402472 0.2948475
vn 0.2012905 0.979398 0.01617845
vn 0.9214749 -0.1269614 0.3671033
vn 0.4915823 -0.3392421 -0.802036
vn -0.1426752 -0.9162986 -0.3742202
vn -0.3287899 -0.9290535 -0.1695783
vn 0.4915823 -0.3392421 -0.802036
vn -0.9330111 0.2497819 -0.2590352
vn -0.8272468 0.3652243 -0.4269356
vn 0.4915823 -0.3392421 -0.802036
vn 0.1702941 0.9402472 0.2948475
vn 0.2012905 0.979398 0.01617845
vn 0.4915823 -0.3392421 -0.802036
vn -0.5561233 0.8203302 0.1333614
vn -0.5234652 -0.4698516 0.7107909
vn -0.6297004 -0.4682616 0.6198456
vn -0.6630794 0.7456073 0.06629795
vn 0.4665338 0.4415629 -0.7663997
vn -0.7478023 -0.6079701 0.266766
vn 0.5074675 0.5332788 -0.6768238
vn 0.4990461 -0.8454337 -0.1902495
vn -0.7917789 0.5597627 -0.2444419
vn -0.663529 -0.6985466 0.2678842
vn 0.5505087 -0.8328118 -0.05800532
vn -0.5234652 -0.4698516 0.7107909
vn -0.6297004 -0.4682616 0.6198456
vn 0.5897127 0.7085121 -0.3876203
vn -0.6323678 0.6207154 -0.4634904
vn -0.1256044 -0.5877121 -0.7992609
vn 0.6219221 -0.7426397 0.2483935
vn -0.7478023 -0.6079701 0.266766
vn 0.7143902 0.619705 -0.3249807
vn -0.1256044 -0.5877121 -0.7992609
vn 0.7840447 -0.5307407 0.3218511
vn -0.1256044 -0.5877121 -0.7992609
vn -0.663529 -0.6985466 0.2678842
vn -0.1256044 -0.5877121 -0.7992609
vn -0.217146 0.3049654 -0.9272776
vn 0.3356804 -0.8676745 -0.3666872
vn -0.01681807 -0.9299201 -0.3673768
vn -0.1127445 0.4350423 -0.8933235
vn -0.2558071 0.8987727 0.356048
vn -0.4999112 -0.8647919 -0.04715787
vn 0.07462682 0.964493 0.2533459
vn 0.3003918 -0.2782306 0.9123335
vn -0.1832389 0.4400984 -0.8790546
vn 0.5323288 -0.5262302 -0.6631047
vn 0.200693 -0.1387743 0.9697753
vn 0.3356804 -0.8676745 -0.3666872
vn -0.01681807 -0.9299201 -0.3673768
vn 0.6215311 0.7515578 0.2210431
vn 0.5323288 -0.5262302 -0.6631047
vn 0.3550245 -0.3109851 0.8816155
vn 0.5323288 -0.5262302 -0.6631047
vn -0.4999112 -0.8647919 -0.04715787
vn 0.5323288 -0.5262302 -0.6631047
vn 0.176115 0.6858412 0.70612
vn 0.595508 -0.6523613 0.4688231
vn 0.7097234 -0.5537104 0.4355429
vn 0.06046853 0.6818011 0.7290342
vn -0.6450148 0.6167697 -0.4511664
vn 0.8972271 -0.244555 0.3676634
vn -0.7377577 0.5795655 -0.3461465
vn -0.2204627 -0.7070507 -0.6719193
vn -0.1993744 0.42026 0.8852295
vn 0.7553958 -0.599707 0.2640621
vn -0.2008977 -0.6417522 -0.7401312
vn 0.595508 -0.6523613 0.4688231
vn 0.7097234 -0.5537104 0.4355429
vn -0.9383821 0.316067 -0.1397882
vn 0.02444603 0.1291671 0.9913215
vn -0.9482929 -0.3101052 0.0676425
vn -0.05251029 -0.4241618 -0.9040628
vn 0.8972271 -0.244555 0.3676634
vn -0.7696428 0.5032462 -0.3929291
vn -0.9482929 -0.3101052 0.0676425
vn 0.3008903 -0.4341321 -0.8491139
vn -0.9482929 -0.3101052 0.0676425
vn 0.7553958 -0.599707 0.2640621
vn -0.9482929 -0.3101052 0.0676425
vn 0.1002402 0.9949591 -0.002885625
vn 0.9879884 -0.07657407 0.1342213
vn 0.8688427 -0.03763818 0.4936555
vn 0.14995 0.9631816 0.2231505
vn -0.75735 -0.2339433 0.609665
vn -0.9906453 0.09466471 -0.09828828
vn -0.8812199 0.1976061 -0.429422
vn -0.75735 -0.2339433 0.609665
vn -0.07768521 -0.9960839 0.04221248
vn 0.1084694 -0.9935725 -0.0323742
vn -0.75735 -0.2339433 0.609665
vn 0.9879884 -0.07657407 0.1342213
vn 0.8688427 -0.03763818 0.4936555
vn -0.75735 -0.2339433 0.609665
vn -0.4296829 0.7804789 0.4541204
vn -0.1256215 -0.5532801 0.8234685
vn 0.06144374 -0.4552044 0.8882644
vn -0.4621616 0.8120871 0.3562601
vn 0.1025904 0.5074975 -0.855524
vn 0.3615111 -0.4409108 0.8215275
vn -0.1177515 0.4541689 -0.8830998
vn 0.3855515 -0.8096987 -0.4424229
vn -0.2563275 0.8876919 0.382491
vn 0.3837064 -0.1349349 0.9135436
vn 0.3956674 -0.7445606 -0.5376586
vn -0.1256215 -0.5532801 0.8234685
vn 0.06144374 -0.4552044 0.8882644
vn -0.3627189 0.208492 -0.9082764
vn -0.3916767 0.7893558 0.4727651
vn -0.5332284 -0.8366731 0.1250824
vn 0.1828868 -0.8826867 -0.4329163
vn 0.3615111 -0.4409108 0.8215275
vn -0.5785635 0.3937237 -0.7143151
vn -0.5332284 -0.8366731 0.1250824
vn 0.2998298 -0.8112797 -0.5019237
vn -0.5332284 -0.8366731 0.1250824
vn 0.3837064 -0.1349349 0.9135436
vn -0.5332284 -0.8366731 0.1250824
vn 0.1622911 -0.2586423 -0.9522425
vn -0.841778 0.4648268 -0.274492
vn -0.6855041 0.7041726 -0.1850008
vn 0.3540109 -0.2342504 -0.9054297
vn -0.813443 -0.4527947 -0.3650856
vn 0.8109912 -0.5139357 0.2795772
vn 0.5999451 -0.7300732 0.3271987
vn -0.813443 -0.4527947 -0.3650856
vn -0.1976609 0.21134 0.9572177
vn -0.2273982 0.0005938724 0.9738017
vn -0.813443 -0.4527947 -0.3650856
vn -0.841778 0.4648268 -0.274492
vn -0.6855041 0.7041726 -0.1850008
vn -0.813443 -0.4527947 -0.3650856
vn 0.0187925 -0.9883792 -0.1508426
vn -0.8399932 -0.1750381 0.5135885
vn -0.8727632 0.02148857 0.4876706
vn -0.03663098 -0.8570131 -0.513991
vn 0.8999088 0.05287899 -0.4328601
vn -0.8868772 -0.08325028 0.4544427
vn 0.9385211 0.2205877 -0.2655545
vn -0.001645862 0.9651569 0.2616666
vn -0.2467676 -0.2779892 -0.9283468
vn 0.005671437 -0.9962016 -0.08689232
vn 0.1629214 0.8101699 0.5630997
vn -0.8399932 -0.1750381 0.5135885
vn -0.8727632 0.02148857 0.4876706
vn 0.9947687 0.0238294 -0.09933446
vn 0.005671437 -0.9962016 -0.08689232
vn 0.2657313 0.2536395 0.9300827
vn 0.005671437 -0.9962016 -0.08689232
vn -0.8868772 -0.08325028 0.4544427
vn 0.005671437 -0.9962016 -0.08689232
vn 0.9583661 0.2493342 -0.1391652
vn -0.280258 0.7137887 -0.6418419
vn -0.2843002 0.6397288 -0.7140871
vn 0.9444711 0.300266 -0.1334718
vn 0.2753208 -0.7249867 0.6313421
vn -0.403901 0.8252901 -0.3946647
vn 0.2420722 -0.6888318 0.6833095
vn -0.9584601 -0.2561941 0.1253747
vn 0.9830697 0.1623283 0.08499154
vn 0.09515985 0.1919611 -0.9767781
vn -0.958504 -0.2820529 0.04142942
vn -0.280258 0.7137887 -0.6418419
vn -0.2843002 0.6397288 -0.7140871
vn 0.3170776 -0.8966742 0.3089291
vn 0.09515985 0.1919611 -0.9767781
vn -0.8287521 -0.559222 -0.02099393
vn 0.09515985 0.1919611 -0.9767781
vn -0.403901 0.8252901 -0.3946647
vn 0.09515985 0.1919611 -0.9767781
vn -0.1273553 -0.9551514 0.2673319
vn -0.4723998 0.2959135 0.8302251
vn -0.2407113 0.3064006 0.9209651
vn -0.2453461 -0.9115759 0.3299009
vn 0.5484463 -0.298485 -0.7810975
vn 0.3568855 0.05664208 0.9324293
vn 0.3416834 -0.2350031 -0.9099594
vn 0.2069489 0.9528577 -0.2218883
vn -0.1695674 -0.9276679 0.3326848
vn 0.7225577 -0.2564538 -0.6419828
vn 0.2607479 0.9605374 -0.09684227
vn -0.4723998 0.2959135 0.8302251
vn -0.2407113 0.3064006 0.9209651
vn -0.2919608 -0.1625076 -0.9425233
vn 0.7225577 -0.2564538 -0.6419828
vn 0.3703787 0.9284464 -0.02840663
vn 0.7225577 -0.2564538 -0.6419828
vn 0.3568855 0.05664208 0.9324293
vn 0.7225577 -0.2564538 -0.6419828
vn -0.9193343 -0.06525439 0.3880288
vn -0.1325055 0.979721 -0.1502969
vn -0.02264397 0.9842849 0.1751299
vn -0.8538304 0.07656641 0.5148895
vn 0.1605841 -0.9614416 0.223255
vn 0.223322 0.7894132 0.5717991
vn -0.05136261 -0.9973789 -0.05096338
vn 0.9469868 0.07815378 -0.3116215
vn -0.5424405 -0.2063541 0.8143564
vn 0.8705162 -0.48523 0.08217944
vn 0.8855976 0.2152233 -0.4115773
vn -0.1325055 0.979721 -0.1502969
vn -0.02264397 0.9842849 0.1751299
vn -0.3469732 -0.8848358 -0.3109263
vn 0.8705162 -0.48523 0.08217944
vn 0.6214262 0.2719869 -0.7347467
vn 0.8705162 -0.48523 0.08217944
vn 0.223322 0.7894132 0.5717991
vn 0.8705162 -0.48523 0.08217944
vn 0.8221638 0.4266451 -0.3768561
vn -0.3972372 0.9079445 0.1335642
vn -0.5256872 0.8230823 0.214915
vn 0.9396408 0.3397476 -0.04058196
vn 0.3613462 -0.9001515 -0.2432203
vn -0.2814037 0.9584828 -0.04607305
vn 0.2257646 -0.9203953 -0.3192222
vn -0.8650042 -0.4208345 0.2732511
vn 0.8340207 0.4171926 0.3610539
vn 0.5282847 -0.1972581 -0.8258356
vn -0.9139741 -0.39742 -0.08190645
vn -0.3972372 0.9079445 0.1335642
vn -0.5256872 0.8230823 0.214915
vn 0.2941927 -0.951263 -0.09246276
vn 0.5282847 -0.1972581 -0.8258356
vn -0.8742279 -0.1040069 -0.4742446
vn 0.5282847 -0.1972581 -0.8258356
vn -0.2814037 0.9584828 -0.04607305
vn 0.5282847 -0.1972581 -0.8258356
vn 0.8248844 0.5473139 -0.1414688
vn 0.3212318 -0.6546818 -0.6842529
vn 0.1669783 -0.4012253 -0.9006312
vn 0.8441287 0.5358883 0.01644802
vn -0.2737331 0.6047842 0.7478679
vn -0.2112746 -0.2179054 -0.9528275
vn -0.0440214 0.3859411 0.9214725
vn -0.7725753 -0.602151 0.2013497
vn 0.7157209 0.6878411 -0.1209057
vn 0.9089699 -0.381898 -0.1671156
vn -0.8283518 -0.4708167 0.3035869
vn 0.3212318 -0.6546818 -0.6842529
vn 0.1669783 -0.4012253 -0.9006312
vn 0.08297916 -0.08146355 0.9932161
vn 0.9089699 -0.381898 -0.1671156
vn -0.6295813 -0.760596 0.1584967
vn 0.9089699 -0.381898 -0.1671156
vn -0.2112746 -0.2179054 -0.9528275
vn 0.9089699 -0.381898 -0.1671156
vn -0.1925545 0.4184388 0.8875989
vn -0.6031461 -0.7640895 0.2288712
vn -0.8335785 -0.5427714 0.1026942
vn -0.3845975 0.4068278 0.8285988
vn 0.5388779 0.8015726 -0.2590213
vn -0.9723982 -0.147541 -0.1807577
vn 0.7598326 0.6490704 -0.03690672
vn 0.129832 -0.3747362 -0.9179958
vn -0.3946105 0.7851704 0.4772735
vn 0.2643641 0.302103 -0.9158851
vn 0.1009954 -0.5344233 -0.8391613
vn -0.6031461 -0.7640895 0.2288712
vn -0.8335785 -0.5427714 0.1026942
vn 0.8657827 0.4139823 0.2811386
vn 0.2643641 0.302103 -0.9158851
vn 0.2899147 -0.780344 -0.5540873
vn 0.2643641 0.302103 -0.9158851
vn -0.9723982 -0.147541 -0.1807577
vn 0.2643641 0.302103 -0.9158851
vn 0.1610227 0.9841434 0.074387
vn -0.9462116 0.175425 -0.2718634
vn -0.9619304 0.2342712 -0.1407369
vn 0.2361715 0.9706885 -0.04457516
vn 0.9598286 -0.1737954 0.2202822
vn -0.9215243 0.3531236 0.1615444
vn 0.9887007 -0.1243243 0.08375132
vn -0.1486793 -0.9807944 -0.1262413
vn 0.2057144 0.8778448 -0.4325159
vn -0.8979933 0.2025605 0.3906116
vn -0.1098688 -0.9939375 0.004148454
vn -0.9462116 0.175425 -0.2718634
vn -0.9619304 0.2342712 -0.1407369
vn 0.941366 -0.1569248 -0.2986715
vn 0.08846256 0.8996711 -0.4275118
vn -0.3605677 -0.113214 -0.9258367
vn -0.02568873 -0.94089 0.3377368
vn -0.9215243 0.3531236 0.1615444
vn 0.8423868 -0.4072886 -0.3528462
vn -0.3605677 -0.113214 -0.9258367
vn -0.168575 -0.9000611 0.4018364
vn -0.3605677 -0.113214 -0.9258367
vn -0.8979933 0.2025605 0.3906116
vn -0.3605677 -0.113214 -0.9258367
vn 0.6918381 -0.2064746 0.6919019
vn 0.3923833 0.9117799 -0.1212128
vn 0.5762541 0.7681054 -0.2791869
vn 0.829937 -0.2059973 0.5184301
vn 0.0908672 -0.6571715 -0.7482437
vn -0.3547044 -0.9317672 0.07742525
vn -0.4152859 -0.8512768 0.3207264
vn 0.0908672 -0.6571715 -0.7482437
vn -0.6536493 0.1832678 -0.7342721
vn -0.6760408 0.3595478 -0.6431907
vn 0.0908672 -0.6571715 -0.7482437
vn 0.3923833 0.9117799 -0.1212128
vn 0.5762541 0.7681054 -0.2791869
vn 0.0908672 -0.6571715 -0.7482437
vn 0.4291094 -0.06371752 -0.9010023
vn 0.2807703 0.9575943 0.06466271
vn 0.2177868 0.9653005 0.1440965
vn 0.6048022 -0.1261309 -0.7863239
vn -0.3090724 -0.947551 -0.08137181
vn 0.09473012 0.9858724 -0.1381365
vn -0.3701778 -0.9287828 -0.01819531
vn -0.4578212 0.07381549 0.8859746
vn 0.8173348 -0.05438111 -0.5735909
vn 0.1375591 0.9904932 -0.0008874986
vn -0.6376121 0.1298302 0.7593385
vn 0.2807703 0.9575943 0.06466271
vn 0.2177868 0.9653005 0.1440965
vn -0.1845863 -0.9724479 0.1423831
vn 0.8287983 -0.352362 -0.4346659
vn -0.219072 0.4827073 -0.8479394
vn -0.8114484 0.2998671 0.5016286
vn 0.09473012 0.9858724 -0.1381365
vn -0.2203253 -0.9748896 -0.0323568
vn -0.219072 0.4827073 -0.8479394
vn -0.9288161 -0.007222296 0.3704707
vn -0.219072 0.4827073 -0.8479394
vn 0.1375591 0.9904932 -0.0008874986
vn -0.219072 0.4827073 -0.8479394
vn -0.9167099 0.3225861 -0.2357566
vn -0.3995806 -0.7232649 0.5632257
vn -0.3748363 -0.8320646 0.4088596
vn -0.9422807 0.3193141 -0.1007261
vn 0.3922614 0.6721874 -0.6279292
vn -0.4105866 -0.7448184 0.5259886
vn 0.4660263 0.7474703 -0.4734001
vn 0.9124972 -0.3723902 0.1693349
vn -0.8381873 0.5268716 -0.1408845
vn -0.3265123 -0.7418012 -0.5857651
vn 0.8639362 -0.4937664 0.09904101
vn -0.3995806 -0.7232649 0.5632257
vn -0.3748363 -0.8320646 0.4088596
vn 0.3593503 0.7104208 -0.6051195
vn -0.3265123 -0.7418012 -0.5857651
vn 0.9261578 -0.362258 -0.1048848
vn -0.3265123 -0.7418012 -0.5857651
vn -0.4105866 -0.7448184 0.5259886
vn -0.3265123 -0.7418012 -0.5857651
vn -0.05075089 -0.7764081 -0.6281837
vn -0.9061399 0.2972746 -0.300896
vn -0.8503957 0.4277599 -0.3063473
vn 0.09024962 -0.6895885 -0.718556
vn 0.8771809 -0.3356556 0.3433497
vn -0.806122 0.4592296 -0.3731963
vn 0.8074654 -0.3625803 0.4653334
vn 0.02053252 0.7406464 0.6715813
vn 0.2190498 -0.4299318 -0.8758857
vn -0.8119466 0.4104124 -0.4150957
vn -0.03223542 0.6052027 0.7954186
vn -0.9061399 0.2972746 -0.300896
vn -0.8503957 0.4277599 -0.3063473
vn 0.7387938 -0.4548741 0.4972657
vn 0.3493721 -0.283058 -0.8932062
vn -0.4909477 -0.8709652 -0.01974826
vn -0.2746512 0.3933591 0.8774027
vn -0.806122 0.4592296 -0.3731963
vn 0.7444623 -0.4706018 0.4736136
vn -0.4909477 -0.8709652 -0.01974826
vn -0.3814943 0.2249329 0.8965865
vn -0.4909477 -0.8709652 -0.01974826
vn -0.8119466 0.4104124 -0.4150957
vn -0.4909477 -0.8709652 -0.01974826
vn 0.4863551 -0.8737375 0.006454471
vn 0.1979683 0.08194251 -0.9767774
vn 0.3223797 0.400153 -0.8578747
vn 0.5835434 -0.7587028 0.2895637
vn -0.2479644 -0.126718 0.9604458
vn 0.5440988 0.7556341 -0.3646555
vn -0.5701529 -0.2732813 0.7747536
vn -0.5427067 0.839125 -0.03658778
vn 0.6773369 -0.5703769 0.4646342
vn 0.4958038 -0.2560912 -0.8298168
vn -0.7908643 0.6087687 -0.06272415
vn 0.1979683 0.08194251 -0.9767774
vn 0.3223797 0.400153 -0.8578747
vn -0.6078665 -0.759519 0.2315797
vn 0.4958038 -0.2560912 -0.8298168
vn -0.847959 0.2905995 -0.4433028
vn 0.4958038 -0.2560912 -0.8298168
vn 0.5440988 0.7556341 -0.3646555
vn 0.4958038 -0.2560912 -0.8298168
vn -0.3213228 -0.04507737 -0.9458963
vn -0.7130221 -0.6471275 0.2698622
vn -0.5641344 -0.7474706 0.3507707
vn -0.5861471 0.2091521 -0.7827433
vn 0.2799437 -0.4400854 -0.8532036
vn 0.7383651 0.608715 -0.2903154
vn 0.7793404 0.6155722 -0.1170444
vn 0.2799437 -0.4400854 -0.8532036
vn 0.3555175 0.009277932 0.9346236
vn 0.5503661 -0.3103417 0.7751033
vn 0.2799437 -0.4400854 -0.8532036
vn -0.7130221 -0.6471275 0.2698622
vn -0.5641344 -0.7474706 0.3507707
vn 0.2799437 -0.4400854 -0.8532036
vn 0.1745065 0.9392385 0.2955983
vn 0.9821713 0.01956268 -0.1869675
vn 0.9969355 0.05259227 -0.05791129
vn 0.1872072 0.7249267 0.6628988
vn -0.9595824 0.06120178 0.2746924
vn 0.9064308 -0.419746 0.04686686
vn -0.9290221 0.1874439 0.3190339
vn -0.01808036 -0.9607323 -0.2768873
vn 0.2440452 0.198173 0.9492995
vn -0.6698974 -0.7260119 0.1553838
vn -0.133752 -0.7722007 -0.6211413
vn 0.9821713 0.01956268 -0.1869675
vn 0.9969355 0.05259227 -0.05791129
vn -0.909539 0.4014766 0.1074965
vn -0.6698974 -0.7260119 0.1553838
vn -0.01322016 -0.3738176 -0.927408
vn -0.6698974 -0.7260119 0.1553838
vn 0.9064308 -0.419746 0.04686686
vn -0.6698974 -0.7260119 0.1553838
vn -0.7510849 0.5026374 -0.4280505
vn 0.3743953 0.8584028 0.3506748
vn 0.3437472 0.9216315 0.1800923
vn -0.8740814 0.4252494 -0.234829
vn -0.03709376 0.00314827 0.9993069
vn -0.382087 -0.8737622 -0.3009137
vn -0.5314137 -0.8292055 -0.1732562
vn -0.03709376 0.00314827 0.9993069
vn 0.7351197 -0.4851296 0.4735487
vn 0.7861008 -0.5565134 0.268958
vn -0.03709376 0.00314827 0.9993069
vn 0.3743953 0.8584028 0.3506748
vn 0.3437472 0.9216315 0.1800923
vn -0.03709376 0.00314827 0.9993069
vn -0.9518398 0.07394691 0.2975445
vn -0.03635732 -0.9821057 0.1847878
vn 0.0789835 -0.9522496 0.2949277
vn -0.9216166 0.1581291 0.3544265
vn -0.01518193 0.9706925 -0.2398452
vn 0.2969929 -0.8311723 0.4700509
vn -0.03553775 0.9176895 -0.3957056
vn 0.9278513 -0.08813421 -0.3623871
vn -0.7574698 0.3276658 0.5646899
vn 0.1970235 -0.578486 0.7915401
vn 0.8805112 -0.05451742 -0.47088
vn -0.03635732 -0.9821057 0.1847878
vn 0.0789835 -0.9522496 0.2949277
vn -0.1844364 0.7168456 -0.6723953
vn -0.8590051 0.06179484 0.508224
vn 0.129067 -0.8221375 -0.5544653
vn 0.6638037 -0.2491417 -0.7051901
vn 0.2969929 -0.8311723 0.4700509
vn -0.5910305 0.531192 -0.6070568
vn 0.129067 -0.8221375 -0.5544653
vn 0.7681642 -0.0772661 -0.6355736
vn 0.129067 -0.8221375 -0.5544653
vn 0.1970235 -0.578486 0.7915401
vn 0.129067 -0.8221375 -0.5544653
vn -0.7355458 0.3346047 -0.5890774
vn -0.1361622 0.7788441 0.6122595
vn -0.2717804 0.7230065 0.6351355
vn -0.8506546 0.2586481 -0.4576985
vn 0.08035465 -0.8201137 -0.5665302
vn -0.1505236 0.5795912 0.800885
vn 0.08481283 -0.7341257 -0.673696
vn 0.6779768 -0.3762557 0.6314897
vn -0.762622 0.3046477 -0.5706115
vn -0.8510522 -0.4771843 0.219101
vn 0.7830523 -0.2312805 0.5773547
vn -0.1361622 0.7788441 0.6122595
vn -0.2717804 0.7230065 0.6351355
vn 0.3055538 -0.7456788 -0.5921149
vn -0.8510522 -0.4771843 0.219101
vn 0.7097887 -0.3882265 0.5877756
vn -0.8510522 -0.4771843 0.219101
vn -0.1505236 0.5795912 0.800885
vn -0.8510522 -0.4771843 0.219101
vn 0.811868 -0.5513585 0.1920265
vn 0.5839387 0.7668587 -0.2663519
vn 0.5937273 0.6806746 -0.4291503
vn 0.8485367 -0.5129716 0.1297908
vn -0.579571 -0.7930866 0.1873795
vn 0.4568501 0.5934415 -0.6626576
vn -0.5692542 -0.7372218 0.3639421
vn -0.8088237 0.5220571 -0.2706671
vn 0.8375059 -0.427797 0.339961
vn 0.1989185 -0.8134456 -0.546569
vn -0.757349 0.5954913 -0.267979
vn 0.5839387 0.7668587 -0.2663519
vn 0.5937273 0.6806746 -0.4291503
vn -0.663732 -0.5599195 0.4959335
vn 0.1989185 -0.8134456 -0.546569
vn -0.8180942 0.3811243 -0.4306576
vn 0.1989185 -0.8134456 -0.546569
vn 0.4568501 0.5934415 -0.6626576
vn 0.1989185 -0.8134456 -0.546569
vn 0.4068458 0.7900481 -0.4585855
vn -0.778338 0.03718418 -0.6267434
vn -0.6271852 -0.05820138 -0.7766926
vn 0.4635118 0.5993534 -0.6526349
vn 0.8146556 -0.0879943 0.5732305
vn -0.5161859 -0.0628447 -0.8541678
vn 0.781271 0.1451062 0.6070913
vn -0.3661906 -0.8374929 0.4055985
vn 0.7895232 -0.007448515 -0.6136755
vn -0.4402927 -0.8946569 0.0757056
vn -0.5639667 -0.6757656 0.4746392
vn -0.778338 0.03718418 -0.6267434
vn -0.6271852 -0.05820138 -0.7766926
vn 0.7891757 -0.01915564 0.6138688
vn -0.4402927 -0.8946569 0.0757056
vn -0.5881911 -0.0817739 0.8045771
vn -0.4402927 -0.8946569 0.0757056
vn -0.5161859 -0.0628447 -0.8541678
vn -0.4402927 -0.8946569 0.0757056
vn -0.4727097 0.2448134 -0.8465294
vn 0.01281021 0.9625072 0.2709532
vn 0.06831953 0.992817 0.09821764
vn -0.6674417 0.1673607 -0.7256114
vn -0.5595372 0.1298105 0.8185765
vn -0.04537744 -0.9725552 -0.2282047
vn -0.2440298 -0.9479535 -0.2045331
vn -0.5595372 0.1298105 0.8185765
vn 0.4310457 -0.2256875 0.8736503
vn 0.5910478 -0.3099345 0.7447168
vn -0.5595372 0.1298105 0.8185765
vn 0.01281021 0.9625072 0.2709532
vn 0.06831953 0.992817 0.09821764
vn -0.5595372 0.1298105 0.8185765
vn -0.9624934 0.2710454 0.01186807
vn 0.3074941 0.8163391 0.4889149
vn 0.2848712 0.9275302 0.2419424
vn -0.9874967 0.1441933 -0.06370734
vn -0.1230572 0.1343857 0.9832585
vn -0.1366182 -0.8937703 -0.427212
vn -0.2453828 -0.9581069 -0.1477108
vn -0.1230572 0.1343857 0.9832585
vn 0.9648044 -0.2532437 0.07085288
vn 0.90813 -0.4014446 0.1189204
vn -0.1230572 0.1343857 0.9832585
vn 0.3074941 0.8163391 0.4889149
vn 0.2848712 0.9275302 0.2419424
vn -0.1230572 0.1343857 0.9832585
vn -0.9870849 0.1120592 0.114482
vn -0.02380627 0.6253155 -0.7800088
vn 0.07941154 0.8205319 -0.5660575
vn -0.9843829 0.061635 -0.1648984
vn -0.0337888 -0.573298 0.81865
vn 0.0832711 0.8680739 -0.4894013
vn 0.1458375 -0.7696349 0.6216056
vn 0.9943442 -0.09849054 -0.03973932
vn -0.8444821 -0.4045463 -0.3509877
vn -0.6919942 0.6104943 0.3852801
vn 0.980755 0.1884338 0.05111225
vn -0.02380627 0.6253155 -0.7800088
vn 0.07941154 0.8205319 -0.5660575
vn 0.02822071 -0.7756911 0.6304815
vn -0.6919942 0.6104943 0.3852801
vn 0.8072508 0.2347681 0.5415072
vn -0.6919942 0.6104943 0.3852801
vn 0.0832711 0.8680739 -0.4894013
vn -0.6919942 0.6104943 0.3852801
vn 0.7573503 0.2161081 0.6162125
vn -0.02005482 0.9578253 -0.2866506
vn 0.1246174 0.8568546 -0.5002707
vn 0.6035494 0.3833779 0.6991063
vn 0.07027171 -0.9590623 0.2743382
vn 0.1614997 0.8235062 -0.5438339
vn -0.2158561 -0.9243175 0.3147115
vn -0.7293772 -0.220315 -0.6476652
vn 0.180317 0.2834454 0.9418834
vn 0.9900928 0.1394303 -0.01659959
vn -0.5246397 -0.1879887 -0.8303093
vn -0.02005482 0.9578253 -0.2866506
vn 0.1246174 0.8568546 -0.5002707
vn -0.1167885 -0.9207271 0.37232
vn 0.9900928 0.1394303 -0.01659959
vn -0.1499814 -0.5189936 -0.8415172
vn 0.9900928 0.1394303 -0.01659959
vn 0.1614997 0.8235062 -0.5438339
vn 0.9900928 0.1394303 -0.01659959
vn 0.3135145 -0.7247647 -0.6135347
vn -0.9591881 -0.2021786 -0.1976916
vn -0.9561485 -0.02519509 -0.2917967
vn 0.5064387 -0.4924466 -0.7078249
vn 0.9399746 0.214347 0.2655243
vn -0.7067315 0.1827601 -0.6834686
vn 0.8549353 0.1018464 0.5086384
vn -0.3017204 0.6987898 0.6485813
vn 0.4581858 -0.527575 -0.7153534
vn -0.7422941 -0.5930177 0.3119766
vn -0.3211175 0.4763459 0.8185219
vn -0.9591881 -0.2021786 -0.1976916
vn -0.9561485 -0.02519509 -0.2917967
vn 0.7811416 -0.3591639 0.5107046
vn -0.7422941 -0.5930177 0.3119766
vn -0.3547617 0.4080049 0.8412349
vn -0.7422941 -0.5930177 0.3119766
vn -0.7067315 0.1827601 -0.6834686
vn -0.7422941 -0.5930177 0.3119766
vn -0.8636196 0.186371 0.4684305
vn 0.2082387 0.9780408 0.008539592
vn 0.2881189 0.9519279 -0.104023
vn -0.9605595 0.1386997 0.2410142
vn -0.1733543 -0.98191 0.07616494
vn 0.2802129 0.9595497 -0.02729657
vn -0.05576463 -0.9878721 0.1449106
vn 0.9025622 -0.1893237 -0.3867014
vn -0.9083688 0.1359577 -0.3954512
vn -0.7445775 0.1338993 0.6539689
vn 0.9642634 -0.2201541 -0.1474051
vn 0.2082387 0.9780408 0.008539592
vn 0.2881189 0.9519279 -0.104023
vn -0.004156685 -0.9641448 0.2653441
vn -0.7445775 0.1338993 0.6539689
vn 0.8823026 -0.03885313 0.4690764
vn -0.7445775 0.1338993 0.6539689
vn 0.2802129 0.9595497 -0.02729657
vn -0.7445775 0.1338993 0.6539689
vn 0.1282709 0.9492363 0.287223
vn 0.4934948 0.1918418 -0.8483275
vn 0.6203022 0.05371517 -0.7825215
vn -0.122736 0.9913117 0.04729693
vn -0.4203819 -0.2030091 0.8843452
vn 0.8379716 0.2884726 -0.4632355
vn -0.499045 -0.3413887 0.7964973
vn -0.05822081 -0.9660276 -0.2517953
vn -0.3942868 0.8631814 -0.3153664
vn 0.0122204 0.524018 0.8516195
vn 0.252914 -0.9620072 -0.1028438
vn 0.4934948 0.1918418 -0.8483275
vn 0.6203022 0.05371517 -0.7825215
vn -0.7267599 -0.3834617 0.5698922
vn 0.0122204 0.524018 0.8516195
vn 0.60695 -0.7522454 0.256395
vn 0.0122204 0.524018 0.8516195
vn 0.8379716 0.2884726 -0.4632355
vn 0.0122204 0.524018 0.8516195
vn -0.4169072 -0.9087859 0.0172209
vn 0.8147228 -0.3724531 -0.4444158
vn 0.5711554 -0.2957674 -0.7657044
vn -0.2722515 -0.9608551 -0.05134776
vn -0.8407579 0.3826016 0.3830694
vn 0.06180776 -0.1014648 -0.9929173
vn -0.6027842 0.3588671 0.712647
vn 0.3736696 0.9244048 -0.07646484
vn -0.02939695 -0.9898111 0.1393195
vn 0.1423908 -0.337108 -0.9306358
vn 0.445631 0.8607811 -0.2459041
vn 0.8147228 -0.3724531 -0.4444158
vn 0.5711554 -0.2957674 -0.7657044
vn -0.119349 0.3735951 0.9198818
vn 0.0531926 -0.9452496 0.3219841
vn -0.918833 0.02087809 -0.3940939
vn -0.01293474 0.9590656 -0.2828885
vn 0.06180776 -0.1014648 -0.9929173
vn -0.1823158 0.1403366 0.9731734
vn -0.918833 0.02087809 -0.3940939
vn -0.1645067 0.9768084 -0.1370511
vn -0.918833 0.02087809 -0.3940939
vn 0.1423908 -0.337108 -0.9306358
vn -0.918833 0.02087809 -0.3940939
vn -0.007569266 0.6568198 -0.7540096
vn -0.9037321 0.3192548 0.2852102
vn -0.9664957 0.1393173 0.2155847
vn -0.01598179 0.8030833 -0.5956525
vn -0.1154056 -0.3673467 -0.9228965
vn 0.8695084 -0.3495007 -0.3490049
vn 0.918389 -0.3533697 -0.178021
vn -0.1154056 -0.3673467 -0.9228965
vn -0.003259121 -0.7118334 0.7023408
vn -0.1551211 -0.8225936 0.5470623
vn -0.1154056 -0.3673467 -0.9228965
vn -0.9037321 0.3192548 0.2852102
vn -0.9664957 0.1393173 0.2155847
vn -0.1154056 -0.3673467 -0.9228965
vn -0.05289628 0.9664769 -0.2512459
vn -0.8868884 0.09487379 0.452137
vn -0.7742687 0.0298721 0.6321516
vn 0.1240297 0.9716616 -0.2012223
vn -0.7885693 0.15284 -0.5956497
vn 0.8632295 -0.08203822 -0.4981011
vn 0.7218136 -0.1798127 -0.6683207
vn -0.7885693 0.15284 -0.5956497
vn 0.007904683 -0.975152 0.2213962
vn -0.01643672 -0.9996056 0.02276907
vn -0.7885693 0.15284 -0.5956497
vn -0.8868884 0.09487379 0.452137
vn -0.7742687 0.0298721 0.6321516
vn -0.7885693 0.15284 -0.5956497
vn 0.03152234 0.1842615 0.9823716
vn -0.9254912 -0.3623042 0.1104607
vn -0.7746187 -0.5457465 0.3195725
vn 0.02078461 0.4578547 0.8887841
vn 0.9070989 0.3942651 -0.1473991
vn -0.7837646 -0.5819243 0.2169728
vn 0.7382103 0.6611655 -0.1338122
vn -0.1043396 -0.1700931 -0.9798886
vn -0.4494711 0.5539163 0.7008227
vn -0.2636039 0.4725924 -0.8409337
vn 0.1566632 -0.2584565 -0.953235
vn -0.9254912 -0.3623042 0.1104607
vn -0.7746187 -0.5457465 0.3195725
vn 0.6702184 0.7292326 -0.1379388
vn -0.2636039 0.4725924 -0.8409337
vn 0.2253621 -0.6811883 -0.696559
vn -0.2636039 0.4725924 -0.8409337
vn -0.7837646 -0.5819243 0.2169728
vn -0.2636039 0.4725924 -0.8409337
vn -0.5947667 -0.6874446 0.4167404
vn 0.6025949 -0.06614981 0.795301
vn 0.5825931 0.114215 0.8046988
vn -0.6985114 -0.5894315 0.4057736
vn -0.6001217 -0.005907542 -0.7998869
vn 0.4626059 0.4480993 0.7649854
vn -0.4702061 -0.08298138 -0.8786469
vn 0.6163288 0.6469394 -0.4490081
vn -0.8695223 -0.3096291 0.3847867
vn 0.3490117 0.3873535 0.853316
vn 0.6597148 0.5208793 -0.5417206
vn 0.6025949 -0.06614981 0.795301
vn 0.5825931 0.114215 0.8046988
vn -0.2712352 -0.4320642 -0.8600884
vn -0.8457167 -0.05187379 0.5311048
vn 0.1984538 -0.9760691 0.08891139
vn 0.8222983 0.1548545 -0.5475816
vn 0.4626059 0.4480993 0.7649854
vn -0.3894961 -0.4497554 -0.8037493
vn 0.1984538 -0.9760691 0.08891139
vn 0.9417064 0.1002684 -0.3211469
vn 0.1984538 -0.9760691 0.08891139
vn 0.3490117 0.3873535 0.853316
vn 0.1984538 -0.9760691 0.08891139
vn 0.3284879 0.009399026 0.9444614
vn 0.2451119 0.9553306 -0.1651166
vn 0.4405253 0.8581796 -0.2635628
vn 0.1473325 0.2334733 0.9611365
vn 0.7990012 -0.5379431 0.2687276
vn -0.2075016 -0.9734881 0.09625016
vn -0.3707668 -0.9279993 0.03673329
vn 0.7990012 -0.5379431 0.2687276
vn -0.2891947 -0.102558 -0.9517606
vn -0.02423257 -0.08757397 -0.9958633
vn 0.7990012 -0.5379431 0.2687276
vn 0.2451119 0.9553306 -0.1651166
vn 0.4405253 0.8581796 -0.2635628
vn 0.7990012 -0.5379431 0.2687276
vn 0.6446111 -0.6383491 -0.4206983
vn -0.4751604 0.02961638 -0.8794007
vn -0.5769108 0.1124583 -0.8090285
vn 0.7578051 -0.4569263 -0.4657787
vn 0.5048436 -0.1038587 0.8569402
vn -0.5636438 -0.1823864 -0.8056307
vn 0.4049716 -0.05143747 0.9128813
vn -0.6698523 0.6142795 0.4170835
vn 0.7688557 -0.1633642 -0.6182015
vn -0.5909101 -0.02912699 -0.8062115
vn -0.7730745 0.409531 0.4843968
vn -0.4751604 0.02961638 -0.8794007
vn -0.5769108 0.1124583 -0.8090285
vn 0.489669 0.1512595 0.8586879
vn 0.9229044 0.005131084 -0.3849949
vn -0.1515209 -0.895944 -0.4175235
vn -0.8997617 0.07278029 0.4302695
vn -0.5636438 -0.1823864 -0.8056307
vn 0.5405061 -0.0387491 0.8404473
vn -0.1515209 -0.895944 -0.4175235
vn -0.7153172 -0.07367272 0.6949054
vn -0.1515209 -0.895944 -0.4175235
vn -0.5909101 -0.02912699 -0.8062115
vn -0.1515209 -0.895944 -0.4175235
vn 0.03155483 -0.9994723 -0.00770705
vn -0.5483411 -0.7502821 -0.3693221
vn -0.9765458 -0.201431 -0.0760521
vn 0.2123607 -0.7074564 0.6740982
vn -0.7917632 0.08997399 0.6041653
vn -0.209933 -0.1635152 0.9639455
vn 0.7876993 -0.2994182 0.5384037
vn 0.3104423 -0.9435295 -0.1156616
vn 0.3734216 -0.909347 -0.1834242
vn 0.7381291 -0.3357652 0.5851727
vn 0.03155483 -0.9994723 -0.00770705
vn 0.4423653 0.6104783 0.6569849
vn 0.2123607 -0.7074564 0.6740982
vn 0.3108033 0.5079059 0.8033884
vn -0.3019658 0.9316798 0.2019642
vn -0.209933 -0.1635152 0.9639455
vn -0.4394594 0.8316 0.3395833
vn -0.81363 0.3697602 -0.4486465
vn -0.7917632 0.08997399 0.6041653
vn -0.8463224 0.341843 -0.4085118
vn -0.4995965 -0.6092566 -0.6158001
vn -0.9765458 -0.201431 -0.0760521
vn -0.4444216 -0.5578293 -0.7009394
vn 0.3104423 -0.9435295 -0.1156616
vn -0.5483411 -0.7502821 -0.3693221
vn 0.3734216 -0.909347 -0.1834242
vn 0.03155483 -0.9994723 -0.00770705
vn -0.2699825 -0.9142384 0.3021218
vn 0.1826461 -0.9463964 -0.2664098
vn 0.07997243 -0.4964199 -0.8643909
vn -0.8550724 -0.4238524 0.2986643
vn -0.504015 -0.005784482 -0.8636755
vn -0.9561855 0.02250112 -0.2918954
vn -0.6493434 0.09127481 0.7549981
vn -0.1688863 -0.805688 0.5677538
vn -0.0985067 -0.7719279 0.6280317
vn -0.7010444 0.05439117 0.7110404
vn -0.2699825 -0.9142384 0.3021218
vn -0.4902877 0.8562342 0.1627299
vn -0.8550724 -0.4238524 0.2986643
vn -0.6505526 0.7581519 0.04457511
vn 0.08230477 0.8184336 -0.5686759
vn -0.9561855 0.02250112 -0.2918954
vn -0.06846828 0.7187295 -0.6919104
vn 0.5842906 -0.01217178 -0.8114533
vn -0.504015 -0.005784482 -0.8636755
vn 0.5401965 -0.03786382 -0.8406867
vn 0.454789 -0.8621309 -0.2233768
vn 0.07997243 -0.4964199 -0.8643909
vn 0.5470868 -0.8190572 -0.1727465
vn -0.1688863 -0.805688 0.5677538
vn 0.1826461 -0.9463964 -0.2664098
vn -0.0985067 -0.7719279 0.6280317
vn -0.2699825 -0.9142384 0.3021218
vn -0.9236262 0.2335841 0.3038964
vn -0.9236421 0.2335624 0.3038651
vn -0.9330376 0.1854927 0.3082745
vn -0.9330307 0.1855078 0.3082864
vn -0.9556826 0.234672 0.1777636
vn 0.637614 0.1145303 -0.7617947
vn 0.9956701 0.08698174 0.03279275
vn 0.9933125 0.1028847 0.05239315
vn 0.9476853 0.0989194 -0.3034921
vn -0.2775297 0.2356644 -0.9313644
vn -0.9236493 0.2335321 0.3038661
vn -0.9330564 0.1854482 0.3082447
vn -0.9502612 0.2099705 -0.2300346
vn 0.130339 0.1980338 0.9714909
vn -0.9557076 0.2345935 0.1777331
vn -0.7625514 0.209646 0.6120163
vn 0.8372811 -0.1636651 -0.521703
vn 0.7344988 -0.1638808 -0.6585246
vn 0.8373135 -0.1636987 -0.5216406
vn 0.8948442 -0.2694825 -0.3558553
vn 0.7345309 -0.1638656 -0.6584926
vn 0.9142458 -0.1669854 -0.3691484
vn 0.5753092 -0.2565172 -0.7766712
vn 0.8373061 -0.1637 -0.5216521
vn 0.7345238 -0.1638517 -0.6585039
vn -0.9127914 0.03016954 -0.4073102
vn -0.9728624 0.05426659 -0.2249307
vn -0.9029874 0.01133623 -0.4295174
vn -0.6789324 0.003580153 -0.7341921
vn -0.9859485 0.1041756 0.1305872
vn -0.3262572 0.002620786 -0.9452775
vn -0.9128051 0.03016877 -0.4072797
vn -0.09370959 -0.1575889 0.9830484
vn -0.2708932 -0.1386213 0.952576
vn -0.2708691 -0.1385912 0.9525872
vn -0.2709429 -0.1386204 0.952562
vn -0.09375355 -0.157583 0.9830452
vn -0.2881006 -0.01198786 0.9575251
vn 0.08945391 -0.1762951 0.9802643
vn -0.1044528 -0.02637871 0.99418
vn -0.1044965 -0.02639209 0.994175
vn -0.4616769 0.003670915 0.8870405
vn -0.6224954 0.0195136 0.7823802
vn -0.6225839 0.01956291 0.7823085
vn -0.6225738 0.01950733 0.7823179
vn -0.6225087 0.01949864 0.7823699
vn -0.2880768 -0.01202751 0.9575318
vn -0.4617317 0.003724247 0.8870119
vn -0.1044974 -0.02631272 0.994177
vn -0.1044973 -0.02637945 0.9941753
vn -0.09375427 -0.157582 0.9830453
vn 0.08861924 -0.03843739 0.9953237
vn 0.08943519 -0.1763135 0.9802626
vn -0.2880997 -0.01198506 0.9575254
vn 0.2783342 -0.1936396 0.9407624
vn -0.1044578 -0.02639174 0.9941791
vn 0.2783598 -0.1936525 0.9407521
vn -0.1044617 -0.02636921 0.9941792
vn 0.08949396 -0.1763595 0.980249
vn 0.1181724 0.06942622 -0.9905632
vn 0.1182187 0.06938446 -0.9905605
vn 0.3087002 0.06854939 -0.948686
vn 0.1181365 0.06942417 -0.9905676
vn 0.1181122 0.06944817 -0.9905687
vn -0.07969966 0.06509539 -0.9946912
vn 0.1180841 0.0694076 -0.9905749
vn -0.2792889 0.05733145 -0.9584941
vn -0.0797157 0.06507947 -0.994691
vn -0.9945931 -0.06656414 -0.07971001
vn -0.9912664 -0.06524745 0.1146025
vn -0.9765884 -0.1789501 0.119382
vn -0.9616194 -0.07266431 -0.2645904
vn -0.9322631 -0.1826668 0.3122794
vn -0.9945938 -0.06655733 -0.07970735
vn -0.8488073 -0.1896414 0.4935203
vn -0.9946008 -0.06652484 -0.07964793
vn -0.9481187 -0.06872434 0.3103995
vn -0.8965551 -0.08303325 -0.4350798
vn -0.961623 -0.07268862 -0.2645709
vn -0.8965394 -0.08314828 -0.4350899
vn -0.8965582 -0.08307601 -0.4350652
vn -0.8965819 -0.08309102 -0.4350136
vn -0.9945974 -0.06656143 -0.07965934
vn -0.9616378 -0.07264289 -0.2645293
vn -0.9912709 -0.06524038 0.1145672
vn -0.9945933 -0.06655321 -0.07971677
vn 0.6310891 0.1850871 -0.7533056
vn 0.6311163 0.1850773 -0.7532852
vn 0.6310788 0.1850847 -0.7533149
vn 0.8646141 0.1716755 -0.4721969
vn 0.4771435 0.1929215 -0.8573887
vn 0.9850689 0.1618033 0.05881424
vn 0.1184534 0.209242 -0.970663
vn 0.6238045 0.1861592 -0.7590867
vn -0.0846287 0.2274875 -0.9700966
vn -0.9545653 0.1910551 0.2286984
vn -0.9545609 0.1910337 0.2287346
vn -0.9798255 0.1873049 0.06970583
vn -0.9419964 0.2524981 0.2211054
vn -0.9798186 0.1873277 0.06974149
vn -0.9606359 0.2709492 0.06136101
vn -0.9755018 0.1834625 -0.1213992
vn -0.8906068 0.2994044 -0.3423107
vn -0.9755043 0.1834349 -0.1214207
vn -0.7608345 0.2463153 -0.600383
vn -0.9721778 0.1908232 0.135856
vn -0.7767701 0.2276877 -0.5871851
vn -0.07688438 0.2175631 -0.9730134
vn -0.2566785 0.2143616 0.9424251
vn 0.8619588 0.1702585 -0.4775344
vn -0.602939 0.2230597 0.7659693
vn -0.8906294 0.2993838 -0.3422701
vn -0.8056445 0.1693247 -0.5676849
vn -0.609416 0.2764481 -0.743094
vn -0.9755112 0.1834222 -0.1213841
vn -0.22779 0.2163365 -0.9493736
vn -0.902772 0.2372254 0.3587851
vn -0.8812247 0.2877492 -0.3750247
vn 0.8900774 0.1678677 0.423772
vn 0.9365879 0.1633895 -0.3100113
vn 0.9850723 0.1617893 0.05879507
vn -0.04670418 0.2342339 0.9710578
vn 0.936859 0.1652241 -0.3082147
vn 0.9786599 0.1606282 -0.1281542
vn 0.8619539 0.1702941 -0.4775307
vn -0.4484765 0.2638617 -0.853959
vn 0.4657575 0.1975959 -0.8625693
vn 0.1277068 0.2080284 0.9697501
vn 0.1210268 0.1863132 0.9750077
vn -0.09172285 0.1970233 0.9760987
vn -0.299726 0.2049902 0.9317421
vn 0.3265256 0.1737165 0.9290876
vn -0.6379256 0.2111429 0.7405874
vn 0.5145833 0.1599034 0.8423983
vn -0.08255565 0.2133177 0.9734886
vn 0.1277275 0.2080308 0.9697468
vn 0.890088 0.1678771 0.4237459
vn 0.509133 0.1873455 0.8400508
vn 0.1461672 0.2211513 0.9642237
vn 0.07663306 0.9970496 -0.004422858
vn 0.1375682 0.2023814 0.9695962
vn 0.07657672 0.9970539 -0.004422634
vn -0.4397839 0.2190707 0.8709754
vn -0.9525822 0.2948629 -0.07511964
vn -0.8302891 0.28519 0.478839
vn 0.7712734 0.1065424 -0.6275238
vn 0.770995 0.06861524 -0.6331341
vn 0.7709627 0.06859777 -0.6331753
vn 0.6373114 0.07730297 -0.7667193
vn 0.874819 0.06447703 -0.4801399
vn 0.7712592 0.1065774 -0.6275353
vn 0.9463217 0.06645852 -0.3163203
vn 0.8760024 0.1014672 -0.4715127
vn 0.947672 0.09891389 -0.3035356
vt 2.285962 1.088912
vt 2.250342 1.09714
vt 2.324019 1.334872
vt 2.3224 1.085954
vt 2.285962 1.088912
vt 2.324265 1.334833
vt 2.216299 1.110464
vt 2.184556 1.128599
vt 2.323556 1.335052
vt 2.250342 1.09714
vt 2.216299 1.110464
vt 2.323781 1.334945
vt 0.1874678 1.190053
vt 0.1992979 1.189145
vt 0.1868246 1.10416
vt 0.2108926 1.186627
vt 0.1869094 1.104148
vt 0.2220339 1.182546
vt 0.1869919 1.104123
vt 0.2325118 1.176979
vt 0.1870704 1.104089
vt 0.1867378 1.104092
vt 0.1740129 1.10537
vt 0.1872556 1.173241
vt 0.161737 1.108957
vt 0.1871881 1.173254
vt 0.1503258 1.114732
vt 0.187124 1.17328
vt 0.1401656 1.1225
vt 0.1870651 1.173316
vt -0.3227212 -0.839383
vt -0.3230667 -0.8454994
vt -0.3192272 -0.3868478
vt -0.3233685 -0.8373164
vt -0.3227212 -0.839383
vt -0.3192773 -0.3888755
vt -0.3238661 -0.8393786
vt -0.3233685 -0.8373164
vt -0.319102 -0.3868548
vt -0.3230667 -0.8454994
vt -0.3238661 -0.8393786
vt -0.3188267 -0.3807953
vt -0.3107483 1.066967
vt -0.3097439 1.079147
vt -0.3105264 0.7313316
vt -0.309233 1.062844
vt -0.3107483 1.066967
vt -0.3111725 0.7314056
vt -0.3076754 1.067034
vt -0.309233 1.062844
vt -0.3115432 0.7314217
vt -0.3097439 1.079147
vt -0.3076754 1.067034
vt -0.3117256 0.7234781
vt 2.497057 -0.7336754
vt 2.496202 -0.7355325
vt 2.503898 0.179781
vt 1.226909 -0.8501326
vt 1.226432 -0.8586588
vt 1.231799 -0.2158138
vt 1.227059 -0.8472458
vt 1.226909 -0.8501326
vt 1.23182 -0.2073537
vt 1.226362 -0.8500917
vt 1.227059 -0.8472458
vt 1.231969 -0.2158255
vt 1.226432 -0.8586588
vt 1.226362 -0.8500917
vt 1.23226 -0.2186371
vt 0.2698039 1.210189
vt 0.2795424 1.209349
vt 0.2690041 1.103451
vt 0.2896761 1.207854
vt 0.26911 1.103441
vt 0.2992476 1.205871
vt 0.2692146 1.10342
vt 0.308924 1.20251
vt 0.2693167 1.10339
vt 0.2688968 1.103394
vt 0.259699 1.104187
vt 0.2696522 1.204205
vt 0.2501279 1.105599
vt 0.2695521 1.204215
vt 0.2410876 1.107471
vt 0.2694536 1.204234
vt 0.2319484 1.110646
vt 0.2693568 1.204262
vt -0.9514061 -1.169467
vt -1.045841 -1.161504
vt -1.015897 -0.9878021
vt -0.9279392 -0.9956898
vt -0.8568209 -1.17568
vt -0.9729212 -0.7629089
vt -0.8391207 -1.001796
vt -0.7619833 -1.180137
vt -0.8925178 -0.7683455
vt -0.9504545 -0.5006154
vt -0.7495979 -1.006212
vt -0.667211 -1.182906
vt -0.8135473 -0.7724362
vt -0.8760495 -0.5040961
vt -0.9217912 -0.2285619
vt -0.6602063 -1.008468
vt -0.5724196 -1.183878
vt -0.7357107 -0.7752576
vt -0.801208 -0.5067791
vt -0.8523219 -0.2321132
vt -0.872418 0.3004405
vt -0.5718473 -1.008881
vt -0.4775073 -1.182804
vt -0.6574008 -0.7770309
vt -0.7245979 -0.5088179
vt -0.7810804 -0.2350695
vt -0.8105442 0.2976663
vt -0.8294567 0.8096979
vt -0.4845623 -1.007627
vt -0.382596 -1.179411
vt -0.5775415 -0.7777335
vt -0.647466 -0.5105255
vt -0.7096971 -0.2374007
vt -0.749235 0.2954307
vt -0.7742274 0.8073209
vt -0.7906184 1.258986
vt -0.3978162 -1.004951
vt -0.2882402 -1.173723
vt -0.31095 -1.000617
vt -0.4956312 -0.777375
vt -0.412553 -0.7759286
vt -0.3300669 -0.7734267
vt -0.7419827 1.256839
vt -0.7502159 1.706751
vt -0.7192389 0.8053874
vt -0.5703766 -0.5115333
vt -0.4183165 -0.5105336
vt -0.3440006 -0.5084878
vt -0.4940436 -0.511581
vt -0.7088539 1.704754
vt -0.7067794 2.129134
vt -0.6386389 -0.2388578
vt -0.4321167 -0.2384942
vt -0.3637519 -0.2370645
vt -0.5687341 -0.2394579
vt -0.4999407 -0.2392752
vt -0.6876367 0.2936419
vt -0.4381608 0.2913575
vt -0.375674 0.2919779
vt -0.625658 0.292334
vt -0.5634684 0.291511
vt -0.5009217 0.2911877
vt -0.6645256 0.8038844
vt -0.4449034 0.8022629
vt -0.3895367 0.8029605
vt -0.6100971 0.8028527
vt -0.5553213 0.80221
vt -0.5002446 0.8020172
vt -0.6935939 1.255108
vt -0.4525522 1.252374
vt -0.4040978 1.253022
vt -0.6452273 1.253763
vt -0.5968395 1.252812
vt -0.5487242 1.252274
vt -0.5007012 1.252131
vt -0.6674135 1.703144
vt -0.459345 1.700726
vt -0.4180005 1.701383
vt -0.6258872 1.70191
vt -0.5842869 1.701053
vt -0.5426219 1.700554
vt -0.5009032 1.700452
vt -0.6731389 2.127365
vt -0.6583127 2.579371
vt -0.4703699 2.124001
vt -0.436566 2.124665
vt -0.6393718 2.125932
vt -0.6331874 2.577411
vt -0.6116493 2.80311
vt -0.5041126 2.123688
vt -0.537834 2.123719
vt -0.4828647 2.574923
vt -0.4577975 2.576048
vt -0.6055459 2.124838
vt -0.5716925 2.124103
vt -0.5080509 2.574238
vt -0.5060869 2.799173
vt -0.4908856 2.801142
vt -0.5465804 2.938194
vt -0.5212456 2.797852
vt -0.5467693 2.938163
vt -0.5331528 2.573996
vt -0.5363646 2.797165
vt -0.5469602 2.938144
vt -0.5582033 2.574193
vt -0.5514387 2.797097
vt -0.5471524 2.938136
vt -0.5832044 2.57483
vt -0.5665038 2.797652
vt -0.5473449 2.938138
vt -0.608183 2.5759
vt -0.5815702 2.798835
vt -0.5475365 2.938151
vt -0.596641 2.800652
vt -0.5477272 2.938175
vt -0.5479142 2.93821
vt 4.449564 1.069124
vt 4.412061 1.068207
vt 4.415309 1.195269
vt 4.442422 1.196001
vt 4.484669 1.072063
vt 4.415155 1.432538
vt 4.471591 1.198844
vt 4.519467 1.076659
vt 4.430919 1.431027
vt 4.437532 1.500762
vt 4.499422 1.202343
vt 4.557277 1.084079
vt 4.525966 1.207428
vt 4.445284 1.431702
vt 4.437607 1.500756
vt 4.45952 1.434293
vt 4.437685 1.500764
vt 4.475171 1.4394
vt 4.437751 1.500786
vt 2.011202 0.0106743
vt 2.044646 0.006801039
vt 2.025007 -0.1409269
vt 1.995837 -0.1378231
vt 1.979784 0.01394156
vt 1.984607 -0.417812
vt 1.966614 -0.1352473
vt 1.946465 0.01650491
vt 1.965322 -0.4156124
vt 1.959741 -0.6035353
vt 1.937431 -0.1330483
vt 1.91019 0.01747692
vt 1.910223 -0.132524
vt 1.947532 -0.4142043
vt 1.946304 -0.6019375
vt 1.913535 -0.8644942
vt 1.927529 -0.4128771
vt 1.90654 -0.4123348
vt 1.932871 -0.6010329
vt 1.913302 -0.8644649
vt 1.919806 -0.6002141
vt 1.913041 -0.8644454
vt 1.907316 -0.599701
vt 1.912738 -0.8644375
vt 1.491511 -0.1948738
vt 1.521067 -0.1949075
vt 1.516741 -0.3492161
vt 1.494022 -0.3488683
vt 1.461853 -0.1959524
vt 1.51861 -0.4842995
vt 1.473475 -0.3492177
vt 1.433094 -0.1982053
vt 1.498714 -0.483324
vt 1.509451 -0.5799943
vt 1.451504 -0.3512981
vt 1.405762 -0.2009334
vt 1.479509 -0.4835088
vt 1.495219 -0.5794129
vt 1.505318 -0.7163585
vt 1.426588 -0.3548695
vt 1.380248 -0.2043072
vt 1.459965 -0.4852758
vt 1.481854 -0.5794728
vt 1.496729 -0.7159599
vt 1.492227 -0.8608153
vt 1.401466 -0.35843
vt 1.353895 -0.2086184
vt 1.377094 -0.3623339
vt 1.441643 -0.487979
vt 1.425439 -0.4909105
vt 1.407986 -0.4944051
vt 1.469182 -0.5801908
vt 1.488828 -0.7159851
vt 1.492065 -0.8608103
vt 1.456303 -0.5813826
vt 1.443974 -0.5831764
vt 1.430853 -0.5856885
vt 1.480341 -0.7166324
vt 1.491916 -0.8608135
vt 1.470965 -0.717742
vt 1.491781 -0.8608245
vt 1.462587 -0.7189671
vt 1.49165 -0.8608434
vt 1.454238 -0.7205366
vt 1.491512 -0.8608712
vt 2.076928 -0.8658819
vt 2.037251 -0.8639151
vt 2.049914 -0.6989795
vt 2.08042 -0.69911
vt 2.119012 -0.8652624
vt 2.040958 -0.5147299
vt 2.108461 -0.6980084
vt 2.1589 -0.8618321
vt 2.070164 -0.5140966
vt 2.04368 -0.3113901
vt 2.138769 -0.6957999
vt 2.194058 -0.858722
vt 2.099792 -0.5125115
vt 2.066153 -0.3112331
vt 2.04325 -0.1576013
vt 2.174305 -0.6920229
vt 2.228062 -0.8555535
vt 2.129412 -0.5098293
vt 2.087069 -0.3104623
vt 2.060517 -0.1580568
vt 2.057458 -0.01584974
vt 2.21302 -0.6872333
vt 2.263425 -0.8516955
vt 2.248981 -0.6827033
vt 2.1569 -0.5063783
vt 2.1824 -0.5025227
vt 2.209333 -0.4979216
vt 2.10823 -0.3088862
vt 2.078264 -0.1582493
vt 2.067328 -0.01690343
vt 2.076412 0.116474
vt 2.128958 -0.306747
vt 2.150096 -0.3038702
vt 2.172829 -0.3000949
vt 2.097795 -0.1575705
vt 2.076431 -0.01735646
vt 2.076553 0.1164645
vt 2.115825 -0.1562957
vt 2.131489 -0.1539998
vt 2.147353 -0.1508174
vt 2.085882 -0.01721549
vt 2.076703 0.116464
vt 2.095372 -0.0161027
vt 2.076844 0.116474
vt 2.105311 -0.01396409
vt 2.076972 0.1164913
vt 2.115499 -0.01136172
vt 2.077091 0.1165173
vt 4.313158 0.3591613
vt 4.350341 0.3603194
vt 4.34803 0.08816576
vt 4.319553 0.08881807
vt 4.276328 0.3614363
vt 4.340607 -0.2827871
vt 4.287721 0.08810323
vt 4.241997 0.3640736
vt 4.319603 -0.2827735
vt 4.332952 -0.6203316
vt 4.256618 0.08621374
vt 4.208982 0.3627715
vt 4.298525 -0.2845347
vt 4.320651 -0.6195488
vt 4.308825 -0.8847048
vt 4.227196 0.08379468
vt 4.1727 0.3565691
vt 4.277739 -0.2865922
vt 4.307842 -0.620244
vt 4.308567 -0.8846931
vt 4.195778 0.08119592
vt 4.134904 0.3483284
vt 4.166151 0.07860443
vt 4.257091 -0.2879185
vt 4.294914 -0.6216147
vt 4.308324 -0.8846939
vt 4.234344 -0.2886082
vt 4.21244 -0.2899959
vt 4.282794 -0.6227124
vt 4.308076 -0.8847063
vt 4.270503 -0.6233823
vt 4.307806 -0.8847325
vt 4.257372 -0.6243533
vt 4.307516 -0.8847735
vt 4.100257 0.2923851
vt 4.134377 0.2861794
vt 4.101851 0.13033
vt 4.073047 0.1357502
vt 4.065362 0.2970275
vt 4.070358 -0.02782109
vt 4.042618 0.140137
vt 4.029858 0.3009141
vt 4.047245 -0.02373204
vt 4.037651 -0.249452
vt 4.014364 0.1431373
vt 3.993551 0.303592
vt 4.022826 -0.01939505
vt 4.019459 -0.2470537
vt 4.007873 -0.4928485
vt 3.988048 0.1447038
vt 3.9562 0.3044309
vt 4.000439 -0.01606911
vt 4.001153 -0.2441557
vt 3.99378 -0.4908019
vt 3.967629 -0.671982
vt 3.959169 0.145379
vt 3.920411 0.303669
vt 3.93033 0.1449554
vt 3.97862 -0.01434723
vt 3.955796 -0.01411158
vt 3.93234 -0.01406643
vt 3.982513 -0.2416892
vt 3.97517 -0.4885384
vt 3.959472 -0.6703006
vt 3.921308 -0.8815457
vt 3.939633 -0.2404374
vt 3.918842 -0.2405071
vt 3.962605 -0.2406799
vt 3.956561 -0.4864382
vt 3.950873 -0.6690769
vt 3.921085 -0.8815054
vt 3.928321 -0.4846438
vt 3.913718 -0.4843331
vt 3.942891 -0.4853017
vt 3.942408 -0.6680995
vt 3.920847 -0.8814718
vt 3.93441 -0.6675044
vt 3.920617 -0.8814483
vt 3.924493 -0.667048
vt 3.920412 -0.8814354
vt 3.914989 -0.6668315
vt 3.920218 -0.8814312
vt 2.831225 -0.8716224
vt 2.790302 -0.8695897
vt 2.801951 -0.5594958
vt 2.837416 -0.5619451
vt 2.866571 -0.872588
vt 2.852513 -0.3110701
vt 2.875843 -0.5648043
vt 2.903884 -0.8726317
vt 2.878529 -0.3134259
vt 2.863616 -0.1649512
vt 2.919348 -0.5682971
vt 2.94331 -0.8730084
vt 2.899706 -0.3152643
vt 2.884731 -0.1674434
vt 2.895647 -0.008093566
vt 2.954811 -0.5702516
vt 2.986618 -0.8736076
vt 2.921254 -0.317531
vt 2.904015 -0.1686479
vt 2.908746 -0.009926796
vt 2.936489 0.2096478
vt 2.985758 -0.5698335
vt 3.030157 -0.8733641
vt 3.019057 -0.5679103
vt 2.944357 -0.3187978
vt 2.97075 -0.3179105
vt 3.00033 -0.3157155
vt 2.927447 -0.1692354
vt 2.920361 -0.011273
vt 2.936685 0.2096227
vt 2.951534 -0.1695152
vt 2.971581 -0.1687978
vt 2.993004 -0.1669362
vt 2.931825 -0.0122616
vt 2.936902 0.2096065
vt 2.943469 -0.01262042
vt 2.937145 0.2096009
vt 2.954423 -0.01199219
vt 2.937396 0.2096081
vt 2.966467 -0.01001051
vt 2.937624 0.2096255
vt 1.729539 -0.8572648
vt 1.699728 -0.8550124
vt 1.733162 -0.5250543
vt 1.754022 -0.5270559
vt 1.75941 -0.8591471
vt 1.766828 -0.1564376
vt 1.773937 -0.528172
vt 1.790238 -0.8604392
vt 1.778666 -0.1587914
vt 1.805262 -0.007799268
vt 1.795395 -0.5287396
vt 1.818603 -0.8608836
vt 1.790575 -0.1597627
vt 1.805421 -0.007827282
vt 1.816365 -0.5287609
vt 1.845155 -0.8602298
vt 1.802824 -0.1596159
vt 1.805583 -0.007843137
vt 1.836195 -0.5284043
vt 1.873446 -0.8585529
vt 1.85754 -0.5277954
vt 1.81457 -0.1589639
vt 1.805738 -0.007846117
vt 1.826194 -0.1583242
vt 1.805885 -0.007837653
vt 1.838378 -0.157599
vt 1.80603 -0.00781846
vt 3.884234 0.2718153
vt 3.914055 0.2709348
vt 3.918276 0.05241489
vt 3.888416 0.05377057
vt 3.857966 0.2724341
vt 3.898513 -0.20194
vt 3.857871 0.05481601
vt 3.831979 0.2719933
vt 3.871828 -0.2008464
vt 3.891121 -0.4744984
vt 3.826078 0.05535451
vt 3.804321 0.2713656
vt 3.847975 -0.2001522
vt 3.865577 -0.4731001
vt 3.861128 -0.6347567
vt 3.794908 0.05545691
vt 3.775233 0.2717394
vt 3.824629 -0.1995549
vt 3.839063 -0.4718134
vt 3.843608 -0.6320956
vt 3.80462 -0.8805372
vt 3.767201 0.05568483
vt 3.746846 0.2733781
vt 3.739907 0.05625895
vt 3.797935 -0.1991268
vt 3.769417 -0.1990775
vt 3.742699 -0.1993929
vt 3.813569 -0.4705907
vt 3.827643 -0.6306223
vt 3.804369 -0.8804975
vt 3.789835 -0.4696285
vt 3.76857 -0.4694286
vt 3.747483 -0.4702444
vt 3.811964 -0.629661
vt 3.804086 -0.880471
vt 3.794641 -0.629481
vt 3.803805 -0.8804621
vt 3.776041 -0.6301849
vt 3.803553 -0.8804713
vt 3.757532 -0.63196
vt 3.803325 -0.8804959
vt 2.544063 -0.8698491
vt 2.496351 -0.8675814
vt 2.528353 -0.6038216
vt 2.564214 -0.6059393
vt 2.598478 -0.8690593
vt 2.559012 -0.2766533
vt 2.601925 -0.605484
vt 2.647835 -0.8688962
vt 2.587456 -0.279265
vt 2.586276 -0.06975713
vt 2.642311 -0.604634
vt 2.692354 -0.8705859
vt 2.617607 -0.2805924
vt 2.60328 -0.0719561
vt 2.63736 0.2063663
vt 2.683871 -0.6045811
vt 2.741336 -0.8715245
vt 2.644168 -0.2807803
vt 2.621302 -0.0729059
vt 2.637664 0.2063287
vt 2.726912 -0.6039066
vt 2.790311 -0.8686856
vt 2.767749 -0.6014987
vt 2.668221 -0.2800885
vt 2.640274 -0.07276872
vt 2.637947 0.2063122
vt 2.693851 -0.2785537
vt 2.722066 -0.2757365
vt 2.659437 -0.07201713
vt 2.638208 0.2063143
vt 2.678811 -0.07092294
vt 2.638465 0.2063338
vt 2.6974 -0.06885636
vt 2.63874 0.2063737
vt 3.061619 -0.8740708
vt 3.030154 -0.8736708
vt 3.038689 -0.5515409
vt 3.066765 -0.5525404
vt 3.092731 -0.8745087
vt 3.044754 -0.1117757
vt 3.092867 -0.5526496
vt 3.125008 -0.8747829
vt 3.069903 -0.1144952
vt 3.117995 0.2196391
vt 3.12049 -0.5520886
vt 3.155038 -0.8748423
vt 3.095467 -0.1157964
vt 3.118311 0.2195935
vt 3.14959 -0.5511147
vt 3.18257 -0.8745576
vt 3.121442 -0.1159045
vt 3.118621 0.2195723
vt 3.179707 -0.5505005
vt 3.21178 -0.8739644
vt 3.209999 -0.5504571
vt 3.145284 -0.1150814
vt 3.118952 0.2195752
vt 3.167781 -0.1134815
vt 3.119317 0.2196035
vt 3.191641 -0.1111058
vt 3.119689 0.2196574
vt 4.738052 0.489179
vt 4.784388 0.4852532
vt 4.751866 0.07005832
vt 4.710868 0.07308933
vt 4.693002 0.4916337
vt 4.729986 -0.1682775
vt 4.671449 0.07532763
vt 4.64428 0.4931375
vt 4.694259 -0.1640812
vt 4.690589 -0.3410924
vt 4.630022 0.07686222
vt 4.594994 0.4940214
vt 4.657263 -0.1599992
vt 4.663011 -0.3378831
vt 4.672537 -0.5632497
vt 4.591042 0.07748288
vt 4.546959 0.4944293
vt 4.618215 -0.1568975
vt 4.63965 -0.3355493
vt 4.651223 -0.5604367
vt 4.634901 -0.7435216
vt 4.5517 0.07736948
vt 4.497173 0.4942987
vt 4.508347 0.07614136
vt 4.583257 -0.1550167
vt 4.5516 -0.1554696
vt 4.51848 -0.1579293
vt 4.616007 -0.3332326
vt 4.631375 -0.5590837
vt 4.621474 -0.7407773
vt 4.595305 -0.8872505
vt 4.59119 -0.3323537
vt 4.563351 -0.3333757
vt 4.53224 -0.3351367
vt 4.605323 -0.5585089
vt 4.610208 -0.7389765
vt 4.595173 -0.8872269
vt 4.579495 -0.5583956
vt 4.559346 -0.5589557
vt 4.537269 -0.5603005
vt 4.599099 -0.7381295
vt 4.595025 -0.8872117
vt 4.588043 -0.7380056
vt 4.594855 -0.8872068
vt 4.577353 -0.7389616
vt 4.594683 -0.8872147
vt 4.564653 -0.7411542
vt 4.594534 -0.8872321
vt 3.534002 -0.8684191
vt 3.495979 -0.8619214
vt 3.527035 -0.6804596
vt 3.559998 -0.6851488
vt 3.571221 -0.8726293
vt 3.554496 -0.468052
vt 3.592881 -0.6885066
vt 3.612906 -0.8757727
vt 3.584958 -0.4708237
vt 3.568556 -0.3378492
vt 3.626266 -0.6907291
vt 3.652797 -0.877535
vt 3.613495 -0.4738366
vt 3.596091 -0.3399856
vt 3.581531 -0.2489722
vt 3.658599 -0.6925567
vt 3.690852 -0.8789778
vt 3.643534 -0.4773161
vt 3.623404 -0.3426002
vt 3.604048 -0.2532326
vt 3.608299 -0.16119
vt 3.692125 -0.6938897
vt 3.731956 -0.8799375
vt 3.727989 -0.6945237
vt 3.670862 -0.4793161
vt 3.698244 -0.4802308
vt 3.729605 -0.4801747
vt 3.652328 -0.346216
vt 3.628367 -0.2573657
vt 3.626897 -0.1653886
vt 3.630459 -0.04234388
vt 3.706162 -0.3502596
vt 3.734611 -0.3500896
vt 3.680205 -0.3493057
vt 3.657904 -0.2610204
vt 3.6448 -0.1682865
vt 3.644767 -0.04481816
vt 3.652609 0.07009551
vt 3.712098 -0.2611735
vt 3.737227 -0.2592218
vt 3.686066 -0.2617508
vt 3.663815 -0.1699919
vt 3.65849 -0.04683262
vt 3.661305 0.06848028
vt 3.691322 0.2472045
vt 3.700203 -0.1699905
vt 3.720474 -0.1679771
vt 3.68189 -0.170718
vt 3.672179 -0.04833594
vt 3.670047 0.06736952
vt 3.691516 0.2471717
vt 3.698345 -0.0490348
vt 3.713029 -0.04822481
vt 3.685113 -0.04914904
vt 3.679735 0.06658745
vt 3.691696 0.2471501
vt 3.689094 0.06608433
vt 3.691865 0.2471387
vt 3.698163 0.06602365
vt 3.692034 0.247136
vt 3.707593 0.06639844
vt 3.692215 0.2471422
vt 3.249288 -0.8504772
vt 3.202975 -0.8415632
vt 3.248793 -0.6276067
vt 3.286815 -0.6350354
vt 3.298262 -0.8579775
vt 3.269313 -0.5096773
vt 3.322958 -0.6393696
vt 3.348346 -0.8633388
vt 3.305172 -0.5159001
vt 3.322691 -0.205714
vt 3.362547 -0.6431603
vt 3.393562 -0.8667207
vt 3.342716 -0.5213514
vt 3.348865 -0.2118707
vt 3.36266 -0.06540588
vt 3.403881 -0.6459305
vt 3.438828 -0.868554
vt 3.379984 -0.5258362
vt 3.374816 -0.2157327
vt 3.382632 -0.071217
vt 3.400003 0.06449193
vt 3.447448 -0.6468692
vt 3.486809 -0.8694086
vt 3.491927 -0.6469418
vt 3.413025 -0.528758
vt 3.444966 -0.5307927
vt 3.480222 -0.5317136
vt 3.404796 -0.2178376
vt 3.402458 -0.07479358
vt 3.411361 0.06131899
vt 3.451875 0.2318819
vt 3.437705 -0.2194089
vt 3.469205 -0.2209468
vt 3.499335 -0.2221165
vt 3.422971 -0.07635295
vt 3.422772 0.05934438
vt 3.452041 0.2318426
vt 3.441526 -0.07696645
vt 3.459147 -0.07749696
vt 3.479329 -0.07729545
vt 3.434648 0.05806887
vt 3.452223 0.2318116
vt 3.446326 0.05732599
vt 3.45241 0.2317925
vt 3.458312 0.05706474
vt 3.452591 0.2317861
vt 3.471084 0.05732605
vt 3.452759 0.2317913
vt 0.08946514 1.120008
vt 0.08972883 1.151077
vt 0.1152022 1.16684
vt 0.1146743 1.104704
vt 0.1404121 1.151536
vt 0.1401482 1.120467
vt 3.003913 1.327937
vt 3.051586 1.307468
vt 3.011505 1.210691
vt 2.969109 1.22707
vt 2.974953 1.12297
vt 2.953266 1.344085
vt 2.946143 1.132216
vt 2.930966 1.235758
vt 2.895861 1.350644
vt 2.91592 1.136022
vt 2.893685 1.238239
vt 2.842571 1.344962
vt 2.88453 1.140257
vt 2.855166 1.238071
vt 2.791641 1.335437
vt 2.855165 1.142843
vt 2.810326 1.232025
vt 2.736824 1.324726
vt 2.825796 1.141005
vt 2.760281 1.220053
vt 2.79637 1.133026
vt -0.3316615 0.3648831
vt -0.3136382 0.365009
vt -0.3147411 0.2351314
vt -0.3282595 0.2353252
vt -0.349942 0.3640624
vt -0.3187203 0.16838
vt -0.3425612 0.2349135
vt -0.3664618 0.3629214
vt -0.328882 0.1684944
vt -0.3204699 0.07970908
vt -0.3559799 0.2337864
vt -0.382967 0.3614511
vt -0.3702719 0.2322308
vt -0.3385003 0.1679947
vt -0.3269269 0.07985118
vt -0.3278177 -0.005796164
vt -0.348906 0.1670236
vt -0.3590498 0.1655776
vt -0.3334529 0.07965493
vt -0.3278978 -0.00579527
vt -0.3394401 0.0790934
vt -0.327987 -0.005801082
vt -0.3453977 0.0781849
vt -0.328079 -0.005813539
vt 0.3164021 1.105669
vt 0.3081189 1.107721
vt 0.3243842 1.165692
vt 0.329118 1.164382
vt 0.340679 1.21173
vt 0.3241171 1.104224
vt 0.3335409 1.16348
vt 0.3407218 1.21172
vt 0.3336477 1.103126
vt 0.3381151 1.162932
vt 0.3407773 1.211711
vt 0.3421565 1.102772
vt 0.3426669 1.162858
vt 0.3408321 1.211708
vt 0.01289296 -0.3150183
vt 0.04601455 -0.3147566
vt 0.04299974 -0.4430384
vt 0.01791477 -0.4433703
vt -0.02165055 -0.3187709
vt 0.04289842 -0.5537436
vt -0.006306887 -0.4460059
vt -0.05315995 -0.3235301
vt 0.02128386 -0.5536981
vt 0.0427618 -0.6977715
vt -0.03063846 -0.4495706
vt -0.08587861 -0.3292739
vt -0.05607677 -0.4544659
vt 0.003889561 -0.554737
vt 0.02968335 -0.6978184
vt 0.03430533 -0.848441
vt -0.01342869 -0.556579
vt -0.03067899 -0.5595239
vt 0.01754308 -0.6991125
vt 0.03412509 -0.8484459
vt 0.003407955 -0.7008411
vt 0.03399682 -0.8484602
vt -0.008720636 -0.7028643
vt 0.03386903 -0.8484864
vt 0.8832322 1.09844
vt 0.8723065 1.09827
vt 0.8728065 1.157151
vt 0.8814691 1.157281
vt 0.8941034 1.099097
vt 0.8738794 1.214007
vt 0.8897867 1.157728
vt 0.9062724 1.100603
vt 0.878908 1.214036
vt 0.8766881 1.28739
vt 0.8973768 1.158631
vt 0.9176999 1.102776
vt 0.9050281 1.159972
vt 0.8838888 1.214382
vt 0.8767743 1.287392
vt 0.8893634 1.215145
vt 0.8768463 1.287399
vt 0.8946322 1.216069
vt 0.8769094 1.28741
vt 0.5312498 -0.27661
vt 0.5653549 -0.2759326
vt 0.5642291 -0.4084964
vt 0.5357598 -0.4085198
vt 0.4992344 -0.2788059
vt 0.5627546 -0.5376581
vt 0.5092689 -0.4100251
vt 0.4674461 -0.2819174
vt 0.5418781 -0.5377929
vt 0.5590965 -0.7043782
vt 0.4814556 -0.4125841
vt 0.4359151 -0.2860665
vt 0.4548738 -0.4156473
vt 0.5201972 -0.5392177
vt 0.5458676 -0.7042403
vt 0.5477104 -0.8528112
vt 0.4972314 -0.5416093
vt 0.4761159 -0.5448824
vt 0.5343 -0.7048894
vt 0.5475661 -0.8528126
vt 0.5227437 -0.7062949
vt 0.5473996 -0.8528274
vt 0.511088 -0.708626
vt 0.5472476 -0.8528532
vt 2.067035 1.326553
vt 2.078087 1.325305
vt 2.069633 1.263489
vt 2.060789 1.264641
vt 2.057082 1.327477
vt 2.055681 1.184319
vt 2.05157 1.265437
vt 2.047138 1.328182
vt 2.050327 1.185146
vt 2.038044 1.088369
vt 2.042807 1.266203
vt 2.034888 1.328646
vt 2.034359 1.266458
vt 2.045072 1.185663
vt 2.037935 1.088382
vt 2.039647 1.18593
vt 2.037845 1.088389
vt 2.034257 1.186018
vt 2.037759 1.088391
vt 0.7247133 1.279189
vt 0.735607 1.277181
vt 0.7235616 1.218154
vt 0.7150499 1.219783
vt 0.7137454 1.28075
vt 0.7088983 1.158399
vt 0.7064569 1.221084
vt 0.7020299 1.281883
vt 0.7041466 1.159496
vt 0.6923568 1.099797
vt 0.6979389 1.221816
vt 0.690084 1.282326
vt 0.6895727 1.222128
vt 0.6993968 1.16023
vt 0.6922976 1.099809
vt 0.694594 1.16065
vt 0.6922283 1.099817
vt 0.6894182 1.160714
vt 0.692166 1.09982
vt 4.646789 1.496796
vt 4.6724 1.490991
vt 4.640546 1.360004
vt 4.621413 1.363808
vt 4.620766 1.501549
vt 4.607241 1.215124
vt 4.601404 1.366844
vt 4.590425 1.505379
vt 4.595045 1.217719
vt 4.563714 1.066919
vt 4.581965 1.368294
vt 4.560865 1.506579
vt 4.559747 1.368849
vt 4.583021 1.219609
vt 4.563585 1.066945
vt 4.570482 1.220892
vt 4.563437 1.066964
vt 4.558442 1.221187
vt 4.56325 1.066973
vt 2.54064 1.084496
vt 2.527232 1.084214
vt 2.527846 1.156433
vt 2.537013 1.156395
vt 2.551493 1.085149
vt 2.531273 1.229672
vt 2.547129 1.156954
vt 2.56227 1.086041
vt 2.536682 1.229713
vt 2.530241 1.356143
vt 2.556369 1.157633
vt 2.574081 1.087245
vt 2.565417 1.158745
vt 2.541444 1.229959
vt 2.530389 1.356151
vt 2.546571 1.230536
vt 2.530509 1.356161
vt 2.551538 1.231366
vt 2.530618 1.356175
vt 3.052995 1.0808
vt 3.01688 1.084727
vt 3.035184 1.199482
vt 3.059353 1.19527
vt 3.08293 1.079495
vt 3.063282 1.298585
vt 3.08591 1.193444
vt 3.112821 1.079241
vt 3.077162 1.295419
vt 3.093396 1.399113
vt 3.113404 1.193228
vt 3.144294 1.079966
vt 3.138612 1.195183
vt 3.089772 1.294342
vt 3.093505 1.399096
vt 3.102506 1.294665
vt 3.093625 1.399092
vt 3.116256 1.296829
vt 3.093726 1.3991
vt 0.9372593 -0.2791284
vt 0.9691975 -0.2855072
vt 0.9401196 -0.4152195
vt 0.9136682 -0.4101383
vt 0.9051182 -0.2741902
vt 0.914677 -0.5303787
vt 0.8893049 -0.4066967
vt 0.8690915 -0.270957
vt 0.8947752 -0.5265915
vt 0.8830426 -0.6975992
vt 0.8629973 -0.4047301
vt 0.8347439 -0.2706018
vt 0.8373797 -0.4043895
vt 0.8763769 -0.5239722
vt 0.8703258 -0.6950713
vt 0.8398226 -0.8553755
vt 0.8581929 -0.5222092
vt 0.8389848 -0.5215063
vt 0.8579252 -0.6934361
vt 0.8396562 -0.8553436
vt 0.8440735 -0.6921649
vt 0.8395092 -0.8553269
vt 0.831167 -0.691764
vt 0.8393497 -0.8553226
vt 0.7684991 1.281272
vt 0.7791768 1.279679
vt 0.7631804 1.186772
vt 0.7566149 1.187887
vt 0.7387619 1.099404
vt 0.7590092 1.282425
vt 0.7488172 1.188814
vt 0.7386818 1.09942
vt 0.7494894 1.283286
vt 0.7420716 1.189617
vt 0.7386093 1.099428
vt 0.7356641 1.283918
vt 0.7348642 1.189739
vt 0.7385073 1.099432
vt 0.6614619 1.101455
vt 0.6529466 1.102487
vt 0.6671218 1.20674
vt 0.6724293 1.205956
vt 0.6859336 1.282815
vt 0.6700034 1.100666
vt 0.6784117 1.205224
vt 0.6860011 1.282803
vt 0.6785896 1.100115
vt 0.6837339 1.204802
vt 0.6860694 1.282797
vt 0.6885341 1.099829
vt 0.689425 1.204722
vt 0.686161 1.282794
vt 4.699331 1.073558
vt 4.668909 1.079858
vt 4.696294 1.198787
vt 4.721181 1.194422
vt 4.730079 1.068629
vt 4.717074 1.316671
vt 4.745151 1.191008
vt 4.764525 1.065371
vt 4.737906 1.312603
vt 4.756611 1.452281
vt 4.770007 1.189328
vt 4.797533 1.064933
vt 4.79531 1.188578
vt 4.76102 1.308442
vt 4.766531 1.449602
vt 4.796349 1.582854
vt 4.779792 1.306407
vt 4.798741 1.305328
vt 4.777227 1.447601
vt 4.796511 1.582818
vt 4.788093 1.44684
vt 4.796672 1.582795
vt 4.800773 1.44644
vt 4.79679 1.582787
vt 0.9534312 1.287705
vt 0.9648824 1.287655
vt 0.9628581 1.230375
vt 0.9547734 1.230267
vt 0.9413958 1.286919
vt 0.9639115 1.173338
vt 0.9473593 1.229703
vt 0.9305313 1.285518
vt 0.9585544 1.173215
vt 0.9605935 1.097562
vt 0.9398661 1.228722
vt 0.9192342 1.283392
vt 0.9315274 1.227183
vt 0.9528707 1.17272
vt 0.9605187 1.09756
vt 0.9475187 1.172114
vt 0.9604536 1.097553
vt 0.9422219 1.171137
vt 0.9603776 1.09754
vt 0.7892308 1.101337
vt 0.7776825 1.103723
vt 0.791151 1.160189
vt 0.7994466 1.158506
vt 0.8007454 1.09968
vt 0.8045161 1.221765
vt 0.8076489 1.1573
vt 0.8126696 1.09881
vt 0.8095146 1.220689
vt 0.8220229 1.283801
vt 0.815299 1.156531
vt 0.8243672 1.098676
vt 0.8232424 1.156252
vt 0.8145694 1.219942
vt 0.8220956 1.283786
vt 0.8200259 1.219535
vt 0.822161 1.283778
vt 0.8253924 1.219378
vt 0.8222181 1.283776
vt 1.838371 1.315303
vt 1.854006 1.315674
vt 1.853328 1.235855
vt 1.842942 1.235789
vt 1.824792 1.314279
vt 1.850783 1.15521
vt 1.83231 1.235104
vt 1.811262 1.312753
vt 1.844693 1.155391
vt 1.845108 1.090046
vt 1.821334 1.2339
vt 1.797792 1.310749
vt 1.810917 1.232236
vt 1.839265 1.155097
vt 1.845042 1.090045
vt 1.833874 1.154423
vt 1.844961 1.090038
vt 1.828259 1.153226
vt 1.844896 1.090026
vt 4.257874 1.072995
vt 4.237235 1.076454
vt 4.256823 1.178221
vt 4.272859 1.1759
vt 4.277466 1.070552
vt 4.270207 1.281491
vt 4.287269 1.17434
vt 4.299799 1.06916
vt 4.283413 1.279499
vt 4.291054 1.376884
vt 4.301557 1.173384
vt 4.320788 1.069193
vt 4.317715 1.173092
vt 4.297324 1.277986
vt 4.298444 1.375448
vt 4.318433 1.496061
vt 4.310277 1.276657
vt 4.322546 1.276127
vt 4.306021 1.374436
vt 4.318581 1.496036
vt 4.313591 1.374013
vt 4.318707 1.496023
vt 4.321772 1.373831
vt 4.31881 1.496018
vt 2.496187 -0.864712
vt 2.495427 -0.869436
vt 2.495933 -0.7257417
vt 2.497539 -0.7276355
vt 2.504002 0.1797452
vt 2.495867 -0.8632996
vt 2.496187 -0.864712
vt 2.497539 -0.7276355
vt 2.496202 -0.7355325
vt 2.504049 0.182512
vt 2.494753 -0.8647054
vt 2.497057 -0.7336754
vt 2.495427 -0.869436
vt 2.495933 -0.7257417
vt 2.503877 0.1803256
vt 1.893225 1.089623
vt 1.880182 1.08971
vt 1.883368 1.157484
vt 1.892465 1.157461
vt 1.906323 1.090419
vt 1.881427 1.236399
vt 1.899853 1.157939
vt 1.919452 1.092494
vt 1.887136 1.236521
vt 1.88396 1.322682
vt 1.907227 1.158772
vt 1.932067 1.095255
vt 1.915028 1.160231
vt 1.892633 1.23701
vt 1.884058 1.322686
vt 1.898511 1.237673
vt 1.884138 1.322694
vt 1.904072 1.238563
vt 1.884214 1.322707
vt 1.581676 1.292937
vt 1.599668 1.288047
vt 1.571905 1.19546
vt 1.559584 1.199021
vt 1.525703 1.09272
vt 1.563409 1.296755
vt 1.545954 1.202441
vt 1.525611 1.092749
vt 1.543827 1.299644
vt 1.533635 1.204347
vt 1.525512 1.092767
vt 1.521711 1.300904
vt 1.520895 1.204878
vt 1.525378 1.092777
vt 0.05280972 1.139244
vt 0.07130408 1.149311
vt 0.08961153 1.13726
vt 0.05262184 1.117125
vt 0.08942366 1.115142
vt 0.07092834 1.105075
vt 4.35745 0.1507116
vt 4.397372 0.02943683
vt 4.400432 0.01366195
vt 4.34946 0.25655
vt 4.405326 0.03996065
vt 4.432362 0.4034261
vt 4.385893 -0.2900254
vt 4.387372 -0.2896545
vt 4.413456 0.02304465
vt 4.494999 0.2383848
vt 4.411217 0.005377382
vt 4.470469 0.1332312
vt 4.383782 -0.2942835
vt 4.369441 -0.7619337
vt 4.358901 -0.7421106
vt 4.349651 -0.7540823
vt 4.389793 -0.2967131
vt 4.340466 -0.8023953
vt 4.409641 0.1045572
vt 4.35745 0.1507116
vt 4.400432 0.01366195
vt 4.406435 0.003177404
vt 4.470469 0.1332312
vt 4.411217 0.005377382
vt 4.389793 -0.2967131
vt 4.38399 -0.3019946
vt 4.387372 -0.2896545
vt 4.397372 0.02943683
vt 4.340466 -0.8023953
vt 4.346117 -0.8851534
vt 4.379595 -0.2989583
vt 4.413456 0.02304465
vt 4.361285 -0.8055043
vt 4.383782 -0.2942835
vt 4.369441 -0.7619337
vt 4.411217 0.005377382
vt 4.406435 0.003177404
vt 4.38399 -0.3019946
vt 4.379595 -0.2989583
vt 3.62253 1.437554
vt 3.649924 1.438279
vt 3.648068 1.219768
vt 3.633108 1.220187
vt 3.632288 1.074913
vt 3.596 1.435261
vt 3.618973 1.219408
vt 3.632111 1.074914
vt 3.572665 1.432624
vt 3.603697 1.216982
vt 3.631963 1.074901
vt 3.550633 1.429219
vt 3.58908 1.214068
vt 3.631841 1.074876
vt 0.4127758 -0.2841561
vt 0.4359236 -0.2851222
vt 0.4291881 -0.417831
vt 0.4105393 -0.4165278
vt 0.3920647 -0.2832716
vt 0.4157798 -0.5612355
vt 0.3887659 -0.4159997
vt 0.3720797 -0.2827928
vt 0.4002771 -0.5592036
vt 0.3943044 -0.6925263
vt 0.3681716 -0.4158647
vt 0.3463595 -0.2825744
vt 0.3471559 -0.4163164
vt 0.3835419 -0.5575279
vt 0.3862052 -0.6912361
vt 0.3688782 -0.8513755
vt 0.3687545 -0.5575631
vt 0.3535794 -0.5581522
vt 0.3777843 -0.6902814
vt 0.3687004 -0.8513563
vt 0.3693165 -0.6903077
vt 0.368521 -0.8513458
vt 0.3600217 -0.6908293
vt 0.3683736 -0.8513452
vt 0.838293 1.098981
vt 0.8243669 1.098676
vt 0.8252853 1.206814
vt 0.8326185 1.206685
vt 0.8324393 1.28666
vt 0.8494724 1.099401
vt 0.8396298 1.206835
vt 0.8325261 1.28666
vt 0.8611139 1.100672
vt 0.8471869 1.207743
vt 0.8325993 1.286667
vt 0.8723441 1.10277
vt 0.8540077 1.209328
vt 0.8326728 1.28668
vt 1.158154 -0.857679
vt 1.133934 -0.8578733
vt 1.135416 -0.7100244
vt 1.155702 -0.7101145
vt 1.181005 -0.8567389
vt 1.136856 -0.5675474
vt 1.174237 -0.7095228
vt 1.20371 -0.8553146
vt 1.151617 -0.5674442
vt 1.13797 -0.3826584
vt 1.193485 -0.7084354
vt 1.226334 -0.8533539
vt 1.212119 -0.7070209
vt 1.166533 -0.5667579
vt 1.147271 -0.3826496
vt 1.144931 -0.2178204
vt 1.182168 -0.565673
vt 1.196756 -0.5642184
vt 1.155447 -0.3823077
vt 1.145092 -0.217818
vt 1.163676 -0.381626
vt 1.145276 -0.2178067
vt 1.171937 -0.3805514
vt 1.145446 -0.2177875
vt 1.631671 1.301685
vt 1.642582 1.300017
vt 1.62317 1.189582
vt 1.617274 1.190596
vt 1.602172 1.092071
vt 1.619648 1.302917
vt 1.611192 1.191316
vt 1.60206 1.092088
vt 1.609732 1.303499
vt 1.605198 1.191629
vt 1.601951 1.092098
vt 1.599801 1.303744
vt 1.59885 1.191737
vt 1.601862 1.092101
vt 2.706916 1.082688
vt 2.696483 1.082777
vt 2.69861 1.18405
vt 2.707054 1.183864
vt 2.716428 1.082753
vt 2.701985 1.251868
vt 2.715559 1.18391
vt 2.725927 1.082941
vt 2.707972 1.251758
vt 2.704074 1.343917
vt 2.723807 1.184026
vt 2.736403 1.08331
vt 2.731776 1.184333
vt 2.713933 1.251831
vt 2.708001 1.343802
vt 2.710649 1.405977
vt 2.720372 1.252137
vt 2.726958 1.252533
vt 2.711986 1.343765
vt 2.710701 1.405975
vt 2.715614 1.343915
vt 2.710762 1.405976
vt 2.719313 1.344241
vt 2.710839 1.405982
vt 3.161177 1.081591
vt 3.144329 1.084167
vt 3.174303 1.254677
vt 3.183404 1.253112
vt 3.206721 1.405236
vt 3.179741 1.07969
vt 3.192797 1.252001
vt 3.206895 1.40521
vt 3.19505 1.078791
vt 3.202051 1.251517
vt 3.207062 1.405194
vt 3.210382 1.078413
vt 3.211851 1.25135
vt 3.207201 1.405189
vt -0.3557239 1.022457
vt -0.3729472 1.022604
vt -0.3728001 1.039827
vt -0.3555775 1.03968
vt -0.01604247 1.136757
vt 0.01489854 1.136494
vt 0.0146358 1.105553
vt -0.01630473 1.105816
vt 0.4833777 1.249162
vt 0.5168891 1.241976
vt 0.5011833 1.181028
vt 0.472366 1.185793
vt 0.4860076 1.10155
vt 0.4497138 1.2534
vt 0.4672276 1.103949
vt 0.4489238 1.186811
vt 0.4146742 1.249209
vt 0.4493088 1.103991
vt 0.4264153 1.186067
vt 0.3816721 1.241256
vt 0.4304457 1.104082
vt 0.3994076 1.181493
vt 0.4117603 1.10218
vt 4.114565 1.478662
vt 4.14269 1.479502
vt 4.141567 1.347299
vt 4.1237 1.347123
vt 4.092665 1.476815
vt 4.138766 1.206347
vt 4.105464 1.345755
vt 4.070853 1.47438
vt 4.127809 1.206373
vt 4.131018 1.07067
vt 4.086097 1.343776
vt 4.049207 1.471478
vt 4.06834 1.341217
vt 4.11813 1.205714
vt 4.130876 1.070666
vt 4.108567 1.20447
vt 4.130723 1.070651
vt 4.098689 1.202511
vt 4.130593 1.07063
vt 1.98998 1.092503
vt 1.977295 1.095028
vt 2.00174 1.20636
vt 2.009971 1.20471
vt 2.031522 1.324643
vt 2.002758 1.090521
vt 2.01787 1.203432
vt 2.031628 1.324625
vt 2.018295 1.088951
vt 2.025903 1.202754
vt 2.031757 1.32461
vt 2.032847 1.088413
vt 2.033816 1.202556
vt 2.031898 1.324602
vt 3.800981 1.46877
vt 3.822568 1.468919
vt 3.821267 1.315648
vt 3.80296 1.315573
vt 3.785017 1.468588
vt 3.811594 1.183197
vt 3.784436 1.315318
vt 3.768702 1.468797
vt 3.797371 1.18431
vt 3.786582 1.073549
vt 3.764609 1.316109
vt 3.751841 1.469388
vt 3.747282 1.316305
vt 3.785658 1.184433
vt 3.786458 1.073561
vt 3.773656 1.184116
vt 3.786319 1.07356
vt 3.76023 1.182479
vt 3.786217 1.073548
vt 1.136449 1.285397
vt 1.148155 1.282771
vt 1.12712 1.201244
vt 1.120679 1.202695
vt 1.100219 1.096333
vt 1.123578 1.287344
vt 1.114121 1.203767
vt 1.100103 1.096356
vt 1.112502 1.288298
vt 1.107543 1.204347
vt 1.099986 1.096371
vt 1.101391 1.288678
vt 1.100677 1.204626
vt 1.099887 1.096378
vt -0.3687689 1.043782
vt -0.3687 1.051897
vt -0.3620524 1.055967
vt -0.3621902 1.039737
vt -0.3554735 1.051921
vt -0.3555424 1.043806
vt 0.981774 -0.3006034
vt 0.9786097 -0.3090128
vt 0.9774835 -0.5594958
vt 0.9719455 -0.5576655
vt 0.9771768 -0.8237897
vt 0.9824713 -0.2773694
vt 0.9714327 -0.8199027
vt 0.9719517 -0.5557228
vt 0.9673175 -0.8234317
vt 0.9759591 -0.2427203
vt 0.9755929 -0.5558507
vt 0.9692611 -0.2780279
vt 0.9735554 -0.5574301
vt 0.9727852 -0.3012783
vt 0.9692611 -0.2780279
vt 0.9735554 -0.5574301
vt 0.9755061 -0.5586413
vt 0.9786097 -0.3090128
vt 0.9774835 -0.5594958
vt 0.9777257 -0.8361535
vt 0.9771768 -0.8237897
vt 0.9723628 -0.8565011
vt 0.9664177 -0.8369554
vt 0.9755929 -0.5558507
vt 0.9673175 -0.8234317
vt 0.9719517 -0.5557228
vt 1.476928 1.296874
vt 1.486752 1.29509
vt 1.475787 1.238196
vt 1.467642 1.239403
vt 1.467032 1.298324
vt 1.463434 1.166363
vt 1.459856 1.240433
vt 1.454943 1.299529
vt 1.458286 1.167264
vt 1.445126 1.093404
vt 1.452319 1.240878
vt 1.443309 1.299752
vt 1.44398 1.241073
vt 1.453116 1.167923
vt 1.445057 1.093417
vt 1.447507 1.168419
vt 1.44499 1.093424
vt 1.442195 1.168538
vt 1.444907 1.093427
vt 2.38334 1.085862
vt 2.366548 1.085579
vt 2.367446 1.191306
vt 2.378222 1.191126
vt 2.397365 1.086662
vt 2.372301 1.251149
vt 2.389204 1.191747
vt 2.41139 1.087846
vt 2.378941 1.250918
vt 2.37835 1.345623
vt 2.40111 1.192819
vt 2.425739 1.089452
vt 2.412242 1.194492
vt 2.385367 1.251113
vt 2.378439 1.345624
vt 2.391723 1.25183
vt 2.378533 1.34563
vt 2.397996 1.252995
vt 2.378634 1.345644
vt 1.10007 -0.2347036
vt 1.139228 -0.2345196
vt 1.135428 -0.3810562
vt 1.105894 -0.3817243
vt 1.060647 -0.2373405
vt 1.136384 -0.5143039
vt 1.077915 -0.3842578
vt 1.021409 -0.2430365
vt 1.11201 -0.515023
vt 1.135412 -0.6837802
vt 1.047332 -0.3888505
vt 0.9826941 -0.2511726
vt 1.017564 -0.3950966
vt 1.088411 -0.5163933
vt 1.121786 -0.6838138
vt 1.125609 -0.8577
vt 1.068549 -0.5188625
vt 1.048357 -0.5225388
vt 1.108102 -0.6848079
vt 1.125383 -0.8577045
vt 1.092728 -0.6873132
vt 1.125206 -0.8577224
vt 1.077609 -0.6900334
vt 1.125067 -0.8577485
vt 1.784905 1.31383
vt 1.797819 1.314032
vt 1.797228 1.244437
vt 1.786989 1.244283
vt 1.772057 1.313054
vt 1.79596 1.177236
vt 1.777159 1.243755
vt 1.757674 1.311274
vt 1.790016 1.177201
vt 1.79264 1.090501
vt 1.768187 1.242687
vt 1.744167 1.308706
vt 1.759144 1.241103
vt 1.784129 1.176792
vt 1.792538 1.090498
vt 1.777658 1.17589
vt 1.792453 1.09049
vt 1.771431 1.174798
vt 1.792378 1.090477
vt 1.683576 1.303736
vt 1.696451 1.301364
vt 1.682215 1.231597
vt 1.672154 1.233521
vt 1.670612 1.305582
vt 1.664884 1.160968
vt 1.661998 1.235059
vt 1.656765 1.306921
vt 1.659267 1.162265
vt 1.645332 1.091704
vt 1.65193 1.235924
vt 1.642645 1.307445
vt 1.642041 1.236293
vt 1.653653 1.163132
vt 1.645262 1.091718
vt 1.647976 1.163628
vt 1.64518 1.091728
vt 1.641859 1.163705
vt 1.645107 1.091731
vt 1.323496 -0.1960695
vt 1.353996 -0.1966684
vt 1.346869 -0.3440479
vt 1.323064 -0.3440407
vt 1.293796 -0.1969629
vt 1.351379 -0.5048281
vt 1.302933 -0.3448885
vt 1.262506 -0.2002551
vt 1.333256 -0.5053204
vt 1.348468 -0.6701623
vt 1.28278 -0.3465002
vt 1.232512 -0.2051264
vt 1.260581 -0.3493941
vt 1.314945 -0.506662
vt 1.336519 -0.6701322
vt 1.337549 -0.8595198
vt 1.294615 -0.5081002
vt 1.275294 -0.5102481
vt 1.324942 -0.6704733
vt 1.337386 -0.8595203
vt 1.313464 -0.6715312
vt 1.337199 -0.8595331
vt 1.301973 -0.6732203
vt 1.336976 -0.8595607
vt 2.591893 1.088335
vt 2.57412 1.091894
vt 2.610068 1.251603
vt 2.620271 1.249313
vt 2.644047 1.36977
vt 2.60781 1.085884
vt 2.629407 1.24773
vt 2.644152 1.36975
vt 2.628977 1.083839
vt 2.639143 1.246752
vt 2.644297 1.369732
vt 2.647067 1.083197
vt 2.648455 1.246678
vt 2.644442 1.369726
vt 3.415222 1.079059
vt 3.4017 1.080735
vt 3.419568 1.214379
vt 3.430369 1.212955
vt 3.428778 1.077692
vt 3.43852 1.32205
vt 3.441726 1.211691
vt 3.444959 1.076687
vt 3.443906 1.321136
vt 3.457927 1.418638
vt 3.451558 1.211066
vt 3.460168 1.076291
vt 3.46131 1.210813
vt 3.449595 1.320484
vt 3.458039 1.418622
vt 3.455471 1.320223
vt 3.458156 1.418611
vt 3.461851 1.320163
vt 3.458243 1.418609
vt -0.3557763 1.016232
vt -0.3558769 1.00438
vt -0.3659022 0.9988397
vt -0.3657014 1.022542
vt -0.3758266 1.00515
vt -0.375726 1.017002
vt 0.01489472 1.136048
vt 0.03392673 1.146416
vt 0.05278444 1.136272
vt 0.01472068 1.115536
vt 0.05261016 1.115761
vt 0.03357816 1.105392
vt 1.078527 1.275528
vt 1.101245 1.271529
vt 1.094156 1.226047
vt 1.07033 1.231097
vt 1.056146 1.279578
vt 1.081041 1.18509
vt 1.047817 1.233913
vt 1.033983 1.282609
vt 1.063965 1.188401
vt 1.067595 1.096611
vt 1.055347 1.098794
vt 1.048803 1.189937
vt 1.042864 1.100161
vt 1.030221 1.234066
vt 1.009284 1.282272
vt 1.033733 1.18963
vt 1.030653 1.100512
vt 1.014329 1.232974
vt 0.9860001 1.276906
vt 1.01642 1.188101
vt 1.018628 1.099808
vt 0.9973953 1.231224
vt 0.9647379 1.270734
vt 0.9783404 1.228266
vt 0.9980453 1.187593
vt 1.007073 1.09859
vt 0.97954 1.186394
vt 0.9958202 1.09722
vt 0.2410651 -0.8425214
vt 0.2097899 -0.8360271
vt 0.2382522 -0.7140129
vt 0.2641597 -0.7191864
vt 0.2725531 -0.8475449
vt 0.2631155 -0.605688
vt 0.2880133 -0.722688
vt 0.3078555 -0.8508139
vt 0.2826158 -0.6095375
vt 0.2940364 -0.4481823
vt 0.3137338 -0.7246768
vt 0.34153 -0.8511436
vt 0.3388246 -0.7250111
vt 0.3006358 -0.6121932
vt 0.3064893 -0.4507546
vt 0.3364003 -0.2996664
vt 0.3183999 -0.6139748
vt 0.3372207 -0.6146889
vt 0.3186532 -0.4524198
vt 0.3365569 -0.2996975
vt 0.3322395 -0.4537141
vt 0.3366954 -0.2997139
vt 0.3449018 -0.4541219
vt 0.336846 -0.2997184
vt 1.706311 1.094194
vt 1.694716 1.096951
vt 1.710303 1.153515
vt 1.717815 1.151977
vt 1.718735 1.092098
vt 1.723097 1.221923
vt 1.725139 1.151061
vt 1.730289 1.091156
vt 1.728331 1.220981
vt 1.743569 1.314143
vt 1.733333 1.150363
vt 1.742318 1.090881
vt 1.741742 1.150104
vt 1.733637 1.220217
vt 1.743653 1.314129
vt 1.73857 1.219796
vt 1.743756 1.314118
vt 1.743411 1.219622
vt 1.743864 1.314112
vt 3.284676 1.082397
vt 3.267168 1.085623
vt 3.296349 1.226101
vt 3.307292 1.224048
vt 3.341061 1.407972
vt 3.301791 1.07997
vt 3.319098 1.22243
vt 3.34123 1.407941
vt 3.318992 1.078259
vt 3.330226 1.221255
vt 3.341396 1.407921
vt 3.3404 1.077308
vt 3.34162 1.220895
vt 3.3416 1.407908
vt 0.8001833 -0.2711699
vt 0.8347458 -0.2704833
vt 0.8336048 -0.4048241
vt 0.8047541 -0.4048483
vt 0.7677387 -0.2733954
vt 0.832111 -0.5357176
vt 0.777908 -0.4063737
vt 0.7355245 -0.2765486
vt 0.8109542 -0.5358543
vt 0.8284042 -0.7046729
vt 0.749722 -0.4089669
vt 0.7035705 -0.2807532
vt 0.7227839 -0.4120719
vt 0.788983 -0.5372984
vt 0.8149979 -0.7045335
vt 0.8168662 -0.8550956
vt 0.7657095 -0.5397223
vt 0.7443111 -0.5430388
vt 0.8032753 -0.7051909
vt 0.8167189 -0.8550972
vt 0.791564 -0.7066152
vt 0.81655 -0.8551122
vt 0.779752 -0.7089776
vt 0.8163961 -0.8551382
vt 2.116807 1.324425
vt 2.129268 1.321462
vt 2.112517 1.260671
vt 2.104444 1.262324
vt 2.103455 1.326678
vt 2.098767 1.187151
vt 2.096572 1.263309
vt 2.091037 1.32769
vt 2.093143 1.188163
vt 2.076765 1.08804
vt 2.087765 1.264059
vt 2.07811 1.327986
vt 2.078728 1.264337
vt 2.087439 1.188985
vt 2.076675 1.088055
vt 2.082137 1.189438
vt 2.076563 1.088067
vt 2.076935 1.189624
vt 2.076448 1.088073
vt 1.709184 -0.1281097
vt 1.735653 -0.1320239
vt 1.712018 -0.2703535
vt 1.691851 -0.2675232
vt 1.681083 -0.1254387
vt 1.693307 -0.3958763
vt 1.670794 -0.2653764
vt 1.655668 -0.1243604
vt 1.677938 -0.3940419
vt 1.669662 -0.5959561
vt 1.651469 -0.2643098
vt 1.629031 -0.1242228
vt 1.631257 -0.2639191
vt 1.663419 -0.3926302
vt 1.65933 -0.5947653
vt 1.623791 -0.8620335
vt 1.648729 -0.3920664
vt 1.631199 -0.3915251
vt 1.647005 -0.5937191
vt 1.623543 -0.8620002
vt 1.636967 -0.592849
vt 1.623327 -0.8619812
vt 1.625801 -0.5924377
vt 1.623035 -0.8619663
vt 1.860263 1.090008
vt 1.852088 1.089948
vt 1.853145 1.214433
vt 1.857481 1.214423
vt 1.856302 1.322419
vt 1.866725 1.090207
vt 1.861651 1.214584
vt 1.856419 1.32242
vt 1.873183 1.090527
vt 1.866098 1.214822
vt 1.856511 1.322424
vt 1.880193 1.091007
vt 1.870224 1.215159
vt 1.856612 1.322433
vt 2.68694 1.40399
vt 2.699199 1.402615
vt 2.686676 1.30431
vt 2.677486 1.305298
vt 2.674546 1.405027
vt 2.679434 1.238917
vt 2.668667 1.305926
vt 2.662181 1.405624
vt 2.671508 1.2398
vt 2.666064 1.14673
vt 2.659108 1.306332
vt 2.649808 1.405855
vt 2.649438 1.306436
vt 2.663318 1.240614
vt 2.661741 1.147406
vt 2.652379 1.083152
vt 2.656359 1.241043
vt 2.649417 1.24124
vt 2.657323 1.147855
vt 2.652298 1.083163
vt 2.652514 1.148018
vt 2.652231 1.083169
vt 2.647619 1.148064
vt 2.652177 1.083169
vt 1.203753 1.289409
vt 1.211972 1.28812
vt 1.196295 1.200032
vt 1.191613 1.200775
vt 1.177474 1.095677
vt 1.196006 1.290327
vt 1.187188 1.201306
vt 1.177377 1.095691
vt 1.187008 1.290987
vt 1.182601 1.201665
vt 1.177255 1.095703
vt 1.178694 1.291222
vt 1.178108 1.201779
vt 1.17714 1.095708
vt 4.343065 1.0692
vt 4.320786 1.068982
vt 4.322606 1.188003
vt 4.340079 1.188278
vt 4.365235 1.070435
vt 4.323049 1.335414
vt 4.356786 1.189132
vt 4.389085 1.073109
vt 4.333466 1.33554
vt 4.328135 1.501282
vt 4.372634 1.190813
vt 4.412137 1.077109
vt 4.388484 1.193248
vt 4.343637 1.336241
vt 4.328326 1.501288
vt 4.354809 1.337603
vt 4.328483 1.501302
vt 4.365312 1.339234
vt 4.328628 1.501326
vt 3.389364 1.415669
vt 3.404544 1.415589
vt 3.402613 1.301062
vt 3.388318 1.30181
vt 3.37431 1.415817
vt 3.389008 1.201924
vt 3.374113 1.30212
vt 3.359234 1.415974
vt 3.380953 1.202778
vt 3.373074 1.077048
vt 3.359336 1.301895
vt 3.343275 1.415796
vt 3.345191 1.301117
vt 3.37362 1.203073
vt 3.372952 1.077056
vt 3.366038 1.202927
vt 3.372792 1.077056
vt 3.358262 1.20212
vt 3.372658 1.07705
vt 4.163839 1.075586
vt 4.139291 1.079266
vt 4.161077 1.203264
vt 4.180476 1.20012
vt 4.186952 1.072832
vt 4.191649 1.349531
vt 4.199532 1.198009
vt 4.210181 1.070818
vt 4.202992 1.34718
vt 4.22807 1.489743
vt 4.219222 1.196257
vt 4.237177 1.069692
vt 4.238247 1.195675
vt 4.214815 1.345796
vt 4.228218 1.489716
vt 4.226715 1.345107
vt 4.22834 1.489705
vt 4.238393 1.345006
vt 4.228481 1.489704
vt 2.356083 1.341786
vt 2.368726 1.342052
vt 2.368148 1.273954
vt 2.359504 1.273989
vt 2.34585 1.341171
vt 2.364915 1.204893
vt 2.349965 1.273463
vt 2.335688 1.340329
vt 2.359815 1.204855
vt 2.365886 1.085638
vt 2.341251 1.272823
vt 2.324552 1.339194
vt 2.33272 1.271773
vt 2.355325 1.204623
vt 2.365746 1.085631
vt 2.35049 1.20408
vt 2.365633 1.085622
vt 2.345807 1.203296
vt 2.365531 1.085609
vt 4.021968 1.471216
vt 4.049204 1.471119
vt 4.047016 1.349309
vt 4.023192 1.348537
vt 3.994836 1.470212
vt 4.046827 1.191284
vt 4.001505 1.347683
vt 3.962202 1.467111
vt 4.031961 1.191801
vt 4.026786 1.071553
vt 3.981435 1.345032
vt 3.931084 1.461
vt 3.959553 1.341161
vt 4.017193 1.190995
vt 4.026667 1.071558
vt 4.000737 1.189251
vt 4.026563 1.07155
vt 3.986121 1.186223
vt 4.026442 1.071523
vt 3.845657 1.07995
vt 3.819321 1.086593
vt 3.853967 1.204488
vt 3.871121 1.200845
vt 3.87375 1.074969
vt 3.881133 1.353963
vt 3.88767 1.198718
vt 3.900312 1.072773
vt 3.893551 1.351257
vt 3.92028 1.468275
vt 3.905891 1.19712
vt 3.927783 1.07232
vt 3.925354 1.196591
vt 3.906706 1.349033
vt 3.920381 1.468252
vt 3.918379 1.348035
vt 3.920504 1.468238
vt 3.930123 1.347928
vt 3.920649 1.468235
vt -0.3354974 -0.006320983
vt -0.3167877 -0.005927473
vt -0.3176436 -0.1067012
vt -0.3304348 -0.1066488
vt -0.3506415 -0.007231772
vt -0.3224273 -0.2089007
vt -0.3445511 -0.1074287
vt -0.3656795 -0.008476943
vt -0.3299737 -0.208957
vt -0.3209836 -0.3853768
vt -0.3574452 -0.1083764
vt -0.3821599 -0.01015699
vt -0.3700707 -0.1099293
vt -0.3366187 -0.2093
vt -0.3211913 -0.3853875
vt -0.3437731 -0.210105
vt -0.3213582 -0.3854016
vt -0.3507028 -0.2112648
vt -0.3215106 -0.3854213
vt 1.542129 -0.8579681
vt 1.515467 -0.8543119
vt 1.540383 -0.6959006
vt 1.560727 -0.6985886
vt 1.570419 -0.8605409
vt 1.56064 -0.552039
vt 1.582029 -0.7006998
vt 1.59596 -0.8616917
vt 1.575697 -0.5537964
vt 1.586279 -0.3410678
vt 1.601505 -0.7017984
vt 1.622765 -0.8620248
vt 1.621781 -0.7022924
vt 1.590954 -0.5551237
vt 1.596577 -0.3424086
vt 1.622424 -0.1474253
vt 1.606688 -0.5558581
vt 1.623287 -0.5563854
vt 1.607591 -0.3434893
vt 1.622602 -0.1474487
vt 1.617318 -0.3440592
vt 1.622792 -0.1474636
vt 1.627162 -0.3442376
vt 1.623013 -0.1474698
vt 1.96618 1.322854
vt 1.979231 1.32307
vt 1.978177 1.198968
vt 1.971285 1.198993
vt 1.972846 1.088972
vt 1.955539 1.322253
vt 1.964552 1.198595
vt 1.972725 1.08897
vt 1.944922 1.321323
vt 1.957443 1.19795
vt 1.972627 1.088963
vt 1.933977 1.320017
vt 1.950787 1.197046
vt 1.972526 1.088948
vt -0.3476431 0.7249334
vt -0.3582439 0.7257606
vt -0.3488781 0.8367144
vt -0.3396604 0.8360387
vt -0.3370345 0.7242599
vt -0.3413415 0.9124317
vt -0.3307364 0.835456
vt -0.3253281 0.7237202
vt -0.3342104 0.911736
vt -0.3288636 1.00775
vt -0.3221242 0.8351372
vt -0.3136656 0.7234942
vt -0.3127978 0.834992
vt -0.3270631 0.9112498
vt -0.324801 1.007192
vt -0.3172119 1.072377
vt -0.3192763 0.910885
vt -0.3120747 0.9107705
vt -0.3210833 1.006872
vt -0.317148 1.072369
vt -0.3172796 1.00672
vt -0.317066 1.072365
vt -0.3131645 1.006794
vt -0.3169982 1.072364
vt 2.476671 1.0885
vt 2.460337 1.091246
vt 2.477248 1.180449
vt 2.489666 1.178094
vt 2.492737 1.086424
vt 2.497552 1.257479
vt 2.50288 1.176355
vt 2.508855 1.084959
vt 2.504336 1.255981
vt 2.521178 1.353227
vt 2.515549 1.175344
vt 2.527232 1.084214
vt 2.528005 1.175156
vt 2.510963 1.255071
vt 2.521278 1.35321
vt 2.517599 1.254593
vt 2.521393 1.353198
vt 2.524968 1.254609
vt 2.52149 1.353194
vt -0.2440577 -0.3264493
vt -0.2211685 -0.3301667
vt -0.2428918 -0.4532712
vt -0.2618294 -0.4504242
vt -0.2670972 -0.3234285
vt -0.2627938 -0.5658232
vt -0.2807221 -0.4481919
vt -0.2932646 -0.3212178
vt -0.2772336 -0.5635197
vt -0.287869 -0.6965687
vt -0.2990658 -0.4471144
vt -0.3183153 -0.3205886
vt -0.3185301 -0.4465975
vt -0.291666 -0.5618635
vt -0.2959392 -0.6951482
vt -0.3184865 -0.8455378
vt -0.3061643 -0.5607675
vt -0.3203282 -0.5602847
vt -0.3042736 -0.6941737
vt -0.318646 -0.8455139
vt -0.3125176 -0.6936086
vt -0.3188176 -0.8454974
vt -0.3214817 -0.6934171
vt -0.3189631 -0.8454909
vt 3.529926 1.419522
vt 3.550513 1.415111
vt 3.517959 1.276724
vt 3.503603 1.280086
vt 3.509875 1.422641
vt 3.495853 1.209996
vt 3.489147 1.283255
vt 3.485679 1.425131
vt 3.487878 1.211543
vt 3.461202 1.076282
vt 3.476144 1.285071
vt 3.46314 1.426268
vt 3.461937 1.284678
vt 3.480542 1.213149
vt 3.461074 1.076308
vt 3.47191 1.214586
vt 3.460913 1.076331
vt 3.463722 1.214498
vt 3.460768 1.076342
vt -0.322325 0.7219182
vt -0.3106186 0.7205256
vt -0.3317235 0.5419142
vt -0.3394561 0.5428103
vt -0.3608627 0.3654098
vt -0.3338797 0.7228482
vt -0.347353 0.5436583
vt -0.3610125 0.3654279
vt -0.3473523 0.7235311
vt -0.3549762 0.5441223
vt -0.3611841 0.3654414
vt -0.3611588 0.7238972
vt -0.362685 0.544226
vt -0.3614037 0.3654491
vt -0.3403459 -0.3852914
vt -0.3200135 -0.3857462
vt -0.3326368 -0.536057
vt -0.3474531 -0.5353701
vt -0.3590658 -0.3886295
vt -0.3433847 -0.6904051
vt -0.3600936 -0.5345551
vt -0.376045 -0.3878272
vt -0.3528273 -0.6899276
vt -0.3625035 -0.8451432
vt -0.3743706 -0.5342813
vt -0.3920496 -0.3848523
vt -0.3880978 -0.5347626
vt -0.3628623 -0.6894711
vt -0.3626695 -0.8451326
vt -0.3720152 -0.6893989
vt -0.3628056 -0.8451322
vt -0.3810229 -0.6901441
vt -0.3629525 -0.8451413
vt 1.493732 1.092991
vt 1.485036 1.093086
vt 1.492399 1.212525
vt 1.497203 1.212424
vt 1.502118 1.300885
vt 1.503636 1.092912
vt 1.502271 1.212296
vt 1.502217 1.300879
vt 1.511605 1.092839
vt 1.50708 1.212221
vt 1.502313 1.300879
vt 1.519947 1.093254
vt 1.512269 1.212567
vt 1.502394 1.300884
vt 0.5944343 -0.8471197
vt 0.560565 -0.8399959
vt 0.5928352 -0.688202
vt 0.6188231 -0.6931165
vt 0.6277653 -0.851102
vt 0.6159734 -0.5704952
vt 0.6436094 -0.6960777
vt 0.6639634 -0.8529925
vt 0.6376992 -0.574537
vt 0.6511804 -0.4217619
vt 0.6704133 -0.6976385
vt 0.6987003 -0.8541768
vt 0.6968228 -0.6983463
vt 0.6594208 -0.5780606
vt 0.6628225 -0.4244216
vt 0.6939913 -0.2726156
vt 0.6779823 -0.5798465
vt 0.6969372 -0.5806632
vt 0.674953 -0.4263059
vt 0.6941864 -0.2726561
vt 0.6883942 -0.4270577
vt 0.6943506 -0.2726764
vt 0.7023234 -0.4275632
vt 0.6944766 -0.2726814
vt 1.268514 1.095243
vt 1.256328 1.095007
vt 1.256862 1.157872
vt 1.265206 1.158062
vt 1.280071 1.096014
vt 1.257414 1.218025
vt 1.273642 1.158738
vt 1.291378 1.097242
vt 1.262913 1.218112
vt 1.260437 1.292107
vt 1.283066 1.160026
vt 1.302657 1.09891
vt 1.292092 1.161564
vt 1.268224 1.218411
vt 1.260501 1.292109
vt 1.2733 1.21911
vt 1.260576 1.292118
vt 1.278302 1.220129
vt 1.260662 1.292132
vt 1.245821 1.28994
vt 1.257986 1.290158
vt 1.257464 1.228713
vt 1.248998 1.228582
vt 1.234763 1.289261
vt 1.2564 1.160429
vt 1.240263 1.227946
vt 1.223687 1.288174
vt 1.250915 1.160479
vt 1.250842 1.095089
vt 1.231065 1.227008
vt 1.211959 1.286534
vt 1.222157 1.225642
vt 1.245537 1.16028
vt 1.250784 1.09509
vt 1.240261 1.159683
vt 1.250719 1.095084
vt 1.235002 1.158727
vt 1.250645 1.095073
vt 2.170761 1.327289
vt 2.186246 1.327565
vt 2.185527 1.242956
vt 2.174693 1.242867
vt 2.156721 1.32633
vt 2.182109 1.162449
vt 2.16261 1.242181
vt 2.142972 1.325048
vt 2.17613 1.162626
vt 2.176981 1.087228
vt 2.151688 1.241006
vt 2.129285 1.323357
vt 2.140791 1.239424
vt 2.170403 1.162229
vt 2.176889 1.087227
vt 2.164975 1.161431
vt 2.176802 1.087219
vt 2.15888 1.160205
vt 2.176739 1.087209
vt -0.3632636 0.8655813
vt -0.3570573 0.8654997
vt -0.3623202 0.7841549
vt -0.3657479 0.7842371
vt -0.3692474 0.7239749
vt -0.3703349 0.8656414
vt -0.3693612 0.7843324
vt -0.3693147 0.7239788
vt -0.3760254 0.8656863
vt -0.3727937 0.7843804
vt -0.3693802 0.7239789
vt -0.3819807 0.8653752
vt -0.376498 0.7841218
vt -0.3694358 0.7239755
vt 0.3518422 1.104741
vt 0.3421556 1.102771
vt 0.3428541 1.185021
vt 0.3487691 1.184407
vt 0.348623 1.245566
vt 0.3611541 1.1043
vt 0.3541715 1.185179
vt 0.3486835 1.245567
vt 0.3714446 1.103595
vt 0.3597547 1.186304
vt 0.3487536 1.245573
vt 0.3805242 1.106137
vt 0.3653438 1.186942
vt 0.3488148 1.245584
vt 1.415336 1.09437
vt 1.407088 1.096055
vt 1.41917 1.188194
vt 1.424844 1.187205
vt 1.423175 1.093707
vt 1.430427 1.254074
vt 1.43055 1.186781
vt 1.431455 1.093841
vt 1.433659 1.253563
vt 1.44029 1.29847
vt 1.436636 1.186632
vt 1.441556 1.093435
vt 1.442241 1.186389
vt 1.436546 1.253347
vt 1.440331 1.298464
vt 1.439647 1.253105
vt 1.440383 1.29846
vt 1.442911 1.252946
vt 1.440434 1.298459
vt 1.342809 1.094273
vt 1.335248 1.094773
vt 1.340362 1.181212
vt 1.346183 1.180805
vt 1.350011 1.094223
vt 1.348391 1.248461
vt 1.351901 1.180688
vt 1.357493 1.094224
vt 1.351705 1.248103
vt 1.356226 1.29405
vt 1.358059 1.180598
vt 1.365479 1.094081
vt 1.363685 1.180526
vt 1.354658 1.248027
vt 1.356269 1.294046
vt 1.357831 1.247935
vt 1.356322 1.294044
vt 1.361134 1.247936
vt 1.356373 1.294046
vt 1.329003 1.293211
vt 1.336937 1.293572
vt 1.336232 1.210611
vt 1.330524 1.210458
vt 1.321497 1.293364
vt 1.335165 1.142647
vt 1.3246 1.210234
vt 1.312526 1.293017
vt 1.332095 1.142594
vt 1.331414 1.094388
vt 1.319465 1.210027
vt 1.304294 1.291631
vt 1.314166 1.209476
vt 1.328802 1.142546
vt 1.331358 1.094389
vt 1.325392 1.142403
vt 1.331304 1.094387
vt 1.321801 1.141897
vt 1.331261 1.094381
vt 3.725835 1.453437
vt 3.748403 1.448322
vt 3.720335 1.332904
vt 3.703476 1.336256
vt 3.702905 1.457624
vt 3.690989 1.205245
vt 3.685845 1.338932
vt 3.676172 1.460999
vt 3.680243 1.207532
vt 3.652635 1.074657
vt 3.668717 1.340209
vt 3.650125 1.462056
vt 3.64914 1.340698
vt 3.669648 1.209198
vt 3.652521 1.07468
vt 3.658599 1.210328
vt 3.652392 1.074697
vt 3.647989 1.210587
vt 3.652226 1.074705
vt 1.399077 1.295022
vt 1.408766 1.293639
vt 1.399221 1.230996
vt 1.391142 1.232227
vt 1.38935 1.296145
vt 1.384982 1.16715
vt 1.383069 1.233214
vt 1.378629 1.297118
vt 1.380782 1.16805
vt 1.367535 1.094063
vt 1.374922 1.233836
vt 1.367207 1.297503
vt 1.366668 1.234034
vt 1.376192 1.168698
vt 1.367467 1.094076
vt 1.371739 1.169057
vt 1.3674 1.094083
vt 1.367038 1.169167
vt 1.367318 1.094088
vt 0.1087699 -0.3130893
vt 0.1306326 -0.3140022
vt 0.1242707 -0.4393423
vt 0.106657 -0.4381113
vt 0.08920884 -0.3122536
vt 0.1116073 -0.5747844
vt 0.08609343 -0.4376123
vt 0.07033372 -0.3118016
vt 0.09696436 -0.5728658
vt 0.09132314 -0.6987859
vt 0.06664181 -0.4374852
vt 0.04604125 -0.3115953
vt 0.04679346 -0.4379114
vt 0.08115816 -0.5712826
vt 0.08367372 -0.6975669
vt 0.06730747 -0.8488147
vt 0.06719255 -0.571316
vt 0.05286002 -0.571872
vt 0.07572007 -0.6966653
vt 0.06713915 -0.8487962
vt 0.06772256 -0.6966902
vt 0.06697011 -0.8487865
vt 0.05894375 -0.6971827
vt 0.06683135 -0.8487859
vt 0.5841484 1.102699
vt 0.5736938 1.104753
vt 0.5920132 1.205752
vt 0.5984935 1.204172
vt 0.6135672 1.278937
vt 0.5952175 1.101338
vt 0.6056387 1.20316
vt 0.6136359 1.278924
vt 0.6060952 1.100836
vt 0.6122459 1.202952
vt 0.6137068 1.278918
vt 0.618332 1.100426
vt 0.6192023 1.202883
vt 0.6137917 1.278918
vt -0.3749621 0.8666549
vt -0.3810165 0.8674679
vt -0.3696506 0.9430203
vt -0.3662066 0.9425075
vt -0.35853 0.9987773
vt -0.3695059 0.8662949
vt -0.3630059 0.9423094
vt -0.3584774 0.9987699
vt -0.3628755 0.8658745
vt -0.3596261 0.9420909
vt -0.3584146 0.998765
vt -0.3570566 0.8655286
vt -0.3564076 0.9419245
vt -0.3583529 0.9987634
vt 1.154353 1.096051
vt 1.146568 1.09594
vt 1.152366 1.17755
vt 1.157851 1.177416
vt 1.162594 1.096117
vt 1.156161 1.24314
vt 1.162634 1.177308
vt 1.169665 1.095744
vt 1.159629 1.242858
vt 1.162596 1.290556
vt 1.167537 1.177192
vt 1.177035 1.095869
vt 1.172663 1.177383
vt 1.163023 1.242673
vt 1.162649 1.290553
vt 1.166472 1.242797
vt 1.162692 1.290552
vt 1.169684 1.24316
vt 1.162736 1.290556
vt 0.1461728 -0.8493549
vt 0.126087 -0.8493131
vt 0.128197 -0.7231158
vt 0.1447928 -0.723069
vt 0.1662452 -0.8488173
vt 0.130033 -0.611068
vt 0.1600795 -0.7225214
vt 0.1886177 -0.8473505
vt 0.1424868 -0.6110475
vt 0.1294742 -0.4504624
vt 0.1767218 -0.7212361
vt 0.2097147 -0.844893
vt 0.1925893 -0.719375
vt 0.1540089 -0.6106744
vt 0.1374657 -0.4504682
vt 0.1365085 -0.2975611
vt 0.1656179 -0.6099471
vt 0.1774967 -0.608705
vt 0.1450984 -0.4501493
vt 0.1366673 -0.2975605
vt 0.1536126 -0.4495656
vt 0.1368058 -0.2975527
vt 0.1614938 -0.4487084
vt 0.1369534 -0.2975364
vt 0.6266296 1.101822
vt 0.6183536 1.102914
vt 0.6324806 1.198638
vt 0.6376772 1.197861
vt 0.6509678 1.282614
vt 0.634936 1.100991
vt 0.6431894 1.197208
vt 0.6510437 1.282603
vt 0.6435546 1.100405
vt 0.6483883 1.196838
vt 0.6511226 1.282595
vt 0.6529269 1.100132
vt 0.6537474 1.196746
vt 0.6512206 1.282592
vt 2.454347 1.354452
vt 2.462567 1.35381
vt 2.455305 1.267774
vt 2.448157 1.268297
vt 2.446121 1.354974
vt 2.449461 1.20906
vt 2.441237 1.268749
vt 2.437043 1.355392
vt 2.443931 1.209599
vt 2.439785 1.135148
vt 2.434559 1.268996
vt 2.427999 1.355567
vt 2.427326 1.269109
vt 2.438389 1.209977
vt 2.436635 1.135579
vt 2.430748 1.085033
vt 2.432349 1.210259
vt 2.426766 1.210348
vt 2.433751 1.135827
vt 2.430699 1.085039
vt 2.430802 1.135946
vt 2.430636 1.085043
vt 2.427611 1.135888
vt 2.430583 1.085043
vt 0.08946514 1.120008
vt 0.08972883 1.151077
vt 0.1152022 1.16684
vt 0.1146743 1.104704
vt 0.1404121 1.151536
vt 0.1401482 1.120467
vt 3.003913 1.327937
vt 3.051586 1.307468
vt 3.011505 1.210691
vt 2.969109 1.22707
vt 2.974953 1.12297
vt 2.953266 1.344085
vt 2.946143 1.132216
vt 2.930966 1.235758
vt 2.895861 1.350644
vt 2.91592 1.136022
vt 2.893685 1.238239
vt 2.842571 1.344962
vt 2.88453 1.140257
vt 2.855166 1.238071
vt 2.791641 1.335437
vt 2.855165 1.142843
vt 2.810326 1.232025
vt 2.736824 1.324726
vt 2.825796 1.141005
vt 2.760281 1.220053
vt 2.79637 1.133026
vt 0.08946514 1.120008
vt 0.08972883 1.151077
vt 0.1152022 1.16684
vt 0.1146743 1.104704
vt 0.1404121 1.151536
vt 0.1401482 1.120467
vt 3.003913 1.327937
vt 3.051586 1.307468
vt 3.011505 1.210691
vt 2.969109 1.22707
vt 2.974953 1.12297
vt 2.953266 1.344085
vt 2.946143 1.132216
vt 2.930966 1.235758
vt 2.895861 1.350644
vt 2.91592 1.136022
vt 2.893685 1.238239
vt 2.842571 1.344962
vt 2.88453 1.140257
vt 2.855166 1.238071
vt 2.791641 1.335437
vt 2.855165 1.142843
vt 2.810326 1.232025
vt 2.736824 1.324726
vt 2.825796 1.141005
vt 2.760281 1.220053
vt 2.79637 1.133026
vt 0.5523329 0.3064811
vt 0.4821621 0.2089713
vt 0.2824042 0.470095
vt 0.4261308 0.5726451
vt 0.1815756 0.9529068
vt 1 0
vt 0.7634615 0.5482556
vt 0.7634615 0
vt 1 0.5482556
vt 0.5848902 0.01125
vt 0.2969567 0.01125
vt 0.2837248 0.3992851
vt 0.5295023 0.4920765
vt 0 0.01125
vt 0.2695552 0.8268661
vt 0 0.5108107
vt 0.7044197 0.8488811
vt 0.9966818 0.7395899
vt 0.9554363 0.8254178
vt 0.8345617 0.965687
vt 0.94217 0.6685304
vt 0.4574503 1.042218
vt 0.743439 0.6020393
vt 0.425171 0.962835
vt 0.4096225 0.9245973
vt 0.2837248 0.3992851
vt 0.5295023 0.4920765
vt 0.2695552 0.8268661
vt 0 0.5108107
vt 0.5848902 0.01125
vt 0 0.01125
vt 0.2969567 0.01125
vt 0.7044197 0.8488811
vt 0.9966818 0.7395899
vt 0.9554363 0.8254178
vt 0.8345617 0.965687
vt 0.94217 0.6685304
vt 0.4574503 1.042218
vt 0.743439 0.6020393
vt 0.425171 0.962835
vt 0.4096225 0.9245973
vt 0.7044197 0.8488811
vt 0.9966818 0.7395899
vt 0.9554363 0.8254178
vt 0.8345617 0.965687
vt 0.94217 0.6685304
vt 0.4574503 1.042218
vt 0.743439 0.6020393
vt 0.425171 0.962835
vt 0.4096225 0.9245973
vt 0.7634615 0.2741278
vt 0.8817308 0.2741278
vt 0.7634615 0.5482556
vt 0.7634615 0
vt 0.8817308 0.5482556
vt 0.8817308 0
vt 1 0.5482556
vt 1 0
vt 1 0.2741278
vt 0.7634615 0.2741278
vt 0.8817308 0.2741278
vt 0.7634615 0.5482556
vt 0.7634615 0
vt 0.8817308 0.5482556
vt 0.8817308 0
vt 1 0.5482556
vt 1 0
vt 1 0.2741278
vt 0.7634615 0.2741278
vt 0.8817308 0.2741278
vt 0.7634615 0.5482556
vt 0.7634615 0
vt 0.8817308 0.5482556
vt 0.8817308 0
vt 1 0.5482556
vt 1 0
vt 1 0.2741278
vt 0.7634615 0.2741278
vt 0.8817308 0.2741278
vt 0.7634615 0.5482556
vt 0.7634615 0
vt 0.8817308 0.5482556
vt 0.8817308 0
vt 1 0.5482556
vt 1 0
vt 1 0.2741278
vt 0.7044197 0.8488811
vt 0.9966818 0.7395899
vt 0.9554363 0.8254178
vt 0.8345617 0.965687
vt 0.94217 0.6685304
vt 0.4574503 1.042218
vt 0.743439 0.6020393
vt 0.425171 0.962835
vt 0.4096225 0.9245973
vt 0.7634615 0.2741278
vt 0.7634615 0.5482556
vt 0.8817308 0.2741278
vt 0.7634615 0
vt 0.8817308 0.5482556
vt 0.8817308 0
vt 1 0.5482556
vt 1 0
vt 1 0.2741278
vt 0.2837248 0.3992851
vt 0.5295023 0.4920765
vt 0.2695552 0.8268661
vt 0 0.5108107
vt 0.5848902 0.01125
vt 0 0.01125
vt 0.2969567 0.01125
vt 0.2837248 0.3992851
vt 0.2695552 0.8268661
vt 0.5295023 0.4920765
vt 0 0.5108107
vt 0.5848902 0.01125
vt 0 0.01125
vt 0.2969567 0.01125
vt 0.7634615 0.2741278
vt 0.8817308 0.2741278
vt 0.7634615 0.5482556
vt 0.7634615 0
vt 0.8817308 0.5482556
vt 0.8817308 0
vt 1 0.5482556
vt 1 0
vt 1 0.2741278
vt 0.7044197 0.8488811
vt 0.9966818 0.7395899
vt 0.9554363 0.8254178
vt 0.8345617 0.965687
vt 0.94217 0.6685304
vt 0.4574503 1.042218
vt 0.743439 0.6020393
vt 0.425171 0.962835
vt 0.4096225 0.9245973
vt 0.7634615 0.2741278
vt 0.7634615 0.5482556
vt 0.8817308 0.2741278
vt 0.7634615 0
vt 0.8817308 0.5482556
vt 0.8817308 0
vt 1 0.5482556
vt 1 0
vt 1 0.2741278
vt 0.7044197 0.8488811
vt 0.9554363 0.8254178
vt 0.9966818 0.7395899
vt 0.8345617 0.965687
vt 0.94217 0.6685304
vt 0.4574503 1.042218
vt 0.743439 0.6020393
vt 0.425171 0.962835
vt 0.4096225 0.9245973
usemtl M_PineBark
f 1/1/1 3/3/3 2/2/2
f 4/4/4 6/6/6 5/5/5
f 7/7/7 9/9/9 8/8/8
f 10/10/10 12/12/12 11/11/11
f 13/13/13 15/15/15 14/14/14
f 14/14/14 17/17/17 16/16/16
f 16/16/16 19/19/19 18/18/18
f 18/18/18 21/21/21 20/20/20
f 22/22/22 24/24/24 23/23/23
f 23/23/23 26/26/26 25/25/25
f 25/25/25 28/28/28 27/27/27
f 27/27/27 30/30/30 29/29/29
f 31/31/31 33/33/33 32/32/32
f 34/34/34 36/36/36 35/35/35
f 37/37/37 39/39/39 38/38/38
f 40/40/40 42/42/42 41/41/41
f 43/43/43 45/45/45 44/44/44
f 46/46/46 48/48/48 47/47/47
f 49/49/49 51/51/51 50/50/50
f 52/52/52 54/54/54 53/53/53
f 55/55/55 57/57/57 56/56/56
f 58/58/58 60/60/60 59/59/59
f 61/61/61 63/63/63 62/62/62
f 64/64/64 66/66/66 65/65/65
f 67/67/67 69/69/69 68/68/68
f 70/70/70 72/72/72 71/71/71
f 71/71/71 74/74/74 73/73/73
f 73/73/73 76/76/76 75/75/75
f 75/75/75 78/78/78 77/77/77
f 79/79/79 81/81/81 80/80/80
f 80/80/80 83/83/83 82/82/82
f 82/82/82 85/85/85 84/84/84
f 84/84/84 87/87/87 86/86/86
f 88/88/88 90/90/90 89/89/89
f 88/88/88 91/91/91 90/90/90
f 92/92/92 91/91/91 88/88/88
f 91/91/91 93/93/93 90/90/90
f 92/92/92 94/94/94 91/91/91
f 95/95/95 94/94/94 92/92/92
f 91/91/91 96/96/96 93/93/93
f 94/94/94 96/96/96 91/91/91
f 96/96/96 97/97/97 93/93/93
f 95/95/95 98/98/98 94/94/94
f 99/99/99 98/98/98 95/95/95
f 94/94/94 100/100/100 96/96/96
f 98/98/98 100/100/100 94/94/94
f 96/96/96 101/101/101 97/97/97
f 100/100/100 101/101/101 96/96/96
f 101/101/101 102/102/102 97/97/97
f 99/99/99 103/103/103 98/98/98
f 104/104/104 103/103/103 99/99/99
f 98/98/98 105/105/105 100/100/100
f 103/103/103 105/105/105 98/98/98
f 100/100/100 106/106/106 101/101/101
f 105/105/105 106/106/106 100/100/100
f 101/101/101 107/107/107 102/102/102
f 106/106/106 107/107/107 101/101/101
f 107/107/107 108/108/108 102/102/102
f 104/104/104 109/109/109 103/103/103
f 110/110/110 109/109/109 104/104/104
f 103/103/103 111/111/111 105/105/105
f 109/109/109 111/111/111 103/103/103
f 105/105/105 112/112/112 106/106/106
f 111/111/111 112/112/112 105/105/105
f 106/106/106 113/113/113 107/107/107
f 112/112/112 113/113/113 106/106/106
f 107/107/107 114/114/114 108/108/108
f 113/113/113 114/114/114 107/107/107
f 114/114/114 115/115/115 108/108/108
f 110/110/110 116/116/116 109/109/109
f 117/117/117 116/116/116 110/110/110
f 109/109/109 118/118/118 111/111/111
f 116/116/116 118/118/118 109/109/109
f 111/111/111 119/119/119 112/112/112
f 118/118/118 119/119/119 111/111/111
f 112/112/112 120/120/120 113/113/113
f 119/119/119 120/120/120 112/112/112
f 113/113/113 121/121/121 114/114/114
f 120/120/120 121/121/121 113/113/113
f 114/114/114 122/122/122 115/115/115
f 121/121/121 122/122/122 114/114/114
f 122/122/122 123/123/123 115/115/115
f 117/117/117 124/124/124 116/116/116
f 125/125/125 124/124/124 117/117/117
f 125/125/125 126/126/126 124/124/124
f 116/116/116 127/127/127 118/118/118
f 124/124/124 127/127/127 116/116/116
f 126/126/126 128/128/128 124/124/124
f 124/124/124 128/128/128 127/127/127
f 126/126/126 129/129/129 128/128/128
f 122/122/122 130/130/130 123/123/123
f 130/130/130 131/131/131 123/123/123
f 121/121/121 132/132/132 122/122/122
f 132/132/132 130/130/130 122/122/122
f 127/127/127 133/133/133 118/118/118
f 118/118/118 133/133/133 119/119/119
f 129/129/129 134/134/134 128/128/128
f 129/129/129 135/135/135 134/134/134
f 128/128/128 136/136/136 127/127/127
f 127/127/127 136/136/136 133/133/133
f 128/128/128 134/134/134 136/136/136
f 130/130/130 137/137/137 131/131/131
f 137/137/137 138/138/138 131/131/131
f 133/133/133 139/139/139 119/119/119
f 119/119/119 139/139/139 120/120/120
f 135/135/135 140/140/140 134/134/134
f 135/135/135 141/141/141 140/140/140
f 136/136/136 142/142/142 133/133/133
f 133/133/133 142/142/142 139/139/139
f 134/134/134 143/143/143 136/136/136
f 134/134/134 140/140/140 143/143/143
f 136/136/136 143/143/143 142/142/142
f 139/139/139 144/144/144 120/120/120
f 120/120/120 144/144/144 121/121/121
f 144/144/144 132/132/132 121/121/121
f 141/141/141 145/145/145 140/140/140
f 141/141/141 146/146/146 145/145/145
f 142/142/142 147/147/147 139/139/139
f 139/139/139 147/147/147 144/144/144
f 143/143/143 148/148/148 142/142/142
f 142/142/142 148/148/148 147/147/147
f 140/140/140 149/149/149 143/143/143
f 140/140/140 145/145/145 149/149/149
f 143/143/143 149/149/149 148/148/148
f 144/144/144 150/150/150 132/132/132
f 147/147/147 150/150/150 144/144/144
f 146/146/146 151/151/151 145/145/145
f 146/146/146 152/152/152 151/151/151
f 148/148/148 153/153/153 147/147/147
f 147/147/147 153/153/153 150/150/150
f 149/149/149 154/154/154 148/148/148
f 148/148/148 154/154/154 153/153/153
f 145/145/145 155/155/155 149/149/149
f 145/145/145 151/151/151 155/155/155
f 149/149/149 155/155/155 154/154/154
f 150/150/150 156/156/156 132/132/132
f 132/132/132 156/156/156 130/130/130
f 156/156/156 137/137/137 130/130/130
f 152/152/152 157/157/157 151/151/151
f 152/152/152 158/158/158 157/157/157
f 153/153/153 159/159/159 150/150/150
f 150/150/150 159/159/159 156/156/156
f 154/154/154 160/160/160 153/153/153
f 153/153/153 160/160/160 159/159/159
f 155/155/155 161/161/161 154/154/154
f 154/154/154 161/161/161 160/160/160
f 151/151/151 162/162/162 155/155/155
f 151/151/151 157/157/157 162/162/162
f 155/155/155 162/162/162 161/161/161
f 156/156/156 163/163/163 137/137/137
f 159/159/159 163/163/163 156/156/156
f 158/158/158 164/164/164 157/157/157
f 158/158/158 165/165/165 164/164/164
f 160/160/160 166/166/166 159/159/159
f 159/159/159 166/166/166 163/163/163
f 161/161/161 167/167/167 160/160/160
f 160/160/160 167/167/167 166/166/166
f 162/162/162 168/168/168 161/161/161
f 161/161/161 168/168/168 167/167/167
f 157/157/157 169/169/169 162/162/162
f 157/157/157 164/164/164 169/169/169
f 162/162/162 169/169/169 168/168/168
f 163/163/163 170/170/170 137/137/137
f 137/137/137 170/170/170 138/138/138
f 170/170/170 171/171/171 138/138/138
f 165/165/165 172/172/172 164/164/164
f 165/165/165 173/173/173 172/172/172
f 166/166/166 174/174/174 163/163/163
f 163/163/163 174/174/174 170/170/170
f 170/170/170 175/175/175 171/171/171
f 174/174/174 175/175/175 170/170/170
f 175/175/175 176/176/176 171/171/171
f 164/164/164 177/177/177 169/169/169
f 164/164/164 172/172/172 177/177/177
f 169/169/169 178/178/178 168/168/168
f 169/169/169 177/177/177 178/178/178
f 173/173/173 179/179/179 172/172/172
f 173/173/173 180/180/180 179/179/179
f 166/166/166 181/181/181 174/174/174
f 167/167/167 181/181/181 166/166/166
f 168/168/168 182/182/182 167/167/167
f 168/168/168 178/178/178 182/182/182
f 167/167/167 182/182/182 181/181/181
f 172/172/172 183/183/183 177/177/177
f 172/172/172 179/179/179 183/183/183
f 180/180/180 184/184/184 179/179/179
f 180/180/180 185/185/185 184/184/184
f 185/185/185 186/186/186 184/184/184
f 179/179/179 184/184/184 187/187/187
f 179/179/179 187/187/187 183/183/183
f 184/184/184 188/188/188 187/187/187
f 177/177/177 189/189/189 178/178/178
f 177/177/177 183/183/183 189/189/189
f 183/183/183 187/187/187 190/190/190
f 183/183/183 190/190/190 189/189/189
f 187/187/187 191/191/191 190/190/190
f 178/178/178 192/192/192 182/182/182
f 178/178/178 189/189/189 192/192/192
f 189/189/189 190/190/190 193/193/193
f 189/189/189 193/193/193 192/192/192
f 190/190/190 194/194/194 193/193/193
f 182/182/182 192/192/192 195/195/195
f 182/182/182 195/195/195 181/181/181
f 192/192/192 193/193/193 196/196/196
f 192/192/192 196/196/196 195/195/195
f 193/193/193 197/197/197 196/196/196
f 181/181/181 195/195/195 198/198/198
f 181/181/181 198/198/198 174/174/174
f 174/174/174 198/198/198 175/175/175
f 195/195/195 196/196/196 199/199/199
f 195/195/195 199/199/199 198/198/198
f 196/196/196 200/200/200 199/199/199
f 198/198/198 201/201/201 175/175/175
f 198/198/198 199/199/199 201/201/201
f 199/199/199 202/202/202 201/201/201
f 175/175/175 201/201/201 176/176/176
f 201/201/201 203/203/203 176/176/176
f 204/204/204 206/206/206 205/205/205
f 204/204/204 207/207/207 206/206/206
f 208/208/208 207/207/207 204/204/204
f 207/207/207 209/209/209 206/206/206
f 208/208/208 210/210/210 207/207/207
f 211/211/211 210/210/210 208/208/208
f 207/207/207 212/212/212 209/209/209
f 210/210/210 212/212/212 207/207/207
f 212/212/212 213/213/213 209/209/209
f 211/211/211 214/214/214 210/210/210
f 215/215/215 214/214/214 211/211/211
f 215/215/215 216/216/216 214/214/214
f 210/210/210 217/217/217 212/212/212
f 214/214/214 217/217/217 210/210/210
f 217/217/217 218/218/218 212/212/212
f 216/216/216 219/219/219 214/214/214
f 214/214/214 219/219/219 217/217/217
f 219/219/219 220/220/220 217/217/217
f 216/216/216 221/221/221 219/219/219
f 221/221/221 222/222/222 219/219/219
f 223/223/223 225/225/225 224/224/224
f 223/223/223 226/226/226 225/225/225
f 227/227/227 226/226/226 223/223/223
f 226/226/226 228/228/228 225/225/225
f 227/227/227 229/229/229 226/226/226
f 230/230/230 229/229/229 227/227/227
f 226/226/226 231/231/231 228/228/228
f 229/229/229 231/231/231 226/226/226
f 231/231/231 232/232/232 228/228/228
f 230/230/230 233/233/233 229/229/229
f 234/234/234 233/233/233 230/230/230
f 234/234/234 235/235/235 233/233/233
f 229/229/229 236/236/236 231/231/231
f 233/233/233 236/236/236 229/229/229
f 231/231/231 237/237/237 232/232/232
f 236/236/236 237/237/237 231/231/231
f 237/237/237 238/238/238 232/232/232
f 235/235/235 239/239/239 233/233/233
f 233/233/233 239/239/239 236/236/236
f 235/235/235 240/240/240 239/239/239
f 236/236/236 241/241/241 237/237/237
f 239/239/239 241/241/241 236/236/236
f 241/241/241 242/242/242 237/237/237
f 240/240/240 243/243/243 239/239/239
f 239/239/239 243/243/243 241/241/241
f 243/243/243 244/244/244 241/241/241
f 240/240/240 245/245/245 243/243/243
f 245/245/245 246/246/246 243/243/243
f 247/247/247 249/249/249 248/248/248
f 247/247/247 250/250/250 249/249/249
f 251/251/251 250/250/250 247/247/247
f 250/250/250 252/252/252 249/249/249
f 251/251/251 253/253/253 250/250/250
f 254/254/254 253/253/253 251/251/251
f 250/250/250 255/255/255 252/252/252
f 253/253/253 255/255/255 250/250/250
f 255/255/255 256/256/256 252/252/252
f 254/254/254 257/257/257 253/253/253
f 258/258/258 257/257/257 254/254/254
f 253/253/253 259/259/259 255/255/255
f 257/257/257 259/259/259 253/253/253
f 255/255/255 260/260/260 256/256/256
f 259/259/259 260/260/260 255/255/255
f 260/260/260 261/261/261 256/256/256
f 258/258/258 262/262/262 257/257/257
f 263/263/263 262/262/262 258/258/258
f 257/257/257 264/264/264 259/259/259
f 262/262/262 264/264/264 257/257/257
f 259/259/259 265/265/265 260/260/260
f 264/264/264 265/265/265 259/259/259
f 260/260/260 266/266/266 261/261/261
f 265/265/265 266/266/266 260/260/260
f 266/266/266 267/267/267 261/261/261
f 263/263/263 268/268/268 262/262/262
f 269/269/269 268/268/268 263/263/263
f 269/269/269 270/270/270 268/268/268
f 262/262/262 271/271/271 264/264/264
f 268/268/268 271/271/271 262/262/262
f 270/270/270 272/272/272 268/268/268
f 268/268/268 272/272/272 271/271/271
f 270/270/270 273/273/273 272/272/272
f 264/264/264 274/274/274 265/265/265
f 271/271/271 274/274/274 264/264/264
f 265/265/265 275/275/275 266/266/266
f 274/274/274 275/275/275 265/265/265
f 275/275/275 276/276/276 266/266/266
f 272/272/272 277/277/277 271/271/271
f 271/271/271 277/277/277 274/274/274
f 273/273/273 278/278/278 272/272/272
f 272/272/272 278/278/278 277/277/277
f 273/273/273 279/279/279 278/278/278
f 274/274/274 280/280/280 275/275/275
f 277/277/277 280/280/280 274/274/274
f 280/280/280 281/281/281 275/275/275
f 277/277/277 282/282/282 280/280/280
f 278/278/278 282/282/282 277/277/277
f 282/282/282 283/283/283 280/280/280
f 279/279/279 284/284/284 278/278/278
f 278/278/278 284/284/284 282/282/282
f 284/284/284 285/285/285 282/282/282
f 279/279/279 286/286/286 284/284/284
f 286/286/286 287/287/287 284/284/284
f 288/288/288 290/290/290 289/289/289
f 288/288/288 291/291/291 290/290/290
f 292/292/292 291/291/291 288/288/288
f 291/291/291 293/293/293 290/290/290
f 292/292/292 294/294/294 291/291/291
f 295/295/295 294/294/294 292/292/292
f 291/291/291 296/296/296 293/293/293
f 294/294/294 296/296/296 291/291/291
f 296/296/296 297/297/297 293/293/293
f 295/295/295 298/298/298 294/294/294
f 299/299/299 298/298/298 295/295/295
f 294/294/294 300/300/300 296/296/296
f 298/298/298 300/300/300 294/294/294
f 296/296/296 301/301/301 297/297/297
f 300/300/300 301/301/301 296/296/296
f 301/301/301 302/302/302 297/297/297
f 299/299/299 303/303/303 298/298/298
f 304/304/304 303/303/303 299/299/299
f 298/298/298 305/305/305 300/300/300
f 303/303/303 305/305/305 298/298/298
f 300/300/300 306/306/306 301/301/301
f 305/305/305 306/306/306 300/300/300
f 301/301/301 307/307/307 302/302/302
f 306/306/306 307/307/307 301/301/301
f 307/307/307 308/308/308 302/302/302
f 304/304/304 309/309/309 303/303/303
f 310/310/310 309/309/309 304/304/304
f 310/310/310 311/311/311 309/309/309
f 303/303/303 312/312/312 305/305/305
f 309/309/309 312/312/312 303/303/303
f 311/311/311 313/313/313 309/309/309
f 309/309/309 313/313/313 312/312/312
f 311/311/311 314/314/314 313/313/313
f 305/305/305 315/315/315 306/306/306
f 312/312/312 315/315/315 305/305/305
f 306/306/306 316/316/316 307/307/307
f 315/315/315 316/316/316 306/306/306
f 307/307/307 317/317/317 308/308/308
f 316/316/316 317/317/317 307/307/307
f 317/317/317 318/318/318 308/308/308
f 313/313/313 319/319/319 312/312/312
f 312/312/312 319/319/319 315/315/315
f 314/314/314 320/320/320 313/313/313
f 313/313/313 320/320/320 319/319/319
f 314/314/314 321/321/321 320/320/320
f 315/315/315 322/322/322 316/316/316
f 319/319/319 322/322/322 315/315/315
f 316/316/316 323/323/323 317/317/317
f 322/322/322 323/323/323 316/316/316
f 323/323/323 324/324/324 317/317/317
f 320/320/320 325/325/325 319/319/319
f 319/319/319 325/325/325 322/322/322
f 321/321/321 326/326/326 320/320/320
f 320/320/320 326/326/326 325/325/325
f 321/321/321 327/327/327 326/326/326
f 322/322/322 328/328/328 323/323/323
f 325/325/325 328/328/328 322/322/322
f 328/328/328 329/329/329 323/323/323
f 325/325/325 330/330/330 328/328/328
f 326/326/326 330/330/330 325/325/325
f 330/330/330 331/331/331 328/328/328
f 327/327/327 332/332/332 326/326/326
f 326/326/326 332/332/332 330/330/330
f 332/332/332 333/333/333 330/330/330
f 327/327/327 334/334/334 332/332/332
f 334/334/334 335/335/335 332/332/332
f 336/336/336 338/338/338 337/337/337
f 336/336/336 339/339/339 338/338/338
f 340/340/340 339/339/339 336/336/336
f 339/339/339 341/341/341 338/338/338
f 340/340/340 342/342/342 339/339/339
f 343/343/343 342/342/342 340/340/340
f 339/339/339 344/344/344 341/341/341
f 342/342/342 344/344/344 339/339/339
f 344/344/344 345/345/345 341/341/341
f 343/343/343 346/346/346 342/342/342
f 347/347/347 346/346/346 343/343/343
f 342/342/342 348/348/348 344/344/344
f 346/346/346 348/348/348 342/342/342
f 344/344/344 349/349/349 345/345/345
f 348/348/348 349/349/349 344/344/344
f 349/349/349 350/350/350 345/345/345
f 347/347/347 351/351/351 346/346/346
f 352/352/352 351/351/351 347/347/347
f 346/346/346 353/353/353 348/348/348
f 351/351/351 353/353/353 346/346/346
f 348/348/348 354/354/354 349/349/349
f 353/353/353 354/354/354 348/348/348
f 354/354/354 355/355/355 349/349/349
f 352/352/352 356/356/356 351/351/351
f 357/357/357 356/356/356 352/352/352
f 357/357/357 358/358/358 356/356/356
f 351/351/351 359/359/359 353/353/353
f 356/356/356 359/359/359 351/351/351
f 353/353/353 360/360/360 354/354/354
f 359/359/359 360/360/360 353/353/353
f 360/360/360 361/361/361 354/354/354
f 358/358/358 362/362/362 356/356/356
f 356/356/356 362/362/362 359/359/359
f 358/358/358 363/363/363 362/362/362
f 359/359/359 364/364/364 360/360/360
f 362/362/362 364/364/364 359/359/359
f 364/364/364 365/365/365 360/360/360
f 363/363/363 366/366/366 362/362/362
f 362/362/362 366/366/366 364/364/364
f 366/366/366 367/367/367 364/364/364
f 363/363/363 368/368/368 366/366/366
f 368/368/368 369/369/369 366/366/366
f 370/370/370 372/372/372 371/371/371
f 370/370/370 373/373/373 372/372/372
f 374/374/374 373/373/373 370/370/370
f 373/373/373 375/375/375 372/372/372
f 374/374/374 376/376/376 373/373/373
f 377/377/377 376/376/376 374/374/374
f 373/373/373 378/378/378 375/375/375
f 376/376/376 378/378/378 373/373/373
f 378/378/378 379/379/379 375/375/375
f 377/377/377 380/380/380 376/376/376
f 381/381/381 380/380/380 377/377/377
f 376/376/376 382/382/382 378/378/378
f 380/380/380 382/382/382 376/376/376
f 378/378/378 383/383/383 379/379/379
f 382/382/382 383/383/383 378/378/378
f 383/383/383 384/384/384 379/379/379
f 381/381/381 385/385/385 380/380/380
f 386/386/386 385/385/385 381/381/381
f 380/380/380 387/387/387 382/382/382
f 385/385/385 387/387/387 380/380/380
f 382/382/382 388/388/388 383/383/383
f 387/387/387 388/388/388 382/382/382
f 383/383/383 389/389/389 384/384/384
f 388/388/388 389/389/389 383/383/383
f 389/389/389 390/390/390 384/384/384
f 386/386/386 391/391/391 385/385/385
f 392/392/392 391/391/391 386/386/386
f 392/392/392 393/393/393 391/391/391
f 385/385/385 394/394/394 387/387/387
f 391/391/391 394/394/394 385/385/385
f 393/393/393 395/395/395 391/391/391
f 391/391/391 395/395/395 394/394/394
f 393/393/393 396/396/396 395/395/395
f 387/387/387 397/397/397 388/388/388
f 394/394/394 397/397/397 387/387/387
f 388/388/388 398/398/398 389/389/389
f 397/397/397 398/398/398 388/388/388
f 389/389/389 399/399/399 390/390/390
f 398/398/398 399/399/399 389/389/389
f 399/399/399 400/400/400 390/390/390
f 396/396/396 401/401/401 395/395/395
f 396/396/396 402/402/402 401/401/401
f 395/395/395 403/403/403 394/394/394
f 394/394/394 403/403/403 397/397/397
f 395/395/395 401/401/401 403/403/403
f 397/397/397 404/404/404 398/398/398
f 403/403/403 404/404/404 397/397/397
f 398/398/398 405/405/405 399/399/399
f 404/404/404 405/405/405 398/398/398
f 405/405/405 406/406/406 399/399/399
f 402/402/402 407/407/407 401/401/401
f 402/402/402 408/408/408 407/407/407
f 401/401/401 409/409/409 403/403/403
f 403/403/403 409/409/409 404/404/404
f 401/401/401 407/407/407 409/409/409
f 404/404/404 410/410/410 405/405/405
f 409/409/409 410/410/410 404/404/404
f 410/410/410 411/411/411 405/405/405
f 409/409/409 412/412/412 410/410/410
f 407/407/407 412/412/412 409/409/409
f 412/412/412 413/413/413 410/410/410
f 408/408/408 414/414/414 407/407/407
f 407/407/407 414/414/414 412/412/412
f 414/414/414 415/415/415 412/412/412
f 408/408/408 416/416/416 414/414/414
f 416/416/416 417/417/417 414/414/414
f 418/418/418 420/420/420 419/419/419
f 418/418/418 421/421/421 420/420/420
f 422/422/422 421/421/421 418/418/418
f 421/421/421 423/423/423 420/420/420
f 422/422/422 424/424/424 421/421/421
f 425/425/425 424/424/424 422/422/422
f 421/421/421 426/426/426 423/423/423
f 424/424/424 426/426/426 421/421/421
f 426/426/426 427/427/427 423/423/423
f 425/425/425 428/428/428 424/424/424
f 429/429/429 428/428/428 425/425/425
f 424/424/424 430/430/430 426/426/426
f 428/428/428 430/430/430 424/424/424
f 426/426/426 431/431/431 427/427/427
f 430/430/430 431/431/431 426/426/426
f 431/431/431 432/432/432 427/427/427
f 429/429/429 433/433/433 428/428/428
f 434/434/434 433/433/433 429/429/429
f 428/428/428 435/435/435 430/430/430
f 433/433/433 435/435/435 428/428/428
f 430/430/430 436/436/436 431/431/431
f 435/435/435 436/436/436 430/430/430
f 431/431/431 437/437/437 432/432/432
f 436/436/436 437/437/437 431/431/431
f 437/437/437 438/438/438 432/432/432
f 434/434/434 439/439/439 433/433/433
f 440/440/440 439/439/439 434/434/434
f 440/440/440 441/441/441 439/439/439
f 433/433/433 442/442/442 435/435/435
f 439/439/439 442/442/442 433/433/433
f 441/441/441 443/443/443 439/439/439
f 439/439/439 443/443/443 442/442/442
f 441/441/441 444/444/444 443/443/443
f 435/435/435 445/445/445 436/436/436
f 442/442/442 445/445/445 435/435/435
f 436/436/436 446/446/446 437/437/437
f 445/445/445 446/446/446 436/436/436
f 446/446/446 447/447/447 437/437/437
f 443/443/443 448/448/448 442/442/442
f 442/442/442 448/448/448 445/445/445
f 444/444/444 449/449/449 443/443/443
f 443/443/443 449/449/449 448/448/448
f 444/444/444 450/450/450 449/449/449
f 445/445/445 451/451/451 446/446/446
f 448/448/448 451/451/451 445/445/445
f 451/451/451 452/452/452 446/446/446
f 448/448/448 453/453/453 451/451/451
f 449/449/449 453/453/453 448/448/448
f 453/453/453 454/454/454 451/451/451
f 450/450/450 455/455/455 449/449/449
f 449/449/449 455/455/455 453/453/453
f 455/455/455 456/456/456 453/453/453
f 450/450/450 457/457/457 455/455/455
f 457/457/457 458/458/458 455/455/455
f 459/459/459 461/461/461 460/460/460
f 459/459/459 462/462/462 461/461/461
f 463/463/463 462/462/462 459/459/459
f 462/462/462 464/464/464 461/461/461
f 463/463/463 465/465/465 462/462/462
f 466/466/466 465/465/465 463/463/463
f 462/462/462 467/467/467 464/464/464
f 465/465/465 467/467/467 462/462/462
f 467/467/467 468/468/468 464/464/464
f 466/466/466 469/469/469 465/465/465
f 470/470/470 469/469/469 466/466/466
f 465/465/465 471/471/471 467/467/467
f 469/469/469 471/471/471 465/465/465
f 471/471/471 472/472/472 467/467/467
f 470/470/470 473/473/473 469/469/469
f 474/474/474 473/473/473 470/470/470
f 469/469/469 475/475/475 471/471/471
f 473/473/473 475/475/475 469/469/469
f 475/475/475 476/476/476 471/471/471
f 474/474/474 477/477/477 473/473/473
f 478/478/478 477/477/477 474/474/474
f 478/478/478 479/479/479 477/477/477
f 473/473/473 480/480/480 475/475/475
f 477/477/477 480/480/480 473/473/473
f 480/480/480 481/481/481 475/475/475
f 479/479/479 482/482/482 477/477/477
f 477/477/477 482/482/482 480/480/480
f 482/482/482 483/483/483 480/480/480
f 479/479/479 484/484/484 482/482/482
f 484/484/484 485/485/485 482/482/482
f 486/486/486 488/488/488 487/487/487
f 486/486/486 489/489/489 488/488/488
f 490/490/490 489/489/489 486/486/486
f 489/489/489 491/491/491 488/488/488
f 490/490/490 492/492/492 489/489/489
f 493/493/493 492/492/492 490/490/490
f 489/489/489 494/494/494 491/491/491
f 492/492/492 494/494/494 489/489/489
f 494/494/494 495/495/495 491/491/491
f 493/493/493 496/496/496 492/492/492
f 497/497/497 496/496/496 493/493/493
f 492/492/492 498/498/498 494/494/494
f 496/496/496 498/498/498 492/492/492
f 494/494/494 499/499/499 495/495/495
f 498/498/498 499/499/499 494/494/494
f 499/499/499 500/500/500 495/495/495
f 497/497/497 501/501/501 496/496/496
f 502/502/502 501/501/501 497/497/497
f 496/496/496 503/503/503 498/498/498
f 501/501/501 503/503/503 496/496/496
f 498/498/498 504/504/504 499/499/499
f 503/503/503 504/504/504 498/498/498
f 499/499/499 505/505/505 500/500/500
f 504/504/504 505/505/505 499/499/499
f 505/505/505 506/506/506 500/500/500
f 502/502/502 507/507/507 501/501/501
f 508/508/508 507/507/507 502/502/502
f 508/508/508 509/509/509 507/507/507
f 501/501/501 510/510/510 503/503/503
f 507/507/507 510/510/510 501/501/501
f 509/509/509 511/511/511 507/507/507
f 507/507/507 511/511/511 510/510/510
f 509/509/509 512/512/512 511/511/511
f 503/503/503 513/513/513 504/504/504
f 510/510/510 513/513/513 503/503/503
f 504/504/504 514/514/514 505/505/505
f 513/513/513 514/514/514 504/504/504
f 514/514/514 515/515/515 505/505/505
f 511/511/511 516/516/516 510/510/510
f 510/510/510 516/516/516 513/513/513
f 512/512/512 517/517/517 511/511/511
f 511/511/511 517/517/517 516/516/516
f 512/512/512 518/518/518 517/517/517
f 513/513/513 519/519/519 514/514/514
f 516/516/516 519/519/519 513/513/513
f 519/519/519 520/520/520 514/514/514
f 516/516/516 521/521/521 519/519/519
f 517/517/517 521/521/521 516/516/516
f 521/521/521 522/522/522 519/519/519
f 518/518/518 523/523/523 517/517/517
f 517/517/517 523/523/523 521/521/521
f 523/523/523 524/524/524 521/521/521
f 518/518/518 525/525/525 523/523/523
f 525/525/525 526/526/526 523/523/523
f 527/527/527 529/529/529 528/528/528
f 527/527/527 530/530/530 529/529/529
f 531/531/531 530/530/530 527/527/527
f 530/530/530 532/532/532 529/529/529
f 531/531/531 533/533/533 530/530/530
f 534/534/534 533/533/533 531/531/531
f 530/530/530 535/535/535 532/532/532
f 533/533/533 535/535/535 530/530/530
f 535/535/535 536/536/536 532/532/532
f 534/534/534 537/537/537 533/533/533
f 538/538/538 537/537/537 534/534/534
f 533/533/533 539/539/539 535/535/535
f 537/537/537 539/539/539 533/533/533
f 535/535/535 540/540/540 536/536/536
f 539/539/539 540/540/540 535/535/535
f 540/540/540 541/541/541 536/536/536
f 538/538/538 542/542/542 537/537/537
f 543/543/543 542/542/542 538/538/538
f 537/537/537 544/544/544 539/539/539
f 542/542/542 544/544/544 537/537/537
f 539/539/539 545/545/545 540/540/540
f 544/544/544 545/545/545 539/539/539
f 545/545/545 546/546/546 540/540/540
f 543/543/543 547/547/547 542/542/542
f 548/548/548 547/547/547 543/543/543
f 548/548/548 549/549/549 547/547/547
f 542/542/542 550/550/550 544/544/544
f 547/547/547 550/550/550 542/542/542
f 544/544/544 551/551/551 545/545/545
f 550/550/550 551/551/551 544/544/544
f 551/551/551 552/552/552 545/545/545
f 549/549/549 553/553/553 547/547/547
f 547/547/547 553/553/553 550/550/550
f 549/549/549 554/554/554 553/553/553
f 550/550/550 555/555/555 551/551/551
f 553/553/553 555/555/555 550/550/550
f 555/555/555 556/556/556 551/551/551
f 554/554/554 557/557/557 553/553/553
f 553/553/553 557/557/557 555/555/555
f 557/557/557 558/558/558 555/555/555
f 554/554/554 559/559/559 557/557/557
f 559/559/559 560/560/560 557/557/557
f 561/561/561 563/563/563 562/562/562
f 561/561/561 564/564/564 563/563/563
f 565/565/565 564/564/564 561/561/561
f 564/564/564 566/566/566 563/563/563
f 565/565/565 567/567/567 564/564/564
f 568/568/568 567/567/567 565/565/565
f 564/564/564 569/569/569 566/566/566
f 567/567/567 569/569/569 564/564/564
f 569/569/569 570/570/570 566/566/566
f 568/568/568 571/571/571 567/567/567
f 572/572/572 571/571/571 568/568/568
f 567/567/567 573/573/573 569/569/569
f 571/571/571 573/573/573 567/567/567
f 573/573/573 574/574/574 569/569/569
f 572/572/572 575/575/575 571/571/571
f 576/576/576 575/575/575 572/572/572
f 571/571/571 577/577/577 573/573/573
f 575/575/575 577/577/577 571/571/571
f 577/577/577 578/578/578 573/573/573
f 576/576/576 579/579/579 575/575/575
f 580/580/580 579/579/579 576/576/576
f 580/580/580 581/581/581 579/579/579
f 575/575/575 582/582/582 577/577/577
f 579/579/579 582/582/582 575/575/575
f 582/582/582 583/583/583 577/577/577
f 581/581/581 584/584/584 579/579/579
f 579/579/579 584/584/584 582/582/582
f 584/584/584 585/585/585 582/582/582
f 581/581/581 586/586/586 584/584/584
f 586/586/586 587/587/587 584/584/584
f 588/588/588 590/590/590 589/589/589
f 588/588/588 591/591/591 590/590/590
f 592/592/592 591/591/591 588/588/588
f 591/591/591 593/593/593 590/590/590
f 592/592/592 594/594/594 591/591/591
f 595/595/595 594/594/594 592/592/592
f 591/591/591 596/596/596 593/593/593
f 594/594/594 596/596/596 591/591/591
f 596/596/596 597/597/597 593/593/593
f 595/595/595 598/598/598 594/594/594
f 599/599/599 598/598/598 595/595/595
f 594/594/594 600/600/600 596/596/596
f 598/598/598 600/600/600 594/594/594
f 596/596/596 601/601/601 597/597/597
f 600/600/600 601/601/601 596/596/596
f 601/601/601 602/602/602 597/597/597
f 599/599/599 603/603/603 598/598/598
f 604/604/604 603/603/603 599/599/599
f 598/598/598 605/605/605 600/600/600
f 603/603/603 605/605/605 598/598/598
f 600/600/600 606/606/606 601/601/601
f 605/605/605 606/606/606 600/600/600
f 601/601/601 607/607/607 602/602/602
f 606/606/606 607/607/607 601/601/601
f 607/607/607 608/608/608 602/602/602
f 604/604/604 609/609/609 603/603/603
f 610/610/610 609/609/609 604/604/604
f 610/610/610 611/611/611 609/609/609
f 603/603/603 612/612/612 605/605/605
f 609/609/609 612/612/612 603/603/603
f 611/611/611 613/613/613 609/609/609
f 609/609/609 613/613/613 612/612/612
f 611/611/611 614/614/614 613/613/613
f 605/605/605 615/615/615 606/606/606
f 612/612/612 615/615/615 605/605/605
f 606/606/606 616/616/616 607/607/607
f 615/615/615 616/616/616 606/606/606
f 607/607/607 617/617/617 608/608/608
f 616/616/616 617/617/617 607/607/607
f 617/617/617 618/618/618 608/608/608
f 613/613/613 619/619/619 612/612/612
f 612/612/612 619/619/619 615/615/615
f 614/614/614 620/620/620 613/613/613
f 613/613/613 620/620/620 619/619/619
f 614/614/614 621/621/621 620/620/620
f 615/615/615 622/622/622 616/616/616
f 619/619/619 622/622/622 615/615/615
f 616/616/616 623/623/623 617/617/617
f 622/622/622 623/623/623 616/616/616
f 623/623/623 624/624/624 617/617/617
f 620/620/620 625/625/625 619/619/619
f 619/619/619 625/625/625 622/622/622
f 621/621/621 626/626/626 620/620/620
f 620/620/620 626/626/626 625/625/625
f 621/621/621 627/627/627 626/626/626
f 622/622/622 628/628/628 623/623/623
f 625/625/625 628/628/628 622/622/622
f 628/628/628 629/629/629 623/623/623
f 625/625/625 630/630/630 628/628/628
f 626/626/626 630/630/630 625/625/625
f 630/630/630 631/631/631 628/628/628
f 627/627/627 632/632/632 626/626/626
f 626/626/626 632/632/632 630/630/630
f 632/632/632 633/633/633 630/630/630
f 627/627/627 634/634/634 632/632/632
f 634/634/634 635/635/635 632/632/632
f 636/636/636 638/638/638 637/637/637
f 636/636/636 639/639/639 638/638/638
f 640/640/640 639/639/639 636/636/636
f 639/639/639 641/641/641 638/638/638
f 640/640/640 642/642/642 639/639/639
f 643/643/643 642/642/642 640/640/640
f 639/639/639 644/644/644 641/641/641
f 642/642/642 644/644/644 639/639/639
f 644/644/644 645/645/645 641/641/641
f 643/643/643 646/646/646 642/642/642
f 647/647/647 646/646/646 643/643/643
f 642/642/642 648/648/648 644/644/644
f 646/646/646 648/648/648 642/642/642
f 644/644/644 649/649/649 645/645/645
f 648/648/648 649/649/649 644/644/644
f 649/649/649 650/650/650 645/645/645
f 647/647/647 651/651/651 646/646/646
f 652/652/652 651/651/651 647/647/647
f 646/646/646 653/653/653 648/648/648
f 651/651/651 653/653/653 646/646/646
f 648/648/648 654/654/654 649/649/649
f 653/653/653 654/654/654 648/648/648
f 649/649/649 655/655/655 650/650/650
f 654/654/654 655/655/655 649/649/649
f 655/655/655 656/656/656 650/650/650
f 652/652/652 657/657/657 651/651/651
f 658/658/658 657/657/657 652/652/652
f 658/658/658 659/659/659 657/657/657
f 651/651/651 660/660/660 653/653/653
f 657/657/657 660/660/660 651/651/651
f 659/659/659 661/661/661 657/657/657
f 657/657/657 661/661/661 660/660/660
f 659/659/659 662/662/662 661/661/661
f 653/653/653 663/663/663 654/654/654
f 660/660/660 663/663/663 653/653/653
f 654/654/654 664/664/664 655/655/655
f 663/663/663 664/664/664 654/654/654
f 655/655/655 665/665/665 656/656/656
f 664/664/664 665/665/665 655/655/655
f 665/665/665 666/666/666 656/656/656
f 662/662/662 667/667/667 661/661/661
f 662/662/662 668/668/668 667/667/667
f 661/661/661 669/669/669 660/660/660
f 660/660/660 669/669/669 663/663/663
f 661/661/661 667/667/667 669/669/669
f 663/663/663 670/670/670 664/664/664
f 669/669/669 670/670/670 663/663/663
f 664/664/664 671/671/671 665/665/665
f 670/670/670 671/671/671 664/664/664
f 665/665/665 672/672/672 666/666/666
f 671/671/671 672/672/672 665/665/665
f 672/672/672 673/673/673 666/666/666
f 668/668/668 674/674/674 667/667/667
f 668/668/668 675/675/675 674/674/674
f 667/667/667 676/676/676 669/669/669
f 669/669/669 676/676/676 670/670/670
f 667/667/667 674/674/674 676/676/676
f 670/670/670 677/677/677 671/671/671
f 676/676/676 677/677/677 670/670/670
f 671/671/671 678/678/678 672/672/672
f 677/677/677 678/678/678 671/671/671
f 672/672/672 679/679/679 673/673/673
f 678/678/678 679/679/679 672/672/672
f 679/679/679 680/680/680 673/673/673
f 675/675/675 681/681/681 674/674/674
f 675/675/675 682/682/682 681/681/681
f 674/674/674 683/683/683 676/676/676
f 676/676/676 683/683/683 677/677/677
f 674/674/674 681/681/681 683/683/683
f 677/677/677 684/684/684 678/678/678
f 683/683/683 684/684/684 677/677/677
f 678/678/678 685/685/685 679/679/679
f 684/684/684 685/685/685 678/678/678
f 685/685/685 686/686/686 679/679/679
f 682/682/682 687/687/687 681/681/681
f 682/682/682 688/688/688 687/687/687
f 681/681/681 689/689/689 683/683/683
f 683/683/683 689/689/689 684/684/684
f 681/681/681 687/687/687 689/689/689
f 684/684/684 690/690/690 685/685/685
f 689/689/689 690/690/690 684/684/684
f 690/690/690 691/691/691 685/685/685
f 689/689/689 692/692/692 690/690/690
f 687/687/687 692/692/692 689/689/689
f 692/692/692 693/693/693 690/690/690
f 688/688/688 694/694/694 687/687/687
f 687/687/687 694/694/694 692/692/692
f 694/694/694 695/695/695 692/692/692
f 688/688/688 696/696/696 694/694/694
f 696/696/696 697/697/697 694/694/694
f 698/698/698 700/700/700 699/699/699
f 698/698/698 701/701/701 700/700/700
f 702/702/702 701/701/701 698/698/698
f 701/701/701 703/703/703 700/700/700
f 702/702/702 704/704/704 701/701/701
f 705/705/705 704/704/704 702/702/702
f 701/701/701 706/706/706 703/703/703
f 704/704/704 706/706/706 701/701/701
f 706/706/706 707/707/707 703/703/703
f 705/705/705 708/708/708 704/704/704
f 709/709/709 708/708/708 705/705/705
f 704/704/704 710/710/710 706/706/706
f 708/708/708 710/710/710 704/704/704
f 706/706/706 711/711/711 707/707/707
f 710/710/710 711/711/711 706/706/706
f 711/711/711 712/712/712 707/707/707
f 709/709/709 713/713/713 708/708/708
f 714/714/714 713/713/713 709/709/709
f 708/708/708 715/715/715 710/710/710
f 713/713/713 715/715/715 708/708/708
f 710/710/710 716/716/716 711/711/711
f 715/715/715 716/716/716 710/710/710
f 711/711/711 717/717/717 712/712/712
f 716/716/716 717/717/717 711/711/711
f 717/717/717 718/718/718 712/712/712
f 714/714/714 719/719/719 713/713/713
f 720/720/720 719/719/719 714/714/714
f 720/720/720 721/721/721 719/719/719
f 713/713/713 722/722/722 715/715/715
f 719/719/719 722/722/722 713/713/713
f 721/721/721 723/723/723 719/719/719
f 719/719/719 723/723/723 722/722/722
f 721/721/721 724/724/724 723/723/723
f 715/715/715 725/725/725 716/716/716
f 722/722/722 725/725/725 715/715/715
f 716/716/716 726/726/726 717/717/717
f 725/725/725 726/726/726 716/716/716
f 717/717/717 727/727/727 718/718/718
f 726/726/726 727/727/727 717/717/717
f 727/727/727 728/728/728 718/718/718
f 723/723/723 729/729/729 722/722/722
f 722/722/722 729/729/729 725/725/725
f 724/724/724 730/730/730 723/723/723
f 723/723/723 730/730/730 729/729/729
f 724/724/724 731/731/731 730/730/730
f 725/725/725 732/732/732 726/726/726
f 729/729/729 732/732/732 725/725/725
f 726/726/726 733/733/733 727/727/727
f 732/732/732 733/733/733 726/726/726
f 733/733/733 734/734/734 727/727/727
f 730/730/730 735/735/735 729/729/729
f 729/729/729 735/735/735 732/732/732
f 731/731/731 736/736/736 730/730/730
f 730/730/730 736/736/736 735/735/735
f 731/731/731 737/737/737 736/736/736
f 732/732/732 738/738/738 733/733/733
f 735/735/735 738/738/738 732/732/732
f 738/738/738 739/739/739 733/733/733
f 735/735/735 740/740/740 738/738/738
f 736/736/736 740/740/740 735/735/735
f 740/740/740 741/741/741 738/738/738
f 737/737/737 742/742/742 736/736/736
f 736/736/736 742/742/742 740/740/740
f 742/742/742 743/743/743 740/740/740
f 737/737/737 744/744/744 742/742/742
f 744/744/744 745/745/745 742/742/742
f 746/746/746 748/748/748 747/747/747
f 749/749/749 748/748/748 746/746/746
f 749/749/749 750/750/750 748/748/748
f 751/751/751 750/750/750 749/749/749
f 752/752/752 754/754/754 753/753/753
f 752/752/752 755/755/755 754/754/754
f 755/755/755 756/756/756 754/754/754
f 757/757/757 755/755/755 752/752/752
f 755/755/755 758/758/758 756/756/756
f 757/757/757 759/759/759 755/755/755
f 759/759/759 758/758/758 755/755/755
f 760/760/760 759/759/759 757/757/757
f 759/759/759 761/761/761 758/758/758
f 760/760/760 762/762/762 759/759/759
f 762/762/762 761/761/761 759/759/759
f 763/763/763 762/762/762 760/760/760
f 762/762/762 764/764/764 761/761/761
f 763/763/763 765/765/765 762/762/762
f 765/765/765 764/764/764 762/762/762
f 766/766/766 765/765/765 763/763/763
f 765/765/765 767/767/767 764/764/764
f 766/766/766 768/768/768 765/765/765
f 768/768/768 767/767/767 765/765/765
f 769/769/769 768/768/768 766/766/766
f 768/768/768 770/770/770 767/767/767
f 769/769/769 771/771/771 768/768/768
f 771/771/771 770/770/770 768/768/768
f 771/771/771 772/772/772 770/770/770
f 773/773/773 775/775/775 774/774/774
f 773/773/773 776/776/776 775/775/775
f 777/777/777 776/776/776 773/773/773
f 776/776/776 778/778/778 775/775/775
f 777/777/777 779/779/779 776/776/776
f 780/780/780 779/779/779 777/777/777
f 776/776/776 781/781/781 778/778/778
f 779/779/779 781/781/781 776/776/776
f 781/781/781 782/782/782 778/778/778
f 780/780/780 783/783/783 779/779/779
f 784/784/784 783/783/783 780/780/780
f 784/784/784 785/785/785 783/783/783
f 779/779/779 786/786/786 781/781/781
f 783/783/783 786/786/786 779/779/779
f 781/781/781 787/787/787 782/782/782
f 786/786/786 787/787/787 781/781/781
f 787/787/787 788/788/788 782/782/782
f 785/785/785 789/789/789 783/783/783
f 783/783/783 789/789/789 786/786/786
f 785/785/785 790/790/790 789/789/789
f 786/786/786 791/791/791 787/787/787
f 789/789/789 791/791/791 786/786/786
f 791/791/791 792/792/792 787/787/787
f 790/790/790 793/793/793 789/789/789
f 789/789/789 793/793/793 791/791/791
f 793/793/793 794/794/794 791/791/791
f 790/790/790 795/795/795 793/793/793
f 795/795/795 796/796/796 793/793/793
f 797/797/797 799/799/799 798/798/798
f 797/797/797 800/800/800 799/799/799
f 800/800/800 801/801/801 799/799/799
f 802/802/802 800/800/800 797/797/797
f 802/802/802 803/803/803 800/800/800
f 803/803/803 804/804/804 800/800/800
f 805/805/805 803/803/803 802/802/802
f 805/805/805 806/806/806 803/803/803
f 806/806/806 807/807/807 803/803/803
f 808/808/808 806/806/806 805/805/805
f 808/808/808 809/809/809 806/806/806
f 809/809/809 810/810/810 806/806/806
f 811/811/811 813/813/813 812/812/812
f 811/811/811 814/814/814 813/813/813
f 815/815/815 814/814/814 811/811/811
f 814/814/814 816/816/816 813/813/813
f 815/815/815 817/817/817 814/814/814
f 818/818/818 817/817/817 815/815/815
f 814/814/814 819/819/819 816/816/816
f 817/817/817 819/819/819 814/814/814
f 819/819/819 820/820/820 816/816/816
f 818/818/818 821/821/821 817/817/817
f 822/822/822 821/821/821 818/818/818
f 822/822/822 823/823/823 821/821/821
f 817/817/817 824/824/824 819/819/819
f 821/821/821 824/824/824 817/817/817
f 819/819/819 825/825/825 820/820/820
f 824/824/824 825/825/825 819/819/819
f 825/825/825 826/826/826 820/820/820
f 823/823/823 827/827/827 821/821/821
f 821/821/821 827/827/827 824/824/824
f 823/823/823 828/828/828 827/827/827
f 824/824/824 829/829/829 825/825/825
f 827/827/827 829/829/829 824/824/824
f 829/829/829 830/830/830 825/825/825
f 828/828/828 831/831/831 827/827/827
f 827/827/827 831/831/831 829/829/829
f 831/831/831 832/832/832 829/829/829
f 828/828/828 833/833/833 831/831/831
f 833/833/833 834/834/834 831/831/831
f 835/835/835 837/837/837 836/836/836
f 835/835/835 838/838/838 837/837/837
f 839/839/839 838/838/838 835/835/835
f 838/838/838 840/840/840 837/837/837
f 839/839/839 841/841/841 838/838/838
f 842/842/842 841/841/841 839/839/839
f 838/838/838 843/843/843 840/840/840
f 841/841/841 843/843/843 838/838/838
f 843/843/843 844/844/844 840/840/840
f 842/842/842 845/845/845 841/841/841
f 846/846/846 845/845/845 842/842/842
f 846/846/846 847/847/847 845/845/845
f 841/841/841 848/848/848 843/843/843
f 845/845/845 848/848/848 841/841/841
f 848/848/848 849/849/849 843/843/843
f 847/847/847 850/850/850 845/845/845
f 845/845/845 850/850/850 848/848/848
f 850/850/850 851/851/851 848/848/848
f 847/847/847 852/852/852 850/850/850
f 852/852/852 853/853/853 850/850/850
f 854/854/854 856/856/856 855/855/855
f 854/854/854 857/857/857 856/856/856
f 858/858/858 857/857/857 854/854/854
f 857/857/857 859/859/859 856/856/856
f 858/858/858 860/860/860 857/857/857
f 861/861/861 860/860/860 858/858/858
f 857/857/857 862/862/862 859/859/859
f 860/860/860 862/862/862 857/857/857
f 862/862/862 863/863/863 859/859/859
f 861/861/861 864/864/864 860/860/860
f 865/865/865 864/864/864 861/861/861
f 865/865/865 866/866/866 864/864/864
f 860/860/860 867/867/867 862/862/862
f 864/864/864 867/867/867 860/860/860
f 862/862/862 868/868/868 863/863/863
f 867/867/867 868/868/868 862/862/862
f 868/868/868 869/869/869 863/863/863
f 866/866/866 870/870/870 864/864/864
f 864/864/864 870/870/870 867/867/867
f 866/866/866 871/871/871 870/870/870
f 867/867/867 872/872/872 868/868/868
f 870/870/870 872/872/872 867/867/867
f 872/872/872 873/873/873 868/868/868
f 871/871/871 874/874/874 870/870/870
f 870/870/870 874/874/874 872/872/872
f 874/874/874 875/875/875 872/872/872
f 871/871/871 876/876/876 874/874/874
f 876/876/876 877/877/877 874/874/874
f 878/878/878 880/880/880 879/879/879
f 878/878/878 881/881/881 880/880/880
f 882/882/882 881/881/881 878/878/878
f 881/881/881 883/883/883 880/880/880
f 882/882/882 884/884/884 881/881/881
f 885/885/885 884/884/884 882/882/882
f 881/881/881 886/886/886 883/883/883
f 884/884/884 886/886/886 881/881/881
f 886/886/886 887/887/887 883/883/883
f 885/885/885 888/888/888 884/884/884
f 889/889/889 888/888/888 885/885/885
f 889/889/889 890/890/890 888/888/888
f 884/884/884 891/891/891 886/886/886
f 888/888/888 891/891/891 884/884/884
f 891/891/891 892/892/892 886/886/886
f 890/890/890 893/893/893 888/888/888
f 888/888/888 893/893/893 891/891/891
f 893/893/893 894/894/894 891/891/891
f 890/890/890 895/895/895 893/893/893
f 895/895/895 896/896/896 893/893/893
f 897/897/897 899/899/899 898/898/898
f 897/897/897 900/900/900 899/899/899
f 901/901/901 900/900/900 897/897/897
f 900/900/900 902/902/902 899/899/899
f 901/901/901 903/903/903 900/900/900
f 904/904/904 903/903/903 901/901/901
f 900/900/900 905/905/905 902/902/902
f 903/903/903 905/905/905 900/900/900
f 905/905/905 906/906/906 902/902/902
f 904/904/904 907/907/907 903/903/903
f 908/908/908 907/907/907 904/904/904
f 908/908/908 909/909/909 907/907/907
f 903/903/903 910/910/910 905/905/905
f 907/907/907 910/910/910 903/903/903
f 910/910/910 911/911/911 905/905/905
f 909/909/909 912/912/912 907/907/907
f 907/907/907 912/912/912 910/910/910
f 912/912/912 913/913/913 910/910/910
f 909/909/909 914/914/914 912/912/912
f 914/914/914 915/915/915 912/912/912
f 916/916/916 918/918/918 917/917/917
f 916/916/916 919/919/919 918/918/918
f 920/920/920 919/919/919 916/916/916
f 919/919/919 921/921/921 918/918/918
f 920/920/920 922/922/922 919/919/919
f 923/923/923 922/922/922 920/920/920
f 919/919/919 924/924/924 921/921/921
f 922/922/922 924/924/924 919/919/919
f 924/924/924 925/925/925 921/921/921
f 923/923/923 926/926/926 922/922/922
f 927/927/927 926/926/926 923/923/923
f 927/927/927 928/928/928 926/926/926
f 922/922/922 929/929/929 924/924/924
f 926/926/926 929/929/929 922/922/922
f 929/929/929 930/930/930 924/924/924
f 928/928/928 931/931/931 926/926/926
f 926/926/926 931/931/931 929/929/929
f 931/931/931 932/932/932 929/929/929
f 928/928/928 933/933/933 931/931/931
f 933/933/933 934/934/934 931/931/931
f 935/935/935 937/937/937 936/936/936
f 935/935/935 938/938/938 937/937/937
f 939/939/939 938/938/938 935/935/935
f 938/938/938 940/940/940 937/937/937
f 939/939/939 941/941/941 938/938/938
f 942/942/942 941/941/941 939/939/939
f 938/938/938 943/943/943 940/940/940
f 941/941/941 943/943/943 938/938/938
f 943/943/943 944/944/944 940/940/940
f 942/942/942 945/945/945 941/941/941
f 946/946/946 945/945/945 942/942/942
f 946/946/946 947/947/947 945/945/945
f 941/941/941 948/948/948 943/943/943
f 945/945/945 948/948/948 941/941/941
f 948/948/948 949/949/949 943/943/943
f 947/947/947 950/950/950 945/945/945
f 945/945/945 950/950/950 948/948/948
f 950/950/950 951/951/951 948/948/948
f 947/947/947 952/952/952 950/950/950
f 952/952/952 953/953/953 950/950/950
f 954/954/954 956/956/956 955/955/955
f 954/954/954 957/957/957 956/956/956
f 958/958/958 957/957/957 954/954/954
f 957/957/957 959/959/959 956/956/956
f 958/958/958 960/960/960 957/957/957
f 961/961/961 960/960/960 958/958/958
f 957/957/957 962/962/962 959/959/959
f 960/960/960 962/962/962 957/957/957
f 962/962/962 963/963/963 959/959/959
f 961/961/961 964/964/964 960/960/960
f 965/965/965 964/964/964 961/961/961
f 965/965/965 966/966/966 964/964/964
f 960/960/960 967/967/967 962/962/962
f 964/964/964 967/967/967 960/960/960
f 967/967/967 968/968/968 962/962/962
f 966/966/966 969/969/969 964/964/964
f 964/964/964 969/969/969 967/967/967
f 969/969/969 970/970/970 967/967/967
f 966/966/966 971/971/971 969/969/969
f 971/971/971 972/972/972 969/969/969
f 973/973/973 975/975/975 974/974/974
f 973/973/973 976/976/976 975/975/975
f 977/977/977 976/976/976 973/973/973
f 976/976/976 978/978/978 975/975/975
f 977/977/977 979/979/979 976/976/976
f 980/980/980 979/979/979 977/977/977
f 976/976/976 981/981/981 978/978/978
f 979/979/979 981/981/981 976/976/976
f 981/981/981 982/982/982 978/978/978
f 980/980/980 983/983/983 979/979/979
f 984/984/984 983/983/983 980/980/980
f 984/984/984 985/985/985 983/983/983
f 979/979/979 986/986/986 981/981/981
f 983/983/983 986/986/986 979/979/979
f 981/981/981 987/987/987 982/982/982
f 986/986/986 987/987/987 981/981/981
f 987/987/987 988/988/988 982/982/982
f 985/985/985 989/989/989 983/983/983
f 983/983/983 989/989/989 986/986/986
f 985/985/985 990/990/990 989/989/989
f 986/986/986 991/991/991 987/987/987
f 989/989/989 991/991/991 986/986/986
f 991/991/991 992/992/992 987/987/987
f 990/990/990 993/993/993 989/989/989
f 989/989/989 993/993/993 991/991/991
f 993/993/993 994/994/994 991/991/991
f 990/990/990 995/995/995 993/993/993
f 995/995/995 996/996/996 993/993/993
f 997/997/997 999/999/999 998/998/998
f 997/997/997 1000/1000/1000 999/999/999
f 1000/1000/1000 1001/1001/1001 999/999/999
f 1002/1002/1002 1000/1000/1000 997/997/997
f 1002/1002/1002 1003/1003/1003 1000/1000/1000
f 1003/1003/1003 1004/1004/1004 1000/1000/1000
f 1005/1005/1005 1003/1003/1003 1002/1002/1002
f 1005/1005/1005 1006/1006/1006 1003/1003/1003
f 1006/1006/1006 1007/1007/1007 1003/1003/1003
f 1008/1008/1008 1006/1006/1006 1005/1005/1005
f 1008/1008/1008 1009/1009/1009 1006/1006/1006
f 1009/1009/1009 1010/1010/1010 1006/1006/1006
f 1011/1011/1011 1013/1013/1013 1012/1012/1012
f 1011/1011/1011 1014/1014/1014 1013/1013/1013
f 1014/1014/1014 1015/1015/1015 1013/1013/1013
f 1016/1016/1016 1014/1014/1014 1011/1011/1011
f 1016/1016/1016 1017/1017/1017 1014/1014/1014
f 1017/1017/1017 1018/1018/1018 1014/1014/1014
f 1019/1019/1019 1017/1017/1017 1016/1016/1016
f 1019/1019/1019 1020/1020/1020 1017/1017/1017
f 1020/1020/1020 1021/1021/1021 1017/1017/1017
f 1022/1022/1022 1020/1020/1020 1019/1019/1019
f 1022/1022/1022 1023/1023/1023 1020/1020/1020
f 1023/1023/1023 1024/1024/1024 1020/1020/1020
f 1025/1025/1025 1027/1027/1027 1026/1026/1026
f 1025/1025/1025 1028/1028/1028 1027/1027/1027
f 1029/1029/1029 1028/1028/1028 1025/1025/1025
f 1028/1028/1028 1030/1030/1030 1027/1027/1027
f 1029/1029/1029 1031/1031/1031 1028/1028/1028
f 1032/1032/1032 1031/1031/1031 1029/1029/1029
f 1028/1028/1028 1033/1033/1033 1030/1030/1030
f 1031/1031/1031 1033/1033/1033 1028/1028/1028
f 1033/1033/1033 1034/1034/1034 1030/1030/1030
f 1032/1032/1032 1035/1035/1035 1031/1031/1031
f 1036/1036/1036 1035/1035/1035 1032/1032/1032
f 1036/1036/1036 1037/1037/1037 1035/1035/1035
f 1031/1031/1031 1038/1038/1038 1033/1033/1033
f 1035/1035/1035 1038/1038/1038 1031/1031/1031
f 1033/1033/1033 1039/1039/1039 1034/1034/1034
f 1038/1038/1038 1039/1039/1039 1033/1033/1033
f 1039/1039/1039 1040/1040/1040 1034/1034/1034
f 1037/1037/1037 1041/1041/1041 1035/1035/1035
f 1035/1035/1035 1041/1041/1041 1038/1038/1038
f 1037/1037/1037 1042/1042/1042 1041/1041/1041
f 1038/1038/1038 1043/1043/1043 1039/1039/1039
f 1041/1041/1041 1043/1043/1043 1038/1038/1038
f 1043/1043/1043 1044/1044/1044 1039/1039/1039
f 1042/1042/1042 1045/1045/1045 1041/1041/1041
f 1041/1041/1041 1045/1045/1045 1043/1043/1043
f 1045/1045/1045 1046/1046/1046 1043/1043/1043
f 1042/1042/1042 1047/1047/1047 1045/1045/1045
f 1047/1047/1047 1048/1048/1048 1045/1045/1045
f 1049/1049/1049 1051/1051/1051 1050/1050/1050
f 1049/1049/1049 1052/1052/1052 1051/1051/1051
f 1053/1053/1053 1052/1052/1052 1049/1049/1049
f 1052/1052/1052 1054/1054/1054 1051/1051/1051
f 1053/1053/1053 1055/1055/1055 1052/1052/1052
f 1056/1056/1056 1055/1055/1055 1053/1053/1053
f 1052/1052/1052 1057/1057/1057 1054/1054/1054
f 1055/1055/1055 1057/1057/1057 1052/1052/1052
f 1057/1057/1057 1058/1058/1058 1054/1054/1054
f 1056/1056/1056 1059/1059/1059 1055/1055/1055
f 1060/1060/1060 1059/1059/1059 1056/1056/1056
f 1060/1060/1060 1061/1061/1061 1059/1059/1059
f 1055/1055/1055 1062/1062/1062 1057/1057/1057
f 1059/1059/1059 1062/1062/1062 1055/1055/1055
f 1062/1062/1062 1063/1063/1063 1057/1057/1057
f 1061/1061/1061 1064/1064/1064 1059/1059/1059
f 1059/1059/1059 1064/1064/1064 1062/1062/1062
f 1064/1064/1064 1065/1065/1065 1062/1062/1062
f 1061/1061/1061 1066/1066/1066 1064/1064/1064
f 1066/1066/1066 1067/1067/1067 1064/1064/1064
f 1068/1068/1068 1070/1070/1070 1069/1069/1069
f 1068/1068/1068 1071/1071/1071 1070/1070/1070
f 1072/1072/1072 1071/1071/1071 1068/1068/1068
f 1071/1071/1071 1073/1073/1073 1070/1070/1070
f 1072/1072/1072 1074/1074/1074 1071/1071/1071
f 1075/1075/1075 1074/1074/1074 1072/1072/1072
f 1071/1071/1071 1076/1076/1076 1073/1073/1073
f 1074/1074/1074 1076/1076/1076 1071/1071/1071
f 1076/1076/1076 1077/1077/1077 1073/1073/1073
f 1075/1075/1075 1078/1078/1078 1074/1074/1074
f 1079/1079/1079 1078/1078/1078 1075/1075/1075
f 1079/1079/1079 1080/1080/1080 1078/1078/1078
f 1074/1074/1074 1081/1081/1081 1076/1076/1076
f 1078/1078/1078 1081/1081/1081 1074/1074/1074
f 1081/1081/1081 1082/1082/1082 1076/1076/1076
f 1080/1080/1080 1083/1083/1083 1078/1078/1078
f 1078/1078/1078 1083/1083/1083 1081/1081/1081
f 1083/1083/1083 1084/1084/1084 1081/1081/1081
f 1080/1080/1080 1085/1085/1085 1083/1083/1083
f 1085/1085/1085 1086/1086/1086 1083/1083/1083
f 1087/1087/1087 1089/1089/1089 1088/1088/1088
f 1087/1087/1087 1090/1090/1090 1089/1089/1089
f 1091/1091/1091 1090/1090/1090 1087/1087/1087
f 1090/1090/1090 1092/1092/1092 1089/1089/1089
f 1091/1091/1091 1093/1093/1093 1090/1090/1090
f 1094/1094/1094 1093/1093/1093 1091/1091/1091
f 1090/1090/1090 1095/1095/1095 1092/1092/1092
f 1093/1093/1093 1095/1095/1095 1090/1090/1090
f 1095/1095/1095 1096/1096/1096 1092/1092/1092
f 1094/1094/1094 1097/1097/1097 1093/1093/1093
f 1098/1098/1098 1097/1097/1097 1094/1094/1094
f 1098/1098/1098 1099/1099/1099 1097/1097/1097
f 1093/1093/1093 1100/1100/1100 1095/1095/1095
f 1097/1097/1097 1100/1100/1100 1093/1093/1093
f 1100/1100/1100 1101/1101/1101 1095/1095/1095
f 1099/1099/1099 1102/1102/1102 1097/1097/1097
f 1097/1097/1097 1102/1102/1102 1100/1100/1100
f 1102/1102/1102 1103/1103/1103 1100/1100/1100
f 1099/1099/1099 1104/1104/1104 1102/1102/1102
f 1104/1104/1104 1105/1105/1105 1102/1102/1102
f 1106/1106/1106 1108/1108/1108 1107/1107/1107
f 1106/1106/1106 1109/1109/1109 1108/1108/1108
f 1110/1110/1110 1109/1109/1109 1106/1106/1106
f 1109/1109/1109 1111/1111/1111 1108/1108/1108
f 1110/1110/1110 1112/1112/1112 1109/1109/1109
f 1113/1113/1113 1112/1112/1112 1110/1110/1110
f 1109/1109/1109 1114/1114/1114 1111/1111/1111
f 1112/1112/1112 1114/1114/1114 1109/1109/1109
f 1114/1114/1114 1115/1115/1115 1111/1111/1111
f 1113/1113/1113 1116/1116/1116 1112/1112/1112
f 1117/1117/1117 1116/1116/1116 1113/1113/1113
f 1117/1117/1117 1118/1118/1118 1116/1116/1116
f 1112/1112/1112 1119/1119/1119 1114/1114/1114
f 1116/1116/1116 1119/1119/1119 1112/1112/1112
f 1114/1114/1114 1120/1120/1120 1115/1115/1115
f 1119/1119/1119 1120/1120/1120 1114/1114/1114
f 1120/1120/1120 1121/1121/1121 1115/1115/1115
f 1118/1118/1118 1122/1122/1122 1116/1116/1116
f 1116/1116/1116 1122/1122/1122 1119/1119/1119
f 1118/1118/1118 1123/1123/1123 1122/1122/1122
f 1119/1119/1119 1124/1124/1124 1120/1120/1120
f 1122/1122/1122 1124/1124/1124 1119/1119/1119
f 1124/1124/1124 1125/1125/1125 1120/1120/1120
f 1123/1123/1123 1126/1126/1126 1122/1122/1122
f 1122/1122/1122 1126/1126/1126 1124/1124/1124
f 1126/1126/1126 1127/1127/1127 1124/1124/1124
f 1123/1123/1123 1128/1128/1128 1126/1126/1126
f 1128/1128/1128 1129/1129/1129 1126/1126/1126
f 1130/1130/1130 1132/1132/1132 1131/1131/1131
f 1130/1130/1130 1133/1133/1133 1132/1132/1132
f 1133/1133/1133 1134/1134/1134 1132/1132/1132
f 1135/1135/1135 1137/1137/1137 1136/1136/1136
f 1135/1135/1135 1138/1138/1138 1137/1137/1137
f 1138/1138/1138 1139/1139/1139 1137/1137/1137
f 1140/1140/1140 1138/1138/1138 1135/1135/1135
f 1140/1140/1140 1141/1141/1141 1138/1138/1138
f 1142/1142/1142 1141/1141/1141 1140/1140/1140
f 1142/1142/1142 1143/1143/1143 1141/1141/1141
f 1143/1143/1143 1144/1144/1144 1141/1141/1141
f 1145/1145/1145 1147/1147/1147 1146/1146/1146
f 1145/1145/1145 1148/1148/1148 1147/1147/1147
f 1149/1149/1149 1148/1148/1148 1145/1145/1145
f 1148/1148/1148 1150/1150/1150 1147/1147/1147
f 1149/1149/1149 1151/1151/1151 1148/1148/1148
f 1152/1152/1152 1151/1151/1151 1149/1149/1149
f 1148/1148/1148 1153/1153/1153 1150/1150/1150
f 1151/1151/1151 1153/1153/1153 1148/1148/1148
f 1153/1153/1153 1154/1154/1154 1150/1150/1150
f 1152/1152/1152 1155/1155/1155 1151/1151/1151
f 1156/1156/1156 1155/1155/1155 1152/1152/1152
f 1156/1156/1156 1157/1157/1157 1155/1155/1155
f 1151/1151/1151 1158/1158/1158 1153/1153/1153
f 1155/1155/1155 1158/1158/1158 1151/1151/1151
f 1158/1158/1158 1159/1159/1159 1153/1153/1153
f 1157/1157/1157 1160/1160/1160 1155/1155/1155
f 1155/1155/1155 1160/1160/1160 1158/1158/1158
f 1160/1160/1160 1161/1161/1161 1158/1158/1158
f 1157/1157/1157 1162/1162/1162 1160/1160/1160
f 1162/1162/1162 1163/1163/1163 1160/1160/1160
f 1164/1164/1164 1166/1166/1166 1165/1165/1165
f 1164/1164/1164 1167/1167/1167 1166/1166/1166
f 1167/1167/1167 1168/1168/1168 1166/1166/1166
f 1169/1169/1169 1167/1167/1167 1164/1164/1164
f 1169/1169/1169 1170/1170/1170 1167/1167/1167
f 1170/1170/1170 1171/1171/1171 1167/1167/1167
f 1172/1172/1172 1170/1170/1170 1169/1169/1169
f 1172/1172/1172 1173/1173/1173 1170/1170/1170
f 1173/1173/1173 1174/1174/1174 1170/1170/1170
f 1175/1175/1175 1173/1173/1173 1172/1172/1172
f 1175/1175/1175 1176/1176/1176 1173/1173/1173
f 1176/1176/1176 1177/1177/1177 1173/1173/1173
f 1178/1178/1178 1180/1180/1180 1179/1179/1179
f 1181/1181/1181 1180/1180/1180 1178/1178/1178
f 1181/1181/1181 1182/1182/1182 1180/1180/1180
f 1183/1183/1183 1182/1182/1182 1181/1181/1181
f 1184/1184/1184 1186/1186/1186 1185/1185/1185
f 1184/1184/1184 1185/1185/1185 1187/1187/1187
f 1187/1187/1187 1185/1185/1185 1188/1188/1188
f 1187/1187/1187 1188/1188/1188 1189/1189/1189
f 1185/1185/1185 1190/1190/1190 1188/1188/1188
f 1185/1185/1185 1191/1191/1191 1190/1190/1190
f 1189/1189/1189 1188/1188/1188 1192/1192/1192
f 1189/1189/1189 1192/1192/1192 1193/1193/1193
f 1193/1193/1193 1192/1192/1192 1194/1194/1194
f 1193/1193/1193 1194/1194/1194 1195/1195/1195
f 1188/1188/1188 1196/1196/1196 1192/1192/1192
f 1188/1188/1188 1190/1190/1190 1196/1196/1196
f 1190/1190/1190 1197/1197/1197 1196/1196/1196
f 1190/1190/1190 1198/1198/1198 1197/1197/1197
f 1191/1191/1191 1198/1198/1198 1190/1190/1190
f 1191/1191/1191 1199/1199/1199 1198/1198/1198
f 1200/1200/1200 1199/1199/1199 1191/1191/1191
f 1200/1200/1200 1201/1201/1201 1199/1199/1199
f 1202/1202/1202 1204/1204/1204 1203/1203/1203
f 1202/1202/1202 1205/1205/1205 1204/1204/1204
f 1206/1206/1206 1205/1205/1205 1202/1202/1202
f 1206/1206/1206 1207/1207/1207 1205/1205/1205
f 1205/1205/1205 1208/1208/1208 1204/1204/1204
f 1205/1205/1205 1209/1209/1209 1208/1208/1208
f 1204/1204/1204 1208/1208/1208 1210/1210/1210
f 1204/1204/1204 1210/1210/1210 1211/1211/1211
f 1209/1209/1209 1212/1212/1212 1208/1208/1208
f 1209/1209/1209 1213/1213/1213 1212/1212/1212
f 1214/1214/1214 1213/1213/1213 1209/1209/1209
f 1215/1215/1215 1214/1214/1214 1207/1207/1207
f 1214/1214/1214 1216/1216/1216 1213/1213/1213
f 1215/1215/1215 1217/1217/1217 1214/1214/1214
f 1217/1217/1217 1216/1216/1216 1214/1214/1214
f 1217/1217/1217 1218/1218/1218 1216/1216/1216
f 1219/1219/1219 1221/1221/1221 1220/1220/1220
f 1219/1219/1219 1222/1222/1222 1221/1221/1221
f 1223/1223/1223 1225/1225/1225 1224/1224/1224
f 1223/1223/1223 1226/1226/1226 1225/1225/1225
f 1226/1226/1226 1227/1227/1227 1225/1225/1225
f 1228/1228/1228 1226/1226/1226 1223/1223/1223
f 1228/1228/1228 1229/1229/1229 1226/1226/1226
f 1229/1229/1229 1230/1230/1230 1226/1226/1226
f 1231/1231/1231 1229/1229/1229 1228/1228/1228
f 1231/1231/1231 1232/1232/1232 1229/1229/1229
f 1232/1232/1232 1233/1233/1233 1229/1229/1229
f 1234/1234/1234 1232/1232/1232 1231/1231/1231
f 1234/1234/1234 1235/1235/1235 1232/1232/1232
f 1235/1235/1235 1236/1236/1236 1232/1232/1232
f 1237/1237/1237 1239/1239/1239 1238/1238/1238
f 1237/1237/1237 1240/1240/1240 1239/1239/1239
f 1241/1241/1241 1240/1240/1240 1237/1237/1237
f 1240/1240/1240 1242/1242/1242 1239/1239/1239
f 1241/1241/1241 1243/1243/1243 1240/1240/1240
f 1244/1244/1244 1243/1243/1243 1241/1241/1241
f 1240/1240/1240 1245/1245/1245 1242/1242/1242
f 1243/1243/1243 1245/1245/1245 1240/1240/1240
f 1245/1245/1245 1246/1246/1246 1242/1242/1242
f 1244/1244/1244 1247/1247/1247 1243/1243/1243
f 1248/1248/1248 1247/1247/1247 1244/1244/1244
f 1248/1248/1248 1249/1249/1249 1247/1247/1247
f 1243/1243/1243 1250/1250/1250 1245/1245/1245
f 1247/1247/1247 1250/1250/1250 1243/1243/1243
f 1245/1245/1245 1251/1251/1251 1246/1246/1246
f 1250/1250/1250 1251/1251/1251 1245/1245/1245
f 1251/1251/1251 1252/1252/1252 1246/1246/1246
f 1249/1249/1249 1253/1253/1253 1247/1247/1247
f 1247/1247/1247 1253/1253/1253 1250/1250/1250
f 1249/1249/1249 1254/1254/1254 1253/1253/1253
f 1250/1250/1250 1255/1255/1255 1251/1251/1251
f 1253/1253/1253 1255/1255/1255 1250/1250/1250
f 1255/1255/1255 1256/1256/1256 1251/1251/1251
f 1254/1254/1254 1257/1257/1257 1253/1253/1253
f 1253/1253/1253 1257/1257/1257 1255/1255/1255
f 1257/1257/1257 1258/1258/1258 1255/1255/1255
f 1254/1254/1254 1259/1259/1259 1257/1257/1257
f 1259/1259/1259 1260/1260/1260 1257/1257/1257
f 1261/1261/1261 1263/1263/1263 1262/1262/1262
f 1261/1261/1261 1264/1264/1264 1263/1263/1263
f 1264/1264/1264 1265/1265/1265 1263/1263/1263
f 1266/1266/1266 1264/1264/1264 1261/1261/1261
f 1266/1266/1266 1267/1267/1267 1264/1264/1264
f 1267/1267/1267 1268/1268/1268 1264/1264/1264
f 1269/1269/1269 1267/1267/1267 1266/1266/1266
f 1269/1269/1269 1270/1270/1270 1267/1267/1267
f 1270/1270/1270 1271/1271/1271 1267/1267/1267
f 1272/1272/1272 1270/1270/1270 1269/1269/1269
f 1272/1272/1272 1273/1273/1273 1270/1270/1270
f 1273/1273/1273 1274/1274/1274 1270/1270/1270
f 1275/1275/1275 1277/1277/1277 1276/1276/1276
f 1275/1275/1275 1278/1278/1278 1277/1277/1277
f 1279/1279/1279 1278/1278/1278 1275/1275/1275
f 1278/1278/1278 1280/1280/1280 1277/1277/1277
f 1279/1279/1279 1281/1281/1281 1278/1278/1278
f 1282/1282/1282 1281/1281/1281 1279/1279/1279
f 1278/1278/1278 1283/1283/1283 1280/1280/1280
f 1281/1281/1281 1283/1283/1283 1278/1278/1278
f 1283/1283/1283 1284/1284/1284 1280/1280/1280
f 1282/1282/1282 1285/1285/1285 1281/1281/1281
f 1286/1286/1286 1285/1285/1285 1282/1282/1282
f 1286/1286/1286 1287/1287/1287 1285/1285/1285
f 1281/1281/1281 1288/1288/1288 1283/1283/1283
f 1285/1285/1285 1288/1288/1288 1281/1281/1281
f 1283/1283/1283 1289/1289/1289 1284/1284/1284
f 1288/1288/1288 1289/1289/1289 1283/1283/1283
f 1289/1289/1289 1290/1290/1290 1284/1284/1284
f 1287/1287/1287 1291/1291/1291 1285/1285/1285
f 1285/1285/1285 1291/1291/1291 1288/1288/1288
f 1287/1287/1287 1292/1292/1292 1291/1291/1291
f 1288/1288/1288 1293/1293/1293 1289/1289/1289
f 1291/1291/1291 1293/1293/1293 1288/1288/1288
f 1293/1293/1293 1294/1294/1294 1289/1289/1289
f 1292/1292/1292 1295/1295/1295 1291/1291/1291
f 1291/1291/1291 1295/1295/1295 1293/1293/1293
f 1295/1295/1295 1296/1296/1296 1293/1293/1293
f 1292/1292/1292 1297/1297/1297 1295/1295/1295
f 1297/1297/1297 1298/1298/1298 1295/1295/1295
f 1299/1299/1299 1301/1301/1301 1300/1300/1300
f 1299/1299/1299 1302/1302/1302 1301/1301/1301
f 1302/1302/1302 1303/1303/1303 1301/1301/1301
f 1304/1304/1304 1302/1302/1302 1299/1299/1299
f 1304/1304/1304 1305/1305/1305 1302/1302/1302
f 1305/1305/1305 1306/1306/1306 1302/1302/1302
f 1307/1307/1307 1305/1305/1305 1304/1304/1304
f 1307/1307/1307 1308/1308/1308 1305/1305/1305
f 1308/1308/1308 1309/1309/1309 1305/1305/1305
f 1310/1310/1310 1308/1308/1308 1307/1307/1307
f 1310/1310/1310 1311/1311/1311 1308/1308/1308
f 1311/1311/1311 1312/1312/1312 1308/1308/1308
f 1313/1313/1313 1315/1315/1315 1314/1314/1314
f 1313/1313/1313 1316/1316/1316 1315/1315/1315
f 1317/1317/1317 1316/1316/1316 1313/1313/1313
f 1316/1316/1316 1318/1318/1318 1315/1315/1315
f 1317/1317/1317 1319/1319/1319 1316/1316/1316
f 1320/1320/1320 1319/1319/1319 1317/1317/1317
f 1316/1316/1316 1321/1321/1321 1318/1318/1318
f 1319/1319/1319 1321/1321/1321 1316/1316/1316
f 1321/1321/1321 1322/1322/1322 1318/1318/1318
f 1320/1320/1320 1323/1323/1323 1319/1319/1319
f 1324/1324/1324 1323/1323/1323 1320/1320/1320
f 1324/1324/1324 1325/1325/1325 1323/1323/1323
f 1319/1319/1319 1326/1326/1326 1321/1321/1321
f 1323/1323/1323 1326/1326/1326 1319/1319/1319
f 1321/1321/1321 1327/1327/1327 1322/1322/1322
f 1326/1326/1326 1327/1327/1327 1321/1321/1321
f 1327/1327/1327 1328/1328/1328 1322/1322/1322
f 1325/1325/1325 1329/1329/1329 1323/1323/1323
f 1323/1323/1323 1329/1329/1329 1326/1326/1326
f 1325/1325/1325 1330/1330/1330 1329/1329/1329
f 1326/1326/1326 1331/1331/1331 1327/1327/1327
f 1329/1329/1329 1331/1331/1331 1326/1326/1326
f 1331/1331/1331 1332/1332/1332 1327/1327/1327
f 1330/1330/1330 1333/1333/1333 1329/1329/1329
f 1329/1329/1329 1333/1333/1333 1331/1331/1331
f 1333/1333/1333 1334/1334/1334 1331/1331/1331
f 1330/1330/1330 1335/1335/1335 1333/1333/1333
f 1335/1335/1335 1336/1336/1336 1333/1333/1333
f 1337/1337/1337 1339/1339/1339 1338/1338/1338
f 1337/1337/1337 1340/1340/1340 1339/1339/1339
f 1340/1340/1340 1341/1341/1341 1339/1339/1339
f 1342/1342/1342 1340/1340/1340 1337/1337/1337
f 1342/1342/1342 1343/1343/1343 1340/1340/1340
f 1343/1343/1343 1344/1344/1344 1340/1340/1340
f 1345/1345/1345 1343/1343/1343 1342/1342/1342
f 1345/1345/1345 1346/1346/1346 1343/1343/1343
f 1346/1346/1346 1347/1347/1347 1343/1343/1343
f 1348/1348/1348 1346/1346/1346 1345/1345/1345
f 1348/1348/1348 1349/1349/1349 1346/1346/1346
f 1349/1349/1349 1350/1350/1350 1346/1346/1346
f 1351/1351/1351 1353/1353/1353 1352/1352/1352
f 1354/1354/1354 1353/1353/1353 1351/1351/1351
f 1355/1355/1355 1357/1357/1357 1356/1356/1356
f 1358/1358/1358 1357/1357/1357 1355/1355/1355
f 1359/1359/1359 1361/1361/1361 1360/1360/1360
f 1359/1359/1359 1362/1362/1362 1361/1361/1361
f 1362/1362/1362 1363/1363/1363 1361/1361/1361
f 1364/1364/1364 1362/1362/1362 1359/1359/1359
f 1362/1362/1362 1365/1365/1365 1363/1363/1363
f 1364/1364/1364 1366/1366/1366 1362/1362/1362
f 1366/1366/1366 1365/1365/1365 1362/1362/1362
f 1367/1367/1367 1366/1366/1366 1364/1364/1364
f 1366/1366/1366 1368/1368/1368 1365/1365/1365
f 1367/1367/1367 1369/1369/1369 1366/1366/1366
f 1369/1369/1369 1368/1368/1368 1366/1366/1366
f 1370/1370/1370 1369/1369/1369 1367/1367/1367
f 1369/1369/1369 1371/1371/1371 1368/1368/1368
f 1370/1370/1370 1372/1372/1372 1369/1369/1369
f 1372/1372/1372 1371/1371/1371 1369/1369/1369
f 1372/1372/1372 1373/1373/1373 1371/1371/1371
f 1374/1374/1374 1376/1376/1376 1375/1375/1375
f 1374/1374/1374 1377/1377/1377 1376/1376/1376
f 1378/1378/1378 1377/1377/1377 1374/1374/1374
f 1377/1377/1377 1379/1379/1379 1376/1376/1376
f 1378/1378/1378 1380/1380/1380 1377/1377/1377
f 1381/1381/1381 1380/1380/1380 1378/1378/1378
f 1377/1377/1377 1382/1382/1382 1379/1379/1379
f 1380/1380/1380 1382/1382/1382 1377/1377/1377
f 1382/1382/1382 1383/1383/1383 1379/1379/1379
f 1381/1381/1381 1384/1384/1384 1380/1380/1380
f 1385/1385/1385 1384/1384/1384 1381/1381/1381
f 1385/1385/1385 1386/1386/1386 1384/1384/1384
f 1380/1380/1380 1387/1387/1387 1382/1382/1382
f 1384/1384/1384 1387/1387/1387 1380/1380/1380
f 1387/1387/1387 1388/1388/1388 1382/1382/1382
f 1386/1386/1386 1389/1389/1389 1384/1384/1384
f 1384/1384/1384 1389/1389/1389 1387/1387/1387
f 1389/1389/1389 1390/1390/1390 1387/1387/1387
f 1386/1386/1386 1391/1391/1391 1389/1389/1389
f 1391/1391/1391 1392/1392/1392 1389/1389/1389
f 1393/1393/1393 1395/1395/1395 1394/1394/1394
f 1393/1393/1393 1396/1396/1396 1395/1395/1395
f 1396/1396/1396 1397/1397/1397 1395/1395/1395
f 1398/1398/1398 1396/1396/1396 1393/1393/1393
f 1398/1398/1398 1399/1399/1399 1396/1396/1396
f 1399/1399/1399 1400/1400/1400 1396/1396/1396
f 1401/1401/1401 1399/1399/1399 1398/1398/1398
f 1401/1401/1401 1402/1402/1402 1399/1399/1399
f 1402/1402/1402 1403/1403/1403 1399/1399/1399
f 1404/1404/1404 1402/1402/1402 1401/1401/1401
f 1404/1404/1404 1405/1405/1405 1402/1402/1402
f 1405/1405/1405 1406/1406/1406 1402/1402/1402
f 1407/1407/1407 1409/1409/1409 1408/1408/1408
f 1407/1407/1407 1410/1410/1410 1409/1409/1409
f 1411/1411/1411 1410/1410/1410 1407/1407/1407
f 1410/1410/1410 1412/1412/1412 1409/1409/1409
f 1411/1411/1411 1413/1413/1413 1410/1410/1410
f 1414/1414/1414 1413/1413/1413 1411/1411/1411
f 1410/1410/1410 1415/1415/1415 1412/1412/1412
f 1413/1413/1413 1415/1415/1415 1410/1410/1410
f 1415/1415/1415 1416/1416/1416 1412/1412/1412
f 1414/1414/1414 1417/1417/1417 1413/1413/1413
f 1418/1418/1418 1417/1417/1417 1414/1414/1414
f 1418/1418/1418 1419/1419/1419 1417/1417/1417
f 1413/1413/1413 1420/1420/1420 1415/1415/1415
f 1417/1417/1417 1420/1420/1420 1413/1413/1413
f 1420/1420/1420 1421/1421/1421 1415/1415/1415
f 1419/1419/1419 1422/1422/1422 1417/1417/1417
f 1417/1417/1417 1422/1422/1422 1420/1420/1420
f 1422/1422/1422 1423/1423/1423 1420/1420/1420
f 1419/1419/1419 1424/1424/1424 1422/1422/1422
f 1424/1424/1424 1425/1425/1425 1422/1422/1422
f 1426/1426/1426 1428/1428/1428 1427/1427/1427
f 1426/1426/1426 1429/1429/1429 1428/1428/1428
f 1429/1429/1429 1430/1430/1430 1428/1428/1428
f 1431/1431/1431 1429/1429/1429 1426/1426/1426
f 1431/1431/1431 1432/1432/1432 1429/1429/1429
f 1432/1432/1432 1433/1433/1433 1429/1429/1429
f 1434/1434/1434 1432/1432/1432 1431/1431/1431
f 1434/1434/1434 1435/1435/1435 1432/1432/1432
f 1435/1435/1435 1436/1436/1436 1432/1432/1432
f 1437/1437/1437 1435/1435/1435 1434/1434/1434
f 1437/1437/1437 1438/1438/1438 1435/1435/1435
f 1438/1438/1438 1439/1439/1439 1435/1435/1435
f 1440/1440/1440 1442/1442/1442 1441/1441/1441
f 1443/1443/1443 1442/1442/1442 1440/1440/1440
f 1443/1443/1443 1444/1444/1444 1442/1442/1442
f 1445/1445/1445 1444/1444/1444 1443/1443/1443
f 1446/1446/1446 1448/1448/1448 1447/1447/1447
f 1446/1446/1446 1449/1449/1449 1448/1448/1448
f 1449/1449/1449 1450/1450/1450 1448/1448/1448
f 1451/1451/1451 1449/1449/1449 1446/1446/1446
f 1449/1449/1449 1452/1452/1452 1450/1450/1450
f 1451/1451/1451 1453/1453/1453 1449/1449/1449
f 1453/1453/1453 1452/1452/1452 1449/1449/1449
f 1453/1453/1453 1454/1454/1454 1452/1452/1452
f 1455/1455/1455 1453/1453/1453 1451/1451/1451
f 1455/1455/1455 1456/1456/1456 1453/1453/1453
f 1457/1457/1457 1456/1456/1456 1455/1455/1455
f 1457/1457/1457 1458/1458/1458 1456/1456/1456
f 1459/1459/1459 1461/1461/1461 1460/1460/1460
f 1459/1459/1459 1462/1462/1462 1461/1461/1461
f 1463/1463/1463 1462/1462/1462 1459/1459/1459
f 1463/1463/1463 1464/1464/1464 1462/1462/1462
f 1464/1464/1464 1465/1465/1465 1462/1462/1462
f 1464/1464/1464 1466/1466/1466 1465/1465/1465
f 1462/1462/1462 1465/1465/1465 1467/1467/1467
f 1462/1462/1462 1467/1467/1467 1461/1461/1461
f 1461/1461/1461 1467/1467/1467 1468/1468/1468
f 1461/1461/1461 1468/1468/1468 1469/1469/1469
f 1469/1469/1469 1468/1468/1468 1470/1470/1470
f 1469/1469/1469 1470/1470/1470 1471/1471/1471
f 1472/1472/1472 1474/1474/1474 1473/1473/1473
f 1472/1472/1472 1475/1475/1475 1474/1474/1474
f 1476/1476/1476 1475/1475/1475 1472/1472/1472
f 1475/1475/1475 1477/1477/1477 1474/1474/1474
f 1476/1476/1476 1478/1478/1478 1475/1475/1475
f 1479/1479/1479 1478/1478/1478 1476/1476/1476
f 1475/1475/1475 1480/1480/1480 1477/1477/1477
f 1478/1478/1478 1480/1480/1480 1475/1475/1475
f 1480/1480/1480 1481/1481/1481 1477/1477/1477
f 1479/1479/1479 1482/1482/1482 1478/1478/1478
f 1483/1483/1483 1482/1482/1482 1479/1479/1479
f 1483/1483/1483 1484/1484/1484 1482/1482/1482
f 1478/1478/1478 1485/1485/1485 1480/1480/1480
f 1482/1482/1482 1485/1485/1485 1478/1478/1478
f 1485/1485/1485 1486/1486/1486 1480/1480/1480
f 1484/1484/1484 1487/1487/1487 1482/1482/1482
f 1482/1482/1482 1487/1487/1487 1485/1485/1485
f 1487/1487/1487 1488/1488/1488 1485/1485/1485
f 1484/1484/1484 1489/1489/1489 1487/1487/1487
f 1489/1489/1489 1490/1490/1490 1487/1487/1487
f 1491/1491/1491 1493/1493/1493 1492/1492/1492
f 1491/1491/1491 1494/1494/1494 1493/1493/1493
f 1495/1495/1495 1494/1494/1494 1491/1491/1491
f 1494/1494/1494 1496/1496/1496 1493/1493/1493
f 1495/1495/1495 1497/1497/1497 1494/1494/1494
f 1498/1498/1498 1497/1497/1497 1495/1495/1495
f 1494/1494/1494 1499/1499/1499 1496/1496/1496
f 1497/1497/1497 1499/1499/1499 1494/1494/1494
f 1499/1499/1499 1500/1500/1500 1496/1496/1496
f 1498/1498/1498 1501/1501/1501 1497/1497/1497
f 1502/1502/1502 1501/1501/1501 1498/1498/1498
f 1502/1502/1502 1503/1503/1503 1501/1501/1501
f 1497/1497/1497 1504/1504/1504 1499/1499/1499
f 1501/1501/1501 1504/1504/1504 1497/1497/1497
f 1504/1504/1504 1505/1505/1505 1499/1499/1499
f 1503/1503/1503 1506/1506/1506 1501/1501/1501
f 1501/1501/1501 1506/1506/1506 1504/1504/1504
f 1506/1506/1506 1507/1507/1507 1504/1504/1504
f 1503/1503/1503 1508/1508/1508 1506/1506/1506
f 1508/1508/1508 1509/1509/1509 1506/1506/1506
f 1510/1510/1510 1512/1512/1512 1511/1511/1511
f 1510/1510/1510 1513/1513/1513 1512/1512/1512
f 1514/1514/1514 1513/1513/1513 1510/1510/1510
f 1513/1513/1513 1515/1515/1515 1512/1512/1512
f 1514/1514/1514 1516/1516/1516 1513/1513/1513
f 1517/1517/1517 1516/1516/1516 1514/1514/1514
f 1513/1513/1513 1518/1518/1518 1515/1515/1515
f 1516/1516/1516 1518/1518/1518 1513/1513/1513
f 1518/1518/1518 1519/1519/1519 1515/1515/1515
f 1517/1517/1517 1520/1520/1520 1516/1516/1516
f 1521/1521/1521 1520/1520/1520 1517/1517/1517
f 1521/1521/1521 1522/1522/1522 1520/1520/1520
f 1516/1516/1516 1523/1523/1523 1518/1518/1518
f 1520/1520/1520 1523/1523/1523 1516/1516/1516
f 1518/1518/1518 1524/1524/1524 1519/1519/1519
f 1523/1523/1523 1524/1524/1524 1518/1518/1518
f 1524/1524/1524 1525/1525/1525 1519/1519/1519
f 1522/1522/1522 1526/1526/1526 1520/1520/1520
f 1520/1520/1520 1526/1526/1526 1523/1523/1523
f 1522/1522/1522 1527/1527/1527 1526/1526/1526
f 1523/1523/1523 1528/1528/1528 1524/1524/1524
f 1526/1526/1526 1528/1528/1528 1523/1523/1523
f 1528/1528/1528 1529/1529/1529 1524/1524/1524
f 1527/1527/1527 1530/1530/1530 1526/1526/1526
f 1526/1526/1526 1530/1530/1530 1528/1528/1528
f 1530/1530/1530 1531/1531/1531 1528/1528/1528
f 1527/1527/1527 1532/1532/1532 1530/1530/1530
f 1532/1532/1532 1533/1533/1533 1530/1530/1530
f 1534/1534/1534 1536/1536/1536 1535/1535/1535
f 1534/1534/1534 1537/1537/1537 1536/1536/1536
f 1538/1538/1538 1537/1537/1537 1534/1534/1534
f 1537/1537/1537 1539/1539/1539 1536/1536/1536
f 1538/1538/1538 1540/1540/1540 1537/1537/1537
f 1541/1541/1541 1540/1540/1540 1538/1538/1538
f 1537/1537/1537 1542/1542/1542 1539/1539/1539
f 1540/1540/1540 1542/1542/1542 1537/1537/1537
f 1542/1542/1542 1543/1543/1543 1539/1539/1539
f 1541/1541/1541 1544/1544/1544 1540/1540/1540
f 1545/1545/1545 1544/1544/1544 1541/1541/1541
f 1545/1545/1545 1546/1546/1546 1544/1544/1544
f 1540/1540/1540 1547/1547/1547 1542/1542/1542
f 1544/1544/1544 1547/1547/1547 1540/1540/1540
f 1547/1547/1547 1548/1548/1548 1542/1542/1542
f 1546/1546/1546 1549/1549/1549 1544/1544/1544
f 1544/1544/1544 1549/1549/1549 1547/1547/1547
f 1549/1549/1549 1550/1550/1550 1547/1547/1547
f 1546/1546/1546 1551/1551/1551 1549/1549/1549
f 1551/1551/1551 1552/1552/1552 1549/1549/1549
f 1553/1553/1553 1555/1555/1555 1554/1554/1554
f 1553/1553/1553 1556/1556/1556 1555/1555/1555
f 1557/1557/1557 1556/1556/1556 1553/1553/1553
f 1556/1556/1556 1558/1558/1558 1555/1555/1555
f 1557/1557/1557 1559/1559/1559 1556/1556/1556
f 1560/1560/1560 1559/1559/1559 1557/1557/1557
f 1556/1556/1556 1561/1561/1561 1558/1558/1558
f 1559/1559/1559 1561/1561/1561 1556/1556/1556
f 1561/1561/1561 1562/1562/1562 1558/1558/1558
f 1560/1560/1560 1563/1563/1563 1559/1559/1559
f 1564/1564/1564 1563/1563/1563 1560/1560/1560
f 1564/1564/1564 1565/1565/1565 1563/1563/1563
f 1559/1559/1559 1566/1566/1566 1561/1561/1561
f 1563/1563/1563 1566/1566/1566 1559/1559/1559
f 1566/1566/1566 1567/1567/1567 1561/1561/1561
f 1565/1565/1565 1568/1568/1568 1563/1563/1563
f 1563/1563/1563 1568/1568/1568 1566/1566/1566
f 1568/1568/1568 1569/1569/1569 1566/1566/1566
f 1565/1565/1565 1570/1570/1570 1568/1568/1568
f 1570/1570/1570 1571/1571/1571 1568/1568/1568
f 1572/1572/1572 1574/1574/1574 1573/1573/1573
f 1572/1572/1572 1575/1575/1575 1574/1574/1574
f 1576/1576/1576 1575/1575/1575 1572/1572/1572
f 1575/1575/1575 1577/1577/1577 1574/1574/1574
f 1576/1576/1576 1578/1578/1578 1575/1575/1575
f 1579/1579/1579 1578/1578/1578 1576/1576/1576
f 1575/1575/1575 1580/1580/1580 1577/1577/1577
f 1578/1578/1578 1580/1580/1580 1575/1575/1575
f 1580/1580/1580 1581/1581/1581 1577/1577/1577
f 1579/1579/1579 1582/1582/1582 1578/1578/1578
f 1583/1583/1583 1582/1582/1582 1579/1579/1579
f 1583/1583/1583 1584/1584/1584 1582/1582/1582
f 1578/1578/1578 1585/1585/1585 1580/1580/1580
f 1582/1582/1582 1585/1585/1585 1578/1578/1578
f 1580/1580/1580 1586/1586/1586 1581/1581/1581
f 1585/1585/1585 1586/1586/1586 1580/1580/1580
f 1586/1586/1586 1587/1587/1587 1581/1581/1581
f 1584/1584/1584 1588/1588/1588 1582/1582/1582
f 1582/1582/1582 1588/1588/1588 1585/1585/1585
f 1584/1584/1584 1589/1589/1589 1588/1588/1588
f 1585/1585/1585 1590/1590/1590 1586/1586/1586
f 1588/1588/1588 1590/1590/1590 1585/1585/1585
f 1590/1590/1590 1591/1591/1591 1586/1586/1586
f 1589/1589/1589 1592/1592/1592 1588/1588/1588
f 1588/1588/1588 1592/1592/1592 1590/1590/1590
f 1592/1592/1592 1593/1593/1593 1590/1590/1590
f 1589/1589/1589 1594/1594/1594 1592/1592/1592
f 1594/1594/1594 1595/1595/1595 1592/1592/1592
f 1596/1596/1596 1598/1598/1598 1597/1597/1597
f 1596/1596/1596 1599/1599/1599 1598/1598/1598
f 1599/1599/1599 1600/1600/1600 1598/1598/1598
f 1601/1601/1601 1599/1599/1599 1596/1596/1596
f 1601/1601/1601 1602/1602/1602 1599/1599/1599
f 1602/1602/1602 1603/1603/1603 1599/1599/1599
f 1604/1604/1604 1602/1602/1602 1601/1601/1601
f 1604/1604/1604 1605/1605/1605 1602/1602/1602
f 1605/1605/1605 1606/1606/1606 1602/1602/1602
f 1607/1607/1607 1605/1605/1605 1604/1604/1604
f 1607/1607/1607 1608/1608/1608 1605/1605/1605
f 1608/1608/1608 1609/1609/1609 1605/1605/1605
f 1610/1610/1610 1612/1612/1612 1611/1611/1611
f 1610/1610/1610 1613/1613/1613 1612/1612/1612
f 1614/1614/1614 1613/1613/1613 1610/1610/1610
f 1613/1613/1613 1615/1615/1615 1612/1612/1612
f 1614/1614/1614 1616/1616/1616 1613/1613/1613
f 1617/1617/1617 1616/1616/1616 1614/1614/1614
f 1613/1613/1613 1618/1618/1618 1615/1615/1615
f 1616/1616/1616 1618/1618/1618 1613/1613/1613
f 1618/1618/1618 1619/1619/1619 1615/1615/1615
f 1617/1617/1617 1620/1620/1620 1616/1616/1616
f 1621/1621/1621 1620/1620/1620 1617/1617/1617
f 1621/1621/1621 1622/1622/1622 1620/1620/1620
f 1616/1616/1616 1623/1623/1623 1618/1618/1618
f 1620/1620/1620 1623/1623/1623 1616/1616/1616
f 1623/1623/1623 1624/1624/1624 1618/1618/1618
f 1622/1622/1622 1625/1625/1625 1620/1620/1620
f 1620/1620/1620 1625/1625/1625 1623/1623/1623
f 1625/1625/1625 1626/1626/1626 1623/1623/1623
f 1622/1622/1622 1627/1627/1627 1625/1625/1625
f 1627/1627/1627 1628/1628/1628 1625/1625/1625
f 1629/1629/1629 1631/1631/1631 1630/1630/1630
f 1632/1632/1632 1631/1631/1631 1629/1629/1629
f 1632/1632/1632 1633/1633/1633 1631/1631/1631
f 1634/1634/1634 1633/1633/1633 1632/1632/1632
f 1635/1635/1635 1637/1637/1637 1636/1636/1636
f 1638/1638/1638 1637/1637/1637 1635/1635/1635
f 1638/1638/1638 1639/1639/1639 1637/1637/1637
f 1640/1640/1640 1639/1639/1639 1638/1638/1638
f 1641/1641/1641 1643/1643/1643 1642/1642/1642
f 1641/1641/1641 1644/1644/1644 1643/1643/1643
f 1645/1645/1645 1644/1644/1644 1641/1641/1641
f 1644/1644/1644 1646/1646/1646 1643/1643/1643
f 1645/1645/1645 1647/1647/1647 1644/1644/1644
f 1648/1648/1648 1647/1647/1647 1645/1645/1645
f 1644/1644/1644 1649/1649/1649 1646/1646/1646
f 1647/1647/1647 1649/1649/1649 1644/1644/1644
f 1649/1649/1649 1650/1650/1650 1646/1646/1646
f 1649/1649/1649 1651/1651/1651 1650/1650/1650
f 1652/1652/1652 1651/1651/1651 1649/1649/1649
f 1647/1647/1647 1652/1652/1652 1649/1649/1649
f 1652/1652/1652 1653/1653/1653 1651/1651/1651
f 1648/1648/1648 1654/1654/1654 1647/1647/1647
f 1654/1654/1654 1652/1652/1652 1647/1647/1647
f 1655/1655/1655 1654/1654/1654 1648/1648/1648
f 1656/1656/1656 1653/1653/1653 1652/1652/1652
f 1654/1654/1654 1656/1656/1656 1652/1652/1652
f 1656/1656/1656 1657/1657/1657 1653/1653/1653
f 1655/1655/1655 1658/1658/1658 1654/1654/1654
f 1658/1658/1658 1656/1656/1656 1654/1654/1654
f 1659/1659/1659 1658/1658/1658 1655/1655/1655
f 1660/1660/1660 1657/1657/1657 1656/1656/1656
f 1658/1658/1658 1660/1660/1660 1656/1656/1656
f 1660/1660/1660 1661/1661/1661 1657/1657/1657
f 1659/1659/1659 1662/1662/1662 1658/1658/1658
f 1662/1662/1662 1660/1660/1660 1658/1658/1658
f 1663/1663/1663 1662/1662/1662 1659/1659/1659
f 1663/1663/1663 1664/1664/1664 1662/1662/1662
f 1665/1665/1665 1661/1661/1661 1660/1660/1660
f 1662/1662/1662 1665/1665/1665 1660/1660/1660
f 1664/1664/1664 1665/1665/1665 1662/1662/1662
f 1665/1665/1665 1666/1666/1666 1661/1661/1661
f 1664/1664/1664 1667/1667/1667 1665/1665/1665
f 1667/1667/1667 1666/1666/1666 1665/1665/1665
f 1667/1667/1667 1668/1668/1668 1666/1666/1666
f 1669/1669/1669 1671/1671/1671 1670/1670/1670
f 1669/1669/1669 1672/1672/1672 1671/1671/1671
f 1673/1673/1673 1672/1672/1672 1669/1669/1669
f 1672/1672/1672 1674/1674/1674 1671/1671/1671
f 1673/1673/1673 1675/1675/1675 1672/1672/1672
f 1676/1676/1676 1675/1675/1675 1673/1673/1673
f 1672/1672/1672 1677/1677/1677 1674/1674/1674
f 1675/1675/1675 1677/1677/1677 1672/1672/1672
f 1677/1677/1677 1678/1678/1678 1674/1674/1674
f 1676/1676/1676 1679/1679/1679 1675/1675/1675
f 1680/1680/1680 1679/1679/1679 1676/1676/1676
f 1680/1680/1680 1681/1681/1681 1679/1679/1679
f 1675/1675/1675 1682/1682/1682 1677/1677/1677
f 1679/1679/1679 1682/1682/1682 1675/1675/1675
f 1677/1677/1677 1683/1683/1683 1678/1678/1678
f 1682/1682/1682 1683/1683/1683 1677/1677/1677
f 1683/1683/1683 1684/1684/1684 1678/1678/1678
f 1681/1681/1681 1685/1685/1685 1679/1679/1679
f 1679/1679/1679 1685/1685/1685 1682/1682/1682
f 1681/1681/1681 1686/1686/1686 1685/1685/1685
f 1682/1682/1682 1687/1687/1687 1683/1683/1683
f 1685/1685/1685 1687/1687/1687 1682/1682/1682
f 1687/1687/1687 1688/1688/1688 1683/1683/1683
f 1686/1686/1686 1689/1689/1689 1685/1685/1685
f 1685/1685/1685 1689/1689/1689 1687/1687/1687
f 1689/1689/1689 1690/1690/1690 1687/1687/1687
f 1686/1686/1686 1691/1691/1691 1689/1689/1689
f 1691/1691/1691 1692/1692/1692 1689/1689/1689
f 1693/1693/1693 1695/1695/1695 1694/1694/1694
f 1693/1693/1693 1696/1696/1696 1695/1695/1695
f 1697/1697/1697 1696/1696/1696 1693/1693/1693
f 1696/1696/1696 1698/1698/1698 1695/1695/1695
f 1697/1697/1697 1699/1699/1699 1696/1696/1696
f 1700/1700/1700 1699/1699/1699 1697/1697/1697
f 1696/1696/1696 1701/1701/1701 1698/1698/1698
f 1699/1699/1699 1701/1701/1701 1696/1696/1696
f 1701/1701/1701 1702/1702/1702 1698/1698/1698
f 1700/1700/1700 1703/1703/1703 1699/1699/1699
f 1704/1704/1704 1703/1703/1703 1700/1700/1700
f 1704/1704/1704 1705/1705/1705 1703/1703/1703
f 1699/1699/1699 1706/1706/1706 1701/1701/1701
f 1703/1703/1703 1706/1706/1706 1699/1699/1699
f 1706/1706/1706 1707/1707/1707 1701/1701/1701
f 1705/1705/1705 1708/1708/1708 1703/1703/1703
f 1703/1703/1703 1708/1708/1708 1706/1706/1706
f 1708/1708/1708 1709/1709/1709 1706/1706/1706
f 1705/1705/1705 1710/1710/1710 1708/1708/1708
f 1710/1710/1710 1711/1711/1711 1708/1708/1708
f 1712/1712/1712 1714/1714/1714 1713/1713/1713
f 1712/1712/1712 1715/1715/1715 1714/1714/1714
f 1715/1715/1715 1716/1716/1716 1714/1714/1714
f 1717/1717/1717 1715/1715/1715 1712/1712/1712
f 1717/1717/1717 1718/1718/1718 1715/1715/1715
f 1718/1718/1718 1719/1719/1719 1715/1715/1715
f 1720/1720/1720 1718/1718/1718 1717/1717/1717
f 1720/1720/1720 1721/1721/1721 1718/1718/1718
f 1721/1721/1721 1722/1722/1722 1718/1718/1718
f 1723/1723/1723 1721/1721/1721 1720/1720/1720
f 1723/1723/1723 1724/1724/1724 1721/1721/1721
f 1724/1724/1724 1725/1725/1725 1721/1721/1721
f 1726/1726/1726 1728/1728/1728 1727/1727/1727
f 1726/1726/1726 1729/1729/1729 1728/1728/1728
f 1730/1730/1730 1729/1729/1729 1726/1726/1726
f 1729/1729/1729 1731/1731/1731 1728/1728/1728
f 1730/1730/1730 1732/1732/1732 1729/1729/1729
f 1733/1733/1733 1732/1732/1732 1730/1730/1730
f 1729/1729/1729 1734/1734/1734 1731/1731/1731
f 1732/1732/1732 1734/1734/1734 1729/1729/1729
f 1734/1734/1734 1735/1735/1735 1731/1731/1731
f 1733/1733/1733 1736/1736/1736 1732/1732/1732
f 1737/1737/1737 1736/1736/1736 1733/1733/1733
f 1737/1737/1737 1738/1738/1738 1736/1736/1736
f 1732/1732/1732 1739/1739/1739 1734/1734/1734
f 1736/1736/1736 1739/1739/1739 1732/1732/1732
f 1734/1734/1734 1740/1740/1740 1735/1735/1735
f 1739/1739/1739 1740/1740/1740 1734/1734/1734
f 1740/1740/1740 1741/1741/1741 1735/1735/1735
f 1738/1738/1738 1742/1742/1742 1736/1736/1736
f 1736/1736/1736 1742/1742/1742 1739/1739/1739
f 1738/1738/1738 1743/1743/1743 1742/1742/1742
f 1739/1739/1739 1744/1744/1744 1740/1740/1740
f 1742/1742/1742 1744/1744/1744 1739/1739/1739
f 1744/1744/1744 1745/1745/1745 1740/1740/1740
f 1743/1743/1743 1746/1746/1746 1742/1742/1742
f 1742/1742/1742 1746/1746/1746 1744/1744/1744
f 1746/1746/1746 1747/1747/1747 1744/1744/1744
f 1743/1743/1743 1748/1748/1748 1746/1746/1746
f 1748/1748/1748 1749/1749/1749 1746/1746/1746
f 1750/1750/1750 1752/1752/1752 1751/1751/1751
f 1750/1750/1750 1753/1753/1753 1752/1752/1752
f 1754/1754/1754 1753/1753/1753 1750/1750/1750
f 1753/1753/1753 1755/1755/1755 1752/1752/1752
f 1754/1754/1754 1756/1756/1756 1753/1753/1753
f 1757/1757/1757 1756/1756/1756 1754/1754/1754
f 1753/1753/1753 1758/1758/1758 1755/1755/1755
f 1756/1756/1756 1758/1758/1758 1753/1753/1753
f 1758/1758/1758 1759/1759/1759 1755/1755/1755
f 1757/1757/1757 1760/1760/1760 1756/1756/1756
f 1761/1761/1761 1760/1760/1760 1757/1757/1757
f 1761/1761/1761 1762/1762/1762 1760/1760/1760
f 1756/1756/1756 1763/1763/1763 1758/1758/1758
f 1760/1760/1760 1763/1763/1763 1756/1756/1756
f 1763/1763/1763 1764/1764/1764 1758/1758/1758
f 1762/1762/1762 1765/1765/1765 1760/1760/1760
f 1760/1760/1760 1765/1765/1765 1763/1763/1763
f 1765/1765/1765 1766/1766/1766 1763/1763/1763
f 1762/1762/1762 1767/1767/1767 1765/1765/1765
f 1767/1767/1767 1768/1768/1768 1765/1765/1765
f 1769/1769/1769 1771/1771/1771 1770/1770/1770
f 1769/1769/1769 1772/1772/1772 1771/1771/1771
f 1773/1773/1773 1772/1772/1772 1769/1769/1769
f 1772/1772/1772 1774/1774/1774 1771/1771/1771
f 1773/1773/1773 1775/1775/1775 1772/1772/1772
f 1776/1776/1776 1775/1775/1775 1773/1773/1773
f 1772/1772/1772 1777/1777/1777 1774/1774/1774
f 1775/1775/1775 1777/1777/1777 1772/1772/1772
f 1777/1777/1777 1778/1778/1778 1774/1774/1774
f 1776/1776/1776 1779/1779/1779 1775/1775/1775
f 1780/1780/1780 1779/1779/1779 1776/1776/1776
f 1780/1780/1780 1781/1781/1781 1779/1779/1779
f 1775/1775/1775 1782/1782/1782 1777/1777/1777
f 1779/1779/1779 1782/1782/1782 1775/1775/1775
f 1777/1777/1777 1783/1783/1783 1778/1778/1778
f 1782/1782/1782 1783/1783/1783 1777/1777/1777
f 1783/1783/1783 1784/1784/1784 1778/1778/1778
f 1781/1781/1781 1785/1785/1785 1779/1779/1779
f 1779/1779/1779 1785/1785/1785 1782/1782/1782
f 1781/1781/1781 1786/1786/1786 1785/1785/1785
f 1782/1782/1782 1787/1787/1787 1783/1783/1783
f 1785/1785/1785 1787/1787/1787 1782/1782/1782
f 1787/1787/1787 1788/1788/1788 1783/1783/1783
f 1786/1786/1786 1789/1789/1789 1785/1785/1785
f 1785/1785/1785 1789/1789/1789 1787/1787/1787
f 1789/1789/1789 1790/1790/1790 1787/1787/1787
f 1786/1786/1786 1791/1791/1791 1789/1789/1789
f 1791/1791/1791 1792/1792/1792 1789/1789/1789
f 1793/1793/1793 1795/1795/1795 1794/1794/1794
f 1793/1793/1793 1796/1796/1796 1795/1795/1795
f 1796/1796/1796 1797/1797/1797 1795/1795/1795
f 1798/1798/1798 1796/1796/1796 1793/1793/1793
f 1798/1798/1798 1799/1799/1799 1796/1796/1796
f 1799/1799/1799 1800/1800/1800 1796/1796/1796
f 1801/1801/1801 1799/1799/1799 1798/1798/1798
f 1801/1801/1801 1802/1802/1802 1799/1799/1799
f 1802/1802/1802 1803/1803/1803 1799/1799/1799
f 1804/1804/1804 1802/1802/1802 1801/1801/1801
f 1804/1804/1804 1805/1805/1805 1802/1802/1802
f 1805/1805/1805 1806/1806/1806 1802/1802/1802
f 1807/1807/1807 1809/1809/1809 1808/1808/1808
f 1807/1807/1807 1810/1810/1810 1809/1809/1809
f 1811/1811/1811 1810/1810/1810 1807/1807/1807
f 1810/1810/1810 1812/1812/1812 1809/1809/1809
f 1811/1811/1811 1813/1813/1813 1810/1810/1810
f 1814/1814/1814 1813/1813/1813 1811/1811/1811
f 1810/1810/1810 1815/1815/1815 1812/1812/1812
f 1813/1813/1813 1815/1815/1815 1810/1810/1810
f 1815/1815/1815 1816/1816/1816 1812/1812/1812
f 1814/1814/1814 1817/1817/1817 1813/1813/1813
f 1818/1818/1818 1817/1817/1817 1814/1814/1814
f 1818/1818/1818 1819/1819/1819 1817/1817/1817
f 1813/1813/1813 1820/1820/1820 1815/1815/1815
f 1817/1817/1817 1820/1820/1820 1813/1813/1813
f 1815/1815/1815 1821/1821/1821 1816/1816/1816
f 1820/1820/1820 1821/1821/1821 1815/1815/1815
f 1821/1821/1821 1822/1822/1822 1816/1816/1816
f 1819/1819/1819 1823/1823/1823 1817/1817/1817
f 1817/1817/1817 1823/1823/1823 1820/1820/1820
f 1819/1819/1819 1824/1824/1824 1823/1823/1823
f 1820/1820/1820 1825/1825/1825 1821/1821/1821
f 1823/1823/1823 1825/1825/1825 1820/1820/1820
f 1825/1825/1825 1826/1826/1826 1821/1821/1821
f 1824/1824/1824 1827/1827/1827 1823/1823/1823
f 1823/1823/1823 1827/1827/1827 1825/1825/1825
f 1827/1827/1827 1828/1828/1828 1825/1825/1825
f 1824/1824/1824 1829/1829/1829 1827/1827/1827
f 1829/1829/1829 1830/1830/1830 1827/1827/1827
f 1831/1831/1831 1833/1833/1833 1832/1832/1832
f 1831/1831/1831 1834/1834/1834 1833/1833/1833
f 1834/1834/1834 1835/1835/1835 1833/1833/1833
f 1836/1836/1836 1834/1834/1834 1831/1831/1831
f 1836/1836/1836 1837/1837/1837 1834/1834/1834
f 1837/1837/1837 1838/1838/1838 1834/1834/1834
f 1839/1839/1839 1837/1837/1837 1836/1836/1836
f 1839/1839/1839 1840/1840/1840 1837/1837/1837
f 1840/1840/1840 1841/1841/1841 1837/1837/1837
f 1842/1842/1842 1840/1840/1840 1839/1839/1839
f 1842/1842/1842 1843/1843/1843 1840/1840/1840
f 1843/1843/1843 1844/1844/1844 1840/1840/1840
f 1845/1845/1845 1847/1847/1847 1846/1846/1846
f 1845/1845/1845 1848/1848/1848 1847/1847/1847
f 1849/1849/1849 1848/1848/1848 1845/1845/1845
f 1848/1848/1848 1850/1850/1850 1847/1847/1847
f 1849/1849/1849 1851/1851/1851 1848/1848/1848
f 1852/1852/1852 1851/1851/1851 1849/1849/1849
f 1848/1848/1848 1853/1853/1853 1850/1850/1850
f 1851/1851/1851 1853/1853/1853 1848/1848/1848
f 1853/1853/1853 1854/1854/1854 1850/1850/1850
f 1852/1852/1852 1855/1855/1855 1851/1851/1851
f 1856/1856/1856 1855/1855/1855 1852/1852/1852
f 1856/1856/1856 1857/1857/1857 1855/1855/1855
f 1851/1851/1851 1858/1858/1858 1853/1853/1853
f 1855/1855/1855 1858/1858/1858 1851/1851/1851
f 1858/1858/1858 1859/1859/1859 1853/1853/1853
f 1857/1857/1857 1860/1860/1860 1855/1855/1855
f 1855/1855/1855 1860/1860/1860 1858/1858/1858
f 1860/1860/1860 1861/1861/1861 1858/1858/1858
f 1857/1857/1857 1862/1862/1862 1860/1860/1860
f 1862/1862/1862 1863/1863/1863 1860/1860/1860
f 1864/1864/1864 1866/1866/1866 1865/1865/1865
f 1864/1864/1864 1867/1867/1867 1866/1866/1866
f 1868/1868/1868 1867/1867/1867 1864/1864/1864
f 1867/1867/1867 1869/1869/1869 1866/1866/1866
f 1868/1868/1868 1870/1870/1870 1867/1867/1867
f 1871/1871/1871 1870/1870/1870 1868/1868/1868
f 1867/1867/1867 1872/1872/1872 1869/1869/1869
f 1870/1870/1870 1872/1872/1872 1867/1867/1867
f 1872/1872/1872 1873/1873/1873 1869/1869/1869
f 1871/1871/1871 1874/1874/1874 1870/1870/1870
f 1875/1875/1875 1874/1874/1874 1871/1871/1871
f 1875/1875/1875 1876/1876/1876 1874/1874/1874
f 1870/1870/1870 1877/1877/1877 1872/1872/1872
f 1874/1874/1874 1877/1877/1877 1870/1870/1870
f 1877/1877/1877 1878/1878/1878 1872/1872/1872
f 1876/1876/1876 1879/1879/1879 1874/1874/1874
f 1874/1874/1874 1879/1879/1879 1877/1877/1877
f 1879/1879/1879 1880/1880/1880 1877/1877/1877
f 1876/1876/1876 1881/1881/1881 1879/1879/1879
f 1881/1881/1881 1882/1882/1882 1879/1879/1879
f 1883/1883/1883 1885/1885/1885 1884/1884/1884
f 1883/1883/1883 1886/1886/1886 1885/1885/1885
f 1887/1887/1887 1886/1886/1886 1883/1883/1883
f 1886/1886/1886 1888/1888/1888 1885/1885/1885
f 1887/1887/1887 1889/1889/1889 1886/1886/1886
f 1890/1890/1890 1889/1889/1889 1887/1887/1887
f 1886/1886/1886 1891/1891/1891 1888/1888/1888
f 1889/1889/1889 1891/1891/1891 1886/1886/1886
f 1891/1891/1891 1892/1892/1892 1888/1888/1888
f 1890/1890/1890 1893/1893/1893 1889/1889/1889
f 1894/1894/1894 1893/1893/1893 1890/1890/1890
f 1894/1894/1894 1895/1895/1895 1893/1893/1893
f 1889/1889/1889 1896/1896/1896 1891/1891/1891
f 1893/1893/1893 1896/1896/1896 1889/1889/1889
f 1896/1896/1896 1897/1897/1897 1891/1891/1891
f 1895/1895/1895 1898/1898/1898 1893/1893/1893
f 1893/1893/1893 1898/1898/1898 1896/1896/1896
f 1898/1898/1898 1899/1899/1899 1896/1896/1896
f 1895/1895/1895 1900/1900/1900 1898/1898/1898
f 1900/1900/1900 1901/1901/1901 1898/1898/1898
f 1902/1902/1902 1904/1904/1904 1903/1903/1903
f 1902/1902/1902 1905/1905/1905 1904/1904/1904
f 1906/1906/1906 1905/1905/1905 1902/1902/1902
f 1905/1905/1905 1907/1907/1907 1904/1904/1904
f 1906/1906/1906 1908/1908/1908 1905/1905/1905
f 1909/1909/1909 1908/1908/1908 1906/1906/1906
f 1905/1905/1905 1910/1910/1910 1907/1907/1907
f 1908/1908/1908 1910/1910/1910 1905/1905/1905
f 1910/1910/1910 1911/1911/1911 1907/1907/1907
f 1909/1909/1909 1912/1912/1912 1908/1908/1908
f 1913/1913/1913 1912/1912/1912 1909/1909/1909
f 1913/1913/1913 1914/1914/1914 1912/1912/1912
f 1908/1908/1908 1915/1915/1915 1910/1910/1910
f 1912/1912/1912 1915/1915/1915 1908/1908/1908
f 1915/1915/1915 1916/1916/1916 1910/1910/1910
f 1914/1914/1914 1917/1917/1917 1912/1912/1912
f 1912/1912/1912 1917/1917/1917 1915/1915/1915
f 1917/1917/1917 1918/1918/1918 1915/1915/1915
f 1914/1914/1914 1919/1919/1919 1917/1917/1917
f 1919/1919/1919 1920/1920/1920 1917/1917/1917
f 1921/1921/1921 1923/1923/1923 1922/1922/1922
f 1921/1921/1921 1924/1924/1924 1923/1923/1923
f 1925/1925/1925 1924/1924/1924 1921/1921/1921
f 1924/1924/1924 1926/1926/1926 1923/1923/1923
f 1925/1925/1925 1927/1927/1927 1924/1924/1924
f 1928/1928/1928 1927/1927/1927 1925/1925/1925
f 1924/1924/1924 1929/1929/1929 1926/1926/1926
f 1927/1927/1927 1929/1929/1929 1924/1924/1924
f 1929/1929/1929 1930/1930/1930 1926/1926/1926
f 1928/1928/1928 1931/1931/1931 1927/1927/1927
f 1932/1932/1932 1931/1931/1931 1928/1928/1928
f 1932/1932/1932 1933/1933/1933 1931/1931/1931
f 1927/1927/1927 1934/1934/1934 1929/1929/1929
f 1931/1931/1931 1934/1934/1934 1927/1927/1927
f 1934/1934/1934 1935/1935/1935 1929/1929/1929
f 1933/1933/1933 1936/1936/1936 1931/1931/1931
f 1931/1931/1931 1936/1936/1936 1934/1934/1934
f 1936/1936/1936 1937/1937/1937 1934/1934/1934
f 1933/1933/1933 1938/1938/1938 1936/1936/1936
f 1938/1938/1938 1939/1939/1939 1936/1936/1936
f 1940/1940/1940 1942/1942/1942 1941/1941/1941
f 1940/1940/1940 1943/1943/1943 1942/1942/1942
f 1944/1944/1944 1943/1943/1943 1940/1940/1940
f 1943/1943/1943 1945/1945/1945 1942/1942/1942
f 1944/1944/1944 1946/1946/1946 1943/1943/1943
f 1947/1947/1947 1946/1946/1946 1944/1944/1944
f 1943/1943/1943 1948/1948/1948 1945/1945/1945
f 1946/1946/1946 1948/1948/1948 1943/1943/1943
f 1948/1948/1948 1949/1949/1949 1945/1945/1945
f 1947/1947/1947 1950/1950/1950 1946/1946/1946
f 1951/1951/1951 1950/1950/1950 1947/1947/1947
f 1951/1951/1951 1952/1952/1952 1950/1950/1950
f 1946/1946/1946 1953/1953/1953 1948/1948/1948
f 1950/1950/1950 1953/1953/1953 1946/1946/1946
f 1953/1953/1953 1954/1954/1954 1948/1948/1948
f 1952/1952/1952 1955/1955/1955 1950/1950/1950
f 1950/1950/1950 1955/1955/1955 1953/1953/1953
f 1955/1955/1955 1956/1956/1956 1953/1953/1953
f 1952/1952/1952 1957/1957/1957 1955/1955/1955
f 1957/1957/1957 1958/1958/1958 1955/1955/1955
f 1959/1959/1959 1961/1961/1961 1960/1960/1960
f 1959/1959/1959 1962/1962/1962 1961/1961/1961
f 1963/1963/1963 1962/1962/1962 1959/1959/1959
f 1962/1962/1962 1964/1964/1964 1961/1961/1961
f 1963/1963/1963 1965/1965/1965 1962/1962/1962
f 1966/1966/1966 1965/1965/1965 1963/1963/1963
f 1962/1962/1962 1967/1967/1967 1964/1964/1964
f 1965/1965/1965 1967/1967/1967 1962/1962/1962
f 1967/1967/1967 1968/1968/1968 1964/1964/1964
f 1966/1966/1966 1969/1969/1969 1965/1965/1965
f 1970/1970/1970 1969/1969/1969 1966/1966/1966
f 1970/1970/1970 1971/1971/1971 1969/1969/1969
f 1965/1965/1965 1972/1972/1972 1967/1967/1967
f 1969/1969/1969 1972/1972/1972 1965/1965/1965
f 1972/1972/1972 1973/1973/1973 1967/1967/1967
f 1971/1971/1971 1974/1974/1974 1969/1969/1969
f 1969/1969/1969 1974/1974/1974 1972/1972/1972
f 1974/1974/1974 1975/1975/1975 1972/1972/1972
f 1971/1971/1971 1976/1976/1976 1974/1974/1974
f 1976/1976/1976 1977/1977/1977 1974/1974/1974
f 1978/1978/1978 1980/1980/1980 1979/1979/1979
f 1978/1978/1978 1981/1981/1981 1980/1980/1980
f 1982/1982/1982 1981/1981/1981 1978/1978/1978
f 1981/1981/1981 1983/1983/1983 1980/1980/1980
f 1982/1982/1982 1984/1984/1984 1981/1981/1981
f 1985/1985/1985 1984/1984/1984 1982/1982/1982
f 1981/1981/1981 1986/1986/1986 1983/1983/1983
f 1984/1984/1984 1986/1986/1986 1981/1981/1981
f 1986/1986/1986 1987/1987/1987 1983/1983/1983
f 1985/1985/1985 1988/1988/1988 1984/1984/1984
f 1989/1989/1989 1988/1988/1988 1985/1985/1985
f 1989/1989/1989 1990/1990/1990 1988/1988/1988
f 1984/1984/1984 1991/1991/1991 1986/1986/1986
f 1988/1988/1988 1991/1991/1991 1984/1984/1984
f 1986/1986/1986 1992/1992/1992 1987/1987/1987
f 1991/1991/1991 1992/1992/1992 1986/1986/1986
f 1992/1992/1992 1993/1993/1993 1987/1987/1987
f 1990/1990/1990 1994/1994/1994 1988/1988/1988
f 1988/1988/1988 1994/1994/1994 1991/1991/1991
f 1990/1990/1990 1995/1995/1995 1994/1994/1994
f 1991/1991/1991 1996/1996/1996 1992/1992/1992
f 1994/1994/1994 1996/1996/1996 1991/1991/1991
f 1996/1996/1996 1997/1997/1997 1992/1992/1992
f 1995/1995/1995 1998/1998/1998 1994/1994/1994
f 1994/1994/1994 1998/1998/1998 1996/1996/1996
f 1998/1998/1998 1999/1999/1999 1996/1996/1996
f 1995/1995/1995 2000/2000/2000 1998/1998/1998
f 2000/2000/2000 2001/2001/2001 1998/1998/1998
f 2002/2002/2002 2004/2004/2004 2003/2003/2003
f 2002/2002/2002 2005/2005/2005 2004/2004/2004
f 2005/2005/2005 2006/2006/2006 2004/2004/2004
f 2007/2007/2007 2005/2005/2005 2002/2002/2002
f 2007/2007/2007 2008/2008/2008 2005/2005/2005
f 2008/2008/2008 2009/2009/2009 2005/2005/2005
f 2010/2010/2010 2008/2008/2008 2007/2007/2007
f 2010/2010/2010 2011/2011/2011 2008/2008/2008
f 2011/2011/2011 2012/2012/2012 2008/2008/2008
f 2013/2013/2013 2011/2011/2011 2010/2010/2010
f 2013/2013/2013 2014/2014/2014 2011/2011/2011
f 2014/2014/2014 2015/2015/2015 2011/2011/2011
f 2016/2016/2016 2018/2018/2018 2017/2017/2017
f 2016/2016/2016 2019/2019/2019 2018/2018/2018
f 2020/2020/2020 2019/2019/2019 2016/2016/2016
f 2019/2019/2019 2021/2021/2021 2018/2018/2018
f 2020/2020/2020 2022/2022/2022 2019/2019/2019
f 2023/2023/2023 2022/2022/2022 2020/2020/2020
f 2019/2019/2019 2024/2024/2024 2021/2021/2021
f 2022/2022/2022 2024/2024/2024 2019/2019/2019
f 2024/2024/2024 2025/2025/2025 2021/2021/2021
f 2023/2023/2023 2026/2026/2026 2022/2022/2022
f 2027/2027/2027 2026/2026/2026 2023/2023/2023
f 2027/2027/2027 2028/2028/2028 2026/2026/2026
f 2022/2022/2022 2029/2029/2029 2024/2024/2024
f 2026/2026/2026 2029/2029/2029 2022/2022/2022
f 2024/2024/2024 2030/2030/2030 2025/2025/2025
f 2029/2029/2029 2030/2030/2030 2024/2024/2024
f 2030/2030/2030 2031/2031/2031 2025/2025/2025
f 2028/2028/2028 2032/2032/2032 2026/2026/2026
f 2026/2026/2026 2032/2032/2032 2029/2029/2029
f 2028/2028/2028 2033/2033/2033 2032/2032/2032
f 2029/2029/2029 2034/2034/2034 2030/2030/2030
f 2032/2032/2032 2034/2034/2034 2029/2029/2029
f 2034/2034/2034 2035/2035/2035 2030/2030/2030
f 2033/2033/2033 2036/2036/2036 2032/2032/2032
f 2032/2032/2032 2036/2036/2036 2034/2034/2034
f 2036/2036/2036 2037/2037/2037 2034/2034/2034
f 2033/2033/2033 2038/2038/2038 2036/2036/2036
f 2038/2038/2038 2039/2039/2039 2036/2036/2036
f 2040/2040/2040 2042/2042/2042 2041/2041/2041
f 2040/2040/2040 2043/2043/2043 2042/2042/2042
f 2044/2044/2044 2043/2043/2043 2040/2040/2040
f 2043/2043/2043 2045/2045/2045 2042/2042/2042
f 2044/2044/2044 2046/2046/2046 2043/2043/2043
f 2047/2047/2047 2046/2046/2046 2044/2044/2044
f 2043/2043/2043 2048/2048/2048 2045/2045/2045
f 2046/2046/2046 2048/2048/2048 2043/2043/2043
f 2048/2048/2048 2049/2049/2049 2045/2045/2045
f 2047/2047/2047 2050/2050/2050 2046/2046/2046
f 2051/2051/2051 2050/2050/2050 2047/2047/2047
f 2051/2051/2051 2052/2052/2052 2050/2050/2050
f 2046/2046/2046 2053/2053/2053 2048/2048/2048
f 2050/2050/2050 2053/2053/2053 2046/2046/2046
f 2053/2053/2053 2054/2054/2054 2048/2048/2048
f 2052/2052/2052 2055/2055/2055 2050/2050/2050
f 2050/2050/2050 2055/2055/2055 2053/2053/2053
f 2055/2055/2055 2056/2056/2056 2053/2053/2053
f 2052/2052/2052 2057/2057/2057 2055/2055/2055
f 2057/2057/2057 2058/2058/2058 2055/2055/2055
f 2059/2059/2059 2061/2061/2061 2060/2060/2060
f 2059/2059/2059 2062/2062/2062 2061/2061/2061
f 2063/2063/2063 2062/2062/2062 2059/2059/2059
f 2062/2062/2062 2064/2064/2064 2061/2061/2061
f 2063/2063/2063 2065/2065/2065 2062/2062/2062
f 2066/2066/2066 2065/2065/2065 2063/2063/2063
f 2062/2062/2062 2067/2067/2067 2064/2064/2064
f 2065/2065/2065 2067/2067/2067 2062/2062/2062
f 2067/2067/2067 2068/2068/2068 2064/2064/2064
f 2066/2066/2066 2069/2069/2069 2065/2065/2065
f 2070/2070/2070 2069/2069/2069 2066/2066/2066
f 2070/2070/2070 2071/2071/2071 2069/2069/2069
f 2065/2065/2065 2072/2072/2072 2067/2067/2067
f 2069/2069/2069 2072/2072/2072 2065/2065/2065
f 2067/2067/2067 2073/2073/2073 2068/2068/2068
f 2072/2072/2072 2073/2073/2073 2067/2067/2067
f 2073/2073/2073 2074/2074/2074 2068/2068/2068
f 2071/2071/2071 2075/2075/2075 2069/2069/2069
f 2069/2069/2069 2075/2075/2075 2072/2072/2072
f 2071/2071/2071 2076/2076/2076 2075/2075/2075
f 2072/2072/2072 2077/2077/2077 2073/2073/2073
f 2075/2075/2075 2077/2077/2077 2072/2072/2072
f 2077/2077/2077 2078/2078/2078 2073/2073/2073
f 2076/2076/2076 2079/2079/2079 2075/2075/2075
f 2075/2075/2075 2079/2079/2079 2077/2077/2077
f 2079/2079/2079 2080/2080/2080 2077/2077/2077
f 2076/2076/2076 2081/2081/2081 2079/2079/2079
f 2081/2081/2081 2082/2082/2082 2079/2079/2079
f 2083/2083/2083 2085/2085/2085 2084/2084/2084
f 2083/2083/2083 2086/2086/2086 2085/2085/2085
f 2087/2087/2087 2086/2086/2086 2083/2083/2083
f 2086/2086/2086 2088/2088/2088 2085/2085/2085
f 2087/2087/2087 2089/2089/2089 2086/2086/2086
f 2090/2090/2090 2089/2089/2089 2087/2087/2087
f 2086/2086/2086 2091/2091/2091 2088/2088/2088
f 2089/2089/2089 2091/2091/2091 2086/2086/2086
f 2091/2091/2091 2092/2092/2092 2088/2088/2088
f 2090/2090/2090 2093/2093/2093 2089/2089/2089
f 2094/2094/2094 2093/2093/2093 2090/2090/2090
f 2094/2094/2094 2095/2095/2095 2093/2093/2093
f 2089/2089/2089 2096/2096/2096 2091/2091/2091
f 2093/2093/2093 2096/2096/2096 2089/2089/2089
f 2096/2096/2096 2097/2097/2097 2091/2091/2091
f 2095/2095/2095 2098/2098/2098 2093/2093/2093
f 2093/2093/2093 2098/2098/2098 2096/2096/2096
f 2098/2098/2098 2099/2099/2099 2096/2096/2096
f 2095/2095/2095 2100/2100/2100 2098/2098/2098
f 2100/2100/2100 2101/2101/2101 2098/2098/2098
f 2102/2102/2102 2104/2104/2104 2103/2103/2103
f 2102/2102/2102 2105/2105/2105 2104/2104/2104
f 2105/2105/2105 2106/2106/2106 2104/2104/2104
f 2107/2107/2107 2105/2105/2105 2102/2102/2102
f 2107/2107/2107 2108/2108/2108 2105/2105/2105
f 2108/2108/2108 2109/2109/2109 2105/2105/2105
f 2110/2110/2110 2108/2108/2108 2107/2107/2107
f 2110/2110/2110 2111/2111/2111 2108/2108/2108
f 2111/2111/2111 2112/2112/2112 2108/2108/2108
f 2113/2113/2113 2111/2111/2111 2110/2110/2110
f 2113/2113/2113 2114/2114/2114 2111/2111/2111
f 2114/2114/2114 2115/2115/2115 2111/2111/2111
f 2116/2116/2116 2118/2118/2118 2117/2117/2117
f 2116/2116/2116 2119/2119/2119 2118/2118/2118
f 2120/2120/2120 2119/2119/2119 2116/2116/2116
f 2119/2119/2119 2121/2121/2121 2118/2118/2118
f 2120/2120/2120 2122/2122/2122 2119/2119/2119
f 2123/2123/2123 2122/2122/2122 2120/2120/2120
f 2119/2119/2119 2124/2124/2124 2121/2121/2121
f 2122/2122/2122 2124/2124/2124 2119/2119/2119
f 2124/2124/2124 2125/2125/2125 2121/2121/2121
f 2123/2123/2123 2126/2126/2126 2122/2122/2122
f 2127/2127/2127 2126/2126/2126 2123/2123/2123
f 2127/2127/2127 2128/2128/2128 2126/2126/2126
f 2122/2122/2122 2129/2129/2129 2124/2124/2124
f 2126/2126/2126 2129/2129/2129 2122/2122/2122
f 2129/2129/2129 2130/2130/2130 2124/2124/2124
f 2128/2128/2128 2131/2131/2131 2126/2126/2126
f 2126/2126/2126 2131/2131/2131 2129/2129/2129
f 2131/2131/2131 2132/2132/2132 2129/2129/2129
f 2128/2128/2128 2133/2133/2133 2131/2131/2131
f 2133/2133/2133 2134/2134/2134 2131/2131/2131
f 2135/2135/2135 2137/2137/2137 2136/2136/2136
f 2135/2135/2135 2138/2138/2138 2137/2137/2137
f 2138/2138/2138 2139/2139/2139 2137/2137/2137
f 2140/2140/2140 2138/2138/2138 2135/2135/2135
f 2140/2140/2140 2141/2141/2141 2138/2138/2138
f 2141/2141/2141 2142/2142/2142 2138/2138/2138
f 2143/2143/2143 2141/2141/2141 2140/2140/2140
f 2143/2143/2143 2144/2144/2144 2141/2141/2141
f 2144/2144/2144 2145/2145/2145 2141/2141/2141
f 2146/2146/2146 2144/2144/2144 2143/2143/2143
f 2146/2146/2146 2147/2147/2147 2144/2144/2144
f 2147/2147/2147 2148/2148/2148 2144/2144/2144
f 2149/2149/2149 2151/2151/2151 2150/2150/2150
f 2149/2149/2149 2152/2152/2152 2151/2151/2151
f 2153/2153/2153 2152/2152/2152 2149/2149/2149
f 2152/2152/2152 2154/2154/2154 2151/2151/2151
f 2153/2153/2153 2155/2155/2155 2152/2152/2152
f 2156/2156/2156 2155/2155/2155 2153/2153/2153
f 2152/2152/2152 2157/2157/2157 2154/2154/2154
f 2155/2155/2155 2157/2157/2157 2152/2152/2152
f 2157/2157/2157 2158/2158/2158 2154/2154/2154
f 2156/2156/2156 2159/2159/2159 2155/2155/2155
f 2160/2160/2160 2159/2159/2159 2156/2156/2156
f 2160/2160/2160 2161/2161/2161 2159/2159/2159
f 2155/2155/2155 2162/2162/2162 2157/2157/2157
f 2159/2159/2159 2162/2162/2162 2155/2155/2155
f 2157/2157/2157 2163/2163/2163 2158/2158/2158
f 2162/2162/2162 2163/2163/2163 2157/2157/2157
f 2163/2163/2163 2164/2164/2164 2158/2158/2158
f 2161/2161/2161 2165/2165/2165 2159/2159/2159
f 2159/2159/2159 2165/2165/2165 2162/2162/2162
f 2161/2161/2161 2166/2166/2166 2165/2165/2165
f 2162/2162/2162 2167/2167/2167 2163/2163/2163
f 2165/2165/2165 2167/2167/2167 2162/2162/2162
f 2167/2167/2167 2168/2168/2168 2163/2163/2163
f 2166/2166/2166 2169/2169/2169 2165/2165/2165
f 2165/2165/2165 2169/2169/2169 2167/2167/2167
f 2169/2169/2169 2170/2170/2170 2167/2167/2167
f 2166/2166/2166 2171/2171/2171 2169/2169/2169
f 2171/2171/2171 2172/2172/2172 2169/2169/2169
f 2173/2173/2173 2175/2175/2175 2174/2174/2174
f 2173/2173/2173 2176/2176/2176 2175/2175/2175
f 2177/2177/2177 2176/2176/2176 2173/2173/2173
f 2176/2176/2176 2178/2178/2178 2175/2175/2175
f 2177/2177/2177 2179/2179/2179 2176/2176/2176
f 2180/2180/2180 2179/2179/2179 2177/2177/2177
f 2176/2176/2176 2181/2181/2181 2178/2178/2178
f 2179/2179/2179 2181/2181/2181 2176/2176/2176
f 2181/2181/2181 2182/2182/2182 2178/2178/2178
f 2180/2180/2180 2183/2183/2183 2179/2179/2179
f 2184/2184/2184 2183/2183/2183 2180/2180/2180
f 2184/2184/2184 2185/2185/2185 2183/2183/2183
f 2179/2179/2179 2186/2186/2186 2181/2181/2181
f 2183/2183/2183 2186/2186/2186 2179/2179/2179
f 2186/2186/2186 2187/2187/2187 2181/2181/2181
f 2185/2185/2185 2188/2188/2188 2183/2183/2183
f 2183/2183/2183 2188/2188/2188 2186/2186/2186
f 2188/2188/2188 2189/2189/2189 2186/2186/2186
f 2185/2185/2185 2190/2190/2190 2188/2188/2188
f 2190/2190/2190 2191/2191/2191 2188/2188/2188
f 2192/2192/2192 2194/2194/2194 2193/2193/2193
f 2192/2192/2192 2195/2195/2195 2194/2194/2194
f 2196/2196/2196 2195/2195/2195 2192/2192/2192
f 2195/2195/2195 2197/2197/2197 2194/2194/2194
f 2196/2196/2196 2198/2198/2198 2195/2195/2195
f 2199/2199/2199 2198/2198/2198 2196/2196/2196
f 2195/2195/2195 2200/2200/2200 2197/2197/2197
f 2198/2198/2198 2200/2200/2200 2195/2195/2195
f 2200/2200/2200 2201/2201/2201 2197/2197/2197
f 2199/2199/2199 2202/2202/2202 2198/2198/2198
f 2203/2203/2203 2202/2202/2202 2199/2199/2199
f 2203/2203/2203 2204/2204/2204 2202/2202/2202
f 2198/2198/2198 2205/2205/2205 2200/2200/2200
f 2202/2202/2202 2205/2205/2205 2198/2198/2198
f 2205/2205/2205 2206/2206/2206 2200/2200/2200
f 2204/2204/2204 2207/2207/2207 2202/2202/2202
f 2202/2202/2202 2207/2207/2207 2205/2205/2205
f 2207/2207/2207 2208/2208/2208 2205/2205/2205
f 2204/2204/2204 2209/2209/2209 2207/2207/2207
f 2209/2209/2209 2210/2210/2210 2207/2207/2207
f 2211/2211/2211 2213/2213/2213 2212/2212/2212
f 2211/2211/2211 2214/2214/2214 2213/2213/2213
f 2215/2215/2215 2214/2214/2214 2211/2211/2211
f 2214/2214/2214 2216/2216/2216 2213/2213/2213
f 2215/2215/2215 2217/2217/2217 2214/2214/2214
f 2218/2218/2218 2217/2217/2217 2215/2215/2215
f 2214/2214/2214 2219/2219/2219 2216/2216/2216
f 2217/2217/2217 2219/2219/2219 2214/2214/2214
f 2219/2219/2219 2220/2220/2220 2216/2216/2216
f 2218/2218/2218 2221/2221/2221 2217/2217/2217
f 2222/2222/2222 2221/2221/2221 2218/2218/2218
f 2222/2222/2222 2223/2223/2223 2221/2221/2221
f 2217/2217/2217 2224/2224/2224 2219/2219/2219
f 2221/2221/2221 2224/2224/2224 2217/2217/2217
f 2224/2224/2224 2225/2225/2225 2219/2219/2219
f 2223/2223/2223 2226/2226/2226 2221/2221/2221
f 2221/2221/2221 2226/2226/2226 2224/2224/2224
f 2226/2226/2226 2227/2227/2227 2224/2224/2224
f 2223/2223/2223 2228/2228/2228 2226/2226/2226
f 2228/2228/2228 2229/2229/2229 2226/2226/2226
f 2230/2230/2230 2232/2232/2232 2231/2231/2231
f 2230/2230/2230 2233/2233/2233 2232/2232/2232
f 2233/2233/2233 2234/2234/2234 2232/2232/2232
f 2235/2235/2235 2233/2233/2233 2230/2230/2230
f 2235/2235/2235 2236/2236/2236 2233/2233/2233
f 2236/2236/2236 2237/2237/2237 2233/2233/2233
f 2238/2238/2238 2236/2236/2236 2235/2235/2235
f 2238/2238/2238 2239/2239/2239 2236/2236/2236
f 2239/2239/2239 2240/2240/2240 2236/2236/2236
f 2241/2241/2241 2239/2239/2239 2238/2238/2238
f 2241/2241/2241 2242/2242/2242 2239/2239/2239
f 2242/2242/2242 2243/2243/2243 2239/2239/2239
f 2244/2244/2244 2246/2246/2246 2245/2245/2245
f 2244/2244/2244 2247/2247/2247 2246/2246/2246
f 2247/2247/2247 2248/2248/2248 2246/2246/2246
f 2249/2249/2249 2247/2247/2247 2244/2244/2244
f 2249/2249/2249 2250/2250/2250 2247/2247/2247
f 2250/2250/2250 2251/2251/2251 2247/2247/2247
f 2252/2252/2252 2250/2250/2250 2249/2249/2249
f 2252/2252/2252 2253/2253/2253 2250/2250/2250
f 2253/2253/2253 2254/2254/2254 2250/2250/2250
f 2255/2255/2255 2253/2253/2253 2252/2252/2252
f 2255/2255/2255 2256/2256/2256 2253/2253/2253
f 2256/2256/2256 2257/2257/2257 2253/2253/2253
f 2258/2258/2258 2260/2260/2260 2259/2259/2259
f 2258/2258/2258 2261/2261/2261 2260/2260/2260
f 2262/2262/2262 2261/2261/2261 2258/2258/2258
f 2261/2261/2261 2263/2263/2263 2260/2260/2260
f 2262/2262/2262 2264/2264/2264 2261/2261/2261
f 2265/2265/2265 2264/2264/2264 2262/2262/2262
f 2261/2261/2261 2266/2266/2266 2263/2263/2263
f 2264/2264/2264 2266/2266/2266 2261/2261/2261
f 2266/2266/2266 2267/2267/2267 2263/2263/2263
f 2265/2265/2265 2268/2268/2268 2264/2264/2264
f 2269/2269/2269 2268/2268/2268 2265/2265/2265
f 2269/2269/2269 2270/2270/2270 2268/2268/2268
f 2264/2264/2264 2271/2271/2271 2266/2266/2266
f 2268/2268/2268 2271/2271/2271 2264/2264/2264
f 2271/2271/2271 2272/2272/2272 2266/2266/2266
f 2270/2270/2270 2273/2273/2273 2268/2268/2268
f 2268/2268/2268 2273/2273/2273 2271/2271/2271
f 2273/2273/2273 2274/2274/2274 2271/2271/2271
f 2270/2270/2270 2275/2275/2275 2273/2273/2273
f 2275/2275/2275 2276/2276/2276 2273/2273/2273
f 2277/2277/2277 2279/2279/2279 2278/2278/2278
f 2277/2277/2277 2280/2280/2280 2279/2279/2279
f 2281/2281/2281 2280/2280/2280 2277/2277/2277
f 2280/2280/2280 2282/2282/2282 2279/2279/2279
f 2281/2281/2281 2283/2283/2283 2280/2280/2280
f 2284/2284/2284 2283/2283/2283 2281/2281/2281
f 2280/2280/2280 2285/2285/2285 2282/2282/2282
f 2283/2283/2283 2285/2285/2285 2280/2280/2280
f 2285/2285/2285 2286/2286/2286 2282/2282/2282
f 2284/2284/2284 2287/2287/2287 2283/2283/2283
f 2288/2288/2288 2287/2287/2287 2284/2284/2284
f 2288/2288/2288 2289/2289/2289 2287/2287/2287
f 2283/2283/2283 2290/2290/2290 2285/2285/2285
f 2287/2287/2287 2290/2290/2290 2283/2283/2283
f 2290/2290/2290 2291/2291/2291 2285/2285/2285
f 2289/2289/2289 2292/2292/2292 2287/2287/2287
f 2287/2287/2287 2292/2292/2292 2290/2290/2290
f 2292/2292/2292 2293/2293/2293 2290/2290/2290
f 2289/2289/2289 2294/2294/2294 2292/2292/2292
f 2294/2294/2294 2295/2295/2295 2292/2292/2292
f 2296/2296/2296 2298/2298/2298 2297/2297/2297
f 2296/2296/2296 2299/2299/2299 2298/2298/2298
f 2300/2300/2300 2299/2299/2299 2296/2296/2296
f 2299/2299/2299 2301/2301/2301 2298/2298/2298
f 2300/2300/2300 2302/2302/2302 2299/2299/2299
f 2303/2303/2303 2302/2302/2302 2300/2300/2300
f 2299/2299/2299 2304/2304/2304 2301/2301/2301
f 2302/2302/2302 2304/2304/2304 2299/2299/2299
f 2304/2304/2304 2305/2305/2305 2301/2301/2301
f 2303/2303/2303 2306/2306/2306 2302/2302/2302
f 2307/2307/2307 2306/2306/2306 2303/2303/2303
f 2307/2307/2307 2308/2308/2308 2306/2306/2306
f 2302/2302/2302 2309/2309/2309 2304/2304/2304
f 2306/2306/2306 2309/2309/2309 2302/2302/2302
f 2309/2309/2309 2310/2310/2310 2304/2304/2304
f 2308/2308/2308 2311/2311/2311 2306/2306/2306
f 2306/2306/2306 2311/2311/2311 2309/2309/2309
f 2311/2311/2311 2312/2312/2312 2309/2309/2309
f 2308/2308/2308 2313/2313/2313 2311/2311/2311
f 2313/2313/2313 2314/2314/2314 2311/2311/2311
f 2315/2315/2315 2317/2317/2317 2316/2316/2316
f 2315/2315/2315 2318/2318/2318 2317/2317/2317
f 2319/2319/2319 2318/2318/2318 2315/2315/2315
f 2318/2318/2318 2320/2320/2320 2317/2317/2317
f 2319/2319/2319 2321/2321/2321 2318/2318/2318
f 2322/2322/2322 2321/2321/2321 2319/2319/2319
f 2318/2318/2318 2323/2323/2323 2320/2320/2320
f 2321/2321/2321 2323/2323/2323 2318/2318/2318
f 2323/2323/2323 2324/2324/2324 2320/2320/2320
f 2322/2322/2322 2325/2325/2325 2321/2321/2321
f 2326/2326/2326 2325/2325/2325 2322/2322/2322
f 2326/2326/2326 2327/2327/2327 2325/2325/2325
f 2321/2321/2321 2328/2328/2328 2323/2323/2323
f 2325/2325/2325 2328/2328/2328 2321/2321/2321
f 2328/2328/2328 2329/2329/2329 2323/2323/2323
f 2327/2327/2327 2330/2330/2330 2325/2325/2325
f 2325/2325/2325 2330/2330/2330 2328/2328/2328
f 2330/2330/2330 2331/2331/2331 2328/2328/2328
f 2327/2327/2327 2332/2332/2332 2330/2330/2330
f 2332/2332/2332 2333/2333/2333 2330/2330/2330
f 2334/2334/2334 2336/2336/2336 2335/2335/2335
f 2334/2334/2334 2337/2337/2337 2336/2336/2336
f 2338/2338/2338 2337/2337/2337 2334/2334/2334
f 2337/2337/2337 2339/2339/2339 2336/2336/2336
f 2338/2338/2338 2340/2340/2340 2337/2337/2337
f 2341/2341/2341 2340/2340/2340 2338/2338/2338
f 2337/2337/2337 2342/2342/2342 2339/2339/2339
f 2340/2340/2340 2342/2342/2342 2337/2337/2337
f 2342/2342/2342 2343/2343/2343 2339/2339/2339
f 2341/2341/2341 2344/2344/2344 2340/2340/2340
f 2345/2345/2345 2344/2344/2344 2341/2341/2341
f 2345/2345/2345 2346/2346/2346 2344/2344/2344
f 2340/2340/2340 2347/2347/2347 2342/2342/2342
f 2344/2344/2344 2347/2347/2347 2340/2340/2340
f 2347/2347/2347 2348/2348/2348 2342/2342/2342
f 2346/2346/2346 2349/2349/2349 2344/2344/2344
f 2344/2344/2344 2349/2349/2349 2347/2347/2347
f 2349/2349/2349 2350/2350/2350 2347/2347/2347
f 2346/2346/2346 2351/2351/2351 2349/2349/2349
f 2351/2351/2351 2352/2352/2352 2349/2349/2349
f 2353/2353/2353 2355/2355/2355 2354/2354/2354
f 2353/2353/2353 2356/2356/2356 2355/2355/2355
f 2357/2357/2357 2356/2356/2356 2353/2353/2353
f 2356/2356/2356 2358/2358/2358 2355/2355/2355
f 2357/2357/2357 2359/2359/2359 2356/2356/2356
f 2360/2360/2360 2359/2359/2359 2357/2357/2357
f 2356/2356/2356 2361/2361/2361 2358/2358/2358
f 2359/2359/2359 2361/2361/2361 2356/2356/2356
f 2361/2361/2361 2362/2362/2362 2358/2358/2358
f 2360/2360/2360 2363/2363/2363 2359/2359/2359
f 2364/2364/2364 2363/2363/2363 2360/2360/2360
f 2364/2364/2364 2365/2365/2365 2363/2363/2363
f 2359/2359/2359 2366/2366/2366 2361/2361/2361
f 2363/2363/2363 2366/2366/2366 2359/2359/2359
f 2361/2361/2361 2367/2367/2367 2362/2362/2362
f 2366/2366/2366 2367/2367/2367 2361/2361/2361
f 2367/2367/2367 2368/2368/2368 2362/2362/2362
f 2365/2365/2365 2369/2369/2369 2363/2363/2363
f 2363/2363/2363 2369/2369/2369 2366/2366/2366
f 2365/2365/2365 2370/2370/2370 2369/2369/2369
f 2366/2366/2366 2371/2371/2371 2367/2367/2367
f 2369/2369/2369 2371/2371/2371 2366/2366/2366
f 2371/2371/2371 2372/2372/2372 2367/2367/2367
f 2370/2370/2370 2373/2373/2373 2369/2369/2369
f 2369/2369/2369 2373/2373/2373 2371/2371/2371
f 2373/2373/2373 2374/2374/2374 2371/2371/2371
f 2370/2370/2370 2375/2375/2375 2373/2373/2373
f 2375/2375/2375 2376/2376/2376 2373/2373/2373
f 2377/2377/2377 2379/2379/2379 2378/2378/2378
f 2377/2377/2377 2380/2380/2380 2379/2379/2379
f 2380/2380/2380 2381/2381/2381 2379/2379/2379
f 2382/2382/2382 2380/2380/2380 2377/2377/2377
f 2382/2382/2382 2383/2383/2383 2380/2380/2380
f 2383/2383/2383 2384/2384/2384 2380/2380/2380
f 2385/2385/2385 2383/2383/2383 2382/2382/2382
f 2385/2385/2385 2386/2386/2386 2383/2383/2383
f 2386/2386/2386 2387/2387/2387 2383/2383/2383
f 2388/2388/2388 2386/2386/2386 2385/2385/2385
f 2388/2388/2388 2389/2389/2389 2386/2386/2386
f 2389/2389/2389 2390/2390/2390 2386/2386/2386
f 2391/2391/2391 2393/2393/2393 2392/2392/2392
f 2391/2391/2391 2394/2394/2394 2393/2393/2393
f 2394/2394/2394 2395/2395/2395 2393/2393/2393
f 2396/2396/2396 2394/2394/2394 2391/2391/2391
f 2396/2396/2396 2397/2397/2397 2394/2394/2394
f 2397/2397/2397 2398/2398/2398 2394/2394/2394
f 2399/2399/2399 2397/2397/2397 2396/2396/2396
f 2399/2399/2399 2400/2400/2400 2397/2397/2397
f 2400/2400/2400 2401/2401/2401 2397/2397/2397
f 2402/2402/2402 2400/2400/2400 2399/2399/2399
f 2402/2402/2402 2403/2403/2403 2400/2400/2400
f 2403/2403/2403 2404/2404/2404 2400/2400/2400
f 2405/2405/2405 2407/2407/2407 2406/2406/2406
f 2405/2405/2405 2408/2408/2408 2407/2407/2407
f 2409/2409/2409 2408/2408/2408 2405/2405/2405
f 2408/2408/2408 2410/2410/2410 2407/2407/2407
f 2409/2409/2409 2411/2411/2411 2408/2408/2408
f 2412/2412/2412 2411/2411/2411 2409/2409/2409
f 2408/2408/2408 2413/2413/2413 2410/2410/2410
f 2411/2411/2411 2413/2413/2413 2408/2408/2408
f 2413/2413/2413 2414/2414/2414 2410/2410/2410
f 2412/2412/2412 2415/2415/2415 2411/2411/2411
f 2416/2416/2416 2415/2415/2415 2412/2412/2412
f 2416/2416/2416 2417/2417/2417 2415/2415/2415
f 2411/2411/2411 2418/2418/2418 2413/2413/2413
f 2415/2415/2415 2418/2418/2418 2411/2411/2411
f 2418/2418/2418 2419/2419/2419 2413/2413/2413
f 2417/2417/2417 2420/2420/2420 2415/2415/2415
f 2415/2415/2415 2420/2420/2420 2418/2418/2418
f 2420/2420/2420 2421/2421/2421 2418/2418/2418
f 2417/2417/2417 2422/2422/2422 2420/2420/2420
f 2422/2422/2422 2423/2423/2423 2420/2420/2420
f 2424/2424/2424 2426/2426/2426 2425/2425/2425
f 2424/2424/2424 2427/2427/2427 2426/2426/2426
f 2428/2428/2428 2427/2427/2427 2424/2424/2424
f 2427/2427/2427 2429/2429/2429 2426/2426/2426
f 2428/2428/2428 2430/2430/2430 2427/2427/2427
f 2431/2431/2431 2430/2430/2430 2428/2428/2428
f 2427/2427/2427 2432/2432/2432 2429/2429/2429
f 2430/2430/2430 2432/2432/2432 2427/2427/2427
f 2432/2432/2432 2433/2433/2433 2429/2429/2429
f 2431/2431/2431 2434/2434/2434 2430/2430/2430
f 2435/2435/2435 2434/2434/2434 2431/2431/2431
f 2435/2435/2435 2436/2436/2436 2434/2434/2434
f 2430/2430/2430 2437/2437/2437 2432/2432/2432
f 2434/2434/2434 2437/2437/2437 2430/2430/2430
f 2432/2432/2432 2438/2438/2438 2433/2433/2433
f 2437/2437/2437 2438/2438/2438 2432/2432/2432
f 2438/2438/2438 2439/2439/2439 2433/2433/2433
f 2436/2436/2436 2440/2440/2440 2434/2434/2434
f 2434/2434/2434 2440/2440/2440 2437/2437/2437
f 2436/2436/2436 2441/2441/2441 2440/2440/2440
f 2437/2437/2437 2442/2442/2442 2438/2438/2438
f 2440/2440/2440 2442/2442/2442 2437/2437/2437
f 2442/2442/2442 2443/2443/2443 2438/2438/2438
f 2441/2441/2441 2444/2444/2444 2440/2440/2440
f 2440/2440/2440 2444/2444/2444 2442/2442/2442
f 2444/2444/2444 2445/2445/2445 2442/2442/2442
f 2441/2441/2441 2446/2446/2446 2444/2444/2444
f 2446/2446/2446 2447/2447/2447 2444/2444/2444
f 2448/2448/2448 2450/2450/2450 2449/2449/2449
f 2448/2448/2448 2451/2451/2451 2450/2450/2450
f 2451/2451/2451 2452/2452/2452 2450/2450/2450
f 2453/2453/2453 2451/2451/2451 2448/2448/2448
f 2453/2453/2453 2454/2454/2454 2451/2451/2451
f 2454/2454/2454 2455/2455/2455 2451/2451/2451
f 2456/2456/2456 2454/2454/2454 2453/2453/2453
f 2456/2456/2456 2457/2457/2457 2454/2454/2454
f 2457/2457/2457 2458/2458/2458 2454/2454/2454
f 2459/2459/2459 2457/2457/2457 2456/2456/2456
f 2459/2459/2459 2460/2460/2460 2457/2457/2457
f 2460/2460/2460 2461/2461/2461 2457/2457/2457
f 2462/2462/2462 2464/2464/2464 2463/2463/2463
f 2462/2462/2462 2465/2465/2465 2464/2464/2464
f 2466/2466/2466 2465/2465/2465 2462/2462/2462
f 2465/2465/2465 2467/2467/2467 2464/2464/2464
f 2466/2466/2466 2468/2468/2468 2465/2465/2465
f 2469/2469/2469 2468/2468/2468 2466/2466/2466
f 2465/2465/2465 2470/2470/2470 2467/2467/2467
f 2468/2468/2468 2470/2470/2470 2465/2465/2465
f 2470/2470/2470 2471/2471/2471 2467/2467/2467
f 2469/2469/2469 2472/2472/2472 2468/2468/2468
f 2473/2473/2473 2472/2472/2472 2469/2469/2469
f 2473/2473/2473 2474/2474/2474 2472/2472/2472
f 2468/2468/2468 2475/2475/2475 2470/2470/2470
f 2472/2472/2472 2475/2475/2475 2468/2468/2468
f 2470/2470/2470 2476/2476/2476 2471/2471/2471
f 2475/2475/2475 2476/2476/2476 2470/2470/2470
f 2476/2476/2476 2477/2477/2477 2471/2471/2471
f 2474/2474/2474 2478/2478/2478 2472/2472/2472
f 2472/2472/2472 2478/2478/2478 2475/2475/2475
f 2474/2474/2474 2479/2479/2479 2478/2478/2478
f 2475/2475/2475 2480/2480/2480 2476/2476/2476
f 2478/2478/2478 2480/2480/2480 2475/2475/2475
f 2480/2480/2480 2481/2481/2481 2476/2476/2476
f 2479/2479/2479 2482/2482/2482 2478/2478/2478
f 2478/2478/2478 2482/2482/2482 2480/2480/2480
f 2482/2482/2482 2483/2483/2483 2480/2480/2480
f 2479/2479/2479 2484/2484/2484 2482/2482/2482
f 2484/2484/2484 2485/2485/2485 2482/2482/2482
f 2486/2486/2486 2488/2488/2488 2487/2487/2487
f 2489/2489/2489 2488/2488/2488 2486/2486/2486
f 2489/2489/2489 2490/2490/2490 2488/2488/2488
f 2491/2491/2491 2490/2490/2490 2489/2489/2489
f 2492/2492/2492 2494/2494/2494 2493/2493/2493
f 2492/2492/2492 2495/2495/2495 2494/2494/2494
f 2495/2495/2495 2496/2496/2496 2494/2494/2494
f 2497/2497/2497 2495/2495/2495 2492/2492/2492
f 2495/2495/2495 2498/2498/2498 2496/2496/2496
f 2497/2497/2497 2499/2499/2499 2495/2495/2495
f 2499/2499/2499 2498/2498/2498 2495/2495/2495
f 2500/2500/2500 2499/2499/2499 2497/2497/2497
f 2499/2499/2499 2501/2501/2501 2498/2498/2498
f 2500/2500/2500 2502/2502/2502 2499/2499/2499
f 2502/2502/2502 2501/2501/2501 2499/2499/2499
f 2503/2503/2503 2502/2502/2502 2500/2500/2500
f 2502/2502/2502 2504/2504/2504 2501/2501/2501
f 2503/2503/2503 2505/2505/2505 2502/2502/2502
f 2505/2505/2505 2504/2504/2504 2502/2502/2502
f 2506/2506/2506 2505/2505/2505 2503/2503/2503
f 2505/2505/2505 2507/2507/2507 2504/2504/2504
f 2506/2506/2506 2508/2508/2508 2505/2505/2505
f 2508/2508/2508 2507/2507/2507 2505/2505/2505
f 2509/2509/2509 2508/2508/2508 2506/2506/2506
f 2508/2508/2508 2510/2510/2510 2507/2507/2507
f 2509/2509/2509 2511/2511/2511 2508/2508/2508
f 2511/2511/2511 2510/2510/2510 2508/2508/2508
f 2511/2511/2511 2512/2512/2512 2510/2510/2510
f 2513/2513/2513 2515/2515/2515 2514/2514/2514
f 2516/2516/2516 2515/2515/2515 2513/2513/2513
f 2516/2516/2516 2517/2517/2517 2515/2515/2515
f 2518/2518/2518 2517/2517/2517 2516/2516/2516
f 2519/2519/2519 2521/2521/2521 2520/2520/2520
f 2519/2519/2519 2522/2522/2522 2521/2521/2521
f 2522/2522/2522 2523/2523/2523 2521/2521/2521
f 2524/2524/2524 2522/2522/2522 2519/2519/2519
f 2522/2522/2522 2525/2525/2525 2523/2523/2523
f 2524/2524/2524 2526/2526/2526 2522/2522/2522
f 2526/2526/2526 2525/2525/2525 2522/2522/2522
f 2527/2527/2527 2526/2526/2526 2524/2524/2524
f 2526/2526/2526 2528/2528/2528 2525/2525/2525
f 2527/2527/2527 2529/2529/2529 2526/2526/2526
f 2529/2529/2529 2528/2528/2528 2526/2526/2526
f 2530/2530/2530 2529/2529/2529 2527/2527/2527
f 2529/2529/2529 2531/2531/2531 2528/2528/2528
f 2530/2530/2530 2532/2532/2532 2529/2529/2529
f 2532/2532/2532 2531/2531/2531 2529/2529/2529
f 2533/2533/2533 2532/2532/2532 2530/2530/2530
f 2532/2532/2532 2534/2534/2534 2531/2531/2531
f 2533/2533/2533 2535/2535/2535 2532/2532/2532
f 2535/2535/2535 2534/2534/2534 2532/2532/2532
f 2536/2536/2536 2535/2535/2535 2533/2533/2533
f 2535/2535/2535 2537/2537/2537 2534/2534/2534
f 2536/2536/2536 2538/2538/2538 2535/2535/2535
f 2538/2538/2538 2537/2537/2537 2535/2535/2535
f 2538/2538/2538 2539/2539/2539 2537/2537/2537
usemtl M_PineLeaves
f 2540/2540/2540 2542/2542/2542 2541/2541/2541
f 2540/2540/2540 2543/2543/2543 2542/2542/2542
f 2544/2544/2544 2542/2542/2542 2543/2543/2543
f 2545/2545/2545 2547/2547/2547 2546/2546/2546
f 2545/2545/2545 2546/2546/2546 2548/2548/2548
f 2549/2549/2549 2551/2551/2551 2550/2550/2550
f 2549/2549/2549 2552/2552/2552 2551/2551/2551
f 2553/2553/2553 2550/2550/2550 2551/2551/2551
f 2551/2551/2551 2552/2552/2552 2554/2554/2554
f 2553/2553/2553 2551/2551/2551 2555/2555/2555
f 2555/2555/2555 2551/2551/2551 2554/2554/2554
f 2556/2556/2556 2558/2558/2558 2557/2557/2557
f 2556/2556/2556 2559/2559/2559 2558/2558/2558
f 2560/2560/2560 2556/2556/2556 2557/2557/2557
f 2556/2556/2556 2561/2561/2561 2559/2559/2559
f 2560/2560/2560 2562/2562/2562 2556/2556/2556
f 2556/2556/2556 2563/2563/2563 2561/2561/2561
f 2564/2564/2564 2556/2556/2556 2562/2562/2562
f 2564/2564/2564 2563/2563/2563 2556/2556/2556
f 2565/2565/2565 2567/2567/2567 2566/2566/2566
f 2568/2568/2568 2567/2567/2567 2565/2565/2565
f 2569/2569/2569 2565/2565/2565 2566/2566/2566
f 2570/2570/2570 2568/2568/2568 2565/2565/2565
f 2569/2569/2569 2571/2571/2571 2565/2565/2565
f 2570/2570/2570 2565/2565/2565 2571/2571/2571
f 2572/2572/2572 2574/2574/2574 2573/2573/2573
f 2572/2572/2572 2575/2575/2575 2574/2574/2574
f 2576/2576/2576 2572/2572/2572 2573/2573/2573
f 2572/2572/2572 2577/2577/2577 2575/2575/2575
f 2576/2576/2576 2578/2578/2578 2572/2572/2572
f 2572/2572/2572 2579/2579/2579 2577/2577/2577
f 2580/2580/2580 2572/2572/2572 2578/2578/2578
f 2580/2580/2580 2579/2579/2579 2572/2572/2572
f 2581/2581/2581 2583/2583/2583 2582/2582/2582
f 2581/2581/2581 2584/2584/2584 2583/2583/2583
f 2585/2585/2585 2581/2581/2581 2582/2582/2582
f 2581/2581/2581 2586/2586/2586 2584/2584/2584
f 2585/2585/2585 2587/2587/2587 2581/2581/2581
f 2581/2581/2581 2588/2588/2588 2586/2586/2586
f 2589/2589/2589 2581/2581/2581 2587/2587/2587
f 2589/2589/2589 2588/2588/2588 2581/2581/2581
f 2590/2590/2590 2592/2592/2592 2591/2591/2591
f 2593/2593/2593 2590/2590/2590 2591/2591/2591
f 2591/2591/2591 2592/2592/2592 2594/2594/2594
f 2595/2595/2595 2593/2593/2593 2591/2591/2591
f 2596/2596/2596 2591/2591/2591 2594/2594/2594
f 2597/2597/2597 2595/2595/2595 2591/2591/2591
f 2591/2591/2591 2596/2596/2596 2598/2598/2598
f 2597/2597/2597 2591/2591/2591 2598/2598/2598
f 2599/2599/2599 2601/2601/2601 2600/2600/2600
f 2602/2602/2602 2599/2599/2599 2600/2600/2600
f 2600/2600/2600 2601/2601/2601 2603/2603/2603
f 2604/2604/2604 2602/2602/2602 2600/2600/2600
f 2605/2605/2605 2600/2600/2600 2603/2603/2603
f 2606/2606/2606 2604/2604/2604 2600/2600/2600
f 2600/2600/2600 2605/2605/2605 2607/2607/2607
f 2606/2606/2606 2600/2600/2600 2607/2607/2607
f 2608/2608/2608 2610/2610/2610 2609/2609/2609
f 2611/2611/2611 2608/2608/2608 2609/2609/2609
f 2609/2609/2609 2610/2610/2610 2612/2612/2612
f 2613/2613/2613 2611/2611/2611 2609/2609/2609
f 2614/2614/2614 2609/2609/2609 2612/2612/2612
f 2615/2615/2615 2613/2613/2613 2609/2609/2609
f 2609/2609/2609 2614/2614/2614 2616/2616/2616
f 2615/2615/2615 2609/2609/2609 2616/2616/2616
f 2617/2617/2617 2619/2619/2619 2618/2618/2618
f 2620/2620/2620 2617/2617/2617 2618/2618/2618
f 2618/2618/2618 2619/2619/2619 2621/2621/2621
f 2622/2622/2622 2620/2620/2620 2618/2618/2618
f 2623/2623/2623 2618/2618/2618 2621/2621/2621
f 2624/2624/2624 2622/2622/2622 2618/2618/2618
f 2618/2618/2618 2623/2623/2623 2625/2625/2625
f 2624/2624/2624 2618/2618/2618 2625/2625/2625
f 2626/2626/2626 2628/2628/2628 2627/2627/2627
f 2626/2626/2626 2629/2629/2629 2628/2628/2628
f 2630/2630/2630 2626/2626/2626 2627/2627/2627
f 2626/2626/2626 2631/2631/2631 2629/2629/2629
f 2630/2630/2630 2632/2632/2632 2626/2626/2626
f 2626/2626/2626 2633/2633/2633 2631/2631/2631
f 2634/2634/2634 2626/2626/2626 2632/2632/2632
f 2634/2634/2634 2633/2633/2633 2626/2626/2626
f 2635/2635/2635 2637/2637/2637 2636/2636/2636
f 2638/2638/2638 2637/2637/2637 2635/2635/2635
f 2637/2637/2637 2639/2639/2639 2636/2636/2636
f 2640/2640/2640 2637/2637/2637 2638/2638/2638
f 2641/2641/2641 2639/2639/2639 2637/2637/2637
f 2642/2642/2642 2637/2637/2637 2640/2640/2640
f 2637/2637/2637 2643/2643/2643 2641/2641/2641
f 2642/2642/2642 2643/2643/2643 2637/2637/2637
f 2644/2644/2644 2646/2646/2646 2645/2645/2645
f 2647/2647/2647 2646/2646/2646 2644/2644/2644
f 2648/2648/2648 2644/2644/2644 2645/2645/2645
f 2649/2649/2649 2647/2647/2647 2644/2644/2644
f 2648/2648/2648 2650/2650/2650 2644/2644/2644
f 2649/2649/2649 2644/2644/2644 2650/2650/2650
f 2651/2651/2651 2653/2653/2653 2652/2652/2652
f 2654/2654/2654 2651/2651/2651 2652/2652/2652
f 2655/2655/2655 2653/2653/2653 2651/2651/2651
f 2656/2656/2656 2651/2651/2651 2654/2654/2654
f 2655/2655/2655 2651/2651/2651 2657/2657/2657
f 2656/2656/2656 2657/2657/2657 2651/2651/2651
f 2658/2658/2658 2660/2660/2660 2659/2659/2659
f 2661/2661/2661 2658/2658/2658 2659/2659/2659
f 2659/2659/2659 2660/2660/2660 2662/2662/2662
f 2663/2663/2663 2661/2661/2661 2659/2659/2659
f 2664/2664/2664 2659/2659/2659 2662/2662/2662
f 2665/2665/2665 2663/2663/2663 2659/2659/2659
f 2659/2659/2659 2664/2664/2664 2666/2666/2666
f 2665/2665/2665 2659/2659/2659 2666/2666/2666
f 2667/2667/2667 2669/2669/2669 2668/2668/2668
f 2667/2667/2667 2670/2670/2670 2669/2669/2669
f 2671/2671/2671 2667/2667/2667 2668/2668/2668
f 2667/2667/2667 2672/2672/2672 2670/2670/2670
f 2671/2671/2671 2673/2673/2673 2667/2667/2667
f 2667/2667/2667 2674/2674/2674 2672/2672/2672
f 2675/2675/2675 2667/2667/2667 2673/2673/2673
f 2675/2675/2675 2674/2674/2674 2667/2667/2667
f 2676/2676/2676 2678/2678/2678 2677/2677/2677
f 2679/2679/2679 2678/2678/2678 2676/2676/2676
f 2678/2678/2678 2680/2680/2680 2677/2677/2677
f 2681/2681/2681 2678/2678/2678 2679/2679/2679
f 2682/2682/2682 2680/2680/2680 2678/2678/2678
f 2683/2683/2683 2678/2678/2678 2681/2681/2681
f 2678/2678/2678 2684/2684/2684 2682/2682/2682
f 2683/2683/2683 2684/2684/2684 2678/2678/2678
f 2685/2685/2685 2687/2687/2687 2686/2686/2686
f 2685/2685/2685 2686/2686/2686 2688/2688/2688
f 2689/2689/2689 2687/2687/2687 2685/2685/2685
f 2685/2685/2685 2688/2688/2688 2690/2690/2690
f 2689/2689/2689 2685/2685/2685 2691/2691/2691
f 2685/2685/2685 2690/2690/2690 2692/2692/2692
f 2693/2693/2693 2691/2691/2691 2685/2685/2685
f 2693/2693/2693 2685/2685/2685 2692/2692/2692
