mtllib P_CactusPricklyPear02.mtl
v 0.2263637 -0.03899308 -0.03336082
v 0.2720066 -0.04756384 -0.05253484
v 0.255358 -0.04630635 -0.06986818
v 0.3378853 -0.003181972 -0.0722164
v 0.2948498 -0.007468057 -0.1109014
v 0.2347764 -0.04198172 -0.08205958
v 0.2263637 -0.03899308 -0.03336082
v 0.3753685 0.01038479 -0.02502963
v 0.2847469 -0.045204 -0.03096115
v 0.2263637 -0.03899308 -0.03336082
v 0.4107168 0.08534977 -0.09374027
v 0.462627 0.1051997 -0.0290224
v 0.2493881 0.01008698 -0.1423976
v 0.341952 0.0839868 -0.1557677
v 0.211652 -0.03424444 -0.08892792
v 0.2263637 -0.03899308 -0.03336082
v 0.3926522 0.02739335 0.01839834
v 0.4875548 0.1299621 0.03105462
v 0.2911041 -0.03973808 -0.008764614
v 0.2263637 -0.03899308 -0.03336082
v 0.5337943 0.226768 -0.04436517
v 0.4730029 0.2065908 -0.121518
v 0.561282 0.2528336 0.02612474
v 0.1986183 0.03688591 -0.1651984
v 0.2681921 0.1067193 -0.206767
v 0.3914065 0.2064781 -0.1955788
v 0.1892951 -0.02447328 -0.08950254
v 0.2263637 -0.03899308 -0.03336082
v 0.5832049 0.3553868 -0.06552916
v 0.610006 0.3756007 0.009877929
v 0.521461 0.3416202 -0.147988
v 0.5497013 0.2754101 0.08019009
v 0.5970812 0.3967781 0.06718474
v 0.4780935 0.1496215 0.07715254
v 0.3847366 0.0412892 0.05127846
v 0.2870242 -0.03369532 0.009078475
v 0.2263637 -0.03899308 -0.03336082
v 0.6279816 0.4811672 -0.01481206
v 0.6051517 0.4710465 -0.08816066
v 0.6139734 0.4954334 0.04074319
v 0.5448947 0.4105484 0.0985895
v 0.4993551 0.2860628 0.1104959
v 0.4348737 0.1582187 0.1028268
v 0.3543771 0.04792291 0.07054386
v 0.5660527 0.5143892 0.06956039
v 0.2709818 -0.02894502 0.01864992
v 0.2263637 -0.03899308 -0.03336082
v 0.6039238 0.5795187 0.0002625944
v 0.5632066 0.5958026 0.02474742
v 0.6158876 0.567546 -0.04702472
v 0.4629005 0.4199813 0.0983849
v 0.4193798 0.2882072 0.1115253
v 0.3652972 0.1574459 0.1035904
v 0.3046455 0.04831858 0.07132273
v 0.4907265 0.532449 0.06773637
v 0.4999346 0.6139185 0.02270217
v 0.2475672 -0.02526126 0.01969554
v 0.2263637 -0.03899308 -0.03336082
v 0.323523 0.2868985 0.08215667
v 0.3642765 0.4260198 0.06617563
v 0.3994965 0.5469795 0.03552803
v 0.2835732 0.1536926 0.07951286
v 0.2456467 0.04654323 0.05373155
v 0.4237406 0.6311086 -0.005561771
v 0.2234268 -0.02150709 0.01364969
v 0.2263637 -0.03899308 -0.03336082
v 0.3075762 0.5603027 -0.02297409
v 0.2664655 0.4360569 0.005374915
v 0.2295749 0.29328 0.0248991
v 0.2042898 0.1578248 0.03178199
v 0.1948323 0.04617842 0.02536139
v 0.3462244 0.6447558 -0.05574149
v 0.2027756 -0.01810272 0.001769441
v 0.2263637 -0.03899308 -0.03336082
v 0.1855757 0.4527319 -0.07550803
v 0.1535571 0.3122643 -0.05258547
v 0.229554 0.5724255 -0.09922849
v 0.1410087 0.1749368 -0.03349388
v 0.156984 0.05964988 -0.01650731
v 0.2791871 0.6527824 -0.1201975
v 0.1861967 -0.01592496 -0.01587508
v 0.2263637 -0.03899308 -0.03336082
v 0.1767244 0.5795038 -0.1812678
v 0.1327297 0.4694255 -0.1634278
v 0.105367 0.3352253 -0.1374723
v 0.1012088 0.1970056 -0.1058261
v 0.1278953 0.07481976 -0.06884611
v 0.2328345 0.6539664 -0.1891171
v 0.1744706 -0.01430147 -0.03827249
v 0.2263637 -0.03899308 -0.03336082
v 0.1557971 0.5758966 -0.2557842
v 0.1135217 0.4752051 -0.2434952
v 0.08909747 0.347563 -0.2148474
v 0.08701786 0.2103747 -0.1730345
v 0.1180728 0.08335345 -0.1168534
v 0.2142234 0.6481276 -0.2520078
v 0.1691728 -0.01368021 -0.06208802
v 0.2263637 -0.03899308 -0.03336082
v 0.1699173 0.5620133 -0.311408
v 0.130173 0.4667843 -0.3030891
v 0.2261873 0.6361549 -0.2992951
v 0.1056453 0.3419901 -0.2719612
v 0.1009071 0.2061752 -0.2219688
v 0.1289626 0.07963888 -0.1515589
v 0.1736392 -0.01669486 -0.0808396
v 0.2263637 -0.03899308 -0.03336082
v 0.296175 0.6911957 -0.2695934
v 0.2874828 0.6998945 -0.2352371
v 0.3730298 0.7217484 -0.2252101
v 0.3010045 0.7041366 -0.1895443
v 0.36846 0.7263215 -0.207148
v 0.4492285 0.7248217 -0.17049
v 0.3346817 0.7032763 -0.1394713
v 0.3755688 0.7285517 -0.1831259
v 0.4492285 0.7248217 -0.17049
v 0.3833871 0.6974447 -0.09264126
v 0.3932739 0.7280995 -0.1568009
v 0.4492285 0.7248217 -0.17049
v 0.439706 0.6875295 -0.05618357
v 0.4188799 0.7250336 -0.1321809
v 0.4492285 0.7248217 -0.17049
v 0.4950641 0.6750401 -0.03564861
v 0.4484884 0.7198209 -0.1130139
v 0.4492285 0.7248217 -0.17049
v 0.5410339 0.6618781 -0.03416266
v 0.477592 0.7132548 -0.1022181
v 0.4492285 0.7248217 -0.17049
v 0.5706167 0.6500471 -0.05195193
v 0.5017598 0.7063351 -0.1014369
v 0.4492285 0.7248217 -0.17049
v 0.5173123 0.7001153 -0.1107892
v 0.4492285 0.7248217 -0.17049
v 0.5793089 0.6413485 -0.08630817
v 0.5972765 0.5617072 -0.1099155
v 0.5218821 0.695542 -0.1288514
v 0.4492285 0.7248217 -0.17049
v 0.5657872 0.6371064 -0.132001
v 0.5489998 0.466752 -0.168161
v 0.5147733 0.6933118 -0.1528735
v 0.4492285 0.7248217 -0.17049
v 0.5509239 0.5628912 -0.1788351
v 0.4366254 0.3447881 -0.2264492
v 0.53211 0.6379666 -0.182074
v 0.4694079 0.4735008 -0.2434518
v 0.3030701 0.2320698 -0.2562803
v 0.4970682 0.6937641 -0.1791985
v 0.4492285 0.7248217 -0.17049
v 0.4838866 0.5709178 -0.2432911
v 0.342783 0.3684104 -0.2896855
v 0.1985507 0.1447941 -0.2384436
v 0.4834046 0.6437982 -0.228904
v 0.3790671 0.492231 -0.3029234
v 0.2197993 0.273847 -0.2933736
v 0.1563478 0.06282376 -0.1689989
v 0.1736392 -0.01669486 -0.0808396
v 0.2263637 -0.03899308 -0.03336082
v 0.1289626 0.07963888 -0.1515589
v 0.1396989 0.182118 -0.2448066
v 0.1009071 0.2061752 -0.2219688
v 0.1510278 0.3143454 -0.2992205
v 0.1056453 0.3419901 -0.2719612
v 0.253051 0.4048886 -0.3273522
v 0.1786391 0.440278 -0.3322103
v 0.130173 0.4667843 -0.3030891
v 0.2911567 0.5181256 -0.3371691
v 0.2177275 0.542679 -0.3401573
v 0.1699173 0.5620133 -0.311408
v 0.4063705 0.5845649 -0.2934707
v 0.2669045 0.619871 -0.3237799
v 0.2261873 0.6361549 -0.2992951
v 0.3301765 0.601755 -0.3217346
v 0.4270858 0.6537135 -0.2653617
v 0.3257579 0.6793649 -0.2873826
v 0.296175 0.6911957 -0.2695934
v 0.3717276 0.6662028 -0.2858967
v 0.4714622 0.69683 -0.2038185
v 0.4492285 0.7248217 -0.17049
v 0.4418537 0.7020427 -0.2229854
v 0.4492285 0.7248217 -0.17049
v 0.4127502 0.7086087 -0.2337813
v 0.4492285 0.7248217 -0.17049
v 0.3885824 0.7155284 -0.2345625
v 0.4492285 0.7248217 -0.17049
v 0.3730298 0.7217484 -0.2252101
v 0.4492285 0.7248217 -0.17049
v 0.02011594 1.007802 -0.3075674
v 0.06677251 1.015959 -0.301289
v 0.03946378 1.003345 -0.2771657
v 0.06394034 0.9789066 -0.2523077
v -0.0005496442 0.9581191 -0.2260008
v 0.01061884 0.8901954 -0.1806721
v 0.005066127 0.9902593 -0.2657504
v 0.02011594 1.007802 -0.3075674
v -0.01075573 0.9848443 -0.2709443
v 0.02011594 1.007802 -0.3075674
v -0.03412116 0.947687 -0.2362647
v -0.02141571 0.9809527 -0.2804313
v 0.02011594 1.007802 -0.3075674
v -0.05595082 0.9390835 -0.2512851
v -0.07118791 0.8559287 -0.2166425
v -0.04416442 0.871623 -0.1963276
v -0.0111555 0.7653049 -0.1712473
v -0.04012909 0.7494276 -0.1943075
v 0.08251512 0.6352608 -0.1742354
v 0.05701877 0.6193994 -0.1928421
v 0.1441399 0.5928439 -0.1942289
v 0.1268429 0.5759501 -0.2086298
v 0.2128919 0.5519575 -0.2215842
v 0.2034234 0.544475 -0.2313938
v 0.2404685 0.5565791 -0.2516095
v 0.2270466 0.5598281 -0.2156219
v 0.2404685 0.5565791 -0.2516095
v 0.173287 0.6128036 -0.1854439
v 0.1264073 0.6659505 -0.1619042
v 0.04977649 0.792617 -0.1543579
v 0.2054589 0.7101238 -0.2014381
v 0.2340024 0.6330929 -0.2099136
v 0.1577091 0.8253855 -0.2004927
v 0.2527302 0.5715092 -0.2206512
v 0.2404685 0.5565791 -0.2516095
v 0.2861295 0.7324713 -0.2538926
v 0.1091859 0.9136476 -0.2209272
v 0.2839486 0.6583565 -0.2489967
v 0.2466777 0.8746345 -0.267763
v 0.116822 1.007005 -0.2935994
v 0.1854232 0.963003 -0.2813485
v 0.1257633 1.014273 -0.3283438
v 0.271286 0.5781826 -0.241077
v 0.2404685 0.5565791 -0.2516095
v 0.2753068 0.5778779 -0.2574897
v 0.2404685 0.5565791 -0.2516095
v 0.2978489 0.6565098 -0.282645
v 0.3077985 0.7291241 -0.3039567
v 0.2688721 0.8819236 -0.3325173
v 0.2747354 0.5740896 -0.2724355
v 0.2404685 0.5565791 -0.2516095
v 0.3019254 0.6486067 -0.3093767
v 0.2017086 0.974012 -0.3379247
v 0.2037164 0.9704065 -0.3749629
v 0.2695297 0.8783782 -0.3726433
v 0.3107431 0.7249643 -0.3389333
v 0.2642943 0.5693658 -0.2827664
v 0.2404685 0.5565791 -0.2516095
v 0.2793819 0.6422398 -0.3250283
v 0.24144 0.8607108 -0.3954889
v 0.2504007 0.5620418 -0.2890105
v 0.2404685 0.5565791 -0.2516095
v 0.2843341 0.7109877 -0.357815
v 0.2466119 0.6295168 -0.3346807
v 0.2250978 0.5501496 -0.2840761
v 0.2404685 0.5565791 -0.2516095
v 0.1767169 0.9546961 -0.3952868
v 0.1840625 0.8262088 -0.4115023
v 0.2347527 0.6927478 -0.3718225
v 0.147539 0.6653519 -0.3343827
v 0.1907798 0.599682 -0.3091234
v 0.1261852 1.014932 -0.3561798
v 0.07099113 1.01889 -0.3180242
v 0.02011594 1.007802 -0.3075674
v 0.0693787 1.018765 -0.3327217
v 0.02011594 1.007802 -0.3075674
v 0.1074234 1.000096 -0.3704398
v 0.1298283 0.9200273 -0.4089571
v 0.06066656 1.010909 -0.3417224
v 0.02011594 1.007802 -0.3075674
v 0.0794929 0.9781495 -0.3792816
v 0.08711314 0.770815 -0.362533
v 0.04651318 0.8652018 -0.3647811
v 0.04714742 1.000789 -0.3463348
v 0.02011594 1.007802 -0.3075674
v -0.01285142 0.7442176 -0.2981005
v 0.02073425 0.9455084 -0.3514797
v 0.07502826 0.6262347 -0.2798356
v 0.01450473 0.9840522 -0.3344547
v 0.02011594 1.007802 -0.3075674
v -0.01455894 0.9750893 -0.3107963
v 0.02011594 1.007802 -0.3075674
v -0.03787875 0.9292638 -0.311683
v -0.04497641 0.8472207 -0.3082809
v -0.03880018 0.7445211 -0.2342615
v -0.06915265 0.8523071 -0.2536834
v -0.05245984 0.9335113 -0.2783578
v -0.02108023 0.9768634 -0.2946422
v 0.02011594 1.007802 -0.3075674
v -0.05595082 0.9390835 -0.2512851
v -0.02141571 0.9809527 -0.2804313
v 0.02011594 1.007802 -0.3075674
v -0.07118791 0.8559287 -0.2166425
v -0.04012909 0.7494276 -0.1943075
v 0.0590764 0.6171427 -0.2280348
v 0.05701877 0.6193994 -0.1928421
v 0.1268429 0.5759501 -0.2086298
v 0.125669 0.5785659 -0.2366254
v 0.2034234 0.544475 -0.2313938
v 0.135958 0.5839483 -0.271126
v 0.2018903 0.5434533 -0.2468363
v 0.2404685 0.5565791 -0.2516095
v 0.2061633 0.5436854 -0.2635557
v 0.2404685 0.5565791 -0.2516095
v 0.2404685 0.5565791 -0.2516095
v -0.2086999 0.7926579 0.2320953
v -0.1871313 0.7949855 0.2432794
v -0.1972197 0.7888656 0.2534415
v -0.1843007 0.7761665 0.2685685
v -0.210905 0.7671267 0.2741905
v -0.2026684 0.7341908 0.2938047
v -0.2116913 0.7832558 0.2544195
v -0.2086999 0.7926579 0.2320953
v -0.2201062 0.7810384 0.2485572
v -0.2086999 0.7926579 0.2320953
v -0.2287607 0.7628235 0.262455
v -0.2260495 0.779841 0.240555
v -0.2086999 0.7926579 0.2320953
v -0.2403269 0.7599843 0.248729
v -0.2461437 0.7207719 0.256112
v -0.2315628 0.7264986 0.2750346
v -0.2165037 0.6764101 0.2781456
v -0.2322281 0.6707626 0.2571777
v -0.1764859 0.6158639 0.266311
v -0.1902168 0.6099547 0.2486529
v -0.1506394 0.5966816 0.2514818
v -0.1598099 0.5904217 0.2392952
v -0.1315316 0.5737253 0.2415733
v -0.1384189 0.570229 0.2335522
v -0.1122843 0.5811327 0.2219032
v -0.1208962 0.5784195 0.246834
v -0.1122843 0.5811327 0.2219032
v -0.1356266 0.6049014 0.2614743
v -0.1527976 0.6293257 0.2836594
v -0.184239 0.6880295 0.29974
v -0.1205773 0.6491752 0.2751056
v -0.1115442 0.6136084 0.2562085
v -0.1399449 0.7023381 0.2886356
v -0.1034613 0.5863099 0.2458359
v -0.1122843 0.5811327 0.2219032
v -0.08922613 0.6596863 0.2548238
v -0.162143 0.7442501 0.2838202
v -0.09299508 0.6250365 0.2421662
v -0.1058702 0.7254629 0.2641917
v -0.1641896 0.7894386 0.2530005
v -0.1330942 0.7674206 0.262246
v -0.1617122 0.794843 0.2320437
v -0.09085947 0.5927305 0.2332139
v -0.1122843 0.5811327 0.2219032
v -0.08715754 0.5948797 0.2214612
v -0.1122843 0.5811327 0.2219032
v -0.08802616 0.6264376 0.2230946
v -0.08200926 0.6609983 0.2234811
v -0.09907264 0.7324892 0.2248823
v -0.08740276 0.5945515 0.2104171
v -0.1122843 0.5811327 0.2219032
v -0.08805865 0.6245785 0.2067636
v -0.1284545 0.7757351 0.2282687
v -0.1308613 0.7758217 0.2038216
v -0.1023712 0.7327721 0.1982765
v -0.08381566 0.6607195 0.2003966
v -0.09463871 0.5923909 0.2023478
v -0.1122843 0.5811327 0.2219032
v -0.09912294 0.6227472 0.1947468
v -0.117709 0.7262856 0.1772644
v -0.1050474 0.5880111 0.1969681
v -0.1122843 0.5811327 0.2219032
v -0.0979495 0.6556956 0.1827552
v -0.1154306 0.6175793 0.1848584
v -0.122233 0.5800645 0.1978758
v -0.1122843 0.5811327 0.2219032
v -0.1454321 0.7700875 0.1848934
v -0.1484092 0.7113004 0.155498
v -0.1241289 0.64807 0.1656475
v -0.1599245 0.6360841 0.1745767
v -0.1375165 0.6049673 0.1898516
v -0.1639474 0.7964582 0.2140842
v -0.1860505 0.7973024 0.23311
v -0.2086999 0.7926579 0.2320953
v -0.1879745 0.7980239 0.2232845
v -0.2086999 0.7926579 0.2320953
v -0.1741713 0.7906979 0.2002119
v -0.170862 0.7548546 0.1657518
v -0.1930645 0.7949688 0.2151901
v -0.2086999 0.7926579 0.2320953
v -0.1895488 0.7810013 0.1882101
v -0.1879036 0.6863819 0.1661054
v -0.204719 0.7300848 0.175042
v -0.2004634 0.7905498 0.209217
v -0.2086999 0.7926579 0.2320953
v -0.2267837 0.6738794 0.191047
v -0.2136523 0.766401 0.1935774
v -0.1877014 0.6177132 0.194483
v -0.2141754 0.7832245 0.2101212
v -0.2086999 0.7926579 0.2320953
v -0.2250233 0.7788203 0.2203572
v -0.2086999 0.7926579 0.2320953
v -0.2362641 0.7586897 0.2094001
v -0.2404364 0.7216252 0.1973107
v -0.2352324 0.6704073 0.2305439
v -0.2485383 0.7208509 0.2316637
v -0.2412188 0.7586787 0.2306254
v -0.2271199 0.7787048 0.2306376
v -0.2086999 0.7926579 0.2320953
v -0.2403269 0.7599843 0.248729
v -0.2260495 0.779841 0.240555
v -0.2086999 0.7926579 0.2320953
v -0.2461437 0.7207719 0.256112
v -0.2322281 0.6707626 0.2571777
v -0.1924088 0.6105663 0.2256293
v -0.1902168 0.6099547 0.2486529
v -0.1598099 0.5904217 0.2392952
v -0.1617384 0.5929888 0.2231247
v -0.1384189 0.570229 0.2335522
v -0.1580574 0.5974385 0.2041654
v -0.1390054 0.5712387 0.2224782
v -0.1122843 0.5811327 0.2219032
v -0.135083 0.5736995 0.2105879
v -0.1122843 0.5811327 0.2219032
v -0.1122843 0.5811327 0.2219032
v -0.4486147 0.4511178 0.07039981
v -0.4567893 0.4334715 0.02812323
v -0.4251847 0.4401037 0.04898721
v -0.4021938 0.4090864 0.03407903
v -0.3572419 0.4291206 0.08746976
v -0.3004659 0.3710667 0.09735405
v -0.4029499 0.4488537 0.07907282
v -0.4486147 0.4511178 0.07039981
v -0.4021299 0.4523135 0.09543284
v -0.4486147 0.4511178 0.07039981
v -0.3551357 0.4374221 0.1215
v -0.4068022 0.4538286 0.1081686
v -0.4486147 0.4511178 0.07039981
v -0.3606253 0.4404465 0.1466889
v -0.302494 0.382791 0.1872302
v -0.2956192 0.3834324 0.1532967
v -0.2510992 0.2795149 0.1687701
v -0.2598724 0.2794885 0.2050635
v -0.2394234 0.1202926 0.1545684
v -0.2451129 0.1188651 0.1869129
v -0.2600182 0.04969778 0.130459
v -0.2636959 0.04342872 0.1556634
v -0.2893001 -0.02420704 0.1019898
v -0.2935213 -0.02636283 0.1155008
v -0.3239028 -0.03825748 0.08612375
v -0.2897357 -0.02464214 0.08562709
v -0.3239028 -0.03825748 0.08612375
v -0.2650763 0.05157641 0.09599568
v -0.2480153 0.1235576 0.1026236
v -0.2588557 0.2712618 0.1036661
v -0.3149058 0.1138536 0.0306387
v -0.3073397 0.03334496 0.04532397
v -0.3353731 0.2358287 0.0157918
v -0.3037946 -0.02922367 0.0613603
v -0.3239028 -0.03825748 0.08612375
v -0.3873737 0.08374096 -0.02925492
v -0.3668336 0.3334982 0.01954247
v -0.3613166 0.02356162 0.004820034
v -0.4306602 0.2221869 -0.05891482
v -0.459651 0.3998637 -0.009442141
v -0.4529867 0.3274945 -0.04697948
v -0.4946325 0.3975632 -0.01051213
v -0.3282938 -0.03572651 0.0491253
v -0.3239028 -0.03825748 0.08612375
v -0.3436999 -0.039824 0.05047809
v -0.3239028 -0.03825748 0.08612375
v -0.3939333 0.01109877 0.00367541
v -0.4359724 0.06416645 -0.03146634
v -0.4954177 0.2097025 -0.06243994
v -0.3556916 -0.04420825 0.05665134
v -0.3239028 -0.03825748 0.08612375
v -0.4163037 -0.0004262757 0.01119736
v -0.5101344 0.3221304 -0.04971113
v -0.5423412 0.3142498 -0.03974628
v -0.5300422 0.2022821 -0.05060818
v -0.4664268 0.05553029 -0.02254238
v -0.3609253 -0.0435918 0.069818
v -0.3239028 -0.03825748 0.08612375
v -0.4228167 0.004784143 0.03610392
v -0.5383297 0.2003084 -0.01425818
v -0.3609588 -0.04286997 0.08580144
v -0.3239028 -0.03825748 0.08612375
v -0.4726755 0.05613854 0.009741323
v -0.4197105 0.01080502 0.07037728
v -0.3470165 -0.03867903 0.1098885
v -0.3239028 -0.03825748 0.08612375
v -0.549225 0.3135809 -0.005822076
v -0.5286104 0.2007387 0.05106642
v -0.467737 0.06615228 0.06097886
v -0.4055031 0.09403423 0.1323582
v -0.374948 0.01855471 0.1212321
v -0.5195355 0.3950365 -0.003693522
v -0.4734541 0.4319347 0.02793659
v -0.4486147 0.4511178 0.07039981
v -0.4860196 0.4311933 0.03320263
v -0.4486147 0.4511178 0.07039981
v -0.5233196 0.3912875 0.02169671
v -0.5399476 0.3084697 0.05065759
v -0.4896036 0.4284017 0.04606874
v -0.4486147 0.4511178 0.07039981
v -0.5180405 0.3870902 0.05611565
v -0.4457983 0.2116717 0.1397733
v -0.4648652 0.3120525 0.129609
v -0.4874865 0.4267561 0.06258903
v -0.4486147 0.4511178 0.07039981
v -0.3568132 0.2498421 0.2136463
v -0.4697762 0.3943019 0.1099581
v -0.3283817 0.1059764 0.1928561
v -0.4642252 0.431563 0.09282062
v -0.4486147 0.4511178 0.07039981
v -0.4336471 0.4421383 0.1135386
v -0.4486147 0.4511178 0.07039981
v -0.4156314 0.4163471 0.1530275
v -0.3874271 0.3520428 0.1949909
v -0.2941197 0.2705887 0.2169367
v -0.3347054 0.3748818 0.1971813
v -0.3838207 0.4311468 0.1537066
v -0.4182793 0.4487806 0.1135647
v -0.4486147 0.4511178 0.07039981
v -0.3606253 0.4404465 0.1466889
v -0.4068022 0.4538286 0.1081686
v -0.4486147 0.4511178 0.07039981
v -0.302494 0.382791 0.1872302
v -0.2598724 0.2794885 0.2050635
v -0.2760859 0.1122721 0.1957318
v -0.2451129 0.1188651 0.1869129
v -0.2636959 0.04342872 0.1556634
v -0.28891 0.04337723 0.1628978
v -0.2935213 -0.02636283 0.1155008
v -0.3234659 0.03880287 0.1615534
v -0.3065086 -0.02797163 0.1213109
v -0.3239028 -0.03825748 0.08612375
v -0.322401 -0.03178809 0.1223025
v -0.3239028 -0.03825748 0.08612375
v -0.3239028 -0.03825748 0.08612375
v -0.06510302 -0.03316598 0.1348583
v -0.03074983 -0.02794858 0.1275616
v -0.0446234 -0.02306036 0.113856
v 0.01253316 0.01977775 0.1395148
v -0.02202964 0.02465362 0.1057647
v -0.0615119 -0.01803865 0.1037549
v -0.06510302 -0.03316598 0.1348583
v 0.042325 0.01841278 0.1806691
v -0.01999667 -0.03198064 0.1444581
v -0.06510302 -0.03316598 0.1348583
v 0.0556594 0.1022886 0.1649083
v 0.09674986 0.1014131 0.2218165
v -0.06058934 0.04333401 0.08292552
v -0.0002397299 0.1142976 0.1125128
v -0.08039275 -0.01252419 0.09771778
v -0.06510302 -0.03316598 0.1348583
v 0.05616698 0.01860241 0.2169944
v 0.1165211 0.1027241 0.2726168
v -0.01440954 -0.03460656 0.1616195
v -0.06510302 -0.03316598 0.1348583
v 0.1345564 0.2067317 0.2609149
v 0.08646973 0.2104207 0.1944138
v 0.1438274 0.2088511 0.3168501
v -0.1037181 0.06546015 0.06764681
v -0.06210425 0.1402259 0.07377139
v 0.01992956 0.2259624 0.1324017
v -0.09853109 -0.00750701 0.09651805
v -0.06510302 -0.03316598 0.1348583
v 0.1312252 0.3223541 0.2902279
v 0.1250751 0.3220527 0.344433
v 0.1052383 0.3269482 0.2266173
v 0.1283718 0.2081064 0.355452
v 0.1076242 0.3193215 0.3842276
v 0.1099663 0.1009528 0.3069329
v 0.05062309 0.01710963 0.2412337
v -0.01707488 -0.03652415 0.1743536
v -0.06510302 -0.03316598 0.1348583
v 0.1235189 0.4124318 0.3634572
v 0.1292395 0.4206755 0.3138926
v 0.1068625 0.4047332 0.3999943
v 0.06847994 0.3131596 0.3999377
v 0.09180477 0.199963 0.3699787
v 0.07786344 0.09384092 0.318871
v 0.02808051 0.01214837 0.2506
v 0.0701586 0.4038515 0.4163301
v -0.02917546 -0.03799963 0.179287
v -0.06510302 -0.03316598 0.1348583
v 0.1118409 0.4748414 0.4024233
v 0.08019325 0.47433 0.4162737
v 0.1261646 0.4814958 0.3714084
v 0.02336711 0.3067101 0.3921678
v 0.04519236 0.1887555 0.3603763
v 0.02532442 0.08502851 0.3072926
v -0.009571999 0.006487372 0.2427642
v 0.02704979 0.405679 0.4109105
v 0.04461694 0.478025 0.4124797
v -0.04727921 -0.03825062 0.1771045
v -0.06510302 -0.03316598 0.1348583
v -0.02323359 0.1853058 0.3257138
v -0.01515588 0.30169 0.3637072
v -0.007989228 0.4081807 0.3860884
v -0.03765478 0.08094887 0.2766077
v -0.05516407 0.004318698 0.2207609
v 0.00428915 0.486829 0.3904343
v -0.06639788 -0.03614017 0.1702148
v -0.06510302 -0.03316598 0.1348583
v -0.07491696 0.4255593 0.3380443
v -0.08929634 0.3173896 0.3115973
v -0.09882352 0.1986742 0.2744906
v -0.1012571 0.0910848 0.2333809
v -0.0954231 0.007788578 0.1935804
v -0.05790776 0.504863 0.3490771
v -0.08320859 -0.03192687 0.1600235
v -0.06510302 -0.03316598 0.1348583
v -0.1577573 0.3480004 0.2503909
v -0.1636539 0.2304424 0.2170238
v -0.1403618 0.4514973 0.2789444
v -0.1554322 0.1187801 0.1854388
v -0.128396 0.02775277 0.1640566
v -0.1137831 0.5249853 0.2982598
v -0.09716001 -0.02623022 0.1464081
v -0.06510302 -0.03316598 0.1348583
v -0.1864984 0.4784599 0.2188373
v -0.20544 0.3842109 0.1893924
v -0.2083687 0.2709002 0.1606969
v -0.1928781 0.1552912 0.1384204
v -0.1556151 0.05353484 0.1297419
v -0.1534623 0.5438109 0.2459783
v -0.1076766 -0.01879374 0.1303631
v -0.06510302 -0.03316598 0.1348583
v -0.2067116 0.4984648 0.1657876
v -0.2258366 0.4133788 0.135891
v -0.2271543 0.3044533 0.1114423
v -0.2095589 0.1864333 0.09643573
v -0.1671703 0.07504804 0.09949593
v -0.1709047 0.5584741 0.2001922
v -0.113297 -0.01090004 0.1141856
v -0.06510302 -0.03316598 0.1348583
v -0.1979368 0.5083475 0.1278385
v -0.216057 0.4290186 0.09745901
v -0.1634549 0.5667424 0.167872
v -0.2176354 0.3213971 0.07547107
v -0.2016908 0.2013524 0.06574233
v -0.1607149 0.08519167 0.07767983
v -0.1107613 -0.006343295 0.10185
v -0.06510302 -0.03316598 0.1348583
v -0.1151592 0.6063421 0.215841
v -0.1205718 0.6003348 0.2393231
v -0.05777705 0.6232703 0.2670502
v -0.1078991 0.5896814 0.2725886
v -0.06062263 0.620112 0.2793954
v 0.003074586 0.6158698 0.3164866
v -0.07907048 0.5760037 0.3105733
v -0.05396014 0.6145112 0.2968841
v 0.003074586 0.6158698 0.3164866
v -0.03847468 0.5613841 0.3474943
v -0.03880405 0.6073204 0.3168539
v 0.003074586 0.6158698 0.3164866
v 0.007707804 0.5480483 0.3777308
v -0.01746154 0.5996344 0.3362644
v 0.003074586 0.6158698 0.3164866
v 0.05207672 0.5381133 0.3966092
v 0.006818011 0.5926234 0.3521606
v 0.003074586 0.6158698 0.3164866
v 0.08500938 0.533765 0.4007111
v 0.03033835 0.5873545 0.3621225
v 0.003074586 0.6158698 0.3164866
v 0.1070591 0.5343581 0.3904689
v 0.04951873 0.5846303 0.3646335
v 0.003074586 0.6158698 0.3164866
v 0.06143909 0.584865 0.3593111
v 0.003074586 0.6158698 0.3164866
v 0.1153746 0.5396839 0.3675382
v 0.1274537 0.4917604 0.3291792
v 0.06428465 0.5880233 0.3469659
v 0.003074586 0.6158698 0.3164866
v 0.1043432 0.5499519 0.3345843
v 0.1093632 0.4315692 0.2562587
v 0.05762222 0.5936242 0.3294772
v 0.003074586 0.6158698 0.3164866
v 0.0989849 0.5079536 0.2790266
v 0.03556802 0.3460822 0.1621961
v 0.07551451 0.5636296 0.2965996
v 0.04383612 0.4528474 0.1959555
v -0.05394035 0.2556534 0.08575087
v 0.04246609 0.6008149 0.3095074
v 0.003074586 0.6158698 0.3164866
v 0.04310964 0.5280759 0.2282091
v -0.04239759 0.3745088 0.1123623
v -0.121448 0.171705 0.05295386
v 0.03491877 0.5782492 0.2596786
v -0.03064814 0.4767083 0.1476715
v -0.1243975 0.2901959 0.06022493
v -0.1390838 0.08150194 0.0658903
v -0.1107613 -0.006343295 0.10185
v -0.06510302 -0.03316598 0.1348583
v -0.1607149 0.08519167 0.07767983
v -0.1709011 0.1953164 0.05018157
v -0.2016908 0.2013524 0.06574233
v -0.1817095 0.314896 0.05706726
v -0.2176354 0.3213971 0.07547107
v -0.1171476 0.4044996 0.08374985
v -0.178053 0.4243589 0.07871766
v -0.216057 0.4290186 0.09745901
v -0.1025273 0.4977556 0.1183653
v -0.1612668 0.5089076 0.1114126
v -0.1979368 0.5083475 0.1278385
v -0.02045509 0.546431 0.1865924
v -0.132247 0.5673572 0.1539381
v -0.1634549 0.5667424 0.167872
v -0.08203214 0.5602248 0.1605118
v -0.01126373 0.591585 0.2294422
v -0.09248531 0.6067888 0.2057175
v -0.1151592 0.6063421 0.215841
v -0.05600211 0.6016067 0.2104935
v 0.02112365 0.6085009 0.2900969
v 0.003074586 0.6158698 0.3164866
v -0.003155947 0.615512 0.2742006
v 0.003074586 0.6158698 0.3164866
v -0.02667633 0.6207807 0.2642388
v 0.003074586 0.6158698 0.3164866
v -0.04585671 0.6235051 0.2617279
v 0.003074586 0.6158698 0.3164866
v -0.05777705 0.6232703 0.2670502
v 0.003074586 0.6158698 0.3164866
v -0.04010174 0.4479113 -0.3730617
v 0.01412579 0.4450844 -0.3752569
v -0.01589972 0.4489383 -0.3420532
v 0.008065626 0.4268793 -0.309348
v -0.06464055 0.4339027 -0.2662849
v -0.06372654 0.3800786 -0.1933764
v -0.05554378 0.449784 -0.3209888
v -0.04010174 0.4479113 -0.3730617
v -0.07502418 0.4470422 -0.3223519
v -0.04010174 0.4479113 -0.3730617
v -0.1056017 0.4293963 -0.268819
v -0.08901441 0.4428199 -0.3293693
v -0.04010174 0.4479113 -0.3730617
v -0.1338231 0.4216974 -0.2783734
v -0.1672817 0.3564809 -0.2073395
v -0.1308198 0.3715901 -0.1957577
v -0.1184705 0.2666213 -0.1309121
v -0.1574913 0.2509002 -0.145035
v -0.04929047 0.1112604 -0.09262182
v -0.08388734 0.09616756 -0.1025458
v 0.004882187 0.04508068 -0.1034219
v -0.02040207 0.02817029 -0.1095299
v 0.06629583 -0.02421882 -0.1232829
v 0.05265006 -0.03242532 -0.1293295
v 0.0937722 -0.03811983 -0.1594143
v 0.08467709 -0.01831811 -0.1219178
v 0.0937722 -0.03811983 -0.1594143
v 0.0432279 0.05967967 -0.1057331
v 0.008495793 0.1335472 -0.09728587
v -0.04220805 0.2824264 -0.1314792
v 0.1014414 0.1407375 -0.1651248
v 0.1119029 0.05388073 -0.1462566
v 0.07867363 0.2679302 -0.2049188
v 0.1152369 -0.0158231 -0.1347973
v 0.0937722 -0.03811983 -0.1594143
v 0.1888297 0.1213815 -0.2377533
v 0.04525527 0.361138 -0.2559007
v 0.1680569 0.05078823 -0.2026526
v 0.1801054 0.2674398 -0.304653
v 0.06787838 0.4249654 -0.3695095
v 0.1336371 0.3667686 -0.3471119
v 0.0749152 0.4172169 -0.4094254
v 0.1346106 -0.0217483 -0.1607714
v 0.0937722 -0.03811983 -0.1594143
v 0.1367517 -0.02903122 -0.1781014
v 0.0937722 -0.03811983 -0.1594143
v 0.1783516 0.03306695 -0.2383472
v 0.2050783 0.09414731 -0.2907357
v 0.197693 0.2452876 -0.3771735
v 0.1331466 -0.03793072 -0.1919807
v 0.0937722 -0.03811983 -0.1594143
v 0.1772191 0.01460872 -0.2633099
v 0.1467806 0.3528537 -0.4119776
v 0.1430955 0.3355302 -0.4490935
v 0.192125 0.2273007 -0.4173523
v 0.2025572 0.07675052 -0.325604
v 0.1190701 -0.04333467 -0.1995624
v 0.0937722 -0.03811983 -0.1594143
v 0.1487027 0.00908651 -0.2743334
v 0.1536449 0.209646 -0.4306366
v 0.1010785 -0.04887132 -0.2014691
v 0.0937722 -0.03811983 -0.1594143
v 0.1674041 0.06367089 -0.336464
v 0.1081163 0.002318182 -0.2754073
v 0.07087024 -0.05171471 -0.1886473
v 0.0937722 -0.03811983 -0.1594143
v 0.1066546 0.3203951 -0.4606807
v 0.07956125 0.1860786 -0.4266864
v 0.1063358 0.05463747 -0.337877
v 0.008444712 0.06550528 -0.2779995
v 0.04250421 -0.002261315 -0.2304893
v 0.07181562 0.4078183 -0.4385473
v 0.01727191 0.4408154 -0.3942436
v -0.04010174 0.4479113 -0.3730617
v 0.01349637 0.4359027 -0.409217
v -0.04010174 0.4479113 -0.3730617
v 0.04546839 0.3933951 -0.4451665
v 0.04437306 0.2945551 -0.455456
v 0.0006946325 0.4274048 -0.4143642
v -0.04010174 0.4479113 -0.3730617
v 0.007942379 0.3764785 -0.4422567
v -0.03467602 0.1762328 -0.3424969
v -0.05537253 0.2797323 -0.3780377
v -0.01738444 0.4195933 -0.4135024
v -0.04010174 0.4479113 -0.3730617
v -0.1427599 0.2010936 -0.253525
v -0.06130657 0.3707588 -0.3935485
v -0.07399893 0.06681076 -0.1974139
v -0.05597425 0.4165188 -0.3906937
v -0.04010174 0.4479113 -0.3730617
v -0.08705398 0.4242929 -0.3592344
v -0.04010174 0.4479113 -0.3730617
v -0.1245765 0.3854158 -0.3390321
v -0.1529908 0.3078658 -0.3017208
v -0.1626479 0.2314464 -0.184567
v -0.170941 0.3391329 -0.2444549
v -0.1350465 0.4055761 -0.3045576
v -0.09160122 0.4336318 -0.3424722
v -0.04010174 0.4479113 -0.3730617
v -0.1338231 0.4216974 -0.2783734
v -0.08901441 0.4428199 -0.3293693
v -0.04010174 0.4479113 -0.3730617
v -0.1672817 0.3564809 -0.2073395
v -0.1574913 0.2509002 -0.145035
v -0.08692392 0.08081574 -0.1382995
v -0.08388734 0.09616756 -0.1025458
v -0.02040207 0.02817029 -0.1095299
v -0.02477476 0.02108879 -0.139418
v 0.05265006 -0.03242532 -0.1293295
v -0.01670802 0.0111928 -0.1784803
v 0.04863157 -0.03850881 -0.1447229
v 0.0937722 -0.03811983 -0.1594143
v 0.0511467 -0.04544345 -0.1626153
v 0.0937722 -0.03811983 -0.1594143
v 0.0937722 -0.03811983 -0.1594143
v -0.04238441 0.07529076 -0.1022167
v -0.04799247 0.0695926 -0.1082953
v -0.07545528 0.05757355 -0.0638231
v -0.05115792 0.07896797 -0.1059076
v -0.1101995 0.171407 -0.1206061
v -0.115227 0.1616075 -0.1291072
v -0.1721028 0.1597604 -0.07979731
v -0.1191999 0.1748835 -0.1306171
v -0.1139438 0.3618616 -0.1894789
v -0.1277836 0.3607906 -0.1927887
v -0.1394494 0.4144616 -0.1471293
v -0.1187836 0.3695424 -0.2000188
v 0.1763446 0.1479675 -0.377689
v 0.1706822 0.1553128 -0.3856441
v 0.2064184 0.1243347 -0.4303309
v 0.1656842 0.1443625 -0.3828109
v 0.05887479 0.1048193 -0.3403523
v 0.05268171 0.1142669 -0.3450997
v 0.03252425 0.07241631 -0.3855549
v 0.04671332 0.1072237 -0.3363107
v -0.08778214 0.1108083 -0.2190352
v -0.0946105 0.1209468 -0.2208063
v -0.1431762 0.08191323 -0.2271473
v -0.09442449 0.1161636 -0.209292
v -0.02339226 0.04590258 -0.2177137
v -0.03191054 0.05658162 -0.2212726
v -0.07172975 0.006515529 -0.25082
v -0.03507257 0.04962512 -0.2090161
v -0.04341578 0.199865 -0.3425661
v -0.0492239 0.214654 -0.3431418
v -0.1034424 0.1835349 -0.3922843
v -0.05597234 0.2045453 -0.3321874
v -0.1361098 0.2536856 -0.2884474
v -0.1391464 0.2670487 -0.2879086
v -0.2022664 0.2478977 -0.3109787
v -0.1429427 0.2591005 -0.2769104
v -0.1337532 0.4096194 -0.2964939
v -0.1285132 0.4162004 -0.2923053
v -0.1697232 0.4423044 -0.2936117
v -0.1342608 0.4104225 -0.2868586
v -0.05842376 0.4370996 -0.2888755
v -0.05127957 0.4365556 -0.2882402
v -0.05460656 0.4689424 -0.2751064
v -0.05595732 0.4349574 -0.2827434
v -0.006530568 0.4127423 -0.2883867
v 0.00644128 0.4084597 -0.2891539
v 0.01923698 0.4657906 -0.259452
v -0.001710638 0.4063604 -0.2780281
v 0.08028355 0.4057335 -0.3999923
v 0.08821484 0.397878 -0.4071542
v 0.1253193 0.4494866 -0.4188283
v 0.09043163 0.4000863 -0.3947424
v -0.05130053 0.4032919 -0.3914653
v -0.04774919 0.3969922 -0.3974734
v -0.07443154 0.4179499 -0.4278501
v -0.04349279 0.4050237 -0.3969772
v -0.07451158 0.3543143 -0.3735838
v -0.06742999 0.3471951 -0.3809789
v -0.1079782 0.3611961 -0.4223673
v -0.0652616 0.3588387 -0.380833
v 0.06446242 0.3199508 -0.4530009
v 0.07686499 0.314992 -0.4551345
v 0.07226792 0.3362163 -0.5172504
v 0.07522929 0.3273819 -0.4518096
v 0.09740169 0.2040951 -0.4258941
v 0.1107665 0.1953908 -0.4253054
v 0.09756514 0.1792724 -0.4903779
v 0.1118276 0.2097291 -0.4311467
v 0.136805 0.06978796 -0.3425395
v 0.1535081 0.06453333 -0.3319477
v 0.1780123 0.01748816 -0.4071729
v 0.1549392 0.08024377 -0.3450993
v 0.07300533 0.004906686 -0.2520242
v 0.08040033 0.001213981 -0.2553896
v 0.05287597 -0.02207028 -0.2775486
v 0.07691394 0.007678143 -0.2594682
v 0.1827199 0.03926701 -0.2668361
v 0.1846504 0.04159397 -0.2618876
v 0.2116301 0.03049389 -0.2718446
v 0.1850899 0.04455919 -0.2669661
v 0.1077594 0.04179318 -0.1454622
v 0.09939991 0.04441787 -0.1397293
v 0.1327344 0.0546544 -0.1052273
v 0.1046168 0.05108967 -0.1452411
v 0.02838041 0.1590398 -0.1233873
v 0.008874893 0.1619706 -0.1167062
v 0.04312548 0.1913507 -0.0522505
v 0.01936649 0.1762452 -0.1262486
v 0.1875249 0.145959 -0.2650196
v 0.1808898 0.1528893 -0.2536187
v 0.2504335 0.1704871 -0.2395783
v 0.1840429 0.159653 -0.266177
v 0.1847746 0.2418737 -0.3157144
v 0.1798155 0.2497243 -0.3042376
v 0.2518136 0.2656468 -0.3000947
v 0.1816219 0.2555724 -0.3174398
v 0.0624215 0.2694056 -0.2039885
v 0.04983456 0.2679705 -0.1955725
v 0.08200447 0.3126835 -0.1505543
v 0.05128092 0.278625 -0.2050602
v -0.1627005 0.09974804 0.1485439
v -0.166575 0.1023665 0.1412564
v -0.1980979 0.07832289 0.1465243
v -0.1676923 0.1072191 0.1477455
v -0.05332506 0.01699477 0.2242071
v -0.06719267 0.01772832 0.2144247
v -0.09305492 -0.01637048 0.2686222
v -0.0630683 0.03045221 0.2246096
v -0.09881204 0.09124996 0.2263386
v -0.1120346 0.09115997 0.214418
v -0.1468569 0.0523572 0.2643119
v -0.1100145 0.1046044 0.2252056
v 0.05428156 0.04690726 0.1894472
v 0.05383947 0.03978674 0.1921767
v 0.08595596 0.03049354 0.1824981
v 0.05767946 0.0456668 0.1962412
v 0.09996653 0.0866088 0.2608196
v 0.09698655 0.07850894 0.2663307
v 0.1499188 0.06243778 0.2779818
v 0.1003824 0.0888484 0.2708951
v 0.1239483 0.350065 0.3474316
v 0.1219072 0.3420984 0.3539643
v 0.1939031 0.3476251 0.3575384
v 0.1240243 0.3536673 0.3579167
v 0.1321374 0.2445757 0.3189349
v 0.1365165 0.2318418 0.314813
v 0.1968574 0.2293268 0.3228918
v 0.1345543 0.233914 0.3250946
v 0.1303059 0.1550429 0.3172548
v 0.1277713 0.1435744 0.3126536
v 0.1802214 0.1249533 0.342741
v 0.1255705 0.1470698 0.3225236
v 0.1002979 0.131084 0.2264517
v 0.0920679 0.1156952 0.2169061
v 0.1766201 0.08766934 0.2090833
v 0.09921879 0.1141899 0.2340245
v 0.01069842 0.0814638 0.1292834
v 0.006329179 0.07295721 0.1267684
v 0.03560147 0.06560548 0.1001805
v 0.01399052 0.07303149 0.1332467
v -0.1139058 0.1286245 0.06086386
v -0.1179145 0.1209898 0.06059163
v -0.1126059 0.1157631 0.0232187
v -0.1096053 0.1208531 0.06267942
v -0.02026808 0.1386932 0.1069617
v -0.01068889 0.1248603 0.1127941
v 0.01906392 0.1287633 0.04878914
v -0.005377933 0.141329 0.1160717
v -0.2079812 0.2126351 0.08930691
v -0.2039388 0.2025869 0.08339389
v -0.2610647 0.2024756 0.0516249
v -0.2041196 0.2147536 0.07987567
v -0.1829229 0.2011837 0.06119293
v -0.183716 0.1904003 0.06290417
v -0.2191864 0.1898764 0.01942288
v -0.1772633 0.1932065 0.05749362
v -0.1039352 0.2112876 0.06638534
v -0.1123431 0.1974401 0.06353581
v -0.1021675 0.2013123 -0.005984473
v -0.09680036 0.195967 0.06742331
v -0.1510422 0.4319635 0.09012078
v -0.160948 0.4195123 0.08552559
v -0.1761942 0.456436 0.01971839
v -0.146419 0.4177016 0.0836613
v -0.0947721 0.589882 0.1939493
v -0.09398111 0.5821068 0.1834918
v -0.1030891 0.6454193 0.1564939
v -0.08322334 0.5878714 0.1908048
v -0.03035802 0.6035287 0.2389269
v -0.02952087 0.5984733 0.231223
v -0.02192771 0.6451409 0.2185208
v -0.02183098 0.6001586 0.2378907
v 0.01179788 0.5484014 0.2211146
v 0.005359739 0.5384786 0.2076964
v 0.05692422 0.584561 0.1757759
v 0.01951468 0.5327327 0.217725
v 0.1153792 0.488777 0.313199
v 0.1159317 0.4740297 0.3038343
v 0.190771 0.5119692 0.2948438
v 0.118758 0.4760678 0.3184201
v 0.1011822 0.4334179 0.2566118
v 0.09979823 0.4172944 0.2484307
v 0.1656886 0.4424843 0.2222693
v 0.1086357 0.4191503 0.262656
v 0.08927019 0.2720293 0.2129814
v 0.08528775 0.2556671 0.2058819
v 0.1408473 0.2723625 0.1628631
v 0.09842101 0.2571968 0.2184775
v 0.01426895 0.3312424 0.1502054
v 0.009194195 0.3083727 0.1409698
v 0.06050667 0.3334297 0.08754827
v 0.02876338 0.3116602 0.1564485
v -0.05733287 0.4887981 0.1472658
v -0.05973628 0.4747868 0.1388377
v -0.04864061 0.5217842 0.08593214
v -0.04548523 0.4787484 0.145675
v -0.1621779 0.5623388 0.2031978
v -0.1642422 0.5611379 0.1930832
v -0.191177 0.6117359 0.194754
v -0.1559307 0.5670313 0.1981751
v -0.09155464 0.5942193 0.2768681
v -0.09471475 0.5958633 0.2700445
v -0.1107726 0.6280886 0.2847053
v -0.08828222 0.599239 0.2734341
v 0.06091666 0.5675856 0.2852592
v 0.05974817 0.5725212 0.2934962
v 0.0881865 0.610657 0.2831228
v 0.0534811 0.5750458 0.2851937
v 0.09919699 0.5507419 0.364434
v 0.09301517 0.5518019 0.3703633
v 0.120049 0.5951926 0.3891192
v 0.09098199 0.5571756 0.3622835
v 0.1057988 0.4703341 0.4007047
v 0.09723938 0.4713597 0.4076423
v 0.1627096 0.495633 0.4510539
v 0.1039708 0.4803047 0.4021926
v 0.07737213 0.3866124 0.4091326
v 0.06413817 0.3883227 0.4126484
v 0.1256419 0.3892843 0.4826822
v 0.06966886 0.4015767 0.4106023
v -0.1912537 0.1885619 0.1535032
v -0.196009 0.1922361 0.1400383
v -0.2631661 0.1894111 0.1527164
v -0.1940277 0.2038087 0.1502245
v -0.2201727 0.3873421 0.1150656
v -0.2173927 0.3885811 0.1046708
v -0.2781873 0.4020807 0.08519966
v -0.2178198 0.3993616 0.111925
v -0.1887473 0.4774126 0.2040678
v -0.195041 0.4806117 0.1917838
v -0.2476429 0.5034518 0.2182646
v -0.1882513 0.4910723 0.1999762
v -0.09091526 0.5507144 0.3059254
v -0.09968066 0.5554194 0.2951293
v -0.1307294 0.5932773 0.3377842
v -0.08893624 0.5634831 0.300954
v 0.02507837 0.5190175 0.3897519
v 0.01386011 0.5214459 0.3837129
v 0.007373303 0.5547733 0.4336786
v 0.02254158 0.5301868 0.3840052
v -0.07440427 0.4649165 0.3327833
v -0.08519682 0.4665714 0.323801
v -0.1143774 0.4777927 0.3712401
v -0.07843959 0.4777727 0.3289064
v 0.05586372 0.08800426 0.309388
v 0.04556181 0.09381582 0.3122471
v 0.06535266 0.06005759 0.3632784
v 0.05658054 0.09987886 0.3158737
v 0.07790035 0.1953483 0.3624522
v 0.0624099 0.2010707 0.364087
v 0.09585389 0.1714083 0.4422015
v 0.06751145 0.2144589 0.366911
v -0.03235894 0.2070846 0.3195265
v -0.0475876 0.21537 0.3131477
v -0.06611484 0.1952684 0.3840691
v -0.03512603 0.2252225 0.3228916
v -0.01379079 0.39202 0.3745239
v -0.02533504 0.39316 0.3644018
v -0.05706877 0.3982498 0.4316384
v -0.01839507 0.4085557 0.3711352
v -0.1501106 0.3548082 0.2526408
v -0.1609117 0.3554906 0.2388222
v -0.2166361 0.363721 0.2823725
v -0.1553035 0.3704858 0.2466254
v -0.2512141 0.08898913 0.1596385
v -0.2561606 0.08668175 0.1660519
v -0.2166721 0.07716693 0.1886146
v -0.2530289 0.09525099 0.1658248
v -0.2511697 0.1938326 0.1880341
v -0.258554 0.1882272 0.1952697
v -0.2108577 0.1951113 0.2381444
v -0.2582884 0.2009953 0.1948339
v -0.293036 0.369241 0.1421844
v -0.29435 0.3728245 0.1537032
v -0.2502556 0.4149254 0.1453525
v -0.3007225 0.3788994 0.1445331
v -0.5014273 0.1324455 -0.01835267
v -0.5068759 0.14164 -0.01540969
v -0.5509993 0.1119355 -0.03259751
v -0.5048298 0.1332316 -0.008553802
v -0.460368 0.1232158 0.08498111
v -0.4628882 0.1338543 0.08757108
v -0.4980604 0.1102 0.1176734
v -0.455406 0.1281257 0.09375849
v -0.3414014 0.1511184 0.1928946
v -0.3412915 0.1620573 0.1956209
v -0.3443605 0.1435361 0.2455329
v -0.3320251 0.1560651 0.1961155
v -0.3528507 0.07674918 0.1595697
v -0.3540094 0.08892207 0.1635985
v -0.3784745 0.06212789 0.2109949
v -0.3439207 0.08190893 0.1673197
v -0.4429368 0.2344613 0.1401698
v -0.4415555 0.2489052 0.1407196
v -0.4793211 0.2456214 0.1954875
v -0.4324163 0.240426 0.1482512
v -0.3826078 0.298609 0.1958136
v -0.380718 0.3108564 0.1944856
v -0.394584 0.3162355 0.2514616
v -0.3716971 0.3033756 0.1990627
v -0.3768561 0.4329572 0.1510716
v -0.3733847 0.4364289 0.1448187
v -0.3677096 0.4708599 0.1704651
v -0.3686332 0.4322551 0.1506779
v -0.3766696 0.4336801 0.08297699
v -0.3769835 0.4310607 0.07739986
v -0.362914 0.4576991 0.07026373
v -0.3719676 0.4301566 0.08124207
v -0.3840902 0.3978099 0.04838445
v -0.3865449 0.3905341 0.0392883
v -0.3583156 0.4312946 0.01138817
v -0.3764473 0.3893001 0.04570133
v -0.4882475 0.3846681 -0.0121588
v -0.4958038 0.3767953 -0.01586543
v -0.5055598 0.412266 -0.0590691
v -0.4854381 0.3760733 -0.01898542
v -0.4664836 0.4189995 0.09282062
v -0.4724499 0.4135347 0.09210142
v -0.493268 0.4440162 0.1093409
v -0.471853 0.4191217 0.08644892
v -0.4528559 0.3808057 0.1238563
v -0.4604524 0.3738455 0.1206358
v -0.4895385 0.4040984 0.1515104
v -0.4596192 0.3831861 0.1156633
v -0.5380611 0.3240907 0.02745026
v -0.5416558 0.3166166 0.01907696
v -0.5916169 0.3460466 0.02054438
v -0.5376613 0.3271825 0.01673754
v -0.5284737 0.2109418 0.03180081
v -0.5301951 0.1995446 0.02353995
v -0.5847348 0.1998888 0.04241733
v -0.5340496 0.2124692 0.01905756
v -0.4738409 0.07114074 0.03277629
v -0.4672458 0.06014835 0.02030071
v -0.537095 0.02475894 0.0183472
v -0.4771748 0.07530932 0.01557828
v -0.3958934 0.01937836 0.09622945
v -0.3998567 0.01462439 0.09156638
v -0.4172981 0.006091629 0.1212843
v -0.4023634 0.02182016 0.09278983
v -0.4178654 0.01970546 0.0001719785
v -0.4137319 0.02035774 -0.002307727
v -0.4260456 0.004677903 -0.02011815
v -0.4178075 0.02358466 -0.003179103
v -0.3071967 0.02404081 0.0519369
v -0.3012223 0.02777817 0.05752386
v -0.2751275 0.02148326 0.02606865
v -0.3058955 0.03288143 0.05184278
v -0.2701039 0.1438748 0.08125599
v -0.2620538 0.1509241 0.0955793
v -0.2093125 0.1560082 0.05628623
v -0.2700854 0.1616763 0.08382387
v -0.4081338 0.1095438 -0.03342086
v -0.3972355 0.1155748 -0.03074239
v -0.3918099 0.108459 -0.09186463
v -0.4075928 0.1224733 -0.03438481
v -0.4425795 0.2006827 -0.05486748
v -0.4317304 0.2070096 -0.05378426
v -0.4350384 0.1993306 -0.1158054
v -0.4425526 0.2136122 -0.05606123
v -0.3326428 0.2416127 0.02827139
v -0.3242702 0.2426541 0.03819396
v -0.2863781 0.2645863 -0.002544446
v -0.3315353 0.2528901 0.03464624
v 0.09702833 0.6092812 -0.1919657
v 0.09378473 0.6053769 -0.1997189
v 0.07201336 0.5763542 -0.1704572
v 0.08884867 0.6119359 -0.1954187
v 0.01773202 0.6835325 -0.1897984
v 0.01600705 0.6770446 -0.2007252
v -0.03319103 0.6497172 -0.1692065
v 0.00959304 0.6879572 -0.1986665
v -0.0277878 0.8645416 -0.1911735
v -0.03916377 0.8621652 -0.19657
v -0.06289511 0.8908638 -0.1439702
v -0.03336668 0.8734218 -0.1985355
v 0.2734798 0.796393 -0.3657068
v 0.2672063 0.804032 -0.371131
v 0.3060103 0.798477 -0.4121152
v 0.2654407 0.7930312 -0.3728626
v 0.1829315 0.727093 -0.3666909
v 0.1756241 0.7353981 -0.368873
v 0.1694922 0.7092283 -0.4188114
v 0.1719508 0.7256399 -0.3645812
v 0.05373838 0.6674935 -0.2870958
v 0.04564427 0.6753319 -0.2866714
v 0.01378842 0.6356851 -0.3117642
v 0.0465773 0.6677374 -0.2783898
v 0.1233639 0.6242055 -0.2948177
v 0.1137651 0.6327515 -0.2960149
v 0.09257175 0.5926879 -0.3424971
v 0.1123466 0.6224895 -0.2883153
v 0.07420589 0.7891171 -0.3569416
v 0.0658572 0.8006758 -0.3539462
v 0.02862932 0.7800648 -0.4136078
v 0.06217377 0.7875204 -0.3488821
v -0.01844415 0.8005787 -0.3105889
v -0.02414578 0.8110927 -0.3066255
v -0.07246998 0.7907591 -0.3422312
v -0.02583337 0.8002762 -0.3003874
v -0.0525439 0.9346191 -0.2701455
v -0.04976207 0.9397909 -0.2637782
v -0.09071273 0.9546629 -0.2638588
v -0.05344468 0.9321835 -0.2618819
v 0.004636526 0.9690125 -0.2430181
v 0.01079601 0.9696534 -0.2414647
v 4.503131E-05 0.992162 -0.2212405
v 0.007044286 0.9657384 -0.2380942
v 0.05425347 0.9578049 -0.241333
v 0.06626169 0.9568002 -0.2411178
v 0.06286749 0.9980162 -0.1967961
v 0.05951815 0.9500698 -0.2337368
v 0.1327084 1.002639 -0.3229673
v 0.1414678 0.9997184 -0.3300391
v 0.1612159 1.0535 -0.3182236
v 0.1424656 0.9980892 -0.3185667
v 0.02156824 0.9740228 -0.3383022
v 0.02622116 0.9712538 -0.3446609
v -0.0003688037 0.993544 -0.3683401
v 0.02794057 0.9786231 -0.3411273
v 0.01279266 0.9230316 -0.341806
v 0.02066764 0.9206491 -0.3489935
v -0.01572222 0.938023 -0.3863207
v 0.01978707 0.9307858 -0.3450156
v 0.1408555 0.9442557 -0.3959414
v 0.1525793 0.9430074 -0.3971729
v 0.1455691 0.9794748 -0.4438201
v 0.148209 0.9520847 -0.3909259
v 0.194953 0.8443462 -0.4024733
v 0.2082843 0.839271 -0.40238
v 0.2027739 0.8437089 -0.4641517
v 0.2060144 0.8533476 -0.4028134
v 0.2571688 0.7124776 -0.3661536
v 0.2722296 0.7077749 -0.3560561
v 0.3061624 0.6962398 -0.4294161
v 0.2701685 0.7253624 -0.3621665
v 0.2155796 0.6179925 -0.3200412
v 0.2228031 0.6172851 -0.3227576
v 0.2055663 0.5996545 -0.3529472
v 0.2184639 0.6233642 -0.324825
v 0.3009433 0.6714401 -0.3040287
v 0.3018906 0.6721966 -0.2988472
v 0.3276232 0.6708829 -0.3060925
v 0.3017215 0.6763602 -0.3021568
v 0.2332857 0.6219299 -0.2135605
v 0.2254245 0.6208226 -0.2093326
v 0.2502593 0.6246725 -0.1717149
v 0.2284511 0.6291054 -0.2111031
v 0.1380793 0.6991692 -0.1729185
v 0.1206776 0.6959984 -0.1696454
v 0.140946 0.7067245 -0.100927
v 0.1265194 0.7128932 -0.1716511
v 0.2801005 0.7614382 -0.2696683
v 0.2725298 0.7624881 -0.2590934
v 0.3269229 0.785511 -0.230488
v 0.2739944 0.7726808 -0.2671063
v 0.2569154 0.8574545 -0.2839734
v 0.2505476 0.8595585 -0.272781
v 0.3077015 0.8847194 -0.2525993
v 0.2511038 0.8689389 -0.2818332
v 0.1435717 0.8233835 -0.2019566
v 0.1329965 0.8172551 -0.1973899
v 0.1485022 0.8465831 -0.140765
v 0.1320185 0.8294471 -0.2019335
v 0.1282262 0.13599 -0.06868376
v 0.123905 0.1356738 -0.07862537
v 0.07795425 0.1225628 -0.05232037
v 0.1233766 0.144787 -0.07277059
v 0.2506571 0.06125755 0.05082078
v 0.2330629 0.06040838 0.04076518
v 0.1914182 0.06313965 0.1338557
v 0.2409172 0.07837223 0.04596143
v 0.2076109 0.1532671 0.022206
v 0.1907136 0.1501474 0.009740712
v 0.1365642 0.1480632 0.10174
v 0.1959904 0.1698142 0.01574124
v 0.3967242 0.04180624 -0.0318526
v 0.3945903 0.03604033 -0.02438445
v 0.4342997 0.01155771 -0.03820501
v 0.4007313 0.04341947 -0.02319732
v 0.4629415 0.1110925 0.02819188
v 0.4572693 0.106621 0.04026308
v 0.5220627 0.08127221 0.05312251
v 0.4637754 0.1190821 0.03973971
v 0.6098998 0.408523 -0.001999955
v 0.6108721 0.4026509 0.01183997
v 0.6847316 0.3967726 -0.004043387
v 0.6131303 0.4173972 0.00973818
v 0.5700119 0.2892077 0.01382082
v 0.5657039 0.2747723 0.01364545
v 0.640106 0.2604426 0.01262788
v 0.5687186 0.2815751 0.02674527
v 0.5161409 0.2061649 0.0566491
v 0.5100665 0.192405 0.0575077
v 0.5733656 0.1750728 0.09538743
v 0.5078992 0.2023048 0.06865519
v 0.4734383 0.1378955 -0.04006022
v 0.4596992 0.1186857 -0.04214531
v 0.5631692 0.06060644 -0.05404948
v 0.4683167 0.1248514 -0.02093568
v 0.3488106 0.05606936 -0.1186388
v 0.3413995 0.04697885 -0.1163041
v 0.3781471 0.01567087 -0.1521847
v 0.3512025 0.04856437 -0.1096407
v 0.1989996 0.1020548 -0.2063246
v 0.1921999 0.09505674 -0.2016782
v 0.1986173 0.06667995 -0.2475953
v 0.2028737 0.09372358 -0.2006344
v 0.3213497 0.1120979 -0.172109
v 0.3306865 0.09820428 -0.1590542
v 0.3711154 0.05713397 -0.248938
v 0.3409939 0.1157962 -0.1649631
v 0.09475471 0.2332737 -0.1967853
v 0.09794903 0.2182113 -0.1996597
v 0.02465367 0.2163127 -0.2284853
v 0.1003646 0.2289876 -0.2107673
v 0.125211 0.19801 -0.2315112
v 0.1218628 0.1879277 -0.2232675
v 0.07667987 0.1726817 -0.2712321
v 0.1308964 0.1859182 -0.2330234
v 0.2293624 0.1888914 -0.2465266
v 0.2156017 0.1751772 -0.2408736
v 0.230818 0.1365371 -0.3337845
v 0.2353091 0.1713988 -0.2382779
v 0.2149652 0.4470117 -0.3273286
v 0.1995964 0.4341905 -0.3243613
v 0.1889139 0.4395713 -0.4254254
v 0.2180242 0.427059 -0.3287143
v 0.3194177 0.6555888 -0.2926864
v 0.3189737 0.6412392 -0.3019401
v 0.3211429 0.6946881 -0.3691645
v 0.3339738 0.6483709 -0.2979556
v 0.4047752 0.677123 -0.2558951
v 0.4049201 0.6671827 -0.2631321
v 0.4248825 0.7065924 -0.3064164
v 0.4150989 0.670555 -0.2571138
v 0.4478621 0.5971228 -0.2570739
v 0.4376704 0.5809056 -0.2674562
v 0.5146869 0.5960892 -0.3439168
v 0.4545659 0.5765658 -0.2544036
v 0.5746887 0.5551762 -0.1271053
v 0.573835 0.5337418 -0.1309139
v 0.6707786 0.549584 -0.1794861
v 0.5839586 0.5412539 -0.1131446
v 0.5385054 0.4713421 -0.1670937
v 0.5332484 0.4502431 -0.1684575
v 0.6242364 0.4427387 -0.2290642
v 0.5468169 0.4571022 -0.1528526
v 0.4893891 0.2809073 -0.1320926
v 0.4808897 0.2608591 -0.1313903
v 0.5570204 0.2377817 -0.2067551
v 0.4979656 0.2658978 -0.1188328
v 0.4061542 0.3285045 -0.2292887
v 0.3948977 0.300735 -0.2275302
v 0.4675022 0.2816785 -0.3198772
v 0.4206147 0.3074165 -0.213568
v 0.347153 0.5123132 -0.3046095
v 0.3412181 0.4935127 -0.3072108
v 0.3664953 0.5092615 -0.402695
v 0.3603587 0.4974823 -0.3035598
v 0.2262713 0.6513886 -0.2520667
v 0.2235283 0.6449371 -0.2638963
v 0.1994406 0.7065929 -0.2839442
v 0.2354334 0.6516349 -0.2623175
v 0.3230191 0.7066453 -0.1898999
v 0.3194057 0.7053694 -0.1988622
v 0.3052394 0.7521014 -0.1945031
v 0.3283772 0.7089967 -0.1976953
v 0.5142848 0.6398092 -0.1957313
v 0.5136768 0.650024 -0.187681
v 0.5587275 0.6758522 -0.2275799
v 0.5062612 0.6497153 -0.1983783
v 0.5588421 0.6564633 -0.09328142
v 0.5509627 0.6627421 -0.08503461
v 0.5947327 0.7111616 -0.09035674
v 0.5495586 0.6643501 -0.09787836
v 0.5973035 0.5748261 0.002052411
v 0.5870867 0.5820675 0.01219221
v 0.6531425 0.621384 0.0378686
v 0.5905226 0.5888686 -0.002005572
v 0.5694101 0.4909856 0.068006
v 0.5530059 0.4984481 0.07431106
v 0.6066762 0.5303546 0.1472749
v 0.5647681 0.5089637 0.06355882
v 0.1101126 0.2399992 -0.1051079
v 0.1049875 0.2375068 -0.1233304
v 0.01735629 0.2610746 -0.0919048
v 0.1098269 0.2548811 -0.1170655
v 0.1156787 0.4344077 -0.2569854
v 0.119721 0.42896 -0.2714954
v 0.04435796 0.4493989 -0.2913236
v 0.1213314 0.4445188 -0.2680475
v 0.1738585 0.5706028 -0.1990839
v 0.1666227 0.5687302 -0.2152256
v 0.103015 0.6228862 -0.1831936
v 0.1774766 0.5824198 -0.2118779
v 0.3140781 0.6775413 -0.1291538
v 0.3039412 0.6788056 -0.1437161
v 0.2710962 0.7517521 -0.1036552
v 0.3194394 0.6874965 -0.1428857
v 0.4561628 0.6588964 -0.0284555
v 0.4418958 0.6613367 -0.03525414
v 0.439705 0.7266746 0.01160314
v 0.4549701 0.6681634 -0.04143327
v 0.3167 0.5983483 -0.05131943
v 0.3032621 0.598039 -0.06148526
v 0.2670836 0.6453009 -0.001131003
v 0.3142864 0.6107472 -0.06247552
v 0.4053662 0.1529961 0.09840605
v 0.3932348 0.1636722 0.1009777
v 0.4107282 0.1518477 0.1805273
v 0.4087015 0.1689324 0.1000414
v 0.4742924 0.2830528 0.1054119
v 0.4552723 0.2944876 0.1075037
v 0.4840492 0.3008384 0.2156806
v 0.4744578 0.3053024 0.1040617
v 0.3164684 0.3087772 0.06421038
v 0.2986599 0.3181719 0.05464541
v 0.2691734 0.3430198 0.1599251
v 0.3166879 0.3304848 0.05914845
v 0.3839727 0.526751 0.03014804
v 0.3650503 0.5269806 0.01836725
v 0.3231702 0.5801376 0.1077601
v 0.3790112 0.5443298 0.01737047
v 0.1968667 0.4589518 -0.07792066
v 0.1832973 0.4548599 -0.0937245
v 0.1122431 0.504383 -0.03128145
v 0.1935949 0.4734131 -0.09311276
vn -0.2774521 -0.94581 0.1687126
vn 0.1967062 -0.9740923 -0.1115831
vn 0.07050677 -0.9600433 -0.2708243
vn 0.5557002 -0.7346144 -0.3892799
vn 0.3708269 -0.709417 -0.5993454
vn -0.1084595 -0.9267308 -0.3597312
vn -0.2774521 -0.94581 0.1687126
vn 0.6318639 -0.7657218 -0.1200758
vn 0.2424988 -0.9676521 0.06959684
vn -0.2774521 -0.94581 0.1687126
vn 0.6549566 -0.556078 -0.5116727
vn 0.7674527 -0.5937104 -0.241918
vn 0.12556 -0.6695127 -0.7321116
vn 0.4820272 -0.5176342 -0.706898
vn -0.2874793 -0.8865073 -0.3625747
vn -0.2774521 -0.94581 0.1687126
vn 0.6156525 -0.7553456 0.2245551
vn 0.7908468 -0.5911135 0.1585754
vn 0.2394439 -0.9341037 0.264796
vn -0.2774521 -0.94581 0.1687126
vn 0.8299932 -0.4497644 -0.3298837
vn 0.6929569 -0.4279388 -0.5802406
vn 0.8972445 -0.4323488 0.08959226
vn -0.153189 -0.6478769 -0.7461827
vn 0.2486393 -0.4999763 -0.8295795
vn 0.5313284 -0.401315 -0.7460808
vn -0.4677378 -0.8260046 -0.3145436
vn -0.2774521 -0.94581 0.1687126
vn 0.8661095 -0.3181223 -0.3855546
vn 0.9637152 -0.2646961 0.03448127
vn 0.7178756 -0.3192478 -0.6186562
vn 0.7105965 -0.2962024 0.6382137
vn 0.7838846 -0.09649543 0.6133626
vn 0.6082006 -0.4772173 0.6343151
vn 0.4525065 -0.6651307 0.5940025
vn 0.1688307 -0.8685896 0.4658844
vn -0.2774521 -0.94581 0.1687126
vn 0.9994984 -0.02656265 -0.01724963
vn 0.8976415 -0.1368467 -0.4189423
vn 0.8248622 0.1623435 0.5415228
vn 0.2901925 0.09657434 0.9520828
vn 0.2565193 -0.08868412 0.9624619
vn 0.2234074 -0.286752 0.9315914
vn 0.1608351 -0.5113778 0.844171
vn 0.3396621 0.3273793 0.8817326
vn -0.002113236 -0.804541 0.5938933
vn -0.2774521 -0.94581 0.1687126
vn 0.7967205 0.4440198 0.4099791
vn 0.374931 0.5680416 0.732636
vn 0.9652319 0.2513998 -0.07159285
vn -0.1276054 0.2148967 0.9682645
vn -0.1374929 0.06917531 0.9880843
vn -0.133202 -0.11058 0.9849006
vn -0.1356961 -0.3540214 0.9253407
vn -0.08317015 0.3892993 0.9173488
vn -0.009391217 0.5916318 0.8061536
vn -0.1819376 -0.7399634 0.6475746
vn -0.2774521 -0.94581 0.1687126
vn -0.3968041 0.1566148 0.9044437
vn -0.3839466 0.2717594 0.8824579
vn -0.3443229 0.4096534 0.8447638
vn -0.3949516 0.00723711 0.9186734
vn -0.3857937 -0.2289954 0.8937138
vn -0.2643437 0.590156 0.7627833
vn -0.3574725 -0.6765933 0.6437662
vn -0.2774521 -0.94581 0.1687126
vn -0.5209612 0.4289193 0.7379889
vn -0.5637677 0.3032581 0.7682451
vn -0.5902219 0.2002446 0.7820104
vn -0.6137965 0.0701335 0.7863429
vn -0.6262928 -0.1745222 0.7598022
vn -0.4388819 0.6018571 0.6671962
vn -0.5364572 -0.6343511 0.556608
vn -0.2774521 -0.94581 0.1687126
vn -0.7171595 0.3217 0.6182164
vn -0.7568126 0.2097621 0.6190593
vn -0.6643009 0.4575815 0.591036
vn -0.7991516 0.06202843 0.5979208
vn -0.8173043 -0.1637877 0.5524375
vn -0.5696656 0.6359087 0.5206739
vn -0.6674683 -0.6268948 0.401857
vn -0.2774521 -0.94581 0.1687126
vn -0.7928292 0.4956523 0.3546133
vn -0.8640158 0.3252909 0.384269
vn -0.9074876 0.1836698 0.3777986
vn -0.9383833 0.0004991293 0.345596
vn -0.9235339 -0.2346864 0.3033273
vn -0.6648718 0.689881 0.2863736
vn -0.7213399 -0.653797 0.2285128
vn -0.2774521 -0.94581 0.1687126
vn -0.8591239 0.5071077 -0.06890582
vn -0.9581538 0.2837345 -0.03789547
vn -0.9947166 0.09840503 -0.02924853
vn -0.9928234 -0.1150637 -0.03258979
vn -0.9369255 -0.3487711 -0.02300539
vn -0.6796749 0.7261509 -0.1036676
vn -0.7246488 -0.6882049 0.0354689
vn -0.2774521 -0.94581 0.1687126
vn -0.6647645 0.3856937 -0.6397879
vn -0.7721054 0.1368131 -0.6205927
vn -0.4813321 0.6356444 -0.6035525
vn -0.8168093 -0.06757957 -0.572936
vn -0.8237416 -0.2714439 -0.4977629
vn -0.7850671 -0.4849842 -0.385305
vn -0.6486448 -0.7381384 -0.1855038
vn -0.2774521 -0.94581 0.1687126
vn -0.2568014 0.8200971 -0.5113646
vn -0.4312993 0.8929775 -0.1287324
vn -0.006518251 0.9288248 -0.370462
vn -0.4585355 0.869086 0.185566
vn -0.1174777 0.9825264 -0.1443637
vn 0.2763346 0.9459783 -0.1696
vn -0.4053799 0.8242794 0.3952602
vn -0.1479035 0.9879761 0.04503154
vn 0.2763346 0.9459783 -0.1696
vn -0.3003016 0.7938658 0.5287685
vn -0.1271074 0.9755301 0.1794011
vn 0.2763346 0.9459783 -0.1696
vn -0.144369 0.7851446 0.6022505
vn -0.06637422 0.9618114 0.2655436
vn 0.2763346 0.9459783 -0.1696
vn 0.0763889 0.7888816 0.6097791
vn 0.0316714 0.9517234 0.3053186
vn 0.2763346 0.9459783 -0.1696
vn 0.376844 0.771808 0.5121533
vn 0.1673793 0.9407037 0.2950603
vn 0.2763346 0.9459783 -0.1696
vn 0.6942704 0.6774982 0.2428679
vn 0.3418684 0.9136541 0.2199138
vn 0.2763346 0.9459783 -0.1696
vn 0.5258468 0.8490052 0.05172317
vn 0.2763346 0.9459783 -0.1696
vn 0.8443574 0.5210473 -0.1247811
vn 0.8971676 0.1053398 -0.428945
vn 0.6267448 0.760855 -0.1681984
vn 0.2763346 0.9459783 -0.1696
vn 0.8254828 0.3870894 -0.4107796
vn 0.746678 -0.1755788 -0.6415949
vn 0.6376208 0.6884793 -0.3455952
vn 0.2763346 0.9459783 -0.1696
vn 0.7663224 0.03730912 -0.6413721
vn 0.5642134 -0.3017474 -0.7685127
vn 0.7373642 0.3122083 -0.5990159
vn 0.5964565 -0.1704297 -0.7843426
vn 0.3327747 -0.374661 -0.8653844
vn 0.6008987 0.6464068 -0.4701904
vn 0.2763346 0.9459783 -0.1696
vn 0.6239671 0.03176903 -0.7808046
vn 0.3846672 -0.269288 -0.8829015
vn -0.04170586 -0.4804527 -0.8760285
vn 0.6199198 0.3002855 -0.7249332
vn 0.4267072 -0.1276037 -0.8953426
vn 0.05994772 -0.3352344 -0.9402256
vn -0.4798276 -0.5939453 -0.6457511
vn -0.6486448 -0.7381384 -0.1855038
vn -0.2774521 -0.94581 0.1687126
vn -0.7850671 -0.4849842 -0.385305
vn -0.4287248 -0.4176299 -0.801112
vn -0.8237416 -0.2714439 -0.4977629
vn -0.3536764 -0.2454302 -0.9025946
vn -0.8168093 -0.06757957 -0.572936
vn 0.1296966 -0.2077076 -0.9695547
vn -0.2846291 -0.07752461 -0.9554979
vn -0.7721054 0.1368131 -0.6205927
vn 0.1880244 -0.0304495 -0.9816923
vn -0.1992562 0.1531738 -0.9679023
vn -0.6647645 0.3856937 -0.6397879
vn 0.4610036 0.08308724 -0.8835
vn -0.08935403 0.4095197 -0.9079149
vn -0.4813321 0.6356444 -0.6035525
vn 0.2417099 0.2036165 -0.9487448
vn 0.4763542 0.3513426 -0.8060057
vn 0.03621226 0.6422169 -0.7656671
vn -0.2568014 0.8200971 -0.5113646
vn 0.2905586 0.4672932 -0.8349927
vn 0.5341951 0.6396827 -0.5526677
vn 0.2763346 0.9459783 -0.1696
vn 0.4421211 0.6702124 -0.5961077
vn 0.2763346 0.9459783 -0.1696
vn 0.3223411 0.7357501 -0.595624
vn 0.2763346 0.9459783 -0.1696
vn 0.1673987 0.8297266 -0.5324767
vn 0.2763346 0.9459783 -0.1696
vn -0.006518251 0.9288248 -0.370462
vn 0.2763346 0.9459783 -0.1696
vn -0.4358417 0.8931637 -0.1109078
vn -0.0162634 0.9382413 0.3455991
vn -0.07980984 0.868381 0.4894331
vn 0.1418063 0.6687192 0.7298669
vn -0.162244 0.6438655 0.7477393
vn -0.08192585 0.3849431 0.919297
vn -0.2493502 0.8411567 0.4798748
vn -0.4358417 0.8931637 -0.1109078
vn -0.4630262 0.8136887 0.3514505
vn -0.4358417 0.8931637 -0.1109078
vn -0.5226032 0.5963073 0.6093469
vn -0.6722406 0.7390246 0.04399225
vn -0.4358417 0.8931637 -0.1109078
vn -0.8588772 0.4634143 0.2181219
vn -0.9211996 0.0453917 0.3864336
vn -0.5213756 0.2554737 0.8141872
vn -0.4091414 -0.09912701 0.9070706
vn -0.8110018 -0.3477863 0.4704474
vn -0.2065777 -0.3852527 0.8993921
vn -0.5739495 -0.667446 0.4744447
vn -0.05078419 -0.5386766 0.8409807
vn -0.3295437 -0.8419967 0.427133
vn 0.1905804 -0.7713176 0.6072465
vn 0.01236653 -0.9492457 0.3142924
vn 0.4346412 -0.8936638 0.1115891
vn 0.3483576 -0.6155604 0.7069176
vn 0.4346412 -0.8936638 0.1115891
vn 0.2115856 -0.2539371 0.9437942
vn 0.1416675 -0.1109504 0.983677
vn 0.01980935 0.1186604 0.9927373
vn 0.4573314 0.1192719 0.8812616
vn 0.4999626 -0.001685927 0.8660454
vn 0.3901405 0.2772263 0.8780296
vn 0.5781622 -0.4601772 0.6737696
vn 0.4346412 -0.8936638 0.1115891
vn 0.7662467 0.1561178 0.6232922
vn 0.288069 0.4655017 0.8368539
vn 0.7964878 -0.01149016 0.6045454
vn 0.6876587 0.397115 0.6078036
vn 0.2693226 0.8236242 0.4991078
vn 0.5175374 0.6346106 0.5739552
vn 0.3082653 0.9423136 0.1304518
vn 0.7660911 -0.4444319 0.4643111
vn 0.4346412 -0.8936638 0.1115891
vn 0.8246614 -0.5142373 0.2355706
vn 0.4346412 -0.8936638 0.1115891
vn 0.9598365 -0.1151183 0.2558549
vn 0.9685389 0.115896 0.220228
vn 0.8835716 0.4394494 0.1618194
vn 0.7536936 -0.647923 -0.1101895
vn 0.4346412 -0.8936638 0.1115891
vn 0.9024224 -0.3239132 -0.2841023
vn 0.653242 0.7445921 0.1373226
vn 0.5734969 0.6676533 -0.4747003
vn 0.8188272 0.3317607 -0.4684624
vn 0.9204118 -0.03431923 -0.3894412
vn 0.542649 -0.7321834 -0.4116304
vn 0.4346412 -0.8936638 0.1115891
vn 0.5350435 -0.4434618 -0.7190759
vn 0.4190608 0.08037049 -0.9043941
vn 0.332529 -0.7795128 -0.5308335
vn 0.4346412 -0.8936638 0.1115891
vn 0.5130695 -0.2361908 -0.8252112
vn 0.1628121 -0.5012803 -0.8498296
vn 0.06291731 -0.8584735 -0.5089839
vn 0.4346412 -0.8936638 0.1115891
vn 0.2034808 0.3969347 -0.8950075
vn -0.008432101 -0.140997 -0.9899741
vn 0.09117422 -0.3657634 -0.9262313
vn -0.2919523 -0.4599334 -0.8385852
vn -0.2243055 -0.5615633 -0.7964507
vn 0.1929846 0.901387 -0.3876317
vn -0.02906002 0.9944349 0.101266
vn -0.4358417 0.8931637 -0.1109078
vn -0.1541798 0.9547413 -0.2543573
vn -0.4358417 0.8931637 -0.1109078
vn -0.08092923 0.6414697 -0.7628676
vn -0.1598559 0.1109744 -0.9808826
vn -0.312215 0.7755567 -0.5486654
vn -0.4358417 0.8931637 -0.1109078
vn -0.3282884 0.361672 -0.8725939
vn -0.3729822 -0.3126621 -0.8735713
vn -0.4601775 -0.1128927 -0.8806202
vn -0.4538575 0.5999835 -0.6588119
vn -0.4358417 0.8931637 -0.1109078
vn -0.6763432 -0.419736 -0.6052946
vn -0.5380644 0.1431812 -0.8306538
vn -0.5324349 -0.6319315 -0.5631835
vn -0.5793281 0.4822551 -0.6571217
vn -0.4358417 0.8931637 -0.1109078
vn -0.6869624 0.5028848 -0.5245851
vn -0.4358417 0.8931637 -0.1109078
vn -0.7599017 0.1818783 -0.6240751
vn -0.7592971 -0.1386284 -0.6358067
vn -0.8747307 -0.4573123 -0.1603481
vn -0.9714369 -0.0921835 -0.218661
vn -0.9120538 0.2952631 -0.2845654
vn -0.7463474 0.594682 -0.2988624
vn -0.4358417 0.8931637 -0.1109078
vn -0.8588772 0.4634143 0.2181219
vn -0.6722406 0.7390246 0.04399225
vn -0.4358417 0.8931637 -0.1109078
vn -0.9211996 0.0453917 0.3864336
vn -0.8110018 -0.3477863 0.4704474
vn -0.6610903 -0.7364033 -0.1437699
vn -0.5739495 -0.667446 0.4744447
vn -0.3295437 -0.8419967 0.427133
vn -0.476982 -0.8681261 -0.1372779
vn 0.01236653 -0.9492457 0.3142924
vn -0.423892 -0.7451602 -0.5148319
vn -0.09726326 -0.9938222 -0.05345409
vn 0.4346412 -0.8936638 0.1115891
vn -0.08715842 -0.952213 -0.2927353
vn 0.4346412 -0.8936638 0.1115891
vn 0.4346412 -0.8936638 0.1115891
vn -0.4142605 0.9091059 0.04375781
vn -0.05990304 0.9303538 0.3617369
vn -0.1673004 0.8401561 0.5158957
vn 0.03799042 0.6451092 0.7631453
vn -0.3155335 0.5514632 0.7722221
vn -0.2406236 0.2277931 0.9435097
vn -0.3671163 0.7836406 0.5011317
vn -0.4142605 0.9091059 0.04375781
vn -0.5418676 0.7442176 0.3905378
vn -0.4142605 0.9091059 0.04375781
vn -0.6587547 0.4625684 0.5933571
vn -0.6736378 0.7192447 0.1699973
vn -0.4142605 0.9091059 0.04375781
vn -0.8671383 0.4075388 0.2863273
vn -0.9295972 -0.02698605 0.3675879
vn -0.6875719 0.06387311 0.7233015
vn -0.5863521 -0.3153061 0.7461725
vn -0.8311167 -0.4075356 0.3783647
vn -0.3633673 -0.6221207 0.6934912
vn -0.6094477 -0.7199383 0.3320579
vn -0.2572646 -0.6792263 0.6873621
vn -0.5161864 -0.7998716 0.3061977
vn 0.008558729 -0.8697004 0.4935059
vn -0.2065026 -0.9566435 0.205402
vn 0.4134715 -0.9094818 -0.04340686
vn 0.230035 -0.7710418 0.5937833
vn 0.4134715 -0.9094818 -0.04340686
vn 0.1061655 -0.5194267 0.8478944
vn 0.0410261 -0.4302836 0.901761
vn -0.1260236 -0.1187787 0.9848906
vn 0.4772677 -0.1849083 0.8590835
vn 0.5054051 -0.2812495 0.81576
vn 0.3747973 0.0911823 0.9226119
vn 0.549502 -0.6025862 0.5787379
vn 0.4134715 -0.9094818 -0.04340686
vn 0.8405283 -0.04296045 0.5400617
vn 0.2264999 0.3781296 0.8976167
vn 0.8442817 -0.164888 0.5099024
vn 0.7520761 0.3009888 0.5863338
vn 0.2459496 0.8196234 0.5174227
vn 0.5403733 0.6007752 0.589123
vn 0.3275592 0.9335487 0.1455745
vn 0.7985492 -0.5021131 0.3319663
vn 0.4134715 -0.9094818 -0.04340686
vn 0.8848336 -0.4578126 0.08646952
vn 0.4134715 -0.9094818 -0.04340686
vn 0.9901121 -0.08175396 0.1139925
vn 0.99649 0.03701841 0.07508229
vn 0.9135978 0.4013799 0.06506421
vn 0.8418533 -0.4681419 -0.2685633
vn 0.4134715 -0.9094818 -0.04340686
vn 0.9303893 -0.1090276 -0.3499838
vn 0.6866969 0.720098 0.09953069
vn 0.6177096 0.7117405 -0.3344553
vn 0.8388915 0.3904806 -0.3791911
vn 0.9298583 0.02427338 -0.3671162
vn 0.635132 -0.5408728 -0.55142
vn 0.4134715 -0.9094818 -0.04340686
vn 0.661677 -0.1910391 -0.7250432
vn 0.5958949 0.2956694 -0.7466518
vn 0.4110986 -0.6309775 -0.657925
vn 0.4134715 -0.9094818 -0.04340686
vn 0.682114 -0.06760214 -0.7281144
vn 0.2964515 -0.347189 -0.8897058
vn 0.07098465 -0.7617819 -0.6439329
vn 0.4134715 -0.9094818 -0.04340686
vn 0.3775721 0.6172523 -0.6902455
vn 0.1367052 0.09621515 -0.9859282
vn 0.2629149 -0.2351959 -0.9357129
vn -0.2062947 -0.412347 -0.8873627
vn -0.1481226 -0.4986835 -0.8540342
vn 0.2522635 0.9419901 -0.2213993
vn -0.03459288 0.9864843 0.1601622
vn -0.4142605 0.9091059 0.04375781
vn -0.1053973 0.9905519 -0.08774067
vn -0.4142605 0.9091059 0.04375781
vn 0.06307396 0.8455565 -0.530147
vn -0.04755921 0.4051544 -0.9130104
vn -0.2186178 0.9252577 -0.3100072
vn -0.4142605 0.9091059 0.04375781
vn -0.2359985 0.6592754 -0.7139052
vn -0.348494 -0.149457 -0.9253186
vn -0.466224 0.1476567 -0.8722572
vn -0.3672577 0.8280953 -0.4235328
vn -0.4142605 0.9091059 0.04375781
vn -0.7414941 -0.3237059 -0.5877082
vn -0.5386795 0.4532469 -0.7102053
vn -0.5356154 -0.6220933 -0.5710658
vn -0.5418054 0.7155567 -0.4409371
vn -0.4142605 0.9091059 0.04375781
vn -0.6745035 0.6813721 -0.284213
vn -0.4142605 0.9091059 0.04375781
vn -0.7975541 0.3910935 -0.4592966
vn -0.8285765 0.0322864 -0.5589442
vn -0.9049907 -0.4201714 -0.06669028
vn -0.9969872 -0.03886861 -0.06712562
vn -0.9235057 0.3744843 -0.08305817
vn -0.7260804 0.6829277 -0.08010557
vn -0.4142605 0.9091059 0.04375781
vn -0.8671383 0.4075388 0.2863273
vn -0.6736378 0.7192447 0.1699973
vn -0.4142605 0.9091059 0.04375781
vn -0.9295972 -0.02698605 0.3675879
vn -0.8311167 -0.4075356 0.3783647
vn -0.6780699 -0.7266716 -0.1103159
vn -0.6094477 -0.7199383 0.3320579
vn -0.5161864 -0.7998716 0.3061977
vn -0.59056 -0.7901161 -0.1641814
vn -0.2065026 -0.9566435 0.205402
vn -0.4436018 -0.702338 -0.5567214
vn -0.248062 -0.9550793 -0.162138
vn 0.4134715 -0.9094818 -0.04340686
vn -0.1602532 -0.9008931 -0.403374
vn 0.4134715 -0.9094818 -0.04340686
vn 0.4134715 -0.9094818 -0.04340686
vn -0.2470669 0.9684913 -0.03134715
vn 0.1075456 0.8182538 -0.5647076
vn 0.2706432 0.8044178 -0.5288329
vn 0.4923576 0.539408 -0.6830981
vn 0.5775422 0.6857842 -0.4428827
vn 0.7753468 0.4518161 -0.4412476
vn 0.3028325 0.8740329 -0.3799459
vn -0.2470669 0.9684913 -0.03134715
vn 0.2347212 0.9605986 -0.1488498
vn -0.2470669 0.9684913 -0.03134715
vn 0.5439718 0.8342423 -0.09019129
vn -0.006672232 0.9826186 0.1855158
vn -0.2470669 0.9684913 -0.03134715
vn 0.2722777 0.8695807 0.4119394
vn 0.5549237 0.5709764 0.6050171
vn 0.818462 0.574553 -0.002973482
vn 0.9704201 0.2380198 0.04039117
vn 0.7133688 0.1944738 0.6732644
vn 0.9949543 -0.09932135 0.01418156
vn 0.7505985 -0.1976966 0.6304902
vn 0.9502179 -0.3110164 -0.01883467
vn 0.6990428 -0.4813389 0.5288214
vn 0.7454502 -0.6663151 -0.0181164
vn 0.5481767 -0.7644512 0.3392886
vn 0.2481442 -0.9681817 0.03238189
vn 0.7529327 -0.6088543 -0.2497775
vn 0.2481442 -0.9681817 0.03238189
vn 0.8999404 -0.1944105 -0.3902714
vn 0.9101579 -0.04209347 -0.4121176
vn 0.883916 0.1992417 -0.4230781
vn 0.6913592 -0.02628906 -0.7220328
vn 0.701223 -0.1421284 -0.6986314
vn 0.6625605 0.1265153 -0.7382462
vn 0.6321841 -0.6054307 -0.4835256
vn 0.2481442 -0.9681817 0.03238189
vn 0.3948732 -0.183045 -0.9003164
vn 0.6028867 0.3161648 -0.7325076
vn 0.4148026 -0.3341029 -0.8463534
vn 0.3367368 0.0432108 -0.9406068
vn 0.2189351 0.5833635 -0.7821473
vn 0.2826625 0.3110721 -0.9073787
vn -0.1615273 0.6327215 -0.7573457
vn 0.4060468 -0.7101753 -0.5751322
vn 0.2481442 -0.9681817 0.03238189
vn 0.2003172 -0.8275873 -0.5243781
vn 0.2481442 -0.9681817 0.03238189
vn 0.09215009 -0.5535911 -0.8276746
vn -0.0007406432 -0.37287 -0.9278833
vn -0.1194393 -0.07309909 -0.9901468
vn -0.09855271 -0.9566293 -0.2741306
vn 0.2481442 -0.9681817 0.03238189
vn -0.3792684 -0.7845054 -0.4906188
vn -0.1731124 0.291242 -0.9408561
vn -0.7508285 0.1977324 -0.6302051
vn -0.7091186 -0.2111586 -0.6727279
vn -0.560222 -0.5620584 -0.6084749
vn -0.3265191 -0.9428003 0.06717751
vn 0.2481442 -0.9681817 0.03238189
vn -0.6878818 -0.7242219 0.04818004
vn -0.9652575 -0.2581446 -0.04049034
vn -0.3706609 -0.8800346 0.2969
vn 0.2481442 -0.9681817 0.03238189
vn -0.8320125 -0.5547301 0.005453272
vn -0.7045274 -0.5789424 0.4104471
vn -0.271152 -0.8030509 0.5306467
vn 0.2481442 -0.9681817 0.03238189
vn -0.993539 0.1117674 -0.01970312
vn -0.8781536 -0.2225917 0.4234374
vn -0.7882949 -0.4419227 0.4281304
vn -0.6049817 -0.3098906 0.733461
vn -0.5589632 -0.4178226 0.7162293
vn -0.6488481 0.6063021 -0.459776
vn -0.1381492 0.8541258 -0.501382
vn -0.2470669 0.9684913 -0.03134715
vn -0.4615754 0.8526038 -0.2449795
vn -0.2470669 0.9684913 -0.03134715
vn -0.878203 0.4759418 0.0473174
vn -0.9038296 0.05149958 0.4247821
vn -0.6680583 0.7382006 0.0935839
vn -0.2470669 0.9684913 -0.03134715
vn -0.8421358 0.351239 0.4091925
vn -0.653566 -0.1614037 0.7394595
vn -0.6919064 0.0329099 0.7212368
vn -0.6900287 0.6437736 0.3307811
vn -0.2470669 0.9684913 -0.03134715
vn -0.3311104 -0.0667974 0.9412248
vn -0.7009224 0.2783619 0.6566753
vn -0.271148 -0.3004749 0.9144362
vn -0.6307163 0.6072332 0.4831821
vn -0.2470669 0.9684913 -0.03134715
vn -0.4947798 0.6995445 0.5155874
vn -0.2470669 0.9684913 -0.03134715
vn -0.4836146 0.4536421 0.7485491
vn -0.4114058 0.192253 0.8909456
vn 0.1234939 0.05419791 0.9908642
vn -0.002367769 0.395181 0.9186003
vn -0.1731621 0.6773595 0.7149819
vn -0.2954937 0.8446074 0.4464548
vn -0.2470669 0.9684913 -0.03134715
vn 0.2722777 0.8695807 0.4119394
vn -0.006672232 0.9826186 0.1855158
vn -0.2470669 0.9684913 -0.03134715
vn 0.5549237 0.5709764 0.6050171
vn 0.7133688 0.1944738 0.6732644
vn 0.1654198 -0.2806373 0.9454517
vn 0.7505985 -0.1976966 0.6304902
vn 0.6990428 -0.4813389 0.5288214
vn 0.1675963 -0.4822254 0.8598663
vn 0.5481767 -0.7644512 0.3392886
vn -0.2225356 -0.4399675 0.8700038
vn 0.2082733 -0.7838297 0.5850071
vn 0.2481442 -0.9681817 0.03238189
vn -0.02696477 -0.7794672 0.6258625
vn 0.2481442 -0.9681817 0.03238189
vn 0.2481442 -0.9681817 0.03238189
vn -0.1022167 -0.9576054 -0.2693391
vn 0.4058462 -0.7428347 -0.5324335
vn 0.2988278 -0.6801278 -0.6694238
vn 0.7013484 -0.3129892 -0.6404282
vn 0.5473993 -0.2353245 -0.8031042
vn 0.1350195 -0.6511443 -0.7468472
vn -0.1022167 -0.9576054 -0.2693391
vn 0.7771888 -0.4551087 -0.4345728
vn 0.4396942 -0.8194925 -0.367561
vn -0.1022167 -0.9576054 -0.2693391
vn 0.7458996 -0.1121036 -0.6565567
vn 0.8647989 -0.2364753 -0.4429473
vn 0.3435849 -0.1958662 -0.9184693
vn 0.603922 -0.03565123 -0.7962458
vn -0.04533363 -0.6555322 -0.7538053
vn -0.1022167 -0.9576054 -0.2693391
vn 0.7657726 -0.632684 -0.1153401
vn 0.9138781 -0.4042112 -0.03794803
vn 0.4281154 -0.8878596 -0.1685896
vn -0.1022167 -0.9576054 -0.2693391
vn 0.9382473 -0.03507492 -0.3441829
vn 0.768607 0.01876752 -0.639446
vn 0.9896557 -0.08796674 0.1133291
vn 0.09207545 -0.230713 -0.9686556
vn 0.4221602 -0.01303643 -0.9064275
vn 0.6237826 0.06576524 -0.7788261
vn -0.2480379 -0.6590216 -0.7100477
vn -0.1022167 -0.9576054 -0.2693391
vn 0.9785014 0.06856386 -0.19451
vn 0.9727941 0.02306571 0.2305203
vn 0.8112782 0.104157 -0.5753078
vn 0.7336333 -0.205461 0.6477406
vn 0.6930757 -0.09714093 0.7142897
vn 0.6870504 -0.5316617 0.4952754
vn 0.5526654 -0.7721474 0.3136073
vn 0.3236426 -0.9419283 0.08959094
vn -0.1022167 -0.9576054 -0.2693391
vn 0.9658878 -0.04467499 0.2550783
vn 0.9893792 0.05807274 -0.1332526
vn 0.6918767 -0.1005801 0.7149757
vn 0.1175507 -0.2040421 0.9718789
vn 0.1707729 -0.3330013 0.9273332
vn 0.1796196 -0.5751277 0.7981008
vn 0.1552051 -0.7729557 0.6151835
vn 0.1304135 -0.100393 0.9863638
vn 0.08533998 -0.9666294 0.2415466
vn -0.1022167 -0.9576054 -0.2693391
vn 0.7002786 0.05582639 0.7116835
vn 0.1599684 0.1019468 0.9818437
vn 0.9696916 0.08550127 0.2288835
vn -0.350991 -0.2183606 0.9105624
vn -0.2622717 -0.3463262 0.9007063
vn -0.2289717 -0.4869558 0.8428796
vn -0.1830641 -0.6756361 0.7141452
vn -0.3562897 -0.05687444 0.932643
vn -0.2715873 0.1446361 0.9514834
vn -0.1170473 -0.9472544 0.2983439
vn -0.1022167 -0.9576054 -0.2693391
vn -0.5035604 -0.2834969 0.8161228
vn -0.5528989 -0.1919506 0.8108377
vn -0.5676225 -0.04412381 0.8221057
vn -0.467584 -0.3909347 0.7928021
vn -0.4222785 -0.5707133 0.7042494
vn -0.4899023 0.1352033 0.8612292
vn -0.2962905 -0.9040799 0.30798
vn -0.1022167 -0.9576054 -0.2693391
vn -0.6295177 -0.03719707 0.7760953
vn -0.641837 -0.1463255 0.7527511
vn -0.6425117 -0.225969 0.7322
vn -0.6424796 -0.3221645 0.6952913
vn -0.6230125 -0.504459 0.5978098
vn -0.5880033 0.123224 0.7994173
vn -0.46055 -0.8546929 0.2395701
vn -0.1022167 -0.9576054 -0.2693391
vn -0.7547918 -0.1010591 0.648133
vn -0.7710721 -0.1852091 0.609217
vn -0.7344939 0.01071879 0.6785307
vn -0.7883465 -0.2911991 0.5419527
vn -0.7814462 -0.4543869 0.4276382
vn -0.691763 0.1789526 0.6995998
vn -0.5725877 -0.8137453 0.09980941
vn -0.1022167 -0.9576054 -0.2693391
vn -0.852401 0.1111701 0.5109341
vn -0.8827817 -0.03549325 0.4684407
vn -0.9006801 -0.1432768 0.4101794
vn -0.9082541 -0.2772069 0.3134179
vn -0.8723806 -0.4523356 0.1853232
vn -0.7848045 0.3063711 0.5387195
vn -0.6136445 -0.7861242 -0.07381806
vn -0.1022167 -0.9576054 -0.2693391
vn -0.9414861 0.3041092 0.1453323
vn -0.9928083 0.09122395 0.07752254
vn -0.9975966 -0.06896886 0.006667879
vn -0.964837 -0.2468683 -0.09025327
vn -0.8784215 -0.4421762 -0.1812619
vn -0.8192214 0.5322859 0.21342
vn -0.610377 -0.742283 -0.2765067
vn -0.1022167 -0.9576054 -0.2693391
vn -0.7049725 0.511909 -0.4908798
vn -0.7638237 0.268922 -0.5867318
vn -0.5741418 0.7464108 -0.3364999
vn -0.7715963 0.06077316 -0.6332028
vn -0.7439389 -0.1514832 -0.6508516
vn -0.6707711 -0.3842011 -0.634394
vn -0.5039971 -0.6665754 -0.5492396
vn -0.1022167 -0.9576054 -0.2693391
vn -0.3929319 0.9065295 -0.1543008
vn -0.6198124 0.7352971 0.2741728
vn -0.1736445 0.983833 0.04382018
vn -0.6451315 0.5368804 0.5436589
vn -0.3294147 0.8908715 0.3127843
vn 0.1009439 0.958017 0.2683538
vn -0.5939705 0.4054489 0.6948455
vn -0.3725024 0.7864963 0.492611
vn 0.1009439 0.958017 0.2683538
vn -0.5047566 0.3417493 0.7927347
vn -0.3611583 0.7090799 0.6056157
vn 0.1009439 0.958017 0.2683538
vn -0.3819118 0.3444059 0.8576293
vn -0.3096946 0.6668698 0.6777713
vn 0.1009439 0.958017 0.2683538
vn -0.1734783 0.3973679 0.9011127
vn -0.2193087 0.6633824 0.7154213
vn 0.1009439 0.958017 0.2683538
vn 0.1849298 0.4340091 0.8817239
vn -0.08533882 0.6940978 0.7148046
vn 0.1009439 0.958017 0.2683538
vn 0.6307995 0.444059 0.6363204
vn 0.1138869 0.7480641 0.6537813
vn 0.1009439 0.958017 0.2683538
vn 0.3654457 0.8032252 0.4704027
vn 0.1009439 0.958017 0.2683538
vn 0.8494235 0.4900254 0.1958442
vn 0.9615226 0.2084836 -0.1789102
vn 0.5126904 0.8383174 0.1853978
vn 0.1009439 0.958017 0.2683538
vn 0.8147991 0.5501481 -0.1828646
vn 0.8327698 0.1773644 -0.524439
vn 0.544256 0.838194 -0.03487642
vn 0.1009439 0.958017 0.2683538
vn 0.7954761 0.3377046 -0.5031633
vn 0.634715 0.1465435 -0.7587239
vn 0.7086162 0.5723598 -0.4126346
vn 0.6420289 0.2473889 -0.7256705
vn 0.470711 0.1001406 -0.876586
vn 0.5237535 0.8340423 -0.1733661
vn 0.1009439 0.958017 0.2683538
vn 0.6384882 0.3974624 -0.6590573
vn 0.4958031 0.1863153 -0.8482134
vn 0.176066 -0.02804068 -0.9839789
vn 0.6029311 0.595076 -0.5313743
vn 0.5083631 0.296315 -0.808557
vn 0.2459692 0.1202119 -0.9617943
vn -0.2640776 -0.3010061 -0.9163287
vn -0.5039971 -0.6665754 -0.5492396
vn -0.1022167 -0.9576054 -0.2693391
vn -0.6707711 -0.3842011 -0.634394
vn -0.229396 -0.07787126 -0.9702131
vn -0.7439389 -0.1514832 -0.6508516
vn -0.1753374 0.1199781 -0.9771704
vn -0.7715963 0.06077316 -0.6332028
vn 0.2856379 0.2329979 -0.9295822
vn -0.13579 0.288158 -0.9479061
vn -0.7638237 0.268922 -0.5867318
vn 0.3053615 0.3772122 -0.874337
vn -0.09984862 0.4975091 -0.8616931
vn -0.7049725 0.511909 -0.4908798
vn 0.5058681 0.4541568 -0.7333751
vn -0.05263468 0.7084394 -0.7038063
vn -0.5741418 0.7464108 -0.3364999
vn 0.3091962 0.5577611 -0.7702599
vn 0.4784584 0.6518829 -0.588325
vn 0.007211714 0.8793803 -0.4760654
vn -0.3929319 0.9065295 -0.1543008
vn 0.2985478 0.7537275 -0.5854606
vn 0.4690842 0.8458257 -0.254045
vn 0.1009439 0.958017 0.2683538
vn 0.3817408 0.8797913 -0.2832689
vn 0.1009439 0.958017 0.2683538
vn 0.2563654 0.9310014 -0.259833
vn 0.1009439 0.958017 0.2683538
vn 0.07224719 0.9831691 -0.1678064
vn 0.1009439 0.958017 0.2683538
vn -0.1736445 0.983833 0.04382018
vn 0.1009439 0.958017 0.2683538
vn -0.244215 0.8876531 -0.3904242
vn 0.231126 0.9729227 -0.001492855
vn 0.184297 0.9709614 0.1525406
vn 0.3921849 0.8114665 0.4332587
vn 0.1107556 0.8760983 0.4692386
vn 0.161009 0.6775352 0.7176504
vn 0.02431826 0.9868765 0.1596351
vn -0.244215 0.8876531 -0.3904242
vn -0.2023945 0.977407 0.0609271
vn -0.244215 0.8876531 -0.3904242
vn -0.258024 0.8889579 0.378388
vn -0.4692399 0.8627355 -0.188418
vn -0.244215 0.8876531 -0.3904242
vn -0.6820069 0.7272629 0.07717135
vn -0.8175113 0.4198162 0.3942456
vn -0.295998 0.6513593 0.6986532
vn -0.2470575 0.321243 0.9142022
vn -0.7853513 0.04438553 0.6174571
vn -0.1109188 -0.006269908 0.9938096
vn -0.6133892 -0.3235206 0.7204777
vn -0.001917575 -0.2103341 0.9776277
vn -0.4096522 -0.5664577 0.71506
vn 0.1326854 -0.5531011 0.8224803
vn -0.1304281 -0.7720481 0.6220372
vn 0.2431014 -0.8875819 0.39128
vn 0.3285181 -0.418922 0.8465105
vn 0.2431014 -0.8875819 0.39128
vn 0.3139365 0.02020636 0.9492289
vn 0.2828839 0.1823878 0.9416535
vn 0.2151431 0.4299431 0.876848
vn 0.6013318 0.2795943 0.7484832
vn 0.613958 0.1540889 0.7741526
vn 0.5700037 0.4402206 0.693759
vn 0.5596068 -0.3509545 0.7507804
vn 0.2431014 -0.8875819 0.39128
vn 0.8575572 0.1500465 0.4920181
vn 0.5057817 0.6243535 0.5952879
vn 0.8462506 -0.01791443 0.5324837
vn 0.8320112 0.3885263 0.3959856
vn 0.5003795 0.8498104 0.1656583
vn 0.7118445 0.6403535 0.2884871
vn 0.5025824 0.8375053 -0.2144664
vn 0.702273 -0.4473447 0.5538008
vn 0.2431014 -0.8875819 0.39128
vn 0.7103209 -0.6007863 0.3667425
vn 0.2431014 -0.8875819 0.39128
vn 0.9297371 -0.2717559 0.2484708
vn 0.9886441 -0.07011598 0.1329154
vn 0.970378 0.2390584 -0.03489494
vn 0.5589709 -0.8244074 0.08890462
vn 0.2431014 -0.8875819 0.39128
vn 0.745226 -0.6399016 -0.1875213
vn 0.801495 0.5771339 -0.1565958
vn 0.6134613 0.3229475 -0.7206734
vn 0.7899912 -0.06123073 -0.6100531
vn 0.8187997 -0.4113777 -0.4004191
vn 0.2821504 -0.9471071 -0.1529032
vn 0.2431014 -0.8875819 0.39128
vn 0.2828749 -0.7950157 -0.5365928
vn 0.253281 -0.341071 -0.905273
vn 0.05474018 -0.9711356 -0.2321621
vn 0.2431014 -0.8875819 0.39128
vn 0.28955 -0.6356729 -0.7155982
vn -0.09896665 -0.7825184 -0.6147118
vn -0.1993709 -0.9649786 -0.1704924
vn 0.2431014 -0.8875819 0.39128
vn 0.111948 0.01931322 -0.9935263
vn -0.2083508 -0.4531353 -0.8667516
vn -0.1503068 -0.6653351 -0.7312573
vn -0.5087644 -0.6184576 -0.5988899
vn -0.4591883 -0.7140898 -0.5284145
vn 0.3001552 0.6609321 -0.6878049
vn 0.1895847 0.950892 -0.2446674
vn -0.244215 0.8876531 -0.3904242
vn 0.003372452 0.8308204 -0.5565302
vn -0.244215 0.8876531 -0.3904242
vn -0.08559483 0.3616883 -0.9283615
vn -0.2985237 -0.1770221 -0.9378415
vn -0.2336574 0.6084995 -0.758375
vn -0.244215 0.8876531 -0.3904242
vn -0.387788 0.1313053 -0.9123483
vn -0.5606829 -0.4744759 -0.6786069
vn -0.6026576 -0.2723527 -0.7500853
vn -0.418815 0.4471352 -0.7903569
vn -0.244215 0.8876531 -0.3904242
vn -0.8253672 -0.4120277 -0.3860082
vn -0.6146536 -0.00304303 -0.7887913
vn -0.723327 -0.63146 -0.2793856
vn -0.5542353 0.373506 -0.7438526
vn -0.244215 0.8876531 -0.3904242
vn -0.6256537 0.4610629 -0.6292682
vn -0.244215 0.8876531 -0.3904242
vn -0.7774804 0.1575352 -0.6088572
vn -0.8493611 -0.1398697 -0.5089421
vn -0.9651763 -0.2581304 0.04246672
vn -0.9859096 0.09346171 -0.1387341
vn -0.8465789 0.41283 -0.3359697
vn -0.6258815 0.6348152 -0.4530807
vn -0.244215 0.8876531 -0.3904242
vn -0.6820069 0.7272629 0.07717135
vn -0.4692399 0.8627355 -0.188418
vn -0.244215 0.8876531 -0.3904242
vn -0.8175113 0.4198162 0.3942456
vn -0.7853513 0.04438553 0.6174571
vn -0.8081799 -0.5701774 0.1474554
vn -0.6133892 -0.3235206 0.7204777
vn -0.4096522 -0.5664577 0.71506
vn -0.6506652 -0.7351564 0.1902106
vn -0.1304281 -0.7720481 0.6220372
vn -0.6340064 -0.7466587 -0.2013372
vn -0.3044018 -0.9066949 0.2919657
vn 0.2431014 -0.8875819 0.39128
vn -0.3218597 -0.9450631 0.05711422
vn 0.2431014 -0.8875819 0.39128
vn 0.2431014 -0.8875819 0.39128
vn 0.7476727 0.04073657 0.6628168
vn -0.1848255 -0.9140065 -0.3611533
vn -0.5317762 -0.3209403 0.7837164
vn -0.6934156 0.7197133 -0.03446145
vn 0.5048013 0.2311586 0.8317099
vn -0.1415402 -0.9696057 -0.1995775
vn -0.7665601 -0.1279428 0.6292983
vn -0.603829 0.6720952 -0.4285774
vn 0.7517194 -0.1521396 0.6416943
vn -0.9201031 -0.3498361 0.176139
vn -0.2691007 0.7047644 0.6564236
vn 0.147356 0.7815471 -0.6061933
vn 0.7942793 -0.2361474 0.559781
vn -0.01647472 0.815508 -0.5785113
vn 0.5470018 -0.3836597 -0.7440392
vn -0.6329913 -0.7388241 -0.2312166
vn 0.7885444 -0.6146829 -0.01904881
vn -0.07198527 0.7109225 -0.6995765
vn -0.3304733 -0.5934317 -0.7339116
vn -0.8424646 -0.2946673 0.4510261
vn 0.4693558 -0.7878448 -0.3987552
vn -0.4095423 0.6184967 -0.6706243
vn -0.818362 -0.5478768 -0.1735358
vn -0.3258619 -0.0288031 0.9449785
vn 0.7106708 -0.6538006 -0.2597917
vn -0.2862566 0.6455386 -0.7080516
vn -0.594509 -0.6315464 -0.497703
vn -0.6241634 -0.2013071 0.7549142
vn 0.5465055 -0.7231942 -0.4222819
vn -0.04645676 0.8663158 -0.4973315
vn -0.6826613 -0.2890498 -0.6711361
vn -0.7243705 -0.2261816 0.6512521
vn 0.260108 -0.785144 -0.5620434
vn -0.07397324 0.8573846 -0.5093324
vn -0.9069827 -0.173884 -0.383597
vn -0.4758841 -0.12671 0.8703327
vn -0.3775305 -0.3395076 -0.8615133
vn 0.5345389 0.8386222 -0.10479
vn -0.7782992 0.6268492 -0.03620081
vn -0.3964612 -0.2541265 0.8821781
vn -0.7722945 0.327862 -0.5441211
vn 0.9188856 0.2256359 -0.323632
vn 0.01790352 0.9432603 0.3315714
vn -0.1448869 -0.2114504 0.9665902
vn -0.729655 0.5647354 -0.3855873
vn 0.9023908 0.02156443 -0.4303787
vn 0.3039644 0.8672491 0.3943153
vn -0.0876634 -0.2689101 0.9591677
vn -0.6856412 0.726362 0.04790117
vn 0.260976 -0.3876164 -0.884107
vn 0.6030014 0.7465501 -0.2811627
vn 0.6084526 -0.04335473 0.7924051
vn -0.7360217 0.3197045 0.5967086
vn -0.1185358 -0.8629253 -0.4912325
vn -0.5951203 0.3577878 -0.719597
vn 0.6558002 0.6491387 -0.3854153
vn -0.8081935 0.1343407 0.5733898
vn 0.1484426 -0.883494 -0.4443009
vn -0.6575271 0.1309029 -0.741972
vn 0.4517328 0.787152 -0.4199158
vn -0.9893885 -0.0555395 -0.1342596
vn 0.5777061 -0.758369 -0.301881
vn 0.0008000631 0.234859 -0.9720291
vn 0.3654408 0.9245162 0.1082714
vn -0.9992211 0.03591347 -0.01635708
vn 0.3997785 -0.9053639 0.143155
vn -0.1346087 -0.350621 -0.9267931
vn 0.5115198 0.7078409 -0.4871435
vn -0.8959455 -0.2715574 -0.3514801
vn 0.4349347 -0.6929392 0.5750366
vn 0.323789 -0.5925405 -0.7376019
vn 0.5360701 0.6850392 -0.4933053
vn -0.7779495 -0.01386186 0.6281739
vn 0.650072 -0.7598184 -0.00907714
vn -0.5690822 -0.635222 -0.522148
vn -0.04763247 0.5466083 -0.8360326
vn -0.3298705 -0.8198433 -0.4680197
vn 0.2912526 -0.1408626 0.9462187
vn 0.902597 -0.3718164 -0.2169591
vn 0.3312594 0.7990894 -0.5017205
vn 0.7135407 -0.6612464 -0.2315447
vn -0.6714334 -0.2094418 0.7108526
vn 0.5915353 0.1824657 0.7853613
vn 0.185197 0.9587697 -0.2155522
vn 0.8606491 -0.5065678 0.05169359
vn -0.7838349 -0.2903953 0.5488838
vn 0.3103522 0.327117 0.8925671
vn 0.108563 0.9665971 -0.2321724
vn 0.459231 -0.817627 -0.3472651
vn -0.2107335 0.05405328 0.9760479
vn 0.9198784 0.2451144 0.3061743
vn 0.05430207 0.8700694 -0.4899292
vn 0.3834531 -0.8598563 -0.3370622
vn -0.08445337 0.1246527 0.9885997
vn 0.9585751 0.2281675 0.170509
vn 0.01596081 0.8352096 -0.5497001
vn 0.9599288 -0.2199619 -0.1736478
vn -0.4841869 -0.4228645 0.7659953
vn 0.3885387 0.5747415 0.7202151
vn -0.3350503 0.8722782 -0.3561909
vn 0.364406 -0.6636291 0.6533028
vn -0.1117615 -0.07064769 -0.9912207
vn -0.794767 -0.606646 0.01805292
vn -0.597657 0.6067257 0.5241089
vn 0.8057747 -0.4552381 0.3787946
vn -0.7133184 -0.3873339 -0.5840799
vn -0.4641963 -0.5528781 0.6919881
vn -0.3614124 0.7509582 0.5526689
vn 0.745759 -0.4041185 0.5296525
vn -0.5694652 -0.4071569 -0.7140957
vn -0.55071 -0.5959499 0.5844333
vn -0.4668928 0.7168318 0.5178449
vn 0.08734633 0.526571 -0.8456321
vn -0.3262169 -0.9251344 -0.194188
vn 0.8750672 -0.3875019 -0.2899995
vn 0.5679089 0.4139946 0.7113985
vn 0.4186262 0.2440383 -0.8747557
vn -0.2884175 -0.9574487 -0.01035712
vn 0.8959119 -0.3913881 0.2101364
vn 0.2552575 0.6666757 0.7002764
vn 0.1466865 0.1668819 -0.9750044
vn 0.06724095 -0.9837218 0.1666435
vn 0.9979316 -0.01476445 0.06256621
vn 0.06054574 0.6529562 0.7549718
vn 0.2291125 0.9733927 0.003773293
vn 0.0887315 -0.5463748 -0.8328273
vn 0.991948 -0.1152194 0.05257092
vn 0.01908034 -0.2102301 0.9774657
vn 0.5344663 0.8436663 -0.05072447
vn 0.1559908 -0.6948867 -0.7019967
vn 0.8346689 -0.3760765 0.4023609
vn -0.4206398 -0.2395169 0.8750393
vn 0.4629624 0.8736821 -0.1494839
vn -0.2025072 -0.356346 -0.912145
vn 0.9079203 -0.3723323 -0.1924821
vn 0.07942139 -0.550045 0.83135
vn 0.2413005 0.9238991 -0.296959
vn -0.6605323 -0.4461537 -0.6038576
vn 0.6282803 -0.2525007 -0.7358718
vn 0.7063902 -0.4340163 0.5591447
vn 0.1453594 0.9377705 -0.3153683
vn -0.8617945 -0.5046014 -0.05184227
vn 0.03249152 -0.1975809 -0.979748
vn 0.9019801 -0.4315843 -0.01291781
vn -0.7196487 0.4141886 -0.5572733
vn 0.2210228 -0.9743057 0.04332841
vn 0.4417804 -0.08678202 -0.892916
vn 0.7738966 0.6108842 0.1670465
vn -0.588782 0.3142245 0.7447139
vn 0.05884923 -0.9930069 -0.1023433
vn -0.8577745 -0.1157818 -0.5008168
vn 0.1829711 0.7117756 -0.6781571
vn -0.2952054 0.9554309 -0.002351619
vn -0.4779479 -0.7823746 0.399319
vn -0.6747385 -0.08995126 -0.7325549
vn 0.6593108 -0.2676641 -0.7026131
vn 0.1986969 0.9715262 -0.1290596
vn -0.8700448 -0.4684845 -0.1534417
vn 0.03229298 -0.003060685 -0.9994738
vn 0.8730034 -0.4776415 -0.09860854
vn 0.2832164 0.9327572 0.2230526
vn -0.8838043 -0.4645088 -0.05587069
vn -0.2978975 0.4268556 -0.8538451
vn 0.7141841 -0.3996438 -0.5746529
vn -0.5849094 0.3914884 0.7103646
vn -0.297637 -0.4103828 -0.8619735
vn -0.1806557 0.857861 -0.48108
vn 0.9540968 0.2933423 -0.06041214
vn -0.6390821 0.4391305 0.6314574
vn -0.2120509 -0.2243836 -0.9511501
vn 0.1113852 0.9243063 -0.3650361
vn 0.9947762 0.04216973 0.09296209
vn -0.06456379 0.8105091 0.5821568
vn -0.4582674 -0.09904345 -0.8832788
vn 0.5990881 0.5972802 -0.5332447
vn 0.807546 -0.5897437 -0.008474463
vn -0.2608092 0.9557167 0.136324
vn 0.1837523 -0.5547655 -0.8114619
vn 0.8973712 0.3902798 -0.2059287
vn 0.4829226 -0.4937715 0.7231705
vn -0.1533859 0.9877883 -0.02733394
vn -0.140914 -0.5116524 -0.8475583
vn 0.8497894 0.2605532 -0.4582248
vn 0.631431 -0.4461221 0.6342477
vn -0.07358656 0.9948909 -0.06911546
vn -0.4179609 -0.5230359 -0.7427934
vn 0.7006398 0.1508494 -0.6973867
vn 0.7761751 -0.4077549 0.4809242
vn -0.110257 0.9928052 -0.04670462
vn -0.4406562 -0.5722201 -0.6916547
vn 0.5603665 0.2117864 -0.8007097
vn 0.8931763 -0.3277202 0.3079539
vn -0.2903107 0.8593376 0.4210208
vn -0.4442928 -0.6214837 -0.6452612
vn 0.0793559 0.5747974 -0.8144388
vn 0.9875434 -0.09823013 -0.1229184
vn -0.4072933 -0.08364572 0.9094589
vn -0.6015418 -0.2957135 -0.7420923
vn -0.532418 0.8444112 -0.05916743
vn 0.7855144 0.6188057 -0.006816708
vn -0.2391699 -0.3456694 0.9073645
vn -0.7858635 -0.1151785 -0.6075792
vn -0.4978653 0.8168103 0.2914637
vn 0.7913969 0.6111202 0.01493405
vn 0.6590049 -0.4472328 -0.6047275
vn 0.2831406 0.04939514 0.9578056
vn 0.6095794 0.7864498 -0.09954682
vn -0.600037 0.5510473 -0.579916
vn 0.9234939 -0.3014921 -0.2371953
vn -0.2793165 -0.2290437 0.9324813
vn 0.4710632 0.7702624 0.4298783
vn -0.4531908 0.7187226 -0.5273101
vn 0.5847641 -0.7620574 -0.2780639
vn -0.4059539 -0.3863108 0.8282303
vn 0.7558983 0.2701241 0.5963646
vn -0.01169894 0.9580163 -0.286475
vn 0.6416848 -0.6560442 -0.3972991
vn -0.6995027 -0.3567737 0.6191999
vn 0.6079531 -0.03114009 0.793362
vn -0.142154 0.9515496 0.272664
vn -0.01600399 -0.6569111 0.7537982
vn -0.1613385 -0.3333413 -0.9288991
vn -0.9944312 -0.07839134 0.07043745
vn -0.1716476 0.8953836 0.4108836
vn -0.4861532 -0.5681243 0.6639953
vn 0.1723793 -0.4712934 -0.864967
vn -0.9093509 0.156972 -0.3852798
vn -0.05250852 0.9745881 0.2177635
vn -0.06587905 -0.5883852 0.8058926
vn -0.5405338 -0.3673467 -0.7568881
vn -0.8951794 0.3199219 0.3103288
vn 0.2763944 0.921137 0.2740669
vn 0.006923483 -0.5950683 0.8036453
vn -0.8631352 -0.1736156 -0.4741891
vn -0.5843901 0.569719 0.5778481
vn 0.5951298 0.8032234 0.02554781
vn 0.4375423 -0.6029151 0.6671208
vn -0.9729801 -0.2293452 0.02665607
vn -0.2249582 0.531373 0.8167231
vn 0.2805802 0.8915301 -0.3555966
vn 0.4391825 -0.6090592 0.6604283
vn -0.8137258 -0.4207608 -0.4010119
vn -0.6274096 0.142809 0.765482
vn 0.09437048 0.9923462 0.0796446
vn 0.3724223 -0.7954485 -0.478083
vn -0.9499851 -0.1230074 0.2870495
vn 0.2022054 -0.5426716 0.8152426
vn 0.3830512 0.7409795 0.5515624
vn 0.6975853 -0.6277114 -0.3454754
vn -0.8984097 -0.3633316 0.2466781
vn 0.2995508 -0.3631861 0.8822501
vn -0.1689105 0.8268916 0.536395
vn 0.5161607 -0.8487958 0.1145596
vn -0.9589153 -0.07825915 -0.2726848
vn -0.3756409 -0.2778119 0.8841462
vn 0.1765504 0.8457471 0.5035294
vn 0.5576276 -0.6661991 0.4952072
vn -0.8302468 -0.4258733 -0.3596139
vn -0.5249543 0.004248821 0.8511198
vn -0.07156972 0.9898405 0.1228558
vn 0.2882588 -0.5233558 0.8018763
vn -0.5723953 -0.5198054 -0.6341657
vn -0.8581887 0.04784862 0.5110993
vn -0.0151882 0.9868868 0.1606981
vn 0.5597051 -0.2780381 -0.7806568
vn -0.4618476 -0.7332005 0.4991131
vn 0.7953808 -0.2840129 0.5354493
vn 0.1762456 0.8884345 0.423818
vn 0.7782643 -0.06671058 -0.6243832
vn -0.2904249 -0.8401774 0.4579903
vn 0.7047738 0.01188305 0.7093325
vn -0.2389689 0.8923326 0.3829314
vn 0.5559019 -0.4731747 -0.6834316
vn 0.279357 -0.1032347 0.9546216
vn 0.7426851 0.6692045 -0.0241704
vn -0.5380614 0.7619411 -0.3604659
vn 0.435053 -0.56406 -0.7018299
vn -0.4936226 0.8471132 -0.1968147
vn -0.8397128 -0.4292328 -0.3326284
vn -0.2370095 -0.4551821 0.8582749
vn -0.1796128 -0.8251479 -0.5356027
vn -0.6020468 0.7945325 -0.07910547
vn -0.7480245 -0.3533212 0.5618038
vn 0.5109717 -0.07323481 0.8564722
vn -0.5499884 -0.8217227 -0.1492804
vn -0.5341615 0.8027607 0.2650409
vn -0.1169777 -0.2446319 0.9625339
vn 0.9719497 -0.06041005 0.2272979
vn -0.4228389 -0.7941582 -0.436486
vn -0.59034 0.7941627 0.1442371
vn -0.4793458 -0.3461322 0.8064862
vn 0.8014709 -0.09713884 0.590092
vn -0.5632125 -0.7994003 -0.2091672
vn -0.3764934 0.9033508 -0.2054509
vn -0.6086138 0.06541961 0.7907651
vn 0.6987213 -0.1136139 0.7063147
vn -0.6642972 -0.7417862 0.0919921
vn -0.3953521 0.9004737 -0.1812286
vn -0.2777357 0.2036865 0.9388155
vn 0.8941407 -0.1407506 0.4250903
vn -0.821672 -0.08970945 0.5628564
vn -0.07177917 0.6034021 -0.7941999
vn 0.1215192 0.856915 0.5009289
vn 0.8729777 -0.2388619 0.4252704
vn -0.4076411 0.598495 0.6896611
vn -0.3680091 -0.05429029 -0.9282359
vn 0.4021016 0.8515913 -0.336313
vn 0.9558797 -0.2834187 0.07725241
vn -0.2287556 0.7957122 0.5608146
vn -0.4973048 -0.2284705 -0.8369523
vn 0.4272207 0.6873857 -0.5873528
vn 0.9278131 -0.3713202 0.03583447
vn 0.2489279 0.8721303 0.4212169
vn -0.9334256 -0.350427 -0.07692627
vn -0.2764823 0.5825099 -0.7643558
vn 0.6635839 -0.3583587 -0.6566852
vn 0.7209723 0.3967152 0.5681691
vn -0.58231 -0.6634404 0.4698531
vn -0.5746549 0.6686748 0.4718536
vn -0.3902642 0.4184341 -0.8201261
vn 0.6785151 0.2473886 0.6916763
vn -0.5666026 -0.7885925 0.2389215
vn -0.622964 0.4840666 0.6144879
vn -0.3696425 0.6345876 -0.6787217
vn -0.02497865 0.244002 0.969453
vn -0.4985415 -0.8346664 -0.2340694
vn -0.9133267 0.4071285 -0.008981975
vn 0.2037799 0.7173159 -0.666282
vn 0.1069517 0.3496125 0.9307697
vn -0.02790076 -0.9976597 -0.06242267
vn -0.9413418 -0.1358505 0.3089018
vn -0.4534863 0.5951404 -0.6634441
vn -0.2916902 0.1019275 0.9510665
vn 0.4464554 -0.8695253 -0.211195
vn -0.8235874 -0.5642829 -0.05734752
vn -0.5065029 0.5646948 -0.6515939
vn 0.7089419 0.1552163 0.6879748
vn -0.1767788 -0.9136372 -0.3660824
vn -0.5075882 -0.3539647 0.7855337
vn -0.7518021 0.6586853 -0.03045272
vn -0.5226994 -0.57064 0.6333682
vn 0.8858802 -0.3505247 -0.3038893
vn -0.3613765 -0.6241874 -0.6926739
vn -0.4526272 0.6962942 -0.5570485
vn -0.4100648 -0.8049831 -0.4287762
vn 0.7599828 -0.07537698 0.6455575
vn 0.720731 -0.1637205 -0.673604
vn -0.08561974 0.8693769 -0.4866756
vn -0.1140935 -0.7556501 -0.6449617
vn 0.6006133 -0.1090675 0.7920656
vn 0.8829306 0.05870787 -0.4658185
vn -0.1006671 0.9070296 -0.4088562
vn -0.4852385 -0.8661838 -0.1194537
vn 0.9952963 -0.0306168 0.09191208
vn 0.2063918 -0.121553 -0.97089
vn -0.3590519 0.8792798 -0.3129676
vn -0.4640797 -0.8849868 -0.0377954
vn 0.9985998 -0.008616039 -0.05219414
vn 0.064254 -0.1260675 -0.9899386
vn -0.4180707 0.8702306 -0.2606063
vn -0.296058 -0.4975074 -0.8153747
vn 0.769838 -0.3861946 0.5081369
vn 0.7256453 0.3174236 -0.6104763
vn -0.2095554 0.9763796 0.05262485
vn 0.6544179 -0.003247724 0.7561262
vn 0.05216924 -0.7281722 -0.6834059
vn -0.4579821 -0.702139 0.5452095
vn -0.8643076 0.4896356 0.115019
vn 0.355802 0.03293195 0.933981
vn 0.1243743 -0.8375401 -0.5320316
vn -0.7434059 -0.5170166 0.4243129
vn -0.7361797 0.6265715 -0.2558272
vn 0.7060979 -0.2478037 0.6633394
vn -0.821487 -0.566921 -0.06131655
vn -0.4600706 0.3772841 0.8037362
vn -0.04304477 0.9446476 -0.3252508
vn 0.8040263 -0.2162225 0.5538859
vn -0.1533085 0.9494787 -0.2738369
vn 0.6621107 0.01173574 -0.7493141
vn -0.4227187 -0.7292293 -0.5380833
vn 0.915269 -0.3895941 -0.1024648
vn -0.1998094 0.8777602 -0.435446
vn -0.1303489 -0.3576718 -0.9247054
vn -0.7603427 -0.6113188 0.2194732
vn 0.7049362 -0.4814034 -0.5208797
vn -0.5302144 0.7147114 -0.4561363
vn -0.6188512 -0.6124322 -0.4918841
vn -0.3878328 -0.444201 0.8076331
vn 0.8734806 -0.363629 -0.3237371
vn -0.406061 0.7755678 -0.4833312
vn -0.3708882 -0.5239916 -0.76673
vn -0.5951385 -0.5923841 0.543039
vn 0.7411337 -0.4116671 -0.530331
vn -0.2448004 0.9533545 -0.1766011
vn -0.5327536 -0.1699829 -0.8290231
vn -0.6797959 -0.6002195 0.421443
vn 0.5053216 -0.4889185 -0.7110617
vn -0.27326 0.9468275 -0.1698427
vn -0.7888417 -0.21003 -0.5775952
vn -0.5037071 -0.530237 0.6820028
vn -0.2274459 -0.1304396 -0.965015
vn 0.3251348 0.8968934 0.2997824
vn -0.8963999 0.4420476 0.03257377
vn -0.4063713 -0.6142308 0.6764488
vn -0.7963994 0.3230202 -0.5112788
vn 0.8635429 0.495693 -0.09263942
vn -0.2333745 0.7531815 0.6150235
vn -0.1475347 -0.5593498 0.8156968
vn -0.8165389 0.4981109 -0.2918042
vn 0.8978006 0.3546777 -0.2610705
vn 0.04736646 0.716123 0.6963651
vn -0.0649293 -0.6061832 0.7926702
vn -0.8689972 0.4737474 0.1428542
vn 0.426876 0.04171416 -0.9033476
vn 0.3843396 0.9180869 0.09695164
vn 0.5744857 -0.1993177 0.7938758
vn -0.8275869 -0.07373797 0.5564734
vn 0.1310055 -0.644215 -0.7535413
vn -0.6138166 0.4531337 -0.6464511
vn 0.4852176 0.87402 -0.0255537
vn -0.8510086 -0.2542457 0.4595035
vn 0.3892637 -0.6294816 -0.6724781
vn -0.613199 0.2418305 -0.7520006
vn 0.250582 0.9670024 -0.04598952
vn -0.9261918 -0.2543872 -0.2783089
vn 0.7754825 -0.435572 -0.45706
vn -0.02776024 0.5575978 -0.829647
vn 0.1411393 0.8819746 0.4496672
vn -0.9792099 -0.1616881 -0.1224948
vn 0.6252043 -0.7724885 -0.1112706
vn -0.005027662 -0.03157277 -0.9994888
vn 0.3520079 0.9216202 -0.1634213
vn -0.7923445 -0.2809951 -0.541509
vn 0.5879473 -0.7119918 0.3839082
vn 0.4898353 -0.2343394 -0.83973
vn 0.3990511 0.8998595 -0.1760995
vn -0.7877101 -0.4041641 0.4649347
vn 0.8160556 -0.5612141 -0.138174
vn -0.3455591 -0.5137848 -0.7852479
vn -0.1473535 0.7884632 -0.5971707
vn -0.07327753 -0.6223975 -0.7792636
vn 0.2330184 -0.3777783 0.8960949
vn 0.9818082 -0.09211544 -0.1660346
vn 0.1783611 0.9684558 -0.1740136
vn 0.86371 -0.3851157 -0.3251016
vn -0.6401123 -0.5969187 0.4836779
vn 0.4718064 0.01599414 0.8815571
vn -0.06111618 0.9875439 0.1449894
vn 0.94497 -0.3271404 -0.003295751
vn -0.7132716 -0.6292912 0.3086038
vn 0.1746347 0.05630856 0.9830219
vn -0.1565901 0.9806523 0.1174762
vn 0.6916445 -0.5051632 -0.5161762
vn -0.3066914 -0.3667216 0.8783255
vn 0.7881119 0.3063941 0.533856
vn -0.1135513 0.9773979 -0.1783244
vn 0.6319222 -0.5572665 -0.5386356
vn -0.2077907 -0.2798103 0.9372988
vn 0.8412709 0.348731 0.4130981
vn -0.1344326 0.9571725 -0.256415
vn 0.9943525 0.04373121 -0.09669938
vn -0.4001867 -0.7644099 0.5054979
vn 0.1888035 0.3562068 0.9151338
vn -0.5291585 0.8433383 -0.09365831
vn 0.3849876 -0.4829509 0.7864751
vn -0.3006105 -0.5331157 -0.7908356
vn -0.8713512 -0.2999647 0.3882889
vn -0.3844387 0.9127671 0.1380692
vn 0.716145 -0.4639477 0.5214295
vn -0.7763807 -0.5359837 -0.3315941
vn -0.4946416 -0.03493689 0.8683946
vn -0.1100958 0.9879032 0.1092072
vn 0.7038811 -0.3732512 0.6043466
vn -0.6656916 -0.6261133 -0.4060011
vn -0.5802164 -0.09126458 0.8093328
vn -0.2379901 0.9679376 0.08035839
vn -0.02330064 0.177663 -0.9838155
vn -0.4028661 -0.8479279 0.3445538
vn 0.7645261 -0.5971945 -0.2426081
vn 0.6894358 0.4646136 0.555709
vn 0.2964511 -0.1940542 -0.9351255
vn -0.3973341 -0.740985 0.5413565
vn 0.8640965 -0.4409523 0.2426898
vn 0.3984436 0.7831908 0.4773415
vn -0.04803007 -0.1337276 -0.9898536
vn 0.06302561 -0.8043734 0.5907718
vn 0.9754949 -0.1693837 -0.1404242
vn 0.3209233 0.8797706 0.3507306
vn 0.3229661 0.8074691 -0.4936462
vn -0.1690324 -0.8411701 -0.5136738
vn 0.9559692 -0.2844259 -0.072282
vn 0.1752638 -0.06424174 0.9824233
vn 0.6395376 0.6323237 -0.4372167
vn -0.05419579 -0.9391683 -0.3391544
vn 0.8236008 -0.3350044 0.4576612
vn -0.301726 0.1914736 0.9339696
vn 0.5492826 0.7157606 -0.4312488
vn -0.447774 -0.6783181 -0.5825659
vn 0.8105237 -0.5616809 -0.16603
vn 0.177605 -0.2308607 0.9566398
vn 0.3002878 0.7289268 -0.6152179
vn -0.7659996 -0.5789951 -0.2793016
vn 0.5189837 -0.5835253 -0.6246232
vn 0.6444226 -0.3508716 0.6794178
vn 0.1565134 0.7491827 -0.6436061
vn -0.9260433 -0.3649705 0.09612686
vn 0.0109719 -0.5604643 -0.8281059
vn 0.7733098 -0.5772193 0.2623161
vn -0.7395923 0.2196488 -0.6362057
vn 0.01717647 -0.906472 0.4219165
vn 0.3781116 -0.4861551 -0.7878354
vn 0.8526223 0.5194086 -0.05700786
vn -0.4294986 0.6930537 0.5789711
vn -0.07860836 -0.96153 0.2632125
vn -0.9332262 -0.1343022 -0.3332442
vn 0.1867438 0.2222252 -0.9569445
vn -0.1839296 0.9151114 -0.358805
vn -0.6123441 -0.374959 0.6960176
vn -0.7338989 -0.2669812 -0.6245906
vn 0.5435417 -0.6320862 -0.5522947
vn 0.2261056 0.8369476 -0.4983923
vn -0.9440692 -0.3292735 -0.01767338
vn 0.04016046 -0.4149576 -0.908954
vn 0.7317935 -0.6505731 0.203059
vn 0.324014 0.9329657 -0.1568117
vn -0.9829165 -0.157326 0.0955181
vn -0.2171104 0.03448107 -0.9755378
vn 0.5841418 -0.763773 -0.2746439
vn -0.4778652 0.7864658 0.391301
vn -0.5225978 -0.6590564 -0.5408661
vn -0.03486732 0.5423781 -0.8394106
vn 0.9884428 0.05936686 -0.1394865
vn -0.4572313 0.8353138 0.305271
vn -0.4369615 -0.5555874 -0.7073806
vn 0.2704719 0.5692331 -0.776414
vn 0.9873387 -0.08370871 0.1347409
vn 0.1635109 0.9799145 0.114157
vn -0.6413775 -0.3008353 -0.7057855
vn 0.6245513 0.1031334 -0.7741441
vn 0.6929389 -0.6435701 0.3250434
vn -0.1231939 0.93729 -0.3260531
vn -0.190608 -0.7554772 -0.6268356
vn 0.8569416 0.05689899 -0.5122632
vn 0.6088959 -0.1622206 0.7764859
vn 0.008918544 0.912551 -0.4088655
vn -0.4062486 -0.7537352 -0.5165708
vn 0.7782052 -0.1545433 -0.6086979
vn 0.6653114 -0.2120372 0.7158219
vn 0.06925778 0.8897384 -0.4511862
vn -0.601977 -0.6935625 -0.3957207
vn 0.6210323 -0.2888173 -0.7286312
vn 0.7465843 -0.2956329 0.5959975
vn 0.01358631 0.8919802 -0.4518703
vn -0.6290473 -0.6933682 -0.3514827
vn 0.5119866 -0.2593772 -0.8188975
vn 0.8391241 -0.3119271 0.4456145
vn -0.1901528 0.9793988 -0.06796933
vn -0.7036615 -0.6472922 -0.2930415
vn 0.1702894 0.08213507 -0.9819651
vn 0.9524524 -0.3038289 0.02285801
vn -0.3161319 0.354497 0.8799958
vn -0.6593607 -0.4527593 -0.6002104
vn -0.4216546 0.8335856 -0.3568507
vn 0.8302937 0.3853198 -0.4026674
vn -0.1459404 0.04300789 0.9883581
vn -0.7837864 -0.1822181 -0.5936965
vn -0.3769891 0.9259981 0.02016843
vn 0.7998996 0.4580847 -0.3877101
vn 0.4637256 -0.8345754 -0.297393
vn 0.3833719 0.5153221 0.7664653
vn 0.7273867 0.4509374 -0.5172661
vn -0.5966164 0.4745379 -0.6471961
vn 0.8294614 -0.5358201 -0.1577678
vn -0.2118177 0.2939276 0.9320621
vn 0.6396556 0.7682128 0.02626511
vn -0.3973738 0.506436 -0.7652559
vn 0.6927015 -0.7013124 -0.1683021
vn -0.3982677 0.07194243 0.9144437
vn 0.763937 0.4901737 0.4196784
vn -0.03135829 0.7981665 -0.6016203
vn 0.6854903 -0.7270459 0.03882594
vn -0.7928113 -0.05454838 0.6070212
vn 0.4641882 0.3237621 0.8244436
vn 0.2671643 0.893096 -0.361943
vn 0.0531014 -0.3517805 0.9345752
vn -0.4087668 -0.5763935 -0.7075877
vn -0.9534067 0.1776354 0.243847
vn 0.02735022 0.9893427 -0.1430138
vn -0.4540746 -0.1477094 0.8786343
vn -0.01984589 -0.7329044 -0.6800421
vn -0.9315352 0.1679055 -0.3225677
vn 0.1531367 0.9384331 -0.3096653
vn 0.0267041 -0.2573887 0.9659389
vn -0.6731968 -0.4385173 -0.5954062
vn -0.7835057 0.5509693 0.2873183
vn 0.3766791 0.8856354 -0.2715931
vn 0.1005251 -0.270734 0.9573911
vn -0.8799948 -0.1484416 -0.4511921
vn -0.4657069 0.7928833 0.3930053
vn 0.619108 0.6922165 -0.3708661
vn 0.5382266 -0.3281243 0.7763032
vn -0.9968426 -0.06555616 0.04480179
vn -0.1414544 0.7994124 0.5838926
vn 0.4098955 0.6689725 -0.6200496
vn 0.4790232 -0.3529199 0.8037314
vn -0.8929321 -0.3844997 -0.2341628
vn -0.526482 0.5097536 0.6804175
vn 0.2326123 0.9129578 -0.3352603
vn 0.3199425 -0.946822 -0.03413155
vn -0.9556565 0.1757632 0.2362793
vn 0.1014237 -0.1225451 0.9872669
vn 0.670646 0.7288607 0.1378262
vn 0.5016496 -0.8599146 0.09431054
vn -0.966472 0.02270801 0.2557661
vn 0.144037 0.05887359 0.9878194
vn 0.5144213 0.8574803 -0.009910285
vn 0.409854 -0.775636 0.4800089
vn -0.9647475 -0.05047507 -0.2582913
vn -0.3720019 0.2143668 0.9031398
vn 0.4267941 0.8999302 0.08928858
vn 0.5600546 -0.4092888 0.7202927
vn -0.9005176 -0.3915758 -0.1890409
vn -0.4744363 0.4260247 0.7703332
vn 0.177087 0.9475738 -0.2659775
vn 0.3695059 -0.2347322 0.8990918
vn -0.7303363 -0.5663888 -0.3818542
vn -0.7449052 0.3957232 0.5371401
vn 0.104315 0.9373971 -0.3322726
vt 0.7996897 0.03099491
vt 0.7568768 0.07176086
vt 0.8425026 0.07176089
vt 0.7568768 0.213491
vt 0.8425024 0.2134909
vt 0.9281281 0.07176086
vt 0.8853153 0.03099491
vt 0.6712512 0.213491
vt 0.6712512 0.07176086
vt 0.714064 0.03099491
vt 0.7568768 0.3887826
vt 0.6712512 0.3887825
vt 0.9281281 0.213491
vt 0.8425026 0.3887826
vt 1.013754 0.07176086
vt 0.9709409 0.03099491
vt 0.5856255 0.213491
vt 0.5856255 0.3887825
vt 0.5856255 0.07176086
vt 0.6284383 0.03099491
vt 0.6712512 0.4905015
vt 0.7568768 0.4905015
vt 0.5856255 0.4905015
vt 1.013754 0.213491
vt 0.9281281 0.3887825
vt 0.8425026 0.4905015
vt 1.09938 0.07176086
vt 1.056567 0.03099491
vt 0.6712512 0.5903929
vt 0.5856255 0.5903929
vt 0.7568768 0.5903929
vt 0.4999997 0.4905015
vt 0.4999997 0.5903929
vt 0.4999997 0.3887825
vt 0.4999997 0.213491
vt 0.4999997 0.07176084
vt 0.5428126 0.03099491
vt 0.5856255 0.6902844
vt 0.6712512 0.6902844
vt 0.4999997 0.6902844
vt 0.414374 0.5903929
vt 0.414374 0.4905015
vt 0.414374 0.3887825
vt 0.414374 0.213491
vt 0.414374 0.6902844
vt 0.414374 0.07176086
vt 0.4571869 0.03099491
vt 0.4999997 0.7901759
vt 0.414374 0.7901759
vt 0.5856255 0.7901759
vt 0.3287483 0.5903929
vt 0.3287483 0.4905015
vt 0.3287483 0.3887825
vt 0.3287483 0.213491
vt 0.3287483 0.6902844
vt 0.3287483 0.7901759
vt 0.3287483 0.07176086
vt 0.3715612 0.03099491
vt 0.2431226 0.4905015
vt 0.2431226 0.5903929
vt 0.2431226 0.6902844
vt 0.2431226 0.3887825
vt 0.2431226 0.213491
vt 0.2431226 0.7901759
vt 0.2431226 0.07176086
vt 0.2859355 0.03099491
vt 0.157497 0.6902844
vt 0.1574969 0.5903929
vt 0.157497 0.4905015
vt 0.157497 0.3887825
vt 0.157497 0.213491
vt 0.157497 0.7901759
vt 0.157497 0.07176086
vt 0.2003098 0.03099491
vt 0.07187125 0.5903929
vt 0.07187125 0.4905015
vt 0.07187125 0.6902844
vt 0.07187125 0.3887825
vt 0.07187125 0.213491
vt 0.07187125 0.7901759
vt 0.07187125 0.07176086
vt 0.1146841 0.03099491
vt -0.01375443 0.6902844
vt -0.01375455 0.5903929
vt -0.01375443 0.4905015
vt -0.01375455 0.3887825
vt -0.01375443 0.213491
vt -0.01375455 0.7901759
vt -0.01375443 0.07176086
vt 0.0290584 0.03099491
vt -0.0993802 0.6902844
vt -0.0993802 0.5903929
vt -0.0993802 0.4905015
vt -0.0993802 0.3887825
vt -0.0993802 0.213491
vt -0.0993802 0.7901759
vt -0.0993802 0.07176084
vt -0.05656725 0.03099491
vt -0.1850058 0.6902844
vt -0.1850058 0.5903929
vt -0.1850058 0.7901759
vt -0.1850058 0.4905015
vt -0.1666659 0.3887824
vt -0.1666659 0.213491
vt -0.1850058 0.07176089
vt -0.1421931 0.03099491
vt -0.1850058 0.8900673
vt -0.0993802 0.8900673
vt -0.1850058 0.9807035
vt -0.01375443 0.8900673
vt -0.0993802 0.9807035
vt -0.1421931 0.9984133
vt 0.07187125 0.8900673
vt -0.01375443 0.9807035
vt -0.05656725 0.9984133
vt 0.157497 0.8900673
vt 0.07187125 0.9807035
vt 0.0290584 0.9984133
vt 0.2431226 0.8900673
vt 0.157497 0.9807035
vt 0.1146841 0.9984133
vt 0.3287483 0.8900673
vt 0.2431226 0.9807035
vt 0.2003098 0.9984133
vt 0.414374 0.8900673
vt 0.3287483 0.9807035
vt 0.2859355 0.9984133
vt 0.4999997 0.8900673
vt 0.414374 0.9807035
vt 0.3715612 0.9984133
vt 0.4999997 0.9807035
vt 0.4571869 0.9984133
vt 0.5856255 0.8900673
vt 0.6712512 0.7901759
vt 0.5856255 0.9807035
vt 0.5428126 0.9984133
vt 0.6712512 0.8900673
vt 0.7568768 0.6902844
vt 0.6712512 0.9807035
vt 0.6284383 0.9984133
vt 0.7568768 0.7901757
vt 0.8425026 0.5903929
vt 0.7568768 0.8900673
vt 0.8425024 0.6902844
vt 0.9281281 0.4905015
vt 0.7568768 0.9807035
vt 0.714064 0.9984133
vt 0.8425026 0.7901757
vt 0.9281281 0.5903929
vt 1.013754 0.3887825
vt 0.8425024 0.8900673
vt 0.9281281 0.6902844
vt 1.013754 0.4905015
vt 1.09938 0.213491
vt 1.185005 0.07176083
vt 1.142192 0.03099491
vt 1.203345 0.213491
vt 1.09938 0.3887825
vt 1.203345 0.3887825
vt 1.09938 0.4905015
vt 1.185005 0.4905015
vt 1.013754 0.5903929
vt 1.09938 0.5903929
vt 1.185005 0.5903929
vt 1.013754 0.6902844
vt 1.09938 0.6902844
vt 1.185005 0.6902844
vt 0.9281281 0.7901759
vt 1.09938 0.7901759
vt 1.185005 0.7901759
vt 1.013754 0.7901759
vt 0.9281281 0.8900673
vt 1.09938 0.8900673
vt 1.185005 0.8900673
vt 1.013754 0.8900673
vt 0.8425024 0.9807035
vt 0.7996897 0.9984133
vt 0.9281281 0.9807035
vt 0.8853151 0.9984133
vt 1.013754 0.9807035
vt 0.9709409 0.9984133
vt 1.09938 0.9807035
vt 1.056567 0.9984133
vt 1.185005 0.9807035
vt 1.142192 0.9984133
vt 0.265341 0.8245305
vt 0.358983 0.7682783
vt 0.2382831 0.8122021
vt 0.2424378 0.709148
vt 0.1178157 0.709148
vt 0.1178157 0.6015368
vt 0.113661 0.8122021
vt 0.1407188 0.8245305
vt 0.05094505 0.783403
vt 0.07840776 0.8208362
vt 0.05527924 0.7073373
vt -0.01554605 0.8323624
vt 0.01436853 0.8321292
vt -0.009588656 0.7039667
vt -0.006806374 0.6015368
vt 0.05550462 0.6015369
vt 0.05550462 0.5111142
vt -0.006806374 0.5111142
vt 0.05550462 0.3456094
vt -0.006806374 0.3456094
vt 0.05550462 0.2643798
vt -0.006806374 0.2643797
vt 0.05550462 0.1125123
vt -0.006806374 0.1125122
vt 0.02434906 0.06573494
vt 0.1178157 0.1125123
vt 0.08666018 0.06573494
vt 0.1178157 0.2643798
vt 0.1178157 0.3456094
vt 0.1178157 0.5111142
vt 0.2424378 0.3456094
vt 0.2424378 0.2643798
vt 0.2424378 0.5111142
vt 0.2424378 0.1125123
vt 0.2112822 0.06573494
vt 0.3670599 0.3456094
vt 0.2424378 0.6015368
vt 0.3670599 0.2643798
vt 0.3670599 0.5111142
vt 0.3653668 0.7054146
vt 0.3670599 0.6015369
vt 0.4237452 0.698057
vt 0.3670599 0.1125123
vt 0.3359044 0.06573494
vt 0.429371 0.1125123
vt 0.3982154 0.06573494
vt 0.429371 0.2643798
vt 0.429371 0.3456094
vt 0.4293709 0.5111142
vt 0.4916821 0.1125123
vt 0.4605266 0.06573494
vt 0.4916821 0.2643798
vt 0.429371 0.6015368
vt 0.4916821 0.6015368
vt 0.4916821 0.5111142
vt 0.4916821 0.3456094
vt 0.5539932 0.1125123
vt 0.5228376 0.06573494
vt 0.5539932 0.2643798
vt 0.5539932 0.5111142
vt 0.6163043 0.1125123
vt 0.5851487 0.06573494
vt 0.5539932 0.3456094
vt 0.6163043 0.2643798
vt 0.7409264 0.1125124
vt 0.7097708 0.06573494
vt 0.5539932 0.6015369
vt 0.6163043 0.5111142
vt 0.6163043 0.3456094
vt 0.7409264 0.3456094
vt 0.7409263 0.2643799
vt 0.4907653 0.6986128
vt 0.4130363 0.7410285
vt 0.3863703 0.8036424
vt 0.4851163 0.7292858
vt 0.4448997 0.7788906
vt 0.5551974 0.7019249
vt 0.6163043 0.6015368
vt 0.5526896 0.7477424
vt 0.5156517 0.7825856
vt 0.6165033 0.7069488
vt 0.7409264 0.5111142
vt 0.7409264 0.6015368
vt 0.6130988 0.7707552
vt 0.578032 0.8055403
vt 0.8655484 0.5111142
vt 0.7338758 0.7159017
vt 0.8655484 0.3456094
vt 0.7103498 0.8188789
vt 0.6392074 0.8106512
vt 0.8577105 0.7253823
vt 0.7477954 0.830155
vt 0.8632825 0.6730178
vt 0.8655484 0.6015368
vt 0.9278595 0.5111142
vt 0.9278595 0.6015369
vt 0.9217066 0.6857445
vt 0.9158449 0.7773428
vt 0.8850413 0.7746937
vt 0.9851753 0.6949295
vt 0.9792203 0.795224
vt 0.9464026 0.7864971
vt 0.9901706 0.601537
vt 0.9901706 0.5111142
vt 0.9278595 0.3456094
vt 0.9901706 0.3456094
vt 0.9901706 0.2643798
vt 0.9278595 0.2643797
vt 0.9901706 0.1125123
vt 0.8655484 0.2643797
vt 0.9278595 0.1125123
vt 0.959015 0.06573494
vt 0.8655484 0.1125123
vt 0.8343929 0.06573494
vt 0.896704 0.06573494
vt 0.3384869 0.4609263
vt 0.3968563 0.4332519
vt 0.3236099 0.4236231
vt 0.328093 0.3866301
vt 0.2548465 0.3770013
vt 0.2621813 0.3212054
vt 0.2503634 0.4139942
vt 0.2652405 0.4512975
vt 0.2137403 0.4091798
vt 0.2286173 0.4464831
vt 0.2182233 0.3721868
vt 0.1771171 0.4043654
vt 0.191994 0.4416686
vt 0.1816001 0.3673724
vt 0.1889349 0.3115766
vt 0.2255581 0.3163911
vt 0.231797 0.2689325
vt 0.1951738 0.264118
vt 0.2432161 0.1820669
vt 0.2065929 0.1772524
vt 0.2482147 0.1440429
vt 0.2115915 0.1392285
vt 0.2532132 0.1060189
vt 0.21659 0.1012045
vt 0.2399001 0.06558774
vt 0.2898364 0.1108333
vt 0.2765234 0.07040217
vt 0.2848378 0.1488573
vt 0.2798393 0.1868813
vt 0.2684201 0.2737469
vt 0.3530858 0.1965101
vt 0.3580843 0.1584862
vt 0.3416665 0.2833757
vt 0.3630829 0.1204622
vt 0.3497698 0.080031
vt 0.4263322 0.206139
vt 0.3354278 0.3308342
vt 0.4313308 0.168115
vt 0.414913 0.2930045
vt 0.4013394 0.3962589
vt 0.4086742 0.3404631
vt 0.4379626 0.4010733
vt 0.4363293 0.130091
vt 0.4230162 0.08965983
vt 0.4729525 0.1349054
vt 0.4596395 0.09447426
vt 0.467954 0.1729294
vt 0.4629554 0.2109534
vt 0.4515362 0.297819
vt 0.5095757 0.1397199
vt 0.4962627 0.09928868
vt 0.5045772 0.1777438
vt 0.4452974 0.3452775
vt 0.4801168 0.3527661
vt 0.4869433 0.3020798
vt 0.4995786 0.2157678
vt 0.5461989 0.1445343
vt 0.5328859 0.1041031
vt 0.5412003 0.1825583
vt 0.5145156 0.3039132
vt 0.5828221 0.1493487
vt 0.5695091 0.1089175
vt 0.5362018 0.2205822
vt 0.5778236 0.1873727
vt 0.6560686 0.1589775
vt 0.6427556 0.1185463
vt 0.504906 0.3703858
vt 0.5443337 0.3080146
vt 0.5728223 0.2253966
vt 0.6460714 0.2350255
vt 0.65107 0.1970015
vt 0.4745858 0.4058878
vt 0.4334796 0.4380663
vt 0.4117334 0.4705552
vt 0.4701028 0.4428807
vt 0.4483566 0.4753696
vt 0.5059544 0.4165006
vt 0.5332991 0.3845062
vt 0.506726 0.4476951
vt 0.4849799 0.480184
vt 0.5400329 0.4243639
vt 0.6341966 0.320137
vt 0.6253919 0.3877538
vt 0.5432742 0.4526019
vt 0.521603 0.4849984
vt 0.7107648 0.329212
vt 0.6253805 0.4325975
vt 0.7193179 0.2446543
vt 0.620142 0.4632959
vt 0.5582263 0.4898128
vt 0.696795 0.4756382
vt 0.6318936 0.4997222
vt 0.706115 0.4388097
vt 0.7103177 0.3738322
vt 0.7459442 0.3348531
vt 0.7433288 0.3795103
vt 0.7381272 0.4423096
vt 0.7305006 0.4788637
vt 0.7050412 0.5092629
vt 0.768344 0.4448664
vt 0.7630967 0.4814015
vt 0.7413424 0.5138848
vt 0.775207 0.3874069
vt 0.7811452 0.3411487
vt 0.7559412 0.2494687
vt 0.7925643 0.2542831
vt 0.7975628 0.2162592
vt 0.7609397 0.2114447
vt 0.8025614 0.1782352
vt 0.7243165 0.2066303
vt 0.7659382 0.1734208
vt 0.7892485 0.137804
vt 0.729315 0.1686063
vt 0.7160019 0.1281752
vt 0.7526252 0.1329896
vt 0.265341 0.8245305
vt 0.358983 0.7682783
vt 0.2382831 0.8122021
vt 0.2424378 0.709148
vt 0.1178157 0.709148
vt 0.1178157 0.6015368
vt 0.113661 0.8122021
vt 0.1407188 0.8245305
vt 0.05094505 0.783403
vt 0.07840776 0.8208362
vt 0.05527924 0.7073373
vt -0.01554605 0.8323624
vt 0.01436853 0.8321292
vt -0.009588656 0.7039667
vt -0.006806374 0.6015368
vt 0.05550462 0.6015369
vt 0.05550462 0.5111142
vt -0.006806374 0.5111142
vt 0.05550462 0.3456094
vt -0.006806374 0.3456094
vt 0.05550462 0.2643798
vt -0.006806374 0.2643797
vt 0.05550462 0.1125123
vt -0.006806374 0.1125122
vt 0.02434906 0.06573494
vt 0.1178157 0.1125123
vt 0.08666018 0.06573494
vt 0.1178157 0.2643798
vt 0.1178157 0.3456094
vt 0.1178157 0.5111142
vt 0.2424378 0.3456094
vt 0.2424378 0.2643798
vt 0.2424378 0.5111142
vt 0.2424378 0.1125123
vt 0.2112822 0.06573494
vt 0.3670599 0.3456094
vt 0.2424378 0.6015368
vt 0.3670599 0.2643798
vt 0.3670599 0.5111142
vt 0.3653668 0.7054146
vt 0.3670599 0.6015369
vt 0.4237452 0.698057
vt 0.3670599 0.1125123
vt 0.3359044 0.06573494
vt 0.429371 0.1125123
vt 0.3982154 0.06573494
vt 0.429371 0.2643798
vt 0.429371 0.3456094
vt 0.4293709 0.5111142
vt 0.4916821 0.1125123
vt 0.4605266 0.06573494
vt 0.4916821 0.2643798
vt 0.429371 0.6015368
vt 0.4916821 0.6015368
vt 0.4916821 0.5111142
vt 0.4916821 0.3456094
vt 0.5539932 0.1125123
vt 0.5228376 0.06573494
vt 0.5539932 0.2643798
vt 0.5539932 0.5111142
vt 0.6163043 0.1125123
vt 0.5851487 0.06573494
vt 0.5539932 0.3456094
vt 0.6163043 0.2643798
vt 0.7409264 0.1125124
vt 0.7097708 0.06573494
vt 0.5539932 0.6015369
vt 0.6163043 0.5111142
vt 0.6163043 0.3456094
vt 0.7409264 0.3456094
vt 0.7409263 0.2643799
vt 0.4907653 0.6986128
vt 0.4130363 0.7410285
vt 0.3863703 0.8036424
vt 0.4851163 0.7292858
vt 0.4448997 0.7788906
vt 0.5551974 0.7019249
vt 0.6163043 0.6015368
vt 0.5526896 0.7477424
vt 0.5156517 0.7825856
vt 0.6165033 0.7069488
vt 0.7409264 0.5111142
vt 0.7409264 0.6015368
vt 0.6130988 0.7707552
vt 0.578032 0.8055403
vt 0.8655484 0.5111142
vt 0.7338758 0.7159017
vt 0.8655484 0.3456094
vt 0.7103498 0.8188789
vt 0.6392074 0.8106512
vt 0.8577105 0.7253823
vt 0.7477954 0.830155
vt 0.8632825 0.6730178
vt 0.8655484 0.6015368
vt 0.9278595 0.5111142
vt 0.9278595 0.6015369
vt 0.9217066 0.6857445
vt 0.9158449 0.7773428
vt 0.8850413 0.7746937
vt 0.9851753 0.6949295
vt 0.9792203 0.795224
vt 0.9464026 0.7864971
vt 0.9901706 0.601537
vt 0.9901706 0.5111142
vt 0.9278595 0.3456094
vt 0.9901706 0.3456094
vt 0.9901706 0.2643798
vt 0.9278595 0.2643797
vt 0.9901706 0.1125123
vt 0.8655484 0.2643797
vt 0.9278595 0.1125123
vt 0.959015 0.06573494
vt 0.8655484 0.1125123
vt 0.8343929 0.06573494
vt 0.896704 0.06573494
vt 0.7996897 0.03099491
vt 0.7568768 0.07176086
vt 0.8425026 0.07176089
vt 0.7568768 0.213491
vt 0.8425024 0.2134909
vt 0.9281281 0.07176086
vt 0.8853153 0.03099491
vt 0.6712512 0.213491
vt 0.6712512 0.07176086
vt 0.714064 0.03099491
vt 0.7568768 0.3887826
vt 0.6712512 0.3887825
vt 0.9281281 0.213491
vt 0.8425026 0.3887826
vt 1.013754 0.07176086
vt 0.9709409 0.03099491
vt 0.5856255 0.213491
vt 0.5856255 0.3887825
vt 0.5856255 0.07176086
vt 0.6284383 0.03099491
vt 0.6712512 0.4905015
vt 0.7568768 0.4905015
vt 0.5856255 0.4905015
vt 1.013754 0.213491
vt 0.9281281 0.3887825
vt 0.8425026 0.4905015
vt 1.09938 0.07176086
vt 1.056567 0.03099491
vt 0.6712512 0.5903929
vt 0.5856255 0.5903929
vt 0.7568768 0.5903929
vt 0.4999997 0.4905015
vt 0.4999997 0.5903929
vt 0.4999997 0.3887825
vt 0.4999997 0.213491
vt 0.4999997 0.07176084
vt 0.5428126 0.03099491
vt 0.5856255 0.6902844
vt 0.6712512 0.6902844
vt 0.4999997 0.6902844
vt 0.414374 0.5903929
vt 0.414374 0.4905015
vt 0.414374 0.3887825
vt 0.414374 0.213491
vt 0.414374 0.6902844
vt 0.414374 0.07176086
vt 0.4571869 0.03099491
vt 0.4999997 0.7901759
vt 0.414374 0.7901759
vt 0.5856255 0.7901759
vt 0.3287483 0.5903929
vt 0.3287483 0.4905015
vt 0.3287483 0.3887825
vt 0.3287483 0.213491
vt 0.3287483 0.6902844
vt 0.3287483 0.7901759
vt 0.3287483 0.07176086
vt 0.3715612 0.03099491
vt 0.2431226 0.4905015
vt 0.2431226 0.5903929
vt 0.2431226 0.6902844
vt 0.2431226 0.3887825
vt 0.2431226 0.213491
vt 0.2431226 0.7901759
vt 0.2431226 0.07176086
vt 0.2859355 0.03099491
vt 0.157497 0.6902844
vt 0.1574969 0.5903929
vt 0.157497 0.4905015
vt 0.157497 0.3887825
vt 0.157497 0.213491
vt 0.157497 0.7901759
vt 0.157497 0.07176086
vt 0.2003098 0.03099491
vt 0.07187125 0.5903929
vt 0.07187125 0.4905015
vt 0.07187125 0.6902844
vt 0.07187125 0.3887825
vt 0.07187125 0.213491
vt 0.07187125 0.7901759
vt 0.07187125 0.07176086
vt 0.1146841 0.03099491
vt -0.01375443 0.6902844
vt -0.01375455 0.5903929
vt -0.01375443 0.4905015
vt -0.01375455 0.3887825
vt -0.01375443 0.213491
vt -0.01375455 0.7901759
vt -0.01375443 0.07176086
vt 0.0290584 0.03099491
vt -0.0993802 0.6902844
vt -0.0993802 0.5903929
vt -0.0993802 0.4905015
vt -0.0993802 0.3887825
vt -0.0993802 0.213491
vt -0.0993802 0.7901759
vt -0.0993802 0.07176084
vt -0.05656725 0.03099491
vt -0.1850058 0.6902844
vt -0.1850058 0.5903929
vt -0.1850058 0.7901759
vt -0.1850058 0.4905015
vt -0.1666659 0.3887824
vt -0.1666659 0.213491
vt -0.1850058 0.07176089
vt -0.1421931 0.03099491
vt -0.1850058 0.8900673
vt -0.0993802 0.8900673
vt -0.1850058 0.9807035
vt -0.01375443 0.8900673
vt -0.0993802 0.9807035
vt -0.1421931 0.9984133
vt 0.07187125 0.8900673
vt -0.01375443 0.9807035
vt -0.05656725 0.9984133
vt 0.157497 0.8900673
vt 0.07187125 0.9807035
vt 0.0290584 0.9984133
vt 0.2431226 0.8900673
vt 0.157497 0.9807035
vt 0.1146841 0.9984133
vt 0.3287483 0.8900673
vt 0.2431226 0.9807035
vt 0.2003098 0.9984133
vt 0.414374 0.8900673
vt 0.3287483 0.9807035
vt 0.2859355 0.9984133
vt 0.4999997 0.8900673
vt 0.414374 0.9807035
vt 0.3715612 0.9984133
vt 0.4999997 0.9807035
vt 0.4571869 0.9984133
vt 0.5856255 0.8900673
vt 0.6712512 0.7901759
vt 0.5856255 0.9807035
vt 0.5428126 0.9984133
vt 0.6712512 0.8900673
vt 0.7568768 0.6902844
vt 0.6712512 0.9807035
vt 0.6284383 0.9984133
vt 0.7568768 0.7901757
vt 0.8425026 0.5903929
vt 0.7568768 0.8900673
vt 0.8425024 0.6902844
vt 0.9281281 0.4905015
vt 0.7568768 0.9807035
vt 0.714064 0.9984133
vt 0.8425026 0.7901757
vt 0.9281281 0.5903929
vt 1.013754 0.3887825
vt 0.8425024 0.8900673
vt 0.9281281 0.6902844
vt 1.013754 0.4905015
vt 1.09938 0.213491
vt 1.185005 0.07176083
vt 1.142192 0.03099491
vt 1.203345 0.213491
vt 1.09938 0.3887825
vt 1.203345 0.3887825
vt 1.09938 0.4905015
vt 1.185005 0.4905015
vt 1.013754 0.5903929
vt 1.09938 0.5903929
vt 1.185005 0.5903929
vt 1.013754 0.6902844
vt 1.09938 0.6902844
vt 1.185005 0.6902844
vt 0.9281281 0.7901759
vt 1.09938 0.7901759
vt 1.185005 0.7901759
vt 1.013754 0.7901759
vt 0.9281281 0.8900673
vt 1.09938 0.8900673
vt 1.185005 0.8900673
vt 1.013754 0.8900673
vt 0.8425024 0.9807035
vt 0.7996897 0.9984133
vt 0.9281281 0.9807035
vt 0.8853151 0.9984133
vt 1.013754 0.9807035
vt 0.9709409 0.9984133
vt 1.09938 0.9807035
vt 1.056567 0.9984133
vt 1.185005 0.9807035
vt 1.142192 0.9984133
vt 0.265341 0.8245305
vt 0.358983 0.7682783
vt 0.2382831 0.8122021
vt 0.2424378 0.709148
vt 0.1178157 0.709148
vt 0.1178157 0.6015368
vt 0.113661 0.8122021
vt 0.1407188 0.8245305
vt 0.05094505 0.783403
vt 0.07840776 0.8208362
vt 0.05527924 0.7073373
vt -0.01554605 0.8323624
vt 0.01436853 0.8321292
vt -0.009588656 0.7039667
vt -0.006806374 0.6015368
vt 0.05550462 0.6015369
vt 0.05550462 0.5111142
vt -0.006806374 0.5111142
vt 0.05550462 0.3456094
vt -0.006806374 0.3456094
vt 0.05550462 0.2643798
vt -0.006806374 0.2643797
vt 0.05550462 0.1125123
vt -0.006806374 0.1125122
vt 0.02434906 0.06573494
vt 0.1178157 0.1125123
vt 0.08666018 0.06573494
vt 0.1178157 0.2643798
vt 0.1178157 0.3456094
vt 0.1178157 0.5111142
vt 0.2424378 0.3456094
vt 0.2424378 0.2643798
vt 0.2424378 0.5111142
vt 0.2424378 0.1125123
vt 0.2112822 0.06573494
vt 0.3670599 0.3456094
vt 0.2424378 0.6015368
vt 0.3670599 0.2643798
vt 0.3670599 0.5111142
vt 0.3653668 0.7054146
vt 0.3670599 0.6015369
vt 0.4237452 0.698057
vt 0.3670599 0.1125123
vt 0.3359044 0.06573494
vt 0.429371 0.1125123
vt 0.3982154 0.06573494
vt 0.429371 0.2643798
vt 0.429371 0.3456094
vt 0.4293709 0.5111142
vt 0.4916821 0.1125123
vt 0.4605266 0.06573494
vt 0.4916821 0.2643798
vt 0.429371 0.6015368
vt 0.4916821 0.6015368
vt 0.4916821 0.5111142
vt 0.4916821 0.3456094
vt 0.5539932 0.1125123
vt 0.5228376 0.06573494
vt 0.5539932 0.2643798
vt 0.5539932 0.5111142
vt 0.6163043 0.1125123
vt 0.5851487 0.06573494
vt 0.5539932 0.3456094
vt 0.6163043 0.2643798
vt 0.7409264 0.1125124
vt 0.7097708 0.06573494
vt 0.5539932 0.6015369
vt 0.6163043 0.5111142
vt 0.6163043 0.3456094
vt 0.7409264 0.3456094
vt 0.7409263 0.2643799
vt 0.4907653 0.6986128
vt 0.4130363 0.7410285
vt 0.3863703 0.8036424
vt 0.4851163 0.7292858
vt 0.4448997 0.7788906
vt 0.5551974 0.7019249
vt 0.6163043 0.6015368
vt 0.5526896 0.7477424
vt 0.5156517 0.7825856
vt 0.6165033 0.7069488
vt 0.7409264 0.5111142
vt 0.7409264 0.6015368
vt 0.6130988 0.7707552
vt 0.578032 0.8055403
vt 0.8655484 0.5111142
vt 0.7338758 0.7159017
vt 0.8655484 0.3456094
vt 0.7103498 0.8188789
vt 0.6392074 0.8106512
vt 0.8577105 0.7253823
vt 0.7477954 0.830155
vt 0.8632825 0.6730178
vt 0.8655484 0.6015368
vt 0.9278595 0.5111142
vt 0.9278595 0.6015369
vt 0.9217066 0.6857445
vt 0.9158449 0.7773428
vt 0.8850413 0.7746937
vt 0.9851753 0.6949295
vt 0.9792203 0.795224
vt 0.9464026 0.7864971
vt 0.9901706 0.601537
vt 0.9901706 0.5111142
vt 0.9278595 0.3456094
vt 0.9901706 0.3456094
vt 0.9901706 0.2643798
vt 0.9278595 0.2643797
vt 0.9901706 0.1125123
vt 0.8655484 0.2643797
vt 0.9278595 0.1125123
vt 0.959015 0.06573494
vt 0.8655484 0.1125123
vt 0.8343929 0.06573494
vt 0.896704 0.06573494
vt 0.3953846 0.01270331
vt 0.3901932 0.01270331
vt 0.3927889 0.01420192
vt 0.3927889 0.01719915
vt 0.3953846 0.01270331
vt 0.3901932 0.01270331
vt 0.3927889 0.01420192
vt 0.3927889 0.01719915
vt 0.3953846 0.01270331
vt 0.3901932 0.01270331
vt 0.3927889 0.01420192
vt 0.3927889 0.01719915
vt 0.3953846 0.01270331
vt 0.3901932 0.01270331
vt 0.3927889 0.01420192
vt 0.3927889 0.01719915
vt 0.3953846 0.01270331
vt 0.3901932 0.01270331
vt 0.3927889 0.01420192
vt 0.3927889 0.01719915
vt 0.3953846 0.01270331
vt 0.3901932 0.01270331
vt 0.3927889 0.01420192
vt 0.3927889 0.01719915
vt 0.3953846 0.01270331
vt 0.3901932 0.01270331
vt 0.3927889 0.01420192
vt 0.3927889 0.01719915
vt 0.3953846 0.01270331
vt 0.3901932 0.01270331
vt 0.3927889 0.01420192
vt 0.3927889 0.01719915
vt 0.3953846 0.01270331
vt 0.3901932 0.01270331
vt 0.3927889 0.01420192
vt 0.3927889 0.01719915
vt 0.3953846 0.01270331
vt 0.3901932 0.01270331
vt 0.3927889 0.01420192
vt 0.3927889 0.01719915
vt 0.3953846 0.01270331
vt 0.3901932 0.01270331
vt 0.3927889 0.01420192
vt 0.3927889 0.01719915
vt 0.3953846 0.01270331
vt 0.3901932 0.01270331
vt 0.3927889 0.01420192
vt 0.3927889 0.01719915
vt 0.3953846 0.01270331
vt 0.3901932 0.01270331
vt 0.3927889 0.01420192
vt 0.3927889 0.01719915
vt 0.3953846 0.01270331
vt 0.3901932 0.01270331
vt 0.3927889 0.01420192
vt 0.3927889 0.01719915
vt 0.3953846 0.01270331
vt 0.3901932 0.01270331
vt 0.3927889 0.01420192
vt 0.3927889 0.01719915
vt 0.3953846 0.01270331
vt 0.3901932 0.01270331
vt 0.3927889 0.01420192
vt 0.3927889 0.01719915
vt 0.3953846 0.01270331
vt 0.3901932 0.01270331
vt 0.3927889 0.01420192
vt 0.3927889 0.01719915
vt 0.3953846 0.01270331
vt 0.3901932 0.01270331
vt 0.3927889 0.01420192
vt 0.3927889 0.01719915
vt 0.3953846 0.01270331
vt 0.3901932 0.01270331
vt 0.3927889 0.01420192
vt 0.3927889 0.01719915
vt 0.3953846 0.01270331
vt 0.3901932 0.01270331
vt 0.3927889 0.01420192
vt 0.3927889 0.01719915
vt 0.3953846 0.01270331
vt 0.3901932 0.01270331
vt 0.3927889 0.01420192
vt 0.3927889 0.01719915
vt 0.3953846 0.01270331
vt 0.3901932 0.01270331
vt 0.3927889 0.01420192
vt 0.3927889 0.01719915
vt 0.3953846 0.01270331
vt 0.3901932 0.01270331
vt 0.3927889 0.01420192
vt 0.3927889 0.01719915
vt 0.3953846 0.01270331
vt 0.3901932 0.01270331
vt 0.3927889 0.01420192
vt 0.3927889 0.01719915
vt 0.3953846 0.01270331
vt 0.3901932 0.01270331
vt 0.3927889 0.01420192
vt 0.3927889 0.01719915
vt 0.3953846 0.01270331
vt 0.3901932 0.01270331
vt 0.3927889 0.01420192
vt 0.3927889 0.01719915
vt 0.3953846 0.01270331
vt 0.3901932 0.01270331
vt 0.3927889 0.01420192
vt 0.3927889 0.01719915
vt 0.3953846 0.01270331
vt 0.3901932 0.01270331
vt 0.3927889 0.01420192
vt 0.3927889 0.01719915
vt 0.3953846 0.01270331
vt 0.3901932 0.01270331
vt 0.3927889 0.01420192
vt 0.3927889 0.01719915
vt 0.3953846 0.01270331
vt 0.3901932 0.01270331
vt 0.3927889 0.01420192
vt 0.3927889 0.01719915
vt 0.3953846 0.01270331
vt 0.3901932 0.01270331
vt 0.3927889 0.01420192
vt 0.3927889 0.01719915
vt 0.3953846 0.01270331
vt 0.3901932 0.01270331
vt 0.3927889 0.01420192
vt 0.3927889 0.01719915
vt 0.3953846 0.01270331
vt 0.3901932 0.01270331
vt 0.3927889 0.01420192
vt 0.3927889 0.01719915
vt 0.3953846 0.01270331
vt 0.3901932 0.01270331
vt 0.3927889 0.01420192
vt 0.3927889 0.01719915
vt 0.3953846 0.01270331
vt 0.3901932 0.01270331
vt 0.3927889 0.01420192
vt 0.3927889 0.01719915
vt 0.3953846 0.01270331
vt 0.3901932 0.01270331
vt 0.3927889 0.01420192
vt 0.3927889 0.01719915
vt 0.3953846 0.01270331
vt 0.3901932 0.01270331
vt 0.3927889 0.01420192
vt 0.3927889 0.01719915
vt 0.3953846 0.01270331
vt 0.3901932 0.01270331
vt 0.3927889 0.01420192
vt 0.3927889 0.01719915
vt 0.3953846 0.01270331
vt 0.3901932 0.01270331
vt 0.3927889 0.01420192
vt 0.3927889 0.01719915
vt 0.3953846 0.01270331
vt 0.3901932 0.01270331
vt 0.3927889 0.01420192
vt 0.3927889 0.01719915
vt 0.3953846 0.01270331
vt 0.3901932 0.01270331
vt 0.3927889 0.01420192
vt 0.3927889 0.01719915
vt 0.3953846 0.01270331
vt 0.3901932 0.01270331
vt 0.3927889 0.01420192
vt 0.3927889 0.01719915
vt 0.3953846 0.01270331
vt 0.3901932 0.01270331
vt 0.3927889 0.01420192
vt 0.3927889 0.01719915
vt 0.3953846 0.01270331
vt 0.3901932 0.01270331
vt 0.3927889 0.01420192
vt 0.3927889 0.01719915
vt 0.3953846 0.01270331
vt 0.3901932 0.01270331
vt 0.3927889 0.01420192
vt 0.3927889 0.01719915
vt 0.3953846 0.01270331
vt 0.3901932 0.01270331
vt 0.3927889 0.01420192
vt 0.3927889 0.01719915
vt 0.3953846 0.01270331
vt 0.3901932 0.01270331
vt 0.3927889 0.01420192
vt 0.3927889 0.01719915
vt 0.3953846 0.01270331
vt 0.3901932 0.01270331
vt 0.3927889 0.01420192
vt 0.3927889 0.01719915
vt 0.3953846 0.01270331
vt 0.3901932 0.01270331
vt 0.3927889 0.01420192
vt 0.3927889 0.01719915
vt 0.3953846 0.01270331
vt 0.3901932 0.01270331
vt 0.3927889 0.01420192
vt 0.3927889 0.01719915
vt 0.3953846 0.01270331
vt 0.3901932 0.01270331
vt 0.3927889 0.01420192
vt 0.3927889 0.01719915
vt 0.3953846 0.01270331
vt 0.3901932 0.01270331
vt 0.3927889 0.01420192
vt 0.3927889 0.01719915
vt 0.3953846 0.01270331
vt 0.3901932 0.01270331
vt 0.3927889 0.01420192
vt 0.3927889 0.01719915
vt 0.3953846 0.01270331
vt 0.3901932 0.01270331
vt 0.3927889 0.01420192
vt 0.3927889 0.01719915
vt 0.3953846 0.01270331
vt 0.3901932 0.01270331
vt 0.3927889 0.01420192
vt 0.3927889 0.01719915
vt 0.3953846 0.01270331
vt 0.3901932 0.01270331
vt 0.3927889 0.01420192
vt 0.3927889 0.01719915
vt 0.3953846 0.01270331
vt 0.3901932 0.01270331
vt 0.3927889 0.01420192
vt 0.3927889 0.01719915
vt 0.3953846 0.01270331
vt 0.3901932 0.01270331
vt 0.3927889 0.01420192
vt 0.3927889 0.01719915
vt 0.3953846 0.01270331
vt 0.3901932 0.01270331
vt 0.3927889 0.01420192
vt 0.3927889 0.01719915
vt 0.3953846 0.01270331
vt 0.3901932 0.01270331
vt 0.3927889 0.01420192
vt 0.3927889 0.01719915
vt 0.3953846 0.01270331
vt 0.3901932 0.01270331
vt 0.3927889 0.01420192
vt 0.3927889 0.01719915
vt 0.3953846 0.01270331
vt 0.3901932 0.01270331
vt 0.3927889 0.01420192
vt 0.3927889 0.01719915
vt 0.3953846 0.01270331
vt 0.3901932 0.01270331
vt 0.3927889 0.01420192
vt 0.3927889 0.01719915
vt 0.3953846 0.01270331
vt 0.3901932 0.01270331
vt 0.3927889 0.01420192
vt 0.3927889 0.01719915
vt 0.3953846 0.01270331
vt 0.3901932 0.01270331
vt 0.3927889 0.01420192
vt 0.3927889 0.01719915
vt 0.3953846 0.01270331
vt 0.3901932 0.01270331
vt 0.3927889 0.01420192
vt 0.3927889 0.01719915
vt 0.3953846 0.01270331
vt 0.3901932 0.01270331
vt 0.3927889 0.01420192
vt 0.3927889 0.01719915
vt 0.3953846 0.01270331
vt 0.3901932 0.01270331
vt 0.3927889 0.01420192
vt 0.3927889 0.01719915
vt 0.3953846 0.01270331
vt 0.3901932 0.01270331
vt 0.3927889 0.01420192
vt 0.3927889 0.01719915
vt 0.3953846 0.01270331
vt 0.3901932 0.01270331
vt 0.3927889 0.01420192
vt 0.3927889 0.01719915
vt 0.3953846 0.01270331
vt 0.3901932 0.01270331
vt 0.3927889 0.01420192
vt 0.3927889 0.01719915
vt 0.3953846 0.01270331
vt 0.3901932 0.01270331
vt 0.3927889 0.01420192
vt 0.3927889 0.01719915
vt 0.3953846 0.01270331
vt 0.3901932 0.01270331
vt 0.3927889 0.01420192
vt 0.3927889 0.01719915
vt 0.3953846 0.01270331
vt 0.3901932 0.01270331
vt 0.3927889 0.01420192
vt 0.3927889 0.01719915
vt 0.3953846 0.01270331
vt 0.3901932 0.01270331
vt 0.3927889 0.01420192
vt 0.3927889 0.01719915
vt 0.3953846 0.01270331
vt 0.3901932 0.01270331
vt 0.3927889 0.01420192
vt 0.3927889 0.01719915
vt 0.3953846 0.01270331
vt 0.3901932 0.01270331
vt 0.3927889 0.01420192
vt 0.3927889 0.01719915
vt 0.3953846 0.01270331
vt 0.3901932 0.01270331
vt 0.3927889 0.01420192
vt 0.3927889 0.01719915
vt 0.3953846 0.01270331
vt 0.3901932 0.01270331
vt 0.3927889 0.01420192
vt 0.3927889 0.01719915
vt 0.3953846 0.01270331
vt 0.3901932 0.01270331
vt 0.3927889 0.01420192
vt 0.3927889 0.01719915
vt 0.3953846 0.01270331
vt 0.3901932 0.01270331
vt 0.3927889 0.01420192
vt 0.3927889 0.01719915
vt 0.3953846 0.01270331
vt 0.3901932 0.01270331
vt 0.3927889 0.01420192
vt 0.3927889 0.01719915
vt 0.3953846 0.01270331
vt 0.3901932 0.01270331
vt 0.3927889 0.01420192
vt 0.3927889 0.01719915
vt 0.3953846 0.01270331
vt 0.3901932 0.01270331
vt 0.3927889 0.01420192
vt 0.3927889 0.01719915
vt 0.3953846 0.01270331
vt 0.3901932 0.01270331
vt 0.3927889 0.01420192
vt 0.3927889 0.01719915
vt 0.3953846 0.01270331
vt 0.3901932 0.01270331
vt 0.3927889 0.01420192
vt 0.3927889 0.01719915
vt 0.3953846 0.01270331
vt 0.3901932 0.01270331
vt 0.3927889 0.01420192
vt 0.3927889 0.01719915
vt 0.3953846 0.01270331
vt 0.3901932 0.01270331
vt 0.3927889 0.01420192
vt 0.3927889 0.01719915
vt 0.3953846 0.01270331
vt 0.3901932 0.01270331
vt 0.3927889 0.01420192
vt 0.3927889 0.01719915
vt 0.3953846 0.01270331
vt 0.3901932 0.01270331
vt 0.3927889 0.01420192
vt 0.3927889 0.01719915
vt 0.3953846 0.01270331
vt 0.3901932 0.01270331
vt 0.3927889 0.01420192
vt 0.3927889 0.01719915
vt 0.3953846 0.01270331
vt 0.3901932 0.01270331
vt 0.3927889 0.01420192
vt 0.3927889 0.01719915
vt 0.3953846 0.01270331
vt 0.3901932 0.01270331
vt 0.3927889 0.01420192
vt 0.3927889 0.01719915
vt 0.3953846 0.01270331
vt 0.3901932 0.01270331
vt 0.3927889 0.01420192
vt 0.3927889 0.01719915
vt 0.3953846 0.01270331
vt 0.3901932 0.01270331
vt 0.3927889 0.01420192
vt 0.3927889 0.01719915
vt 0.3953846 0.01270331
vt 0.3901932 0.01270331
vt 0.3927889 0.01420192
vt 0.3927889 0.01719915
vt 0.3953846 0.01270331
vt 0.3901932 0.01270331
vt 0.3927889 0.01420192
vt 0.3927889 0.01719915
vt 0.3953846 0.01270331
vt 0.3901932 0.01270331
vt 0.3927889 0.01420192
vt 0.3927889 0.01719915
vt 0.3953846 0.01270331
vt 0.3901932 0.01270331
vt 0.3927889 0.01420192
vt 0.3927889 0.01719915
vt 0.3953846 0.01270331
vt 0.3901932 0.01270331
vt 0.3927889 0.01420192
vt 0.3927889 0.01719915
vt 0.3953846 0.01270331
vt 0.3901932 0.01270331
vt 0.3927889 0.01420192
vt 0.3927889 0.01719915
vt 0.3953846 0.01270331
vt 0.3901932 0.01270331
vt 0.3927889 0.01420192
vt 0.3927889 0.01719915
vt 0.3953846 0.01270331
vt 0.3901932 0.01270331
vt 0.3927889 0.01420192
vt 0.3927889 0.01719915
vt 0.3953846 0.01270331
vt 0.3901932 0.01270331
vt 0.3927889 0.01420192
vt 0.3927889 0.01719915
vt 0.3953846 0.01270331
vt 0.3901932 0.01270331
vt 0.3927889 0.01420192
vt 0.3927889 0.01719915
vt 0.3953846 0.01270331
vt 0.3901932 0.01270331
vt 0.3927889 0.01420192
vt 0.3927889 0.01719915
vt 0.3953846 0.01270331
vt 0.3901932 0.01270331
vt 0.3927889 0.01420192
vt 0.3927889 0.01719915
vt 0.3953846 0.01270331
vt 0.3901932 0.01270331
vt 0.3927889 0.01420192
vt 0.3927889 0.01719915
vt 0.3953846 0.01270331
vt 0.3901932 0.01270331
vt 0.3927889 0.01420192
vt 0.3927889 0.01719915
vt 0.3953846 0.01270331
vt 0.3901932 0.01270331
vt 0.3927889 0.01420192
vt 0.3927889 0.01719915
vt 0.3953846 0.01270331
vt 0.3901932 0.01270331
vt 0.3927889 0.01420192
vt 0.3927889 0.01719915
vt 0.3953846 0.01270331
vt 0.3901932 0.01270331
vt 0.3927889 0.01420192
vt 0.3927889 0.01719915
vt 0.3953846 0.01270331
vt 0.3901932 0.01270331
vt 0.3927889 0.01420192
vt 0.3927889 0.01719915
vt 0.3953846 0.01270331
vt 0.3901932 0.01270331
vt 0.3927889 0.01420192
vt 0.3927889 0.01719915
vt 0.3953846 0.01270331
vt 0.3901932 0.01270331
vt 0.3927889 0.01420192
vt 0.3927889 0.01719915
vt 0.3953846 0.01270331
vt 0.3901932 0.01270331
vt 0.3927889 0.01420192
vt 0.3927889 0.01719915
vt 0.3953846 0.01270331
vt 0.3901932 0.01270331
vt 0.3927889 0.01420192
vt 0.3927889 0.01719915
vt 0.3953846 0.01270331
vt 0.3901932 0.01270331
vt 0.3927889 0.01420192
vt 0.3927889 0.01719915
vt 0.3953846 0.01270331
vt 0.3901932 0.01270331
vt 0.3927889 0.01420192
vt 0.3927889 0.01719915
vt 0.3953846 0.01270331
vt 0.3901932 0.01270331
vt 0.3927889 0.01420192
vt 0.3927889 0.01719915
vt 0.3953846 0.01270331
vt 0.3901932 0.01270331
vt 0.3927889 0.01420192
vt 0.3927889 0.01719915
vt 0.3953846 0.01270331
vt 0.3901932 0.01270331
vt 0.3927889 0.01420192
vt 0.3927889 0.01719915
vt 0.3953846 0.01270331
vt 0.3901932 0.01270331
vt 0.3927889 0.01420192
vt 0.3927889 0.01719915
vt 0.3953846 0.01270331
vt 0.3901932 0.01270331
vt 0.3927889 0.01420192
vt 0.3927889 0.01719915
vt 0.3953846 0.01270331
vt 0.3901932 0.01270331
vt 0.3927889 0.01420192
vt 0.3927889 0.01719915
vt 0.3953846 0.01270331
vt 0.3901932 0.01270331
vt 0.3927889 0.01420192
vt 0.3927889 0.01719915
vt 0.3953846 0.01270331
vt 0.3901932 0.01270331
vt 0.3927889 0.01420192
vt 0.3927889 0.01719915
vt 0.3953846 0.01270331
vt 0.3901932 0.01270331
vt 0.3927889 0.01420192
vt 0.3927889 0.01719915
vt 0.3953846 0.01270331
vt 0.3901932 0.01270331
vt 0.3927889 0.01420192
vt 0.3927889 0.01719915
vt 0.3953846 0.01270331
vt 0.3901932 0.01270331
vt 0.3927889 0.01420192
vt 0.3927889 0.01719915
vt 0.3953846 0.01270331
vt 0.3901932 0.01270331
vt 0.3927889 0.01420192
vt 0.3927889 0.01719915
vt 0.3953846 0.01270331
vt 0.3901932 0.01270331
vt 0.3927889 0.01420192
vt 0.3927889 0.01719915
vt 0.3953846 0.01270331
vt 0.3901932 0.01270331
vt 0.3927889 0.01420192
vt 0.3927889 0.01719915
vt 0.3953846 0.01270331
vt 0.3901932 0.01270331
vt 0.3927889 0.01420192
vt 0.3927889 0.01719915
vt 0.3953846 0.01270331
vt 0.3901932 0.01270331
vt 0.3927889 0.01420192
vt 0.3927889 0.01719915
vt 0.3953846 0.01270331
vt 0.3901932 0.01270331
vt 0.3927889 0.01420192
vt 0.3927889 0.01719915
vt 0.3953846 0.01270331
vt 0.3901932 0.01270331
vt 0.3927889 0.01420192
vt 0.3927889 0.01719915
vt 0.3953846 0.01270331
vt 0.3901932 0.01270331
vt 0.3927889 0.01420192
vt 0.3927889 0.01719915
vt 0.3953846 0.01270331
vt 0.3901932 0.01270331
vt 0.3927889 0.01420192
vt 0.3927889 0.01719915
vt 0.3953846 0.01270331
vt 0.3901932 0.01270331
vt 0.3927889 0.01420192
vt 0.3927889 0.01719915
vt 0.3953846 0.01270331
vt 0.3901932 0.01270331
vt 0.3927889 0.01420192
vt 0.3927889 0.01719915
vt 0.3953846 0.01270331
vt 0.3901932 0.01270331
vt 0.3927889 0.01420192
vt 0.3927889 0.01719915
vt 0.3953846 0.01270331
vt 0.3901932 0.01270331
vt 0.3927889 0.01420192
vt 0.3927889 0.01719915
vt 0.3953846 0.01270331
vt 0.3901932 0.01270331
vt 0.3927889 0.01420192
vt 0.3927889 0.01719915
vt 0.3953846 0.01270331
vt 0.3901932 0.01270331
vt 0.3927889 0.01420192
vt 0.3927889 0.01719915
vt 0.3953846 0.01270331
vt 0.3901932 0.01270331
vt 0.3927889 0.01420192
vt 0.3927889 0.01719915
vt 0.3953846 0.01270331
vt 0.3901932 0.01270331
vt 0.3927889 0.01420192
vt 0.3927889 0.01719915
vt 0.3953846 0.01270331
vt 0.3901932 0.01270331
vt 0.3927889 0.01420192
vt 0.3927889 0.01719915
vt 0.3953846 0.01270331
vt 0.3901932 0.01270331
vt 0.3927889 0.01420192
vt 0.3927889 0.01719915
vt 0.3953846 0.01270331
vt 0.3901932 0.01270331
vt 0.3927889 0.01420192
vt 0.3927889 0.01719915
vt 0.3953846 0.01270331
vt 0.3901932 0.01270331
vt 0.3927889 0.01420192
vt 0.3927889 0.01719915
vt 0.3953846 0.01270331
vt 0.3901932 0.01270331
vt 0.3927889 0.01420192
vt 0.3927889 0.01719915
vt 0.3953846 0.01270331
vt 0.3901932 0.01270331
vt 0.3927889 0.01420192
vt 0.3927889 0.01719915
vt 0.3953846 0.01270331
vt 0.3901932 0.01270331
vt 0.3927889 0.01420192
vt 0.3927889 0.01719915
vt 0.3953846 0.01270331
vt 0.3901932 0.01270331
vt 0.3927889 0.01420192
vt 0.3927889 0.01719915
vt 0.3953846 0.01270331
vt 0.3901932 0.01270331
vt 0.3927889 0.01420192
vt 0.3927889 0.01719915
vt 0.3953846 0.01270331
vt 0.3901932 0.01270331
vt 0.3927889 0.01420192
vt 0.3927889 0.01719915
usemtl M_CactusPricklyPear
f 1/1/1 3/3/3 2/2/2
f 3/3/3 4/4/4 2/2/2
f 3/3/3 5/5/5 4/4/4
f 6/6/6 5/5/5 3/3/3
f 7/7/7 6/6/6 3/3/3
f 2/2/2 4/4/4 8/8/8
f 2/2/2 8/8/8 9/9/9
f 10/10/10 2/2/2 9/9/9
f 5/5/5 11/11/11 4/4/4
f 4/4/4 12/12/12 8/8/8
f 4/4/4 11/11/11 12/12/12
f 6/6/6 13/13/13 5/5/5
f 5/5/5 14/14/14 11/11/11
f 13/13/13 14/14/14 5/5/5
f 15/15/15 13/13/13 6/6/6
f 16/16/16 15/15/15 6/6/6
f 9/9/9 8/8/8 17/17/17
f 8/8/8 12/12/12 18/18/18
f 8/8/8 18/18/18 17/17/17
f 9/9/9 17/17/17 19/19/19
f 20/20/20 9/9/9 19/19/19
f 11/11/11 21/21/21 12/12/12
f 14/14/14 22/22/22 11/11/11
f 11/11/11 22/22/22 21/21/21
f 12/12/12 23/23/23 18/18/18
f 12/12/12 21/21/21 23/23/23
f 15/15/15 24/24/24 13/13/13
f 13/13/13 25/25/25 14/14/14
f 24/24/24 25/25/25 13/13/13
f 14/14/14 26/26/26 22/22/22
f 25/25/25 26/26/26 14/14/14
f 27/27/27 24/24/24 15/15/15
f 28/28/28 27/27/27 15/15/15
f 22/22/22 29/29/29 21/21/21
f 21/21/21 30/30/30 23/23/23
f 21/21/21 29/29/29 30/30/30
f 26/26/26 31/31/31 22/22/22
f 22/22/22 31/31/31 29/29/29
f 18/18/18 23/23/23 32/32/32
f 23/23/23 30/30/30 33/33/33
f 23/23/23 33/33/33 32/32/32
f 18/18/18 32/32/32 34/34/34
f 17/17/17 18/18/18 34/34/34
f 17/17/17 34/34/34 35/35/35
f 19/19/19 17/17/17 35/35/35
f 19/19/19 35/35/35 36/36/36
f 37/37/37 19/19/19 36/36/36
f 29/29/29 38/38/38 30/30/30
f 31/31/31 39/39/39 29/29/29
f 29/29/29 39/39/39 38/38/38
f 30/30/30 40/40/40 33/33/33
f 30/30/30 38/38/38 40/40/40
f 32/32/32 33/33/33 41/41/41
f 34/34/34 32/32/32 42/42/42
f 32/32/32 41/41/41 42/42/42
f 35/35/35 34/34/34 43/43/43
f 34/34/34 42/42/42 43/43/43
f 36/36/36 35/35/35 44/44/44
f 35/35/35 43/43/43 44/44/44
f 33/33/33 40/40/40 45/45/45
f 33/33/33 45/45/45 41/41/41
f 36/36/36 44/44/44 46/46/46
f 47/47/47 36/36/36 46/46/46
f 38/38/38 48/48/48 40/40/40
f 40/40/40 49/49/49 45/45/45
f 40/40/40 48/48/48 49/49/49
f 38/38/38 50/50/50 48/48/48
f 39/39/39 50/50/50 38/38/38
f 42/42/42 41/41/41 51/51/51
f 43/43/43 42/42/42 52/52/52
f 42/42/42 51/51/51 52/52/52
f 44/44/44 43/43/43 53/53/53
f 43/43/43 52/52/52 53/53/53
f 46/46/46 44/44/44 54/54/54
f 44/44/44 53/53/53 54/54/54
f 41/41/41 45/45/45 55/55/55
f 41/41/41 55/55/55 51/51/51
f 45/45/45 49/49/49 56/56/56
f 45/45/45 56/56/56 55/55/55
f 46/46/46 54/54/54 57/57/57
f 58/58/58 46/46/46 57/57/57
f 53/53/53 52/52/52 59/59/59
f 52/52/52 51/51/51 60/60/60
f 52/52/52 60/60/60 59/59/59
f 51/51/51 55/55/55 61/61/61
f 51/51/51 61/61/61 60/60/60
f 54/54/54 53/53/53 62/62/62
f 53/53/53 59/59/59 62/62/62
f 57/57/57 54/54/54 63/63/63
f 54/54/54 62/62/62 63/63/63
f 55/55/55 56/56/56 64/64/64
f 55/55/55 64/64/64 61/61/61
f 57/57/57 63/63/63 65/65/65
f 66/66/66 57/57/57 65/65/65
f 60/60/60 61/61/61 67/67/67
f 59/59/59 60/60/60 68/68/68
f 60/60/60 67/67/67 68/68/68
f 62/62/62 59/59/59 69/69/69
f 59/59/59 68/68/68 69/69/69
f 63/63/63 62/62/62 70/70/70
f 62/62/62 69/69/69 70/70/70
f 65/65/65 63/63/63 71/71/71
f 63/63/63 70/70/70 71/71/71
f 61/61/61 64/64/64 72/72/72
f 61/61/61 72/72/72 67/67/67
f 65/65/65 71/71/71 73/73/73
f 74/74/74 65/65/65 73/73/73
f 69/69/69 68/68/68 75/75/75
f 70/70/70 69/69/69 76/76/76
f 69/69/69 75/75/75 76/76/76
f 68/68/68 67/67/67 77/77/77
f 68/68/68 77/77/77 75/75/75
f 71/71/71 70/70/70 78/78/78
f 70/70/70 76/76/76 78/78/78
f 73/73/73 71/71/71 79/79/79
f 71/71/71 78/78/78 79/79/79
f 67/67/67 72/72/72 80/80/80
f 67/67/67 80/80/80 77/77/77
f 73/73/73 79/79/79 81/81/81
f 82/82/82 73/73/73 81/81/81
f 75/75/75 77/77/77 83/83/83
f 76/76/76 75/75/75 84/84/84
f 75/75/75 83/83/83 84/84/84
f 78/78/78 76/76/76 85/85/85
f 76/76/76 84/84/84 85/85/85
f 79/79/79 78/78/78 86/86/86
f 78/78/78 85/85/85 86/86/86
f 81/81/81 79/79/79 87/87/87
f 79/79/79 86/86/86 87/87/87
f 77/77/77 80/80/80 88/88/88
f 77/77/77 88/88/88 83/83/83
f 81/81/81 87/87/87 89/89/89
f 90/90/90 81/81/81 89/89/89
f 84/84/84 83/83/83 91/91/91
f 85/85/85 84/84/84 92/92/92
f 84/84/84 91/91/91 92/92/92
f 86/86/86 85/85/85 93/93/93
f 85/85/85 92/92/92 93/93/93
f 87/87/87 86/86/86 94/94/94
f 86/86/86 93/93/93 94/94/94
f 89/89/89 87/87/87 95/95/95
f 87/87/87 94/94/94 95/95/95
f 83/83/83 88/88/88 96/96/96
f 83/83/83 96/96/96 91/91/91
f 89/89/89 95/95/95 97/97/97
f 98/98/98 89/89/89 97/97/97
f 92/92/92 91/91/91 99/99/99
f 92/92/92 99/99/99 100/100/100
f 93/93/93 92/92/92 100/100/100
f 91/91/91 101/101/101 99/99/99
f 91/91/91 96/96/96 101/101/101
f 93/93/93 100/100/100 102/102/102
f 94/94/94 93/93/93 102/102/102
f 94/94/94 102/102/102 103/103/103
f 95/95/95 94/94/94 103/103/103
f 95/95/95 103/103/103 104/104/104
f 97/97/97 95/95/95 104/104/104
f 97/97/97 104/104/104 105/105/105
f 106/106/106 97/97/97 105/105/105
f 96/96/96 107/107/107 101/101/101
f 96/96/96 108/108/108 107/107/107
f 88/88/88 108/108/108 96/96/96
f 108/108/108 109/109/109 107/107/107
f 88/88/88 110/110/110 108/108/108
f 80/80/80 110/110/110 88/88/88
f 108/108/108 111/111/111 109/109/109
f 110/110/110 111/111/111 108/108/108
f 111/111/111 112/112/112 109/109/109
f 80/80/80 113/113/113 110/110/110
f 72/72/72 113/113/113 80/80/80
f 110/110/110 114/114/114 111/111/111
f 113/113/113 114/114/114 110/110/110
f 114/114/114 115/115/115 111/111/111
f 72/72/72 116/116/116 113/113/113
f 64/64/64 116/116/116 72/72/72
f 113/113/113 117/117/117 114/114/114
f 116/116/116 117/117/117 113/113/113
f 117/117/117 118/118/118 114/114/114
f 64/64/64 119/119/119 116/116/116
f 56/56/56 119/119/119 64/64/64
f 116/116/116 120/120/120 117/117/117
f 119/119/119 120/120/120 116/116/116
f 120/120/120 121/121/121 117/117/117
f 56/56/56 122/122/122 119/119/119
f 49/49/49 122/122/122 56/56/56
f 119/119/119 123/123/123 120/120/120
f 122/122/122 123/123/123 119/119/119
f 123/123/123 124/124/124 120/120/120
f 49/49/49 125/125/125 122/122/122
f 48/48/48 125/125/125 49/49/49
f 122/122/122 126/126/126 123/123/123
f 125/125/125 126/126/126 122/122/122
f 126/126/126 127/127/127 123/123/123
f 48/48/48 128/128/128 125/125/125
f 50/50/50 128/128/128 48/48/48
f 125/125/125 129/129/129 126/126/126
f 128/128/128 129/129/129 125/125/125
f 129/129/129 130/130/130 126/126/126
f 128/128/128 131/131/131 129/129/129
f 131/131/131 132/132/132 129/129/129
f 50/50/50 133/133/133 128/128/128
f 133/133/133 131/131/131 128/128/128
f 134/134/134 133/133/133 50/50/50
f 39/39/39 134/134/134 50/50/50
f 133/133/133 135/135/135 131/131/131
f 135/135/135 136/136/136 131/131/131
f 137/137/137 135/135/135 133/133/133
f 134/134/134 137/137/137 133/133/133
f 138/138/138 134/134/134 39/39/39
f 31/31/31 138/138/138 39/39/39
f 137/137/137 139/139/139 135/135/135
f 139/139/139 140/140/140 135/135/135
f 141/141/141 137/137/137 134/134/134
f 138/138/138 141/141/141 134/134/134
f 142/142/142 138/138/138 31/31/31
f 26/26/26 142/142/142 31/31/31
f 143/143/143 139/139/139 137/137/137
f 141/141/141 143/143/143 137/137/137
f 144/144/144 141/141/141 138/138/138
f 142/142/142 144/144/144 138/138/138
f 145/145/145 142/142/142 26/26/26
f 25/25/25 145/145/145 26/26/26
f 143/143/143 146/146/146 139/139/139
f 146/146/146 147/147/147 139/139/139
f 148/148/148 143/143/143 141/141/141
f 144/144/144 148/148/148 141/141/141
f 149/149/149 144/144/144 142/142/142
f 145/145/145 149/149/149 142/142/142
f 150/150/150 145/145/145 25/25/25
f 24/24/24 150/150/150 25/25/25
f 151/151/151 146/146/146 143/143/143
f 148/148/148 151/151/151 143/143/143
f 152/152/152 148/148/148 144/144/144
f 149/149/149 152/152/152 144/144/144
f 153/153/153 149/149/149 145/145/145
f 150/150/150 153/153/153 145/145/145
f 154/154/154 150/150/150 24/24/24
f 27/27/27 154/154/154 24/24/24
f 155/155/155 154/154/154 27/27/27
f 156/156/156 155/155/155 27/27/27
f 155/155/155 157/157/157 154/154/154
f 154/154/154 158/158/158 150/150/150
f 157/157/157 158/158/158 154/154/154
f 158/158/158 153/153/153 150/150/150
f 157/157/157 159/159/159 158/158/158
f 159/159/159 160/160/160 158/158/158
f 158/158/158 160/160/160 153/153/153
f 159/159/159 161/161/161 160/160/160
f 153/153/153 162/162/162 149/149/149
f 160/160/160 162/162/162 153/153/153
f 162/162/162 152/152/152 149/149/149
f 161/161/161 163/163/163 160/160/160
f 160/160/160 163/163/163 162/162/162
f 161/161/161 164/164/164 163/163/163
f 162/162/162 165/165/165 152/152/152
f 163/163/163 165/165/165 162/162/162
f 164/164/164 166/166/166 163/163/163
f 163/163/163 166/166/166 165/165/165
f 164/164/164 167/167/167 166/166/166
f 165/165/165 168/168/168 152/152/152
f 152/152/152 168/168/168 148/148/148
f 168/168/168 151/151/151 148/148/148
f 167/167/167 169/169/169 166/166/166
f 167/167/167 170/170/170 169/169/169
f 166/166/166 171/171/171 165/165/165
f 165/165/165 171/171/171 168/168/168
f 166/166/166 169/169/169 171/171/171
f 168/168/168 172/172/172 151/151/151
f 171/171/171 172/172/172 168/168/168
f 170/170/170 173/173/173 169/169/169
f 170/170/170 174/174/174 173/173/173
f 169/169/169 175/175/175 171/171/171
f 171/171/171 175/175/175 172/172/172
f 169/169/169 173/173/173 175/175/175
f 172/172/172 176/176/176 151/151/151
f 151/151/151 176/176/176 146/146/146
f 176/176/176 177/177/177 146/146/146
f 172/172/172 178/178/178 176/176/176
f 175/175/175 178/178/178 172/172/172
f 178/178/178 179/179/179 176/176/176
f 175/175/175 180/180/180 178/178/178
f 173/173/173 180/180/180 175/175/175
f 180/180/180 181/181/181 178/178/178
f 174/174/174 182/182/182 173/173/173
f 173/173/173 182/182/182 180/180/180
f 182/182/182 183/183/183 180/180/180
f 174/174/174 184/184/184 182/182/182
f 184/184/184 185/185/185 182/182/182
f 186/186/186 188/188/188 187/187/187
f 187/187/187 188/188/188 189/189/189
f 188/188/188 190/190/190 189/189/189
f 189/189/189 190/190/190 191/191/191
f 188/188/188 192/192/192 190/190/190
f 193/193/193 192/192/192 188/188/188
f 190/190/190 192/192/192 194/194/194
f 192/192/192 195/195/195 194/194/194
f 190/190/190 194/194/194 196/196/196
f 191/191/191 190/190/190 196/196/196
f 196/196/196 194/194/194 197/197/197
f 194/194/194 198/198/198 197/197/197
f 196/196/196 197/197/197 199/199/199
f 196/196/196 199/199/199 200/200/200
f 196/196/196 200/200/200 201/201/201
f 191/191/191 196/196/196 201/201/201
f 202/202/202 201/201/201 200/200/200
f 191/191/191 201/201/201 202/202/202
f 202/202/202 200/200/200 203/203/203
f 204/204/204 202/202/202 203/203/203
f 204/204/204 203/203/203 205/205/205
f 206/206/206 204/204/204 205/205/205
f 206/206/206 205/205/205 207/207/207
f 208/208/208 206/206/206 207/207/207
f 208/208/208 207/207/207 209/209/209
f 210/210/210 208/208/208 209/209/209
f 211/211/211 206/206/206 208/208/208
f 212/212/212 211/211/211 208/208/208
f 213/213/213 204/204/204 206/206/206
f 211/211/211 213/213/213 206/206/206
f 214/214/214 202/202/202 204/204/204
f 213/213/213 214/214/214 204/204/204
f 214/214/214 215/215/215 202/202/202
f 191/191/191 202/202/202 215/215/215
f 216/216/216 214/214/214 213/213/213
f 215/215/215 214/214/214 216/216/216
f 217/217/217 213/213/213 211/211/211
f 216/216/216 213/213/213 217/217/217
f 191/191/191 215/215/215 218/218/218
f 215/215/215 216/216/216 218/218/218
f 217/217/217 211/211/211 219/219/219
f 219/219/219 211/211/211 220/220/220
f 221/221/221 216/216/216 217/217/217
f 218/218/218 216/216/216 221/221/221
f 191/191/191 218/218/218 222/222/222
f 189/189/189 191/191/191 222/222/222
f 223/223/223 217/217/217 219/219/219
f 221/221/221 217/217/217 223/223/223
f 224/224/224 222/222/222 218/218/218
f 218/218/218 221/221/221 224/224/224
f 225/225/225 189/189/189 222/222/222
f 187/187/187 189/189/189 225/225/225
f 225/225/225 222/222/222 226/226/226
f 224/224/224 226/226/226 222/222/222
f 227/227/227 187/187/187 225/225/225
f 227/227/227 225/225/225 226/226/226
f 223/223/223 219/219/219 228/228/228
f 228/228/228 219/219/219 229/229/229
f 230/230/230 223/223/223 228/228/228
f 231/231/231 230/230/230 228/228/228
f 232/232/232 221/221/221 223/223/223
f 230/230/230 232/232/232 223/223/223
f 233/233/233 224/224/224 221/221/221
f 232/232/232 233/233/233 221/221/221
f 234/234/234 226/226/226 224/224/224
f 233/233/233 234/234/234 224/224/224
f 235/235/235 232/232/232 230/230/230
f 236/236/236 235/235/235 230/230/230
f 235/235/235 237/237/237 232/232/232
f 237/237/237 233/233/233 232/232/232
f 234/234/234 238/238/238 226/226/226
f 227/227/227 226/226/226 238/238/238
f 239/239/239 238/238/238 234/234/234
f 239/239/239 227/227/227 238/238/238
f 240/240/240 234/234/234 233/233/233
f 239/239/239 234/234/234 240/240/240
f 240/240/240 233/233/233 241/241/241
f 237/237/237 241/241/241 233/233/233
f 242/242/242 237/237/237 235/235/235
f 243/243/243 242/242/242 235/235/235
f 242/242/242 244/244/244 237/237/237
f 244/244/244 241/241/241 237/237/237
f 245/245/245 240/240/240 241/241/241
f 245/245/245 239/239/239 240/240/240
f 246/246/246 244/244/244 242/242/242
f 247/247/247 246/246/246 242/242/242
f 244/244/244 248/248/248 241/241/241
f 245/245/245 241/241/241 248/248/248
f 246/246/246 249/249/249 244/244/244
f 249/249/249 248/248/248 244/244/244
f 249/249/249 246/246/246 250/250/250
f 250/250/250 246/246/246 251/251/251
f 245/245/245 252/252/252 239/239/239
f 253/253/253 245/245/245 248/248/248
f 253/253/253 252/252/252 245/245/245
f 249/249/249 254/254/254 248/248/248
f 253/253/253 248/248/248 254/254/254
f 255/255/255 254/254/254 249/249/249
f 253/253/253 254/254/254 255/255/255
f 249/249/249 250/250/250 256/256/256
f 255/255/255 249/249/249 256/256/256
f 252/252/252 257/257/257 239/239/239
f 239/239/239 257/257/257 227/227/227
f 257/257/257 258/258/258 227/227/227
f 227/227/227 258/258/258 187/187/187
f 258/258/258 259/259/259 187/187/187
f 257/257/257 260/260/260 258/258/258
f 260/260/260 261/261/261 258/258/258
f 252/252/252 262/262/262 257/257/257
f 262/262/262 260/260/260 257/257/257
f 253/253/253 263/263/263 252/252/252
f 263/263/263 262/262/262 252/252/252
f 262/262/262 264/264/264 260/260/260
f 264/264/264 265/265/265 260/260/260
f 266/266/266 264/264/264 262/262/262
f 263/263/263 266/266/266 262/262/262
f 267/267/267 263/263/263 253/253/253
f 253/253/253 255/255/255 267/267/267
f 267/267/267 268/268/268 263/263/263
f 268/268/268 266/266/266 263/263/263
f 266/266/266 269/269/269 264/264/264
f 269/269/269 270/270/270 264/264/264
f 255/255/255 271/271/271 267/267/267
f 268/268/268 267/267/267 271/271/271
f 269/269/269 266/266/266 272/272/272
f 268/268/268 272/272/272 266/266/266
f 255/255/255 273/273/273 271/271/271
f 273/273/273 255/255/255 256/256/256
f 269/269/269 272/272/272 274/274/274
f 275/275/275 269/269/269 274/274/274
f 276/276/276 274/274/274 272/272/272
f 277/277/277 274/274/274 276/276/276
f 278/278/278 272/272/272 268/268/268
f 276/276/276 272/272/272 278/278/278
f 268/268/268 271/271/271 279/279/279
f 278/278/278 268/268/268 279/279/279
f 280/280/280 279/279/279 271/271/271
f 280/280/280 271/271/271 273/273/273
f 281/281/281 278/278/278 279/279/279
f 280/280/280 281/281/281 279/279/279
f 282/282/282 276/276/276 278/278/278
f 281/281/281 282/282/282 278/278/278
f 282/282/282 283/283/283 276/276/276
f 283/283/283 284/284/284 276/276/276
f 285/285/285 283/283/283 282/282/282
f 285/285/285 282/282/282 281/281/281
f 285/285/285 286/286/286 283/283/283
f 286/286/286 287/287/287 283/283/283
f 285/285/285 281/281/281 288/288/288
f 289/289/289 288/288/288 281/281/281
f 289/289/289 281/281/281 280/280/280
f 289/289/289 280/280/280 290/290/290
f 280/280/280 273/273/273 290/290/290
f 289/289/289 290/290/290 291/291/291
f 292/292/292 291/291/291 290/290/290
f 292/292/292 290/290/290 293/293/293
f 293/293/293 290/290/290 273/273/273
f 294/294/294 292/292/292 293/293/293
f 293/293/293 273/273/273 295/295/295
f 273/273/273 256/256/256 295/295/295
f 295/295/295 256/256/256 250/250/250
f 294/294/294 293/293/293 296/296/296
f 296/296/296 293/293/293 295/295/295
f 297/297/297 294/294/294 296/296/296
f 295/295/295 250/250/250 298/298/298
f 296/296/296 295/295/295 298/298/298
f 298/298/298 250/250/250 299/299/299
f 300/300/300 296/296/296 298/298/298
f 301/301/301 303/303/303 302/302/302
f 302/302/302 303/303/303 304/304/304
f 303/303/303 305/305/305 304/304/304
f 304/304/304 305/305/305 306/306/306
f 303/303/303 307/307/307 305/305/305
f 308/308/308 307/307/307 303/303/303
f 305/305/305 307/307/307 309/309/309
f 307/307/307 310/310/310 309/309/309
f 305/305/305 309/309/309 311/311/311
f 306/306/306 305/305/305 311/311/311
f 311/311/311 309/309/309 312/312/312
f 309/309/309 313/313/313 312/312/312
f 311/311/311 312/312/312 314/314/314
f 311/311/311 314/314/314 315/315/315
f 311/311/311 315/315/315 316/316/316
f 306/306/306 311/311/311 316/316/316
f 317/317/317 316/316/316 315/315/315
f 306/306/306 316/316/316 317/317/317
f 317/317/317 315/315/315 318/318/318
f 319/319/319 317/317/317 318/318/318
f 319/319/319 318/318/318 320/320/320
f 321/321/321 319/319/319 320/320/320
f 321/321/321 320/320/320 322/322/322
f 323/323/323 321/321/321 322/322/322
f 323/323/323 322/322/322 324/324/324
f 325/325/325 323/323/323 324/324/324
f 326/326/326 321/321/321 323/323/323
f 327/327/327 326/326/326 323/323/323
f 328/328/328 319/319/319 321/321/321
f 326/326/326 328/328/328 321/321/321
f 329/329/329 317/317/317 319/319/319
f 328/328/328 329/329/329 319/319/319
f 329/329/329 330/330/330 317/317/317
f 306/306/306 317/317/317 330/330/330
f 331/331/331 329/329/329 328/328/328
f 330/330/330 329/329/329 331/331/331
f 332/332/332 328/328/328 326/326/326
f 331/331/331 328/328/328 332/332/332
f 306/306/306 330/330/330 333/333/333
f 330/330/330 331/331/331 333/333/333
f 332/332/332 326/326/326 334/334/334
f 334/334/334 326/326/326 335/335/335
f 336/336/336 331/331/331 332/332/332
f 333/333/333 331/331/331 336/336/336
f 306/306/306 333/333/333 337/337/337
f 304/304/304 306/306/306 337/337/337
f 338/338/338 332/332/332 334/334/334
f 336/336/336 332/332/332 338/338/338
f 339/339/339 337/337/337 333/333/333
f 333/333/333 336/336/336 339/339/339
f 340/340/340 304/304/304 337/337/337
f 302/302/302 304/304/304 340/340/340
f 340/340/340 337/337/337 341/341/341
f 339/339/339 341/341/341 337/337/337
f 342/342/342 302/302/302 340/340/340
f 342/342/342 340/340/340 341/341/341
f 338/338/338 334/334/334 343/343/343
f 343/343/343 334/334/334 344/344/344
f 345/345/345 338/338/338 343/343/343
f 346/346/346 345/345/345 343/343/343
f 347/347/347 336/336/336 338/338/338
f 345/345/345 347/347/347 338/338/338
f 348/348/348 339/339/339 336/336/336
f 347/347/347 348/348/348 336/336/336
f 349/349/349 341/341/341 339/339/339
f 348/348/348 349/349/349 339/339/339
f 350/350/350 347/347/347 345/345/345
f 351/351/351 350/350/350 345/345/345
f 350/350/350 352/352/352 347/347/347
f 352/352/352 348/348/348 347/347/347
f 349/349/349 353/353/353 341/341/341
f 342/342/342 341/341/341 353/353/353
f 354/354/354 353/353/353 349/349/349
f 354/354/354 342/342/342 353/353/353
f 355/355/355 349/349/349 348/348/348
f 354/354/354 349/349/349 355/355/355
f 355/355/355 348/348/348 356/356/356
f 352/352/352 356/356/356 348/348/348
f 357/357/357 352/352/352 350/350/350
f 358/358/358 357/357/357 350/350/350
f 357/357/357 359/359/359 352/352/352
f 359/359/359 356/356/356 352/352/352
f 360/360/360 355/355/355 356/356/356
f 360/360/360 354/354/354 355/355/355
f 361/361/361 359/359/359 357/357/357
f 362/362/362 361/361/361 357/357/357
f 359/359/359 363/363/363 356/356/356
f 360/360/360 356/356/356 363/363/363
f 361/361/361 364/364/364 359/359/359
f 364/364/364 363/363/363 359/359/359
f 364/364/364 361/361/361 365/365/365
f 365/365/365 361/361/361 366/366/366
f 360/360/360 367/367/367 354/354/354
f 368/368/368 360/360/360 363/363/363
f 368/368/368 367/367/367 360/360/360
f 364/364/364 369/369/369 363/363/363
f 368/368/368 363/363/363 369/369/369
f 370/370/370 369/369/369 364/364/364
f 368/368/368 369/369/369 370/370/370
f 364/364/364 365/365/365 371/371/371
f 370/370/370 364/364/364 371/371/371
f 367/367/367 372/372/372 354/354/354
f 354/354/354 372/372/372 342/342/342
f 372/372/372 373/373/373 342/342/342
f 342/342/342 373/373/373 302/302/302
f 373/373/373 374/374/374 302/302/302
f 372/372/372 375/375/375 373/373/373
f 375/375/375 376/376/376 373/373/373
f 367/367/367 377/377/377 372/372/372
f 377/377/377 375/375/375 372/372/372
f 368/368/368 378/378/378 367/367/367
f 378/378/378 377/377/377 367/367/367
f 377/377/377 379/379/379 375/375/375
f 379/379/379 380/380/380 375/375/375
f 381/381/381 379/379/379 377/377/377
f 378/378/378 381/381/381 377/377/377
f 382/382/382 378/378/378 368/368/368
f 368/368/368 370/370/370 382/382/382
f 382/382/382 383/383/383 378/378/378
f 383/383/383 381/381/381 378/378/378
f 381/381/381 384/384/384 379/379/379
f 384/384/384 385/385/385 379/379/379
f 370/370/370 386/386/386 382/382/382
f 383/383/383 382/382/382 386/386/386
f 384/384/384 381/381/381 387/387/387
f 383/383/383 387/387/387 381/381/381
f 370/370/370 388/388/388 386/386/386
f 388/388/388 370/370/370 371/371/371
f 384/384/384 387/387/387 389/389/389
f 390/390/390 384/384/384 389/389/389
f 391/391/391 389/389/389 387/387/387
f 392/392/392 389/389/389 391/391/391
f 393/393/393 387/387/387 383/383/383
f 391/391/391 387/387/387 393/393/393
f 383/383/383 386/386/386 394/394/394
f 393/393/393 383/383/383 394/394/394
f 395/395/395 394/394/394 386/386/386
f 395/395/395 386/386/386 388/388/388
f 396/396/396 393/393/393 394/394/394
f 395/395/395 396/396/396 394/394/394
f 397/397/397 391/391/391 393/393/393
f 396/396/396 397/397/397 393/393/393
f 397/397/397 398/398/398 391/391/391
f 398/398/398 399/399/399 391/391/391
f 400/400/400 398/398/398 397/397/397
f 400/400/400 397/397/397 396/396/396
f 400/400/400 401/401/401 398/398/398
f 401/401/401 402/402/402 398/398/398
f 400/400/400 396/396/396 403/403/403
f 404/404/404 403/403/403 396/396/396
f 404/404/404 396/396/396 395/395/395
f 404/404/404 395/395/395 405/405/405
f 395/395/395 388/388/388 405/405/405
f 404/404/404 405/405/405 406/406/406
f 407/407/407 406/406/406 405/405/405
f 407/407/407 405/405/405 408/408/408
f 408/408/408 405/405/405 388/388/388
f 409/409/409 407/407/407 408/408/408
f 408/408/408 388/388/388 410/410/410
f 388/388/388 371/371/371 410/410/410
f 410/410/410 371/371/371 365/365/365
f 409/409/409 408/408/408 411/411/411
f 411/411/411 408/408/408 410/410/410
f 412/412/412 409/409/409 411/411/411
f 410/410/410 365/365/365 413/413/413
f 411/411/411 410/410/410 413/413/413
f 413/413/413 365/365/365 414/414/414
f 415/415/415 411/411/411 413/413/413
f 416/416/416 418/418/418 417/417/417
f 417/417/417 418/418/418 419/419/419
f 418/418/418 420/420/420 419/419/419
f 419/419/419 420/420/420 421/421/421
f 418/418/418 422/422/422 420/420/420
f 423/423/423 422/422/422 418/418/418
f 420/420/420 422/422/422 424/424/424
f 422/422/422 425/425/425 424/424/424
f 420/420/420 424/424/424 426/426/426
f 421/421/421 420/420/420 426/426/426
f 426/426/426 424/424/424 427/427/427
f 424/424/424 428/428/428 427/427/427
f 426/426/426 427/427/427 429/429/429
f 426/426/426 429/429/429 430/430/430
f 426/426/426 430/430/430 431/431/431
f 421/421/421 426/426/426 431/431/431
f 432/432/432 431/431/431 430/430/430
f 421/421/421 431/431/431 432/432/432
f 432/432/432 430/430/430 433/433/433
f 434/434/434 432/432/432 433/433/433
f 434/434/434 433/433/433 435/435/435
f 436/436/436 434/434/434 435/435/435
f 436/436/436 435/435/435 437/437/437
f 438/438/438 436/436/436 437/437/437
f 438/438/438 437/437/437 439/439/439
f 440/440/440 438/438/438 439/439/439
f 441/441/441 436/436/436 438/438/438
f 442/442/442 441/441/441 438/438/438
f 443/443/443 434/434/434 436/436/436
f 441/441/441 443/443/443 436/436/436
f 444/444/444 432/432/432 434/434/434
f 443/443/443 444/444/444 434/434/434
f 444/444/444 445/445/445 432/432/432
f 421/421/421 432/432/432 445/445/445
f 446/446/446 444/444/444 443/443/443
f 445/445/445 444/444/444 446/446/446
f 447/447/447 443/443/443 441/441/441
f 446/446/446 443/443/443 447/447/447
f 421/421/421 445/445/445 448/448/448
f 445/445/445 446/446/446 448/448/448
f 447/447/447 441/441/441 449/449/449
f 449/449/449 441/441/441 450/450/450
f 451/451/451 446/446/446 447/447/447
f 448/448/448 446/446/446 451/451/451
f 421/421/421 448/448/448 452/452/452
f 419/419/419 421/421/421 452/452/452
f 453/453/453 447/447/447 449/449/449
f 451/451/451 447/447/447 453/453/453
f 454/454/454 452/452/452 448/448/448
f 448/448/448 451/451/451 454/454/454
f 455/455/455 419/419/419 452/452/452
f 417/417/417 419/419/419 455/455/455
f 455/455/455 452/452/452 456/456/456
f 454/454/454 456/456/456 452/452/452
f 457/457/457 417/417/417 455/455/455
f 457/457/457 455/455/455 456/456/456
f 453/453/453 449/449/449 458/458/458
f 458/458/458 449/449/449 459/459/459
f 460/460/460 453/453/453 458/458/458
f 461/461/461 460/460/460 458/458/458
f 462/462/462 451/451/451 453/453/453
f 460/460/460 462/462/462 453/453/453
f 463/463/463 454/454/454 451/451/451
f 462/462/462 463/463/463 451/451/451
f 464/464/464 456/456/456 454/454/454
f 463/463/463 464/464/464 454/454/454
f 465/465/465 462/462/462 460/460/460
f 466/466/466 465/465/465 460/460/460
f 465/465/465 467/467/467 462/462/462
f 467/467/467 463/463/463 462/462/462
f 464/464/464 468/468/468 456/456/456
f 457/457/457 456/456/456 468/468/468
f 469/469/469 468/468/468 464/464/464
f 469/469/469 457/457/457 468/468/468
f 470/470/470 464/464/464 463/463/463
f 469/469/469 464/464/464 470/470/470
f 470/470/470 463/463/463 471/471/471
f 467/467/467 471/471/471 463/463/463
f 472/472/472 467/467/467 465/465/465
f 473/473/473 472/472/472 465/465/465
f 472/472/472 474/474/474 467/467/467
f 474/474/474 471/471/471 467/467/467
f 475/475/475 470/470/470 471/471/471
f 475/475/475 469/469/469 470/470/470
f 476/476/476 474/474/474 472/472/472
f 477/477/477 476/476/476 472/472/472
f 474/474/474 478/478/478 471/471/471
f 475/475/475 471/471/471 478/478/478
f 476/476/476 479/479/479 474/474/474
f 479/479/479 478/478/478 474/474/474
f 479/479/479 476/476/476 480/480/480
f 480/480/480 476/476/476 481/481/481
f 475/475/475 482/482/482 469/469/469
f 483/483/483 475/475/475 478/478/478
f 483/483/483 482/482/482 475/475/475
f 479/479/479 484/484/484 478/478/478
f 483/483/483 478/478/478 484/484/484
f 485/485/485 484/484/484 479/479/479
f 483/483/483 484/484/484 485/485/485
f 479/479/479 480/480/480 486/486/486
f 485/485/485 479/479/479 486/486/486
f 482/482/482 487/487/487 469/469/469
f 469/469/469 487/487/487 457/457/457
f 487/487/487 488/488/488 457/457/457
f 457/457/457 488/488/488 417/417/417
f 488/488/488 489/489/489 417/417/417
f 487/487/487 490/490/490 488/488/488
f 490/490/490 491/491/491 488/488/488
f 482/482/482 492/492/492 487/487/487
f 492/492/492 490/490/490 487/487/487
f 483/483/483 493/493/493 482/482/482
f 493/493/493 492/492/492 482/482/482
f 492/492/492 494/494/494 490/490/490
f 494/494/494 495/495/495 490/490/490
f 496/496/496 494/494/494 492/492/492
f 493/493/493 496/496/496 492/492/492
f 497/497/497 493/493/493 483/483/483
f 483/483/483 485/485/485 497/497/497
f 497/497/497 498/498/498 493/493/493
f 498/498/498 496/496/496 493/493/493
f 496/496/496 499/499/499 494/494/494
f 499/499/499 500/500/500 494/494/494
f 485/485/485 501/501/501 497/497/497
f 498/498/498 497/497/497 501/501/501
f 499/499/499 496/496/496 502/502/502
f 498/498/498 502/502/502 496/496/496
f 485/485/485 503/503/503 501/501/501
f 503/503/503 485/485/485 486/486/486
f 499/499/499 502/502/502 504/504/504
f 505/505/505 499/499/499 504/504/504
f 506/506/506 504/504/504 502/502/502
f 507/507/507 504/504/504 506/506/506
f 508/508/508 502/502/502 498/498/498
f 506/506/506 502/502/502 508/508/508
f 498/498/498 501/501/501 509/509/509
f 508/508/508 498/498/498 509/509/509
f 510/510/510 509/509/509 501/501/501
f 510/510/510 501/501/501 503/503/503
f 511/511/511 508/508/508 509/509/509
f 510/510/510 511/511/511 509/509/509
f 512/512/512 506/506/506 508/508/508
f 511/511/511 512/512/512 508/508/508
f 512/512/512 513/513/513 506/506/506
f 513/513/513 514/514/514 506/506/506
f 515/515/515 513/513/513 512/512/512
f 515/515/515 512/512/512 511/511/511
f 515/515/515 516/516/516 513/513/513
f 516/516/516 517/517/517 513/513/513
f 515/515/515 511/511/511 518/518/518
f 519/519/519 518/518/518 511/511/511
f 519/519/519 511/511/511 510/510/510
f 519/519/519 510/510/510 520/520/520
f 510/510/510 503/503/503 520/520/520
f 519/519/519 520/520/520 521/521/521
f 522/522/522 521/521/521 520/520/520
f 522/522/522 520/520/520 523/523/523
f 523/523/523 520/520/520 503/503/503
f 524/524/524 522/522/522 523/523/523
f 523/523/523 503/503/503 525/525/525
f 503/503/503 486/486/486 525/525/525
f 525/525/525 486/486/486 480/480/480
f 524/524/524 523/523/523 526/526/526
f 526/526/526 523/523/523 525/525/525
f 527/527/527 524/524/524 526/526/526
f 525/525/525 480/480/480 528/528/528
f 526/526/526 525/525/525 528/528/528
f 528/528/528 480/480/480 529/529/529
f 530/530/530 526/526/526 528/528/528
f 531/531/531 533/533/533 532/532/532
f 533/533/533 534/534/534 532/532/532
f 533/533/533 535/535/535 534/534/534
f 536/536/536 535/535/535 533/533/533
f 537/537/537 536/536/536 533/533/533
f 532/532/532 534/534/534 538/538/538
f 532/532/532 538/538/538 539/539/539
f 540/540/540 532/532/532 539/539/539
f 535/535/535 541/541/541 534/534/534
f 534/534/534 542/542/542 538/538/538
f 534/534/534 541/541/541 542/542/542
f 536/536/536 543/543/543 535/535/535
f 535/535/535 544/544/544 541/541/541
f 543/543/543 544/544/544 535/535/535
f 545/545/545 543/543/543 536/536/536
f 546/546/546 545/545/545 536/536/536
f 539/539/539 538/538/538 547/547/547
f 538/538/538 542/542/542 548/548/548
f 538/538/538 548/548/548 547/547/547
f 539/539/539 547/547/547 549/549/549
f 550/550/550 539/539/539 549/549/549
f 541/541/541 551/551/551 542/542/542
f 544/544/544 552/552/552 541/541/541
f 541/541/541 552/552/552 551/551/551
f 542/542/542 553/553/553 548/548/548
f 542/542/542 551/551/551 553/553/553
f 545/545/545 554/554/554 543/543/543
f 543/543/543 555/555/555 544/544/544
f 554/554/554 555/555/555 543/543/543
f 544/544/544 556/556/556 552/552/552
f 555/555/555 556/556/556 544/544/544
f 557/557/557 554/554/554 545/545/545
f 558/558/558 557/557/557 545/545/545
f 552/552/552 559/559/559 551/551/551
f 551/551/551 560/560/560 553/553/553
f 551/551/551 559/559/559 560/560/560
f 556/556/556 561/561/561 552/552/552
f 552/552/552 561/561/561 559/559/559
f 548/548/548 553/553/553 562/562/562
f 553/553/553 560/560/560 563/563/563
f 553/553/553 563/563/563 562/562/562
f 548/548/548 562/562/562 564/564/564
f 547/547/547 548/548/548 564/564/564
f 547/547/547 564/564/564 565/565/565
f 549/549/549 547/547/547 565/565/565
f 549/549/549 565/565/565 566/566/566
f 567/567/567 549/549/549 566/566/566
f 559/559/559 568/568/568 560/560/560
f 561/561/561 569/569/569 559/559/559
f 559/559/559 569/569/569 568/568/568
f 560/560/560 570/570/570 563/563/563
f 560/560/560 568/568/568 570/570/570
f 562/562/562 563/563/563 571/571/571
f 564/564/564 562/562/562 572/572/572
f 562/562/562 571/571/571 572/572/572
f 565/565/565 564/564/564 573/573/573
f 564/564/564 572/572/572 573/573/573
f 566/566/566 565/565/565 574/574/574
f 565/565/565 573/573/573 574/574/574
f 563/563/563 570/570/570 575/575/575
f 563/563/563 575/575/575 571/571/571
f 566/566/566 574/574/574 576/576/576
f 577/577/577 566/566/566 576/576/576
f 568/568/568 578/578/578 570/570/570
f 570/570/570 579/579/579 575/575/575
f 570/570/570 578/578/578 579/579/579
f 568/568/568 580/580/580 578/578/578
f 569/569/569 580/580/580 568/568/568
f 572/572/572 571/571/571 581/581/581
f 573/573/573 572/572/572 582/582/582
f 572/572/572 581/581/581 582/582/582
f 574/574/574 573/573/573 583/583/583
f 573/573/573 582/582/582 583/583/583
f 576/576/576 574/574/574 584/584/584
f 574/574/574 583/583/583 584/584/584
f 571/571/571 575/575/575 585/585/585
f 571/571/571 585/585/585 581/581/581
f 575/575/575 579/579/579 586/586/586
f 575/575/575 586/586/586 585/585/585
f 576/576/576 584/584/584 587/587/587
f 588/588/588 576/576/576 587/587/587
f 583/583/583 582/582/582 589/589/589
f 582/582/582 581/581/581 590/590/590
f 582/582/582 590/590/590 589/589/589
f 581/581/581 585/585/585 591/591/591
f 581/581/581 591/591/591 590/590/590
f 584/584/584 583/583/583 592/592/592
f 583/583/583 589/589/589 592/592/592
f 587/587/587 584/584/584 593/593/593
f 584/584/584 592/592/592 593/593/593
f 585/585/585 586/586/586 594/594/594
f 585/585/585 594/594/594 591/591/591
f 587/587/587 593/593/593 595/595/595
f 596/596/596 587/587/587 595/595/595
f 590/590/590 591/591/591 597/597/597
f 589/589/589 590/590/590 598/598/598
f 590/590/590 597/597/597 598/598/598
f 592/592/592 589/589/589 599/599/599
f 589/589/589 598/598/598 599/599/599
f 593/593/593 592/592/592 600/600/600
f 592/592/592 599/599/599 600/600/600
f 595/595/595 593/593/593 601/601/601
f 593/593/593 600/600/600 601/601/601
f 591/591/591 594/594/594 602/602/602
f 591/591/591 602/602/602 597/597/597
f 595/595/595 601/601/601 603/603/603
f 604/604/604 595/595/595 603/603/603
f 599/599/599 598/598/598 605/605/605
f 600/600/600 599/599/599 606/606/606
f 599/599/599 605/605/605 606/606/606
f 598/598/598 597/597/597 607/607/607
f 598/598/598 607/607/607 605/605/605
f 601/601/601 600/600/600 608/608/608
f 600/600/600 606/606/606 608/608/608
f 603/603/603 601/601/601 609/609/609
f 601/601/601 608/608/608 609/609/609
f 597/597/597 602/602/602 610/610/610
f 597/597/597 610/610/610 607/607/607
f 603/603/603 609/609/609 611/611/611
f 612/612/612 603/603/603 611/611/611
f 605/605/605 607/607/607 613/613/613
f 606/606/606 605/605/605 614/614/614
f 605/605/605 613/613/613 614/614/614
f 608/608/608 606/606/606 615/615/615
f 606/606/606 614/614/614 615/615/615
f 609/609/609 608/608/608 616/616/616
f 608/608/608 615/615/615 616/616/616
f 611/611/611 609/609/609 617/617/617
f 609/609/609 616/616/616 617/617/617
f 607/607/607 610/610/610 618/618/618
f 607/607/607 618/618/618 613/613/613
f 611/611/611 617/617/617 619/619/619
f 620/620/620 611/611/611 619/619/619
f 614/614/614 613/613/613 621/621/621
f 615/615/615 614/614/614 622/622/622
f 614/614/614 621/621/621 622/622/622
f 616/616/616 615/615/615 623/623/623
f 615/615/615 622/622/622 623/623/623
f 617/617/617 616/616/616 624/624/624
f 616/616/616 623/623/623 624/624/624
f 619/619/619 617/617/617 625/625/625
f 617/617/617 624/624/624 625/625/625
f 613/613/613 618/618/618 626/626/626
f 613/613/613 626/626/626 621/621/621
f 619/619/619 625/625/625 627/627/627
f 628/628/628 619/619/619 627/627/627
f 622/622/622 621/621/621 629/629/629
f 622/622/622 629/629/629 630/630/630
f 623/623/623 622/622/622 630/630/630
f 621/621/621 631/631/631 629/629/629
f 621/621/621 626/626/626 631/631/631
f 623/623/623 630/630/630 632/632/632
f 624/624/624 623/623/623 632/632/632
f 624/624/624 632/632/632 633/633/633
f 625/625/625 624/624/624 633/633/633
f 625/625/625 633/633/633 634/634/634
f 627/627/627 625/625/625 634/634/634
f 627/627/627 634/634/634 635/635/635
f 636/636/636 627/627/627 635/635/635
f 626/626/626 637/637/637 631/631/631
f 626/626/626 638/638/638 637/637/637
f 618/618/618 638/638/638 626/626/626
f 638/638/638 639/639/639 637/637/637
f 618/618/618 640/640/640 638/638/638
f 610/610/610 640/640/640 618/618/618
f 638/638/638 641/641/641 639/639/639
f 640/640/640 641/641/641 638/638/638
f 641/641/641 642/642/642 639/639/639
f 610/610/610 643/643/643 640/640/640
f 602/602/602 643/643/643 610/610/610
f 640/640/640 644/644/644 641/641/641
f 643/643/643 644/644/644 640/640/640
f 644/644/644 645/645/645 641/641/641
f 602/602/602 646/646/646 643/643/643
f 594/594/594 646/646/646 602/602/602
f 643/643/643 647/647/647 644/644/644
f 646/646/646 647/647/647 643/643/643
f 647/647/647 648/648/648 644/644/644
f 594/594/594 649/649/649 646/646/646
f 586/586/586 649/649/649 594/594/594
f 646/646/646 650/650/650 647/647/647
f 649/649/649 650/650/650 646/646/646
f 650/650/650 651/651/651 647/647/647
f 586/586/586 652/652/652 649/649/649
f 579/579/579 652/652/652 586/586/586
f 649/649/649 653/653/653 650/650/650
f 652/652/652 653/653/653 649/649/649
f 653/653/653 654/654/654 650/650/650
f 579/579/579 655/655/655 652/652/652
f 578/578/578 655/655/655 579/579/579
f 652/652/652 656/656/656 653/653/653
f 655/655/655 656/656/656 652/652/652
f 656/656/656 657/657/657 653/653/653
f 578/578/578 658/658/658 655/655/655
f 580/580/580 658/658/658 578/578/578
f 655/655/655 659/659/659 656/656/656
f 658/658/658 659/659/659 655/655/655
f 659/659/659 660/660/660 656/656/656
f 658/658/658 661/661/661 659/659/659
f 661/661/661 662/662/662 659/659/659
f 580/580/580 663/663/663 658/658/658
f 663/663/663 661/661/661 658/658/658
f 664/664/664 663/663/663 580/580/580
f 569/569/569 664/664/664 580/580/580
f 663/663/663 665/665/665 661/661/661
f 665/665/665 666/666/666 661/661/661
f 667/667/667 665/665/665 663/663/663
f 664/664/664 667/667/667 663/663/663
f 668/668/668 664/664/664 569/569/569
f 561/561/561 668/668/668 569/569/569
f 667/667/667 669/669/669 665/665/665
f 669/669/669 670/670/670 665/665/665
f 671/671/671 667/667/667 664/664/664
f 668/668/668 671/671/671 664/664/664
f 672/672/672 668/668/668 561/561/561
f 556/556/556 672/672/672 561/561/561
f 673/673/673 669/669/669 667/667/667
f 671/671/671 673/673/673 667/667/667
f 674/674/674 671/671/671 668/668/668
f 672/672/672 674/674/674 668/668/668
f 675/675/675 672/672/672 556/556/556
f 555/555/555 675/675/675 556/556/556
f 673/673/673 676/676/676 669/669/669
f 676/676/676 677/677/677 669/669/669
f 678/678/678 673/673/673 671/671/671
f 674/674/674 678/678/678 671/671/671
f 679/679/679 674/674/674 672/672/672
f 675/675/675 679/679/679 672/672/672
f 680/680/680 675/675/675 555/555/555
f 554/554/554 680/680/680 555/555/555
f 681/681/681 676/676/676 673/673/673
f 678/678/678 681/681/681 673/673/673
f 682/682/682 678/678/678 674/674/674
f 679/679/679 682/682/682 674/674/674
f 683/683/683 679/679/679 675/675/675
f 680/680/680 683/683/683 675/675/675
f 684/684/684 680/680/680 554/554/554
f 557/557/557 684/684/684 554/554/554
f 685/685/685 684/684/684 557/557/557
f 686/686/686 685/685/685 557/557/557
f 685/685/685 687/687/687 684/684/684
f 684/684/684 688/688/688 680/680/680
f 687/687/687 688/688/688 684/684/684
f 688/688/688 683/683/683 680/680/680
f 687/687/687 689/689/689 688/688/688
f 689/689/689 690/690/690 688/688/688
f 688/688/688 690/690/690 683/683/683
f 689/689/689 691/691/691 690/690/690
f 683/683/683 692/692/692 679/679/679
f 690/690/690 692/692/692 683/683/683
f 692/692/692 682/682/682 679/679/679
f 691/691/691 693/693/693 690/690/690
f 690/690/690 693/693/693 692/692/692
f 691/691/691 694/694/694 693/693/693
f 692/692/692 695/695/695 682/682/682
f 693/693/693 695/695/695 692/692/692
f 694/694/694 696/696/696 693/693/693
f 693/693/693 696/696/696 695/695/695
f 694/694/694 697/697/697 696/696/696
f 695/695/695 698/698/698 682/682/682
f 682/682/682 698/698/698 678/678/678
f 698/698/698 681/681/681 678/678/678
f 697/697/697 699/699/699 696/696/696
f 697/697/697 700/700/700 699/699/699
f 696/696/696 701/701/701 695/695/695
f 695/695/695 701/701/701 698/698/698
f 696/696/696 699/699/699 701/701/701
f 698/698/698 702/702/702 681/681/681
f 701/701/701 702/702/702 698/698/698
f 700/700/700 703/703/703 699/699/699
f 700/700/700 704/704/704 703/703/703
f 699/699/699 705/705/705 701/701/701
f 701/701/701 705/705/705 702/702/702
f 699/699/699 703/703/703 705/705/705
f 702/702/702 706/706/706 681/681/681
f 681/681/681 706/706/706 676/676/676
f 706/706/706 707/707/707 676/676/676
f 702/702/702 708/708/708 706/706/706
f 705/705/705 708/708/708 702/702/702
f 708/708/708 709/709/709 706/706/706
f 705/705/705 710/710/710 708/708/708
f 703/703/703 710/710/710 705/705/705
f 710/710/710 711/711/711 708/708/708
f 704/704/704 712/712/712 703/703/703
f 703/703/703 712/712/712 710/710/710
f 712/712/712 713/713/713 710/710/710
f 704/704/704 714/714/714 712/712/712
f 714/714/714 715/715/715 712/712/712
f 716/716/716 718/718/718 717/717/717
f 717/717/717 718/718/718 719/719/719
f 718/718/718 720/720/720 719/719/719
f 719/719/719 720/720/720 721/721/721
f 718/718/718 722/722/722 720/720/720
f 723/723/723 722/722/722 718/718/718
f 720/720/720 722/722/722 724/724/724
f 722/722/722 725/725/725 724/724/724
f 720/720/720 724/724/724 726/726/726
f 721/721/721 720/720/720 726/726/726
f 726/726/726 724/724/724 727/727/727
f 724/724/724 728/728/728 727/727/727
f 726/726/726 727/727/727 729/729/729
f 726/726/726 729/729/729 730/730/730
f 726/726/726 730/730/730 731/731/731
f 721/721/721 726/726/726 731/731/731
f 732/732/732 731/731/731 730/730/730
f 721/721/721 731/731/731 732/732/732
f 732/732/732 730/730/730 733/733/733
f 734/734/734 732/732/732 733/733/733
f 734/734/734 733/733/733 735/735/735
f 736/736/736 734/734/734 735/735/735
f 736/736/736 735/735/735 737/737/737
f 738/738/738 736/736/736 737/737/737
f 738/738/738 737/737/737 739/739/739
f 740/740/740 738/738/738 739/739/739
f 741/741/741 736/736/736 738/738/738
f 742/742/742 741/741/741 738/738/738
f 743/743/743 734/734/734 736/736/736
f 741/741/741 743/743/743 736/736/736
f 744/744/744 732/732/732 734/734/734
f 743/743/743 744/744/744 734/734/734
f 744/744/744 745/745/745 732/732/732
f 721/721/721 732/732/732 745/745/745
f 746/746/746 744/744/744 743/743/743
f 745/745/745 744/744/744 746/746/746
f 747/747/747 743/743/743 741/741/741
f 746/746/746 743/743/743 747/747/747
f 721/721/721 745/745/745 748/748/748
f 745/745/745 746/746/746 748/748/748
f 747/747/747 741/741/741 749/749/749
f 749/749/749 741/741/741 750/750/750
f 751/751/751 746/746/746 747/747/747
f 748/748/748 746/746/746 751/751/751
f 721/721/721 748/748/748 752/752/752
f 719/719/719 721/721/721 752/752/752
f 753/753/753 747/747/747 749/749/749
f 751/751/751 747/747/747 753/753/753
f 754/754/754 752/752/752 748/748/748
f 748/748/748 751/751/751 754/754/754
f 755/755/755 719/719/719 752/752/752
f 717/717/717 719/719/719 755/755/755
f 755/755/755 752/752/752 756/756/756
f 754/754/754 756/756/756 752/752/752
f 757/757/757 717/717/717 755/755/755
f 757/757/757 755/755/755 756/756/756
f 753/753/753 749/749/749 758/758/758
f 758/758/758 749/749/749 759/759/759
f 760/760/760 753/753/753 758/758/758
f 761/761/761 760/760/760 758/758/758
f 762/762/762 751/751/751 753/753/753
f 760/760/760 762/762/762 753/753/753
f 763/763/763 754/754/754 751/751/751
f 762/762/762 763/763/763 751/751/751
f 764/764/764 756/756/756 754/754/754
f 763/763/763 764/764/764 754/754/754
f 765/765/765 762/762/762 760/760/760
f 766/766/766 765/765/765 760/760/760
f 765/765/765 767/767/767 762/762/762
f 767/767/767 763/763/763 762/762/762
f 764/764/764 768/768/768 756/756/756
f 757/757/757 756/756/756 768/768/768
f 769/769/769 768/768/768 764/764/764
f 769/769/769 757/757/757 768/768/768
f 770/770/770 764/764/764 763/763/763
f 769/769/769 764/764/764 770/770/770
f 770/770/770 763/763/763 771/771/771
f 767/767/767 771/771/771 763/763/763
f 772/772/772 767/767/767 765/765/765
f 773/773/773 772/772/772 765/765/765
f 772/772/772 774/774/774 767/767/767
f 774/774/774 771/771/771 767/767/767
f 775/775/775 770/770/770 771/771/771
f 775/775/775 769/769/769 770/770/770
f 776/776/776 774/774/774 772/772/772
f 777/777/777 776/776/776 772/772/772
f 774/774/774 778/778/778 771/771/771
f 775/775/775 771/771/771 778/778/778
f 776/776/776 779/779/779 774/774/774
f 779/779/779 778/778/778 774/774/774
f 779/779/779 776/776/776 780/780/780
f 780/780/780 776/776/776 781/781/781
f 775/775/775 782/782/782 769/769/769
f 783/783/783 775/775/775 778/778/778
f 783/783/783 782/782/782 775/775/775
f 779/779/779 784/784/784 778/778/778
f 783/783/783 778/778/778 784/784/784
f 785/785/785 784/784/784 779/779/779
f 783/783/783 784/784/784 785/785/785
f 779/779/779 780/780/780 786/786/786
f 785/785/785 779/779/779 786/786/786
f 782/782/782 787/787/787 769/769/769
f 769/769/769 787/787/787 757/757/757
f 787/787/787 788/788/788 757/757/757
f 757/757/757 788/788/788 717/717/717
f 788/788/788 789/789/789 717/717/717
f 787/787/787 790/790/790 788/788/788
f 790/790/790 791/791/791 788/788/788
f 782/782/782 792/792/792 787/787/787
f 792/792/792 790/790/790 787/787/787
f 783/783/783 793/793/793 782/782/782
f 793/793/793 792/792/792 782/782/782
f 792/792/792 794/794/794 790/790/790
f 794/794/794 795/795/795 790/790/790
f 796/796/796 794/794/794 792/792/792
f 793/793/793 796/796/796 792/792/792
f 797/797/797 793/793/793 783/783/783
f 783/783/783 785/785/785 797/797/797
f 797/797/797 798/798/798 793/793/793
f 798/798/798 796/796/796 793/793/793
f 796/796/796 799/799/799 794/794/794
f 799/799/799 800/800/800 794/794/794
f 785/785/785 801/801/801 797/797/797
f 798/798/798 797/797/797 801/801/801
f 799/799/799 796/796/796 802/802/802
f 798/798/798 802/802/802 796/796/796
f 785/785/785 803/803/803 801/801/801
f 803/803/803 785/785/785 786/786/786
f 799/799/799 802/802/802 804/804/804
f 805/805/805 799/799/799 804/804/804
f 806/806/806 804/804/804 802/802/802
f 807/807/807 804/804/804 806/806/806
f 808/808/808 802/802/802 798/798/798
f 806/806/806 802/802/802 808/808/808
f 798/798/798 801/801/801 809/809/809
f 808/808/808 798/798/798 809/809/809
f 810/810/810 809/809/809 801/801/801
f 810/810/810 801/801/801 803/803/803
f 811/811/811 808/808/808 809/809/809
f 810/810/810 811/811/811 809/809/809
f 812/812/812 806/806/806 808/808/808
f 811/811/811 812/812/812 808/808/808
f 812/812/812 813/813/813 806/806/806
f 813/813/813 814/814/814 806/806/806
f 815/815/815 813/813/813 812/812/812
f 815/815/815 812/812/812 811/811/811
f 815/815/815 816/816/816 813/813/813
f 816/816/816 817/817/817 813/813/813
f 815/815/815 811/811/811 818/818/818
f 819/819/819 818/818/818 811/811/811
f 819/819/819 811/811/811 810/810/810
f 819/819/819 810/810/810 820/820/820
f 810/810/810 803/803/803 820/820/820
f 819/819/819 820/820/820 821/821/821
f 822/822/822 821/821/821 820/820/820
f 822/822/822 820/820/820 823/823/823
f 823/823/823 820/820/820 803/803/803
f 824/824/824 822/822/822 823/823/823
f 823/823/823 803/803/803 825/825/825
f 803/803/803 786/786/786 825/825/825
f 825/825/825 786/786/786 780/780/780
f 824/824/824 823/823/823 826/826/826
f 826/826/826 823/823/823 825/825/825
f 827/827/827 824/824/824 826/826/826
f 825/825/825 780/780/780 828/828/828
f 826/826/826 825/825/825 828/828/828
f 828/828/828 780/780/780 829/829/829
f 830/830/830 826/826/826 828/828/828
f 831/831/831 833/833/833 832/832/832
f 834/834/834 833/833/833 831/831/831
f 832/832/832 833/833/833 834/834/834
f 835/835/835 837/837/837 836/836/836
f 838/838/838 837/837/837 835/835/835
f 836/836/836 837/837/837 838/838/838
f 839/839/839 841/841/841 840/840/840
f 842/842/842 841/841/841 839/839/839
f 840/840/840 841/841/841 842/842/842
f 843/843/843 845/845/845 844/844/844
f 846/846/846 845/845/845 843/843/843
f 844/844/844 845/845/845 846/846/846
f 847/847/847 849/849/849 848/848/848
f 850/850/850 849/849/849 847/847/847
f 848/848/848 849/849/849 850/850/850
f 851/851/851 853/853/853 852/852/852
f 854/854/854 853/853/853 851/851/851
f 852/852/852 853/853/853 854/854/854
f 855/855/855 857/857/857 856/856/856
f 858/858/858 857/857/857 855/855/855
f 856/856/856 857/857/857 858/858/858
f 859/859/859 861/861/861 860/860/860
f 862/862/862 861/861/861 859/859/859
f 860/860/860 861/861/861 862/862/862
f 863/863/863 865/865/865 864/864/864
f 866/866/866 865/865/865 863/863/863
f 864/864/864 865/865/865 866/866/866
f 867/867/867 869/869/869 868/868/868
f 870/870/870 869/869/869 867/867/867
f 868/868/868 869/869/869 870/870/870
f 871/871/871 873/873/873 872/872/872
f 874/874/874 873/873/873 871/871/871
f 872/872/872 873/873/873 874/874/874
f 875/875/875 877/877/877 876/876/876
f 878/878/878 877/877/877 875/875/875
f 876/876/876 877/877/877 878/878/878
f 879/879/879 881/881/881 880/880/880
f 882/882/882 881/881/881 879/879/879
f 880/880/880 881/881/881 882/882/882
f 883/883/883 885/885/885 884/884/884
f 886/886/886 885/885/885 883/883/883
f 884/884/884 885/885/885 886/886/886
f 887/887/887 889/889/889 888/888/888
f 890/890/890 889/889/889 887/887/887
f 888/888/888 889/889/889 890/890/890
f 891/891/891 893/893/893 892/892/892
f 894/894/894 893/893/893 891/891/891
f 892/892/892 893/893/893 894/894/894
f 895/895/895 897/897/897 896/896/896
f 898/898/898 897/897/897 895/895/895
f 896/896/896 897/897/897 898/898/898
f 899/899/899 901/901/901 900/900/900
f 902/902/902 901/901/901 899/899/899
f 900/900/900 901/901/901 902/902/902
f 903/903/903 905/905/905 904/904/904
f 906/906/906 905/905/905 903/903/903
f 904/904/904 905/905/905 906/906/906
f 907/907/907 909/909/909 908/908/908
f 910/910/910 909/909/909 907/907/907
f 908/908/908 909/909/909 910/910/910
f 911/911/911 913/913/913 912/912/912
f 914/914/914 913/913/913 911/911/911
f 912/912/912 913/913/913 914/914/914
f 915/915/915 917/917/917 916/916/916
f 918/918/918 917/917/917 915/915/915
f 916/916/916 917/917/917 918/918/918
f 919/919/919 921/921/921 920/920/920
f 922/922/922 921/921/921 919/919/919
f 920/920/920 921/921/921 922/922/922
f 923/923/923 925/925/925 924/924/924
f 926/926/926 925/925/925 923/923/923
f 924/924/924 925/925/925 926/926/926
f 927/927/927 929/929/929 928/928/928
f 930/930/930 929/929/929 927/927/927
f 928/928/928 929/929/929 930/930/930
f 931/931/931 933/933/933 932/932/932
f 934/934/934 933/933/933 931/931/931
f 932/932/932 933/933/933 934/934/934
f 935/935/935 937/937/937 936/936/936
f 938/938/938 937/937/937 935/935/935
f 936/936/936 937/937/937 938/938/938
f 939/939/939 941/941/941 940/940/940
f 942/942/942 941/941/941 939/939/939
f 940/940/940 941/941/941 942/942/942
f 943/943/943 945/945/945 944/944/944
f 946/946/946 945/945/945 943/943/943
f 944/944/944 945/945/945 946/946/946
f 947/947/947 949/949/949 948/948/948
f 950/950/950 949/949/949 947/947/947
f 948/948/948 949/949/949 950/950/950
f 951/951/951 953/953/953 952/952/952
f 954/954/954 953/953/953 951/951/951
f 952/952/952 953/953/953 954/954/954
f 955/955/955 957/957/957 956/956/956
f 958/958/958 957/957/957 955/955/955
f 956/956/956 957/957/957 958/958/958
f 959/959/959 961/961/961 960/960/960
f 962/962/962 961/961/961 959/959/959
f 960/960/960 961/961/961 962/962/962
f 963/963/963 965/965/965 964/964/964
f 966/966/966 965/965/965 963/963/963
f 964/964/964 965/965/965 966/966/966
f 967/967/967 969/969/969 968/968/968
f 970/970/970 969/969/969 967/967/967
f 968/968/968 969/969/969 970/970/970
f 971/971/971 973/973/973 972/972/972
f 974/974/974 973/973/973 971/971/971
f 972/972/972 973/973/973 974/974/974
f 975/975/975 977/977/977 976/976/976
f 978/978/978 977/977/977 975/975/975
f 976/976/976 977/977/977 978/978/978
f 979/979/979 981/981/981 980/980/980
f 982/982/982 981/981/981 979/979/979
f 980/980/980 981/981/981 982/982/982
f 983/983/983 985/985/985 984/984/984
f 986/986/986 985/985/985 983/983/983
f 984/984/984 985/985/985 986/986/986
f 987/987/987 989/989/989 988/988/988
f 990/990/990 989/989/989 987/987/987
f 988/988/988 989/989/989 990/990/990
f 991/991/991 993/993/993 992/992/992
f 994/994/994 993/993/993 991/991/991
f 992/992/992 993/993/993 994/994/994
f 995/995/995 997/997/997 996/996/996
f 998/998/998 997/997/997 995/995/995
f 996/996/996 997/997/997 998/998/998
f 999/999/999 1001/1001/1001 1000/1000/1000
f 1002/1002/1002 1001/1001/1001 999/999/999
f 1000/1000/1000 1001/1001/1001 1002/1002/1002
f 1003/1003/1003 1005/1005/1005 1004/1004/1004
f 1006/1006/1006 1005/1005/1005 1003/1003/1003
f 1004/1004/1004 1005/1005/1005 1006/1006/1006
f 1007/1007/1007 1009/1009/1009 1008/1008/1008
f 1010/1010/1010 1009/1009/1009 1007/1007/1007
f 1008/1008/1008 1009/1009/1009 1010/1010/1010
f 1011/1011/1011 1013/1013/1013 1012/1012/1012
f 1014/1014/1014 1013/1013/1013 1011/1011/1011
f 1012/1012/1012 1013/1013/1013 1014/1014/1014
f 1015/1015/1015 1017/1017/1017 1016/1016/1016
f 1018/1018/1018 1017/1017/1017 1015/1015/1015
f 1016/1016/1016 1017/1017/1017 1018/1018/1018
f 1019/1019/1019 1021/1021/1021 1020/1020/1020
f 1022/1022/1022 1021/1021/1021 1019/1019/1019
f 1020/1020/1020 1021/1021/1021 1022/1022/1022
f 1023/1023/1023 1025/1025/1025 1024/1024/1024
f 1026/1026/1026 1025/1025/1025 1023/1023/1023
f 1024/1024/1024 1025/1025/1025 1026/1026/1026
f 1027/1027/1027 1029/1029/1029 1028/1028/1028
f 1030/1030/1030 1029/1029/1029 1027/1027/1027
f 1028/1028/1028 1029/1029/1029 1030/1030/1030
f 1031/1031/1031 1033/1033/1033 1032/1032/1032
f 1034/1034/1034 1033/1033/1033 1031/1031/1031
f 1032/1032/1032 1033/1033/1033 1034/1034/1034
f 1035/1035/1035 1037/1037/1037 1036/1036/1036
f 1038/1038/1038 1037/1037/1037 1035/1035/1035
f 1036/1036/1036 1037/1037/1037 1038/1038/1038
f 1039/1039/1039 1041/1041/1041 1040/1040/1040
f 1042/1042/1042 1041/1041/1041 1039/1039/1039
f 1040/1040/1040 1041/1041/1041 1042/1042/1042
f 1043/1043/1043 1045/1045/1045 1044/1044/1044
f 1046/1046/1046 1045/1045/1045 1043/1043/1043
f 1044/1044/1044 1045/1045/1045 1046/1046/1046
f 1047/1047/1047 1049/1049/1049 1048/1048/1048
f 1050/1050/1050 1049/1049/1049 1047/1047/1047
f 1048/1048/1048 1049/1049/1049 1050/1050/1050
f 1051/1051/1051 1053/1053/1053 1052/1052/1052
f 1054/1054/1054 1053/1053/1053 1051/1051/1051
f 1052/1052/1052 1053/1053/1053 1054/1054/1054
f 1055/1055/1055 1057/1057/1057 1056/1056/1056
f 1058/1058/1058 1057/1057/1057 1055/1055/1055
f 1056/1056/1056 1057/1057/1057 1058/1058/1058
f 1059/1059/1059 1061/1061/1061 1060/1060/1060
f 1062/1062/1062 1061/1061/1061 1059/1059/1059
f 1060/1060/1060 1061/1061/1061 1062/1062/1062
f 1063/1063/1063 1065/1065/1065 1064/1064/1064
f 1066/1066/1066 1065/1065/1065 1063/1063/1063
f 1064/1064/1064 1065/1065/1065 1066/1066/1066
f 1067/1067/1067 1069/1069/1069 1068/1068/1068
f 1070/1070/1070 1069/1069/1069 1067/1067/1067
f 1068/1068/1068 1069/1069/1069 1070/1070/1070
f 1071/1071/1071 1073/1073/1073 1072/1072/1072
f 1074/1074/1074 1073/1073/1073 1071/1071/1071
f 1072/1072/1072 1073/1073/1073 1074/1074/1074
f 1075/1075/1075 1077/1077/1077 1076/1076/1076
f 1078/1078/1078 1077/1077/1077 1075/1075/1075
f 1076/1076/1076 1077/1077/1077 1078/1078/1078
f 1079/1079/1079 1081/1081/1081 1080/1080/1080
f 1082/1082/1082 1081/1081/1081 1079/1079/1079
f 1080/1080/1080 1081/1081/1081 1082/1082/1082
f 1083/1083/1083 1085/1085/1085 1084/1084/1084
f 1086/1086/1086 1085/1085/1085 1083/1083/1083
f 1084/1084/1084 1085/1085/1085 1086/1086/1086
f 1087/1087/1087 1089/1089/1089 1088/1088/1088
f 1090/1090/1090 1089/1089/1089 1087/1087/1087
f 1088/1088/1088 1089/1089/1089 1090/1090/1090
f 1091/1091/1091 1093/1093/1093 1092/1092/1092
f 1094/1094/1094 1093/1093/1093 1091/1091/1091
f 1092/1092/1092 1093/1093/1093 1094/1094/1094
f 1095/1095/1095 1097/1097/1097 1096/1096/1096
f 1098/1098/1098 1097/1097/1097 1095/1095/1095
f 1096/1096/1096 1097/1097/1097 1098/1098/1098
f 1099/1099/1099 1101/1101/1101 1100/1100/1100
f 1102/1102/1102 1101/1101/1101 1099/1099/1099
f 1100/1100/1100 1101/1101/1101 1102/1102/1102
f 1103/1103/1103 1105/1105/1105 1104/1104/1104
f 1106/1106/1106 1105/1105/1105 1103/1103/1103
f 1104/1104/1104 1105/1105/1105 1106/1106/1106
f 1107/1107/1107 1109/1109/1109 1108/1108/1108
f 1110/1110/1110 1109/1109/1109 1107/1107/1107
f 1108/1108/1108 1109/1109/1109 1110/1110/1110
f 1111/1111/1111 1113/1113/1113 1112/1112/1112
f 1114/1114/1114 1113/1113/1113 1111/1111/1111
f 1112/1112/1112 1113/1113/1113 1114/1114/1114
f 1115/1115/1115 1117/1117/1117 1116/1116/1116
f 1118/1118/1118 1117/1117/1117 1115/1115/1115
f 1116/1116/1116 1117/1117/1117 1118/1118/1118
f 1119/1119/1119 1121/1121/1121 1120/1120/1120
f 1122/1122/1122 1121/1121/1121 1119/1119/1119
f 1120/1120/1120 1121/1121/1121 1122/1122/1122
f 1123/1123/1123 1125/1125/1125 1124/1124/1124
f 1126/1126/1126 1125/1125/1125 1123/1123/1123
f 1124/1124/1124 1125/1125/1125 1126/1126/1126
f 1127/1127/1127 1129/1129/1129 1128/1128/1128
f 1130/1130/1130 1129/1129/1129 1127/1127/1127
f 1128/1128/1128 1129/1129/1129 1130/1130/1130
f 1131/1131/1131 1133/1133/1133 1132/1132/1132
f 1134/1134/1134 1133/1133/1133 1131/1131/1131
f 1132/1132/1132 1133/1133/1133 1134/1134/1134
f 1135/1135/1135 1137/1137/1137 1136/1136/1136
f 1138/1138/1138 1137/1137/1137 1135/1135/1135
f 1136/1136/1136 1137/1137/1137 1138/1138/1138
f 1139/1139/1139 1141/1141/1141 1140/1140/1140
f 1142/1142/1142 1141/1141/1141 1139/1139/1139
f 1140/1140/1140 1141/1141/1141 1142/1142/1142
f 1143/1143/1143 1145/1145/1145 1144/1144/1144
f 1146/1146/1146 1145/1145/1145 1143/1143/1143
f 1144/1144/1144 1145/1145/1145 1146/1146/1146
f 1147/1147/1147 1149/1149/1149 1148/1148/1148
f 1150/1150/1150 1149/1149/1149 1147/1147/1147
f 1148/1148/1148 1149/1149/1149 1150/1150/1150
f 1151/1151/1151 1153/1153/1153 1152/1152/1152
f 1154/1154/1154 1153/1153/1153 1151/1151/1151
f 1152/1152/1152 1153/1153/1153 1154/1154/1154
f 1155/1155/1155 1157/1157/1157 1156/1156/1156
f 1158/1158/1158 1157/1157/1157 1155/1155/1155
f 1156/1156/1156 1157/1157/1157 1158/1158/1158
f 1159/1159/1159 1161/1161/1161 1160/1160/1160
f 1162/1162/1162 1161/1161/1161 1159/1159/1159
f 1160/1160/1160 1161/1161/1161 1162/1162/1162
f 1163/1163/1163 1165/1165/1165 1164/1164/1164
f 1166/1166/1166 1165/1165/1165 1163/1163/1163
f 1164/1164/1164 1165/1165/1165 1166/1166/1166
f 1167/1167/1167 1169/1169/1169 1168/1168/1168
f 1170/1170/1170 1169/1169/1169 1167/1167/1167
f 1168/1168/1168 1169/1169/1169 1170/1170/1170
f 1171/1171/1171 1173/1173/1173 1172/1172/1172
f 1174/1174/1174 1173/1173/1173 1171/1171/1171
f 1172/1172/1172 1173/1173/1173 1174/1174/1174
f 1175/1175/1175 1177/1177/1177 1176/1176/1176
f 1178/1178/1178 1177/1177/1177 1175/1175/1175
f 1176/1176/1176 1177/1177/1177 1178/1178/1178
f 1179/1179/1179 1181/1181/1181 1180/1180/1180
f 1182/1182/1182 1181/1181/1181 1179/1179/1179
f 1180/1180/1180 1181/1181/1181 1182/1182/1182
f 1183/1183/1183 1185/1185/1185 1184/1184/1184
f 1186/1186/1186 1185/1185/1185 1183/1183/1183
f 1184/1184/1184 1185/1185/1185 1186/1186/1186
f 1187/1187/1187 1189/1189/1189 1188/1188/1188
f 1190/1190/1190 1189/1189/1189 1187/1187/1187
f 1188/1188/1188 1189/1189/1189 1190/1190/1190
f 1191/1191/1191 1193/1193/1193 1192/1192/1192
f 1194/1194/1194 1193/1193/1193 1191/1191/1191
f 1192/1192/1192 1193/1193/1193 1194/1194/1194
f 1195/1195/1195 1197/1197/1197 1196/1196/1196
f 1198/1198/1198 1197/1197/1197 1195/1195/1195
f 1196/1196/1196 1197/1197/1197 1198/1198/1198
f 1199/1199/1199 1201/1201/1201 1200/1200/1200
f 1202/1202/1202 1201/1201/1201 1199/1199/1199
f 1200/1200/1200 1201/1201/1201 1202/1202/1202
f 1203/1203/1203 1205/1205/1205 1204/1204/1204
f 1206/1206/1206 1205/1205/1205 1203/1203/1203
f 1204/1204/1204 1205/1205/1205 1206/1206/1206
f 1207/1207/1207 1209/1209/1209 1208/1208/1208
f 1210/1210/1210 1209/1209/1209 1207/1207/1207
f 1208/1208/1208 1209/1209/1209 1210/1210/1210
f 1211/1211/1211 1213/1213/1213 1212/1212/1212
f 1214/1214/1214 1213/1213/1213 1211/1211/1211
f 1212/1212/1212 1213/1213/1213 1214/1214/1214
f 1215/1215/1215 1217/1217/1217 1216/1216/1216
f 1218/1218/1218 1217/1217/1217 1215/1215/1215
f 1216/1216/1216 1217/1217/1217 1218/1218/1218
f 1219/1219/1219 1221/1221/1221 1220/1220/1220
f 1222/1222/1222 1221/1221/1221 1219/1219/1219
f 1220/1220/1220 1221/1221/1221 1222/1222/1222
f 1223/1223/1223 1225/1225/1225 1224/1224/1224
f 1226/1226/1226 1225/1225/1225 1223/1223/1223
f 1224/1224/1224 1225/1225/1225 1226/1226/1226
f 1227/1227/1227 1229/1229/1229 1228/1228/1228
f 1230/1230/1230 1229/1229/1229 1227/1227/1227
f 1228/1228/1228 1229/1229/1229 1230/1230/1230
f 1231/1231/1231 1233/1233/1233 1232/1232/1232
f 1234/1234/1234 1233/1233/1233 1231/1231/1231
f 1232/1232/1232 1233/1233/1233 1234/1234/1234
f 1235/1235/1235 1237/1237/1237 1236/1236/1236
f 1238/1238/1238 1237/1237/1237 1235/1235/1235
f 1236/1236/1236 1237/1237/1237 1238/1238/1238
f 1239/1239/1239 1241/1241/1241 1240/1240/1240
f 1242/1242/1242 1241/1241/1241 1239/1239/1239
f 1240/1240/1240 1241/1241/1241 1242/1242/1242
f 1243/1243/1243 1245/1245/1245 1244/1244/1244
f 1246/1246/1246 1245/1245/1245 1243/1243/1243
f 1244/1244/1244 1245/1245/1245 1246/1246/1246
f 1247/1247/1247 1249/1249/1249 1248/1248/1248
f 1250/1250/1250 1249/1249/1249 1247/1247/1247
f 1248/1248/1248 1249/1249/1249 1250/1250/1250
f 1251/1251/1251 1253/1253/1253 1252/1252/1252
f 1254/1254/1254 1253/1253/1253 1251/1251/1251
f 1252/1252/1252 1253/1253/1253 1254/1254/1254
f 1255/1255/1255 1257/1257/1257 1256/1256/1256
f 1258/1258/1258 1257/1257/1257 1255/1255/1255
f 1256/1256/1256 1257/1257/1257 1258/1258/1258
f 1259/1259/1259 1261/1261/1261 1260/1260/1260
f 1262/1262/1262 1261/1261/1261 1259/1259/1259
f 1260/1260/1260 1261/1261/1261 1262/1262/1262
f 1263/1263/1263 1265/1265/1265 1264/1264/1264
f 1266/1266/1266 1265/1265/1265 1263/1263/1263
f 1264/1264/1264 1265/1265/1265 1266/1266/1266
f 1267/1267/1267 1269/1269/1269 1268/1268/1268
f 1270/1270/1270 1269/1269/1269 1267/1267/1267
f 1268/1268/1268 1269/1269/1269 1270/1270/1270
f 1271/1271/1271 1273/1273/1273 1272/1272/1272
f 1274/1274/1274 1273/1273/1273 1271/1271/1271
f 1272/1272/1272 1273/1273/1273 1274/1274/1274
f 1275/1275/1275 1277/1277/1277 1276/1276/1276
f 1278/1278/1278 1277/1277/1277 1275/1275/1275
f 1276/1276/1276 1277/1277/1277 1278/1278/1278
f 1279/1279/1279 1281/1281/1281 1280/1280/1280
f 1282/1282/1282 1281/1281/1281 1279/1279/1279
f 1280/1280/1280 1281/1281/1281 1282/1282/1282
f 1283/1283/1283 1285/1285/1285 1284/1284/1284
f 1286/1286/1286 1285/1285/1285 1283/1283/1283
f 1284/1284/1284 1285/1285/1285 1286/1286/1286
f 1287/1287/1287 1289/1289/1289 1288/1288/1288
f 1290/1290/1290 1289/1289/1289 1287/1287/1287
f 1288/1288/1288 1289/1289/1289 1290/1290/1290
f 1291/1291/1291 1293/1293/1293 1292/1292/1292
f 1294/1294/1294 1293/1293/1293 1291/1291/1291
f 1292/1292/1292 1293/1293/1293 1294/1294/1294
f 1295/1295/1295 1297/1297/1297 1296/1296/1296
f 1298/1298/1298 1297/1297/1297 1295/1295/1295
f 1296/1296/1296 1297/1297/1297 1298/1298/1298
f 1299/1299/1299 1301/1301/1301 1300/1300/1300
f 1302/1302/1302 1301/1301/1301 1299/1299/1299
f 1300/1300/1300 1301/1301/1301 1302/1302/1302
f 1303/1303/1303 1305/1305/1305 1304/1304/1304
f 1306/1306/1306 1305/1305/1305 1303/1303/1303
f 1304/1304/1304 1305/1305/1305 1306/1306/1306
f 1307/1307/1307 1309/1309/1309 1308/1308/1308
f 1310/1310/1310 1309/1309/1309 1307/1307/1307
f 1308/1308/1308 1309/1309/1309 1310/1310/1310
f 1311/1311/1311 1313/1313/1313 1312/1312/1312
f 1314/1314/1314 1313/1313/1313 1311/1311/1311
f 1312/1312/1312 1313/1313/1313 1314/1314/1314
f 1315/1315/1315 1317/1317/1317 1316/1316/1316
f 1318/1318/1318 1317/1317/1317 1315/1315/1315
f 1316/1316/1316 1317/1317/1317 1318/1318/1318
f 1319/1319/1319 1321/1321/1321 1320/1320/1320
f 1322/1322/1322 1321/1321/1321 1319/1319/1319
f 1320/1320/1320 1321/1321/1321 1322/1322/1322
f 1323/1323/1323 1325/1325/1325 1324/1324/1324
f 1326/1326/1326 1325/1325/1325 1323/1323/1323
f 1324/1324/1324 1325/1325/1325 1326/1326/1326
f 1327/1327/1327 1329/1329/1329 1328/1328/1328
f 1330/1330/1330 1329/1329/1329 1327/1327/1327
f 1328/1328/1328 1329/1329/1329 1330/1330/1330
f 1331/1331/1331 1333/1333/1333 1332/1332/1332
f 1334/1334/1334 1333/1333/1333 1331/1331/1331
f 1332/1332/1332 1333/1333/1333 1334/1334/1334
f 1335/1335/1335 1337/1337/1337 1336/1336/1336
f 1338/1338/1338 1337/1337/1337 1335/1335/1335
f 1336/1336/1336 1337/1337/1337 1338/1338/1338
f 1339/1339/1339 1341/1341/1341 1340/1340/1340
f 1342/1342/1342 1341/1341/1341 1339/1339/1339
f 1340/1340/1340 1341/1341/1341 1342/1342/1342
f 1343/1343/1343 1345/1345/1345 1344/1344/1344
f 1346/1346/1346 1345/1345/1345 1343/1343/1343
f 1344/1344/1344 1345/1345/1345 1346/1346/1346
f 1347/1347/1347 1349/1349/1349 1348/1348/1348
f 1350/1350/1350 1349/1349/1349 1347/1347/1347
f 1348/1348/1348 1349/1349/1349 1350/1350/1350
f 1351/1351/1351 1353/1353/1353 1352/1352/1352
f 1354/1354/1354 1353/1353/1353 1351/1351/1351
f 1352/1352/1352 1353/1353/1353 1354/1354/1354
f 1355/1355/1355 1357/1357/1357 1356/1356/1356
f 1358/1358/1358 1357/1357/1357 1355/1355/1355
f 1356/1356/1356 1357/1357/1357 1358/1358/1358
f 1359/1359/1359 1361/1361/1361 1360/1360/1360
f 1362/1362/1362 1361/1361/1361 1359/1359/1359
f 1360/1360/1360 1361/1361/1361 1362/1362/1362
f 1363/1363/1363 1365/1365/1365 1364/1364/1364
f 1366/1366/1366 1365/1365/1365 1363/1363/1363
f 1364/1364/1364 1365/1365/1365 1366/1366/1366
f 1367/1367/1367 1369/1369/1369 1368/1368/1368
f 1370/1370/1370 1369/1369/1369 1367/1367/1367
f 1368/1368/1368 1369/1369/1369 1370/1370/1370
f 1371/1371/1371 1373/1373/1373 1372/1372/1372
f 1374/1374/1374 1373/1373/1373 1371/1371/1371
f 1372/1372/1372 1373/1373/1373 1374/1374/1374
f 1375/1375/1375 1377/1377/1377 1376/1376/1376
f 1378/1378/1378 1377/1377/1377 1375/1375/1375
f 1376/1376/1376 1377/1377/1377 1378/1378/1378
f 1379/1379/1379 1381/1381/1381 1380/1380/1380
f 1382/1382/1382 1381/1381/1381 1379/1379/1379
f 1380/1380/1380 1381/1381/1381 1382/1382/1382
f 1383/1383/1383 1385/1385/1385 1384/1384/1384
f 1386/1386/1386 1385/1385/1385 1383/1383/1383
f 1384/1384/1384 1385/1385/1385 1386/1386/1386
f 1387/1387/1387 1389/1389/1389 1388/1388/1388
f 1390/1390/1390 1389/1389/1389 1387/1387/1387
f 1388/1388/1388 1389/1389/1389 1390/1390/1390
f 1391/1391/1391 1393/1393/1393 1392/1392/1392
f 1394/1394/1394 1393/1393/1393 1391/1391/1391
f 1392/1392/1392 1393/1393/1393 1394/1394/1394
f 1395/1395/1395 1397/1397/1397 1396/1396/1396
f 1398/1398/1398 1397/1397/1397 1395/1395/1395
f 1396/1396/1396 1397/1397/1397 1398/1398/1398
f 1399/1399/1399 1401/1401/1401 1400/1400/1400
f 1402/1402/1402 1401/1401/1401 1399/1399/1399
f 1400/1400/1400 1401/1401/1401 1402/1402/1402
f 1403/1403/1403 1405/1405/1405 1404/1404/1404
f 1406/1406/1406 1405/1405/1405 1403/1403/1403
f 1404/1404/1404 1405/1405/1405 1406/1406/1406
f 1407/1407/1407 1409/1409/1409 1408/1408/1408
f 1410/1410/1410 1409/1409/1409 1407/1407/1407
f 1408/1408/1408 1409/1409/1409 1410/1410/1410
f 1411/1411/1411 1413/1413/1413 1412/1412/1412
f 1414/1414/1414 1413/1413/1413 1411/1411/1411
f 1412/1412/1412 1413/1413/1413 1414/1414/1414
f 1415/1415/1415 1417/1417/1417 1416/1416/1416
f 1418/1418/1418 1417/1417/1417 1415/1415/1415
f 1416/1416/1416 1417/1417/1417 1418/1418/1418
f 1419/1419/1419 1421/1421/1421 1420/1420/1420
f 1422/1422/1422 1421/1421/1421 1419/1419/1419
f 1420/1420/1420 1421/1421/1421 1422/1422/1422
f 1423/1423/1423 1425/1425/1425 1424/1424/1424
f 1426/1426/1426 1425/1425/1425 1423/1423/1423
f 1424/1424/1424 1425/1425/1425 1426/1426/1426
f 1427/1427/1427 1429/1429/1429 1428/1428/1428
f 1430/1430/1430 1429/1429/1429 1427/1427/1427
f 1428/1428/1428 1429/1429/1429 1430/1430/1430
f 1431/1431/1431 1433/1433/1433 1432/1432/1432
f 1434/1434/1434 1433/1433/1433 1431/1431/1431
f 1432/1432/1432 1433/1433/1433 1434/1434/1434
f 1435/1435/1435 1437/1437/1437 1436/1436/1436
f 1438/1438/1438 1437/1437/1437 1435/1435/1435
f 1436/1436/1436 1437/1437/1437 1438/1438/1438
f 1439/1439/1439 1441/1441/1441 1440/1440/1440
f 1442/1442/1442 1441/1441/1441 1439/1439/1439
f 1440/1440/1440 1441/1441/1441 1442/1442/1442
f 1443/1443/1443 1445/1445/1445 1444/1444/1444
f 1446/1446/1446 1445/1445/1445 1443/1443/1443
f 1444/1444/1444 1445/1445/1445 1446/1446/1446
f 1447/1447/1447 1449/1449/1449 1448/1448/1448
f 1450/1450/1450 1449/1449/1449 1447/1447/1447
f 1448/1448/1448 1449/1449/1449 1450/1450/1450
f 1451/1451/1451 1453/1453/1453 1452/1452/1452
f 1454/1454/1454 1453/1453/1453 1451/1451/1451
f 1452/1452/1452 1453/1453/1453 1454/1454/1454
f 1455/1455/1455 1457/1457/1457 1456/1456/1456
f 1458/1458/1458 1457/1457/1457 1455/1455/1455
f 1456/1456/1456 1457/1457/1457 1458/1458/1458
