mtllib P_CactusPricklyPear04.mtl
v 0.1528739 -0.0477474 0.04952837
v 0.2066926 -0.04411833 0.02561958
v 0.1893172 -0.04152264 0.008501167
v 0.2748865 0.001786936 0.00873103
v 0.230793 0.00173617 -0.03038014
v 0.1687034 -0.03522336 -0.003385929
v 0.1528739 -0.0477474 0.04952837
v 0.3136117 0.01060629 0.05730509
v 0.2203134 -0.04318818 0.04733725
v 0.1528739 -0.0477474 0.04952837
v 0.3506357 0.09168266 -0.006054729
v 0.4042847 0.1050254 0.06066901
v 0.184773 0.02321022 -0.06029607
v 0.2803 0.09717051 -0.06828924
v 0.1458761 -0.02550457 -0.00967307
v 0.1528739 -0.0477474 0.04952837
v 0.3318717 0.02366631 0.1025667
v 0.4306059 0.1243183 0.1233801
v 0.22706 -0.03972564 0.07021426
v 0.1528739 -0.0477474 0.04952837
v 0.4791207 0.2278449 0.05502409
v 0.4163505 0.2154431 -0.02422755
v 0.5081503 0.2474953 0.1283618
v 0.1336336 0.05339356 -0.08055858
v 0.2055082 0.1261847 -0.1172228
v 0.3329197 0.2235173 -0.09840889
v 0.1233917 -0.01507991 -0.009195925
v 0.1528739 -0.0477474 0.04952837
v 0.5319741 0.3587691 0.04430789
v 0.5602149 0.3720854 0.12212
v 0.4683374 0.3533358 -0.03974742
v 0.4973031 0.265879 0.1851471
v 0.5479968 0.3888 0.1820769
v 0.4217856 0.1403988 0.1718288
v 0.3243923 0.03503283 0.1371237
v 0.2231871 -0.03507774 0.08883515
v 0.1528739 -0.0477474 0.04952837
v 0.5806103 0.4806632 0.1061326
v 0.5566408 0.4772952 0.03124261
v 0.567126 0.4905606 0.163727
v 0.4955466 0.4011126 0.2155519
v 0.4466445 0.2750936 0.2172216
v 0.3782829 0.1477847 0.1989697
v 0.2938567 0.04071562 0.1574858
v 0.5191023 0.5082542 0.1949931
v 0.2070744 -0.03076224 0.09908691
v 0.1528739 -0.0477474 0.04952837
v 0.5584667 0.5793762 0.1301607
v 0.5176659 0.5945897 0.1567417
v 0.569989 0.5711232 0.08115214
v 0.4124889 0.4124244 0.2169456
v 0.3654855 0.2788803 0.2192117
v 0.3076173 0.1484211 0.2003384
v 0.2433693 0.04210944 0.1587823
v 0.442994 0.5282933 0.1954338
v 0.4537981 0.6144477 0.1568485
v 0.1833865 -0.02662638 0.1006882
v 0.1528739 -0.0477474 0.04952837
v 0.2678896 0.2821584 0.1902906
v 0.313576 0.423038 0.1857793
v 0.3529169 0.5470002 0.1649062
v 0.2243598 0.1484634 0.1764248
v 0.1832824 0.04310348 0.1413881
v 0.3785271 0.6353465 0.1304147
v 0.1584431 -0.02247879 0.09532435
v 0.1528739 -0.0477474 0.04952837
v 0.2798591 0.5614202 0.1072069
v 0.2343474 0.4344885 0.1255271
v 0.1781762 0.293813 0.1336409
v 0.1435733 0.1584913 0.1292359
v 0.1314552 0.04628835 0.1131302
v 0.3133684 0.6510962 0.08120436
v 0.1370923 -0.01810017 0.08394907
v 0.1528739 -0.0477474 0.04952837
v 0.1681566 0.4553325 0.04566728
v 0.1099977 0.3186388 0.05736266
v 0.2164128 0.5773338 0.03201223
v 0.0791892 0.1828378 0.06526653
v 0.09299695 0.06437111 0.07229017
v 0.2555676 0.663143 0.01723012
v 0.1204539 -0.01358382 0.06631883
v 0.1528739 -0.0477474 0.04952837
v 0.1789106 0.5893877 -0.04445317
v 0.1300882 0.477773 -0.03614837
v 0.06552629 0.3492188 -0.02506978
v 0.03870527 0.2123128 -0.005637013
v 0.06339116 0.08489679 0.02091853
v 0.2190772 0.6690163 -0.04856975
v 0.1089475 -0.008942372 0.04367664
v 0.1528739 -0.0477474 0.04952837
v 0.1642361 0.5919714 -0.1147803
v 0.1177398 0.4903058 -0.1108286
v 0.05930383 0.3666244 -0.09867921
v 0.02407429 0.231993 -0.07235505
v 0.05323683 0.0979198 -0.02682975
v 0.2085519 0.6673875 -0.1087461
v 0.1034061 -0.006116519 0.01967673
v 0.1528739 -0.0477474 0.04952837
v 0.1714891 0.5848173 -0.1705839
v 0.1273176 0.4891189 -0.1700126
v 0.2172604 0.6604155 -0.1560651
v 0.0743631 0.366447 -0.1552905
v 0.03771081 0.2317073 -0.1223735
v 0.06394716 0.09695011 -0.06237793
v 0.1077314 -0.007629729 0.0003958022
v 0.1528739 -0.0477474 0.04952837
v 0.2621025 0.7185289 -0.127714
v 0.2539343 0.724243 -0.09292691
v 0.3258599 0.747703 -0.08347311
v 0.2632449 0.725307 -0.04785667
v 0.3220207 0.7506873 -0.06476805
v 0.4032735 0.7445588 -0.02854401
v 0.296441 0.7195939 0.001815065
v 0.3298082 0.7506008 -0.04034046
v 0.4032735 0.7445588 -0.02854401
v 0.341621 0.7099267 0.04835283
v 0.3476895 0.7475606 -0.01390026
v 0.4032735 0.7445588 -0.02854401
v 0.3940558 0.69696 0.08397446
v 0.3730616 0.7419937 0.0105242
v 0.4032735 0.7445588 -0.02854401
v 0.4497541 0.6814739 0.1031536
v 0.4028523 0.7345114 0.02919406
v 0.4032735 0.7445588 -0.02854401
v 0.4961568 0.6670462 0.103076
v 0.4323446 0.726307 0.03927172
v 0.4032735 0.7445588 -0.02854401
v 0.5258003 0.6559929 0.08376375
v 0.4567399 0.718722 0.03923091
v 0.4032735 0.7445588 -0.02854401
v 0.4723244 0.7129109 0.02907785
v 0.4032735 0.7445588 -0.02854401
v 0.5341717 0.6499968 0.04815696
v 0.5504784 0.5710873 0.0171772
v 0.4767255 0.7097586 0.01035825
v 0.4032735 0.7445588 -0.02854401
v 0.5199965 0.6499707 0.001676446
v 0.4989108 0.4811123 -0.04955526
v 0.4692731 0.7097449 -0.01407801
v 0.4032735 0.7445588 -0.02854401
v 0.5029053 0.5792739 -0.05202451
v 0.3816559 0.3651814 -0.1180662
v 0.4854327 0.6559185 -0.04860155
v 0.4176575 0.4961933 -0.1244045
v 0.2433143 0.25658 -0.1567737
v 0.4511019 0.7128718 -0.04051071
v 0.4032735 0.7445588 -0.02854401
v 0.4345125 0.5944367 -0.1159177
v 0.2889987 0.396061 -0.1782629
v 0.1353856 0.1689524 -0.1453083
v 0.4357423 0.666935 -0.09502255
v 0.33074 0.5212518 -0.1805416
v 0.1642189 0.3028631 -0.1883539
v 0.09125173 0.08087034 -0.08174875
v 0.1077314 -0.007629729 0.0003958022
v 0.1528739 -0.0477474 0.04952837
v 0.06394716 0.09695011 -0.06237793
v 0.07639734 0.2085264 -0.1479446
v 0.03771081 0.2317073 -0.1223735
v 0.1091608 0.3426187 -0.1868879
v 0.0743631 0.366447 -0.1552905
v 0.218714 0.4337368 -0.2068006
v 0.1634986 0.4670209 -0.2035414
v 0.1273176 0.4891189 -0.1700126
v 0.2631906 0.5475323 -0.2066679
v 0.2076564 0.569859 -0.2029408
v 0.1714891 0.5848173 -0.1705839
v 0.3580053 0.6137992 -0.1640319
v 0.2481454 0.6478764 -0.1834631
v 0.2172604 0.6604155 -0.1560651
v 0.2962435 0.6317923 -0.1866349
v 0.3784904 0.6813427 -0.1305196
v 0.2868325 0.7088138 -0.1473837
v 0.2621025 0.7185289 -0.127714
v 0.3259968 0.6961456 -0.1487675
v 0.4249781 0.7186635 -0.06491569
v 0.4032735 0.7445588 -0.02854401
v 0.394879 0.7262381 -0.08357758
v 0.4032735 0.7445588 -0.02854401
v 0.3653868 0.7344424 -0.09365524
v 0.4032735 0.7445588 -0.02854401
v 0.3410524 0.7420093 -0.09361602
v 0.4032735 0.7445588 -0.02854401
v 0.3258599 0.747703 -0.08347311
v 0.4032735 0.7445588 -0.02854401
v -0.4306405 1.161867 -0.1696926
v -0.4170086 1.149996 -0.1728305
v -0.4172081 1.156056 -0.1613708
v -0.4093865 1.144066 -0.1505837
v -0.4183517 1.15943 -0.1342219
v -0.4164546 1.142298 -0.107177
v -0.4233703 1.163721 -0.1529499
v -0.4306405 1.161867 -0.1696926
v -0.4298814 1.167484 -0.1515568
v -0.4306405 1.161867 -0.1696926
v -0.4316775 1.167727 -0.1312101
v -0.4363232 1.169608 -0.1525125
v -0.4306405 1.161867 -0.1696926
v -0.4434414 1.171965 -0.1319313
v -0.454505 1.159504 -0.1020049
v -0.4381458 1.155433 -0.1017435
v -0.4480074 1.122768 -0.07319047
v -0.4657612 1.127297 -0.07405566
v -0.4605992 1.065318 -0.0522402
v -0.476092 1.068947 -0.05208749
v -0.4658412 1.03597 -0.05452638
v -0.4771485 1.03727 -0.05313004
v -0.4720632 1.010473 -0.05018185
v -0.4795839 1.012203 -0.04939814
v -0.4732281 0.9969178 -0.0694612
v -0.4643053 1.006186 -0.05409206
v -0.4732281 0.9969178 -0.0694612
v -0.4530613 1.03111 -0.05992363
v -0.4394681 1.058161 -0.06037016
v -0.4224676 1.109595 -0.08090024
v -0.4265735 1.043286 -0.08660566
v -0.4448636 1.017409 -0.07514516
v -0.4086719 1.083361 -0.108441
v -0.4564176 0.9975001 -0.06487595
v -0.4732281 0.9969178 -0.0694612
v -0.4230012 1.022636 -0.1118291
v -0.4047398 1.116949 -0.1303731
v -0.4420775 1.007189 -0.09427672
v -0.4021661 1.065803 -0.1443413
v -0.4062506 1.133325 -0.1720373
v -0.3984322 1.103419 -0.1634967
v -0.4143097 1.130258 -0.1854818
v -0.4565338 0.9893863 -0.07838221
v -0.4732281 0.9969178 -0.0694612
v -0.4605733 0.985661 -0.08607014
v -0.4732281 0.9969178 -0.0694612
v -0.4496637 1.000915 -0.1051104
v -0.43611 1.012532 -0.1287141
v -0.4175891 1.057143 -0.1682433
v -0.4663802 0.9836754 -0.09066498
v -0.4732281 0.9969178 -0.0694612
v -0.4585916 0.9971254 -0.1111339
v -0.4114381 1.097811 -0.1852006
v -0.4246452 1.095078 -0.1953173
v -0.4321265 1.054726 -0.179165
v -0.4485442 1.009465 -0.1381806
v -0.4736026 0.9862462 -0.09064358
v -0.4732281 0.9969178 -0.0694612
v -0.4689879 1.001784 -0.1118934
v -0.4500498 1.058598 -0.1796356
v -0.4812422 0.9904969 -0.08705481
v -0.4732281 0.9969178 -0.0694612
v -0.4638719 1.013779 -0.1384591
v -0.4811432 1.008949 -0.1079907
v -0.4891112 0.9989682 -0.0763514
v -0.4732281 0.9969178 -0.0694612
v -0.4410062 1.099139 -0.1955795
v -0.4762622 1.069123 -0.1703444
v -0.4837921 1.025363 -0.1331644
v -0.4951024 1.046363 -0.1106593
v -0.490098 1.01944 -0.0910224
v -0.4236577 1.12928 -0.1937554
v -0.42106 1.148453 -0.1791233
v -0.4306405 1.161867 -0.1696926
v -0.4264608 1.148331 -0.1833323
v -0.4306405 1.161867 -0.1696926
v -0.4360089 1.131232 -0.1930983
v -0.4642107 1.106372 -0.1865848
v -0.4332758 1.149001 -0.183411
v -0.4306405 1.161867 -0.1696926
v -0.4504172 1.135308 -0.1875398
v -0.4921988 1.087111 -0.1377588
v -0.4788922 1.120278 -0.1564005
v -0.4402283 1.151039 -0.1809806
v -0.4306405 1.161867 -0.1696926
v -0.4965611 1.112925 -0.1069092
v -0.4605066 1.146362 -0.1685268
v -0.5002582 1.060891 -0.08170749
v -0.446739 1.157382 -0.1717361
v -0.4306405 1.161867 -0.1696926
v -0.4465902 1.164763 -0.1611
v -0.4306405 1.161867 -0.1696926
v -0.4625183 1.161413 -0.1497244
v -0.482233 1.145252 -0.1302652
v -0.4804248 1.124381 -0.08467475
v -0.4677112 1.15676 -0.1121209
v -0.4533752 1.168701 -0.138826
v -0.4420969 1.168033 -0.1558444
v -0.4306405 1.161867 -0.1696926
v -0.4434414 1.171965 -0.1319313
v -0.4363232 1.169608 -0.1525125
v -0.4306405 1.161867 -0.1696926
v -0.454505 1.159504 -0.1020049
v -0.4657612 1.127297 -0.07405566
v -0.488331 1.066563 -0.0619741
v -0.476092 1.068947 -0.05208749
v -0.4771485 1.03727 -0.05313004
v -0.4851718 1.036838 -0.06131142
v -0.4795839 1.012203 -0.04939814
v -0.4921278 1.032864 -0.07363599
v -0.4850799 1.011057 -0.05475071
v -0.4732281 0.9969178 -0.0694612
v -0.4890137 1.007296 -0.06276473
v -0.4732281 0.9969178 -0.0694612
v -0.4732281 0.9969178 -0.0694612
v -0.2170627 -0.06482384 -0.1751783
v -0.1869696 -0.03661311 -0.1447592
v -0.1804272 -0.03720741 -0.166891
v -0.1728896 0.03069366 -0.1099197
v -0.1570134 0.02271158 -0.1625089
v -0.1797633 -0.0370475 -0.1900472
v -0.2170627 -0.06482384 -0.1751783
v -0.1999971 0.04194833 -0.05929305
v -0.1990188 -0.03546811 -0.1243051
v -0.2170627 -0.06482384 -0.1751783
v -0.1738166 0.1370448 -0.07868374
v -0.2113225 0.1537071 -0.009078282
v -0.1557513 0.02998164 -0.2175268
v -0.1506239 0.1289114 -0.1638293
v -0.1848636 -0.0360689 -0.2131858
v -0.2170627 -0.06482384 -0.1751783
v -0.2317463 0.04984667 -0.02727485
v -0.25546 0.1660297 0.03580007
v -0.2146262 -0.03501746 -0.1093224
v -0.2170627 -0.06482384 -0.1751783
v -0.2319938 0.2848971 0.01781533
v -0.1913888 0.2676823 -0.06485593
v -0.2816263 0.2965397 0.06958011
v -0.1657678 0.04052615 -0.2742102
v -0.1462177 0.1358976 -0.2519848
v -0.1657858 0.2590654 -0.1663503
v -0.19491 -0.0358366 -0.2331158
v -0.2170627 -0.06482384 -0.1751783
v -0.2572481 0.4158977 0.02316245
v -0.307157 0.4211858 0.07785307
v -0.2186826 0.4046108 -0.06398783
v -0.3311868 0.2955714 0.08275905
v -0.3587321 0.4176319 0.0918108
v -0.2977983 0.1656885 0.04729173
v -0.2622275 0.04907537 -0.0199867
v -0.2304881 -0.0366067 -0.104919
v -0.2170627 -0.06482384 -0.1751783
v -0.3285855 0.5228171 0.0605971
v -0.2817383 0.527084 0.008192036
v -0.3764717 0.5136058 0.07410393
v -0.4008498 0.4011608 0.06305473
v -0.3707403 0.2774848 0.05550662
v -0.3312934 0.1498042 0.02382962
v -0.2868426 0.03805808 -0.0359719
v -0.4177341 0.5037473 0.04652483
v -0.2435921 -0.04121507 -0.1138947
v -0.2170627 -0.06482384 -0.1751783
v -0.3863331 0.5917372 0.03067166
v -0.4214657 0.5835088 0.007205253
v -0.3456322 0.5997343 0.01917567
v -0.4281145 0.3794097 -0.004241618
v -0.3952655 0.2500333 -0.008227504
v -0.3514521 0.123761 -0.03119588
v -0.3018017 0.02016597 -0.07536308
v -0.445535 0.4920673 -0.01783535
v -0.4454827 0.576246 -0.04754464
v -0.2525409 -0.04691974 -0.1327517
v -0.2170627 -0.06482384 -0.1751783
v -0.4021366 0.2227291 -0.09895203
v -0.4370652 0.3580041 -0.09992144
v -0.4548417 0.4802274 -0.108741
v -0.3568801 0.09800667 -0.1075853
v -0.3059625 0.002412201 -0.1307857
v -0.4536822 0.5707606 -0.1246824
v -0.2568993 -0.05157541 -0.1557977
v -0.2170627 -0.06482384 -0.1751783
v -0.4447837 0.4743883 -0.2122941
v -0.4276159 0.3483433 -0.2095412
v -0.3925678 0.2105722 -0.2032852
v -0.3486845 0.08653441 -0.1951122
v -0.3009868 -0.008093297 -0.1852355
v -0.4450778 0.5679612 -0.2126048
v -0.2561186 -0.0534025 -0.1788389
v -0.2170627 -0.06482384 -0.1751783
v -0.4016552 0.3562666 -0.3167554
v -0.3692042 0.2212496 -0.3055754
v -0.419053 0.4780201 -0.3138276
v -0.3292524 0.09673527 -0.2808853
v -0.2887654 0.001521683 -0.2385233
v -0.4224364 0.5686837 -0.2987075
v -0.2496929 -0.05200979 -0.2010857
v -0.2170627 -0.06482384 -0.1751783
v -0.3820193 0.4887573 -0.398184
v -0.3636085 0.3765397 -0.4053874
v -0.334445 0.2474465 -0.3900234
v -0.3003038 0.1216016 -0.3522971
v -0.2675725 0.01874389 -0.2902803
v -0.389973 0.5730338 -0.3702937
v -0.2383855 -0.04752056 -0.2216343
v -0.2170627 -0.06482384 -0.1751783
v -0.3369212 0.5000592 -0.4515881
v -0.3171625 0.3976288 -0.461382
v -0.2912886 0.2741725 -0.4433365
v -0.2639281 0.1470054 -0.3991413
v -0.2410802 0.03615689 -0.3233033
v -0.3512673 0.5799662 -0.4157349
v -0.2238759 -0.04203421 -0.237688
v -0.2170627 -0.06482384 -0.1751783
v -0.2898087 0.5098453 -0.4654826
v -0.2683038 0.413873 -0.4759164
v -0.3114256 0.5882047 -0.4276914
v -0.2451915 0.2919986 -0.4571853
v -0.2247528 0.1626537 -0.4113433
v -0.2126946 0.04701744 -0.3309919
v -0.2085301 -0.03751897 -0.242788
v -0.2170627 -0.06482384 -0.1751783
v -0.3335352 0.6506085 -0.3669245
v -0.3624735 0.6446205 -0.3582329
v -0.3544769 0.6910897 -0.2894
v -0.3908788 0.6396636 -0.3253703
v -0.3697871 0.6879688 -0.2848822
v -0.3721732 0.7056781 -0.2026916
v -0.4149222 0.6366316 -0.273605
v -0.3849753 0.6854344 -0.2677418
v -0.3721732 0.7056781 -0.2026916
v -0.4314039 0.6361157 -0.2110648
v -0.3978344 0.6839018 -0.2406444
v -0.3721732 0.7056781 -0.2026916
v -0.4375103 0.6381087 -0.1471076
v -0.4064706 0.6836225 -0.2077497
v -0.3721732 0.7056781 -0.2026916
v -0.4316998 0.6421354 -0.09114245
v -0.4095229 0.6846259 -0.1740407
v -0.3721732 0.7056781 -0.2026916
v -0.4146518 0.6475248 -0.05157948
v -0.4064207 0.6867294 -0.1445927
v -0.3721732 0.7056781 -0.2026916
v -0.3892435 0.6535361 -0.03459288
v -0.3975768 0.6895964 -0.1238568
v -0.3721732 0.7056781 -0.2026916
v -0.3843613 0.6927966 -0.1150027
v -0.3721732 0.7056781 -0.2026916
v -0.3596714 0.659346 -0.04294452
v -0.3055976 0.6062742 -0.02553161
v -0.3688411 0.6958586 -0.1194079
v -0.3721732 0.7056781 -0.2026916
v -0.3304526 0.6640743 -0.07537127
v -0.2450227 0.5254726 -0.07508765
v -0.3534075 0.6983241 -0.1364168
v -0.3721732 0.7056781 -0.2026916
v -0.273021 0.6101345 -0.09654196
v -0.1946052 0.398333 -0.1707774
v -0.30586 0.666952 -0.1268422
v -0.221316 0.5233929 -0.1766631
v -0.1584799 0.266315 -0.2714836
v -0.3404111 0.699818 -0.1634406
v -0.3721732 0.7056781 -0.2026916
v -0.251561 0.6108222 -0.1828652
v -0.18408 0.4031732 -0.281249
v -0.1601819 0.1515823 -0.3301785
v -0.2896156 0.6675342 -0.1895093
v -0.2114218 0.5239109 -0.2813445
v -0.171186 0.2823706 -0.3639829
v -0.185984 0.04794534 -0.3146062
v -0.2085301 -0.03751897 -0.242788
v -0.2170627 -0.06482384 -0.1751783
v -0.2126946 0.04701744 -0.3309919
v -0.1880946 0.1632309 -0.3871709
v -0.2247528 0.1626537 -0.4113433
v -0.2021769 0.2932388 -0.4292634
v -0.2451915 0.2919986 -0.4571853
v -0.193311 0.4132413 -0.3782841
v -0.223619 0.4177151 -0.4466621
v -0.2683038 0.413873 -0.4759164
v -0.2202826 0.5243756 -0.3732589
v -0.2486075 0.5193678 -0.437963
v -0.2898087 0.5098453 -0.4654826
v -0.24381 0.6086294 -0.2716576
v -0.2765748 0.5965123 -0.4043759
v -0.3114256 0.5882047 -0.4276914
v -0.2523884 0.6037084 -0.3495136
v -0.2843717 0.6657839 -0.253929
v -0.3083805 0.656691 -0.3500737
v -0.3335352 0.6506085 -0.3669245
v -0.2910199 0.6619926 -0.3103431
v -0.3318379 0.700115 -0.1963691
v -0.3721732 0.7056781 -0.2026916
v -0.329012 0.6991752 -0.2301994
v -0.3721732 0.7056781 -0.2026916
v -0.3323603 0.6971409 -0.2597794
v -0.3721732 0.7056781 -0.2026916
v -0.3413251 0.694308 -0.28058
v -0.3721732 0.7056781 -0.2026916
v -0.3544769 0.6910897 -0.2894
v -0.3721732 0.7056781 -0.2026916
v 0.4430082 1.232136 -0.1172376
v 0.4769496 1.210113 -0.08499359
v 0.4410986 1.220225 -0.07644255
v 0.4380442 1.185833 -0.04166052
v 0.3614222 1.206145 -0.05074842
v 0.3123443 1.136426 -0.007465038
v 0.4030509 1.230493 -0.08450264
v 0.4430082 1.232136 -0.1172376
v 0.3893676 1.233182 -0.09874287
v 0.4430082 1.232136 -0.1172376
v 0.3310634 1.211959 -0.07989792
v 0.3826591 1.233677 -0.1145153
v 0.4430082 1.232136 -0.1172376
v 0.3146393 1.212816 -0.1077218
v 0.2393123 1.140144 -0.09102111
v 0.2614254 1.144467 -0.05411346
v 0.2220416 1.021278 -0.02582725
v 0.1994897 1.017453 -0.06659044
v 0.2389599 0.8380517 0.001184328
v 0.2175924 0.8328635 -0.03321093
v 0.2872077 0.7578671 0.006068258
v 0.2720261 0.74735 -0.01997931
v 0.3443426 0.6751598 0.007245763
v 0.337898 0.6709814 -0.00876131
v 0.3815494 0.6630579 -0.00893431
v 0.3561888 0.6770544 0.02174748
v 0.3815494 0.6630579 -0.00893431
v 0.316535 0.7648204 0.03280272
v 0.2881764 0.8477823 0.04049155
v 0.2824577 1.019083 0.0264217
v 0.4026642 0.8460782 0.04599251
v 0.3919365 0.7509854 0.04132104
v 0.4202107 0.9895476 0.03828725
v 0.384147 0.6759024 0.03134345
v 0.3815494 0.6630579 -0.00893431
v 0.5137017 0.8195243 0.03600343
v 0.4336343 1.10297 0.004440914
v 0.4701036 0.7454076 0.02986628
v 0.5588802 0.9831092 0.02103726
v 0.5078049 1.171544 -0.05222939
v 0.5441357 1.094751 -0.01096556
v 0.5342952 1.167562 -0.08227224
v 0.412666 0.6709353 0.02067286
v 0.3815494 0.6630579 -0.00893431
v 0.4242286 0.6664944 0.005735848
v 0.3815494 0.6630579 -0.00893431
v 0.4988408 0.7318718 0.00194766
v 0.5570278 0.7982473 -0.005113612
v 0.6135506 0.9689546 -0.03332664
v 0.4293593 0.6610244 -0.01050986
v 0.3815494 0.6630579 -0.00893431
v 0.5120243 0.7182215 -0.02466179
v 0.5860643 1.084848 -0.05890002
v 0.6049435 1.075386 -0.09662701
v 0.6326722 0.9597632 -0.0749089
v 0.5753981 0.7879833 -0.04030843
v 0.422796 0.6604107 -0.02715129
v 0.3815494 0.6630579 -0.00893431
v 0.4964644 0.721667 -0.05319764
v 0.610626 0.9542129 -0.1153152
v 0.4098082 0.6594425 -0.04168979
v 0.3815494 0.6630579 -0.00893431
v 0.5540086 0.7852756 -0.07518826
v 0.4653014 0.7247882 -0.08161832
v 0.3798798 0.6608373 -0.05116015
v 0.3815494 0.6630579 -0.00893431
v 0.5861263 1.073378 -0.1338418
v 0.5523567 0.9495639 -0.1661249
v 0.5070862 0.7911083 -0.1174351
v 0.3952094 0.8140547 -0.1269813
v 0.3863734 0.7270879 -0.08776052
v 0.5492876 1.164477 -0.1107223
v 0.4889952 1.207419 -0.09955531
v 0.4430082 1.232136 -0.1172376
v 0.495178 1.206396 -0.1155929
v 0.4430082 1.232136 -0.1172376
v 0.5338534 1.158794 -0.1372235
v 0.5446372 1.069489 -0.1777162
v 0.4898737 1.20329 -0.1305964
v 0.4430082 1.232136 -0.1172376
v 0.5081234 1.154569 -0.1641916
v 0.4111244 0.9505155 -0.172543
v 0.4256982 1.068412 -0.1827392
v 0.4778796 1.201735 -0.1439273
v 0.4430082 1.232136 -0.1172376
v 0.2743989 0.9844695 -0.1606021
v 0.4361332 1.164555 -0.1710358
v 0.2815635 0.8193752 -0.1129487
v 0.4405462 1.208328 -0.1512311
v 0.4430082 1.232136 -0.1172376
v 0.4010889 1.220046 -0.1431646
v 0.4430082 1.232136 -0.1172376
v 0.3566176 1.185506 -0.1622293
v 0.3051888 1.105687 -0.1734964
v 0.2185675 1.006649 -0.1078529
v 0.2582092 1.130651 -0.1287391
v 0.3287031 1.20182 -0.1346652
v 0.3880839 1.227506 -0.1295804
v 0.4430082 1.232136 -0.1172376
v 0.3146393 1.212816 -0.1077218
v 0.3826591 1.233677 -0.1145153
v 0.4430082 1.232136 -0.1172376
v 0.2393123 1.140144 -0.09102111
v 0.1994897 1.017453 -0.06659044
v 0.2362427 0.825003 -0.06882164
v 0.2175924 0.8328635 -0.03321093
v 0.2720261 0.74735 -0.01997931
v 0.2842059 0.7478532 -0.04903425
v 0.337898 0.6709814 -0.00876131
v 0.310916 0.7444334 -0.07862578
v 0.3423375 0.6692532 -0.02559453
v 0.3815494 0.6630579 -0.00893431
v 0.3525636 0.6657885 -0.04059481
v 0.3815494 0.6630579 -0.00893431
v 0.3815494 0.6630579 -0.00893431
v 0.6937993 1.532931 -0.1189247
v 0.7079582 1.518056 -0.080531
v 0.6760374 1.528797 -0.09675234
v 0.6553738 1.508312 -0.07894753
v 0.6062118 1.531655 -0.124037
v 0.5475478 1.49507 -0.1232502
v 0.6508602 1.539333 -0.1222591
v 0.6937993 1.532931 -0.1189247
v 0.6471499 1.541939 -0.1370834
v 0.6937993 1.532931 -0.1189247
v 0.5982441 1.538043 -0.1549179
v 0.6489081 1.54204 -0.1490308
v 0.6937993 1.532931 -0.1189247
v 0.5983598 1.538956 -0.1781999
v 0.532304 1.502313 -0.2047544
v 0.5330811 1.504792 -0.1737908
v 0.4797435 1.428836 -0.175722
v 0.4802516 1.426456 -0.2090207
v 0.4561813 1.302659 -0.1500023
v 0.4548188 1.299965 -0.1793964
v 0.4653133 1.237224 -0.1243886
v 0.4644259 1.232078 -0.146966
v 0.4809926 1.166322 -0.09526631
v 0.4823703 1.163917 -0.1076423
v 0.5100937 1.146251 -0.08288987
v 0.4838543 1.165651 -0.08055433
v 0.5100937 1.146251 -0.08288987
v 0.4741353 1.23645 -0.09388474
v 0.4730709 1.303581 -0.1044002
v 0.4990837 1.422084 -0.1175606
v 0.5410464 1.28087 -0.04495573
v 0.5136701 1.210106 -0.05046986
v 0.5820262 1.381214 -0.04340161
v 0.4994563 1.158809 -0.05966587
v 0.5100937 1.146251 -0.08288987
v 0.6182664 1.24665 0.003853554
v 0.6191356 1.454139 -0.0569911
v 0.5723307 1.195255 -0.01880402
v 0.6812873 1.354199 0.01559351
v 0.7148193 1.491187 -0.04466553
v 0.7092999 1.434799 -0.005040182
v 0.7461841 1.482913 -0.04679839
v 0.5225442 1.148787 -0.05044645
v 0.5100937 1.146251 -0.08288987
v 0.5355803 1.142544 -0.0527782
v 0.5100937 1.146251 -0.08288987
v 0.6027842 1.180793 -0.02009673
v 0.662617 1.223566 0.002551928
v 0.7388493 1.332278 0.01364207
v 0.5447634 1.136754 -0.05910453
v 0.5100937 1.146251 -0.08288987
v 0.6199546 1.167059 -0.02803236
v 0.7605796 1.420008 -0.007524167
v 0.786667 1.407518 -0.01885739
v 0.7667722 1.319676 0.0003781143
v 0.6876143 1.211057 -0.007662299
v 0.5462906 1.135618 -0.07137033
v 0.5100937 1.146251 -0.08288987
v 0.6207036 1.169154 -0.05126797
v 0.7666406 1.315813 -0.03278049
v 0.5428493 1.135651 -0.08570419
v 0.5100937 1.146251 -0.08288987
v 0.6855767 1.208908 -0.03707563
v 0.6077448 1.171149 -0.08174396
v 0.5260844 1.141254 -0.1062946
v 0.5100937 1.146251 -0.08288987
v 0.7858972 1.405016 -0.04981148
v 0.7447219 1.316611 -0.09037159
v 0.6679301 1.214114 -0.082862
v 0.5951129 1.242822 -0.1425295
v 0.5529508 1.180949 -0.123184
v 0.7668875 1.476151 -0.0550347
v 0.7227909 1.513752 -0.08180323
v 0.6937993 1.532931 -0.1189247
v 0.7329201 1.510733 -0.08763286
v 0.6937993 1.532931 -0.1189247
v 0.7647634 1.471909 -0.07783161
v 0.7656205 1.401443 -0.09911347
v 0.7332503 1.507558 -0.09927361
v 0.6937993 1.532931 -0.1189247
v 0.7526355 1.46879 -0.1078305
v 0.6535437 1.338858 -0.1628579
v 0.6826264 1.416537 -0.1630403
v 0.7278395 1.506281 -0.1137388
v 0.6937993 1.532931 -0.1189247
v 0.5625281 1.384518 -0.2235276
v 0.6991439 1.482389 -0.1520572
v 0.5228174 1.271107 -0.1911229
v 0.7013223 1.513822 -0.1389859
v 0.6937993 1.532931 -0.1189247
v 0.6707414 1.527558 -0.155467
v 0.6937993 1.532931 -0.1189247
v 0.6440281 1.509258 -0.187202
v 0.6038687 1.461714 -0.2173234
v 0.5076813 1.412729 -0.222176
v 0.5583955 1.489799 -0.2160736
v 0.6168221 1.52704 -0.185949
v 0.6576092 1.535745 -0.1545535
v 0.6937993 1.532931 -0.1189247
v 0.5983598 1.538956 -0.1781999
v 0.6489081 1.54204 -0.1490308
v 0.6937993 1.532931 -0.1189247
v 0.532304 1.502313 -0.2047544
v 0.4802516 1.426456 -0.2090207
v 0.4794871 1.288282 -0.189622
v 0.4548188 1.299965 -0.1793964
v 0.4644259 1.232078 -0.146966
v 0.4829723 1.225389 -0.1555444
v 0.4823703 1.163917 -0.1076423
v 0.5089274 1.21189 -0.1567656
v 0.4917591 1.15945 -0.1138466
v 0.5100937 1.146251 -0.08288987
v 0.5042546 1.152581 -0.1158202
v 0.5100937 1.146251 -0.08288987
v 0.5100937 1.146251 -0.08288987
v 0.2391612 1.383903 -0.07584202
v 0.2276808 1.372946 -0.09328339
v 0.241171 1.37713 -0.09846655
v 0.2464081 1.362323 -0.1149972
v 0.270692 1.374773 -0.1103313
v 0.2938839 1.350014 -0.1271881
v 0.2542112 1.383094 -0.09397803
v 0.2391612 1.383903 -0.07584202
v 0.2591162 1.386233 -0.08568054
v 0.2391612 1.383903 -0.07584202
v 0.2810439 1.381823 -0.09340289
v 0.2611475 1.388078 -0.07637706
v 0.2391612 1.383903 -0.07584202
v 0.2859073 1.385365 -0.07690847
v 0.3182828 1.363702 -0.07742964
v 0.3111958 1.360962 -0.09991447
v 0.3367101 1.317305 -0.1022881
v 0.3438235 1.320529 -0.07759064
v 0.3492848 1.247496 -0.09827814
v 0.3563571 1.24975 -0.07719406
v 0.3417315 1.214826 -0.09135258
v 0.3478988 1.214692 -0.07666741
v 0.3424048 1.184864 -0.08623894
v 0.3465684 1.185766 -0.07636008
v 0.3194671 1.173926 -0.07563639
v 0.3342676 1.181837 -0.09499192
v 0.3194671 1.173926 -0.07563639
v 0.3299544 1.212055 -0.1061944
v 0.3308539 1.243714 -0.1231759
v 0.3155247 1.307247 -0.1336419
v 0.2948897 1.234422 -0.1282112
v 0.3075639 1.201115 -0.1103151
v 0.2750609 1.285732 -0.1397574
v 0.3178472 1.175453 -0.100684
v 0.3194671 1.173926 -0.07563639
v 0.2621827 1.217448 -0.121378
v 0.2589668 1.328291 -0.1326147
v 0.284064 1.194292 -0.1049909
v 0.2308645 1.27487 -0.1314253
v 0.220228 1.355472 -0.1090101
v 0.2187264 1.321268 -0.1252203
v 0.2086182 1.354119 -0.09150775
v 0.3018457 1.169404 -0.09414273
v 0.3194671 1.173926 -0.07563639
v 0.2945012 1.166506 -0.08499409
v 0.3194671 1.173926 -0.07563639
v 0.2741988 1.188858 -0.08957834
v 0.2472267 1.208473 -0.09562936
v 0.2098618 1.268782 -0.09896893
v 0.2914896 1.16466 -0.07491761
v 0.3194671 1.173926 -0.07563639
v 0.2704703 1.184972 -0.07463919
v 0.1998211 1.318356 -0.09700071
v 0.193757 1.316064 -0.0741692
v 0.2035547 1.266868 -0.073918
v 0.2414563 1.205753 -0.07418524
v 0.2949508 1.166697 -0.06502415
v 0.3194671 1.173926 -0.07563639
v 0.2748657 1.189143 -0.05996008
v 0.2109829 1.269256 -0.0492176
v 0.3026986 1.169768 -0.05627251
v 0.3194671 1.173926 -0.07563639
v 0.2481842 1.208882 -0.05307879
v 0.2854115 1.194873 -0.04511423
v 0.3189753 1.175933 -0.05057498
v 0.3194671 1.173926 -0.07563639
v 0.2008411 1.318791 -0.05168184
v 0.2334245 1.275951 -0.01786187
v 0.2642821 1.218338 -0.02820588
v 0.2972544 1.23543 -0.023178
v 0.3091248 1.201779 -0.04098492
v 0.203403 1.353804 -0.07474831
v 0.2223288 1.372162 -0.08471748
v 0.2391612 1.383903 -0.07584202
v 0.2200187 1.372346 -0.07530022
v 0.2391612 1.383903 -0.07584202
v 0.2093669 1.354438 -0.05824965
v 0.2209964 1.322235 -0.02440261
v 0.2227504 1.372341 -0.06599465
v 0.2391612 1.383903 -0.07584202
v 0.2217521 1.356121 -0.04131664
v 0.2779431 1.28696 -0.01173689
v 0.2615256 1.329381 -0.01896257
v 0.2284821 1.373287 -0.05769483
v 0.2391612 1.383903 -0.07584202
v 0.3180799 1.30834 -0.02007843
v 0.2481721 1.363075 -0.03664614
v 0.3329516 1.244608 -0.03000387
v 0.24219 1.377564 -0.05320517
v 0.2391612 1.383903 -0.07584202
v 0.2550125 1.383435 -0.05838948
v 0.2391612 1.383903 -0.07584202
v 0.2722161 1.375422 -0.0426379
v 0.2961538 1.350981 -0.02637041
v 0.3377575 1.31798 -0.05254264
v 0.312216 1.361397 -0.05460028
v 0.2817926 1.382142 -0.06014707
v 0.2595377 1.386413 -0.06695795
v 0.2391612 1.383903 -0.07584202
v 0.2859073 1.385365 -0.07690847
v 0.2611475 1.388078 -0.07637706
v 0.2391612 1.383903 -0.07584202
v 0.3182828 1.363702 -0.07742964
v 0.3438235 1.320529 -0.07759064
v 0.3502417 1.247904 -0.05577377
v 0.3563571 1.24975 -0.07719406
v 0.3478988 1.214692 -0.07666741
v 0.3423986 1.215111 -0.06172489
v 0.3465684 1.185766 -0.07636008
v 0.3313026 1.212629 -0.04631772
v 0.3428539 1.185055 -0.06628838
v 0.3194671 1.173926 -0.07563639
v 0.3351203 1.1822 -0.05712168
v 0.3194671 1.173926 -0.07563639
v 0.3194671 1.173926 -0.07563639
v 0.5206909 1.693633 -0.1676644
v 0.5251667 1.690415 -0.1529469
v 0.5155527 1.685887 -0.1586618
v 0.5147983 1.672014 -0.1517734
v 0.4997802 1.668508 -0.1684124
v 0.495727 1.639306 -0.1681494
v 0.5084822 1.683749 -0.1681814
v 0.5206909 1.693633 -0.1676644
v 0.5075766 1.68422 -0.1744446
v 0.5206909 1.693633 -0.1676644
v 0.4974765 1.669714 -0.1815058
v 0.5088774 1.685386 -0.1793637
v 0.5206909 1.693633 -0.1676644
v 0.4990999 1.671331 -0.1909171
v 0.4949296 1.641305 -0.2020625
v 0.491931 1.640672 -0.1894693
v 0.5005557 1.59968 -0.1916055
v 0.504043 1.600845 -0.2051509
v 0.5293247 1.548924 -0.1838696
v 0.5320975 1.549103 -0.1958214
v 0.5503588 1.532353 -0.17544
v 0.5525497 1.530766 -0.184005
v 0.5659011 1.513264 -0.1710367
v 0.5668991 1.512828 -0.1770268
v 0.5846438 1.51869 -0.161142
v 0.5680239 1.514416 -0.1630147
v 0.5846438 1.51869 -0.161142
v 0.551955 1.534828 -0.1633706
v 0.5310099 1.552979 -0.164477
v 0.5042894 1.600374 -0.1670177
v 0.5495495 1.564258 -0.142572
v 0.5656078 1.538427 -0.1482167
v 0.5302247 1.605895 -0.1397444
v 0.5763823 1.517829 -0.1512625
v 0.5846438 1.51869 -0.161142
v 0.5741966 1.570232 -0.1250438
v 0.5195491 1.642021 -0.1438567
v 0.580915 1.546223 -0.1369729
v 0.5575287 1.621648 -0.1184044
v 0.5315158 1.681188 -0.1394347
v 0.5429918 1.658191 -0.1249921
v 0.5430247 1.68791 -0.1399159
v 0.5884289 1.522542 -0.14439
v 0.5846438 1.51869 -0.161142
v 0.5960404 1.525276 -0.1435178
v 0.5846438 1.51869 -0.161142
v 0.5928963 1.549233 -0.1366323
v 0.5934933 1.574573 -0.1252591
v 0.5803303 1.631548 -0.1187637
v 0.6015561 1.526642 -0.1453902
v 0.5846438 1.51869 -0.161142
v 0.6012927 1.550153 -0.1395206
v 0.5619754 1.668651 -0.1255122
v 0.5732457 1.672587 -0.1305545
v 0.5922601 1.636083 -0.1246025
v 0.6043799 1.577942 -0.1298314
v 0.6023318 1.527287 -0.1512875
v 0.5846438 1.51869 -0.161142
v 0.6022264 1.552215 -0.1481563
v 0.5960048 1.636554 -0.1381203
v 0.6003587 1.526355 -0.1591246
v 0.5846438 1.51869 -0.161142
v 0.6068985 1.578856 -0.1418141
v 0.5997753 1.552255 -0.1602704
v 0.5921686 1.522873 -0.1707584
v 0.5846438 1.51869 -0.161142
v 0.5762523 1.673213 -0.1431444
v 0.5933082 1.633073 -0.1625882
v 0.6035502 1.579608 -0.1612944
v 0.5826391 1.574831 -0.1834372
v 0.5874496 1.545405 -0.1751909
v 0.5509877 1.692058 -0.1435398
v 0.5307119 1.693463 -0.15332
v 0.5206909 1.693633 -0.1676644
v 0.5347433 1.695719 -0.1557461
v 0.5206909 1.693633 -0.1676644
v 0.5535023 1.691258 -0.1528556
v 0.5747534 1.668339 -0.1642171
v 0.5366104 1.695348 -0.1606045
v 0.5206909 1.693633 -0.1676644
v 0.552842 1.688002 -0.1657721
v 0.5705562 1.618781 -0.1895532
v 0.555354 1.653462 -0.1880753
v 0.5363786 1.693997 -0.1667933
v 0.5206909 1.693633 -0.1676644
v 0.5400652 1.611809 -0.2112019
v 0.5394821 1.679901 -0.1822574
v 0.5603628 1.562357 -0.2007274
v 0.5298118 1.690443 -0.1762716
v 0.5206909 1.693633 -0.1676644
v 0.519694 1.687331 -0.1820278
v 0.5206909 1.693633 -0.1676644
v 0.5211062 1.675322 -0.1947499
v 0.5274886 1.649455 -0.2073744
v 0.5161659 1.604851 -0.2109678
v 0.5062067 1.645233 -0.2070996
v 0.5079534 1.673062 -0.1944446
v 0.5134749 1.686105 -0.1817289
v 0.5206909 1.693633 -0.1676644
v 0.4990999 1.671331 -0.1909171
v 0.5088774 1.685386 -0.1793637
v 0.5206909 1.693633 -0.1676644
v 0.4949296 1.641305 -0.2020625
v 0.504043 1.600845 -0.2051509
v 0.5427153 1.553203 -0.2004067
v 0.5320975 1.549103 -0.1958214
v 0.5525497 1.530766 -0.184005
v 0.5596927 1.535336 -0.1869672
v 0.5668991 1.512828 -0.1770268
v 0.5708185 1.540856 -0.1866668
v 0.5721863 1.515272 -0.1787989
v 0.5846438 1.51869 -0.161142
v 0.5799545 1.518229 -0.1777488
v 0.5846438 1.51869 -0.161142
v 0.5846438 1.51869 -0.161142
v 0.7844759 1.627426 -0.053301
v 0.7913179 1.617343 -0.04402433
v 0.7807695 1.620829 -0.04221863
v 0.774861 1.608705 -0.03558576
v 0.7572463 1.619675 -0.03924152
v 0.737332 1.600849 -0.03538742
v 0.7714564 1.626308 -0.04531445
v 0.7844759 1.627426 -0.053301
v 0.7685531 1.629502 -0.04989512
v 0.7844759 1.627426 -0.053301
v 0.7510832 1.6267 -0.04855274
v 0.7678745 1.631641 -0.05485217
v 0.7844759 1.627426 -0.053301
v 0.7489309 1.630759 -0.05744318
v 0.7235542 1.615854 -0.06289356
v 0.7269072 1.611885 -0.0504995
v 0.7058278 1.579807 -0.05664223
v 0.7026619 1.584297 -0.07016272
v 0.6942289 1.527663 -0.06767505
v 0.6907498 1.531166 -0.07937563
v 0.6994414 1.502946 -0.07412301
v 0.696017 1.504151 -0.0825872
v 0.6983429 1.480565 -0.08017008
v 0.6960621 1.482132 -0.08575752
v 0.7163016 1.471855 -0.08460751
v 0.7036657 1.477266 -0.07499833
v 0.7163016 1.471855 -0.08460751
v 0.7070134 1.499245 -0.06530736
v 0.705954 1.522179 -0.05293012
v 0.718874 1.568978 -0.0388607
v 0.7325164 1.513009 -0.04751823
v 0.7232888 1.489552 -0.06197458
v 0.7483417 1.550227 -0.03373509
v 0.7154279 1.47122 -0.07095635
v 0.7163016 1.471855 -0.08460751
v 0.7573633 1.498975 -0.04959084
v 0.7626393 1.58226 -0.03122827
v 0.7413612 1.483579 -0.06309976
v 0.7822533 1.540375 -0.03474329
v 0.7950252 1.602624 -0.03678744
v 0.7935972 1.575455 -0.03173247
v 0.8053032 1.602225 -0.04503048
v 0.7279366 1.466286 -0.07342538
v 0.7163016 1.471855 -0.08460751
v 0.7342029 1.464351 -0.07783949
v 0.7163016 1.471855 -0.08460751
v 0.7499943 1.480022 -0.0708573
v 0.7706311 1.493186 -0.06269828
v 0.80079 1.536941 -0.05047333
v 0.7372944 1.46349 -0.08308366
v 0.7163016 1.471855 -0.08460751
v 0.7539788 1.47791 -0.07883383
v 0.8102852 1.574246 -0.04508312
v 0.8167777 1.573771 -0.056839
v 0.8076711 1.536893 -0.06334272
v 0.7767664 1.492304 -0.07379375
v 0.7355871 1.465886 -0.08848235
v 0.7163016 1.471855 -0.08460751
v 0.7520472 1.482299 -0.08664203
v 0.8042377 1.540763 -0.07698843
v 0.7305614 1.469199 -0.09360801
v 0.7163016 1.471855 -0.08460751
v 0.7735808 1.496457 -0.08537532
v 0.7455123 1.488187 -0.09500989
v 0.7189013 1.475072 -0.0976617
v 0.7163016 1.471855 -0.08460751
v 0.8134267 1.577731 -0.06923544
v 0.7901223 1.549099 -0.09526758
v 0.7638201 1.506135 -0.09924694
v 0.7397968 1.521083 -0.1034952
v 0.7280945 1.494881 -0.09892372
v 0.810696 1.602877 -0.05343166
v 0.7960932 1.617071 -0.04810625
v 0.7844759 1.627426 -0.053301
v 0.7986647 1.617742 -0.05285231
v 0.7844759 1.627426 -0.053301
v 0.8076084 1.604782 -0.06275519
v 0.8005854 1.583205 -0.08546279
v 0.7973909 1.618511 -0.05808448
v 0.7844759 1.627426 -0.053301
v 0.7997174 1.607828 -0.07286435
v 0.7572156 1.560068 -0.101963
v 0.7705172 1.590997 -0.09179861
v 0.7937847 1.620079 -0.06299109
v 0.7844759 1.627426 -0.053301
v 0.726747 1.577711 -0.09938313
v 0.7802921 1.614728 -0.07734258
v 0.7124122 1.529342 -0.1025857
v 0.7839068 1.624309 -0.06634048
v 0.7844759 1.627426 -0.053301
v 0.7739232 1.629043 -0.0642812
v 0.7844759 1.627426 -0.053301
v 0.7619385 1.624879 -0.07531839
v 0.7443203 1.608599 -0.08911768
v 0.7093379 1.583778 -0.08312473
v 0.7300481 1.615369 -0.07464949
v 0.7533883 1.629256 -0.06627627
v 0.7698509 1.630942 -0.05987321
v 0.7844759 1.627426 -0.053301
v 0.7489309 1.630759 -0.05744318
v 0.7678745 1.631641 -0.05485217
v 0.7844759 1.627426 -0.053301
v 0.7235542 1.615854 -0.06289356
v 0.7026619 1.584297 -0.07016272
v 0.6971751 1.53093 -0.09032751
v 0.6907498 1.531166 -0.07937563
v 0.696017 1.504151 -0.0825872
v 0.7014951 1.505223 -0.08991294
v 0.6960621 1.482132 -0.08575752
v 0.7111637 1.503848 -0.09721834
v 0.6997258 1.482098 -0.09080262
v 0.7163016 1.471855 -0.08460751
v 0.7062907 1.480177 -0.09518107
v 0.7163016 1.471855 -0.08460751
v 0.7163016 1.471855 -0.08460751
v -0.3107317 1.014358 -0.3834884
v -0.2792888 0.9996695 -0.3915133
v -0.2906422 1.00806 -0.3664716
v -0.2762322 0.9870039 -0.347567
v -0.310702 1.007253 -0.3109848
v -0.3112552 0.9698967 -0.2622007
v -0.3106045 1.017286 -0.3479879
v -0.3107317 1.014358 -0.3834884
v -0.3232169 1.020243 -0.3463717
v -0.3107317 1.014358 -0.3834884
v -0.3368475 1.014263 -0.3074134
v -0.3338779 1.021154 -0.3490392
v -0.3107317 1.014358 -0.3834884
v -0.3573584 1.01645 -0.3098477
v -0.3817298 0.9801031 -0.2576526
v -0.3540572 0.9806038 -0.2551706
v -0.362043 0.9081367 -0.2113223
v -0.3918406 0.9079523 -0.2151102
v -0.3532048 0.7908825 -0.1899945
v -0.3794706 0.7898839 -0.191636
v -0.3392628 0.7360498 -0.201483
v -0.3597468 0.7315198 -0.2017488
v -0.3233163 0.6778337 -0.2196192
v -0.3346102 0.6760802 -0.2215704
v -0.3165301 0.6637426 -0.2459065
v -0.3105653 0.6771579 -0.2212026
v -0.3165301 0.6637426 -0.2459065
v -0.3129683 0.7362972 -0.208196
v -0.3137094 0.7914827 -0.2008836
v -0.312398 0.9000236 -0.2216322
v -0.2677523 0.7764097 -0.2564479
v -0.2801728 0.7176985 -0.2426792
v -0.2561156 0.8646249 -0.2835518
v -0.2938076 0.6719307 -0.2333844
v -0.3165301 0.6637426 -0.2459065
v -0.2326515 0.7458832 -0.313545
v -0.2613643 0.9340923 -0.3154489
v -0.2569243 0.7044204 -0.2859633
v -0.2124693 0.8438162 -0.360525
v -0.251136 0.9737459 -0.3937756
v -0.222542 0.9199939 -0.3855034
v -0.2557071 0.9686155 -0.4201868
v -0.2881293 0.6644907 -0.2523694
v -0.3165301 0.6637426 -0.2459065
v -0.2916516 0.6599779 -0.2635938
v -0.3165301 0.6637426 -0.2459065
v -0.2613356 0.6919798 -0.3097195
v -0.2388536 0.7265915 -0.3488959
v -0.2199312 0.8281875 -0.4088364
v -0.2984383 0.6556759 -0.2718249
v -0.3165301 0.6637426 -0.2459065
v -0.2709504 0.6813962 -0.3251037
v -0.2292795 0.9104029 -0.4285904
v -0.2422208 0.9016123 -0.4515513
v -0.2346942 0.8195385 -0.4335223
v -0.25073 0.7173912 -0.3705456
v -0.309546 0.655874 -0.2748075
v -0.3165301 0.6637426 -0.2459065
v -0.2913403 0.6851007 -0.3285228
v -0.2645117 0.817958 -0.4367712
v -0.322064 0.6567095 -0.2736343
v -0.3165301 0.6637426 -0.2459065
v -0.2769814 0.7178473 -0.3727897
v -0.317582 0.6905201 -0.3239792
v -0.3387086 0.6616322 -0.2615217
v -0.3165301 0.6637426 -0.2459065
v -0.2698882 0.9010902 -0.4540385
v -0.31423 0.8204626 -0.4242877
v -0.3161408 0.7267291 -0.36586
v -0.3618692 0.7548231 -0.3154262
v -0.3504074 0.7015895 -0.2866918
v -0.2649271 0.9644477 -0.4383149
v -0.281731 0.9969046 -0.4040321
v -0.3107317 1.014358 -0.3834884
v -0.2878008 0.995232 -0.4130808
v -0.3107317 1.014358 -0.3834884
v -0.2855086 0.9617803 -0.4388618
v -0.3128815 0.8992732 -0.4421143
v -0.2985078 0.9930566 -0.4145453
v -0.3107317 1.014358 -0.3834884
v -0.311794 0.9598334 -0.4317867
v -0.3708305 0.8383139 -0.3554379
v -0.3632043 0.9107343 -0.3792669
v -0.3111785 0.9923553 -0.411497
v -0.3107317 1.014358 -0.3834884
v -0.4141583 0.8766906 -0.2854031
v -0.3464401 0.9709011 -0.3915628
v -0.3971979 0.7723339 -0.2532016
v -0.3311994 0.9987582 -0.3918868
v -0.3107317 1.014358 -0.3834884
v -0.3424942 1.009972 -0.3679716
v -0.3107317 1.014358 -0.3834884
v -0.3713599 0.9933407 -0.3489961
v -0.4015946 0.9491766 -0.318812
v -0.4066161 0.8982435 -0.2393804
v -0.3946617 0.9712906 -0.2806154
v -0.3666469 1.007428 -0.3260872
v -0.3399936 1.016395 -0.3568847
v -0.3107317 1.014358 -0.3834884
v -0.3573584 1.01645 -0.3098477
v -0.3338779 1.021154 -0.3490392
v -0.3107317 1.014358 -0.3834884
v -0.3817298 0.9801031 -0.2576526
v -0.3918406 0.9079523 -0.2151102
v -0.3912916 0.7821469 -0.2138616
v -0.3794706 0.7898839 -0.191636
v -0.3597468 0.7315198 -0.2017488
v -0.3692771 0.7291657 -0.2202914
v -0.3346102 0.6760802 -0.2215704
v -0.3736262 0.7223848 -0.2462073
v -0.3411933 0.6737334 -0.2308218
v -0.3165301 0.6637426 -0.2459065
v -0.3444996 0.6693748 -0.2424675
v -0.3165301 0.6637426 -0.2459065
v -0.3165301 0.6637426 -0.2459065
v -0.5306062 1.041594 0.0721448
v -0.4996618 1.048219 0.04674651
v -0.5038416 1.033097 0.07703414
v -0.4766413 1.007373 0.07325006
v -0.4984327 0.985029 0.1242594
v -0.4674321 0.9170884 0.1350778
v -0.517392 1.019643 0.1031496
v -0.5306062 1.041594 0.0721448
v -0.5288873 1.015554 0.1091625
v -0.5306062 1.041594 0.0721448
v -0.5220503 0.9772716 0.1371592
v -0.5397667 1.013446 0.109836
v -0.5306062 1.041594 0.0721448
v -0.5420124 0.9717435 0.1409332
v -0.5308778 0.8917297 0.1596524
v -0.5050023 0.9029422 0.1561774
v -0.4816917 0.8013416 0.1482182
v -0.5106155 0.7902696 0.1518479
v -0.4360462 0.6827038 0.08242067
v -0.460961 0.6709402 0.08672442
v -0.408487 0.647648 0.02618657
v -0.4263554 0.6343623 0.0275344
v -0.3800453 0.6151633 -0.03908415
v -0.3907185 0.6097906 -0.03936861
v -0.3773939 0.6241645 -0.07508652
v -0.3683265 0.6215122 -0.04419089
v -0.3773939 0.6241645 -0.07508652
v -0.3859628 0.6646686 0.01386256
v -0.4025467 0.7090476 0.06337011
v -0.4381998 0.8235509 0.1230887
v -0.3720459 0.7558494 -0.009183638
v -0.3599589 0.6873113 -0.03940136
v -0.3987828 0.860178 0.03217625
v -0.3547156 0.6330934 -0.06325267
v -0.3773939 0.6241645 -0.07508652
v -0.34715 0.784794 -0.09238875
v -0.4349187 0.943565 0.05704625
v -0.3475051 0.7166343 -0.09398744
v -0.3754776 0.9158978 -0.06320779
v -0.4653757 1.039261 0.01766036
v -0.418078 0.9978802 -0.02380782
v -0.4764114 1.051253 -0.008672137
v -0.3529729 0.6424248 -0.08732387
v -0.3773939 0.6241645 -0.07508652
v -0.3583794 0.6446891 -0.09993152
v -0.3773939 0.6241645 -0.07508652
v -0.3551297 0.7202073 -0.1236706
v -0.3578975 0.7895722 -0.1372541
v -0.3927559 0.9325999 -0.1164442
v -0.3659729 0.6435275 -0.1089006
v -0.3773939 0.6241645 -0.07508652
v -0.3655936 0.7171419 -0.1431717
v -0.4350007 1.01667 -0.06789342
v -0.4516048 1.019075 -0.09191351
v -0.4116717 0.9355218 -0.1414353
v -0.372946 0.7911643 -0.1606911
v -0.3774443 0.640736 -0.1086346
v -0.3773939 0.6241645 -0.07508652
v -0.3870982 0.7135813 -0.1382623
v -0.4402502 0.9227454 -0.1381285
v -0.3891275 0.6349291 -0.1038265
v -0.3773939 0.6241645 -0.07508652
v -0.3985198 0.7811499 -0.1557982
v -0.4121356 0.7032473 -0.1234839
v -0.4025535 0.6231734 -0.08509075
v -0.3773939 0.6241645 -0.07508652
v -0.4782661 1.0077 -0.08764323
v -0.4838876 0.8933992 -0.1127058
v -0.4360967 0.7663414 -0.1329955
v -0.4723183 0.7350559 -0.05495837
v -0.4347871 0.6717942 -0.07356075
v -0.4894974 1.056116 -0.02573369
v -0.5050895 1.053467 0.03412381
v -0.5306062 1.041594 0.0721448
v -0.5131372 1.055591 0.02628928
v -0.5306062 1.041594 0.0721448
v -0.508162 1.044669 -0.02316646
v -0.5143257 0.9779205 -0.06774551
v -0.5229636 1.049761 0.02596414
v -0.5306062 1.041594 0.0721448
v -0.5300009 1.025859 -0.01184127
v -0.5210007 0.8348337 -0.0236166
v -0.5434193 0.9210652 0.007515348
v -0.5336373 1.041174 0.03123666
v -0.5306062 1.041594 0.0721448
v -0.5466179 0.8010768 0.07359842
v -0.5514411 0.9918615 0.03910372
v -0.4914956 0.6906022 0.0227646
v -0.5470515 1.024136 0.05730863
v -0.5306062 1.041594 0.0721448
v -0.5513675 1.012598 0.08763975
v -0.5306062 1.041594 0.0721448
v -0.5630579 0.9716278 0.09475783
v -0.5636801 0.8971296 0.09114019
v -0.5292822 0.791891 0.1266348
v -0.5482625 0.8939714 0.1364288
v -0.5537989 0.970688 0.1226659
v -0.5467612 1.011847 0.1010029
v -0.5306062 1.041594 0.0721448
v -0.5420124 0.9717435 0.1409332
v -0.5397667 1.013446 0.109836
v -0.5306062 1.041594 0.0721448
v -0.5308778 0.8917297 0.1596524
v -0.5106155 0.7902696 0.1518479
v -0.476624 0.6742891 0.06389673
v -0.460961 0.6709402 0.08672442
v -0.4263554 0.6343623 0.0275344
v -0.4404642 0.6410168 0.01158886
v -0.3907185 0.6097906 -0.03936861
v -0.450588 0.6512672 -0.01563907
v -0.3990915 0.6112137 -0.0477789
v -0.3773939 0.6241645 -0.07508652
v -0.4044802 0.614015 -0.06069515
v -0.3773939 0.6241645 -0.07508652
v -0.3773939 0.6241645 -0.07508652
v -0.5380685 1.187891 0.06359647
v -0.5460401 1.180429 0.07350589
v -0.5488262 1.179684 0.06349294
v -0.5546654 1.166527 0.06291039
v -0.5530895 1.170488 0.04395945
v -0.556269 1.147235 0.03330326
v -0.5467858 1.18164 0.05347862
v -0.5380685 1.187891 0.06359647
v -0.5426443 1.183953 0.0495691
v -0.5380685 1.187891 0.06359647
v -0.544739 1.175557 0.03561706
v -0.5378877 1.186147 0.04787539
v -0.5380685 1.187891 0.06359647
v -0.5362848 1.179373 0.03170561
v -0.5307708 1.15876 0.01431055
v -0.5427045 1.155009 0.01951945
v -0.5345305 1.121183 0.0112972
v -0.5214996 1.125577 0.005984558
v -0.5188648 1.073888 0.01726751
v -0.5075929 1.077116 0.01215973
v -0.5095843 1.05519 0.02917289
v -0.5013508 1.056083 0.0251294
v -0.501309 1.036341 0.03494888
v -0.4959518 1.037585 0.03201319
v -0.4949118 1.035391 0.05277652
v -0.5058967 1.034677 0.04101561
v -0.4949118 1.035391 0.05277652
v -0.517683 1.053501 0.03760652
v -0.5325356 1.071355 0.03034019
v -0.5506606 1.114146 0.02748721
v -0.5355443 1.071717 0.05652685
v -0.5191377 1.050226 0.05496967
v -0.5522566 1.107293 0.05923502
v -0.508694 1.03294 0.05339287
v -0.4949118 1.035391 0.05277652
v -0.5306054 1.06822 0.08217895
v -0.557147 1.139247 0.0613512
v -0.5163535 1.051269 0.07229192
v -0.548282 1.110284 0.09139461
v -0.5516714 1.168185 0.0820536
v -0.554157 1.143805 0.09003784
v -0.5427035 1.17225 0.09029029
v -0.5049793 1.033176 0.065497
v -0.4949118 1.035391 0.05277652
v -0.4999612 1.03413 0.07111753
v -0.4949118 1.035391 0.05277652
v -0.5076575 1.052018 0.08018062
v -0.5160113 1.069234 0.09430627
v -0.5309654 1.115389 0.1070535
v -0.4943963 1.035045 0.07359932
v -0.4949118 1.035391 0.05277652
v -0.4991549 1.052481 0.08360006
v -0.539574 1.14992 0.1035955
v -0.5272694 1.153071 0.1083142
v -0.5175555 1.119168 0.1118726
v -0.5043544 1.07184 0.09890619
v -0.4892789 1.037169 0.07090361
v -0.4949118 1.035391 0.05277652
v -0.4918145 1.056525 0.07986289
v -0.504352 1.122956 0.1065203
v -0.484722 1.038939 0.06509063
v -0.4949118 1.035391 0.05277652
v -0.4932503 1.075708 0.09385049
v -0.4843256 1.060384 0.07164919
v -0.4818896 1.040563 0.05285589
v -0.4949118 1.035391 0.05277652
v -0.5153323 1.156815 0.1031099
v -0.4875331 1.127556 0.09017713
v -0.4807652 1.082392 0.08117996
v -0.47936 1.087697 0.05540125
v -0.4820517 1.060774 0.0542268
v -0.5339651 1.175604 0.09398738
v -0.5416102 1.182273 0.07733932
v -0.5380685 1.187891 0.06359647
v -0.5367315 1.184269 0.07892306
v -0.5380685 1.187891 0.06359647
v -0.5249132 1.17731 0.08993389
v -0.5002276 1.159143 0.08895748
v -0.531595 1.185122 0.07713869
v -0.5380685 1.187891 0.06359647
v -0.5154608 1.178484 0.08132821
v -0.483776 1.126771 0.05786314
v -0.4963523 1.156538 0.06013327
v -0.5270031 1.185843 0.07312453
v -0.5380685 1.187891 0.06359647
v -0.4899141 1.131426 0.02627047
v -0.5127539 1.178447 0.06207075
v -0.4826962 1.08553 0.02934177
v -0.524615 1.18657 0.063008
v -0.5380685 1.187891 0.06359647
v -0.5277488 1.187054 0.05309723
v -0.5380685 1.187891 0.06359647
v -0.5168791 1.180787 0.04323406
v -0.5023398 1.162574 0.03222288
v -0.5079612 1.128894 0.01077217
v -0.518465 1.161903 0.01903385
v -0.5269499 1.180617 0.03526068
v -0.5326293 1.186801 0.04936844
v -0.5380685 1.187891 0.06359647
v -0.5362848 1.179373 0.03170561
v -0.5378877 1.186147 0.04787539
v -0.5380685 1.187891 0.06359647
v -0.5307708 1.15876 0.01431055
v -0.5214996 1.125577 0.005984558
v -0.4961284 1.080355 0.01681203
v -0.5075929 1.077116 0.01215973
v -0.5013508 1.056083 0.0251294
v -0.4937358 1.059698 0.02885536
v -0.4959518 1.037585 0.03201319
v -0.4856538 1.062611 0.03696484
v -0.4906371 1.039377 0.03473511
v -0.4949118 1.035391 0.05277652
v -0.4856391 1.040439 0.04060978
v -0.4949118 1.035391 0.05277652
v -0.4949118 1.035391 0.05277652
v -0.06778623 0.5095187 0.2220839
v -0.0660727 0.4845113 0.2644619
v -0.09231278 0.4781649 0.232421
v -0.1009439 0.4304808 0.2329167
v -0.1348408 0.4385668 0.1672406
v -0.1474455 0.3518648 0.1303632
v -0.1069973 0.4824288 0.1952875
v -0.06778623 0.5095187 0.2220839
v -0.1033279 0.4904688 0.1788115
v -0.06778623 0.5095187 0.2220839
v -0.1290015 0.4560647 0.1319974
v -0.09461871 0.4988442 0.1676599
v -0.06778623 0.5095187 0.2220839
v -0.1159539 0.4701714 0.1071641
v -0.1187457 0.3932469 0.03357212
v -0.1391274 0.3790633 0.06900474
v -0.1072036 0.2586802 0.02483544
v -0.08571302 0.275924 -0.01230809
v -0.01884861 0.09519181 0.02163951
v 0.0001915097 0.1083341 -0.01214997
v 0.03824162 0.03222989 0.05007458
v 0.05580187 0.03702954 0.02316393
v 0.1084838 -0.03284919 0.08329133
v 0.1179201 -0.02688243 0.0709172
v 0.1659008 -0.04441896 0.09990922
v 0.1040717 -0.03934441 0.1003004
v 0.1659008 -0.04441896 0.09990922
v 0.02822584 0.02565086 0.08962005
v -0.03290911 0.08581851 0.08286847
v -0.1192343 0.233376 0.09957515
v 0.008653626 0.09463411 0.1829044
v 0.06025504 0.01814269 0.1569087
v -0.05862909 0.2188623 0.2130251
v 0.1121671 -0.04386507 0.1305057
v 0.1659008 -0.04441896 0.09990922
v 0.07328115 0.0921145 0.2683108
v -0.09229344 0.3333169 0.2237425
v 0.1017321 0.02962765 0.2173446
v 0.00924024 0.2430374 0.3158554
v -0.05788447 0.4434761 0.2954841
v -0.03446113 0.361082 0.316072
v -0.02279626 0.462118 0.3106076
v 0.1335132 -0.03785984 0.1528459
v 0.1659008 -0.04441896 0.09990922
v 0.1503531 -0.03099087 0.1573551
v 0.1659008 -0.04441896 0.09990922
v 0.1407802 0.03758642 0.2292392
v 0.1319754 0.1027873 0.2866572
v 0.07834375 0.2699754 0.3426675
v 0.1660433 -0.02496122 0.155611
v 0.1659008 -0.04441896 0.09990922
v 0.1731391 0.04258609 0.2291162
v 0.02311721 0.3901145 0.3401453
v 0.06388659 0.4051029 0.3429657
v 0.1220691 0.287266 0.3449284
v 0.1709677 0.1157449 0.2889017
v 0.1772337 -0.01771883 0.1428683
v 0.1659008 -0.04441896 0.09990922
v 0.1860385 0.0596196 0.205538
v 0.1465055 0.3017926 0.3111673
v 0.1844653 -0.01266313 0.1253022
v 0.1659008 -0.04441896 0.09990922
v 0.1896318 0.1306111 0.2569886
v 0.1931105 0.07431551 0.1690774
v 0.1795068 -0.01043187 0.09380821
v 0.1659008 -0.04441896 0.09990922
v 0.08526492 0.4191331 0.3121146
v 0.1648948 0.3159302 0.2439547
v 0.1992394 0.1533804 0.202421
v 0.1500221 0.1644522 0.1066688
v 0.1657327 0.07026649 0.09995972
v 0.005779743 0.4770429 0.3130153
v -0.04892763 0.4930601 0.2712816
v -0.06778623 0.5095187 0.2220839
v -0.03397237 0.5015634 0.2713217
v -0.06778623 0.5095187 0.2220839
v 0.02241069 0.4838452 0.2885528
v 0.1073544 0.4246195 0.2542406
v -0.0233876 0.5052273 0.2593515
v -0.06778623 0.5095187 0.2220839
v 0.03634319 0.4868246 0.2523392
v 0.122569 0.3001251 0.1258769
v 0.07825177 0.4012931 0.1503495
v -0.01718567 0.5075459 0.2417492
v -0.06778623 0.5095187 0.2220839
v 0.03012293 0.304556 0.01194569
v 0.01309879 0.4789512 0.1819152
v 0.09188724 0.1484794 0.01333026
v -0.02898382 0.5072661 0.2025079
v -0.06778623 0.5095187 0.2220839
v -0.05746071 0.5053388 0.1707557
v -0.06778623 0.5095187 0.2220839
v -0.04036358 0.4801404 0.118399
v -0.007319326 0.4118518 0.05394391
v -0.04418214 0.2906344 -0.01357917
v -0.07680311 0.4059377 0.03364144
v -0.08385552 0.4766429 0.1072085
v -0.07761452 0.5025973 0.1657132
v -0.06778623 0.5095187 0.2220839
v -0.1159539 0.4701714 0.1071641
v -0.09461871 0.4988442 0.1676599
v -0.06778623 0.5095187 0.2220839
v -0.1187457 0.3932469 0.03357212
v -0.08571302 0.275924 -0.01230809
v 0.03805311 0.1238124 -0.01017586
v 0.0001915097 0.1083341 -0.01214997
v 0.05580187 0.03702954 0.02316393
v 0.08311804 0.05474226 0.02511297
v 0.1179201 -0.02688243 0.0709172
v 0.1190326 0.07101273 0.03952843
v 0.1352489 -0.01948331 0.06853662
v 0.1659008 -0.04441896 0.09990922
v 0.1549025 -0.01400332 0.07237205
v 0.1659008 -0.04441896 0.09990922
v 0.1659008 -0.04441896 0.09990922
v 0.01530349 1.037753 -0.1456881
v 0.04490739 1.044525 -0.1290271
v 0.02082273 1.031637 -0.1179515
v 0.03268912 1.009846 -0.09456995
v -0.01562223 0.9900981 -0.0911141
v -0.0116687 0.9324898 -0.05737998
v -0.004668415 1.019463 -0.118372
v 0.01530349 1.037753 -0.1456881
v -0.01397881 1.015166 -0.1266102
v 0.01530349 1.037753 -0.1456881
v -0.03640673 0.9814399 -0.1077338
v -0.01882452 1.012543 -0.1367643
v 0.01530349 1.037753 -0.1456881
v -0.04843515 0.9747176 -0.1248468
v -0.06245651 0.9034909 -0.1068345
v -0.04754357 0.9161484 -0.08402056
v -0.01949367 0.8299528 -0.06337389
v -0.03510988 0.8173019 -0.08896073
v 0.08769805 0.724036 -0.04810857
v 0.07813843 0.7104847 -0.06899426
v 0.1578809 0.6912202 -0.04859244
v 0.1564507 0.6762968 -0.06378279
v 0.2239576 0.6602498 -0.05601294
v 0.2228037 0.6549689 -0.06513473
v 0.2535244 0.6525863 -0.08002551
v 0.2284424 0.6667574 -0.04861697
v 0.2535244 0.6525863 -0.08002551
v 0.1672699 0.7101687 -0.03452514
v 0.1077405 0.7522407 -0.02649496
v 0.02101974 0.8541057 -0.03290065
v 0.1611983 0.7974156 -0.03482225
v 0.2047451 0.7341704 -0.03785406
v 0.1054356 0.8875553 -0.03980029
v 0.2408395 0.6787523 -0.04653527
v 0.2535244 0.6525863 -0.08002551
v 0.2242345 0.8246821 -0.0537622
v 0.06191409 0.9557378 -0.06343182
v 0.2365505 0.7627314 -0.05468592
v 0.175236 0.9339311 -0.06772558
v 0.076377 1.036875 -0.1118785
v 0.1214896 1.000979 -0.08912545
v 0.09159433 1.046386 -0.1358066
v 0.253184 0.6893782 -0.05678777
v 0.2535244 0.6525863 -0.08002551
v 0.2585841 0.6920396 -0.06780323
v 0.2535244 0.6525863 -0.08002551
v 0.2529622 0.7653284 -0.07717866
v 0.2519994 0.8274055 -0.08711921
v 0.2067896 0.9464398 -0.111616
v 0.2619558 0.6912937 -0.07887986
v 0.2535244 0.6525863 -0.08002551
v 0.2633003 0.7617698 -0.09695667
v 0.1465786 1.015469 -0.1279255
v 0.159005 1.016415 -0.1558984
v 0.2193553 0.947706 -0.1422311
v 0.2640758 0.8274223 -0.1134231
v 0.2603334 0.6862763 -0.08964758
v 0.2535244 0.6525863 -0.08002551
v 0.2539479 0.7562636 -0.1145357
v 0.2074112 0.9347007 -0.1677718
v 0.2567417 0.6783783 -0.09811422
v 0.2535244 0.6525863 -0.08002551
v 0.2507809 0.8165271 -0.1355186
v 0.2396283 0.7440632 -0.1298236
v 0.2463966 0.6639395 -0.1008922
v 0.2535244 0.6525863 -0.08002551
v 0.1474864 1.005088 -0.179001
v 0.176483 0.9073424 -0.1959379
v 0.2225992 0.8003271 -0.1592707
v 0.1643628 0.7682425 -0.1519458
v 0.2124221 0.7113133 -0.1234598
v 0.0991334 1.049441 -0.157046
v 0.05223474 1.048632 -0.1406084
v 0.01530349 1.037753 -0.1456881
v 0.05535573 1.050013 -0.1522205
v 0.01530349 1.037753 -0.1456881
v 0.09123146 1.038375 -0.1735106
v 0.1238279 0.9781731 -0.2026764
v 0.05232745 1.044297 -0.1617688
v 0.01530349 1.037753 -0.1456881
v 0.07678095 1.02116 -0.1883715
v 0.1025569 0.8560502 -0.1847346
v 0.06182083 0.9291135 -0.1907804
v 0.04506304 1.03628 -0.1692532
v 0.01530349 1.037753 -0.1456881
v 0.009773267 0.8227158 -0.157238
v 0.03237164 0.991411 -0.1828293
v 0.1149834 0.7247534 -0.1288399
v 0.02036837 1.020848 -0.1692525
v 0.01530349 1.037753 -0.1456881
v -0.005736649 1.010651 -0.1586712
v 0.01530349 1.037753 -0.1456881
v -0.01968476 0.9725509 -0.1659436
v -0.02084011 0.9050746 -0.1668467
v -0.02483821 0.8164555 -0.117539
v -0.05245279 0.9034823 -0.1329591
v -0.03903225 0.9725441 -0.1442876
v -0.01468661 1.010465 -0.147786
v 0.01530349 1.037753 -0.1456881
v -0.04843515 0.9747176 -0.1248468
v -0.01882452 1.012543 -0.1367643
v 0.01530349 1.037753 -0.1456881
v -0.06245651 0.9034909 -0.1068345
v -0.03510988 0.8173019 -0.08896073
v 0.09194551 0.7112716 -0.09448069
v 0.07813843 0.7104847 -0.06899426
v 0.1564507 0.6762968 -0.06378279
v 0.1630966 0.6808223 -0.08453023
v 0.2228037 0.6549689 -0.06513473
v 0.1765772 0.6895377 -0.107573
v 0.2267842 0.6541689 -0.07746595
v 0.2535244 0.6525863 -0.08002551
v 0.2334263 0.6553275 -0.0894451
v 0.2535244 0.6525863 -0.08002551
v 0.2535244 0.6525863 -0.08002551
v 0.1155131 0.70289 -0.0581311
v 0.1170301 0.6998414 -0.06474227
v 0.0982881 0.6716613 -0.04977714
v 0.1090221 0.7051313 -0.06270132
v 0.02140995 0.7650526 -0.07503623
v 0.02468438 0.7602875 -0.08387148
v -0.02094595 0.7332419 -0.07494663
v 0.0155583 0.7692201 -0.0833801
v -0.03556059 0.9109402 -0.07642055
v -0.04289607 0.9087923 -0.08343884
v -0.07648073 0.9262108 -0.04801894
v -0.03886645 0.9183925 -0.08274321
v 0.236322 0.8848756 -0.1391911
v 0.2312928 0.8907664 -0.1447204
v 0.2766279 0.8937929 -0.1655155
v 0.2326381 0.8824565 -0.1469286
v 0.1792554 0.8256191 -0.1665135
v 0.1734455 0.8322871 -0.1696057
v 0.1866987 0.8155587 -0.2105629
v 0.1713074 0.8237314 -0.1676389
v 0.08221253 0.7607952 -0.1383824
v 0.07221938 0.7671653 -0.139524
v 0.06331373 0.7345536 -0.1691366
v 0.07395379 0.7598592 -0.1335371
v 0.1562946 0.7266853 -0.1279662
v 0.1460447 0.7338655 -0.1311601
v 0.1520271 0.7033118 -0.1722949
v 0.147716 0.7239237 -0.1257519
v 0.08912915 0.869368 -0.1823961
v 0.08075017 0.8778502 -0.1814514
v 0.07163757 0.8652633 -0.2386083
v 0.07818255 0.8667849 -0.1786785
v 0.005128518 0.8694322 -0.1664932
v -0.001527384 0.8771374 -0.1636209
v -0.02699449 0.8613495 -0.2066381
v -0.003219143 0.8678486 -0.1604554
v -0.04113767 0.9727672 -0.1381356
v -0.04088834 0.9765931 -0.1325608
v -0.07281032 0.9865932 -0.1431903
v -0.04364529 0.970062 -0.1322391
v -0.008894831 1.000345 -0.102316
v -0.005062044 1.000857 -0.09957093
v -0.01895535 1.017358 -0.08506006
v -0.008132339 0.9973546 -0.09813004
v 0.0253424 0.9918274 -0.0897516
v 0.03333008 0.991092 -0.08679363
v 0.01897165 1.021744 -0.05027198
v 0.02784449 0.9850991 -0.08308029
v 0.09504136 1.036303 -0.1309221
v 0.1025649 1.034536 -0.1345392
v 0.1138696 1.079573 -0.1160677
v 0.1005384 1.032287 -0.1255521
v 0.02706373 1.01321 -0.1711264
v 0.03228992 1.011693 -0.175033
v 0.0186176 1.031523 -0.1982116
v 0.0319055 1.017344 -0.1714374
v 0.02558798 0.9720127 -0.1777084
v 0.03344142 0.9710345 -0.1816787
v 0.01678595 0.9877516 -0.2190355
v 0.03087875 0.9787872 -0.1784869
v 0.1242761 0.9960058 -0.1888128
v 0.1325984 0.9953448 -0.1870208
v 0.1421 1.030915 -0.2211237
v 0.1268311 1.001796 -0.182785
v 0.1779151 0.9205492 -0.1856598
v 0.1885981 0.9172944 -0.1824252
v 0.2058343 0.9282669 -0.2298217
v 0.1844407 0.9279552 -0.182743
v 0.2332544 0.8171331 -0.1486116
v 0.2418411 0.8130776 -0.1374074
v 0.2910274 0.8132493 -0.1850474
v 0.2401309 0.8278434 -0.1415796
v 0.2224175 0.7301464 -0.1259048
v 0.2274002 0.7304383 -0.1263635
v 0.2278399 0.7178952 -0.1535906
v 0.2230828 0.7354923 -0.1288047
v 0.2560063 0.7799245 -0.09217826
v 0.255343 0.7801175 -0.08793332
v 0.275408 0.7817329 -0.0869791
v 0.2550434 0.7838422 -0.09032564
v 0.2089526 0.7248433 -0.04119159
v 0.2035771 0.7229086 -0.03988297
v 0.2079101 0.7257084 -0.005172646
v 0.2030317 0.7303816 -0.04021787
v 0.1095561 0.7824141 -0.03031904
v 0.09649784 0.7785727 -0.03240797
v 0.09016398 0.7835925 0.02639474
v 0.09706029 0.7934977 -0.03150575
v 0.2197849 0.8489631 -0.06577139
v 0.2115856 0.8485334 -0.05945754
v 0.2463869 0.8684954 -0.02129671
v 0.2134109 0.8573251 -0.06469458
v 0.1898663 0.9227546 -0.0783703
v 0.1819569 0.9230233 -0.07127991
v 0.2226638 0.9465088 -0.03835565
v 0.1826493 0.9309137 -0.07777514
v 0.09587629 0.8855516 -0.04457834
v 0.08851957 0.8801843 -0.04390619
v 0.08554845 0.900578 0.006035848
v 0.08663339 0.8898067 -0.0471553
v 0.01520203 0.07423885 0.01788445
v 0.02402066 0.07722697 0.01252605
v 0.000698179 0.05197984 -0.02916714
v 0.01524381 0.08341777 0.01230282
v -0.04321966 0.1836717 -0.004292652
v -0.02980593 0.1851711 -0.009963885
v -0.06341046 0.1777583 -0.07584749
v -0.03893194 0.1969142 -0.008511541
v -0.1363265 0.3602979 0.07908626
v -0.13332 0.3682867 0.06705713
v -0.2060388 0.379284 0.06284447
v -0.1346704 0.3748179 0.08030549
v 0.1561329 0.2111261 0.3046961
v 0.1561573 0.22455 0.3030281
v 0.21369 0.2151601 0.3436061
v 0.1628976 0.2170934 0.2958171
v 0.1647331 0.210384 0.1808544
v 0.1613516 0.222711 0.1804374
v 0.2237158 0.2306818 0.1618304
v 0.1603451 0.2147555 0.1703802
v 0.07295636 0.1986578 0.02204866
v 0.06579943 0.209594 0.01971153
v 0.1020178 0.2115067 -0.03572726
v 0.06157944 0.198696 0.01510055
v 0.1216011 0.1245124 0.056253
v 0.1163396 0.1381072 0.05355296
v 0.1764934 0.1432226 0.009216977
v 0.1126935 0.1264881 0.04503176
v 0.1071841 0.3193021 0.1255653
v 0.09800535 0.3318714 0.1253387
v 0.1721968 0.3661501 0.08256295
v 0.09621019 0.3205125 0.1135327
v 0.0261544 0.3594187 0.04705092
v 0.01417648 0.3692879 0.048622
v 0.06656522 0.3984753 -0.00651032
v 0.01135408 0.3590226 0.03951338
v -0.09325386 0.4736073 0.1076401
v -0.1016575 0.4731748 0.1135773
v -0.118228 0.511685 0.08674261
v -0.1012185 0.4679912 0.1048379
v -0.1209612 0.4533571 0.1793129
v -0.1212595 0.4492924 0.1846817
v -0.1547723 0.4632754 0.1915334
v -0.1239191 0.4465959 0.1788783
v -0.1051269 0.413289 0.2105813
v -0.1019461 0.4051756 0.219051
v -0.1660361 0.4164052 0.2469107
v -0.1080808 0.3997313 0.2093587
v -0.02170956 0.4459974 0.3065407
v -0.01109844 0.4422928 0.3111004
v -0.04045412 0.4658329 0.3713479
v -0.02191426 0.4342818 0.310363
v -0.01765699 0.4965179 0.2014041
v -0.008023588 0.494571 0.2037603
v -0.0007072151 0.5414042 0.1997113
v -0.01567164 0.4980024 0.2100183
v 0.01215544 0.4590016 0.1589093
v 0.02392462 0.4559145 0.1643811
v 0.05026036 0.5113636 0.1489717
v 0.01340981 0.4633917 0.1702704
v 0.08271663 0.4321128 0.2765813
v 0.08690514 0.4249353 0.2850306
v 0.118459 0.4814398 0.3148169
v 0.07501239 0.431784 0.2868326
v 0.1491153 0.3202891 0.2615693
v 0.155048 0.3077281 0.2705118
v 0.2175331 0.3449394 0.2801652
v 0.1480494 0.3213019 0.2761267
v 0.1902921 0.1529349 0.2346653
v 0.1859265 0.1346273 0.2437899
v 0.2779751 0.1405609 0.2757888
v 0.1838087 0.1533913 0.254565
v 0.1750536 0.07609414 0.1337648
v 0.1801249 0.07248748 0.139787
v 0.2150459 0.08411313 0.1154931
v 0.1782468 0.08133507 0.1399296
v 0.156603 0.0595423 0.2422261
v 0.1511814 0.05682905 0.2433506
v 0.166634 0.04315576 0.2668928
v 0.1525942 0.06216957 0.2459807
v 0.06896247 0.01127938 0.1491214
v 0.06304831 0.0129183 0.1414356
v 0.02992369 -0.01999046 0.1663505
v 0.06181236 0.01891121 0.1494289
v -0.03339168 0.1115328 0.1164815
v -0.0400922 0.1180385 0.09861232
v -0.1098362 0.07739059 0.1220296
v -0.04402646 0.1292219 0.1155904
v 0.07456212 0.1280769 0.2823706
v 0.06122372 0.1279105 0.2760917
v 0.03773433 0.09598269 0.3441015
v 0.06515634 0.1396567 0.2841431
v 0.03692359 0.2309 0.3161591
v 0.02268517 0.2306253 0.3111281
v 0.00830707 0.2026093 0.3863671
v 0.02748097 0.2431874 0.3167126
v -0.05992992 0.2266497 0.1997387
v -0.06434417 0.2253996 0.1875969
v -0.1306915 0.2086172 0.2224382
v -0.06587622 0.2387896 0.1934242
v -0.4360984 0.6619006 0.06000642
v -0.4418873 0.659513 0.05714353
v -0.4417802 0.6284828 0.0868737
v -0.4427416 0.6647826 0.0635361
v -0.4813341 0.7287212 0.1185065
v -0.4879668 0.7244421 0.1127258
v -0.5042737 0.6942848 0.1627387
v -0.4899926 0.7341402 0.1183373
v -0.4932984 0.8957002 0.1486433
v -0.5022928 0.8944014 0.1520423
v -0.4933847 0.9118503 0.204171
v -0.499833 0.904911 0.148318
v -0.4074185 0.8599385 -0.1464869
v -0.4137427 0.8676686 -0.1450051
v -0.4096262 0.8691761 -0.195876
v -0.4158627 0.8579173 -0.1457768
v -0.4649016 0.7964043 -0.09287979
v -0.4702942 0.8042364 -0.08870027
v -0.498514 0.7880372 -0.1169731
v -0.4706751 0.7946792 -0.08446804
v -0.5073245 0.7290742 0.0357752
v -0.5118327 0.7361007 0.04188336
v -0.54434 0.70363 0.04467105
v -0.5075047 0.7279192 0.04574427
v -0.4689694 0.6914069 -0.01839015
v -0.4752954 0.6992903 -0.01208167
v -0.5113831 0.6698168 -0.02943988
v -0.4726623 0.68877 -0.007318579
v -0.5253622 0.8506308 -0.01080619
v -0.5282927 0.860726 -0.003117873
v -0.5810542 0.850683 -0.01542077
v -0.5282529 0.8479836 0.001191135
v -0.5519507 0.854772 0.0711518
v -0.5523577 0.8638728 0.07713142
v -0.6012207 0.8501648 0.08757305
v -0.5505693 0.8530759 0.08111004
v -0.5495501 0.9705013 0.1274298
v -0.5448849 0.9742132 0.1300652
v -0.571086 0.9872164 0.1595333
v -0.5455689 0.9671305 0.1321938
v -0.5047948 0.9972798 0.1130548
v -0.5005772 0.9976082 0.1103177
v -0.4979496 1.014738 0.1323716
v -0.5007416 0.993617 0.1139018
v -0.4758657 0.9867818 0.0826675
v -0.4691132 0.9857882 0.07552804
v -0.4504272 1.016224 0.1091998
v -0.4689055 0.9786648 0.08293592
v -0.46977 1.039902 -0.01094987
v -0.4678254 1.038394 -0.02124973
v -0.4490109 1.085636 -0.02279395
v -0.4617359 1.035164 -0.01510182
v -0.5446746 1.015668 0.04944238
v -0.5451683 1.01411 0.04256133
v -0.5732485 1.037664 0.04838836
v -0.5424646 1.020248 0.04435033
v -0.5503609 0.9702097 0.04659352
v -0.5497158 0.9690683 0.03758052
v -0.5909672 0.9900751 0.04174101
v -0.548278 0.977649 0.04150733
v -0.5008467 0.9980413 -0.06519571
v -0.494244 0.9971813 -0.07378595
v -0.5202737 1.037429 -0.09441669
v -0.4937696 1.004447 -0.0663858
v -0.4725178 0.9085905 -0.1129702
v -0.4643601 0.9040596 -0.1221309
v -0.4973134 0.9175081 -0.1554933
v -0.4657067 0.9169093 -0.1197538
v -0.4192155 0.7835803 -0.1427766
v -0.4051857 0.7778697 -0.1469986
v -0.4197141 0.7788583 -0.2147181
v -0.4090634 0.7947823 -0.147909
v -0.4244243 0.6902984 -0.09506366
v -0.4212944 0.6901242 -0.1015354
v -0.4467158 0.6785853 -0.1098366
v -0.4248458 0.6959363 -0.09942733
v -0.3632121 0.7370792 -0.1374396
v -0.3601287 0.7369811 -0.1348702
v -0.3477899 0.7370855 -0.1563568
v -0.3617444 0.7412724 -0.1364231
v -0.3623553 0.6777133 -0.04203748
v -0.3651858 0.6760013 -0.03437709
v -0.3317761 0.6739283 -0.02771785
v -0.3640201 0.6838264 -0.03677664
v -0.4000369 0.7410259 0.05168765
v -0.4092362 0.7375132 0.06490555
v -0.3635865 0.7368996 0.09394875
v -0.4062922 0.7532262 0.06120139
v -0.3578989 0.8135042 -0.09560275
v -0.3574653 0.8127844 -0.08412075
v -0.3098333 0.8297435 -0.1008853
v -0.3602215 0.82329 -0.08910942
v -0.3772705 0.9028321 -0.08116595
v -0.3757805 0.9029853 -0.07001977
v -0.3304523 0.923198 -0.09352985
v -0.3796097 0.9129046 -0.07510286
v -0.4078744 0.8585427 0.04010773
v -0.4119226 0.8522648 0.04896622
v -0.3751608 0.870289 0.07585527
v -0.4143173 0.8640699 0.04768329
v -0.359786 0.7666089 -0.1958616
v -0.3656301 0.7645376 -0.1989094
v -0.3775234 0.7617491 -0.1663775
v -0.3647533 0.7711951 -0.1972845
v -0.379354 0.8449312 -0.2025408
v -0.3863001 0.8401917 -0.2070905
v -0.4124424 0.850753 -0.168134
v -0.3855904 0.8496816 -0.2080137
v -0.3453135 0.970116 -0.2528765
v -0.3544536 0.9728653 -0.2532704
v -0.3400822 1.00823 -0.2240911
v -0.3480831 0.9765779 -0.2593439
v -0.2573967 0.7711258 -0.4033201
v -0.2603018 0.7774727 -0.4080043
v -0.2543371 0.750817 -0.4402778
v -0.2655796 0.7715638 -0.4051942
v -0.3323689 0.7702346 -0.3632526
v -0.3345121 0.777931 -0.3658675
v -0.3640997 0.7575322 -0.3881419
v -0.3383656 0.7745264 -0.3592173
v -0.3980622 0.804557 -0.2669247
v -0.3999024 0.8127346 -0.2675603
v -0.4399789 0.7996432 -0.2643702
v -0.3990264 0.8092001 -0.2599839
v -0.3755929 0.7476391 -0.2718834
v -0.3786168 0.7566335 -0.2734836
v -0.4202058 0.7352753 -0.2860081
v -0.3801707 0.7524828 -0.264942
v -0.3701194 0.8555065 -0.355183
v -0.3699687 0.8663666 -0.3553255
v -0.4187691 0.861296 -0.3793606
v -0.3746932 0.8611085 -0.3470784
v -0.4028724 0.9100206 -0.3105306
v -0.4012282 0.9192651 -0.3102483
v -0.4478818 0.9229881 -0.3167283
v -0.4036286 0.9146799 -0.3024089
v -0.3634692 1.009398 -0.3211689
v -0.3579467 1.012193 -0.3193263
v -0.3763033 1.038775 -0.315941
v -0.3619208 1.00967 -0.3149054
v -0.3100345 1.00866 -0.3264587
v -0.3057771 1.006581 -0.3269128
v -0.2973471 1.027576 -0.3190823
v -0.3080453 1.006471 -0.3227295
v -0.2849679 0.980671 -0.3317499
v -0.2783984 0.974862 -0.333707
v -0.2511608 1.007317 -0.3179838
v -0.2819133 0.9750506 -0.32544
v -0.25377 0.9596393 -0.4143744
v -0.2522216 0.9529931 -0.4197237
v -0.2189318 0.9775381 -0.4335561
v -0.2482084 0.9534069 -0.4120487
v -0.3318669 0.9892181 -0.3925263
v -0.3323558 0.9845699 -0.3966402
v -0.348275 1.005485 -0.4136678
v -0.3276896 0.9886656 -0.3971104
v -0.3550944 0.9627988 -0.3764855
v -0.3539098 0.9568351 -0.3819048
v -0.3817897 0.9770347 -0.4041066
v -0.3496444 0.9637512 -0.3824627
v -0.2939973 0.9106048 -0.4438478
v -0.288174 0.9045514 -0.4465954
v -0.2962123 0.9215514 -0.4868732
v -0.2854579 0.912734 -0.4446533
v -0.2988428 0.8276796 -0.4265743
v -0.2929217 0.8189003 -0.4275578
v -0.3160558 0.8142077 -0.467451
v -0.2896656 0.8280283 -0.4319373
v -0.294835 0.7293007 -0.3731379
v -0.2843269 0.7215506 -0.3681825
v -0.2943872 0.688464 -0.4182749
v -0.2817545 0.7317424 -0.3773777
v -0.3339876 0.6996882 -0.3046145
v -0.3310598 0.6956873 -0.3075813
v -0.3572461 0.6882244 -0.3177336
v -0.3322181 0.7008049 -0.3099999
v -0.2620289 0.6959698 -0.3288761
v -0.2594358 0.6968088 -0.3259932
v -0.2477575 0.6836405 -0.3353952
v -0.2592933 0.6987897 -0.3294277
v -0.2855741 0.7109356 -0.2412549
v -0.2889448 0.7143954 -0.2366037
v -0.2604529 0.7116672 -0.2187612
v -0.2850747 0.7176189 -0.2410306
v -0.2998146 0.8040007 -0.2210509
v -0.3096323 0.8102854 -0.2144199
v -0.2706276 0.8184426 -0.1779635
v -0.3013687 0.8172575 -0.2223544
v -0.2318994 0.7629264 -0.3318172
v -0.2321776 0.7685117 -0.3238578
v -0.1836089 0.7626005 -0.323956
v -0.2307293 0.7725525 -0.3325869
v -0.2180171 0.8267803 -0.367407
v -0.2170446 0.8325501 -0.3596359
v -0.1691214 0.8253543 -0.3663788
v -0.2167455 0.8363521 -0.3685847
v -0.2653339 0.8694184 -0.2809914
v -0.2718059 0.8711938 -0.2739498
v -0.2335076 0.8903777 -0.2503049
v -0.2698733 0.8780133 -0.280612
v 0.4610241 1.273979 -0.1531491
v 0.4638603 1.271024 -0.1591712
v 0.424844 1.271526 -0.175151
v 0.4625441 1.278948 -0.1593725
v 0.4674329 1.359306 -0.1865669
v 0.4720351 1.353276 -0.1933126
v 0.4212441 1.366731 -0.2277515
v 0.4731471 1.363634 -0.1938519
v 0.5316145 1.494046 -0.1625439
v 0.5308119 1.496459 -0.1732435
v 0.4971174 1.538712 -0.1648035
v 0.538987 1.500375 -0.1660846
v 0.7276658 1.267943 -0.02060311
v 0.7328647 1.274297 -0.02443233
v 0.772988 1.242563 -0.01094444
v 0.7288086 1.26775 -0.02974915
v 0.6646552 1.262846 -0.1081616
v 0.6685125 1.271677 -0.1116102
v 0.6924093 1.246069 -0.1401387
v 0.6587529 1.267428 -0.1159067
v 0.541985 1.307299 -0.1960302
v 0.5430871 1.316569 -0.1993406
v 0.5343882 1.300396 -0.2429607
v 0.5340054 1.313375 -0.198464
v 0.5405439 1.237927 -0.1606704
v 0.5438293 1.248782 -0.1654686
v 0.5560564 1.223509 -0.2084064
v 0.5334424 1.244983 -0.1673444
v 0.6531492 1.357762 -0.164649
v 0.6532264 1.369657 -0.1660915
v 0.6756704 1.358934 -0.2183853
v 0.6426644 1.364345 -0.1713464
v 0.5940984 1.419477 -0.2136173
v 0.5938833 1.429733 -0.2131677
v 0.5953002 1.430352 -0.2658562
v 0.584125 1.425265 -0.2158639
v 0.6112885 1.529837 -0.1830765
v 0.6097859 1.533404 -0.1774157
v 0.6028992 1.5617 -0.2024129
v 0.6039239 1.530792 -0.1819047
v 0.6249983 1.531849 -0.1221685
v 0.6261516 1.529792 -0.1170105
v 0.6176119 1.554019 -0.1113023
v 0.6207845 1.529908 -0.119914
v 0.6351219 1.502254 -0.08921982
v 0.6384485 1.496119 -0.08076404
v 0.6228145 1.53477 -0.0562067
v 0.6279699 1.496851 -0.08546974
v 0.7395166 1.473719 -0.04376546
v 0.7462673 1.466053 -0.0405645
v 0.7672822 1.493758 -0.005457745
v 0.7375314 1.467442 -0.03675142
v 0.7021061 1.503271 -0.1382576
v 0.707063 1.497778 -0.137762
v 0.7252523 1.518184 -0.1574107
v 0.7082259 1.502512 -0.1330649
v 0.6798165 1.474331 -0.1619095
v 0.6865949 1.467384 -0.1592154
v 0.7094128 1.485803 -0.1918214
v 0.6877788 1.475175 -0.1553854
v 0.7701774 1.414868 -0.0793344
v 0.7743604 1.408348 -0.07161704
v 0.8217818 1.422863 -0.07978901
v 0.7722962 1.417655 -0.06994031
v 0.7495137 1.325262 -0.07387863
v 0.751606 1.31592 -0.06579403
v 0.7967298 1.305771 -0.08780133
v 0.7572492 1.325729 -0.06310759
v 0.6827632 1.219845 -0.05885855
v 0.6782579 1.212423 -0.04625332
v 0.7398429 1.172513 -0.04856611
v 0.6913608 1.224169 -0.04424937
v 0.5778558 1.178963 -0.1029127
v 0.5822582 1.17476 -0.09878858
v 0.5920779 1.164804 -0.1264732
v 0.585394 1.180382 -0.1006949
v 0.6290382 1.185712 -0.02013957
v 0.6257691 1.186958 -0.0175714
v 0.6393291 1.172732 -0.001650473
v 0.6305559 1.189283 -0.0174725
v 0.5102365 1.201743 -0.05558162
v 0.5047316 1.206185 -0.060362
v 0.4920965 1.210141 -0.02977678
v 0.5107086 1.20965 -0.05610679
v 0.4989413 1.316143 -0.08882812
v 0.4906305 1.323817 -0.1015283
v 0.4528632 1.339196 -0.06192269
v 0.5014505 1.331375 -0.09257582
v 0.6430777 1.265731 0.003455002
v 0.6330803 1.27235 0.001649413
v 0.6418824 1.270277 0.05720534
v 0.6447027 1.276736 0.003342164
v 0.6890319 1.334573 0.01246655
v 0.6797069 1.341652 0.01203605
v 0.6944891 1.336119 0.06781014
v 0.6905276 1.345033 0.01257122
v 0.5776188 1.386127 -0.05474837
v 0.5682007 1.388305 -0.06292607
v 0.5446419 1.413809 -0.0245704
v 0.5764477 1.395298 -0.06119335
v 0.2491004 0.8009759 -0.01330629
v 0.2482074 0.7976815 -0.0235041
v 0.2021915 0.7820765 -0.008430962
v 0.2443497 0.8077679 -0.02067013
v 0.2142827 0.9198676 -0.04137648
v 0.2149099 0.9127504 -0.05442654
v 0.1402009 0.9148574 -0.05068497
v 0.2138638 0.9275876 -0.05408782
v 0.2697334 1.129186 -0.04139744
v 0.2610411 1.1321 -0.05309923
v 0.2279514 1.180752 -0.006966399
v 0.2731915 1.140303 -0.05064077
v 0.593412 0.8774852 -0.07726043
v 0.5945986 0.8879452 -0.08502522
v 0.6474741 0.8564751 -0.1083208
v 0.588094 0.8773963 -0.08921123
v 0.4761111 0.8544081 -0.1339006
v 0.4750605 0.8665102 -0.138753
v 0.4813365 0.8366196 -0.1970285
v 0.464414 0.8590105 -0.137521
v 0.2879739 0.8719917 -0.1256977
v 0.2846354 0.8843641 -0.1283227
v 0.2479897 0.8574687 -0.1758894
v 0.2772179 0.8771442 -0.1203246
v 0.3315237 0.7897645 -0.1040412
v 0.3280402 0.8034534 -0.1090126
v 0.3119733 0.7677049 -0.1732023
v 0.3174035 0.7946751 -0.1031784
v 0.4063455 0.9768114 -0.1708624
v 0.4034254 0.9934552 -0.1704552
v 0.389729 0.98451 -0.2538833
v 0.3905802 0.9825802 -0.1688927
v 0.3055419 1.043564 -0.1686891
v 0.3039482 1.057857 -0.1660735
v 0.2681171 1.058135 -0.2302751
v 0.2935263 1.048468 -0.1619619
v 0.3250037 1.204042 -0.126074
v 0.3269663 1.208672 -0.1173737
v 0.2981306 1.245605 -0.1363263
v 0.3186748 1.203076 -0.1183285
v 0.380547 1.212388 -0.06419974
v 0.3855655 1.209941 -0.05936085
v 0.3774907 1.241295 -0.04089661
v 0.3784542 1.208384 -0.05833018
v 0.416193 1.173332 -0.03847479
v 0.4255004 1.165375 -0.03218541
v 0.4242131 1.216949 0.01721985
v 0.4136846 1.164119 -0.02906416
v 0.5321859 1.153049 -0.07481012
v 0.5427418 1.144957 -0.07810166
v 0.5878788 1.194696 -0.04898251
v 0.5373148 1.144516 -0.06600245
v 0.4429948 1.193421 -0.1529133
v 0.4485247 1.186995 -0.1574434
v 0.4515371 1.223027 -0.1927157
v 0.4512625 1.193446 -0.1518303
v 0.413985 1.148266 -0.1683212
v 0.4232301 1.140563 -0.1720294
v 0.4193672 1.173246 -0.2268355
v 0.4252851 1.15158 -0.1669466
v 0.555402 1.086352 -0.154856
v 0.563943 1.077309 -0.1501338
v 0.6069471 1.116828 -0.1975127
v 0.5612962 1.089487 -0.1446455
v 0.5654899 0.9623763 -0.1486256
v 0.5752458 0.9504985 -0.1424676
v 0.6054307 0.9509235 -0.208592
v 0.5791132 0.9648092 -0.141994
v 0.5347037 0.8001462 -0.0974588
v 0.5405539 0.7886273 -0.07998385
v 0.6024956 0.7495037 -0.1400229
v 0.5511231 0.8069538 -0.0849551
v 0.4238803 0.7313015 -0.08389542
v 0.4313778 0.7264018 -0.08311248
v 0.422081 0.7136523 -0.1254909
v 0.4317551 0.734665 -0.08663492
v 0.5204586 0.7428035 -0.01653227
v 0.5190523 0.7437342 -0.01059352
v 0.545152 0.7278239 -0.005128227
v 0.5227953 0.7476669 -0.01353225
v 0.387308 0.7394592 0.03566854
v 0.3776462 0.7429888 0.03587109
v 0.3825128 0.7385893 0.08792888
v 0.3854617 0.7496945 0.03671765
v 0.3218297 0.8742108 0.03958737
v 0.3028701 0.8806068 0.03365909
v 0.2914944 0.8895727 0.1164457
v 0.3180582 0.894555 0.03686582
v 0.531674 0.8503798 0.02057143
v 0.5200183 0.8568124 0.02777578
v 0.5663005 0.8551808 0.08820803
v 0.5308205 0.8654557 0.02163216
v 0.5682977 0.9587433 0.007083977
v 0.558011 0.9657316 0.01567864
v 0.612775 0.9641556 0.06905576
v 0.5669632 0.9730778 0.007994378
v 0.4072236 0.9948078 0.02928994
v 0.3921624 0.9947197 0.02777836
v 0.3925346 1.023723 0.09817301
v 0.4000511 1.007146 0.02424436
v -0.2928025 0.06980266 -0.3012142
v -0.2871135 0.07084442 -0.3094945
v -0.3128753 0.03569589 -0.3308242
v -0.2950249 0.07655951 -0.3087173
v -0.3086003 0.01732993 -0.1309302
v -0.3064204 0.01315708 -0.1497642
v -0.3831446 -0.02650247 -0.1377345
v -0.3151255 0.02947281 -0.1442506
v -0.3393053 0.08670097 -0.1963297
v -0.3343421 0.08158321 -0.2153738
v -0.4119215 0.03369958 -0.2129755
v -0.3450382 0.09815352 -0.2118364
v -0.2021583 0.07783573 -0.05139302
v -0.2055003 0.0701023 -0.04836097
v -0.1745694 0.0680546 -0.0189432
v -0.2075924 0.07813259 -0.04423527
v -0.2527838 0.1422208 0.01822227
v -0.2608217 0.1329574 0.02045473
v -0.240583 0.1315655 0.0831772
v -0.2637342 0.1458493 0.02309373
v -0.3126777 0.4520072 0.06585841
v -0.3193653 0.4434872 0.07452127
v -0.2848859 0.4699028 0.1267564
v -0.3233497 0.4572042 0.07257142
v -0.2859093 0.3335226 0.0637977
v -0.2810524 0.3199871 0.06293327
v -0.2528903 0.33531 0.1244648
v -0.2918026 0.3229997 0.07052382
v -0.2961727 0.2325038 0.05715761
v -0.2928303 0.2185888 0.05526756
v -0.2934333 0.2161173 0.1276231
v -0.305155 0.2228389 0.05719398
v -0.2143484 0.188014 -0.01189846
v -0.2087957 0.167665 -0.02035406
v -0.1469921 0.1601456 0.06709962
v -0.2233217 0.1698119 -0.004182549
v -0.1624359 0.09743108 -0.1349509
v -0.1624108 0.08649834 -0.1380431
v -0.1144317 0.08405626 -0.1205798
v -0.1648092 0.08944438 -0.1272328
v -0.1643989 0.1068518 -0.3061454
v -0.1666417 0.09721719 -0.3079985
v -0.1217069 0.08913872 -0.320224
v -0.1637446 0.09966743 -0.2987184
v -0.1573573 0.1495126 -0.1934843
v -0.1576218 0.1375998 -0.1770561
v -0.06740652 0.1439883 -0.1814169
v -0.1584086 0.1575818 -0.1749627
v -0.2549075 0.1757461 -0.4088665
v -0.2458172 0.1651771 -0.4049531
v -0.2463455 0.145389 -0.4772907
v -0.241971 0.1782389 -0.4104737
v -0.2078917 0.167397 -0.3951285
v -0.2103331 0.1554025 -0.3918886
v -0.1842099 0.1401862 -0.4487349
v -0.2002429 0.1598122 -0.3891041
v -0.1646721 0.2016724 -0.3176685
v -0.1663866 0.1837276 -0.3233571
v -0.08233082 0.183892 -0.3497822
v -0.1612309 0.1869 -0.3056441
v -0.2198238 0.4349302 -0.416464
v -0.2208351 0.4178773 -0.4249375
v -0.1565945 0.447756 -0.4841704
v -0.2100818 0.419761 -0.4110414
v -0.2967731 0.63611 -0.3533604
v -0.2848426 0.6267112 -0.3557187
v -0.2617107 0.6918477 -0.3976646
v -0.2861778 0.6369265 -0.3430851
v -0.3065006 0.6743798 -0.2711902
v -0.297482 0.6682549 -0.2728376
v -0.279486 0.7211231 -0.2860332
v -0.3001418 0.6730331 -0.2624135
v -0.2618834 0.6236377 -0.2229648
v -0.2515887 0.6093248 -0.2332243
v -0.1834831 0.6725585 -0.2128641
v -0.2542332 0.6080418 -0.2125807
v -0.2979942 0.5975341 -0.05079931
v -0.2873214 0.5803478 -0.04939193
v -0.2319095 0.6428549 0.001167569
v -0.2991539 0.5852565 -0.03397049
v -0.2508274 0.5251517 -0.08377887
v -0.2438127 0.5058175 -0.08473042
v -0.1699304 0.550608 -0.0406002
v -0.2522791 0.5121908 -0.06751934
v -0.2131743 0.3379329 -0.07059529
v -0.2073124 0.3180569 -0.07335237
v -0.1225793 0.3482838 -0.04543208
v -0.2123328 0.3249753 -0.05449387
v -0.1942596 0.3746473 -0.1935084
v -0.1864183 0.3471008 -0.1965318
v -0.08831426 0.3836905 -0.1793475
v -0.1919528 0.3578138 -0.1703514
v -0.2257738 0.5298497 -0.3112257
v -0.2187606 0.5127159 -0.3138805
v -0.1508712 0.5633336 -0.3440422
v -0.2177486 0.5218064 -0.2975101
v -0.3489783 0.5870226 -0.4066734
v -0.3392918 0.5841438 -0.4136384
v -0.3588085 0.6328567 -0.454578
v -0.3395667 0.5935367 -0.4045121
v -0.3855185 0.6498696 -0.3085205
v -0.3799807 0.6501075 -0.3156202
v -0.4069036 0.6828477 -0.3337321
v -0.3797986 0.6560683 -0.3086056
v -0.3021536 0.6659113 -0.1479997
v -0.3120137 0.6718737 -0.1463938
v -0.2831225 0.7214067 -0.1351691
v -0.3066077 0.6719946 -0.1574687
v -0.3668883 0.6665179 -0.06543762
v -0.3773252 0.6665057 -0.06880312
v -0.3812668 0.7242888 -0.04549984
v -0.3695704 0.6710339 -0.07651626
v -0.3875215 0.5849136 0.02713197
v -0.4003702 0.5843259 0.02262705
v -0.4151881 0.6335909 0.08073799
v -0.3924797 0.5953354 0.01713423
v -0.4060615 0.4859038 0.05275557
v -0.4181536 0.4843678 0.04138481
v -0.4658042 0.5093275 0.1142286
v -0.4117624 0.5004922 0.04354833
v -0.3159629 0.160452 -0.3527626
v -0.3039451 0.1617787 -0.3653557
v -0.3602813 0.1406411 -0.4242037
v -0.3140025 0.1762037 -0.3616148
v -0.290648 0.3683385 -0.45885
v -0.2773213 0.3694482 -0.4617541
v -0.2938024 0.3649337 -0.5354362
v -0.2856263 0.3820031 -0.4616394
v -0.3673454 0.4855427 -0.4077827
v -0.3579502 0.486117 -0.4213334
v -0.4208765 0.4991221 -0.4665896
v -0.362392 0.5003832 -0.4133442
v -0.4167749 0.6046059 -0.2799643
v -0.4102294 0.6061893 -0.2954423
v -0.4780662 0.6438119 -0.3159235
v -0.4101256 0.618856 -0.2843664
v -0.4404781 0.612345 -0.1153393
v -0.4405771 0.6110798 -0.1303345
v -0.5009557 0.6514423 -0.121504
v -0.4356238 0.6233429 -0.1243058
v -0.437481 0.5173309 -0.2254653
v -0.4340215 0.515078 -0.2410093
v -0.5057182 0.524121 -0.2492298
v -0.4353423 0.5299237 -0.2349963
v -0.3345809 0.1360487 -0.0009375511
v -0.3442194 0.139815 -0.01132578
v -0.3887233 0.113332 0.04393907
v -0.3413113 0.1500667 -0.0004089011
v -0.3732113 0.2673734 0.03355364
v -0.38481 0.2694176 0.0172901
v -0.4531447 0.2539056 0.09228966
v -0.3814117 0.2863681 0.02891958
v -0.4010027 0.2435704 -0.1174403
v -0.4034931 0.2477056 -0.1380915
v -0.4940343 0.2273946 -0.114443
v -0.4065397 0.2631793 -0.1237536
v -0.4473304 0.459281 -0.1200385
v -0.4445485 0.455914 -0.1408012
v -0.540005 0.4594578 -0.1403796
v -0.4468244 0.475711 -0.1332994
v -0.3992732 0.3661464 -0.3099644
v -0.3907267 0.3624403 -0.3278874
v -0.4741724 0.3601036 -0.3631587
v -0.3954333 0.3813306 -0.3225579
v 0.06507897 0.1467676 0.02639324
v 0.06060758 0.1474053 0.01634609
v 0.01385723 0.1328302 0.04226561
v 0.06031713 0.1561276 0.02306776
v 0.188673 0.05813787 0.1396728
v 0.1707104 0.05852947 0.1295905
v 0.1291946 0.05407818 0.2244317
v 0.1791228 0.07608534 0.1363347
v 0.1467719 0.1546425 0.1191175
v 0.1294484 0.1529317 0.1063927
v 0.0751195 0.1439699 0.1998305
v 0.1352871 0.1721956 0.1141233
v 0.3359396 0.04253667 0.05292621
v 0.3337026 0.03609817 0.06000339
v 0.3733807 0.01168237 0.04351196
v 0.3401107 0.04333 0.06178724
v 0.4051728 0.1060005 0.1190784
v 0.3994066 0.1005464 0.1309601
v 0.4647427 0.07239653 0.1411544
v 0.4062845 0.1130613 0.1314509
v 0.5607428 0.4064324 0.1129604
v 0.5617068 0.3992655 0.126447
v 0.6364588 0.3931244 0.1091587
v 0.5643093 0.4143206 0.1255794
v 0.517724 0.2851834 0.1189867
v 0.5130293 0.2706848 0.1175964
v 0.5882598 0.254687 0.1146128
v 0.5163413 0.2763632 0.1314155
v 0.4615135 0.1985822 0.1556286
v 0.4550479 0.1847147 0.1553601
v 0.5192353 0.1625299 0.1915854
v 0.453151 0.1938073 0.1675219
v 0.4159006 0.1388371 0.0522359
v 0.4015086 0.1198753 0.04858806
v 0.505208 0.05993898 0.03051
v 0.4105583 0.1240836 0.07050557
v 0.2869332 0.06554526 -0.03320547
v 0.2792245 0.05630242 -0.03156173
v 0.315575 0.02696424 -0.07094254
v 0.2892654 0.05711742 -0.02477409
v 0.1351441 0.1229033 -0.1165208
v 0.1281203 0.1155633 -0.1123618
v 0.1336585 0.09071177 -0.1613557
v 0.138938 0.1138957 -0.111523
v 0.2598738 0.1274755 -0.08218835
v 0.2691486 0.1120822 -0.07027288
v 0.3086079 0.07748894 -0.1651877
v 0.2799587 0.1301762 -0.07482267
v 0.03275961 0.2569138 -0.09448686
v 0.03515914 0.2420019 -0.09872345
v -0.03955013 0.2441588 -0.1273609
v 0.03801408 0.2537489 -0.1090472
v 0.06213773 0.2237577 -0.1329712
v 0.05857829 0.2129103 -0.1254725
v 0.01199102 0.2026239 -0.1749061
v 0.06763268 0.2115336 -0.1356061
v 0.1675862 0.213616 -0.1499513
v 0.1533529 0.1995415 -0.1452906
v 0.1672394 0.1682088 -0.2428174
v 0.1733021 0.1950721 -0.1431798
v 0.1948148 0.4739337 -0.1997707
v 0.1819503 0.4602996 -0.1971978
v 0.1493728 0.4798902 -0.3027144
v 0.1947752 0.454448 -0.2034503
v 0.2852247 0.6840867 -0.153619
v 0.2862212 0.6700116 -0.1636191
v 0.2760839 0.7330675 -0.2293395
v 0.2968435 0.6776935 -0.1600993
v 0.3564774 0.7046689 -0.1186779
v 0.3565089 0.6952061 -0.1268134
v 0.3771056 0.7384664 -0.1674524
v 0.3667529 0.6979208 -0.1205956
v 0.3984028 0.6229195 -0.1272461
v 0.387652 0.6076248 -0.1390526
v 0.465574 0.6280072 -0.2158573
v 0.4047771 0.6017444 -0.1263934
v 0.5272647 0.5664577 -0.0005708961
v 0.5258953 0.5451202 -0.006278924
v 0.6243181 0.5633087 -0.05498144
v 0.5364779 0.550958 0.01225955
v 0.4883633 0.4858875 -0.04797643
v 0.4825486 0.4647705 -0.05113923
v 0.5743158 0.4605117 -0.1139918
v 0.4965984 0.4700627 -0.03488062
v 0.4345502 0.2912073 -0.02862964
v 0.4254819 0.2710427 -0.0295794
v 0.5017047 0.2526289 -0.1085783
v 0.4430299 0.2746833 -0.01659637
v 0.3503314 0.3496031 -0.1220638
v 0.3383008 0.3215931 -0.1225892
v 0.4109013 0.3088012 -0.2183911
v 0.3646708 0.3265892 -0.1081242
v 0.3070539 0.5405102 -0.1782351
v 0.300214 0.5219527 -0.1824395
v 0.3168783 0.5475889 -0.2801091
v 0.315785 0.5261441 -0.1795462
v 0.2177322 0.6712108 -0.1091431
v 0.2166566 0.6654361 -0.1207933
v 0.1740658 0.7350175 -0.1381088
v 0.2246904 0.6728437 -0.1194975
v 0.2823598 0.728286 -0.04851155
v 0.2788517 0.7278308 -0.05745953
v 0.2603046 0.7764772 -0.04917229
v 0.2863994 0.7316446 -0.05621754
v 0.4672673 0.6593522 -0.06209277
v 0.4669371 0.6689997 -0.05305281
v 0.51295 0.6976445 -0.091616
v 0.4593177 0.6697769 -0.06383457
v 0.5136681 0.6663337 0.04260806
v 0.5058684 0.6721368 0.05157427
v 0.5513448 0.7206567 0.04997716
v 0.5043796 0.6749119 0.03872953
v 0.551654 0.5746137 0.1316274
v 0.5415165 0.5812759 0.1426153
v 0.6096605 0.6174115 0.1713854
v 0.545047 0.5893198 0.1288052
v 0.5219831 0.484638 0.1913551
v 0.505538 0.4919898 0.1985404
v 0.5613036 0.516776 0.2746395
v 0.5176321 0.5033144 0.1884605
v 0.05023059 0.2551039 -0.001299966
v 0.04424048 0.2544544 -0.01989337
v -0.04474362 0.2776611 0.01481105
v 0.05143263 0.2708329 -0.012138
v 0.1155322 0.4512011 -0.1278448
v 0.1173793 0.4475759 -0.1426058
v 0.02532095 0.4756391 -0.1622923
v 0.122127 0.4622642 -0.1374805
v 0.1791451 0.5813485 -0.06186438
v 0.1739226 0.5806849 -0.07703909
v 0.09137499 0.6387048 -0.04302997
v 0.1844912 0.5941126 -0.07303887
v 0.2821355 0.690971 0.01003349
v 0.2723485 0.6935946 -0.004375517
v 0.2310791 0.7675198 0.04293286
v 0.2846834 0.7030271 -0.002965037
v 0.4100199 0.6653222 0.1093996
v 0.3961148 0.6685138 0.1028523
v 0.3950396 0.7307855 0.155985
v 0.4089375 0.6758468 0.09708185
v 0.2912099 0.6017498 0.0817016
v 0.2806998 0.6016451 0.07143169
v 0.2369118 0.6475421 0.1371814
v 0.2895184 0.6151467 0.07149695
v 0.3481691 0.1435151 0.1943235
v 0.3361052 0.1543522 0.197969
v 0.3542185 0.13509 0.2772789
v 0.3519204 0.1594258 0.197331
v 0.4210881 0.2730255 0.212054
v 0.4020418 0.284819 0.2153453
v 0.4322343 0.2812139 0.3250972
v 0.421737 0.2956516 0.2126187
v 0.2616861 0.305824 0.1740809
v 0.2455747 0.3159921 0.1653394
v 0.2145333 0.3333319 0.2743848
v 0.2635973 0.3278504 0.1708095
v 0.3381724 0.5268816 0.1578135
v 0.3222941 0.5275194 0.1460031
v 0.2757629 0.5761691 0.2416364
v 0.3357212 0.5451988 0.1463975
v 0.1794063 0.4616896 0.04364659
v 0.1667342 0.4589722 0.0279525
v 0.0822334 0.5091246 0.09575127
v 0.1765742 0.4777477 0.02999373
vn -0.3228886 -0.9403532 0.1071396
vn 0.2612079 -0.9340813 -0.2434391
vn 0.1125972 -0.8990673 -0.4230837
vn 0.5379534 -0.7095337 -0.4551572
vn 0.3523597 -0.6611816 -0.6623304
vn -0.09397524 -0.8441125 -0.5278663
vn -0.3228886 -0.9403532 0.1071396
vn 0.6143586 -0.7656476 -0.1906496
vn 0.3136314 -0.9482773 -0.04904597
vn -0.3228886 -0.9403532 0.1071396
vn 0.6388344 -0.5238193 -0.563475
vn 0.752519 -0.586786 -0.298994
vn 0.1045183 -0.6054504 -0.7889904
vn 0.4653126 -0.4651616 -0.7530664
vn -0.2871547 -0.796285 -0.5324214
vn -0.3228886 -0.9403532 0.1071396
vn 0.6007673 -0.7845777 0.1533513
vn 0.7789866 -0.6190125 0.1000174
vn 0.2978032 -0.9379403 0.1777114
vn -0.3228886 -0.9403532 0.1071396
vn 0.8175077 -0.4371767 -0.3749104
vn 0.679092 -0.3911018 -0.6211871
vn 0.8882862 -0.4571905 0.043869
vn -0.1734663 -0.5778391 -0.7975033
vn 0.2312736 -0.4319651 -0.8717331
vn 0.5171331 -0.347515 -0.7821807
vn -0.4934411 -0.7406288 -0.4560536
vn -0.3228886 -0.9403532 0.1071396
vn 0.8560554 -0.3020358 -0.4194561
vn 0.9579673 -0.2868651 0.00267589
vn 0.7060765 -0.2800662 -0.6503991
vn 0.7087882 -0.3646702 0.6038501
vn 0.7862098 -0.165152 0.5954822
vn 0.6024555 -0.5424939 0.5854467
vn 0.4424139 -0.7229484 0.5306746
vn 0.2062192 -0.8852693 0.4168595
vn -0.3228886 -0.9403532 0.1071396
vn 0.9985262 -0.04597903 -0.02883417
vn 0.8912671 -0.1192684 -0.4375135
vn 0.83226 0.09797318 0.5456598
vn 0.2994016 0.008508608 0.9540892
vn 0.2617892 -0.1762095 0.9489029
vn 0.2241479 -0.3701635 0.9015191
vn 0.15605 -0.5851067 0.7958006
vn 0.3533432 0.2434032 0.9032738
vn 0.02041201 -0.8096085 0.5866153
vn -0.3228886 -0.9403532 0.1071396
vn 0.8092552 0.3904151 0.4389556
vn 0.3927084 0.4951628 0.7749799
vn 0.9699001 0.2362762 -0.05888421
vn -0.117663 0.1351695 0.9838113
vn -0.1291001 -0.01218793 0.9915566
vn -0.1281356 -0.1917553 0.9730422
vn -0.1354045 -0.4291649 0.8930191
vn -0.0712425 0.3118204 0.9474664
vn 0.005793893 0.5201904 0.8540307
vn -0.1738166 -0.7192509 0.6726559
vn -0.3228886 -0.9403532 0.1071396
vn -0.4053321 0.1053175 0.9080827
vn -0.4116016 0.2244676 0.8832884
vn -0.3810939 0.3501216 0.8556765
vn -0.3916619 -0.05862706 0.9182396
vn -0.3808948 -0.2953136 0.8761901
vn -0.2940761 0.5211384 0.8012078
vn -0.3628334 -0.634823 0.6821669
vn -0.3228886 -0.9403532 0.1071396
vn -0.5940994 0.3722895 0.7130544
vn -0.609074 0.2992161 0.7345057
vn -0.6053356 0.2026951 0.7697295
vn -0.6131935 0.03372659 0.7892125
vn -0.6237819 -0.219869 0.7500358
vn -0.5142325 0.5088984 0.690353
vn -0.5799719 -0.5653372 0.5865378
vn -0.3228886 -0.9403532 0.1071396
vn -0.7308214 0.3613522 0.5790723
vn -0.7414329 0.2792281 0.6101713
vn -0.7311379 0.3916481 0.5586135
vn -0.7944038 0.06612852 0.6037795
vn -0.8186488 -0.1903049 0.541847
vn -0.6679628 0.5013562 0.5499707
vn -0.7446436 -0.5346506 0.3995681
vn -0.3228886 -0.9403532 0.1071396
vn -0.8436924 0.4252598 0.3276236
vn -0.8415554 0.4119713 0.3493769
vn -0.870039 0.3341523 0.362456
vn -0.9348832 0.05796825 0.35019
vn -0.9265683 -0.2400091 0.2895977
vn -0.7941672 0.5250723 0.3059373
vn -0.8070996 -0.5536289 0.2051468
vn -0.3228886 -0.9403532 0.1071396
vn -0.8867806 0.4621878 -0.001655925
vn -0.9081275 0.4185958 0.00906077
vn -0.9430522 0.331999 -0.02071794
vn -0.9989723 0.014143 -0.04306206
vn -0.9444308 -0.3257552 -0.04397871
vn -0.8171049 0.5747381 -0.04489735
vn -0.7999958 -0.5996445 -0.02081459
vn -0.3228886 -0.9403532 0.1071396
vn -0.7431443 0.4300736 -0.5126141
vn -0.7921758 0.3238687 -0.5172684
vn -0.628149 0.5864409 -0.5113862
vn -0.8208331 0.1987189 -0.5354848
vn -0.8529392 -0.1009489 -0.5121562
vn -0.7983088 -0.4335792 -0.4179858
vn -0.6990144 -0.6577519 -0.2806087
vn -0.3228886 -0.9403532 0.1071396
vn -0.4023186 0.7995555 -0.4459268
vn -0.5850435 0.8082084 -0.0672558
vn -0.03809832 0.955164 -0.2936161
vn -0.5863004 0.7664583 0.2622851
vn -0.1507855 0.9867122 -0.06052019
vn 0.2941918 0.9514615 -0.09040082
vn -0.4863905 0.7266616 0.4851673
vn -0.1694006 0.9751281 0.1429284
vn 0.2941918 0.9514615 -0.09040082
vn -0.3519058 0.7178531 0.6007072
vn -0.1409356 0.9510548 0.2750129
vn 0.2941918 0.9514615 -0.09040082
vn -0.1553197 0.7257368 0.6702104
vn -0.07043074 0.9329303 0.3531014
vn 0.2941918 0.9514615 -0.09040082
vn 0.09582277 0.7314747 0.6751021
vn 0.04419438 0.9206425 0.3878974
vn 0.2941918 0.9514615 -0.09040082
vn 0.3973858 0.7169897 0.5727218
vn 0.1895304 0.9082202 0.3731143
vn 0.2941918 0.9514615 -0.09040082
vn 0.7106457 0.6394561 0.2933914
vn 0.3632978 0.8840615 0.2940237
vn 0.2941918 0.9514615 -0.09040082
vn 0.5445535 0.8302122 0.1192021
vn 0.2941918 0.9514615 -0.09040082
vn 0.8545165 0.5119702 -0.08768178
vn 0.8959817 0.1228409 -0.4267633
vn 0.6418458 0.7591351 -0.1083881
vn 0.2941918 0.9514615 -0.09040082
vn 0.8305767 0.4034413 -0.3838979
vn 0.7378206 -0.1355969 -0.6612369
vn 0.6498064 0.7020161 -0.291419
vn 0.2941918 0.9514615 -0.09040082
vn 0.762089 0.07602885 -0.6429931
vn 0.5534143 -0.2481414 -0.7950839
vn 0.7394332 0.3468344 -0.5770135
vn 0.5900804 -0.1159234 -0.7989787
vn 0.3178588 -0.3072024 -0.8969908
vn 0.611239 0.6715566 -0.4188062
vn 0.2941918 0.9514615 -0.09040082
vn 0.6212978 0.08629815 -0.7788079
vn 0.3779027 -0.2059539 -0.9026476
vn -0.06395875 -0.3962245 -0.9159233
vn 0.6214968 0.3487959 -0.7014864
vn 0.4314532 -0.06519077 -0.8997768
vn 0.0280558 -0.2320794 -0.9722922
vn -0.4974974 -0.5262016 -0.6896436
vn -0.6990144 -0.6577519 -0.2806087
vn -0.3228886 -0.9403532 0.1071396
vn -0.7983088 -0.4335792 -0.4179858
vn -0.4639945 -0.295086 -0.8352445
vn -0.8529392 -0.1009489 -0.5121562
vn -0.4002647 -0.05061631 -0.9150007
vn -0.8208331 0.1987189 -0.5354848
vn 0.1051523 -0.108529 -0.9885163
vn -0.3464549 0.09225577 -0.9335191
vn -0.7921758 0.3238687 -0.5172684
vn 0.1659408 0.04894577 -0.9849203
vn -0.2894671 0.2473973 -0.924664
vn -0.7431443 0.4300736 -0.5126141
vn 0.4682455 0.1481181 -0.8710954
vn -0.1895033 0.4495829 -0.8729054
vn -0.628149 0.5864409 -0.5113862
vn 0.2252298 0.2692724 -0.9363567
vn 0.4819056 0.4101603 -0.7742968
vn -0.03936367 0.6849284 -0.7275463
vn -0.4023186 0.7995555 -0.4459268
vn 0.2814834 0.5299901 -0.7999234
vn 0.5437846 0.6733287 -0.500926
vn 0.2941918 0.9514615 -0.09040082
vn 0.452765 0.7092648 -0.5403214
vn 0.2941918 0.9514615 -0.09040082
vn 0.3321655 0.777864 -0.5334732
vn 0.2941918 0.9514615 -0.09040082
vn 0.1629522 0.8704201 -0.4645594
vn 0.2941918 0.9514615 -0.09040082
vn -0.03809832 0.955164 -0.2936161
vn 0.2941918 0.9514615 -0.09040082
vn 0.2154894 0.8344605 -0.5071884
vn 0.7031994 0.5900844 -0.3966246
vn 0.7333384 0.6461721 -0.211368
vn 0.9167745 0.3990006 0.0179796
vn 0.7461269 0.6405443 0.1816526
vn 0.7661564 0.4453973 0.4632771
vn 0.6164315 0.7773734 -0.125311
vn 0.2154894 0.8344605 -0.5071884
vn 0.4178961 0.9013556 -0.1136704
vn 0.2154894 0.8344605 -0.5071884
vn 0.4218679 0.8723941 0.2468923
vn 0.1146778 0.9725864 -0.2022986
vn 0.2154894 0.8344605 -0.5071884
vn -0.0126279 0.9866781 0.1621935
vn -0.1556807 0.8209679 0.5493408
vn 0.3553969 0.7078381 0.6104574
vn 0.2706786 0.438459 0.857022
vn -0.2566019 0.5418319 0.8003585
vn 0.2105397 0.09914002 0.9725452
vn -0.3181108 0.1870172 0.9294246
vn 0.2388909 -0.01569377 0.9709196
vn -0.3283418 0.05753515 0.9428051
vn 0.1141872 -0.3755407 0.9197448
vn -0.3288242 -0.2849678 0.9003711
vn -0.2157658 -0.8338829 0.5080202
vn 0.3210086 -0.4873767 0.8120452
vn -0.2157658 -0.8338829 0.5080202
vn 0.5898213 -0.1657515 0.7903399
vn 0.6183704 -0.06864557 0.782883
vn 0.7127345 0.2087236 0.6696597
vn 0.8505613 -0.2637627 0.4549449
vn 0.8080027 -0.3319578 0.4867604
vn 0.9368649 -0.06363476 0.3438531
vn 0.4884104 -0.6367998 0.5966083
vn -0.2157658 -0.8338829 0.5080202
vn 0.8388913 -0.5352506 0.0988341
vn 0.9669474 0.1547648 0.2026343
vn 0.7866352 -0.5944395 0.1668736
vn 0.9500986 -0.3033591 -0.07270393
vn 0.9021706 0.3037035 -0.3063534
vn 0.9791368 -0.0143295 -0.2026961
vn 0.7110288 0.2476986 -0.6580907
vn 0.4685563 -0.8157977 0.3390118
vn -0.2157658 -0.8338829 0.5080202
vn 0.3559857 -0.9253774 0.1301958
vn -0.2157658 -0.8338829 0.5080202
vn 0.5919405 -0.7907876 -0.1557612
vn 0.6077469 -0.7474541 -0.2682463
vn 0.705169 -0.4998868 -0.5028418
vn -0.007192817 -0.9942579 -0.106768
vn -0.2157658 -0.8338829 0.5080202
vn 0.1125553 -0.8933505 -0.435036
vn 0.7544659 -0.1540398 -0.6380071
vn 0.3166244 -0.1987729 -0.9274904
vn 0.2528152 -0.5564929 -0.7914544
vn 0.1549575 -0.8228294 -0.5467539
vn -0.4319111 -0.889964 -0.1463452
vn -0.2157658 -0.8338829 0.5080202
vn -0.4261939 -0.7450524 -0.5130845
vn -0.2744042 -0.4559123 -0.8466678
vn -0.6409231 -0.7659459 -0.05044365
vn -0.2157658 -0.8338829 0.5080202
vn -0.364794 -0.7037956 -0.6095877
vn -0.7631271 -0.5248575 -0.3770433
vn -0.8027326 -0.5788445 0.1433854
vn -0.2157658 -0.8338829 0.5080202
vn -0.2008069 -0.1111433 -0.9733056
vn -0.7174973 -0.2285105 -0.6580126
vn -0.7565618 -0.463655 -0.4611272
vn -0.9661378 -0.1821998 -0.1827047
vn -0.9583352 -0.2526664 -0.1332416
vn 0.3308574 0.2454892 -0.9111907
vn 0.5696275 0.5734465 -0.5887985
vn 0.2154894 0.8344605 -0.5071884
vn 0.2899912 0.594293 -0.7501473
vn 0.2154894 0.8344605 -0.5071884
vn -0.122441 0.2851259 -0.9506374
vn -0.6359076 0.05817814 -0.7695692
vn -0.02974568 0.600355 -0.7991802
vn 0.2154894 0.8344605 -0.5071884
vn -0.486017 0.366035 -0.7936031
vn -0.9479539 0.02099926 -0.3177143
vn -0.8658066 0.2370525 -0.4406644
vn -0.2521577 0.6329771 -0.7319539
vn 0.2154894 0.8344605 -0.5071884
vn -0.955266 0.2834731 0.08431992
vn -0.6921039 0.4712418 -0.546739
vn -0.9746178 0.003003753 0.2238551
vn -0.3866788 0.6964634 -0.6044983
vn 0.2154894 0.8344605 -0.5071884
vn -0.3390172 0.8202727 -0.4606734
vn 0.2154894 0.8344605 -0.5071884
vn -0.6422732 0.7028853 -0.3056754
vn -0.8491105 0.5179045 -0.1038567
vn -0.709871 0.4835055 0.5121579
vn -0.6005165 0.7509049 0.2748123
vn -0.412384 0.9098516 -0.0459296
vn -0.1820385 0.9282919 -0.3242472
vn 0.2154894 0.8344605 -0.5071884
vn -0.0126279 0.9866781 0.1621935
vn 0.1146778 0.9725864 -0.2022986
vn 0.2154894 0.8344605 -0.5071884
vn -0.1556807 0.8209679 0.5493408
vn -0.2566019 0.5418319 0.8003585
vn -0.7625827 0.1429601 0.6308963
vn -0.3181108 0.1870172 0.9294246
vn -0.3283418 0.05753515 0.9428051
vn -0.792713 0.03062617 0.6088253
vn -0.3288242 -0.2849678 0.9003711
vn -0.9648529 -0.09594668 0.2446491
vn -0.6925526 -0.3393228 0.6365774
vn -0.2157658 -0.8338829 0.5080202
vn -0.7950822 -0.4372608 0.4202944
vn -0.2157658 -0.8338829 0.5080202
vn -0.2157658 -0.8338829 0.5080202
vn 0.1728267 -0.9847462 0.02014608
vn 0.7091267 -0.6174567 0.3404213
vn 0.7909788 -0.5974494 0.1319347
vn 0.8821915 -0.2456323 0.4017497
vn 0.9618872 -0.2243644 0.1563127
vn 0.7856489 -0.6113955 -0.09461139
vn 0.1728267 -0.9847462 0.02014608
vn 0.723663 -0.3380347 0.6017013
vn 0.5717676 -0.6665343 0.4783448
vn 0.1728267 -0.9847462 0.02014608
vn 0.9269092 -0.01301244 0.3750598
vn 0.7918924 -0.09557921 0.6031344
vn 0.9634767 -0.2472277 -0.1029133
vn 0.9875569 0.01698605 0.1563422
vn 0.7054535 -0.6558599 -0.2686691
vn 0.1728267 -0.9847462 0.02014608
vn 0.4361458 -0.4626391 0.7718432
vn 0.4827653 -0.2303123 0.8449224
vn 0.3624477 -0.7329452 0.5756935
vn 0.1728267 -0.9847462 0.02014608
vn 0.8216532 0.07392982 0.5651729
vn 0.9347782 0.1319912 0.3297998
vn 0.5089601 -0.03229996 0.8601839
vn 0.8762472 -0.3419435 -0.3395076
vn 0.9973743 -0.0201676 -0.06955343
vn 0.9762187 0.1518484 0.1547229
vn 0.5410853 -0.7233546 -0.4289345
vn 0.1728267 -0.9847462 0.02014608
vn 0.822099 0.1927502 0.5357244
vn 0.5016041 0.1464171 0.8526168
vn 0.9307393 0.2052199 0.3026702
vn -0.1156112 -0.1800623 0.9768376
vn -0.1616817 0.02825986 0.9864383
vn -0.06595165 -0.3741392 0.9250245
vn -0.003157698 -0.5840727 0.8116952
vn 0.075217 -0.7940359 0.6031993
vn 0.1728267 -0.9847462 0.02014608
vn 0.4446363 0.3721964 0.8147199
vn 0.7799598 0.3446093 0.5224052
vn -0.2091848 0.2885813 0.9343247
vn -0.7400089 -0.1181946 0.6621305
vn -0.6767584 -0.2877246 0.6776522
vn -0.573297 -0.4576308 0.6796356
vn -0.4212874 -0.6460764 0.6364764
vn -0.7716072 0.114697 0.6256733
vn -0.1939528 -0.848821 0.4918184
vn 0.1728267 -0.9847462 0.02014608
vn -0.2450545 0.5618062 0.7901406
vn -0.7524434 0.3772018 0.5399516
vn 0.3440751 0.6101091 0.7137082
vn -0.941469 -0.1801846 0.2849029
vn -0.8984387 -0.3051995 0.3156916
vn -0.8201286 -0.4481758 0.3557071
vn -0.6703233 -0.6362103 0.3819726
vn -0.9649289 -0.01160455 0.262255
vn -0.9499632 0.2097042 0.231504
vn -0.3819194 -0.8609688 0.3359618
vn 0.1728267 -0.9847462 0.02014608
vn -0.9521136 -0.3001215 0.05836746
vn -0.9798682 -0.19671 0.03410892
vn -0.9978585 -0.06379154 0.014462
vn -0.9026029 -0.4200609 0.09411154
vn -0.7866244 -0.6012769 0.1403143
vn -0.9924837 0.122377 0.0003275014
vn -0.4922182 -0.8554527 0.1610029
vn 0.1728267 -0.9847462 0.02014608
vn -0.9830551 -0.07202742 -0.1685665
vn -0.9676908 -0.1966189 -0.1578464
vn -0.9430764 -0.2972665 -0.1491296
vn -0.9023688 -0.4070585 -0.1415415
vn -0.7931989 -0.5969931 -0.1201449
vn -0.979782 0.0970908 -0.1749303
vn -0.5172416 -0.8526685 -0.07360498
vn 0.1728267 -0.9847462 0.02014608
vn -0.9218583 -0.1901615 -0.3376624
vn -0.8875923 -0.3016521 -0.3481176
vn -0.9414923 -0.05479215 -0.3325508
vn -0.8267596 -0.4277651 -0.3653568
vn -0.7068488 -0.6037387 -0.368598
vn -0.9365816 0.1212375 -0.3288106
vn -0.4315813 -0.8517048 -0.2972143
vn 0.1728267 -0.9847462 0.02014608
vn -0.8426068 -0.004491607 -0.5385106
vn -0.8123682 -0.1757888 -0.5560183
vn -0.757889 -0.310036 -0.5740051
vn -0.6649996 -0.4623099 -0.5865536
vn -0.5233113 -0.6413961 -0.5610315
vn -0.8350523 0.2049828 -0.5105584
vn -0.2812828 -0.8558839 -0.4339847
vn 0.1728267 -0.9847462 0.02014608
vn -0.5515872 0.1135056 -0.8263583
vn -0.5051532 -0.122701 -0.8542627
vn -0.4349928 -0.2977219 -0.84979
vn -0.3300224 -0.4768687 -0.8146665
vn -0.2065168 -0.6573947 -0.7246951
vn -0.5611638 0.3705789 -0.7401125
vn -0.05612113 -0.8472458 -0.5282281
vn 0.1728267 -0.9847462 0.02014608
vn 0.08552781 0.280144 -0.9561403
vn 0.1496609 0.0168101 -0.9885945
vn 0.005136252 0.5545785 -0.8321155
vn 0.193065 -0.1931765 -0.9619817
vn 0.2251426 -0.3947557 -0.8907743
vn 0.2484341 -0.6002139 -0.7602788
vn 0.2575717 -0.7896431 -0.5568846
vn 0.1728267 -0.9847462 0.02014608
vn -0.07340336 0.7679702 -0.6362655
vn -0.5255032 0.6107336 -0.5923268
vn -0.145568 0.9124511 -0.3824171
vn -0.7713587 0.4531016 -0.4468834
vn -0.4301865 0.8231888 -0.3705398
vn -0.2090476 0.9768214 -0.04603395
vn -0.8814601 0.3596873 -0.3060281
vn -0.601734 0.7392734 -0.3023095
vn -0.2090476 0.9768214 -0.04603395
vn -0.9277231 0.3328273 -0.1689852
vn -0.6919966 0.6864183 -0.2235413
vn -0.2090476 0.9768214 -0.04603395
vn -0.9294461 0.3686832 -0.01423251
vn -0.7297291 0.6699899 -0.136415
vn -0.2090476 0.9768214 -0.04603395
vn -0.8660582 0.46861 0.1742059
vn -0.7206135 0.6923282 -0.03738787
vn -0.2090476 0.9768214 -0.04603395
vn -0.6714669 0.6248812 0.3983159
vn -0.6561943 0.7507967 0.07558649
vn -0.2090476 0.9768214 -0.04603395
vn -0.2579244 0.77673 0.5746003
vn -0.5109901 0.8356455 0.2014588
vn -0.2090476 0.9768214 -0.04603395
vn -0.2465321 0.9208691 0.3020299
vn -0.2090476 0.9768214 -0.04603395
vn 0.2117272 0.8132823 0.541981
vn 0.6784086 0.5466879 0.4908096
vn 0.04314731 0.9547783 0.2941715
vn -0.2090476 0.9768214 -0.04603395
vn 0.50688 0.7613988 0.4041592
vn 0.9048844 0.3007041 0.3012661
vn 0.2347864 0.9447148 0.2288868
vn -0.2090476 0.9768214 -0.04603395
vn 0.8229684 0.4830776 0.29893
vn 0.966063 0.2075249 0.1538044
vn 0.6574967 0.707508 0.2590954
vn 0.9478904 0.2797739 0.152415
vn 0.991139 0.1308344 -0.02293142
vn 0.3440234 0.9271363 0.1485469
vn -0.2090476 0.9768214 -0.04603395
vn 0.8783213 0.456522 0.1419128
vn 0.9794524 0.2016604 0.002458704
vn 0.9392214 -0.1095576 -0.3253618
vn 0.7182727 0.686247 0.1146713
vn 0.9560497 0.2931755 -0.004130433
vn 0.9577612 0.06962216 -0.2790094
vn 0.6556721 -0.4729193 -0.5885928
vn 0.2575717 -0.7896431 -0.5568846
vn 0.1728267 -0.9847462 0.02014608
vn 0.2484341 -0.6002139 -0.7602788
vn 0.7202626 -0.2502008 -0.6470096
vn 0.2251426 -0.3947557 -0.8907743
vn 0.7526962 -0.04193116 -0.6570314
vn 0.193065 -0.1931765 -0.9619817
vn 0.9497178 0.1856769 -0.2521115
vn 0.7432342 0.1355946 -0.6551466
vn 0.1496609 0.0168101 -0.9885945
vn 0.9071441 0.3336464 -0.2564562
vn 0.6774762 0.3610557 -0.6408314
vn 0.08552781 0.280144 -0.9561403
vn 0.8783864 0.4771485 -0.02768865
vn 0.5505431 0.6012186 -0.5791705
vn 0.005136252 0.5545785 -0.8321155
vn 0.8018377 0.53765 -0.2607466
vn 0.7078124 0.705052 -0.04362755
vn 0.3707138 0.8069772 -0.4597383
vn -0.07340336 0.7679702 -0.6362655
vn 0.6106768 0.7567322 -0.2333027
vn 0.3896033 0.9191824 0.05755923
vn -0.2090476 0.9768214 -0.04603395
vn 0.3751652 0.9259126 -0.04401103
vn -0.2090476 0.9768214 -0.04603395
vn 0.296629 0.9419901 -0.1570537
vn -0.2090476 0.9768214 -0.04603395
vn 0.1332445 0.9500214 -0.2823212
vn -0.2090476 0.9768214 -0.04603395
vn -0.145568 0.9124511 -0.3824171
vn -0.2090476 0.9768214 -0.04603395
vn 0.2384593 0.9578268 -0.1603277
vn 0.3982433 0.8198549 0.4113884
vn 0.2209088 0.8312678 0.5100914
vn 0.1489636 0.6085419 0.7794142
vn -0.1502305 0.727025 0.6699743
vn -0.2920389 0.479494 0.8275257
vn 0.02530865 0.9090951 0.4158191
vn 0.2384593 0.9578268 -0.1603277
vn -0.1155906 0.9737844 0.1959152
vn 0.2384593 0.9578268 -0.1603277
vn -0.4010068 0.8320593 0.3832374
vn -0.180865 0.9685588 -0.1708268
vn 0.2384593 0.9578268 -0.1603277
vn -0.5494341 0.8255056 -0.129084
vn -0.8622473 0.5034156 -0.05569815
vn -0.6464884 0.5529452 0.5256466
vn -0.7627935 0.1984008 0.6154537
vn -0.9932211 0.1143482 0.02088933
vn -0.7345866 -0.1661862 0.6578485
vn -0.9516411 -0.2922849 0.09459722
vn -0.6600504 -0.3903019 0.6418707
vn -0.8097441 -0.5691439 0.1427928
vn -0.4709425 -0.7189984 0.5111308
vn -0.5399017 -0.822537 0.1787152
vn -0.1055858 -0.9772186 0.1841075
vn -0.3275849 -0.6322861 0.7020701
vn -0.1055858 -0.9772186 0.1841075
vn -0.3791949 -0.234631 0.8950751
vn -0.3794533 -0.06298541 0.9230645
vn -0.369264 0.2043742 0.9065734
vn 0.01839836 -0.007467939 0.9998029
vn -0.0004826185 -0.1368105 0.9905971
vn 0.04366142 0.1658752 0.9851798
vn -0.05229275 -0.5909842 0.8049864
vn -0.1055858 -0.9772186 0.1841075
vn 0.391382 -0.1429517 0.9090571
vn 0.08678237 0.3842697 0.9191331
vn 0.3447393 -0.3076988 0.8868349
vn 0.4715548 0.1357197 0.8713302
vn 0.4339322 0.6451941 0.6288302
vn 0.4696512 0.4292451 0.7714768
vn 0.6587681 0.6688466 0.3444835
vn 0.1939333 -0.6895078 0.6978316
vn -0.1055858 -0.9772186 0.1841075
vn 0.3056308 -0.8030767 0.5115248
vn -0.1055858 -0.9772186 0.1841075
vn 0.5770987 -0.5123956 0.6359307
vn 0.7081433 -0.3119539 0.6334176
vn 0.8280411 0.06712282 0.556635
vn 0.3419627 -0.9265563 0.1567
vn -0.1055858 -0.9772186 0.1841075
vn 0.6757738 -0.7294692 0.105851
vn 0.7842794 0.429851 0.4473632
vn 0.9308894 0.3563764 -0.08025525
vn 0.9984185 -0.05235653 -0.0204762
vn 0.8719043 -0.4866861 0.05403331
vn 0.2741598 -0.9371736 -0.2157363
vn -0.1055858 -0.9772186 0.1841075
vn 0.5297127 -0.7146782 -0.4567706
vn 0.7880395 -0.161889 -0.5939577
vn 0.1443711 -0.8960367 -0.4198513
vn -0.1055858 -0.9772186 0.1841075
vn 0.6578317 -0.5300993 -0.5350254
vn 0.2741328 -0.6096146 -0.7437885
vn -0.1099225 -0.8382223 -0.5341353
vn -0.1055858 -0.9772186 0.1841075
vn 0.7680687 0.2332221 -0.5963874
vn 0.3935018 -0.2065232 -0.8958262
vn 0.3156722 -0.4655068 -0.826834
vn -0.06465339 -0.3644198 -0.9289877
vn -0.07876112 -0.4807636 -0.8733059
vn 0.7624824 0.6378824 -0.1082901
vn 0.5081295 0.8312255 0.2255408
vn 0.2384593 0.9578268 -0.1603277
vn 0.5511613 0.8260953 -0.1174212
vn 0.2384593 0.9578268 -0.1603277
vn 0.6493343 0.525627 -0.5496192
vn 0.4131254 0.1189353 -0.9028742
vn 0.4980865 0.7337735 -0.4620458
vn 0.2384593 0.9578268 -0.1603277
vn 0.3731014 0.3928435 -0.8405173
vn -0.04430133 -0.2006925 -0.9786521
vn -0.01126872 0.01986524 -0.9997392
vn 0.3436919 0.652853 -0.6750251
vn 0.2384593 0.9578268 -0.1603277
vn -0.446901 -0.1277734 -0.8854115
vn 0.04918003 0.2912394 -0.9553852
vn -0.454281 -0.3809695 -0.8052894
vn 0.1344617 0.6218492 -0.7715074
vn 0.2384593 0.9578268 -0.1603277
vn -0.04003059 0.7121025 -0.7009333
vn 0.2384593 0.9578268 -0.1603277
vn -0.225288 0.4408581 -0.8688437
vn -0.3688768 0.1553191 -0.9164092
vn -0.8139083 -0.02189224 -0.5805808
vn -0.6963927 0.3386883 -0.6327143
vn -0.444894 0.6463017 -0.6199705
vn -0.1507496 0.8425334 -0.517119
vn 0.2384593 0.9578268 -0.1603277
vn -0.5494341 0.8255056 -0.129084
vn -0.180865 0.9685588 -0.1708268
vn 0.2384593 0.9578268 -0.1603277
vn -0.8622473 0.5034156 -0.05569815
vn -0.9932211 0.1143482 0.02088933
vn -0.7846478 -0.3770436 -0.4921036
vn -0.9516411 -0.2922849 0.09459722
vn -0.8097441 -0.5691439 0.1427928
vn -0.7083617 -0.580897 -0.4009767
vn -0.5399017 -0.822537 0.1787152
vn -0.4494157 -0.5308364 -0.7184973
vn -0.5035439 -0.8452238 -0.178998
vn -0.1055858 -0.9772186 0.1841075
vn -0.3750204 -0.8337326 -0.4052773
vn -0.1055858 -0.9772186 0.1841075
vn -0.1055858 -0.9772186 0.1841075
vn 0.4009453 0.9122947 -0.08343438
vn 0.1223578 0.8700172 0.4775969
vn -0.02254617 0.8778404 0.4784223
vn -0.25985 0.6688163 0.6965364
vn -0.3328436 0.8110145 0.4811139
vn -0.5763094 0.6133204 0.5400977
vn -0.05360632 0.9355736 0.3490392
vn 0.4009453 0.9122947 -0.08343438
vn -0.00404046 0.9930998 0.1172026
vn 0.4009453 0.9122947 -0.08343438
vn -0.3197524 0.9373203 0.1385249
vn 0.1729628 0.9563485 -0.235545
vn 0.4009453 0.9122947 -0.08343438
vn -0.1328257 0.9064328 -0.4009201
vn -0.5126697 0.6655316 -0.5424365
vn -0.6653667 0.7348963 0.1312045
vn -0.9057587 0.398985 0.1428714
vn -0.7774504 0.2788079 -0.5637703
vn -0.9816911 0.07997741 0.1728763
vn -0.8690066 -0.1136937 -0.4815613
vn -0.9801722 -0.100915 0.1705249
vn -0.8562391 -0.3530517 -0.3771063
vn -0.8679211 -0.477416 0.1370654
vn -0.7600714 -0.6137785 -0.2134652
vn -0.4516686 -0.8889497 0.07592055
vn -0.8292016 -0.4115684 0.3782011
vn -0.4516686 -0.8889497 0.07592055
vn -0.8559685 0.03428313 0.5158901
vn -0.8151938 0.1617745 0.5561368
vn -0.7414465 0.3686886 0.5606477
vn -0.5492636 0.1618236 0.8198308
vn -0.5953393 0.05208404 0.8017845
vn -0.4949769 0.2851851 0.8207725
vn -0.660963 -0.4364582 0.6104361
vn -0.4516686 -0.8889497 0.07592055
vn -0.2698156 -0.05125783 0.9615468
vn -0.4039474 0.4631636 0.7888637
vn -0.3161276 -0.193453 0.9287838
vn -0.1817745 0.1604516 0.9701615
vn 0.006155488 0.68473 0.7287709
vn -0.0857992 0.430564 0.8984727
vn 0.3594697 0.6842442 0.634501
vn -0.4310187 -0.5858718 0.6862778
vn -0.4516686 -0.8889497 0.07592055
vn -0.2551936 -0.7486141 0.6119258
vn -0.4516686 -0.8889497 0.07592055
vn -0.06588857 -0.4764423 0.8767334
vn 0.05740555 -0.312333 0.9482366
vn 0.2286631 -0.0236326 0.9732187
vn -0.02872609 -0.9415783 0.3355669
vn -0.4516686 -0.8889497 0.07592055
vn 0.2831939 -0.8318911 0.4772403
vn 0.3432495 0.359026 0.8679171
vn 0.8708133 0.1497732 0.4682438
vn 0.769742 -0.2991953 0.5638967
vn 0.5330408 -0.649511 0.5422204
vn 0.1157081 -0.9922486 -0.04532549
vn -0.4516686 -0.8889497 0.07592055
vn 0.49474 -0.8586138 -0.1342192
vn 0.8933383 -0.4242821 -0.1480929
vn 0.1305321 -0.9488463 -0.2874926
vn -0.4516686 -0.8889497 0.07592055
vn 0.6800994 -0.7185104 -0.1456286
vn 0.4769656 -0.7331815 -0.484715
vn 0.005565736 -0.8678069 -0.4968705
vn -0.4516686 -0.8889497 0.07592055
vn 0.9803758 -0.01830822 -0.1962859
vn 0.724615 -0.3938436 -0.5655265
vn 0.578143 -0.6151754 -0.536013
vn 0.3994592 -0.4695972 -0.7873442
vn 0.3340967 -0.5618062 -0.7568046
vn 0.7800885 0.5661724 0.2662907
vn 0.3410543 0.8645353 0.369135
vn 0.4009453 0.9122947 -0.08343438
vn 0.598087 0.7978999 0.07515157
vn 0.4009453 0.9122947 -0.08343438
vn 0.8934786 0.3679798 -0.2574625
vn 0.8036745 -0.09623947 -0.5872353
vn 0.7214431 0.6392488 -0.2662347
vn 0.4009453 0.9122947 -0.08343438
vn 0.787013 0.2222652 -0.5755073
vn 0.4814565 -0.3159204 -0.8175536
vn 0.5600975 -0.1077914 -0.8213841
vn 0.6974514 0.5294183 -0.4829885
vn 0.4009453 0.9122947 -0.08343438
vn 0.1776003 -0.1837344 -0.9667988
vn 0.6189335 0.1483574 -0.771305
vn 0.07466322 -0.4085107 -0.9096947
vn 0.6254429 0.4940684 -0.6039186
vn 0.4009453 0.9122947 -0.08343438
vn 0.5215126 0.5949594 -0.6115947
vn 0.4009453 0.9122947 -0.08343438
vn 0.448077 0.3485134 -0.8232651
vn 0.3134012 0.0864905 -0.9456739
vn -0.23765 0.004719004 -0.9713393
vn -0.02790417 0.3576038 -0.9334564
vn 0.2145816 0.6208599 -0.7539813
vn 0.3765521 0.7676919 -0.518515
vn 0.4009453 0.9122947 -0.08343438
vn -0.1328257 0.9064328 -0.4009201
vn 0.1729628 0.9563485 -0.235545
vn 0.4009453 0.9122947 -0.08343438
vn -0.5126697 0.6655316 -0.5424365
vn -0.7774504 0.2788079 -0.5637703
vn -0.3473421 -0.3145649 -0.8834039
vn -0.8690066 -0.1136937 -0.4815613
vn -0.8562391 -0.3530517 -0.3771063
vn -0.4095767 -0.483882 -0.7733725
vn -0.7600714 -0.6137785 -0.2134652
vn -0.02278823 -0.5285158 -0.8486176
vn -0.4890185 -0.7281082 -0.4803325
vn -0.4516686 -0.8889497 0.07592055
vn -0.243422 -0.7882767 -0.5651244
vn -0.4516686 -0.8889497 0.07592055
vn -0.4516686 -0.8889497 0.07592055
vn -0.3573283 0.9339784 -0.0009113182
vn -0.4980692 0.7581299 -0.4209111
vn -0.3173142 0.794251 -0.5181476
vn -0.2337205 0.5566355 -0.7972023
vn 0.0609243 0.7355586 -0.6747161
vn 0.293872 0.4842855 -0.8240793
vn -0.1545802 0.8895227 -0.4299469
vn -0.3573283 0.9339784 -0.0009113182
vn -0.0502441 0.9635583 -0.2627373
vn -0.3573283 0.9339784 -0.0009113182
vn 0.2860254 0.8792933 -0.3808317
vn -0.01841485 0.9997883 -0.009172265
vn -0.3573283 0.9339784 -0.0009113182
vn 0.3604764 0.9326124 -0.01705845
vn 0.7303555 0.6826732 -0.02320054
vn 0.624741 0.6396095 -0.4478821
vn 0.8326198 0.3062209 -0.4614901
vn 0.937109 0.3481808 -0.02443209
vn 0.8879619 -0.0726141 -0.4541484
vn 0.9992263 -0.03262258 -0.02196836
vn 0.8580915 -0.1869987 -0.4782369
vn 0.9872906 -0.1575696 -0.02071606
vn 0.7598054 -0.5368795 -0.3666827
vn 0.8668725 -0.4983121 -0.01473744
vn 0.3582079 -0.9336414 0.0008959685
vn 0.5808402 -0.6030334 -0.5467864
vn 0.3582079 -0.9336414 0.0008959685
vn 0.5646156 -0.2976952 -0.7697966
vn 0.5609956 -0.1809321 -0.8078041
vn 0.4762388 0.1677844 -0.8631599
vn 0.09656588 -0.3154022 -0.9440321
vn 0.1322467 -0.4099955 -0.9024492
vn -0.01094836 -0.03942452 -0.9991626
vn 0.2537369 -0.7067207 -0.6604267
vn 0.3582079 -0.9336414 0.0008959685
vn -0.3364474 -0.5188126 -0.7858987
vn -0.1248216 0.2609617 -0.9572453
vn -0.2630784 -0.6124611 -0.7454403
vn -0.5059015 -0.2075043 -0.8372608
vn -0.5668934 0.4954198 -0.6581725
vn -0.5793731 0.1502555 -0.801093
vn -0.8168226 0.4573732 -0.3515829
vn -0.05423333 -0.8486441 -0.5261766
vn 0.3582079 -0.9336414 0.0008959685
vn -0.2183386 -0.9178913 -0.3313667
vn 0.3582079 -0.9336414 0.0008959685
vn -0.5401883 -0.7204862 -0.4348521
vn -0.6397434 -0.6475977 -0.4139391
vn -0.8449 -0.3351359 -0.4169269
vn -0.2962452 -0.9549804 0.01585114
vn 0.3582079 -0.9336414 0.0008959685
vn -0.630081 -0.7762275 0.02165347
vn -0.9118463 0.05174639 -0.4072573
vn -0.9995359 0.02074871 0.0223033
vn -0.930409 -0.3657064 0.0244526
vn -0.7284752 -0.6846869 0.02297299
vn -0.2028005 -0.9112483 0.358467
vn 0.3582079 -0.9336414 0.0008959685
vn -0.5197205 -0.7117789 0.4725054
vn -0.8251351 -0.3267256 0.4608715
vn -0.0301627 -0.8383471 0.5443016
vn 0.3582079 -0.9336414 0.0008959685
vn -0.6201676 -0.6392854 0.4546499
vn -0.2289595 -0.597963 0.7681262
vn 0.283472 -0.6940492 0.6617698
vn 0.3582079 -0.9336414 0.0008959685
vn -0.8926151 0.05993973 0.446817
vn -0.4676109 -0.1912323 0.8630008
vn -0.3004814 -0.5035557 0.8100263
vn 0.1390955 -0.2973001 0.9445978
vn 0.1728732 -0.3926948 0.903275
vn -0.8909739 0.4537829 0.0157042
vn -0.6175041 0.7465698 -0.2476336
vn -0.3573283 0.9339784 -0.0009113182
vn -0.6536937 0.7567224 0.007463495
vn -0.3573283 0.9339784 -0.0009113182
vn -0.8003685 0.4643851 0.3791527
vn -0.5427972 0.1658219 0.8233312
vn -0.6060545 0.7514467 0.2608176
vn -0.3573283 0.9339784 -0.0009113182
vn -0.5369107 0.5081908 0.6734011
vn 0.03404568 -0.020255 0.999215
vn -0.08173884 0.279312 0.956715
vn -0.478949 0.7662746 0.4282887
vn -0.3573283 0.9339784 -0.0009113182
vn 0.5145947 0.1839593 0.8374671
vn -0.1978502 0.5719133 0.796097
vn 0.5969775 -0.1655499 0.7849911
vn -0.2940188 0.8041731 0.5165836
vn -0.3573283 0.9339784 -0.0009113182
vn -0.1354572 0.8976681 0.4193368
vn -0.3573283 0.9339784 -0.0009113182
vn 0.09090862 0.7483317 0.6570656
vn 0.3302801 0.4998924 0.800639
vn 0.8520291 0.3156784 0.4176043
vn 0.6438812 0.6479661 0.4068868
vn 0.3024948 0.8863084 0.3506484
vn -0.03878381 0.9684393 0.2462134
vn -0.3573283 0.9339784 -0.0009113182
vn 0.3604764 0.9326124 -0.01705845
vn -0.01841485 0.9997883 -0.009172265
vn -0.3573283 0.9339784 -0.0009113182
vn 0.7303555 0.6826732 -0.02320054
vn 0.937109 0.3481808 -0.02443209
vn 0.9075049 -0.06412965 0.4151171
vn 0.9992263 -0.03262258 -0.02196836
vn 0.9872906 -0.1575696 -0.02071606
vn 0.8788235 -0.1781683 0.4426343
vn 0.8668725 -0.4983121 -0.01473744
vn 0.5988131 -0.2831291 0.7491734
vn 0.7757657 -0.530083 0.3423444
vn 0.3582079 -0.9336414 0.0008959685
vn 0.6051201 -0.5926889 0.531554
vn 0.3582079 -0.9336414 0.0008959685
vn 0.3582079 -0.9336414 0.0008959685
vn -0.3430582 0.9386646 -0.03492571
vn -0.5263142 0.6705081 0.5228885
vn -0.6684548 0.5634556 0.485475
vn -0.7049294 0.2340227 0.669558
vn -0.8701932 0.267183 0.4139772
vn -0.8981924 -0.03859892 0.4379048
vn -0.7459855 0.5827303 0.3223834
vn -0.3430582 0.9386646 -0.03492571
vn -0.7469327 0.659742 0.08265616
vn -0.3430582 0.9386646 -0.03492571
vn -0.9314344 0.3625861 0.03100531
vn -0.5686834 0.7809034 -0.2584357
vn -0.3430582 0.9386646 -0.03492571
vn -0.7329311 0.4965719 -0.4650036
vn -0.7850593 0.08271371 -0.6138732
vn -0.9993351 -0.008804941 -0.03538041
vn -0.9337952 -0.3537432 -0.05377965
vn -0.705387 -0.2908113 -0.6464194
vn -0.7663959 -0.6423587 0.003573308
vn -0.524959 -0.6178842 -0.5853523
vn -0.7080645 -0.7014355 0.08144277
vn -0.440235 -0.7160504 -0.5417241
vn -0.381851 -0.9169533 0.1156999
vn -0.2059338 -0.8939632 -0.3980216
vn 0.3422221 -0.938998 0.03415743
vn -0.3227425 -0.8804334 0.3473818
vn 0.3422221 -0.938998 0.03415743
vn -0.6583963 -0.5910194 0.4660584
vn -0.716608 -0.5372049 0.4448415
vn -0.8459179 -0.3043474 0.4379446
vn -0.5293377 -0.3939689 0.7513921
vn -0.495705 -0.4519458 0.7416343
vn -0.6099216 -0.216127 0.7624204
vn -0.1936567 -0.8034724 0.5629645
vn 0.3422221 -0.938998 0.03415743
vn -0.1913183 -0.3221013 0.9271721
vn -0.6703702 -0.01758003 0.7418185
vn -0.1821665 -0.4006731 0.897929
vn -0.2760609 -0.076412 0.9580979
vn -0.4832333 0.4218316 0.767166
vn -0.3824499 0.1674652 0.9086735
vn -0.1700917 0.6667578 0.7256052
vn 0.03939125 -0.7384293 0.6731794
vn 0.3422221 -0.938998 0.03415743
vn 0.2715885 -0.6628692 0.6977422
vn 0.3422221 -0.938998 0.03415743
vn 0.2182813 -0.3317519 0.9177657
vn 0.256938 -0.2249995 0.9398713
vn 0.194822 0.09734064 0.9759965
vn 0.7175379 -0.5386289 0.4416087
vn 0.3422221 -0.938998 0.03415743
vn 0.7848578 -0.225919 0.5770259
vn 0.03980426 0.40628 0.9128813
vn 0.5321813 0.6087314 0.5884123
vn 0.7109133 0.2757132 0.6469811
vn 0.7850829 -0.08644648 0.6133285
vn 0.8820554 -0.467776 -0.05624903
vn 0.3422221 -0.938998 0.03415743
vn 0.9956191 -0.08337866 -0.04231472
vn 0.9403997 0.3355569 0.05522639
vn 0.8219047 -0.4883474 -0.2932398
vn 0.3422221 -0.938998 0.03415743
vn 0.999669 0.01230337 0.02259829
vn 0.8981088 -0.05552509 -0.4362541
vn 0.6784745 -0.5248097 -0.5140497
vn 0.3422221 -0.938998 0.03415743
vn 0.7689036 0.6392436 0.01244736
vn 0.8534155 0.2844485 -0.4367734
vn 0.9043258 0.02792513 -0.4259283
vn 0.6758448 -0.008899339 -0.7369902
vn 0.6888185 -0.07346753 -0.7212015
vn 0.2295356 0.8809571 0.4137972
vn -0.337295 0.8234426 0.4562613
vn -0.3430582 0.9386646 -0.03492571
vn -0.07423293 0.9783803 0.1930327
vn -0.3430582 0.9386646 -0.03492571
vn 0.4793692 0.8742757 -0.07646687
vn 0.7222248 0.5204202 -0.4555812
vn 0.1481171 0.9785436 -0.1432262
vn -0.3430582 0.9386646 -0.03492571
vn 0.503252 0.737032 -0.4511333
vn 0.6237122 0.1780452 -0.7611064
vn 0.5416247 0.3696758 -0.7549719
vn 0.2028354 0.9034804 -0.3775989
vn -0.3430582 0.9386646 -0.03492571
vn 0.2838225 0.05641191 -0.957216
vn 0.4042386 0.5884257 -0.7002474
vn 0.3776256 -0.1875443 -0.9067668
vn 0.1597525 0.8280897 -0.5373513
vn -0.3430582 0.9386646 -0.03492571
vn -0.0167617 0.8157296 -0.5781904
vn -0.3430582 0.9386646 -0.03492571
vn 0.1164389 0.5824316 -0.804497
vn 0.2067316 0.3145196 -0.926466
vn -0.1879143 -0.1140572 -0.9755405
vn -0.2698697 0.2244595 -0.9363698
vn -0.2814243 0.5702755 -0.7717423
vn -0.2611031 0.8149716 -0.5173455
vn -0.3430582 0.9386646 -0.03492571
vn -0.7329311 0.4965719 -0.4650036
vn -0.5686834 0.7809034 -0.2584357
vn -0.3430582 0.9386646 -0.03492571
vn -0.7850593 0.08271371 -0.6138732
vn -0.705387 -0.2908113 -0.6464194
vn -0.02333597 -0.4047794 -0.9141166
vn -0.524959 -0.6178842 -0.5853523
vn -0.440235 -0.7160504 -0.5417241
vn 0.07811783 -0.4502324 -0.8894877
vn -0.2059338 -0.8939632 -0.3980216
vn 0.4247138 -0.2449432 -0.8715624
vn 0.2406349 -0.7180668 -0.6530505
vn 0.3422221 -0.938998 0.03415743
vn 0.4636964 -0.6291422 -0.6238315
vn 0.3422221 -0.938998 0.03415743
vn 0.3422221 -0.938998 0.03415743
vn 0.3948249 0.9006972 0.1812673
vn 0.4045719 0.5968859 0.6928555
vn 0.226841 0.6117392 0.757838
vn 0.0794412 0.3123526 0.9466388
vn -0.1370561 0.5281625 0.8380096
vn -0.3595868 0.2919208 0.8862728
vn 0.1064016 0.7314459 0.6735471
vn 0.3948249 0.9006972 0.1812673
vn 0.03810163 0.8722648 0.4875474
vn 0.3948249 0.9006972 0.1812673
vn -0.2985395 0.7724009 0.5605987
vn 0.05539586 0.9871942 0.1495957
vn 0.3948249 0.9006972 0.1812673
vn -0.3247794 0.9411556 0.09351258
vn -0.6984656 0.7155317 0.01265594
vn -0.6262335 0.550428 0.5521418
vn -0.8305098 0.2528678 0.4962978
vn -0.9132831 0.4027789 -0.06068914
vn -0.8961033 -0.08863053 0.4349062
vn -0.9916286 0.0355253 -0.1241398
vn -0.8671567 -0.199518 0.4563244
vn -0.9851684 -0.09629851 -0.1420207
vn -0.7898958 -0.5405647 0.2895763
vn -0.8909668 -0.4184707 -0.1762395
vn -0.3958243 -0.9002429 -0.1813447
vn -0.6226112 -0.6393759 0.4511693
vn -0.3958243 -0.9002429 -0.1813447
vn -0.5899475 -0.3153199 0.7433273
vn -0.5959727 -0.2269696 0.7702606
vn -0.5178755 0.04236783 0.8544061
vn -0.2202563 -0.3560664 0.9081321
vn -0.2457948 -0.4206296 0.8733016
vn -0.1368499 -0.1623447 0.9771982
vn -0.3731313 -0.7460852 0.5514798
vn -0.3958243 -0.9002429 -0.1813447
vn 0.1411896 -0.5545602 0.8200783
vn -0.04072656 0.05344874 0.9977398
vn 0.07752468 -0.615524 0.784296
vn 0.2798558 -0.3173545 0.9060723
vn 0.3946922 0.2882142 0.8724394
vn 0.3588862 -0.0323374 0.932821
vn 0.7130965 0.3158611 0.6258796
vn -0.1175501 -0.8691967 0.4802908
vn -0.3958243 -0.9002429 -0.1813447
vn 0.0814702 -0.9385744 0.3353219
vn -0.3958243 -0.9002429 -0.1813447
vn 0.3772978 -0.7594007 0.5300538
vn 0.4814654 -0.7015286 0.5254034
vn 0.6807206 -0.4288879 0.5938643
vn 0.2723663 -0.9567087 -0.1025911
vn -0.3958243 -0.9002429 -0.1813447
vn 0.5896724 -0.8066669 -0.03968721
vn 0.7629162 -0.07657705 0.6419461
vn 0.9913855 -0.04738765 0.1221036
vn 0.9065969 -0.4180458 0.0576168
vn 0.6959734 -0.7179491 -0.0130438
vn 0.1967879 -0.8106192 -0.5515171
vn -0.3958243 -0.9002429 -0.1813447
vn 0.5252841 -0.595212 -0.6081113
vn 0.8228937 -0.2712202 -0.4992851
vn 0.03812163 -0.6965132 -0.7165306
vn -0.3958243 -0.9002429 -0.1813447
vn 0.6228189 -0.5447543 -0.561551
vn 0.2938026 -0.3756152 -0.8789729
vn -0.1957136 -0.5493811 -0.8123279
vn -0.3958243 -0.9002429 -0.1813447
vn 0.9017236 0.07737356 -0.4253328
vn 0.5093162 -0.06289049 -0.8582784
vn 0.3621705 -0.3094928 -0.8792308
vn 0.02742944 -0.08137775 -0.9963058
vn -0.003645464 -0.1521156 -0.988356
vn 0.9063278 0.3853329 0.1734604
vn 0.574756 0.6301403 0.5220907
vn 0.3948249 0.9006972 0.1812673
vn 0.6854751 0.7027282 0.1905176
vn 0.3948249 0.9006972 0.1812673
vn 0.8353119 0.4514087 -0.3138219
vn 0.5821775 0.2152956 -0.784039
vn 0.6641021 0.729233 -0.1648868
vn 0.3948249 0.9006972 0.1812673
vn 0.5900924 0.5049226 -0.6299556
vn 0.1184305 0.1207733 -0.9855902
vn 0.208774 0.3301428 -0.9205537
vn 0.5434721 0.7509348 -0.3751466
vn 0.3948249 0.9006972 0.1812673
vn -0.2884524 0.2967462 -0.9103498
vn 0.3028488 0.5601181 -0.7710709
vn -0.3753886 0.01790372 -0.9266946
vn 0.3872916 0.7896838 -0.4758202
vn 0.3948249 0.9006972 0.1812673
vn 0.2453198 0.8855125 -0.3945704
vn 0.3948249 0.9006972 0.1812673
vn 0.05838363 0.7449028 -0.6646135
vn -0.1360883 0.5396037 -0.8308476
vn -0.6876866 0.4118538 -0.5978826
vn -0.4872564 0.7046393 -0.5158146
vn -0.1762086 0.9080672 -0.3799532
vn 0.12754 0.971445 -0.2000702
vn 0.3948249 0.9006972 0.1812673
vn -0.3247794 0.9411556 0.09351258
vn 0.05539586 0.9871942 0.1495957
vn 0.3948249 0.9006972 0.1812673
vn -0.6984656 0.7155317 0.01265594
vn -0.9132831 0.4027789 -0.06068914
vn -0.7545865 0.06836781 -0.6526294
vn -0.9916286 0.0355253 -0.1241398
vn -0.9851684 -0.09629851 -0.1420207
vn -0.7172877 -0.03330781 -0.6959805
vn -0.8909668 -0.4184707 -0.1762395
vn -0.3729867 -0.07470493 -0.9248244
vn -0.6720128 -0.409828 -0.6167981
vn -0.3958243 -0.9002429 -0.1813447
vn -0.4660982 -0.4658027 -0.7521837
vn -0.3958243 -0.9002429 -0.1813447
vn -0.3958243 -0.9002429 -0.1813447
vn 0.01557967 0.93068 -0.3655024
vn 0.5687959 0.8155791 -0.1063107
vn 0.5561345 0.8285628 0.06479339
vn 0.7479802 0.5929627 0.298196
vn 0.5132274 0.7558526 0.4065521
vn 0.5386186 0.5424212 0.6447242
vn 0.4101481 0.9048349 0.1142467
vn 0.01557967 0.93068 -0.3655024
vn 0.1749319 0.9818248 0.07361276
vn 0.01557967 0.93068 -0.3655024
vn 0.1524624 0.9011822 0.4057412
vn -0.1615222 0.9816316 -0.1015385
vn 0.01557967 0.93068 -0.3655024
vn -0.3460627 0.9124687 0.2182693
vn -0.5022283 0.6577721 0.56134
vn 0.09637115 0.677181 0.7294782
vn 0.06658389 0.353672 0.9329966
vn -0.5549748 0.3034405 0.7745495
vn 0.08945624 0.00947257 0.9959458
vn -0.5153548 -0.08476399 0.8527746
vn 0.1123882 -0.2142212 0.970298
vn -0.4290983 -0.3746715 0.8218855
vn 0.08336806 -0.5869725 0.805303
vn -0.2688957 -0.6830251 0.6790963
vn -0.01640283 -0.9302232 0.3666275
vn 0.3199501 -0.5369186 0.780609
vn -0.01640283 -0.9302232 0.3666275
vn 0.4879746 -0.1241193 0.8639879
vn 0.5172447 0.03708747 0.8550336
vn 0.5312886 0.2900126 0.7960057
vn 0.8133572 0.01009645 0.5816771
vn 0.7846366 -0.1126781 0.6096303
vn 0.8312967 0.1723268 0.5284404
vn 0.5493662 -0.5574046 0.6224924
vn -0.01640283 -0.9302232 0.3666275
vn 0.9451987 -0.1968025 0.2605155
vn 0.8184996 0.3707545 0.4388617
vn 0.8844961 -0.3495041 0.3090526
vn 0.9859002 0.0344457 0.1637509
vn 0.8069705 0.5905889 -0.00183822
vn 0.9466381 0.3128468 0.07748076
vn 0.7178541 0.582906 -0.3806654
vn 0.6020901 -0.6995369 0.384884
vn -0.01640283 -0.9302232 0.3666275
vn 0.5088266 -0.8366278 0.2028534
vn -0.01640283 -0.9302232 0.3666275
vn 0.8000833 -0.5998 0.01033356
vn 0.8935183 -0.4318532 -0.1229954
vn 0.9462892 -0.1413667 -0.2907786
vn 0.2335617 -0.9721944 -0.01693901
vn -0.01640283 -0.9302232 0.3666275
vn 0.4109539 -0.8428958 -0.3473378
vn 0.8957373 0.2272303 -0.3821269
vn 0.514982 0.08513843 -0.8529625
vn 0.5546956 -0.3201442 -0.7679977
vn 0.5051801 -0.6492881 -0.5685227
vn -0.1057685 -0.9775451 -0.1822593
vn -0.01640283 -0.9302232 0.3666275
vn -0.1257324 -0.8121194 -0.5697836
vn -0.06616438 -0.3735935 -0.9252298
vn -0.3428595 -0.9162279 -0.2073013
vn -0.01640283 -0.9302232 0.3666275
vn -0.09921821 -0.6595522 -0.7450817
vn -0.4965855 -0.6662292 -0.5563645
vn -0.5737063 -0.815013 -0.08133251
vn -0.01640283 -0.9302232 0.3666275
vn -0.0845456 0.002399053 -0.9964167
vn -0.5313181 -0.3135707 -0.7870035
vn -0.5262112 -0.5343216 -0.6615152
vn -0.8197771 -0.3644864 -0.4417185
vn -0.7940093 -0.4747764 -0.3796533
vn 0.3699263 0.5095974 -0.7768301
vn 0.4702208 0.8155964 -0.3371867
vn 0.01557967 0.93068 -0.3655024
vn 0.1911177 0.7832155 -0.591648
vn 0.01557967 0.93068 -0.3655024
vn -0.1304246 0.3883497 -0.9122357
vn -0.5298068 -0.02579947 -0.8477259
vn -0.1469352 0.6740457 -0.7239285
vn 0.01557967 0.93068 -0.3655024
vn -0.4955705 0.2918393 -0.8180708
vn -0.8319893 -0.2091607 -0.5138537
vn -0.8123734 -0.003304591 -0.5831283
vn -0.3849683 0.5968239 -0.703989
vn 0.01557967 0.93068 -0.3655024
vn -0.9862233 -0.05824251 -0.1548268
vn -0.7338571 0.2530892 -0.6303965
vn -0.9517799 -0.2997379 -0.06536222
vn -0.5326083 0.5788489 -0.6174645
vn 0.01557967 0.93068 -0.3655024
vn -0.5436692 0.6860691 -0.4834594
vn 0.01557967 0.93068 -0.3655024
vn -0.7894202 0.4570775 -0.4097509
vn -0.9379049 0.2037567 -0.2807448
vn -0.9468545 0.1225242 0.2974128
vn -0.8843836 0.4524174 0.1148226
vn -0.6963816 0.7064912 -0.1261862
vn -0.4425979 0.8401873 -0.3133567
vn 0.01557967 0.93068 -0.3655024
vn -0.3460627 0.9124687 0.2182693
vn -0.1615222 0.9816316 -0.1015385
vn 0.01557967 0.93068 -0.3655024
vn -0.5022283 0.6577721 0.56134
vn -0.5549748 0.3034405 0.7745495
vn -0.9010662 -0.2175784 0.3751523
vn -0.5153548 -0.08476399 0.8527746
vn -0.4290983 -0.3746715 0.8218855
vn -0.8165447 -0.4272808 0.3881828
vn -0.2688957 -0.6830251 0.6790963
vn -0.8971043 -0.441801 -0.003973698
vn -0.5440234 -0.73087 0.4121501
vn -0.01640283 -0.9302232 0.3666275
vn -0.6292956 -0.7546392 0.1857597
vn -0.01640283 -0.9302232 0.3666275
vn -0.01640283 -0.9302232 0.3666275
vn -0.3433337 0.875968 0.3388246
vn 0.3683521 0.8445743 0.3886014
vn 0.41847 0.7497809 0.5125539
vn 0.7033358 0.5200346 0.4846472
vn 0.5133 0.4880253 0.7059423
vn 0.6539127 0.2520219 0.7133605
vn 0.286878 0.72135 0.6303613
vn -0.3433337 0.875968 0.3388246
vn 0.02943165 0.7053772 0.7082209
vn -0.3433337 0.875968 0.3388246
vn 0.1588878 0.4428878 0.882386
vn -0.4273058 0.6482061 0.6302688
vn -0.3433337 0.875968 0.3388246
vn -0.4439282 0.3256693 0.8347857
vn -0.3960871 -0.01338203 0.9181154
vn 0.2688037 0.143002 0.9525204
vn 0.3732942 -0.1568961 0.9143496
vn -0.3237594 -0.3563085 0.876484
vn 0.5014809 -0.4337912 0.74856
vn -0.1706136 -0.7115963 0.6815583
vn 0.567693 -0.5735999 0.5905148
vn -0.01484137 -0.897724 0.4403083
vn 0.5577059 -0.7938199 0.2425164
vn 0.148398 -0.9815241 0.1207827
vn 0.328262 -0.8906906 -0.3145064
vn 0.7319768 -0.6484809 0.2090036
vn 0.328262 -0.8906906 -0.3145064
vn 0.8088782 -0.29256 0.5100243
vn 0.7906643 -0.1750916 0.5866796
vn 0.7316056 0.02188929 0.6813766
vn 0.9352123 0.04566773 0.3511305
vn 0.9484577 -0.04903055 0.3130881
vn 0.9048528 0.168811 0.390825
vn 0.8605409 -0.5056721 0.06135995
vn 0.328262 -0.8906906 -0.3145064
vn 0.993957 0.1082337 0.0183019
vn 0.8382553 0.3285829 0.4351566
vn 0.9990194 -0.03231765 -0.03026134
vn 0.9479305 0.309396 0.07551116
vn 0.6523597 0.6990178 0.292918
vn 0.8399048 0.5141891 0.1736936
vn 0.4582758 0.8879209 0.03974514
vn 0.8681498 -0.4627607 -0.1793557
vn 0.328262 -0.8906906 -0.3145064
vn 0.7760612 -0.4947323 -0.3911125
vn 0.328262 -0.8906906 -0.3145064
vn 0.9148432 -0.09419728 -0.3926689
vn 0.9113438 0.1215283 -0.3932981
vn 0.8384447 0.4213378 -0.345666
vn 0.4310436 -0.6049579 -0.6694978
vn 0.328262 -0.8906906 -0.3145064
vn 0.4451912 -0.2621883 -0.8561905
vn 0.6874163 0.701384 -0.1884657
vn 0.1506267 0.7332658 -0.6630481
vn 0.3071615 0.4096924 -0.8589552
vn 0.4076204 0.04235571 -0.9121686
vn -0.01505905 -0.65876 -0.7522024
vn 0.328262 -0.8906906 -0.3145064
vn -0.2296301 -0.3315302 -0.9150725
vn -0.3890082 0.1667909 -0.9060096
vn -0.2351987 -0.6915033 -0.6830115
vn 0.328262 -0.8906906 -0.3145064
vn -0.2985128 -0.1293681 -0.9455972
vn -0.5648875 -0.3566117 -0.7441306
vn -0.3919537 -0.7653862 -0.5104471
vn 0.328262 -0.8906906 -0.3145064
vn -0.5061771 0.4538707 -0.7333391
vn -0.7272959 -0.03651864 -0.6853518
vn -0.6439159 -0.2314025 -0.7292634
vn -0.83577 -0.3188299 -0.4470302
vn -0.7795445 -0.4073667 -0.4757759
vn -0.05126868 0.9467845 -0.3177588
vn 0.1937898 0.9524571 0.2350975
vn -0.3433337 0.875968 0.3388246
vn -0.2140466 0.9765229 0.02422863
vn -0.3433337 0.875968 0.3388246
vn -0.5975123 0.6689516 -0.4421343
vn -0.8042932 0.1722487 -0.5687204
vn -0.603649 0.7872714 -0.1257444
vn -0.3433337 0.875968 0.3388246
vn -0.8424547 0.3819802 -0.3799491
vn -0.8973678 -0.1958685 -0.3954322
vn -0.9452875 -0.04683378 -0.3228595
vn -0.7933221 0.5948177 -0.1297384
vn -0.3433337 0.875968 0.3388246
vn -0.9533715 -0.3002005 -0.03102282
vn -0.9639528 0.1407573 -0.2257928
vn -0.8513767 -0.504822 -0.1425219
vn -0.8917944 0.449835 -0.04848881
vn -0.3433337 0.875968 0.3388246
vn -0.8854472 0.441489 0.1451575
vn -0.3433337 0.875968 0.3388246
vn -0.9878976 0.1275388 0.08827354
vn -0.994849 -0.09490015 0.0356289
vn -0.8422093 -0.3724458 0.3898303
vn -0.8857253 -0.09596128 0.454183
vn -0.8781688 0.1861819 0.4406313
vn -0.7760813 0.5082918 0.373279
vn -0.3433337 0.875968 0.3388246
vn -0.4439282 0.3256693 0.8347857
vn -0.4273058 0.6482061 0.6302688
vn -0.3433337 0.875968 0.3388246
vn -0.3960871 -0.01338203 0.9181154
vn -0.3237594 -0.3563085 0.876484
vn -0.7111449 -0.6710632 0.2096358
vn -0.1706136 -0.7115963 0.6815583
vn -0.01484137 -0.897724 0.4403083
vn -0.5803323 -0.8116654 0.06643716
vn 0.148398 -0.9815241 0.1207827
vn -0.7590293 -0.6176965 -0.2057317
vn -0.2474744 -0.9607905 -0.1250519
vn 0.328262 -0.8906906 -0.3145064
vn -0.3754429 -0.8781275 -0.2965379
vn 0.328262 -0.8906906 -0.3145064
vn 0.328262 -0.8906906 -0.3145064
vn -0.2716632 0.9599712 0.06822377
vn -0.7105249 0.6623908 0.2374717
vn -0.7898117 0.6097621 0.06624076
vn -0.9622619 0.2671241 0.05193023
vn -0.8834046 0.3961074 -0.2503901
vn -0.9214066 0.08064525 -0.3801397
vn -0.7232395 0.6829363 -0.1025802
vn -0.2716632 0.9599712 0.06822377
vn -0.5615476 0.7948095 -0.2300916
vn -0.2716632 0.9599712 0.06822377
vn -0.6350773 0.5791885 -0.5110946
vn -0.2678593 0.922097 -0.2792643
vn -0.2716632 0.9599712 0.06822377
vn -0.2256436 0.7495213 -0.6223366
vn -0.1360281 0.4139197 -0.9000927
vn -0.6139301 0.2519697 -0.7480649
vn -0.529146 -0.1007703 -0.8425259
vn -0.03467918 0.05164845 -0.998063
vn -0.425898 -0.44493 -0.7878123
vn 0.07023559 -0.3126989 -0.947252
vn -0.4289486 -0.5430782 -0.7218512
vn 0.1039276 -0.4286187 -0.8974881
vn -0.2247541 -0.8120741 -0.5385363
vn 0.1839932 -0.695816 -0.6942526
vn 0.2716356 -0.959904 -0.06927015
vn -0.3767039 -0.8633817 -0.3356579
vn 0.2716356 -0.959904 -0.06927015
vn -0.6954288 -0.5976949 -0.3989231
vn -0.7411884 -0.5135104 -0.4323736
vn -0.8648425 -0.2252373 -0.4486821
vn -0.8539485 -0.5203575 -0.0002113708
vn -0.8058822 -0.5920547 -0.005025055
vn -0.9544039 -0.2980101 0.01741412
vn -0.4606053 -0.8868322 -0.03703349
vn 0.2716356 -0.959904 -0.06927015
vn -0.711979 -0.5607051 0.4227241
vn -0.9985762 -0.04052863 0.03468584
vn -0.6641099 -0.6433174 0.3809208
vn -0.8300972 -0.2811457 0.4815556
vn -0.8605281 0.3591727 0.3612289
vn -0.8902066 0.03020204 0.4545548
vn -0.5924369 0.510677 0.6230791
vn -0.3505925 -0.9005555 0.2570692
vn 0.2716356 -0.959904 -0.06927015
vn -0.1765407 -0.8752329 0.450334
vn 0.2716356 -0.959904 -0.06927015
vn -0.3697669 -0.6256841 0.6868711
vn -0.3701977 -0.5305371 0.762551
vn -0.4651367 -0.203426 0.8615485
vn 0.2345109 -0.7839545 0.5748217
vn 0.2716356 -0.959904 -0.06927015
vn 0.1681774 -0.532788 0.8293692
vn -0.5552462 0.1573723 0.8166612
vn -0.0667963 0.3018261 0.9510201
vn 0.03945347 -0.06851026 0.99687
vn 0.1365608 -0.4168172 0.8986738
vn 0.6271797 -0.6466106 0.4342124
vn 0.2716356 -0.959904 -0.06927015
vn 0.6688232 -0.3302914 0.6660204
vn 0.5341368 0.08077546 0.8415303
vn 0.7811891 -0.5786176 0.234404
vn 0.2716356 -0.959904 -0.06927015
vn 0.6218976 -0.2483845 0.7426631
vn 0.9168049 -0.1937012 0.3492114
vn 0.8565143 -0.512216 -0.06338872
vn 0.2716356 -0.959904 -0.06927015
vn 0.4192321 0.4345343 0.7971351
vn 0.8710325 0.2026519 0.447476
vn 0.9155554 -0.09786167 0.3901043
vn 0.9992799 0.006720671 -0.03734118
vn 0.9959809 -0.07958106 -0.0410966
vn -0.1755116 0.6680151 0.7231539
vn -0.5391011 0.7588949 0.3653061
vn -0.2716632 0.9599712 0.06822377
vn -0.2422701 0.8805007 0.40746
vn -0.2716632 0.9599712 0.06822377
vn 0.2577928 0.7525009 0.6060407
vn 0.7573138 0.4987712 0.4215485
vn 0.07234696 0.9327995 0.3530595
vn -0.2716632 0.9599712 0.06822377
vn 0.5555733 0.7619352 0.3328561
vn 0.9683128 0.2488472 -0.02110631
vn 0.8710323 0.491218 -0.002759446
vn 0.2640331 0.939567 0.217946
vn -0.2716632 0.9599712 0.06822377
vn 0.8367017 0.2585196 -0.4828022
vn 0.678971 0.7339178 0.01905357
vn 0.8837827 -0.05128032 -0.465079
vn 0.3527288 0.9347209 0.04334934
vn -0.2716632 0.9599712 0.06822377
vn 0.2514204 0.9601449 -0.1221048
vn -0.2716632 0.9599712 0.06822377
vn 0.5329129 0.798934 -0.2787621
vn 0.7263813 0.5493689 -0.412994
vn 0.471054 0.1849515 -0.8624969
vn 0.3611945 0.5295002 -0.7675729
vn 0.2159515 0.8212374 -0.5281422
vn 0.0504633 0.9688753 -0.242351
vn -0.2716632 0.9599712 0.06822377
vn -0.2256436 0.7495213 -0.6223366
vn -0.2678593 0.922097 -0.2792643
vn -0.2716632 0.9599712 0.06822377
vn -0.1360281 0.4139197 -0.9000927
vn -0.03467918 0.05164845 -0.998063
vn 0.5667852 -0.1624377 -0.8076934
vn 0.07023559 -0.3126989 -0.947252
vn 0.1039276 -0.4286187 -0.8974881
vn 0.6233994 -0.2437714 -0.7429326
vn 0.1839932 -0.695816 -0.6942526
vn 0.8905072 -0.1466275 -0.430694
vn 0.5982112 -0.5780107 -0.5550198
vn 0.2716356 -0.959904 -0.06927015
vn 0.7618219 -0.5395628 -0.3584681
vn 0.2716356 -0.959904 -0.06927015
vn 0.2716356 -0.959904 -0.06927015
vn -0.3532475 0.9172545 0.1840117
vn -0.6665238 0.4870729 0.5643634
vn -0.787326 0.4141334 0.4567398
vn -0.8570975 0.03819677 0.5137362
vn -0.9524248 0.1931449 0.2357584
vn -0.9836532 -0.1086385 0.1436106
vn -0.8148269 0.5031301 0.2879536
vn -0.3532475 0.9172545 0.1840117
vn -0.7386154 0.6680093 0.0906138
vn -0.3532475 0.9172545 0.1840117
vn -0.8983649 0.4292456 -0.09321287
vn -0.4768048 0.8706455 -0.1209696
vn -0.3532475 0.9172545 0.1840117
vn -0.5709261 0.6979755 -0.4322889
vn -0.5863652 0.3622414 -0.7245392
vn -0.9512554 0.0913683 -0.2945588
vn -0.8700162 -0.2650962 -0.4156872
vn -0.4913254 -0.01960633 -0.8707554
vn -0.7015255 -0.568967 -0.4291137
vn -0.307459 -0.3747933 -0.8746423
vn -0.5538265 -0.7290009 -0.4022858
vn -0.148525 -0.5968968 -0.7884507
vn -0.3201616 -0.8494171 -0.4195082
vn -0.04520149 -0.7227836 -0.6895947
vn 0.4907769 -0.8294157 -0.2668476
vn -0.4236422 -0.8958673 -0.1339736
vn 0.4907769 -0.8294157 -0.2668476
vn -0.6873485 -0.7262056 -0.01331463
vn -0.7963591 -0.6045838 0.01705166
vn -0.9222418 -0.3815144 0.06258454
vn -0.7074318 -0.5594495 0.431922
vn -0.6329516 -0.6724939 0.3835678
vn -0.7789844 -0.4051617 0.4785681
vn -0.3522592 -0.9073581 0.2293792
vn 0.4907769 -0.8294157 -0.2668476
vn -0.4134297 -0.5574183 0.7199728
vn -0.8337293 -0.2125475 0.5096263
vn -0.3279782 -0.6956263 0.639167
vn -0.5172342 -0.3293268 0.7899447
vn -0.6693605 0.1536176 0.7268825
vn -0.6074257 -0.1121848 0.786415
vn -0.3852645 0.3602143 0.8495981
vn -0.08774364 -0.8738547 0.478204
vn 0.4907769 -0.8294157 -0.2668476
vn 0.1958245 -0.8238766 0.5318649
vn 0.4907769 -0.8294157 -0.2668476
vn 0.04860415 -0.6841605 0.7277101
vn -0.02260864 -0.5036794 0.8635948
vn -0.1287827 -0.2009097 0.9711077
vn 0.5566133 -0.7073226 0.4357482
vn 0.4907769 -0.8294157 -0.2668476
vn 0.5821077 -0.5600892 0.5894496
vn -0.2469949 0.06511619 0.9668265
vn 0.2823751 0.3421118 0.8962275
vn 0.4358677 0.02741909 0.8995931
vn 0.5498304 -0.3202267 0.7714542
vn 0.8565087 -0.462965 0.2281583
vn 0.4907769 -0.8294157 -0.2668476
vn 0.9361581 -0.2547582 0.242294
vn 0.8463659 0.2474565 0.4716249
vn 0.9648636 -0.2592848 -0.04253914
vn 0.4907769 -0.8294157 -0.2668476
vn 0.9374631 -0.0621083 0.342499
vn 0.9933568 -0.02419241 -0.112504
vn 0.8693964 -0.1194164 -0.4794681
vn 0.4907769 -0.8294157 -0.2668476
vn 0.6742346 0.5580959 0.4836701
vn 0.9383162 0.345444 -0.01520029
vn 0.9899427 0.1108921 -0.08784276
vn 0.8464217 0.2100722 -0.4893261
vn 0.8614006 0.1316054 -0.4905804
vn 0.05387653 0.651608 0.7566401
vn -0.4811532 0.6370926 0.6021665
vn -0.3532475 0.9172545 0.1840117
vn -0.1807396 0.8523649 0.490721
vn -0.3532475 0.9172545 0.1840117
vn 0.4125082 0.824629 0.3870712
vn 0.7933643 0.6087055 0.007119975
vn 0.1123764 0.962844 0.2455663
vn -0.3532475 0.9172545 0.1840117
vn 0.5490779 0.8357307 0.008230954
vn 0.8066421 0.3561737 -0.471666
vn 0.7084423 0.5613385 -0.4277951
vn 0.2353856 0.9716995 0.01984259
vn -0.3532475 0.9172545 0.1840117
vn 0.5115545 0.3305435 -0.7931286
vn 0.5260997 0.7810317 -0.3364647
vn 0.6054013 0.1003579 -0.7895679
vn 0.2480546 0.9524881 -0.1767357
vn -0.3532475 0.9172545 0.1840117
vn 0.1072395 0.9588014 -0.2630582
vn -0.3532475 0.9172545 0.1840117
vn 0.2902447 0.8131147 -0.5045816
vn 0.4208874 0.5899344 -0.68908
vn 0.09657146 0.2274157 -0.9689974
vn 0.002880642 0.5614699 -0.8274922
vn -0.0619621 0.8245956 -0.5623191
vn -0.1246835 0.9565948 -0.2634019
vn -0.3532475 0.9172545 0.1840117
vn -0.5709261 0.6979755 -0.4322889
vn -0.4768048 0.8706455 -0.1209696
vn -0.3532475 0.9172545 0.1840117
vn -0.5863652 0.3622414 -0.7245392
vn -0.4913254 -0.01960633 -0.8707554
vn 0.2472291 -0.09151665 -0.9646256
vn -0.307459 -0.3747933 -0.8746423
vn -0.148525 -0.5968968 -0.7884507
vn 0.3193849 -0.2735237 -0.9072916
vn -0.04520149 -0.7227836 -0.6895947
vn 0.6235038 -0.03262184 -0.7811394
vn 0.2813856 -0.4639294 -0.839995
vn 0.4907769 -0.8294157 -0.2668476
vn 0.5557557 -0.2531965 -0.7918503
vn 0.4907769 -0.8294157 -0.2668476
vn 0.4907769 -0.8294157 -0.2668476
vn -0.4700346 0.8656593 -0.1723412
vn -0.1828454 0.8941211 0.4087972
vn -0.2927372 0.8050398 0.5159612
vn -0.1231251 0.5960506 0.7934507
vn -0.4411837 0.549342 0.709634
vn -0.38906 0.2845874 0.876152
vn -0.4669423 0.7648363 0.4438359
vn -0.4700346 0.8656593 -0.1723412
vn -0.6360499 0.732296 0.2432758
vn -0.4700346 0.8656593 -0.1723412
vn -0.7433764 0.4886529 0.4567384
vn -0.731526 0.6711797 -0.1199482
vn -0.4700346 0.8656593 -0.1723412
vn -0.9267016 0.3750764 -0.02327757
vn -0.9938725 -0.05799449 0.09409664
vn -0.7632731 0.1318304 0.6324832
vn -0.6414077 -0.2565465 0.7230354
vn -0.8527493 -0.4947985 0.1673111
vn -0.4121988 -0.5235335 0.7456573
vn -0.5666586 -0.7980174 0.2051007
vn -0.2564541 -0.6227889 0.7391653
vn -0.3537988 -0.9061237 0.2318757
vn -0.02608279 -0.7565262 0.653443
vn -0.1324119 -0.9537295 0.2699392
vn 0.6080968 -0.7933096 0.02963412
vn 0.1470107 -0.5285954 0.836047
vn 0.6080968 -0.7933096 0.02963412
vn -0.05119542 -0.2939319 0.9544544
vn -0.1524094 -0.197869 0.9683074
vn -0.2932054 0.004605748 0.9560384
vn 0.1688856 0.10912 0.9795767
vn 0.2498814 0.02621144 0.9679216
vn 0.09232762 0.2412397 0.9660637
vn 0.4557819 -0.2318558 0.8593636
vn 0.6080968 -0.7933096 0.02963412
vn 0.5285065 0.2255591 0.8184156
vn -0.001501499 0.4100949 0.9120417
vn 0.5949245 0.1273429 0.7936301
vn 0.4230033 0.4268015 0.7993177
vn 0.07921956 0.7659844 0.6379594
vn 0.2737412 0.6005793 0.7512458
vn 0.2297394 0.9148825 0.3319787
vn 0.744598 -0.05852123 0.6649429
vn 0.6080968 -0.7933096 0.02963412
vn 0.9029496 -0.03188058 0.4285623
vn 0.6080968 -0.7933096 0.02963412
vn 0.8535628 0.1183553 0.5073684
vn 0.819369 0.2548179 0.5135196
vn 0.7066396 0.5291702 0.4697227
vn 0.992236 -0.08751442 0.08836905
vn 0.6080968 -0.7933096 0.02963412
vn 0.999977 0.0003677597 0.006777057
vn 0.5199925 0.7458301 0.4163476
vn 0.6367342 0.7512389 -0.1738094
vn 0.8634443 0.4897617 -0.1208194
vn 0.9840339 0.1694025 -0.05458948
vn 0.9413927 -0.1480166 -0.3031022
vn 0.6080968 -0.7933096 0.02963412
vn 0.8490186 -0.1144685 -0.5158144
vn 0.6846563 0.2545258 -0.6829805
vn 0.7350287 -0.2837715 -0.6157975
vn 0.6080968 -0.7933096 0.02963412
vn 0.7911094 -0.01957526 -0.6113614
vn 0.5226998 -0.2576036 -0.8126655
vn 0.2935518 -0.5707918 -0.7668273
vn 0.6080968 -0.7933096 0.02963412
vn 0.4592578 0.5212088 -0.7193216
vn 0.3204297 -0.02310402 -0.9469905
vn 0.4229203 -0.2133896 -0.8806834
vn 0.01338315 -0.3951473 -0.9185203
vn 0.08552454 -0.4346452 -0.8965317
vn 0.2747863 0.9403309 -0.2006746
vn -0.1213343 0.9743482 0.1895353
vn -0.4700346 0.8656593 -0.1723412
vn -0.131492 0.971679 -0.196341
vn -0.4700346 0.8656593 -0.1723412
vn 0.132753 0.7182276 -0.6830269
vn 0.1386345 0.1991124 -0.970121
vn -0.1926194 0.8098245 -0.5541499
vn -0.4700346 0.8656593 -0.1723412
vn -0.07684862 0.4233055 -0.9027218
vn -0.08206119 -0.2684325 -0.9597968
vn -0.1909041 -0.07971191 -0.9783669
vn -0.2906282 0.6305631 -0.7196704
vn -0.4700346 0.8656593 -0.1723412
vn -0.4179432 -0.4364575 -0.7967612
vn -0.3007759 0.1632472 -0.9396192
vn -0.2429855 -0.6296111 -0.7379349
vn -0.4134007 0.4884507 -0.7684503
vn -0.4700346 0.8656593 -0.1723412
vn -0.5552924 0.4811893 -0.678312
vn -0.4700346 0.8656593 -0.1723412
vn -0.5600729 0.1635674 -0.8121355
vn -0.5243631 -0.1401735 -0.8398778
vn -0.7062586 -0.5386773 -0.4593752
vn -0.8436304 -0.1387255 -0.5186934
vn -0.8075617 0.2444104 -0.5367566
vn -0.685043 0.549473 -0.4783257
vn -0.4700346 0.8656593 -0.1723412
vn -0.9267016 0.3750764 -0.02327757
vn -0.731526 0.6711797 -0.1199482
vn -0.4700346 0.8656593 -0.1723412
vn -0.9938725 -0.05799449 0.09409664
vn -0.8527493 -0.4947985 0.1673111
vn -0.4451319 -0.8003121 -0.4016941
vn -0.5666586 -0.7980174 0.2051007
vn -0.3537988 -0.9061237 0.2318757
vn -0.3289241 -0.8755755 -0.3538028
vn -0.1324119 -0.9537295 0.2699392
vn -0.1936478 -0.7009338 -0.6864346
vn -0.2091846 -0.9594975 -0.1886965
vn 0.6080968 -0.7933096 0.02963412
vn -0.1153354 -0.8510085 -0.5123303
vn 0.6080968 -0.7933096 0.02963412
vn 0.6080968 -0.7933096 0.02963412
vn 0.3412528 0.06266636 0.9378803
vn 0.4809195 -0.6387817 -0.6005618
vn -0.4248314 -0.8434237 0.328869
vn -0.9570662 0.250848 -0.1452564
vn 0.08267718 -0.1072937 0.9907838
vn 0.4045051 -0.817651 -0.4096614
vn -0.7896903 -0.603398 0.1109058
vn -0.6839495 0.5950015 -0.4221213
vn 0.4832519 -0.2599117 0.8360105
vn -0.6936476 -0.6310066 -0.3473957
vn -0.7247894 0.2618068 0.6372891
vn -0.02026652 0.9704497 -0.2404511
vn 0.5627974 -0.1378446 0.8150203
vn -0.1974814 0.9350415 -0.2944461
vn 0.8804861 0.1587585 -0.4466991
vn -0.1327046 -0.675009 -0.7257771
vn 0.923123 -0.3104317 0.2268832
vn -0.220539 0.8759106 -0.4291191
vn 0.2622114 -0.2543547 -0.9308861
vn -0.6847512 -0.7206827 -0.1083154
vn 0.9041564 -0.3215665 -0.2812403
vn -0.6328922 0.6080515 -0.479292
vn -0.2888152 -0.6313051 -0.7197497
vn -0.4886459 -0.6355066 0.5977932
vn 0.985799 -0.1678071 -0.006419945
vn -0.5486169 0.6310169 -0.5484863
vn 0.03888616 -0.4909324 -0.8703294
vn -0.5326689 -0.7910035 0.3009608
vn 0.9056543 -0.3371022 -0.2572012
vn -0.3524884 0.9241482 -0.147316
vn -0.1875718 -0.1030834 -0.9768268
vn -0.7160094 -0.6914925 0.09575379
vn 0.7670035 -0.3373 -0.5458335
vn -0.3538993 0.9261492 -0.1303946
vn -0.522476 -0.1947879 -0.8301063
vn -0.6452987 -0.6369026 0.4218348
vn 0.1202686 -0.08603518 -0.9890063
vn 0.1312165 0.8877866 0.4411545
vn -0.886877 0.3856809 -0.2543608
vn -0.5620375 -0.6736829 0.4798595
vn -0.6240896 0.3430266 -0.7020292
vn 0.8280317 0.5256894 0.1949722
vn -0.4460672 0.6860607 0.5747563
vn -0.3569503 -0.6385747 0.681769
vn -0.701979 0.5085242 -0.4986267
vn 0.9138133 0.4057009 0.01876253
vn -0.1988594 0.6528981 0.7308755
vn -0.229525 -0.6794786 0.6968696
vn -0.8979732 0.4271098 -0.1059309
vn 0.685607 0.122237 -0.7176358
vn 0.2925842 0.9118258 0.2880418
vn 0.3103637 -0.2703016 0.9113789
vn -0.9677557 -0.1655253 0.1898691
vn 0.3769058 -0.5821964 -0.7204092
vn -0.355871 0.5247309 -0.7733133
vn 0.3718375 0.8839297 0.283558
vn -0.939393 -0.335097 0.07246131
vn 0.5900501 -0.6055197 -0.5340288
vn -0.2996984 0.3125688 -0.9013777
vn 0.1279846 0.9768395 0.1714777
vn -0.7271057 -0.2280867 -0.6475289
vn 0.8925826 -0.4126444 -0.1817163
vn 0.2823132 0.660986 -0.6952674
vn -0.1901207 0.8168129 0.5446749
vn -0.8059216 -0.2229005 -0.5484576
vn 0.6992803 -0.7091423 0.09013453
vn 0.4286381 0.1225829 -0.8951217
vn 0.1250074 0.9901307 0.0633595
vn -0.5256906 -0.2781937 -0.8039016
vn 0.4922184 -0.7085543 0.5056401
vn 0.7747083 -0.08981007 -0.6259083
vn 0.3060655 0.9512109 0.03900881
vn -0.7364016 -0.6601794 0.1479053
vn 0.897584 -0.3947119 0.1963304
vn 0.115854 -0.4660311 -0.8771504
vn -0.3541515 0.7291254 -0.5856218
vn 0.2691296 -0.4691669 -0.8411015
vn -0.012178 -0.3920836 0.919849
vn 0.9873838 0.02288949 0.1566818
vn 0.1077592 0.9937432 -0.0293658
vn 0.9885911 -0.1471535 0.03214724
vn -0.497038 -0.857747 0.1312381
vn 0.07764719 -0.009198674 0.9969385
vn -0.3213533 0.9317601 0.168983
vn 0.9172311 -0.2391292 0.3185973
vn -0.5981407 -0.8013813 0.003982873
vn -0.1842895 -0.02139633 0.9826391
vn -0.3958477 0.9118426 0.1088469
vn 0.8560497 -0.3878262 -0.3417159
vn -0.5140031 -0.4725044 0.7159193
vn 0.5705296 0.3064989 0.7619413
vn -0.1662094 0.9780777 -0.1254536
vn 0.8114407 -0.3954238 -0.4303533
vn -0.463704 -0.3420477 0.8173017
vn 0.660998 0.3667538 0.654655
vn -0.2117735 0.963109 -0.1660513
vn 0.9783559 0.1299179 0.1610623
vn -0.3971722 -0.8576645 0.3265973
vn -0.08944018 0.2866849 0.9538408
vn -0.6142557 0.770878 -0.1686332
vn -0.5103658 -0.7058404 0.4912394
vn 0.9020442 -0.227258 -0.3669741
vn -0.3252353 -0.4902642 -0.808618
vn -0.5036752 0.7642789 -0.4027271
vn -0.746463 -0.6120155 0.2612088
vn 0.8254786 -0.4232504 -0.3734223
vn -0.353279 -0.1467292 -0.9239396
vn -0.2245147 0.9557155 -0.1902657
vn -0.3258605 -0.8593789 0.3940594
vn 0.06607515 0.05528086 -0.9962822
vn -0.9725224 0.1564827 -0.1723756
vn -0.08455272 0.8262463 0.556927
vn -0.2988288 -0.7971259 0.5246824
vn -0.1293469 0.9099775 0.3939674
vn 0.7927795 -0.03417823 0.6085495
vn 0.684796 -0.01720724 -0.7285316
vn 0.4206262 -0.764607 0.4883133
vn -0.00982967 0.9306698 0.3657283
vn 0.9449131 0.226228 -0.2365587
vn -0.1086028 -0.0988854 -0.9891548
vn 0.8335954 -0.45094 0.319017
vn -0.06076269 0.9981384 -0.005260692
vn 0.5362353 0.1400051 -0.8323762
vn -0.6303486 -0.4679282 -0.6194385
vn 0.6294357 -0.5973777 0.4969412
vn 0.02132097 0.9894795 0.1430938
vn 0.8012719 0.1817753 -0.5700184
vn -0.3912292 -0.3392946 -0.8554642
vn 0.6974126 -0.5742764 0.4287451
vn -0.2654711 0.9228416 0.279085
vn 0.7800602 0.4598885 -0.4242743
vn -0.2750495 -0.1825952 -0.9439315
vn 0.8419229 -0.4369779 0.3165693
vn -0.32602 0.9277983 0.1813873
vn 0.6159312 0.4501895 -0.6464968
vn -0.5545419 -0.1734107 -0.8138871
vn 0.866793 0.4288181 -0.2545287
vn -0.5281065 0.320673 0.786303
vn -0.3926401 0.8066178 -0.4418161
vn -0.471921 -0.4878454 -0.7343687
vn 0.1201161 0.9069465 -0.4037575
vn 0.1567562 -0.1054773 0.9819888
vn -0.885576 0.3660858 0.2858956
vn -0.5614687 -0.6671856 -0.4895061
vn -0.12846 0.9463397 -0.2965452
vn 0.3757775 -0.1312533 0.9173679
vn -0.8645666 0.1465765 0.4806662
vn -0.492458 -0.761151 -0.4220595
vn -0.5244045 0.7598411 -0.3842415
vn 0.9102585 0.1761924 0.3746808
vn -0.3151928 0.3542647 0.880426
vn -0.4774173 -0.8312087 0.2848943
vn -0.620618 0.2058214 -0.756618
vn 0.9433564 -0.1719065 -0.2837726
vn 0.2768887 0.9541222 -0.1139447
vn -0.3246669 0.3230464 0.8889501
vn -0.4708415 0.1786779 -0.8639343
vn 0.8926983 -0.444545 -0.07395616
vn 0.5277909 0.8135282 -0.2441491
vn -0.4043444 0.6122638 0.67944
vn 0.2119507 0.4981531 -0.8407856
vn 0.7346465 -0.5883468 0.3378501
vn 0.5182034 0.7278471 0.4491146
vn -0.7620547 0.3655739 0.5344422
vn 0.05283546 0.5037944 -0.8622063
vn 0.5045665 -0.8616029 0.05525495
vn 0.9097314 0.3887359 0.1458535
vn -0.2506026 0.6079461 0.7533923
vn 0.4270527 0.480567 -0.7659513
vn 0.06448737 -0.9979184 -0.000459763
vn 0.9434296 -0.06642175 0.3248518
vn -0.1254317 0.4984122 0.8578183
vn -0.4036099 -0.06635942 -0.9125215
vn 0.4964733 -0.803165 0.3293028
vn 0.8449035 0.1697097 -0.5072837
vn 0.1483334 0.9324715 0.3293844
vn 0.9224786 -0.01593147 -0.3857193
vn -0.6145707 -0.7870306 -0.05371787
vn 0.4224359 -0.5244461 0.7392593
vn -0.1805749 0.6643544 0.7252765
vn 0.6686193 -0.5748252 0.4717248
vn -0.3535553 -0.3118137 -0.8819132
vn -0.6589118 -0.65263 0.3740445
vn -0.542289 0.6668528 0.5111067
vn 0.3734304 -0.7466538 0.5505069
vn -0.2066364 -0.1975133 -0.9582744
vn -0.849861 -0.5075547 0.1418611
vn -0.5224839 0.7201127 0.4565613
vn 0.8446373 -0.4674882 0.2608497
vn -0.7205769 -0.497862 -0.4825996
vn -0.3732271 -0.457876 0.8068774
vn -0.2573422 0.8332943 0.4892806
vn 0.8926103 -0.4034079 0.2012682
vn -0.8077577 -0.4850874 -0.3349891
vn -0.2552041 -0.3964828 0.8818572
vn -0.246383 0.8653984 0.4363266
vn 0.3735086 -0.4330136 0.8203601
vn -0.2430281 -0.6081345 -0.7557181
vn -0.8814816 -0.2834325 0.3776986
vn -0.4127038 0.9105242 0.02492378
vn 0.991318 -0.1060612 0.077716
vn -0.4165764 -0.6296839 -0.6557151
vn -0.03568917 -0.7827988 0.6212506
vn -0.4871849 0.4631078 0.7403932
vn 0.9040136 -0.0582063 0.4235228
vn -0.33563 -0.7542914 -0.5642668
vn -0.2948959 -0.574695 0.7633885
vn -0.6272693 0.6689836 0.3987408
vn 0.9577521 -0.27575 0.08168712
vn -0.6327559 -0.6952941 0.3408608
vn 0.09134053 0.2397691 0.9665235
vn -0.04999574 0.9918188 -0.1174554
vn 0.9232798 -0.3680107 -0.1101021
vn -0.3238162 0.9461182 0.001838276
vn 0.0528 0.1444622 -0.9881006
vn -0.728197 -0.6437075 -0.2353079
vn 0.6013187 -0.356426 -0.7151059
vn -0.4449671 0.8929982 -0.06751639
vn -0.7049094 -0.2449114 -0.6656734
vn -0.5233101 -0.6275962 0.5764284
vn 0.02089648 -0.3569165 -0.9339026
vn -0.7054862 0.7083243 0.02379301
vn -0.7895239 -0.6088077 0.0774925
vn 0.3016857 -0.4935643 0.8157083
vn 0.361677 -0.2509718 -0.8978881
vn -0.6229069 0.7816346 -0.03216183
vn -0.8055841 -0.4799686 -0.3473677
vn -0.1239796 -0.6358498 0.7617901
vn 0.07690687 -0.3537523 -0.932172
vn -0.2103757 0.9715093 0.1091413
vn -0.9779975 -0.04464104 -0.2037846
vn -0.247168 -0.6978682 0.6722261
vn -0.2571703 -0.3943509 -0.882242
vn -0.2534903 0.964074 0.07939825
vn -0.9666746 -0.1376639 0.2158444
vn 0.1325145 -0.6559075 0.7431186
vn -0.8456029 -0.07416429 -0.5286354
vn 0.4937083 0.8678203 0.05603619
vn -0.5838658 0.3962328 0.7085903
vn 0.1034539 -0.753028 0.6498047
vn -0.9615579 0.2490688 0.1156337
vn 0.6694628 0.5459076 -0.5037902
vn 0.1498053 0.6734187 0.7239238
vn 0.5700293 -0.5822704 0.5796791
vn -0.8412071 0.4206804 0.3397037
vn 0.5953206 0.4033112 -0.6949341
vn 0.4347778 0.6733235 0.5979999
vn 0.5997875 -0.6352733 0.4865006
vn -0.4087182 0.3982023 0.8212091
vn -0.2284958 0.05923743 -0.971741
vn 0.340157 0.9304466 -0.1362434
vn 0.9616179 -0.2168127 0.1681766
vn -0.2643769 -0.2995163 0.9167305
vn -0.554327 -0.4953818 -0.6688188
vn -0.8095145 0.5815017 0.08088354
vn 0.4272866 0.8354049 -0.3457235
vn -0.3221956 -0.4559353 0.8296462
vn -0.3488493 -0.5322756 -0.7713539
vn -0.9198909 0.3921538 -0.004017746
vn 0.2762389 0.9515396 -0.1351456
vn -0.9214383 -0.2137985 0.3244096
vn 0.1229487 -0.3885672 -0.9131808
vn -0.4660848 0.7273438 -0.5037222
vn 0.490739 0.7586014 0.4286011
vn -0.8651695 -0.187205 0.465227
vn 0.2402815 -0.7945602 -0.557619
vn -0.6184239 0.1573449 -0.7699316
vn 0.2079657 0.9636412 -0.1677672
vn -0.973512 -0.2276052 0.02168604
vn 0.5452362 -0.8282871 -0.1290653
vn -0.1244388 -0.09430363 -0.9877357
vn 0.1091485 0.9628738 -0.2469022
vn -0.3263003 -0.4364792 0.8384593
vn 0.4611373 -0.4782196 -0.7474345
vn -0.798018 -0.4644926 -0.3839452
vn -0.5169206 0.8127593 -0.2687292
vn -0.6430432 -0.5580942 -0.5244296
vn 0.7496615 -0.5047426 0.4280684
vn 0.5680577 -0.05528505 -0.8211297
vn 0.1133475 0.9853256 -0.1276159
vn 0.3826255 -0.2613404 -0.8861709
vn -0.1904532 -0.6172063 0.7634028
vn 0.9431717 -0.1533085 0.2948279
vn 0.2055111 0.9347463 0.2898526
vn 0.7236262 -0.2390557 -0.6474701
vn -0.4037858 -0.6722934 0.6204665
vn 0.762735 -0.1269988 0.6341189
vn 0.1311968 0.9448788 0.2999858
vn 0.07310308 -0.4975484 -0.8643504
vn 0.4303246 -0.4174839 0.8003299
vn 0.9422199 0.255618 -0.2165206
vn -0.08747273 0.9825466 0.1641663
vn 0.03026864 -0.5686141 -0.8220474
vn 0.5476092 -0.3375041 0.7656469
vn 0.8853847 0.3185024 -0.3386002
vn -0.1547444 0.9788286 0.1339724
vn 0.7233878 0.07436563 -0.6864255
vn 0.04384082 -0.8565336 0.5142258
vn 0.7442679 0.2461391 0.620871
vn -0.367575 0.8739462 0.3179726
vn 0.8504983 -0.2277352 0.4741195
vn -0.6049281 -0.7435705 -0.2848947
vn -0.4094282 -0.1650607 0.8972868
vn -0.3865657 0.914453 0.1197606
vn 0.7218466 0.01332731 0.6919247
vn -0.528202 -0.8395925 -0.1268349
vn -0.6006335 0.1217879 0.7901943
vn -0.4004821 0.8682017 -0.2929845
vn 0.7371772 -0.4687396 0.4866753
vn -0.9091057 0.02642354 0.4157267
vn 0.1928104 0.7341526 0.6510332
vn 0.238319 0.6951386 -0.6782231
vn 0.7749743 -0.5246035 0.3524287
vn 0.1803446 0.7744879 -0.606337
vn 0.160901 -0.5373905 -0.827842
vn -0.8999209 -0.4349374 -0.03117701
vn 0.4760799 -0.8635495 -0.166223
vn 0.03737755 0.7117463 -0.7014415
vn -0.6908799 -0.3975634 -0.6038447
vn -0.7513601 0.01490204 0.6597242
vn 0.07934422 -0.899833 -0.4289581
vn -0.2973295 0.7739838 -0.5590565
vn -0.975718 -0.218765 0.01077754
vn -0.1180122 0.0505349 0.9917254
vn 0.3526023 -0.865283 -0.3563103
vn -0.1880596 0.7429153 -0.6424255
vn -0.8751583 -0.3530777 -0.3308082
vn -0.46592 0.0007821451 0.8848265
vn 0.1337728 -0.8685778 -0.4771555
vn 0.1576355 0.8517098 -0.4997414
vn -0.8692205 0.005586828 -0.494393
vn -0.5907305 0.01878788 0.8066502
vn -0.1650148 -0.828512 -0.5351056
vn 0.1361469 0.8647464 -0.4834023
vn -0.965262 0.1774986 -0.1917383
vn -0.3035335 0.02490424 0.9524952
vn -0.6820335 -0.1714564 -0.7109382
vn 0.7893733 0.5731347 -0.2200146
vn -0.4707866 0.8787648 0.07830891
vn -0.2694689 -0.09907491 0.9578991
vn -0.7014797 0.6125631 -0.3642701
vn 0.8374849 -0.1391814 -0.5284388
vn 0.4459229 0.8551703 0.264266
vn 0.01754046 -0.178878 0.9837149
vn -0.5360847 0.8074162 -0.2463581
vn 0.7219412 -0.3049681 -0.6211243
vn 0.6815647 0.6783888 0.2743322
vn 0.04884672 -0.2688482 0.9619431
vn -0.3842606 0.9106518 0.1518455
vn -0.07701705 -0.408178 -0.9096478
vn 0.7494177 0.5122402 -0.4195035
vn 0.7193583 -0.3260802 0.6133478
vn -0.4048182 0.5454689 0.7338841
vn -0.5399221 -0.7390068 -0.4029306
vn -0.5669453 0.5785925 -0.5863479
vn 0.7495208 0.3927843 -0.5328593
vn -0.5487252 0.3977276 0.7353321
vn -0.2984793 -0.8620948 -0.4095152
vn -0.7103904 0.3907968 -0.5853403
vn 0.6025917 0.5989424 -0.5274006
vn -0.9502977 0.286522 0.1218173
vn 0.1834469 -0.8920168 -0.413102
vn -0.1586344 0.2775258 -0.9475308
vn 0.7122372 0.7010652 -0.0350094
vn -0.8765712 0.4228975 0.2297404
vn 0.07927363 -0.9943218 0.07099222
vn -0.4842023 -0.2320662 -0.8436192
vn 0.6048881 0.4792018 -0.6359844
vn -0.9828625 0.1317426 -0.1289383
vn 0.3088982 -0.8209609 0.4802135
vn -0.1228898 -0.6475166 -0.7520773
vn 0.6251199 0.4319029 -0.6501424
vn -0.5650095 0.2445344 0.7880147
vn 0.3068978 -0.9469381 -0.09550922
vn -0.859926 -0.3638048 -0.3580131
vn -0.0380032 0.5771161 -0.8157773
vn -0.6979994 -0.6074085 -0.379278
vn 0.4266397 -0.2435299 0.8710176
vn 0.6303736 -0.6834925 -0.3680586
vn 0.4884251 0.6155621 -0.6184854
vn 0.3349062 -0.8766168 -0.3455155
vn -0.529943 0.01114226 0.84796
vn 0.7783556 -0.07908919 0.6228222
vn 0.4630614 0.8382436 -0.2879615
vn 0.5729615 -0.8113056 -0.1161828
vn -0.6819132 -0.008029054 0.731389
vn 0.6169886 0.1483168 0.7728695
vn 0.3743142 0.8831291 -0.2827931
vn 0.06076299 -0.9096151 -0.4109844
vn 0.01154704 0.07831912 0.9968615
vn 0.9874341 -0.111063 0.112423
vn 0.2677205 0.7930589 -0.5471593
vn -0.01859787 -0.9199881 -0.3915049
vn 0.153415 0.1005701 0.9830308
vn 0.9906163 -0.1345382 -0.02406101
vn 0.2063083 0.7730834 -0.5998157
vn 0.7330735 -0.5701093 -0.370916
vn -0.4117108 -0.2560595 0.8746015
vn 0.7303178 0.360134 0.5804648
vn -0.06986454 0.9501694 -0.3038041
vn -0.5012571 -0.1861184 0.8450451
vn 0.1818578 -0.863126 -0.4711064
vn -0.9004819 -0.07529216 -0.4283263
vn 0.002245452 0.9028255 -0.4300013
vn -0.6580818 0.06635109 0.7500172
vn 0.05858688 -0.8975158 -0.4370732
vn -0.7988307 0.1282706 -0.5877212
vn 0.3607893 0.800051 -0.4793219
vn -0.4295875 -0.2884991 0.8557003
vn -0.385389 -0.1246988 -0.9142897
vn -0.6588917 0.7508352 0.04591528
vn 0.6533667 0.7043034 0.2776126
vn -0.4235363 -0.4591476 0.7808973
vn 0.6184601 0.7857649 0.008988899
vn 0.8143775 -0.5174121 0.2628193
vn 0.04155639 -0.5499204 -0.8341826
vn 0.105297 -0.8400758 0.5321515
vn 0.7068166 0.706161 -0.04179769
vn 0.6257607 -0.4687703 -0.6234403
vn -0.6273763 -0.1147901 -0.7702093
vn 0.4116783 -0.9088596 0.06704535
vn 0.6744143 0.6382861 -0.3711552
vn -0.1119128 -0.2570586 -0.9598939
vn -0.9907755 0.1275634 -0.04573188
vn 0.2327273 -0.9074843 0.349729
vn 0.729005 0.6601542 -0.1809646
vn 0.3275057 -0.3985426 -0.8566818
vn -0.8600624 0.06250481 -0.5063456
vn 0.5100164 -0.8376577 0.1954807
vn 0.5698292 0.8181678 0.07678667
vn 0.4524684 -0.08692332 -0.8875341
vn -0.8178955 0.0118074 -0.5752457
vn 0.5872816 -0.7949843 -0.151988
vn 0.6108134 0.7913564 0.02572978
vn 0.0894886 0.1055197 -0.9903825
vn -0.9761491 0.01921411 -0.216249
vn 0.7555435 -0.1828313 -0.6290683
vn 0.3667865 0.664476 0.6511063
vn -0.1430936 0.8064328 -0.5737512
vn -0.9675969 -0.1610906 -0.1944375
vn 0.3892537 0.5067275 -0.7692261
vn 0.5411606 -0.007377875 0.840887
vn -0.2466393 0.9123254 0.3268508
vn -0.9882137 -0.146219 0.04531907
vn 0.2395062 0.7348666 -0.634514
vn 0.6201663 -0.2263672 0.7511004
vn -0.2308775 0.761058 0.6062065
vn -0.9779927 -0.1933909 0.07829619
vn -0.1703324 0.9184557 -0.356968
vn 0.8575179 -0.5006961 -0.1181801
vn 0.5213069 0.4934638 0.6962275
vn -0.654128 -0.1436045 0.7426266
vn -0.7193779 0.5077403 -0.4740204
vn 0.3898858 -0.7950155 -0.4646928
vn 0.5839645 0.509878 -0.6316723
vn 0.616933 0.3909024 0.6830732
vn -0.7289879 0.3555743 -0.5849305
vn 0.4138262 -0.8856385 -0.2106952
vn 0.5694823 0.3113131 -0.760772
vn 0.6119846 0.5837011 0.5336365
vn -0.04933788 0.2636876 -0.9633455
vn 0.3217308 -0.9158405 0.2402613
vn 0.9754792 0.1827588 -0.1226355
vn 0.03011464 0.8131455 0.5812808
vn -0.1681737 0.2698614 -0.9480994
vn -0.1586369 -0.9792216 0.1263303
vn 0.8589482 -0.3232335 -0.3971499
vn 0.6247553 0.5494477 0.5547865
vn 0.06745267 -0.1336614 -0.9887289
vn -0.5155265 -0.8114604 0.2752537
vn 0.7681088 -0.6401401 0.01515425
vn 0.6578746 0.5770062 0.4840093
vn -0.809809 0.1361976 -0.570666
vn 0.1289899 -0.9176926 0.3757685
vn 0.3341072 -0.4319093 -0.837751
vn 0.8525728 0.514795 -0.09003197
vn 0.225714 -0.7337868 -0.6407888
vn -0.8381886 -0.2663553 0.4759146
vn 0.4389452 -0.5904528 0.6772684
vn 0.6437431 0.6788496 0.353211
vn 0.205866 -0.8787029 0.4306976
vn -0.9204525 0.05349229 -0.3871765
vn -0.5092747 0.1317914 0.8504531
vn 0.4183533 0.8641727 0.2796177
vn 0.05546343 -0.709288 0.7027335
vn -0.7213109 0.01199083 -0.6925077
vn -0.7753446 0.2710122 0.5704323
vn 0.3559318 0.8695574 0.3423193
vn 0.3311471 -0.939575 0.08683593
vn -0.9786525 0.1291495 0.159874
vn 0.02767057 -0.02408894 0.9993268
vn 0.5381843 0.8330385 0.1280804
vn 0.3031761 -0.952929 -0.003272447
vn -0.9464457 0.1791433 0.2686043
vn 0.142078 -0.07596014 0.9869366
vn 0.5646216 0.8202208 0.09187117
vn 0.369921 -0.4471368 0.8143876
vn -0.890256 -0.2432897 -0.3850381
vn -0.569805 0.462592 0.6792135
vn 0.3593616 0.9205396 -0.1531872
vn 0.1903984 -0.2261543 0.9553024
vn 0.03544855 -0.7464193 -0.6645312
vn -0.8925245 -0.3977301 0.2126281
vn -0.5523923 0.8070562 -0.2086218
vn -0.1225286 -0.03128539 0.9919717
vn -0.05000177 -0.854377 -0.5172426
vn -0.9974917 -0.07011555 -0.009700902
vn -0.1709702 0.8615199 -0.4780718
vn 0.1400665 -0.4688264 0.8721142
vn -0.8660378 -0.1316552 -0.4823335
vn -0.5390447 0.6312979 0.5575784
vn 0.5403377 0.8178765 -0.1977704
vn 0.2785119 -0.4976942 0.8214205
vn 0.4345815 0.8781643 -0.199916
vn 0.8482301 -0.3743437 -0.3746632
vn -0.4209994 -0.5093811 -0.7505268
vn 0.5755582 -0.7734313 0.2655877
vn 0.4373773 0.8184196 -0.3726801
vn 0.1449739 -0.3573714 -0.922642
vn -0.9630136 -0.1680479 -0.2106293
vn 0.5560118 -0.8041427 -0.2102512
vn 0.1168655 0.8232488 -0.5555212
vn -0.5398373 -0.3116082 -0.7819694
vn -0.858781 -0.1264057 0.4965047
vn 0.6530046 -0.7552577 0.05630948
vn 0.250792 0.8176866 -0.5181622
vn -0.1831969 -0.3782791 -0.9073829
vn -0.9700725 -0.1916828 0.149054
vn 0.6199034 -0.7601736 -0.1945655
vn 0.322651 0.9340507 -0.1531193
vn -0.1230104 0.002689966 -0.9924017
vn -0.9849132 -0.1729477 0.005936916
vn 0.4822776 -0.7403701 -0.4682526
vn 0.2946938 0.942037 -0.16038
vn -0.4502946 0.1119046 -0.8858398
vn -0.9320309 -0.1631299 0.3235847
vn 0.1911025 -0.1168479 -0.9745904
vn 0.5271237 0.6758934 0.5150813
vn -0.5062677 0.8034166 -0.3133926
vn -0.8925536 -0.2823629 0.3515953
vn -0.237924 0.5942142 -0.768311
vn 0.9331481 0.02932039 0.3582943
vn -0.1090102 0.8389317 0.5332075
vn -0.7282074 -0.3373425 0.5965853
vn -0.2454831 0.7800512 -0.5755503
vn 0.9609688 -0.1784962 0.211372
vn 0.08136404 0.6968319 0.7126045
vn -0.6586313 -0.4173051 0.626148
vn -0.5345957 0.825927 -0.179031
vn 0.7046133 -0.2508188 -0.6637846
vn 0.6897227 0.6455507 0.3279436
vn 0.001725591 -0.3227643 0.9464778
vn -0.8889418 0.4377302 0.1348134
vn 0.1725938 -0.6963708 -0.6966197
vn 0.0785509 0.632637 -0.7704545
vn 0.7887867 0.495464 0.3637733
vn -0.9711905 0.2379887 0.01226344
vn 0.3246019 -0.8021305 -0.5012189
vn -0.02284328 0.4162951 -0.9089425
vn 0.6511065 0.7320287 0.2004856
vn -0.6979059 0.2320255 -0.677563
vn 0.6253719 -0.7762306 -0.07985058
vn 0.6303765 0.4370436 -0.641575
vn 0.3287004 0.6926249 0.642049
vn -0.7620438 0.3123469 -0.5672113
vn 0.2398484 -0.9653004 0.1032856
vn 0.4446075 -0.1146739 -0.8883547
vn 0.7370368 0.6580626 0.1540467
vn -0.5012459 0.05482408 -0.8635664
vn -0.03909272 -0.8551437 0.5169149
vn 0.6429819 -0.5226957 -0.5597888
vn 0.7958541 0.5926135 0.1241991
vn -0.998326 0.05419992 0.02018883
vn 0.4365167 -0.8834832 0.170031
vn -0.1541227 -0.3814785 -0.9114386
vn 0.5087336 0.6979191 -0.5040824
vn 0.004326147 -0.6012189 -0.7990727
vn -0.3876463 -0.3418357 0.8560833
vn 0.7904858 -0.548218 0.2731105
vn 0.6555263 0.7542635 0.03703927
vn 0.637018 -0.7694966 0.04564117
vn -0.9791697 -0.1884394 0.0756136
vn -0.01837619 -0.1046877 0.9943354
vn 0.3296648 0.9185439 0.2181698
vn 0.5831365 -0.7210211 0.3742733
vn -0.9741777 -0.1956613 -0.1126701
vn -0.2736436 0.07753246 0.9587011
vn 0.2733605 0.9500293 0.1507262
vn 0.5328415 -0.8185312 -0.2146783
vn -0.7920255 -0.08735918 0.6042053
vn 0.5129228 -0.03135053 0.8578621
vn 0.4358189 0.8951004 -0.09411344
vn 0.5070826 -0.8105134 -0.2931471
vn -0.698139 -0.01858162 0.7157211
vn 0.6349985 -0.02209272 0.7721974
vn 0.4122318 0.8933752 -0.178734
vn 0.8313747 -0.426455 0.3563035
vn -0.8805964 -0.4364783 0.1844902
vn -0.09616755 0.3283426 0.9396504
vn 0.01609116 0.9759917 -0.2172123
vn -0.3321615 -0.4992619 0.800254
vn 0.8014765 -0.2608709 -0.5381278
vn -0.4349224 -0.7503907 -0.4977513
vn -0.717694 0.5467897 -0.4312034
vn 0.05641574 -0.2461485 0.9675888
vn 0.2093104 -0.6314088 -0.7466674
vn -0.8432726 -0.5356174 0.0447798
vn -0.6303033 0.7377942 -0.2416146
vn -0.08116745 -0.195725 0.977294
vn 0.3720644 -0.6366377 -0.6754707
vn -0.7946936 -0.6043779 -0.05647466
vn -0.6472593 0.6778183 -0.3487375
vn 0.743163 0.4483238 -0.4967037
vn -0.0009159272 -0.997652 -0.06848097
vn 0.7141613 -0.1703153 0.6789451
vn -0.3915282 0.55638 0.7329031
vn 0.9597872 0.2430954 -0.1404036
vn -0.1749217 -0.9839739 0.03460681
vn 0.2818471 -0.1331256 0.9501788
vn -0.5571866 0.7335891 0.3890888
vn 0.8699154 0.1932156 -0.4537785
vn -0.01445482 -0.8884133 0.4588169
vn 0.4958569 0.2802403 0.8219437
vn -0.550339 0.8104542 0.2007264
vn 0.2021772 0.969491 -0.138606
vn 0.7826504 -0.5850619 -0.2125113
vn 0.4896485 0.1438667 0.8599691
vn -0.7268766 -0.3333563 0.6004366
vn 0.2908499 0.9343356 0.2059694
vn 0.6898017 -0.7237498 -0.01897221
vn 0.06473412 -0.1187631 0.9908102
vn -0.9587231 -0.2498616 0.1357175
vn 0.2743826 0.9560537 0.103322
vn 0.6720176 -0.5270241 -0.5202286
vn 0.6479692 -0.1415141 0.7484047
vn -0.6450371 -0.4286838 0.63258
vn 0.3146185 0.9311481 -0.1843325
vn 0.2198429 -0.6803449 -0.6991423
vn 0.9578944 -0.1381441 0.2517031
vn -0.1514367 -0.2284082 0.9617155
vn 0.2798526 0.9122524 -0.2991289
vn -0.3016049 -0.7031404 -0.6439162
vn 0.9078115 -0.2536172 -0.3340009
vn 0.3934668 -0.2411005 0.8871609
vn 0.1406713 0.1541871 -0.9779764
vn 0.08458964 -0.893511 0.441002
vn 0.9989188 -0.04623324 0.004883877
vn 0.1604887 0.7997021 0.5785499
vn -0.9422007 0.2462812 -0.2271641
vn 0.1697082 -0.9508851 0.258876
vn 0.01605124 -0.3712629 -0.9283891
vn 0.7042196 0.6178055 -0.3498444
vn -0.1782646 0.8433936 -0.5068619
vn -0.5884462 -0.8066987 -0.05448181
vn 0.3419092 -0.3220257 -0.882835
vn 0.9362614 -0.1697143 0.30759
vn 0.1418212 0.9741687 -0.1757329
vn -0.2241736 -0.6598486 -0.7171792
vn 0.920038 -0.07678193 -0.3842324
vn 0.4589999 -0.2888197 0.8401799
vn -0.1252896 0.9896149 0.07046141
vn -0.3582309 -0.617686 -0.7000961
vn 0.6494845 0.2535814 -0.7168448
vn 0.8197187 -0.3128225 0.4797953
vn -0.8966938 0.3264236 -0.2989781
vn 0.5953675 -0.5736772 -0.5625229
vn 0.3451738 0.7325967 -0.5866491
vn 0.4833063 0.4993136 0.7190973
vn -0.8491514 0.3715784 -0.3753284
vn 0.717901 -0.3885412 -0.5776278
vn 0.3877629 0.8701711 -0.3040433
vn 0.348648 0.2882661 0.8918225
vn -0.5302162 0.8478119 0.009262815
vn 0.5317827 -0.3203337 -0.7839602
vn 0.7720318 0.6264416 0.1074148
vn 0.3554925 -0.3861018 0.8512053
vn -0.1703131 0.8396671 -0.515706
vn 0.8208645 -0.4889336 -0.2951703
vn 0.6600665 0.5774275 0.48051
vn -0.2966917 -0.2204688 0.9291758
vn -0.04855526 0.8975667 -0.4381969
vn 0.6424809 -0.6301184 -0.4360838
vn 0.833235 0.3810941 0.4006079
vn -0.2151464 -0.2074996 0.9542829
vn -0.006799568 0.9331657 -0.3593821
vn 0.4367631 -0.6733667 -0.5965025
vn 0.9479223 0.2286832 0.2216919
vn -0.06236305 -0.1438298 0.9876355
vn -0.03065269 0.9305376 -0.3649112
vn 0.3727904 -0.7312418 -0.5712379
vn 0.9714837 0.226264 0.07088029
vn 0.1004725 -0.05707799 0.9933013
vn -0.4980141 0.809634 -0.3106039
vn 0.3360716 -0.7721215 -0.5393368
vn 0.7835031 0.4686246 -0.4080612
vn 0.5291473 0.09290959 0.8434281
vn -0.9890472 -0.0892658 0.117547
vn 0.4037472 -0.4883932 -0.7736022
vn -0.2445421 0.6728604 -0.698182
vn 0.4038845 0.7884179 0.4639769
vn -0.8867322 -0.319837 0.3337819
vn 0.2163229 -0.3303647 -0.9187292
vn -0.5486951 0.6718796 -0.4975053
vn 0.3665792 0.8064162 0.464018
vn 0.8293276 -0.3792708 0.4103285
vn -0.7172811 0.2731032 0.6410324
vn 0.405743 0.8753614 0.2628977
vn 0.161073 0.3413602 -0.9260285
vn 0.6628121 -0.09151465 0.7431725
vn -0.9573656 -0.1618146 0.2393052
vn -0.160494 0.9034786 0.3974521
vn 0.2417439 0.5274535 -0.8144647
vn 0.6972901 -0.3135299 0.6445817
vn -0.9079866 -0.40403 0.1109962
vn -0.2817679 0.5886343 0.7577047
vn 0.08166334 0.8666853 -0.4921256
vn 0.5537537 -0.4410983 0.70625
vn -0.7778491 -0.5382535 -0.3243977
vn -0.6048224 0.2140229 0.767062
vn -0.07892253 0.9799689 -0.1828446
vn -0.6182138 -0.5697296 0.5414977
vn 0.7208243 -0.4474488 -0.5293411
vn -0.5786155 -0.3009013 -0.758065
vn -0.3975523 0.8924798 -0.213148
vn -0.80504 -0.5902393 0.05939782
vn 0.8681551 -0.4678778 -0.1655205
vn -0.1228743 -0.1100674 -0.9862997
vn -0.1824426 0.9621711 -0.2023398
vn -0.6955861 -0.4975216 0.5182973
vn 0.4304326 -0.5096686 -0.7449602
vn -0.7399418 0.1067326 -0.6641493
vn -0.09415303 0.992345 0.07991582
vn -0.6533239 -0.4997648 0.5686853
vn 0.06318053 -0.3868848 -0.9199611
vn -0.8263407 0.4257783 -0.3686106
vn 0.225945 0.9397115 0.2566927
vn -0.3285333 -0.3712548 0.8684675
vn -0.4206755 -0.4579556 -0.7831404
vn -0.8660575 0.4993153 0.0250746
vn 0.3859041 0.9114539 -0.142582
vn -0.337169 -0.3908852 0.8564612
vn 0.0123322 -0.6173114 -0.7866223
vn -0.9756482 0.0461609 -0.2144288
vn -0.05076633 0.9871613 -0.1514444
vn 0.602259 -0.7084178 0.3680061
vn -0.6641609 -0.3066726 -0.6817933
vn -0.6564377 -0.3858296 0.6482477
vn -0.2602696 0.8617226 0.4355386
vn 0.5301716 -0.6188441 0.5796121
vn -0.6180303 -0.4370179 -0.6534936
vn -0.7297531 -0.2037158 0.6526564
vn -0.2532445 0.9468452 0.1983717
vn 0.1408355 -0.6759543 0.7233611
vn -0.1661986 -0.3377909 -0.9264315
vn -0.9584805 -0.2555043 0.1266202
vn -0.3535907 0.9150413 0.1940958
vn -0.1991648 -0.3780301 0.9041165
vn -0.02682653 -0.6303332 -0.7758611
vn -0.9944187 -0.04450092 -0.0956616
vn -0.1550971 0.9702229 -0.1860441
vn -0.5273688 -0.3353635 0.7806494
vn 0.3046843 -0.6705546 -0.6764053
vn -0.8733327 -0.1090238 -0.474767
vn -0.1446519 0.9639265 -0.2234313
vn 0.3803258 -0.5565543 0.7386471
vn -0.3180874 -0.4569474 -0.8306742
vn -0.8747027 -0.3137881 0.3693672
vn -0.3634543 0.9054516 0.2192222
vn 0.7098076 -0.5218697 0.4731016
vn -0.7903282 -0.4891646 -0.3689165
vn -0.4887015 -0.09881852 0.8668367
vn -0.08777 0.977004 0.1943186
vn 0.7001446 -0.4383742 0.563583
vn -0.6821886 -0.5748921 -0.451794
vn -0.5759333 -0.1480767 0.8039739
vn -0.2162836 0.9622752 0.1650694
vn -0.02685876 0.2617722 -0.9647558
vn -0.4185877 -0.8656847 0.2745438
vn 0.7494972 -0.5901417 -0.299978
vn 0.7035478 0.4006909 0.5869134
vn 0.2850951 -0.1193866 -0.951035
vn -0.4092461 -0.7761409 0.4797113
vn 0.8561136 -0.4781945 0.1959584
vn 0.4189633 0.7308584 0.5388096
vn -0.05839379 -0.04736848 -0.9971692
vn 0.04998713 -0.8531875 0.5192037
vn 0.9704945 -0.1772041 -0.1635209
vn 0.342608 0.8395409 0.4216524
vn 0.3367047 0.8398395 -0.4257928
vn -0.1911481 -0.7903159 -0.5821197
vn 0.9489879 -0.2972033 -0.1053193
vn 0.1812376 -0.1518631 0.9716432
vn 0.6498102 0.6538935 -0.3875176
vn -0.07715544 -0.9052995 -0.4177079
vn 0.8195413 -0.3902483 0.4195931
vn -0.2904339 0.1170231 0.9497125
vn 0.5614387 0.7383869 -0.3735926
vn -0.4667956 -0.6163397 -0.6342139
vn 0.7968411 -0.5622966 -0.2210584
vn 0.1797604 -0.3156757 0.931684
vn 0.3114088 0.7724974 -0.5534189
vn -0.7804891 -0.5367092 -0.3205932
vn 0.5014224 -0.538619 -0.6771005
vn 0.6417551 -0.4212691 0.6408454
vn 0.1678979 0.7981282 -0.5786205
vn -0.9330053 -0.352329 0.07324845
vn -0.007456291 -0.4875502 -0.8730631
vn 0.7625391 -0.6136948 0.2047264
vn -0.7394245 0.2888522 -0.608125
vn 0.0006548447 -0.9394543 0.3426737
vn 0.3615123 -0.4246832 -0.8300319
vn 0.8632559 0.504355 -0.02037903
vn -0.4048102 0.6577419 0.6352199
vn -0.102747 -0.9754916 0.1945742
vn -0.9389127 -0.08424031 -0.3336863
vn 0.1812714 0.3137571 -0.9320393
vn -0.1667002 0.9461556 -0.27749
vn -0.6150773 -0.4202822 0.6671153
vn -0.7442265 -0.1969975 -0.6382155
vn 0.5254917 -0.5937062 -0.6094025
vn 0.2404757 0.8716444 -0.4270919
vn -0.9511096 -0.3066401 -0.03691003
vn 0.02427194 -0.3362716 -0.9414523
vn 0.7189923 -0.6808116 0.1398055
vn 0.3189451 0.9438471 -0.08617857
vn -0.9479911 -0.1862701 0.2581016
vn -0.3678672 0.1521307 -0.9173495
vn 0.4625813 -0.7846653 -0.4126971
vn -0.4804698 0.7087916 0.5164914
vn -0.4096933 -0.6889933 -0.5978625
vn -0.1471228 0.6150865 -0.7746119
vn 0.9728408 0.110141 -0.2035923
vn -0.4415999 0.8140242 0.3772984
vn -0.4453257 -0.4912094 -0.7485976
vn 0.2754089 0.6280784 -0.7277826
vn 0.9862933 -0.1141694 0.1191253
vn 0.185371 0.9629624 0.1958085
vn -0.6530581 -0.2264658 -0.7226537
vn 0.6207106 0.1559453 -0.7683746
vn 0.6813816 -0.6832472 0.2624736
vn -0.1052485 0.9641641 -0.2435372
vn -0.2117108 -0.6948076 -0.6873289
vn 0.8540841 0.08257395 -0.5135384
vn 0.6110718 -0.2409234 0.7540206
vn 0.0256597 0.9438435 -0.3293949
vn -0.4264244 -0.6979914 -0.5753002
vn 0.7700403 -0.1181128 -0.6269668
vn 0.6659334 -0.286529 0.6887916
vn 0.0851703 0.9234796 -0.3740742
vn -0.6198795 -0.6442963 -0.4479193
vn 0.6091008 -0.2382883 -0.7564489
vn 0.7444589 -0.3612404 0.5615036
vn 0.02955847 0.9269404 -0.3740425
vn -0.6466029 -0.6473269 -0.4035748
vn 0.5000346 -0.1989467 -0.8428438
vn 0.8354857 -0.3665286 0.4094147
vn -0.05994341 0.9961838 0.06344013
vn -0.6946508 -0.6577821 -0.2911755
vn 0.09027233 0.1769104 -0.9800784
vn 0.9362162 -0.3456348 -0.06352756
vn -0.3393595 0.1863189 0.9220198
vn -0.5846224 -0.5140489 -0.6276705
vn -0.5535514 0.790374 -0.2624688
vn 0.7500071 0.4719817 -0.4633817
vn -0.1287886 -0.04536022 0.9906341
vn -0.7874507 -0.2009609 -0.5826973
vn -0.4242729 0.9006843 0.0935965
vn 0.7678758 0.508224 -0.3899682
vn 0.443219 -0.8155792 -0.3720048
vn 0.4002537 0.4395739 0.8040968
vn 0.7331118 0.4782252 -0.4835782
vn -0.5910226 0.5406896 -0.5986209
vn 0.8164059 -0.5376354 -0.2107835
vn -0.1983408 0.21736 0.9557278
vn 0.6563612 0.749547 0.08584447
vn -0.392037 0.5783907 -0.7153819
vn 0.6760036 -0.6987078 -0.2341508
vn -0.3896991 0.0016646 0.9209408
vn 0.7775494 0.4362434 0.4528891
vn -0.01854429 0.8472716 -0.5308362
vn 0.6697981 -0.7419399 -0.0299272
vn -0.7892015 -0.08969559 0.6075489
vn 0.4773321 0.2421458 0.8447009
vn 0.2837747 0.9150162 -0.2867355
vn 0.06471679 -0.3850538 0.9206222
vn -0.4242139 -0.461049 -0.7794077
vn -0.9480141 0.1785832 0.2633959
vn 0.06430504 0.9976585 -0.02329133
vn -0.3879383 -0.1502237 0.9093606
vn -0.03817695 -0.6547802 -0.7548546
vn -0.9382382 0.2221339 -0.2652652
vn 0.1761125 0.9706284 -0.1639048
vn -0.02063167 -0.3402759 0.9400992
vn -0.5839877 -0.4257331 -0.6911656
vn -0.8253107 0.5014913 0.2595549
vn 0.3765249 0.9084401 -0.1815646
vn 0.08304001 -0.3462333 0.9344661
vn -0.8774931 -0.2157708 -0.4283092
vn -0.5055296 0.7439216 0.437059
vn 0.5641143 0.7356807 -0.3748987
vn 0.5261051 -0.4098661 0.7451331
vn -0.9970729 -0.05885516 0.04880291
vn -0.1229021 0.7493364 0.6506842
vn 0.4031807 0.7147264 -0.5714993
vn 0.4059347 -0.4689904 0.7843884
vn -0.8640662 -0.4138526 -0.2865582
vn -0.5579394 0.4589171 0.6914469
vn 0.169696 0.9309754 -0.3232462
vn 0.2990224 -0.9469251 -0.1179767
vn -0.9497995 0.1749051 0.2594017
vn 0.1062024 -0.2087989 0.9721749
vn 0.6873512 0.7001163 0.1933536
vn 0.4835395 -0.8751814 0.01571702
vn -0.963792 0.02100481 0.2658267
vn 0.152706 -0.0290342 0.9878451
vn 0.5328448 0.8441794 0.05863018
vn 0.3624559 -0.8412732 0.4011049
vn -0.9616839 0.002464147 -0.2741496
vn -0.3726558 0.1474765 0.9161759
vn 0.4453444 0.8801402 0.164382
vn 0.5151623 -0.5140566 0.6858234
vn -0.8975136 -0.3612493 -0.2529196
vn -0.4866286 0.3713091 0.7907732
vn 0.1735447 0.9634561 -0.2040457
vn 0.3247708 -0.3144776 0.8919797
vn -0.6919805 -0.5739527 -0.4378827
vn -0.7735776 0.3613817 0.5205584
vn 0.1402045 0.9566354 -0.2553263
vt 0.7996897 0.03099491
vt 0.7568768 0.07176086
vt 0.8425026 0.07176089
vt 0.7568768 0.213491
vt 0.8425024 0.2134909
vt 0.9281281 0.07176086
vt 0.8853153 0.03099491
vt 0.6712512 0.213491
vt 0.6712512 0.07176086
vt 0.714064 0.03099491
vt 0.7568768 0.3887826
vt 0.6712512 0.3887825
vt 0.9281281 0.213491
vt 0.8425026 0.3887826
vt 1.013754 0.07176086
vt 0.9709409 0.03099491
vt 0.5856255 0.213491
vt 0.5856255 0.3887825
vt 0.5856255 0.07176086
vt 0.6284383 0.03099491
vt 0.6712512 0.4905015
vt 0.7568768 0.4905015
vt 0.5856255 0.4905015
vt 1.013754 0.213491
vt 0.9281281 0.3887825
vt 0.8425026 0.4905015
vt 1.09938 0.07176086
vt 1.056567 0.03099491
vt 0.6712512 0.5903929
vt 0.5856255 0.5903929
vt 0.7568768 0.5903929
vt 0.4999997 0.4905015
vt 0.4999997 0.5903929
vt 0.4999997 0.3887825
vt 0.4999997 0.213491
vt 0.4999997 0.07176084
vt 0.5428126 0.03099491
vt 0.5856255 0.6902844
vt 0.6712512 0.6902844
vt 0.4999997 0.6902844
vt 0.414374 0.5903929
vt 0.414374 0.4905015
vt 0.414374 0.3887825
vt 0.414374 0.213491
vt 0.414374 0.6902844
vt 0.414374 0.07176086
vt 0.4571869 0.03099491
vt 0.4999997 0.7901759
vt 0.414374 0.7901759
vt 0.5856255 0.7901759
vt 0.3287483 0.5903929
vt 0.3287483 0.4905015
vt 0.3287483 0.3887825
vt 0.3287483 0.213491
vt 0.3287483 0.6902844
vt 0.3287483 0.7901759
vt 0.3287483 0.07176086
vt 0.3715612 0.03099491
vt 0.2431226 0.4905015
vt 0.2431226 0.5903929
vt 0.2431226 0.6902844
vt 0.2431226 0.3887825
vt 0.2431226 0.213491
vt 0.2431226 0.7901759
vt 0.2431226 0.07176086
vt 0.2859355 0.03099491
vt 0.157497 0.6902844
vt 0.1574969 0.5903929
vt 0.157497 0.4905015
vt 0.157497 0.3887825
vt 0.157497 0.213491
vt 0.157497 0.7901759
vt 0.157497 0.07176086
vt 0.2003098 0.03099491
vt 0.07187125 0.5903929
vt 0.07187125 0.4905015
vt 0.07187125 0.6902844
vt 0.07187125 0.3887825
vt 0.07187125 0.213491
vt 0.07187125 0.7901759
vt 0.07187125 0.07176086
vt 0.1146841 0.03099491
vt -0.01375443 0.6902844
vt -0.01375455 0.5903929
vt -0.01375443 0.4905015
vt -0.01375455 0.3887825
vt -0.01375443 0.213491
vt -0.01375455 0.7901759
vt -0.01375443 0.07176086
vt 0.0290584 0.03099491
vt -0.0993802 0.6902844
vt -0.0993802 0.5903929
vt -0.0993802 0.4905015
vt -0.0993802 0.3887825
vt -0.0993802 0.213491
vt -0.0993802 0.7901759
vt -0.0993802 0.07176084
vt -0.05656725 0.03099491
vt -0.1850058 0.6902844
vt -0.1850058 0.5903929
vt -0.1850058 0.7901759
vt -0.1850058 0.4905015
vt -0.1666659 0.3887824
vt -0.1666659 0.213491
vt -0.1850058 0.07176089
vt -0.1421931 0.03099491
vt -0.1850058 0.8900673
vt -0.0993802 0.8900673
vt -0.1850058 0.9807035
vt -0.01375443 0.8900673
vt -0.0993802 0.9807035
vt -0.1421931 0.9984133
vt 0.07187125 0.8900673
vt -0.01375443 0.9807035
vt -0.05656725 0.9984133
vt 0.157497 0.8900673
vt 0.07187125 0.9807035
vt 0.0290584 0.9984133
vt 0.2431226 0.8900673
vt 0.157497 0.9807035
vt 0.1146841 0.9984133
vt 0.3287483 0.8900673
vt 0.2431226 0.9807035
vt 0.2003098 0.9984133
vt 0.414374 0.8900673
vt 0.3287483 0.9807035
vt 0.2859355 0.9984133
vt 0.4999997 0.8900673
vt 0.414374 0.9807035
vt 0.3715612 0.9984133
vt 0.4999997 0.9807035
vt 0.4571869 0.9984133
vt 0.5856255 0.8900673
vt 0.6712512 0.7901759
vt 0.5856255 0.9807035
vt 0.5428126 0.9984133
vt 0.6712512 0.8900673
vt 0.7568768 0.6902844
vt 0.6712512 0.9807035
vt 0.6284383 0.9984133
vt 0.7568768 0.7901757
vt 0.8425026 0.5903929
vt 0.7568768 0.8900673
vt 0.8425024 0.6902844
vt 0.9281281 0.4905015
vt 0.7568768 0.9807035
vt 0.714064 0.9984133
vt 0.8425026 0.7901757
vt 0.9281281 0.5903929
vt 1.013754 0.3887825
vt 0.8425024 0.8900673
vt 0.9281281 0.6902844
vt 1.013754 0.4905015
vt 1.09938 0.213491
vt 1.185005 0.07176083
vt 1.142192 0.03099491
vt 1.203345 0.213491
vt 1.09938 0.3887825
vt 1.203345 0.3887825
vt 1.09938 0.4905015
vt 1.185005 0.4905015
vt 1.013754 0.5903929
vt 1.09938 0.5903929
vt 1.185005 0.5903929
vt 1.013754 0.6902844
vt 1.09938 0.6902844
vt 1.185005 0.6902844
vt 0.9281281 0.7901759
vt 1.09938 0.7901759
vt 1.185005 0.7901759
vt 1.013754 0.7901759
vt 0.9281281 0.8900673
vt 1.09938 0.8900673
vt 1.185005 0.8900673
vt 1.013754 0.8900673
vt 0.8425024 0.9807035
vt 0.7996897 0.9984133
vt 0.9281281 0.9807035
vt 0.8853151 0.9984133
vt 1.013754 0.9807035
vt 0.9709409 0.9984133
vt 1.09938 0.9807035
vt 1.056567 0.9984133
vt 1.185005 0.9807035
vt 1.142192 0.9984133
vt 0.3384869 0.4609263
vt 0.3968563 0.4332519
vt 0.3236099 0.4236231
vt 0.328093 0.3866301
vt 0.2548465 0.3770013
vt 0.2621813 0.3212054
vt 0.2503634 0.4139942
vt 0.2652405 0.4512975
vt 0.2137403 0.4091798
vt 0.2286173 0.4464831
vt 0.2182233 0.3721868
vt 0.1771171 0.4043654
vt 0.191994 0.4416686
vt 0.1816001 0.3673724
vt 0.1889349 0.3115766
vt 0.2255581 0.3163911
vt 0.231797 0.2689325
vt 0.1951738 0.264118
vt 0.2432161 0.1820669
vt 0.2065929 0.1772524
vt 0.2482147 0.1440429
vt 0.2115915 0.1392285
vt 0.2532132 0.1060189
vt 0.21659 0.1012045
vt 0.2399001 0.06558774
vt 0.2898364 0.1108333
vt 0.2765234 0.07040217
vt 0.2848378 0.1488573
vt 0.2798393 0.1868813
vt 0.2684201 0.2737469
vt 0.3530858 0.1965101
vt 0.3580843 0.1584862
vt 0.3416665 0.2833757
vt 0.3630829 0.1204622
vt 0.3497698 0.080031
vt 0.4263322 0.206139
vt 0.3354278 0.3308342
vt 0.4313308 0.168115
vt 0.414913 0.2930045
vt 0.4013394 0.3962589
vt 0.4086742 0.3404631
vt 0.4379626 0.4010733
vt 0.4363293 0.130091
vt 0.4230162 0.08965983
vt 0.4729525 0.1349054
vt 0.4596395 0.09447426
vt 0.467954 0.1729294
vt 0.4629554 0.2109534
vt 0.4515362 0.297819
vt 0.5095757 0.1397199
vt 0.4962627 0.09928868
vt 0.5045772 0.1777438
vt 0.4452974 0.3452775
vt 0.4801168 0.3527661
vt 0.4869433 0.3020798
vt 0.4995786 0.2157678
vt 0.5461989 0.1445343
vt 0.5328859 0.1041031
vt 0.5412003 0.1825583
vt 0.5145156 0.3039132
vt 0.5828221 0.1493487
vt 0.5695091 0.1089175
vt 0.5362018 0.2205822
vt 0.5778236 0.1873727
vt 0.6560686 0.1589775
vt 0.6427556 0.1185463
vt 0.504906 0.3703858
vt 0.5443337 0.3080146
vt 0.5728223 0.2253966
vt 0.6460714 0.2350255
vt 0.65107 0.1970015
vt 0.4745858 0.4058878
vt 0.4334796 0.4380663
vt 0.4117334 0.4705552
vt 0.4701028 0.4428807
vt 0.4483566 0.4753696
vt 0.5059544 0.4165006
vt 0.5332991 0.3845062
vt 0.506726 0.4476951
vt 0.4849799 0.480184
vt 0.5400329 0.4243639
vt 0.6341966 0.320137
vt 0.6253919 0.3877538
vt 0.5432742 0.4526019
vt 0.521603 0.4849984
vt 0.7107648 0.329212
vt 0.6253805 0.4325975
vt 0.7193179 0.2446543
vt 0.620142 0.4632959
vt 0.5582263 0.4898128
vt 0.696795 0.4756382
vt 0.6318936 0.4997222
vt 0.706115 0.4388097
vt 0.7103177 0.3738322
vt 0.7459442 0.3348531
vt 0.7433288 0.3795103
vt 0.7381272 0.4423096
vt 0.7305006 0.4788637
vt 0.7050412 0.5092629
vt 0.768344 0.4448664
vt 0.7630967 0.4814015
vt 0.7413424 0.5138848
vt 0.775207 0.3874069
vt 0.7811452 0.3411487
vt 0.7559412 0.2494687
vt 0.7925643 0.2542831
vt 0.7975628 0.2162592
vt 0.7609397 0.2114447
vt 0.8025614 0.1782352
vt 0.7243165 0.2066303
vt 0.7659382 0.1734208
vt 0.7892485 0.137804
vt 0.729315 0.1686063
vt 0.7160019 0.1281752
vt 0.7526252 0.1329896
vt 0.7996897 0.03099491
vt 0.7568768 0.07176086
vt 0.8425026 0.07176089
vt 0.7568768 0.213491
vt 0.8425024 0.2134909
vt 0.9281281 0.07176086
vt 0.8853153 0.03099491
vt 0.6712512 0.213491
vt 0.6712512 0.07176086
vt 0.714064 0.03099491
vt 0.7568768 0.3887826
vt 0.6712512 0.3887825
vt 0.9281281 0.213491
vt 0.8425026 0.3887826
vt 1.013754 0.07176086
vt 0.9709409 0.03099491
vt 0.5856255 0.213491
vt 0.5856255 0.3887825
vt 0.5856255 0.07176086
vt 0.6284383 0.03099491
vt 0.6712512 0.4905015
vt 0.7568768 0.4905015
vt 0.5856255 0.4905015
vt 1.013754 0.213491
vt 0.9281281 0.3887825
vt 0.8425026 0.4905015
vt 1.09938 0.07176086
vt 1.056567 0.03099491
vt 0.6712512 0.5903929
vt 0.5856255 0.5903929
vt 0.7568768 0.5903929
vt 0.4999997 0.4905015
vt 0.4999997 0.5903929
vt 0.4999997 0.3887825
vt 0.4999997 0.213491
vt 0.4999997 0.07176084
vt 0.5428126 0.03099491
vt 0.5856255 0.6902844
vt 0.6712512 0.6902844
vt 0.4999997 0.6902844
vt 0.414374 0.5903929
vt 0.414374 0.4905015
vt 0.414374 0.3887825
vt 0.414374 0.213491
vt 0.414374 0.6902844
vt 0.414374 0.07176086
vt 0.4571869 0.03099491
vt 0.4999997 0.7901759
vt 0.414374 0.7901759
vt 0.5856255 0.7901759
vt 0.3287483 0.5903929
vt 0.3287483 0.4905015
vt 0.3287483 0.3887825
vt 0.3287483 0.213491
vt 0.3287483 0.6902844
vt 0.3287483 0.7901759
vt 0.3287483 0.07176086
vt 0.3715612 0.03099491
vt 0.2431226 0.4905015
vt 0.2431226 0.5903929
vt 0.2431226 0.6902844
vt 0.2431226 0.3887825
vt 0.2431226 0.213491
vt 0.2431226 0.7901759
vt 0.2431226 0.07176086
vt 0.2859355 0.03099491
vt 0.157497 0.6902844
vt 0.1574969 0.5903929
vt 0.157497 0.4905015
vt 0.157497 0.3887825
vt 0.157497 0.213491
vt 0.157497 0.7901759
vt 0.157497 0.07176086
vt 0.2003098 0.03099491
vt 0.07187125 0.5903929
vt 0.07187125 0.4905015
vt 0.07187125 0.6902844
vt 0.07187125 0.3887825
vt 0.07187125 0.213491
vt 0.07187125 0.7901759
vt 0.07187125 0.07176086
vt 0.1146841 0.03099491
vt -0.01375443 0.6902844
vt -0.01375455 0.5903929
vt -0.01375443 0.4905015
vt -0.01375455 0.3887825
vt -0.01375443 0.213491
vt -0.01375455 0.7901759
vt -0.01375443 0.07176086
vt 0.0290584 0.03099491
vt -0.0993802 0.6902844
vt -0.0993802 0.5903929
vt -0.0993802 0.4905015
vt -0.0993802 0.3887825
vt -0.0993802 0.213491
vt -0.0993802 0.7901759
vt -0.0993802 0.07176084
vt -0.05656725 0.03099491
vt -0.1850058 0.6902844
vt -0.1850058 0.5903929
vt -0.1850058 0.7901759
vt -0.1850058 0.4905015
vt -0.1666659 0.3887824
vt -0.1666659 0.213491
vt -0.1850058 0.07176089
vt -0.1421931 0.03099491
vt -0.1850058 0.8900673
vt -0.0993802 0.8900673
vt -0.1850058 0.9807035
vt -0.01375443 0.8900673
vt -0.0993802 0.9807035
vt -0.1421931 0.9984133
vt 0.07187125 0.8900673
vt -0.01375443 0.9807035
vt -0.05656725 0.9984133
vt 0.157497 0.8900673
vt 0.07187125 0.9807035
vt 0.0290584 0.9984133
vt 0.2431226 0.8900673
vt 0.157497 0.9807035
vt 0.1146841 0.9984133
vt 0.3287483 0.8900673
vt 0.2431226 0.9807035
vt 0.2003098 0.9984133
vt 0.414374 0.8900673
vt 0.3287483 0.9807035
vt 0.2859355 0.9984133
vt 0.4999997 0.8900673
vt 0.414374 0.9807035
vt 0.3715612 0.9984133
vt 0.4999997 0.9807035
vt 0.4571869 0.9984133
vt 0.5856255 0.8900673
vt 0.6712512 0.7901759
vt 0.5856255 0.9807035
vt 0.5428126 0.9984133
vt 0.6712512 0.8900673
vt 0.7568768 0.6902844
vt 0.6712512 0.9807035
vt 0.6284383 0.9984133
vt 0.7568768 0.7901757
vt 0.8425026 0.5903929
vt 0.7568768 0.8900673
vt 0.8425024 0.6902844
vt 0.9281281 0.4905015
vt 0.7568768 0.9807035
vt 0.714064 0.9984133
vt 0.8425026 0.7901757
vt 0.9281281 0.5903929
vt 1.013754 0.3887825
vt 0.8425024 0.8900673
vt 0.9281281 0.6902844
vt 1.013754 0.4905015
vt 1.09938 0.213491
vt 1.185005 0.07176083
vt 1.142192 0.03099491
vt 1.203345 0.213491
vt 1.09938 0.3887825
vt 1.203345 0.3887825
vt 1.09938 0.4905015
vt 1.185005 0.4905015
vt 1.013754 0.5903929
vt 1.09938 0.5903929
vt 1.185005 0.5903929
vt 1.013754 0.6902844
vt 1.09938 0.6902844
vt 1.185005 0.6902844
vt 0.9281281 0.7901759
vt 1.09938 0.7901759
vt 1.185005 0.7901759
vt 1.013754 0.7901759
vt 0.9281281 0.8900673
vt 1.09938 0.8900673
vt 1.185005 0.8900673
vt 1.013754 0.8900673
vt 0.8425024 0.9807035
vt 0.7996897 0.9984133
vt 0.9281281 0.9807035
vt 0.8853151 0.9984133
vt 1.013754 0.9807035
vt 0.9709409 0.9984133
vt 1.09938 0.9807035
vt 1.056567 0.9984133
vt 1.185005 0.9807035
vt 1.142192 0.9984133
vt 0.265341 0.8245305
vt 0.358983 0.7682783
vt 0.2382831 0.8122021
vt 0.2424378 0.709148
vt 0.1178157 0.709148
vt 0.1178157 0.6015368
vt 0.113661 0.8122021
vt 0.1407188 0.8245305
vt 0.05094505 0.783403
vt 0.07840776 0.8208362
vt 0.05527924 0.7073373
vt -0.01554605 0.8323624
vt 0.01436853 0.8321292
vt -0.009588656 0.7039667
vt -0.006806374 0.6015368
vt 0.05550462 0.6015369
vt 0.05550462 0.5111142
vt -0.006806374 0.5111142
vt 0.05550462 0.3456094
vt -0.006806374 0.3456094
vt 0.05550462 0.2643798
vt -0.006806374 0.2643797
vt 0.05550462 0.1125123
vt -0.006806374 0.1125122
vt 0.02434906 0.06573494
vt 0.1178157 0.1125123
vt 0.08666018 0.06573494
vt 0.1178157 0.2643798
vt 0.1178157 0.3456094
vt 0.1178157 0.5111142
vt 0.2424378 0.3456094
vt 0.2424378 0.2643798
vt 0.2424378 0.5111142
vt 0.2424378 0.1125123
vt 0.2112822 0.06573494
vt 0.3670599 0.3456094
vt 0.2424378 0.6015368
vt 0.3670599 0.2643798
vt 0.3670599 0.5111142
vt 0.3653668 0.7054146
vt 0.3670599 0.6015369
vt 0.4237452 0.698057
vt 0.3670599 0.1125123
vt 0.3359044 0.06573494
vt 0.429371 0.1125123
vt 0.3982154 0.06573494
vt 0.429371 0.2643798
vt 0.429371 0.3456094
vt 0.4293709 0.5111142
vt 0.4916821 0.1125123
vt 0.4605266 0.06573494
vt 0.4916821 0.2643798
vt 0.429371 0.6015368
vt 0.4916821 0.6015368
vt 0.4916821 0.5111142
vt 0.4916821 0.3456094
vt 0.5539932 0.1125123
vt 0.5228376 0.06573494
vt 0.5539932 0.2643798
vt 0.5539932 0.5111142
vt 0.6163043 0.1125123
vt 0.5851487 0.06573494
vt 0.5539932 0.3456094
vt 0.6163043 0.2643798
vt 0.7409264 0.1125124
vt 0.7097708 0.06573494
vt 0.5539932 0.6015369
vt 0.6163043 0.5111142
vt 0.6163043 0.3456094
vt 0.7409264 0.3456094
vt 0.7409263 0.2643799
vt 0.4907653 0.6986128
vt 0.4130363 0.7410285
vt 0.3863703 0.8036424
vt 0.4851163 0.7292858
vt 0.4448997 0.7788906
vt 0.5551974 0.7019249
vt 0.6163043 0.6015368
vt 0.5526896 0.7477424
vt 0.5156517 0.7825856
vt 0.6165033 0.7069488
vt 0.7409264 0.5111142
vt 0.7409264 0.6015368
vt 0.6130988 0.7707552
vt 0.578032 0.8055403
vt 0.8655484 0.5111142
vt 0.7338758 0.7159017
vt 0.8655484 0.3456094
vt 0.7103498 0.8188789
vt 0.6392074 0.8106512
vt 0.8577105 0.7253823
vt 0.7477954 0.830155
vt 0.8632825 0.6730178
vt 0.8655484 0.6015368
vt 0.9278595 0.5111142
vt 0.9278595 0.6015369
vt 0.9217066 0.6857445
vt 0.9158449 0.7773428
vt 0.8850413 0.7746937
vt 0.9851753 0.6949295
vt 0.9792203 0.795224
vt 0.9464026 0.7864971
vt 0.9901706 0.601537
vt 0.9901706 0.5111142
vt 0.9278595 0.3456094
vt 0.9901706 0.3456094
vt 0.9901706 0.2643798
vt 0.9278595 0.2643797
vt 0.9901706 0.1125123
vt 0.8655484 0.2643797
vt 0.9278595 0.1125123
vt 0.959015 0.06573494
vt 0.8655484 0.1125123
vt 0.8343929 0.06573494
vt 0.896704 0.06573494
vt 0.265341 0.8245305
vt 0.358983 0.7682783
vt 0.2382831 0.8122021
vt 0.2424378 0.709148
vt 0.1178157 0.709148
vt 0.1178157 0.6015368
vt 0.113661 0.8122021
vt 0.1407188 0.8245305
vt 0.05094505 0.783403
vt 0.07840776 0.8208362
vt 0.05527924 0.7073373
vt -0.01554605 0.8323624
vt 0.01436853 0.8321292
vt -0.009588656 0.7039667
vt -0.006806374 0.6015368
vt 0.05550462 0.6015369
vt 0.05550462 0.5111142
vt -0.006806374 0.5111142
vt 0.05550462 0.3456094
vt -0.006806374 0.3456094
vt 0.05550462 0.2643798
vt -0.006806374 0.2643797
vt 0.05550462 0.1125123
vt -0.006806374 0.1125122
vt 0.02434906 0.06573494
vt 0.1178157 0.1125123
vt 0.08666018 0.06573494
vt 0.1178157 0.2643798
vt 0.1178157 0.3456094
vt 0.1178157 0.5111142
vt 0.2424378 0.3456094
vt 0.2424378 0.2643798
vt 0.2424378 0.5111142
vt 0.2424378 0.1125123
vt 0.2112822 0.06573494
vt 0.3670599 0.3456094
vt 0.2424378 0.6015368
vt 0.3670599 0.2643798
vt 0.3670599 0.5111142
vt 0.3653668 0.7054146
vt 0.3670599 0.6015369
vt 0.4237452 0.698057
vt 0.3670599 0.1125123
vt 0.3359044 0.06573494
vt 0.429371 0.1125123
vt 0.3982154 0.06573494
vt 0.429371 0.2643798
vt 0.429371 0.3456094
vt 0.4293709 0.5111142
vt 0.4916821 0.1125123
vt 0.4605266 0.06573494
vt 0.4916821 0.2643798
vt 0.429371 0.6015368
vt 0.4916821 0.6015368
vt 0.4916821 0.5111142
vt 0.4916821 0.3456094
vt 0.5539932 0.1125123
vt 0.5228376 0.06573494
vt 0.5539932 0.2643798
vt 0.5539932 0.5111142
vt 0.6163043 0.1125123
vt 0.5851487 0.06573494
vt 0.5539932 0.3456094
vt 0.6163043 0.2643798
vt 0.7409264 0.1125124
vt 0.7097708 0.06573494
vt 0.5539932 0.6015369
vt 0.6163043 0.5111142
vt 0.6163043 0.3456094
vt 0.7409264 0.3456094
vt 0.7409263 0.2643799
vt 0.4907653 0.6986128
vt 0.4130363 0.7410285
vt 0.3863703 0.8036424
vt 0.4851163 0.7292858
vt 0.4448997 0.7788906
vt 0.5551974 0.7019249
vt 0.6163043 0.6015368
vt 0.5526896 0.7477424
vt 0.5156517 0.7825856
vt 0.6165033 0.7069488
vt 0.7409264 0.5111142
vt 0.7409264 0.6015368
vt 0.6130988 0.7707552
vt 0.578032 0.8055403
vt 0.8655484 0.5111142
vt 0.7338758 0.7159017
vt 0.8655484 0.3456094
vt 0.7103498 0.8188789
vt 0.6392074 0.8106512
vt 0.8577105 0.7253823
vt 0.7477954 0.830155
vt 0.8632825 0.6730178
vt 0.8655484 0.6015368
vt 0.9278595 0.5111142
vt 0.9278595 0.6015369
vt 0.9217066 0.6857445
vt 0.9158449 0.7773428
vt 0.8850413 0.7746937
vt 0.9851753 0.6949295
vt 0.9792203 0.795224
vt 0.9464026 0.7864971
vt 0.9901706 0.601537
vt 0.9901706 0.5111142
vt 0.9278595 0.3456094
vt 0.9901706 0.3456094
vt 0.9901706 0.2643798
vt 0.9278595 0.2643797
vt 0.9901706 0.1125123
vt 0.8655484 0.2643797
vt 0.9278595 0.1125123
vt 0.959015 0.06573494
vt 0.8655484 0.1125123
vt 0.8343929 0.06573494
vt 0.896704 0.06573494
vt 0.3384869 0.4609263
vt 0.3968563 0.4332519
vt 0.3236099 0.4236231
vt 0.328093 0.3866301
vt 0.2548465 0.3770013
vt 0.2621813 0.3212054
vt 0.2503634 0.4139942
vt 0.2652405 0.4512975
vt 0.2137403 0.4091798
vt 0.2286173 0.4464831
vt 0.2182233 0.3721868
vt 0.1771171 0.4043654
vt 0.191994 0.4416686
vt 0.1816001 0.3673724
vt 0.1889349 0.3115766
vt 0.2255581 0.3163911
vt 0.231797 0.2689325
vt 0.1951738 0.264118
vt 0.2432161 0.1820669
vt 0.2065929 0.1772524
vt 0.2482147 0.1440429
vt 0.2115915 0.1392285
vt 0.2532132 0.1060189
vt 0.21659 0.1012045
vt 0.2399001 0.06558774
vt 0.2898364 0.1108333
vt 0.2765234 0.07040217
vt 0.2848378 0.1488573
vt 0.2798393 0.1868813
vt 0.2684201 0.2737469
vt 0.3530858 0.1965101
vt 0.3580843 0.1584862
vt 0.3416665 0.2833757
vt 0.3630829 0.1204622
vt 0.3497698 0.080031
vt 0.4263322 0.206139
vt 0.3354278 0.3308342
vt 0.4313308 0.168115
vt 0.414913 0.2930045
vt 0.4013394 0.3962589
vt 0.4086742 0.3404631
vt 0.4379626 0.4010733
vt 0.4363293 0.130091
vt 0.4230162 0.08965983
vt 0.4729525 0.1349054
vt 0.4596395 0.09447426
vt 0.467954 0.1729294
vt 0.4629554 0.2109534
vt 0.4515362 0.297819
vt 0.5095757 0.1397199
vt 0.4962627 0.09928868
vt 0.5045772 0.1777438
vt 0.4452974 0.3452775
vt 0.4801168 0.3527661
vt 0.4869433 0.3020798
vt 0.4995786 0.2157678
vt 0.5461989 0.1445343
vt 0.5328859 0.1041031
vt 0.5412003 0.1825583
vt 0.5145156 0.3039132
vt 0.5828221 0.1493487
vt 0.5695091 0.1089175
vt 0.5362018 0.2205822
vt 0.5778236 0.1873727
vt 0.6560686 0.1589775
vt 0.6427556 0.1185463
vt 0.504906 0.3703858
vt 0.5443337 0.3080146
vt 0.5728223 0.2253966
vt 0.6460714 0.2350255
vt 0.65107 0.1970015
vt 0.4745858 0.4058878
vt 0.4334796 0.4380663
vt 0.4117334 0.4705552
vt 0.4701028 0.4428807
vt 0.4483566 0.4753696
vt 0.5059544 0.4165006
vt 0.5332991 0.3845062
vt 0.506726 0.4476951
vt 0.4849799 0.480184
vt 0.5400329 0.4243639
vt 0.6341966 0.320137
vt 0.6253919 0.3877538
vt 0.5432742 0.4526019
vt 0.521603 0.4849984
vt 0.7107648 0.329212
vt 0.6253805 0.4325975
vt 0.7193179 0.2446543
vt 0.620142 0.4632959
vt 0.5582263 0.4898128
vt 0.696795 0.4756382
vt 0.6318936 0.4997222
vt 0.706115 0.4388097
vt 0.7103177 0.3738322
vt 0.7459442 0.3348531
vt 0.7433288 0.3795103
vt 0.7381272 0.4423096
vt 0.7305006 0.4788637
vt 0.7050412 0.5092629
vt 0.768344 0.4448664
vt 0.7630967 0.4814015
vt 0.7413424 0.5138848
vt 0.775207 0.3874069
vt 0.7811452 0.3411487
vt 0.7559412 0.2494687
vt 0.7925643 0.2542831
vt 0.7975628 0.2162592
vt 0.7609397 0.2114447
vt 0.8025614 0.1782352
vt 0.7243165 0.2066303
vt 0.7659382 0.1734208
vt 0.7892485 0.137804
vt 0.729315 0.1686063
vt 0.7160019 0.1281752
vt 0.7526252 0.1329896
vt 0.3384869 0.4609263
vt 0.3968563 0.4332519
vt 0.3236099 0.4236231
vt 0.328093 0.3866301
vt 0.2548465 0.3770013
vt 0.2621813 0.3212054
vt 0.2503634 0.4139942
vt 0.2652405 0.4512975
vt 0.2137403 0.4091798
vt 0.2286173 0.4464831
vt 0.2182233 0.3721868
vt 0.1771171 0.4043654
vt 0.191994 0.4416686
vt 0.1816001 0.3673724
vt 0.1889349 0.3115766
vt 0.2255581 0.3163911
vt 0.231797 0.2689325
vt 0.1951738 0.264118
vt 0.2432161 0.1820669
vt 0.2065929 0.1772524
vt 0.2482147 0.1440429
vt 0.2115915 0.1392285
vt 0.2532132 0.1060189
vt 0.21659 0.1012045
vt 0.2399001 0.06558774
vt 0.2898364 0.1108333
vt 0.2765234 0.07040217
vt 0.2848378 0.1488573
vt 0.2798393 0.1868813
vt 0.2684201 0.2737469
vt 0.3530858 0.1965101
vt 0.3580843 0.1584862
vt 0.3416665 0.2833757
vt 0.3630829 0.1204622
vt 0.3497698 0.080031
vt 0.4263322 0.206139
vt 0.3354278 0.3308342
vt 0.4313308 0.168115
vt 0.414913 0.2930045
vt 0.4013394 0.3962589
vt 0.4086742 0.3404631
vt 0.4379626 0.4010733
vt 0.4363293 0.130091
vt 0.4230162 0.08965983
vt 0.4729525 0.1349054
vt 0.4596395 0.09447426
vt 0.467954 0.1729294
vt 0.4629554 0.2109534
vt 0.4515362 0.297819
vt 0.5095757 0.1397199
vt 0.4962627 0.09928868
vt 0.5045772 0.1777438
vt 0.4452974 0.3452775
vt 0.4801168 0.3527661
vt 0.4869433 0.3020798
vt 0.4995786 0.2157678
vt 0.5461989 0.1445343
vt 0.5328859 0.1041031
vt 0.5412003 0.1825583
vt 0.5145156 0.3039132
vt 0.5828221 0.1493487
vt 0.5695091 0.1089175
vt 0.5362018 0.2205822
vt 0.5778236 0.1873727
vt 0.6560686 0.1589775
vt 0.6427556 0.1185463
vt 0.504906 0.3703858
vt 0.5443337 0.3080146
vt 0.5728223 0.2253966
vt 0.6460714 0.2350255
vt 0.65107 0.1970015
vt 0.4745858 0.4058878
vt 0.4334796 0.4380663
vt 0.4117334 0.4705552
vt 0.4701028 0.4428807
vt 0.4483566 0.4753696
vt 0.5059544 0.4165006
vt 0.5332991 0.3845062
vt 0.506726 0.4476951
vt 0.4849799 0.480184
vt 0.5400329 0.4243639
vt 0.6341966 0.320137
vt 0.6253919 0.3877538
vt 0.5432742 0.4526019
vt 0.521603 0.4849984
vt 0.7107648 0.329212
vt 0.6253805 0.4325975
vt 0.7193179 0.2446543
vt 0.620142 0.4632959
vt 0.5582263 0.4898128
vt 0.696795 0.4756382
vt 0.6318936 0.4997222
vt 0.706115 0.4388097
vt 0.7103177 0.3738322
vt 0.7459442 0.3348531
vt 0.7433288 0.3795103
vt 0.7381272 0.4423096
vt 0.7305006 0.4788637
vt 0.7050412 0.5092629
vt 0.768344 0.4448664
vt 0.7630967 0.4814015
vt 0.7413424 0.5138848
vt 0.775207 0.3874069
vt 0.7811452 0.3411487
vt 0.7559412 0.2494687
vt 0.7925643 0.2542831
vt 0.7975628 0.2162592
vt 0.7609397 0.2114447
vt 0.8025614 0.1782352
vt 0.7243165 0.2066303
vt 0.7659382 0.1734208
vt 0.7892485 0.137804
vt 0.729315 0.1686063
vt 0.7160019 0.1281752
vt 0.7526252 0.1329896
vt 0.3384869 0.4609263
vt 0.3968563 0.4332519
vt 0.3236099 0.4236231
vt 0.328093 0.3866301
vt 0.2548465 0.3770013
vt 0.2621813 0.3212054
vt 0.2503634 0.4139942
vt 0.2652405 0.4512975
vt 0.2137403 0.4091798
vt 0.2286173 0.4464831
vt 0.2182233 0.3721868
vt 0.1771171 0.4043654
vt 0.191994 0.4416686
vt 0.1816001 0.3673724
vt 0.1889349 0.3115766
vt 0.2255581 0.3163911
vt 0.231797 0.2689325
vt 0.1951738 0.264118
vt 0.2432161 0.1820669
vt 0.2065929 0.1772524
vt 0.2482147 0.1440429
vt 0.2115915 0.1392285
vt 0.2532132 0.1060189
vt 0.21659 0.1012045
vt 0.2399001 0.06558774
vt 0.2898364 0.1108333
vt 0.2765234 0.07040217
vt 0.2848378 0.1488573
vt 0.2798393 0.1868813
vt 0.2684201 0.2737469
vt 0.3530858 0.1965101
vt 0.3580843 0.1584862
vt 0.3416665 0.2833757
vt 0.3630829 0.1204622
vt 0.3497698 0.080031
vt 0.4263322 0.206139
vt 0.3354278 0.3308342
vt 0.4313308 0.168115
vt 0.414913 0.2930045
vt 0.4013394 0.3962589
vt 0.4086742 0.3404631
vt 0.4379626 0.4010733
vt 0.4363293 0.130091
vt 0.4230162 0.08965983
vt 0.4729525 0.1349054
vt 0.4596395 0.09447426
vt 0.467954 0.1729294
vt 0.4629554 0.2109534
vt 0.4515362 0.297819
vt 0.5095757 0.1397199
vt 0.4962627 0.09928868
vt 0.5045772 0.1777438
vt 0.4452974 0.3452775
vt 0.4801168 0.3527661
vt 0.4869433 0.3020798
vt 0.4995786 0.2157678
vt 0.5461989 0.1445343
vt 0.5328859 0.1041031
vt 0.5412003 0.1825583
vt 0.5145156 0.3039132
vt 0.5828221 0.1493487
vt 0.5695091 0.1089175
vt 0.5362018 0.2205822
vt 0.5778236 0.1873727
vt 0.6560686 0.1589775
vt 0.6427556 0.1185463
vt 0.504906 0.3703858
vt 0.5443337 0.3080146
vt 0.5728223 0.2253966
vt 0.6460714 0.2350255
vt 0.65107 0.1970015
vt 0.4745858 0.4058878
vt 0.4334796 0.4380663
vt 0.4117334 0.4705552
vt 0.4701028 0.4428807
vt 0.4483566 0.4753696
vt 0.5059544 0.4165006
vt 0.5332991 0.3845062
vt 0.506726 0.4476951
vt 0.4849799 0.480184
vt 0.5400329 0.4243639
vt 0.6341966 0.320137
vt 0.6253919 0.3877538
vt 0.5432742 0.4526019
vt 0.521603 0.4849984
vt 0.7107648 0.329212
vt 0.6253805 0.4325975
vt 0.7193179 0.2446543
vt 0.620142 0.4632959
vt 0.5582263 0.4898128
vt 0.696795 0.4756382
vt 0.6318936 0.4997222
vt 0.706115 0.4388097
vt 0.7103177 0.3738322
vt 0.7459442 0.3348531
vt 0.7433288 0.3795103
vt 0.7381272 0.4423096
vt 0.7305006 0.4788637
vt 0.7050412 0.5092629
vt 0.768344 0.4448664
vt 0.7630967 0.4814015
vt 0.7413424 0.5138848
vt 0.775207 0.3874069
vt 0.7811452 0.3411487
vt 0.7559412 0.2494687
vt 0.7925643 0.2542831
vt 0.7975628 0.2162592
vt 0.7609397 0.2114447
vt 0.8025614 0.1782352
vt 0.7243165 0.2066303
vt 0.7659382 0.1734208
vt 0.7892485 0.137804
vt 0.729315 0.1686063
vt 0.7160019 0.1281752
vt 0.7526252 0.1329896
vt 0.265341 0.8245305
vt 0.358983 0.7682783
vt 0.2382831 0.8122021
vt 0.2424378 0.709148
vt 0.1178157 0.709148
vt 0.1178157 0.6015368
vt 0.113661 0.8122021
vt 0.1407188 0.8245305
vt 0.05094505 0.783403
vt 0.07840776 0.8208362
vt 0.05527924 0.7073373
vt -0.01554605 0.8323624
vt 0.01436853 0.8321292
vt -0.009588656 0.7039667
vt -0.006806374 0.6015368
vt 0.05550462 0.6015369
vt 0.05550462 0.5111142
vt -0.006806374 0.5111142
vt 0.05550462 0.3456094
vt -0.006806374 0.3456094
vt 0.05550462 0.2643798
vt -0.006806374 0.2643797
vt 0.05550462 0.1125123
vt -0.006806374 0.1125122
vt 0.02434906 0.06573494
vt 0.1178157 0.1125123
vt 0.08666018 0.06573494
vt 0.1178157 0.2643798
vt 0.1178157 0.3456094
vt 0.1178157 0.5111142
vt 0.2424378 0.3456094
vt 0.2424378 0.2643798
vt 0.2424378 0.5111142
vt 0.2424378 0.1125123
vt 0.2112822 0.06573494
vt 0.3670599 0.3456094
vt 0.2424378 0.6015368
vt 0.3670599 0.2643798
vt 0.3670599 0.5111142
vt 0.3653668 0.7054146
vt 0.3670599 0.6015369
vt 0.4237452 0.698057
vt 0.3670599 0.1125123
vt 0.3359044 0.06573494
vt 0.429371 0.1125123
vt 0.3982154 0.06573494
vt 0.429371 0.2643798
vt 0.429371 0.3456094
vt 0.4293709 0.5111142
vt 0.4916821 0.1125123
vt 0.4605266 0.06573494
vt 0.4916821 0.2643798
vt 0.429371 0.6015368
vt 0.4916821 0.6015368
vt 0.4916821 0.5111142
vt 0.4916821 0.3456094
vt 0.5539932 0.1125123
vt 0.5228376 0.06573494
vt 0.5539932 0.2643798
vt 0.5539932 0.5111142
vt 0.6163043 0.1125123
vt 0.5851487 0.06573494
vt 0.5539932 0.3456094
vt 0.6163043 0.2643798
vt 0.7409264 0.1125124
vt 0.7097708 0.06573494
vt 0.5539932 0.6015369
vt 0.6163043 0.5111142
vt 0.6163043 0.3456094
vt 0.7409264 0.3456094
vt 0.7409263 0.2643799
vt 0.4907653 0.6986128
vt 0.4130363 0.7410285
vt 0.3863703 0.8036424
vt 0.4851163 0.7292858
vt 0.4448997 0.7788906
vt 0.5551974 0.7019249
vt 0.6163043 0.6015368
vt 0.5526896 0.7477424
vt 0.5156517 0.7825856
vt 0.6165033 0.7069488
vt 0.7409264 0.5111142
vt 0.7409264 0.6015368
vt 0.6130988 0.7707552
vt 0.578032 0.8055403
vt 0.8655484 0.5111142
vt 0.7338758 0.7159017
vt 0.8655484 0.3456094
vt 0.7103498 0.8188789
vt 0.6392074 0.8106512
vt 0.8577105 0.7253823
vt 0.7477954 0.830155
vt 0.8632825 0.6730178
vt 0.8655484 0.6015368
vt 0.9278595 0.5111142
vt 0.9278595 0.6015369
vt 0.9217066 0.6857445
vt 0.9158449 0.7773428
vt 0.8850413 0.7746937
vt 0.9851753 0.6949295
vt 0.9792203 0.795224
vt 0.9464026 0.7864971
vt 0.9901706 0.601537
vt 0.9901706 0.5111142
vt 0.9278595 0.3456094
vt 0.9901706 0.3456094
vt 0.9901706 0.2643798
vt 0.9278595 0.2643797
vt 0.9901706 0.1125123
vt 0.8655484 0.2643797
vt 0.9278595 0.1125123
vt 0.959015 0.06573494
vt 0.8655484 0.1125123
vt 0.8343929 0.06573494
vt 0.896704 0.06573494
vt 0.265341 0.8245305
vt 0.358983 0.7682783
vt 0.2382831 0.8122021
vt 0.2424378 0.709148
vt 0.1178157 0.709148
vt 0.1178157 0.6015368
vt 0.113661 0.8122021
vt 0.1407188 0.8245305
vt 0.05094505 0.783403
vt 0.07840776 0.8208362
vt 0.05527924 0.7073373
vt -0.01554605 0.8323624
vt 0.01436853 0.8321292
vt -0.009588656 0.7039667
vt -0.006806374 0.6015368
vt 0.05550462 0.6015369
vt 0.05550462 0.5111142
vt -0.006806374 0.5111142
vt 0.05550462 0.3456094
vt -0.006806374 0.3456094
vt 0.05550462 0.2643798
vt -0.006806374 0.2643797
vt 0.05550462 0.1125123
vt -0.006806374 0.1125122
vt 0.02434906 0.06573494
vt 0.1178157 0.1125123
vt 0.08666018 0.06573494
vt 0.1178157 0.2643798
vt 0.1178157 0.3456094
vt 0.1178157 0.5111142
vt 0.2424378 0.3456094
vt 0.2424378 0.2643798
vt 0.2424378 0.5111142
vt 0.2424378 0.1125123
vt 0.2112822 0.06573494
vt 0.3670599 0.3456094
vt 0.2424378 0.6015368
vt 0.3670599 0.2643798
vt 0.3670599 0.5111142
vt 0.3653668 0.7054146
vt 0.3670599 0.6015369
vt 0.4237452 0.698057
vt 0.3670599 0.1125123
vt 0.3359044 0.06573494
vt 0.429371 0.1125123
vt 0.3982154 0.06573494
vt 0.429371 0.2643798
vt 0.429371 0.3456094
vt 0.4293709 0.5111142
vt 0.4916821 0.1125123
vt 0.4605266 0.06573494
vt 0.4916821 0.2643798
vt 0.429371 0.6015368
vt 0.4916821 0.6015368
vt 0.4916821 0.5111142
vt 0.4916821 0.3456094
vt 0.5539932 0.1125123
vt 0.5228376 0.06573494
vt 0.5539932 0.2643798
vt 0.5539932 0.5111142
vt 0.6163043 0.1125123
vt 0.5851487 0.06573494
vt 0.5539932 0.3456094
vt 0.6163043 0.2643798
vt 0.7409264 0.1125124
vt 0.7097708 0.06573494
vt 0.5539932 0.6015369
vt 0.6163043 0.5111142
vt 0.6163043 0.3456094
vt 0.7409264 0.3456094
vt 0.7409263 0.2643799
vt 0.4907653 0.6986128
vt 0.4130363 0.7410285
vt 0.3863703 0.8036424
vt 0.4851163 0.7292858
vt 0.4448997 0.7788906
vt 0.5551974 0.7019249
vt 0.6163043 0.6015368
vt 0.5526896 0.7477424
vt 0.5156517 0.7825856
vt 0.6165033 0.7069488
vt 0.7409264 0.5111142
vt 0.7409264 0.6015368
vt 0.6130988 0.7707552
vt 0.578032 0.8055403
vt 0.8655484 0.5111142
vt 0.7338758 0.7159017
vt 0.8655484 0.3456094
vt 0.7103498 0.8188789
vt 0.6392074 0.8106512
vt 0.8577105 0.7253823
vt 0.7477954 0.830155
vt 0.8632825 0.6730178
vt 0.8655484 0.6015368
vt 0.9278595 0.5111142
vt 0.9278595 0.6015369
vt 0.9217066 0.6857445
vt 0.9158449 0.7773428
vt 0.8850413 0.7746937
vt 0.9851753 0.6949295
vt 0.9792203 0.795224
vt 0.9464026 0.7864971
vt 0.9901706 0.601537
vt 0.9901706 0.5111142
vt 0.9278595 0.3456094
vt 0.9901706 0.3456094
vt 0.9901706 0.2643798
vt 0.9278595 0.2643797
vt 0.9901706 0.1125123
vt 0.8655484 0.2643797
vt 0.9278595 0.1125123
vt 0.959015 0.06573494
vt 0.8655484 0.1125123
vt 0.8343929 0.06573494
vt 0.896704 0.06573494
vt 0.3384869 0.4609263
vt 0.3968563 0.4332519
vt 0.3236099 0.4236231
vt 0.328093 0.3866301
vt 0.2548465 0.3770013
vt 0.2621813 0.3212054
vt 0.2503634 0.4139942
vt 0.2652405 0.4512975
vt 0.2137403 0.4091798
vt 0.2286173 0.4464831
vt 0.2182233 0.3721868
vt 0.1771171 0.4043654
vt 0.191994 0.4416686
vt 0.1816001 0.3673724
vt 0.1889349 0.3115766
vt 0.2255581 0.3163911
vt 0.231797 0.2689325
vt 0.1951738 0.264118
vt 0.2432161 0.1820669
vt 0.2065929 0.1772524
vt 0.2482147 0.1440429
vt 0.2115915 0.1392285
vt 0.2532132 0.1060189
vt 0.21659 0.1012045
vt 0.2399001 0.06558774
vt 0.2898364 0.1108333
vt 0.2765234 0.07040217
vt 0.2848378 0.1488573
vt 0.2798393 0.1868813
vt 0.2684201 0.2737469
vt 0.3530858 0.1965101
vt 0.3580843 0.1584862
vt 0.3416665 0.2833757
vt 0.3630829 0.1204622
vt 0.3497698 0.080031
vt 0.4263322 0.206139
vt 0.3354278 0.3308342
vt 0.4313308 0.168115
vt 0.414913 0.2930045
vt 0.4013394 0.3962589
vt 0.4086742 0.3404631
vt 0.4379626 0.4010733
vt 0.4363293 0.130091
vt 0.4230162 0.08965983
vt 0.4729525 0.1349054
vt 0.4596395 0.09447426
vt 0.467954 0.1729294
vt 0.4629554 0.2109534
vt 0.4515362 0.297819
vt 0.5095757 0.1397199
vt 0.4962627 0.09928868
vt 0.5045772 0.1777438
vt 0.4452974 0.3452775
vt 0.4801168 0.3527661
vt 0.4869433 0.3020798
vt 0.4995786 0.2157678
vt 0.5461989 0.1445343
vt 0.5328859 0.1041031
vt 0.5412003 0.1825583
vt 0.5145156 0.3039132
vt 0.5828221 0.1493487
vt 0.5695091 0.1089175
vt 0.5362018 0.2205822
vt 0.5778236 0.1873727
vt 0.6560686 0.1589775
vt 0.6427556 0.1185463
vt 0.504906 0.3703858
vt 0.5443337 0.3080146
vt 0.5728223 0.2253966
vt 0.6460714 0.2350255
vt 0.65107 0.1970015
vt 0.4745858 0.4058878
vt 0.4334796 0.4380663
vt 0.4117334 0.4705552
vt 0.4701028 0.4428807
vt 0.4483566 0.4753696
vt 0.5059544 0.4165006
vt 0.5332991 0.3845062
vt 0.506726 0.4476951
vt 0.4849799 0.480184
vt 0.5400329 0.4243639
vt 0.6341966 0.320137
vt 0.6253919 0.3877538
vt 0.5432742 0.4526019
vt 0.521603 0.4849984
vt 0.7107648 0.329212
vt 0.6253805 0.4325975
vt 0.7193179 0.2446543
vt 0.620142 0.4632959
vt 0.5582263 0.4898128
vt 0.696795 0.4756382
vt 0.6318936 0.4997222
vt 0.706115 0.4388097
vt 0.7103177 0.3738322
vt 0.7459442 0.3348531
vt 0.7433288 0.3795103
vt 0.7381272 0.4423096
vt 0.7305006 0.4788637
vt 0.7050412 0.5092629
vt 0.768344 0.4448664
vt 0.7630967 0.4814015
vt 0.7413424 0.5138848
vt 0.775207 0.3874069
vt 0.7811452 0.3411487
vt 0.7559412 0.2494687
vt 0.7925643 0.2542831
vt 0.7975628 0.2162592
vt 0.7609397 0.2114447
vt 0.8025614 0.1782352
vt 0.7243165 0.2066303
vt 0.7659382 0.1734208
vt 0.7892485 0.137804
vt 0.729315 0.1686063
vt 0.7160019 0.1281752
vt 0.7526252 0.1329896
vt 0.265341 0.8245305
vt 0.358983 0.7682783
vt 0.2382831 0.8122021
vt 0.2424378 0.709148
vt 0.1178157 0.709148
vt 0.1178157 0.6015368
vt 0.113661 0.8122021
vt 0.1407188 0.8245305
vt 0.05094505 0.783403
vt 0.07840776 0.8208362
vt 0.05527924 0.7073373
vt -0.01554605 0.8323624
vt 0.01436853 0.8321292
vt -0.009588656 0.7039667
vt -0.006806374 0.6015368
vt 0.05550462 0.6015369
vt 0.05550462 0.5111142
vt -0.006806374 0.5111142
vt 0.05550462 0.3456094
vt -0.006806374 0.3456094
vt 0.05550462 0.2643798
vt -0.006806374 0.2643797
vt 0.05550462 0.1125123
vt -0.006806374 0.1125122
vt 0.02434906 0.06573494
vt 0.1178157 0.1125123
vt 0.08666018 0.06573494
vt 0.1178157 0.2643798
vt 0.1178157 0.3456094
vt 0.1178157 0.5111142
vt 0.2424378 0.3456094
vt 0.2424378 0.2643798
vt 0.2424378 0.5111142
vt 0.2424378 0.1125123
vt 0.2112822 0.06573494
vt 0.3670599 0.3456094
vt 0.2424378 0.6015368
vt 0.3670599 0.2643798
vt 0.3670599 0.5111142
vt 0.3653668 0.7054146
vt 0.3670599 0.6015369
vt 0.4237452 0.698057
vt 0.3670599 0.1125123
vt 0.3359044 0.06573494
vt 0.429371 0.1125123
vt 0.3982154 0.06573494
vt 0.429371 0.2643798
vt 0.429371 0.3456094
vt 0.4293709 0.5111142
vt 0.4916821 0.1125123
vt 0.4605266 0.06573494
vt 0.4916821 0.2643798
vt 0.429371 0.6015368
vt 0.4916821 0.6015368
vt 0.4916821 0.5111142
vt 0.4916821 0.3456094
vt 0.5539932 0.1125123
vt 0.5228376 0.06573494
vt 0.5539932 0.2643798
vt 0.5539932 0.5111142
vt 0.6163043 0.1125123
vt 0.5851487 0.06573494
vt 0.5539932 0.3456094
vt 0.6163043 0.2643798
vt 0.7409264 0.1125124
vt 0.7097708 0.06573494
vt 0.5539932 0.6015369
vt 0.6163043 0.5111142
vt 0.6163043 0.3456094
vt 0.7409264 0.3456094
vt 0.7409263 0.2643799
vt 0.4907653 0.6986128
vt 0.4130363 0.7410285
vt 0.3863703 0.8036424
vt 0.4851163 0.7292858
vt 0.4448997 0.7788906
vt 0.5551974 0.7019249
vt 0.6163043 0.6015368
vt 0.5526896 0.7477424
vt 0.5156517 0.7825856
vt 0.6165033 0.7069488
vt 0.7409264 0.5111142
vt 0.7409264 0.6015368
vt 0.6130988 0.7707552
vt 0.578032 0.8055403
vt 0.8655484 0.5111142
vt 0.7338758 0.7159017
vt 0.8655484 0.3456094
vt 0.7103498 0.8188789
vt 0.6392074 0.8106512
vt 0.8577105 0.7253823
vt 0.7477954 0.830155
vt 0.8632825 0.6730178
vt 0.8655484 0.6015368
vt 0.9278595 0.5111142
vt 0.9278595 0.6015369
vt 0.9217066 0.6857445
vt 0.9158449 0.7773428
vt 0.8850413 0.7746937
vt 0.9851753 0.6949295
vt 0.9792203 0.795224
vt 0.9464026 0.7864971
vt 0.9901706 0.601537
vt 0.9901706 0.5111142
vt 0.9278595 0.3456094
vt 0.9901706 0.3456094
vt 0.9901706 0.2643798
vt 0.9278595 0.2643797
vt 0.9901706 0.1125123
vt 0.8655484 0.2643797
vt 0.9278595 0.1125123
vt 0.959015 0.06573494
vt 0.8655484 0.1125123
vt 0.8343929 0.06573494
vt 0.896704 0.06573494
vt 0.265341 0.8245305
vt 0.358983 0.7682783
vt 0.2382831 0.8122021
vt 0.2424378 0.709148
vt 0.1178157 0.709148
vt 0.1178157 0.6015368
vt 0.113661 0.8122021
vt 0.1407188 0.8245305
vt 0.05094505 0.783403
vt 0.07840776 0.8208362
vt 0.05527924 0.7073373
vt -0.01554605 0.8323624
vt 0.01436853 0.8321292
vt -0.009588656 0.7039667
vt -0.006806374 0.6015368
vt 0.05550462 0.6015369
vt 0.05550462 0.5111142
vt -0.006806374 0.5111142
vt 0.05550462 0.3456094
vt -0.006806374 0.3456094
vt 0.05550462 0.2643798
vt -0.006806374 0.2643797
vt 0.05550462 0.1125123
vt -0.006806374 0.1125122
vt 0.02434906 0.06573494
vt 0.1178157 0.1125123
vt 0.08666018 0.06573494
vt 0.1178157 0.2643798
vt 0.1178157 0.3456094
vt 0.1178157 0.5111142
vt 0.2424378 0.3456094
vt 0.2424378 0.2643798
vt 0.2424378 0.5111142
vt 0.2424378 0.1125123
vt 0.2112822 0.06573494
vt 0.3670599 0.3456094
vt 0.2424378 0.6015368
vt 0.3670599 0.2643798
vt 0.3670599 0.5111142
vt 0.3653668 0.7054146
vt 0.3670599 0.6015369
vt 0.4237452 0.698057
vt 0.3670599 0.1125123
vt 0.3359044 0.06573494
vt 0.429371 0.1125123
vt 0.3982154 0.06573494
vt 0.429371 0.2643798
vt 0.429371 0.3456094
vt 0.4293709 0.5111142
vt 0.4916821 0.1125123
vt 0.4605266 0.06573494
vt 0.4916821 0.2643798
vt 0.429371 0.6015368
vt 0.4916821 0.6015368
vt 0.4916821 0.5111142
vt 0.4916821 0.3456094
vt 0.5539932 0.1125123
vt 0.5228376 0.06573494
vt 0.5539932 0.2643798
vt 0.5539932 0.5111142
vt 0.6163043 0.1125123
vt 0.5851487 0.06573494
vt 0.5539932 0.3456094
vt 0.6163043 0.2643798
vt 0.7409264 0.1125124
vt 0.7097708 0.06573494
vt 0.5539932 0.6015369
vt 0.6163043 0.5111142
vt 0.6163043 0.3456094
vt 0.7409264 0.3456094
vt 0.7409263 0.2643799
vt 0.4907653 0.6986128
vt 0.4130363 0.7410285
vt 0.3863703 0.8036424
vt 0.4851163 0.7292858
vt 0.4448997 0.7788906
vt 0.5551974 0.7019249
vt 0.6163043 0.6015368
vt 0.5526896 0.7477424
vt 0.5156517 0.7825856
vt 0.6165033 0.7069488
vt 0.7409264 0.5111142
vt 0.7409264 0.6015368
vt 0.6130988 0.7707552
vt 0.578032 0.8055403
vt 0.8655484 0.5111142
vt 0.7338758 0.7159017
vt 0.8655484 0.3456094
vt 0.7103498 0.8188789
vt 0.6392074 0.8106512
vt 0.8577105 0.7253823
vt 0.7477954 0.830155
vt 0.8632825 0.6730178
vt 0.8655484 0.6015368
vt 0.9278595 0.5111142
vt 0.9278595 0.6015369
vt 0.9217066 0.6857445
vt 0.9158449 0.7773428
vt 0.8850413 0.7746937
vt 0.9851753 0.6949295
vt 0.9792203 0.795224
vt 0.9464026 0.7864971
vt 0.9901706 0.601537
vt 0.9901706 0.5111142
vt 0.9278595 0.3456094
vt 0.9901706 0.3456094
vt 0.9901706 0.2643798
vt 0.9278595 0.2643797
vt 0.9901706 0.1125123
vt 0.8655484 0.2643797
vt 0.9278595 0.1125123
vt 0.959015 0.06573494
vt 0.8655484 0.1125123
vt 0.8343929 0.06573494
vt 0.896704 0.06573494
vt 0.3953846 0.01270331
vt 0.3901932 0.01270331
vt 0.3927889 0.01420192
vt 0.3927889 0.01719915
vt 0.3953846 0.01270331
vt 0.3901932 0.01270331
vt 0.3927889 0.01420192
vt 0.3927889 0.01719915
vt 0.3953846 0.01270331
vt 0.3901932 0.01270331
vt 0.3927889 0.01420192
vt 0.3927889 0.01719915
vt 0.3953846 0.01270331
vt 0.3901932 0.01270331
vt 0.3927889 0.01420192
vt 0.3927889 0.01719915
vt 0.3953846 0.01270331
vt 0.3901932 0.01270331
vt 0.3927889 0.01420192
vt 0.3927889 0.01719915
vt 0.3953846 0.01270331
vt 0.3901932 0.01270331
vt 0.3927889 0.01420192
vt 0.3927889 0.01719915
vt 0.3953846 0.01270331
vt 0.3901932 0.01270331
vt 0.3927889 0.01420192
vt 0.3927889 0.01719915
vt 0.3953846 0.01270331
vt 0.3901932 0.01270331
vt 0.3927889 0.01420192
vt 0.3927889 0.01719915
vt 0.3953846 0.01270331
vt 0.3901932 0.01270331
vt 0.3927889 0.01420192
vt 0.3927889 0.01719915
vt 0.3953846 0.01270331
vt 0.3901932 0.01270331
vt 0.3927889 0.01420192
vt 0.3927889 0.01719915
vt 0.3953846 0.01270331
vt 0.3901932 0.01270331
vt 0.3927889 0.01420192
vt 0.3927889 0.01719915
vt 0.3953846 0.01270331
vt 0.3901932 0.01270331
vt 0.3927889 0.01420192
vt 0.3927889 0.01719915
vt 0.3953846 0.01270331
vt 0.3901932 0.01270331
vt 0.3927889 0.01420192
vt 0.3927889 0.01719915
vt 0.3953846 0.01270331
vt 0.3901932 0.01270331
vt 0.3927889 0.01420192
vt 0.3927889 0.01719915
vt 0.3953846 0.01270331
vt 0.3901932 0.01270331
vt 0.3927889 0.01420192
vt 0.3927889 0.01719915
vt 0.3953846 0.01270331
vt 0.3901932 0.01270331
vt 0.3927889 0.01420192
vt 0.3927889 0.01719915
vt 0.3953846 0.01270331
vt 0.3901932 0.01270331
vt 0.3927889 0.01420192
vt 0.3927889 0.01719915
vt 0.3953846 0.01270331
vt 0.3901932 0.01270331
vt 0.3927889 0.01420192
vt 0.3927889 0.01719915
vt 0.3953846 0.01270331
vt 0.3901932 0.01270331
vt 0.3927889 0.01420192
vt 0.3927889 0.01719915
vt 0.3953846 0.01270331
vt 0.3901932 0.01270331
vt 0.3927889 0.01420192
vt 0.3927889 0.01719915
vt 0.3953846 0.01270331
vt 0.3901932 0.01270331
vt 0.3927889 0.01420192
vt 0.3927889 0.01719915
vt 0.3953846 0.01270331
vt 0.3901932 0.01270331
vt 0.3927889 0.01420192
vt 0.3927889 0.01719915
vt 0.3953846 0.01270331
vt 0.3901932 0.01270331
vt 0.3927889 0.01420192
vt 0.3927889 0.01719915
vt 0.3953846 0.01270331
vt 0.3901932 0.01270331
vt 0.3927889 0.01420192
vt 0.3927889 0.01719915
vt 0.3953846 0.01270331
vt 0.3901932 0.01270331
vt 0.3927889 0.01420192
vt 0.3927889 0.01719915
vt 0.3953846 0.01270331
vt 0.3901932 0.01270331
vt 0.3927889 0.01420192
vt 0.3927889 0.01719915
vt 0.3953846 0.01270331
vt 0.3901932 0.01270331
vt 0.3927889 0.01420192
vt 0.3927889 0.01719915
vt 0.3953846 0.01270331
vt 0.3901932 0.01270331
vt 0.3927889 0.01420192
vt 0.3927889 0.01719915
vt 0.3953846 0.01270331
vt 0.3901932 0.01270331
vt 0.3927889 0.01420192
vt 0.3927889 0.01719915
vt 0.3953846 0.01270331
vt 0.3901932 0.01270331
vt 0.3927889 0.01420192
vt 0.3927889 0.01719915
vt 0.3953846 0.01270331
vt 0.3901932 0.01270331
vt 0.3927889 0.01420192
vt 0.3927889 0.01719915
vt 0.3953846 0.01270331
vt 0.3901932 0.01270331
vt 0.3927889 0.01420192
vt 0.3927889 0.01719915
vt 0.3953846 0.01270331
vt 0.3901932 0.01270331
vt 0.3927889 0.01420192
vt 0.3927889 0.01719915
vt 0.3953846 0.01270331
vt 0.3901932 0.01270331
vt 0.3927889 0.01420192
vt 0.3927889 0.01719915
vt 0.3953846 0.01270331
vt 0.3901932 0.01270331
vt 0.3927889 0.01420192
vt 0.3927889 0.01719915
vt 0.3953846 0.01270331
vt 0.3901932 0.01270331
vt 0.3927889 0.01420192
vt 0.3927889 0.01719915
vt 0.3953846 0.01270331
vt 0.3901932 0.01270331
vt 0.3927889 0.01420192
vt 0.3927889 0.01719915
vt 0.3953846 0.01270331
vt 0.3901932 0.01270331
vt 0.3927889 0.01420192
vt 0.3927889 0.01719915
vt 0.3953846 0.01270331
vt 0.3901932 0.01270331
vt 0.3927889 0.01420192
vt 0.3927889 0.01719915
vt 0.3953846 0.01270331
vt 0.3901932 0.01270331
vt 0.3927889 0.01420192
vt 0.3927889 0.01719915
vt 0.3953846 0.01270331
vt 0.3901932 0.01270331
vt 0.3927889 0.01420192
vt 0.3927889 0.01719915
vt 0.3953846 0.01270331
vt 0.3901932 0.01270331
vt 0.3927889 0.01420192
vt 0.3927889 0.01719915
vt 0.3953846 0.01270331
vt 0.3901932 0.01270331
vt 0.3927889 0.01420192
vt 0.3927889 0.01719915
vt 0.3953846 0.01270331
vt 0.3901932 0.01270331
vt 0.3927889 0.01420192
vt 0.3927889 0.01719915
vt 0.3953846 0.01270331
vt 0.3901932 0.01270331
vt 0.3927889 0.01420192
vt 0.3927889 0.01719915
vt 0.3953846 0.01270331
vt 0.3901932 0.01270331
vt 0.3927889 0.01420192
vt 0.3927889 0.01719915
vt 0.3953846 0.01270331
vt 0.3901932 0.01270331
vt 0.3927889 0.01420192
vt 0.3927889 0.01719915
vt 0.3953846 0.01270331
vt 0.3901932 0.01270331
vt 0.3927889 0.01420192
vt 0.3927889 0.01719915
vt 0.3953846 0.01270331
vt 0.3901932 0.01270331
vt 0.3927889 0.01420192
vt 0.3927889 0.01719915
vt 0.3953846 0.01270331
vt 0.3901932 0.01270331
vt 0.3927889 0.01420192
vt 0.3927889 0.01719915
vt 0.3953846 0.01270331
vt 0.3901932 0.01270331
vt 0.3927889 0.01420192
vt 0.3927889 0.01719915
vt 0.3953846 0.01270331
vt 0.3901932 0.01270331
vt 0.3927889 0.01420192
vt 0.3927889 0.01719915
vt 0.3953846 0.01270331
vt 0.3901932 0.01270331
vt 0.3927889 0.01420192
vt 0.3927889 0.01719915
vt 0.3953846 0.01270331
vt 0.3901932 0.01270331
vt 0.3927889 0.01420192
vt 0.3927889 0.01719915
vt 0.3953846 0.01270331
vt 0.3901932 0.01270331
vt 0.3927889 0.01420192
vt 0.3927889 0.01719915
vt 0.3953846 0.01270331
vt 0.3901932 0.01270331
vt 0.3927889 0.01420192
vt 0.3927889 0.01719915
vt 0.3953846 0.01270331
vt 0.3901932 0.01270331
vt 0.3927889 0.01420192
vt 0.3927889 0.01719915
vt 0.3953846 0.01270331
vt 0.3901932 0.01270331
vt 0.3927889 0.01420192
vt 0.3927889 0.01719915
vt 0.3953846 0.01270331
vt 0.3901932 0.01270331
vt 0.3927889 0.01420192
vt 0.3927889 0.01719915
vt 0.3953846 0.01270331
vt 0.3901932 0.01270331
vt 0.3927889 0.01420192
vt 0.3927889 0.01719915
vt 0.3953846 0.01270331
vt 0.3901932 0.01270331
vt 0.3927889 0.01420192
vt 0.3927889 0.01719915
vt 0.3953846 0.01270331
vt 0.3901932 0.01270331
vt 0.3927889 0.01420192
vt 0.3927889 0.01719915
vt 0.3953846 0.01270331
vt 0.3901932 0.01270331
vt 0.3927889 0.01420192
vt 0.3927889 0.01719915
vt 0.3953846 0.01270331
vt 0.3901932 0.01270331
vt 0.3927889 0.01420192
vt 0.3927889 0.01719915
vt 0.3953846 0.01270331
vt 0.3901932 0.01270331
vt 0.3927889 0.01420192
vt 0.3927889 0.01719915
vt 0.3953846 0.01270331
vt 0.3901932 0.01270331
vt 0.3927889 0.01420192
vt 0.3927889 0.01719915
vt 0.3953846 0.01270331
vt 0.3901932 0.01270331
vt 0.3927889 0.01420192
vt 0.3927889 0.01719915
vt 0.3953846 0.01270331
vt 0.3901932 0.01270331
vt 0.3927889 0.01420192
vt 0.3927889 0.01719915
vt 0.3953846 0.01270331
vt 0.3901932 0.01270331
vt 0.3927889 0.01420192
vt 0.3927889 0.01719915
vt 0.3953846 0.01270331
vt 0.3901932 0.01270331
vt 0.3927889 0.01420192
vt 0.3927889 0.01719915
vt 0.3953846 0.01270331
vt 0.3901932 0.01270331
vt 0.3927889 0.01420192
vt 0.3927889 0.01719915
vt 0.3953846 0.01270331
vt 0.3901932 0.01270331
vt 0.3927889 0.01420192
vt 0.3927889 0.01719915
vt 0.3953846 0.01270331
vt 0.3901932 0.01270331
vt 0.3927889 0.01420192
vt 0.3927889 0.01719915
vt 0.3953846 0.01270331
vt 0.3901932 0.01270331
vt 0.3927889 0.01420192
vt 0.3927889 0.01719915
vt 0.3953846 0.01270331
vt 0.3901932 0.01270331
vt 0.3927889 0.01420192
vt 0.3927889 0.01719915
vt 0.3953846 0.01270331
vt 0.3901932 0.01270331
vt 0.3927889 0.01420192
vt 0.3927889 0.01719915
vt 0.3953846 0.01270331
vt 0.3901932 0.01270331
vt 0.3927889 0.01420192
vt 0.3927889 0.01719915
vt 0.3953846 0.01270331
vt 0.3901932 0.01270331
vt 0.3927889 0.01420192
vt 0.3927889 0.01719915
vt 0.3953846 0.01270331
vt 0.3901932 0.01270331
vt 0.3927889 0.01420192
vt 0.3927889 0.01719915
vt 0.3953846 0.01270331
vt 0.3901932 0.01270331
vt 0.3927889 0.01420192
vt 0.3927889 0.01719915
vt 0.3953846 0.01270331
vt 0.3901932 0.01270331
vt 0.3927889 0.01420192
vt 0.3927889 0.01719915
vt 0.3953846 0.01270331
vt 0.3901932 0.01270331
vt 0.3927889 0.01420192
vt 0.3927889 0.01719915
vt 0.3953846 0.01270331
vt 0.3901932 0.01270331
vt 0.3927889 0.01420192
vt 0.3927889 0.01719915
vt 0.3953846 0.01270331
vt 0.3901932 0.01270331
vt 0.3927889 0.01420192
vt 0.3927889 0.01719915
vt 0.3953846 0.01270331
vt 0.3901932 0.01270331
vt 0.3927889 0.01420192
vt 0.3927889 0.01719915
vt 0.3953846 0.01270331
vt 0.3901932 0.01270331
vt 0.3927889 0.01420192
vt 0.3927889 0.01719915
vt 0.3953846 0.01270331
vt 0.3901932 0.01270331
vt 0.3927889 0.01420192
vt 0.3927889 0.01719915
vt 0.3953846 0.01270331
vt 0.3901932 0.01270331
vt 0.3927889 0.01420192
vt 0.3927889 0.01719915
vt 0.3953846 0.01270331
vt 0.3901932 0.01270331
vt 0.3927889 0.01420192
vt 0.3927889 0.01719915
vt 0.3953846 0.01270331
vt 0.3901932 0.01270331
vt 0.3927889 0.01420192
vt 0.3927889 0.01719915
vt 0.3953846 0.01270331
vt 0.3901932 0.01270331
vt 0.3927889 0.01420192
vt 0.3927889 0.01719915
vt 0.3953846 0.01270331
vt 0.3901932 0.01270331
vt 0.3927889 0.01420192
vt 0.3927889 0.01719915
vt 0.3953846 0.01270331
vt 0.3901932 0.01270331
vt 0.3927889 0.01420192
vt 0.3927889 0.01719915
vt 0.3953846 0.01270331
vt 0.3901932 0.01270331
vt 0.3927889 0.01420192
vt 0.3927889 0.01719915
vt 0.3953846 0.01270331
vt 0.3901932 0.01270331
vt 0.3927889 0.01420192
vt 0.3927889 0.01719915
vt 0.3953846 0.01270331
vt 0.3901932 0.01270331
vt 0.3927889 0.01420192
vt 0.3927889 0.01719915
vt 0.3953846 0.01270331
vt 0.3901932 0.01270331
vt 0.3927889 0.01420192
vt 0.3927889 0.01719915
vt 0.3953846 0.01270331
vt 0.3901932 0.01270331
vt 0.3927889 0.01420192
vt 0.3927889 0.01719915
vt 0.3953846 0.01270331
vt 0.3901932 0.01270331
vt 0.3927889 0.01420192
vt 0.3927889 0.01719915
vt 0.3953846 0.01270331
vt 0.3901932 0.01270331
vt 0.3927889 0.01420192
vt 0.3927889 0.01719915
vt 0.3953846 0.01270331
vt 0.3901932 0.01270331
vt 0.3927889 0.01420192
vt 0.3927889 0.01719915
vt 0.3953846 0.01270331
vt 0.3901932 0.01270331
vt 0.3927889 0.01420192
vt 0.3927889 0.01719915
vt 0.3953846 0.01270331
vt 0.3901932 0.01270331
vt 0.3927889 0.01420192
vt 0.3927889 0.01719915
vt 0.3953846 0.01270331
vt 0.3901932 0.01270331
vt 0.3927889 0.01420192
vt 0.3927889 0.01719915
vt 0.3953846 0.01270331
vt 0.3901932 0.01270331
vt 0.3927889 0.01420192
vt 0.3927889 0.01719915
vt 0.3953846 0.01270331
vt 0.3901932 0.01270331
vt 0.3927889 0.01420192
vt 0.3927889 0.01719915
vt 0.3953846 0.01270331
vt 0.3901932 0.01270331
vt 0.3927889 0.01420192
vt 0.3927889 0.01719915
vt 0.3953846 0.01270331
vt 0.3901932 0.01270331
vt 0.3927889 0.01420192
vt 0.3927889 0.01719915
vt 0.3953846 0.01270331
vt 0.3901932 0.01270331
vt 0.3927889 0.01420192
vt 0.3927889 0.01719915
vt 0.3953846 0.01270331
vt 0.3901932 0.01270331
vt 0.3927889 0.01420192
vt 0.3927889 0.01719915
vt 0.3953846 0.01270331
vt 0.3901932 0.01270331
vt 0.3927889 0.01420192
vt 0.3927889 0.01719915
vt 0.3953846 0.01270331
vt 0.3901932 0.01270331
vt 0.3927889 0.01420192
vt 0.3927889 0.01719915
vt 0.3953846 0.01270331
vt 0.3901932 0.01270331
vt 0.3927889 0.01420192
vt 0.3927889 0.01719915
vt 0.3953846 0.01270331
vt 0.3901932 0.01270331
vt 0.3927889 0.01420192
vt 0.3927889 0.01719915
vt 0.3953846 0.01270331
vt 0.3901932 0.01270331
vt 0.3927889 0.01420192
vt 0.3927889 0.01719915
vt 0.3953846 0.01270331
vt 0.3901932 0.01270331
vt 0.3927889 0.01420192
vt 0.3927889 0.01719915
vt 0.3953846 0.01270331
vt 0.3901932 0.01270331
vt 0.3927889 0.01420192
vt 0.3927889 0.01719915
vt 0.3953846 0.01270331
vt 0.3901932 0.01270331
vt 0.3927889 0.01420192
vt 0.3927889 0.01719915
vt 0.3953846 0.01270331
vt 0.3901932 0.01270331
vt 0.3927889 0.01420192
vt 0.3927889 0.01719915
vt 0.3953846 0.01270331
vt 0.3901932 0.01270331
vt 0.3927889 0.01420192
vt 0.3927889 0.01719915
vt 0.3953846 0.01270331
vt 0.3901932 0.01270331
vt 0.3927889 0.01420192
vt 0.3927889 0.01719915
vt 0.3953846 0.01270331
vt 0.3901932 0.01270331
vt 0.3927889 0.01420192
vt 0.3927889 0.01719915
vt 0.3953846 0.01270331
vt 0.3901932 0.01270331
vt 0.3927889 0.01420192
vt 0.3927889 0.01719915
vt 0.3953846 0.01270331
vt 0.3901932 0.01270331
vt 0.3927889 0.01420192
vt 0.3927889 0.01719915
vt 0.3953846 0.01270331
vt 0.3901932 0.01270331
vt 0.3927889 0.01420192
vt 0.3927889 0.01719915
vt 0.3953846 0.01270331
vt 0.3901932 0.01270331
vt 0.3927889 0.01420192
vt 0.3927889 0.01719915
vt 0.3953846 0.01270331
vt 0.3901932 0.01270331
vt 0.3927889 0.01420192
vt 0.3927889 0.01719915
vt 0.3953846 0.01270331
vt 0.3901932 0.01270331
vt 0.3927889 0.01420192
vt 0.3927889 0.01719915
vt 0.3953846 0.01270331
vt 0.3901932 0.01270331
vt 0.3927889 0.01420192
vt 0.3927889 0.01719915
vt 0.3953846 0.01270331
vt 0.3901932 0.01270331
vt 0.3927889 0.01420192
vt 0.3927889 0.01719915
vt 0.3953846 0.01270331
vt 0.3901932 0.01270331
vt 0.3927889 0.01420192
vt 0.3927889 0.01719915
vt 0.3953846 0.01270331
vt 0.3901932 0.01270331
vt 0.3927889 0.01420192
vt 0.3927889 0.01719915
vt 0.3953846 0.01270331
vt 0.3901932 0.01270331
vt 0.3927889 0.01420192
vt 0.3927889 0.01719915
vt 0.3953846 0.01270331
vt 0.3901932 0.01270331
vt 0.3927889 0.01420192
vt 0.3927889 0.01719915
vt 0.3953846 0.01270331
vt 0.3901932 0.01270331
vt 0.3927889 0.01420192
vt 0.3927889 0.01719915
vt 0.3953846 0.01270331
vt 0.3901932 0.01270331
vt 0.3927889 0.01420192
vt 0.3927889 0.01719915
vt 0.3953846 0.01270331
vt 0.3901932 0.01270331
vt 0.3927889 0.01420192
vt 0.3927889 0.01719915
vt 0.3953846 0.01270331
vt 0.3901932 0.01270331
vt 0.3927889 0.01420192
vt 0.3927889 0.01719915
vt 0.3953846 0.01270331
vt 0.3901932 0.01270331
vt 0.3927889 0.01420192
vt 0.3927889 0.01719915
vt 0.3953846 0.01270331
vt 0.3901932 0.01270331
vt 0.3927889 0.01420192
vt 0.3927889 0.01719915
vt 0.3953846 0.01270331
vt 0.3901932 0.01270331
vt 0.3927889 0.01420192
vt 0.3927889 0.01719915
vt 0.3953846 0.01270331
vt 0.3901932 0.01270331
vt 0.3927889 0.01420192
vt 0.3927889 0.01719915
vt 0.3953846 0.01270331
vt 0.3901932 0.01270331
vt 0.3927889 0.01420192
vt 0.3927889 0.01719915
vt 0.3953846 0.01270331
vt 0.3901932 0.01270331
vt 0.3927889 0.01420192
vt 0.3927889 0.01719915
vt 0.3953846 0.01270331
vt 0.3901932 0.01270331
vt 0.3927889 0.01420192
vt 0.3927889 0.01719915
vt 0.3953846 0.01270331
vt 0.3901932 0.01270331
vt 0.3927889 0.01420192
vt 0.3927889 0.01719915
vt 0.3953846 0.01270331
vt 0.3901932 0.01270331
vt 0.3927889 0.01420192
vt 0.3927889 0.01719915
vt 0.3953846 0.01270331
vt 0.3901932 0.01270331
vt 0.3927889 0.01420192
vt 0.3927889 0.01719915
vt 0.3953846 0.01270331
vt 0.3901932 0.01270331
vt 0.3927889 0.01420192
vt 0.3927889 0.01719915
vt 0.3953846 0.01270331
vt 0.3901932 0.01270331
vt 0.3927889 0.01420192
vt 0.3927889 0.01719915
vt 0.3953846 0.01270331
vt 0.3901932 0.01270331
vt 0.3927889 0.01420192
vt 0.3927889 0.01719915
vt 0.3953846 0.01270331
vt 0.3901932 0.01270331
vt 0.3927889 0.01420192
vt 0.3927889 0.01719915
vt 0.3953846 0.01270331
vt 0.3901932 0.01270331
vt 0.3927889 0.01420192
vt 0.3927889 0.01719915
vt 0.3953846 0.01270331
vt 0.3901932 0.01270331
vt 0.3927889 0.01420192
vt 0.3927889 0.01719915
vt 0.3953846 0.01270331
vt 0.3901932 0.01270331
vt 0.3927889 0.01420192
vt 0.3927889 0.01719915
vt 0.3953846 0.01270331
vt 0.3901932 0.01270331
vt 0.3927889 0.01420192
vt 0.3927889 0.01719915
vt 0.3953846 0.01270331
vt 0.3901932 0.01270331
vt 0.3927889 0.01420192
vt 0.3927889 0.01719915
vt 0.3953846 0.01270331
vt 0.3901932 0.01270331
vt 0.3927889 0.01420192
vt 0.3927889 0.01719915
vt 0.3953846 0.01270331
vt 0.3901932 0.01270331
vt 0.3927889 0.01420192
vt 0.3927889 0.01719915
vt 0.3953846 0.01270331
vt 0.3901932 0.01270331
vt 0.3927889 0.01420192
vt 0.3927889 0.01719915
vt 0.3953846 0.01270331
vt 0.3901932 0.01270331
vt 0.3927889 0.01420192
vt 0.3927889 0.01719915
vt 0.3953846 0.01270331
vt 0.3901932 0.01270331
vt 0.3927889 0.01420192
vt 0.3927889 0.01719915
vt 0.3953846 0.01270331
vt 0.3901932 0.01270331
vt 0.3927889 0.01420192
vt 0.3927889 0.01719915
vt 0.3953846 0.01270331
vt 0.3901932 0.01270331
vt 0.3927889 0.01420192
vt 0.3927889 0.01719915
vt 0.3953846 0.01270331
vt 0.3901932 0.01270331
vt 0.3927889 0.01420192
vt 0.3927889 0.01719915
vt 0.3953846 0.01270331
vt 0.3901932 0.01270331
vt 0.3927889 0.01420192
vt 0.3927889 0.01719915
vt 0.3953846 0.01270331
vt 0.3901932 0.01270331
vt 0.3927889 0.01420192
vt 0.3927889 0.01719915
vt 0.3953846 0.01270331
vt 0.3901932 0.01270331
vt 0.3927889 0.01420192
vt 0.3927889 0.01719915
vt 0.3953846 0.01270331
vt 0.3901932 0.01270331
vt 0.3927889 0.01420192
vt 0.3927889 0.01719915
vt 0.3953846 0.01270331
vt 0.3901932 0.01270331
vt 0.3927889 0.01420192
vt 0.3927889 0.01719915
vt 0.3953846 0.01270331
vt 0.3901932 0.01270331
vt 0.3927889 0.01420192
vt 0.3927889 0.01719915
vt 0.3953846 0.01270331
vt 0.3901932 0.01270331
vt 0.3927889 0.01420192
vt 0.3927889 0.01719915
vt 0.3953846 0.01270331
vt 0.3901932 0.01270331
vt 0.3927889 0.01420192
vt 0.3927889 0.01719915
vt 0.3953846 0.01270331
vt 0.3901932 0.01270331
vt 0.3927889 0.01420192
vt 0.3927889 0.01719915
vt 0.3953846 0.01270331
vt 0.3901932 0.01270331
vt 0.3927889 0.01420192
vt 0.3927889 0.01719915
vt 0.3953846 0.01270331
vt 0.3901932 0.01270331
vt 0.3927889 0.01420192
vt 0.3927889 0.01719915
vt 0.3953846 0.01270331
vt 0.3901932 0.01270331
vt 0.3927889 0.01420192
vt 0.3927889 0.01719915
vt 0.3953846 0.01270331
vt 0.3901932 0.01270331
vt 0.3927889 0.01420192
vt 0.3927889 0.01719915
vt 0.3953846 0.01270331
vt 0.3901932 0.01270331
vt 0.3927889 0.01420192
vt 0.3927889 0.01719915
vt 0.3953846 0.01270331
vt 0.3901932 0.01270331
vt 0.3927889 0.01420192
vt 0.3927889 0.01719915
vt 0.3953846 0.01270331
vt 0.3901932 0.01270331
vt 0.3927889 0.01420192
vt 0.3927889 0.01719915
vt 0.3953846 0.01270331
vt 0.3901932 0.01270331
vt 0.3927889 0.01420192
vt 0.3927889 0.01719915
vt 0.3953846 0.01270331
vt 0.3901932 0.01270331
vt 0.3927889 0.01420192
vt 0.3927889 0.01719915
vt 0.3953846 0.01270331
vt 0.3901932 0.01270331
vt 0.3927889 0.01420192
vt 0.3927889 0.01719915
vt 0.3953846 0.01270331
vt 0.3901932 0.01270331
vt 0.3927889 0.01420192
vt 0.3927889 0.01719915
vt 0.3953846 0.01270331
vt 0.3901932 0.01270331
vt 0.3927889 0.01420192
vt 0.3927889 0.01719915
vt 0.3953846 0.01270331
vt 0.3901932 0.01270331
vt 0.3927889 0.01420192
vt 0.3927889 0.01719915
vt 0.3953846 0.01270331
vt 0.3901932 0.01270331
vt 0.3927889 0.01420192
vt 0.3927889 0.01719915
vt 0.3953846 0.01270331
vt 0.3901932 0.01270331
vt 0.3927889 0.01420192
vt 0.3927889 0.01719915
vt 0.3953846 0.01270331
vt 0.3901932 0.01270331
vt 0.3927889 0.01420192
vt 0.3927889 0.01719915
vt 0.3953846 0.01270331
vt 0.3901932 0.01270331
vt 0.3927889 0.01420192
vt 0.3927889 0.01719915
vt 0.3953846 0.01270331
vt 0.3901932 0.01270331
vt 0.3927889 0.01420192
vt 0.3927889 0.01719915
vt 0.3953846 0.01270331
vt 0.3901932 0.01270331
vt 0.3927889 0.01420192
vt 0.3927889 0.01719915
vt 0.3953846 0.01270331
vt 0.3901932 0.01270331
vt 0.3927889 0.01420192
vt 0.3927889 0.01719915
vt 0.3953846 0.01270331
vt 0.3901932 0.01270331
vt 0.3927889 0.01420192
vt 0.3927889 0.01719915
vt 0.3953846 0.01270331
vt 0.3901932 0.01270331
vt 0.3927889 0.01420192
vt 0.3927889 0.01719915
vt 0.3953846 0.01270331
vt 0.3901932 0.01270331
vt 0.3927889 0.01420192
vt 0.3927889 0.01719915
vt 0.3953846 0.01270331
vt 0.3901932 0.01270331
vt 0.3927889 0.01420192
vt 0.3927889 0.01719915
vt 0.3953846 0.01270331
vt 0.3901932 0.01270331
vt 0.3927889 0.01420192
vt 0.3927889 0.01719915
vt 0.3953846 0.01270331
vt 0.3901932 0.01270331
vt 0.3927889 0.01420192
vt 0.3927889 0.01719915
vt 0.3953846 0.01270331
vt 0.3901932 0.01270331
vt 0.3927889 0.01420192
vt 0.3927889 0.01719915
vt 0.3953846 0.01270331
vt 0.3901932 0.01270331
vt 0.3927889 0.01420192
vt 0.3927889 0.01719915
vt 0.3953846 0.01270331
vt 0.3901932 0.01270331
vt 0.3927889 0.01420192
vt 0.3927889 0.01719915
vt 0.3953846 0.01270331
vt 0.3901932 0.01270331
vt 0.3927889 0.01420192
vt 0.3927889 0.01719915
vt 0.3953846 0.01270331
vt 0.3901932 0.01270331
vt 0.3927889 0.01420192
vt 0.3927889 0.01719915
vt 0.3953846 0.01270331
vt 0.3901932 0.01270331
vt 0.3927889 0.01420192
vt 0.3927889 0.01719915
vt 0.3953846 0.01270331
vt 0.3901932 0.01270331
vt 0.3927889 0.01420192
vt 0.3927889 0.01719915
vt 0.3953846 0.01270331
vt 0.3901932 0.01270331
vt 0.3927889 0.01420192
vt 0.3927889 0.01719915
vt 0.3953846 0.01270331
vt 0.3901932 0.01270331
vt 0.3927889 0.01420192
vt 0.3927889 0.01719915
vt 0.3953846 0.01270331
vt 0.3901932 0.01270331
vt 0.3927889 0.01420192
vt 0.3927889 0.01719915
vt 0.3953846 0.01270331
vt 0.3901932 0.01270331
vt 0.3927889 0.01420192
vt 0.3927889 0.01719915
vt 0.3953846 0.01270331
vt 0.3901932 0.01270331
vt 0.3927889 0.01420192
vt 0.3927889 0.01719915
vt 0.3953846 0.01270331
vt 0.3901932 0.01270331
vt 0.3927889 0.01420192
vt 0.3927889 0.01719915
vt 0.3953846 0.01270331
vt 0.3901932 0.01270331
vt 0.3927889 0.01420192
vt 0.3927889 0.01719915
vt 0.3953846 0.01270331
vt 0.3901932 0.01270331
vt 0.3927889 0.01420192
vt 0.3927889 0.01719915
vt 0.3953846 0.01270331
vt 0.3901932 0.01270331
vt 0.3927889 0.01420192
vt 0.3927889 0.01719915
vt 0.3953846 0.01270331
vt 0.3901932 0.01270331
vt 0.3927889 0.01420192
vt 0.3927889 0.01719915
vt 0.3953846 0.01270331
vt 0.3901932 0.01270331
vt 0.3927889 0.01420192
vt 0.3927889 0.01719915
vt 0.3953846 0.01270331
vt 0.3901932 0.01270331
vt 0.3927889 0.01420192
vt 0.3927889 0.01719915
vt 0.3953846 0.01270331
vt 0.3901932 0.01270331
vt 0.3927889 0.01420192
vt 0.3927889 0.01719915
vt 0.3953846 0.01270331
vt 0.3901932 0.01270331
vt 0.3927889 0.01420192
vt 0.3927889 0.01719915
vt 0.3953846 0.01270331
vt 0.3901932 0.01270331
vt 0.3927889 0.01420192
vt 0.3927889 0.01719915
vt 0.3953846 0.01270331
vt 0.3901932 0.01270331
vt 0.3927889 0.01420192
vt 0.3927889 0.01719915
vt 0.3953846 0.01270331
vt 0.3901932 0.01270331
vt 0.3927889 0.01420192
vt 0.3927889 0.01719915
vt 0.3953846 0.01270331
vt 0.3901932 0.01270331
vt 0.3927889 0.01420192
vt 0.3927889 0.01719915
vt 0.3953846 0.01270331
vt 0.3901932 0.01270331
vt 0.3927889 0.01420192
vt 0.3927889 0.01719915
vt 0.3953846 0.01270331
vt 0.3901932 0.01270331
vt 0.3927889 0.01420192
vt 0.3927889 0.01719915
vt 0.3953846 0.01270331
vt 0.3901932 0.01270331
vt 0.3927889 0.01420192
vt 0.3927889 0.01719915
vt 0.3953846 0.01270331
vt 0.3901932 0.01270331
vt 0.3927889 0.01420192
vt 0.3927889 0.01719915
vt 0.3953846 0.01270331
vt 0.3901932 0.01270331
vt 0.3927889 0.01420192
vt 0.3927889 0.01719915
vt 0.3953846 0.01270331
vt 0.3901932 0.01270331
vt 0.3927889 0.01420192
vt 0.3927889 0.01719915
vt 0.3953846 0.01270331
vt 0.3901932 0.01270331
vt 0.3927889 0.01420192
vt 0.3927889 0.01719915
usemtl M_CactusPricklyPear
f 1/1/1 3/3/3 2/2/2
f 3/3/3 4/4/4 2/2/2
f 3/3/3 5/5/5 4/4/4
f 6/6/6 5/5/5 3/3/3
f 7/7/7 6/6/6 3/3/3
f 2/2/2 4/4/4 8/8/8
f 2/2/2 8/8/8 9/9/9
f 10/10/10 2/2/2 9/9/9
f 5/5/5 11/11/11 4/4/4
f 4/4/4 12/12/12 8/8/8
f 4/4/4 11/11/11 12/12/12
f 6/6/6 13/13/13 5/5/5
f 5/5/5 14/14/14 11/11/11
f 13/13/13 14/14/14 5/5/5
f 15/15/15 13/13/13 6/6/6
f 16/16/16 15/15/15 6/6/6
f 9/9/9 8/8/8 17/17/17
f 8/8/8 12/12/12 18/18/18
f 8/8/8 18/18/18 17/17/17
f 9/9/9 17/17/17 19/19/19
f 20/20/20 9/9/9 19/19/19
f 11/11/11 21/21/21 12/12/12
f 14/14/14 22/22/22 11/11/11
f 11/11/11 22/22/22 21/21/21
f 12/12/12 23/23/23 18/18/18
f 12/12/12 21/21/21 23/23/23
f 15/15/15 24/24/24 13/13/13
f 13/13/13 25/25/25 14/14/14
f 24/24/24 25/25/25 13/13/13
f 14/14/14 26/26/26 22/22/22
f 25/25/25 26/26/26 14/14/14
f 27/27/27 24/24/24 15/15/15
f 28/28/28 27/27/27 15/15/15
f 22/22/22 29/29/29 21/21/21
f 21/21/21 30/30/30 23/23/23
f 21/21/21 29/29/29 30/30/30
f 26/26/26 31/31/31 22/22/22
f 22/22/22 31/31/31 29/29/29
f 18/18/18 23/23/23 32/32/32
f 23/23/23 30/30/30 33/33/33
f 23/23/23 33/33/33 32/32/32
f 18/18/18 32/32/32 34/34/34
f 17/17/17 18/18/18 34/34/34
f 17/17/17 34/34/34 35/35/35
f 19/19/19 17/17/17 35/35/35
f 19/19/19 35/35/35 36/36/36
f 37/37/37 19/19/19 36/36/36
f 29/29/29 38/38/38 30/30/30
f 31/31/31 39/39/39 29/29/29
f 29/29/29 39/39/39 38/38/38
f 30/30/30 40/40/40 33/33/33
f 30/30/30 38/38/38 40/40/40
f 32/32/32 33/33/33 41/41/41
f 34/34/34 32/32/32 42/42/42
f 32/32/32 41/41/41 42/42/42
f 35/35/35 34/34/34 43/43/43
f 34/34/34 42/42/42 43/43/43
f 36/36/36 35/35/35 44/44/44
f 35/35/35 43/43/43 44/44/44
f 33/33/33 40/40/40 45/45/45
f 33/33/33 45/45/45 41/41/41
f 36/36/36 44/44/44 46/46/46
f 47/47/47 36/36/36 46/46/46
f 38/38/38 48/48/48 40/40/40
f 40/40/40 49/49/49 45/45/45
f 40/40/40 48/48/48 49/49/49
f 38/38/38 50/50/50 48/48/48
f 39/39/39 50/50/50 38/38/38
f 42/42/42 41/41/41 51/51/51
f 43/43/43 42/42/42 52/52/52
f 42/42/42 51/51/51 52/52/52
f 44/44/44 43/43/43 53/53/53
f 43/43/43 52/52/52 53/53/53
f 46/46/46 44/44/44 54/54/54
f 44/44/44 53/53/53 54/54/54
f 41/41/41 45/45/45 55/55/55
f 41/41/41 55/55/55 51/51/51
f 45/45/45 49/49/49 56/56/56
f 45/45/45 56/56/56 55/55/55
f 46/46/46 54/54/54 57/57/57
f 58/58/58 46/46/46 57/57/57
f 53/53/53 52/52/52 59/59/59
f 52/52/52 51/51/51 60/60/60
f 52/52/52 60/60/60 59/59/59
f 51/51/51 55/55/55 61/61/61
f 51/51/51 61/61/61 60/60/60
f 54/54/54 53/53/53 62/62/62
f 53/53/53 59/59/59 62/62/62
f 57/57/57 54/54/54 63/63/63
f 54/54/54 62/62/62 63/63/63
f 55/55/55 56/56/56 64/64/64
f 55/55/55 64/64/64 61/61/61
f 57/57/57 63/63/63 65/65/65
f 66/66/66 57/57/57 65/65/65
f 60/60/60 61/61/61 67/67/67
f 59/59/59 60/60/60 68/68/68
f 60/60/60 67/67/67 68/68/68
f 62/62/62 59/59/59 69/69/69
f 59/59/59 68/68/68 69/69/69
f 63/63/63 62/62/62 70/70/70
f 62/62/62 69/69/69 70/70/70
f 65/65/65 63/63/63 71/71/71
f 63/63/63 70/70/70 71/71/71
f 61/61/61 64/64/64 72/72/72
f 61/61/61 72/72/72 67/67/67
f 65/65/65 71/71/71 73/73/73
f 74/74/74 65/65/65 73/73/73
f 69/69/69 68/68/68 75/75/75
f 70/70/70 69/69/69 76/76/76
f 69/69/69 75/75/75 76/76/76
f 68/68/68 67/67/67 77/77/77
f 68/68/68 77/77/77 75/75/75
f 71/71/71 70/70/70 78/78/78
f 70/70/70 76/76/76 78/78/78
f 73/73/73 71/71/71 79/79/79
f 71/71/71 78/78/78 79/79/79
f 67/67/67 72/72/72 80/80/80
f 67/67/67 80/80/80 77/77/77
f 73/73/73 79/79/79 81/81/81
f 82/82/82 73/73/73 81/81/81
f 75/75/75 77/77/77 83/83/83
f 76/76/76 75/75/75 84/84/84
f 75/75/75 83/83/83 84/84/84
f 78/78/78 76/76/76 85/85/85
f 76/76/76 84/84/84 85/85/85
f 79/79/79 78/78/78 86/86/86
f 78/78/78 85/85/85 86/86/86
f 81/81/81 79/79/79 87/87/87
f 79/79/79 86/86/86 87/87/87
f 77/77/77 80/80/80 88/88/88
f 77/77/77 88/88/88 83/83/83
f 81/81/81 87/87/87 89/89/89
f 90/90/90 81/81/81 89/89/89
f 84/84/84 83/83/83 91/91/91
f 85/85/85 84/84/84 92/92/92
f 84/84/84 91/91/91 92/92/92
f 86/86/86 85/85/85 93/93/93
f 85/85/85 92/92/92 93/93/93
f 87/87/87 86/86/86 94/94/94
f 86/86/86 93/93/93 94/94/94
f 89/89/89 87/87/87 95/95/95
f 87/87/87 94/94/94 95/95/95
f 83/83/83 88/88/88 96/96/96
f 83/83/83 96/96/96 91/91/91
f 89/89/89 95/95/95 97/97/97
f 98/98/98 89/89/89 97/97/97
f 92/92/92 91/91/91 99/99/99
f 92/92/92 99/99/99 100/100/100
f 93/93/93 92/92/92 100/100/100
f 91/91/91 101/101/101 99/99/99
f 91/91/91 96/96/96 101/101/101
f 93/93/93 100/100/100 102/102/102
f 94/94/94 93/93/93 102/102/102
f 94/94/94 102/102/102 103/103/103
f 95/95/95 94/94/94 103/103/103
f 95/95/95 103/103/103 104/104/104
f 97/97/97 95/95/95 104/104/104
f 97/97/97 104/104/104 105/105/105
f 106/106/106 97/97/97 105/105/105
f 96/96/96 107/107/107 101/101/101
f 96/96/96 108/108/108 107/107/107
f 88/88/88 108/108/108 96/96/96
f 108/108/108 109/109/109 107/107/107
f 88/88/88 110/110/110 108/108/108
f 80/80/80 110/110/110 88/88/88
f 108/108/108 111/111/111 109/109/109
f 110/110/110 111/111/111 108/108/108
f 111/111/111 112/112/112 109/109/109
f 80/80/80 113/113/113 110/110/110
f 72/72/72 113/113/113 80/80/80
f 110/110/110 114/114/114 111/111/111
f 113/113/113 114/114/114 110/110/110
f 114/114/114 115/115/115 111/111/111
f 72/72/72 116/116/116 113/113/113
f 64/64/64 116/116/116 72/72/72
f 113/113/113 117/117/117 114/114/114
f 116/116/116 117/117/117 113/113/113
f 117/117/117 118/118/118 114/114/114
f 64/64/64 119/119/119 116/116/116
f 56/56/56 119/119/119 64/64/64
f 116/116/116 120/120/120 117/117/117
f 119/119/119 120/120/120 116/116/116
f 120/120/120 121/121/121 117/117/117
f 56/56/56 122/122/122 119/119/119
f 49/49/49 122/122/122 56/56/56
f 119/119/119 123/123/123 120/120/120
f 122/122/122 123/123/123 119/119/119
f 123/123/123 124/124/124 120/120/120
f 49/49/49 125/125/125 122/122/122
f 48/48/48 125/125/125 49/49/49
f 122/122/122 126/126/126 123/123/123
f 125/125/125 126/126/126 122/122/122
f 126/126/126 127/127/127 123/123/123
f 48/48/48 128/128/128 125/125/125
f 50/50/50 128/128/128 48/48/48
f 125/125/125 129/129/129 126/126/126
f 128/128/128 129/129/129 125/125/125
f 129/129/129 130/130/130 126/126/126
f 128/128/128 131/131/131 129/129/129
f 131/131/131 132/132/132 129/129/129
f 50/50/50 133/133/133 128/128/128
f 133/133/133 131/131/131 128/128/128
f 134/134/134 133/133/133 50/50/50
f 39/39/39 134/134/134 50/50/50
f 133/133/133 135/135/135 131/131/131
f 135/135/135 136/136/136 131/131/131
f 137/137/137 135/135/135 133/133/133
f 134/134/134 137/137/137 133/133/133
f 138/138/138 134/134/134 39/39/39
f 31/31/31 138/138/138 39/39/39
f 137/137/137 139/139/139 135/135/135
f 139/139/139 140/140/140 135/135/135
f 141/141/141 137/137/137 134/134/134
f 138/138/138 141/141/141 134/134/134
f 142/142/142 138/138/138 31/31/31
f 26/26/26 142/142/142 31/31/31
f 143/143/143 139/139/139 137/137/137
f 141/141/141 143/143/143 137/137/137
f 144/144/144 141/141/141 138/138/138
f 142/142/142 144/144/144 138/138/138
f 145/145/145 142/142/142 26/26/26
f 25/25/25 145/145/145 26/26/26
f 143/143/143 146/146/146 139/139/139
f 146/146/146 147/147/147 139/139/139
f 148/148/148 143/143/143 141/141/141
f 144/144/144 148/148/148 141/141/141
f 149/149/149 144/144/144 142/142/142
f 145/145/145 149/149/149 142/142/142
f 150/150/150 145/145/145 25/25/25
f 24/24/24 150/150/150 25/25/25
f 151/151/151 146/146/146 143/143/143
f 148/148/148 151/151/151 143/143/143
f 152/152/152 148/148/148 144/144/144
f 149/149/149 152/152/152 144/144/144
f 153/153/153 149/149/149 145/145/145
f 150/150/150 153/153/153 145/145/145
f 154/154/154 150/150/150 24/24/24
f 27/27/27 154/154/154 24/24/24
f 155/155/155 154/154/154 27/27/27
f 156/156/156 155/155/155 27/27/27
f 155/155/155 157/157/157 154/154/154
f 154/154/154 158/158/158 150/150/150
f 157/157/157 158/158/158 154/154/154
f 158/158/158 153/153/153 150/150/150
f 157/157/157 159/159/159 158/158/158
f 159/159/159 160/160/160 158/158/158
f 158/158/158 160/160/160 153/153/153
f 159/159/159 161/161/161 160/160/160
f 153/153/153 162/162/162 149/149/149
f 160/160/160 162/162/162 153/153/153
f 162/162/162 152/152/152 149/149/149
f 161/161/161 163/163/163 160/160/160
f 160/160/160 163/163/163 162/162/162
f 161/161/161 164/164/164 163/163/163
f 162/162/162 165/165/165 152/152/152
f 163/163/163 165/165/165 162/162/162
f 164/164/164 166/166/166 163/163/163
f 163/163/163 166/166/166 165/165/165
f 164/164/164 167/167/167 166/166/166
f 165/165/165 168/168/168 152/152/152
f 152/152/152 168/168/168 148/148/148
f 168/168/168 151/151/151 148/148/148
f 167/167/167 169/169/169 166/166/166
f 167/167/167 170/170/170 169/169/169
f 166/166/166 171/171/171 165/165/165
f 165/165/165 171/171/171 168/168/168
f 166/166/166 169/169/169 171/171/171
f 168/168/168 172/172/172 151/151/151
f 171/171/171 172/172/172 168/168/168
f 170/170/170 173/173/173 169/169/169
f 170/170/170 174/174/174 173/173/173
f 169/169/169 175/175/175 171/171/171
f 171/171/171 175/175/175 172/172/172
f 169/169/169 173/173/173 175/175/175
f 172/172/172 176/176/176 151/151/151
f 151/151/151 176/176/176 146/146/146
f 176/176/176 177/177/177 146/146/146
f 172/172/172 178/178/178 176/176/176
f 175/175/175 178/178/178 172/172/172
f 178/178/178 179/179/179 176/176/176
f 175/175/175 180/180/180 178/178/178
f 173/173/173 180/180/180 175/175/175
f 180/180/180 181/181/181 178/178/178
f 174/174/174 182/182/182 173/173/173
f 173/173/173 182/182/182 180/180/180
f 182/182/182 183/183/183 180/180/180
f 174/174/174 184/184/184 182/182/182
f 184/184/184 185/185/185 182/182/182
f 186/186/186 188/188/188 187/187/187
f 187/187/187 188/188/188 189/189/189
f 188/188/188 190/190/190 189/189/189
f 189/189/189 190/190/190 191/191/191
f 188/188/188 192/192/192 190/190/190
f 193/193/193 192/192/192 188/188/188
f 190/190/190 192/192/192 194/194/194
f 192/192/192 195/195/195 194/194/194
f 190/190/190 194/194/194 196/196/196
f 191/191/191 190/190/190 196/196/196
f 196/196/196 194/194/194 197/197/197
f 194/194/194 198/198/198 197/197/197
f 196/196/196 197/197/197 199/199/199
f 196/196/196 199/199/199 200/200/200
f 196/196/196 200/200/200 201/201/201
f 191/191/191 196/196/196 201/201/201
f 202/202/202 201/201/201 200/200/200
f 191/191/191 201/201/201 202/202/202
f 202/202/202 200/200/200 203/203/203
f 204/204/204 202/202/202 203/203/203
f 204/204/204 203/203/203 205/205/205
f 206/206/206 204/204/204 205/205/205
f 206/206/206 205/205/205 207/207/207
f 208/208/208 206/206/206 207/207/207
f 208/208/208 207/207/207 209/209/209
f 210/210/210 208/208/208 209/209/209
f 211/211/211 206/206/206 208/208/208
f 212/212/212 211/211/211 208/208/208
f 213/213/213 204/204/204 206/206/206
f 211/211/211 213/213/213 206/206/206
f 214/214/214 202/202/202 204/204/204
f 213/213/213 214/214/214 204/204/204
f 214/214/214 215/215/215 202/202/202
f 191/191/191 202/202/202 215/215/215
f 216/216/216 214/214/214 213/213/213
f 215/215/215 214/214/214 216/216/216
f 217/217/217 213/213/213 211/211/211
f 216/216/216 213/213/213 217/217/217
f 191/191/191 215/215/215 218/218/218
f 215/215/215 216/216/216 218/218/218
f 217/217/217 211/211/211 219/219/219
f 219/219/219 211/211/211 220/220/220
f 221/221/221 216/216/216 217/217/217
f 218/218/218 216/216/216 221/221/221
f 191/191/191 218/218/218 222/222/222
f 189/189/189 191/191/191 222/222/222
f 223/223/223 217/217/217 219/219/219
f 221/221/221 217/217/217 223/223/223
f 224/224/224 222/222/222 218/218/218
f 218/218/218 221/221/221 224/224/224
f 225/225/225 189/189/189 222/222/222
f 187/187/187 189/189/189 225/225/225
f 225/225/225 222/222/222 226/226/226
f 224/224/224 226/226/226 222/222/222
f 227/227/227 187/187/187 225/225/225
f 227/227/227 225/225/225 226/226/226
f 223/223/223 219/219/219 228/228/228
f 228/228/228 219/219/219 229/229/229
f 230/230/230 223/223/223 228/228/228
f 231/231/231 230/230/230 228/228/228
f 232/232/232 221/221/221 223/223/223
f 230/230/230 232/232/232 223/223/223
f 233/233/233 224/224/224 221/221/221
f 232/232/232 233/233/233 221/221/221
f 234/234/234 226/226/226 224/224/224
f 233/233/233 234/234/234 224/224/224
f 235/235/235 232/232/232 230/230/230
f 236/236/236 235/235/235 230/230/230
f 235/235/235 237/237/237 232/232/232
f 237/237/237 233/233/233 232/232/232
f 234/234/234 238/238/238 226/226/226
f 227/227/227 226/226/226 238/238/238
f 239/239/239 238/238/238 234/234/234
f 239/239/239 227/227/227 238/238/238
f 240/240/240 234/234/234 233/233/233
f 239/239/239 234/234/234 240/240/240
f 240/240/240 233/233/233 241/241/241
f 237/237/237 241/241/241 233/233/233
f 242/242/242 237/237/237 235/235/235
f 243/243/243 242/242/242 235/235/235
f 242/242/242 244/244/244 237/237/237
f 244/244/244 241/241/241 237/237/237
f 245/245/245 240/240/240 241/241/241
f 245/245/245 239/239/239 240/240/240
f 246/246/246 244/244/244 242/242/242
f 247/247/247 246/246/246 242/242/242
f 244/244/244 248/248/248 241/241/241
f 245/245/245 241/241/241 248/248/248
f 246/246/246 249/249/249 244/244/244
f 249/249/249 248/248/248 244/244/244
f 249/249/249 246/246/246 250/250/250
f 250/250/250 246/246/246 251/251/251
f 245/245/245 252/252/252 239/239/239
f 253/253/253 245/245/245 248/248/248
f 253/253/253 252/252/252 245/245/245
f 249/249/249 254/254/254 248/248/248
f 253/253/253 248/248/248 254/254/254
f 255/255/255 254/254/254 249/249/249
f 253/253/253 254/254/254 255/255/255
f 249/249/249 250/250/250 256/256/256
f 255/255/255 249/249/249 256/256/256
f 252/252/252 257/257/257 239/239/239
f 239/239/239 257/257/257 227/227/227
f 257/257/257 258/258/258 227/227/227
f 227/227/227 258/258/258 187/187/187
f 258/258/258 259/259/259 187/187/187
f 257/257/257 260/260/260 258/258/258
f 260/260/260 261/261/261 258/258/258
f 252/252/252 262/262/262 257/257/257
f 262/262/262 260/260/260 257/257/257
f 253/253/253 263/263/263 252/252/252
f 263/263/263 262/262/262 252/252/252
f 262/262/262 264/264/264 260/260/260
f 264/264/264 265/265/265 260/260/260
f 266/266/266 264/264/264 262/262/262
f 263/263/263 266/266/266 262/262/262
f 267/267/267 263/263/263 253/253/253
f 253/253/253 255/255/255 267/267/267
f 267/267/267 268/268/268 263/263/263
f 268/268/268 266/266/266 263/263/263
f 266/266/266 269/269/269 264/264/264
f 269/269/269 270/270/270 264/264/264
f 255/255/255 271/271/271 267/267/267
f 268/268/268 267/267/267 271/271/271
f 269/269/269 266/266/266 272/272/272
f 268/268/268 272/272/272 266/266/266
f 255/255/255 273/273/273 271/271/271
f 273/273/273 255/255/255 256/256/256
f 269/269/269 272/272/272 274/274/274
f 275/275/275 269/269/269 274/274/274
f 276/276/276 274/274/274 272/272/272
f 277/277/277 274/274/274 276/276/276
f 278/278/278 272/272/272 268/268/268
f 276/276/276 272/272/272 278/278/278
f 268/268/268 271/271/271 279/279/279
f 278/278/278 268/268/268 279/279/279
f 280/280/280 279/279/279 271/271/271
f 280/280/280 271/271/271 273/273/273
f 281/281/281 278/278/278 279/279/279
f 280/280/280 281/281/281 279/279/279
f 282/282/282 276/276/276 278/278/278
f 281/281/281 282/282/282 278/278/278
f 282/282/282 283/283/283 276/276/276
f 283/283/283 284/284/284 276/276/276
f 285/285/285 283/283/283 282/282/282
f 285/285/285 282/282/282 281/281/281
f 285/285/285 286/286/286 283/283/283
f 286/286/286 287/287/287 283/283/283
f 285/285/285 281/281/281 288/288/288
f 289/289/289 288/288/288 281/281/281
f 289/289/289 281/281/281 280/280/280
f 289/289/289 280/280/280 290/290/290
f 280/280/280 273/273/273 290/290/290
f 289/289/289 290/290/290 291/291/291
f 292/292/292 291/291/291 290/290/290
f 292/292/292 290/290/290 293/293/293
f 293/293/293 290/290/290 273/273/273
f 294/294/294 292/292/292 293/293/293
f 293/293/293 273/273/273 295/295/295
f 273/273/273 256/256/256 295/295/295
f 295/295/295 256/256/256 250/250/250
f 294/294/294 293/293/293 296/296/296
f 296/296/296 293/293/293 295/295/295
f 297/297/297 294/294/294 296/296/296
f 295/295/295 250/250/250 298/298/298
f 296/296/296 295/295/295 298/298/298
f 298/298/298 250/250/250 299/299/299
f 300/300/300 296/296/296 298/298/298
f 301/301/301 303/303/303 302/302/302
f 303/303/303 304/304/304 302/302/302
f 303/303/303 305/305/305 304/304/304
f 306/306/306 305/305/305 303/303/303
f 307/307/307 306/306/306 303/303/303
f 302/302/302 304/304/304 308/308/308
f 302/302/302 308/308/308 309/309/309
f 310/310/310 302/302/302 309/309/309
f 305/305/305 311/311/311 304/304/304
f 304/304/304 312/312/312 308/308/308
f 304/304/304 311/311/311 312/312/312
f 306/306/306 313/313/313 305/305/305
f 305/305/305 314/314/314 311/311/311
f 313/313/313 314/314/314 305/305/305
f 315/315/315 313/313/313 306/306/306
f 316/316/316 315/315/315 306/306/306
f 309/309/309 308/308/308 317/317/317
f 308/308/308 312/312/312 318/318/318
f 308/308/308 318/318/318 317/317/317
f 309/309/309 317/317/317 319/319/319
f 320/320/320 309/309/309 319/319/319
f 311/311/311 321/321/321 312/312/312
f 314/314/314 322/322/322 311/311/311
f 311/311/311 322/322/322 321/321/321
f 312/312/312 323/323/323 318/318/318
f 312/312/312 321/321/321 323/323/323
f 315/315/315 324/324/324 313/313/313
f 313/313/313 325/325/325 314/314/314
f 324/324/324 325/325/325 313/313/313
f 314/314/314 326/326/326 322/322/322
f 325/325/325 326/326/326 314/314/314
f 327/327/327 324/324/324 315/315/315
f 328/328/328 327/327/327 315/315/315
f 322/322/322 329/329/329 321/321/321
f 321/321/321 330/330/330 323/323/323
f 321/321/321 329/329/329 330/330/330
f 326/326/326 331/331/331 322/322/322
f 322/322/322 331/331/331 329/329/329
f 318/318/318 323/323/323 332/332/332
f 323/323/323 330/330/330 333/333/333
f 323/323/323 333/333/333 332/332/332
f 318/318/318 332/332/332 334/334/334
f 317/317/317 318/318/318 334/334/334
f 317/317/317 334/334/334 335/335/335
f 319/319/319 317/317/317 335/335/335
f 319/319/319 335/335/335 336/336/336
f 337/337/337 319/319/319 336/336/336
f 329/329/329 338/338/338 330/330/330
f 331/331/331 339/339/339 329/329/329
f 329/329/329 339/339/339 338/338/338
f 330/330/330 340/340/340 333/333/333
f 330/330/330 338/338/338 340/340/340
f 332/332/332 333/333/333 341/341/341
f 334/334/334 332/332/332 342/342/342
f 332/332/332 341/341/341 342/342/342
f 335/335/335 334/334/334 343/343/343
f 334/334/334 342/342/342 343/343/343
f 336/336/336 335/335/335 344/344/344
f 335/335/335 343/343/343 344/344/344
f 333/333/333 340/340/340 345/345/345
f 333/333/333 345/345/345 341/341/341
f 336/336/336 344/344/344 346/346/346
f 347/347/347 336/336/336 346/346/346
f 338/338/338 348/348/348 340/340/340
f 340/340/340 349/349/349 345/345/345
f 340/340/340 348/348/348 349/349/349
f 338/338/338 350/350/350 348/348/348
f 339/339/339 350/350/350 338/338/338
f 342/342/342 341/341/341 351/351/351
f 343/343/343 342/342/342 352/352/352
f 342/342/342 351/351/351 352/352/352
f 344/344/344 343/343/343 353/353/353
f 343/343/343 352/352/352 353/353/353
f 346/346/346 344/344/344 354/354/354
f 344/344/344 353/353/353 354/354/354
f 341/341/341 345/345/345 355/355/355
f 341/341/341 355/355/355 351/351/351
f 345/345/345 349/349/349 356/356/356
f 345/345/345 356/356/356 355/355/355
f 346/346/346 354/354/354 357/357/357
f 358/358/358 346/346/346 357/357/357
f 353/353/353 352/352/352 359/359/359
f 352/352/352 351/351/351 360/360/360
f 352/352/352 360/360/360 359/359/359
f 351/351/351 355/355/355 361/361/361
f 351/351/351 361/361/361 360/360/360
f 354/354/354 353/353/353 362/362/362
f 353/353/353 359/359/359 362/362/362
f 357/357/357 354/354/354 363/363/363
f 354/354/354 362/362/362 363/363/363
f 355/355/355 356/356/356 364/364/364
f 355/355/355 364/364/364 361/361/361
f 357/357/357 363/363/363 365/365/365
f 366/366/366 357/357/357 365/365/365
f 360/360/360 361/361/361 367/367/367
f 359/359/359 360/360/360 368/368/368
f 360/360/360 367/367/367 368/368/368
f 362/362/362 359/359/359 369/369/369
f 359/359/359 368/368/368 369/369/369
f 363/363/363 362/362/362 370/370/370
f 362/362/362 369/369/369 370/370/370
f 365/365/365 363/363/363 371/371/371
f 363/363/363 370/370/370 371/371/371
f 361/361/361 364/364/364 372/372/372
f 361/361/361 372/372/372 367/367/367
f 365/365/365 371/371/371 373/373/373
f 374/374/374 365/365/365 373/373/373
f 369/369/369 368/368/368 375/375/375
f 370/370/370 369/369/369 376/376/376
f 369/369/369 375/375/375 376/376/376
f 368/368/368 367/367/367 377/377/377
f 368/368/368 377/377/377 375/375/375
f 371/371/371 370/370/370 378/378/378
f 370/370/370 376/376/376 378/378/378
f 373/373/373 371/371/371 379/379/379
f 371/371/371 378/378/378 379/379/379
f 367/367/367 372/372/372 380/380/380
f 367/367/367 380/380/380 377/377/377
f 373/373/373 379/379/379 381/381/381
f 382/382/382 373/373/373 381/381/381
f 375/375/375 377/377/377 383/383/383
f 376/376/376 375/375/375 384/384/384
f 375/375/375 383/383/383 384/384/384
f 378/378/378 376/376/376 385/385/385
f 376/376/376 384/384/384 385/385/385
f 379/379/379 378/378/378 386/386/386
f 378/378/378 385/385/385 386/386/386
f 381/381/381 379/379/379 387/387/387
f 379/379/379 386/386/386 387/387/387
f 377/377/377 380/380/380 388/388/388
f 377/377/377 388/388/388 383/383/383
f 381/381/381 387/387/387 389/389/389
f 390/390/390 381/381/381 389/389/389
f 384/384/384 383/383/383 391/391/391
f 385/385/385 384/384/384 392/392/392
f 384/384/384 391/391/391 392/392/392
f 386/386/386 385/385/385 393/393/393
f 385/385/385 392/392/392 393/393/393
f 387/387/387 386/386/386 394/394/394
f 386/386/386 393/393/393 394/394/394
f 389/389/389 387/387/387 395/395/395
f 387/387/387 394/394/394 395/395/395
f 383/383/383 388/388/388 396/396/396
f 383/383/383 396/396/396 391/391/391
f 389/389/389 395/395/395 397/397/397
f 398/398/398 389/389/389 397/397/397
f 392/392/392 391/391/391 399/399/399
f 392/392/392 399/399/399 400/400/400
f 393/393/393 392/392/392 400/400/400
f 391/391/391 401/401/401 399/399/399
f 391/391/391 396/396/396 401/401/401
f 393/393/393 400/400/400 402/402/402
f 394/394/394 393/393/393 402/402/402
f 394/394/394 402/402/402 403/403/403
f 395/395/395 394/394/394 403/403/403
f 395/395/395 403/403/403 404/404/404
f 397/397/397 395/395/395 404/404/404
f 397/397/397 404/404/404 405/405/405
f 406/406/406 397/397/397 405/405/405
f 396/396/396 407/407/407 401/401/401
f 396/396/396 408/408/408 407/407/407
f 388/388/388 408/408/408 396/396/396
f 408/408/408 409/409/409 407/407/407
f 388/388/388 410/410/410 408/408/408
f 380/380/380 410/410/410 388/388/388
f 408/408/408 411/411/411 409/409/409
f 410/410/410 411/411/411 408/408/408
f 411/411/411 412/412/412 409/409/409
f 380/380/380 413/413/413 410/410/410
f 372/372/372 413/413/413 380/380/380
f 410/410/410 414/414/414 411/411/411
f 413/413/413 414/414/414 410/410/410
f 414/414/414 415/415/415 411/411/411
f 372/372/372 416/416/416 413/413/413
f 364/364/364 416/416/416 372/372/372
f 413/413/413 417/417/417 414/414/414
f 416/416/416 417/417/417 413/413/413
f 417/417/417 418/418/418 414/414/414
f 364/364/364 419/419/419 416/416/416
f 356/356/356 419/419/419 364/364/364
f 416/416/416 420/420/420 417/417/417
f 419/419/419 420/420/420 416/416/416
f 420/420/420 421/421/421 417/417/417
f 356/356/356 422/422/422 419/419/419
f 349/349/349 422/422/422 356/356/356
f 419/419/419 423/423/423 420/420/420
f 422/422/422 423/423/423 419/419/419
f 423/423/423 424/424/424 420/420/420
f 349/349/349 425/425/425 422/422/422
f 348/348/348 425/425/425 349/349/349
f 422/422/422 426/426/426 423/423/423
f 425/425/425 426/426/426 422/422/422
f 426/426/426 427/427/427 423/423/423
f 348/348/348 428/428/428 425/425/425
f 350/350/350 428/428/428 348/348/348
f 425/425/425 429/429/429 426/426/426
f 428/428/428 429/429/429 425/425/425
f 429/429/429 430/430/430 426/426/426
f 428/428/428 431/431/431 429/429/429
f 431/431/431 432/432/432 429/429/429
f 350/350/350 433/433/433 428/428/428
f 433/433/433 431/431/431 428/428/428
f 434/434/434 433/433/433 350/350/350
f 339/339/339 434/434/434 350/350/350
f 433/433/433 435/435/435 431/431/431
f 435/435/435 436/436/436 431/431/431
f 437/437/437 435/435/435 433/433/433
f 434/434/434 437/437/437 433/433/433
f 438/438/438 434/434/434 339/339/339
f 331/331/331 438/438/438 339/339/339
f 437/437/437 439/439/439 435/435/435
f 439/439/439 440/440/440 435/435/435
f 441/441/441 437/437/437 434/434/434
f 438/438/438 441/441/441 434/434/434
f 442/442/442 438/438/438 331/331/331
f 326/326/326 442/442/442 331/331/331
f 443/443/443 439/439/439 437/437/437
f 441/441/441 443/443/443 437/437/437
f 444/444/444 441/441/441 438/438/438
f 442/442/442 444/444/444 438/438/438
f 445/445/445 442/442/442 326/326/326
f 325/325/325 445/445/445 326/326/326
f 443/443/443 446/446/446 439/439/439
f 446/446/446 447/447/447 439/439/439
f 448/448/448 443/443/443 441/441/441
f 444/444/444 448/448/448 441/441/441
f 449/449/449 444/444/444 442/442/442
f 445/445/445 449/449/449 442/442/442
f 450/450/450 445/445/445 325/325/325
f 324/324/324 450/450/450 325/325/325
f 451/451/451 446/446/446 443/443/443
f 448/448/448 451/451/451 443/443/443
f 452/452/452 448/448/448 444/444/444
f 449/449/449 452/452/452 444/444/444
f 453/453/453 449/449/449 445/445/445
f 450/450/450 453/453/453 445/445/445
f 454/454/454 450/450/450 324/324/324
f 327/327/327 454/454/454 324/324/324
f 455/455/455 454/454/454 327/327/327
f 456/456/456 455/455/455 327/327/327
f 455/455/455 457/457/457 454/454/454
f 454/454/454 458/458/458 450/450/450
f 457/457/457 458/458/458 454/454/454
f 458/458/458 453/453/453 450/450/450
f 457/457/457 459/459/459 458/458/458
f 459/459/459 460/460/460 458/458/458
f 458/458/458 460/460/460 453/453/453
f 459/459/459 461/461/461 460/460/460
f 453/453/453 462/462/462 449/449/449
f 460/460/460 462/462/462 453/453/453
f 462/462/462 452/452/452 449/449/449
f 461/461/461 463/463/463 460/460/460
f 460/460/460 463/463/463 462/462/462
f 461/461/461 464/464/464 463/463/463
f 462/462/462 465/465/465 452/452/452
f 463/463/463 465/465/465 462/462/462
f 464/464/464 466/466/466 463/463/463
f 463/463/463 466/466/466 465/465/465
f 464/464/464 467/467/467 466/466/466
f 465/465/465 468/468/468 452/452/452
f 452/452/452 468/468/468 448/448/448
f 468/468/468 451/451/451 448/448/448
f 467/467/467 469/469/469 466/466/466
f 467/467/467 470/470/470 469/469/469
f 466/466/466 471/471/471 465/465/465
f 465/465/465 471/471/471 468/468/468
f 466/466/466 469/469/469 471/471/471
f 468/468/468 472/472/472 451/451/451
f 471/471/471 472/472/472 468/468/468
f 470/470/470 473/473/473 469/469/469
f 470/470/470 474/474/474 473/473/473
f 469/469/469 475/475/475 471/471/471
f 471/471/471 475/475/475 472/472/472
f 469/469/469 473/473/473 475/475/475
f 472/472/472 476/476/476 451/451/451
f 451/451/451 476/476/476 446/446/446
f 476/476/476 477/477/477 446/446/446
f 472/472/472 478/478/478 476/476/476
f 475/475/475 478/478/478 472/472/472
f 478/478/478 479/479/479 476/476/476
f 475/475/475 480/480/480 478/478/478
f 473/473/473 480/480/480 475/475/475
f 480/480/480 481/481/481 478/478/478
f 474/474/474 482/482/482 473/473/473
f 473/473/473 482/482/482 480/480/480
f 482/482/482 483/483/483 480/480/480
f 474/474/474 484/484/484 482/482/482
f 484/484/484 485/485/485 482/482/482
f 486/486/486 488/488/488 487/487/487
f 487/487/487 488/488/488 489/489/489
f 488/488/488 490/490/490 489/489/489
f 489/489/489 490/490/490 491/491/491
f 488/488/488 492/492/492 490/490/490
f 493/493/493 492/492/492 488/488/488
f 490/490/490 492/492/492 494/494/494
f 492/492/492 495/495/495 494/494/494
f 490/490/490 494/494/494 496/496/496
f 491/491/491 490/490/490 496/496/496
f 496/496/496 494/494/494 497/497/497
f 494/494/494 498/498/498 497/497/497
f 496/496/496 497/497/497 499/499/499
f 496/496/496 499/499/499 500/500/500
f 496/496/496 500/500/500 501/501/501
f 491/491/491 496/496/496 501/501/501
f 502/502/502 501/501/501 500/500/500
f 491/491/491 501/501/501 502/502/502
f 502/502/502 500/500/500 503/503/503
f 504/504/504 502/502/502 503/503/503
f 504/504/504 503/503/503 505/505/505
f 506/506/506 504/504/504 505/505/505
f 506/506/506 505/505/505 507/507/507
f 508/508/508 506/506/506 507/507/507
f 508/508/508 507/507/507 509/509/509
f 510/510/510 508/508/508 509/509/509
f 511/511/511 506/506/506 508/508/508
f 512/512/512 511/511/511 508/508/508
f 513/513/513 504/504/504 506/506/506
f 511/511/511 513/513/513 506/506/506
f 514/514/514 502/502/502 504/504/504
f 513/513/513 514/514/514 504/504/504
f 514/514/514 515/515/515 502/502/502
f 491/491/491 502/502/502 515/515/515
f 516/516/516 514/514/514 513/513/513
f 515/515/515 514/514/514 516/516/516
f 517/517/517 513/513/513 511/511/511
f 516/516/516 513/513/513 517/517/517
f 491/491/491 515/515/515 518/518/518
f 515/515/515 516/516/516 518/518/518
f 517/517/517 511/511/511 519/519/519
f 519/519/519 511/511/511 520/520/520
f 521/521/521 516/516/516 517/517/517
f 518/518/518 516/516/516 521/521/521
f 491/491/491 518/518/518 522/522/522
f 489/489/489 491/491/491 522/522/522
f 523/523/523 517/517/517 519/519/519
f 521/521/521 517/517/517 523/523/523
f 524/524/524 522/522/522 518/518/518
f 518/518/518 521/521/521 524/524/524
f 525/525/525 489/489/489 522/522/522
f 487/487/487 489/489/489 525/525/525
f 525/525/525 522/522/522 526/526/526
f 524/524/524 526/526/526 522/522/522
f 527/527/527 487/487/487 525/525/525
f 527/527/527 525/525/525 526/526/526
f 523/523/523 519/519/519 528/528/528
f 528/528/528 519/519/519 529/529/529
f 530/530/530 523/523/523 528/528/528
f 531/531/531 530/530/530 528/528/528
f 532/532/532 521/521/521 523/523/523
f 530/530/530 532/532/532 523/523/523
f 533/533/533 524/524/524 521/521/521
f 532/532/532 533/533/533 521/521/521
f 534/534/534 526/526/526 524/524/524
f 533/533/533 534/534/534 524/524/524
f 535/535/535 532/532/532 530/530/530
f 536/536/536 535/535/535 530/530/530
f 535/535/535 537/537/537 532/532/532
f 537/537/537 533/533/533 532/532/532
f 534/534/534 538/538/538 526/526/526
f 527/527/527 526/526/526 538/538/538
f 539/539/539 538/538/538 534/534/534
f 539/539/539 527/527/527 538/538/538
f 540/540/540 534/534/534 533/533/533
f 539/539/539 534/534/534 540/540/540
f 540/540/540 533/533/533 541/541/541
f 537/537/537 541/541/541 533/533/533
f 542/542/542 537/537/537 535/535/535
f 543/543/543 542/542/542 535/535/535
f 542/542/542 544/544/544 537/537/537
f 544/544/544 541/541/541 537/537/537
f 545/545/545 540/540/540 541/541/541
f 545/545/545 539/539/539 540/540/540
f 546/546/546 544/544/544 542/542/542
f 547/547/547 546/546/546 542/542/542
f 544/544/544 548/548/548 541/541/541
f 545/545/545 541/541/541 548/548/548
f 546/546/546 549/549/549 544/544/544
f 549/549/549 548/548/548 544/544/544
f 549/549/549 546/546/546 550/550/550
f 550/550/550 546/546/546 551/551/551
f 545/545/545 552/552/552 539/539/539
f 553/553/553 545/545/545 548/548/548
f 553/553/553 552/552/552 545/545/545
f 549/549/549 554/554/554 548/548/548
f 553/553/553 548/548/548 554/554/554
f 555/555/555 554/554/554 549/549/549
f 553/553/553 554/554/554 555/555/555
f 549/549/549 550/550/550 556/556/556
f 555/555/555 549/549/549 556/556/556
f 552/552/552 557/557/557 539/539/539
f 539/539/539 557/557/557 527/527/527
f 557/557/557 558/558/558 527/527/527
f 527/527/527 558/558/558 487/487/487
f 558/558/558 559/559/559 487/487/487
f 557/557/557 560/560/560 558/558/558
f 560/560/560 561/561/561 558/558/558
f 552/552/552 562/562/562 557/557/557
f 562/562/562 560/560/560 557/557/557
f 553/553/553 563/563/563 552/552/552
f 563/563/563 562/562/562 552/552/552
f 562/562/562 564/564/564 560/560/560
f 564/564/564 565/565/565 560/560/560
f 566/566/566 564/564/564 562/562/562
f 563/563/563 566/566/566 562/562/562
f 567/567/567 563/563/563 553/553/553
f 553/553/553 555/555/555 567/567/567
f 567/567/567 568/568/568 563/563/563
f 568/568/568 566/566/566 563/563/563
f 566/566/566 569/569/569 564/564/564
f 569/569/569 570/570/570 564/564/564
f 555/555/555 571/571/571 567/567/567
f 568/568/568 567/567/567 571/571/571
f 569/569/569 566/566/566 572/572/572
f 568/568/568 572/572/572 566/566/566
f 555/555/555 573/573/573 571/571/571
f 573/573/573 555/555/555 556/556/556
f 569/569/569 572/572/572 574/574/574
f 575/575/575 569/569/569 574/574/574
f 576/576/576 574/574/574 572/572/572
f 577/577/577 574/574/574 576/576/576
f 578/578/578 572/572/572 568/568/568
f 576/576/576 572/572/572 578/578/578
f 568/568/568 571/571/571 579/579/579
f 578/578/578 568/568/568 579/579/579
f 580/580/580 579/579/579 571/571/571
f 580/580/580 571/571/571 573/573/573
f 581/581/581 578/578/578 579/579/579
f 580/580/580 581/581/581 579/579/579
f 582/582/582 576/576/576 578/578/578
f 581/581/581 582/582/582 578/578/578
f 582/582/582 583/583/583 576/576/576
f 583/583/583 584/584/584 576/576/576
f 585/585/585 583/583/583 582/582/582
f 585/585/585 582/582/582 581/581/581
f 585/585/585 586/586/586 583/583/583
f 586/586/586 587/587/587 583/583/583
f 585/585/585 581/581/581 588/588/588
f 589/589/589 588/588/588 581/581/581
f 589/589/589 581/581/581 580/580/580
f 589/589/589 580/580/580 590/590/590
f 580/580/580 573/573/573 590/590/590
f 589/589/589 590/590/590 591/591/591
f 592/592/592 591/591/591 590/590/590
f 592/592/592 590/590/590 593/593/593
f 593/593/593 590/590/590 573/573/573
f 594/594/594 592/592/592 593/593/593
f 593/593/593 573/573/573 595/595/595
f 573/573/573 556/556/556 595/595/595
f 595/595/595 556/556/556 550/550/550
f 594/594/594 593/593/593 596/596/596
f 596/596/596 593/593/593 595/595/595
f 597/597/597 594/594/594 596/596/596
f 595/595/595 550/550/550 598/598/598
f 596/596/596 595/595/595 598/598/598
f 598/598/598 550/550/550 599/599/599
f 600/600/600 596/596/596 598/598/598
f 601/601/601 603/603/603 602/602/602
f 602/602/602 603/603/603 604/604/604
f 603/603/603 605/605/605 604/604/604
f 604/604/604 605/605/605 606/606/606
f 603/603/603 607/607/607 605/605/605
f 608/608/608 607/607/607 603/603/603
f 605/605/605 607/607/607 609/609/609
f 607/607/607 610/610/610 609/609/609
f 605/605/605 609/609/609 611/611/611
f 606/606/606 605/605/605 611/611/611
f 611/611/611 609/609/609 612/612/612
f 609/609/609 613/613/613 612/612/612
f 611/611/611 612/612/612 614/614/614
f 611/611/611 614/614/614 615/615/615
f 611/611/611 615/615/615 616/616/616
f 606/606/606 611/611/611 616/616/616
f 617/617/617 616/616/616 615/615/615
f 606/606/606 616/616/616 617/617/617
f 617/617/617 615/615/615 618/618/618
f 619/619/619 617/617/617 618/618/618
f 619/619/619 618/618/618 620/620/620
f 621/621/621 619/619/619 620/620/620
f 621/621/621 620/620/620 622/622/622
f 623/623/623 621/621/621 622/622/622
f 623/623/623 622/622/622 624/624/624
f 625/625/625 623/623/623 624/624/624
f 626/626/626 621/621/621 623/623/623
f 627/627/627 626/626/626 623/623/623
f 628/628/628 619/619/619 621/621/621
f 626/626/626 628/628/628 621/621/621
f 629/629/629 617/617/617 619/619/619
f 628/628/628 629/629/629 619/619/619
f 629/629/629 630/630/630 617/617/617
f 606/606/606 617/617/617 630/630/630
f 631/631/631 629/629/629 628/628/628
f 630/630/630 629/629/629 631/631/631
f 632/632/632 628/628/628 626/626/626
f 631/631/631 628/628/628 632/632/632
f 606/606/606 630/630/630 633/633/633
f 630/630/630 631/631/631 633/633/633
f 632/632/632 626/626/626 634/634/634
f 634/634/634 626/626/626 635/635/635
f 636/636/636 631/631/631 632/632/632
f 633/633/633 631/631/631 636/636/636
f 606/606/606 633/633/633 637/637/637
f 604/604/604 606/606/606 637/637/637
f 638/638/638 632/632/632 634/634/634
f 636/636/636 632/632/632 638/638/638
f 639/639/639 637/637/637 633/633/633
f 633/633/633 636/636/636 639/639/639
f 640/640/640 604/604/604 637/637/637
f 602/602/602 604/604/604 640/640/640
f 640/640/640 637/637/637 641/641/641
f 639/639/639 641/641/641 637/637/637
f 642/642/642 602/602/602 640/640/640
f 642/642/642 640/640/640 641/641/641
f 638/638/638 634/634/634 643/643/643
f 643/643/643 634/634/634 644/644/644
f 645/645/645 638/638/638 643/643/643
f 646/646/646 645/645/645 643/643/643
f 647/647/647 636/636/636 638/638/638
f 645/645/645 647/647/647 638/638/638
f 648/648/648 639/639/639 636/636/636
f 647/647/647 648/648/648 636/636/636
f 649/649/649 641/641/641 639/639/639
f 648/648/648 649/649/649 639/639/639
f 650/650/650 647/647/647 645/645/645
f 651/651/651 650/650/650 645/645/645
f 650/650/650 652/652/652 647/647/647
f 652/652/652 648/648/648 647/647/647
f 649/649/649 653/653/653 641/641/641
f 642/642/642 641/641/641 653/653/653
f 654/654/654 653/653/653 649/649/649
f 654/654/654 642/642/642 653/653/653
f 655/655/655 649/649/649 648/648/648
f 654/654/654 649/649/649 655/655/655
f 655/655/655 648/648/648 656/656/656
f 652/652/652 656/656/656 648/648/648
f 657/657/657 652/652/652 650/650/650
f 658/658/658 657/657/657 650/650/650
f 657/657/657 659/659/659 652/652/652
f 659/659/659 656/656/656 652/652/652
f 660/660/660 655/655/655 656/656/656
f 660/660/660 654/654/654 655/655/655
f 661/661/661 659/659/659 657/657/657
f 662/662/662 661/661/661 657/657/657
f 659/659/659 663/663/663 656/656/656
f 660/660/660 656/656/656 663/663/663
f 661/661/661 664/664/664 659/659/659
f 664/664/664 663/663/663 659/659/659
f 664/664/664 661/661/661 665/665/665
f 665/665/665 661/661/661 666/666/666
f 660/660/660 667/667/667 654/654/654
f 668/668/668 660/660/660 663/663/663
f 668/668/668 667/667/667 660/660/660
f 664/664/664 669/669/669 663/663/663
f 668/668/668 663/663/663 669/669/669
f 670/670/670 669/669/669 664/664/664
f 668/668/668 669/669/669 670/670/670
f 664/664/664 665/665/665 671/671/671
f 670/670/670 664/664/664 671/671/671
f 667/667/667 672/672/672 654/654/654
f 654/654/654 672/672/672 642/642/642
f 672/672/672 673/673/673 642/642/642
f 642/642/642 673/673/673 602/602/602
f 673/673/673 674/674/674 602/602/602
f 672/672/672 675/675/675 673/673/673
f 675/675/675 676/676/676 673/673/673
f 667/667/667 677/677/677 672/672/672
f 677/677/677 675/675/675 672/672/672
f 668/668/668 678/678/678 667/667/667
f 678/678/678 677/677/677 667/667/667
f 677/677/677 679/679/679 675/675/675
f 679/679/679 680/680/680 675/675/675
f 681/681/681 679/679/679 677/677/677
f 678/678/678 681/681/681 677/677/677
f 682/682/682 678/678/678 668/668/668
f 668/668/668 670/670/670 682/682/682
f 682/682/682 683/683/683 678/678/678
f 683/683/683 681/681/681 678/678/678
f 681/681/681 684/684/684 679/679/679
f 684/684/684 685/685/685 679/679/679
f 670/670/670 686/686/686 682/682/682
f 683/683/683 682/682/682 686/686/686
f 684/684/684 681/681/681 687/687/687
f 683/683/683 687/687/687 681/681/681
f 670/670/670 688/688/688 686/686/686
f 688/688/688 670/670/670 671/671/671
f 684/684/684 687/687/687 689/689/689
f 690/690/690 684/684/684 689/689/689
f 691/691/691 689/689/689 687/687/687
f 692/692/692 689/689/689 691/691/691
f 693/693/693 687/687/687 683/683/683
f 691/691/691 687/687/687 693/693/693
f 683/683/683 686/686/686 694/694/694
f 693/693/693 683/683/683 694/694/694
f 695/695/695 694/694/694 686/686/686
f 695/695/695 686/686/686 688/688/688
f 696/696/696 693/693/693 694/694/694
f 695/695/695 696/696/696 694/694/694
f 697/697/697 691/691/691 693/693/693
f 696/696/696 697/697/697 693/693/693
f 697/697/697 698/698/698 691/691/691
f 698/698/698 699/699/699 691/691/691
f 700/700/700 698/698/698 697/697/697
f 700/700/700 697/697/697 696/696/696
f 700/700/700 701/701/701 698/698/698
f 701/701/701 702/702/702 698/698/698
f 700/700/700 696/696/696 703/703/703
f 704/704/704 703/703/703 696/696/696
f 704/704/704 696/696/696 695/695/695
f 704/704/704 695/695/695 705/705/705
f 695/695/695 688/688/688 705/705/705
f 704/704/704 705/705/705 706/706/706
f 707/707/707 706/706/706 705/705/705
f 707/707/707 705/705/705 708/708/708
f 708/708/708 705/705/705 688/688/688
f 709/709/709 707/707/707 708/708/708
f 708/708/708 688/688/688 710/710/710
f 688/688/688 671/671/671 710/710/710
f 710/710/710 671/671/671 665/665/665
f 709/709/709 708/708/708 711/711/711
f 711/711/711 708/708/708 710/710/710
f 712/712/712 709/709/709 711/711/711
f 710/710/710 665/665/665 713/713/713
f 711/711/711 710/710/710 713/713/713
f 713/713/713 665/665/665 714/714/714
f 715/715/715 711/711/711 713/713/713
f 716/716/716 718/718/718 717/717/717
f 717/717/717 718/718/718 719/719/719
f 718/718/718 720/720/720 719/719/719
f 719/719/719 720/720/720 721/721/721
f 718/718/718 722/722/722 720/720/720
f 723/723/723 722/722/722 718/718/718
f 720/720/720 722/722/722 724/724/724
f 722/722/722 725/725/725 724/724/724
f 720/720/720 724/724/724 726/726/726
f 721/721/721 720/720/720 726/726/726
f 726/726/726 724/724/724 727/727/727
f 724/724/724 728/728/728 727/727/727
f 726/726/726 727/727/727 729/729/729
f 726/726/726 729/729/729 730/730/730
f 726/726/726 730/730/730 731/731/731
f 721/721/721 726/726/726 731/731/731
f 732/732/732 731/731/731 730/730/730
f 721/721/721 731/731/731 732/732/732
f 732/732/732 730/730/730 733/733/733
f 734/734/734 732/732/732 733/733/733
f 734/734/734 733/733/733 735/735/735
f 736/736/736 734/734/734 735/735/735
f 736/736/736 735/735/735 737/737/737
f 738/738/738 736/736/736 737/737/737
f 738/738/738 737/737/737 739/739/739
f 740/740/740 738/738/738 739/739/739
f 741/741/741 736/736/736 738/738/738
f 742/742/742 741/741/741 738/738/738
f 743/743/743 734/734/734 736/736/736
f 741/741/741 743/743/743 736/736/736
f 744/744/744 732/732/732 734/734/734
f 743/743/743 744/744/744 734/734/734
f 744/744/744 745/745/745 732/732/732
f 721/721/721 732/732/732 745/745/745
f 746/746/746 744/744/744 743/743/743
f 745/745/745 744/744/744 746/746/746
f 747/747/747 743/743/743 741/741/741
f 746/746/746 743/743/743 747/747/747
f 721/721/721 745/745/745 748/748/748
f 745/745/745 746/746/746 748/748/748
f 747/747/747 741/741/741 749/749/749
f 749/749/749 741/741/741 750/750/750
f 751/751/751 746/746/746 747/747/747
f 748/748/748 746/746/746 751/751/751
f 721/721/721 748/748/748 752/752/752
f 719/719/719 721/721/721 752/752/752
f 753/753/753 747/747/747 749/749/749
f 751/751/751 747/747/747 753/753/753
f 754/754/754 752/752/752 748/748/748
f 748/748/748 751/751/751 754/754/754
f 755/755/755 719/719/719 752/752/752
f 717/717/717 719/719/719 755/755/755
f 755/755/755 752/752/752 756/756/756
f 754/754/754 756/756/756 752/752/752
f 757/757/757 717/717/717 755/755/755
f 757/757/757 755/755/755 756/756/756
f 753/753/753 749/749/749 758/758/758
f 758/758/758 749/749/749 759/759/759
f 760/760/760 753/753/753 758/758/758
f 761/761/761 760/760/760 758/758/758
f 762/762/762 751/751/751 753/753/753
f 760/760/760 762/762/762 753/753/753
f 763/763/763 754/754/754 751/751/751
f 762/762/762 763/763/763 751/751/751
f 764/764/764 756/756/756 754/754/754
f 763/763/763 764/764/764 754/754/754
f 765/765/765 762/762/762 760/760/760
f 766/766/766 765/765/765 760/760/760
f 765/765/765 767/767/767 762/762/762
f 767/767/767 763/763/763 762/762/762
f 764/764/764 768/768/768 756/756/756
f 757/757/757 756/756/756 768/768/768
f 769/769/769 768/768/768 764/764/764
f 769/769/769 757/757/757 768/768/768
f 770/770/770 764/764/764 763/763/763
f 769/769/769 764/764/764 770/770/770
f 770/770/770 763/763/763 771/771/771
f 767/767/767 771/771/771 763/763/763
f 772/772/772 767/767/767 765/765/765
f 773/773/773 772/772/772 765/765/765
f 772/772/772 774/774/774 767/767/767
f 774/774/774 771/771/771 767/767/767
f 775/775/775 770/770/770 771/771/771
f 775/775/775 769/769/769 770/770/770
f 776/776/776 774/774/774 772/772/772
f 777/777/777 776/776/776 772/772/772
f 774/774/774 778/778/778 771/771/771
f 775/775/775 771/771/771 778/778/778
f 776/776/776 779/779/779 774/774/774
f 779/779/779 778/778/778 774/774/774
f 779/779/779 776/776/776 780/780/780
f 780/780/780 776/776/776 781/781/781
f 775/775/775 782/782/782 769/769/769
f 783/783/783 775/775/775 778/778/778
f 783/783/783 782/782/782 775/775/775
f 779/779/779 784/784/784 778/778/778
f 783/783/783 778/778/778 784/784/784
f 785/785/785 784/784/784 779/779/779
f 783/783/783 784/784/784 785/785/785
f 779/779/779 780/780/780 786/786/786
f 785/785/785 779/779/779 786/786/786
f 782/782/782 787/787/787 769/769/769
f 769/769/769 787/787/787 757/757/757
f 787/787/787 788/788/788 757/757/757
f 757/757/757 788/788/788 717/717/717
f 788/788/788 789/789/789 717/717/717
f 787/787/787 790/790/790 788/788/788
f 790/790/790 791/791/791 788/788/788
f 782/782/782 792/792/792 787/787/787
f 792/792/792 790/790/790 787/787/787
f 783/783/783 793/793/793 782/782/782
f 793/793/793 792/792/792 782/782/782
f 792/792/792 794/794/794 790/790/790
f 794/794/794 795/795/795 790/790/790
f 796/796/796 794/794/794 792/792/792
f 793/793/793 796/796/796 792/792/792
f 797/797/797 793/793/793 783/783/783
f 783/783/783 785/785/785 797/797/797
f 797/797/797 798/798/798 793/793/793
f 798/798/798 796/796/796 793/793/793
f 796/796/796 799/799/799 794/794/794
f 799/799/799 800/800/800 794/794/794
f 785/785/785 801/801/801 797/797/797
f 798/798/798 797/797/797 801/801/801
f 799/799/799 796/796/796 802/802/802
f 798/798/798 802/802/802 796/796/796
f 785/785/785 803/803/803 801/801/801
f 803/803/803 785/785/785 786/786/786
f 799/799/799 802/802/802 804/804/804
f 805/805/805 799/799/799 804/804/804
f 806/806/806 804/804/804 802/802/802
f 807/807/807 804/804/804 806/806/806
f 808/808/808 802/802/802 798/798/798
f 806/806/806 802/802/802 808/808/808
f 798/798/798 801/801/801 809/809/809
f 808/808/808 798/798/798 809/809/809
f 810/810/810 809/809/809 801/801/801
f 810/810/810 801/801/801 803/803/803
f 811/811/811 808/808/808 809/809/809
f 810/810/810 811/811/811 809/809/809
f 812/812/812 806/806/806 808/808/808
f 811/811/811 812/812/812 808/808/808
f 812/812/812 813/813/813 806/806/806
f 813/813/813 814/814/814 806/806/806
f 815/815/815 813/813/813 812/812/812
f 815/815/815 812/812/812 811/811/811
f 815/815/815 816/816/816 813/813/813
f 816/816/816 817/817/817 813/813/813
f 815/815/815 811/811/811 818/818/818
f 819/819/819 818/818/818 811/811/811
f 819/819/819 811/811/811 810/810/810
f 819/819/819 810/810/810 820/820/820
f 810/810/810 803/803/803 820/820/820
f 819/819/819 820/820/820 821/821/821
f 822/822/822 821/821/821 820/820/820
f 822/822/822 820/820/820 823/823/823
f 823/823/823 820/820/820 803/803/803
f 824/824/824 822/822/822 823/823/823
f 823/823/823 803/803/803 825/825/825
f 803/803/803 786/786/786 825/825/825
f 825/825/825 786/786/786 780/780/780
f 824/824/824 823/823/823 826/826/826
f 826/826/826 823/823/823 825/825/825
f 827/827/827 824/824/824 826/826/826
f 825/825/825 780/780/780 828/828/828
f 826/826/826 825/825/825 828/828/828
f 828/828/828 780/780/780 829/829/829
f 830/830/830 826/826/826 828/828/828
f 831/831/831 833/833/833 832/832/832
f 832/832/832 833/833/833 834/834/834
f 833/833/833 835/835/835 834/834/834
f 834/834/834 835/835/835 836/836/836
f 833/833/833 837/837/837 835/835/835
f 838/838/838 837/837/837 833/833/833
f 835/835/835 837/837/837 839/839/839
f 837/837/837 840/840/840 839/839/839
f 835/835/835 839/839/839 841/841/841
f 836/836/836 835/835/835 841/841/841
f 841/841/841 839/839/839 842/842/842
f 839/839/839 843/843/843 842/842/842
f 841/841/841 842/842/842 844/844/844
f 841/841/841 844/844/844 845/845/845
f 841/841/841 845/845/845 846/846/846
f 836/836/836 841/841/841 846/846/846
f 847/847/847 846/846/846 845/845/845
f 836/836/836 846/846/846 847/847/847
f 847/847/847 845/845/845 848/848/848
f 849/849/849 847/847/847 848/848/848
f 849/849/849 848/848/848 850/850/850
f 851/851/851 849/849/849 850/850/850
f 851/851/851 850/850/850 852/852/852
f 853/853/853 851/851/851 852/852/852
f 853/853/853 852/852/852 854/854/854
f 855/855/855 853/853/853 854/854/854
f 856/856/856 851/851/851 853/853/853
f 857/857/857 856/856/856 853/853/853
f 858/858/858 849/849/849 851/851/851
f 856/856/856 858/858/858 851/851/851
f 859/859/859 847/847/847 849/849/849
f 858/858/858 859/859/859 849/849/849
f 859/859/859 860/860/860 847/847/847
f 836/836/836 847/847/847 860/860/860
f 861/861/861 859/859/859 858/858/858
f 860/860/860 859/859/859 861/861/861
f 862/862/862 858/858/858 856/856/856
f 861/861/861 858/858/858 862/862/862
f 836/836/836 860/860/860 863/863/863
f 860/860/860 861/861/861 863/863/863
f 862/862/862 856/856/856 864/864/864
f 864/864/864 856/856/856 865/865/865
f 866/866/866 861/861/861 862/862/862
f 863/863/863 861/861/861 866/866/866
f 836/836/836 863/863/863 867/867/867
f 834/834/834 836/836/836 867/867/867
f 868/868/868 862/862/862 864/864/864
f 866/866/866 862/862/862 868/868/868
f 869/869/869 867/867/867 863/863/863
f 863/863/863 866/866/866 869/869/869
f 870/870/870 834/834/834 867/867/867
f 832/832/832 834/834/834 870/870/870
f 870/870/870 867/867/867 871/871/871
f 869/869/869 871/871/871 867/867/867
f 872/872/872 832/832/832 870/870/870
f 872/872/872 870/870/870 871/871/871
f 868/868/868 864/864/864 873/873/873
f 873/873/873 864/864/864 874/874/874
f 875/875/875 868/868/868 873/873/873
f 876/876/876 875/875/875 873/873/873
f 877/877/877 866/866/866 868/868/868
f 875/875/875 877/877/877 868/868/868
f 878/878/878 869/869/869 866/866/866
f 877/877/877 878/878/878 866/866/866
f 879/879/879 871/871/871 869/869/869
f 878/878/878 879/879/879 869/869/869
f 880/880/880 877/877/877 875/875/875
f 881/881/881 880/880/880 875/875/875
f 880/880/880 882/882/882 877/877/877
f 882/882/882 878/878/878 877/877/877
f 879/879/879 883/883/883 871/871/871
f 872/872/872 871/871/871 883/883/883
f 884/884/884 883/883/883 879/879/879
f 884/884/884 872/872/872 883/883/883
f 885/885/885 879/879/879 878/878/878
f 884/884/884 879/879/879 885/885/885
f 885/885/885 878/878/878 886/886/886
f 882/882/882 886/886/886 878/878/878
f 887/887/887 882/882/882 880/880/880
f 888/888/888 887/887/887 880/880/880
f 887/887/887 889/889/889 882/882/882
f 889/889/889 886/886/886 882/882/882
f 890/890/890 885/885/885 886/886/886
f 890/890/890 884/884/884 885/885/885
f 891/891/891 889/889/889 887/887/887
f 892/892/892 891/891/891 887/887/887
f 889/889/889 893/893/893 886/886/886
f 890/890/890 886/886/886 893/893/893
f 891/891/891 894/894/894 889/889/889
f 894/894/894 893/893/893 889/889/889
f 894/894/894 891/891/891 895/895/895
f 895/895/895 891/891/891 896/896/896
f 890/890/890 897/897/897 884/884/884
f 898/898/898 890/890/890 893/893/893
f 898/898/898 897/897/897 890/890/890
f 894/894/894 899/899/899 893/893/893
f 898/898/898 893/893/893 899/899/899
f 900/900/900 899/899/899 894/894/894
f 898/898/898 899/899/899 900/900/900
f 894/894/894 895/895/895 901/901/901
f 900/900/900 894/894/894 901/901/901
f 897/897/897 902/902/902 884/884/884
f 884/884/884 902/902/902 872/872/872
f 902/902/902 903/903/903 872/872/872
f 872/872/872 903/903/903 832/832/832
f 903/903/903 904/904/904 832/832/832
f 902/902/902 905/905/905 903/903/903
f 905/905/905 906/906/906 903/903/903
f 897/897/897 907/907/907 902/902/902
f 907/907/907 905/905/905 902/902/902
f 898/898/898 908/908/908 897/897/897
f 908/908/908 907/907/907 897/897/897
f 907/907/907 909/909/909 905/905/905
f 909/909/909 910/910/910 905/905/905
f 911/911/911 909/909/909 907/907/907
f 908/908/908 911/911/911 907/907/907
f 912/912/912 908/908/908 898/898/898
f 898/898/898 900/900/900 912/912/912
f 912/912/912 913/913/913 908/908/908
f 913/913/913 911/911/911 908/908/908
f 911/911/911 914/914/914 909/909/909
f 914/914/914 915/915/915 909/909/909
f 900/900/900 916/916/916 912/912/912
f 913/913/913 912/912/912 916/916/916
f 914/914/914 911/911/911 917/917/917
f 913/913/913 917/917/917 911/911/911
f 900/900/900 918/918/918 916/916/916
f 918/918/918 900/900/900 901/901/901
f 914/914/914 917/917/917 919/919/919
f 920/920/920 914/914/914 919/919/919
f 921/921/921 919/919/919 917/917/917
f 922/922/922 919/919/919 921/921/921
f 923/923/923 917/917/917 913/913/913
f 921/921/921 917/917/917 923/923/923
f 913/913/913 916/916/916 924/924/924
f 923/923/923 913/913/913 924/924/924
f 925/925/925 924/924/924 916/916/916
f 925/925/925 916/916/916 918/918/918
f 926/926/926 923/923/923 924/924/924
f 925/925/925 926/926/926 924/924/924
f 927/927/927 921/921/921 923/923/923
f 926/926/926 927/927/927 923/923/923
f 927/927/927 928/928/928 921/921/921
f 928/928/928 929/929/929 921/921/921
f 930/930/930 928/928/928 927/927/927
f 930/930/930 927/927/927 926/926/926
f 930/930/930 931/931/931 928/928/928
f 931/931/931 932/932/932 928/928/928
f 930/930/930 926/926/926 933/933/933
f 934/934/934 933/933/933 926/926/926
f 934/934/934 926/926/926 925/925/925
f 934/934/934 925/925/925 935/935/935
f 925/925/925 918/918/918 935/935/935
f 934/934/934 935/935/935 936/936/936
f 937/937/937 936/936/936 935/935/935
f 937/937/937 935/935/935 938/938/938
f 938/938/938 935/935/935 918/918/918
f 939/939/939 937/937/937 938/938/938
f 938/938/938 918/918/918 940/940/940
f 918/918/918 901/901/901 940/940/940
f 940/940/940 901/901/901 895/895/895
f 939/939/939 938/938/938 941/941/941
f 941/941/941 938/938/938 940/940/940
f 942/942/942 939/939/939 941/941/941
f 940/940/940 895/895/895 943/943/943
f 941/941/941 940/940/940 943/943/943
f 943/943/943 895/895/895 944/944/944
f 945/945/945 941/941/941 943/943/943
f 946/946/946 948/948/948 947/947/947
f 947/947/947 948/948/948 949/949/949
f 948/948/948 950/950/950 949/949/949
f 949/949/949 950/950/950 951/951/951
f 948/948/948 952/952/952 950/950/950
f 953/953/953 952/952/952 948/948/948
f 950/950/950 952/952/952 954/954/954
f 952/952/952 955/955/955 954/954/954
f 950/950/950 954/954/954 956/956/956
f 951/951/951 950/950/950 956/956/956
f 956/956/956 954/954/954 957/957/957
f 954/954/954 958/958/958 957/957/957
f 956/956/956 957/957/957 959/959/959
f 956/956/956 959/959/959 960/960/960
f 956/956/956 960/960/960 961/961/961
f 951/951/951 956/956/956 961/961/961
f 962/962/962 961/961/961 960/960/960
f 951/951/951 961/961/961 962/962/962
f 962/962/962 960/960/960 963/963/963
f 964/964/964 962/962/962 963/963/963
f 964/964/964 963/963/963 965/965/965
f 966/966/966 964/964/964 965/965/965
f 966/966/966 965/965/965 967/967/967
f 968/968/968 966/966/966 967/967/967
f 968/968/968 967/967/967 969/969/969
f 970/970/970 968/968/968 969/969/969
f 971/971/971 966/966/966 968/968/968
f 972/972/972 971/971/971 968/968/968
f 973/973/973 964/964/964 966/966/966
f 971/971/971 973/973/973 966/966/966
f 974/974/974 962/962/962 964/964/964
f 973/973/973 974/974/974 964/964/964
f 974/974/974 975/975/975 962/962/962
f 951/951/951 962/962/962 975/975/975
f 976/976/976 974/974/974 973/973/973
f 975/975/975 974/974/974 976/976/976
f 977/977/977 973/973/973 971/971/971
f 976/976/976 973/973/973 977/977/977
f 951/951/951 975/975/975 978/978/978
f 975/975/975 976/976/976 978/978/978
f 977/977/977 971/971/971 979/979/979
f 979/979/979 971/971/971 980/980/980
f 981/981/981 976/976/976 977/977/977
f 978/978/978 976/976/976 981/981/981
f 951/951/951 978/978/978 982/982/982
f 949/949/949 951/951/951 982/982/982
f 983/983/983 977/977/977 979/979/979
f 981/981/981 977/977/977 983/983/983
f 984/984/984 982/982/982 978/978/978
f 978/978/978 981/981/981 984/984/984
f 985/985/985 949/949/949 982/982/982
f 947/947/947 949/949/949 985/985/985
f 985/985/985 982/982/982 986/986/986
f 984/984/984 986/986/986 982/982/982
f 987/987/987 947/947/947 985/985/985
f 987/987/987 985/985/985 986/986/986
f 983/983/983 979/979/979 988/988/988
f 988/988/988 979/979/979 989/989/989
f 990/990/990 983/983/983 988/988/988
f 991/991/991 990/990/990 988/988/988
f 992/992/992 981/981/981 983/983/983
f 990/990/990 992/992/992 983/983/983
f 993/993/993 984/984/984 981/981/981
f 992/992/992 993/993/993 981/981/981
f 994/994/994 986/986/986 984/984/984
f 993/993/993 994/994/994 984/984/984
f 995/995/995 992/992/992 990/990/990
f 996/996/996 995/995/995 990/990/990
f 995/995/995 997/997/997 992/992/992
f 997/997/997 993/993/993 992/992/992
f 994/994/994 998/998/998 986/986/986
f 987/987/987 986/986/986 998/998/998
f 999/999/999 998/998/998 994/994/994
f 999/999/999 987/987/987 998/998/998
f 1000/1000/1000 994/994/994 993/993/993
f 999/999/999 994/994/994 1000/1000/1000
f 1000/1000/1000 993/993/993 1001/1001/1001
f 997/997/997 1001/1001/1001 993/993/993
f 1002/1002/1002 997/997/997 995/995/995
f 1003/1003/1003 1002/1002/1002 995/995/995
f 1002/1002/1002 1004/1004/1004 997/997/997
f 1004/1004/1004 1001/1001/1001 997/997/997
f 1005/1005/1005 1000/1000/1000 1001/1001/1001
f 1005/1005/1005 999/999/999 1000/1000/1000
f 1006/1006/1006 1004/1004/1004 1002/1002/1002
f 1007/1007/1007 1006/1006/1006 1002/1002/1002
f 1004/1004/1004 1008/1008/1008 1001/1001/1001
f 1005/1005/1005 1001/1001/1001 1008/1008/1008
f 1006/1006/1006 1009/1009/1009 1004/1004/1004
f 1009/1009/1009 1008/1008/1008 1004/1004/1004
f 1009/1009/1009 1006/1006/1006 1010/1010/1010
f 1010/1010/1010 1006/1006/1006 1011/1011/1011
f 1005/1005/1005 1012/1012/1012 999/999/999
f 1013/1013/1013 1005/1005/1005 1008/1008/1008
f 1013/1013/1013 1012/1012/1012 1005/1005/1005
f 1009/1009/1009 1014/1014/1014 1008/1008/1008
f 1013/1013/1013 1008/1008/1008 1014/1014/1014
f 1015/1015/1015 1014/1014/1014 1009/1009/1009
f 1013/1013/1013 1014/1014/1014 1015/1015/1015
f 1009/1009/1009 1010/1010/1010 1016/1016/1016
f 1015/1015/1015 1009/1009/1009 1016/1016/1016
f 1012/1012/1012 1017/1017/1017 999/999/999
f 999/999/999 1017/1017/1017 987/987/987
f 1017/1017/1017 1018/1018/1018 987/987/987
f 987/987/987 1018/1018/1018 947/947/947
f 1018/1018/1018 1019/1019/1019 947/947/947
f 1017/1017/1017 1020/1020/1020 1018/1018/1018
f 1020/1020/1020 1021/1021/1021 1018/1018/1018
f 1012/1012/1012 1022/1022/1022 1017/1017/1017
f 1022/1022/1022 1020/1020/1020 1017/1017/1017
f 1013/1013/1013 1023/1023/1023 1012/1012/1012
f 1023/1023/1023 1022/1022/1022 1012/1012/1012
f 1022/1022/1022 1024/1024/1024 1020/1020/1020
f 1024/1024/1024 1025/1025/1025 1020/1020/1020
f 1026/1026/1026 1024/1024/1024 1022/1022/1022
f 1023/1023/1023 1026/1026/1026 1022/1022/1022
f 1027/1027/1027 1023/1023/1023 1013/1013/1013
f 1013/1013/1013 1015/1015/1015 1027/1027/1027
f 1027/1027/1027 1028/1028/1028 1023/1023/1023
f 1028/1028/1028 1026/1026/1026 1023/1023/1023
f 1026/1026/1026 1029/1029/1029 1024/1024/1024
f 1029/1029/1029 1030/1030/1030 1024/1024/1024
f 1015/1015/1015 1031/1031/1031 1027/1027/1027
f 1028/1028/1028 1027/1027/1027 1031/1031/1031
f 1029/1029/1029 1026/1026/1026 1032/1032/1032
f 1028/1028/1028 1032/1032/1032 1026/1026/1026
f 1015/1015/1015 1033/1033/1033 1031/1031/1031
f 1033/1033/1033 1015/1015/1015 1016/1016/1016
f 1029/1029/1029 1032/1032/1032 1034/1034/1034
f 1035/1035/1035 1029/1029/1029 1034/1034/1034
f 1036/1036/1036 1034/1034/1034 1032/1032/1032
f 1037/1037/1037 1034/1034/1034 1036/1036/1036
f 1038/1038/1038 1032/1032/1032 1028/1028/1028
f 1036/1036/1036 1032/1032/1032 1038/1038/1038
f 1028/1028/1028 1031/1031/1031 1039/1039/1039
f 1038/1038/1038 1028/1028/1028 1039/1039/1039
f 1040/1040/1040 1039/1039/1039 1031/1031/1031
f 1040/1040/1040 1031/1031/1031 1033/1033/1033
f 1041/1041/1041 1038/1038/1038 1039/1039/1039
f 1040/1040/1040 1041/1041/1041 1039/1039/1039
f 1042/1042/1042 1036/1036/1036 1038/1038/1038
f 1041/1041/1041 1042/1042/1042 1038/1038/1038
f 1042/1042/1042 1043/1043/1043 1036/1036/1036
f 1043/1043/1043 1044/1044/1044 1036/1036/1036
f 1045/1045/1045 1043/1043/1043 1042/1042/1042
f 1045/1045/1045 1042/1042/1042 1041/1041/1041
f 1045/1045/1045 1046/1046/1046 1043/1043/1043
f 1046/1046/1046 1047/1047/1047 1043/1043/1043
f 1045/1045/1045 1041/1041/1041 1048/1048/1048
f 1049/1049/1049 1048/1048/1048 1041/1041/1041
f 1049/1049/1049 1041/1041/1041 1040/1040/1040
f 1049/1049/1049 1040/1040/1040 1050/1050/1050
f 1040/1040/1040 1033/1033/1033 1050/1050/1050
f 1049/1049/1049 1050/1050/1050 1051/1051/1051
f 1052/1052/1052 1051/1051/1051 1050/1050/1050
f 1052/1052/1052 1050/1050/1050 1053/1053/1053
f 1053/1053/1053 1050/1050/1050 1033/1033/1033
f 1054/1054/1054 1052/1052/1052 1053/1053/1053
f 1053/1053/1053 1033/1033/1033 1055/1055/1055
f 1033/1033/1033 1016/1016/1016 1055/1055/1055
f 1055/1055/1055 1016/1016/1016 1010/1010/1010
f 1054/1054/1054 1053/1053/1053 1056/1056/1056
f 1056/1056/1056 1053/1053/1053 1055/1055/1055
f 1057/1057/1057 1054/1054/1054 1056/1056/1056
f 1055/1055/1055 1010/1010/1010 1058/1058/1058
f 1056/1056/1056 1055/1055/1055 1058/1058/1058
f 1058/1058/1058 1010/1010/1010 1059/1059/1059
f 1060/1060/1060 1056/1056/1056 1058/1058/1058
f 1061/1061/1061 1063/1063/1063 1062/1062/1062
f 1062/1062/1062 1063/1063/1063 1064/1064/1064
f 1063/1063/1063 1065/1065/1065 1064/1064/1064
f 1064/1064/1064 1065/1065/1065 1066/1066/1066
f 1063/1063/1063 1067/1067/1067 1065/1065/1065
f 1068/1068/1068 1067/1067/1067 1063/1063/1063
f 1065/1065/1065 1067/1067/1067 1069/1069/1069
f 1067/1067/1067 1070/1070/1070 1069/1069/1069
f 1065/1065/1065 1069/1069/1069 1071/1071/1071
f 1066/1066/1066 1065/1065/1065 1071/1071/1071
f 1071/1071/1071 1069/1069/1069 1072/1072/1072
f 1069/1069/1069 1073/1073/1073 1072/1072/1072
f 1071/1071/1071 1072/1072/1072 1074/1074/1074
f 1071/1071/1071 1074/1074/1074 1075/1075/1075
f 1071/1071/1071 1075/1075/1075 1076/1076/1076
f 1066/1066/1066 1071/1071/1071 1076/1076/1076
f 1077/1077/1077 1076/1076/1076 1075/1075/1075
f 1066/1066/1066 1076/1076/1076 1077/1077/1077
f 1077/1077/1077 1075/1075/1075 1078/1078/1078
f 1079/1079/1079 1077/1077/1077 1078/1078/1078
f 1079/1079/1079 1078/1078/1078 1080/1080/1080
f 1081/1081/1081 1079/1079/1079 1080/1080/1080
f 1081/1081/1081 1080/1080/1080 1082/1082/1082
f 1083/1083/1083 1081/1081/1081 1082/1082/1082
f 1083/1083/1083 1082/1082/1082 1084/1084/1084
f 1085/1085/1085 1083/1083/1083 1084/1084/1084
f 1086/1086/1086 1081/1081/1081 1083/1083/1083
f 1087/1087/1087 1086/1086/1086 1083/1083/1083
f 1088/1088/1088 1079/1079/1079 1081/1081/1081
f 1086/1086/1086 1088/1088/1088 1081/1081/1081
f 1089/1089/1089 1077/1077/1077 1079/1079/1079
f 1088/1088/1088 1089/1089/1089 1079/1079/1079
f 1089/1089/1089 1090/1090/1090 1077/1077/1077
f 1066/1066/1066 1077/1077/1077 1090/1090/1090
f 1091/1091/1091 1089/1089/1089 1088/1088/1088
f 1090/1090/1090 1089/1089/1089 1091/1091/1091
f 1092/1092/1092 1088/1088/1088 1086/1086/1086
f 1091/1091/1091 1088/1088/1088 1092/1092/1092
f 1066/1066/1066 1090/1090/1090 1093/1093/1093
f 1090/1090/1090 1091/1091/1091 1093/1093/1093
f 1092/1092/1092 1086/1086/1086 1094/1094/1094
f 1094/1094/1094 1086/1086/1086 1095/1095/1095
f 1096/1096/1096 1091/1091/1091 1092/1092/1092
f 1093/1093/1093 1091/1091/1091 1096/1096/1096
f 1066/1066/1066 1093/1093/1093 1097/1097/1097
f 1064/1064/1064 1066/1066/1066 1097/1097/1097
f 1098/1098/1098 1092/1092/1092 1094/1094/1094
f 1096/1096/1096 1092/1092/1092 1098/1098/1098
f 1099/1099/1099 1097/1097/1097 1093/1093/1093
f 1093/1093/1093 1096/1096/1096 1099/1099/1099
f 1100/1100/1100 1064/1064/1064 1097/1097/1097
f 1062/1062/1062 1064/1064/1064 1100/1100/1100
f 1100/1100/1100 1097/1097/1097 1101/1101/1101
f 1099/1099/1099 1101/1101/1101 1097/1097/1097
f 1102/1102/1102 1062/1062/1062 1100/1100/1100
f 1102/1102/1102 1100/1100/1100 1101/1101/1101
f 1098/1098/1098 1094/1094/1094 1103/1103/1103
f 1103/1103/1103 1094/1094/1094 1104/1104/1104
f 1105/1105/1105 1098/1098/1098 1103/1103/1103
f 1106/1106/1106 1105/1105/1105 1103/1103/1103
f 1107/1107/1107 1096/1096/1096 1098/1098/1098
f 1105/1105/1105 1107/1107/1107 1098/1098/1098
f 1108/1108/1108 1099/1099/1099 1096/1096/1096
f 1107/1107/1107 1108/1108/1108 1096/1096/1096
f 1109/1109/1109 1101/1101/1101 1099/1099/1099
f 1108/1108/1108 1109/1109/1109 1099/1099/1099
f 1110/1110/1110 1107/1107/1107 1105/1105/1105
f 1111/1111/1111 1110/1110/1110 1105/1105/1105
f 1110/1110/1110 1112/1112/1112 1107/1107/1107
f 1112/1112/1112 1108/1108/1108 1107/1107/1107
f 1109/1109/1109 1113/1113/1113 1101/1101/1101
f 1102/1102/1102 1101/1101/1101 1113/1113/1113
f 1114/1114/1114 1113/1113/1113 1109/1109/1109
f 1114/1114/1114 1102/1102/1102 1113/1113/1113
f 1115/1115/1115 1109/1109/1109 1108/1108/1108
f 1114/1114/1114 1109/1109/1109 1115/1115/1115
f 1115/1115/1115 1108/1108/1108 1116/1116/1116
f 1112/1112/1112 1116/1116/1116 1108/1108/1108
f 1117/1117/1117 1112/1112/1112 1110/1110/1110
f 1118/1118/1118 1117/1117/1117 1110/1110/1110
f 1117/1117/1117 1119/1119/1119 1112/1112/1112
f 1119/1119/1119 1116/1116/1116 1112/1112/1112
f 1120/1120/1120 1115/1115/1115 1116/1116/1116
f 1120/1120/1120 1114/1114/1114 1115/1115/1115
f 1121/1121/1121 1119/1119/1119 1117/1117/1117
f 1122/1122/1122 1121/1121/1121 1117/1117/1117
f 1119/1119/1119 1123/1123/1123 1116/1116/1116
f 1120/1120/1120 1116/1116/1116 1123/1123/1123
f 1121/1121/1121 1124/1124/1124 1119/1119/1119
f 1124/1124/1124 1123/1123/1123 1119/1119/1119
f 1124/1124/1124 1121/1121/1121 1125/1125/1125
f 1125/1125/1125 1121/1121/1121 1126/1126/1126
f 1120/1120/1120 1127/1127/1127 1114/1114/1114
f 1128/1128/1128 1120/1120/1120 1123/1123/1123
f 1128/1128/1128 1127/1127/1127 1120/1120/1120
f 1124/1124/1124 1129/1129/1129 1123/1123/1123
f 1128/1128/1128 1123/1123/1123 1129/1129/1129
f 1130/1130/1130 1129/1129/1129 1124/1124/1124
f 1128/1128/1128 1129/1129/1129 1130/1130/1130
f 1124/1124/1124 1125/1125/1125 1131/1131/1131
f 1130/1130/1130 1124/1124/1124 1131/1131/1131
f 1127/1127/1127 1132/1132/1132 1114/1114/1114
f 1114/1114/1114 1132/1132/1132 1102/1102/1102
f 1132/1132/1132 1133/1133/1133 1102/1102/1102
f 1102/1102/1102 1133/1133/1133 1062/1062/1062
f 1133/1133/1133 1134/1134/1134 1062/1062/1062
f 1132/1132/1132 1135/1135/1135 1133/1133/1133
f 1135/1135/1135 1136/1136/1136 1133/1133/1133
f 1127/1127/1127 1137/1137/1137 1132/1132/1132
f 1137/1137/1137 1135/1135/1135 1132/1132/1132
f 1128/1128/1128 1138/1138/1138 1127/1127/1127
f 1138/1138/1138 1137/1137/1137 1127/1127/1127
f 1137/1137/1137 1139/1139/1139 1135/1135/1135
f 1139/1139/1139 1140/1140/1140 1135/1135/1135
f 1141/1141/1141 1139/1139/1139 1137/1137/1137
f 1138/1138/1138 1141/1141/1141 1137/1137/1137
f 1142/1142/1142 1138/1138/1138 1128/1128/1128
f 1128/1128/1128 1130/1130/1130 1142/1142/1142
f 1142/1142/1142 1143/1143/1143 1138/1138/1138
f 1143/1143/1143 1141/1141/1141 1138/1138/1138
f 1141/1141/1141 1144/1144/1144 1139/1139/1139
f 1144/1144/1144 1145/1145/1145 1139/1139/1139
f 1130/1130/1130 1146/1146/1146 1142/1142/1142
f 1143/1143/1143 1142/1142/1142 1146/1146/1146
f 1144/1144/1144 1141/1141/1141 1147/1147/1147
f 1143/1143/1143 1147/1147/1147 1141/1141/1141
f 1130/1130/1130 1148/1148/1148 1146/1146/1146
f 1148/1148/1148 1130/1130/1130 1131/1131/1131
f 1144/1144/1144 1147/1147/1147 1149/1149/1149
f 1150/1150/1150 1144/1144/1144 1149/1149/1149
f 1151/1151/1151 1149/1149/1149 1147/1147/1147
f 1152/1152/1152 1149/1149/1149 1151/1151/1151
f 1153/1153/1153 1147/1147/1147 1143/1143/1143
f 1151/1151/1151 1147/1147/1147 1153/1153/1153
f 1143/1143/1143 1146/1146/1146 1154/1154/1154
f 1153/1153/1153 1143/1143/1143 1154/1154/1154
f 1155/1155/1155 1154/1154/1154 1146/1146/1146
f 1155/1155/1155 1146/1146/1146 1148/1148/1148
f 1156/1156/1156 1153/1153/1153 1154/1154/1154
f 1155/1155/1155 1156/1156/1156 1154/1154/1154
f 1157/1157/1157 1151/1151/1151 1153/1153/1153
f 1156/1156/1156 1157/1157/1157 1153/1153/1153
f 1157/1157/1157 1158/1158/1158 1151/1151/1151
f 1158/1158/1158 1159/1159/1159 1151/1151/1151
f 1160/1160/1160 1158/1158/1158 1157/1157/1157
f 1160/1160/1160 1157/1157/1157 1156/1156/1156
f 1160/1160/1160 1161/1161/1161 1158/1158/1158
f 1161/1161/1161 1162/1162/1162 1158/1158/1158
f 1160/1160/1160 1156/1156/1156 1163/1163/1163
f 1164/1164/1164 1163/1163/1163 1156/1156/1156
f 1164/1164/1164 1156/1156/1156 1155/1155/1155
f 1164/1164/1164 1155/1155/1155 1165/1165/1165
f 1155/1155/1155 1148/1148/1148 1165/1165/1165
f 1164/1164/1164 1165/1165/1165 1166/1166/1166
f 1167/1167/1167 1166/1166/1166 1165/1165/1165
f 1167/1167/1167 1165/1165/1165 1168/1168/1168
f 1168/1168/1168 1165/1165/1165 1148/1148/1148
f 1169/1169/1169 1167/1167/1167 1168/1168/1168
f 1168/1168/1168 1148/1148/1148 1170/1170/1170
f 1148/1148/1148 1131/1131/1131 1170/1170/1170
f 1170/1170/1170 1131/1131/1131 1125/1125/1125
f 1169/1169/1169 1168/1168/1168 1171/1171/1171
f 1171/1171/1171 1168/1168/1168 1170/1170/1170
f 1172/1172/1172 1169/1169/1169 1171/1171/1171
f 1170/1170/1170 1125/1125/1125 1173/1173/1173
f 1171/1171/1171 1170/1170/1170 1173/1173/1173
f 1173/1173/1173 1125/1125/1125 1174/1174/1174
f 1175/1175/1175 1171/1171/1171 1173/1173/1173
f 1176/1176/1176 1178/1178/1178 1177/1177/1177
f 1177/1177/1177 1178/1178/1178 1179/1179/1179
f 1178/1178/1178 1180/1180/1180 1179/1179/1179
f 1179/1179/1179 1180/1180/1180 1181/1181/1181
f 1178/1178/1178 1182/1182/1182 1180/1180/1180
f 1183/1183/1183 1182/1182/1182 1178/1178/1178
f 1180/1180/1180 1182/1182/1182 1184/1184/1184
f 1182/1182/1182 1185/1185/1185 1184/1184/1184
f 1180/1180/1180 1184/1184/1184 1186/1186/1186
f 1181/1181/1181 1180/1180/1180 1186/1186/1186
f 1186/1186/1186 1184/1184/1184 1187/1187/1187
f 1184/1184/1184 1188/1188/1188 1187/1187/1187
f 1186/1186/1186 1187/1187/1187 1189/1189/1189
f 1186/1186/1186 1189/1189/1189 1190/1190/1190
f 1186/1186/1186 1190/1190/1190 1191/1191/1191
f 1181/1181/1181 1186/1186/1186 1191/1191/1191
f 1192/1192/1192 1191/1191/1191 1190/1190/1190
f 1181/1181/1181 1191/1191/1191 1192/1192/1192
f 1192/1192/1192 1190/1190/1190 1193/1193/1193
f 1194/1194/1194 1192/1192/1192 1193/1193/1193
f 1194/1194/1194 1193/1193/1193 1195/1195/1195
f 1196/1196/1196 1194/1194/1194 1195/1195/1195
f 1196/1196/1196 1195/1195/1195 1197/1197/1197
f 1198/1198/1198 1196/1196/1196 1197/1197/1197
f 1198/1198/1198 1197/1197/1197 1199/1199/1199
f 1200/1200/1200 1198/1198/1198 1199/1199/1199
f 1201/1201/1201 1196/1196/1196 1198/1198/1198
f 1202/1202/1202 1201/1201/1201 1198/1198/1198
f 1203/1203/1203 1194/1194/1194 1196/1196/1196
f 1201/1201/1201 1203/1203/1203 1196/1196/1196
f 1204/1204/1204 1192/1192/1192 1194/1194/1194
f 1203/1203/1203 1204/1204/1204 1194/1194/1194
f 1204/1204/1204 1205/1205/1205 1192/1192/1192
f 1181/1181/1181 1192/1192/1192 1205/1205/1205
f 1206/1206/1206 1204/1204/1204 1203/1203/1203
f 1205/1205/1205 1204/1204/1204 1206/1206/1206
f 1207/1207/1207 1203/1203/1203 1201/1201/1201
f 1206/1206/1206 1203/1203/1203 1207/1207/1207
f 1181/1181/1181 1205/1205/1205 1208/1208/1208
f 1205/1205/1205 1206/1206/1206 1208/1208/1208
f 1207/1207/1207 1201/1201/1201 1209/1209/1209
f 1209/1209/1209 1201/1201/1201 1210/1210/1210
f 1211/1211/1211 1206/1206/1206 1207/1207/1207
f 1208/1208/1208 1206/1206/1206 1211/1211/1211
f 1181/1181/1181 1208/1208/1208 1212/1212/1212
f 1179/1179/1179 1181/1181/1181 1212/1212/1212
f 1213/1213/1213 1207/1207/1207 1209/1209/1209
f 1211/1211/1211 1207/1207/1207 1213/1213/1213
f 1214/1214/1214 1212/1212/1212 1208/1208/1208
f 1208/1208/1208 1211/1211/1211 1214/1214/1214
f 1215/1215/1215 1179/1179/1179 1212/1212/1212
f 1177/1177/1177 1179/1179/1179 1215/1215/1215
f 1215/1215/1215 1212/1212/1212 1216/1216/1216
f 1214/1214/1214 1216/1216/1216 1212/1212/1212
f 1217/1217/1217 1177/1177/1177 1215/1215/1215
f 1217/1217/1217 1215/1215/1215 1216/1216/1216
f 1213/1213/1213 1209/1209/1209 1218/1218/1218
f 1218/1218/1218 1209/1209/1209 1219/1219/1219
f 1220/1220/1220 1213/1213/1213 1218/1218/1218
f 1221/1221/1221 1220/1220/1220 1218/1218/1218
f 1222/1222/1222 1211/1211/1211 1213/1213/1213
f 1220/1220/1220 1222/1222/1222 1213/1213/1213
f 1223/1223/1223 1214/1214/1214 1211/1211/1211
f 1222/1222/1222 1223/1223/1223 1211/1211/1211
f 1224/1224/1224 1216/1216/1216 1214/1214/1214
f 1223/1223/1223 1224/1224/1224 1214/1214/1214
f 1225/1225/1225 1222/1222/1222 1220/1220/1220
f 1226/1226/1226 1225/1225/1225 1220/1220/1220
f 1225/1225/1225 1227/1227/1227 1222/1222/1222
f 1227/1227/1227 1223/1223/1223 1222/1222/1222
f 1224/1224/1224 1228/1228/1228 1216/1216/1216
f 1217/1217/1217 1216/1216/1216 1228/1228/1228
f 1229/1229/1229 1228/1228/1228 1224/1224/1224
f 1229/1229/1229 1217/1217/1217 1228/1228/1228
f 1230/1230/1230 1224/1224/1224 1223/1223/1223
f 1229/1229/1229 1224/1224/1224 1230/1230/1230
f 1230/1230/1230 1223/1223/1223 1231/1231/1231
f 1227/1227/1227 1231/1231/1231 1223/1223/1223
f 1232/1232/1232 1227/1227/1227 1225/1225/1225
f 1233/1233/1233 1232/1232/1232 1225/1225/1225
f 1232/1232/1232 1234/1234/1234 1227/1227/1227
f 1234/1234/1234 1231/1231/1231 1227/1227/1227
f 1235/1235/1235 1230/1230/1230 1231/1231/1231
f 1235/1235/1235 1229/1229/1229 1230/1230/1230
f 1236/1236/1236 1234/1234/1234 1232/1232/1232
f 1237/1237/1237 1236/1236/1236 1232/1232/1232
f 1234/1234/1234 1238/1238/1238 1231/1231/1231
f 1235/1235/1235 1231/1231/1231 1238/1238/1238
f 1236/1236/1236 1239/1239/1239 1234/1234/1234
f 1239/1239/1239 1238/1238/1238 1234/1234/1234
f 1239/1239/1239 1236/1236/1236 1240/1240/1240
f 1240/1240/1240 1236/1236/1236 1241/1241/1241
f 1235/1235/1235 1242/1242/1242 1229/1229/1229
f 1243/1243/1243 1235/1235/1235 1238/1238/1238
f 1243/1243/1243 1242/1242/1242 1235/1235/1235
f 1239/1239/1239 1244/1244/1244 1238/1238/1238
f 1243/1243/1243 1238/1238/1238 1244/1244/1244
f 1245/1245/1245 1244/1244/1244 1239/1239/1239
f 1243/1243/1243 1244/1244/1244 1245/1245/1245
f 1239/1239/1239 1240/1240/1240 1246/1246/1246
f 1245/1245/1245 1239/1239/1239 1246/1246/1246
f 1242/1242/1242 1247/1247/1247 1229/1229/1229
f 1229/1229/1229 1247/1247/1247 1217/1217/1217
f 1247/1247/1247 1248/1248/1248 1217/1217/1217
f 1217/1217/1217 1248/1248/1248 1177/1177/1177
f 1248/1248/1248 1249/1249/1249 1177/1177/1177
f 1247/1247/1247 1250/1250/1250 1248/1248/1248
f 1250/1250/1250 1251/1251/1251 1248/1248/1248
f 1242/1242/1242 1252/1252/1252 1247/1247/1247
f 1252/1252/1252 1250/1250/1250 1247/1247/1247
f 1243/1243/1243 1253/1253/1253 1242/1242/1242
f 1253/1253/1253 1252/1252/1252 1242/1242/1242
f 1252/1252/1252 1254/1254/1254 1250/1250/1250
f 1254/1254/1254 1255/1255/1255 1250/1250/1250
f 1256/1256/1256 1254/1254/1254 1252/1252/1252
f 1253/1253/1253 1256/1256/1256 1252/1252/1252
f 1257/1257/1257 1253/1253/1253 1243/1243/1243
f 1243/1243/1243 1245/1245/1245 1257/1257/1257
f 1257/1257/1257 1258/1258/1258 1253/1253/1253
f 1258/1258/1258 1256/1256/1256 1253/1253/1253
f 1256/1256/1256 1259/1259/1259 1254/1254/1254
f 1259/1259/1259 1260/1260/1260 1254/1254/1254
f 1245/1245/1245 1261/1261/1261 1257/1257/1257
f 1258/1258/1258 1257/1257/1257 1261/1261/1261
f 1259/1259/1259 1256/1256/1256 1262/1262/1262
f 1258/1258/1258 1262/1262/1262 1256/1256/1256
f 1245/1245/1245 1263/1263/1263 1261/1261/1261
f 1263/1263/1263 1245/1245/1245 1246/1246/1246
f 1259/1259/1259 1262/1262/1262 1264/1264/1264
f 1265/1265/1265 1259/1259/1259 1264/1264/1264
f 1266/1266/1266 1264/1264/1264 1262/1262/1262
f 1267/1267/1267 1264/1264/1264 1266/1266/1266
f 1268/1268/1268 1262/1262/1262 1258/1258/1258
f 1266/1266/1266 1262/1262/1262 1268/1268/1268
f 1258/1258/1258 1261/1261/1261 1269/1269/1269
f 1268/1268/1268 1258/1258/1258 1269/1269/1269
f 1270/1270/1270 1269/1269/1269 1261/1261/1261
f 1270/1270/1270 1261/1261/1261 1263/1263/1263
f 1271/1271/1271 1268/1268/1268 1269/1269/1269
f 1270/1270/1270 1271/1271/1271 1269/1269/1269
f 1272/1272/1272 1266/1266/1266 1268/1268/1268
f 1271/1271/1271 1272/1272/1272 1268/1268/1268
f 1272/1272/1272 1273/1273/1273 1266/1266/1266
f 1273/1273/1273 1274/1274/1274 1266/1266/1266
f 1275/1275/1275 1273/1273/1273 1272/1272/1272
f 1275/1275/1275 1272/1272/1272 1271/1271/1271
f 1275/1275/1275 1276/1276/1276 1273/1273/1273
f 1276/1276/1276 1277/1277/1277 1273/1273/1273
f 1275/1275/1275 1271/1271/1271 1278/1278/1278
f 1279/1279/1279 1278/1278/1278 1271/1271/1271
f 1279/1279/1279 1271/1271/1271 1270/1270/1270
f 1279/1279/1279 1270/1270/1270 1280/1280/1280
f 1270/1270/1270 1263/1263/1263 1280/1280/1280
f 1279/1279/1279 1280/1280/1280 1281/1281/1281
f 1282/1282/1282 1281/1281/1281 1280/1280/1280
f 1282/1282/1282 1280/1280/1280 1283/1283/1283
f 1283/1283/1283 1280/1280/1280 1263/1263/1263
f 1284/1284/1284 1282/1282/1282 1283/1283/1283
f 1283/1283/1283 1263/1263/1263 1285/1285/1285
f 1263/1263/1263 1246/1246/1246 1285/1285/1285
f 1285/1285/1285 1246/1246/1246 1240/1240/1240
f 1284/1284/1284 1283/1283/1283 1286/1286/1286
f 1286/1286/1286 1283/1283/1283 1285/1285/1285
f 1287/1287/1287 1284/1284/1284 1286/1286/1286
f 1285/1285/1285 1240/1240/1240 1288/1288/1288
f 1286/1286/1286 1285/1285/1285 1288/1288/1288
f 1288/1288/1288 1240/1240/1240 1289/1289/1289
f 1290/1290/1290 1286/1286/1286 1288/1288/1288
f 1291/1291/1291 1293/1293/1293 1292/1292/1292
f 1292/1292/1292 1293/1293/1293 1294/1294/1294
f 1293/1293/1293 1295/1295/1295 1294/1294/1294
f 1294/1294/1294 1295/1295/1295 1296/1296/1296
f 1293/1293/1293 1297/1297/1297 1295/1295/1295
f 1298/1298/1298 1297/1297/1297 1293/1293/1293
f 1295/1295/1295 1297/1297/1297 1299/1299/1299
f 1297/1297/1297 1300/1300/1300 1299/1299/1299
f 1295/1295/1295 1299/1299/1299 1301/1301/1301
f 1296/1296/1296 1295/1295/1295 1301/1301/1301
f 1301/1301/1301 1299/1299/1299 1302/1302/1302
f 1299/1299/1299 1303/1303/1303 1302/1302/1302
f 1301/1301/1301 1302/1302/1302 1304/1304/1304
f 1301/1301/1301 1304/1304/1304 1305/1305/1305
f 1301/1301/1301 1305/1305/1305 1306/1306/1306
f 1296/1296/1296 1301/1301/1301 1306/1306/1306
f 1307/1307/1307 1306/1306/1306 1305/1305/1305
f 1296/1296/1296 1306/1306/1306 1307/1307/1307
f 1307/1307/1307 1305/1305/1305 1308/1308/1308
f 1309/1309/1309 1307/1307/1307 1308/1308/1308
f 1309/1309/1309 1308/1308/1308 1310/1310/1310
f 1311/1311/1311 1309/1309/1309 1310/1310/1310
f 1311/1311/1311 1310/1310/1310 1312/1312/1312
f 1313/1313/1313 1311/1311/1311 1312/1312/1312
f 1313/1313/1313 1312/1312/1312 1314/1314/1314
f 1315/1315/1315 1313/1313/1313 1314/1314/1314
f 1316/1316/1316 1311/1311/1311 1313/1313/1313
f 1317/1317/1317 1316/1316/1316 1313/1313/1313
f 1318/1318/1318 1309/1309/1309 1311/1311/1311
f 1316/1316/1316 1318/1318/1318 1311/1311/1311
f 1319/1319/1319 1307/1307/1307 1309/1309/1309
f 1318/1318/1318 1319/1319/1319 1309/1309/1309
f 1319/1319/1319 1320/1320/1320 1307/1307/1307
f 1296/1296/1296 1307/1307/1307 1320/1320/1320
f 1321/1321/1321 1319/1319/1319 1318/1318/1318
f 1320/1320/1320 1319/1319/1319 1321/1321/1321
f 1322/1322/1322 1318/1318/1318 1316/1316/1316
f 1321/1321/1321 1318/1318/1318 1322/1322/1322
f 1296/1296/1296 1320/1320/1320 1323/1323/1323
f 1320/1320/1320 1321/1321/1321 1323/1323/1323
f 1322/1322/1322 1316/1316/1316 1324/1324/1324
f 1324/1324/1324 1316/1316/1316 1325/1325/1325
f 1326/1326/1326 1321/1321/1321 1322/1322/1322
f 1323/1323/1323 1321/1321/1321 1326/1326/1326
f 1296/1296/1296 1323/1323/1323 1327/1327/1327
f 1294/1294/1294 1296/1296/1296 1327/1327/1327
f 1328/1328/1328 1322/1322/1322 1324/1324/1324
f 1326/1326/1326 1322/1322/1322 1328/1328/1328
f 1329/1329/1329 1327/1327/1327 1323/1323/1323
f 1323/1323/1323 1326/1326/1326 1329/1329/1329
f 1330/1330/1330 1294/1294/1294 1327/1327/1327
f 1292/1292/1292 1294/1294/1294 1330/1330/1330
f 1330/1330/1330 1327/1327/1327 1331/1331/1331
f 1329/1329/1329 1331/1331/1331 1327/1327/1327
f 1332/1332/1332 1292/1292/1292 1330/1330/1330
f 1332/1332/1332 1330/1330/1330 1331/1331/1331
f 1328/1328/1328 1324/1324/1324 1333/1333/1333
f 1333/1333/1333 1324/1324/1324 1334/1334/1334
f 1335/1335/1335 1328/1328/1328 1333/1333/1333
f 1336/1336/1336 1335/1335/1335 1333/1333/1333
f 1337/1337/1337 1326/1326/1326 1328/1328/1328
f 1335/1335/1335 1337/1337/1337 1328/1328/1328
f 1338/1338/1338 1329/1329/1329 1326/1326/1326
f 1337/1337/1337 1338/1338/1338 1326/1326/1326
f 1339/1339/1339 1331/1331/1331 1329/1329/1329
f 1338/1338/1338 1339/1339/1339 1329/1329/1329
f 1340/1340/1340 1337/1337/1337 1335/1335/1335
f 1341/1341/1341 1340/1340/1340 1335/1335/1335
f 1340/1340/1340 1342/1342/1342 1337/1337/1337
f 1342/1342/1342 1338/1338/1338 1337/1337/1337
f 1339/1339/1339 1343/1343/1343 1331/1331/1331
f 1332/1332/1332 1331/1331/1331 1343/1343/1343
f 1344/1344/1344 1343/1343/1343 1339/1339/1339
f 1344/1344/1344 1332/1332/1332 1343/1343/1343
f 1345/1345/1345 1339/1339/1339 1338/1338/1338
f 1344/1344/1344 1339/1339/1339 1345/1345/1345
f 1345/1345/1345 1338/1338/1338 1346/1346/1346
f 1342/1342/1342 1346/1346/1346 1338/1338/1338
f 1347/1347/1347 1342/1342/1342 1340/1340/1340
f 1348/1348/1348 1347/1347/1347 1340/1340/1340
f 1347/1347/1347 1349/1349/1349 1342/1342/1342
f 1349/1349/1349 1346/1346/1346 1342/1342/1342
f 1350/1350/1350 1345/1345/1345 1346/1346/1346
f 1350/1350/1350 1344/1344/1344 1345/1345/1345
f 1351/1351/1351 1349/1349/1349 1347/1347/1347
f 1352/1352/1352 1351/1351/1351 1347/1347/1347
f 1349/1349/1349 1353/1353/1353 1346/1346/1346
f 1350/1350/1350 1346/1346/1346 1353/1353/1353
f 1351/1351/1351 1354/1354/1354 1349/1349/1349
f 1354/1354/1354 1353/1353/1353 1349/1349/1349
f 1354/1354/1354 1351/1351/1351 1355/1355/1355
f 1355/1355/1355 1351/1351/1351 1356/1356/1356
f 1350/1350/1350 1357/1357/1357 1344/1344/1344
f 1358/1358/1358 1350/1350/1350 1353/1353/1353
f 1358/1358/1358 1357/1357/1357 1350/1350/1350
f 1354/1354/1354 1359/1359/1359 1353/1353/1353
f 1358/1358/1358 1353/1353/1353 1359/1359/1359
f 1360/1360/1360 1359/1359/1359 1354/1354/1354
f 1358/1358/1358 1359/1359/1359 1360/1360/1360
f 1354/1354/1354 1355/1355/1355 1361/1361/1361
f 1360/1360/1360 1354/1354/1354 1361/1361/1361
f 1357/1357/1357 1362/1362/1362 1344/1344/1344
f 1344/1344/1344 1362/1362/1362 1332/1332/1332
f 1362/1362/1362 1363/1363/1363 1332/1332/1332
f 1332/1332/1332 1363/1363/1363 1292/1292/1292
f 1363/1363/1363 1364/1364/1364 1292/1292/1292
f 1362/1362/1362 1365/1365/1365 1363/1363/1363
f 1365/1365/1365 1366/1366/1366 1363/1363/1363
f 1357/1357/1357 1367/1367/1367 1362/1362/1362
f 1367/1367/1367 1365/1365/1365 1362/1362/1362
f 1358/1358/1358 1368/1368/1368 1357/1357/1357
f 1368/1368/1368 1367/1367/1367 1357/1357/1357
f 1367/1367/1367 1369/1369/1369 1365/1365/1365
f 1369/1369/1369 1370/1370/1370 1365/1365/1365
f 1371/1371/1371 1369/1369/1369 1367/1367/1367
f 1368/1368/1368 1371/1371/1371 1367/1367/1367
f 1372/1372/1372 1368/1368/1368 1358/1358/1358
f 1358/1358/1358 1360/1360/1360 1372/1372/1372
f 1372/1372/1372 1373/1373/1373 1368/1368/1368
f 1373/1373/1373 1371/1371/1371 1368/1368/1368
f 1371/1371/1371 1374/1374/1374 1369/1369/1369
f 1374/1374/1374 1375/1375/1375 1369/1369/1369
f 1360/1360/1360 1376/1376/1376 1372/1372/1372
f 1373/1373/1373 1372/1372/1372 1376/1376/1376
f 1374/1374/1374 1371/1371/1371 1377/1377/1377
f 1373/1373/1373 1377/1377/1377 1371/1371/1371
f 1360/1360/1360 1378/1378/1378 1376/1376/1376
f 1378/1378/1378 1360/1360/1360 1361/1361/1361
f 1374/1374/1374 1377/1377/1377 1379/1379/1379
f 1380/1380/1380 1374/1374/1374 1379/1379/1379
f 1381/1381/1381 1379/1379/1379 1377/1377/1377
f 1382/1382/1382 1379/1379/1379 1381/1381/1381
f 1383/1383/1383 1377/1377/1377 1373/1373/1373
f 1381/1381/1381 1377/1377/1377 1383/1383/1383
f 1373/1373/1373 1376/1376/1376 1384/1384/1384
f 1383/1383/1383 1373/1373/1373 1384/1384/1384
f 1385/1385/1385 1384/1384/1384 1376/1376/1376
f 1385/1385/1385 1376/1376/1376 1378/1378/1378
f 1386/1386/1386 1383/1383/1383 1384/1384/1384
f 1385/1385/1385 1386/1386/1386 1384/1384/1384
f 1387/1387/1387 1381/1381/1381 1383/1383/1383
f 1386/1386/1386 1387/1387/1387 1383/1383/1383
f 1387/1387/1387 1388/1388/1388 1381/1381/1381
f 1388/1388/1388 1389/1389/1389 1381/1381/1381
f 1390/1390/1390 1388/1388/1388 1387/1387/1387
f 1390/1390/1390 1387/1387/1387 1386/1386/1386
f 1390/1390/1390 1391/1391/1391 1388/1388/1388
f 1391/1391/1391 1392/1392/1392 1388/1388/1388
f 1390/1390/1390 1386/1386/1386 1393/1393/1393
f 1394/1394/1394 1393/1393/1393 1386/1386/1386
f 1394/1394/1394 1386/1386/1386 1385/1385/1385
f 1394/1394/1394 1385/1385/1385 1395/1395/1395
f 1385/1385/1385 1378/1378/1378 1395/1395/1395
f 1394/1394/1394 1395/1395/1395 1396/1396/1396
f 1397/1397/1397 1396/1396/1396 1395/1395/1395
f 1397/1397/1397 1395/1395/1395 1398/1398/1398
f 1398/1398/1398 1395/1395/1395 1378/1378/1378
f 1399/1399/1399 1397/1397/1397 1398/1398/1398
f 1398/1398/1398 1378/1378/1378 1400/1400/1400
f 1378/1378/1378 1361/1361/1361 1400/1400/1400
f 1400/1400/1400 1361/1361/1361 1355/1355/1355
f 1399/1399/1399 1398/1398/1398 1401/1401/1401
f 1401/1401/1401 1398/1398/1398 1400/1400/1400
f 1402/1402/1402 1399/1399/1399 1401/1401/1401
f 1400/1400/1400 1355/1355/1355 1403/1403/1403
f 1401/1401/1401 1400/1400/1400 1403/1403/1403
f 1403/1403/1403 1355/1355/1355 1404/1404/1404
f 1405/1405/1405 1401/1401/1401 1403/1403/1403
f 1406/1406/1406 1408/1408/1408 1407/1407/1407
f 1407/1407/1407 1408/1408/1408 1409/1409/1409
f 1408/1408/1408 1410/1410/1410 1409/1409/1409
f 1409/1409/1409 1410/1410/1410 1411/1411/1411
f 1408/1408/1408 1412/1412/1412 1410/1410/1410
f 1413/1413/1413 1412/1412/1412 1408/1408/1408
f 1410/1410/1410 1412/1412/1412 1414/1414/1414
f 1412/1412/1412 1415/1415/1415 1414/1414/1414
f 1410/1410/1410 1414/1414/1414 1416/1416/1416
f 1411/1411/1411 1410/1410/1410 1416/1416/1416
f 1416/1416/1416 1414/1414/1414 1417/1417/1417
f 1414/1414/1414 1418/1418/1418 1417/1417/1417
f 1416/1416/1416 1417/1417/1417 1419/1419/1419
f 1416/1416/1416 1419/1419/1419 1420/1420/1420
f 1416/1416/1416 1420/1420/1420 1421/1421/1421
f 1411/1411/1411 1416/1416/1416 1421/1421/1421
f 1422/1422/1422 1421/1421/1421 1420/1420/1420
f 1411/1411/1411 1421/1421/1421 1422/1422/1422
f 1422/1422/1422 1420/1420/1420 1423/1423/1423
f 1424/1424/1424 1422/1422/1422 1423/1423/1423
f 1424/1424/1424 1423/1423/1423 1425/1425/1425
f 1426/1426/1426 1424/1424/1424 1425/1425/1425
f 1426/1426/1426 1425/1425/1425 1427/1427/1427
f 1428/1428/1428 1426/1426/1426 1427/1427/1427
f 1428/1428/1428 1427/1427/1427 1429/1429/1429
f 1430/1430/1430 1428/1428/1428 1429/1429/1429
f 1431/1431/1431 1426/1426/1426 1428/1428/1428
f 1432/1432/1432 1431/1431/1431 1428/1428/1428
f 1433/1433/1433 1424/1424/1424 1426/1426/1426
f 1431/1431/1431 1433/1433/1433 1426/1426/1426
f 1434/1434/1434 1422/1422/1422 1424/1424/1424
f 1433/1433/1433 1434/1434/1434 1424/1424/1424
f 1434/1434/1434 1435/1435/1435 1422/1422/1422
f 1411/1411/1411 1422/1422/1422 1435/1435/1435
f 1436/1436/1436 1434/1434/1434 1433/1433/1433
f 1435/1435/1435 1434/1434/1434 1436/1436/1436
f 1437/1437/1437 1433/1433/1433 1431/1431/1431
f 1436/1436/1436 1433/1433/1433 1437/1437/1437
f 1411/1411/1411 1435/1435/1435 1438/1438/1438
f 1435/1435/1435 1436/1436/1436 1438/1438/1438
f 1437/1437/1437 1431/1431/1431 1439/1439/1439
f 1439/1439/1439 1431/1431/1431 1440/1440/1440
f 1441/1441/1441 1436/1436/1436 1437/1437/1437
f 1438/1438/1438 1436/1436/1436 1441/1441/1441
f 1411/1411/1411 1438/1438/1438 1442/1442/1442
f 1409/1409/1409 1411/1411/1411 1442/1442/1442
f 1443/1443/1443 1437/1437/1437 1439/1439/1439
f 1441/1441/1441 1437/1437/1437 1443/1443/1443
f 1444/1444/1444 1442/1442/1442 1438/1438/1438
f 1438/1438/1438 1441/1441/1441 1444/1444/1444
f 1445/1445/1445 1409/1409/1409 1442/1442/1442
f 1407/1407/1407 1409/1409/1409 1445/1445/1445
f 1445/1445/1445 1442/1442/1442 1446/1446/1446
f 1444/1444/1444 1446/1446/1446 1442/1442/1442
f 1447/1447/1447 1407/1407/1407 1445/1445/1445
f 1447/1447/1447 1445/1445/1445 1446/1446/1446
f 1443/1443/1443 1439/1439/1439 1448/1448/1448
f 1448/1448/1448 1439/1439/1439 1449/1449/1449
f 1450/1450/1450 1443/1443/1443 1448/1448/1448
f 1451/1451/1451 1450/1450/1450 1448/1448/1448
f 1452/1452/1452 1441/1441/1441 1443/1443/1443
f 1450/1450/1450 1452/1452/1452 1443/1443/1443
f 1453/1453/1453 1444/1444/1444 1441/1441/1441
f 1452/1452/1452 1453/1453/1453 1441/1441/1441
f 1454/1454/1454 1446/1446/1446 1444/1444/1444
f 1453/1453/1453 1454/1454/1454 1444/1444/1444
f 1455/1455/1455 1452/1452/1452 1450/1450/1450
f 1456/1456/1456 1455/1455/1455 1450/1450/1450
f 1455/1455/1455 1457/1457/1457 1452/1452/1452
f 1457/1457/1457 1453/1453/1453 1452/1452/1452
f 1454/1454/1454 1458/1458/1458 1446/1446/1446
f 1447/1447/1447 1446/1446/1446 1458/1458/1458
f 1459/1459/1459 1458/1458/1458 1454/1454/1454
f 1459/1459/1459 1447/1447/1447 1458/1458/1458
f 1460/1460/1460 1454/1454/1454 1453/1453/1453
f 1459/1459/1459 1454/1454/1454 1460/1460/1460
f 1460/1460/1460 1453/1453/1453 1461/1461/1461
f 1457/1457/1457 1461/1461/1461 1453/1453/1453
f 1462/1462/1462 1457/1457/1457 1455/1455/1455
f 1463/1463/1463 1462/1462/1462 1455/1455/1455
f 1462/1462/1462 1464/1464/1464 1457/1457/1457
f 1464/1464/1464 1461/1461/1461 1457/1457/1457
f 1465/1465/1465 1460/1460/1460 1461/1461/1461
f 1465/1465/1465 1459/1459/1459 1460/1460/1460
f 1466/1466/1466 1464/1464/1464 1462/1462/1462
f 1467/1467/1467 1466/1466/1466 1462/1462/1462
f 1464/1464/1464 1468/1468/1468 1461/1461/1461
f 1465/1465/1465 1461/1461/1461 1468/1468/1468
f 1466/1466/1466 1469/1469/1469 1464/1464/1464
f 1469/1469/1469 1468/1468/1468 1464/1464/1464
f 1469/1469/1469 1466/1466/1466 1470/1470/1470
f 1470/1470/1470 1466/1466/1466 1471/1471/1471
f 1465/1465/1465 1472/1472/1472 1459/1459/1459
f 1473/1473/1473 1465/1465/1465 1468/1468/1468
f 1473/1473/1473 1472/1472/1472 1465/1465/1465
f 1469/1469/1469 1474/1474/1474 1468/1468/1468
f 1473/1473/1473 1468/1468/1468 1474/1474/1474
f 1475/1475/1475 1474/1474/1474 1469/1469/1469
f 1473/1473/1473 1474/1474/1474 1475/1475/1475
f 1469/1469/1469 1470/1470/1470 1476/1476/1476
f 1475/1475/1475 1469/1469/1469 1476/1476/1476
f 1472/1472/1472 1477/1477/1477 1459/1459/1459
f 1459/1459/1459 1477/1477/1477 1447/1447/1447
f 1477/1477/1477 1478/1478/1478 1447/1447/1447
f 1447/1447/1447 1478/1478/1478 1407/1407/1407
f 1478/1478/1478 1479/1479/1479 1407/1407/1407
f 1477/1477/1477 1480/1480/1480 1478/1478/1478
f 1480/1480/1480 1481/1481/1481 1478/1478/1478
f 1472/1472/1472 1482/1482/1482 1477/1477/1477
f 1482/1482/1482 1480/1480/1480 1477/1477/1477
f 1473/1473/1473 1483/1483/1483 1472/1472/1472
f 1483/1483/1483 1482/1482/1482 1472/1472/1472
f 1482/1482/1482 1484/1484/1484 1480/1480/1480
f 1484/1484/1484 1485/1485/1485 1480/1480/1480
f 1486/1486/1486 1484/1484/1484 1482/1482/1482
f 1483/1483/1483 1486/1486/1486 1482/1482/1482
f 1487/1487/1487 1483/1483/1483 1473/1473/1473
f 1473/1473/1473 1475/1475/1475 1487/1487/1487
f 1487/1487/1487 1488/1488/1488 1483/1483/1483
f 1488/1488/1488 1486/1486/1486 1483/1483/1483
f 1486/1486/1486 1489/1489/1489 1484/1484/1484
f 1489/1489/1489 1490/1490/1490 1484/1484/1484
f 1475/1475/1475 1491/1491/1491 1487/1487/1487
f 1488/1488/1488 1487/1487/1487 1491/1491/1491
f 1489/1489/1489 1486/1486/1486 1492/1492/1492
f 1488/1488/1488 1492/1492/1492 1486/1486/1486
f 1475/1475/1475 1493/1493/1493 1491/1491/1491
f 1493/1493/1493 1475/1475/1475 1476/1476/1476
f 1489/1489/1489 1492/1492/1492 1494/1494/1494
f 1495/1495/1495 1489/1489/1489 1494/1494/1494
f 1496/1496/1496 1494/1494/1494 1492/1492/1492
f 1497/1497/1497 1494/1494/1494 1496/1496/1496
f 1498/1498/1498 1492/1492/1492 1488/1488/1488
f 1496/1496/1496 1492/1492/1492 1498/1498/1498
f 1488/1488/1488 1491/1491/1491 1499/1499/1499
f 1498/1498/1498 1488/1488/1488 1499/1499/1499
f 1500/1500/1500 1499/1499/1499 1491/1491/1491
f 1500/1500/1500 1491/1491/1491 1493/1493/1493
f 1501/1501/1501 1498/1498/1498 1499/1499/1499
f 1500/1500/1500 1501/1501/1501 1499/1499/1499
f 1502/1502/1502 1496/1496/1496 1498/1498/1498
f 1501/1501/1501 1502/1502/1502 1498/1498/1498
f 1502/1502/1502 1503/1503/1503 1496/1496/1496
f 1503/1503/1503 1504/1504/1504 1496/1496/1496
f 1505/1505/1505 1503/1503/1503 1502/1502/1502
f 1505/1505/1505 1502/1502/1502 1501/1501/1501
f 1505/1505/1505 1506/1506/1506 1503/1503/1503
f 1506/1506/1506 1507/1507/1507 1503/1503/1503
f 1505/1505/1505 1501/1501/1501 1508/1508/1508
f 1509/1509/1509 1508/1508/1508 1501/1501/1501
f 1509/1509/1509 1501/1501/1501 1500/1500/1500
f 1509/1509/1509 1500/1500/1500 1510/1510/1510
f 1500/1500/1500 1493/1493/1493 1510/1510/1510
f 1509/1509/1509 1510/1510/1510 1511/1511/1511
f 1512/1512/1512 1511/1511/1511 1510/1510/1510
f 1512/1512/1512 1510/1510/1510 1513/1513/1513
f 1513/1513/1513 1510/1510/1510 1493/1493/1493
f 1514/1514/1514 1512/1512/1512 1513/1513/1513
f 1513/1513/1513 1493/1493/1493 1515/1515/1515
f 1493/1493/1493 1476/1476/1476 1515/1515/1515
f 1515/1515/1515 1476/1476/1476 1470/1470/1470
f 1514/1514/1514 1513/1513/1513 1516/1516/1516
f 1516/1516/1516 1513/1513/1513 1515/1515/1515
f 1517/1517/1517 1514/1514/1514 1516/1516/1516
f 1515/1515/1515 1470/1470/1470 1518/1518/1518
f 1516/1516/1516 1515/1515/1515 1518/1518/1518
f 1518/1518/1518 1470/1470/1470 1519/1519/1519
f 1520/1520/1520 1516/1516/1516 1518/1518/1518
f 1521/1521/1521 1523/1523/1523 1522/1522/1522
f 1522/1522/1522 1523/1523/1523 1524/1524/1524
f 1523/1523/1523 1525/1525/1525 1524/1524/1524
f 1524/1524/1524 1525/1525/1525 1526/1526/1526
f 1523/1523/1523 1527/1527/1527 1525/1525/1525
f 1528/1528/1528 1527/1527/1527 1523/1523/1523
f 1525/1525/1525 1527/1527/1527 1529/1529/1529
f 1527/1527/1527 1530/1530/1530 1529/1529/1529
f 1525/1525/1525 1529/1529/1529 1531/1531/1531
f 1526/1526/1526 1525/1525/1525 1531/1531/1531
f 1531/1531/1531 1529/1529/1529 1532/1532/1532
f 1529/1529/1529 1533/1533/1533 1532/1532/1532
f 1531/1531/1531 1532/1532/1532 1534/1534/1534
f 1531/1531/1531 1534/1534/1534 1535/1535/1535
f 1531/1531/1531 1535/1535/1535 1536/1536/1536
f 1526/1526/1526 1531/1531/1531 1536/1536/1536
f 1537/1537/1537 1536/1536/1536 1535/1535/1535
f 1526/1526/1526 1536/1536/1536 1537/1537/1537
f 1537/1537/1537 1535/1535/1535 1538/1538/1538
f 1539/1539/1539 1537/1537/1537 1538/1538/1538
f 1539/1539/1539 1538/1538/1538 1540/1540/1540
f 1541/1541/1541 1539/1539/1539 1540/1540/1540
f 1541/1541/1541 1540/1540/1540 1542/1542/1542
f 1543/1543/1543 1541/1541/1541 1542/1542/1542
f 1543/1543/1543 1542/1542/1542 1544/1544/1544
f 1545/1545/1545 1543/1543/1543 1544/1544/1544
f 1546/1546/1546 1541/1541/1541 1543/1543/1543
f 1547/1547/1547 1546/1546/1546 1543/1543/1543
f 1548/1548/1548 1539/1539/1539 1541/1541/1541
f 1546/1546/1546 1548/1548/1548 1541/1541/1541
f 1549/1549/1549 1537/1537/1537 1539/1539/1539
f 1548/1548/1548 1549/1549/1549 1539/1539/1539
f 1549/1549/1549 1550/1550/1550 1537/1537/1537
f 1526/1526/1526 1537/1537/1537 1550/1550/1550
f 1551/1551/1551 1549/1549/1549 1548/1548/1548
f 1550/1550/1550 1549/1549/1549 1551/1551/1551
f 1552/1552/1552 1548/1548/1548 1546/1546/1546
f 1551/1551/1551 1548/1548/1548 1552/1552/1552
f 1526/1526/1526 1550/1550/1550 1553/1553/1553
f 1550/1550/1550 1551/1551/1551 1553/1553/1553
f 1552/1552/1552 1546/1546/1546 1554/1554/1554
f 1554/1554/1554 1546/1546/1546 1555/1555/1555
f 1556/1556/1556 1551/1551/1551 1552/1552/1552
f 1553/1553/1553 1551/1551/1551 1556/1556/1556
f 1526/1526/1526 1553/1553/1553 1557/1557/1557
f 1524/1524/1524 1526/1526/1526 1557/1557/1557
f 1558/1558/1558 1552/1552/1552 1554/1554/1554
f 1556/1556/1556 1552/1552/1552 1558/1558/1558
f 1559/1559/1559 1557/1557/1557 1553/1553/1553
f 1553/1553/1553 1556/1556/1556 1559/1559/1559
f 1560/1560/1560 1524/1524/1524 1557/1557/1557
f 1522/1522/1522 1524/1524/1524 1560/1560/1560
f 1560/1560/1560 1557/1557/1557 1561/1561/1561
f 1559/1559/1559 1561/1561/1561 1557/1557/1557
f 1562/1562/1562 1522/1522/1522 1560/1560/1560
f 1562/1562/1562 1560/1560/1560 1561/1561/1561
f 1558/1558/1558 1554/1554/1554 1563/1563/1563
f 1563/1563/1563 1554/1554/1554 1564/1564/1564
f 1565/1565/1565 1558/1558/1558 1563/1563/1563
f 1566/1566/1566 1565/1565/1565 1563/1563/1563
f 1567/1567/1567 1556/1556/1556 1558/1558/1558
f 1565/1565/1565 1567/1567/1567 1558/1558/1558
f 1568/1568/1568 1559/1559/1559 1556/1556/1556
f 1567/1567/1567 1568/1568/1568 1556/1556/1556
f 1569/1569/1569 1561/1561/1561 1559/1559/1559
f 1568/1568/1568 1569/1569/1569 1559/1559/1559
f 1570/1570/1570 1567/1567/1567 1565/1565/1565
f 1571/1571/1571 1570/1570/1570 1565/1565/1565
f 1570/1570/1570 1572/1572/1572 1567/1567/1567
f 1572/1572/1572 1568/1568/1568 1567/1567/1567
f 1569/1569/1569 1573/1573/1573 1561/1561/1561
f 1562/1562/1562 1561/1561/1561 1573/1573/1573
f 1574/1574/1574 1573/1573/1573 1569/1569/1569
f 1574/1574/1574 1562/1562/1562 1573/1573/1573
f 1575/1575/1575 1569/1569/1569 1568/1568/1568
f 1574/1574/1574 1569/1569/1569 1575/1575/1575
f 1575/1575/1575 1568/1568/1568 1576/1576/1576
f 1572/1572/1572 1576/1576/1576 1568/1568/1568
f 1577/1577/1577 1572/1572/1572 1570/1570/1570
f 1578/1578/1578 1577/1577/1577 1570/1570/1570
f 1577/1577/1577 1579/1579/1579 1572/1572/1572
f 1579/1579/1579 1576/1576/1576 1572/1572/1572
f 1580/1580/1580 1575/1575/1575 1576/1576/1576
f 1580/1580/1580 1574/1574/1574 1575/1575/1575
f 1581/1581/1581 1579/1579/1579 1577/1577/1577
f 1582/1582/1582 1581/1581/1581 1577/1577/1577
f 1579/1579/1579 1583/1583/1583 1576/1576/1576
f 1580/1580/1580 1576/1576/1576 1583/1583/1583
f 1581/1581/1581 1584/1584/1584 1579/1579/1579
f 1584/1584/1584 1583/1583/1583 1579/1579/1579
f 1584/1584/1584 1581/1581/1581 1585/1585/1585
f 1585/1585/1585 1581/1581/1581 1586/1586/1586
f 1580/1580/1580 1587/1587/1587 1574/1574/1574
f 1588/1588/1588 1580/1580/1580 1583/1583/1583
f 1588/1588/1588 1587/1587/1587 1580/1580/1580
f 1584/1584/1584 1589/1589/1589 1583/1583/1583
f 1588/1588/1588 1583/1583/1583 1589/1589/1589
f 1590/1590/1590 1589/1589/1589 1584/1584/1584
f 1588/1588/1588 1589/1589/1589 1590/1590/1590
f 1584/1584/1584 1585/1585/1585 1591/1591/1591
f 1590/1590/1590 1584/1584/1584 1591/1591/1591
f 1587/1587/1587 1592/1592/1592 1574/1574/1574
f 1574/1574/1574 1592/1592/1592 1562/1562/1562
f 1592/1592/1592 1593/1593/1593 1562/1562/1562
f 1562/1562/1562 1593/1593/1593 1522/1522/1522
f 1593/1593/1593 1594/1594/1594 1522/1522/1522
f 1592/1592/1592 1595/1595/1595 1593/1593/1593
f 1595/1595/1595 1596/1596/1596 1593/1593/1593
f 1587/1587/1587 1597/1597/1597 1592/1592/1592
f 1597/1597/1597 1595/1595/1595 1592/1592/1592
f 1588/1588/1588 1598/1598/1598 1587/1587/1587
f 1598/1598/1598 1597/1597/1597 1587/1587/1587
f 1597/1597/1597 1599/1599/1599 1595/1595/1595
f 1599/1599/1599 1600/1600/1600 1595/1595/1595
f 1601/1601/1601 1599/1599/1599 1597/1597/1597
f 1598/1598/1598 1601/1601/1601 1597/1597/1597
f 1602/1602/1602 1598/1598/1598 1588/1588/1588
f 1588/1588/1588 1590/1590/1590 1602/1602/1602
f 1602/1602/1602 1603/1603/1603 1598/1598/1598
f 1603/1603/1603 1601/1601/1601 1598/1598/1598
f 1601/1601/1601 1604/1604/1604 1599/1599/1599
f 1604/1604/1604 1605/1605/1605 1599/1599/1599
f 1590/1590/1590 1606/1606/1606 1602/1602/1602
f 1603/1603/1603 1602/1602/1602 1606/1606/1606
f 1604/1604/1604 1601/1601/1601 1607/1607/1607
f 1603/1603/1603 1607/1607/1607 1601/1601/1601
f 1590/1590/1590 1608/1608/1608 1606/1606/1606
f 1608/1608/1608 1590/1590/1590 1591/1591/1591
f 1604/1604/1604 1607/1607/1607 1609/1609/1609
f 1610/1610/1610 1604/1604/1604 1609/1609/1609
f 1611/1611/1611 1609/1609/1609 1607/1607/1607
f 1612/1612/1612 1609/1609/1609 1611/1611/1611
f 1613/1613/1613 1607/1607/1607 1603/1603/1603
f 1611/1611/1611 1607/1607/1607 1613/1613/1613
f 1603/1603/1603 1606/1606/1606 1614/1614/1614
f 1613/1613/1613 1603/1603/1603 1614/1614/1614
f 1615/1615/1615 1614/1614/1614 1606/1606/1606
f 1615/1615/1615 1606/1606/1606 1608/1608/1608
f 1616/1616/1616 1613/1613/1613 1614/1614/1614
f 1615/1615/1615 1616/1616/1616 1614/1614/1614
f 1617/1617/1617 1611/1611/1611 1613/1613/1613
f 1616/1616/1616 1617/1617/1617 1613/1613/1613
f 1617/1617/1617 1618/1618/1618 1611/1611/1611
f 1618/1618/1618 1619/1619/1619 1611/1611/1611
f 1620/1620/1620 1618/1618/1618 1617/1617/1617
f 1620/1620/1620 1617/1617/1617 1616/1616/1616
f 1620/1620/1620 1621/1621/1621 1618/1618/1618
f 1621/1621/1621 1622/1622/1622 1618/1618/1618
f 1620/1620/1620 1616/1616/1616 1623/1623/1623
f 1624/1624/1624 1623/1623/1623 1616/1616/1616
f 1624/1624/1624 1616/1616/1616 1615/1615/1615
f 1624/1624/1624 1615/1615/1615 1625/1625/1625
f 1615/1615/1615 1608/1608/1608 1625/1625/1625
f 1624/1624/1624 1625/1625/1625 1626/1626/1626
f 1627/1627/1627 1626/1626/1626 1625/1625/1625
f 1627/1627/1627 1625/1625/1625 1628/1628/1628
f 1628/1628/1628 1625/1625/1625 1608/1608/1608
f 1629/1629/1629 1627/1627/1627 1628/1628/1628
f 1628/1628/1628 1608/1608/1608 1630/1630/1630
f 1608/1608/1608 1591/1591/1591 1630/1630/1630
f 1630/1630/1630 1591/1591/1591 1585/1585/1585
f 1629/1629/1629 1628/1628/1628 1631/1631/1631
f 1631/1631/1631 1628/1628/1628 1630/1630/1630
f 1632/1632/1632 1629/1629/1629 1631/1631/1631
f 1630/1630/1630 1585/1585/1585 1633/1633/1633
f 1631/1631/1631 1630/1630/1630 1633/1633/1633
f 1633/1633/1633 1585/1585/1585 1634/1634/1634
f 1635/1635/1635 1631/1631/1631 1633/1633/1633
f 1636/1636/1636 1638/1638/1638 1637/1637/1637
f 1639/1639/1639 1638/1638/1638 1636/1636/1636
f 1637/1637/1637 1638/1638/1638 1639/1639/1639
f 1640/1640/1640 1642/1642/1642 1641/1641/1641
f 1643/1643/1643 1642/1642/1642 1640/1640/1640
f 1641/1641/1641 1642/1642/1642 1643/1643/1643
f 1644/1644/1644 1646/1646/1646 1645/1645/1645
f 1647/1647/1647 1646/1646/1646 1644/1644/1644
f 1645/1645/1645 1646/1646/1646 1647/1647/1647
f 1648/1648/1648 1650/1650/1650 1649/1649/1649
f 1651/1651/1651 1650/1650/1650 1648/1648/1648
f 1649/1649/1649 1650/1650/1650 1651/1651/1651
f 1652/1652/1652 1654/1654/1654 1653/1653/1653
f 1655/1655/1655 1654/1654/1654 1652/1652/1652
f 1653/1653/1653 1654/1654/1654 1655/1655/1655
f 1656/1656/1656 1658/1658/1658 1657/1657/1657
f 1659/1659/1659 1658/1658/1658 1656/1656/1656
f 1657/1657/1657 1658/1658/1658 1659/1659/1659
f 1660/1660/1660 1662/1662/1662 1661/1661/1661
f 1663/1663/1663 1662/1662/1662 1660/1660/1660
f 1661/1661/1661 1662/1662/1662 1663/1663/1663
f 1664/1664/1664 1666/1666/1666 1665/1665/1665
f 1667/1667/1667 1666/1666/1666 1664/1664/1664
f 1665/1665/1665 1666/1666/1666 1667/1667/1667
f 1668/1668/1668 1670/1670/1670 1669/1669/1669
f 1671/1671/1671 1670/1670/1670 1668/1668/1668
f 1669/1669/1669 1670/1670/1670 1671/1671/1671
f 1672/1672/1672 1674/1674/1674 1673/1673/1673
f 1675/1675/1675 1674/1674/1674 1672/1672/1672
f 1673/1673/1673 1674/1674/1674 1675/1675/1675
f 1676/1676/1676 1678/1678/1678 1677/1677/1677
f 1679/1679/1679 1678/1678/1678 1676/1676/1676
f 1677/1677/1677 1678/1678/1678 1679/1679/1679
f 1680/1680/1680 1682/1682/1682 1681/1681/1681
f 1683/1683/1683 1682/1682/1682 1680/1680/1680
f 1681/1681/1681 1682/1682/1682 1683/1683/1683
f 1684/1684/1684 1686/1686/1686 1685/1685/1685
f 1687/1687/1687 1686/1686/1686 1684/1684/1684
f 1685/1685/1685 1686/1686/1686 1687/1687/1687
f 1688/1688/1688 1690/1690/1690 1689/1689/1689
f 1691/1691/1691 1690/1690/1690 1688/1688/1688
f 1689/1689/1689 1690/1690/1690 1691/1691/1691
f 1692/1692/1692 1694/1694/1694 1693/1693/1693
f 1695/1695/1695 1694/1694/1694 1692/1692/1692
f 1693/1693/1693 1694/1694/1694 1695/1695/1695
f 1696/1696/1696 1698/1698/1698 1697/1697/1697
f 1699/1699/1699 1698/1698/1698 1696/1696/1696
f 1697/1697/1697 1698/1698/1698 1699/1699/1699
f 1700/1700/1700 1702/1702/1702 1701/1701/1701
f 1703/1703/1703 1702/1702/1702 1700/1700/1700
f 1701/1701/1701 1702/1702/1702 1703/1703/1703
f 1704/1704/1704 1706/1706/1706 1705/1705/1705
f 1707/1707/1707 1706/1706/1706 1704/1704/1704
f 1705/1705/1705 1706/1706/1706 1707/1707/1707
f 1708/1708/1708 1710/1710/1710 1709/1709/1709
f 1711/1711/1711 1710/1710/1710 1708/1708/1708
f 1709/1709/1709 1710/1710/1710 1711/1711/1711
f 1712/1712/1712 1714/1714/1714 1713/1713/1713
f 1715/1715/1715 1714/1714/1714 1712/1712/1712
f 1713/1713/1713 1714/1714/1714 1715/1715/1715
f 1716/1716/1716 1718/1718/1718 1717/1717/1717
f 1719/1719/1719 1718/1718/1718 1716/1716/1716
f 1717/1717/1717 1718/1718/1718 1719/1719/1719
f 1720/1720/1720 1722/1722/1722 1721/1721/1721
f 1723/1723/1723 1722/1722/1722 1720/1720/1720
f 1721/1721/1721 1722/1722/1722 1723/1723/1723
f 1724/1724/1724 1726/1726/1726 1725/1725/1725
f 1727/1727/1727 1726/1726/1726 1724/1724/1724
f 1725/1725/1725 1726/1726/1726 1727/1727/1727
f 1728/1728/1728 1730/1730/1730 1729/1729/1729
f 1731/1731/1731 1730/1730/1730 1728/1728/1728
f 1729/1729/1729 1730/1730/1730 1731/1731/1731
f 1732/1732/1732 1734/1734/1734 1733/1733/1733
f 1735/1735/1735 1734/1734/1734 1732/1732/1732
f 1733/1733/1733 1734/1734/1734 1735/1735/1735
f 1736/1736/1736 1738/1738/1738 1737/1737/1737
f 1739/1739/1739 1738/1738/1738 1736/1736/1736
f 1737/1737/1737 1738/1738/1738 1739/1739/1739
f 1740/1740/1740 1742/1742/1742 1741/1741/1741
f 1743/1743/1743 1742/1742/1742 1740/1740/1740
f 1741/1741/1741 1742/1742/1742 1743/1743/1743
f 1744/1744/1744 1746/1746/1746 1745/1745/1745
f 1747/1747/1747 1746/1746/1746 1744/1744/1744
f 1745/1745/1745 1746/1746/1746 1747/1747/1747
f 1748/1748/1748 1750/1750/1750 1749/1749/1749
f 1751/1751/1751 1750/1750/1750 1748/1748/1748
f 1749/1749/1749 1750/1750/1750 1751/1751/1751
f 1752/1752/1752 1754/1754/1754 1753/1753/1753
f 1755/1755/1755 1754/1754/1754 1752/1752/1752
f 1753/1753/1753 1754/1754/1754 1755/1755/1755
f 1756/1756/1756 1758/1758/1758 1757/1757/1757
f 1759/1759/1759 1758/1758/1758 1756/1756/1756
f 1757/1757/1757 1758/1758/1758 1759/1759/1759
f 1760/1760/1760 1762/1762/1762 1761/1761/1761
f 1763/1763/1763 1762/1762/1762 1760/1760/1760
f 1761/1761/1761 1762/1762/1762 1763/1763/1763
f 1764/1764/1764 1766/1766/1766 1765/1765/1765
f 1767/1767/1767 1766/1766/1766 1764/1764/1764
f 1765/1765/1765 1766/1766/1766 1767/1767/1767
f 1768/1768/1768 1770/1770/1770 1769/1769/1769
f 1771/1771/1771 1770/1770/1770 1768/1768/1768
f 1769/1769/1769 1770/1770/1770 1771/1771/1771
f 1772/1772/1772 1774/1774/1774 1773/1773/1773
f 1775/1775/1775 1774/1774/1774 1772/1772/1772
f 1773/1773/1773 1774/1774/1774 1775/1775/1775
f 1776/1776/1776 1778/1778/1778 1777/1777/1777
f 1779/1779/1779 1778/1778/1778 1776/1776/1776
f 1777/1777/1777 1778/1778/1778 1779/1779/1779
f 1780/1780/1780 1782/1782/1782 1781/1781/1781
f 1783/1783/1783 1782/1782/1782 1780/1780/1780
f 1781/1781/1781 1782/1782/1782 1783/1783/1783
f 1784/1784/1784 1786/1786/1786 1785/1785/1785
f 1787/1787/1787 1786/1786/1786 1784/1784/1784
f 1785/1785/1785 1786/1786/1786 1787/1787/1787
f 1788/1788/1788 1790/1790/1790 1789/1789/1789
f 1791/1791/1791 1790/1790/1790 1788/1788/1788
f 1789/1789/1789 1790/1790/1790 1791/1791/1791
f 1792/1792/1792 1794/1794/1794 1793/1793/1793
f 1795/1795/1795 1794/1794/1794 1792/1792/1792
f 1793/1793/1793 1794/1794/1794 1795/1795/1795
f 1796/1796/1796 1798/1798/1798 1797/1797/1797
f 1799/1799/1799 1798/1798/1798 1796/1796/1796
f 1797/1797/1797 1798/1798/1798 1799/1799/1799
f 1800/1800/1800 1802/1802/1802 1801/1801/1801
f 1803/1803/1803 1802/1802/1802 1800/1800/1800
f 1801/1801/1801 1802/1802/1802 1803/1803/1803
f 1804/1804/1804 1806/1806/1806 1805/1805/1805
f 1807/1807/1807 1806/1806/1806 1804/1804/1804
f 1805/1805/1805 1806/1806/1806 1807/1807/1807
f 1808/1808/1808 1810/1810/1810 1809/1809/1809
f 1811/1811/1811 1810/1810/1810 1808/1808/1808
f 1809/1809/1809 1810/1810/1810 1811/1811/1811
f 1812/1812/1812 1814/1814/1814 1813/1813/1813
f 1815/1815/1815 1814/1814/1814 1812/1812/1812
f 1813/1813/1813 1814/1814/1814 1815/1815/1815
f 1816/1816/1816 1818/1818/1818 1817/1817/1817
f 1819/1819/1819 1818/1818/1818 1816/1816/1816
f 1817/1817/1817 1818/1818/1818 1819/1819/1819
f 1820/1820/1820 1822/1822/1822 1821/1821/1821
f 1823/1823/1823 1822/1822/1822 1820/1820/1820
f 1821/1821/1821 1822/1822/1822 1823/1823/1823
f 1824/1824/1824 1826/1826/1826 1825/1825/1825
f 1827/1827/1827 1826/1826/1826 1824/1824/1824
f 1825/1825/1825 1826/1826/1826 1827/1827/1827
f 1828/1828/1828 1830/1830/1830 1829/1829/1829
f 1831/1831/1831 1830/1830/1830 1828/1828/1828
f 1829/1829/1829 1830/1830/1830 1831/1831/1831
f 1832/1832/1832 1834/1834/1834 1833/1833/1833
f 1835/1835/1835 1834/1834/1834 1832/1832/1832
f 1833/1833/1833 1834/1834/1834 1835/1835/1835
f 1836/1836/1836 1838/1838/1838 1837/1837/1837
f 1839/1839/1839 1838/1838/1838 1836/1836/1836
f 1837/1837/1837 1838/1838/1838 1839/1839/1839
f 1840/1840/1840 1842/1842/1842 1841/1841/1841
f 1843/1843/1843 1842/1842/1842 1840/1840/1840
f 1841/1841/1841 1842/1842/1842 1843/1843/1843
f 1844/1844/1844 1846/1846/1846 1845/1845/1845
f 1847/1847/1847 1846/1846/1846 1844/1844/1844
f 1845/1845/1845 1846/1846/1846 1847/1847/1847
f 1848/1848/1848 1850/1850/1850 1849/1849/1849
f 1851/1851/1851 1850/1850/1850 1848/1848/1848
f 1849/1849/1849 1850/1850/1850 1851/1851/1851
f 1852/1852/1852 1854/1854/1854 1853/1853/1853
f 1855/1855/1855 1854/1854/1854 1852/1852/1852
f 1853/1853/1853 1854/1854/1854 1855/1855/1855
f 1856/1856/1856 1858/1858/1858 1857/1857/1857
f 1859/1859/1859 1858/1858/1858 1856/1856/1856
f 1857/1857/1857 1858/1858/1858 1859/1859/1859
f 1860/1860/1860 1862/1862/1862 1861/1861/1861
f 1863/1863/1863 1862/1862/1862 1860/1860/1860
f 1861/1861/1861 1862/1862/1862 1863/1863/1863
f 1864/1864/1864 1866/1866/1866 1865/1865/1865
f 1867/1867/1867 1866/1866/1866 1864/1864/1864
f 1865/1865/1865 1866/1866/1866 1867/1867/1867
f 1868/1868/1868 1870/1870/1870 1869/1869/1869
f 1871/1871/1871 1870/1870/1870 1868/1868/1868
f 1869/1869/1869 1870/1870/1870 1871/1871/1871
f 1872/1872/1872 1874/1874/1874 1873/1873/1873
f 1875/1875/1875 1874/1874/1874 1872/1872/1872
f 1873/1873/1873 1874/1874/1874 1875/1875/1875
f 1876/1876/1876 1878/1878/1878 1877/1877/1877
f 1879/1879/1879 1878/1878/1878 1876/1876/1876
f 1877/1877/1877 1878/1878/1878 1879/1879/1879
f 1880/1880/1880 1882/1882/1882 1881/1881/1881
f 1883/1883/1883 1882/1882/1882 1880/1880/1880
f 1881/1881/1881 1882/1882/1882 1883/1883/1883
f 1884/1884/1884 1886/1886/1886 1885/1885/1885
f 1887/1887/1887 1886/1886/1886 1884/1884/1884
f 1885/1885/1885 1886/1886/1886 1887/1887/1887
f 1888/1888/1888 1890/1890/1890 1889/1889/1889
f 1891/1891/1891 1890/1890/1890 1888/1888/1888
f 1889/1889/1889 1890/1890/1890 1891/1891/1891
f 1892/1892/1892 1894/1894/1894 1893/1893/1893
f 1895/1895/1895 1894/1894/1894 1892/1892/1892
f 1893/1893/1893 1894/1894/1894 1895/1895/1895
f 1896/1896/1896 1898/1898/1898 1897/1897/1897
f 1899/1899/1899 1898/1898/1898 1896/1896/1896
f 1897/1897/1897 1898/1898/1898 1899/1899/1899
f 1900/1900/1900 1902/1902/1902 1901/1901/1901
f 1903/1903/1903 1902/1902/1902 1900/1900/1900
f 1901/1901/1901 1902/1902/1902 1903/1903/1903
f 1904/1904/1904 1906/1906/1906 1905/1905/1905
f 1907/1907/1907 1906/1906/1906 1904/1904/1904
f 1905/1905/1905 1906/1906/1906 1907/1907/1907
f 1908/1908/1908 1910/1910/1910 1909/1909/1909
f 1911/1911/1911 1910/1910/1910 1908/1908/1908
f 1909/1909/1909 1910/1910/1910 1911/1911/1911
f 1912/1912/1912 1914/1914/1914 1913/1913/1913
f 1915/1915/1915 1914/1914/1914 1912/1912/1912
f 1913/1913/1913 1914/1914/1914 1915/1915/1915
f 1916/1916/1916 1918/1918/1918 1917/1917/1917
f 1919/1919/1919 1918/1918/1918 1916/1916/1916
f 1917/1917/1917 1918/1918/1918 1919/1919/1919
f 1920/1920/1920 1922/1922/1922 1921/1921/1921
f 1923/1923/1923 1922/1922/1922 1920/1920/1920
f 1921/1921/1921 1922/1922/1922 1923/1923/1923
f 1924/1924/1924 1926/1926/1926 1925/1925/1925
f 1927/1927/1927 1926/1926/1926 1924/1924/1924
f 1925/1925/1925 1926/1926/1926 1927/1927/1927
f 1928/1928/1928 1930/1930/1930 1929/1929/1929
f 1931/1931/1931 1930/1930/1930 1928/1928/1928
f 1929/1929/1929 1930/1930/1930 1931/1931/1931
f 1932/1932/1932 1934/1934/1934 1933/1933/1933
f 1935/1935/1935 1934/1934/1934 1932/1932/1932
f 1933/1933/1933 1934/1934/1934 1935/1935/1935
f 1936/1936/1936 1938/1938/1938 1937/1937/1937
f 1939/1939/1939 1938/1938/1938 1936/1936/1936
f 1937/1937/1937 1938/1938/1938 1939/1939/1939
f 1940/1940/1940 1942/1942/1942 1941/1941/1941
f 1943/1943/1943 1942/1942/1942 1940/1940/1940
f 1941/1941/1941 1942/1942/1942 1943/1943/1943
f 1944/1944/1944 1946/1946/1946 1945/1945/1945
f 1947/1947/1947 1946/1946/1946 1944/1944/1944
f 1945/1945/1945 1946/1946/1946 1947/1947/1947
f 1948/1948/1948 1950/1950/1950 1949/1949/1949
f 1951/1951/1951 1950/1950/1950 1948/1948/1948
f 1949/1949/1949 1950/1950/1950 1951/1951/1951
f 1952/1952/1952 1954/1954/1954 1953/1953/1953
f 1955/1955/1955 1954/1954/1954 1952/1952/1952
f 1953/1953/1953 1954/1954/1954 1955/1955/1955
f 1956/1956/1956 1958/1958/1958 1957/1957/1957
f 1959/1959/1959 1958/1958/1958 1956/1956/1956
f 1957/1957/1957 1958/1958/1958 1959/1959/1959
f 1960/1960/1960 1962/1962/1962 1961/1961/1961
f 1963/1963/1963 1962/1962/1962 1960/1960/1960
f 1961/1961/1961 1962/1962/1962 1963/1963/1963
f 1964/1964/1964 1966/1966/1966 1965/1965/1965
f 1967/1967/1967 1966/1966/1966 1964/1964/1964
f 1965/1965/1965 1966/1966/1966 1967/1967/1967
f 1968/1968/1968 1970/1970/1970 1969/1969/1969
f 1971/1971/1971 1970/1970/1970 1968/1968/1968
f 1969/1969/1969 1970/1970/1970 1971/1971/1971
f 1972/1972/1972 1974/1974/1974 1973/1973/1973
f 1975/1975/1975 1974/1974/1974 1972/1972/1972
f 1973/1973/1973 1974/1974/1974 1975/1975/1975
f 1976/1976/1976 1978/1978/1978 1977/1977/1977
f 1979/1979/1979 1978/1978/1978 1976/1976/1976
f 1977/1977/1977 1978/1978/1978 1979/1979/1979
f 1980/1980/1980 1982/1982/1982 1981/1981/1981
f 1983/1983/1983 1982/1982/1982 1980/1980/1980
f 1981/1981/1981 1982/1982/1982 1983/1983/1983
f 1984/1984/1984 1986/1986/1986 1985/1985/1985
f 1987/1987/1987 1986/1986/1986 1984/1984/1984
f 1985/1985/1985 1986/1986/1986 1987/1987/1987
f 1988/1988/1988 1990/1990/1990 1989/1989/1989
f 1991/1991/1991 1990/1990/1990 1988/1988/1988
f 1989/1989/1989 1990/1990/1990 1991/1991/1991
f 1992/1992/1992 1994/1994/1994 1993/1993/1993
f 1995/1995/1995 1994/1994/1994 1992/1992/1992
f 1993/1993/1993 1994/1994/1994 1995/1995/1995
f 1996/1996/1996 1998/1998/1998 1997/1997/1997
f 1999/1999/1999 1998/1998/1998 1996/1996/1996
f 1997/1997/1997 1998/1998/1998 1999/1999/1999
f 2000/2000/2000 2002/2002/2002 2001/2001/2001
f 2003/2003/2003 2002/2002/2002 2000/2000/2000
f 2001/2001/2001 2002/2002/2002 2003/2003/2003
f 2004/2004/2004 2006/2006/2006 2005/2005/2005
f 2007/2007/2007 2006/2006/2006 2004/2004/2004
f 2005/2005/2005 2006/2006/2006 2007/2007/2007
f 2008/2008/2008 2010/2010/2010 2009/2009/2009
f 2011/2011/2011 2010/2010/2010 2008/2008/2008
f 2009/2009/2009 2010/2010/2010 2011/2011/2011
f 2012/2012/2012 2014/2014/2014 2013/2013/2013
f 2015/2015/2015 2014/2014/2014 2012/2012/2012
f 2013/2013/2013 2014/2014/2014 2015/2015/2015
f 2016/2016/2016 2018/2018/2018 2017/2017/2017
f 2019/2019/2019 2018/2018/2018 2016/2016/2016
f 2017/2017/2017 2018/2018/2018 2019/2019/2019
f 2020/2020/2020 2022/2022/2022 2021/2021/2021
f 2023/2023/2023 2022/2022/2022 2020/2020/2020
f 2021/2021/2021 2022/2022/2022 2023/2023/2023
f 2024/2024/2024 2026/2026/2026 2025/2025/2025
f 2027/2027/2027 2026/2026/2026 2024/2024/2024
f 2025/2025/2025 2026/2026/2026 2027/2027/2027
f 2028/2028/2028 2030/2030/2030 2029/2029/2029
f 2031/2031/2031 2030/2030/2030 2028/2028/2028
f 2029/2029/2029 2030/2030/2030 2031/2031/2031
f 2032/2032/2032 2034/2034/2034 2033/2033/2033
f 2035/2035/2035 2034/2034/2034 2032/2032/2032
f 2033/2033/2033 2034/2034/2034 2035/2035/2035
f 2036/2036/2036 2038/2038/2038 2037/2037/2037
f 2039/2039/2039 2038/2038/2038 2036/2036/2036
f 2037/2037/2037 2038/2038/2038 2039/2039/2039
f 2040/2040/2040 2042/2042/2042 2041/2041/2041
f 2043/2043/2043 2042/2042/2042 2040/2040/2040
f 2041/2041/2041 2042/2042/2042 2043/2043/2043
f 2044/2044/2044 2046/2046/2046 2045/2045/2045
f 2047/2047/2047 2046/2046/2046 2044/2044/2044
f 2045/2045/2045 2046/2046/2046 2047/2047/2047
f 2048/2048/2048 2050/2050/2050 2049/2049/2049
f 2051/2051/2051 2050/2050/2050 2048/2048/2048
f 2049/2049/2049 2050/2050/2050 2051/2051/2051
f 2052/2052/2052 2054/2054/2054 2053/2053/2053
f 2055/2055/2055 2054/2054/2054 2052/2052/2052
f 2053/2053/2053 2054/2054/2054 2055/2055/2055
f 2056/2056/2056 2058/2058/2058 2057/2057/2057
f 2059/2059/2059 2058/2058/2058 2056/2056/2056
f 2057/2057/2057 2058/2058/2058 2059/2059/2059
f 2060/2060/2060 2062/2062/2062 2061/2061/2061
f 2063/2063/2063 2062/2062/2062 2060/2060/2060
f 2061/2061/2061 2062/2062/2062 2063/2063/2063
f 2064/2064/2064 2066/2066/2066 2065/2065/2065
f 2067/2067/2067 2066/2066/2066 2064/2064/2064
f 2065/2065/2065 2066/2066/2066 2067/2067/2067
f 2068/2068/2068 2070/2070/2070 2069/2069/2069
f 2071/2071/2071 2070/2070/2070 2068/2068/2068
f 2069/2069/2069 2070/2070/2070 2071/2071/2071
f 2072/2072/2072 2074/2074/2074 2073/2073/2073
f 2075/2075/2075 2074/2074/2074 2072/2072/2072
f 2073/2073/2073 2074/2074/2074 2075/2075/2075
f 2076/2076/2076 2078/2078/2078 2077/2077/2077
f 2079/2079/2079 2078/2078/2078 2076/2076/2076
f 2077/2077/2077 2078/2078/2078 2079/2079/2079
f 2080/2080/2080 2082/2082/2082 2081/2081/2081
f 2083/2083/2083 2082/2082/2082 2080/2080/2080
f 2081/2081/2081 2082/2082/2082 2083/2083/2083
f 2084/2084/2084 2086/2086/2086 2085/2085/2085
f 2087/2087/2087 2086/2086/2086 2084/2084/2084
f 2085/2085/2085 2086/2086/2086 2087/2087/2087
f 2088/2088/2088 2090/2090/2090 2089/2089/2089
f 2091/2091/2091 2090/2090/2090 2088/2088/2088
f 2089/2089/2089 2090/2090/2090 2091/2091/2091
f 2092/2092/2092 2094/2094/2094 2093/2093/2093
f 2095/2095/2095 2094/2094/2094 2092/2092/2092
f 2093/2093/2093 2094/2094/2094 2095/2095/2095
f 2096/2096/2096 2098/2098/2098 2097/2097/2097
f 2099/2099/2099 2098/2098/2098 2096/2096/2096
f 2097/2097/2097 2098/2098/2098 2099/2099/2099
f 2100/2100/2100 2102/2102/2102 2101/2101/2101
f 2103/2103/2103 2102/2102/2102 2100/2100/2100
f 2101/2101/2101 2102/2102/2102 2103/2103/2103
f 2104/2104/2104 2106/2106/2106 2105/2105/2105
f 2107/2107/2107 2106/2106/2106 2104/2104/2104
f 2105/2105/2105 2106/2106/2106 2107/2107/2107
f 2108/2108/2108 2110/2110/2110 2109/2109/2109
f 2111/2111/2111 2110/2110/2110 2108/2108/2108
f 2109/2109/2109 2110/2110/2110 2111/2111/2111
f 2112/2112/2112 2114/2114/2114 2113/2113/2113
f 2115/2115/2115 2114/2114/2114 2112/2112/2112
f 2113/2113/2113 2114/2114/2114 2115/2115/2115
f 2116/2116/2116 2118/2118/2118 2117/2117/2117
f 2119/2119/2119 2118/2118/2118 2116/2116/2116
f 2117/2117/2117 2118/2118/2118 2119/2119/2119
f 2120/2120/2120 2122/2122/2122 2121/2121/2121
f 2123/2123/2123 2122/2122/2122 2120/2120/2120
f 2121/2121/2121 2122/2122/2122 2123/2123/2123
f 2124/2124/2124 2126/2126/2126 2125/2125/2125
f 2127/2127/2127 2126/2126/2126 2124/2124/2124
f 2125/2125/2125 2126/2126/2126 2127/2127/2127
f 2128/2128/2128 2130/2130/2130 2129/2129/2129
f 2131/2131/2131 2130/2130/2130 2128/2128/2128
f 2129/2129/2129 2130/2130/2130 2131/2131/2131
f 2132/2132/2132 2134/2134/2134 2133/2133/2133
f 2135/2135/2135 2134/2134/2134 2132/2132/2132
f 2133/2133/2133 2134/2134/2134 2135/2135/2135
f 2136/2136/2136 2138/2138/2138 2137/2137/2137
f 2139/2139/2139 2138/2138/2138 2136/2136/2136
f 2137/2137/2137 2138/2138/2138 2139/2139/2139
f 2140/2140/2140 2142/2142/2142 2141/2141/2141
f 2143/2143/2143 2142/2142/2142 2140/2140/2140
f 2141/2141/2141 2142/2142/2142 2143/2143/2143
f 2144/2144/2144 2146/2146/2146 2145/2145/2145
f 2147/2147/2147 2146/2146/2146 2144/2144/2144
f 2145/2145/2145 2146/2146/2146 2147/2147/2147
f 2148/2148/2148 2150/2150/2150 2149/2149/2149
f 2151/2151/2151 2150/2150/2150 2148/2148/2148
f 2149/2149/2149 2150/2150/2150 2151/2151/2151
f 2152/2152/2152 2154/2154/2154 2153/2153/2153
f 2155/2155/2155 2154/2154/2154 2152/2152/2152
f 2153/2153/2153 2154/2154/2154 2155/2155/2155
f 2156/2156/2156 2158/2158/2158 2157/2157/2157
f 2159/2159/2159 2158/2158/2158 2156/2156/2156
f 2157/2157/2157 2158/2158/2158 2159/2159/2159
f 2160/2160/2160 2162/2162/2162 2161/2161/2161
f 2163/2163/2163 2162/2162/2162 2160/2160/2160
f 2161/2161/2161 2162/2162/2162 2163/2163/2163
f 2164/2164/2164 2166/2166/2166 2165/2165/2165
f 2167/2167/2167 2166/2166/2166 2164/2164/2164
f 2165/2165/2165 2166/2166/2166 2167/2167/2167
f 2168/2168/2168 2170/2170/2170 2169/2169/2169
f 2171/2171/2171 2170/2170/2170 2168/2168/2168
f 2169/2169/2169 2170/2170/2170 2171/2171/2171
f 2172/2172/2172 2174/2174/2174 2173/2173/2173
f 2175/2175/2175 2174/2174/2174 2172/2172/2172
f 2173/2173/2173 2174/2174/2174 2175/2175/2175
f 2176/2176/2176 2178/2178/2178 2177/2177/2177
f 2179/2179/2179 2178/2178/2178 2176/2176/2176
f 2177/2177/2177 2178/2178/2178 2179/2179/2179
f 2180/2180/2180 2182/2182/2182 2181/2181/2181
f 2183/2183/2183 2182/2182/2182 2180/2180/2180
f 2181/2181/2181 2182/2182/2182 2183/2183/2183
f 2184/2184/2184 2186/2186/2186 2185/2185/2185
f 2187/2187/2187 2186/2186/2186 2184/2184/2184
f 2185/2185/2185 2186/2186/2186 2187/2187/2187
f 2188/2188/2188 2190/2190/2190 2189/2189/2189
f 2191/2191/2191 2190/2190/2190 2188/2188/2188
f 2189/2189/2189 2190/2190/2190 2191/2191/2191
f 2192/2192/2192 2194/2194/2194 2193/2193/2193
f 2195/2195/2195 2194/2194/2194 2192/2192/2192
f 2193/2193/2193 2194/2194/2194 2195/2195/2195
f 2196/2196/2196 2198/2198/2198 2197/2197/2197
f 2199/2199/2199 2198/2198/2198 2196/2196/2196
f 2197/2197/2197 2198/2198/2198 2199/2199/2199
f 2200/2200/2200 2202/2202/2202 2201/2201/2201
f 2203/2203/2203 2202/2202/2202 2200/2200/2200
f 2201/2201/2201 2202/2202/2202 2203/2203/2203
f 2204/2204/2204 2206/2206/2206 2205/2205/2205
f 2207/2207/2207 2206/2206/2206 2204/2204/2204
f 2205/2205/2205 2206/2206/2206 2207/2207/2207
f 2208/2208/2208 2210/2210/2210 2209/2209/2209
f 2211/2211/2211 2210/2210/2210 2208/2208/2208
f 2209/2209/2209 2210/2210/2210 2211/2211/2211
f 2212/2212/2212 2214/2214/2214 2213/2213/2213
f 2215/2215/2215 2214/2214/2214 2212/2212/2212
f 2213/2213/2213 2214/2214/2214 2215/2215/2215
f 2216/2216/2216 2218/2218/2218 2217/2217/2217
f 2219/2219/2219 2218/2218/2218 2216/2216/2216
f 2217/2217/2217 2218/2218/2218 2219/2219/2219
f 2220/2220/2220 2222/2222/2222 2221/2221/2221
f 2223/2223/2223 2222/2222/2222 2220/2220/2220
f 2221/2221/2221 2222/2222/2222 2223/2223/2223
f 2224/2224/2224 2226/2226/2226 2225/2225/2225
f 2227/2227/2227 2226/2226/2226 2224/2224/2224
f 2225/2225/2225 2226/2226/2226 2227/2227/2227
f 2228/2228/2228 2230/2230/2230 2229/2229/2229
f 2231/2231/2231 2230/2230/2230 2228/2228/2228
f 2229/2229/2229 2230/2230/2230 2231/2231/2231
f 2232/2232/2232 2234/2234/2234 2233/2233/2233
f 2235/2235/2235 2234/2234/2234 2232/2232/2232
f 2233/2233/2233 2234/2234/2234 2235/2235/2235
f 2236/2236/2236 2238/2238/2238 2237/2237/2237
f 2239/2239/2239 2238/2238/2238 2236/2236/2236
f 2237/2237/2237 2238/2238/2238 2239/2239/2239
f 2240/2240/2240 2242/2242/2242 2241/2241/2241
f 2243/2243/2243 2242/2242/2242 2240/2240/2240
f 2241/2241/2241 2242/2242/2242 2243/2243/2243
f 2244/2244/2244 2246/2246/2246 2245/2245/2245
f 2247/2247/2247 2246/2246/2246 2244/2244/2244
f 2245/2245/2245 2246/2246/2246 2247/2247/2247
f 2248/2248/2248 2250/2250/2250 2249/2249/2249
f 2251/2251/2251 2250/2250/2250 2248/2248/2248
f 2249/2249/2249 2250/2250/2250 2251/2251/2251
f 2252/2252/2252 2254/2254/2254 2253/2253/2253
f 2255/2255/2255 2254/2254/2254 2252/2252/2252
f 2253/2253/2253 2254/2254/2254 2255/2255/2255
f 2256/2256/2256 2258/2258/2258 2257/2257/2257
f 2259/2259/2259 2258/2258/2258 2256/2256/2256
f 2257/2257/2257 2258/2258/2258 2259/2259/2259
f 2260/2260/2260 2262/2262/2262 2261/2261/2261
f 2263/2263/2263 2262/2262/2262 2260/2260/2260
f 2261/2261/2261 2262/2262/2262 2263/2263/2263
f 2264/2264/2264 2266/2266/2266 2265/2265/2265
f 2267/2267/2267 2266/2266/2266 2264/2264/2264
f 2265/2265/2265 2266/2266/2266 2267/2267/2267
f 2268/2268/2268 2270/2270/2270 2269/2269/2269
f 2271/2271/2271 2270/2270/2270 2268/2268/2268
f 2269/2269/2269 2270/2270/2270 2271/2271/2271
f 2272/2272/2272 2274/2274/2274 2273/2273/2273
f 2275/2275/2275 2274/2274/2274 2272/2272/2272
f 2273/2273/2273 2274/2274/2274 2275/2275/2275
f 2276/2276/2276 2278/2278/2278 2277/2277/2277
f 2279/2279/2279 2278/2278/2278 2276/2276/2276
f 2277/2277/2277 2278/2278/2278 2279/2279/2279
f 2280/2280/2280 2282/2282/2282 2281/2281/2281
f 2283/2283/2283 2282/2282/2282 2280/2280/2280
f 2281/2281/2281 2282/2282/2282 2283/2283/2283
f 2284/2284/2284 2286/2286/2286 2285/2285/2285
f 2287/2287/2287 2286/2286/2286 2284/2284/2284
f 2285/2285/2285 2286/2286/2286 2287/2287/2287
f 2288/2288/2288 2290/2290/2290 2289/2289/2289
f 2291/2291/2291 2290/2290/2290 2288/2288/2288
f 2289/2289/2289 2290/2290/2290 2291/2291/2291
f 2292/2292/2292 2294/2294/2294 2293/2293/2293
f 2295/2295/2295 2294/2294/2294 2292/2292/2292
f 2293/2293/2293 2294/2294/2294 2295/2295/2295
f 2296/2296/2296 2298/2298/2298 2297/2297/2297
f 2299/2299/2299 2298/2298/2298 2296/2296/2296
f 2297/2297/2297 2298/2298/2298 2299/2299/2299
f 2300/2300/2300 2302/2302/2302 2301/2301/2301
f 2303/2303/2303 2302/2302/2302 2300/2300/2300
f 2301/2301/2301 2302/2302/2302 2303/2303/2303
f 2304/2304/2304 2306/2306/2306 2305/2305/2305
f 2307/2307/2307 2306/2306/2306 2304/2304/2304
f 2305/2305/2305 2306/2306/2306 2307/2307/2307
f 2308/2308/2308 2310/2310/2310 2309/2309/2309
f 2311/2311/2311 2310/2310/2310 2308/2308/2308
f 2309/2309/2309 2310/2310/2310 2311/2311/2311
f 2312/2312/2312 2314/2314/2314 2313/2313/2313
f 2315/2315/2315 2314/2314/2314 2312/2312/2312
f 2313/2313/2313 2314/2314/2314 2315/2315/2315
f 2316/2316/2316 2318/2318/2318 2317/2317/2317
f 2319/2319/2319 2318/2318/2318 2316/2316/2316
f 2317/2317/2317 2318/2318/2318 2319/2319/2319
f 2320/2320/2320 2322/2322/2322 2321/2321/2321
f 2323/2323/2323 2322/2322/2322 2320/2320/2320
f 2321/2321/2321 2322/2322/2322 2323/2323/2323
f 2324/2324/2324 2326/2326/2326 2325/2325/2325
f 2327/2327/2327 2326/2326/2326 2324/2324/2324
f 2325/2325/2325 2326/2326/2326 2327/2327/2327
f 2328/2328/2328 2330/2330/2330 2329/2329/2329
f 2331/2331/2331 2330/2330/2330 2328/2328/2328
f 2329/2329/2329 2330/2330/2330 2331/2331/2331
f 2332/2332/2332 2334/2334/2334 2333/2333/2333
f 2335/2335/2335 2334/2334/2334 2332/2332/2332
f 2333/2333/2333 2334/2334/2334 2335/2335/2335
f 2336/2336/2336 2338/2338/2338 2337/2337/2337
f 2339/2339/2339 2338/2338/2338 2336/2336/2336
f 2337/2337/2337 2338/2338/2338 2339/2339/2339
f 2340/2340/2340 2342/2342/2342 2341/2341/2341
f 2343/2343/2343 2342/2342/2342 2340/2340/2340
f 2341/2341/2341 2342/2342/2342 2343/2343/2343
f 2344/2344/2344 2346/2346/2346 2345/2345/2345
f 2347/2347/2347 2346/2346/2346 2344/2344/2344
f 2345/2345/2345 2346/2346/2346 2347/2347/2347
f 2348/2348/2348 2350/2350/2350 2349/2349/2349
f 2351/2351/2351 2350/2350/2350 2348/2348/2348
f 2349/2349/2349 2350/2350/2350 2351/2351/2351
f 2352/2352/2352 2354/2354/2354 2353/2353/2353
f 2355/2355/2355 2354/2354/2354 2352/2352/2352
f 2353/2353/2353 2354/2354/2354 2355/2355/2355
f 2356/2356/2356 2358/2358/2358 2357/2357/2357
f 2359/2359/2359 2358/2358/2358 2356/2356/2356
f 2357/2357/2357 2358/2358/2358 2359/2359/2359
f 2360/2360/2360 2362/2362/2362 2361/2361/2361
f 2363/2363/2363 2362/2362/2362 2360/2360/2360
f 2361/2361/2361 2362/2362/2362 2363/2363/2363
f 2364/2364/2364 2366/2366/2366 2365/2365/2365
f 2367/2367/2367 2366/2366/2366 2364/2364/2364
f 2365/2365/2365 2366/2366/2366 2367/2367/2367
f 2368/2368/2368 2370/2370/2370 2369/2369/2369
f 2371/2371/2371 2370/2370/2370 2368/2368/2368
f 2369/2369/2369 2370/2370/2370 2371/2371/2371
f 2372/2372/2372 2374/2374/2374 2373/2373/2373
f 2375/2375/2375 2374/2374/2374 2372/2372/2372
f 2373/2373/2373 2374/2374/2374 2375/2375/2375
f 2376/2376/2376 2378/2378/2378 2377/2377/2377
f 2379/2379/2379 2378/2378/2378 2376/2376/2376
f 2377/2377/2377 2378/2378/2378 2379/2379/2379
f 2380/2380/2380 2382/2382/2382 2381/2381/2381
f 2383/2383/2383 2382/2382/2382 2380/2380/2380
f 2381/2381/2381 2382/2382/2382 2383/2383/2383
f 2384/2384/2384 2386/2386/2386 2385/2385/2385
f 2387/2387/2387 2386/2386/2386 2384/2384/2384
f 2385/2385/2385 2386/2386/2386 2387/2387/2387
f 2388/2388/2388 2390/2390/2390 2389/2389/2389
f 2391/2391/2391 2390/2390/2390 2388/2388/2388
f 2389/2389/2389 2390/2390/2390 2391/2391/2391
f 2392/2392/2392 2394/2394/2394 2393/2393/2393
f 2395/2395/2395 2394/2394/2394 2392/2392/2392
f 2393/2393/2393 2394/2394/2394 2395/2395/2395
f 2396/2396/2396 2398/2398/2398 2397/2397/2397
f 2399/2399/2399 2398/2398/2398 2396/2396/2396
f 2397/2397/2397 2398/2398/2398 2399/2399/2399
f 2400/2400/2400 2402/2402/2402 2401/2401/2401
f 2403/2403/2403 2402/2402/2402 2400/2400/2400
f 2401/2401/2401 2402/2402/2402 2403/2403/2403
f 2404/2404/2404 2406/2406/2406 2405/2405/2405
f 2407/2407/2407 2406/2406/2406 2404/2404/2404
f 2405/2405/2405 2406/2406/2406 2407/2407/2407
f 2408/2408/2408 2410/2410/2410 2409/2409/2409
f 2411/2411/2411 2410/2410/2410 2408/2408/2408
f 2409/2409/2409 2410/2410/2410 2411/2411/2411
f 2412/2412/2412 2414/2414/2414 2413/2413/2413
f 2415/2415/2415 2414/2414/2414 2412/2412/2412
f 2413/2413/2413 2414/2414/2414 2415/2415/2415
f 2416/2416/2416 2418/2418/2418 2417/2417/2417
f 2419/2419/2419 2418/2418/2418 2416/2416/2416
f 2417/2417/2417 2418/2418/2418 2419/2419/2419
f 2420/2420/2420 2422/2422/2422 2421/2421/2421
f 2423/2423/2423 2422/2422/2422 2420/2420/2420
f 2421/2421/2421 2422/2422/2422 2423/2423/2423
f 2424/2424/2424 2426/2426/2426 2425/2425/2425
f 2427/2427/2427 2426/2426/2426 2424/2424/2424
f 2425/2425/2425 2426/2426/2426 2427/2427/2427
f 2428/2428/2428 2430/2430/2430 2429/2429/2429
f 2431/2431/2431 2430/2430/2430 2428/2428/2428
f 2429/2429/2429 2430/2430/2430 2431/2431/2431
f 2432/2432/2432 2434/2434/2434 2433/2433/2433
f 2435/2435/2435 2434/2434/2434 2432/2432/2432
f 2433/2433/2433 2434/2434/2434 2435/2435/2435
f 2436/2436/2436 2438/2438/2438 2437/2437/2437
f 2439/2439/2439 2438/2438/2438 2436/2436/2436
f 2437/2437/2437 2438/2438/2438 2439/2439/2439
f 2440/2440/2440 2442/2442/2442 2441/2441/2441
f 2443/2443/2443 2442/2442/2442 2440/2440/2440
f 2441/2441/2441 2442/2442/2442 2443/2443/2443
f 2444/2444/2444 2446/2446/2446 2445/2445/2445
f 2447/2447/2447 2446/2446/2446 2444/2444/2444
f 2445/2445/2445 2446/2446/2446 2447/2447/2447
f 2448/2448/2448 2450/2450/2450 2449/2449/2449
f 2451/2451/2451 2450/2450/2450 2448/2448/2448
f 2449/2449/2449 2450/2450/2450 2451/2451/2451
f 2452/2452/2452 2454/2454/2454 2453/2453/2453
f 2455/2455/2455 2454/2454/2454 2452/2452/2452
f 2453/2453/2453 2454/2454/2454 2455/2455/2455
f 2456/2456/2456 2458/2458/2458 2457/2457/2457
f 2459/2459/2459 2458/2458/2458 2456/2456/2456
f 2457/2457/2457 2458/2458/2458 2459/2459/2459
f 2460/2460/2460 2462/2462/2462 2461/2461/2461
f 2463/2463/2463 2462/2462/2462 2460/2460/2460
f 2461/2461/2461 2462/2462/2462 2463/2463/2463
f 2464/2464/2464 2466/2466/2466 2465/2465/2465
f 2467/2467/2467 2466/2466/2466 2464/2464/2464
f 2465/2465/2465 2466/2466/2466 2467/2467/2467
f 2468/2468/2468 2470/2470/2470 2469/2469/2469
f 2471/2471/2471 2470/2470/2470 2468/2468/2468
f 2469/2469/2469 2470/2470/2470 2471/2471/2471
f 2472/2472/2472 2474/2474/2474 2473/2473/2473
f 2475/2475/2475 2474/2474/2474 2472/2472/2472
f 2473/2473/2473 2474/2474/2474 2475/2475/2475
f 2476/2476/2476 2478/2478/2478 2477/2477/2477
f 2479/2479/2479 2478/2478/2478 2476/2476/2476
f 2477/2477/2477 2478/2478/2478 2479/2479/2479
f 2480/2480/2480 2482/2482/2482 2481/2481/2481
f 2483/2483/2483 2482/2482/2482 2480/2480/2480
f 2481/2481/2481 2482/2482/2482 2483/2483/2483
f 2484/2484/2484 2486/2486/2486 2485/2485/2485
f 2487/2487/2487 2486/2486/2486 2484/2484/2484
f 2485/2485/2485 2486/2486/2486 2487/2487/2487
f 2488/2488/2488 2490/2490/2490 2489/2489/2489
f 2491/2491/2491 2490/2490/2490 2488/2488/2488
f 2489/2489/2489 2490/2490/2490 2491/2491/2491
f 2492/2492/2492 2494/2494/2494 2493/2493/2493
f 2495/2495/2495 2494/2494/2494 2492/2492/2492
f 2493/2493/2493 2494/2494/2494 2495/2495/2495
f 2496/2496/2496 2498/2498/2498 2497/2497/2497
f 2499/2499/2499 2498/2498/2498 2496/2496/2496
f 2497/2497/2497 2498/2498/2498 2499/2499/2499
f 2500/2500/2500 2502/2502/2502 2501/2501/2501
f 2503/2503/2503 2502/2502/2502 2500/2500/2500
f 2501/2501/2501 2502/2502/2502 2503/2503/2503
f 2504/2504/2504 2506/2506/2506 2505/2505/2505
f 2507/2507/2507 2506/2506/2506 2504/2504/2504
f 2505/2505/2505 2506/2506/2506 2507/2507/2507
f 2508/2508/2508 2510/2510/2510 2509/2509/2509
f 2511/2511/2511 2510/2510/2510 2508/2508/2508
f 2509/2509/2509 2510/2510/2510 2511/2511/2511
f 2512/2512/2512 2514/2514/2514 2513/2513/2513
f 2515/2515/2515 2514/2514/2514 2512/2512/2512
f 2513/2513/2513 2514/2514/2514 2515/2515/2515
f 2516/2516/2516 2518/2518/2518 2517/2517/2517
f 2519/2519/2519 2518/2518/2518 2516/2516/2516
f 2517/2517/2517 2518/2518/2518 2519/2519/2519
f 2520/2520/2520 2522/2522/2522 2521/2521/2521
f 2523/2523/2523 2522/2522/2522 2520/2520/2520
f 2521/2521/2521 2522/2522/2522 2523/2523/2523
f 2524/2524/2524 2526/2526/2526 2525/2525/2525
f 2527/2527/2527 2526/2526/2526 2524/2524/2524
f 2525/2525/2525 2526/2526/2526 2527/2527/2527
f 2528/2528/2528 2530/2530/2530 2529/2529/2529
f 2531/2531/2531 2530/2530/2530 2528/2528/2528
f 2529/2529/2529 2530/2530/2530 2531/2531/2531
f 2532/2532/2532 2534/2534/2534 2533/2533/2533
f 2535/2535/2535 2534/2534/2534 2532/2532/2532
f 2533/2533/2533 2534/2534/2534 2535/2535/2535
f 2536/2536/2536 2538/2538/2538 2537/2537/2537
f 2539/2539/2539 2538/2538/2538 2536/2536/2536
f 2537/2537/2537 2538/2538/2538 2539/2539/2539
f 2540/2540/2540 2542/2542/2542 2541/2541/2541
f 2543/2543/2543 2542/2542/2542 2540/2540/2540
f 2541/2541/2541 2542/2542/2542 2543/2543/2543
f 2544/2544/2544 2546/2546/2546 2545/2545/2545
f 2547/2547/2547 2546/2546/2546 2544/2544/2544
f 2545/2545/2545 2546/2546/2546 2547/2547/2547
f 2548/2548/2548 2550/2550/2550 2549/2549/2549
f 2551/2551/2551 2550/2550/2550 2548/2548/2548
f 2549/2549/2549 2550/2550/2550 2551/2551/2551
f 2552/2552/2552 2554/2554/2554 2553/2553/2553
f 2555/2555/2555 2554/2554/2554 2552/2552/2552
f 2553/2553/2553 2554/2554/2554 2555/2555/2555
f 2556/2556/2556 2558/2558/2558 2557/2557/2557
f 2559/2559/2559 2558/2558/2558 2556/2556/2556
f 2557/2557/2557 2558/2558/2558 2559/2559/2559
f 2560/2560/2560 2562/2562/2562 2561/2561/2561
f 2563/2563/2563 2562/2562/2562 2560/2560/2560
f 2561/2561/2561 2562/2562/2562 2563/2563/2563
