mtllib P_Cactus01.mtl
v -0.1628554 -0.3752561 -0.1252437
v -0.1590323 -0.3726597 -0.188624
v -0.1451408 0.02133605 -0.1723605
v -0.1490405 0.01832007 -0.1079787
v -0.2100307 -0.3753171 -0.08266541
v -0.1326205 0.3479251 -0.1571714
v -0.1969764 0.01820611 -0.06471825
v -0.2100307 -0.3767085 -0.05048524
v -0.1366019 0.3444499 -0.09176147
v -0.1221854 0.6185095 -0.1434152
v -0.1969844 0.01659107 -0.03203001
v -0.1628554 -0.3803225 -0.008060527
v -0.1853246 0.3442116 -0.04780208
v -0.1262576 0.6145644 -0.07684246
v -0.1144551 0.8443334 -0.1313628
v -0.1490698 0.01244021 0.01105458
v -0.1590323 -0.3832068 0.05530742
v -0.1853422 0.3423557 -0.0145922
v -0.1758755 0.6140783 -0.03209987
v -0.1186259 0.8399782 -0.0634353
v -0.1101369 1.036525 -0.1213939
v -0.1452017 0.009096635 0.07542223
v -0.1338672 -0.3850222 0.07533044
v -0.1366659 0.3376918 0.02917145
v -0.175903 0.6119809 0.001700316
v -0.1692876 0.8390689 -0.0177946
v -0.1144151 1.031931 -0.05180671
v -0.1101314 1.206315 -0.1141104
v -0.1196416 0.00701286 0.09575608
v -0.0712174 -0.3869324 0.0648528
v -0.1327539 0.3338576 0.09456559
v -0.1263575 0.6069272 0.04623998
v -0.1693226 0.8367698 0.01669396
v -0.1663439 1.030385 -0.00508621
v -0.1145399 1.201772 -0.04231983
v -0.1157143 1.36535 -0.1104996
v -0.05599326 0.004852786 0.08509985
v -0.01927465 -0.3904676 0.1012931
v -0.1067866 0.3315201 0.1152194
v -0.1223934 0.6026115 0.1127963
v -0.1187534 0.8316063 0.06215382
v -0.1663813 1.027985 0.03024654
v -0.1681208 1.199385 0.005819051
v -0.120317 1.361205 -0.03550087
v -0.1270573 1.525764 -0.1103733
v -0.1319295 1.52234 -0.03130571
v -0.143329 1.700118 -0.1124384
v -0.1762667 1.357845 0.01471395
v -0.1681564 1.19705 0.04227326
v -0.1145516 1.023192 0.07685661
v -0.1147204 0.8269062 0.1300667
v -0.1485105 1.697626 -0.02917189
v -0.1643688 1.901046 -0.1168002
v -0.1908623 1.518018 0.02156576
v -0.1763035 1.355765 0.05280046
v -0.1146694 1.193267 0.09042714
v -0.1702017 1.899488 -0.02966275
v -0.1902968 2.140831 -0.1251721
v -0.2105185 1.692519 0.02646349
v -0.1909139 1.516367 0.06172155
v -0.1978136 2.140014 -0.03459703
v -0.2205184 2.432414 -0.1389364
v -0.2353188 1.89386 0.02826373
v -0.2311442 2.431737 -0.04530842
v -0.2609592 2.93546 -0.1608264
v -0.1104211 1.018335 0.1464349
v -0.1204509 1.35363 0.1031901
v -0.2106025 1.691403 0.06875364
v -0.2664989 2.134112 0.02462313
v -0.2783562 2.933818 -0.06494503
v -0.2872445 3.372751 -0.1748283
v -0.110401 1.188611 0.162219
v -0.1321174 1.516331 0.1149205
v -0.2356458 1.893269 0.07249928
v -0.3041851 2.425684 0.01393265
v -0.3107137 3.369732 -0.07725854
v -0.305832 3.750489 -0.1787776
v -0.115993 1.349583 0.1782031
v -0.1488162 1.693563 0.1248265
v -0.2676064 2.133932 0.07060616
v -0.3578548 2.92767 -0.008846864
v -0.3333513 3.746124 -0.07965511
v -0.3211597 4.076421 -0.1736161
v -0.1274486 1.513255 0.1940148
v -0.1713654 1.897331 0.1314698
v -0.3067893 2.425587 0.06151462
v -0.3957872 3.363564 -0.02425906
v -0.3503725 4.070791 -0.07277703
v -0.3342031 4.358454 -0.1604518
v -0.1439653 1.69166 0.2081285
v -0.2018037 2.139351 0.1329778
v -0.3637903 2.927063 0.040068
v -0.4224705 3.740049 -0.02840078
v -0.3628336 4.351744 -0.05819749
v -0.3348856 4.823924 -0.1266227
v -0.1667906 1.896555 0.2186542
v -0.2405861 2.431368 0.1281847
v -0.4047065 3.362215 0.02576813
v -0.4419629 4.064948 -0.02148711
v -0.3642273 4.81579 -0.02533194
v -0.3160307 5.203337 -0.07440156
v -0.1986095 2.139442 0.2237329
v -0.2999727 2.93158 0.1134687
v -0.4333762 3.73797 0.02258953
v -0.4551005 4.346364 -0.005442888
v -0.3417378 5.196589 0.01998826
v -0.2961467 5.401545 -0.03810857
v -0.2401932 2.431636 0.2223157
v -0.3432253 3.364806 0.1050269
v -0.4536635 4.062179 0.03042799
v -0.4563974 4.812529 0.02644599
v -0.3177935 5.396712 0.04775395
v -0.2618636 5.569767 0.0119815
v -0.3059767 2.930789 0.2106761
v -0.3730804 3.73855 0.1060327
v -0.4664644 4.342996 0.04716433
v -0.4263546 5.196464 0.0696161
v -0.2777402 5.556104 0.08083252
v -0.1435572 5.615804 0.1688384
v -0.3933773 5.397958 0.0941219
v -0.4364609 5.192847 0.1181473
v -0.3372953 5.569877 0.1193359
v -0.1435572 5.615804 0.1688384
v -0.4016746 5.39531 0.1382298
v -0.3929796 4.060707 0.1162703
v -0.4681419 4.808303 0.07858238
v -0.4042324 4.339475 0.1333767
v -0.4069947 4.800402 0.1645213
v -0.343177 5.568614 0.1547689
v -0.1435572 5.615804 0.1688384
v -0.3785786 5.183416 0.1966996
v -0.3480045 5.387076 0.208314
v -0.2992543 5.551764 0.2097486
v -0.1435572 5.615804 0.1688384
v -0.4098518 4.055431 0.2199097
v -0.4203823 4.332913 0.2383352
v -0.4239114 4.791892 0.2685806
v -0.3927198 5.175915 0.2934442
v -0.3590926 5.381484 0.2960888
v -0.3903413 4.78802 0.3101985
v -0.388535 3.734722 0.2077561
v -0.3063872 5.560225 0.2803596
v -0.1435572 5.615804 0.1688384
v -0.3610438 5.171175 0.3314218
v -0.32983 5.377303 0.3298884
v -0.3549361 3.36249 0.2046884
v -0.2824307 5.557342 0.3069164
v -0.1435572 5.615804 0.1688384
v -0.2847503 4.786301 0.3160718
v -0.2632378 5.166152 0.3350339
v -0.2413903 5.371853 0.3314506
v -0.3862817 4.331305 0.2800687
v -0.2120312 5.541319 0.3065919
v -0.1435572 5.615804 0.1688384
v -0.3765326 4.054871 0.261494
v -0.355504 3.735198 0.2481437
v -0.3215007 3.363977 0.2428911
v -0.2715979 2.933238 0.2458316
v -0.2047912 2.434717 0.2540183
v -0.1635005 2.142341 0.2532733
v -0.1325108 1.898767 0.2465198
v -0.1109994 1.692903 0.2346127
v -0.09608017 1.513369 0.2191389
v -0.08619619 1.348613 0.2019963
v -0.0818661 1.186782 0.1849518
v -0.08277009 1.015973 0.1684351
v -0.087742 0.8243382 0.1515217
v -0.0959617 0.6000857 0.1338163
v -0.04210692 0.3291798 0.1043818
v -0.03010726 0.597729 0.1227835
v -0.0205123 0.8222546 0.1402817
v -0.01386127 1.01459 0.1569696
v -0.01076037 1.186608 0.1732081
v -0.00323391 0.0007972916 0.1221045
v 0.01210572 -0.3913392 0.09408126
v 0.01149416 0.3246369 0.1419676
v 0.02864709 -0.0001859478 0.1147722
v 0.04305336 -0.3901076 0.03859105
v 0.02445397 0.5928338 0.1610354
v 0.03517854 0.8173031 0.179327
v 0.06010053 0.001271734 0.05839942
v 0.1040018 -0.3916321 0.02066339
v 0.04389235 0.3235779 0.1345126
v 0.1220223 -0.0004420215 0.0401759
v 0.1179674 -0.3909039 -0.008352663
v 0.05744116 0.5917811 0.1534467
v 0.07587022 0.3253236 0.07723463
v 0.04321826 1.010079 0.1970118
v 0.1362171 0.0004153269 0.01069877
v 0.09390867 -0.3874578 -0.06707013
v 0.1387977 0.323493 0.05870927
v 0.09001473 0.5938964 0.09514935
v 0.06885505 0.8163995 0.1715924
v 0.1117906 0.004393093 -0.04894066
v 0.1179673 -0.3858233 -0.1258658
v 0.1532303 0.3245101 0.0287592
v 0.1540874 0.5921075 0.0762923
v 0.1021198 0.818965 0.1121164
v 0.07773595 1.009533 0.1891129
v 0.1362464 0.006311875 -0.1086697
v 0.1040017 -0.3840437 -0.1548364
v 0.1284264 0.3290272 -0.03182764
v 0.16879 0.5933211 0.04580934
v 0.1675321 0.8174905 0.09289228
v 0.122066 0.008364177 -0.1380948
v 0.04305339 -0.3809777 -0.1725657
v 0.1532945 0.3312869 -0.09251421
v 0.1435542 0.5983152 -0.01585347
v 0.06015323 0.01186654 -0.1560912
v 0.01524371 -0.3775645 -0.227244
v 0.1388935 0.3336143 -0.1224063
v 0.03191514 0.01580235 -0.2116269
v -0.02241275 -0.3757749 -0.2357756
v 0.111834 1.012602 0.1282055
v 0.1825477 0.8189322 0.06179238
v 0.1688901 0.6009798 -0.07761971
v 0.07598564 0.337501 -0.1406789
v -0.006337777 0.01784512 -0.2202854
v -0.07121739 -0.3755474 -0.1984554
v 0.1788805 1.011834 0.1085591
v 0.1567984 0.8242147 -0.001132913
v 0.1542369 0.6035457 -0.1080426
v 0.04730734 0.3419614 -0.197096
v -0.05592753 0.01806495 -0.1823656
v -0.1338672 -0.3727398 -0.208729
v 0.1942724 1.013516 0.07670906
v 0.1826754 0.8273277 -0.06415036
v 0.09019475 0.6076581 -0.1266376
v 0.008438885 0.3442235 -0.2058857
v -0.1195707 0.02126595 -0.1927882
v -0.1590323 -0.3726597 -0.188624
v -0.1451408 0.02133605 -0.1723605
v -0.04196301 0.3443651 -0.1673519
v -0.1066314 0.3479018 -0.1779296
v -0.1326205 0.3479251 -0.1571714
v 0.06101316 0.6125709 -0.1840563
v 0.1677229 0.8300288 -0.0951967
v 0.02144316 0.6149539 -0.1930008
v -0.09571952 0.6185989 -0.1645434
v -0.1221854 0.6185095 -0.1434152
v -0.02988276 0.6148896 -0.1537802
v 0.1023494 0.8340507 -0.1141873
v -0.08743304 0.8446321 -0.1529142
v -0.1144551 0.8443334 -0.1313628
v 0.07257133 0.8392141 -0.1727831
v 0.03217819 0.841526 -0.1819202
v -0.02022593 0.8410659 -0.1419145
v -0.08243923 1.037155 -0.143453
v -0.1101369 1.036525 -0.1213939
v -0.01355457 1.034225 -0.1321342
v 0.04015985 1.035323 -0.1730805
v 0.08156109 1.033386 -0.1636899
v 0.11208 1.028348 -0.1036377
v -0.08155219 1.207399 -0.1368353
v -0.1101314 1.206315 -0.1141104
v -0.01046939 1.205719 -0.1250717
v 0.04495472 1.2077 -0.1672509
v 0.08767729 1.206519 -0.1575107
v -0.08587159 1.366974 -0.1341995
v -0.1157143 1.36535 -0.1104996
v -0.01164554 1.367117 -0.1218034
v 0.04622887 1.370158 -0.165789
v -0.09562445 1.527936 -0.1353227
v -0.1270573 1.525764 -0.1103733
v -0.01746756 1.530249 -0.1221582
v -0.1102584 1.702752 -0.1386892
v -0.143329 1.700118 -0.1124384
v 0.119175 1.202136 -0.09551451
v 0.09084066 1.370091 -0.1555492
v 0.04348993 1.534376 -0.1684594
v -0.02808474 1.707218 -0.1247634
v -0.1296666 1.904002 -0.14414
v -0.1643688 1.901046 -0.1168002
v 0.1237317 1.366915 -0.09073006
v 0.09046334 1.535645 -0.1576062
v 0.03604734 1.712268 -0.1734778
v -0.04383844 1.910248 -0.1291945
v -0.1537543 2.143968 -0.1530822
v -0.1902968 2.140831 -0.1251721
v 0.1250761 1.534102 -0.08922316
v 0.08543271 1.71487 -0.1620107
v 0.02345464 1.915948 -0.1798996
v -0.06475282 2.151433 -0.1361693
v -0.1817643 2.43564 -0.1667339
v -0.2205184 2.432414 -0.1389364
v 0.1217781 1.715115 -0.08996573
v 0.07502449 1.919658 -0.1676634
v 0.006082341 2.157506 -0.1878584
v -0.09003555 2.443474 -0.146442
v -0.2190166 2.938694 -0.1868151
v -0.2609592 2.93546 -0.1608264
v 0.1126284 1.921505 -0.0920729
v 0.0595182 2.161977 -0.1742834
v -0.01498684 2.449721 -0.1978023
v -0.1256456 2.945585 -0.1594934
v -0.2425741 3.375934 -0.1990614
v -0.2872445 3.372751 -0.1748283
v 0.09732898 2.164998 -0.09498686
v 0.03999911 2.454421 -0.1820522
v -0.04460272 2.951819 -0.2072712
v -0.1480609 3.381319 -0.1654525
v -0.2591754 3.753561 -0.2019872
v -0.305832 3.750489 -0.1787776
v 0.07669666 2.457726 -0.09864971
v 0.01111989 2.955913 -0.187194
v -0.06188407 3.387419 -0.2098
v -0.1634484 3.757311 -0.1641544
v -0.2732501 4.079313 -0.1967689
v -0.3211597 4.076421 -0.1736161
v 0.04334551 2.957998 -0.09854855
v -0.005753204 3.390552 -0.1859038
v -0.07352401 3.763161 -0.2065016
v -0.1759108 4.081323 -0.1570871
v -0.2859032 4.361051 -0.1843293
v -0.3342031 4.358454 -0.1604518
v 0.02233846 3.390826 -0.09287506
v -0.01678675 3.76526 -0.1800086
v -0.08360349 4.086788 -0.1992934
v -0.1869483 4.3612 -0.1451282
v -0.2866704 4.825321 -0.1500178
v -0.3348856 4.823924 -0.1266227
v -0.3160307 5.203337 -0.07440156
v 0.008706287 3.763682 -0.08375983
v -0.02595331 4.087792 -0.1716405
v -0.09386008 4.36606 -0.1886831
v -0.1886527 4.820877 -0.1105245
v -0.0009679347 4.084372 -0.07317265
v -0.03521694 4.365901 -0.1612474
v -0.09575497 4.823367 -0.1531894
v -0.009010732 4.360715 -0.06187487
v -0.03770027 4.820387 -0.1256337
v -0.01248232 4.811833 -0.0269048
v -0.1803003 5.195761 -0.06197704
v -0.09482402 5.195129 -0.1030552
v -0.04064598 5.190441 -0.07845087
v -0.01592126 5.181535 0.01266236
v 0.0800505 4.806494 0.0240472
v 0.08449337 4.360043 -0.01102793
v -0.2716923 5.203111 -0.0969198
v -0.2564053 5.400671 -0.05924095
v -0.2961467 5.401545 -0.03810857
v -0.1732656 5.393513 -0.02917386
v -0.09667006 5.391668 -0.06774814
v -0.04726513 5.387167 -0.04634471
v -0.230389 5.56846 -0.00552967
v -0.2618636 5.569767 0.0119815
v -0.1435572 5.615804 0.1688384
v -0.1634482 5.551058 0.0171469
v -0.1435572 5.615804 0.1688384
v -0.1029386 5.560297 -0.01485728
v -0.1435572 5.615804 0.1688384
v -0.06306462 5.556808 0.001549605
v -0.1435572 5.615804 0.1688384
v -0.02345204 5.379855 0.03564581
v -0.04272237 5.5404 0.06681953
v -0.1435572 5.615804 0.1688384
v 0.02093807 5.546429 0.09751001
v -0.1435572 5.615804 0.1688384
v 0.05539246 5.372235 0.07569274
v 0.07048166 5.173497 0.05844071
v 0.03088808 5.544127 0.1319174
v -0.1435572 5.615804 0.1688384
v 0.06694831 5.368435 0.1189611
v 0.09216276 4.802 0.07607691
v -0.006578341 5.532181 0.1921472
v -0.1435572 5.615804 0.1688384
v 0.08239889 5.168852 0.1064819
v 0.0186922 5.366029 0.1931762
v 0.009134755 5.539538 0.2609958
v -0.1435572 5.615804 0.1688384
v 0.09710196 4.357277 0.04135609
v 0.03162415 4.795468 0.1625599
v 0.02750358 5.164623 0.1875847
v 0.03631379 5.358758 0.2798025
v 0.09091552 4.085661 -0.02209041
v 0.0991834 3.766823 -0.03463653
v 0.1029131 4.083814 0.02979787
v 0.03690863 4.350649 0.128863
v 0.04927504 4.786569 0.2664648
v 0.1120794 3.39572 -0.04798499
v 0.1114557 3.76593 0.01610311
v 0.04272074 4.077643 0.1157771
v 0.1326826 2.964524 -0.0599279
v 0.1256932 3.395785 0.001126824
v 0.1652583 2.465295 -0.06719612
v 0.04524497 5.15563 0.2836164
v 0.05548479 4.344961 0.2335079
v 0.05339928 3.760432 0.10099
v 0.1484982 2.965528 -0.01302982
v 0.1836175 2.172199 -0.06731039
v 0.01599985 4.783448 0.3083816
v 0.06018609 4.073702 0.2193776
v 0.07190201 3.39107 0.08582844
v 0.183493 2.466938 -0.02300595
v 0.1960358 1.927433 -0.0668432
v 0.02234773 4.341649 0.275938
v 0.07152086 3.758322 0.2023602
v 0.1009324 2.961667 0.07204395
v 0.2025114 2.1737 -0.02528417
v 0.2016998 1.719191 -0.06625344
v 0.02710493 4.07056 0.2610372
v 0.09281027 3.390806 0.1840917
v 0.1430993 2.463716 0.06215118
v 0.2148899 1.92833 -0.02678789
v 0.201098 1.535957 -0.06676441
v 0.03954962 3.755462 0.2435255
v 0.126418 2.963221 0.1661897
v 0.1661352 2.170469 0.05798309
v 0.219948 1.719262 -0.02808658
v 0.195933 1.366554 -0.06951632
v 0.06298617 3.388284 0.2252893
v 0.1736993 2.466511 0.1512989
v 0.1812904 1.924774 0.05376109
v 0.2184775 1.535104 -0.03053682
v 0.1883187 1.19994 -0.07530837
v 0.09971481 2.961076 0.2077661
v 0.1983358 2.173002 0.1429666
v 0.1882282 1.715371 0.04901784
v 0.2124487 1.364861 -0.03517567
v 0.1790848 1.024922 -0.08413394
v 0.2041347 1.197629 -0.04246203
v 0.1944092 1.022279 -0.05231657
v 0.1883632 1.530998 0.04269861
v 0.2136777 1.926158 0.1348685
v 0.1838728 1.360751 0.03432046
v 0.1678831 1.018725 0.01222437
v 0.1767682 1.19372 0.02409448
v 0.2196416 1.715187 0.1263455
v 0.2040049 1.1891 0.09065874
v 0.2123145 1.357265 0.1039058
v 0.2182891 1.529078 0.1161011
v 0.188125 1.187202 0.1235006
v 0.1957326 1.35521 0.1381948
v 0.2008165 1.526957 0.1522318
v 0.2012421 1.713106 0.1643828
v 0.1942173 1.924187 0.1745926
v 0.1189416 1.18681 0.1436873
v 0.1234904 1.353266 0.1591825
v 0.1247373 1.523274 0.1742674
v 0.1212272 1.707794 0.1875298
v 0.08376133 1.183244 0.2064855
v 0.08675509 1.34928 0.2247404
v 0.08603233 1.519026 0.2433401
v 0.04814331 1.183188 0.2145923
v 0.04956224 1.34841 0.2331572
v -0.01194644 1.350097 0.1898324
v -0.01788998 1.516747 0.2064091
v 0.04686487 1.517233 0.2521667
v -0.02877164 1.698088 0.2212678
v 0.03928544 1.700823 0.2695085
v -0.04649846 1.905391 0.2329565
v 0.08047724 1.703488 0.2602436
v 0.02434228 1.910048 0.2837919
v -0.07387129 2.149909 0.2405892
v 0.06743357 1.9134 0.2743058
v -0.001178354 2.155915 0.2946867
v -0.111528 2.442594 0.243716
v 0.1104519 1.917602 0.1984043
v 0.04376869 2.159714 0.2855549
v -0.03798611 2.448958 0.3021124
v -0.1745514 2.9405 0.2416899
v 0.08987122 2.16375 0.2073058
v 0.008867115 2.452903 0.2940975
v -0.1025867 2.945633 0.3070811
v -0.2213361 3.370219 0.2442932
v 0.177376 2.171154 0.1839777
v 0.05920124 2.456974 0.2144802
v 0.1506333 2.464657 0.1931376
v -0.05365679 2.9493 0.3020735
v 0.003810927 2.953871 0.2234122
v -0.1509242 3.373481 0.31572
v -0.2527879 3.740283 0.2531167
v -0.03663686 3.381894 0.2358421
v -0.100237 3.376683 0.3134055
v -0.1829699 3.741577 0.3287653
v -0.2716482 4.058665 0.2676986
v -0.06300753 3.750018 0.2508995
v -0.1308565 3.74425 0.3281602
v -0.201097 4.057929 0.3456449
v -0.2800456 4.333621 0.2853637
v -0.07774334 4.066203 0.267479
v -0.147848 4.059999 0.3455846
v -0.2136748 4.77895 0.3940538
v -0.2079519 4.330811 0.3635465
v -0.08374361 4.33859 0.2833805
v -0.1540479 4.332175 0.3630054
v -0.08954652 4.784105 0.3151988
v -0.1600691 4.778347 0.3938141
v -0.1963603 5.156909 0.40611
v -0.1467613 5.154609 0.4049986
v -0.1797701 5.363616 0.3946072
v -0.08258697 5.157781 0.3309855
v -0.1350418 5.361034 0.3927782
v -0.1613918 5.546767 0.3561842
v -0.1435572 5.615804 0.1688384
v 0.01500981 5.153751 0.3229873
v -0.07831922 5.362477 0.324709
v -0.125761 5.54441 0.3540488
v -0.1435572 5.615804 0.1688384
v 0.009683296 5.357787 0.3158708
v -0.0819196 5.532601 0.2987242
v -0.1435572 5.615804 0.1688384
v -0.01149012 5.53959 0.290175
v -0.1435572 5.615804 0.1688384
v -0.1435572 5.615804 0.1688384
v 0.08659974 2.369673 0.08838667
v 0.1030879 2.360435 0.05411978
v 0.3123113 2.397101 0.1579296
v 0.2902922 2.40602 0.1915218
v 0.08139478 2.402612 0.1088643
v 0.4684964 2.565321 0.2283412
v 0.2669794 2.43763 0.2037754
v 0.07276773 2.406139 0.1263733
v 0.4414593 2.571887 0.2629171
v 0.5843196 2.844251 0.2663236
v 0.2561704 2.441043 0.22128
v 0.05518445 2.382516 0.1521452
v 0.4038371 2.594388 0.2698371
v 0.5516207 2.848968 0.3056967
v 0.6637441 3.196801 0.2850424
v 0.2509315 2.41845 0.2552644
v 0.0376931 2.387169 0.1868412
v 0.3909565 2.596935 0.288102
v 0.5028208 2.864139 0.3111857
v 0.6263277 3.200213 0.3292898
v 0.7140945 3.584161 0.2915332
v 0.2303771 2.422977 0.2906177
v 0.02901268 2.374282 0.1991699
v 0.3945546 2.581161 0.3294282
v 0.4873863 2.866012 0.3320889
v 0.5694073 3.210239 0.3346744
v 0.6730394 3.586669 0.339801
v 0.7451053 3.967802 0.2963191
v 0.2284584 2.410648 0.3073276
v 0.02357492 2.335587 0.1970401
v 0.3708581 2.584626 0.3667924
v 0.495416 2.855787 0.3818151
v 0.551793 3.211635 0.3581993
v 0.6102204 3.593282 0.3454263
v 0.7025174 3.969677 0.3462885
v 0.768146 4.310188 0.3172452
v 0.2439447 2.373556 0.3161131
v 0.006968498 2.308451 0.2198277
v 0.3738214 2.576005 0.3873572
v 0.4673226 2.858446 0.4247733
v 0.5621856 3.205294 0.4149554
v 0.5909089 3.594341 0.3710997
v 0.6372485 3.974266 0.3520415
v 0.7289759 4.311651 0.3631757
v 0.7760344 4.439178 0.3709626
v 0.7473345 4.434299 0.4038294
v 0.8018928 4.488595 0.4853485
v 0.6689636 4.315732 0.368461
v 0.6172206 3.975073 0.378623
v 0.602717 3.590525 0.4332898
v 0.5302243 3.207379 0.4633662
v 0.7053656 4.445083 0.407607
v 0.8018928 4.488595 0.4853485
v 0.6505421 4.316339 0.3928941
v 0.6295862 3.972616 0.4430841
v 0.6922434 4.445937 0.4250891
v 0.8018928 4.488595 0.4853485
v 0.6618945 4.313865 0.4521482
v 0.5677097 3.592189 0.4861418
v 0.4728568 2.852839 0.4496052
v 0.6995841 4.437845 0.4674896
v 0.8018928 4.488595 0.4853485
v 0.5932899 3.97392 0.4978114
v 0.5371956 3.203883 0.4917355
v 0.4053453 2.54977 0.4043142
v 0.6285078 4.314796 0.5024526
v 0.5755737 3.590067 0.5172358
v 0.5155688 2.835372 0.4722396
v 0.2416266 2.34759 0.3479444
v 0.004771262 2.288854 0.2176925
v 0.4134184 2.531589 0.4439866
v 0.250043 2.328803 0.3512767
v 0.01557377 2.264225 0.1892646
v 0.5875714 3.192565 0.5182617
v 0.6015093 3.972544 0.5300431
v 0.5293368 2.823517 0.5203189
v 0.2745931 2.305143 0.3282477
v 0.01235723 2.225733 0.1829843
v 0.4299944 2.518292 0.4513655
v 0.6313534 3.582801 0.5465178
v 0.2922568 2.268238 0.3325874
v 0.01829778 2.214183 0.1679929
v 0.6046367 3.185138 0.5732443
v 0.4657058 2.501351 0.4311844
v 0.5516725 2.814654 0.5303805
v 0.3046706 2.257139 0.3200328
v 0.03720601 2.222167 0.1346738
v 0.4994694 2.475215 0.4432908
v 0.5969037 2.803097 0.5088787
v 0.6309441 3.179384 0.5850953
v 0.6505191 3.578262 0.6067979
v 0.3197977 2.264728 0.2825306
v 0.04980153 2.201304 0.1040548
v 0.5171759 2.467255 0.4319275
v 0.6421654 2.785655 0.5258743
v 0.6833692 3.171612 0.5614167
v 0.3441421 2.244674 0.2561108
v 0.05940646 2.206499 0.08749604
v 0.5301834 2.472365 0.389805
v 0.6644833 2.780208 0.5135891
v 0.3512054 2.249621 0.2371231
v 0.07218218 2.241083 0.07437567
v 0.5642127 2.457955 0.3652291
v 0.3455186 2.282744 0.2133877
v 0.09050134 2.251757 0.04304045
v 0.6796368 3.574558 0.6198981
v 0.7366107 3.160265 0.5815682
v 0.6781736 2.783265 0.4641425
v 0.5697165 2.461326 0.3436803
v 0.3585725 2.292915 0.1772153
v 0.0977453 2.27339 0.03625208
v 0.7373848 3.569313 0.5942219
v 0.7624442 3.156586 0.5679769
v 0.7208462 2.77337 0.4372564
v 0.5502252 2.484639 0.3113355
v 0.3542452 2.313637 0.1638682
v 0.09416442 2.306729 0.05377595
v 0.7962912 3.561989 0.6165379
v 0.7774413 3.158211 0.5119241
v 0.7263404 2.775442 0.4118754
v 0.5599797 2.49159 0.2701342
v 0.3323874 2.345625 0.1728849
v 0.1051653 2.34315 0.04461519
v 0.8247366 3.559492 0.6017797
v 0.8267668 3.15149 0.48207
v 0.6981809 2.79081 0.3717183
v 0.5469677 2.506186 0.2515251
v 0.3238713 2.380516 0.1528116
v 0.1030879 2.360435 0.05411978
v 0.3123113 2.397101 0.1579296
v 0.5107393 2.528931 0.2548651
v 0.4875216 2.553524 0.22613
v 0.4684964 2.565321 0.2283412
v 0.7076776 2.795111 0.3231328
v 0.8326733 3.152656 0.4532708
v 0.6891176 2.804747 0.2998954
v 0.6091004 2.83631 0.2650895
v 0.5843196 2.844251 0.2663236
v 0.6418595 2.82005 0.3012033
v 0.7989492 3.162455 0.4070526
v 0.6926801 3.191566 0.2840765
v 0.6637441 3.196801 0.2850424
v 0.8090628 3.164907 0.3519058
v 0.7869008 3.171067 0.3251211
v 0.7316974 3.181147 0.3257727
v 0.7460395 3.580719 0.290613
v 0.7140945 3.584161 0.2915332
v 0.7893664 3.574136 0.3364502
v 0.8503171 3.567516 0.3359987
v 0.874945 3.563637 0.3654299
v 0.8641013 3.562364 0.4257608
v 0.7782991 3.96542 0.2954044
v 0.7451053 3.967802 0.2963191
v 0.8233917 3.961001 0.3429576
v 0.8867273 3.956422 0.3425637
v 0.9123642 3.953825 0.3730928
v 0.7986661 4.308062 0.3164059
v 0.768146 4.310188 0.3172452
v 0.8401134 4.303905 0.3601197
v 0.8983467 4.299811 0.3597607
v 0.7977827 4.437115 0.3703624
v 0.7760344 4.439178 0.3709626
v 0.8018928 4.488595 0.4853485
v 0.8264962 4.426341 0.4016442
v 0.8018928 4.488595 0.4853485
v 0.8688326 4.429725 0.4013845
v 0.8018928 4.488595 0.4853485
v 0.9219103 4.297358 0.3878247
v 0.8856316 4.427698 0.421465
v 0.8018928 4.488595 0.4853485
v 0.8774621 4.420045 0.4625796
v 0.8018928 4.488595 0.4853485
v 0.9116185 4.296459 0.4452814
v 0.9011886 3.953121 0.4355997
v 0.903904 4.424352 0.4972069
v 0.8018928 4.488595 0.4853485
v 0.9475126 4.292562 0.4936806
v 0.9402428 3.949016 0.4882505
v 0.899617 4.424342 0.5186736
v 0.8018928 4.488595 0.4853485
v 0.9414788 4.292139 0.5236824
v 0.9016098 3.556214 0.476524
v 0.9336895 3.9487 0.5208895
v 0.8952569 3.555625 0.5080275
v 0.8618616 4.420239 0.5407499
v 0.8018928 4.488595 0.4853485
v 0.8896461 4.29492 0.5545322
v 0.8409675 3.560217 0.54048
v 0.8773251 3.951971 0.5544534
v 0.851722 4.427654 0.5825132
v 0.8018928 4.488595 0.4853485
v 0.860553 3.951648 0.6179578
v 0.8742085 4.294359 0.6129055
v 0.8310172 3.953418 0.633217
v 0.8323742 4.429286 0.5925481
v 0.8018928 4.488595 0.4853485
v 0.8470481 4.295877 0.6269306
v 0.7697712 3.958417 0.6100194
v 0.7914371 4.426657 0.5772914
v 0.8018928 4.488595 0.4853485
v 0.790742 4.300447 0.6056042
v 0.7098024 3.962118 0.6365572
v 0.7529503 4.436702 0.5947395
v 0.8018928 4.488595 0.4853485
v 0.7355974 4.303645 0.6299953
v 0.6795251 3.964642 0.6229462
v 0.733107 4.438735 0.585786
v 0.8018928 4.488595 0.4853485
v 0.707763 4.30596 0.6174825
v 0.6595169 3.967605 0.5604554
v 0.7192125 4.434433 0.5446874
v 0.8018928 4.488595 0.4853485
v 0.6893831 4.308879 0.5600391
v 0.6360566 4.313427 0.5320809
v 0.681965 4.444767 0.5246792
v 0.8018928 4.488595 0.4853485
v 0.6765739 4.445718 0.5034795
v 0.8018928 4.488595 0.4853485
v 0.8018928 4.488595 0.4853485
vn -0.9005805 0.05055146 -0.4317399
vn -0.8870441 0.05021859 -0.4589454
vn -0.8866858 0.05279187 -0.4593488
vn -0.9005107 0.05317018 -0.4315708
vn -0.9126668 0.04878139 -0.4057827
vn -0.8865061 0.05644014 -0.4592619
vn -0.9127517 0.05121274 -0.4052921
vn -0.913344 0.01119648 0.407035
vn -0.9003997 0.05704491 -0.4313077
vn -0.8864582 0.05619378 -0.4593844
vn -0.9135724 0.01105543 0.4065257
vn -0.9001144 0.01039697 0.4355295
vn -0.9125414 0.05459553 -0.4053239
vn -0.9004151 0.05722091 -0.4312523
vn -0.8866321 0.04930473 -0.4598397
vn -0.9001228 0.01023367 0.4355161
vn -0.8877909 0.007704014 0.4601827
vn -0.913609 0.0091496 0.406491
vn -0.9124705 0.05402574 -0.4055598
vn -0.9005999 0.05104787 -0.4316411
vn -0.8869632 0.03173682 -0.4607483
vn -0.8875966 0.0072775 0.4605641
vn -0.2521498 -0.04122232 0.9668097
vn -0.9002457 0.008481933 0.4352995
vn -0.9136941 0.003521955 0.4063873
vn -0.9125898 0.04677155 -0.4061925
vn -0.9008376 0.0347809 -0.4327609
vn -0.8868812 -0.0005584064 -0.4619973
vn -0.2527476 -0.04457758 0.9665048
vn -0.2219749 -0.04171875 0.9741595
vn -0.8876964 0.004938032 0.4604028
vn -0.9005765 0.003315497 0.4346849
vn -0.913751 -0.007565987 0.4062043
vn -0.9127802 0.02884808 -0.407431
vn -0.900573 0.004882714 -0.4346775
vn -0.8851911 -0.04156865 -0.4633669
vn -0.2221715 -0.04504116 0.9739667
vn -0.1945717 -0.04414272 0.9798946
vn -0.2528303 -0.05232742 0.9660945
vn -0.8878277 -0.001031793 0.4601749
vn -0.9011484 -0.006834184 0.4334568
vn -0.9135455 -0.02663496 0.4058635
vn -0.9123925 -0.003689097 -0.4092998
vn -0.8990008 -0.03353413 -0.4366614
vn -0.8825215 -0.07501855 -0.4642499
vn -0.8966144 -0.06630579 -0.4378199
vn -0.8802726 -0.09508189 -0.4648437
vn -0.9107969 -0.04478001 -0.4104189
vn -0.9124906 -0.05614148 0.4052273
vn -0.9018112 -0.02415386 0.4314547
vn -0.8879356 -0.01222637 0.4598054
vn -0.8939584 -0.08819194 -0.4393865
vn -0.8766742 -0.10709 -0.4690138
vn -0.9086779 -0.07814392 -0.4101197
vn -0.9103451 -0.0894385 0.40407
vn -0.9019751 -0.05065169 0.4288069
vn -0.8894492 -0.1040113 -0.4450413
vn -0.8685191 -0.1128543 -0.4826369
vn -0.9066164 -0.09926345 -0.4101138
vn -0.9082602 -0.1116193 0.4032427
vn -0.8809116 -0.1141557 -0.4593073
vn -0.8514576 -0.1031796 -0.514173
vn -0.9026439 -0.1150853 -0.414716
vn -0.864742 -0.1088937 -0.4902687
vn -0.8232825 -0.08074941 -0.561859
vn -0.887827 -0.03095698 0.4591349
vn -0.9008962 -0.08077563 0.4264521
vn -0.9073717 -0.1191478 0.4030886
vn -0.8943333 -0.1261034 -0.4292621
vn -0.8389801 -0.08873324 -0.5368787
vn -0.7925447 -0.05757734 -0.6070896
vn -0.8870109 -0.059474 0.4579024
vn -0.899121 -0.1018134 0.425694
vn -0.9093028 -0.1193446 0.3986542
vn -0.8788037 -0.1213189 -0.4615038
vn -0.8115173 -0.06444306 -0.580764
vn -0.7717312 -0.03620324 -0.6349174
vn -0.8847528 -0.09131147 0.4570281
vn -0.8984881 -0.1109048 0.4247578
vn -0.9163106 -0.115944 0.3833169
vn -0.8530812 -0.1015449 -0.511802
vn -0.7930875 -0.04000209 -0.6077927
vn -0.764672 -0.01553386 -0.6442325
vn -0.8821799 -0.112025 0.4573939
vn -0.9004409 -0.1148045 0.4195547
vn -0.9317223 -0.1041443 0.3479189
vn -0.825833 -0.0763851 -0.5587174
vn -0.7870188 -0.01556803 -0.6167325
vn -0.7681822 0.01993128 -0.639921
vn -0.8809154 -0.1196731 0.4578935
vn -0.9067197 -0.1154828 0.4056146
vn -0.9518313 -0.08929307 0.2933325
vn -0.8076305 -0.04874726 -0.5876706
vn -0.785666 0.01935792 -0.6183481
vn -0.7667501 0.08516953 -0.6362708
vn -0.8828464 -0.1229684 0.453278
vn -0.920927 -0.1074498 0.3746306
vn -0.9675758 -0.07871373 0.2400025
vn -0.8021066 -0.01933522 -0.5968679
vn -0.7871062 0.08014905 -0.6115882
vn -0.7689437 0.1571502 -0.6197011
vn -0.8905039 -0.1242816 0.4376722
vn -0.9408388 -0.09453705 0.3254
vn -0.9761114 -0.0701439 0.2056367
vn -0.8059418 0.01706922 -0.5917486
vn -0.7872348 0.1479026 -0.5986537
vn -0.7646052 0.257211 -0.5909495
vn -0.90755 -0.1172224 0.4032516
vn -0.9576913 -0.08327675 0.2754859
vn -0.9792072 -0.06108648 0.1934474
vn -0.8061573 0.08288322 -0.5858676
vn -0.7831193 0.240119 -0.5736436
vn -0.5967494 0.6934158 -0.4038127
vn -0.9312108 -0.1056894 0.3488214
vn -0.9673086 -0.07238652 0.2430519
vn -0.979754 -0.03650389 0.1968489
vn -0.8077462 0.1626145 -0.5666592
vn -0.5656077 0.714542 -0.4117251
vn 0.08135042 0.9957069 0.04415816
vn -0.7978755 0.2652885 -0.5413103
vn -0.9704555 0.1010712 0.2190906
vn -0.5804446 0.6965789 -0.421737
vn 0.08135042 0.9957069 0.04415816
vn -0.9458949 0.215358 0.2427011
vn -0.9709311 -0.0603669 0.2316221
vn -0.9798756 0.02147917 0.1984503
vn -0.9725019 -0.03736502 0.2298782
vn -0.9711713 0.01516058 0.2379001
vn -0.6986684 0.6670532 0.2586553
vn 0.08135042 0.9957069 0.04415816
vn -0.9642845 0.0910448 0.2487294
vn -0.9425802 0.1979997 0.2689586
vn -0.6819665 0.6922314 0.2360877
vn 0.08135042 0.9957069 0.04415816
vn -0.9655535 -0.06347874 0.2523429
vn -0.9657902 -0.03906714 0.2563653
vn -0.9652959 0.0179156 0.2605434
vn -0.9537822 0.1041258 0.2818819
vn -0.9281141 0.2209789 0.2996206
vn -0.4596909 -0.03835525 0.8872504
vn -0.961327 -0.0803019 0.2634425
vn -0.7018335 0.6718518 0.2367381
vn 0.08135042 0.9957069 0.04415816
vn -0.4419636 0.02865853 0.8965751
vn -0.4101787 0.1438808 0.9005842
vn -0.9502969 -0.09409345 0.2967865
vn -0.2491589 0.6104233 0.7518666
vn 0.08135042 0.9957069 0.04415816
vn -0.4189295 -0.04366039 0.9069685
vn -0.4092192 0.01896183 0.9122391
vn -0.3826285 0.126723 0.9151703
vn -0.456355 -0.06902327 0.8871166
vn -0.2493848 0.6338836 0.7321194
vn 0.08135042 0.9957069 0.04415816
vn -0.4574322 -0.07144903 0.8863695
vn -0.4467112 -0.06087116 0.8926051
vn -0.4161066 -0.04776472 0.9080604
vn -0.3663062 -0.03649285 0.9297785
vn -0.3115798 -0.03779062 0.9494683
vn -0.2729366 -0.05219606 0.960615
vn -0.2541665 -0.07109596 0.9645438
vn -0.2474201 -0.09256686 0.9644763
vn -0.2466864 -0.1090558 0.9629396
vn -0.2473527 -0.1114203 0.9624979
vn -0.2491788 -0.09997544 0.9632833
vn -0.2510911 -0.08525295 0.9642019
vn -0.2522303 -0.0727914 0.9649255
vn -0.252735 -0.06183414 0.9655576
vn -0.2227246 -0.05253766 0.9734647
vn -0.2235506 -0.06145084 0.9727533
vn -0.2246192 -0.07133037 0.9718325
vn -0.2257198 -0.08196653 0.9707379
vn -0.2263334 -0.09377206 0.9695256
vn -0.1941959 -0.0477122 0.9798018
vn 0.5992557 -0.06753695 0.7977038
vn -0.194406 -0.05573576 0.9793364
vn 0.5987104 -0.07217783 0.7977068
vn 0.6226584 -0.06658196 0.7796559
vn -0.1944329 -0.06533995 0.9787372
vn -0.1941184 -0.07605206 0.9780256
vn 0.6224039 -0.07107037 0.7794629
vn 0.6454602 -0.06768057 0.7607894
vn 0.5984684 -0.08164132 0.7969757
vn 0.6456956 -0.0723016 0.7601643
vn 0.9984964 -0.04786574 0.02671603
vn 0.5983283 -0.09057919 0.7961147
vn 0.6218331 -0.08011933 0.7790408
vn -0.1933368 -0.08772276 0.977203
vn 0.9983394 -0.05089322 0.02698936
vn 0.9989622 -0.04552982 -0.001256474
vn 0.6453461 -0.08167118 0.7595118
vn 0.6212175 -0.08837282 0.7786392
vn 0.5984756 -0.09715886 0.7952277
vn 0.9988315 -0.04831107 -0.001369352
vn 0.9984578 -0.04512383 -0.03234035
vn 0.9980405 -0.05666311 0.02654015
vn 0.6450891 -0.09038873 0.7587423
vn 0.6207072 -0.09392887 0.7783957
vn 0.5990317 -0.09991699 0.7944669
vn 0.9983045 -0.04791286 -0.03305272
vn 0.6448716 0.002921288 -0.7642854
vn 0.9985645 -0.05353494 -0.001673495
vn 0.9977891 -0.06106198 0.02623527
vn 0.6450467 -0.09656221 0.7580175
vn 0.6452553 0.003181041 -0.7639604
vn 0.6386515 0.004470339 -0.7694832
vn 0.9980221 -0.0532935 -0.03334166
vn 0.998362 -0.05717693 -0.002037111
vn 0.6386617 0.004918033 -0.7694719
vn 0.614141 0.005302515 -0.7891785
vn 0.645322 0.003716931 -0.7639016
vn 0.6137407 0.005768524 -0.7894865
vn -0.213129 0.04710735 -0.9758878
vn 0.6204873 -0.09513354 0.7784249
vn 0.9977046 -0.06241585 0.02626311
vn 0.9977944 -0.05732409 -0.0334716
vn 0.6385441 0.005895603 -0.7695627
vn -0.2124444 0.04988238 -0.9758991
vn -0.2409724 0.04898399 -0.9692951
vn 0.6452666 -0.0986876 0.7575565
vn 0.99834 -0.05754641 -0.002393924
vn 0.6455987 0.004407078 -0.7636642
vn 0.6139333 0.006563839 -0.7893307
vn -0.2409507 0.0519363 -0.9691467
vn -0.2515493 0.04823479 -0.9666418
vn 0.9978504 -0.05981379 0.02677691
vn 0.9977404 -0.05842297 -0.03317914
vn 0.6382726 0.007252983 -0.7697763
vn -0.2120792 0.05464106 -0.9757237
vn -0.2518581 0.05109126 -0.9664146
vn -0.8870441 0.05021859 -0.4589454
vn -0.8866858 0.05279187 -0.4593488
vn -0.2409602 0.05712563 -0.9688523
vn -0.2513798 0.05591781 -0.9662719
vn -0.8865061 0.05644014 -0.4592619
vn 0.6143479 0.00740655 -0.7890005
vn 0.6461715 0.00522324 -0.7631745
vn -0.21158 0.05716878 -0.9756873
vn -0.2507867 0.05840304 -0.966279
vn -0.8864582 0.05619378 -0.4593844
vn -0.2412072 0.06023878 -0.9686023
vn 0.6377999 0.008996543 -0.7701495
vn -0.2500409 0.05644113 -0.9665889
vn -0.8866321 0.04930473 -0.4598397
vn 0.6151331 0.008142782 -0.7883812
vn -0.2109816 0.05544676 -0.9759162
vn -0.2417808 0.05926836 -0.9685192
vn -0.2490955 0.04643553 -0.9673651
vn -0.8869632 0.03173682 -0.4607483
vn -0.2425959 0.05087124 -0.9687928
vn -0.2103426 0.0459813 -0.9765458
vn 0.6163481 0.00733991 -0.7874396
vn 0.6371381 0.009987999 -0.7706848
vn -0.2477152 0.02405915 -0.9685342
vn -0.8868812 -0.0005584064 -0.4619973
vn -0.2430966 0.03115426 -0.9695017
vn -0.2096043 0.02450519 -0.9774792
vn 0.6179034 0.001852002 -0.7862518
vn -0.246223 -0.006214604 -0.9691933
vn -0.8851911 -0.04156865 -0.4633669
vn -0.2423965 0.003661614 -0.9701704
vn -0.2078494 -0.004676338 -0.9781497
vn -0.2450845 -0.03035445 -0.9690264
vn -0.8825215 -0.07501855 -0.4642499
vn -0.2404603 -0.01966704 -0.9704597
vn -0.2434474 -0.0442066 -0.9689062
vn -0.8802726 -0.09508189 -0.4648437
vn 0.636512 0.007474102 -0.7712306
vn 0.6191833 -0.005409379 -0.7852278
vn -0.2054669 -0.02787888 -0.9782669
vn -0.2371899 -0.03405901 -0.9708661
vn -0.2375469 -0.05407985 -0.9698695
vn -0.8766742 -0.10709 -0.4690138
vn 0.6365054 0.003366946 -0.771265
vn 0.6199208 -0.004969256 -0.7846487
vn -0.2031246 -0.03985544 -0.9783415
vn -0.2292684 -0.0435068 -0.9723904
vn -0.2218245 -0.06173947 -0.97313
vn -0.8685191 -0.1128543 -0.4826369
vn 0.6373887 0.005128089 -0.7705254
vn 0.6208782 0.004292433 -0.7838954
vn -0.1973608 -0.04510912 -0.9792925
vn -0.2116537 -0.04967273 -0.9760817
vn -0.1889343 -0.05727361 -0.9803181
vn -0.8514576 -0.1031796 -0.514173
vn 0.6394208 0.01448632 -0.7687204
vn 0.6249962 0.01494239 -0.7804849
vn -0.182034 -0.04674914 -0.9821804
vn -0.1755645 -0.0442328 -0.9834737
vn -0.1355814 -0.04078257 -0.9899265
vn -0.8232825 -0.08074941 -0.561859
vn 0.6451657 0.02618097 -0.763594
vn 0.6369578 0.02167586 -0.7705939
vn -0.1487456 -0.03705727 -0.9881809
vn -0.1216678 -0.02759689 -0.9921871
vn -0.08227435 -0.02034047 -0.9964021
vn -0.7925447 -0.05757734 -0.6070896
vn 0.6585485 0.0348392 -0.7517314
vn 0.6619605 0.02826515 -0.7490056
vn -0.09627635 -0.01851969 -0.9951823
vn -0.07031263 -0.008606732 -0.9974879
vn -0.04821818 0.002980253 -0.9988324
vn -0.7717312 -0.03620324 -0.6349174
vn 0.686442 0.04254957 -0.7259387
vn 0.701457 0.03211311 -0.711988
vn -0.04242415 -0.001171327 -0.999099
vn -0.03786507 0.01102093 -0.999222
vn -0.03705715 0.02847664 -0.9989073
vn -0.764672 -0.01553386 -0.6442325
vn 0.7261046 0.04610868 -0.6860366
vn 0.7390674 0.03245812 -0.6728491
vn -0.007878077 0.01465838 -0.9998615
vn -0.02701721 0.03116737 -0.999149
vn -0.04319241 0.05778224 -0.9973944
vn -0.7681822 0.01993128 -0.639921
vn 0.7613282 0.0443837 -0.6468458
vn 0.762024 0.03614965 -0.646539
vn 0.004121349 0.03026139 -0.9995335
vn -0.0227053 0.0583904 -0.9980356
vn -0.04376509 0.1069484 -0.9933009
vn -0.7667501 0.08516953 -0.6362708
vn -0.7689437 0.1571502 -0.6197011
vn 0.782463 0.04389824 -0.6211479
vn 0.7696289 0.04394642 -0.6369773
vn -0.001231073 0.05775126 -0.9983303
vn -0.0251655 0.1021448 -0.9944512
vn 0.7894567 0.04600586 -0.6120797
vn 0.7659802 0.05188707 -0.6407668
vn 0.001063577 0.1054673 -0.9944222
vn 0.79238 0.05054424 -0.6079302
vn 0.7663634 0.07061838 -0.638514
vn 0.7900711 0.06308469 -0.6097606
vn -0.03425176 0.1474278 -0.9884796
vn -0.003405755 0.1553893 -0.9878474
vn 0.7627283 0.1073258 -0.6377513
vn 0.7817295 0.08754095 -0.6174429
vn 0.7946799 0.06628246 -0.6033992
vn 0.7927033 0.04944982 -0.6075987
vn -0.04945866 0.1647391 -0.9850964
vn -0.05711749 0.2505902 -0.9664068
vn -0.7646052 0.257211 -0.5909495
vn -0.04536231 0.2222864 -0.9739256
vn -0.01727216 0.2383588 -0.9710236
vn 0.7474206 0.1863961 -0.6376669
vn 0.009091597 0.6725012 -0.7400402
vn -0.5967494 0.6934158 -0.4038127
vn 0.08135042 0.9957069 0.04415816
vn -0.00885269 0.6876503 -0.7259881
vn 0.08135042 0.9957069 0.04415816
vn -0.03119011 0.6688818 -0.7427142
vn 0.08135042 0.9957069 0.04415816
vn 0.6357837 0.6141151 -0.4675914
vn 0.08135042 0.9957069 0.04415816
vn 0.7692362 0.1543637 -0.6200382
vn 0.6298234 0.6238286 -0.4627747
vn 0.08135042 0.9957069 0.04415816
vn 0.6157566 0.611955 -0.4963415
vn 0.08135042 0.9957069 0.04415816
vn 0.7753258 0.1705156 -0.6081072
vn 0.7918717 0.09521327 -0.6032194
vn 0.8030014 0.5716832 0.1684254
vn 0.08135042 0.9957069 0.04415816
vn 0.9787104 0.1237054 0.1637768
vn 0.9829124 0.003504321 0.1840407
vn 0.8003566 0.5780591 0.1589872
vn 0.08135042 0.9957069 0.04415816
vn 0.9830844 0.03641993 0.1794959
vn 0.977756 0.09237282 0.1883096
vn 0.8104752 0.5649872 0.1546588
vn 0.08135042 0.9957069 0.04415816
vn 0.9832614 0.004859064 0.1821358
vn 0.9770418 -0.004011873 0.2130097
vn 0.9793026 0.0174685 0.2016463
vn 0.9687396 0.1073789 0.2236367
vn 0.7953328 0.04368486 -0.6045967
vn 0.7876993 0.04612734 -0.6143307
vn 0.9822955 0.01569087 0.1866797
vn 0.9757623 0.002671236 0.2188169
vn 0.9690392 -0.002737042 0.2468917
vn 0.7658707 0.05035887 -0.6410195
vn 0.9841765 0.02567925 0.1753203
vn 0.9762772 0.01662446 0.2158852
vn 0.7298722 0.05360397 -0.6814787
vn 0.9889874 0.04144043 0.1420798
vn 0.6927444 0.04807304 -0.7195792
vn 0.969977 0.02356329 0.2420526
vn 0.970162 -5.246373E-05 0.2424574
vn 0.9781491 0.03195103 0.2054347
vn 0.9942068 0.06043545 0.08888379
vn 0.6682516 0.03631765 -0.7430484
vn 0.4661438 -0.04619034 0.8835024
vn 0.9691757 0.01272438 0.2460417
vn 0.9834893 0.05145191 0.1734979
vn 0.9971008 0.06824748 0.03364773
vn 0.656763 0.02335237 -0.7537354
vn 0.4680721 -0.04926639 0.8823159
vn 0.9714694 0.03254277 0.2349215
vn 0.9899394 0.07200752 0.1217985
vn 0.9982777 0.05864614 -0.001543084
vn 0.6526388 0.00768346 -0.7576303
vn 0.4654099 -0.0355685 0.8843803
vn 0.9777068 0.05594136 0.2023859
vn 0.9945983 0.07995804 0.06618944
vn 0.9990977 0.03803243 -0.01890225
vn 0.651063 -0.003839831 -0.7590141
vn 0.4753799 -0.02077982 0.8795353
vn 0.9856225 0.07840786 0.1496678
vn 0.9971765 0.06949405 0.02845312
vn 0.9996357 0.008669414 -0.0255595
vn 0.6493884 -0.005484233 -0.7604371
vn 0.5040445 0.0002156473 0.8636777
vn 0.9918326 0.08445681 0.09557872
vn 0.9988355 0.04710589 0.01042579
vn 0.9994006 -0.02093857 -0.02756779
vn 0.6479731 0.0004389558 -0.7616631
vn 0.548642 0.02408549 0.8357104
vn 0.9957757 0.06985679 0.05958849
vn 0.9998569 0.01678445 0.002129564
vn 0.9987212 -0.04140639 -0.02900885
vn 0.647027 0.004901943 -0.7624514
vn 0.9982309 -0.05096275 -0.03062478
vn 0.9979203 -0.05582285 -0.03223126
vn 0.9999171 -0.01283017 -0.00104401
vn 0.9981843 0.04313651 0.04204091
vn 0.9994091 -0.03429399 -0.002296042
vn 0.9985583 -0.05361094 -0.002655091
vn 0.9989194 -0.04639747 -0.002734469
vn 0.9993463 0.008820332 0.03505856
vn 0.9981281 -0.05454378 0.02766508
vn 0.9985842 -0.04425638 0.0295133
vn 0.999218 -0.02295838 0.03219025
vn 0.6455839 -0.09708811 0.7574928
vn 0.6463284 -0.08833762 0.7579288
vn 0.6472005 -0.06603915 0.759454
vn 0.64682 -0.03302277 0.7619274
vn 0.6411154 -5.234276E-05 0.7674446
vn 0.6206757 -0.0919475 0.7786573
vn 0.62134 -0.08159678 0.7792808
vn 0.622125 -0.05911275 0.7806831
vn 0.6206519 -0.02674467 0.78363
vn 0.5999309 -0.09913974 0.7938855
vn 0.6005346 -0.09125022 0.794375
vn 0.6004946 -0.06963547 0.796591
vn -0.192111 -0.1009837 0.9761637
vn -0.1901078 -0.1105792 0.9755158
vn -0.2258976 -0.1022277 0.9687723
vn -0.2247719 -0.09870157 0.9693996
vn -0.1883322 -0.1065106 0.9763127
vn -0.2259719 -0.08367001 0.9705339
vn -0.1882966 -0.09004921 0.9779752
vn -0.2328028 -0.06574477 0.9702992
vn 0.5994863 -0.03568388 0.7995892
vn -0.1948679 -0.07163636 0.97821
vn -0.249056 -0.05056469 0.9671682
vn 0.5932516 0.001152678 0.8050162
vn -0.2139381 -0.0574895 0.9751541
vn -0.2830002 -0.03940928 0.9583099
vn 0.6139661 0.006541338 0.7893053
vn 0.5767841 0.03042735 0.8163297
vn -0.2526417 -0.04786676 0.9663752
vn -0.333445 -0.03974848 0.9419312
vn 0.5991455 0.03197772 0.8000013
vn 0.5440177 0.04615168 0.8378036
vn -0.3094052 -0.04996534 0.9496167
vn -0.3817249 -0.05027647 0.9229076
vn 0.6256537 0.02389052 0.779735
vn 0.5690696 0.0439917 0.8211117
vn 0.5951506 0.03474439 0.8028627
vn 0.4963608 0.03820744 0.8672752
vn 0.524297 0.03416516 0.8508498
vn -0.3603356 -0.0601564 0.930881
vn -0.4119214 -0.06103615 0.9091729
vn 0.4805806 0.009498591 0.8768991
vn 0.4503868 0.01219086 0.8927503
vn -0.3918385 -0.06797414 0.9175196
vn -0.4224464 -0.06867627 0.9037824
vn 0.4524662 -0.01469473 0.8916605
vn 0.4211253 -0.01515979 0.9068757
vn -0.4027417 -0.07080651 0.9125708
vn -0.424672 -0.06833743 0.9027645
vn 0.4428927 -0.03442876 0.8959134
vn 0.4107847 -0.03861234 0.9109143
vn -0.4019005 -0.03954655 0.914829
vn -0.4009387 -0.06871187 0.9135243
vn 0.4408409 -0.05042211 0.8961679
vn 0.4127033 -0.05292985 0.9093263
vn 0.4468895 -0.05203128 0.8930748
vn 0.4082446 -0.04937531 0.9115362
vn -0.3834153 0.03317447 0.9229801
vn 0.4195061 -0.005935831 0.9077331
vn -0.3544389 0.1510226 0.9228029
vn 0.4566078 -0.01381175 0.8895609
vn 0.4393563 0.0958875 0.8931807
vn -0.264069 0.6168312 0.7414761
vn 0.08135042 0.9957069 0.04415816
vn 0.4766394 0.0029175 0.879094
vn 0.4719046 0.07960764 0.8780482
vn 0.4207432 0.5648462 0.7098761
vn 0.08135042 0.9957069 0.04415816
vn 0.4926255 0.1075925 0.8635646
vn 0.4119948 0.582893 0.7003543
vn 0.08135042 0.9957069 0.04415816
vn 0.4060841 0.5719691 0.7127041
vn 0.08135042 0.9957069 0.04415816
vn 0.08135042 0.9957069 0.04415816
vn 0.1273711 0.8291804 -0.5442761
vn 0.1750956 0.7631763 -0.6220157
vn -0.01561588 0.6660191 -0.7457712
vn -0.08198273 0.7352031 -0.6728709
vn 0.1476862 0.7990796 -0.5828041
vn -0.2950615 0.410279 -0.8629078
vn -0.05553807 0.7000026 -0.7119775
vn -0.2563868 0.9556892 0.1446512
vn -0.3568101 0.4483804 -0.8195375
vn -0.3914852 0.2072335 -0.8965454
vn -0.5193791 0.8541963 0.02437296
vn -0.2487141 0.9587728 0.1374629
vn -0.3457263 0.428554 -0.8347543
vn -0.4394761 0.2287744 -0.8686329
vn -0.416622 0.1048745 -0.9030102
vn -0.5068609 0.8618456 0.01772801
vn -0.2800625 0.9397115 0.1962328
vn -0.8376018 0.525536 -0.1491146
vn -0.4455843 0.2184368 -0.868182
vn -0.4562383 0.1176391 -0.8820474
vn -0.4240648 0.0577911 -0.9037861
vn -0.5385754 0.8384248 0.08354917
vn -0.4942705 0.3604217 0.7910708
vn -0.8317843 0.5367671 -0.1414778
vn -0.9384426 0.2772918 -0.2059967
vn -0.4710422 0.1119976 -0.8749719
vn -0.4589367 0.06496023 -0.8860911
vn -0.4242139 0.06461237 -0.903254
vn -0.5841253 0.3032175 0.7528989
vn -0.4823058 0.4593716 0.7458947
vn -0.850372 0.5183712 -0.09032671
vn -0.9394403 0.2870192 -0.187275
vn -0.96391 0.1504885 -0.2196148
vn -0.4792362 0.06239887 -0.875465
vn -0.4566363 0.0646793 -0.8872992
vn -0.3978238 0.2285142 -0.888548
vn -0.5971887 0.3982226 0.6962647
vn -0.4949838 0.3042094 0.8139089
vn -0.714351 0.1918404 0.6729784
vn -0.9508898 0.2732951 -0.1453218
vn -0.9679348 0.1572079 -0.195928
vn -0.9705067 0.0890457 -0.2240261
vn -0.4819219 0.06799153 -0.8735722
vn -0.4441711 0.2122644 -0.8704343
vn -0.3240684 0.6667174 -0.6711689
vn -0.2848841 0.6579511 -0.697095
vn 0.123101 0.9922714 0.01560824
vn -0.4613146 0.2269486 -0.8577198
vn -0.9700271 0.08779616 -0.2265815
vn -0.9759943 0.09287889 -0.1969989
vn -0.9760498 0.1483078 -0.1591593
vn -0.306917 0.6656248 -0.680254
vn 0.123101 0.9922714 0.01560824
vn -0.9463834 0.2252538 -0.2315582
vn -0.9768903 0.08570716 -0.195805
vn -0.7299799 0.6716979 -0.1262985
vn 0.123101 0.9922714 0.01560824
vn -0.961486 0.2032713 -0.185001
vn -0.9826962 0.0879854 -0.1629929
vn -0.7642202 0.09638829 0.6377121
vn -0.7238931 0.6725613 -0.1537533
vn 0.123101 0.9922714 0.01560824
vn -0.9827899 0.08724354 -0.1628268
vn -0.7758474 0.0511912 0.6288404
vn -0.7355763 0.2317993 0.6365505
vn -0.9621832 0.2213254 -0.1588032
vn -0.78001 0.03418576 0.6248326
vn -0.769465 0.1104461 0.629067
vn -0.5696391 0.2540499 0.7816457
vn -0.3426259 -0.5175644 0.7840501
vn -0.6819575 0.1616286 0.7133093
vn -0.2194054 -0.4613352 0.8596693
vn -0.3737319 -0.4280934 0.8228369
vn -0.7707719 0.05715318 0.6345425
vn -0.7815695 0.05375056 0.6214983
vn -0.7260478 0.07904203 0.6830865
vn -0.2738135 -0.3787665 0.88406
vn -0.3212053 -0.5637549 0.7609255
vn -0.06714013 -0.3134595 0.9472251
vn -0.7683361 0.03653488 0.639003
vn -0.1884525 -0.5048345 0.8423941
vn 0.02635056 -0.973964 0.2251659
vn -0.7366818 0.04111906 0.6749883
vn -0.1101832 -0.2809318 0.9533819
vn -0.02275224 -0.1937994 0.9807773
vn 0.2690227 -0.893061 0.3606506
vn 0.02986111 -0.9741684 0.2238399
vn -0.01989792 -0.3436675 0.9388805
vn -0.03258982 -0.1835581 0.9824685
vn -0.007081357 -0.1161618 0.9932051
vn -0.7400856 0.02819077 0.6719216
vn 0.2706983 -0.8937674 0.3576343
vn 0.05088539 -0.9821321 0.1811831
vn 0.5913316 -0.6109719 0.5263461
vn 0.03456451 -0.2119404 0.9766712
vn 0.001044679 -0.1117441 0.9937365
vn 0.2972691 -0.9017372 0.3138491
vn 0.35961 -0.8065516 -0.4692069
vn 0.599512 -0.6107745 0.5172425
vn 0.713392 -0.3747331 0.5921546
vn 0.5629017 -0.7320207 -0.3837804
vn 0.3909935 -0.7406662 -0.546386
vn 0.622278 -0.617357 0.4812903
vn 0.5756998 -0.6679046 -0.4716706
vn 0.3683971 -0.7870471 -0.4948136
vn -0.003055271 -0.06480469 0.9978933
vn 0.05256756 -0.126703 0.9905468
vn 0.7280744 -0.3717313 0.5759544
vn 0.8210268 -0.5059894 -0.2643668
vn 0.5683129 -0.7120261 -0.4123582
vn 0.4510398 -0.04788359 -0.8912184
vn 0.0154711 -0.06308381 0.9978883
vn 0.7561194 -0.2256292 0.6143084
vn 0.7482484 -0.3790149 0.5444925
vn 0.8157492 -0.4750873 -0.329917
vn 0.4556166 -0.05576281 -0.8884279
vn 0.4246262 0.1387632 -0.8946717
vn 0.05820214 -0.07127483 0.9957572
vn 0.772751 -0.2219914 0.5946223
vn 0.9203547 -0.3174357 -0.2284332
vn 0.8186087 -0.4915886 -0.2970194
vn 0.3849787 0.1129718 -0.9159852
vn 0.4444785 -0.005776336 -0.8957708
vn 0.7712486 -0.1333719 0.6224047
vn 0.7920232 -0.2284442 0.5661381
vn 0.914247 -0.3026977 -0.2693075
vn 0.4408972 -0.05137884 -0.8960859
vn 0.43985 -0.01855227 -0.8978796
vn 0.1750956 0.7631763 -0.6220157
vn -0.01561588 0.6660191 -0.7457712
vn 0.3513821 0.03047291 -0.9357361
vn 0.4106291 -0.02769464 -0.9113818
vn -0.2950615 0.410279 -0.8629078
vn 0.912955 -0.3088303 -0.2667152
vn 0.9556534 -0.1970665 -0.2188408
vn 0.4268917 -0.05444024 -0.9026626
vn 0.3899745 -0.04082481 -0.9199203
vn -0.3914852 0.2072335 -0.8965454
vn 0.359625 -0.01918097 -0.9328998
vn 0.9507427 -0.18857 -0.2460277
vn 0.3867004 -0.03928958 -0.9213681
vn -0.416622 0.1048745 -0.9030102
vn 0.9467095 -0.1924004 -0.2583086
vn 0.424512 -0.04712852 -0.904195
vn 0.3737411 -0.02961856 -0.92706
vn 0.3848566 -0.02887167 -0.9225248
vn -0.4240648 0.0577911 -0.9037861
vn 0.3825045 -0.02454303 -0.9236276
vn 0.4236643 -0.03362883 -0.9051948
vn 0.959048 -0.117956 -0.2575136
vn 0.9646583 -0.1158188 -0.2366864
vn 0.3830815 0.006528616 -0.9236915
vn -0.4242139 0.06461237 -0.903254
vn 0.3896275 0.004238299 -0.9209628
vn 0.4247019 0.003214225 -0.9053275
vn 0.9642873 -0.05156646 -0.2597901
vn 0.3886543 0.1933078 -0.9008773
vn -0.3978238 0.2285142 -0.888548
vn 0.3956249 0.1835707 -0.8998793
vn 0.4317375 0.1932248 -0.8810601
vn 0.3737352 0.6216068 -0.6884236
vn -0.3240684 0.6667174 -0.6711689
vn 0.123101 0.9922714 0.01560824
vn 0.3740812 0.6072809 -0.7009088
vn 0.123101 0.9922714 0.01560824
vn 0.3363136 0.6242881 -0.705094
vn 0.123101 0.9922714 0.01560824
vn 0.9558818 0.1461196 -0.2548316
vn 0.8074949 0.5711976 -0.1472593
vn 0.123101 0.9922714 0.01560824
vn 0.8170759 0.5520363 -0.1662614
vn 0.123101 0.9922714 0.01560824
vn 0.9672395 0.1344638 -0.2153306
vn 0.9713148 -0.05452199 -0.2314623
vn 0.7968646 0.5747146 -0.1863059
vn 0.123101 0.9922714 0.01560824
vn 0.9670915 0.1436793 -0.209977
vn 0.9749784 -0.05334307 -0.2158043
vn 0.6621021 0.5561594 0.5023023
vn 0.123101 0.9922714 0.01560824
vn 0.8187186 0.1212717 0.5612423
vn 0.9687431 -0.1206022 -0.2167761
vn 0.8157814 -0.06089227 0.5751461
vn 0.808067 -0.1353655 0.5733269
vn 0.6974247 0.5368558 0.4747469
vn 0.123101 0.9922714 0.01560824
vn 0.7915248 0.1047383 0.6020949
vn 0.7888432 -0.1309471 0.6004826
vn 0.7957757 -0.06187719 0.6024221
vn 0.6739388 0.5557092 0.4868201
vn 0.123101 0.9922714 0.01560824
vn 0.7769244 -0.05930382 0.6267948
vn 0.7783912 0.1176175 0.6166631
vn 0.06131335 -0.01628718 0.9979857
vn 0.0523924 0.5836914 0.8102835
vn 0.123101 0.9922714 0.01560824
vn 0.079395 0.1344469 0.987735
vn 0.02387231 -0.01545512 0.9995956
vn 0.09485905 0.5720823 0.8146924
vn 0.123101 0.9922714 0.01560824
vn 0.0308125 0.1154291 0.9928377
vn -0.003268865 -0.01172573 0.9999259
vn 0.06729689 0.5827698 0.809846
vn 0.123101 0.9922714 0.01560824
vn 0.005792688 0.1347396 0.9908641
vn -0.7397665 0.04966613 0.6710281
vn -0.5672714 0.6356233 0.5236279
vn 0.123101 0.9922714 0.01560824
vn -0.720669 0.1792761 0.6696987
vn -0.7643079 0.05020556 0.6428941
vn -0.5566821 0.633759 0.5370797
vn 0.123101 0.9922714 0.01560824
vn -0.7485682 0.1602145 0.6434104
vn -0.7695091 0.1833565 0.6117485
vn -0.5588988 0.6347868 0.5335521
vn 0.123101 0.9922714 0.01560824
vn -0.7269396 0.6721238 -0.1407424
vn 0.123101 0.9922714 0.01560824
vn 0.123101 0.9922714 0.01560824
vt 1.375097 -0.0008411705
vt 1.422716 -0.0008411705
vt 1.422716 0.04082552
vt 1.375097 0.04082552
vt 1.327478 -0.0008411705
vt 1.422716 0.0824922
vt 1.327478 0.04082552
vt 1.279859 -0.0008411109
vt 1.375097 0.0824922
vt 1.422716 0.1241589
vt 1.279859 0.04082552
vt 1.23224 -0.0008411109
vt 1.327478 0.0824922
vt 1.375097 0.1241589
vt 1.422716 0.1658255
vt 1.23224 0.04082552
vt 1.184621 -0.0008411109
vt 1.279859 0.0824922
vt 1.327478 0.1241589
vt 1.375097 0.1658255
vt 1.422716 0.2074922
vt 1.184621 0.04082552
vt 1.137002 -0.0008411109
vt 1.23224 0.0824922
vt 1.279859 0.1241589
vt 1.327478 0.1658255
vt 1.375097 0.2074922
vt 1.422716 0.2491589
vt 1.137002 0.04082552
vt 1.089383 -0.0008411109
vt 1.184621 0.0824922
vt 1.23224 0.1241589
vt 1.279859 0.1658255
vt 1.327478 0.2074922
vt 1.375097 0.2491589
vt 1.422716 0.2908255
vt 1.089383 0.04082555
vt 1.041764 -0.0008411109
vt 1.137002 0.0824922
vt 1.184621 0.1241589
vt 1.23224 0.1658255
vt 1.279859 0.2074922
vt 1.327478 0.2491589
vt 1.375097 0.2908255
vt 1.422716 0.3324922
vt 1.375097 0.3324922
vt 1.422716 0.3741589
vt 1.327478 0.2908255
vt 1.279859 0.2491589
vt 1.23224 0.2074922
vt 1.184621 0.1658255
vt 1.375097 0.3741589
vt 1.422716 0.4158255
vt 1.327478 0.3324922
vt 1.279859 0.2908255
vt 1.23224 0.2491589
vt 1.375097 0.4158255
vt 1.422716 0.4574922
vt 1.327478 0.3741589
vt 1.279859 0.3324922
vt 1.375097 0.4574922
vt 1.422716 0.4991589
vt 1.327478 0.4158255
vt 1.375097 0.4991589
vt 1.422716 0.5408255
vt 1.184621 0.2074922
vt 1.23224 0.2908255
vt 1.279859 0.3741589
vt 1.327478 0.4574922
vt 1.375097 0.5408255
vt 1.422716 0.5824922
vt 1.184621 0.2491589
vt 1.23224 0.3324922
vt 1.279859 0.4158255
vt 1.327478 0.4991589
vt 1.375097 0.5824922
vt 1.422716 0.6241589
vt 1.184621 0.2908255
vt 1.23224 0.3741589
vt 1.279859 0.4574922
vt 1.327478 0.5408255
vt 1.375097 0.6241589
vt 1.422716 0.6658255
vt 1.184621 0.3324922
vt 1.23224 0.4158255
vt 1.279859 0.4991589
vt 1.327478 0.5824922
vt 1.375097 0.6658255
vt 1.422716 0.7074922
vt 1.184621 0.3741589
vt 1.23224 0.4574922
vt 1.279859 0.5408255
vt 1.327478 0.6241589
vt 1.375097 0.7074922
vt 1.422716 0.7908255
vt 1.184621 0.4158255
vt 1.23224 0.4991589
vt 1.279859 0.5824922
vt 1.327478 0.6658255
vt 1.375097 0.7908255
vt 1.422716 0.8741589
vt 1.184621 0.4574922
vt 1.23224 0.5408255
vt 1.279859 0.6241589
vt 1.327478 0.7074922
vt 1.375097 0.8741589
vt 1.422716 0.9158255
vt 1.184621 0.4991589
vt 1.23224 0.5824922
vt 1.279859 0.6658255
vt 1.327478 0.7908255
vt 1.375097 0.9158255
vt 1.422716 0.9574922
vt 1.184621 0.5408255
vt 1.23224 0.6241589
vt 1.279859 0.7074922
vt 1.327478 0.8741589
vt 1.375097 0.9574922
vt 1.422716 0.9991589
vt 1.327478 0.9158255
vt 1.279859 0.8741589
vt 1.327478 0.9574922
vt 1.375097 0.9991589
vt 1.279859 0.9158255
vt 1.23224 0.6658255
vt 1.279859 0.7908255
vt 1.23224 0.7074922
vt 1.23224 0.7908255
vt 1.279859 0.9574922
vt 1.327478 0.9991589
vt 1.23224 0.8741589
vt 1.23224 0.9158255
vt 1.23224 0.9574922
vt 1.279859 0.9991589
vt 1.184621 0.6658255
vt 1.184621 0.7074922
vt 1.184621 0.7908255
vt 1.184621 0.8741589
vt 1.184621 0.9158255
vt 1.137002 0.7908255
vt 1.184621 0.6241589
vt 1.184621 0.9574922
vt 1.23224 0.9991589
vt 1.137002 0.8741589
vt 1.137002 0.9158255
vt 1.184621 0.5824922
vt 1.137002 0.9574921
vt 1.184621 0.9991589
vt 1.089383 0.7908256
vt 1.089383 0.8741589
vt 1.089383 0.9158256
vt 1.137002 0.7074922
vt 1.089383 0.9574922
vt 1.137002 0.9991589
vt 1.137002 0.6658255
vt 1.137002 0.6241589
vt 1.137002 0.5824922
vt 1.137002 0.5408255
vt 1.137002 0.4991589
vt 1.137002 0.4574922
vt 1.137002 0.4158255
vt 1.137002 0.3741589
vt 1.137002 0.3324922
vt 1.137002 0.2908255
vt 1.137002 0.2491589
vt 1.137002 0.2074922
vt 1.137002 0.1658255
vt 1.137002 0.1241589
vt 1.089383 0.08249223
vt 1.089383 0.1241589
vt 1.089383 0.1658256
vt 1.089383 0.2074922
vt 1.089383 0.2491589
vt 1.041764 0.04082555
vt 0.9941444 -0.0008411109
vt 1.041764 0.08249223
vt 0.9941444 0.04082555
vt 0.9465254 -0.0008411109
vt 1.041764 0.1241589
vt 1.041764 0.1658256
vt 0.9465254 0.04082555
vt 0.8989064 -0.0008411407
vt 0.9941444 0.08249223
vt 0.8989064 0.04082555
vt 0.8512873 -0.0008410811
vt 0.9941444 0.1241589
vt 0.9465254 0.08249223
vt 1.041764 0.2074922
vt 0.8512873 0.04082555
vt 0.8036683 -0.0008411407
vt 0.8989064 0.08249223
vt 0.9465255 0.1241589
vt 0.9941445 0.1658256
vt 0.8036683 0.04082555
vt 0.7560492 -0.0008410811
vt 0.8512873 0.08249223
vt 0.8989064 0.1241589
vt 0.9465255 0.1658256
vt 0.9941445 0.2074922
vt 0.7560492 0.04082555
vt 0.7084302 -0.0008411407
vt 0.8036683 0.08249223
vt 0.8512873 0.1241589
vt 0.8989064 0.1658256
vt 0.7084302 0.04082561
vt 0.6608111 -0.0008410811
vt 0.7560492 0.08249223
vt 0.8036683 0.1241589
vt 0.6608111 0.04082555
vt 0.6131921 -0.0008411407
vt 0.7084302 0.08249223
vt 0.6131921 0.04082561
vt 0.565573 -0.0008410811
vt 0.9465255 0.2074922
vt 0.8512873 0.1658256
vt 0.7560492 0.1241589
vt 0.6608111 0.08249229
vt 0.565573 0.04082555
vt 0.517954 -0.0008410215
vt 0.8989064 0.2074922
vt 0.8036683 0.1658256
vt 0.7084302 0.1241589
vt 0.6131921 0.08249223
vt 0.517954 0.04082561
vt 0.4703349 -0.0008410811
vt 0.8512873 0.2074922
vt 0.7560492 0.1658255
vt 0.6608111 0.1241589
vt 0.565573 0.08249229
vt 0.4703349 0.04082555
vt 0.4227158 -0.0008410215
vt 0.4227158 0.04082561
vt 0.517954 0.08249223
vt 0.4703349 0.08249229
vt 0.4227158 0.08249223
vt 0.6131921 0.1241589
vt 0.7084302 0.1658256
vt 0.565573 0.1241589
vt 0.4703349 0.1241589
vt 0.4227159 0.1241589
vt 0.517954 0.1241589
vt 0.6608111 0.1658256
vt 0.4703349 0.1658256
vt 0.4227159 0.1658256
vt 0.6131921 0.1658256
vt 0.565573 0.1658256
vt 0.517954 0.1658256
vt 0.4703349 0.2074922
vt 0.4227159 0.2074922
vt 0.517954 0.2074922
vt 0.565573 0.2074922
vt 0.6131921 0.2074922
vt 0.6608111 0.2074922
vt 0.4703349 0.2491589
vt 0.4227159 0.2491589
vt 0.517954 0.2491589
vt 0.565573 0.2491589
vt 0.6131921 0.2491589
vt 0.4703349 0.2908255
vt 0.4227159 0.2908256
vt 0.517954 0.2908256
vt 0.565573 0.2908255
vt 0.470335 0.3324923
vt 0.4227159 0.3324923
vt 0.517954 0.3324922
vt 0.470335 0.3741589
vt 0.4227159 0.3741589
vt 0.6608111 0.2491589
vt 0.6131921 0.2908256
vt 0.5655731 0.3324923
vt 0.517954 0.3741589
vt 0.470335 0.4158255
vt 0.4227159 0.4158256
vt 0.6608111 0.2908255
vt 0.6131921 0.3324923
vt 0.5655731 0.3741589
vt 0.517954 0.4158256
vt 0.470335 0.4574923
vt 0.4227159 0.4574922
vt 0.6608112 0.3324922
vt 0.6131921 0.3741589
vt 0.5655731 0.4158256
vt 0.517954 0.4574923
vt 0.470335 0.4991589
vt 0.4227159 0.4991589
vt 0.6608112 0.3741589
vt 0.6131921 0.4158256
vt 0.5655731 0.4574923
vt 0.517954 0.4991589
vt 0.470335 0.5408256
vt 0.4227159 0.5408256
vt 0.6608112 0.4158256
vt 0.6131921 0.4574923
vt 0.5655731 0.4991589
vt 0.517954 0.5408256
vt 0.4703349 0.5824922
vt 0.4227159 0.5824922
vt 0.6608112 0.4574923
vt 0.6131921 0.4991589
vt 0.5655731 0.5408256
vt 0.517954 0.5824922
vt 0.470335 0.6241589
vt 0.4227159 0.6241589
vt 0.6608112 0.4991589
vt 0.6131921 0.5408256
vt 0.5655731 0.5824922
vt 0.517954 0.6241589
vt 0.4703349 0.6658256
vt 0.4227159 0.6658256
vt 0.6608112 0.5408256
vt 0.6131921 0.5824922
vt 0.5655731 0.6241589
vt 0.5179541 0.6658256
vt 0.470335 0.7074922
vt 0.4227159 0.7074922
vt 0.6608112 0.5824922
vt 0.6131921 0.6241589
vt 0.565573 0.6658256
vt 0.5179541 0.7074922
vt 0.470335 0.7908256
vt 0.4227159 0.7908256
vt 0.4227159 0.8741589
vt 0.6608112 0.6241589
vt 0.6131921 0.6658256
vt 0.5655731 0.7074922
vt 0.5179541 0.7908256
vt 0.6608112 0.6658256
vt 0.6131921 0.7074922
vt 0.5655731 0.7908256
vt 0.6608112 0.7074922
vt 0.6131921 0.7908256
vt 0.6608112 0.7908256
vt 0.5179541 0.8741589
vt 0.5655731 0.8741589
vt 0.6131921 0.8741589
vt 0.6608112 0.8741589
vt 0.7084302 0.7908256
vt 0.7084302 0.7074922
vt 0.470335 0.8741589
vt 0.470335 0.9158256
vt 0.422716 0.9158256
vt 0.5179541 0.9158256
vt 0.5655731 0.9158256
vt 0.6131921 0.9158256
vt 0.470335 0.9574922
vt 0.422716 0.9574922
vt 0.470335 0.9991589
vt 0.5179541 0.9574922
vt 0.5179541 0.9991589
vt 0.5655731 0.9574922
vt 0.5655731 0.9991589
vt 0.6131921 0.9574922
vt 0.6131921 0.9991589
vt 0.6608112 0.9158256
vt 0.6608112 0.9574922
vt 0.6608112 0.9991589
vt 0.7084302 0.9574922
vt 0.7084302 0.9991589
vt 0.7084302 0.9158256
vt 0.7084302 0.8741589
vt 0.7560493 0.9574922
vt 0.7560493 0.9991589
vt 0.7560493 0.9158256
vt 0.7560493 0.7908256
vt 0.8036683 0.9574922
vt 0.8036683 0.9991589
vt 0.7560493 0.8741589
vt 0.8036683 0.9158256
vt 0.8512874 0.9574922
vt 0.8512874 0.9991589
vt 0.7560493 0.7074922
vt 0.8036683 0.7908256
vt 0.8036683 0.8741589
vt 0.8512874 0.9158256
vt 0.7084302 0.6658256
vt 0.7084302 0.6241589
vt 0.7560493 0.6658256
vt 0.8036683 0.7074922
vt 0.8512874 0.7908256
vt 0.7084302 0.5824922
vt 0.7560493 0.6241589
vt 0.8036683 0.6658256
vt 0.7084302 0.5408256
vt 0.7560493 0.5824922
vt 0.7084302 0.4991589
vt 0.8512874 0.8741589
vt 0.8512874 0.7074922
vt 0.8036683 0.6241589
vt 0.7560493 0.5408256
vt 0.7084302 0.4574922
vt 0.8989064 0.7908256
vt 0.8512874 0.6658256
vt 0.8036683 0.5824922
vt 0.7560493 0.4991589
vt 0.7084302 0.4158255
vt 0.8989064 0.7074922
vt 0.8512874 0.6241589
vt 0.8036683 0.5408256
vt 0.7560493 0.4574922
vt 0.7084302 0.3741589
vt 0.8989064 0.6658256
vt 0.8512874 0.5824922
vt 0.8036683 0.4991589
vt 0.7560493 0.4158255
vt 0.7084302 0.3324922
vt 0.8989064 0.6241589
vt 0.8512874 0.5408256
vt 0.8036683 0.4574922
vt 0.7560492 0.3741589
vt 0.7084302 0.2908255
vt 0.8989064 0.5824922
vt 0.8512874 0.4991589
vt 0.8036683 0.4158255
vt 0.7560492 0.3324922
vt 0.7084302 0.2491589
vt 0.8989064 0.5408256
vt 0.8512874 0.4574922
vt 0.8036683 0.3741589
vt 0.7560492 0.2908255
vt 0.7084302 0.2074922
vt 0.7560492 0.2491589
vt 0.7560492 0.2074922
vt 0.8036683 0.3324922
vt 0.8512874 0.4158255
vt 0.8036683 0.2908255
vt 0.8036683 0.2074922
vt 0.8036683 0.2491589
vt 0.8512874 0.3741589
vt 0.8512873 0.2491589
vt 0.8512873 0.2908255
vt 0.8512873 0.3324922
vt 0.8989064 0.2491589
vt 0.8989064 0.2908255
vt 0.8989064 0.3324922
vt 0.8989064 0.3741589
vt 0.8989064 0.4158255
vt 0.9465255 0.2491589
vt 0.9465255 0.2908255
vt 0.9465255 0.3324922
vt 0.9465255 0.3741589
vt 0.9941445 0.2491589
vt 0.9941445 0.2908255
vt 0.9941445 0.3324922
vt 1.041764 0.2491589
vt 1.041764 0.2908255
vt 1.089383 0.2908255
vt 1.089383 0.3324922
vt 1.041764 0.3324922
vt 1.089383 0.3741589
vt 1.041764 0.3741589
vt 1.089383 0.4158255
vt 0.9941445 0.3741589
vt 1.041764 0.4158255
vt 1.089383 0.4574922
vt 0.9941445 0.4158255
vt 1.041764 0.4574922
vt 1.089383 0.4991589
vt 0.9465255 0.4158255
vt 0.9941445 0.4574922
vt 1.041764 0.4991589
vt 1.089383 0.5408255
vt 0.9465255 0.4574922
vt 0.9941445 0.4991589
vt 1.041764 0.5408255
vt 1.089383 0.5824922
vt 0.8989064 0.4574922
vt 0.9465255 0.4991589
vt 0.8989064 0.4991589
vt 0.9941445 0.5408255
vt 0.9465255 0.5408256
vt 1.041764 0.5824922
vt 1.089383 0.6241589
vt 0.9465255 0.5824922
vt 0.9941445 0.5824922
vt 1.041764 0.6241589
vt 1.089383 0.6658255
vt 0.9465255 0.6241589
vt 0.9941445 0.6241589
vt 1.041764 0.6658255
vt 1.089383 0.7074922
vt 0.9465255 0.6658256
vt 0.9941445 0.6658256
vt 1.041764 0.7908256
vt 1.041764 0.7074922
vt 0.9465255 0.7074922
vt 0.9941445 0.7074922
vt 0.9465255 0.7908256
vt 0.9941445 0.7908256
vt 1.041764 0.8741589
vt 0.9941446 0.8741589
vt 1.041764 0.9158256
vt 0.9465255 0.8741589
vt 0.9941446 0.9158256
vt 1.041764 0.9574922
vt 1.089383 0.9991589
vt 0.8989064 0.8741589
vt 0.9465255 0.9158256
vt 0.9941446 0.9574922
vt 1.041764 0.9991589
vt 0.8989064 0.9158256
vt 0.9465255 0.9574922
vt 0.9941446 0.9991589
vt 0.8989064 0.9574922
vt 0.9465255 0.9991589
vt 0.8989064 0.9991589
vt 0.9532219 -0.0008411705
vt 1.000841 -0.0008411705
vt 1.000841 0.1241589
vt 0.9532219 0.1241589
vt 0.9056028 -0.0008411705
vt 1.000841 0.2491589
vt 0.9056028 0.1241589
vt 0.8579837 -0.0008411109
vt 0.9532219 0.2491589
vt 1.000841 0.3741589
vt 0.8579837 0.1241589
vt 0.8103647 -0.0008411109
vt 0.9056028 0.2491589
vt 0.9532219 0.3741589
vt 1.000841 0.4991589
vt 0.8103647 0.1241589
vt 0.7627456 -0.0008411109
vt 0.8579837 0.2491589
vt 0.9056028 0.3741589
vt 0.9532219 0.4991589
vt 1.000841 0.6241589
vt 0.7627456 0.1241589
vt 0.7151266 -0.0008411109
vt 0.8103647 0.2491589
vt 0.8579838 0.3741589
vt 0.9056028 0.4991589
vt 0.9532219 0.6241589
vt 1.000841 0.7491589
vt 0.7151266 0.1241589
vt 0.6675075 -0.0008411109
vt 0.7627456 0.2491589
vt 0.8103647 0.3741589
vt 0.8579838 0.4991589
vt 0.9056028 0.6241589
vt 0.9532219 0.7491589
vt 1.000841 0.8741589
vt 0.6675075 0.1241589
vt 0.6198885 -0.0008411109
vt 0.7151266 0.2491589
vt 0.7627457 0.3741589
vt 0.8103647 0.4991589
vt 0.8579838 0.6241589
vt 0.9056029 0.7491589
vt 0.9532219 0.8741589
vt 1.000841 0.9326303
vt 0.9532219 0.9326304
vt 1.000841 0.9991589
vt 0.9056029 0.8741589
vt 0.8579838 0.7491589
vt 0.8103647 0.6241589
vt 0.7627457 0.4991589
vt 0.9056029 0.9326304
vt 0.9532219 0.9991589
vt 0.8579838 0.8741589
vt 0.8103647 0.7491589
vt 0.8579838 0.9326303
vt 0.9056029 0.9991589
vt 0.8103647 0.8741589
vt 0.7627457 0.6241589
vt 0.7151266 0.3741589
vt 0.8103647 0.9326303
vt 0.8579838 0.9991589
vt 0.7627457 0.7491589
vt 0.7151266 0.4991589
vt 0.6675076 0.2491589
vt 0.7627457 0.8741589
vt 0.7151266 0.6241589
vt 0.6675076 0.3741589
vt 0.6198885 0.1241589
vt 0.5722694 -0.0008411109
vt 0.6198885 0.2491589
vt 0.5722694 0.1241589
vt 0.5246504 -0.0008411109
vt 0.6675076 0.4991589
vt 0.7151266 0.7491589
vt 0.6198885 0.3741589
vt 0.5246505 0.1241589
vt 0.4770314 -0.0008411407
vt 0.5722695 0.2491589
vt 0.6675076 0.6241589
vt 0.4770314 0.1241589
vt 0.4294123 -0.0008410811
vt 0.6198885 0.4991589
vt 0.5246505 0.2491589
vt 0.5722695 0.3741589
vt 0.4294123 0.1241589
vt 0.3817933 -0.0008411407
vt 0.4770314 0.2491589
vt 0.5246505 0.3741589
vt 0.5722695 0.4991589
vt 0.6198885 0.6241589
vt 0.3817933 0.1241589
vt 0.3341742 -0.0008410811
vt 0.4294123 0.2491589
vt 0.4770314 0.3741589
vt 0.5246505 0.4991589
vt 0.3341742 0.1241589
vt 0.2865552 -0.0008411407
vt 0.3817933 0.2491589
vt 0.4294123 0.3741589
vt 0.2865552 0.1241589
vt 0.2389361 -0.0008410811
vt 0.3341742 0.2491589
vt 0.2389361 0.1241589
vt 0.1913171 -0.0008411407
vt 0.5722695 0.6241589
vt 0.4770314 0.4991589
vt 0.3817933 0.3741589
vt 0.2865552 0.2491589
vt 0.1913171 0.1241589
vt 0.143698 -0.0008410811
vt 0.5246505 0.6241589
vt 0.4294123 0.4991589
vt 0.3341742 0.3741589
vt 0.2389361 0.2491589
vt 0.143698 0.1241589
vt 0.09607899 -0.0008410215
vt 0.4770314 0.6241589
vt 0.3817933 0.4991589
vt 0.2865552 0.3741589
vt 0.1913171 0.2491589
vt 0.09607899 0.1241589
vt 0.04845995 -0.0008410811
vt 0.4294123 0.6241589
vt 0.3341742 0.4991589
vt 0.2389362 0.3741589
vt 0.143698 0.2491589
vt 0.04845995 0.1241589
vt 0.0008408427 -0.0008410215
vt 0.0008409023 0.1241589
vt 0.09607899 0.2491589
vt 0.04845995 0.2491589
vt 0.0008409023 0.2491589
vt 0.1913171 0.3741589
vt 0.2865552 0.4991589
vt 0.1436981 0.3741589
vt 0.04845998 0.3741589
vt 0.0008409023 0.3741589
vt 0.09607902 0.3741589
vt 0.2389362 0.4991589
vt 0.04845998 0.4991589
vt 0.0008409023 0.4991589
vt 0.1913171 0.4991589
vt 0.1436981 0.4991589
vt 0.09607902 0.4991589
vt 0.04846001 0.6241589
vt 0.0008409023 0.6241589
vt 0.09607899 0.6241589
vt 0.1436981 0.6241589
vt 0.1913171 0.6241589
vt 0.2389362 0.6241589
vt 0.04846001 0.7491589
vt 0.0008409023 0.7491589
vt 0.09607905 0.7491589
vt 0.1436981 0.7491589
vt 0.1913171 0.7491589
vt 0.04846001 0.8741589
vt 0.0008409023 0.8741589
vt 0.09607905 0.8741589
vt 0.1436981 0.8741589
vt 0.04846 0.9326304
vt 0.0008409302 0.9326305
vt 0.04846001 0.9991589
vt 0.09607905 0.9326304
vt 0.09607905 0.9991589
vt 0.1436981 0.9326305
vt 0.1436981 0.9991589
vt 0.1913171 0.8741589
vt 0.1913171 0.9326304
vt 0.1913171 0.9991589
vt 0.2389362 0.9326305
vt 0.2389362 0.9991589
vt 0.2389362 0.8741589
vt 0.2389362 0.7491589
vt 0.2865552 0.9326304
vt 0.2865552 0.9991589
vt 0.2865552 0.8741589
vt 0.2865552 0.7491589
vt 0.3341743 0.9326304
vt 0.3341743 0.9991589
vt 0.3341743 0.8741589
vt 0.2865552 0.6241589
vt 0.3341743 0.7491589
vt 0.3341743 0.6241589
vt 0.3817933 0.9326304
vt 0.3817933 0.9991589
vt 0.3817933 0.8741589
vt 0.3817933 0.6241589
vt 0.3817933 0.7491589
vt 0.4294124 0.9326304
vt 0.4294124 0.9991589
vt 0.4294124 0.7491589
vt 0.4294124 0.8741589
vt 0.4770314 0.7491589
vt 0.4770314 0.9326304
vt 0.4770314 0.9991589
vt 0.4770314 0.8741589
vt 0.5246505 0.7491589
vt 0.5246505 0.9326304
vt 0.5246505 0.9991589
vt 0.5246505 0.8741589
vt 0.5722695 0.7491589
vt 0.5722696 0.9326303
vt 0.5722696 0.9991589
vt 0.5722696 0.8741589
vt 0.6198885 0.7491589
vt 0.6198885 0.9326303
vt 0.6198886 0.9991589
vt 0.6198885 0.8741589
vt 0.6675076 0.7491589
vt 0.6675076 0.9326304
vt 0.6675076 0.9991589
vt 0.6675076 0.8741589
vt 0.7151266 0.8741589
vt 0.7151266 0.9326304
vt 0.7151267 0.9991589
vt 0.7627457 0.9326304
vt 0.7627457 0.9991589
vt 0.8103647 0.9991589
usemtl M_Cactus
f 1/1/1 3/3/3 2/2/2
f 1/1/1 4/4/4 3/3/3
f 5/5/5 4/4/4 1/1/1
f 4/4/4 6/6/6 3/3/3
f 5/5/5 7/7/7 4/4/4
f 8/8/8 7/7/7 5/5/5
f 4/4/4 9/9/9 6/6/6
f 7/7/7 9/9/9 4/4/4
f 9/9/9 10/10/10 6/6/6
f 8/8/8 11/11/11 7/7/7
f 12/12/12 11/11/11 8/8/8
f 7/7/7 13/13/13 9/9/9
f 11/11/11 13/13/13 7/7/7
f 9/9/9 14/14/14 10/10/10
f 13/13/13 14/14/14 9/9/9
f 14/14/14 15/15/15 10/10/10
f 12/12/12 16/16/16 11/11/11
f 17/17/17 16/16/16 12/12/12
f 11/11/11 18/18/18 13/13/13
f 16/16/16 18/18/18 11/11/11
f 13/13/13 19/19/19 14/14/14
f 18/18/18 19/19/19 13/13/13
f 14/14/14 20/20/20 15/15/15
f 19/19/19 20/20/20 14/14/14
f 20/20/20 21/21/21 15/15/15
f 17/17/17 22/22/22 16/16/16
f 23/23/23 22/22/22 17/17/17
f 16/16/16 24/24/24 18/18/18
f 22/22/22 24/24/24 16/16/16
f 18/18/18 25/25/25 19/19/19
f 24/24/24 25/25/25 18/18/18
f 19/19/19 26/26/26 20/20/20
f 25/25/25 26/26/26 19/19/19
f 20/20/20 27/27/27 21/21/21
f 26/26/26 27/27/27 20/20/20
f 27/27/27 28/28/28 21/21/21
f 23/23/23 29/29/29 22/22/22
f 30/30/30 29/29/29 23/23/23
f 22/22/22 31/31/31 24/24/24
f 29/29/29 31/31/31 22/22/22
f 24/24/24 32/32/32 25/25/25
f 31/31/31 32/32/32 24/24/24
f 25/25/25 33/33/33 26/26/26
f 32/32/32 33/33/33 25/25/25
f 26/26/26 34/34/34 27/27/27
f 33/33/33 34/34/34 26/26/26
f 27/27/27 35/35/35 28/28/28
f 34/34/34 35/35/35 27/27/27
f 35/35/35 36/36/36 28/28/28
f 30/30/30 37/37/37 29/29/29
f 38/38/38 37/37/37 30/30/30
f 29/29/29 39/39/39 31/31/31
f 37/37/37 39/39/39 29/29/29
f 31/31/31 40/40/40 32/32/32
f 39/39/39 40/40/40 31/31/31
f 32/32/32 41/41/41 33/33/33
f 40/40/40 41/41/41 32/32/32
f 33/33/33 42/42/42 34/34/34
f 41/41/41 42/42/42 33/33/33
f 34/34/34 43/43/43 35/35/35
f 42/42/42 43/43/43 34/34/34
f 35/35/35 44/44/44 36/36/36
f 43/43/43 44/44/44 35/35/35
f 44/44/44 45/45/45 36/36/36
f 44/44/44 46/46/46 45/45/45
f 46/46/46 47/47/47 45/45/45
f 43/43/43 48/48/48 44/44/44
f 48/48/48 46/46/46 44/44/44
f 42/42/42 49/49/49 43/43/43
f 49/49/49 48/48/48 43/43/43
f 41/41/41 50/50/50 42/42/42
f 50/50/50 49/49/49 42/42/42
f 40/40/40 51/51/51 41/41/41
f 51/51/51 50/50/50 41/41/41
f 46/46/46 52/52/52 47/47/47
f 52/52/52 53/53/53 47/47/47
f 48/48/48 54/54/54 46/46/46
f 54/54/54 52/52/52 46/46/46
f 49/49/49 55/55/55 48/48/48
f 55/55/55 54/54/54 48/48/48
f 50/50/50 56/56/56 49/49/49
f 56/56/56 55/55/55 49/49/49
f 52/52/52 57/57/57 53/53/53
f 57/57/57 58/58/58 53/53/53
f 54/54/54 59/59/59 52/52/52
f 59/59/59 57/57/57 52/52/52
f 55/55/55 60/60/60 54/54/54
f 60/60/60 59/59/59 54/54/54
f 57/57/57 61/61/61 58/58/58
f 61/61/61 62/62/62 58/58/58
f 59/59/59 63/63/63 57/57/57
f 63/63/63 61/61/61 57/57/57
f 61/61/61 64/64/64 62/62/62
f 64/64/64 65/65/65 62/62/62
f 66/66/66 56/56/56 50/50/50
f 51/51/51 66/66/66 50/50/50
f 56/56/56 67/67/67 55/55/55
f 67/67/67 60/60/60 55/55/55
f 60/60/60 68/68/68 59/59/59
f 68/68/68 63/63/63 59/59/59
f 63/63/63 69/69/69 61/61/61
f 69/69/69 64/64/64 61/61/61
f 64/64/64 70/70/70 65/65/65
f 70/70/70 71/71/71 65/65/65
f 66/66/66 72/72/72 56/56/56
f 72/72/72 67/67/67 56/56/56
f 67/67/67 73/73/73 60/60/60
f 73/73/73 68/68/68 60/60/60
f 68/68/68 74/74/74 63/63/63
f 74/74/74 69/69/69 63/63/63
f 69/69/69 75/75/75 64/64/64
f 75/75/75 70/70/70 64/64/64
f 70/70/70 76/76/76 71/71/71
f 76/76/76 77/77/77 71/71/71
f 72/72/72 78/78/78 67/67/67
f 78/78/78 73/73/73 67/67/67
f 73/73/73 79/79/79 68/68/68
f 79/79/79 74/74/74 68/68/68
f 74/74/74 80/80/80 69/69/69
f 80/80/80 75/75/75 69/69/69
f 75/75/75 81/81/81 70/70/70
f 81/81/81 76/76/76 70/70/70
f 76/76/76 82/82/82 77/77/77
f 82/82/82 83/83/83 77/77/77
f 78/78/78 84/84/84 73/73/73
f 84/84/84 79/79/79 73/73/73
f 79/79/79 85/85/85 74/74/74
f 85/85/85 80/80/80 74/74/74
f 80/80/80 86/86/86 75/75/75
f 86/86/86 81/81/81 75/75/75
f 81/81/81 87/87/87 76/76/76
f 87/87/87 82/82/82 76/76/76
f 82/82/82 88/88/88 83/83/83
f 88/88/88 89/89/89 83/83/83
f 84/84/84 90/90/90 79/79/79
f 90/90/90 85/85/85 79/79/79
f 85/85/85 91/91/91 80/80/80
f 91/91/91 86/86/86 80/80/80
f 86/86/86 92/92/92 81/81/81
f 92/92/92 87/87/87 81/81/81
f 87/87/87 93/93/93 82/82/82
f 93/93/93 88/88/88 82/82/82
f 88/88/88 94/94/94 89/89/89
f 94/94/94 95/95/95 89/89/89
f 90/90/90 96/96/96 85/85/85
f 96/96/96 91/91/91 85/85/85
f 91/91/91 97/97/97 86/86/86
f 97/97/97 92/92/92 86/86/86
f 92/92/92 98/98/98 87/87/87
f 98/98/98 93/93/93 87/87/87
f 93/93/93 99/99/99 88/88/88
f 99/99/99 94/94/94 88/88/88
f 94/94/94 100/100/100 95/95/95
f 100/100/100 101/101/101 95/95/95
f 96/96/96 102/102/102 91/91/91
f 102/102/102 97/97/97 91/91/91
f 97/97/97 103/103/103 92/92/92
f 103/103/103 98/98/98 92/92/92
f 98/98/98 104/104/104 93/93/93
f 104/104/104 99/99/99 93/93/93
f 99/99/99 105/105/105 94/94/94
f 105/105/105 100/100/100 94/94/94
f 100/100/100 106/106/106 101/101/101
f 106/106/106 107/107/107 101/101/101
f 102/102/102 108/108/108 97/97/97
f 108/108/108 103/103/103 97/97/97
f 103/103/103 109/109/109 98/98/98
f 109/109/109 104/104/104 98/98/98
f 104/104/104 110/110/110 99/99/99
f 110/110/110 105/105/105 99/99/99
f 105/105/105 111/111/111 100/100/100
f 111/111/111 106/106/106 100/100/100
f 106/106/106 112/112/112 107/107/107
f 112/112/112 113/113/113 107/107/107
f 108/108/108 114/114/114 103/103/103
f 114/114/114 109/109/109 103/103/103
f 109/109/109 115/115/115 104/104/104
f 115/115/115 110/110/110 104/104/104
f 110/110/110 116/116/116 105/105/105
f 116/116/116 111/111/111 105/105/105
f 111/111/111 117/117/117 106/106/106
f 117/117/117 112/112/112 106/106/106
f 112/112/112 118/118/118 113/113/113
f 118/118/118 119/119/119 113/113/113
f 117/117/117 120/120/120 112/112/112
f 120/120/120 118/118/118 112/112/112
f 121/121/121 117/117/117 111/111/111
f 121/121/121 120/120/120 117/117/117
f 120/120/120 122/122/122 118/118/118
f 122/122/122 123/123/123 118/118/118
f 124/124/124 122/122/122 120/120/120
f 121/121/121 124/124/124 120/120/120
f 125/125/125 116/116/116 110/110/110
f 115/115/115 125/125/125 110/110/110
f 116/116/116 126/126/126 111/111/111
f 121/121/121 111/111/111 126/126/126
f 127/127/127 126/126/126 116/116/116
f 125/125/125 127/127/127 116/116/116
f 128/128/128 121/121/121 126/126/126
f 127/127/127 128/128/128 126/126/126
f 124/124/124 129/129/129 122/122/122
f 129/129/129 130/130/130 122/122/122
f 131/131/131 124/124/124 121/121/121
f 128/128/128 131/131/131 121/121/121
f 132/132/132 129/129/129 124/124/124
f 131/131/131 132/132/132 124/124/124
f 132/132/132 133/133/133 129/129/129
f 133/133/133 134/134/134 129/129/129
f 135/135/135 127/127/127 125/125/125
f 136/136/136 128/128/128 127/127/127
f 135/135/135 136/136/136 127/127/127
f 137/137/137 131/131/131 128/128/128
f 136/136/136 137/137/137 128/128/128
f 138/138/138 132/132/132 131/131/131
f 137/137/137 138/138/138 131/131/131
f 139/139/139 133/133/133 132/132/132
f 138/138/138 139/139/139 132/132/132
f 140/140/140 138/138/138 137/137/137
f 140/140/140 137/137/137 136/136/136
f 141/141/141 135/135/135 125/125/125
f 141/141/141 125/125/125 115/115/115
f 139/139/139 142/142/142 133/133/133
f 142/142/142 143/143/143 133/133/133
f 144/144/144 139/139/139 138/138/138
f 140/140/140 144/144/144 138/138/138
f 145/145/145 142/142/142 139/139/139
f 144/144/144 145/145/145 139/139/139
f 146/146/146 141/141/141 115/115/115
f 146/146/146 115/115/115 109/109/109
f 114/114/114 146/146/146 109/109/109
f 145/145/145 147/147/147 142/142/142
f 147/147/147 148/148/148 142/142/142
f 149/149/149 144/144/144 140/140/140
f 150/150/150 145/145/145 144/144/144
f 149/149/149 150/150/150 144/144/144
f 151/151/151 147/147/147 145/145/145
f 150/150/150 151/151/151 145/145/145
f 149/149/149 140/140/140 152/152/152
f 140/140/140 136/136/136 152/152/152
f 151/151/151 153/153/153 147/147/147
f 153/153/153 154/154/154 147/147/147
f 155/155/155 152/152/152 136/136/136
f 155/155/155 136/136/136 135/135/135
f 156/156/156 155/155/155 135/135/135
f 156/156/156 135/135/135 141/141/141
f 157/157/157 156/156/156 141/141/141
f 157/157/157 141/141/141 146/146/146
f 158/158/158 157/157/157 146/146/146
f 158/158/158 146/146/146 114/114/114
f 159/159/159 158/158/158 114/114/114
f 159/159/159 114/114/114 108/108/108
f 160/160/160 159/159/159 108/108/108
f 160/160/160 108/108/108 102/102/102
f 161/161/161 160/160/160 102/102/102
f 161/161/161 102/102/102 96/96/96
f 162/162/162 161/161/161 96/96/96
f 162/162/162 96/96/96 90/90/90
f 163/163/163 162/162/162 90/90/90
f 163/163/163 90/90/90 84/84/84
f 164/164/164 163/163/163 84/84/84
f 164/164/164 84/84/84 78/78/78
f 165/165/165 164/164/164 78/78/78
f 165/165/165 78/78/78 72/72/72
f 166/166/166 165/165/165 72/72/72
f 166/166/166 72/72/72 66/66/66
f 167/167/167 166/166/166 66/66/66
f 167/167/167 66/66/66 51/51/51
f 168/168/168 167/167/167 51/51/51
f 168/168/168 51/51/51 40/40/40
f 39/39/39 168/168/168 40/40/40
f 169/169/169 168/168/168 39/39/39
f 37/37/37 169/169/169 39/39/39
f 170/170/170 167/167/167 168/168/168
f 169/169/169 170/170/170 168/168/168
f 171/171/171 166/166/166 167/167/167
f 170/170/170 171/171/171 167/167/167
f 172/172/172 165/165/165 166/166/166
f 171/171/171 172/172/172 166/166/166
f 173/173/173 164/164/164 165/165/165
f 172/172/172 173/173/173 165/165/165
f 174/174/174 169/169/169 37/37/37
f 38/38/38 174/174/174 37/37/37
f 175/175/175 174/174/174 38/38/38
f 176/176/176 170/170/170 169/169/169
f 174/174/174 176/176/176 169/169/169
f 175/175/175 177/177/177 174/174/174
f 177/177/177 176/176/176 174/174/174
f 178/178/178 177/177/177 175/175/175
f 179/179/179 171/171/171 170/170/170
f 176/176/176 179/179/179 170/170/170
f 180/180/180 172/172/172 171/171/171
f 179/179/179 180/180/180 171/171/171
f 178/178/178 181/181/181 177/177/177
f 182/182/182 181/181/181 178/178/178
f 177/177/177 183/183/183 176/176/176
f 183/183/183 179/179/179 176/176/176
f 181/181/181 183/183/183 177/177/177
f 182/182/182 184/184/184 181/181/181
f 185/185/185 184/184/184 182/182/182
f 183/183/183 186/186/186 179/179/179
f 186/186/186 180/180/180 179/179/179
f 181/181/181 187/187/187 183/183/183
f 184/184/184 187/187/187 181/181/181
f 187/187/187 186/186/186 183/183/183
f 180/180/180 188/188/188 172/172/172
f 188/188/188 173/173/173 172/172/172
f 185/185/185 189/189/189 184/184/184
f 190/190/190 189/189/189 185/185/185
f 184/184/184 191/191/191 187/187/187
f 189/189/189 191/191/191 184/184/184
f 187/187/187 192/192/192 186/186/186
f 191/191/191 192/192/192 187/187/187
f 186/186/186 193/193/193 180/180/180
f 193/193/193 188/188/188 180/180/180
f 192/192/192 193/193/193 186/186/186
f 190/190/190 194/194/194 189/189/189
f 195/195/195 194/194/194 190/190/190
f 189/189/189 196/196/196 191/191/191
f 194/194/194 196/196/196 189/189/189
f 191/191/191 197/197/197 192/192/192
f 196/196/196 197/197/197 191/191/191
f 192/192/192 198/198/198 193/193/193
f 197/197/197 198/198/198 192/192/192
f 193/193/193 199/199/199 188/188/188
f 198/198/198 199/199/199 193/193/193
f 195/195/195 200/200/200 194/194/194
f 201/201/201 200/200/200 195/195/195
f 194/194/194 202/202/202 196/196/196
f 200/200/200 202/202/202 194/194/194
f 196/196/196 203/203/203 197/197/197
f 202/202/202 203/203/203 196/196/196
f 197/197/197 204/204/204 198/198/198
f 203/203/203 204/204/204 197/197/197
f 201/201/201 205/205/205 200/200/200
f 206/206/206 205/205/205 201/201/201
f 200/200/200 207/207/207 202/202/202
f 205/205/205 207/207/207 200/200/200
f 202/202/202 208/208/208 203/203/203
f 207/207/207 208/208/208 202/202/202
f 206/206/206 209/209/209 205/205/205
f 210/210/210 209/209/209 206/206/206
f 205/205/205 211/211/211 207/207/207
f 209/209/209 211/211/211 205/205/205
f 210/210/210 212/212/212 209/209/209
f 213/213/213 212/212/212 210/210/210
f 204/204/204 214/214/214 198/198/198
f 198/198/198 214/214/214 199/199/199
f 203/203/203 215/215/215 204/204/204
f 208/208/208 215/215/215 203/203/203
f 207/207/207 216/216/216 208/208/208
f 211/211/211 216/216/216 207/207/207
f 209/209/209 217/217/217 211/211/211
f 212/212/212 217/217/217 209/209/209
f 213/213/213 218/218/218 212/212/212
f 219/219/219 218/218/218 213/213/213
f 204/204/204 220/220/220 214/214/214
f 215/215/215 220/220/220 204/204/204
f 208/208/208 221/221/221 215/215/215
f 216/216/216 221/221/221 208/208/208
f 211/211/211 222/222/222 216/216/216
f 217/217/217 222/222/222 211/211/211
f 212/212/212 223/223/223 217/217/217
f 218/218/218 223/223/223 212/212/212
f 219/219/219 224/224/224 218/218/218
f 225/225/225 224/224/224 219/219/219
f 215/215/215 226/226/226 220/220/220
f 221/221/221 226/226/226 215/215/215
f 216/216/216 227/227/227 221/221/221
f 222/222/222 227/227/227 216/216/216
f 217/217/217 228/228/228 222/222/222
f 223/223/223 228/228/228 217/217/217
f 218/218/218 229/229/229 223/223/223
f 224/224/224 229/229/229 218/218/218
f 225/225/225 230/230/230 224/224/224
f 231/231/231 230/230/230 225/225/225
f 231/231/231 232/232/232 230/230/230
f 230/230/230 233/233/233 224/224/224
f 224/224/224 233/233/233 229/229/229
f 232/232/232 234/234/234 230/230/230
f 230/230/230 234/234/234 233/233/233
f 232/232/232 235/235/235 234/234/234
f 229/229/229 236/236/236 223/223/223
f 223/223/223 236/236/236 228/228/228
f 228/228/228 237/237/237 222/222/222
f 222/222/222 237/237/237 227/227/227
f 233/233/233 238/238/238 229/229/229
f 229/229/229 238/238/238 236/236/236
f 235/235/235 239/239/239 234/234/234
f 235/235/235 240/240/240 239/239/239
f 234/234/234 241/241/241 233/233/233
f 233/233/233 241/241/241 238/238/238
f 234/234/234 239/239/239 241/241/241
f 236/236/236 242/242/242 228/228/228
f 228/228/228 242/242/242 237/237/237
f 240/240/240 243/243/243 239/239/239
f 240/240/240 244/244/244 243/243/243
f 238/238/238 245/245/245 236/236/236
f 236/236/236 245/245/245 242/242/242
f 241/241/241 246/246/246 238/238/238
f 238/238/238 246/246/246 245/245/245
f 239/239/239 247/247/247 241/241/241
f 239/239/239 243/243/243 247/247/247
f 241/241/241 247/247/247 246/246/246
f 244/244/244 248/248/248 243/243/243
f 244/244/244 249/249/249 248/248/248
f 243/243/243 250/250/250 247/247/247
f 243/243/243 248/248/248 250/250/250
f 247/247/247 251/251/251 246/246/246
f 247/247/247 250/250/250 251/251/251
f 246/246/246 252/252/252 245/245/245
f 246/246/246 251/251/251 252/252/252
f 245/245/245 253/253/253 242/242/242
f 245/245/245 252/252/252 253/253/253
f 249/249/249 254/254/254 248/248/248
f 249/249/249 255/255/255 254/254/254
f 248/248/248 256/256/256 250/250/250
f 248/248/248 254/254/254 256/256/256
f 250/250/250 257/257/257 251/251/251
f 250/250/250 256/256/256 257/257/257
f 251/251/251 258/258/258 252/252/252
f 251/251/251 257/257/257 258/258/258
f 255/255/255 259/259/259 254/254/254
f 255/255/255 260/260/260 259/259/259
f 254/254/254 261/261/261 256/256/256
f 254/254/254 259/259/259 261/261/261
f 256/256/256 262/262/262 257/257/257
f 256/256/256 261/261/261 262/262/262
f 260/260/260 263/263/263 259/259/259
f 260/260/260 264/264/264 263/263/263
f 259/259/259 265/265/265 261/261/261
f 259/259/259 263/263/263 265/265/265
f 264/264/264 266/266/266 263/263/263
f 264/264/264 267/267/267 266/266/266
f 252/252/252 258/258/258 268/268/268
f 252/252/252 268/268/268 253/253/253
f 257/257/257 269/269/269 258/258/258
f 257/257/257 262/262/262 269/269/269
f 261/261/261 270/270/270 262/262/262
f 261/261/261 265/265/265 270/270/270
f 263/263/263 271/271/271 265/265/265
f 263/263/263 266/266/266 271/271/271
f 267/267/267 272/272/272 266/266/266
f 267/267/267 273/273/273 272/272/272
f 258/258/258 274/274/274 268/268/268
f 258/258/258 269/269/269 274/274/274
f 262/262/262 275/275/275 269/269/269
f 262/262/262 270/270/270 275/275/275
f 265/265/265 276/276/276 270/270/270
f 265/265/265 271/271/271 276/276/276
f 266/266/266 277/277/277 271/271/271
f 266/266/266 272/272/272 277/277/277
f 273/273/273 278/278/278 272/272/272
f 273/273/273 279/279/279 278/278/278
f 269/269/269 280/280/280 274/274/274
f 269/269/269 275/275/275 280/280/280
f 270/270/270 281/281/281 275/275/275
f 270/270/270 276/276/276 281/281/281
f 271/271/271 282/282/282 276/276/276
f 271/271/271 277/277/277 282/282/282
f 272/272/272 283/283/283 277/277/277
f 272/272/272 278/278/278 283/283/283
f 279/279/279 284/284/284 278/278/278
f 279/279/279 285/285/285 284/284/284
f 275/275/275 286/286/286 280/280/280
f 275/275/275 281/281/281 286/286/286
f 276/276/276 287/287/287 281/281/281
f 276/276/276 282/282/282 287/287/287
f 277/277/277 288/288/288 282/282/282
f 277/277/277 283/283/283 288/288/288
f 278/278/278 289/289/289 283/283/283
f 278/278/278 284/284/284 289/289/289
f 285/285/285 290/290/290 284/284/284
f 285/285/285 291/291/291 290/290/290
f 281/281/281 292/292/292 286/286/286
f 281/281/281 287/287/287 292/292/292
f 282/282/282 293/293/293 287/287/287
f 282/282/282 288/288/288 293/293/293
f 283/283/283 294/294/294 288/288/288
f 283/283/283 289/289/289 294/294/294
f 284/284/284 295/295/295 289/289/289
f 284/284/284 290/290/290 295/295/295
f 291/291/291 296/296/296 290/290/290
f 291/291/291 297/297/297 296/296/296
f 287/287/287 298/298/298 292/292/292
f 287/287/287 293/293/293 298/298/298
f 288/288/288 299/299/299 293/293/293
f 288/288/288 294/294/294 299/299/299
f 289/289/289 300/300/300 294/294/294
f 289/289/289 295/295/295 300/300/300
f 290/290/290 301/301/301 295/295/295
f 290/290/290 296/296/296 301/301/301
f 297/297/297 302/302/302 296/296/296
f 297/297/297 303/303/303 302/302/302
f 293/293/293 304/304/304 298/298/298
f 293/293/293 299/299/299 304/304/304
f 294/294/294 305/305/305 299/299/299
f 294/294/294 300/300/300 305/305/305
f 295/295/295 306/306/306 300/300/300
f 295/295/295 301/301/301 306/306/306
f 296/296/296 307/307/307 301/301/301
f 296/296/296 302/302/302 307/307/307
f 303/303/303 308/308/308 302/302/302
f 303/303/303 309/309/309 308/308/308
f 299/299/299 310/310/310 304/304/304
f 299/299/299 305/305/305 310/310/310
f 300/300/300 311/311/311 305/305/305
f 300/300/300 306/306/306 311/311/311
f 301/301/301 312/312/312 306/306/306
f 301/301/301 307/307/307 312/312/312
f 302/302/302 313/313/313 307/307/307
f 302/302/302 308/308/308 313/313/313
f 309/309/309 314/314/314 308/308/308
f 309/309/309 315/315/315 314/314/314
f 305/305/305 316/316/316 310/310/310
f 305/305/305 311/311/311 316/316/316
f 306/306/306 317/317/317 311/311/311
f 306/306/306 312/312/312 317/317/317
f 307/307/307 318/318/318 312/312/312
f 307/307/307 313/313/313 318/318/318
f 308/308/308 319/319/319 313/313/313
f 308/308/308 314/314/314 319/319/319
f 315/315/315 320/320/320 314/314/314
f 315/315/315 321/321/321 320/320/320
f 322/322/322 320/320/320 321/321/321
f 311/311/311 323/323/323 316/316/316
f 311/311/311 317/317/317 323/323/323
f 312/312/312 324/324/324 317/317/317
f 312/312/312 318/318/318 324/324/324
f 313/313/313 325/325/325 318/318/318
f 313/313/313 319/319/319 325/325/325
f 314/314/314 326/326/326 319/319/319
f 314/314/314 320/320/320 326/326/326
f 317/317/317 327/327/327 323/323/323
f 317/317/317 324/324/324 327/327/327
f 318/318/318 328/328/328 324/324/324
f 318/318/318 325/325/325 328/328/328
f 319/319/319 329/329/329 325/325/325
f 319/319/319 326/326/326 329/329/329
f 324/324/324 330/330/330 327/327/327
f 324/324/324 328/328/328 330/330/330
f 325/325/325 331/331/331 328/328/328
f 325/325/325 329/329/329 331/331/331
f 328/328/328 332/332/332 330/330/330
f 328/328/328 331/331/331 332/332/332
f 320/320/320 333/333/333 326/326/326
f 326/326/326 334/334/334 329/329/329
f 326/326/326 333/333/333 334/334/334
f 329/329/329 335/335/335 331/331/331
f 329/329/329 334/334/334 335/335/335
f 331/331/331 336/336/336 332/332/332
f 331/331/331 335/335/335 336/336/336
f 330/330/330 332/332/332 337/337/337
f 336/336/336 337/337/337 332/332/332
f 327/327/327 330/330/330 338/338/338
f 330/330/330 337/337/337 338/338/338
f 320/320/320 339/339/339 333/333/333
f 322/322/322 339/339/339 320/320/320
f 322/322/322 340/340/340 339/339/339
f 322/322/322 341/341/341 340/340/340
f 339/339/339 342/342/342 333/333/333
f 339/339/339 340/340/340 342/342/342
f 333/333/333 343/343/343 334/334/334
f 333/333/333 342/342/342 343/343/343
f 334/334/334 344/344/344 335/335/335
f 334/334/334 343/343/343 344/344/344
f 341/341/341 345/345/345 340/340/340
f 341/341/341 346/346/346 345/345/345
f 346/346/346 347/347/347 345/345/345
f 340/340/340 345/345/345 348/348/348
f 340/340/340 348/348/348 342/342/342
f 345/345/345 349/349/349 348/348/348
f 342/342/342 348/348/348 350/350/350
f 342/342/342 350/350/350 343/343/343
f 348/348/348 351/351/351 350/350/350
f 343/343/343 350/350/350 352/352/352
f 343/343/343 352/352/352 344/344/344
f 350/350/350 353/353/353 352/352/352
f 335/335/335 344/344/344 354/354/354
f 335/335/335 354/354/354 336/336/336
f 344/344/344 352/352/352 355/355/355
f 344/344/344 355/355/355 354/354/354
f 352/352/352 356/356/356 355/355/355
f 354/354/354 355/355/355 357/357/357
f 355/355/355 358/358/358 357/357/357
f 336/336/336 354/354/354 359/359/359
f 354/354/354 357/357/357 359/359/359
f 336/336/336 359/359/359 360/360/360
f 336/336/336 360/360/360 337/337/337
f 359/359/359 357/357/357 361/361/361
f 357/357/357 362/362/362 361/361/361
f 359/359/359 361/361/361 363/363/363
f 360/360/360 359/359/359 363/363/363
f 360/360/360 364/364/364 337/337/337
f 338/338/338 337/337/337 364/364/364
f 363/363/363 361/361/361 365/365/365
f 361/361/361 366/366/366 365/365/365
f 360/360/360 363/363/363 367/367/367
f 360/360/360 367/367/367 364/364/364
f 363/363/363 365/365/365 368/368/368
f 367/367/367 363/363/363 368/368/368
f 368/368/368 365/365/365 369/369/369
f 365/365/365 370/370/370 369/369/369
f 338/338/338 364/364/364 371/371/371
f 367/367/367 372/372/372 364/364/364
f 371/371/371 364/364/364 372/372/372
f 367/367/367 368/368/368 373/373/373
f 367/367/367 373/373/373 372/372/372
f 368/368/368 369/369/369 374/374/374
f 373/373/373 368/368/368 374/374/374
f 375/375/375 338/338/338 371/371/371
f 327/327/327 338/338/338 375/375/375
f 323/323/323 327/327/327 375/375/375
f 323/323/323 375/375/375 376/376/376
f 316/316/316 323/323/323 376/376/376
f 375/375/375 371/371/371 377/377/377
f 376/376/376 375/375/375 377/377/377
f 371/371/371 372/372/372 378/378/378
f 377/377/377 371/371/371 378/378/378
f 373/373/373 379/379/379 372/372/372
f 378/378/378 372/372/372 379/379/379
f 316/316/316 376/376/376 380/380/380
f 310/310/310 316/316/316 380/380/380
f 376/376/376 377/377/377 381/381/381
f 380/380/380 376/376/376 381/381/381
f 377/377/377 378/378/378 382/382/382
f 381/381/381 377/377/377 382/382/382
f 310/310/310 380/380/380 383/383/383
f 304/304/304 310/310/310 383/383/383
f 380/380/380 381/381/381 384/384/384
f 383/383/383 380/380/380 384/384/384
f 304/304/304 383/383/383 385/385/385
f 298/298/298 304/304/304 385/385/385
f 373/373/373 386/386/386 379/379/379
f 373/373/373 374/374/374 386/386/386
f 378/378/378 379/379/379 387/387/387
f 382/382/382 378/378/378 387/387/387
f 381/381/381 382/382/382 388/388/388
f 384/384/384 381/381/381 388/388/388
f 383/383/383 384/384/384 389/389/389
f 385/385/385 383/383/383 389/389/389
f 298/298/298 385/385/385 390/390/390
f 292/292/292 298/298/298 390/390/390
f 386/386/386 391/391/391 379/379/379
f 387/387/387 379/379/379 391/391/391
f 382/382/382 387/387/387 392/392/392
f 388/388/388 382/382/382 392/392/392
f 384/384/384 388/388/388 393/393/393
f 389/389/389 384/384/384 393/393/393
f 385/385/385 389/389/389 394/394/394
f 390/390/390 385/385/385 394/394/394
f 292/292/292 390/390/390 395/395/395
f 286/286/286 292/292/292 395/395/395
f 387/387/387 391/391/391 396/396/396
f 392/392/392 387/387/387 396/396/396
f 388/388/388 392/392/392 397/397/397
f 393/393/393 388/388/388 397/397/397
f 389/389/389 393/393/393 398/398/398
f 394/394/394 389/389/389 398/398/398
f 390/390/390 394/394/394 399/399/399
f 395/395/395 390/390/390 399/399/399
f 286/286/286 395/395/395 400/400/400
f 280/280/280 286/286/286 400/400/400
f 392/392/392 396/396/396 401/401/401
f 397/397/397 392/392/392 401/401/401
f 393/393/393 397/397/397 402/402/402
f 398/398/398 393/393/393 402/402/402
f 394/394/394 398/398/398 403/403/403
f 399/399/399 394/394/394 403/403/403
f 395/395/395 399/399/399 404/404/404
f 400/400/400 395/395/395 404/404/404
f 280/280/280 400/400/400 405/405/405
f 274/274/274 280/280/280 405/405/405
f 397/397/397 401/401/401 406/406/406
f 402/402/402 397/397/397 406/406/406
f 398/398/398 402/402/402 407/407/407
f 403/403/403 398/398/398 407/407/407
f 399/399/399 403/403/403 408/408/408
f 404/404/404 399/399/399 408/408/408
f 400/400/400 404/404/404 409/409/409
f 405/405/405 400/400/400 409/409/409
f 274/274/274 405/405/405 410/410/410
f 268/268/268 274/274/274 410/410/410
f 402/402/402 406/406/406 411/411/411
f 407/407/407 402/402/402 411/411/411
f 403/403/403 407/407/407 412/412/412
f 408/408/408 403/403/403 412/412/412
f 404/404/404 408/408/408 413/413/413
f 409/409/409 404/404/404 413/413/413
f 405/405/405 409/409/409 414/414/414
f 410/410/410 405/405/405 414/414/414
f 268/268/268 410/410/410 415/415/415
f 253/253/253 268/268/268 415/415/415
f 407/407/407 411/411/411 416/416/416
f 412/412/412 407/407/407 416/416/416
f 408/408/408 412/412/412 417/417/417
f 413/413/413 408/408/408 417/417/417
f 409/409/409 413/413/413 418/418/418
f 414/414/414 409/409/409 418/418/418
f 410/410/410 414/414/414 419/419/419
f 415/415/415 410/410/410 419/419/419
f 253/253/253 415/415/415 420/420/420
f 242/242/242 253/253/253 420/420/420
f 242/242/242 420/420/420 237/237/237
f 420/420/420 415/415/415 421/421/421
f 415/415/415 419/419/419 421/421/421
f 237/237/237 420/420/420 422/422/422
f 420/420/420 421/421/421 422/422/422
f 237/237/237 422/422/422 227/227/227
f 419/419/419 414/414/414 423/423/423
f 414/414/414 418/418/418 423/423/423
f 418/418/418 413/413/413 424/424/424
f 413/413/413 417/417/417 424/424/424
f 421/421/421 419/419/419 425/425/425
f 419/419/419 423/423/423 425/425/425
f 227/227/227 422/422/422 426/426/426
f 227/227/227 426/426/426 221/221/221
f 221/221/221 426/426/426 226/226/226
f 422/422/422 421/421/421 427/427/427
f 422/422/422 427/427/427 426/426/426
f 421/421/421 425/425/425 427/427/427
f 423/423/423 418/418/418 428/428/428
f 418/418/418 424/424/424 428/428/428
f 426/426/426 429/429/429 226/226/226
f 426/426/426 427/427/427 429/429/429
f 427/427/427 425/425/425 430/430/430
f 427/427/427 430/430/430 429/429/429
f 425/425/425 423/423/423 431/431/431
f 423/423/423 428/428/428 431/431/431
f 425/425/425 431/431/431 430/430/430
f 226/226/226 429/429/429 432/432/432
f 226/226/226 432/432/432 220/220/220
f 429/429/429 430/430/430 433/433/433
f 429/429/429 433/433/433 432/432/432
f 430/430/430 431/431/431 434/434/434
f 430/430/430 434/434/434 433/433/433
f 431/431/431 428/428/428 435/435/435
f 431/431/431 435/435/435 434/434/434
f 428/428/428 424/424/424 436/436/436
f 428/428/428 436/436/436 435/435/435
f 220/220/220 432/432/432 437/437/437
f 220/220/220 437/437/437 214/214/214
f 432/432/432 433/433/433 438/438/438
f 432/432/432 438/438/438 437/437/437
f 433/433/433 434/434/434 439/439/439
f 433/433/433 439/439/439 438/438/438
f 434/434/434 435/435/435 440/440/440
f 434/434/434 440/440/440 439/439/439
f 214/214/214 437/437/437 441/441/441
f 214/214/214 441/441/441 199/199/199
f 437/437/437 438/438/438 442/442/442
f 437/437/437 442/442/442 441/441/441
f 438/438/438 439/439/439 443/443/443
f 438/438/438 443/443/443 442/442/442
f 199/199/199 441/441/441 444/444/444
f 199/199/199 444/444/444 188/188/188
f 188/188/188 444/444/444 173/173/173
f 441/441/441 442/442/442 445/445/445
f 441/441/441 445/445/445 444/444/444
f 444/444/444 446/446/446 173/173/173
f 444/444/444 445/445/445 446/446/446
f 173/173/173 446/446/446 164/164/164
f 446/446/446 163/163/163 164/164/164
f 446/446/446 447/447/447 163/163/163
f 445/445/445 447/447/447 446/446/446
f 447/447/447 162/162/162 163/163/163
f 442/442/442 448/448/448 445/445/445
f 445/445/445 448/448/448 447/447/447
f 442/442/442 443/443/443 448/448/448
f 447/447/447 449/449/449 162/162/162
f 448/448/448 449/449/449 447/447/447
f 449/449/449 161/161/161 162/162/162
f 443/443/443 450/450/450 448/448/448
f 448/448/448 450/450/450 449/449/449
f 449/449/449 451/451/451 161/161/161
f 450/450/450 451/451/451 449/449/449
f 451/451/451 160/160/160 161/161/161
f 443/443/443 452/452/452 450/450/450
f 439/439/439 452/452/452 443/443/443
f 439/439/439 440/440/440 452/452/452
f 450/450/450 453/453/453 451/451/451
f 452/452/452 453/453/453 450/450/450
f 451/451/451 454/454/454 160/160/160
f 453/453/453 454/454/454 451/451/451
f 454/454/454 159/159/159 160/160/160
f 440/440/440 455/455/455 452/452/452
f 452/452/452 455/455/455 453/453/453
f 453/453/453 456/456/456 454/454/454
f 455/455/455 456/456/456 453/453/453
f 454/454/454 457/457/457 159/159/159
f 456/456/456 457/457/457 454/454/454
f 457/457/457 158/158/158 159/159/159
f 440/440/440 458/458/458 455/455/455
f 435/435/435 458/458/458 440/440/440
f 435/435/435 436/436/436 458/458/458
f 455/455/455 459/459/459 456/456/456
f 458/458/458 459/459/459 455/455/455
f 456/456/456 460/460/460 457/457/457
f 459/459/459 460/460/460 456/456/456
f 457/457/457 461/461/461 158/158/158
f 460/460/460 461/461/461 457/457/457
f 461/461/461 157/157/157 158/158/158
f 436/436/436 462/462/462 458/458/458
f 458/458/458 462/462/462 459/459/459
f 459/459/459 463/463/463 460/460/460
f 462/462/462 463/463/463 459/459/459
f 460/460/460 464/464/464 461/461/461
f 463/463/463 464/464/464 460/460/460
f 461/461/461 465/465/465 157/157/157
f 464/464/464 465/465/465 461/461/461
f 465/465/465 156/156/156 157/157/157
f 436/436/436 466/466/466 462/462/462
f 424/424/424 466/466/466 436/436/436
f 424/424/424 417/417/417 466/466/466
f 462/462/462 467/467/467 463/463/463
f 466/466/466 467/467/467 462/462/462
f 417/417/417 468/468/468 466/466/466
f 466/466/466 468/468/468 467/467/467
f 417/417/417 412/412/412 468/468/468
f 412/412/412 416/416/416 468/468/468
f 463/463/463 469/469/469 464/464/464
f 467/467/467 469/469/469 463/463/463
f 468/468/468 470/470/470 467/467/467
f 468/468/468 416/416/416 470/470/470
f 467/467/467 470/470/470 469/469/469
f 464/464/464 471/471/471 465/465/465
f 469/469/469 471/471/471 464/464/464
f 465/465/465 472/472/472 156/156/156
f 471/471/471 472/472/472 465/465/465
f 472/472/472 155/155/155 156/156/156
f 416/416/416 473/473/473 470/470/470
f 416/416/416 411/411/411 473/473/473
f 470/470/470 474/474/474 469/469/469
f 469/469/469 474/474/474 471/471/471
f 470/470/470 473/473/473 474/474/474
f 471/471/471 475/475/475 472/472/472
f 474/474/474 475/475/475 471/471/471
f 472/472/472 476/476/476 155/155/155
f 475/475/475 476/476/476 472/472/472
f 476/476/476 152/152/152 155/155/155
f 411/411/411 477/477/477 473/473/473
f 411/411/411 406/406/406 477/477/477
f 473/473/473 478/478/478 474/474/474
f 474/474/474 478/478/478 475/475/475
f 473/473/473 477/477/477 478/478/478
f 475/475/475 479/479/479 476/476/476
f 478/478/478 479/479/479 475/475/475
f 476/476/476 480/480/480 152/152/152
f 479/479/479 480/480/480 476/476/476
f 149/149/149 152/152/152 480/480/480
f 406/406/406 481/481/481 477/477/477
f 406/406/406 401/401/401 481/481/481
f 477/477/477 482/482/482 478/478/478
f 478/478/478 482/482/482 479/479/479
f 477/477/477 481/481/481 482/482/482
f 483/483/483 149/149/149 480/480/480
f 483/483/483 150/150/150 149/149/149
f 479/479/479 484/484/484 480/480/480
f 482/482/482 484/484/484 479/479/479
f 483/483/483 480/480/480 484/484/484
f 401/401/401 485/485/485 481/481/481
f 401/401/401 396/396/396 485/485/485
f 481/481/481 486/486/486 482/482/482
f 482/482/482 486/486/486 484/484/484
f 481/481/481 485/485/485 486/486/486
f 396/396/396 487/487/487 485/485/485
f 487/487/487 486/486/486 485/485/485
f 396/396/396 391/391/391 487/487/487
f 488/488/488 484/484/484 486/486/486
f 488/488/488 483/483/483 484/484/484
f 487/487/487 488/488/488 486/486/486
f 483/483/483 489/489/489 150/150/150
f 488/488/488 489/489/489 483/483/483
f 489/489/489 151/151/151 150/150/150
f 487/487/487 490/490/490 488/488/488
f 488/488/488 490/490/490 489/489/489
f 489/489/489 491/491/491 151/151/151
f 490/490/490 491/491/491 489/489/489
f 491/491/491 153/153/153 151/151/151
f 391/391/391 492/492/492 487/487/487
f 487/487/487 492/492/492 490/490/490
f 490/490/490 493/493/493 491/491/491
f 492/492/492 493/493/493 490/490/490
f 491/491/491 494/494/494 153/153/153
f 493/493/493 494/494/494 491/491/491
f 494/494/494 495/495/495 153/153/153
f 391/391/391 496/496/496 492/492/492
f 386/386/386 496/496/496 391/391/391
f 492/492/492 497/497/497 493/493/493
f 496/496/496 497/497/497 492/492/492
f 493/493/493 498/498/498 494/494/494
f 497/497/497 498/498/498 493/493/493
f 498/498/498 499/499/499 494/494/494
f 386/386/386 500/500/500 496/496/496
f 496/496/496 500/500/500 497/497/497
f 386/386/386 374/374/374 500/500/500
f 497/497/497 501/501/501 498/498/498
f 500/500/500 501/501/501 497/497/497
f 501/501/501 502/502/502 498/498/498
f 374/374/374 503/503/503 500/500/500
f 500/500/500 503/503/503 501/501/501
f 503/503/503 504/504/504 501/501/501
f 374/374/374 369/369/369 503/503/503
f 369/369/369 505/505/505 503/503/503
f 506/506/506 508/508/508 507/507/507
f 506/506/506 509/509/509 508/508/508
f 510/510/510 509/509/509 506/506/506
f 509/509/509 511/511/511 508/508/508
f 510/510/510 512/512/512 509/509/509
f 513/513/513 512/512/512 510/510/510
f 509/509/509 514/514/514 511/511/511
f 512/512/512 514/514/514 509/509/509
f 514/514/514 515/515/515 511/511/511
f 513/513/513 516/516/516 512/512/512
f 517/517/517 516/516/516 513/513/513
f 512/512/512 518/518/518 514/514/514
f 516/516/516 518/518/518 512/512/512
f 514/514/514 519/519/519 515/515/515
f 518/518/518 519/519/519 514/514/514
f 519/519/519 520/520/520 515/515/515
f 517/517/517 521/521/521 516/516/516
f 522/522/522 521/521/521 517/517/517
f 516/516/516 523/523/523 518/518/518
f 521/521/521 523/523/523 516/516/516
f 518/518/518 524/524/524 519/519/519
f 523/523/523 524/524/524 518/518/518
f 519/519/519 525/525/525 520/520/520
f 524/524/524 525/525/525 519/519/519
f 525/525/525 526/526/526 520/520/520
f 522/522/522 527/527/527 521/521/521
f 528/528/528 527/527/527 522/522/522
f 521/521/521 529/529/529 523/523/523
f 527/527/527 529/529/529 521/521/521
f 523/523/523 530/530/530 524/524/524
f 529/529/529 530/530/530 523/523/523
f 524/524/524 531/531/531 525/525/525
f 530/530/530 531/531/531 524/524/524
f 525/525/525 532/532/532 526/526/526
f 531/531/531 532/532/532 525/525/525
f 532/532/532 533/533/533 526/526/526
f 528/528/528 534/534/534 527/527/527
f 535/535/535 534/534/534 528/528/528
f 527/527/527 536/536/536 529/529/529
f 534/534/534 536/536/536 527/527/527
f 529/529/529 537/537/537 530/530/530
f 536/536/536 537/537/537 529/529/529
f 530/530/530 538/538/538 531/531/531
f 537/537/537 538/538/538 530/530/530
f 531/531/531 539/539/539 532/532/532
f 538/538/538 539/539/539 531/531/531
f 532/532/532 540/540/540 533/533/533
f 539/539/539 540/540/540 532/532/532
f 540/540/540 541/541/541 533/533/533
f 535/535/535 542/542/542 534/534/534
f 543/543/543 542/542/542 535/535/535
f 534/534/534 544/544/544 536/536/536
f 542/542/542 544/544/544 534/534/534
f 536/536/536 545/545/545 537/537/537
f 544/544/544 545/545/545 536/536/536
f 537/537/537 546/546/546 538/538/538
f 545/545/545 546/546/546 537/537/537
f 538/538/538 547/547/547 539/539/539
f 546/546/546 547/547/547 538/538/538
f 539/539/539 548/548/548 540/540/540
f 547/547/547 548/548/548 539/539/539
f 540/540/540 549/549/549 541/541/541
f 548/548/548 549/549/549 540/540/540
f 549/549/549 550/550/550 541/541/541
f 549/549/549 551/551/551 550/550/550
f 551/551/551 552/552/552 550/550/550
f 548/548/548 553/553/553 549/549/549
f 553/553/553 551/551/551 549/549/549
f 547/547/547 554/554/554 548/548/548
f 554/554/554 553/553/553 548/548/548
f 546/546/546 555/555/555 547/547/547
f 555/555/555 554/554/554 547/547/547
f 545/545/545 556/556/556 546/546/546
f 556/556/556 555/555/555 546/546/546
f 553/553/553 557/557/557 551/551/551
f 557/557/557 558/558/558 551/551/551
f 554/554/554 559/559/559 553/553/553
f 559/559/559 557/557/557 553/553/553
f 555/555/555 560/560/560 554/554/554
f 560/560/560 559/559/559 554/554/554
f 559/559/559 561/561/561 557/557/557
f 561/561/561 562/562/562 557/557/557
f 563/563/563 561/561/561 559/559/559
f 560/560/560 563/563/563 559/559/559
f 564/564/564 560/560/560 555/555/555
f 556/556/556 564/564/564 555/555/555
f 565/565/565 556/556/556 545/545/545
f 544/544/544 565/565/565 545/545/545
f 563/563/563 566/566/566 561/561/561
f 566/566/566 567/567/567 561/561/561
f 568/568/568 563/563/563 560/560/560
f 564/564/564 568/568/568 560/560/560
f 569/569/569 564/564/564 556/556/556
f 565/565/565 569/569/569 556/556/556
f 570/570/570 565/565/565 544/544/544
f 542/542/542 570/570/570 544/544/544
f 571/571/571 566/566/566 563/563/563
f 568/568/568 571/571/571 563/563/563
f 572/572/572 568/568/568 564/564/564
f 569/569/569 572/572/572 564/564/564
f 573/573/573 569/569/569 565/565/565
f 570/570/570 573/573/573 565/565/565
f 574/574/574 570/570/570 542/542/542
f 543/543/543 574/574/574 542/542/542
f 575/575/575 574/574/574 543/543/543
f 574/574/574 576/576/576 570/570/570
f 576/576/576 573/573/573 570/570/570
f 575/575/575 577/577/577 574/574/574
f 577/577/577 576/576/576 574/574/574
f 578/578/578 577/577/577 575/575/575
f 573/573/573 579/579/579 569/569/569
f 579/579/579 572/572/572 569/569/569
f 572/572/572 580/580/580 568/568/568
f 580/580/580 571/571/571 568/568/568
f 576/576/576 581/581/581 573/573/573
f 581/581/581 579/579/579 573/573/573
f 578/578/578 582/582/582 577/577/577
f 583/583/583 582/582/582 578/578/578
f 577/577/577 584/584/584 576/576/576
f 584/584/584 581/581/581 576/576/576
f 582/582/582 584/584/584 577/577/577
f 579/579/579 585/585/585 572/572/572
f 585/585/585 580/580/580 572/572/572
f 583/583/583 586/586/586 582/582/582
f 587/587/587 586/586/586 583/583/583
f 581/581/581 588/588/588 579/579/579
f 588/588/588 585/585/585 579/579/579
f 582/582/582 589/589/589 584/584/584
f 586/586/586 589/589/589 582/582/582
f 584/584/584 590/590/590 581/581/581
f 590/590/590 588/588/588 581/581/581
f 589/589/589 590/590/590 584/584/584
f 587/587/587 591/591/591 586/586/586
f 592/592/592 591/591/591 587/587/587
f 586/586/586 593/593/593 589/589/589
f 591/591/591 593/593/593 586/586/586
f 589/589/589 594/594/594 590/590/590
f 593/593/593 594/594/594 589/589/589
f 590/590/590 595/595/595 588/588/588
f 594/594/594 595/595/595 590/590/590
f 588/588/588 596/596/596 585/585/585
f 595/595/595 596/596/596 588/588/588
f 592/592/592 597/597/597 591/591/591
f 598/598/598 597/597/597 592/592/592
f 591/591/591 599/599/599 593/593/593
f 597/597/597 599/599/599 591/591/591
f 593/593/593 600/600/600 594/594/594
f 599/599/599 600/600/600 593/593/593
f 594/594/594 601/601/601 595/595/595
f 600/600/600 601/601/601 594/594/594
f 598/598/598 602/602/602 597/597/597
f 603/603/603 602/602/602 598/598/598
f 597/597/597 604/604/604 599/599/599
f 602/602/602 604/604/604 597/597/597
f 599/599/599 605/605/605 600/600/600
f 604/604/604 605/605/605 599/599/599
f 603/603/603 606/606/606 602/602/602
f 607/607/607 606/606/606 603/603/603
f 602/602/602 608/608/608 604/604/604
f 606/606/606 608/608/608 602/602/602
f 607/607/607 609/609/609 606/606/606
f 610/610/610 609/609/609 607/607/607
f 601/601/601 611/611/611 595/595/595
f 595/595/595 611/611/611 596/596/596
f 600/600/600 612/612/612 601/601/601
f 605/605/605 612/612/612 600/600/600
f 604/604/604 613/613/613 605/605/605
f 608/608/608 613/613/613 604/604/604
f 606/606/606 614/614/614 608/608/608
f 609/609/609 614/614/614 606/606/606
f 610/610/610 615/615/615 609/609/609
f 616/616/616 615/615/615 610/610/610
f 601/601/601 617/617/617 611/611/611
f 612/612/612 617/617/617 601/601/601
f 605/605/605 618/618/618 612/612/612
f 613/613/613 618/618/618 605/605/605
f 608/608/608 619/619/619 613/613/613
f 614/614/614 619/619/619 608/608/608
f 609/609/609 620/620/620 614/614/614
f 615/615/615 620/620/620 609/609/609
f 616/616/616 621/621/621 615/615/615
f 622/622/622 621/621/621 616/616/616
f 612/612/612 623/623/623 617/617/617
f 618/618/618 623/623/623 612/612/612
f 613/613/613 624/624/624 618/618/618
f 619/619/619 624/624/624 613/613/613
f 614/614/614 625/625/625 619/619/619
f 620/620/620 625/625/625 614/614/614
f 615/615/615 626/626/626 620/620/620
f 621/621/621 626/626/626 615/615/615
f 622/622/622 627/627/627 621/621/621
f 628/628/628 627/627/627 622/622/622
f 618/618/618 629/629/629 623/623/623
f 624/624/624 629/629/629 618/618/618
f 619/619/619 630/630/630 624/624/624
f 625/625/625 630/630/630 619/619/619
f 620/620/620 631/631/631 625/625/625
f 626/626/626 631/631/631 620/620/620
f 621/621/621 632/632/632 626/626/626
f 627/627/627 632/632/632 621/621/621
f 628/628/628 633/633/633 627/627/627
f 634/634/634 633/633/633 628/628/628
f 634/634/634 635/635/635 633/633/633
f 633/633/633 636/636/636 627/627/627
f 627/627/627 636/636/636 632/632/632
f 635/635/635 637/637/637 633/633/633
f 633/633/633 637/637/637 636/636/636
f 635/635/635 638/638/638 637/637/637
f 632/632/632 639/639/639 626/626/626
f 626/626/626 639/639/639 631/631/631
f 631/631/631 640/640/640 625/625/625
f 625/625/625 640/640/640 630/630/630
f 636/636/636 641/641/641 632/632/632
f 632/632/632 641/641/641 639/639/639
f 638/638/638 642/642/642 637/637/637
f 638/638/638 643/643/643 642/642/642
f 637/637/637 644/644/644 636/636/636
f 636/636/636 644/644/644 641/641/641
f 637/637/637 642/642/642 644/644/644
f 639/639/639 645/645/645 631/631/631
f 631/631/631 645/645/645 640/640/640
f 643/643/643 646/646/646 642/642/642
f 643/643/643 647/647/647 646/646/646
f 641/641/641 648/648/648 639/639/639
f 639/639/639 648/648/648 645/645/645
f 644/644/644 649/649/649 641/641/641
f 641/641/641 649/649/649 648/648/648
f 642/642/642 650/650/650 644/644/644
f 642/642/642 646/646/646 650/650/650
f 644/644/644 650/650/650 649/649/649
f 647/647/647 651/651/651 646/646/646
f 647/647/647 652/652/652 651/651/651
f 646/646/646 653/653/653 650/650/650
f 646/646/646 651/651/651 653/653/653
f 650/650/650 654/654/654 649/649/649
f 650/650/650 653/653/653 654/654/654
f 649/649/649 655/655/655 648/648/648
f 649/649/649 654/654/654 655/655/655
f 648/648/648 656/656/656 645/645/645
f 648/648/648 655/655/655 656/656/656
f 652/652/652 657/657/657 651/651/651
f 652/652/652 658/658/658 657/657/657
f 651/651/651 659/659/659 653/653/653
f 651/651/651 657/657/657 659/659/659
f 653/653/653 660/660/660 654/654/654
f 653/653/653 659/659/659 660/660/660
f 654/654/654 661/661/661 655/655/655
f 654/654/654 660/660/660 661/661/661
f 658/658/658 662/662/662 657/657/657
f 658/658/658 663/663/663 662/662/662
f 657/657/657 664/664/664 659/659/659
f 657/657/657 662/662/662 664/664/664
f 659/659/659 665/665/665 660/660/660
f 659/659/659 664/664/664 665/665/665
f 663/663/663 666/666/666 662/662/662
f 663/663/663 667/667/667 666/666/666
f 667/667/667 668/668/668 666/666/666
f 662/662/662 666/666/666 669/669/669
f 662/662/662 669/669/669 664/664/664
f 666/666/666 670/670/670 669/669/669
f 664/664/664 669/669/669 671/671/671
f 664/664/664 671/671/671 665/665/665
f 669/669/669 672/672/672 671/671/671
f 660/660/660 665/665/665 673/673/673
f 660/660/660 673/673/673 661/661/661
f 665/665/665 671/671/671 674/674/674
f 665/665/665 674/674/674 673/673/673
f 671/671/671 675/675/675 674/674/674
f 673/673/673 674/674/674 676/676/676
f 674/674/674 677/677/677 676/676/676
f 661/661/661 673/673/673 678/678/678
f 673/673/673 676/676/676 678/678/678
f 661/661/661 678/678/678 679/679/679
f 655/655/655 661/661/661 679/679/679
f 655/655/655 679/679/679 656/656/656
f 678/678/678 676/676/676 680/680/680
f 676/676/676 681/681/681 680/680/680
f 679/679/679 678/678/678 682/682/682
f 678/678/678 680/680/680 682/682/682
f 656/656/656 679/679/679 683/683/683
f 679/679/679 682/682/682 683/683/683
f 682/682/682 680/680/680 684/684/684
f 680/680/680 685/685/685 684/684/684
f 682/682/682 684/684/684 686/686/686
f 683/683/683 682/682/682 686/686/686
f 656/656/656 683/683/683 687/687/687
f 645/645/645 656/656/656 687/687/687
f 645/645/645 687/687/687 640/640/640
f 687/687/687 683/683/683 688/688/688
f 683/683/683 686/686/686 688/688/688
f 640/640/640 687/687/687 689/689/689
f 687/687/687 688/688/688 689/689/689
f 640/640/640 689/689/689 630/630/630
f 686/686/686 684/684/684 690/690/690
f 684/684/684 691/691/691 690/690/690
f 688/688/688 686/686/686 692/692/692
f 686/686/686 690/690/690 692/692/692
f 630/630/630 689/689/689 693/693/693
f 630/630/630 693/693/693 624/624/624
f 624/624/624 693/693/693 629/629/629
f 689/689/689 688/688/688 694/694/694
f 689/689/689 694/694/694 693/693/693
f 688/688/688 692/692/692 694/694/694
f 692/692/692 690/690/690 695/695/695
f 690/690/690 696/696/696 695/695/695
f 693/693/693 697/697/697 629/629/629
f 693/693/693 694/694/694 697/697/697
f 694/694/694 692/692/692 698/698/698
f 692/692/692 695/695/695 698/698/698
f 694/694/694 698/698/698 697/697/697
f 629/629/629 697/697/697 699/699/699
f 629/629/629 699/699/699 623/623/623
f 698/698/698 695/695/695 700/700/700
f 695/695/695 701/701/701 700/700/700
f 697/697/697 698/698/698 702/702/702
f 698/698/698 700/700/700 702/702/702
f 697/697/697 702/702/702 699/699/699
f 623/623/623 699/699/699 703/703/703
f 623/623/623 703/703/703 617/617/617
f 702/702/702 700/700/700 704/704/704
f 700/700/700 705/705/705 704/704/704
f 699/699/699 702/702/702 706/706/706
f 702/702/702 704/704/704 706/706/706
f 699/699/699 706/706/706 703/703/703
f 617/617/617 703/703/703 707/707/707
f 617/617/617 707/707/707 611/611/611
f 706/706/706 704/704/704 708/708/708
f 704/704/704 709/709/709 708/708/708
f 703/703/703 706/706/706 710/710/710
f 706/706/706 708/708/708 710/710/710
f 703/703/703 710/710/710 707/707/707
f 611/611/611 707/707/707 711/711/711
f 611/611/611 711/711/711 596/596/596
f 710/710/710 708/708/708 712/712/712
f 708/708/708 713/713/713 712/712/712
f 707/707/707 710/710/710 714/714/714
f 710/710/710 712/712/712 714/714/714
f 707/707/707 714/714/714 711/711/711
f 596/596/596 711/711/711 715/715/715
f 596/596/596 715/715/715 585/585/585
f 585/585/585 715/715/715 580/580/580
f 714/714/714 712/712/712 716/716/716
f 712/712/712 717/717/717 716/716/716
f 711/711/711 714/714/714 718/718/718
f 711/711/711 718/718/718 715/715/715
f 714/714/714 716/716/716 718/718/718
f 715/715/715 719/719/719 580/580/580
f 715/715/715 718/718/718 719/719/719
f 580/580/580 719/719/719 571/571/571
f 718/718/718 716/716/716 720/720/720
f 718/718/718 720/720/720 719/719/719
f 716/716/716 721/721/721 720/720/720
f 719/719/719 722/722/722 571/571/571
f 719/719/719 720/720/720 722/722/722
f 720/720/720 723/723/723 722/722/722
f 571/571/571 722/722/722 566/566/566
f 722/722/722 724/724/724 566/566/566
