mtllib P_Cactus03.mtl
v -0.1441281 -0.6723213 -0.05436207
v -0.1354807 -0.6537778 -0.1107485
v 0.03295404 -0.2932455 0.02654882
v 0.02444488 -0.3115141 0.08512069
v -0.1880398 -0.6669855 -0.0138484
v 0.1682251 0.02417566 0.1371577
v -0.02106541 -0.3063498 0.1268215
v -0.1907722 -0.677175 0.01466611
v 0.159886 0.006334337 0.1984403
v 0.2730657 0.3054943 0.2227896
v -0.0236541 -0.3163842 0.1564579
v -0.1540782 -0.7094258 0.04947275
v 0.112404 0.01127342 0.2416199
v 0.2648542 0.288151 0.2880535
v 0.3482759 0.5587423 0.2830772
v 0.01501822 -0.3480537 0.1930407
v -0.1561932 -0.7310151 0.1053967
v 0.1099925 0.001478359 0.2726474
v 0.2144626 0.2928382 0.3335103
v 0.339942 0.5416618 0.3554677
v 0.4018295 0.78729 0.325352
v 0.01333123 -0.3693072 0.2511979
v -0.1363977 -0.7473933 0.121653
v 0.1511043 -0.02933438 0.3114263
v 0.2122462 0.2833214 0.3665767
v 0.2842693 0.5461586 0.4052866
v 0.3933959 0.7709684 0.4057226
v 0.4413334 0.9968175 0.3564431
v 0.03417033 -0.3853879 0.2683108
v -0.08199363 -0.7690659 0.1086697
v 0.149945 -0.05007309 0.3723522
v 0.2567831 0.2534962 0.4084637
v 0.2822169 0.5367912 0.4419898
v 0.331842 0.7751605 0.4604083
v 0.4329271 0.981989 0.4437702
v 0.4707215 1.196233 0.3792497
v 0.0909031 -0.4066105 0.255357
v -0.04071921 -0.8013234 0.1378921
v 0.172071 -0.06571596 0.3905238
v 0.2562647 0.233356 0.4734384
v 0.3324682 0.5075509 0.4891214
v 0.3299921 0.766214 0.5011848
v 0.366305 0.9857451 0.5026256
v 0.4623237 1.183155 0.4727604
v 0.495484 1.394123 0.3983718
v 0.4870689 1.382637 0.4965836
v 0.5226436 1.598344 0.420054
v 0.3912136 1.186516 0.5353531
v 0.3646903 0.9776191 0.5469561
v 0.3866594 0.7383897 0.5542092
v 0.3327185 0.4877361 0.5612943
v 0.5143038 1.588007 0.5198528
v 0.5590631 1.815574 0.4503745
v 0.4125602 1.38578 0.5620577
v 0.3897986 1.179347 0.5828413
v 0.427047 0.9523985 0.605198
v 0.5510327 1.805885 0.5470626
v 0.6194088 2.04837 0.5036866
v 0.4387095 1.591168 0.5862736
v 0.4112839 1.379476 0.6119449
v 0.6124511 2.039621 0.5866193
v 0.7122564 2.167937 0.5929158
v 0.4778644 1.809237 0.6114217
v 0.7089331 2.163219 0.6421154
v 0.8145058 2.194358 0.6843395
v 0.5497231 2.042953 0.6419085
v 0.437521 1.585479 0.6369717
v 0.4571712 1.157051 0.645687
v 0.671942 2.163502 0.6752075
v 0.8145058 2.194358 0.6843395
v 0.4767363 1.803888 0.660539
v 0.4824215 1.359679 0.6782459
v 0.5487168 2.03811 0.6840345
v 0.5099757 1.567294 0.7044684
v 0.6717574 2.161305 0.7002339
v 0.8145058 2.194358 0.6843395
v 0.546925 1.786409 0.7259222
v 0.6087866 2.021984 0.7400199
v 0.7082545 2.155469 0.7332829
v 0.8145058 2.194358 0.6843395
v 0.4599962 1.141894 0.7392183
v 0.4858098 1.346334 0.7765248
v 0.513634 1.555227 0.8043544
v 0.5505123 1.775031 0.8226933
v 0.6117805 2.011657 0.8230093
v 0.4290934 0.9352216 0.6924755
v 0.7108583 2.151281 0.7826204
v 0.8145058 2.194358 0.6843395
v 0.3878067 0.7194735 0.6344453
v 0.5523803 1.545986 0.8362512
v 0.5880451 1.766141 0.8535906
v 0.6439055 2.003448 0.8494601
v 0.5238607 1.336284 0.8078495
v 0.730337 2.148532 0.7982475
v 0.8145058 2.194358 0.6843395
v 0.4960499 1.130581 0.768894
v 0.4624877 0.9224263 0.7199515
v 0.4181851 0.7053559 0.659426
v 0.3596908 0.4728974 0.5834616
v 0.280202 0.2182172 0.4931028
v 0.2316759 -0.08629733 0.3775977
v 0.3439502 0.1983691 0.480071
v 0.4306872 0.4535159 0.5698433
v 0.4972817 0.6869814 0.6451756
v 0.5486516 0.9058054 0.7052509
v 0.1343099 -0.4382777 0.2861771
v -0.01330221 -0.8115573 0.1296489
v 0.2777122 -0.1170973 0.4103917
v 0.1628845 -0.4482954 0.2778802
v 0.01784444 -0.8063316 0.07865234
v 0.3936954 0.1685673 0.5156364
v 0.4866722 0.4243106 0.6100224
v 0.1949568 -0.4430902 0.2251441
v 0.07142782 -0.8249664 0.05916811
v 0.3077145 -0.1268086 0.4020237
v 0.2507711 -0.4613248 0.2054189
v 0.08582079 -0.8213496 0.03263268
v 0.4257612 0.1592065 0.5070912
v 0.3409285 -0.1216604 0.3471262
v 0.5602663 0.6592009 0.6905429
v 0.265564 -0.4577362 0.1779598
v 0.07025594 -0.7931609 -0.01797571
v 0.3994943 -0.1393287 0.3270935
v 0.460717 0.1642814 0.4489537
v 0.5223584 0.4151744 0.6009615
v 0.2488246 -0.4300226 0.1251529
v 0.09579885 -0.7841406 -0.07149451
v 0.4147804 -0.1357955 0.2984873
v 0.5232666 0.1472595 0.4283282
v 0.560638 0.4202464 0.5368479
v 0.5999975 0.6505433 0.6809168
v 0.2750171 -0.4210937 0.06973588
v 0.08632957 -0.7693968 -0.09634046
v 0.3965929 -0.1087945 0.2429573
v 0.5393147 0.1507254 0.3980081
v 0.6301997 0.4036427 0.5147778
v 0.2648889 -0.4066011 0.04379198
v 0.03577393 -0.7394717 -0.1084515
v 0.4235867 -0.1000265 0.1851831
v 0.5191555 0.176902 0.3385437
v 0.211943 -0.377248 0.03067883
v 0.01666218 -0.7110656 -0.1552594
v 0.4126461 -0.08590946 0.1578796
v 0.1915326 -0.3493277 -0.01821047
v -0.01477891 -0.6933436 -0.1605957
v 0.6419618 0.6554548 0.6101224
v 0.6477275 0.4070887 0.4813116
v 0.5474083 0.1854778 0.2772588
v 0.3567525 -0.0573878 0.1435324
v 0.1586255 -0.3319474 -0.02408149
v -0.05963593 -0.685693 -0.124645
v 0.719355 0.6397295 0.5864583
v 0.624465 0.4327949 0.4149816
v 0.5353541 0.1991605 0.2479955
v 0.3347405 -0.03019308 0.09206593
v 0.1120847 -0.3245068 0.01286284
v -0.112278 -0.6574498 -0.1300492
v 0.7385207 0.643051 0.5494741
v 0.6552222 0.4412958 0.3472814
v 0.4752605 0.2267273 0.231982
v 0.3000256 -0.01330851 0.08553717
v 0.0570212 -0.2968135 0.006705794
v -0.1354807 -0.6537778 -0.1107485
v 0.03295404 -0.2932455 0.02654882
v 0.251408 -0.006150702 0.1237205
v 0.1933584 0.02074708 0.1166386
v 0.1682251 0.02417566 0.1371577
v 0.4510496 0.2530833 0.1768036
v 0.6413926 0.4547291 0.3146107
v 0.4137543 0.2693987 0.1693989
v 0.2997667 0.3022228 0.2012209
v 0.2730657 0.3054943 0.2227896
v 0.3620857 0.2762378 0.2095118
v 0.5741053 0.4817122 0.2960121
v 0.3778075 0.5555846 0.2594763
v 0.3482759 0.5587423 0.2830772
v 0.5463744 0.5075857 0.2343889
v 0.5046469 0.5235519 0.2256607
v 0.4474804 0.5301625 0.2695259
v 0.4345148 0.7843288 0.2994851
v 0.4018295 0.78729 0.325352
v 0.5124184 0.7601849 0.3115294
v 0.5757115 0.7539775 0.2634811
v 0.622401 0.7388104 0.2737065
v 0.6541007 0.7141597 0.3425589
v 0.4767413 0.9941553 0.3286399
v 0.4413334 0.9968175 0.3564431
v 0.5618639 0.9722944 0.3425257
v 0.6304494 0.9667094 0.2909065
v 0.6814952 0.9529744 0.302499
v 0.5085396 1.193859 0.3497089
v 0.4707215 1.196233 0.3792497
v 0.6000373 1.174511 0.3651881
v 0.6733077 1.169535 0.3103629
v 0.5351263 1.391935 0.3674884
v 0.495484 1.394123 0.3983718
v 0.6314256 1.37467 0.3841222
v 0.5628721 1.596197 0.3887313
v 0.5226436 1.598344 0.420054
v 0.7167654 0.9306152 0.3777038
v 0.7281999 1.15738 0.3231444
v 0.7082407 1.370099 0.3268177
v 0.660795 1.580189 0.4057918
v 0.5980024 1.813353 0.4200234
v 0.5590631 1.815574 0.4503745
v 0.7666113 1.137627 0.4039743
v 0.7660291 1.35926 0.3404688
v 0.7387516 1.57573 0.3476775
v 0.6928294 1.797797 0.43654
v 0.6527888 2.0462 0.4776073
v 0.6194088 2.04837 0.5036866
v 0.8067878 1.341778 0.4255475
v 0.7975222 1.565691 0.3616446
v 0.7682889 1.793211 0.380228
v 0.7340035 2.031718 0.491652
v 0.7319653 2.167928 0.5773355
v 0.7122564 2.167937 0.5929158
v 0.8145058 2.194358 0.6843395
v 0.7807096 2.162903 0.5853407
v 0.8145058 2.194358 0.6843395
v 0.7986876 2.027257 0.4432615
v 0.8188984 2.163656 0.5565459
v 0.8145058 2.194358 0.6843395
v 0.8252032 1.783469 0.3937523
v 0.847429 2.018198 0.4547881
v 0.8481688 2.161007 0.5632634
v 0.8145058 2.194358 0.6843395
v 0.8695333 2.15482 0.6057198
v 0.8145058 2.194358 0.6843395
v 0.8819122 2.004226 0.5266302
v 0.8655393 1.768233 0.4775801
v 0.9168609 2.151189 0.6197693
v 0.8145058 2.194358 0.6843395
v 0.9606793 1.988973 0.5504188
v 0.8391383 1.549726 0.4481757
v 0.9575197 1.751814 0.5054538
v 0.9275684 2.148445 0.6423302
v 0.8145058 2.194358 0.6843395
v 0.9341161 1.532786 0.4769586
v 0.9779487 1.981729 0.5884761
v 0.9001651 1.323466 0.4537202
v 0.9777228 1.743912 0.5498585
v 0.9085178 2.145073 0.6879091
v 0.8145058 2.194358 0.6843395
v 0.9447989 1.977848 0.6652147
v 0.9549592 1.524501 0.5227953
v 0.855284 1.117082 0.4304472
v 0.9268949 2.14042 0.7337197
v 0.8145058 2.194358 0.6843395
v 0.9391083 1.739458 0.639279
v 0.9205735 1.314391 0.4987893
v 0.7991882 0.9073948 0.4018675
v 0.974274 1.964043 0.7423086
v 0.9150378 1.519559 0.6150885
v 0.8745072 1.106825 0.47327
v 0.729444 0.6885212 0.3640769
v 0.8168246 0.8957843 0.441717
v 0.7452759 0.6757214 0.4005694
v 0.8811044 1.308729 0.5896653
v 0.9736037 1.72438 0.7292219
v 0.8366117 1.100279 0.5599123
v 0.7117529 0.6675503 0.4754452
v 0.7809877 0.8883363 0.5228146
v 0.9506189 1.50373 0.7079307
v 0.8109281 0.8661108 0.6035994
v 0.8693404 1.080647 0.6466836
v 0.915913 1.291368 0.6809632
v 0.7903821 0.8630784 0.6436306
v 0.8475677 1.077986 0.6894315
v 0.8932049 1.289084 0.7257875
v 0.9276342 1.501764 0.7534488
v 0.9513679 1.722645 0.7733235
v 0.70617 0.8772951 0.6685868
v 0.757327 1.090589 0.7155774
v 0.7984135 1.30041 0.7528917
v 0.8313393 1.512402 0.7808416
v 0.6610821 0.8728004 0.7451602
v 0.7094661 1.086655 0.7973067
v 0.7484417 1.297073 0.8385656
v 0.6178254 0.8806298 0.7552287
v 0.6630929 1.093593 0.8077896
v 0.5884602 1.115855 0.7537507
v 0.6209829 1.323085 0.7923138
v 0.6997168 1.3033 0.8493915
v 0.6510698 1.533646 0.8206193
v 0.731226 1.515438 0.8787546
v 0.6835995 1.754033 0.8384339
v 0.7807305 1.509605 0.8678309
v 0.7612414 1.736494 0.8947464
v 0.725769 1.992088 0.8363401
v 0.809172 1.730756 0.8841573
v 0.7922308 1.975879 0.8845369
v 0.7791837 2.145532 0.7901983
v 0.8145058 2.194358 0.6843395
v 0.8581375 1.733138 0.799874
v 0.8332964 1.970485 0.8753945
v 0.8194101 2.140468 0.81869
v 0.8145058 2.194358 0.6843395
v 0.8753088 1.972446 0.8030486
v 0.8438839 2.139238 0.81315
v 0.8145058 2.194358 0.6843395
v 0.955191 1.962559 0.7801598
v 0.8683086 2.140932 0.7700089
v 0.8145058 2.194358 0.6843395
v 0.915855 2.139206 0.7562549
v 0.8145058 2.194358 0.6843395
v 0.8145058 2.194358 0.6843395
v -0.463072 -0.637609 0.06815659
v -0.4856469 -0.6405433 -0.01371391
v -0.5789216 -0.0952202 0.006075085
v -0.5514122 -0.09163581 0.08779792
v -0.5037488 -0.6436687 0.1425529
v -0.6605226 0.3651056 0.01613533
v -0.5883719 -0.09815499 0.165534
v -0.4898326 -0.6418236 0.183264
v -0.6310916 0.3685575 0.09867877
v -0.5719846 -0.09594484 0.2060317
v -0.412426 -0.630897 0.2164001
v -0.771695 1.08854 0.1123383
v -0.7990619 1.086685 0.02540656
v -0.9253634 1.636636 0.04834571
v -0.6670925 0.3607911 0.1782723
v -0.4917511 -0.08359059 0.2352711
v -0.3802413 -0.6265763 0.294885
v -0.8118273 1.077189 0.1934282
v -0.8946913 1.639198 0.1395852
v -0.6497225 0.3629825 0.2191316
v -0.454732 -0.07847375 0.3130593
v -0.3401068 -0.620904 0.309249
v -1.003387 2.139197 0.1535204
v -1.038751 2.133819 0.05377172
v -1.12645 2.693146 0.02278934
v -0.9355723 1.627938 0.2259852
v -0.7953644 1.078684 0.2365743
v -0.5678391 0.3765381 0.2474668
v -0.413264 -0.07206351 0.3253792
v -0.2662116 -0.6102265 0.2687967
v -1.090521 2.701627 0.1335008
v -1.172177 3.427009 -0.04318633
v -0.7117803 1.093977 0.2694561
v -0.9173593 1.629795 0.2712234
v -1.047372 2.132823 0.2497178
v -0.5288545 0.381718 0.3258563
v -0.3407423 -0.06024702 0.2801462
v -0.1854654 -0.5987948 0.2923635
v -0.6743488 1.098001 0.3524677
v -0.4865824 0.3887714 0.33766
v -0.8283079 1.645974 0.3043126
v -0.2576399 -0.04735203 0.2994474
v -0.1493145 -0.593562 0.2696509
v -0.4139066 0.4022228 0.2904499
v -0.6311055 1.106035 0.3665223
v -0.2223099 -0.04156704 0.2743332
v -0.134475 -0.5911484 0.1860641
v -0.3292926 0.4164484 0.3086064
v -0.2120782 -0.0391781 0.1886862
v -0.06584816 -0.5811828 0.1370526
v -1.026469 2.135988 0.2990931
v -0.7871743 1.650742 0.3912479
v -0.5543004 1.123237 0.3206693
v -0.2939503 0.4230523 0.2824661
v -0.1454314 -0.02820537 0.1349929
v -0.06083024 -0.5803111 0.09432198
v -0.9272687 2.150723 0.3333194
v -0.4675491 1.139592 0.3431878
v -0.2852084 0.4262704 0.1952608
v -0.1428253 -0.0273969 0.09134376
v -0.1162341 -0.5879828 0.03040517
v -0.4300714 1.14812 0.3176249
v -0.2186811 0.4388298 0.1395121
v -0.2025978 -0.03623712 0.02973006
v -0.1113563 -0.5869755 -0.05437703
v -0.4177964 1.154298 0.2275642
v -0.2168819 0.4400113 0.09511199
v -0.2025768 -0.03544522 -0.05655568
v -0.1413251 -0.5911405 -0.08500972
v -0.3469491 1.170694 0.1727106
v -0.278657 0.4305728 0.03357899
v -0.2346729 -0.04022636 -0.08588652
v -0.2253729 -0.6031512 -0.0811174
v -0.3434077 1.173306 0.1267499
v -0.4443417 1.725251 0.1936511
v -0.51809 1.70858 0.2534658
v -0.2803127 0.4320081 -0.05409497
v -0.3194816 -0.05364931 -0.07706577
v -0.2837702 -0.6112772 -0.1382787
v -0.4049248 1.163804 0.06017271
v -0.3134116 0.4268777 -0.08332073
v -0.3818708 -0.06296542 -0.1316723
v -0.3346959 -0.6185713 -0.1327417
v -0.5292338 1.702803 0.3490324
v -0.4416227 1.727613 0.1449239
v -0.4032808 1.167907 -0.03082612
v -0.3991856 0.4118901 -0.07284591
v -0.4330393 -0.07109334 -0.1231602
v -0.3798212 -0.6252601 -0.06433874
v -0.5684018 1.694089 0.3769517
v -0.5081524 1.717192 0.07606819
v -0.4363821 1.162626 -0.06261995
v -0.4634702 0.4018786 -0.1272205
v -0.474743 -0.07831002 -0.05123105
v -0.4627728 -0.6371485 -0.05013229
v -0.6606683 1.676861 0.3551049
v -0.508533 1.720734 -0.02023543
v -0.5151575 0.3927837 -0.1176731
v -0.5578668 -0.09156072 -0.03210787
v -0.4856469 -0.6405433 -0.01371391
v -0.5789216 -0.0952202 0.006075085
v -0.5560337 0.3842907 -0.04387381
v -0.6399107 0.3694261 -0.02301162
v -0.6605226 0.3651056 0.01613533
v -0.7762894 1.092869 -0.01434567
v -0.7990619 1.086685 0.02540656
v -0.6887748 1.111058 -0.03238297
v -0.6437035 1.123142 -0.1071834
v -0.9021308 1.64278 0.005908281
v -0.9253634 1.636636 0.04834571
v -1.038751 2.133819 0.05377172
v -0.810085 1.661572 -0.01501082
v -0.5898818 1.134188 -0.1148209
v -0.7641646 1.673563 -0.09505461
v -0.5254828 1.144569 -0.05557313
v -0.7075275 1.684989 -0.1043893
v -0.5442438 1.714983 -0.05300839
v -0.6381633 1.696257 -0.04331975
v -0.7991714 2.169037 -0.119517
v -0.8619004 2.159767 -0.1079679
v -0.911776 2.152512 -0.01877203
v -0.7214211 2.180641 -0.05381815
v -0.6173451 2.19603 -0.06649509
v -1.013593 2.137475 0.006457785
v -1.097028 2.692938 -0.02846508
v -1.12645 2.693146 0.02278934
v -0.98337 2.700874 -0.05326264
v -1.135889 3.424358 -0.09550985
v -1.172177 3.427009 -0.04318633
v -1.169208 4.219574 -0.08287308
v -0.5773178 2.202006 -0.03118229
v -1.011498 3.426039 -0.1117557
v -0.5756631 2.202403 0.07477251
v -0.9253591 2.700662 -0.1499872
v -0.9405812 3.421023 -0.2106011
v -0.9907601 4.214099 -0.1356424
v -1.12423 4.217413 -0.1338818
v -0.855514 2.70575 -0.1610149
v -0.8644829 3.422356 -0.2162622
v -1.08551 4.85154 -0.1145765
v -1.137226 4.853868 -0.06534971
v -0.7713144 2.716338 -0.08669349
v -0.903367 4.209857 -0.2316801
v -0.9464399 4.840933 -0.1043224
v -1.028032 5.376379 -0.06382963
v -1.083112 5.380091 -0.01667602
v -0.7805481 3.430089 -0.1291883
v -0.6555876 2.725134 -0.09803446
v -0.8882957 5.357695 -0.04609694
v -0.9507203 5.841523 -0.002150876
v -1.00491 5.847173 0.04200058
v -0.8223755 4.207928 -0.2283643
v -0.6548865 3.432853 -0.131321
v -0.6122508 2.730673 -0.0581735
v -0.8402511 6.30084 0.07202972
v -0.8865213 6.307359 0.1097538
v -0.7448146 4.208282 -0.1261963
v -0.6116055 3.437014 -0.08466414
v -0.6135625 2.736494 0.05855246
v -0.6230726 3.445208 0.04082745
v -0.5329708 2.747279 0.1422779
v -0.7599245 6.546917 0.1346357
v -0.7968224 6.55258 0.1648034
v -0.6117269 4.205438 -0.1130133
v -0.5009853 2.213565 0.149123
v -0.5033464 2.213292 0.2027815
v -0.5372368 2.749922 0.2013361
v -0.5842608 2.201411 0.2701685
v -0.6771611 6.740652 0.2255946
v -0.6984428 6.743919 0.2429946
v -0.5735928 6.779263 0.3521584
v -0.6241133 6.730018 0.2342822
v -0.5735928 6.779263 0.3521584
v -0.6679417 6.530002 0.1494625
v -0.5433981 3.453622 0.1382212
v -0.5952151 2.19994 0.3755592
v -0.582832 6.724516 0.2018378
v -0.5735928 6.779263 0.3521584
v -0.7252604 6.279112 0.09055895
v -0.5963793 6.518939 0.09344675
v -0.8164631 5.817802 0.01876829
v -0.6381866 2.193623 0.4071574
v -0.5509408 6.718587 0.2090041
v -0.5735928 6.779263 0.3521584
v -0.6355306 6.266319 0.02051216
v -0.7818806 5.350109 -0.1346405
v -0.5410871 6.508663 0.1058716
v -0.7115514 5.806528 -0.06377544
v -0.8463618 4.836159 -0.1967776
v -0.6978695 5.338479 -0.1195671
v -0.7625158 4.829555 -0.1862778
v -0.5664219 6.253045 0.03604181
v -0.5273421 6.711294 0.256143
v -0.5735928 6.779263 0.3521584
v -0.6308993 5.791882 -0.0465162
v -0.691587 4.820985 -0.07310898
v -0.6329808 5.322488 -0.001156795
v -0.5001541 6.498816 0.1871664
v -0.5544507 4.810167 -0.0476518
v -0.5155457 6.238831 0.1376847
v -0.4757102 6.703147 0.2708727
v -0.5735928 6.779263 0.3521584
v -0.4962531 5.303195 0.03182859
v -0.5181122 4.805863 0.01279645
v -0.5715544 5.773392 0.07074549
v -0.4106534 6.482 0.213121
v -0.4408542 5.749109 0.1070161
v -0.4037037 6.216989 0.1701279
v -0.4638524 6.700235 0.2957226
v -0.5735928 6.779263 0.3521584
v -0.3900944 6.476985 0.2562001
v -0.3781597 6.209712 0.2239897
v -0.410941 5.739614 0.1692549
v -0.484164 6.700401 0.346678
v -0.5735928 6.779263 0.3521584
v -0.4252889 6.480554 0.3440374
v -0.4632459 5.295022 0.09490906
v -0.4225275 6.212336 0.3338208
v -0.4637133 6.697084 0.3967622
v -0.5735928 6.779263 0.3521584
v -0.3898535 6.471502 0.4313828
v -0.4626278 5.738815 0.297104
v -0.4755026 6.698439 0.4217705
v -0.5735928 6.779263 0.3521584
v -0.3785517 6.198998 0.4430296
v -0.4102937 6.473813 0.4747474
v -0.5270919 6.705702 0.4376877
v -0.5735928 6.779263 0.3521584
v -0.5128144 5.29271 0.228014
v -0.4109834 5.721102 0.4234778
v -0.4042893 6.200987 0.4972528
v -0.4997213 6.488966 0.5019484
v -0.5593535 4.80529 0.1466793
v -0.5532177 6.710417 0.4853031
v -0.5735928 6.779263 0.3521584
v -0.5717881 4.205782 -0.05830483
v -0.5995212 4.209502 0.07296374
v -0.4946619 4.797321 0.2704964
v -0.5272139 4.210492 0.1859365
v -0.4550192 5.277388 0.3565563
v -0.5196053 4.797369 0.3374623
v -0.5452919 4.212438 0.2518045
v -0.4410182 5.72144 0.4868638
v -0.4841601 5.276819 0.4229196
v -0.5720982 5.740017 0.5278206
v -0.6504681 4.805391 0.3905358
v -0.5531465 3.457626 0.2015228
v -0.5162505 6.219579 0.5312727
v -0.6191918 5.290569 0.469572
v -0.6390097 5.742064 0.6494865
v -0.5450346 6.494496 0.5849116
v -0.6655569 4.216537 0.3129581
v -0.6291729 2.746099 0.2735328
v -0.6851892 5.290432 0.5976945
v -0.5732555 6.224791 0.6350108
v -0.5797768 6.714972 0.4916452
v -0.5735928 6.779263 0.3521584
v -0.6586922 3.459756 0.2713276
v -0.6447716 2.750659 0.3893209
v -0.5910822 6.502392 0.5959074
v -0.7065976 5.751921 0.6661241
v -0.6935644 2.748381 0.4229719
v -0.6861273 3.467203 0.3952007
v -0.7098583 4.220274 0.4413593
v -0.7084341 4.805909 0.5204536
v -0.7729553 4.222198 0.468624
v -0.7551243 5.297744 0.6170905
v -0.6308939 6.234548 0.6487641
v -0.7419701 3.467932 0.4271989
v -0.7765933 4.810088 0.5432909
v -0.8182775 5.775897 0.5887831
v -0.8952011 4.223577 0.4127944
v -0.8618062 3.462466 0.3880235
v -0.8739946 5.317163 0.5410392
v -0.8987104 4.820603 0.4745143
v -0.8067495 2.737828 0.3960118
v -1.02295 4.227185 0.4580888
v -0.7407401 2.17841 0.3852327
v -0.8290777 2.165415 0.442302
v -0.9757651 3.463314 0.4437224
v -0.741133 1.659225 0.4052129
v -0.8803011 2.157812 0.4280459
v -0.9068767 2.732707 0.4562668
v -0.9632926 2.727263 0.4390606
v -1.035251 3.460318 0.4199642
v -1.083003 4.227774 0.4256517
v -1.012146 2.718015 0.3334742
v -1.077968 3.451671 0.3017693
v -1.121114 2.707142 0.2927997
v -1.036084 4.8291 0.5108521
v -1.11364 4.225791 0.2952868
v -1.191678 3.445522 0.2475221
v -1.142602 2.70265 0.2378799
v -1.227058 4.226947 0.2233748
v -1.209596 3.441164 0.1864227
v -1.14366 3.435692 0.07923643
v -1.238176 4.22593 0.1561561
v -1.154696 4.221942 0.05083132
v -1.169208 4.219574 -0.08287308
v -1.137226 4.853868 -0.06534971
v -1.13506 4.849352 0.07556017
v -1.083112 5.380091 -0.01667602
v -1.232044 4.853096 0.1777753
v -1.089138 5.371157 0.1261001
v -1.22683 4.850455 0.2488146
v -1.013872 5.83836 0.1797798
v -1.00491 5.847173 0.04200058
v -0.8865213 6.307359 0.1097538
v -1.19275 5.377191 0.2244464
v -1.115615 5.848135 0.2727177
v -0.8937521 6.302849 0.2279301
v -0.7968224 6.55258 0.1648034
v -1.191469 5.372118 0.2963471
v -1.115473 4.839887 0.3336985
v -0.8023044 6.550627 0.2593175
v -0.6984428 6.743919 0.2429946
v -0.980508 6.314623 0.3077616
v -1.095566 4.834399 0.471825
v -0.7016076 6.742361 0.297575
v -0.5735928 6.779263 0.3521584
v -1.084102 5.352781 0.3876952
v -1.115966 5.842981 0.3424058
v -1.071983 5.342022 0.5281988
v -0.8714641 6.561017 0.3231589
v -1.015109 5.819602 0.4335795
v -0.9806154 6.311688 0.3677441
v -1.014324 5.332237 0.5706412
v -1.007261 5.808189 0.5704376
v -0.9532158 5.796185 0.6131689
v -0.7414947 6.748786 0.3343303
v -0.5735928 6.779263 0.3521584
v -0.894143 6.292165 0.446355
v -0.8713983 6.559516 0.3711315
v -0.8873354 6.28512 0.5644326
v -0.7261392 6.255106 0.5813552
v -0.7414564 6.747919 0.3619997
v -0.5735928 6.779263 0.3521584
v -0.8020641 6.54516 0.4340082
v -0.841199 6.274942 0.6015055
v -0.667402 6.517718 0.5419892
v -0.7014688 6.739232 0.3983285
v -0.5735928 6.779263 0.3521584
v -0.7963224 6.541202 0.5284442
v -0.7593423 6.533664 0.5580972
v -0.6981545 6.737357 0.4527339
v -0.5735928 6.779263 0.3521584
v -0.6768252 6.733008 0.4698371
v -0.5735928 6.779263 0.3521584
v -0.6238015 6.723014 0.4606697
v -0.5735928 6.779263 0.3521584
v -0.5735928 6.779263 0.3521584
v -0.3563876 -0.5614126 -0.0532086
v -0.3527041 -0.5823604 -0.1130921
v -0.2128501 -0.06184058 -0.2748103
v -0.2175289 -0.04338268 -0.2120106
v -0.4018396 -0.535912 -0.01684569
v -0.09776187 0.442347 -0.4047126
v -0.2654174 -0.0205045 -0.1734143
v -0.4018396 -0.5257733 0.0137273
v -0.1034062 0.4582359 -0.3386354
v -0.006547451 0.9286869 -0.50792
v -0.2658459 -0.01158884 -0.1413726
v -0.3563876 -0.5244932 0.05812211
v -0.1540233 0.478424 -0.2976371
v -0.01319587 0.9420955 -0.4374219
v 0.05953198 1.395795 -0.5920365
v -0.2190892 -0.01091637 -0.09533178
v -0.3527041 -0.5055081 0.1186567
v -0.1548514 0.4860772 -0.2639401
v -0.06743419 0.9597402 -0.393367
v 0.05161696 1.406998 -0.5139405
v 0.107242 1.842295 -0.6556097
v -0.2160979 0.005742187 -0.03192872
v -0.3284582 -0.5056467 0.1398609
v -0.1064219 0.4861053 -0.2159287
v -0.06864393 0.9661722 -0.3574291
v -0.00871259 1.422535 -0.4648885
v 0.09801602 1.850992 -0.5691918
v 0.1423249 2.266515 -0.6982599
v -0.1911215 0.005378245 -0.00996551
v -0.268097 -0.5249983 0.1353367
v -0.1040394 0.5003605 -0.1492831
v -0.01760107 0.9655173 -0.3065551
v -0.01033741 1.427875 -0.4250883
v 0.03100526 1.864118 -0.51473
v 0.131968 2.272331 -0.6047487
v 0.1664239 2.666785 -0.7242639
v -0.128138 -0.01224125 -0.01535328
v -0.2180517 -0.526825 0.1744592
v -0.07813811 0.4997553 -0.126403
v -0.01571739 0.9774427 -0.2355043
v 0.04570031 1.426443 -0.369009
v 0.02896726 1.868217 -0.4706965
v 0.05920916 2.282579 -0.545701
v 0.1550964 2.669651 -0.6245192
v 0.1830753 3.041338 -0.7357737
v 0.1710213 3.041444 -0.6313308
v 0.1976188 3.388223 -0.7329029
v 0.07725625 2.676894 -0.5614796
v 0.05681407 2.285256 -0.4980582
v 0.09059482 1.865918 -0.4088451
v 0.04721582 1.436272 -0.2903435
v 0.185278 3.386125 -0.6269782
v 0.2153581 3.705436 -0.7158198
v 0.08931422 3.045813 -0.5653121
v 0.07456106 2.678117 -0.5106634
v 0.1232462 2.282081 -0.4312588
v 0.2033578 3.70215 -0.6132739
v 0.2497728 3.990453 -0.675359
v 0.1022589 3.38807 -0.5600395
v 0.08639722 3.04568 -0.5121029
v 0.2394705 3.987541 -0.5873519
v 0.3107369 4.114258 -0.6064705
v 0.1228996 3.702559 -0.5484912
v 0.3042184 4.112415 -0.5507868
v 0.4127496 4.195448 -0.4900681
v 0.1704097 3.98767 -0.53176
v 0.09924495 3.38686 -0.5060745
v 0.1452819 2.674105 -0.4394735
v 0.2605224 4.112498 -0.5156128
v 0.4127496 4.195448 -0.4900681
v 0.1199571 3.700776 -0.4962468
v 0.1603993 3.040959 -0.4375709
v 0.167883 3.986102 -0.4869224
v 0.1743028 3.381714 -0.4304663
v 0.2589237 4.111506 -0.4872432
v 0.4127496 4.195448 -0.4900681
v 0.1926426 3.695658 -0.4230272
v 0.2302695 3.98183 -0.4240771
v 0.2983968 4.108802 -0.4474798
v 0.4127496 4.195448 -0.4900681
v 0.1459939 2.676059 -0.3390681
v 0.1609642 3.040328 -0.3324381
v 0.1747726 3.379042 -0.3238389
v 0.1930531 3.691923 -0.3197975
v 0.2306198 3.978563 -0.3354821
v 0.1241695 2.28681 -0.3371193
v 0.2986185 4.106735 -0.3914241
v 0.4127496 4.195448 -0.4900681
v 0.09179389 1.873365 -0.3218282
v 0.2150556 3.376395 -0.28788
v 0.2320648 3.689338 -0.2849733
v 0.264104 3.976411 -0.3055917
v 0.2006761 3.037821 -0.2969921
v 0.3198045 4.105374 -0.3725119
v 0.4127496 4.195448 -0.4900681
v 0.1839375 2.673819 -0.3052109
v 0.159801 2.284899 -0.3053468
v 0.1248336 1.871807 -0.2924029
v 0.07724011 1.435075 -0.2636541
v 0.01160884 0.9765721 -0.2112786
v -0.01210314 0.4839013 -0.132611
v 0.08190668 0.9623471 -0.2183378
v 0.1550331 1.422086 -0.2718205
v 0.2109079 1.860243 -0.3016936
v 0.2529975 2.275123 -0.3155608
v -0.07651943 -0.0143466 0.02511275
v -0.1878176 -0.5371365 0.1703274
v 0.04148501 0.4814894 -0.09050364
v -0.04494572 -0.02371597 0.0204588
v -0.1580005 -0.5625477 0.120291
v 0.138494 0.9595729 -0.1737937
v 0.2172526 1.418805 -0.2227781
v -0.01316333 -0.04635954 -0.03230058
v -0.09927839 -0.5838103 0.1085414
v 0.07461148 0.4730812 -0.09566945
v 0.04821277 -0.06564356 -0.04524334
v -0.085823 -0.5965301 0.0821849
v 0.173779 0.9520553 -0.1795227
v 0.1085262 0.4532835 -0.1514222
v 0.2794141 1.856403 -0.247647
v 0.06260794 -0.07696308 -0.07300995
v -0.1090029 -0.6088656 0.02431468
v 0.172967 0.4360206 -0.1655607
v 0.210396 0.9349718 -0.2391996
v 0.256317 1.411973 -0.2292972
v 0.03925645 -0.08757974 -0.133412
v -0.08582306 -0.6335533 -0.0294593
v 0.1883737 0.4261411 -0.1948827
v 0.2790756 0.9195871 -0.2547048
v 0.2972856 1.397207 -0.29556
v 0.3226518 1.850361 -0.2549877
v 0.06417256 -0.1095208 -0.1900173
v -0.0992785 -0.6391027 -0.05819347
v 0.1646297 0.4173078 -0.2581971
v 0.295749 0.9110833 -0.2860744
v 0.3733565 1.383287 -0.3130706
v 0.05054939 -0.1142668 -0.2199878
v -0.1580005 -0.629074 -0.08032005
v 0.1913978 0.3981933 -0.3179349
v 0.2711118 0.9040058 -0.353431
v -0.01035184 -0.1048619 -0.2425485
v -0.1847943 -0.6391761 -0.134678
v 0.1774832 0.3942819 -0.3493329
v -0.03751963 -0.1134782 -0.2992308
v -0.2210752 -0.6322167 -0.1460474
v 0.368357 1.83824 -0.3284244
v 0.3920448 1.375965 -0.3478893
v 0.3001665 0.8875956 -0.4173098
v 0.1139603 0.4030646 -0.3725321
v -0.07517922 -0.1069965 -0.3107579
v -0.268097 -0.6079555 -0.1148212
v 0.4525838 1.826005 -0.3480464
v 0.3653385 1.370541 -0.4223509
v 0.285673 0.8845093 -0.450698
v 0.08617473 0.395992 -0.4319021
v -0.1246321 -0.08519249 -0.2775283
v -0.3284583 -0.5951418 -0.1300118
v 0.4734607 1.820029 -0.3866253
v 0.3979779 1.356465 -0.4932288
v 0.218334 0.892767 -0.4750135
v 0.04686517 0.4019945 -0.4436991
v -0.1873392 -0.0733221 -0.2928024
v -0.3527041 -0.5823604 -0.1130921
v -0.2128501 -0.06184058 -0.2748103
v -0.005326927 0.4212794 -0.4083305
v -0.07082796 0.4321983 -0.4238518
v -0.09776187 0.442347 -0.4047126
v 0.1893597 0.8872229 -0.5381371
v 0.3822174 1.354165 -0.5301278
v 0.1476637 0.892809 -0.550455
v 0.02228731 0.9197958 -0.5285081
v -0.006547451 0.9286869 -0.50792
v 0.09180509 0.9097185 -0.5123929
v 0.3079469 1.362169 -0.5567175
v 0.09158241 1.387939 -0.6149772
v 0.05953198 1.395795 -0.5920365
v 0.2764109 1.358089 -0.6264706
v 0.2304011 1.363436 -0.6399029
v 0.1683277 1.378393 -0.5974786
v 0.142823 1.835625 -0.6810932
v 0.107242 1.842295 -0.6556097
v 0.2275832 1.826704 -0.6619891
v 0.2964823 1.813982 -0.7091249
v 0.3472792 1.80892 -0.6944177
v 0.3817296 1.811344 -0.617359
v 0.1809431 2.261266 -0.7258972
v 0.1423249 2.266515 -0.6982599
v 0.2725952 2.253217 -0.7053888
v 0.347366 2.243175 -0.7565142
v 0.4022792 2.238533 -0.7406985
v 0.2077284 2.66302 -0.7537733
v 0.1664239 2.666785 -0.7242639
v 0.3055055 2.65594 -0.7319772
v 0.3854705 2.648702 -0.7865688
v 0.2264246 3.038997 -0.7666783
v 0.1830753 3.041338 -0.7357737
v 0.3288767 3.032918 -0.7438696
v 0.2416602 3.387087 -0.7642371
v 0.1976188 3.388223 -0.7329029
v 0.4392326 2.23913 -0.6573953
v 0.4440433 2.644536 -0.7697467
v 0.4127959 3.028371 -0.8010427
v 0.3456532 3.381988 -0.7410811
v 0.2580391 3.705073 -0.7461434
v 0.2153581 3.705436 -0.7158198
v 0.483248 2.643299 -0.6809295
v 0.4741624 3.024708 -0.7834368
v 0.4309094 3.379722 -0.7990481
v 0.3587793 3.700829 -0.7236965
v 0.2864076 3.990257 -0.7013801
v 0.2497728 3.990453 -0.675359
v 0.515097 3.021802 -0.6904431
v 0.493195 3.376569 -0.7811781
v 0.441401 3.700032 -0.7797927
v 0.3728754 3.986829 -0.6821072
v 0.3339165 4.114134 -0.6229346
v 0.3107369 4.114258 -0.6064705
v 0.4127496 4.195448 -0.4900681
v 0.3886262 4.111965 -0.6107401
v 0.4127496 4.195448 -0.4900681
v 0.4437931 3.986368 -0.7302439
v 0.4334972 4.111673 -0.6411971
v 0.4127496 4.195448 -0.4900681
v 0.5017366 3.69735 -0.762475
v 0.4955807 3.984192 -0.7153762
v 0.466264 4.110297 -0.6317902
v 0.4127496 4.195448 -0.4900681
v 0.4880594 4.107789 -0.5821938
v 0.4127496 4.195448 -0.4900681
v 0.5300276 3.980228 -0.6369903
v 0.5418717 3.692689 -0.6711445
v 0.540899 4.10544 -0.5635118
v 0.4127496 4.195448 -0.4900681
v 0.6135397 3.976516 -0.6074637
v 0.5346627 3.372419 -0.6868532
v 0.6391689 3.688132 -0.6367499
v 0.5517693 4.104134 -0.5372725
v 0.4127496 4.195448 -0.4900681
v 0.635107 3.367168 -0.6513553
v 0.6307199 3.974452 -0.5659928
v 0.6140655 3.015857 -0.6554646
v 0.6591856 3.685708 -0.5884305
v 0.5276427 4.103032 -0.4866439
v 0.4127496 4.195448 -0.4900681
v 0.5925884 3.97271 -0.4859751
v 0.6557899 3.365027 -0.6014513
v 0.5777218 2.636706 -0.6475113
v 0.5459313 4.10051 -0.4336745
v 0.4127496 4.195448 -0.4900681
v 0.6147625 3.683862 -0.4951907
v 0.6344852 3.014391 -0.6062647
v 0.5278199 2.231943 -0.6259927
v 0.6214931 3.968724 -0.4022582
v 0.6099784 3.364623 -0.5051295
v 0.5972834 2.636142 -0.600521
v 0.4636979 1.803651 -0.5881901
v 0.5462646 2.232368 -0.5819207
v 0.4809026 1.805061 -0.5474235
v 0.5894547 3.016466 -0.5112829
v 0.6484405 3.679198 -0.3976481
v 0.5544803 2.641246 -0.5098159
v 0.4443798 1.816478 -0.4689087
v 0.5063989 2.24068 -0.4969082
v 0.6447839 3.360604 -0.4043861
v 0.5375184 2.242145 -0.4079424
v 0.5874412 2.640609 -0.4149542
v 0.6238334 3.013905 -0.4119591
v 0.5147578 2.246544 -0.3661651
v 0.5630233 2.643378 -0.3703768
v 0.5981576 3.01513 -0.3652794
v 0.6186705 3.360562 -0.3570486
v 0.6231213 3.67841 -0.3518263
v 0.4235165 2.256698 -0.3447776
v 0.4655629 2.651326 -0.3474886
v 0.4959566 3.020928 -0.3412999
v 0.5148861 3.364471 -0.3327512
v 0.3737346 2.265713 -0.2652414
v 0.4121906 2.657126 -0.2626162
v 0.4398577 3.02368 -0.2524239
v 0.3269076 2.270773 -0.2572181
v 0.3621806 2.661142 -0.2540193
v 0.2834525 2.66595 -0.3161833
v 0.3050091 3.031829 -0.3084951
v 0.3874209 3.026673 -0.2434151
v 0.3209922 3.372077 -0.299523
v 0.4045974 3.366799 -0.2334995
v 0.3347026 3.686242 -0.2962161
v 0.4578434 3.364711 -0.2426244
v 0.4156727 3.681176 -0.2322733
v 0.3522011 3.973995 -0.315232
v 0.467262 3.679735 -0.2410927
v 0.4216988 3.969792 -0.2603476
v 0.3755452 4.103845 -0.3786115
v 0.4127496 4.195448 -0.4900681
v 0.5225637 3.680993 -0.3283317
v 0.4659795 3.968678 -0.2679125
v 0.4195176 4.101186 -0.3438851
v 0.4127496 4.195448 -0.4900681
v 0.5134482 3.969936 -0.3427792
v 0.447535 4.10048 -0.3486715
v 0.4127496 4.195448 -0.4900681
v 0.5997601 3.967963 -0.3629345
v 0.4775692 4.101277 -0.3960411
v 0.4127496 4.195448 -0.4900681
v 0.5321803 4.100028 -0.4087938
v 0.4127496 4.195448 -0.4900681
v 0.4127496 4.195448 -0.4900681
v 0.6654836 4.102485 -0.258346
v 0.7524379 4.116741 -0.1534903
v 0.6497179 4.10857 -0.06923606
v 0.5627636 4.094313 -0.1740917
v 0.56547 4.117354 -0.3778481
v 0.46275 4.109182 -0.2935939
v 0.4722866 4.163085 -0.4870189
v 0.3695666 4.154914 -0.4027647
v 0.6276997 4.224801 -0.4282182
v 0.655507 4.245139 -0.4062196
v 0.6707562 4.215146 -0.2963578
v 0.5856365 4.161254 -0.3630567
v 0.5839123 4.186375 -0.2368055
v 0.5439663 4.208915 -0.4755996
v 0.5473756 4.159863 -0.2656306
v 0.5074342 4.14174 -0.4064887
v 0.4758244 4.212269 -0.5079137
v 0.4636421 4.143977 -0.313012
v 0.4143493 4.14615 -0.4505893
v 0.3976668 4.147222 -0.3442993
v 0.4386443 4.149445 -0.4509804
v 0.3473576 4.210386 -0.3741981
v 0.3664166 4.211302 -0.4404413
v 0.4114917 4.14814 -0.3566065
v 0.5180883 4.14826 -0.397675
v 0.3262155 4.221487 -0.2828531
v 0.4990293 4.147344 -0.3314318
v 0.3903496 4.159241 -0.2652614
v 0.3280874 4.243918 -0.2431974
v 0.4778872 4.158445 -0.2400867
v 0.3958493 4.215386 -0.1752158
v 0.477262 4.182478 -0.2024408
v 0.2142195 4.27022 -0.5091135
v 0.1424528 4.34822 -0.5571651
v 0.2321191 4.365417 -0.6595052
v 0.3038857 4.287417 -0.6114537
v 0.3070689 4.182349 -0.4438924
v 0.3967351 4.199546 -0.5462324
v 0.4051656 4.136651 -0.3656232
v 0.4948319 4.153848 -0.4679633
v 0.6325633 4.194524 -0.6247057
v 0.7411045 4.248226 -0.7037106
v 0.825784 4.214165 -0.6109999
v 0.7285593 4.156007 -0.5342426
v 0.505597 4.169734 -0.5586768
v 0.5731639 4.130315 -0.4509835
v 0.3801553 4.172557 -0.4693104
v 0.4534554 4.133453 -0.3653156
v 0.2917108 4.226501 -0.3230821
v 0.2708157 4.256604 -0.3142987
v 0.2302997 4.313393 -0.3937828
v 0.2898005 4.227674 -0.4187947
v 0.2838803 4.32804 -0.477948
v 0.3699777 4.178802 -0.331697
v 0.3112501 4.28861 -0.4894532
v 0.368063 4.179964 -0.4274141
v 0.4354646 4.15387 -0.3333136
v 0.3895169 4.240911 -0.498068
v 0.457784 4.145818 -0.4296241
v 0.4529241 4.21677 -0.4996332
v 0.4175281 4.133059 -0.4215738
v 0.5407176 4.184402 -0.4010062
v 0.4907553 4.154934 -0.3627302
v 0.4887073 4.175041 -0.4761039
v 0.3754175 4.194627 -0.4827244
v 0.6061905 4.236094 -0.4468399
v 0.4253798 4.224095 -0.5210003
v 0.5541803 4.226731 -0.5219377
v 0.6265017 4.275785 -0.4580254
v 0.4908527 4.275785 -0.5668341
v 0.5996547 4.32115 -0.5441175
v 0.5124503 4.314489 -0.5747911
v 0.4382292 4.134875 -0.4139194
v 0.5105754 4.222625 -0.5050187
v 0.5271243 4.176303 -0.4484155
v 0.4171099 4.209409 -0.4903445
v 0.353538 4.188968 -0.3872577
v 0.4916936 4.296335 -0.5738755
v 0.3369891 4.235289 -0.4438608
v 0.398228 4.28312 -0.5592014
v 0.486407 4.343366 -0.5876507
v 0.3181072 4.309 -0.5127177
v 0.3862375 4.385777 -0.5913101
v 0.3166387 4.355261 -0.5264256
v 0.4025749 4.277499 -0.6845425
v 0.4231735 4.363715 -0.7848476
v 0.5501885 4.335922 -0.7806152
v 0.5295899 4.249707 -0.6803102
v 0.3825912 4.203467 -0.5521545
v 0.5096061 4.175675 -0.5479221
v 0.3685106 4.160452 -0.4120566
v 0.4955255 4.13266 -0.4078242
v 0.4498284 4.11065 -0.1535138
v 0.4352565 4.124733 -0.02993171
v 0.3081394 4.158104 -0.05006214
v 0.3227113 4.14402 -0.1736442
v 0.471426 4.104674 -0.3063158
v 0.3443089 4.138045 -0.3264463
v 0.5026664 4.142121 -0.4415115
v 0.3755492 4.175492 -0.4616419
v 0.2190634 4.13168 -0.2478288
v 0.1182873 4.174459 -0.1882927
v 0.05060607 4.226868 -0.2970418
v 0.1314852 4.184482 -0.3518693
v 0.3473669 4.11232 -0.3132071
v 0.2900148 4.165769 -0.4311172
v 0.4845226 4.128151 -0.3815274
v 0.4210696 4.18144 -0.4963706
v 0.7256378 4.156413 -0.448275
v 0.8553486 4.18764 -0.4173063
v 0.8332306 4.148436 -0.2920434
v 0.7035199 4.117209 -0.3230121
v 0.5717944 4.150564 -0.4766046
v 0.5496765 4.111361 -0.3513417
v 0.4243817 4.175716 -0.4947617
v 0.4022638 4.136512 -0.3694988
vn -0.7853564 0.5052136 -0.3577353
vn -0.7725477 0.5066683 -0.3826974
vn -0.7798452 0.49004 -0.3894899
vn -0.7926813 0.4890922 -0.3639303
vn -0.8001056 0.4998271 -0.3316685
vn -0.7971625 0.4494379 -0.4031595
vn -0.8080885 0.4831555 -0.3369774
vn -0.8693618 0.23101 0.4368576
vn -0.8090926 0.4501812 -0.3777646
vn -0.8201441 0.3875441 -0.4209197
vn -0.8736121 0.2215037 0.4332874
vn -0.8616266 0.2218101 0.4565083
vn -0.8249355 0.4429916 -0.3510554
vn -0.8301948 0.3926745 -0.3957062
vn -0.8410805 0.315438 -0.4394115
vn -0.8657321 0.2132358 0.4528117
vn -0.8507271 0.2033488 0.4846779
vn -0.8830656 0.1966997 0.4260332
vn -0.8467709 0.3818284 -0.3703864
vn -0.8504769 0.3252367 -0.4134129
vn -0.8546294 0.2555603 -0.4519928
vn -0.8540761 0.1938402 0.4826801
vn -0.3134932 -0.2259435 0.9223186
vn -0.8751012 0.1913728 0.4444933
vn -0.8964956 0.1547579 0.4151453
vn -0.8679824 0.3103197 -0.3876962
vn -0.8645929 0.2667686 -0.4258095
vn -0.863943 0.2051979 -0.4598873
vn -0.3119341 -0.2227839 0.9236149
vn -0.2933118 -0.235105 0.9266573
vn -0.862904 0.1711284 0.4755122
vn -0.8881143 0.1551611 0.4326407
vn -0.9088027 0.1077757 0.4030658
vn -0.8820623 0.2511269 -0.3986243
vn -0.8744782 0.2162021 -0.4342172
vn -0.8692495 0.1674798 -0.4651408
vn -0.291894 -0.2310986 0.9281117
vn -0.2630081 -0.2534352 0.9309121
vn -0.3081517 -0.2189658 0.9257951
vn -0.8760309 0.1324332 0.4637147
vn -0.8999406 0.113514 0.4209769
vn -0.9146132 0.07615571 0.3970931
vn -0.8912146 0.2015978 -0.4063186
vn -0.8807925 0.1768045 -0.4392547
vn -0.8697641 0.1597374 -0.4668986
vn -0.8827441 0.1643863 -0.4401591
vn -0.8655385 0.1870609 -0.4645981
vn -0.8969191 0.1644969 -0.4104594
vn -0.9170234 0.05454159 0.3950865
vn -0.9058771 0.08383079 0.4151615
vn -0.8869141 0.08811523 0.4534524
vn -0.8801618 0.1845879 -0.4373128
vn -0.8501096 0.2633598 -0.4560212
vn -0.8983452 0.157072 -0.4102492
vn -0.9181696 0.04299862 0.3938474
vn -0.9084332 0.062464 0.4133369
vn -0.8682472 0.2504682 -0.428267
vn -0.7584901 0.5164691 -0.3974323
vn -0.8947225 0.1845901 -0.4066917
vn -0.9171902 0.05520317 0.3946071
vn -0.7785822 0.5096647 -0.3661309
vn -0.4889826 0.8505478 -0.1935574
vn -0.8807158 0.2610148 -0.3952355
vn -0.4390656 0.8799885 -0.1812229
vn 0.09173778 0.9934177 0.06859551
vn -0.7864677 0.5171774 -0.3376332
vn -0.9127657 0.09435051 0.3974376
vn -0.90894 0.04928552 0.4140038
vn -0.4792168 0.8552601 -0.1971836
vn 0.09173778 0.9934177 0.06859551
vn -0.8987879 0.1750011 0.4019392
vn -0.9066806 0.05659908 0.4180034
vn -0.8114827 0.4265365 0.3994526
vn -0.9012409 0.08824876 0.4242369
vn -0.4990193 0.7835337 0.3702091
vn 0.09173778 0.9934177 0.06859551
vn -0.8875987 0.1577172 0.4327746
vn -0.8007566 0.3987986 0.4469324
vn -0.4596964 0.8318565 0.3109563
vn 0.09173778 0.9934177 0.06859551
vn -0.8932398 0.0314162 0.4484815
vn -0.8912309 0.04448238 0.4513634
vn -0.8861987 0.08395416 0.4556352
vn -0.8708527 0.1645512 0.4631831
vn -0.789183 0.4051541 0.4615631
vn -0.8929303 0.04084221 0.4483386
vn -0.5005389 0.785831 0.3632224
vn 0.09173778 0.9934177 0.06859551
vn -0.8912107 0.0593228 0.4496936
vn -0.2716598 -0.06241518 0.9603673
vn -0.2618245 0.02102595 0.9648865
vn -0.2291824 0.2442877 0.9422309
vn -0.2771802 -0.1169447 0.9536746
vn -0.0697394 0.6620538 0.7462046
vn 0.09173778 0.9934177 0.06859551
vn -0.2822711 -0.1584821 0.9461535
vn -0.2887435 -0.1879214 0.9387826
vn -0.2977552 -0.2132185 0.9305266
vn -0.3050717 -0.2287011 0.9244605
vn -0.3066706 -0.2248908 0.924866
vn -0.2892172 -0.2244341 0.9305819
vn -0.2888523 -0.225069 0.9305419
vn -0.2870387 -0.2242563 0.931299
vn -0.2795232 -0.2071669 0.9375226
vn -0.2700532 -0.1815905 0.9455666
vn -0.2597312 -0.2502034 0.9327047
vn 0.4729735 -0.5197242 0.7114654
vn -0.2557265 -0.2441912 0.9354008
vn 0.4781431 -0.5079713 0.7164806
vn 0.4945932 -0.5215364 0.6952535
vn -0.2550538 -0.246823 0.9348936
vn -0.2514258 -0.2479898 0.9355673
vn 0.5002907 -0.5094655 0.7001101
vn 0.5173013 -0.5264873 0.674693
vn 0.4896061 -0.4842738 0.7250964
vn 0.5237395 -0.5146794 0.6788241
vn 0.901338 -0.4317314 -0.03460858
vn 0.4990464 -0.4653304 0.7310406
vn 0.511682 -0.4842773 0.709688
vn -0.2417381 -0.229763 0.9427469
vn 0.9059753 -0.4222979 -0.02955164
vn 0.9054013 -0.4195251 -0.06517039
vn 0.5348769 -0.4903651 0.6880761
vn 0.521258 -0.4618497 0.7176245
vn 0.508957 -0.4406185 0.7394716
vn 0.9101918 -0.4095684 -0.06168139
vn 0.9064549 -0.4127724 -0.08921072
vn 0.9149773 -0.4029207 -0.02171138
vn 0.543042 -0.4705451 0.6954802
vn 0.5324433 -0.4338563 0.7268238
vn 0.5250416 -0.3948149 0.7539579
vn 0.9110143 -0.4033526 -0.08578775
vn 0.6509415 -0.02735267 -0.758635
vn 0.9194253 -0.3894643 -0.0545409
vn 0.9209311 -0.3893785 -0.01644016
vn 0.5540856 -0.4451315 0.7034538
vn 0.6515829 -0.02926731 -0.7580127
vn 0.6408558 -0.01689534 -0.7674753
vn 0.919468 -0.3854084 -0.07771095
vn 0.926257 -0.3737005 -0.04894863
vn 0.640139 -0.0175779 -0.768058
vn 0.6259385 -0.007135018 -0.7798398
vn 0.6502712 -0.0349446 -0.7588981
vn 0.6253121 -0.008802451 -0.7803251
vn -0.1117734 0.397648 -0.9107046
vn 0.549044 -0.3871635 0.7407127
vn 0.9281814 -0.3720342 -0.008363107
vn 0.9246843 -0.3740434 -0.07106656
vn 0.6379265 -0.02184588 -0.7697874
vn -0.1164691 0.3840683 -0.9159293
vn -0.1417182 0.4103364 -0.9008552
vn 0.5716238 -0.3986404 0.7171695
vn 0.9342653 -0.3540697 -0.04222635
vn 0.6443489 -0.05276649 -0.7629091
vn 0.6238963 -0.01624853 -0.7813382
vn -0.147968 0.3974681 -0.9056073
vn -0.1469654 0.4102973 -0.9000319
vn 0.9422619 -0.3348455 0.004588258
vn 0.9313231 -0.3584139 -0.06462815
vn 0.6321574 -0.0367176 -0.7739695
vn -0.1297574 0.3514289 -0.9271789
vn -0.1533359 0.3968932 -0.9049662
vn -0.7725477 0.5066683 -0.3826974
vn -0.7798452 0.49004 -0.3894899
vn -0.1619149 0.3657379 -0.9165257
vn -0.1664382 0.3631698 -0.9167367
vn -0.7971625 0.4494379 -0.4031595
vn 0.618639 -0.03695507 -0.7848057
vn 0.6400144 -0.07306869 -0.7648808
vn -0.1489249 0.299632 -0.9423598
vn -0.1842141 0.3096102 -0.9328487
vn -0.8201441 0.3875441 -0.4209197
vn -0.1804257 0.3168799 -0.9311464
vn 0.626905 -0.0539024 -0.7772289
vn -0.203035 0.2475414 -0.9473648
vn -0.8410805 0.315438 -0.4394115
vn 0.6126894 -0.05925316 -0.7880995
vn -0.1661264 0.2388261 -0.9567466
vn -0.1986546 0.2593692 -0.9451264
vn -0.2150425 0.1981377 -0.956294
vn -0.8546294 0.2555603 -0.4519928
vn -0.2104491 0.2111152 -0.9545373
vn -0.1760667 0.1907492 -0.9657201
vn 0.6134197 -0.06527561 -0.7870549
vn 0.6278215 -0.0581252 -0.7761841
vn -0.2222378 0.1575239 -0.9621832
vn -0.863943 0.2051979 -0.4598873
vn -0.2176203 0.1699716 -0.9611197
vn -0.1829059 0.1516245 -0.9713678
vn 0.6170617 -0.062975 -0.7843909
vn -0.2274983 0.1277006 -0.9653689
vn -0.8692495 0.1674798 -0.4651408
vn -0.2213142 0.1379467 -0.9653967
vn -0.1869072 0.1226154 -0.9746954
vn -0.2294626 0.1246593 -0.9653015
vn -0.8697641 0.1597374 -0.4668986
vn -0.220553 0.1296323 -0.9667222
vn -0.227222 0.1529879 -0.9617509
vn -0.8655385 0.1870609 -0.4645981
vn 0.631643 -0.05558494 -0.7732641
vn 0.6198245 -0.05544988 -0.782779
vn -0.1867258 0.1196733 -0.9750958
vn -0.2158156 0.1503133 -0.9647951
vn -0.2182948 0.2271182 -0.9490862
vn -0.8501096 0.2633598 -0.4560212
vn 0.6362166 -0.04966866 -0.76991
vn 0.6232387 -0.03208381 -0.7813733
vn -0.1831047 0.1479632 -0.9718949
vn -0.2045237 0.2134539 -0.9553049
vn -0.1778955 0.4761157 -0.8612009
vn -0.7584901 0.5164691 -0.3974323
vn 0.642635 -0.03116626 -0.7655383
vn 0.627599 0.009466298 -0.7784793
vn -0.1708939 0.2219852 -0.9599572
vn -0.1584374 0.4540555 -0.8767732
vn -0.04647316 0.8235338 -0.5653604
vn -0.4889826 0.8505478 -0.1935574
vn 0.09173778 0.9934177 0.06859551
vn -0.07511816 0.8540942 -0.5146653
vn 0.09173778 0.9934177 0.06859551
vn -0.1332604 0.4556026 -0.8801522
vn -0.06866241 0.8179531 -0.5711727
vn 0.09173778 0.9934177 0.06859551
vn 0.633177 0.08493959 -0.7693323
vn 0.6256533 0.3049712 -0.7180185
vn 0.5417458 0.7049101 -0.4578354
vn 0.09173778 0.9934177 0.06859551
vn 0.4822985 0.7552128 -0.4438939
vn 0.09173778 0.9934177 0.06859551
vn 0.6678603 0.2618309 -0.6967117
vn 0.659515 0.06619031 -0.7487716
vn 0.529048 0.7057317 -0.4712228
vn 0.09173778 0.9934177 0.06859551
vn 0.6676912 0.2789288 -0.6902081
vn 0.6501362 0.002684613 -0.7598129
vn 0.6702049 0.07652366 -0.7382205
vn 0.7961958 0.6001825 0.07650714
vn 0.09173778 0.9934177 0.06859551
vn 0.6617831 0.001361267 -0.7496942
vn 0.9904784 0.1375651 -0.005332932
vn 0.6560467 -0.04005613 -0.7536565
vn 0.9985589 -0.05093949 -0.01688834
vn 0.7491421 0.6598408 0.0582776
vn 0.09173778 0.9934177 0.06859551
vn 0.9947439 0.09642071 0.03446307
vn 0.9912774 -0.1298053 -0.02279846
vn 0.6507769 -0.06360558 -0.7566002
vn 0.796839 0.5992092 0.07743297
vn 0.09173778 0.9934177 0.06859551
vn 0.9976099 -0.0672558 0.01584684
vn 0.9822201 -0.1856766 -0.02771181
vn 0.6468358 -0.07245575 -0.7591796
vn 0.9902218 0.121544 0.06846822
vn 0.990874 -0.1346125 0.006947371
vn 0.9713219 -0.2353724 -0.03366838
vn 0.6426378 -0.07707943 -0.7622831
vn 0.9592905 -0.2792738 -0.04204461
vn 0.9448529 -0.3230575 -0.05372932
vn 0.9829499 -0.1838723 -0.000739239
vn 0.9970083 -0.05804088 0.051047
vn 0.9731438 -0.2300028 -0.009481221
vn 0.947812 -0.3173032 -0.03116404
vn 0.9617844 -0.2731185 -0.01941798
vn 0.9897051 -0.1369659 0.04152232
vn 0.9571923 -0.2889697 0.01671575
vn 0.9695217 -0.2435726 0.02645907
vn 0.9805496 -0.1931639 0.03478846
vn 0.5887184 -0.3429877 0.7319633
vn 0.6028357 -0.2881776 0.7440046
vn 0.6152135 -0.2298228 0.754118
vn 0.6252806 -0.1679483 0.7621139
vn 0.6357215 -0.08556716 0.7671613
vn 0.565784 -0.3321803 0.7546819
vn 0.5794418 -0.2786292 0.7659066
vn 0.5908942 -0.2236984 0.7751149
vn 0.6001448 -0.1681109 0.7820262
vn 0.5419478 -0.3398522 0.7686306
vn 0.5550967 -0.2854573 0.7812694
vn 0.5656515 -0.2272004 0.7927284
vn -0.2320211 -0.2014727 0.9516171
vn -0.2240853 -0.17002 0.9596244
vn -0.2611588 -0.1534317 0.953024
vn -0.2521116 -0.1161633 0.9607007
vn -0.2166937 -0.1276778 0.9678544
vn -0.2427173 -0.06877422 0.9676561
vn -0.2095148 -0.07290949 0.9750835
vn -0.2294037 0.003047625 0.9733266
vn 0.5742817 -0.1652688 0.8018022
vn -0.196291 0.01035734 0.980491
vn -0.1825683 0.2005408 0.9625239
vn 0.5818771 -0.08270557 0.8090605
vn -0.1625569 0.2180453 0.9623053
vn -0.09307127 0.7329058 0.6739339
vn 0.09173778 0.9934177 0.06859551
vn 0.6090868 -0.09691279 0.7871602
vn 0.5824405 0.1052347 0.8060327
vn -0.07429399 0.6636447 0.7443495
vn 0.09173778 0.9934177 0.06859551
vn 0.620672 0.06698362 0.7812039
vn 0.5177516 0.5792603 0.6295958
vn 0.09173778 0.9934177 0.06859551
vn 0.6421037 0.09660173 0.760507
vn 0.4717411 0.6502625 0.5954991
vn 0.09173778 0.9934177 0.06859551
vn 0.5164538 0.5802759 0.6297264
vn 0.09173778 0.9934177 0.06859551
vn 0.09173778 0.9934177 0.06859551
vn -0.9843816 -0.1564928 -0.0806414
vn -0.9784942 -0.1615949 -0.1282036
vn -0.9809467 -0.1670391 -0.09920407
vn -0.9840605 -0.162486 -0.07227211
vn -0.9860984 -0.1513315 -0.0686199
vn -0.9797906 -0.1795232 -0.08821524
vn -0.9862841 -0.1604244 -0.03882784
vn -0.7035165 -0.133858 0.6979589
vn -0.9819428 -0.1795798 -0.05949367
vn -0.6842922 -0.1336464 0.7168562
vn -0.6758636 -0.1230692 0.726679
vn -0.9770856 -0.2020855 -0.06682254
vn -0.9736592 -0.2024572 -0.1048763
vn -0.9713875 -0.2192038 -0.09141158
vn -0.9827505 -0.1827722 -0.02820938
vn -0.6675158 -0.1256685 0.7339143
vn -0.6630454 -0.1158651 0.739558
vn -0.9773868 -0.2064745 -0.04564272
vn -0.9748784 -0.2120705 -0.06810394
vn -0.6730127 -0.1448589 0.7253067
vn -0.6417304 -0.1190219 0.7576385
vn 0.1069522 -0.01379345 0.9941685
vn -0.9810789 -0.1829335 -0.06339981
vn -0.9789336 -0.1894686 -0.07609659
vn -0.9870519 -0.1174397 -0.1092542
vn -0.9757274 -0.2163216 -0.03407311
vn -0.6789073 -0.1754134 0.7129621
vn -0.6558714 -0.141215 0.7415464
vn 0.1293664 -0.007829168 0.9915659
vn 0.1381041 -0.00173222 0.9904162
vn -0.9888307 -0.1182048 -0.09078253
vn -0.9789945 -0.04410961 -0.1990578
vn -0.6551762 -0.1693068 0.7362604
vn -0.6708819 -0.1883596 0.7172434
vn -0.981591 -0.1902263 -0.01711723
vn -0.6285238 -0.1392676 0.7652205
vn 0.1518934 0.001354476 0.9883959
vn 0.1628606 0.007448271 0.986621
vn -0.6355886 -0.1696732 0.7531521
vn 0.1438766 -0.007354128 0.9895683
vn -0.6505383 -0.176993 0.7385617
vn 0.1863681 0.009983678 0.9824293
vn 0.835983 0.1071745 0.5381879
vn 0.1631331 -0.002999163 0.9865996
vn 0.1316785 -0.02839572 0.9908857
vn 0.8461405 0.1154289 0.52031
vn 0.8505741 0.1171549 0.5126387
vn 0.2020582 0.001844328 0.9793718
vn 0.8580853 0.1231949 0.4985104
vn 0.8637834 0.1249482 0.4881253
vn -0.6730318 -0.1437525 0.7255091
vn -0.6297897 -0.1766268 0.7564178
vn 0.1603168 -0.02029907 0.9868569
vn 0.8520764 0.1287249 0.507342
vn 0.8738794 0.1293745 0.4686119
vn 0.9371173 0.1384079 -0.3203975
vn -0.6533701 -0.1344961 0.7449956
vn 0.1891775 -0.01800225 0.9817779
vn 0.8616925 0.1316485 0.4900558
vn 0.9288288 0.1438153 -0.3414591
vn 0.9243831 0.1442401 -0.353144
vn 0.8442066 0.1271952 0.5207079
vn 0.8803543 0.1336685 0.4550923
vn 0.9180927 0.1480196 -0.36769
vn 0.9148098 0.1485938 -0.3755569
vn 0.8584106 0.1333062 0.495339
vn 0.9208351 0.1612859 -0.3550346
vn 0.9054766 0.1496817 -0.3971242
vn 0.3392628 0.05711986 -0.9389558
vn 0.8727437 0.1336925 0.4695154
vn 0.9119737 0.1611168 -0.3772867
vn 0.3149597 0.0559249 -0.9474559
vn 0.3159648 0.060945 -0.9468114
vn 0.9239895 0.1744405 -0.3403145
vn 0.8762517 0.1158772 0.467713
vn 0.8659332 0.1167 0.4863546
vn 0.8983364 0.157361 -0.4101577
vn 0.3044594 0.05991032 -0.9506394
vn 0.3001688 0.06420978 -0.9517225
vn 0.9118471 0.175626 -0.3710665
vn 0.3008582 0.06635456 -0.9513577
vn 0.2750118 0.05853839 -0.9596571
vn -0.5277687 -0.07920069 -0.8456876
vn 0.8489243 0.1038341 0.5182143
vn 0.9262417 0.1458744 -0.3475586
vn 0.9024568 0.1714986 -0.3951707
vn 0.2919728 0.06572952 -0.9541653
vn -0.5515083 -0.0855284 -0.8297732
vn -0.5695388 -0.07927606 -0.8181325
vn 0.1920939 -0.0292542 0.9809404
vn 0.9133996 0.1536781 -0.3769407
vn 0.3135748 0.07833531 -0.9463268
vn 0.2628759 0.05860016 -0.9630485
vn -0.5759518 -0.08427991 -0.8131276
vn -0.5631914 -0.07224127 -0.8231626
vn 0.1708908 -0.03032463 0.9848232
vn 0.903719 0.1489166 -0.4013923
vn -0.5604486 -0.08822698 -0.8234764
vn -0.5859333 -0.0826899 -0.8061295
vn -0.9784942 -0.1615949 -0.1282036
vn -0.9809467 -0.1670391 -0.09920407
vn -0.5854169 -0.09210681 -0.8054834
vn -0.5925922 -0.09577542 -0.7997884
vn -0.9797906 -0.1795232 -0.08821524
vn -0.5781734 -0.1006728 -0.8096792
vn -0.9736592 -0.2024572 -0.1048763
vn -0.578923 -0.09735077 -0.8095499
vn -0.5461203 -0.09269542 -0.8325624
vn -0.5867003 -0.1185601 -0.8010782
vn -0.9713875 -0.2192038 -0.09141158
vn -0.9789336 -0.1894686 -0.07609659
vn -0.5733207 -0.1125809 -0.8115596
vn 0.276649 0.07078125 -0.9583608
vn -0.5556191 -0.1179728 -0.8230248
vn 0.2961088 0.07759421 -0.9519973
vn 0.2687494 0.04755478 -0.9620355
vn 0.3057233 0.04834016 -0.9508925
vn 0.2996652 0.05679515 -0.9523524
vn 0.26071 -0.01461914 -0.9653065
vn -0.5681965 -0.1324679 -0.8121607
vn -0.5735024 -0.125461 -0.8095398
vn 0.3040499 0.0007744539 -0.9526559
vn 0.2994327 -0.00848743 -0.9540797
vn -0.5993285 -0.137056 -0.7886832
vn -0.5802896 -0.1211844 -0.8053436
vn -0.9870519 -0.1174397 -0.1092542
vn -0.555456 -0.1076768 -0.8245449
vn -0.5146011 -0.06845181 -0.8546929
vn -0.9789945 -0.04410961 -0.1990578
vn -0.9522912 0.02131826 -0.3044455
vn 0.907832 0.07913885 -0.4117987
vn -0.5004178 -0.05183622 -0.8642309
vn 0.9190361 0.09037215 -0.3836736
vn -0.5492836 -0.1066412 -0.8288034
vn -0.4836883 -0.04479258 -0.8740934
vn -0.4128531 0.02895995 -0.9103371
vn -0.4234233 0.01001754 -0.9058766
vn 0.287277 -0.05717817 -0.9561394
vn 0.357348 -0.0505229 -0.9326038
vn -0.3410059 0.08997884 -0.9357451
vn -0.9194373 0.09171264 -0.3823922
vn 0.3343374 -0.04052259 -0.9415819
vn -0.3909961 0.03752799 -0.919627
vn -0.3263963 0.105961 -0.9392751
vn -0.2825751 0.1483998 -0.9476966
vn -0.8905991 0.1648298 -0.4238684
vn 0.4038994 -0.03454309 -0.914151
vn 0.3261021 -0.04053501 -0.9444651
vn -0.2640128 0.1558053 -0.9518518
vn -0.2474044 0.1900114 -0.9500982
vn -0.8654898 0.2419133 -0.4386403
vn 0.4485946 -0.009912712 -0.8936804
vn 0.3936251 -0.02566114 -0.9189128
vn 0.9217684 0.01341117 -0.387509
vn -0.2196019 0.2551611 -0.9416304
vn -0.8323687 0.337221 -0.4398232
vn 0.4928531 0.004311109 -0.8701019
vn 0.9468104 -0.02474468 -0.3208391
vn 0.9351549 0.02923773 -0.3530306
vn 0.9618412 -0.008914036 -0.2734632
vn 0.9435739 0.03060436 -0.3297449
vn -0.178467 0.3825998 -0.9065136
vn -0.7766844 0.4654689 -0.4243819
vn 0.4833103 0.01696177 -0.8752849
vn 0.9307801 0.08347851 -0.3559209
vn 0.8841268 0.0776405 0.4607513
vn 0.8741232 0.0391877 0.4841208
vn 0.8745936 0.08537584 0.4772808
vn -0.05600611 0.7176759 -0.6941215
vn -0.5412078 0.7860305 -0.2987477
vn 0.2193591 0.9748224 0.04003682
vn -0.02702593 0.7549028 -0.6552796
vn 0.2193591 0.9748224 0.04003682
vn -0.1873312 0.3476633 -0.9187151
vn 0.9648708 0.000881606 -0.2627233
vn 0.8547493 0.07477675 0.5136265
vn -0.06956296 0.7137888 -0.6968979
vn 0.2193591 0.9748224 0.04003682
vn -0.2086733 0.2313046 -0.9502388
vn -0.136786 0.3788573 -0.9152905
vn -0.2281113 0.1822834 -0.9564193
vn 0.1967215 -0.01960802 0.9802634
vn 0.5679803 0.6089283 -0.553719
vn 0.2193591 0.9748224 0.04003682
vn -0.17489 0.2500715 -0.9523013
vn -0.2450317 0.1643965 -0.9554754
vn 0.6328865 0.2486978 -0.733215
vn -0.2046942 0.194125 -0.959383
vn -0.3061874 0.1139744 -0.9451239
vn 0.580192 0.0399171 -0.8135011
vn 0.5270638 0.02636881 -0.8494165
vn 0.6249781 0.0978823 -0.7744813
vn 0.5820217 0.6300733 -0.5140608
vn 0.2193591 0.9748224 0.04003682
vn 0.611584 0.04645823 -0.7898144
vn 0.5656478 0.03607849 -0.8238574
vn 0.6109193 0.04255506 -0.7905483
vn 0.6456411 0.2160591 -0.7324384
vn 0.5618976 0.04811473 -0.8258063
vn 0.6456009 0.07084531 -0.7603818
vn 0.5625718 0.6058683 -0.562527
vn 0.2193591 0.9748224 0.04003682
vn 0.6152259 0.05301966 -0.786566
vn 0.9875713 -0.07786164 -0.1365301
vn 0.6323754 0.03702905 -0.7737766
vn 0.6630705 0.2449123 -0.7073581
vn 0.6482212 0.04832128 -0.7599174
vn 0.661175 0.09113532 -0.7446758
vn 0.8358213 0.548962 0.006594855
vn 0.2193591 0.9748224 0.04003682
vn 0.9847935 0.172436 -0.02115794
vn 0.9995234 -0.01154823 -0.02862864
vn 0.9954557 -0.0879995 -0.03638715
vn 0.8260008 0.5633309 0.0195217
vn 0.2193591 0.9748224 0.04003682
vn 0.9895225 0.1443792 6.837666E-05
vn 0.9922209 -0.09991813 -0.07425595
vn 0.9993716 -0.0348802 -0.006313235
vn 0.8372643 0.5465596 0.01616091
vn 0.2193591 0.9748224 0.04003682
vn 0.9846265 0.1708074 0.03654431
vn 0.9953078 -0.09407129 -0.02264954
vn 0.5674092 0.5779288 0.5865538
vn 0.2193591 0.9748224 0.04003682
vn 0.9991765 -0.01506288 0.03767508
vn 0.6614191 0.2036216 0.721847
vn 0.568149 0.5987026 0.5645902
vn 0.2193591 0.9748224 0.04003682
vn 0.9943969 -0.09545703 -0.04541736
vn 0.9957551 -0.08704623 0.02991156
vn 0.6558962 0.002566799 0.7548468
vn 0.63604 0.1793267 0.7505298
vn 0.9931485 -0.06843793 -0.094722
vn 0.5571169 0.5829012 0.5914787
vn 0.2193591 0.9748224 0.04003682
vn 0.9729787 -0.05015721 -0.2253813
vn 0.983934 -0.03735927 -0.1745802
vn 0.9954092 -0.05918045 -0.07522101
vn 0.9858069 -0.024442 -0.1660941
vn 0.9958299 -0.09053824 -0.01120598
vn 0.7110547 -0.1510618 0.686718
vn 0.7769737 -0.08610212 0.6236172
vn 0.6451765 -0.1178109 0.7548959
vn 0.6634735 -0.1717078 0.7282302
vn 0.6352499 -0.1215166 0.7626869
vn 0.6922884 -0.1350553 0.7088701
vn 0.8385487 -0.01213949 0.5446914
vn 0.634726 -0.01544497 0.7725829
vn 0.6502452 -0.1626548 0.7421082
vn 0.594125 -0.1053505 0.7974439
vn 0.6163837 0.2080533 0.7594637
vn 0.7532598 -0.06807754 0.6541904
vn 0.8612714 0.0532697 0.5053453
vn 0.6160789 -0.1534688 0.7725893
vn 0.6048757 0.01036986 0.7962523
vn -0.04712717 0.6768723 0.7345904
vn 0.2193591 0.9748224 0.04003682
vn 0.8170709 0.004920935 0.5765162
vn 0.8409604 0.05197321 0.5385947
vn -0.1139091 0.3218738 0.9399053
vn -0.1778276 -0.01151333 0.9839943
vn 0.1648575 -0.001296649 0.9863166
vn 0.8019122 0.01191423 0.597323
vn 0.7371947 -0.0589439 0.6731045
vn 0.6675414 -0.1273269 0.7336051
vn -0.01306978 -0.08821145 0.996016
vn -0.1621818 -0.1118192 0.9804048
vn -0.1573389 0.1350843 0.9782621
vn 0.08935105 -0.02327419 0.9957283
vn -0.1038834 -0.1319279 0.9858009
vn -0.200631 -0.0116131 0.9795981
vn -0.03305443 -0.0665762 0.9972337
vn 0.06498915 -0.005514514 0.9978707
vn -0.176751 -0.1009283 0.9790672
vn -0.1188857 -0.1129824 0.9864588
vn 0.1440398 0.01068088 0.9895142
vn -0.07907246 -0.05846481 0.995153
vn 0.1775106 -0.01437422 0.9840139
vn 0.1378687 -0.02685278 0.9900864
vn 0.02352208 -0.0009449109 0.9997229
vn 0.1364921 -0.04512854 0.9896128
vn -0.6289555 -0.1382377 0.7650525
vn 0.1013156 0.007391249 0.9948269
vn -0.6628249 -0.07635035 0.7448717
vn -0.7276218 -0.04821067 0.6842824
vn -0.7967196 -0.05320529 0.6020025
vn -0.6842993 -0.06632128 0.726179
vn -0.7406789 -0.03140257 0.6711249
vn -0.708881 -0.06780533 0.7020614
vn -0.1687753 -0.1008803 0.9804785
vn -0.804332 -0.03339422 0.593241
vn -0.7714824 -0.02572501 0.6357304
vn -0.990396 -0.129001 -0.0497439
vn -0.8365147 -0.02173121 0.5475134
vn -0.9874691 -0.06722449 -0.1427785
vn -0.9850604 -0.05088812 -0.1645187
vn -0.9677078 -0.008658765 -0.2519259
vn -0.9642951 0.01040494 -0.2646255
vn -0.9522912 0.02131826 -0.3044455
vn -0.9194373 0.09171264 -0.3823922
vn -0.9331081 0.08004396 -0.3505743
vn -0.8905991 0.1648298 -0.4238684
vn -0.9414559 0.06341835 -0.3311177
vn -0.9023989 0.1547217 -0.4021661
vn -0.8806465 -0.001786628 0.4737707
vn -0.8764244 0.2300488 -0.4230339
vn -0.8654898 0.2419133 -0.4386403
vn -0.8323687 0.337221 -0.4398232
vn -0.9171336 0.145883 -0.3709233
vn -0.8941143 0.2355724 -0.3808745
vn -0.8512273 0.3162982 -0.418769
vn -0.7766844 0.4654689 -0.4243819
vn -0.8994392 0.06053634 0.4328332
vn -0.8542098 -0.01780204 0.5196237
vn -0.8082129 0.429276 -0.4031302
vn -0.5412078 0.7860305 -0.2987477
vn -0.8610297 0.3377665 -0.3801862
vn -0.8456728 -0.03475713 0.5325686
vn -0.4859765 0.8291013 -0.2764378
vn 0.2193591 0.9748224 0.04003682
vn -0.8811035 0.04402148 0.4708702
vn -0.892155 0.1660771 0.4200927
vn -0.8692097 0.03293235 0.4933458
vn -0.8041508 0.4672173 -0.3674908
vn -0.8818634 0.149967 0.4470201
vn -0.8608685 0.2953661 0.414324
vn -0.2253205 -0.08322281 0.9707238
vn -0.8633281 0.1486638 0.4822487
vn -0.2415036 0.009984561 0.9703486
vn -0.5428999 0.7868743 -0.2934085
vn 0.2193591 0.9748224 0.04003682
vn -0.8559781 0.2710556 0.4402618
vn -0.7991639 0.4445369 0.4046282
vn -0.8325421 0.285254 0.4748725
vn -0.1933215 0.1220571 0.9735137
vn -0.5395482 0.7729733 0.3337665
vn 0.2193591 0.9748224 0.04003682
vn -0.8073049 0.4081748 0.4262069
vn -0.2209439 0.1493794 0.9637788
vn -0.1644669 0.2969451 0.9406244
vn -0.4803803 0.8107153 0.3346275
vn 0.2193591 0.9748224 0.04003682
vn -0.7710577 0.4396805 0.4605987
vn -0.1731326 0.3293913 0.9281845
vn -0.5400231 0.7692446 0.3415227
vn 0.2193591 0.9748224 0.04003682
vn -0.05411027 0.6837903 0.7276695
vn 0.2193591 0.9748224 0.04003682
vn -0.009794137 0.7092397 0.7048994
vn 0.2193591 0.9748224 0.04003682
vn 0.2193591 0.9748224 0.04003682
vn -0.8732685 0.08712465 -0.4793865
vn -0.8542587 0.06945872 -0.515187
vn -0.8546268 0.06592174 -0.5150412
vn -0.8741598 0.08282074 -0.4785241
vn -0.8796244 0.09100411 -0.4668823
vn -0.8563602 0.05737738 -0.5131814
vn -0.8810012 0.08635219 -0.4651669
vn -0.8897785 0.330332 0.3149206
vn -0.8760391 0.0724444 -0.4767676
vn -0.8590726 0.04103629 -0.510206
vn -0.8963389 0.306001 0.3208427
vn -0.8743556 0.3378336 0.3483832
vn -0.8833261 0.07438775 -0.4628191
vn -0.8784168 0.05560211 -0.4746496
vn -0.8604639 0.02461959 -0.5089163
vn -0.8807933 0.3133983 0.3549431
vn -0.8656135 0.3396628 0.3678892
vn -0.90762 0.2557275 0.3329103
vn -0.8861695 0.05453539 -0.4601407
vn -0.8798987 0.03890954 -0.4735655
vn -0.8600615 0.01951095 -0.5098172
vn -0.8718486 0.3146703 0.3753166
vn -0.2495611 0.3336113 0.9090779
vn -0.8924322 0.2627962 0.3667464
vn -0.9178932 0.1984985 0.3436138
vn -0.8884717 0.03518806 -0.4575806
vn -0.8796377 0.03186888 -0.4745757
vn -0.8595356 0.01907274 -0.5107199
vn -0.2572871 0.3058743 0.9166484
vn -0.2259818 0.3309258 0.9161988
vn -0.8837175 0.2625321 0.3874537
vn -0.9030313 0.2066827 0.3765858
vn -0.92572 0.1431612 0.3500675
vn -0.8888631 0.0273151 -0.457358
vn -0.8788515 0.02906543 -0.4762093
vn -0.8590273 0.02043784 -0.5115217
vn -0.2329116 0.3036645 0.9238724
vn -0.193994 0.3234787 0.926136
vn -0.2703289 0.2482636 0.9302083
vn -0.8947831 0.2034187 0.397472
vn -0.9110345 0.1524668 0.3831058
vn -0.9301554 0.1021598 0.3526675
vn -0.8885254 0.02424819 -0.4581864
vn -0.8780154 0.0280944 -0.4778071
vn -0.8582847 0.0313339 -0.5122163
vn -0.8769318 0.03552547 -0.4793
vn -0.8571874 0.05778969 -0.5117521
vn -0.8883979 0.02339 -0.4584781
vn -0.9327192 0.0693036 0.3538811
vn -0.9158751 0.1106597 0.3859109
vn -0.902522 0.146432 0.4049837
vn -0.8754015 0.05659976 -0.4800716
vn -0.851989 0.1238833 -0.5086921
vn -0.8883504 0.03254723 -0.4580111
vn -0.9343088 0.04241072 0.3539327
vn -0.9190223 0.07641353 0.3867288
vn -0.8709759 0.1125833 -0.4782531
vn -0.7982762 0.3693902 -0.4757164
vn -0.8880027 0.05776526 -0.4561956
vn -0.9349936 0.03022064 0.3533747
vn -0.8213052 0.3520806 -0.4488842
vn -0.6148028 0.715323 -0.3321604
vn -0.8849154 0.1230012 -0.4492167
vn -0.6175553 0.7152028 -0.3272772
vn 0.03586286 0.9986637 0.03721153
vn -0.8341166 0.3688488 -0.4101221
vn -0.9346423 0.03975223 0.3533603
vn -0.9210695 0.04794962 0.3864348
vn -0.6191418 0.7148018 -0.3251489
vn 0.03586286 0.9986637 0.03721153
vn -0.9306089 0.09646732 0.3530739
vn -0.9220792 0.0327788 0.3856105
vn -0.8749564 0.3444301 0.340322
vn -0.9221402 0.03718168 0.385065
vn -0.652251 0.6966894 0.2986512
vn 0.03586286 0.9986637 0.03721153
vn -0.9190009 0.08391691 0.3852212
vn -0.8676941 0.3272243 0.3742074
vn -0.6501355 0.6958528 0.305144
vn 0.03586286 0.9986637 0.03721153
vn -0.9110466 0.04152212 0.4102074
vn -0.9112787 0.0283759 0.4108114
vn -0.9103556 0.03723148 0.4121487
vn -0.9046237 0.0933797 0.415856
vn -0.8462707 0.3416451 0.4087843
vn -0.9095539 0.06961855 0.4097132
vn -0.6496453 0.6956477 0.3066518
vn 0.03586286 0.9986637 0.03721153
vn -0.9067978 0.1038868 0.408565
vn -0.3055138 -0.002466308 0.9521844
vn -0.3053014 0.05404063 0.9507211
vn -0.2860336 0.3068881 0.9077469
vn -0.3049322 -0.01006011 0.9523209
vn -0.1843391 0.667439 0.7214876
vn 0.03586286 0.9986637 0.03721153
vn -0.303442 0.00541119 0.9528345
vn -0.3010619 0.03671438 0.9528976
vn -0.2977383 0.07488026 0.9517063
vn -0.2918276 0.121861 0.9486762
vn -0.2820046 0.1838119 0.9416404
vn -0.2457718 0.2474005 0.9372242
vn -0.2573781 0.1857809 0.9482837
vn -0.2663203 0.1263818 0.9555632
vn -0.2716373 0.07989604 0.9590775
vn -0.2748726 0.0415436 0.9605827
vn -0.2002617 0.2960274 0.9339502
vn 0.5781221 0.07626653 0.8123781
vn -0.2134416 0.2395656 0.9471278
vn 0.5748405 0.06509691 0.815672
vn 0.5903159 0.07201858 0.8039531
vn -0.225977 0.1763331 0.9580402
vn -0.234787 0.1153119 0.965183
vn 0.5878218 0.06123669 0.8066695
vn 0.6225521 0.05449037 0.780679
vn 0.5693723 0.04026196 0.8210933
vn 0.6206919 0.04434881 0.7827993
vn 0.9640738 -0.2441825 0.1045774
vn 0.5637142 0.007880026 0.8259323
vn 0.5829144 0.03801212 0.811644
vn -0.2397125 0.06921181 0.9683737
vn 0.9675335 -0.2314291 0.1015853
vn 0.9648083 -0.2476395 0.08842905
vn 0.615663 0.02277374 0.7876804
vn 0.5778595 0.008687618 0.81609
vn 0.5583991 -0.02322196 0.8292474
vn 0.9684162 -0.2345767 0.08452182
vn 0.9640974 -0.261045 0.04869878
vn 0.973322 -0.2087234 0.09528241
vn 0.6097644 -0.006242993 0.7925581
vn 0.5740166 -0.01974622 0.8186055
vn 0.5560818 -0.04164254 0.8300837
vn 0.9679323 -0.2473238 0.04402203
vn 0.6265594 -0.3873617 -0.6762945
vn 0.9745407 -0.2103264 0.07767402
vn 0.9766629 -0.1945198 0.09105899
vn 0.6056863 -0.03457569 0.794952
vn 0.634158 -0.3615311 -0.6834757
vn 0.6213349 -0.3860107 -0.6818642
vn 0.974389 -0.2217364 0.03740485
vn 0.9784243 -0.1932702 0.07302431
vn 0.6284232 -0.3600536 -0.6895257
vn 0.5975852 -0.3871999 -0.7021169
vn 0.6461689 -0.3122023 -0.6964161
vn 0.6041716 -0.3612255 -0.7102766
vn -0.1962955 -0.2433621 -0.9498647
vn 0.5728696 -0.03737637 0.8187939
vn 0.9794472 -0.1812291 0.08853919
vn 0.9782668 -0.2045925 0.03370637
vn 0.6406412 -0.3099191 -0.7025162
vn -0.1907385 -0.2249845 -0.9555108
vn -0.2338183 -0.2298627 -0.944718
vn 0.6045002 -0.05038575 0.7950099
vn 0.981708 -0.1774269 0.06905853
vn 0.654471 -0.2718747 -0.7055154
vn 0.6165419 -0.3116236 -0.7230262
vn -0.2290721 -0.2119264 -0.9500596
vn -0.233185 -0.2315809 -0.9444549
vn 0.9836296 -0.1586228 0.08550768
vn 0.9815585 -0.1888134 0.02987447
vn 0.6495891 -0.2676055 -0.7116329
vn -0.1823557 -0.1901222 -0.9646761
vn -0.2291421 -0.2135362 -0.9496822
vn -0.8542587 0.06945872 -0.515187
vn -0.8546268 0.06592174 -0.5150412
vn -0.2203882 -0.1780197 -0.9590297
vn -0.2207463 -0.1803423 -0.9585133
vn -0.8563602 0.05737738 -0.5131814
vn 0.6257072 -0.2710603 -0.7314485
vn 0.6620712 -0.2339298 -0.7119963
vn -0.1770285 -0.1639527 -0.9704537
vn -0.214658 -0.1559379 -0.9641604
vn -0.8590726 0.04103629 -0.510206
vn -0.214046 -0.1515979 -0.9649883
vn 0.6569771 -0.2277537 -0.7186859
vn -0.2105483 -0.13303 -0.9684898
vn -0.8604639 0.02461959 -0.5089163
vn 0.6326346 -0.2328436 -0.7386185
vn -0.1717513 -0.1397464 -0.9751781
vn -0.2087256 -0.126957 -0.9696987
vn -0.2059591 -0.1017586 -0.9732554
vn -0.8600615 0.01951095 -0.5098172
vn -0.2030882 -0.09558725 -0.9744836
vn -0.1660537 -0.1072103 -0.9802715
vn 0.6398191 -0.1872264 -0.7453709
vn 0.6642368 -0.1821144 -0.7249992
vn -0.2016914 -0.06932592 -0.9769926
vn -0.8595356 0.01907274 -0.5107199
vn -0.1981932 -0.06353334 -0.9781017
vn -0.1617797 -0.07348567 -0.984087
vn 0.646157 -0.1415891 -0.7499558
vn -0.1990172 -0.03900779 -0.9792194
vn -0.8590273 0.02043784 -0.5115217
vn -0.194436 -0.03390024 -0.9803293
vn -0.1585434 -0.04210313 -0.986454
vn -0.1975023 -0.004032126 -0.9802941
vn -0.8582847 0.0313339 -0.5122163
vn -0.1912954 -0.001083454 -0.9815319
vn -0.1966696 0.04059951 -0.9796289
vn -0.8571874 0.05778969 -0.5117521
vn 0.6701431 -0.1369652 -0.7294853
vn 0.6506896 -0.09954377 -0.7527909
vn -0.1556964 -0.006321692 -0.9877847
vn -0.1884977 0.03910284 -0.9812949
vn -0.1966527 0.1176236 -0.9733922
vn -0.851989 0.1238833 -0.5086921
vn 0.6744646 -0.09568039 -0.7320811
vn 0.6540998 -0.05463267 -0.7544327
vn -0.1533 0.03889199 -0.9874141
vn -0.1849494 0.1065576 -0.976954
vn -0.1850114 0.365007 -0.9124367
vn -0.7982762 0.3693902 -0.4757164
vn 0.6778728 -0.05294497 -0.7332703
vn 0.6565131 -0.00214157 -0.7543116
vn -0.1487065 0.1162899 -0.9820198
vn -0.1682539 0.3470892 -0.9226157
vn -0.1053184 0.709642 -0.6966465
vn -0.6148028 0.715323 -0.3321604
vn 0.03586286 0.9986637 0.03721153
vn -0.1154466 0.7107546 -0.693902
vn 0.03586286 0.9986637 0.03721153
vn -0.1291529 0.3631871 -0.9227213
vn -0.112843 0.7088901 -0.6962336
vn 0.03586286 0.9986637 0.03721153
vn 0.6557802 0.08051971 -0.7506457
vn 0.6261319 0.331949 -0.7055272
vn 0.517967 0.6824167 -0.5157689
vn 0.03586286 0.9986637 0.03721153
vn 0.5228016 0.6822799 -0.5110504
vn 0.03586286 0.9986637 0.03721153
vn 0.6571723 0.3132683 -0.6855564
vn 0.6812915 0.06813017 -0.7288349
vn 0.512723 0.682902 -0.5203459
vn 0.03586286 0.9986637 0.03721153
vn 0.6679185 0.3297565 -0.6671923
vn 0.6803619 -0.004878566 -0.7328601
vn 0.6917183 0.07801338 -0.7179412
vn 0.7514478 0.6571384 0.05912133
vn 0.03586286 0.9986637 0.03721153
vn 0.6889961 -0.00430058 -0.7247524
vn 0.954492 0.2969395 0.02778542
vn 0.6854155 -0.05660317 -0.7259489
vn 0.9988769 0.04151246 0.02284218
vn 0.7534525 0.6541785 0.06602892
vn 0.03586286 0.9986637 0.03721153
vn 0.9582412 0.2791367 0.06210107
vn 0.9991156 -0.03624608 0.02131274
vn 0.681041 -0.1013101 -0.725203
vn 0.7514834 0.6562055 0.0683169
vn 0.03586286 0.9986637 0.03721153
vn 0.9978824 0.02964857 0.05789323
vn 0.9966463 -0.07919444 0.02060148
vn 0.6761565 -0.1431561 -0.7227162
vn 0.9499809 0.2951089 0.102211
vn 0.9976488 -0.03822247 0.05688596
vn 0.9936012 -0.1109144 0.02132162
vn 0.6699285 -0.1885844 -0.718075
vn 0.9903352 -0.1367859 0.02293245
vn 0.9861501 -0.1638587 0.02565805
vn 0.9954463 -0.07616005 0.05732592
vn 0.9951114 0.03931663 0.0905951
vn 0.9927502 -0.10482 0.05882104
vn 0.9859542 -0.1539554 0.06474673
vn 0.9897816 -0.1287742 0.06123446
vn 0.9957039 -0.03764588 0.08459651
vn 0.9875475 -0.1337601 0.08281487
vn 0.990589 -0.1097679 0.08175845
vn 0.9934251 -0.07953315 0.08234777
vn 0.6040167 -0.06016761 0.7946972
vn 0.6039883 -0.06656892 0.7942082
vn 0.6048834 -0.06143246 0.7939408
vn 0.6060675 -0.03824037 0.7944934
vn 0.6073346 0.02801954 0.7939519
vn 0.5729401 -0.04945561 0.8181038
vn 0.5734779 -0.05815507 0.8171543
vn 0.5748113 -0.05648179 0.8163344
vn 0.5766724 -0.0386981 0.8160585
vn 0.5554194 -0.05393134 0.8298197
vn 0.5548061 -0.06244193 0.8296332
vn 0.5545239 -0.05893802 0.8300781
vn -0.2430992 0.03194401 0.9694753
vn -0.2449902 0.001381676 0.9695246
vn -0.2768031 0.009650709 0.9608782
vn -0.2774101 -0.008084713 0.9607176
vn -0.2452326 -0.0135397 0.9693698
vn -0.2769411 -0.005163992 0.960873
vn -0.2443747 -0.005559651 0.9696649
vn -0.2745046 0.04161096 0.9606851
vn 0.5543839 -0.0369008 0.8314427
vn -0.239996 0.05108324 0.9694289
vn -0.2530021 0.290114 0.9229431
vn 0.5519893 0.02862346 0.8333598
vn -0.2149349 0.3039596 0.9281225
vn -0.1787885 0.6656536 0.7245274
vn 0.03586286 0.9986637 0.03721153
vn 0.5783582 0.01745655 0.8155961
vn 0.5249486 0.2849739 0.8020092
vn -0.1759525 0.6666337 0.7243205
vn 0.03586286 0.9986637 0.03721153
vn 0.5596719 0.268719 0.7839372
vn 0.4395598 0.6493978 0.6205398
vn 0.03586286 0.9986637 0.03721153
vn 0.5855262 0.2840835 0.7592468
vn 0.4441282 0.6471207 0.6196651
vn 0.03586286 0.9986637 0.03721153
vn 0.4469965 0.6494783 0.6151196
vn 0.03586286 0.9986637 0.03721153
vn 0.03586286 0.9986637 0.03721153
vn -0.05038448 0.9981031 0.03537627
vn -0.1128937 0.992746 -0.04135758
vn -0.1128937 0.992746 -0.04135758
vn -0.04974959 0.9981073 0.03615076
vn 0.08083792 0.977786 0.1933902
vn 0.08100998 0.9777313 0.1935947
vn 0.1476716 0.9508264 0.2722542
vn 0.1476716 0.9508264 0.2722542
vn -0.5738022 0.731965 0.3673938
vn -0.6675531 0.6943424 0.2688151
vn -0.5668949 0.8232234 0.03055174
vn -0.4408982 0.8855904 0.146077
vn -0.4393461 0.8798786 -0.1810765
vn -0.3480726 0.7625484 0.5453122
vn -0.3247873 0.9357904 -0.1371479
vn -0.2121904 0.9392871 0.2696568
vn -0.2498706 0.7567297 0.6040902
vn -0.06435304 0.9970819 -0.04106417
vn -0.1088682 0.9393874 0.3251139
vn 0.04889287 0.9988025 -0.001739448
vn 0.353572 0.9283652 0.1145643
vn 0.6711155 0.7292207 0.1335704
vn 0.654088 0.7299678 0.1982824
vn 0.3719229 0.9270456 0.04753801
vn 0.004729127 0.9998735 0.01518731
vn 0.7049035 0.6839031 -0.1881158
vn 0.02321001 0.9985233 -0.04911735
vn 0.4317132 0.8685749 -0.2433134
vn 0.6821355 0.6075835 -0.4068579
vn 0.1081328 0.93179 -0.346518
vn 0.4312303 0.7567549 -0.4912865
vn 0.1598041 0.8332468 -0.5293038
vn 0.4246091 0.755466 0.4989772
vn 0.4483889 0.7301669 0.5155616
vn 0.4483889 0.7301669 0.5155616
vn 0.4243293 0.7557532 0.4987803
vn 0.2947515 0.8660706 0.4037863
vn 0.2942532 0.8664163 0.4034078
vn 0.1818398 0.9312356 0.3158079
vn 0.1818398 0.9312356 0.3158079
vn -0.0448848 0.9127274 0.4060961
vn -0.1221583 0.875561 0.4674081
vn -0.1221583 0.875561 0.4674081
vn -0.05850863 0.9069274 0.4172042
vn 0.1029804 0.9505136 0.2931194
vn 0.1044602 0.9506842 0.2920405
vn 0.1872205 0.9550874 0.2296877
vn 0.1872205 0.9550874 0.2296877
vn 0.698102 0.7159796 -0.005190684
vn 0.8201682 0.5720459 -0.009362113
vn 0.8233352 0.4859589 0.2931946
vn 0.6725929 0.6639223 0.3268425
vn 0.7551445 0.3653489 0.5443133
vn 0.4418118 0.8971053 0.002105723
vn 0.6259007 0.4864778 0.60958
vn 0.4272943 0.8294273 0.3598194
vn 0.3558263 0.9345424 0.004275238
vn 0.3634582 0.6480355 0.6692894
vn 0.3395472 0.8686701 0.3607215
vn 0.2771334 0.6843647 0.6744198
vn -0.1696053 0.8754345 0.452602
vn -0.4501063 0.8695174 0.203332
vn -0.402928 0.8998908 0.16687
vn -0.219132 0.8438665 0.4897657
vn 0.08689934 0.7313232 0.6764723
vn -0.6443258 0.6682074 0.3719451
vn 0.03862291 0.7013267 0.7117929
vn -0.4213704 0.6609244 0.6209879
vn -0.7407987 0.4802341 0.4696728
vn -0.1892289 0.5187612 0.8337141
vn -0.5546526 0.4397113 0.7064096
vn -0.3336163 0.3648694 0.8692356
vn 0.2680578 0.7496365 0.6051365
vn -0.009841006 0.7102957 0.7038347
vn -0.03731208 0.7343638 0.6777297
vn 0.2752054 0.7218221 0.6350078
vn 0.5456576 0.6913573 0.4735852
vn 0.06124721 0.5007265 0.863436
vn 0.5372584 0.6703184 0.5118853
vn 0.3144885 0.5219752 0.7928675
vn 0.09948136 0.3020937 0.9480733
vn 0.5604678 0.4698235 0.6820131
vn 0.3526071 0.3047748 0.8847489
vn 0.5656341 0.2887723 0.7724433
vn 0.1548299 0.7965773 0.5843734
vn 0.1391468 0.7366778 0.6617734
vn 0.1391468 0.7366778 0.6617734
vn 0.1549808 0.7971433 0.5835611
vn 0.1824835 0.8957117 0.4054631
vn 0.1825151 0.8958181 0.4052138
vn 0.1937948 0.9321986 0.3056948
vn 0.1937948 0.9321986 0.3056948
vn 0.2596798 0.9648521 -0.04033463
vn 0.2647205 0.9611393 -0.07832279
vn 0.2647205 0.9611393 -0.07832279
vn 0.259625 0.9648833 -0.03993721
vn 0.2282925 0.9615822 0.152454
vn 0.228174 0.9615104 0.153083
vn 0.1966513 0.9322644 0.3036632
vn 0.1966513 0.9322644 0.3036632
vn 0.3506278 0.9149626 0.199759
vn 0.4694416 0.8781905 0.09168465
vn 0.4694416 0.8781905 0.09168465
vn 0.3852422 0.9070768 0.1697061
vn 0.1722748 0.9287402 0.3282729
vn 0.1713213 0.928715 0.3288427
vn 0.081209 0.921276 0.3803363
vn 0.081209 0.921276 0.3803363
vn -0.1862247 0.9465516 0.2633637
vn -0.2811731 0.9288849 0.2410698
vn -0.2811731 0.9288849 0.2410698
vn -0.1852549 0.9466828 0.2635759
vn 0.0165419 0.9533848 0.3013034
vn 0.01681089 0.9533669 0.3013453
vn 0.1216284 0.9409429 0.3159636
vn 0.1216284 0.9409429 0.3159636
vt 0.9532219 -0.0008411705
vt 1.000841 -0.0008411705
vt 1.000841 0.0824922
vt 0.9532219 0.0824922
vt 0.9056028 -0.0008411705
vt 1.000841 0.1658255
vt 0.9056028 0.0824922
vt 0.8579837 -0.0008411109
vt 0.9532219 0.1658255
vt 1.000841 0.2491589
vt 0.8579837 0.0824922
vt 0.8103647 -0.0008411109
vt 0.9056028 0.1658255
vt 0.9532219 0.2491589
vt 1.000841 0.3324922
vt 0.8103647 0.0824922
vt 0.7627456 -0.0008411109
vt 0.8579837 0.1658255
vt 0.9056028 0.2491589
vt 0.9532219 0.3324922
vt 1.000841 0.4158255
vt 0.7627456 0.0824922
vt 0.7151266 -0.0008411109
vt 0.8103647 0.1658255
vt 0.8579837 0.2491589
vt 0.9056028 0.3324922
vt 0.9532219 0.4158255
vt 1.000841 0.4991589
vt 0.7151266 0.0824922
vt 0.6675075 -0.0008411109
vt 0.7627456 0.1658255
vt 0.8103647 0.2491589
vt 0.8579838 0.3324922
vt 0.9056028 0.4158255
vt 0.9532219 0.4991589
vt 1.000841 0.5824922
vt 0.6675075 0.08249223
vt 0.6198885 -0.0008411109
vt 0.7151266 0.1658255
vt 0.7627456 0.2491589
vt 0.8103647 0.3324922
vt 0.8579838 0.4158255
vt 0.9056028 0.4991589
vt 0.9532219 0.5824922
vt 1.000841 0.6658255
vt 0.9532219 0.6658255
vt 1.000841 0.7491589
vt 0.9056028 0.5824922
vt 0.8579838 0.4991589
vt 0.8103647 0.4158255
vt 0.7627457 0.3324922
vt 0.9532219 0.7491589
vt 1.000841 0.8324922
vt 0.9056028 0.6658255
vt 0.8579838 0.5824922
vt 0.8103647 0.4991589
vt 0.9532219 0.8324922
vt 1.000841 0.9158255
vt 0.9056029 0.7491589
vt 0.8579838 0.6658255
vt 0.9532219 0.9158255
vt 1.000841 0.9579712
vt 0.9056029 0.8324922
vt 0.9532219 0.9579712
vt 1.000841 0.9991589
vt 0.9056029 0.9158255
vt 0.8579838 0.7491589
vt 0.8103647 0.5824922
vt 0.9056029 0.9579712
vt 0.9532219 0.9991589
vt 0.8579838 0.8324922
vt 0.8103647 0.6658255
vt 0.8579838 0.9158255
vt 0.8103647 0.7491589
vt 0.8579838 0.9579711
vt 0.9056029 0.9991589
vt 0.8103647 0.8324922
vt 0.8103647 0.9158255
vt 0.8103647 0.9579711
vt 0.8579838 0.9991589
vt 0.7627457 0.5824922
vt 0.7627457 0.6658255
vt 0.7627457 0.7491589
vt 0.7627457 0.8324922
vt 0.7627457 0.9158255
vt 0.7627457 0.4991589
vt 0.7627457 0.9579711
vt 0.8103647 0.9991589
vt 0.7627457 0.4158255
vt 0.7151266 0.7491589
vt 0.7151266 0.8324921
vt 0.7151266 0.9158255
vt 0.7151266 0.6658255
vt 0.7151266 0.9579712
vt 0.7627457 0.9991589
vt 0.7151266 0.5824922
vt 0.7151266 0.4991589
vt 0.7151266 0.4158255
vt 0.7151266 0.3324922
vt 0.7151266 0.2491589
vt 0.6675075 0.1658256
vt 0.6675076 0.2491589
vt 0.6675076 0.3324922
vt 0.6675076 0.4158255
vt 0.6675076 0.4991589
vt 0.6198885 0.08249223
vt 0.5722694 -0.0008411109
vt 0.6198885 0.1658256
vt 0.5722694 0.08249223
vt 0.5246504 -0.0008411109
vt 0.6198885 0.2491589
vt 0.6198885 0.3324922
vt 0.5246504 0.08249223
vt 0.4770314 -0.0008411407
vt 0.5722695 0.1658256
vt 0.4770314 0.08249223
vt 0.4294123 -0.0008410811
vt 0.5722695 0.2491589
vt 0.5246505 0.1658256
vt 0.6198885 0.4158255
vt 0.4294123 0.08249223
vt 0.3817933 -0.0008411407
vt 0.4770314 0.1658256
vt 0.5246505 0.2491589
vt 0.5722695 0.3324922
vt 0.3817933 0.08249223
vt 0.3341742 -0.0008410811
vt 0.4294123 0.1658256
vt 0.4770314 0.2491589
vt 0.5246505 0.3324922
vt 0.5722695 0.4158255
vt 0.3341742 0.08249223
vt 0.2865552 -0.0008411407
vt 0.3817933 0.1658256
vt 0.4294123 0.2491589
vt 0.4770314 0.3324922
vt 0.2865552 0.08249223
vt 0.2389361 -0.0008410811
vt 0.3341742 0.1658255
vt 0.3817933 0.2491589
vt 0.2389361 0.08249229
vt 0.1913171 -0.0008411407
vt 0.2865552 0.1658256
vt 0.1913171 0.08249223
vt 0.143698 -0.0008410811
vt 0.5246505 0.4158255
vt 0.4294123 0.3324922
vt 0.3341742 0.2491589
vt 0.2389361 0.1658256
vt 0.143698 0.08249229
vt 0.09607899 -0.0008410215
vt 0.4770314 0.4158255
vt 0.3817933 0.3324922
vt 0.2865552 0.2491589
vt 0.1913171 0.1658256
vt 0.09607899 0.08249223
vt 0.04845995 -0.0008410811
vt 0.4294123 0.4158255
vt 0.3341742 0.3324922
vt 0.2389361 0.2491589
vt 0.143698 0.1658256
vt 0.04845995 0.08249229
vt 0.0008408427 -0.0008410215
vt 0.0008408427 0.08249223
vt 0.09607899 0.1658256
vt 0.04845995 0.1658256
vt 0.0008409023 0.1658256
vt 0.1913171 0.2491589
vt 0.2865552 0.3324922
vt 0.143698 0.2491589
vt 0.04845995 0.2491589
vt 0.0008409023 0.2491589
vt 0.09607899 0.2491589
vt 0.2389362 0.3324922
vt 0.04845998 0.3324923
vt 0.0008409023 0.3324923
vt 0.1913171 0.3324923
vt 0.1436981 0.3324923
vt 0.09607902 0.3324922
vt 0.04845998 0.4158255
vt 0.0008409023 0.4158256
vt 0.09607902 0.4158256
vt 0.1436981 0.4158256
vt 0.1913171 0.4158256
vt 0.2389362 0.4158256
vt 0.04845998 0.4991589
vt 0.0008409023 0.4991589
vt 0.09607902 0.4991589
vt 0.1436981 0.4991589
vt 0.1913171 0.4991589
vt 0.04845995 0.5824922
vt 0.0008409023 0.5824922
vt 0.09607902 0.5824922
vt 0.1436981 0.5824922
vt 0.04845995 0.6658256
vt 0.0008409023 0.6658256
vt 0.09607905 0.6658256
vt 0.04846001 0.7491589
vt 0.0008409023 0.7491589
vt 0.2389362 0.4991589
vt 0.1913171 0.5824922
vt 0.143698 0.6658256
vt 0.09607905 0.7491589
vt 0.04846001 0.8324922
vt 0.0008409023 0.8324922
vt 0.2389362 0.5824922
vt 0.1913171 0.6658256
vt 0.1436981 0.7491589
vt 0.09607905 0.8324922
vt 0.04846001 0.9158256
vt 0.0008409619 0.9158256
vt 0.2389362 0.6658256
vt 0.1913171 0.7491589
vt 0.1436981 0.8324922
vt 0.09607905 0.9158256
vt 0.04846 0.9579711
vt 0.0008409619 0.9579712
vt 0.04846001 0.9991589
vt 0.09607905 0.9579711
vt 0.09607905 0.9991589
vt 0.1436981 0.9158256
vt 0.1436981 0.9579712
vt 0.1436981 0.9991589
vt 0.1913171 0.8324922
vt 0.1913171 0.9158256
vt 0.1913171 0.9579712
vt 0.1913171 0.9991589
vt 0.2389362 0.9579712
vt 0.2389362 0.9991589
vt 0.2389362 0.9158256
vt 0.2389362 0.8324922
vt 0.2865552 0.9579712
vt 0.2865552 0.9991589
vt 0.2865552 0.9158256
vt 0.2389362 0.7491589
vt 0.2865552 0.8324922
vt 0.3341743 0.9579713
vt 0.3341743 0.9991589
vt 0.2865552 0.7491589
vt 0.3341743 0.9158256
vt 0.2865552 0.6658256
vt 0.3341743 0.8324922
vt 0.3817933 0.9579712
vt 0.3817933 0.9991589
vt 0.3817933 0.9158256
vt 0.3341743 0.7491589
vt 0.2865552 0.5824922
vt 0.4294124 0.9579712
vt 0.4294124 0.9991589
vt 0.3817933 0.8324922
vt 0.3341743 0.6658256
vt 0.2865552 0.4991589
vt 0.4294124 0.9158256
vt 0.3817933 0.7491589
vt 0.3341742 0.5824922
vt 0.2865552 0.4158255
vt 0.3341742 0.4991589
vt 0.3341742 0.4158255
vt 0.3817933 0.6658256
vt 0.4294124 0.8324922
vt 0.3817933 0.5824922
vt 0.3817933 0.4158255
vt 0.3817933 0.4991589
vt 0.4294124 0.7491589
vt 0.4294123 0.4991589
vt 0.4294123 0.5824922
vt 0.4294124 0.6658256
vt 0.4770314 0.4991589
vt 0.4770314 0.5824922
vt 0.4770314 0.6658256
vt 0.4770314 0.7491589
vt 0.4770314 0.8324922
vt 0.5246505 0.4991589
vt 0.5246505 0.5824922
vt 0.5246505 0.6658256
vt 0.5246505 0.7491589
vt 0.5722695 0.4991589
vt 0.5722695 0.5824922
vt 0.5722695 0.6658256
vt 0.6198885 0.4991589
vt 0.6198885 0.5824922
vt 0.6675076 0.5824922
vt 0.6675076 0.6658255
vt 0.6198885 0.6658255
vt 0.6675076 0.7491589
vt 0.6198885 0.7491589
vt 0.6675076 0.8324922
vt 0.5722695 0.7491589
vt 0.6198885 0.8324922
vt 0.6675076 0.9158256
vt 0.5722695 0.8324922
vt 0.6198885 0.9158256
vt 0.6675075 0.9579711
vt 0.7151267 0.9991589
vt 0.5246505 0.8324922
vt 0.5722696 0.9158256
vt 0.6198885 0.9579712
vt 0.6675076 0.9991589
vt 0.5246505 0.9158256
vt 0.5722696 0.9579712
vt 0.6198886 0.9991589
vt 0.4770314 0.9158256
vt 0.5246506 0.9579712
vt 0.5722696 0.9991589
vt 0.4770314 0.9579711
vt 0.5246505 0.9991589
vt 0.4770314 0.9991589
vt 0.6417469 -0.0008411705
vt 0.6893659 -0.0008411705
vt 0.6893659 0.04082552
vt 0.6417469 0.04082552
vt 0.5941278 -0.0008411705
vt 0.6893659 0.0824922
vt 0.5941278 0.04082552
vt 0.5465087 -0.0008411109
vt 0.6417469 0.0824922
vt 0.5465087 0.04082552
vt 0.4988897 -0.0008411109
vt 0.6417469 0.1658255
vt 0.6893659 0.1658255
vt 0.6893659 0.2491589
vt 0.5941278 0.0824922
vt 0.4988897 0.04082552
vt 0.4512706 -0.0008411109
vt 0.5941278 0.1658255
vt 0.6417469 0.2491589
vt 0.5465087 0.0824922
vt 0.4512706 0.04082552
vt 0.4036516 -0.0008411109
vt 0.6417469 0.3324922
vt 0.6893659 0.3324922
vt 0.6893659 0.4158255
vt 0.5941278 0.2491589
vt 0.5465087 0.1658255
vt 0.4988897 0.0824922
vt 0.4036517 0.04082552
vt 0.3560326 -0.0008411109
vt 0.6417469 0.4158255
vt 0.6893659 0.4991589
vt 0.4988897 0.1658255
vt 0.5465087 0.2491589
vt 0.5941278 0.3324922
vt 0.4512706 0.0824922
vt 0.3560326 0.04082555
vt 0.3084135 -0.0008411109
vt 0.4512706 0.1658255
vt 0.4036517 0.0824922
vt 0.4988897 0.2491589
vt 0.3084135 0.04082555
vt 0.2607945 -0.0008411109
vt 0.3560326 0.08249223
vt 0.4036517 0.1658255
vt 0.2607945 0.04082555
vt 0.2131754 -0.0008411109
vt 0.3084136 0.08249223
vt 0.2131754 0.04082555
vt 0.1655564 -0.0008411407
vt 0.5465088 0.3324922
vt 0.4512706 0.2491589
vt 0.3560326 0.1658256
vt 0.2607945 0.08249223
vt 0.1655564 0.04082555
vt 0.1179373 -0.0008410811
vt 0.4988897 0.3324922
vt 0.3084136 0.1658256
vt 0.2131754 0.08249223
vt 0.1179373 0.04082555
vt 0.0703183 -0.0008411407
vt 0.2607945 0.1658256
vt 0.1655564 0.08249223
vt 0.0703183 0.04082555
vt 0.02269925 -0.0008410811
vt 0.2131755 0.1658256
vt 0.1179373 0.08249223
vt 0.02269925 0.04082555
vt -0.02491979 -0.0008411407
vt 0.1655564 0.1658256
vt 0.0703183 0.08249223
vt -0.02491979 0.04082561
vt -0.07253884 -0.0008410811
vt 0.1179373 0.1658256
vt 0.1655564 0.2491589
vt 0.2131755 0.2491589
vt 0.02269925 0.08249223
vt -0.07253884 0.04082555
vt -0.1201579 -0.0008411407
vt 0.0703183 0.1658256
vt -0.02491979 0.08249223
vt -0.1201579 0.04082561
vt -0.1677769 -0.0008410811
vt 0.2607945 0.2491589
vt 0.1179373 0.2491589
vt 0.02269925 0.1658255
vt -0.07253884 0.08249229
vt -0.1677769 0.04082555
vt -0.215396 -0.0008410215
vt 0.3084136 0.2491589
vt 0.0703183 0.2491589
vt -0.02491979 0.1658256
vt -0.1201579 0.08249223
vt -0.215396 0.04082561
vt -0.263015 -0.0008410811
vt 0.3560326 0.2491589
vt 0.02269925 0.2491589
vt -0.1677769 0.08249229
vt -0.263015 0.04082555
vt -0.3106341 -0.0008410215
vt -0.3106341 0.04082561
vt -0.215396 0.08249223
vt -0.263015 0.08249229
vt -0.3106341 0.08249223
vt -0.263015 0.1658256
vt -0.3106341 0.1658256
vt -0.215396 0.1658256
vt -0.1677769 0.1658256
vt -0.263015 0.2491589
vt -0.3106341 0.2491589
vt -0.3106341 0.3324923
vt -0.215396 0.2491589
vt -0.1201579 0.1658256
vt -0.1677769 0.2491589
vt -0.07253884 0.1658256
vt -0.1201579 0.2491589
vt -0.02491979 0.2491589
vt -0.07253884 0.2491589
vt -0.1201579 0.3324923
vt -0.1677769 0.3324923
vt -0.2153959 0.3324922
vt -0.07253881 0.3324922
vt -0.02491979 0.3324922
vt -0.263015 0.3324923
vt -0.263015 0.4158255
vt -0.3106341 0.4158256
vt -0.2153959 0.4158256
vt -0.263015 0.4991589
vt -0.3106341 0.4991589
vt -0.3106341 0.5824922
vt 0.02269925 0.3324922
vt -0.2153959 0.4991589
vt 0.0703183 0.3324922
vt -0.1677769 0.4158256
vt -0.1677769 0.4991589
vt -0.2153959 0.5824922
vt -0.263015 0.5824922
vt -0.1201579 0.4158256
vt -0.1201579 0.4991589
vt -0.263015 0.6658256
vt -0.3106341 0.6658256
vt -0.07253881 0.4158256
vt -0.1677769 0.5824922
vt -0.2153959 0.6658256
vt -0.263015 0.7491589
vt -0.3106341 0.7491589
vt -0.07253881 0.4991589
vt -0.02491976 0.4158255
vt -0.2153959 0.7491589
vt -0.263015 0.8324922
vt -0.3106341 0.8324922
vt -0.1201579 0.5824922
vt -0.02491976 0.4991589
vt 0.02269928 0.4158255
vt -0.263015 0.9158256
vt -0.310634 0.9158256
vt -0.07253881 0.5824922
vt 0.02269928 0.4991589
vt 0.07031833 0.4158255
vt 0.07031833 0.4991589
vt 0.1179374 0.4158255
vt -0.263015 0.9574922
vt -0.310634 0.9574922
vt -0.02491976 0.5824922
vt 0.1179373 0.3324922
vt 0.1655564 0.3324922
vt 0.1655564 0.4158255
vt 0.2131755 0.3324922
vt -0.263015 0.9783255
vt -0.310634 0.9783257
vt -0.263015 0.9991589
vt -0.2153959 0.9783256
vt -0.2153959 0.9991589
vt -0.2153959 0.9574922
vt 0.1179374 0.4991589
vt 0.2607945 0.3324922
vt -0.1677769 0.9783256
vt -0.1677769 0.9991589
vt -0.2153959 0.9158256
vt -0.1677769 0.9574922
vt -0.2153959 0.8324922
vt 0.3084136 0.3324922
vt -0.1201578 0.9783256
vt -0.1201578 0.9991589
vt -0.1677769 0.9158256
vt -0.1677769 0.7491589
vt -0.1201578 0.9574922
vt -0.1677769 0.8324922
vt -0.1677769 0.6658256
vt -0.1201578 0.7491589
vt -0.1201579 0.6658256
vt -0.1201578 0.9158256
vt -0.07253878 0.9783256
vt -0.07253878 0.9991589
vt -0.1201578 0.8324922
vt -0.07253881 0.6658256
vt -0.07253878 0.7491589
vt -0.07253878 0.9574922
vt -0.02491973 0.6658256
vt -0.07253878 0.9158256
vt -0.02491973 0.9783256
vt -0.02491973 0.9991589
vt -0.02491973 0.7491589
vt 0.02269931 0.6658256
vt -0.07253878 0.8324922
vt -0.02491973 0.9574922
vt -0.02491973 0.8324922
vt -0.02491973 0.9158256
vt 0.02269931 0.9783256
vt 0.02269931 0.9991589
vt 0.02269931 0.9574922
vt 0.02269931 0.9158256
vt 0.02269931 0.8324922
vt 0.07031836 0.9783256
vt 0.07031836 0.9991589
vt 0.07031836 0.9574922
vt 0.02269931 0.7491589
vt 0.07031836 0.9158256
vt 0.1179374 0.9783255
vt 0.1179374 0.9991589
vt 0.1179374 0.9574922
vt 0.07031836 0.8324922
vt 0.1655564 0.9783255
vt 0.1655564 0.9991589
vt 0.1179374 0.9158256
vt 0.1655564 0.9574922
vt 0.2131756 0.9783256
vt 0.2131756 0.9991589
vt 0.07031836 0.7491589
vt 0.1179374 0.8324922
vt 0.1655564 0.9158256
vt 0.2131756 0.9574922
vt 0.07031836 0.6658256
vt 0.2607946 0.9783256
vt 0.2607946 0.9991589
vt 0.02269928 0.5824922
vt 0.07031833 0.5824922
vt 0.1179374 0.6658256
vt 0.1179374 0.5824922
vt 0.1179374 0.7491589
vt 0.1655564 0.6658256
vt 0.1655564 0.5824922
vt 0.1655564 0.8324922
vt 0.1655564 0.7491589
vt 0.2131755 0.8324922
vt 0.2131755 0.6658256
vt 0.1655564 0.4991589
vt 0.2131756 0.9158256
vt 0.2131755 0.7491589
vt 0.2607945 0.8324922
vt 0.2607946 0.9574922
vt 0.2131755 0.5824922
vt 0.2131755 0.4158255
vt 0.2607945 0.7491589
vt 0.2607946 0.9158256
vt 0.3084136 0.9783255
vt 0.3084136 0.9991589
vt 0.2131755 0.4991589
vt 0.2607945 0.4158255
vt 0.3084136 0.9574922
vt 0.3084136 0.8324922
vt 0.3084136 0.4158255
vt 0.2607945 0.4991589
vt 0.2607945 0.5824922
vt 0.2607945 0.6658256
vt 0.3084136 0.5824922
vt 0.3084136 0.7491589
vt 0.3084136 0.9158256
vt 0.3084136 0.4991589
vt 0.3084136 0.6658255
vt 0.3560327 0.8324922
vt 0.3560326 0.5824922
vt 0.3560326 0.4991589
vt 0.3560326 0.7491589
vt 0.3560326 0.6658255
vt 0.3560326 0.4158255
vt 0.4036517 0.5824922
vt 0.3560326 0.3324922
vt 0.4036517 0.3324922
vt 0.4036517 0.4991589
vt 0.4036517 0.2491589
vt 0.4512707 0.3324922
vt 0.4036517 0.4158255
vt 0.4512707 0.4158255
vt 0.4512707 0.4991589
vt 0.4512707 0.5824922
vt 0.4988897 0.4158255
vt 0.4988897 0.4991589
vt 0.5465088 0.4158255
vt 0.4036517 0.6658255
vt 0.4988897 0.5824922
vt 0.5465088 0.4991589
vt 0.5941278 0.4158255
vt 0.5465088 0.5824922
vt 0.5941278 0.4991589
vt 0.6417469 0.4991589
vt 0.5941278 0.5824922
vt 0.6417469 0.5824922
vt 0.6893659 0.5824922
vt 0.6893659 0.6658255
vt 0.6417469 0.6658255
vt 0.6893659 0.7491589
vt 0.5941278 0.6658255
vt 0.6417469 0.7491589
vt 0.5465088 0.6658255
vt 0.6417469 0.8324922
vt 0.6893659 0.8324922
vt 0.6893659 0.9158255
vt 0.5941279 0.7491589
vt 0.5941279 0.8324922
vt 0.6417469 0.9158255
vt 0.6893659 0.9574922
vt 0.5465088 0.7491589
vt 0.4988897 0.6658255
vt 0.6417469 0.9574922
vt 0.6893659 0.9783255
vt 0.5941279 0.9158255
vt 0.4512707 0.6658255
vt 0.6417469 0.9783254
vt 0.6893659 0.9991589
vt 0.4988897 0.7491589
vt 0.5465088 0.8324922
vt 0.4512708 0.7491589
vt 0.5941279 0.9574922
vt 0.4988897 0.8324922
vt 0.5465088 0.9158255
vt 0.4036517 0.7491589
vt 0.4512708 0.8324922
vt 0.4036517 0.8324921
vt 0.5941279 0.9783255
vt 0.6417469 0.9991589
vt 0.4988897 0.9158255
vt 0.5465088 0.9574922
vt 0.4512708 0.9158255
vt 0.3560327 0.9158256
vt 0.5465088 0.9783255
vt 0.5941279 0.9991589
vt 0.4988897 0.9574922
vt 0.4036517 0.9158255
vt 0.3560327 0.9574922
vt 0.4988897 0.9783254
vt 0.5465088 0.9991589
vt 0.4512708 0.9574922
vt 0.4036517 0.9574921
vt 0.4512708 0.9783256
vt 0.4988897 0.9991589
vt 0.4036517 0.9783255
vt 0.4512708 0.9991589
vt 0.3560327 0.9783256
vt 0.4036517 0.9991589
vt 0.3560327 0.9991589
vt 1.375097 -0.0008411705
vt 1.422716 -0.0008411705
vt 1.422716 0.0824922
vt 1.375097 0.0824922
vt 1.327478 -0.0008411705
vt 1.422716 0.1658255
vt 1.327478 0.0824922
vt 1.279859 -0.0008411109
vt 1.375097 0.1658255
vt 1.422716 0.2491589
vt 1.279859 0.0824922
vt 1.23224 -0.0008411109
vt 1.327478 0.1658255
vt 1.375097 0.2491589
vt 1.422716 0.3324922
vt 1.23224 0.0824922
vt 1.184621 -0.0008411109
vt 1.279859 0.1658255
vt 1.327478 0.2491589
vt 1.375097 0.3324922
vt 1.422716 0.4158255
vt 1.184621 0.0824922
vt 1.137002 -0.0008411109
vt 1.23224 0.1658255
vt 1.279859 0.2491589
vt 1.327478 0.3324922
vt 1.375097 0.4158255
vt 1.422716 0.4991589
vt 1.137002 0.0824922
vt 1.089383 -0.0008411109
vt 1.184621 0.1658255
vt 1.23224 0.2491589
vt 1.279859 0.3324922
vt 1.327478 0.4158255
vt 1.375097 0.4991589
vt 1.422716 0.5824922
vt 1.089383 0.08249223
vt 1.041764 -0.0008411109
vt 1.137002 0.1658255
vt 1.184621 0.2491589
vt 1.23224 0.3324922
vt 1.279859 0.4158255
vt 1.327478 0.4991589
vt 1.375097 0.5824922
vt 1.422716 0.6658255
vt 1.375097 0.6658255
vt 1.422716 0.7491589
vt 1.327478 0.5824922
vt 1.279859 0.4991589
vt 1.23224 0.4158255
vt 1.184621 0.3324922
vt 1.375097 0.7491589
vt 1.422716 0.8324922
vt 1.327478 0.6658255
vt 1.279859 0.5824922
vt 1.23224 0.4991589
vt 1.375097 0.8324922
vt 1.422716 0.9158255
vt 1.327478 0.7491589
vt 1.279859 0.6658255
vt 1.375097 0.9158255
vt 1.422716 0.9574922
vt 1.327478 0.8324922
vt 1.375097 0.9574923
vt 1.422716 0.9991589
vt 1.327478 0.9158255
vt 1.279859 0.7491589
vt 1.23224 0.5824922
vt 1.327478 0.9574922
vt 1.375097 0.9991589
vt 1.279859 0.8324922
vt 1.23224 0.6658255
vt 1.279859 0.9158255
vt 1.23224 0.7491589
vt 1.279859 0.9574922
vt 1.327478 0.9991589
vt 1.23224 0.8324922
vt 1.23224 0.9158255
vt 1.23224 0.9574921
vt 1.279859 0.9991589
vt 1.184621 0.5824922
vt 1.184621 0.6658255
vt 1.184621 0.7491589
vt 1.184621 0.8324922
vt 1.184621 0.9158255
vt 1.184621 0.4991589
vt 1.184621 0.9574922
vt 1.23224 0.9991589
vt 1.184621 0.4158255
vt 1.137002 0.7491589
vt 1.137002 0.8324921
vt 1.137002 0.9158255
vt 1.137002 0.6658255
vt 1.137002 0.9574922
vt 1.184621 0.9991589
vt 1.137002 0.5824922
vt 1.137002 0.4991589
vt 1.137002 0.4158255
vt 1.137002 0.3324922
vt 1.137002 0.2491589
vt 1.089383 0.1658256
vt 1.089383 0.2491589
vt 1.089383 0.3324922
vt 1.089383 0.4158255
vt 1.089383 0.4991589
vt 1.041764 0.08249223
vt 0.9941444 -0.0008411109
vt 1.041764 0.1658256
vt 0.9941444 0.08249223
vt 0.9465254 -0.0008411109
vt 1.041764 0.2491589
vt 1.041764 0.3324922
vt 0.9465254 0.08249223
vt 0.8989064 -0.0008411407
vt 0.9941445 0.1658256
vt 0.8989064 0.08249223
vt 0.8512873 -0.0008410811
vt 0.9941445 0.2491589
vt 0.9465255 0.1658256
vt 1.041764 0.4158255
vt 0.8512873 0.08249223
vt 0.8036683 -0.0008411407
vt 0.8989064 0.1658256
vt 0.9465255 0.2491589
vt 0.9941445 0.3324922
vt 0.8036683 0.08249223
vt 0.7560492 -0.0008410811
vt 0.8512873 0.1658256
vt 0.8989064 0.2491589
vt 0.9465255 0.3324922
vt 0.9941445 0.4158255
vt 0.7560492 0.08249223
vt 0.7084302 -0.0008411407
vt 0.8036683 0.1658256
vt 0.8512873 0.2491589
vt 0.8989064 0.3324922
vt 0.7084302 0.08249223
vt 0.6608111 -0.0008410811
vt 0.7560492 0.1658255
vt 0.8036683 0.2491589
vt 0.6608111 0.08249229
vt 0.6131921 -0.0008411407
vt 0.7084302 0.1658256
vt 0.6131921 0.08249223
vt 0.565573 -0.0008410811
vt 0.9465255 0.4158255
vt 0.8512873 0.3324922
vt 0.7560492 0.2491589
vt 0.6608111 0.1658256
vt 0.565573 0.08249229
vt 0.517954 -0.0008410215
vt 0.8989064 0.4158255
vt 0.8036683 0.3324922
vt 0.7084302 0.2491589
vt 0.6131921 0.1658256
vt 0.517954 0.08249223
vt 0.4703349 -0.0008410811
vt 0.8512874 0.4158255
vt 0.7560492 0.3324922
vt 0.6608111 0.2491589
vt 0.565573 0.1658256
vt 0.4703349 0.08249229
vt 0.4227158 -0.0008410215
vt 0.4227158 0.08249223
vt 0.517954 0.1658256
vt 0.4703349 0.1658256
vt 0.4227159 0.1658256
vt 0.6131921 0.2491589
vt 0.7084302 0.3324922
vt 0.565573 0.2491589
vt 0.4703349 0.2491589
vt 0.4227159 0.2491589
vt 0.517954 0.2491589
vt 0.6608112 0.3324922
vt 0.470335 0.3324923
vt 0.4227159 0.3324923
vt 0.6131921 0.3324923
vt 0.5655731 0.3324923
vt 0.517954 0.3324922
vt 0.470335 0.4158255
vt 0.4227159 0.4158256
vt 0.517954 0.4158256
vt 0.5655731 0.4158256
vt 0.6131921 0.4158256
vt 0.6608112 0.4158256
vt 0.470335 0.4991589
vt 0.4227159 0.4991589
vt 0.517954 0.4991589
vt 0.5655731 0.4991589
vt 0.6131921 0.4991589
vt 0.4703349 0.5824922
vt 0.4227159 0.5824922
vt 0.517954 0.5824922
vt 0.5655731 0.5824922
vt 0.4703349 0.6658256
vt 0.4227159 0.6658256
vt 0.5179541 0.6658256
vt 0.470335 0.7491589
vt 0.4227159 0.7491589
vt 0.6608112 0.4991589
vt 0.6131921 0.5824922
vt 0.565573 0.6658256
vt 0.5179541 0.7491589
vt 0.470335 0.8324922
vt 0.4227159 0.8324922
vt 0.6608112 0.5824922
vt 0.6131921 0.6658256
vt 0.5655731 0.7491589
vt 0.5179541 0.8324922
vt 0.470335 0.9158256
vt 0.422716 0.9158256
vt 0.6608112 0.6658256
vt 0.6131921 0.7491589
vt 0.5655731 0.8324922
vt 0.5179541 0.9158256
vt 0.470335 0.9574923
vt 0.422716 0.9574923
vt 0.470335 0.9991589
vt 0.5179541 0.9574922
vt 0.5179541 0.9991589
vt 0.5655731 0.9158256
vt 0.5655731 0.9574922
vt 0.5655731 0.9991589
vt 0.6131921 0.8324922
vt 0.6131921 0.9158256
vt 0.6131921 0.9574923
vt 0.6131921 0.9991589
vt 0.6608112 0.9574922
vt 0.6608112 0.9991589
vt 0.6608112 0.9158256
vt 0.6608112 0.8324922
vt 0.7084302 0.9574922
vt 0.7084302 0.9991589
vt 0.7084302 0.9158256
vt 0.6608112 0.7491589
vt 0.7084302 0.8324922
vt 0.7560493 0.9574922
vt 0.7560493 0.9991589
vt 0.7084302 0.7491589
vt 0.7560493 0.9158256
vt 0.7084302 0.6658256
vt 0.7560493 0.8324922
vt 0.8036683 0.9574921
vt 0.8036683 0.9991589
vt 0.8036683 0.9158256
vt 0.7560493 0.7491589
vt 0.7084302 0.5824922
vt 0.8512874 0.9574924
vt 0.8512874 0.9991589
vt 0.8036683 0.8324922
vt 0.7560493 0.6658256
vt 0.7084302 0.4991589
vt 0.8512874 0.9158256
vt 0.8036683 0.7491589
vt 0.7560493 0.5824922
vt 0.7084302 0.4158255
vt 0.7560493 0.4991589
vt 0.7560493 0.4158255
vt 0.8036683 0.6658256
vt 0.8512874 0.8324922
vt 0.8036683 0.5824922
vt 0.8036683 0.4158255
vt 0.8036683 0.4991589
vt 0.8512874 0.7491589
vt 0.8512874 0.4991589
vt 0.8512874 0.5824922
vt 0.8512874 0.6658256
vt 0.8989064 0.4991589
vt 0.8989064 0.5824922
vt 0.8989064 0.6658256
vt 0.8989064 0.7491589
vt 0.8989064 0.8324922
vt 0.9465255 0.4991589
vt 0.9465255 0.5824922
vt 0.9465255 0.6658256
vt 0.9465255 0.7491589
vt 0.9941445 0.4991589
vt 0.9941445 0.5824922
vt 0.9941445 0.6658256
vt 1.041764 0.4991589
vt 1.041764 0.5824922
vt 1.089383 0.5824922
vt 1.089383 0.6658255
vt 1.041764 0.6658255
vt 1.089383 0.7491589
vt 1.041764 0.7491589
vt 1.089383 0.8324922
vt 0.9941445 0.7491589
vt 1.041764 0.8324922
vt 1.089383 0.9158256
vt 0.9941445 0.8324922
vt 1.041764 0.9158256
vt 1.089383 0.9574922
vt 1.137002 0.9991589
vt 0.9465255 0.8324922
vt 0.9941446 0.9158256
vt 1.041764 0.9574922
vt 1.089383 0.9991589
vt 0.9465255 0.9158256
vt 0.9941446 0.9574922
vt 1.041764 0.9991589
vt 0.8989064 0.9158256
vt 0.9465255 0.9574922
vt 0.9941446 0.9991589
vt 0.8989065 0.9574922
vt 0.9465255 0.9991589
vt 0.8989064 0.9991589
vt 0.8949498 0.8684006
vt 0.8949498 0.878894
vt 0.9042217 0.878894
vt 0.9042217 0.8684006
vt 0.8949497 0.8579072
vt 0.9042216 0.8579072
vt 0.8949498 0.8474138
vt 0.9042217 0.8474138
vt 0.8510191 0.8661481
vt 0.8510192 0.8694376
vt 0.8597332 0.8755153
vt 0.8597332 0.8661481
vt 0.8684473 0.8704569
vt 0.8510191 0.8567809
vt 0.8684472 0.8661481
vt 0.8597332 0.856781
vt 0.8510191 0.8499435
vt 0.8684472 0.8567809
vt 0.8597331 0.8474138
vt 0.8684472 0.8501607
vt 0.8770626 0.8474138
vt 0.8856779 0.857384
vt 0.8856779 0.8503857
vt 0.8770626 0.857384
vt 0.8684472 0.8503857
vt 0.8856779 0.8673543
vt 0.8684472 0.857384
vt 0.8770626 0.8673543
vt 0.8853395 0.8715588
vt 0.8684472 0.8673543
vt 0.8763773 0.8768547
vt 0.8684472 0.8714165
vt 0.8856779 0.8654717
vt 0.8856779 0.8745008
vt 0.8949498 0.8745008
vt 0.8949498 0.8654718
vt 0.8856779 0.8564428
vt 0.8949497 0.8564427
vt 0.8856779 0.8474138
vt 0.8949498 0.8474138
vt 0.8949498 0.8684006
vt 0.8949498 0.878894
vt 0.9042217 0.878894
vt 0.9042217 0.8684006
vt 0.8949497 0.8579072
vt 0.9042216 0.8579072
vt 0.8949498 0.8474138
vt 0.9042217 0.8474138
vt 0.8510191 0.8661481
vt 0.8510192 0.8694376
vt 0.8597332 0.8755153
vt 0.8597332 0.8661481
vt 0.8684473 0.8704569
vt 0.8510191 0.8567809
vt 0.8684472 0.8661481
vt 0.8597332 0.856781
vt 0.8510191 0.8499435
vt 0.8684472 0.8567809
vt 0.8597331 0.8474138
vt 0.8684472 0.8501607
vt 0.8770626 0.8474138
vt 0.8856779 0.857384
vt 0.8856779 0.8503857
vt 0.8770626 0.857384
vt 0.8684472 0.8503857
vt 0.8856779 0.8673543
vt 0.8684472 0.857384
vt 0.8770626 0.8673543
vt 0.8853395 0.8715588
vt 0.8684472 0.8673543
vt 0.8763773 0.8768547
vt 0.8684472 0.8714165
vt 0.8770626 0.8474138
vt 0.8856779 0.857384
vt 0.8856779 0.8503857
vt 0.8770626 0.857384
vt 0.8684472 0.8503857
vt 0.8856779 0.8673543
vt 0.8684472 0.857384
vt 0.8770626 0.8673543
vt 0.8853395 0.8715588
vt 0.8684472 0.8673543
vt 0.8763773 0.8768547
vt 0.8684472 0.8714165
vt 0.8949498 0.8684006
vt 0.8949498 0.878894
vt 0.9042217 0.878894
vt 0.9042217 0.8684006
vt 0.8949497 0.8579072
vt 0.9042216 0.8579072
vt 0.8949498 0.8474138
vt 0.9042217 0.8474138
vt 0.8856779 0.8654717
vt 0.8856779 0.8745008
vt 0.8949498 0.8745008
vt 0.8949498 0.8654718
vt 0.8856779 0.8564428
vt 0.8949497 0.8564427
vt 0.8856779 0.8474138
vt 0.8949498 0.8474138
vt 0.8949498 0.8684006
vt 0.8949498 0.878894
vt 0.9042217 0.878894
vt 0.9042217 0.8684006
vt 0.8949497 0.8579072
vt 0.9042216 0.8579072
vt 0.8949498 0.8474138
vt 0.9042217 0.8474138
vt 0.8949498 0.8684006
vt 0.8949498 0.878894
vt 0.9042217 0.878894
vt 0.9042217 0.8684006
vt 0.8949497 0.8579072
vt 0.9042216 0.8579072
vt 0.8949498 0.8474138
vt 0.9042217 0.8474138
usemtl M_Cactus
f 1/1/1 3/3/3 2/2/2
f 1/1/1 4/4/4 3/3/3
f 5/5/5 4/4/4 1/1/1
f 4/4/4 6/6/6 3/3/3
f 5/5/5 7/7/7 4/4/4
f 8/8/8 7/7/7 5/5/5
f 4/4/4 9/9/9 6/6/6
f 7/7/7 9/9/9 4/4/4
f 9/9/9 10/10/10 6/6/6
f 8/8/8 11/11/11 7/7/7
f 12/12/12 11/11/11 8/8/8
f 7/7/7 13/13/13 9/9/9
f 11/11/11 13/13/13 7/7/7
f 9/9/9 14/14/14 10/10/10
f 13/13/13 14/14/14 9/9/9
f 14/14/14 15/15/15 10/10/10
f 12/12/12 16/16/16 11/11/11
f 17/17/17 16/16/16 12/12/12
f 11/11/11 18/18/18 13/13/13
f 16/16/16 18/18/18 11/11/11
f 13/13/13 19/19/19 14/14/14
f 18/18/18 19/19/19 13/13/13
f 14/14/14 20/20/20 15/15/15
f 19/19/19 20/20/20 14/14/14
f 20/20/20 21/21/21 15/15/15
f 17/17/17 22/22/22 16/16/16
f 23/23/23 22/22/22 17/17/17
f 16/16/16 24/24/24 18/18/18
f 22/22/22 24/24/24 16/16/16
f 18/18/18 25/25/25 19/19/19
f 24/24/24 25/25/25 18/18/18
f 19/19/19 26/26/26 20/20/20
f 25/25/25 26/26/26 19/19/19
f 20/20/20 27/27/27 21/21/21
f 26/26/26 27/27/27 20/20/20
f 27/27/27 28/28/28 21/21/21
f 23/23/23 29/29/29 22/22/22
f 30/30/30 29/29/29 23/23/23
f 22/22/22 31/31/31 24/24/24
f 29/29/29 31/31/31 22/22/22
f 24/24/24 32/32/32 25/25/25
f 31/31/31 32/32/32 24/24/24
f 25/25/25 33/33/33 26/26/26
f 32/32/32 33/33/33 25/25/25
f 26/26/26 34/34/34 27/27/27
f 33/33/33 34/34/34 26/26/26
f 27/27/27 35/35/35 28/28/28
f 34/34/34 35/35/35 27/27/27
f 35/35/35 36/36/36 28/28/28
f 30/30/30 37/37/37 29/29/29
f 38/38/38 37/37/37 30/30/30
f 29/29/29 39/39/39 31/31/31
f 37/37/37 39/39/39 29/29/29
f 31/31/31 40/40/40 32/32/32
f 39/39/39 40/40/40 31/31/31
f 32/32/32 41/41/41 33/33/33
f 40/40/40 41/41/41 32/32/32
f 33/33/33 42/42/42 34/34/34
f 41/41/41 42/42/42 33/33/33
f 34/34/34 43/43/43 35/35/35
f 42/42/42 43/43/43 34/34/34
f 35/35/35 44/44/44 36/36/36
f 43/43/43 44/44/44 35/35/35
f 44/44/44 45/45/45 36/36/36
f 44/44/44 46/46/46 45/45/45
f 46/46/46 47/47/47 45/45/45
f 43/43/43 48/48/48 44/44/44
f 48/48/48 46/46/46 44/44/44
f 42/42/42 49/49/49 43/43/43
f 49/49/49 48/48/48 43/43/43
f 41/41/41 50/50/50 42/42/42
f 50/50/50 49/49/49 42/42/42
f 40/40/40 51/51/51 41/41/41
f 51/51/51 50/50/50 41/41/41
f 46/46/46 52/52/52 47/47/47
f 52/52/52 53/53/53 47/47/47
f 48/48/48 54/54/54 46/46/46
f 54/54/54 52/52/52 46/46/46
f 49/49/49 55/55/55 48/48/48
f 55/55/55 54/54/54 48/48/48
f 50/50/50 56/56/56 49/49/49
f 56/56/56 55/55/55 49/49/49
f 52/52/52 57/57/57 53/53/53
f 57/57/57 58/58/58 53/53/53
f 54/54/54 59/59/59 52/52/52
f 59/59/59 57/57/57 52/52/52
f 55/55/55 60/60/60 54/54/54
f 60/60/60 59/59/59 54/54/54
f 57/57/57 61/61/61 58/58/58
f 61/61/61 62/62/62 58/58/58
f 59/59/59 63/63/63 57/57/57
f 63/63/63 61/61/61 57/57/57
f 61/61/61 64/64/64 62/62/62
f 64/64/64 65/65/65 62/62/62
f 66/66/66 64/64/64 61/61/61
f 63/63/63 66/66/66 61/61/61
f 67/67/67 63/63/63 59/59/59
f 60/60/60 67/67/67 59/59/59
f 68/68/68 60/60/60 55/55/55
f 56/56/56 68/68/68 55/55/55
f 66/66/66 69/69/69 64/64/64
f 69/69/69 70/70/70 64/64/64
f 71/71/71 66/66/66 63/63/63
f 67/67/67 71/71/71 63/63/63
f 72/72/72 67/67/67 60/60/60
f 68/68/68 72/72/72 60/60/60
f 73/73/73 69/69/69 66/66/66
f 71/71/71 73/73/73 66/66/66
f 74/74/74 71/71/71 67/67/67
f 72/72/72 74/74/74 67/67/67
f 73/73/73 75/75/75 69/69/69
f 75/75/75 76/76/76 69/69/69
f 77/77/77 73/73/73 71/71/71
f 74/74/74 77/77/77 71/71/71
f 78/78/78 75/75/75 73/73/73
f 77/77/77 78/78/78 73/73/73
f 78/78/78 79/79/79 75/75/75
f 79/79/79 80/80/80 75/75/75
f 81/81/81 72/72/72 68/68/68
f 82/82/82 74/74/74 72/72/72
f 81/81/81 82/82/82 72/72/72
f 83/83/83 77/77/77 74/74/74
f 82/82/82 83/83/83 74/74/74
f 84/84/84 78/78/78 77/77/77
f 83/83/83 84/84/84 77/77/77
f 85/85/85 79/79/79 78/78/78
f 84/84/84 85/85/85 78/78/78
f 86/86/86 81/81/81 68/68/68
f 86/86/86 68/68/68 56/56/56
f 85/85/85 87/87/87 79/79/79
f 87/87/87 88/88/88 79/79/79
f 89/89/89 86/86/86 56/56/56
f 89/89/89 56/56/56 50/50/50
f 51/51/51 89/89/89 50/50/50
f 90/90/90 84/84/84 83/83/83
f 91/91/91 85/85/85 84/84/84
f 90/90/90 91/91/91 84/84/84
f 92/92/92 87/87/87 85/85/85
f 91/91/91 92/92/92 85/85/85
f 93/93/93 90/90/90 83/83/83
f 93/93/93 83/83/83 82/82/82
f 92/92/92 94/94/94 87/87/87
f 94/94/94 95/95/95 87/87/87
f 96/96/96 93/93/93 82/82/82
f 96/96/96 82/82/82 81/81/81
f 97/97/97 96/96/96 81/81/81
f 97/97/97 81/81/81 86/86/86
f 98/98/98 86/86/86 89/89/89
f 98/98/98 97/97/97 86/86/86
f 99/99/99 98/98/98 89/89/89
f 99/99/99 89/89/89 51/51/51
f 100/100/100 99/99/99 51/51/51
f 100/100/100 51/51/51 40/40/40
f 39/39/39 100/100/100 40/40/40
f 101/101/101 100/100/100 39/39/39
f 37/37/37 101/101/101 39/39/39
f 102/102/102 99/99/99 100/100/100
f 101/101/101 102/102/102 100/100/100
f 103/103/103 98/98/98 99/99/99
f 102/102/102 103/103/103 99/99/99
f 104/104/104 97/97/97 98/98/98
f 103/103/103 104/104/104 98/98/98
f 105/105/105 96/96/96 97/97/97
f 104/104/104 105/105/105 97/97/97
f 106/106/106 101/101/101 37/37/37
f 38/38/38 106/106/106 37/37/37
f 107/107/107 106/106/106 38/38/38
f 108/108/108 102/102/102 101/101/101
f 106/106/106 108/108/108 101/101/101
f 107/107/107 109/109/109 106/106/106
f 109/109/109 108/108/108 106/106/106
f 110/110/110 109/109/109 107/107/107
f 111/111/111 103/103/103 102/102/102
f 108/108/108 111/111/111 102/102/102
f 112/112/112 104/104/104 103/103/103
f 111/111/111 112/112/112 103/103/103
f 110/110/110 113/113/113 109/109/109
f 114/114/114 113/113/113 110/110/110
f 109/109/109 115/115/115 108/108/108
f 115/115/115 111/111/111 108/108/108
f 113/113/113 115/115/115 109/109/109
f 114/114/114 116/116/116 113/113/113
f 117/117/117 116/116/116 114/114/114
f 115/115/115 118/118/118 111/111/111
f 118/118/118 112/112/112 111/111/111
f 113/113/113 119/119/119 115/115/115
f 116/116/116 119/119/119 113/113/113
f 119/119/119 118/118/118 115/115/115
f 112/112/112 120/120/120 104/104/104
f 120/120/120 105/105/105 104/104/104
f 117/117/117 121/121/121 116/116/116
f 122/122/122 121/121/121 117/117/117
f 116/116/116 123/123/123 119/119/119
f 121/121/121 123/123/123 116/116/116
f 119/119/119 124/124/124 118/118/118
f 123/123/123 124/124/124 119/119/119
f 118/118/118 125/125/125 112/112/112
f 125/125/125 120/120/120 112/112/112
f 124/124/124 125/125/125 118/118/118
f 122/122/122 126/126/126 121/121/121
f 127/127/127 126/126/126 122/122/122
f 121/121/121 128/128/128 123/123/123
f 126/126/126 128/128/128 121/121/121
f 123/123/123 129/129/129 124/124/124
f 128/128/128 129/129/129 123/123/123
f 124/124/124 130/130/130 125/125/125
f 129/129/129 130/130/130 124/124/124
f 125/125/125 131/131/131 120/120/120
f 130/130/130 131/131/131 125/125/125
f 127/127/127 132/132/132 126/126/126
f 133/133/133 132/132/132 127/127/127
f 126/126/126 134/134/134 128/128/128
f 132/132/132 134/134/134 126/126/126
f 128/128/128 135/135/135 129/129/129
f 134/134/134 135/135/135 128/128/128
f 129/129/129 136/136/136 130/130/130
f 135/135/135 136/136/136 129/129/129
f 133/133/133 137/137/137 132/132/132
f 138/138/138 137/137/137 133/133/133
f 132/132/132 139/139/139 134/134/134
f 137/137/137 139/139/139 132/132/132
f 134/134/134 140/140/140 135/135/135
f 139/139/139 140/140/140 134/134/134
f 138/138/138 141/141/141 137/137/137
f 142/142/142 141/141/141 138/138/138
f 137/137/137 143/143/143 139/139/139
f 141/141/141 143/143/143 137/137/137
f 142/142/142 144/144/144 141/141/141
f 145/145/145 144/144/144 142/142/142
f 136/136/136 146/146/146 130/130/130
f 130/130/130 146/146/146 131/131/131
f 135/135/135 147/147/147 136/136/136
f 140/140/140 147/147/147 135/135/135
f 139/139/139 148/148/148 140/140/140
f 143/143/143 148/148/148 139/139/139
f 141/141/141 149/149/149 143/143/143
f 144/144/144 149/149/149 141/141/141
f 145/145/145 150/150/150 144/144/144
f 151/151/151 150/150/150 145/145/145
f 136/136/136 152/152/152 146/146/146
f 147/147/147 152/152/152 136/136/136
f 140/140/140 153/153/153 147/147/147
f 148/148/148 153/153/153 140/140/140
f 143/143/143 154/154/154 148/148/148
f 149/149/149 154/154/154 143/143/143
f 144/144/144 155/155/155 149/149/149
f 150/150/150 155/155/155 144/144/144
f 151/151/151 156/156/156 150/150/150
f 157/157/157 156/156/156 151/151/151
f 147/147/147 158/158/158 152/152/152
f 153/153/153 158/158/158 147/147/147
f 148/148/148 159/159/159 153/153/153
f 154/154/154 159/159/159 148/148/148
f 149/149/149 160/160/160 154/154/154
f 155/155/155 160/160/160 149/149/149
f 150/150/150 161/161/161 155/155/155
f 156/156/156 161/161/161 150/150/150
f 157/157/157 162/162/162 156/156/156
f 163/163/163 162/162/162 157/157/157
f 163/163/163 164/164/164 162/162/162
f 162/162/162 165/165/165 156/156/156
f 156/156/156 165/165/165 161/161/161
f 164/164/164 166/166/166 162/162/162
f 162/162/162 166/166/166 165/165/165
f 164/164/164 167/167/167 166/166/166
f 161/161/161 168/168/168 155/155/155
f 155/155/155 168/168/168 160/160/160
f 160/160/160 169/169/169 154/154/154
f 154/154/154 169/169/169 159/159/159
f 165/165/165 170/170/170 161/161/161
f 161/161/161 170/170/170 168/168/168
f 167/167/167 171/171/171 166/166/166
f 167/167/167 172/172/172 171/171/171
f 166/166/166 173/173/173 165/165/165
f 165/165/165 173/173/173 170/170/170
f 166/166/166 171/171/171 173/173/173
f 168/168/168 174/174/174 160/160/160
f 160/160/160 174/174/174 169/169/169
f 172/172/172 175/175/175 171/171/171
f 172/172/172 176/176/176 175/175/175
f 170/170/170 177/177/177 168/168/168
f 168/168/168 177/177/177 174/174/174
f 173/173/173 178/178/178 170/170/170
f 170/170/170 178/178/178 177/177/177
f 171/171/171 179/179/179 173/173/173
f 171/171/171 175/175/175 179/179/179
f 173/173/173 179/179/179 178/178/178
f 176/176/176 180/180/180 175/175/175
f 176/176/176 181/181/181 180/180/180
f 175/175/175 182/182/182 179/179/179
f 175/175/175 180/180/180 182/182/182
f 179/179/179 183/183/183 178/178/178
f 179/179/179 182/182/182 183/183/183
f 178/178/178 184/184/184 177/177/177
f 178/178/178 183/183/183 184/184/184
f 177/177/177 185/185/185 174/174/174
f 177/177/177 184/184/184 185/185/185
f 181/181/181 186/186/186 180/180/180
f 181/181/181 187/187/187 186/186/186
f 180/180/180 188/188/188 182/182/182
f 180/180/180 186/186/186 188/188/188
f 182/182/182 189/189/189 183/183/183
f 182/182/182 188/188/188 189/189/189
f 183/183/183 190/190/190 184/184/184
f 183/183/183 189/189/189 190/190/190
f 187/187/187 191/191/191 186/186/186
f 187/187/187 192/192/192 191/191/191
f 186/186/186 193/193/193 188/188/188
f 186/186/186 191/191/191 193/193/193
f 188/188/188 194/194/194 189/189/189
f 188/188/188 193/193/193 194/194/194
f 192/192/192 195/195/195 191/191/191
f 192/192/192 196/196/196 195/195/195
f 191/191/191 197/197/197 193/193/193
f 191/191/191 195/195/195 197/197/197
f 196/196/196 198/198/198 195/195/195
f 196/196/196 199/199/199 198/198/198
f 184/184/184 190/190/190 200/200/200
f 184/184/184 200/200/200 185/185/185
f 189/189/189 201/201/201 190/190/190
f 189/189/189 194/194/194 201/201/201
f 193/193/193 202/202/202 194/194/194
f 193/193/193 197/197/197 202/202/202
f 195/195/195 203/203/203 197/197/197
f 195/195/195 198/198/198 203/203/203
f 199/199/199 204/204/204 198/198/198
f 199/199/199 205/205/205 204/204/204
f 190/190/190 206/206/206 200/200/200
f 190/190/190 201/201/201 206/206/206
f 194/194/194 207/207/207 201/201/201
f 194/194/194 202/202/202 207/207/207
f 197/197/197 208/208/208 202/202/202
f 197/197/197 203/203/203 208/208/208
f 198/198/198 209/209/209 203/203/203
f 198/198/198 204/204/204 209/209/209
f 205/205/205 210/210/210 204/204/204
f 205/205/205 211/211/211 210/210/210
f 201/201/201 212/212/212 206/206/206
f 201/201/201 207/207/207 212/212/212
f 202/202/202 213/213/213 207/207/207
f 202/202/202 208/208/208 213/213/213
f 203/203/203 214/214/214 208/208/208
f 203/203/203 209/209/209 214/214/214
f 204/204/204 215/215/215 209/209/209
f 204/204/204 210/210/210 215/215/215
f 211/211/211 216/216/216 210/210/210
f 211/211/211 217/217/217 216/216/216
f 217/217/217 218/218/218 216/216/216
f 210/210/210 216/216/216 219/219/219
f 210/210/210 219/219/219 215/215/215
f 216/216/216 220/220/220 219/219/219
f 209/209/209 215/215/215 221/221/221
f 209/209/209 221/221/221 214/214/214
f 215/215/215 219/219/219 222/222/222
f 215/215/215 222/222/222 221/221/221
f 219/219/219 223/223/223 222/222/222
f 208/208/208 214/214/214 224/224/224
f 208/208/208 224/224/224 213/213/213
f 214/214/214 221/221/221 225/225/225
f 214/214/214 225/225/225 224/224/224
f 221/221/221 222/222/222 226/226/226
f 221/221/221 226/226/226 225/225/225
f 222/222/222 227/227/227 226/226/226
f 225/225/225 226/226/226 228/228/228
f 226/226/226 229/229/229 228/228/228
f 224/224/224 225/225/225 230/230/230
f 225/225/225 228/228/228 230/230/230
f 213/213/213 224/224/224 231/231/231
f 224/224/224 230/230/230 231/231/231
f 230/230/230 228/228/228 232/232/232
f 228/228/228 233/233/233 232/232/232
f 230/230/230 232/232/232 234/234/234
f 231/231/231 230/230/230 234/234/234
f 213/213/213 231/231/231 235/235/235
f 207/207/207 213/213/213 235/235/235
f 207/207/207 235/235/235 212/212/212
f 235/235/235 231/231/231 236/236/236
f 231/231/231 234/234/234 236/236/236
f 234/234/234 232/232/232 237/237/237
f 232/232/232 238/238/238 237/237/237
f 212/212/212 235/235/235 239/239/239
f 235/235/235 236/236/236 239/239/239
f 236/236/236 234/234/234 240/240/240
f 234/234/234 237/237/237 240/240/240
f 212/212/212 239/239/239 241/241/241
f 206/206/206 212/212/212 241/241/241
f 239/239/239 236/236/236 242/242/242
f 236/236/236 240/240/240 242/242/242
f 240/240/240 237/237/237 243/243/243
f 237/237/237 244/244/244 243/243/243
f 240/240/240 243/243/243 245/245/245
f 242/242/242 240/240/240 245/245/245
f 239/239/239 242/242/242 246/246/246
f 241/241/241 239/239/239 246/246/246
f 206/206/206 241/241/241 247/247/247
f 200/200/200 206/206/206 247/247/247
f 245/245/245 243/243/243 248/248/248
f 243/243/243 249/249/249 248/248/248
f 242/242/242 245/245/245 250/250/250
f 246/246/246 242/242/242 250/250/250
f 241/241/241 246/246/246 251/251/251
f 247/247/247 241/241/241 251/251/251
f 200/200/200 247/247/247 252/252/252
f 185/185/185 200/200/200 252/252/252
f 245/245/245 248/248/248 253/253/253
f 250/250/250 245/245/245 253/253/253
f 246/246/246 250/250/250 254/254/254
f 251/251/251 246/246/246 254/254/254
f 247/247/247 251/251/251 255/255/255
f 252/252/252 247/247/247 255/255/255
f 185/185/185 252/252/252 256/256/256
f 174/174/174 185/185/185 256/256/256
f 174/174/174 256/256/256 169/169/169
f 256/256/256 252/252/252 257/257/257
f 252/252/252 255/255/255 257/257/257
f 169/169/169 256/256/256 258/258/258
f 256/256/256 257/257/257 258/258/258
f 169/169/169 258/258/258 159/159/159
f 255/255/255 251/251/251 259/259/259
f 251/251/251 254/254/254 259/259/259
f 254/254/254 250/250/250 260/260/260
f 250/250/250 253/253/253 260/260/260
f 257/257/257 255/255/255 261/261/261
f 255/255/255 259/259/259 261/261/261
f 159/159/159 258/258/258 262/262/262
f 159/159/159 262/262/262 153/153/153
f 153/153/153 262/262/262 158/158/158
f 258/258/258 257/257/257 263/263/263
f 258/258/258 263/263/263 262/262/262
f 257/257/257 261/261/261 263/263/263
f 259/259/259 254/254/254 264/264/264
f 254/254/254 260/260/260 264/264/264
f 262/262/262 265/265/265 158/158/158
f 262/262/262 263/263/263 265/265/265
f 263/263/263 261/261/261 266/266/266
f 263/263/263 266/266/266 265/265/265
f 261/261/261 259/259/259 267/267/267
f 259/259/259 264/264/264 267/267/267
f 261/261/261 267/267/267 266/266/266
f 158/158/158 265/265/265 268/268/268
f 158/158/158 268/268/268 152/152/152
f 265/265/265 266/266/266 269/269/269
f 265/265/265 269/269/269 268/268/268
f 266/266/266 267/267/267 270/270/270
f 266/266/266 270/270/270 269/269/269
f 267/267/267 264/264/264 271/271/271
f 267/267/267 271/271/271 270/270/270
f 264/264/264 260/260/260 272/272/272
f 264/264/264 272/272/272 271/271/271
f 152/152/152 268/268/268 273/273/273
f 152/152/152 273/273/273 146/146/146
f 268/268/268 269/269/269 274/274/274
f 268/268/268 274/274/274 273/273/273
f 269/269/269 270/270/270 275/275/275
f 269/269/269 275/275/275 274/274/274
f 270/270/270 271/271/271 276/276/276
f 270/270/270 276/276/276 275/275/275
f 146/146/146 273/273/273 277/277/277
f 146/146/146 277/277/277 131/131/131
f 273/273/273 274/274/274 278/278/278
f 273/273/273 278/278/278 277/277/277
f 274/274/274 275/275/275 279/279/279
f 274/274/274 279/279/279 278/278/278
f 131/131/131 277/277/277 280/280/280
f 131/131/131 280/280/280 120/120/120
f 120/120/120 280/280/280 105/105/105
f 277/277/277 278/278/278 281/281/281
f 277/277/277 281/281/281 280/280/280
f 280/280/280 282/282/282 105/105/105
f 280/280/280 281/281/281 282/282/282
f 105/105/105 282/282/282 96/96/96
f 282/282/282 93/93/93 96/96/96
f 282/282/282 283/283/283 93/93/93
f 281/281/281 283/283/283 282/282/282
f 283/283/283 90/90/90 93/93/93
f 278/278/278 284/284/284 281/281/281
f 281/281/281 284/284/284 283/283/283
f 278/278/278 279/279/279 284/284/284
f 283/283/283 285/285/285 90/90/90
f 284/284/284 285/285/285 283/283/283
f 285/285/285 91/91/91 90/90/90
f 279/279/279 286/286/286 284/284/284
f 284/284/284 286/286/286 285/285/285
f 285/285/285 287/287/287 91/91/91
f 286/286/286 287/287/287 285/285/285
f 287/287/287 92/92/92 91/91/91
f 279/279/279 288/288/288 286/286/286
f 275/275/275 288/288/288 279/279/279
f 275/275/275 276/276/276 288/288/288
f 286/286/286 289/289/289 287/287/287
f 288/288/288 289/289/289 286/286/286
f 287/287/287 290/290/290 92/92/92
f 289/289/289 290/290/290 287/287/287
f 290/290/290 94/94/94 92/92/92
f 276/276/276 291/291/291 288/288/288
f 288/288/288 291/291/291 289/289/289
f 289/289/289 292/292/292 290/290/290
f 291/291/291 292/292/292 289/289/289
f 290/290/290 293/293/293 94/94/94
f 292/292/292 293/293/293 290/290/290
f 293/293/293 294/294/294 94/94/94
f 276/276/276 295/295/295 291/291/291
f 271/271/271 295/295/295 276/276/276
f 271/271/271 272/272/272 295/295/295
f 291/291/291 296/296/296 292/292/292
f 295/295/295 296/296/296 291/291/291
f 292/292/292 297/297/297 293/293/293
f 296/296/296 297/297/297 292/292/292
f 297/297/297 298/298/298 293/293/293
f 272/272/272 299/299/299 295/295/295
f 295/295/295 299/299/299 296/296/296
f 296/296/296 300/300/300 297/297/297
f 299/299/299 300/300/300 296/296/296
f 300/300/300 301/301/301 297/297/297
f 272/272/272 302/302/302 299/299/299
f 260/260/260 302/302/302 272/272/272
f 260/260/260 253/253/253 302/302/302
f 299/299/299 303/303/303 300/300/300
f 302/302/302 303/303/303 299/299/299
f 303/303/303 304/304/304 300/300/300
f 253/253/253 305/305/305 302/302/302
f 302/302/302 305/305/305 303/303/303
f 305/305/305 306/306/306 303/303/303
f 253/253/253 248/248/248 305/305/305
f 248/248/248 307/307/307 305/305/305
f 308/308/308 310/310/310 309/309/309
f 308/308/308 311/311/311 310/310/310
f 312/312/312 311/311/311 308/308/308
f 311/311/311 313/313/313 310/310/310
f 312/312/312 314/314/314 311/311/311
f 315/315/315 314/314/314 312/312/312
f 311/311/311 316/316/316 313/313/313
f 314/314/314 316/316/316 311/311/311
f 315/315/315 317/317/317 314/314/314
f 318/318/318 317/317/317 315/315/315
f 319/319/319 313/313/313 316/316/316
f 319/319/319 320/320/320 313/313/313
f 319/319/319 321/321/321 320/320/320
f 314/314/314 322/322/322 316/316/316
f 317/317/317 322/322/322 314/314/314
f 318/318/318 323/323/323 317/317/317
f 324/324/324 323/323/323 318/318/318
f 325/325/325 319/319/319 316/316/316
f 325/325/325 316/316/316 322/322/322
f 319/319/319 326/326/326 321/321/321
f 325/325/325 326/326/326 319/319/319
f 317/317/317 327/327/327 322/322/322
f 323/323/323 327/327/327 317/317/317
f 324/324/324 328/328/328 323/323/323
f 329/329/329 328/328/328 324/324/324
f 330/330/330 321/321/321 326/326/326
f 330/330/330 331/331/331 321/321/321
f 330/330/330 332/332/332 331/331/331
f 325/325/325 333/333/333 326/326/326
f 333/333/333 330/330/330 326/326/326
f 334/334/334 325/325/325 322/322/322
f 334/334/334 322/322/322 327/327/327
f 334/334/334 333/333/333 325/325/325
f 323/323/323 335/335/335 327/327/327
f 328/328/328 335/335/335 323/323/323
f 329/329/329 336/336/336 328/328/328
f 337/337/337 336/336/336 329/329/329
f 330/330/330 338/338/338 332/332/332
f 338/338/338 339/339/339 332/332/332
f 340/340/340 334/334/334 327/327/327
f 340/340/340 327/327/327 335/335/335
f 334/334/334 341/341/341 333/333/333
f 340/340/340 341/341/341 334/334/334
f 333/333/333 342/342/342 330/330/330
f 342/342/342 338/338/338 330/330/330
f 341/341/341 342/342/342 333/333/333
f 328/328/328 343/343/343 335/335/335
f 336/336/336 343/343/343 328/328/328
f 337/337/337 344/344/344 336/336/336
f 345/345/345 344/344/344 337/337/337
f 346/346/346 340/340/340 335/335/335
f 346/346/346 335/335/335 343/343/343
f 336/336/336 347/347/347 343/343/343
f 344/344/344 347/347/347 336/336/336
f 347/347/347 346/346/346 343/343/343
f 340/340/340 348/348/348 341/341/341
f 346/346/346 348/348/348 340/340/340
f 345/345/345 349/349/349 344/344/344
f 350/350/350 349/349/349 345/345/345
f 344/344/344 351/351/351 347/347/347
f 349/349/349 351/351/351 344/344/344
f 347/347/347 352/352/352 346/346/346
f 351/351/351 352/352/352 347/347/347
f 350/350/350 353/353/353 349/349/349
f 354/354/354 353/353/353 350/350/350
f 349/349/349 355/355/355 351/351/351
f 353/353/353 355/355/355 349/349/349
f 354/354/354 356/356/356 353/353/353
f 357/357/357 356/356/356 354/354/354
f 348/348/348 358/358/358 341/341/341
f 341/341/341 358/358/358 342/342/342
f 346/346/346 359/359/359 348/348/348
f 352/352/352 359/359/359 346/346/346
f 355/355/355 360/360/360 351/351/351
f 351/351/351 360/360/360 352/352/352
f 353/353/353 361/361/361 355/355/355
f 356/356/356 361/361/361 353/353/353
f 357/357/357 362/362/362 356/356/356
f 363/363/363 362/362/362 357/357/357
f 348/348/348 364/364/364 358/358/358
f 359/359/359 364/364/364 348/348/348
f 355/355/355 365/365/365 360/360/360
f 361/361/361 365/365/365 355/355/355
f 356/356/356 366/366/366 361/361/361
f 362/362/362 366/366/366 356/356/356
f 363/363/363 367/367/367 362/362/362
f 368/368/368 367/367/367 363/363/363
f 361/361/361 369/369/369 365/365/365
f 366/366/366 369/369/369 361/361/361
f 362/362/362 370/370/370 366/366/366
f 367/367/367 370/370/370 362/362/362
f 368/368/368 371/371/371 367/367/367
f 372/372/372 371/371/371 368/368/368
f 366/366/366 373/373/373 369/369/369
f 370/370/370 373/373/373 366/366/366
f 367/367/367 374/374/374 370/370/370
f 371/371/371 374/374/374 367/367/367
f 372/372/372 375/375/375 371/371/371
f 376/376/376 375/375/375 372/372/372
f 370/370/370 377/377/377 373/373/373
f 374/374/374 377/377/377 370/370/370
f 371/371/371 378/378/378 374/374/374
f 375/375/375 378/378/378 371/371/371
f 376/376/376 379/379/379 375/375/375
f 380/380/380 379/379/379 376/376/376
f 374/374/374 381/381/381 377/377/377
f 378/378/378 381/381/381 374/374/374
f 382/382/382 373/373/373 377/377/377
f 381/381/381 382/382/382 377/377/377
f 383/383/383 369/369/369 373/373/373
f 382/382/382 383/383/383 373/373/373
f 375/375/375 384/384/384 378/378/378
f 379/379/379 384/384/384 375/375/375
f 380/380/380 385/385/385 379/379/379
f 386/386/386 385/385/385 380/380/380
f 378/378/378 387/387/387 381/381/381
f 384/384/384 387/387/387 378/378/378
f 379/379/379 388/388/388 384/384/384
f 385/385/385 388/388/388 379/379/379
f 386/386/386 389/389/389 385/385/385
f 390/390/390 389/389/389 386/386/386
f 383/383/383 391/391/391 369/369/369
f 391/391/391 365/365/365 369/369/369
f 387/387/387 392/392/392 381/381/381
f 381/381/381 392/392/392 382/382/382
f 384/384/384 393/393/393 387/387/387
f 388/388/388 393/393/393 384/384/384
f 385/385/385 394/394/394 388/388/388
f 389/389/389 394/394/394 385/385/385
f 390/390/390 395/395/395 389/389/389
f 396/396/396 395/395/395 390/390/390
f 391/391/391 397/397/397 365/365/365
f 397/397/397 360/360/360 365/365/365
f 387/387/387 398/398/398 392/392/392
f 393/393/393 398/398/398 387/387/387
f 388/388/388 399/399/399 393/393/393
f 394/394/394 399/399/399 388/388/388
f 389/389/389 400/400/400 394/394/394
f 395/395/395 400/400/400 389/389/389
f 396/396/396 401/401/401 395/395/395
f 402/402/402 401/401/401 396/396/396
f 397/397/397 403/403/403 360/360/360
f 403/403/403 352/352/352 360/360/360
f 393/393/393 404/404/404 398/398/398
f 399/399/399 404/404/404 393/393/393
f 395/395/395 405/405/405 400/400/400
f 401/401/401 405/405/405 395/395/395
f 402/402/402 406/406/406 401/401/401
f 407/407/407 406/406/406 402/402/402
f 407/407/407 408/408/408 406/406/406
f 406/406/406 409/409/409 401/401/401
f 401/401/401 409/409/409 405/405/405
f 408/408/408 410/410/410 406/406/406
f 406/406/406 410/410/410 409/409/409
f 408/408/408 411/411/411 410/410/410
f 411/411/411 412/412/412 410/410/410
f 412/412/412 409/409/409 410/410/410
f 411/411/411 413/413/413 412/412/412
f 414/414/414 405/405/405 409/409/409
f 412/412/412 414/414/414 409/409/409
f 415/415/415 400/400/400 405/405/405
f 414/414/414 415/415/415 405/405/405
f 413/413/413 416/416/416 412/412/412
f 413/413/413 417/417/417 416/416/416
f 418/418/418 416/416/416 417/417/417
f 412/412/412 419/419/419 414/414/414
f 412/412/412 416/416/416 419/419/419
f 415/415/415 420/420/420 400/400/400
f 420/420/420 394/394/394 400/400/400
f 414/414/414 421/421/421 415/415/415
f 414/414/414 419/419/419 421/421/421
f 420/420/420 422/422/422 394/394/394
f 394/394/394 422/422/422 399/399/399
f 415/415/415 423/423/423 420/420/420
f 415/415/415 421/421/421 423/423/423
f 422/422/422 424/424/424 399/399/399
f 399/399/399 424/424/424 404/404/404
f 420/420/420 425/425/425 422/422/422
f 420/420/420 423/423/423 425/425/425
f 422/422/422 425/425/425 424/424/424
f 421/421/421 426/426/426 423/423/423
f 426/426/426 425/425/425 423/423/423
f 419/419/419 427/427/427 421/421/421
f 421/421/421 427/427/427 426/426/426
f 416/416/416 428/428/428 419/419/419
f 419/419/419 428/428/428 427/427/427
f 429/429/429 424/424/424 425/425/425
f 426/426/426 429/429/429 425/425/425
f 430/430/430 404/404/404 424/424/424
f 429/429/429 430/430/430 424/424/424
f 416/416/416 431/431/431 428/428/428
f 418/418/418 431/431/431 416/416/416
f 418/418/418 432/432/432 431/431/431
f 432/432/432 428/428/428 431/431/431
f 418/418/418 433/433/433 432/432/432
f 434/434/434 427/427/427 428/428/428
f 432/432/432 434/434/434 428/428/428
f 433/433/433 435/435/435 432/432/432
f 433/433/433 436/436/436 435/435/435
f 437/437/437 435/435/435 436/436/436
f 430/430/430 438/438/438 404/404/404
f 438/438/438 398/398/398 404/404/404
f 432/432/432 439/439/439 434/434/434
f 432/432/432 435/435/435 439/439/439
f 438/438/438 440/440/440 398/398/398
f 440/440/440 392/392/392 398/398/398
f 434/434/434 441/441/441 427/427/427
f 434/434/434 439/439/439 442/442/442
f 434/434/434 442/442/442 441/441/441
f 435/435/435 443/443/443 439/439/439
f 443/443/443 442/442/442 439/439/439
f 437/437/437 444/444/444 435/435/435
f 435/435/435 444/444/444 443/443/443
f 427/427/427 441/441/441 445/445/445
f 427/427/427 445/445/445 426/426/426
f 441/441/441 442/442/442 446/446/446
f 441/441/441 446/446/446 445/445/445
f 437/437/437 447/447/447 444/444/444
f 437/437/437 448/448/448 447/447/447
f 426/426/426 445/445/445 449/449/449
f 426/426/426 449/449/449 429/429/429
f 443/443/443 450/450/450 442/442/442
f 450/450/450 446/446/446 442/442/442
f 444/444/444 451/451/451 443/443/443
f 444/444/444 447/447/447 451/451/451
f 448/448/448 452/452/452 447/447/447
f 448/448/448 453/453/453 452/452/452
f 445/445/445 446/446/446 454/454/454
f 445/445/445 454/454/454 449/449/449
f 429/429/429 449/449/449 455/455/455
f 429/429/429 455/455/455 430/430/430
f 447/447/447 452/452/452 456/456/456
f 447/447/447 456/456/456 451/451/451
f 453/453/453 457/457/457 452/452/452
f 457/457/457 456/456/456 452/452/452
f 453/453/453 458/458/458 457/457/457
f 459/459/459 454/454/454 446/446/446
f 450/450/450 459/459/459 446/446/446
f 449/449/449 454/454/454 460/460/460
f 449/449/449 460/460/460 455/455/455
f 430/430/430 455/455/455 461/461/461
f 430/430/430 461/461/461 438/438/438
f 458/458/458 462/462/462 457/457/457
f 458/458/458 463/463/463 462/462/462
f 459/459/459 464/464/464 454/454/454
f 464/464/464 460/460/460 454/454/454
f 455/455/455 460/460/460 465/465/465
f 455/455/455 465/465/465 461/461/461
f 438/438/438 461/461/461 466/466/466
f 438/438/438 466/466/466 440/440/440
f 461/461/461 467/467/467 466/466/466
f 461/461/461 465/465/465 467/467/467
f 440/440/440 466/466/466 468/468/468
f 467/467/467 468/468/468 466/466/466
f 463/463/463 469/469/469 462/462/462
f 463/463/463 470/470/470 469/469/469
f 464/464/464 471/471/471 460/460/460
f 471/471/471 465/465/465 460/460/460
f 440/440/440 468/468/468 472/472/472
f 440/440/440 472/472/472 392/392/392
f 392/392/392 472/472/472 473/473/473
f 392/392/392 473/473/473 382/382/382
f 472/472/472 468/468/468 474/474/474
f 472/472/472 474/474/474 473/473/473
f 382/382/382 473/473/473 475/475/475
f 382/382/382 475/475/475 383/383/383
f 470/470/470 476/476/476 469/469/469
f 470/470/470 477/477/477 476/476/476
f 477/477/477 478/478/478 476/476/476
f 469/469/469 476/476/476 479/479/479
f 476/476/476 480/480/480 479/479/479
f 469/469/469 479/479/479 481/481/481
f 462/462/462 469/469/469 481/481/481
f 482/482/482 474/474/474 468/468/468
f 467/467/467 482/482/482 468/468/468
f 383/383/383 475/475/475 483/483/483
f 383/383/383 483/483/483 391/391/391
f 481/481/481 479/479/479 484/484/484
f 479/479/479 485/485/485 484/484/484
f 462/462/462 481/481/481 486/486/486
f 457/457/457 462/462/462 486/486/486
f 481/481/481 484/484/484 487/487/487
f 486/486/486 481/481/481 487/487/487
f 457/457/457 486/486/486 488/488/488
f 457/457/457 488/488/488 456/456/456
f 391/391/391 483/483/483 489/489/489
f 391/391/391 489/489/489 397/397/397
f 487/487/487 484/484/484 490/490/490
f 484/484/484 491/491/491 490/490/490
f 486/486/486 487/487/487 492/492/492
f 488/488/488 486/486/486 492/492/492
f 488/488/488 493/493/493 456/456/456
f 451/451/451 456/456/456 493/493/493
f 487/487/487 490/490/490 494/494/494
f 492/492/492 487/487/487 494/494/494
f 488/488/488 492/492/492 495/495/495
f 488/488/488 495/495/495 493/493/493
f 451/451/451 493/493/493 496/496/496
f 443/443/443 451/451/451 496/496/496
f 443/443/443 496/496/496 450/450/450
f 496/496/496 493/493/493 497/497/497
f 495/495/495 497/497/497 493/493/493
f 450/450/450 496/496/496 498/498/498
f 496/496/496 497/497/497 498/498/498
f 450/450/450 498/498/498 459/459/459
f 495/495/495 492/492/492 499/499/499
f 492/492/492 494/494/494 499/499/499
f 494/494/494 490/490/490 500/500/500
f 490/490/490 501/501/501 500/500/500
f 495/495/495 502/502/502 497/497/497
f 495/495/495 499/499/499 502/502/502
f 459/459/459 498/498/498 503/503/503
f 459/459/459 503/503/503 464/464/464
f 498/498/498 497/497/497 504/504/504
f 502/502/502 504/504/504 497/497/497
f 498/498/498 504/504/504 503/503/503
f 499/499/499 494/494/494 505/505/505
f 494/494/494 500/500/500 505/505/505
f 464/464/464 503/503/503 506/506/506
f 464/464/464 506/506/506 471/471/471
f 502/502/502 499/499/499 507/507/507
f 499/499/499 505/505/505 507/507/507
f 505/505/505 500/500/500 508/508/508
f 500/500/500 509/509/509 508/508/508
f 503/503/503 510/510/510 506/506/506
f 503/503/503 504/504/504 510/510/510
f 471/471/471 506/506/506 511/511/511
f 510/510/510 511/511/511 506/506/506
f 502/502/502 512/512/512 504/504/504
f 502/502/502 507/507/507 512/512/512
f 507/507/507 505/505/505 513/513/513
f 505/505/505 508/508/508 513/513/513
f 504/504/504 512/512/512 514/514/514
f 504/504/504 514/514/514 510/510/510
f 512/512/512 507/507/507 515/515/515
f 507/507/507 513/513/513 515/515/515
f 512/512/512 515/515/515 514/514/514
f 513/513/513 508/508/508 516/516/516
f 508/508/508 517/517/517 516/516/516
f 515/515/515 513/513/513 518/518/518
f 513/513/513 516/516/516 518/518/518
f 514/514/514 515/515/515 519/519/519
f 515/515/515 518/518/518 519/519/519
f 510/510/510 514/514/514 520/520/520
f 514/514/514 519/519/519 520/520/520
f 518/518/518 516/516/516 521/521/521
f 516/516/516 522/522/522 521/521/521
f 519/519/519 518/518/518 523/523/523
f 518/518/518 521/521/521 523/523/523
f 510/510/510 520/520/520 524/524/524
f 510/510/510 524/524/524 511/511/511
f 520/520/520 519/519/519 525/525/525
f 519/519/519 523/523/523 525/525/525
f 523/523/523 521/521/521 526/526/526
f 521/521/521 527/527/527 526/526/526
f 523/523/523 526/526/526 528/528/528
f 525/525/525 523/523/523 528/528/528
f 520/520/520 525/525/525 529/529/529
f 524/524/524 520/520/520 529/529/529
f 528/528/528 526/526/526 530/530/530
f 526/526/526 531/531/531 530/530/530
f 525/525/525 528/528/528 532/532/532
f 529/529/529 525/525/525 532/532/532
f 528/528/528 530/530/530 533/533/533
f 532/532/532 528/528/528 533/533/533
f 533/533/533 530/530/530 534/534/534
f 530/530/530 535/535/535 534/534/534
f 524/524/524 529/529/529 536/536/536
f 529/529/529 532/532/532 537/537/537
f 536/536/536 529/529/529 537/537/537
f 532/532/532 533/533/533 538/538/538
f 537/537/537 532/532/532 538/538/538
f 533/533/533 534/534/534 539/539/539
f 538/538/538 533/533/533 539/539/539
f 524/524/524 536/536/536 540/540/540
f 524/524/524 540/540/540 511/511/511
f 539/539/539 534/534/534 541/541/541
f 534/534/534 542/542/542 541/541/541
f 543/543/543 511/511/511 540/540/540
f 471/471/471 511/511/511 543/543/543
f 471/471/471 543/543/543 465/465/465
f 465/465/465 543/543/543 544/544/544
f 543/543/543 540/540/540 544/544/544
f 465/465/465 544/544/544 467/467/467
f 536/536/536 545/545/545 540/540/540
f 544/544/544 540/540/540 545/545/545
f 467/467/467 544/544/544 546/546/546
f 544/544/544 545/545/545 546/546/546
f 467/467/467 546/546/546 482/482/482
f 536/536/536 547/547/547 545/545/545
f 536/536/536 537/537/537 547/547/547
f 546/546/546 545/545/545 548/548/548
f 547/547/547 548/548/548 545/545/545
f 482/482/482 546/546/546 549/549/549
f 546/546/546 548/548/548 549/549/549
f 547/547/547 537/537/537 550/550/550
f 537/537/537 538/538/538 550/550/550
f 547/547/547 551/551/551 548/548/548
f 547/547/547 550/550/550 551/551/551
f 538/538/538 552/552/552 550/550/550
f 551/551/551 550/550/550 552/552/552
f 551/551/551 553/553/553 548/548/548
f 549/549/549 548/548/548 553/553/553
f 482/482/482 549/549/549 554/554/554
f 482/482/482 554/554/554 474/474/474
f 538/538/538 555/555/555 552/552/552
f 538/538/538 539/539/539 555/555/555
f 551/551/551 552/552/552 556/556/556
f 551/551/551 556/556/556 553/553/553
f 556/556/556 552/552/552 557/557/557
f 555/555/555 557/557/557 552/552/552
f 555/555/555 539/539/539 558/558/558
f 539/539/539 541/541/541 558/558/558
f 554/554/554 549/549/549 559/559/559
f 549/549/549 553/553/553 559/559/559
f 554/554/554 560/560/560 474/474/474
f 473/473/473 474/474/474 560/560/560
f 473/473/473 560/560/560 475/475/475
f 553/553/553 556/556/556 561/561/561
f 556/556/556 557/557/557 561/561/561
f 555/555/555 562/562/562 557/557/557
f 555/555/555 558/558/558 562/562/562
f 558/558/558 541/541/541 563/563/563
f 541/541/541 564/564/564 563/563/563
f 554/554/554 565/565/565 560/560/560
f 554/554/554 559/559/559 565/565/565
f 475/475/475 560/560/560 566/566/566
f 565/565/565 566/566/566 560/560/560
f 475/475/475 566/566/566 483/483/483
f 558/558/558 563/563/563 567/567/567
f 562/562/562 558/558/558 567/567/567
f 562/562/562 568/568/568 557/557/557
f 561/561/561 557/557/557 568/568/568
f 483/483/483 566/566/566 569/569/569
f 483/483/483 569/569/569 489/489/489
f 565/565/565 570/570/570 566/566/566
f 570/570/570 569/569/569 566/566/566
f 565/565/565 559/559/559 571/571/571
f 565/565/565 571/571/571 570/570/570
f 559/559/559 572/572/572 571/571/571
f 559/559/559 553/553/553 572/572/572
f 553/553/553 561/561/561 572/572/572
f 570/570/570 571/571/571 573/573/573
f 572/572/572 573/573/573 571/571/571
f 572/572/572 561/561/561 574/574/574
f 561/561/561 568/568/568 574/574/574
f 562/562/562 575/575/575 568/568/568
f 562/562/562 567/567/567 575/575/575
f 570/570/570 576/576/576 569/569/569
f 570/570/570 573/573/573 576/576/576
f 572/572/572 577/577/577 573/573/573
f 572/572/572 574/574/574 577/577/577
f 574/574/574 568/568/568 578/578/578
f 575/575/575 578/578/578 568/568/568
f 576/576/576 573/573/573 579/579/579
f 577/577/577 579/579/579 573/573/573
f 569/569/569 576/576/576 580/580/580
f 576/576/576 579/579/579 580/580/580
f 577/577/577 574/574/574 581/581/581
f 574/574/574 578/578/578 581/581/581
f 577/577/577 582/582/582 579/579/579
f 577/577/577 581/581/581 582/582/582
f 569/569/569 580/580/580 583/583/583
f 489/489/489 569/569/569 583/583/583
f 580/580/580 579/579/579 584/584/584
f 582/582/582 584/584/584 579/579/579
f 489/489/489 583/583/583 585/585/585
f 397/397/397 489/489/489 585/585/585
f 397/397/397 585/585/585 403/403/403
f 403/403/403 585/585/585 586/586/586
f 583/583/583 586/586/586 585/585/585
f 583/583/583 580/580/580 587/587/587
f 580/580/580 584/584/584 587/587/587
f 403/403/403 586/586/586 588/588/588
f 403/403/403 588/588/588 352/352/352
f 352/352/352 588/588/588 359/359/359
f 588/588/588 589/589/589 359/359/359
f 588/588/588 586/586/586 589/589/589
f 359/359/359 589/589/589 364/364/364
f 583/583/583 590/590/590 586/586/586
f 590/590/590 589/589/589 586/586/586
f 583/583/583 587/587/587 590/590/590
f 591/591/591 364/364/364 589/589/589
f 590/590/590 591/591/591 589/589/589
f 590/590/590 587/587/587 592/592/592
f 590/590/590 592/592/592 591/591/591
f 587/587/587 584/584/584 593/593/593
f 587/587/587 593/593/593 592/592/592
f 591/591/591 594/594/594 364/364/364
f 594/594/594 358/358/358 364/364/364
f 591/591/591 592/592/592 595/595/595
f 591/591/591 595/595/595 594/594/594
f 594/594/594 596/596/596 358/358/358
f 596/596/596 342/342/342 358/358/358
f 597/597/597 593/593/593 584/584/584
f 582/582/582 597/597/597 584/584/584
f 592/592/592 593/593/593 598/598/598
f 592/592/592 598/598/598 595/595/595
f 594/594/594 595/595/595 599/599/599
f 594/594/594 599/599/599 596/596/596
f 596/596/596 600/600/600 342/342/342
f 342/342/342 600/600/600 338/338/338
f 595/595/595 601/601/601 599/599/599
f 595/595/595 598/598/598 601/601/601
f 596/596/596 599/599/599 602/602/602
f 596/596/596 602/602/602 600/600/600
f 601/601/601 602/602/602 599/599/599
f 600/600/600 603/603/603 338/338/338
f 600/600/600 602/602/602 603/603/603
f 338/338/338 603/603/603 339/339/339
f 604/604/604 603/603/603 602/602/602
f 601/601/601 604/604/604 602/602/602
f 605/605/605 339/339/339 603/603/603
f 604/604/604 605/605/605 603/603/603
f 605/605/605 606/606/606 339/339/339
f 605/605/605 607/607/607 606/606/606
f 605/605/605 608/608/608 607/607/607
f 604/604/604 608/608/608 605/605/605
f 608/608/608 609/609/609 607/607/607
f 601/601/601 610/610/610 604/604/604
f 604/604/604 610/610/610 608/608/608
f 608/608/608 611/611/611 609/609/609
f 610/610/610 611/611/611 608/608/608
f 601/601/601 612/612/612 610/610/610
f 598/598/598 612/612/612 601/601/601
f 613/613/613 609/609/609 611/611/611
f 613/613/613 614/614/614 609/609/609
f 613/613/613 615/615/615 614/614/614
f 610/610/610 616/616/616 611/611/611
f 612/612/612 616/616/616 610/610/610
f 617/617/617 613/613/613 611/611/611
f 617/617/617 611/611/611 616/616/616
f 613/613/613 618/618/618 615/615/615
f 617/617/617 618/618/618 613/613/613
f 618/618/618 619/619/619 615/615/615
f 612/612/612 620/620/620 616/616/616
f 620/620/620 617/617/617 616/616/616
f 598/598/598 621/621/621 612/612/612
f 621/621/621 620/620/620 612/612/612
f 618/618/618 622/622/622 619/619/619
f 622/622/622 623/623/623 619/619/619
f 617/617/617 624/624/624 618/618/618
f 624/624/624 622/622/622 618/618/618
f 625/625/625 621/621/621 598/598/598
f 625/625/625 598/598/598 593/593/593
f 597/597/597 625/625/625 593/593/593
f 622/622/622 626/626/626 623/623/623
f 626/626/626 627/627/627 623/623/623
f 625/625/625 628/628/628 621/621/621
f 621/621/621 628/628/628 620/620/620
f 620/620/620 629/629/629 617/617/617
f 629/629/629 624/624/624 617/617/617
f 597/597/597 630/630/630 625/625/625
f 625/625/625 630/630/630 628/628/628
f 624/624/624 631/631/631 622/622/622
f 631/631/631 626/626/626 622/622/622
f 632/632/632 620/620/620 628/628/628
f 632/632/632 629/629/629 620/620/620
f 629/629/629 633/633/633 624/624/624
f 633/633/633 631/631/631 624/624/624
f 632/632/632 633/633/633 629/629/629
f 597/597/597 634/634/634 630/630/630
f 582/582/582 634/634/634 597/597/597
f 582/582/582 581/581/581 634/634/634
f 635/635/635 628/628/628 630/630/630
f 635/635/635 632/632/632 628/628/628
f 634/634/634 635/635/635 630/630/630
f 581/581/581 636/636/636 634/634/634
f 634/634/634 636/636/636 635/635/635
f 581/581/581 578/578/578 636/636/636
f 631/631/631 637/637/637 626/626/626
f 637/637/637 638/638/638 626/626/626
f 632/632/632 639/639/639 633/633/633
f 635/635/635 639/639/639 632/632/632
f 633/633/633 640/640/640 631/631/631
f 640/640/640 637/637/637 631/631/631
f 639/639/639 640/640/640 633/633/633
f 635/635/635 641/641/641 639/639/639
f 636/636/636 641/641/641 635/635/635
f 642/642/642 636/636/636 578/578/578
f 575/575/575 642/642/642 578/578/578
f 640/640/640 643/643/643 637/637/637
f 643/643/643 644/644/644 637/637/637
f 639/639/639 645/645/645 640/640/640
f 645/645/645 643/643/643 640/640/640
f 641/641/641 645/645/645 639/639/639
f 636/636/636 646/646/646 641/641/641
f 642/642/642 646/646/646 636/636/636
f 575/575/575 647/647/647 642/642/642
f 575/575/575 567/567/567 647/647/647
f 645/645/645 648/648/648 643/643/643
f 648/648/648 649/649/649 643/643/643
f 641/641/641 650/650/650 645/645/645
f 646/646/646 650/650/650 641/641/641
f 650/650/650 648/648/648 645/645/645
f 642/642/642 651/651/651 646/646/646
f 646/646/646 651/651/651 650/650/650
f 642/642/642 647/647/647 651/651/651
f 650/650/650 652/652/652 648/648/648
f 651/651/651 652/652/652 650/650/650
f 652/652/652 653/653/653 648/648/648
f 651/651/651 654/654/654 652/652/652
f 647/647/647 654/654/654 651/651/651
f 654/654/654 655/655/655 652/652/652
f 567/567/567 656/656/656 647/647/647
f 647/647/647 656/656/656 654/654/654
f 656/656/656 657/657/657 654/654/654
f 567/567/567 563/563/563 656/656/656
f 563/563/563 658/658/658 656/656/656
f 659/659/659 661/661/661 660/660/660
f 659/659/659 662/662/662 661/661/661
f 663/663/663 662/662/662 659/659/659
f 662/662/662 664/664/664 661/661/661
f 663/663/663 665/665/665 662/662/662
f 666/666/666 665/665/665 663/663/663
f 662/662/662 667/667/667 664/664/664
f 665/665/665 667/667/667 662/662/662
f 667/667/667 668/668/668 664/664/664
f 666/666/666 669/669/669 665/665/665
f 670/670/670 669/669/669 666/666/666
f 665/665/665 671/671/671 667/667/667
f 669/669/669 671/671/671 665/665/665
f 667/667/667 672/672/672 668/668/668
f 671/671/671 672/672/672 667/667/667
f 672/672/672 673/673/673 668/668/668
f 670/670/670 674/674/674 669/669/669
f 675/675/675 674/674/674 670/670/670
f 669/669/669 676/676/676 671/671/671
f 674/674/674 676/676/676 669/669/669
f 671/671/671 677/677/677 672/672/672
f 676/676/676 677/677/677 671/671/671
f 672/672/672 678/678/678 673/673/673
f 677/677/677 678/678/678 672/672/672
f 678/678/678 679/679/679 673/673/673
f 675/675/675 680/680/680 674/674/674
f 681/681/681 680/680/680 675/675/675
f 674/674/674 682/682/682 676/676/676
f 680/680/680 682/682/682 674/674/674
f 676/676/676 683/683/683 677/677/677
f 682/682/682 683/683/683 676/676/676
f 677/677/677 684/684/684 678/678/678
f 683/683/683 684/684/684 677/677/677
f 678/678/678 685/685/685 679/679/679
f 684/684/684 685/685/685 678/678/678
f 685/685/685 686/686/686 679/679/679
f 681/681/681 687/687/687 680/680/680
f 688/688/688 687/687/687 681/681/681
f 680/680/680 689/689/689 682/682/682
f 687/687/687 689/689/689 680/680/680
f 682/682/682 690/690/690 683/683/683
f 689/689/689 690/690/690 682/682/682
f 683/683/683 691/691/691 684/684/684
f 690/690/690 691/691/691 683/683/683
f 684/684/684 692/692/692 685/685/685
f 691/691/691 692/692/692 684/684/684
f 685/685/685 693/693/693 686/686/686
f 692/692/692 693/693/693 685/685/685
f 693/693/693 694/694/694 686/686/686
f 688/688/688 695/695/695 687/687/687
f 696/696/696 695/695/695 688/688/688
f 687/687/687 697/697/697 689/689/689
f 695/695/695 697/697/697 687/687/687
f 689/689/689 698/698/698 690/690/690
f 697/697/697 698/698/698 689/689/689
f 690/690/690 699/699/699 691/691/691
f 698/698/698 699/699/699 690/690/690
f 691/691/691 700/700/700 692/692/692
f 699/699/699 700/700/700 691/691/691
f 692/692/692 701/701/701 693/693/693
f 700/700/700 701/701/701 692/692/692
f 693/693/693 702/702/702 694/694/694
f 701/701/701 702/702/702 693/693/693
f 702/702/702 703/703/703 694/694/694
f 702/702/702 704/704/704 703/703/703
f 704/704/704 705/705/705 703/703/703
f 701/701/701 706/706/706 702/702/702
f 706/706/706 704/704/704 702/702/702
f 700/700/700 707/707/707 701/701/701
f 707/707/707 706/706/706 701/701/701
f 699/699/699 708/708/708 700/700/700
f 708/708/708 707/707/707 700/700/700
f 698/698/698 709/709/709 699/699/699
f 709/709/709 708/708/708 699/699/699
f 704/704/704 710/710/710 705/705/705
f 710/710/710 711/711/711 705/705/705
f 706/706/706 712/712/712 704/704/704
f 712/712/712 710/710/710 704/704/704
f 707/707/707 713/713/713 706/706/706
f 713/713/713 712/712/712 706/706/706
f 708/708/708 714/714/714 707/707/707
f 714/714/714 713/713/713 707/707/707
f 710/710/710 715/715/715 711/711/711
f 715/715/715 716/716/716 711/711/711
f 712/712/712 717/717/717 710/710/710
f 717/717/717 715/715/715 710/710/710
f 713/713/713 718/718/718 712/712/712
f 718/718/718 717/717/717 712/712/712
f 715/715/715 719/719/719 716/716/716
f 719/719/719 720/720/720 716/716/716
f 717/717/717 721/721/721 715/715/715
f 721/721/721 719/719/719 715/715/715
f 719/719/719 722/722/722 720/720/720
f 722/722/722 723/723/723 720/720/720
f 724/724/724 722/722/722 719/719/719
f 721/721/721 724/724/724 719/719/719
f 725/725/725 721/721/721 717/717/717
f 718/718/718 725/725/725 717/717/717
f 726/726/726 718/718/718 713/713/713
f 714/714/714 726/726/726 713/713/713
f 724/724/724 727/727/727 722/722/722
f 727/727/727 728/728/728 722/722/722
f 729/729/729 724/724/724 721/721/721
f 725/725/725 729/729/729 721/721/721
f 730/730/730 725/725/725 718/718/718
f 726/726/726 730/730/730 718/718/718
f 731/731/731 727/727/727 724/724/724
f 729/729/729 731/731/731 724/724/724
f 732/732/732 729/729/729 725/725/725
f 730/730/730 732/732/732 725/725/725
f 731/731/731 733/733/733 727/727/727
f 733/733/733 734/734/734 727/727/727
f 735/735/735 731/731/731 729/729/729
f 732/732/732 735/735/735 729/729/729
f 736/736/736 733/733/733 731/731/731
f 735/735/735 736/736/736 731/731/731
f 736/736/736 737/737/737 733/733/733
f 737/737/737 738/738/738 733/733/733
f 739/739/739 730/730/730 726/726/726
f 740/740/740 732/732/732 730/730/730
f 739/739/739 740/740/740 730/730/730
f 741/741/741 735/735/735 732/732/732
f 740/740/740 741/741/741 732/732/732
f 742/742/742 736/736/736 735/735/735
f 741/741/741 742/742/742 735/735/735
f 743/743/743 737/737/737 736/736/736
f 742/742/742 743/743/743 736/736/736
f 744/744/744 739/739/739 726/726/726
f 744/744/744 726/726/726 714/714/714
f 743/743/743 745/745/745 737/737/737
f 745/745/745 746/746/746 737/737/737
f 747/747/747 744/744/744 714/714/714
f 747/747/747 714/714/714 708/708/708
f 709/709/709 747/747/747 708/708/708
f 748/748/748 742/742/742 741/741/741
f 749/749/749 743/743/743 742/742/742
f 748/748/748 749/749/749 742/742/742
f 750/750/750 745/745/745 743/743/743
f 749/749/749 750/750/750 743/743/743
f 751/751/751 748/748/748 741/741/741
f 751/751/751 741/741/741 740/740/740
f 750/750/750 752/752/752 745/745/745
f 752/752/752 753/753/753 745/745/745
f 754/754/754 751/751/751 740/740/740
f 754/754/754 740/740/740 739/739/739
f 755/755/755 754/754/754 739/739/739
f 755/755/755 739/739/739 744/744/744
f 756/756/756 744/744/744 747/747/747
f 756/756/756 755/755/755 744/744/744
f 757/757/757 756/756/756 747/747/747
f 757/757/757 747/747/747 709/709/709
f 758/758/758 757/757/757 709/709/709
f 758/758/758 709/709/709 698/698/698
f 697/697/697 758/758/758 698/698/698
f 759/759/759 758/758/758 697/697/697
f 695/695/695 759/759/759 697/697/697
f 760/760/760 757/757/757 758/758/758
f 759/759/759 760/760/760 758/758/758
f 761/761/761 756/756/756 757/757/757
f 760/760/760 761/761/761 757/757/757
f 762/762/762 755/755/755 756/756/756
f 761/761/761 762/762/762 756/756/756
f 763/763/763 754/754/754 755/755/755
f 762/762/762 763/763/763 755/755/755
f 764/764/764 759/759/759 695/695/695
f 696/696/696 764/764/764 695/695/695
f 765/765/765 764/764/764 696/696/696
f 766/766/766 760/760/760 759/759/759
f 764/764/764 766/766/766 759/759/759
f 765/765/765 767/767/767 764/764/764
f 767/767/767 766/766/766 764/764/764
f 768/768/768 767/767/767 765/765/765
f 769/769/769 761/761/761 760/760/760
f 766/766/766 769/769/769 760/760/760
f 770/770/770 762/762/762 761/761/761
f 769/769/769 770/770/770 761/761/761
f 768/768/768 771/771/771 767/767/767
f 772/772/772 771/771/771 768/768/768
f 767/767/767 773/773/773 766/766/766
f 773/773/773 769/769/769 766/766/766
f 771/771/771 773/773/773 767/767/767
f 772/772/772 774/774/774 771/771/771
f 775/775/775 774/774/774 772/772/772
f 773/773/773 776/776/776 769/769/769
f 776/776/776 770/770/770 769/769/769
f 771/771/771 777/777/777 773/773/773
f 774/774/774 777/777/777 771/771/771
f 777/777/777 776/776/776 773/773/773
f 770/770/770 778/778/778 762/762/762
f 778/778/778 763/763/763 762/762/762
f 775/775/775 779/779/779 774/774/774
f 780/780/780 779/779/779 775/775/775
f 774/774/774 781/781/781 777/777/777
f 779/779/779 781/781/781 774/774/774
f 777/777/777 782/782/782 776/776/776
f 781/781/781 782/782/782 777/777/777
f 776/776/776 783/783/783 770/770/770
f 783/783/783 778/778/778 770/770/770
f 782/782/782 783/783/783 776/776/776
f 780/780/780 784/784/784 779/779/779
f 785/785/785 784/784/784 780/780/780
f 779/779/779 786/786/786 781/781/781
f 784/784/784 786/786/786 779/779/779
f 781/781/781 787/787/787 782/782/782
f 786/786/786 787/787/787 781/781/781
f 782/782/782 788/788/788 783/783/783
f 787/787/787 788/788/788 782/782/782
f 783/783/783 789/789/789 778/778/778
f 788/788/788 789/789/789 783/783/783
f 785/785/785 790/790/790 784/784/784
f 791/791/791 790/790/790 785/785/785
f 784/784/784 792/792/792 786/786/786
f 790/790/790 792/792/792 784/784/784
f 786/786/786 793/793/793 787/787/787
f 792/792/792 793/793/793 786/786/786
f 787/787/787 794/794/794 788/788/788
f 793/793/793 794/794/794 787/787/787
f 791/791/791 795/795/795 790/790/790
f 796/796/796 795/795/795 791/791/791
f 790/790/790 797/797/797 792/792/792
f 795/795/795 797/797/797 790/790/790
f 792/792/792 798/798/798 793/793/793
f 797/797/797 798/798/798 792/792/792
f 796/796/796 799/799/799 795/795/795
f 800/800/800 799/799/799 796/796/796
f 795/795/795 801/801/801 797/797/797
f 799/799/799 801/801/801 795/795/795
f 800/800/800 802/802/802 799/799/799
f 803/803/803 802/802/802 800/800/800
f 794/794/794 804/804/804 788/788/788
f 788/788/788 804/804/804 789/789/789
f 793/793/793 805/805/805 794/794/794
f 798/798/798 805/805/805 793/793/793
f 797/797/797 806/806/806 798/798/798
f 801/801/801 806/806/806 797/797/797
f 799/799/799 807/807/807 801/801/801
f 802/802/802 807/807/807 799/799/799
f 803/803/803 808/808/808 802/802/802
f 809/809/809 808/808/808 803/803/803
f 794/794/794 810/810/810 804/804/804
f 805/805/805 810/810/810 794/794/794
f 798/798/798 811/811/811 805/805/805
f 806/806/806 811/811/811 798/798/798
f 801/801/801 812/812/812 806/806/806
f 807/807/807 812/812/812 801/801/801
f 802/802/802 813/813/813 807/807/807
f 808/808/808 813/813/813 802/802/802
f 809/809/809 814/814/814 808/808/808
f 815/815/815 814/814/814 809/809/809
f 805/805/805 816/816/816 810/810/810
f 811/811/811 816/816/816 805/805/805
f 806/806/806 817/817/817 811/811/811
f 812/812/812 817/817/817 806/806/806
f 807/807/807 818/818/818 812/812/812
f 813/813/813 818/818/818 807/807/807
f 808/808/808 819/819/819 813/813/813
f 814/814/814 819/819/819 808/808/808
f 815/815/815 820/820/820 814/814/814
f 821/821/821 820/820/820 815/815/815
f 821/821/821 822/822/822 820/820/820
f 820/820/820 823/823/823 814/814/814
f 814/814/814 823/823/823 819/819/819
f 822/822/822 824/824/824 820/820/820
f 820/820/820 824/824/824 823/823/823
f 822/822/822 825/825/825 824/824/824
f 819/819/819 826/826/826 813/813/813
f 813/813/813 826/826/826 818/818/818
f 818/818/818 827/827/827 812/812/812
f 812/812/812 827/827/827 817/817/817
f 823/823/823 828/828/828 819/819/819
f 819/819/819 828/828/828 826/826/826
f 825/825/825 829/829/829 824/824/824
f 825/825/825 830/830/830 829/829/829
f 824/824/824 831/831/831 823/823/823
f 823/823/823 831/831/831 828/828/828
f 824/824/824 829/829/829 831/831/831
f 826/826/826 832/832/832 818/818/818
f 818/818/818 832/832/832 827/827/827
f 830/830/830 833/833/833 829/829/829
f 830/830/830 834/834/834 833/833/833
f 828/828/828 835/835/835 826/826/826
f 826/826/826 835/835/835 832/832/832
f 831/831/831 836/836/836 828/828/828
f 828/828/828 836/836/836 835/835/835
f 829/829/829 837/837/837 831/831/831
f 829/829/829 833/833/833 837/837/837
f 831/831/831 837/837/837 836/836/836
f 834/834/834 838/838/838 833/833/833
f 834/834/834 839/839/839 838/838/838
f 833/833/833 840/840/840 837/837/837
f 833/833/833 838/838/838 840/840/840
f 837/837/837 841/841/841 836/836/836
f 837/837/837 840/840/840 841/841/841
f 836/836/836 842/842/842 835/835/835
f 836/836/836 841/841/841 842/842/842
f 835/835/835 843/843/843 832/832/832
f 835/835/835 842/842/842 843/843/843
f 839/839/839 844/844/844 838/838/838
f 839/839/839 845/845/845 844/844/844
f 838/838/838 846/846/846 840/840/840
f 838/838/838 844/844/844 846/846/846
f 840/840/840 847/847/847 841/841/841
f 840/840/840 846/846/846 847/847/847
f 841/841/841 848/848/848 842/842/842
f 841/841/841 847/847/847 848/848/848
f 845/845/845 849/849/849 844/844/844
f 845/845/845 850/850/850 849/849/849
f 844/844/844 851/851/851 846/846/846
f 844/844/844 849/849/849 851/851/851
f 846/846/846 852/852/852 847/847/847
f 846/846/846 851/851/851 852/852/852
f 850/850/850 853/853/853 849/849/849
f 850/850/850 854/854/854 853/853/853
f 849/849/849 855/855/855 851/851/851
f 849/849/849 853/853/853 855/855/855
f 854/854/854 856/856/856 853/853/853
f 854/854/854 857/857/857 856/856/856
f 842/842/842 848/848/848 858/858/858
f 842/842/842 858/858/858 843/843/843
f 847/847/847 859/859/859 848/848/848
f 847/847/847 852/852/852 859/859/859
f 851/851/851 860/860/860 852/852/852
f 851/851/851 855/855/855 860/860/860
f 853/853/853 861/861/861 855/855/855
f 853/853/853 856/856/856 861/861/861
f 857/857/857 862/862/862 856/856/856
f 857/857/857 863/863/863 862/862/862
f 848/848/848 864/864/864 858/858/858
f 848/848/848 859/859/859 864/864/864
f 852/852/852 865/865/865 859/859/859
f 852/852/852 860/860/860 865/865/865
f 855/855/855 866/866/866 860/860/860
f 855/855/855 861/861/861 866/866/866
f 856/856/856 867/867/867 861/861/861
f 856/856/856 862/862/862 867/867/867
f 863/863/863 868/868/868 862/862/862
f 863/863/863 869/869/869 868/868/868
f 859/859/859 870/870/870 864/864/864
f 859/859/859 865/865/865 870/870/870
f 860/860/860 871/871/871 865/865/865
f 860/860/860 866/866/866 871/871/871
f 861/861/861 872/872/872 866/866/866
f 861/861/861 867/867/867 872/872/872
f 862/862/862 873/873/873 867/867/867
f 862/862/862 868/868/868 873/873/873
f 869/869/869 874/874/874 868/868/868
f 869/869/869 875/875/875 874/874/874
f 875/875/875 876/876/876 874/874/874
f 868/868/868 874/874/874 877/877/877
f 868/868/868 877/877/877 873/873/873
f 874/874/874 878/878/878 877/877/877
f 867/867/867 873/873/873 879/879/879
f 867/867/867 879/879/879 872/872/872
f 873/873/873 877/877/877 880/880/880
f 873/873/873 880/880/880 879/879/879
f 877/877/877 881/881/881 880/880/880
f 866/866/866 872/872/872 882/882/882
f 866/866/866 882/882/882 871/871/871
f 872/872/872 879/879/879 883/883/883
f 872/872/872 883/883/883 882/882/882
f 879/879/879 880/880/880 884/884/884
f 879/879/879 884/884/884 883/883/883
f 880/880/880 885/885/885 884/884/884
f 883/883/883 884/884/884 886/886/886
f 884/884/884 887/887/887 886/886/886
f 882/882/882 883/883/883 888/888/888
f 883/883/883 886/886/886 888/888/888
f 871/871/871 882/882/882 889/889/889
f 882/882/882 888/888/888 889/889/889
f 888/888/888 886/886/886 890/890/890
f 886/886/886 891/891/891 890/890/890
f 888/888/888 890/890/890 892/892/892
f 889/889/889 888/888/888 892/892/892
f 871/871/871 889/889/889 893/893/893
f 865/865/865 871/871/871 893/893/893
f 865/865/865 893/893/893 870/870/870
f 893/893/893 889/889/889 894/894/894
f 889/889/889 892/892/892 894/894/894
f 892/892/892 890/890/890 895/895/895
f 890/890/890 896/896/896 895/895/895
f 870/870/870 893/893/893 897/897/897
f 893/893/893 894/894/894 897/897/897
f 894/894/894 892/892/892 898/898/898
f 892/892/892 895/895/895 898/898/898
f 870/870/870 897/897/897 899/899/899
f 864/864/864 870/870/870 899/899/899
f 897/897/897 894/894/894 900/900/900
f 894/894/894 898/898/898 900/900/900
f 898/898/898 895/895/895 901/901/901
f 895/895/895 902/902/902 901/901/901
f 898/898/898 901/901/901 903/903/903
f 900/900/900 898/898/898 903/903/903
f 897/897/897 900/900/900 904/904/904
f 899/899/899 897/897/897 904/904/904
f 864/864/864 899/899/899 905/905/905
f 858/858/858 864/864/864 905/905/905
f 903/903/903 901/901/901 906/906/906
f 901/901/901 907/907/907 906/906/906
f 900/900/900 903/903/903 908/908/908
f 904/904/904 900/900/900 908/908/908
f 899/899/899 904/904/904 909/909/909
f 905/905/905 899/899/899 909/909/909
f 858/858/858 905/905/905 910/910/910
f 843/843/843 858/858/858 910/910/910
f 903/903/903 906/906/906 911/911/911
f 908/908/908 903/903/903 911/911/911
f 904/904/904 908/908/908 912/912/912
f 909/909/909 904/904/904 912/912/912
f 905/905/905 909/909/909 913/913/913
f 910/910/910 905/905/905 913/913/913
f 843/843/843 910/910/910 914/914/914
f 832/832/832 843/843/843 914/914/914
f 832/832/832 914/914/914 827/827/827
f 914/914/914 910/910/910 915/915/915
f 910/910/910 913/913/913 915/915/915
f 827/827/827 914/914/914 916/916/916
f 914/914/914 915/915/915 916/916/916
f 827/827/827 916/916/916 817/817/817
f 913/913/913 909/909/909 917/917/917
f 909/909/909 912/912/912 917/917/917
f 912/912/912 908/908/908 918/918/918
f 908/908/908 911/911/911 918/918/918
f 915/915/915 913/913/913 919/919/919
f 913/913/913 917/917/917 919/919/919
f 817/817/817 916/916/916 920/920/920
f 817/817/817 920/920/920 811/811/811
f 811/811/811 920/920/920 816/816/816
f 916/916/916 915/915/915 921/921/921
f 916/916/916 921/921/921 920/920/920
f 915/915/915 919/919/919 921/921/921
f 917/917/917 912/912/912 922/922/922
f 912/912/912 918/918/918 922/922/922
f 920/920/920 923/923/923 816/816/816
f 920/920/920 921/921/921 923/923/923
f 921/921/921 919/919/919 924/924/924
f 921/921/921 924/924/924 923/923/923
f 919/919/919 917/917/917 925/925/925
f 917/917/917 922/922/922 925/925/925
f 919/919/919 925/925/925 924/924/924
f 816/816/816 923/923/923 926/926/926
f 816/816/816 926/926/926 810/810/810
f 923/923/923 924/924/924 927/927/927
f 923/923/923 927/927/927 926/926/926
f 924/924/924 925/925/925 928/928/928
f 924/924/924 928/928/928 927/927/927
f 925/925/925 922/922/922 929/929/929
f 925/925/925 929/929/929 928/928/928
f 922/922/922 918/918/918 930/930/930
f 922/922/922 930/930/930 929/929/929
f 810/810/810 926/926/926 931/931/931
f 810/810/810 931/931/931 804/804/804
f 926/926/926 927/927/927 932/932/932
f 926/926/926 932/932/932 931/931/931
f 927/927/927 928/928/928 933/933/933
f 927/927/927 933/933/933 932/932/932
f 928/928/928 929/929/929 934/934/934
f 928/928/928 934/934/934 933/933/933
f 804/804/804 931/931/931 935/935/935
f 804/804/804 935/935/935 789/789/789
f 931/931/931 932/932/932 936/936/936
f 931/931/931 936/936/936 935/935/935
f 932/932/932 933/933/933 937/937/937
f 932/932/932 937/937/937 936/936/936
f 789/789/789 935/935/935 938/938/938
f 789/789/789 938/938/938 778/778/778
f 778/778/778 938/938/938 763/763/763
f 935/935/935 936/936/936 939/939/939
f 935/935/935 939/939/939 938/938/938
f 938/938/938 940/940/940 763/763/763
f 938/938/938 939/939/939 940/940/940
f 763/763/763 940/940/940 754/754/754
f 940/940/940 751/751/751 754/754/754
f 940/940/940 941/941/941 751/751/751
f 939/939/939 941/941/941 940/940/940
f 941/941/941 748/748/748 751/751/751
f 936/936/936 942/942/942 939/939/939
f 939/939/939 942/942/942 941/941/941
f 936/936/936 937/937/937 942/942/942
f 941/941/941 943/943/943 748/748/748
f 942/942/942 943/943/943 941/941/941
f 943/943/943 749/749/749 748/748/748
f 937/937/937 944/944/944 942/942/942
f 942/942/942 944/944/944 943/943/943
f 943/943/943 945/945/945 749/749/749
f 944/944/944 945/945/945 943/943/943
f 945/945/945 750/750/750 749/749/749
f 937/937/937 946/946/946 944/944/944
f 933/933/933 946/946/946 937/937/937
f 933/933/933 934/934/934 946/946/946
f 944/944/944 947/947/947 945/945/945
f 946/946/946 947/947/947 944/944/944
f 945/945/945 948/948/948 750/750/750
f 947/947/947 948/948/948 945/945/945
f 948/948/948 752/752/752 750/750/750
f 934/934/934 949/949/949 946/946/946
f 946/946/946 949/949/949 947/947/947
f 947/947/947 950/950/950 948/948/948
f 949/949/949 950/950/950 947/947/947
f 948/948/948 951/951/951 752/752/752
f 950/950/950 951/951/951 948/948/948
f 951/951/951 952/952/952 752/752/752
f 934/934/934 953/953/953 949/949/949
f 929/929/929 953/953/953 934/934/934
f 929/929/929 930/930/930 953/953/953
f 949/949/949 954/954/954 950/950/950
f 953/953/953 954/954/954 949/949/949
f 950/950/950 955/955/955 951/951/951
f 954/954/954 955/955/955 950/950/950
f 955/955/955 956/956/956 951/951/951
f 930/930/930 957/957/957 953/953/953
f 953/953/953 957/957/957 954/954/954
f 954/954/954 958/958/958 955/955/955
f 957/957/957 958/958/958 954/954/954
f 958/958/958 959/959/959 955/955/955
f 930/930/930 960/960/960 957/957/957
f 918/918/918 960/960/960 930/930/930
f 918/918/918 911/911/911 960/960/960
f 957/957/957 961/961/961 958/958/958
f 960/960/960 961/961/961 957/957/957
f 961/961/961 962/962/962 958/958/958
f 911/911/911 963/963/963 960/960/960
f 960/960/960 963/963/963 961/961/961
f 963/963/963 964/964/964 961/961/961
f 911/911/911 906/906/906 963/963/963
f 906/906/906 965/965/965 963/963/963
usemtl M_CactusFlower
f 966/966/966 968/968/968 967/967/967
f 966/966/966 969/969/969 968/968/968
f 970/970/970 969/969/969 966/966/966
f 970/970/970 971/971/971 969/969/969
f 972/972/972 971/971/971 970/970/970
f 972/972/972 973/973/973 971/971/971
f 974/974/974 976/976/976 975/975/975
f 974/974/974 977/977/977 976/976/976
f 977/977/977 978/978/978 976/976/976
f 979/979/979 977/977/977 974/974/974
f 977/977/977 980/980/980 978/978/978
f 979/979/979 981/981/981 977/977/977
f 981/981/981 980/980/980 977/977/977
f 982/982/982 981/981/981 979/979/979
f 981/981/981 983/983/983 980/980/980
f 982/982/982 984/984/984 981/981/981
f 984/984/984 983/983/983 981/981/981
f 984/984/984 985/985/985 983/983/983
f 986/986/986 988/988/988 987/987/987
f 986/986/986 987/987/987 989/989/989
f 990/990/990 986/986/986 989/989/989
f 989/989/989 987/987/987 991/991/991
f 990/990/990 989/989/989 992/992/992
f 989/989/989 991/991/991 993/993/993
f 992/992/992 989/989/989 993/993/993
f 993/993/993 991/991/991 994/994/994
f 992/992/992 993/993/993 995/995/995
f 993/993/993 994/994/994 996/996/996
f 995/995/995 993/993/993 996/996/996
f 995/995/995 996/996/996 997/997/997
f 998/998/998 1000/1000/1000 999/999/999
f 998/998/998 1001/1001/1001 1000/1000/1000
f 1002/1002/1002 1001/1001/1001 998/998/998
f 1002/1002/1002 1003/1003/1003 1001/1001/1001
f 1004/1004/1004 1003/1003/1003 1002/1002/1002
f 1004/1004/1004 1005/1005/1005 1003/1003/1003
f 1006/1006/1006 1008/1008/1008 1007/1007/1007
f 1006/1006/1006 1009/1009/1009 1008/1008/1008
f 1010/1010/1010 1009/1009/1009 1006/1006/1006
f 1010/1010/1010 1011/1011/1011 1009/1009/1009
f 1012/1012/1012 1011/1011/1011 1010/1010/1010
f 1012/1012/1012 1013/1013/1013 1011/1011/1011
f 1014/1014/1014 1016/1016/1016 1015/1015/1015
f 1014/1014/1014 1017/1017/1017 1016/1016/1016
f 1017/1017/1017 1018/1018/1018 1016/1016/1016
f 1019/1019/1019 1017/1017/1017 1014/1014/1014
f 1017/1017/1017 1020/1020/1020 1018/1018/1018
f 1019/1019/1019 1021/1021/1021 1017/1017/1017
f 1021/1021/1021 1020/1020/1020 1017/1017/1017
f 1022/1022/1022 1021/1021/1021 1019/1019/1019
f 1021/1021/1021 1023/1023/1023 1020/1020/1020
f 1022/1022/1022 1024/1024/1024 1021/1021/1021
f 1024/1024/1024 1023/1023/1023 1021/1021/1021
f 1024/1024/1024 1025/1025/1025 1023/1023/1023
f 1026/1026/1026 1028/1028/1028 1027/1027/1027
f 1026/1026/1026 1027/1027/1027 1029/1029/1029
f 1030/1030/1030 1026/1026/1026 1029/1029/1029
f 1029/1029/1029 1027/1027/1027 1031/1031/1031
f 1030/1030/1030 1029/1029/1029 1032/1032/1032
f 1029/1029/1029 1031/1031/1031 1033/1033/1033
f 1032/1032/1032 1029/1029/1029 1033/1033/1033
f 1033/1033/1033 1031/1031/1031 1034/1034/1034
f 1032/1032/1032 1033/1033/1033 1035/1035/1035
f 1033/1033/1033 1034/1034/1034 1036/1036/1036
f 1035/1035/1035 1033/1033/1033 1036/1036/1036
f 1035/1035/1035 1036/1036/1036 1037/1037/1037
f 1038/1038/1038 1040/1040/1040 1039/1039/1039
f 1038/1038/1038 1039/1039/1039 1041/1041/1041
f 1042/1042/1042 1038/1038/1038 1041/1041/1041
f 1041/1041/1041 1039/1039/1039 1043/1043/1043
f 1042/1042/1042 1041/1041/1041 1044/1044/1044
f 1041/1041/1041 1043/1043/1043 1045/1045/1045
f 1044/1044/1044 1041/1041/1041 1045/1045/1045
f 1045/1045/1045 1043/1043/1043 1046/1046/1046
f 1044/1044/1044 1045/1045/1045 1047/1047/1047
f 1045/1045/1045 1046/1046/1046 1048/1048/1048
f 1047/1047/1047 1045/1045/1045 1048/1048/1048
f 1047/1047/1047 1048/1048/1048 1049/1049/1049
f 1050/1050/1050 1052/1052/1052 1051/1051/1051
f 1050/1050/1050 1053/1053/1053 1052/1052/1052
f 1054/1054/1054 1053/1053/1053 1050/1050/1050
f 1054/1054/1054 1055/1055/1055 1053/1053/1053
f 1056/1056/1056 1055/1055/1055 1054/1054/1054
f 1056/1056/1056 1057/1057/1057 1055/1055/1055
f 1058/1058/1058 1060/1060/1060 1059/1059/1059
f 1058/1058/1058 1061/1061/1061 1060/1060/1060
f 1062/1062/1062 1061/1061/1061 1058/1058/1058
f 1062/1062/1062 1063/1063/1063 1061/1061/1061
f 1064/1064/1064 1063/1063/1063 1062/1062/1062
f 1064/1064/1064 1065/1065/1065 1063/1063/1063
f 1066/1066/1066 1068/1068/1068 1067/1067/1067
f 1066/1066/1066 1069/1069/1069 1068/1068/1068
f 1070/1070/1070 1069/1069/1069 1066/1066/1066
f 1070/1070/1070 1071/1071/1071 1069/1069/1069
f 1072/1072/1072 1071/1071/1071 1070/1070/1070
f 1072/1072/1072 1073/1073/1073 1071/1071/1071
f 1074/1074/1074 1076/1076/1076 1075/1075/1075
f 1074/1074/1074 1077/1077/1077 1076/1076/1076
f 1078/1078/1078 1077/1077/1077 1074/1074/1074
f 1078/1078/1078 1079/1079/1079 1077/1077/1077
f 1080/1080/1080 1079/1079/1079 1078/1078/1078
f 1080/1080/1080 1081/1081/1081 1079/1079/1079
