mtllib P_Tumbleweed01.mtl
v -0.09116064 -0.6773424 -0.04929481
v -0.0615176 -0.6653076 -0.05925353
v -0.03390108 -0.5497423 -0.04162458
v -0.05933776 -0.5446273 -0.02556263
v -0.08084547 -0.6812822 -0.01534781
v -0.04702938 -0.4608126 -0.02371683
v -0.03107699 -0.4658833 -0.03479686
v -0.03674137 -0.4555966 -0.009608013
v -0.04947874 -0.5474527 0.006927427
v -0.04677853 -0.6925662 -0.01523087
v -0.01268664 -0.4559773 -0.01190767
v -0.01642259 -0.5526885 0.008098405
v -0.03603922 -0.6956004 -0.04910562
v -0.01105877 -0.4613136 -0.02735204
v -0.005940076 -0.5536851 -0.02391405
v -0.0615176 -0.6653076 -0.05925353
v -0.03107699 -0.4658833 -0.03479686
v -0.03390108 -0.5497423 -0.04162458
v -0.0615176 -0.6653076 -0.05925353
v -0.09116064 -0.6773424 -0.04929481
v -0.03603922 -0.6956004 -0.04910562
v -0.04677853 -0.6925662 -0.01523087
v -0.08084547 -0.6812822 -0.01534781
v -0.04702938 -0.4608126 -0.02371683
v -0.03107699 -0.4658833 -0.03479686
v -0.01105877 -0.4613136 -0.02735204
v -0.01268664 -0.4559773 -0.01190767
v -0.03674137 -0.4555966 -0.009608013
v -0.1257415 -0.5581623 -0.01104771
v -0.05789572 -0.6011615 -0.197459
v -0.1334485 -0.5867859 -0.2118523
v 0.02322843 -0.5342516 -0.3646138
v -0.1204812 -0.5069075 -0.3919911
v -0.2087141 -0.5727558 -0.1957197
v -0.1257415 -0.5581623 -0.01104771
v 0.1456056 -0.5580901 -0.2833409
v 0.006441753 -0.6136941 -0.1547313
v -0.1257415 -0.5581623 -0.01104771
v 0.1025548 -0.4018434 -0.4965115
v 0.2709925 -0.4346543 -0.3846487
v -0.2636451 -0.4802207 -0.3613052
v -0.09524472 -0.3642075 -0.5341934
v -0.2722344 -0.5612071 -0.1515175
v -0.1257415 -0.5581623 -0.01104771
v 0.2280192 -0.5747938 -0.1605456
v 0.384425 -0.4576449 -0.2156354
v 0.04976917 -0.6224757 -0.090174
v -0.1257415 -0.5581623 -0.01104771
v 0.367927 -0.2682146 -0.4488599
v 0.1699167 -0.2296431 -0.5803623
v 0.5012752 -0.2952418 -0.2501728
v -0.3844678 -0.458254 -0.2772276
v -0.2922927 -0.3274763 -0.4919575
v -0.06261067 -0.1853994 -0.6246601
v -0.3143388 -0.5538982 -0.08597484
v -0.1257415 -0.5581623 -0.01104771
v 0.4269205 -0.07506318 -0.4696887
v 0.5671312 -0.1034813 -0.2607768
v 0.2187201 -0.03450665 -0.6079587
v 0.5496601 -0.30661 -0.01454942
v 0.6180059 -0.1154344 -0.01302775
v 0.4255836 -0.4673153 -0.01520217
v 0.2579226 -0.5818197 -0.01492226
v 0.0654904 -0.6261696 -0.01361529
v -0.1257415 -0.5581623 -0.01104771
v 0.5755463 0.09886583 -0.2464097
v 0.4421982 0.125893 -0.4450967
v 0.6239312 0.08749766 -0.01078625
v 0.5057153 -0.3005885 0.2221389
v 0.3882021 -0.4621931 0.1861369
v 0.2307633 -0.5780982 0.1313591
v 0.5717996 -0.109103 0.2358411
v 0.5799865 0.09351914 0.2259021
v 0.05121187 -0.624213 0.0632894
v -0.1257415 -0.5581623 -0.01104771
v 0.566856 0.2823218 -0.008044196
v 0.5294744 0.287444 0.1932948
v 0.5256973 0.2919922 -0.2084775
v 0.3761312 -0.278094 0.4238583
v 0.4355469 -0.0854509 0.4479414
v 0.2779714 -0.4430582 0.3577296
v 0.150676 -0.5641958 0.2560286
v 0.4504023 0.1160137 0.4276214
v 0.4192435 0.306579 0.3648876
v 0.009107452 -0.6169041 0.128832
v -0.1257415 -0.5581623 -0.01104771
v 0.229991 -0.04807892 0.590983
v 0.180636 -0.2425511 0.5598988
v 0.2549073 0.1515565 0.5636621
v 0.1116732 -0.4128236 0.4734526
v 0.02985331 -0.5422291 0.3401063
v 0.2237164 0.2857248 0.4420237
v -0.05441278 -0.6053556 0.1730343
v -0.1257415 -0.5581623 -0.01104771
v 0.02326309 0.1947367 0.6133129
v 0.002997342 -0.008079194 0.5954218
v -0.05050034 -0.2030726 0.5770602
v -0.08537501 -0.3760924 0.5156881
v -0.1133106 -0.5155424 0.3707922
v 0.0638532 0.3791676 0.5296219
v -0.1296786 -0.5913254 0.1891668
v -0.1257415 -0.5581623 -0.01104771
v -0.2531902 0.2538418 0.6408256
v -0.2350528 0.04117791 0.6449619
v -0.2759787 -0.1544638 0.6156642
v -0.2831745 -0.3384565 0.4780063
v -0.2570204 -0.4881983 0.3434147
v -0.1474236 0.4274692 0.4782588
v -0.2052313 -0.5769498 0.1747736
v -0.1257415 -0.5581623 -0.01104771
v -0.4052771 0.29827 0.4373749
v -0.4839581 0.09197947 0.5111822
v -0.4815254 -0.1162844 0.4337258
v -0.4516121 -0.3056456 0.3661436
v -0.3793975 -0.4643598 0.2621418
v -0.3157316 0.4728447 0.3662401
v -0.2695687 -0.5644171 0.1320459
v -0.1257415 -0.5581623 -0.01104771
v -0.5199172 0.3084508 0.259295
v -0.5882218 0.1119855 0.2669303
v -0.6106527 -0.08870293 0.2389148
v -0.5650446 -0.2826549 0.1971304
v -0.4618111 -0.447656 0.1393464
v -0.4362037 0.4923432 0.20598
v -0.3128961 -0.5556355 0.06748855
v -0.1257415 -0.5581623 -0.01104771
v -0.6260924 0.09848335 0.03504775
v -0.6536353 -0.08503202 0.00944211
v -0.5604066 0.2838404 0.04166916
v -0.6062033 -0.2729845 -0.003303056
v -0.539808 0.4607288 -0.0279159
v -0.4917145 -0.4406301 -0.006276902
v -0.3286173 -0.5519417 -0.009070151
v -0.1257415 -0.5581623 -0.01104771
v -0.4646197 0.6425346 -0.07806431
v -0.3354122 0.6574937 0.1220803
v -0.1380579 0.6890598 -0.0230381
v -0.1107798 0.682054 0.05643027
v -0.1968898 0.6037644 0.2584665
v -0.06159829 0.6710519 0.1245544
v -0.07166491 0.5747467 0.3414946
v 0.006000068 0.6562982 0.1695783
v 0.09184264 0.5228834 0.374736
v 0.08553247 0.6346554 0.1878314
v 0.2102415 0.445164 0.3145005
v 0.1641421 0.6138185 0.1752758
v 0.3451205 0.4675912 0.2658807
v 0.2301257 0.5968012 0.1338848
v 0.4252077 0.4536889 0.1412112
v 0.2732019 0.5868373 0.06954871
v 0.4523671 0.4499674 -0.005070146
v 0.2869599 0.5850201 -0.007797535
v 0.4224636 0.4569933 -0.1506934
v 0.2694481 0.5908195 -0.08609057
v 0.4122647 0.3149828 -0.3774908
v 0.3392397 0.4757324 -0.2744896
v 0.2234169 0.6022846 -0.153069
v 0.2441879 0.1644645 -0.5765991
v 0.2131187 0.5035519 -0.35924
v 0.1558475 0.6165675 -0.1982761
v 0.2437461 0.3479929 -0.4894528
v -0.02577364 0.01201388 -0.6545359
v 0.06626283 0.5280564 -0.3877891
v 0.07686096 0.6311345 -0.2148482
v 0.04481458 0.3834792 -0.5271973
v 0.0117741 0.207752 -0.6204796
v -0.2942082 -0.1423607 -0.5749066
v -0.07967124 0.54576 -0.3564495
v -0.001623918 0.6447756 -0.200527
v -0.2630233 0.04790136 -0.5948179
v -0.2100953 0.2299161 -0.5577897
v -0.1486996 0.401475 -0.4772898
v -0.4585908 -0.2972417 -0.3762345
v -0.230058 0.5764 -0.2762426
v -0.07189052 0.6622934 -0.161125
v -0.4827903 -0.1149827 -0.4311837
v -0.4512741 0.05928508 -0.4316036
v -0.3898779 0.2340402 -0.4013368
v -0.3088692 0.4049108 -0.3497176
v -0.4645551 -0.4443516 -0.1525583
v -0.3854204 0.5999926 -0.1966702
v -0.1256516 0.6843693 -0.1030202
v -0.5688118 -0.2781304 -0.2046149
v -0.3286173 -0.5519417 -0.009070151
v -0.1257415 -0.5581623 -0.01104771
v -0.4917145 -0.4406301 -0.006276902
v -0.6062033 -0.2729845 -0.003303056
v -0.6069188 -0.09741733 -0.2237011
v -0.6536353 -0.08503202 0.00944211
v -0.577981 0.0757378 -0.2095183
v -0.6260924 0.09848335 0.03504775
v -0.497449 0.2393259 -0.184768
v -0.5604066 0.2838404 0.04166916
v -0.4307998 0.4021747 -0.1911629
v -0.539808 0.4607288 -0.0279159
v -0.4646197 0.6425346 -0.07806431
v -0.1380579 0.6890598 -0.0230381
v 0.1357125 -0.5271772 0.06725229
v 0.2206496 -0.4586279 0.1635261
v 0.2539454 -0.4601889 0.1193632
v 0.2847441 -0.3335544 0.2386954
v 0.3480762 -0.3365238 0.1546925
v 0.2682876 -0.4671349 0.06637772
v 0.1357125 -0.5271772 0.06725229
v 0.1950018 -0.3412799 0.2931282
v 0.1734693 -0.4626894 0.1921432
v 0.1357125 -0.5271772 0.06725229
v 0.3217219 -0.1642 0.2854019
v 0.1982021 -0.1748332 0.3603221
v 0.3753567 -0.3497359 0.05390805
v 0.4088913 -0.1682869 0.1697816
v 0.2614928 -0.4784084 0.01263619
v 0.1357125 -0.5271772 0.06725229
v 0.09251188 -0.3585241 0.3097039
v 0.05713687 -0.1985678 0.3831366
v 0.1195872 -0.4717552 0.2008575
v 0.1357125 -0.5271772 0.06725229
v 0.1827572 0.02035788 0.3871476
v 0.3279633 0.03285801 0.2990735
v 0.01692501 -0.007543775 0.4139677
v 0.3624323 -0.3711792 -0.04831438
v 0.4464394 -0.1864717 0.03106384
v 0.4304371 0.02805353 0.1631538
v 0.2345954 -0.492293 -0.03367968
v 0.1357125 -0.5271772 0.06725229
v 0.1501787 0.2251866 0.3709788
v -0.02418758 0.195849 0.3991791
v 0.3028575 0.23833 0.2783723
v -0.1442867 -0.04659919 0.3754506
v -0.1936956 0.1547838 0.3586798
v -0.07999803 -0.2317903 0.3503719
v -0.007122491 -0.3826617 0.2858989
v 0.06720632 -0.4844451 0.1883425
v 0.1357125 -0.5271772 0.06725229
v -0.06217645 0.3917013 0.3402185
v 0.1036557 0.419603 0.3133985
v -0.2233882 0.3526459 0.3017013
v -0.2763351 -0.09086256 0.2774601
v -0.192325 -0.269443 0.2670163
v -0.08873279 -0.410018 0.2253375
v -0.3325395 0.1082426 0.2556466
v -0.3554365 0.3083825 0.2037109
v 0.02430122 -0.4988271 0.1565035
v 0.1357125 -0.5271772 0.06725229
v -0.2304579 0.5276191 0.2100926
v -0.3427849 0.4899664 0.126737
v -0.093323 0.5608416 0.2428573
v -0.3591167 -0.1335951 0.1349145
v -0.4195813 0.06331087 0.1057652
v -0.2627433 -0.3057934 0.1457598
v -0.1398947 -0.4364281 0.1372395
v -0.4382182 0.2656499 0.0611653
v -0.4132032 0.4536159 0.005480512
v -0.002596204 -0.5127118 0.1101877
v 0.1357125 -0.5271772 0.06725229
v -0.4415698 0.02682914 -0.06814602
v -0.3800291 -0.1682913 -0.03048489
v -0.4591305 0.2309539 -0.1042341
v -0.2805324 -0.3353077 0.005062682
v -0.1528192 -0.4578715 0.03501707
v -0.4309922 0.4241015 -0.1352166
v -0.009391043 -0.5239853 0.05644614
v 0.1357125 -0.5271772 0.06725229
v -0.4149897 0.2095763 -0.2673067
v -0.3951574 0.004351451 -0.2396108
v -0.3358882 -0.1896688 -0.1935576
v -0.2429839 -0.3534926 -0.1336552
v -0.1255387 -0.4710836 -0.06576739
v -0.3934438 0.4059167 -0.2739345
v 0.00495119 -0.5309312 0.003460616
v 0.1357125 -0.5271772 0.06725229
v -0.3125159 0.2047718 -0.4032263
v -0.28741 -0.0007001961 -0.3825251
v -0.2334143 -0.1944732 -0.3294771
v -0.1558145 -0.3575794 -0.2492754
v -0.06220637 -0.4740528 -0.1497703
v -0.3062744 0.4018298 -0.3895546
v 0.03824698 -0.5324923 -0.04070236
v 0.1357125 -0.5271772 0.06725229
v -0.1673096 0.217272 -0.4913005
v -0.1347312 0.01244324 -0.4751317
v -0.08820821 -0.1819731 -0.4175512
v -0.03229477 -0.3469462 -0.3241956
v 0.02753595 -0.4663273 -0.2042031
v -0.1827547 0.412463 -0.4644749
v 0.08542729 -0.5284307 -0.06931935
v 0.1357125 -0.5271772 0.06725229
v -0.001477508 0.2451736 -0.5181205
v 0.0396351 0.04178075 -0.503332
v 0.07762395 -0.1540714 -0.4443711
v 0.1087705 -0.3232116 -0.34701
v 0.1300259 -0.4490832 -0.2207787
v -0.04168943 0.4361976 -0.4872892
v 0.1393095 -0.5193649 -0.07803371
v 0.1357125 -0.5271772 0.06725229
v 0.2091432 0.08284606 -0.4628325
v 0.2388356 -0.115016 -0.405854
v 0.1597342 0.2842291 -0.4796031
v 0.2459053 -0.2899891 -0.3142453
v 0.09544543 0.4694202 -0.4545246
v 0.2296602 -0.4249456 -0.1969738
v 0.1916903 -0.5066751 -0.06551872
v 0.1357125 -0.5271772 0.06725229
v 0.02256991 0.6202917 -0.3900516
v -0.07706438 0.596154 -0.4138566
v -0.05175889 0.722075 -0.2924953
v -0.1795543 0.5789099 -0.3972809
v -0.1041398 0.709385 -0.3050103
v -0.1202651 0.764807 -0.1714051
v -0.2692967 0.5711845 -0.3428482
v -0.1580219 0.7003193 -0.296296
v -0.1202651 0.764807 -0.1714051
v -0.332629 0.5741537 -0.2588453
v -0.2052023 0.6962576 -0.2676791
v -0.1202651 0.764807 -0.1714051
v -0.3599095 0.5873657 -0.1580608
v -0.238498 0.6978186 -0.2235161
v -0.1202651 0.764807 -0.1714051
v -0.3469849 0.6088091 -0.05583838
v -0.2528402 0.7047647 -0.1705305
v -0.1202651 0.764807 -0.1714051
v -0.295823 0.6352193 0.03225959
v -0.2460454 0.7160384 -0.116789
v -0.1202651 0.764807 -0.1714051
v -0.2142128 0.6625755 0.09282102
v -0.219148 0.7299228 -0.07047315
v -0.1202651 0.764807 -0.1714051
v -0.1762429 0.7443049 -0.03863414
v -0.1202651 0.764807 -0.1714051
v -0.1145784 0.6867131 0.116626
v 0.04774225 0.5845762 0.2200429
v -0.123862 0.7569948 -0.02611913
v -0.1202651 0.764807 -0.1714051
v -0.01208849 0.7039573 0.1000502
v 0.2488619 0.4321031 0.2253243
v -0.06997988 0.7660608 -0.03483352
v -0.1202651 0.764807 -0.1714051
v 0.171262 0.5952093 0.1451225
v 0.4106048 0.2332784 0.1354578
v 0.07765383 0.7116827 0.04561747
v 0.3513354 0.4272987 0.0894048
v 0.4745777 0.006675982 8.136205E-05
v -0.02279953 0.7701221 -0.06345051
v -0.1202651 0.764807 -0.1714051
v 0.2584314 0.5911224 0.02950231
v 0.4570171 0.2108007 -0.03600671
v 0.4286504 -0.215986 -0.1096332
v 0.1409859 0.7087134 -0.03838542
v 0.3954763 0.4059212 -0.07366784
v 0.4536655 -0.02802014 -0.165318
v 0.3112705 -0.3975894 -0.1364124
v 0.1916903 -0.5066751 -0.06551872
v 0.1357125 -0.5271772 0.06725229
v 0.2296602 -0.4249456 -0.1969738
v 0.3582322 -0.2523365 -0.2308897
v 0.2459053 -0.2899891 -0.3142453
v 0.3708839 -0.07075272 -0.3078635
v 0.2388356 -0.115016 -0.405854
v 0.4350286 0.174319 -0.2099179
v 0.3479869 0.1293873 -0.3597992
v 0.2091432 0.08284606 -0.4628325
v 0.3745641 0.371225 -0.2390672
v 0.2917824 0.3284923 -0.3816127
v 0.1597342 0.2842291 -0.4796031
v 0.2959796 0.5729377 -0.1092154
v 0.2077723 0.5070728 -0.371169
v 0.09544543 0.4694202 -0.4545246
v 0.2781905 0.5434232 -0.2499125
v 0.1682665 0.6955014 -0.1391699
v 0.1041802 0.6476479 -0.3294902
v 0.02256991 0.6202917 -0.3900516
v 0.155342 0.674058 -0.2413923
v 0.01049612 0.7685611 -0.1076134
v -0.1202651 0.764807 -0.1714051
v 0.02483839 0.761615 -0.160599
v -0.1202651 0.764807 -0.1714051
v 0.01804359 0.7503417 -0.2143405
v -0.1202651 0.764807 -0.1714051
v -0.008853827 0.7364569 -0.2606564
v -0.1202651 0.764807 -0.1714051
v -0.05175889 0.722075 -0.2924953
v -0.1202651 0.764807 -0.1714051
v -0.1003417 -0.5083873 0.1026505
v 0.0481493 -0.5156493 0.1186086
v 0.04211984 -0.5314032 0.06351038
v 0.1930586 -0.4788032 0.1193976
v 0.1815898 -0.5087688 0.01459473
v 0.01523572 -0.5403497 0.0133352
v -0.1003417 -0.5083873 0.1026505
v 0.1631133 -0.4404511 0.2176094
v 0.03240615 -0.4954864 0.1702415
v -0.1003417 -0.5083873 0.1026505
v 0.3202015 -0.4014557 0.1049403
v 0.2789854 -0.3486686 0.2401172
v 0.1304532 -0.525786 -0.08084424
v 0.3044162 -0.4426999 -0.0393087
v -0.02841018 -0.5411267 -0.02427839
v -0.1003417 -0.5083873 0.1026505
v 0.09631304 -0.3995514 0.294278
v 0.1870426 -0.2923749 0.3456424
v -0.002712865 -0.4739842 0.2105486
v -0.1003417 -0.5083873 0.1026505
v 0.3686799 -0.2291232 0.2355618
v 0.4171323 -0.2911781 0.07665186
v 0.2605947 -0.1629461 0.3596143
v 0.04743379 -0.5272641 -0.1523895
v 0.2340326 -0.466122 -0.1706689
v 0.3985756 -0.3396636 -0.09292298
v -0.08217324 -0.5336162 -0.04360394
v -0.1003417 -0.5083873 0.1026505
v 0.423417 -0.09351687 0.2043892
v 0.3097695 -0.0239341 0.3348257
v 0.4743629 -0.1587653 0.0373014
v 0.1093318 -0.1027217 0.4299232
v 0.1507222 0.0393896 0.4087529
v 0.05837063 -0.241145 0.4054509
v 0.002827357 -0.3623306 0.3377313
v -0.05186119 -0.4544161 0.2333934
v -0.1003417 -0.5083873 0.1026505
v 0.3297534 0.1110535 0.2737031
v 0.4378386 0.04487633 0.1496507
v 0.1784905 0.1712779 0.3440122
v -0.06208055 -0.05761849 0.4357849
v -0.08744135 -0.202778 0.4104371
v -0.1031113 -0.3344554 0.341354
v -0.02951136 0.08681387 0.4149165
v 0.00707814 0.2163811 0.349874
v -0.1075564 -0.4397612 0.2352981
v -0.1003417 -0.5083873 0.1026505
v 0.1899183 0.2800331 0.2420383
v 0.04410627 0.3184002 0.2470246
v 0.3185902 0.2288032 0.1822298
v -0.2275462 -0.03450325 0.3763071
v -0.2034923 0.1111187 0.3523776
v -0.2281949 -0.183115 0.3598422
v -0.2053747 -0.3201693 0.3045947
v -0.1583876 0.2394963 0.2903961
v -0.0966472 0.3380631 0.1964297
v -0.1613195 -0.4322506 0.2159725
v -0.1003417 -0.5083873 0.1026505
v -0.3447336 0.108604 0.2306575
v -0.3618746 -0.03689493 0.2605445
v -0.2927159 0.2371047 0.1746334
v -0.3424614 -0.1851494 0.2613686
v -0.2883942 -0.3216476 0.2330495
v -0.2109137 0.3360288 0.09795611
v -0.2049654 -0.4330276 0.1783589
v -0.1003417 -0.5083873 0.1026505
v -0.3754567 0.2095701 0.0202099
v -0.4317324 0.07965247 0.06828703
v -0.4446155 -0.0644294 0.1061209
v -0.4128449 -0.2085717 0.1300081
v -0.3395308 -0.3386647 0.1376105
v -0.2812973 0.3126065 -0.03340438
v -0.2318495 -0.4419742 0.1281837
v -0.1003417 -0.5083873 0.1026505
v -0.3940135 0.1610847 -0.1493649
v -0.4512441 0.02867184 -0.1100145
v -0.4631721 -0.1129149 -0.06345385
v -0.4286302 -0.2498159 -0.01424078
v -0.3509995 -0.3686305 0.03280748
v -0.2970825 0.2713622 -0.1776533
v -0.237879 -0.4577281 0.07308547
v -0.1003417 -0.5083873 0.1026505
v -0.3455609 0.09902974 -0.3082747
v -0.4002981 -0.03657663 -0.2771022
v -0.4147196 -0.1749698 -0.2223637
v -0.387414 -0.302603 -0.1494176
v -0.3210542 -0.4069825 -0.06540423
v -0.2558664 0.2185752 -0.31283
v -0.2221358 -0.4778909 0.02145251
v -0.1003417 -0.5083873 0.1026505
v -0.2374757 0.03285263 -0.4323271
v -0.2866505 -0.1061594 -0.4075386
v -0.3066344 -0.2411469 -0.3464161
v -0.2954713 -0.3588966 -0.2549428
v -0.2542539 -0.4478822 -0.1420728
v -0.1639236 0.1622815 -0.4183553
v -0.1870168 -0.4993932 -0.01885456
v -0.1003417 -0.5083873 0.1026505
v -0.1276032 -0.1694831 -0.4814658
v -0.1553714 -0.3013713 -0.416725
v -0.08621275 -0.02737179 -0.5026361
v -0.1667993 -0.4101265 -0.3147511
v -0.03525169 0.1110516 -0.4781637
v -0.1607682 -0.485103 -0.1855261
v -0.1378685 -0.5189613 -0.04169935
v -0.1003417 -0.5083873 0.1026505
v 0.02029157 0.2322372 -0.4104441
v -0.07319408 0.269458 -0.3669908
v 0.07498007 0.3243227 -0.3061064
v -0.1399944 0.3103577 -0.2903223
v 0.02583173 0.3438907 -0.2832616
v 0.1234605 0.3782939 -0.1753635
v -0.1699397 0.3487097 -0.1921106
v -0.00928729 0.365393 -0.2429545
v 0.1234605 0.3782939 -0.1753635
v -0.158471 0.3786754 -0.08730759
v -0.02503047 0.385556 -0.1913215
v 0.1234605 0.3782939 -0.1753635
v -0.1073344 0.3956927 0.008131376
v -0.019001 0.4013098 -0.1362233
v 0.1234605 0.3782939 -0.1753635
v -0.02431488 0.3971708 0.07967661
v 0.00788312 0.4102563 -0.08604811
v 0.1234605 0.3782939 -0.1753635
v 0.07794852 0.3828849 0.116436
v 0.05152907 0.4110334 -0.04843456
v 0.1234605 0.3782939 -0.1753635
v 0.1838872 0.3550095 0.1128132
v 0.1052921 0.4035228 -0.02910902
v 0.1234605 0.3782939 -0.1753635
v 0.1609873 0.3888679 -0.03101361
v 0.1234605 0.3782939 -0.1753635
v 0.2773728 0.3177888 0.06935985
v 0.410533 0.1725095 0.07670458
v 0.2101357 0.3692998 -0.0538584
v 0.1234605 0.3782939 -0.1753635
v 0.3441731 0.2768891 -0.007308756
v 0.4862911 -0.01717857 -0.0092592
v 0.2452547 0.3477976 -0.0941655
v 0.1234605 0.3782939 -0.1753635
v 0.4517491 0.1197224 -0.05847225
v 0.4548511 -0.2097459 -0.1410002
v 0.3741183 0.2385371 -0.1055205
v 0.4677342 -0.06566392 -0.1788338
v 0.3158348 -0.367198 -0.2473462
v 0.2609978 0.3276346 -0.1457985
v 0.1234605 0.3782939 -0.1753635
v 0.4359638 0.07847829 -0.2027212
v 0.3678525 -0.2386974 -0.3033703
v 0.1197661 -0.4681565 -0.2691424
v 0.3626496 0.2085714 -0.2103233
v 0.3849935 -0.09319846 -0.3332572
v 0.1815065 -0.3695897 -0.3631088
v -0.05482959 -0.5129782 -0.1891489
v -0.1378685 -0.5189613 -0.04169935
v -0.1003417 -0.5083873 0.1026505
v -0.1607682 -0.485103 -0.1855261
v -0.02098737 -0.4484935 -0.3197374
v -0.1667993 -0.4101265 -0.3147511
v 0.01604085 -0.3464744 -0.4225868
v -0.1553714 -0.3013713 -0.416725
v 0.2266113 -0.2412121 -0.4250904
v 0.05263035 -0.2169073 -0.4876293
v -0.1276032 -0.1694831 -0.4814658
v 0.2506651 -0.09559014 -0.4490199
v 0.08519953 -0.0724749 -0.5084979
v -0.08621275 -0.02737179 -0.5026361
v 0.3655801 0.05505607 -0.3340814
v 0.1105603 0.07268459 -0.4831499
v -0.03525169 0.1110516 -0.4781637
v 0.2513137 0.05302158 -0.432555
v 0.311513 0.1915542 -0.3057622
v 0.1262302 0.204362 -0.4140669
v 0.02029157 0.2322372 -0.4104441
v 0.2284936 0.190076 -0.3773075
v 0.2549684 0.3118808 -0.2008966
v 0.1234605 0.3782939 -0.1753635
v 0.2280843 0.3029343 -0.2510718
v 0.1234605 0.3782939 -0.1753635
v 0.1844384 0.3021572 -0.2886854
v 0.1234605 0.3782939 -0.1753635
v 0.1306753 0.3096677 -0.3080109
v 0.1234605 0.3782939 -0.1753635
v 0.07498007 0.3243227 -0.3061064
v 0.1234605 0.3782939 -0.1753635
v 0.4693514 -0.2299748 0.03247822
v 0.4830418 -0.1510293 -0.1207845
v 0.4659956 -0.2126634 -0.1395635
v 0.4440405 -0.06381232 -0.264942
v 0.4116167 -0.1810472 -0.3006616
v 0.4455512 -0.2757151 -0.1325996
v 0.4693514 -0.2299748 0.03247822
v 0.4650648 0.03287824 -0.1856944
v 0.4940948 -0.1001961 -0.07912157
v 0.4693514 -0.2299748 0.03247822
v 0.3561654 0.02313865 -0.3858832
v 0.3851027 0.1562217 -0.2768082
v 0.3727294 -0.3009788 -0.2874154
v 0.3115377 -0.1382216 -0.4350471
v 0.4248215 -0.3305854 -0.100953
v 0.4693514 -0.2299748 0.03247822
v 0.4714886 0.09430406 -0.0749837
v 0.3939443 0.2407671 -0.124428
v 0.497472 -0.06790258 -0.02091749
v 0.4693514 -0.2299748 0.03247822
v 0.262036 0.2577609 -0.3435442
v 0.228018 0.1013122 -0.4717695
v 0.2724299 0.3571499 -0.1644105
v 0.333299 -0.4053483 -0.2272202
v 0.2580141 -0.3032929 -0.4168152
v 0.1755552 -0.088378 -0.5295654
v 0.406962 -0.3689209 -0.04944159
v 0.4693514 -0.2299748 0.03247822
v 0.1079112 0.3275562 -0.3793697
v 0.1188401 0.43206 -0.1910174
v 0.07214268 0.1630564 -0.5141939
v 0.2576176 0.3843483 0.03836018
v 0.1032655 0.4606581 0.02218834
v 0.3813442 0.2639035 0.04805906
v 0.462334 0.1111135 0.05033549
v 0.4926593 -0.05906529 0.04496671
v 0.4693514 -0.2299748 0.03247822
v -0.07306538 0.4943876 -0.1840017
v -0.07169743 0.3933204 -0.3688219
v -0.09211562 0.5140947 0.01902318
v 0.219854 0.3352152 0.2338978
v 0.3492205 0.2221084 0.2143933
v 0.4389948 0.08074762 0.1711844
v 0.06355844 0.4089966 0.2277888
v -0.125196 0.4534348 0.2098895
v 0.4803891 -0.07502958 0.1085007
v 0.4693514 -0.2299748 0.03247822
v -0.3241704 0.5139946 0.03021047
v -0.3450407 0.4457267 0.1855914
v -0.300278 0.5141205 -0.1422222
v 0.1648883 0.217231 0.3924336
v 0.00576404 0.2849406 0.3944832
v 0.3024639 0.121745 0.3492519
v 0.4050241 0.007829323 0.2691649
v -0.1681308 0.3240478 0.3604614
v -0.3601992 0.3231853 0.3012564
v 0.4625296 -0.113365 0.1600121
v 0.4693514 -0.2299748 0.03247822
v -0.06131904 0.1073764 0.4968938
v 0.1010884 0.04835742 0.4898317
v -0.224168 0.1500128 0.453208
v 0.2481925 -0.02190745 0.4321037
v 0.3655937 -0.09654026 0.3293603
v -0.3840053 0.1682812 0.3678485
v 0.4417998 -0.1682354 0.1916587
v 0.4693514 -0.2299748 0.03247822
v -0.2860534 -0.04468114 0.4740308
v -0.127478 -0.09666342 0.5194294
v 0.03816752 -0.1456959 0.5112644
v 0.1946688 -0.1869791 0.4503354
v 0.3267064 -0.2164718 0.3426065
v -0.420317 5.858676E-05 0.3776046
v 0.4213556 -0.2312872 0.1986227
v 0.4693514 -0.2299748 0.03247822
v -0.3385165 -0.2343712 0.4162351
v -0.1826408 -0.2961155 0.4586593
v -0.01429538 -0.3353861 0.4534687
v 0.1500412 -0.3483392 0.4011714
v 0.2942826 -0.3337068 0.3068867
v -0.4533865 -0.1622852 0.3230001
v 0.4043093 -0.2929212 0.1798437
v 0.4693514 -0.2299748 0.03247822
v -0.3725442 -0.3908153 0.2880153
v -0.2184093 -0.4606153 0.3238353
v -0.04831328 -0.4918347 0.3252434
v 0.1211039 -0.4814223 0.2920965
v 0.2732583 -0.4303973 0.2276391
v -0.4721039 -0.2934275 0.2097376
v 0.3932562 -0.3437544 0.1381807
v 0.4693514 -0.2299748 0.03247822
v -0.3829859 -0.4901825 0.1089079
v -0.2293381 -0.565119 0.1354828
v -0.05870721 -0.5912235 0.1461096
v 0.1122623 -0.5659676 0.1397162
v 0.2668346 -0.4918231 0.1169283
v -0.4736416 -0.373393 0.05507247
v 0.389879 -0.3760479 0.07997665
v 0.4693514 -0.2299748 0.03247822
v -0.2137635 -0.5937169 -0.07772291
v -0.04389485 -0.6184219 -0.05666102
v -0.3682868 -0.5173297 -0.09380031
v 0.1248625 -0.5891038 -0.03277079
v -0.4577893 -0.3899968 -0.1174358
v 0.2759891 -0.5086326 -0.008390855
v 0.3946919 -0.3848852 0.01409245
v 0.4693514 -0.2299748 0.03247822
v -0.4846743 -0.2305606 -0.1426856
v -0.5018491 -0.2307353 -0.01750764
v -0.5137826 -0.06045656 -0.1378831
v -0.5139602 -0.1825234 0.09864866
v -0.5250099 -0.06800444 -0.07273292
v -0.5604671 0.102546 -0.09552217
v -0.5191581 -0.09326722 0.1880963
v -0.5382084 -0.04974787 -0.01015095
v -0.5604671 0.102546 -0.09552217
v -0.5166437 0.0234414 0.2372138
v -0.5513686 -0.008466408 0.04033506
v -0.5604671 0.102546 -0.09552217
v -0.5110196 0.1478582 0.2399915
v -0.5624865 0.049555 0.0710388
v -0.5604671 0.102546 -0.09552217
v -0.5126072 0.2618971 0.2004731
v -0.569869 0.1154829 0.07728575
v -0.5604671 0.102546 -0.09552217
v -0.5159995 0.3562182 0.1241192
v -0.5753178 0.177905 0.05914174
v -0.5604671 0.102546 -0.09552217
v -0.507053 0.4168082 0.01647359
v -0.5782949 0.2295642 0.01999872
v -0.5604671 0.102546 -0.09552217
v -0.5741363 0.2642442 -0.03572139
v -0.5604671 0.102546 -0.09552217
v -0.4855541 0.4311002 -0.1075287
v -0.2771764 0.4394543 -0.3068456
v -0.5622872 0.275412 -0.1003501
v -0.5604671 0.102546 -0.09552217
v -0.4549695 0.3917038 -0.2300778
v -0.09502736 0.22211 -0.505149
v -0.5446636 0.2595776 -0.1643945
v -0.5604671 0.102546 -0.09552217
v -0.2671121 0.2919028 -0.4367504
v 0.01697989 -0.03639576 -0.5749638
v -0.4250358 0.2957845 -0.3321792
v -0.1473159 0.0175053 -0.5663295
v 0.1126343 -0.2824311 -0.5081324
v -0.5255727 0.2159115 -0.2180889
v -0.5604671 0.102546 -0.09552217
v -0.2904271 0.1018925 -0.5018955
v -0.04917899 -0.2404353 -0.5524282
v 0.2037427 -0.4469453 -0.3339635
v -0.4162829 0.1594293 -0.3907426
v -0.2123398 -0.1810752 -0.5449502
v 0.0488345 -0.4513046 -0.4107343
v 0.2993283 -0.4782666 -0.1292397
v 0.3946919 -0.3848852 0.01409245
v 0.4693514 -0.2299748 0.03247822
v 0.2759891 -0.5086326 -0.008390855
v 0.1569861 -0.5473087 -0.199105
v 0.1248625 -0.5891038 -0.03277079
v -0.006131221 -0.5692888 -0.2521986
v -0.04389485 -0.6184219 -0.05666102
v -0.1162621 -0.4179994 -0.4500176
v -0.1740565 -0.5420555 -0.2833233
v -0.2137635 -0.5937169 -0.07772291
v -0.2759539 -0.3500329 -0.4476545
v -0.3307045 -0.4681146 -0.2892376
v -0.3682868 -0.5173297 -0.09380031
v -0.3407247 -0.08336871 -0.4895969
v -0.4269718 -0.3407064 -0.2815183
v -0.4577893 -0.3899968 -0.1174358
v -0.3858723 -0.2330291 -0.4121993
v -0.4303073 0.02432342 -0.3920943
v -0.4650516 -0.1820253 -0.2578275
v -0.4846743 -0.2305606 -0.1426856
v -0.4459631 -0.09252066 -0.3454066
v -0.5134239 0.1534278 -0.2502476
v -0.5604671 0.102546 -0.09552217
v -0.506042 0.08750007 -0.2564942
v -0.5604671 0.102546 -0.09552217
v -0.5035178 0.02370211 -0.2373338
v -0.5604671 0.102546 -0.09552217
v -0.5062358 -0.02825344 -0.1956832
v -0.5604671 0.102546 -0.09552217
v -0.5137826 -0.06045656 -0.1378831
v -0.5604671 0.102546 -0.09552217
v -0.8161137 0.05593569 -0.1031977
v 0.06286441 0.9914903 0.08808814
v 1.003501 0.09841702 0.1336745
v 0.124523 -0.8371376 -0.05761138
v 0.06056447 -0.8761009 0.4054953
v -0.698155 0.3098891 0.7173635
v -0.2134618 0.9367818 -0.4874466
v 0.5452578 -0.2492085 -0.799315
vn -0.8329392 -0.3584455 -0.4215794
vn -0.02564757 -0.02561552 -0.9993428
vn 0.0243856 0.1139387 -0.9931885
vn -0.9251465 0.2169015 -0.3115411
vn -0.6354386 -0.4931677 0.5941409
vn -0.7582056 0.575584 -0.3063124
vn -0.03818123 0.4770497 -0.8780466
vn -0.3903947 0.7961796 0.4622662
vn -0.5298477 0.1038499 0.8417105
vn 0.2824039 -0.7487093 0.5997353
vn 0.5221924 0.7288381 0.4428432
vn 0.5819983 -0.05927861 0.8110265
vn 0.534724 -0.7339647 -0.4187673
vn 0.7153009 0.5426567 -0.4403048
vn 0.9402558 -0.06015888 -0.3351119
vn -0.02564757 -0.02561552 -0.9993428
vn -0.03818123 0.4770497 -0.8780466
vn 0.0243856 0.1139387 -0.9931885
vn -0.02564757 -0.02561552 -0.9993428
vn -0.8329392 -0.3584455 -0.4215794
vn 0.534724 -0.7339647 -0.4187673
vn 0.2824039 -0.7487093 0.5997353
vn -0.6354386 -0.4931677 0.5941409
vn -0.7582056 0.575584 -0.3063124
vn -0.03818123 0.4770497 -0.8780466
vn 0.7153009 0.5426567 -0.4403048
vn 0.5221924 0.7288381 0.4428432
vn -0.3903947 0.7961796 0.4622662
vn -0.185186 -0.9826587 -0.009382999
vn -0.1230876 -0.9794229 -0.1599382
vn -0.1842551 -0.9677843 -0.1715913
vn 0.06182329 -0.836005 -0.5452279
vn -0.1564035 -0.7944824 -0.5868012
vn -0.2451906 -0.9564255 -0.15853
vn -0.185186 -0.9826587 -0.009382999
vn 0.2476561 -0.8722043 -0.421813
vn -0.0709998 -0.9895694 -0.1253457
vn -0.185186 -0.9826587 -0.009382999
vn 0.1924323 -0.6178977 -0.7623466
vn 0.4540862 -0.6688666 -0.5885772
vn -0.3738013 -0.7539577 -0.5402041
vn -0.1148595 -0.5594053 -0.8208977
vn -0.2966165 -0.9470758 -0.1227437
vn -0.185186 -0.9826587 -0.009382999
vn 0.3728029 -0.8975692 -0.2353455
vn 0.6302942 -0.704581 -0.326029
vn -0.03592236 -0.9966789 -0.0730806
vn -0.185186 -0.9826587 -0.009382999
vn 0.5995529 -0.4152598 -0.6841752
vn 0.2938464 -0.3557094 -0.8872007
vn 0.8054279 -0.4569872 -0.3774236
vn -0.5572768 -0.7205986 -0.4125289
vn -0.4255765 -0.497831 -0.7556778
vn -0.06869041 -0.2819271 -0.9569737
vn -0.3307039 -0.9411587 -0.06968071
vn -0.185186 -0.9826587 -0.009382999
vn 0.6881977 -0.122866 -0.7150439
vn 0.9042609 -0.1666579 -0.3931126
vn 0.3671953 -0.06001491 -0.9282057
vn 0.880129 -0.4745384 -0.01364577
vn 0.9826586 -0.1850775 -0.01133275
vn 0.6942307 -0.7196031 -0.01467246
vn 0.4182121 -0.9082382 -0.01421311
vn -0.0231946 -0.9996694 -0.01109888
vn -0.185186 -0.9826587 -0.009382999
vn 0.9178172 0.1393878 -0.3717293
vn 0.7119783 0.1810464 -0.6784608
vn 0.9925184 0.1218365 -0.007951335
vn 0.812283 -0.4652418 0.3517761
vn 0.6361614 -0.7116461 0.2980915
vn 0.3769698 -0.9025871 0.207919
vn 0.9114551 -0.1753209 0.3721724
vn 0.9246722 0.131133 0.3574708
vn -0.03475455 -0.9980854 0.05116395
vn -0.185186 -0.9826587 -0.009382999
vn 0.908565 0.417726 -0.003812684
vn 0.8504958 0.4256829 0.3089515
vn 0.8450944 0.4321131 -0.3147915
vn 0.6122192 -0.4305126 0.6632094
vn 0.7014909 -0.1388734 0.6990169
vn 0.4649272 -0.6819214 0.5646468
vn 0.2553554 -0.8814759 0.3972325
vn 0.6996288 0.211238 0.6825672
vn 0.5788137 0.5143156 0.6328145
vn -0.06884215 -0.9921681 0.1042271
vn -0.185186 -0.9826587 -0.009382999
vn 0.3249947 -0.08964073 0.9414579
vn 0.2649478 -0.3421974 0.9015008
vn 0.4061485 0.2579449 0.8766458
vn 0.1959972 -0.6190197 0.7605259
vn 0.07188334 -0.848119 0.5249066
vn 0.4355437 0.528034 0.729028
vn -0.1202677 -0.9828184 0.140013
vn -0.185186 -0.9826587 -0.009382999
vn 0.1983506 0.2590727 0.9452716
vn 0.1074842 -0.07821393 0.9911255
vn 0.03385734 -0.3017346 0.9527906
vn -0.07021253 -0.5729002 0.8166123
vn -0.1455144 -0.8075944 0.5715041
vn 0.3006653 0.5795104 0.7574748
vn -0.1812031 -0.9714596 0.1530741
vn -0.185186 -0.9826587 -0.009382999
vn -0.2622695 0.3679771 0.8920804
vn -0.2040668 -0.04146338 0.9780785
vn -0.3000239 -0.3050693 0.9038354
vn -0.390375 -0.5531829 0.7359321
vn -0.3637412 -0.7660717 0.5299307
vn -0.1459987 0.6730872 0.7250089
vn -0.2423708 -0.9598211 0.1414211
vn -0.185186 -0.9826587 -0.009382999
vn -0.64661 0.4700136 0.6008184
vn -0.7417675 0.09731206 0.6635597
vn -0.7479968 -0.2373591 0.6198075
vn -0.6787098 -0.4797415 0.5560586
vn -0.5495738 -0.7298725 0.4065155
vn -0.463293 0.6563905 0.5954084
vn -0.2944581 -0.9496747 0.1068288
vn -0.185186 -0.9826587 -0.009382999
vn -0.8448896 0.402875 0.3519278
vn -0.9287649 0.1910219 0.3176576
vn -0.9342894 -0.1267696 0.333216
vn -0.8489083 -0.4258279 0.3130898
vn -0.6747208 -0.7045075 0.2200477
vn -0.7177908 0.5410406 0.4382368
vn -0.3295358 -0.9425652 0.05456311
vn -0.185186 -0.9826587 -0.009382999
vn -0.9666099 0.2538115 -0.03528466
vn -0.9988582 -0.04586253 -0.01337447
vn -0.946269 0.3199593 -0.04691548
vn -0.9167469 -0.3994639 -0.001967134
vn -0.9378348 0.3247175 -0.1225746
vn -0.7201293 -0.6938391 -0.001083537
vn -0.342264 -0.9395745 -0.007418856
vn -0.185186 -0.9826587 -0.009382999
vn -0.6684389 0.7234348 -0.1727183
vn -0.391634 0.8580551 0.3322114
vn -0.1336594 0.9858152 -0.1015068
vn -0.08525326 0.9737743 0.2109396
vn -0.2149961 0.8347877 0.5068593
vn -0.0547525 0.9265221 0.3722352
vn -0.03787049 0.8114595 0.5831804
vn 0.04308671 0.8925933 0.4487993
vn 0.3497349 0.710911 0.6101566
vn 0.3280058 0.7965226 0.5079015
vn 0.4147595 0.637116 0.6496598
vn 0.4132357 0.7098682 0.5703712
vn 0.4682311 0.6950403 0.5455993
vn 0.4217079 0.773933 0.4724301
vn 0.7027789 0.672052 0.2333408
vn 0.5987379 0.7797403 0.1830793
vn 0.7465075 0.6653754 0.001480248
vn 0.6335368 0.7737123 0.0007063472
vn 0.7034058 0.6726686 -0.229646
vn 0.6027683 0.7770534 -0.1812687
vn 0.6710823 0.4648176 -0.5775753
vn 0.578815 0.6936272 -0.4287827
vn 0.5073189 0.7922692 -0.3390237
vn 0.4052419 0.2413973 -0.8817632
vn 0.3750837 0.7277309 -0.5742126
vn 0.3437248 0.8197569 -0.458096
vn 0.4069204 0.5124733 -0.756166
vn -0.02631094 0.02789611 -0.9992645
vn 0.1018178 0.7618042 -0.6397558
vn 0.1269012 0.8459221 -0.5179883
vn 0.0542508 0.5676063 -0.8215107
vn 0.01166631 0.3220275 -0.9466584
vn -0.4486886 -0.1814069 -0.8750829
vn -0.1547716 0.7584813 -0.6330497
vn -0.03807925 0.8548338 -0.5175028
vn -0.439679 0.1420817 -0.8868456
vn -0.4019828 0.3901595 -0.8283631
vn -0.3164346 0.5730112 -0.7559943
vn -0.6901145 -0.4375092 -0.5764787
vn -0.3147715 0.7113514 -0.6284093
vn -0.1028227 0.8647599 -0.4915464
vn -0.7522594 -0.08146378 -0.6538116
vn -0.7374064 0.2437557 -0.6299325
vn -0.6947963 0.4119583 -0.5895324
vn -0.5912229 0.4697687 -0.6555706
vn -0.6788887 -0.6994882 -0.223218
vn -0.5114227 0.6192822 -0.5957654
vn -0.129539 0.9139704 -0.384549
vn -0.8609221 -0.4000672 -0.3142602
vn -0.342264 -0.9395745 -0.007418856
vn -0.185186 -0.9826587 -0.009382999
vn -0.7201293 -0.6938391 -0.001083537
vn -0.9167469 -0.3994639 -0.001967134
vn -0.9326108 -0.03091482 -0.3595574
vn -0.9988582 -0.04586253 -0.01337447
vn -0.8889893 0.2857931 -0.3577992
vn -0.9666099 0.2538115 -0.03528466
vn -0.8493093 0.3407853 -0.4031614
vn -0.946269 0.3199593 -0.04691548
vn -0.7851495 0.2715797 -0.5565832
vn -0.9378348 0.3247175 -0.1225746
vn -0.6684389 0.7234348 -0.1727183
vn -0.1336594 0.9858152 -0.1015068
vn 0.1912355 -0.9652147 0.178296
vn 0.4548411 -0.751993 0.4771018
vn 0.5582077 -0.756839 0.3399984
vn 0.6001962 -0.4695392 0.6475317
vn 0.7716005 -0.4775755 0.4201836
vn 0.6027329 -0.7784028 0.1755053
vn 0.1912355 -0.9652147 0.178296
vn 0.357315 -0.4904478 0.7948503
vn 0.3083699 -0.7646021 0.5659433
vn 0.1912355 -0.9652147 0.178296
vn 0.6610365 -0.196421 0.7241889
vn 0.3631046 -0.2220685 0.9048981
vn 0.8454333 -0.5133328 0.1474178
vn 0.8712907 -0.2062789 0.4453107
vn 0.5816385 -0.8134013 0.008665068
vn 0.1912355 -0.9652147 0.178296
vn 0.07993308 -0.537118 0.8397112
vn 0.02285264 -0.2793168 0.959927
vn 0.1410932 -0.7927467 0.5929971
vn 0.1912355 -0.9652147 0.178296
vn 0.3445736 0.01647855 0.9386147
vn 0.6693304 0.04443545 0.741635
vn -0.02631375 -0.04592426 0.9985983
vn 0.8104542 -0.5713677 -0.1292399
vn 0.9618578 -0.2501408 0.1107211
vn 0.8985153 0.03369 0.4376473
vn 0.4981357 -0.8565061 -0.1351224
vn 0.1912355 -0.9652147 0.178296
vn 0.3104309 0.2318 0.9219009
vn -0.06953929 0.167869 0.9833536
vn 0.6431409 0.2604415 0.7200972
vn -0.3868673 -0.1332726 0.9124539
vn -0.4389226 0.07838146 0.8950995
vn -0.307919 -0.3594501 0.8808981
vn -0.1897203 -0.6024446 0.7752849
vn -0.02152298 -0.8321424 0.5541443
vn 0.1912355 -0.9652147 0.178296
vn -0.1094403 0.3736365 0.9210964
vn 0.2614471 0.4360392 0.8611128
vn -0.4699939 0.2862884 0.8349519
vn -0.6821964 -0.2322687 0.693296
vn -0.5788537 -0.4502691 0.6798428
vn -0.4105927 -0.6764824 0.6113797
vn -0.7414843 -0.02303887 0.6705747
vn -0.765323 0.1872924 0.615794
vn -0.1547214 -0.8767912 0.4553004
vn 0.1912355 -0.9652147 0.178296
vn -0.4781654 0.4998267 0.7221711
vn -0.7491002 0.4090079 0.5211157
vn -0.1473937 0.57996 0.8012
vn -0.8673395 -0.3278411 0.3744896
vn -0.9311615 -0.1209517 0.3439606
vn -0.7487038 -0.5379472 0.3873698
vn -0.549059 -0.7479596 0.3729487
vn -0.9504662 0.09172007 0.2969874
vn -0.9189503 0.3213298 0.2286428
vn -0.2382243 -0.919896 0.3115133
vn 0.1912355 -0.9652147 0.178296
vn -0.9790778 -0.2004508 -0.0350183
vn -0.9141104 -0.4054398 0.004569938
vn -0.9972369 0.01412149 -0.07293221
vn -0.7916113 -0.6091363 0.04800585
vn -0.5840383 -0.8059947 0.09629048
vn -0.9618578 0.2501407 -0.1107212
vn -0.2593189 -0.9548946 0.1446719
vn 0.1912355 -0.9652147 0.178296
vn -0.898515 -0.03368988 -0.4376479
vn -0.8779381 -0.2494331 -0.408666
vn -0.8153884 -0.4532512 -0.3601461
vn -0.701044 -0.6529983 -0.2865844
vn -0.5102053 -0.8417523 -0.1764757
vn -0.8712903 0.2062785 -0.4453115
vn -0.2147936 -0.9764583 -0.01982148
vn 0.1912355 -0.9652147 0.178296
vn -0.6693302 -0.04443502 -0.7416351
vn -0.6431404 -0.2604415 -0.7200976
vn -0.5862033 -0.4639963 -0.6641334
vn -0.4907897 -0.6628558 -0.5654623
vn -0.3388008 -0.8497885 -0.4038236
vn -0.6610361 0.1964209 -0.7241892
vn -0.1114272 -0.9813046 -0.1569245
vn 0.1912355 -0.9652147 0.178296
vn -0.3445734 -0.01647812 -0.9386147
vn -0.3104307 -0.2318 -0.921901
vn -0.2614467 -0.4360395 -0.8611127
vn -0.1928581 -0.6372082 -0.7461712
vn -0.09591957 -0.8288798 -0.5511421
vn -0.3631045 0.2220686 -0.9048982
vn 0.03504398 -0.9686955 -0.245766
vn 0.1912355 -0.9652147 0.178296
vn 0.02631419 0.0459246 -0.9985983
vn 0.06953985 -0.1678691 -0.9833536
vn 0.1094408 -0.3736369 -0.9210962
vn 0.1473938 -0.5799599 -0.8012
vn 0.181462 -0.7822096 -0.5960032
vn -0.02285256 0.2793169 -0.959927
vn 0.2023203 -0.9405508 -0.2728197
vn 0.1912355 -0.9652147 0.178296
vn 0.4389234 -0.07838152 -0.8950993
vn 0.4699944 -0.2862884 -0.8349516
vn 0.3868679 0.1332729 -0.9124536
vn 0.4781655 -0.4998265 -0.7221711
vn 0.3079192 0.35945 -0.8808981
vn 0.4511153 -0.7168829 -0.5315768
vn 0.3649368 -0.9011551 -0.233967
vn 0.1912355 -0.9652147 0.178296
vn 0.1897204 0.6024445 -0.7752849
vn -0.07993291 0.5371177 -0.8397115
vn 0.02152309 0.8321428 -0.5541437
vn -0.3573145 0.4904476 -0.7948506
vn -0.1410935 0.7927462 -0.5929974
vn -0.1912356 0.9652147 -0.1782963
vn -0.6001958 0.4695392 -0.6475322
vn -0.3083696 0.7646023 -0.5659431
vn -0.1912356 0.9652147 -0.1782963
vn -0.7716005 0.4775753 -0.420184
vn -0.454841 0.751993 -0.477102
vn -0.1912356 0.9652147 -0.1782963
vn -0.8454332 0.513333 -0.1474178
vn -0.5582075 0.7568393 -0.3399983
vn -0.1912356 0.9652147 -0.1782963
vn -0.8104541 0.5713679 0.1292404
vn -0.6027329 0.7784027 -0.175506
vn -0.1912356 0.9652147 -0.1782963
vn -0.6719878 0.6428454 0.3676713
vn -0.5816379 0.8134018 -0.008665027
vn -0.1912356 0.9652147 -0.1782963
vn -0.4511153 0.7168832 0.5315764
vn -0.4981345 0.8565066 0.1351234
vn -0.1912356 0.9652147 -0.1782963
vn -0.364937 0.9011551 0.2339666
vn -0.1912356 0.9652147 -0.1782963
vn -0.1814621 0.7822098 0.5960028
vn 0.1928584 0.6372083 0.746171
vn -0.202322 0.9405506 0.2728196
vn -0.1912356 0.9652147 -0.1782963
vn 0.09592015 0.82888 0.5511419
vn 0.5862039 0.4639962 0.6641329
vn -0.03504371 0.9686957 0.2457653
vn -0.1912356 0.9652147 -0.1782963
vn 0.4907902 0.662856 0.5654618
vn 0.8779383 0.2494332 0.4086654
vn 0.3388016 0.8497884 0.4038232
vn 0.8153886 0.4532511 0.3601459
vn 0.997237 -0.01412159 0.07293199
vn 0.1114283 0.9813046 0.1569238
vn -0.1912356 0.9652147 -0.1782963
vn 0.7010441 0.6529983 0.286584
vn 0.9790778 0.2004509 0.03501825
vn 0.9189504 -0.3213297 -0.2286426
vn 0.5102054 0.8417524 0.1764753
vn 0.9141102 0.40544 -0.004569928
vn 0.9504662 -0.09172027 -0.2969873
vn 0.6719881 -0.6428451 -0.3676714
vn 0.3649368 -0.9011551 -0.233967
vn 0.1912355 -0.9652147 0.178296
vn 0.4511153 -0.7168829 -0.5315768
vn 0.7491001 -0.4090077 -0.5211158
vn 0.4781655 -0.4998265 -0.7221711
vn 0.765323 -0.1872926 -0.6157939
vn 0.4699944 -0.2862884 -0.8349516
vn 0.9311616 0.1209517 -0.3439605
vn 0.7414845 0.02303888 -0.6705744
vn 0.4389234 -0.07838152 -0.8950993
vn 0.8673394 0.3278413 -0.3744895
vn 0.6821966 0.2322689 -0.6932958
vn 0.3868679 0.1332729 -0.9124536
vn 0.7916114 0.6091362 -0.04800607
vn 0.5788539 0.450269 -0.6798427
vn 0.3079192 0.35945 -0.8808981
vn 0.748704 0.537947 -0.3873699
vn 0.5840382 0.8059947 -0.09629044
vn 0.410593 0.6764824 -0.6113796
vn 0.1897204 0.6024445 -0.7752849
vn 0.5490592 0.7479596 -0.3729485
vn 0.2147938 0.9764583 0.01982067
vn -0.1912356 0.9652147 -0.1782963
vn 0.2593192 0.9548946 -0.1446717
vn -0.1912356 0.9652147 -0.1782963
vn 0.2382241 0.9198962 -0.311513
vn -0.1912356 0.9652147 -0.1782963
vn 0.1547219 0.8767912 -0.4553003
vn -0.1912356 0.9652147 -0.1782963
vn 0.02152309 0.8321428 -0.5541437
vn -0.1912356 0.9652147 -0.1782963
vn -0.234148 -0.9276701 0.2908659
vn 0.09484304 -0.9408609 0.3252468
vn 0.08151363 -0.9756881 0.2034413
vn 0.3940268 -0.8596626 0.3251509
vn 0.3695193 -0.9236961 0.1011976
vn 0.02208065 -0.9954661 0.0925184
vn -0.234148 -0.9276701 0.2908659
vn 0.3300369 -0.7777082 0.5350192
vn 0.0600397 -0.8962871 0.4393912
vn -0.234148 -0.9276701 0.2908659
vn 0.6542643 -0.6967715 0.2940199
vn 0.567326 -0.5854263 0.5791523
vn 0.2602457 -0.9600602 -0.1027458
vn 0.6209676 -0.7837692 -0.01024875
vn -0.07440658 -0.997184 0.009366543
vn -0.234148 -0.9276701 0.2908659
vn 0.1872915 -0.6903096 0.6988522
vn 0.3733886 -0.4666844 0.8017398
vn -0.017598 -0.8487523 0.5284978
vn -0.234148 -0.9276701 0.2908659
vn 0.7501056 -0.3382644 0.5682595
vn 0.8516811 -0.4683559 0.2351215
vn 0.5235161 -0.199531 0.8283226
vn 0.08284193 -0.9632187 -0.2556304
vn 0.4725056 -0.8331743 -0.2873308
vn 0.8127787 -0.5700008 -0.1203745
vn -0.1932603 -0.9805804 -0.03335587
vn -0.234148 -0.9276701 0.2908659
vn 0.8617932 -0.05957247 0.5037497
vn 0.623991 0.08602639 0.7766819
vn 0.9683952 -0.1961019 0.1541259
vn 0.2064092 -0.07327677 0.9757181
vn 0.2911918 0.2185283 0.9313714
vn 0.1019771 -0.3586235 0.9278954
vn -0.01247773 -0.6107727 0.7917076
vn -0.12625 -0.805493 0.5790008
vn -0.234148 -0.9276701 0.2908659
vn 0.6656204 0.363471 0.6517963
vn 0.8922096 0.2247375 0.3917335
vn 0.3485135 0.4897252 0.7991919
vn -0.1529385 0.02127715 0.9880067
vn -0.2055879 -0.2776949 0.9384131
vn -0.2388574 -0.5512063 0.7994491
vn -0.0859387 0.3177612 0.9442682
vn -0.0108344 0.5842792 0.8114804
vn -0.2493747 -0.7730955 0.5832114
vn -0.234148 -0.9276701 0.2908659
vn 0.3729801 0.7150611 0.5912474
vn 0.06541463 0.7959898 0.601765
vn 0.6443915 0.6070004 0.4650916
vn -0.4998198 0.06973586 0.8633175
vn -0.4499858 0.368618 0.8134086
vn -0.502483 -0.2362193 0.8316919
vn -0.4573836 -0.5206783 0.7208982
vn -0.3577158 0.6327379 0.6867912
vn -0.2314804 0.8374655 0.4950439
vn -0.3682286 -0.7564918 0.5404884
vn -0.234148 -0.9276701 0.2908659
vn -0.7455267 0.3633562 0.5587149
vn -0.7814252 0.06472181 0.6206332
vn -0.639321 0.6277242 0.444107
vn -0.7435088 -0.2405108 0.6239786
vn -0.6347879 -0.5238371 0.5680133
vn -0.4725059 0.8331742 0.2873307
vn -0.4647165 -0.7582098 0.4573363
vn -0.234148 -0.9276701 0.2908659
vn -0.8127786 0.5700009 0.1203741
vn -0.9275678 0.3027766 0.2189618
vn -0.9548828 0.006998486 0.2969002
vn -0.8919707 -0.2899161 0.3468961
vn -0.7440617 -0.5602011 0.36407
vn -0.620968 0.7837689 0.01024806
vn -0.5241488 -0.7779878 0.3464144
vn -0.234148 -0.9276701 0.2908659
vn -0.8516807 0.4683563 -0.235122
vn -0.9683952 0.1961018 -0.1541263
vn -0.993785 -0.09464631 -0.05859565
vn -0.925267 -0.3769137 0.04262779
vn -0.768569 -0.6242348 0.1401167
vn -0.6542643 0.6967713 -0.2940204
vn -0.5374783 -0.8128149 0.2246088
vn -0.234148 -0.9276701 0.2908659
vn -0.7501051 0.3382646 -0.5682601
vn -0.8617929 0.05957221 -0.50375
vn -0.8922094 -0.2247379 -0.3917336
vn -0.8383287 -0.4882588 -0.2425044
vn -0.7045791 -0.7061892 -0.06975175
vn -0.5673259 0.5854262 -0.5791525
vn -0.502675 -0.8573888 0.1104639
vn -0.234148 -0.9276701 0.2908659
vn -0.5235158 0.1995312 -0.8283227
vn -0.6239906 -0.0860265 -0.7766821
vn -0.66562 -0.3634713 -0.6517966
vn -0.6443912 -0.6070004 -0.4650919
vn -0.5618336 -0.7935876 -0.2335845
vn -0.3733885 0.4666844 -0.8017399
vn -0.425037 -0.904924 0.02135739
vn -0.234148 -0.9276701 0.2908659
vn -0.2911915 -0.2185285 -0.9313715
vn -0.3485132 -0.4897254 -0.7991919
vn -0.2064091 0.073277 -0.9757181
vn -0.3729797 -0.7150611 -0.5912477
vn -0.1019772 0.3586237 -0.9278953
vn -0.3620641 -0.8731245 -0.3264401
vn -0.3163853 -0.9481829 -0.02914556
vn -0.234148 -0.9276701 0.2908659
vn 0.01247768 0.6107725 -0.7917079
vn -0.1872916 0.6903095 -0.6988524
vn 0.1262501 0.8054929 -0.5790009
vn -0.330037 0.7777079 -0.5350196
vn 0.01759762 0.8487521 -0.5284981
vn 0.2341481 0.92767 -0.2908661
vn -0.3940269 0.8596623 -0.3251514
vn -0.0600396 0.8962868 -0.4393919
vn 0.2341481 0.92767 -0.2908661
vn -0.3695196 0.9236959 -0.1011981
vn -0.09484282 0.9408609 -0.3252469
vn 0.2341481 0.92767 -0.2908661
vn -0.2602457 0.9600602 0.1027455
vn -0.08151378 0.975688 -0.2034414
vn 0.2341481 0.92767 -0.2908661
vn -0.08284174 0.9632187 0.2556305
vn -0.02208119 0.995466 -0.09251931
vn 0.2341481 0.92767 -0.2908661
vn 0.1356845 0.9326911 0.3341812
vn 0.07440698 0.997184 -0.009367105
vn 0.2341481 0.92767 -0.2908661
vn 0.3620646 0.8731245 0.3264397
vn 0.193261 0.9805802 0.03335572
vn 0.2341481 0.92767 -0.2908661
vn 0.3163861 0.9481827 0.02914521
vn 0.2341481 0.92767 -0.2908661
vn 0.5618336 0.7935877 0.2335844
vn 0.8383287 0.4882587 0.2425043
vn 0.4250374 0.9049239 -0.02135738
vn 0.2341481 0.92767 -0.2908661
vn 0.7045791 0.7061892 0.06975153
vn 0.993785 0.09464563 0.05859539
vn 0.5026748 0.8573889 -0.1104643
vn 0.2341481 0.92767 -0.2908661
vn 0.925267 0.3769135 -0.04262807
vn 0.9275678 -0.3027764 -0.2189622
vn 0.7685689 0.6242349 -0.140117
vn 0.9548828 -0.006998865 -0.2969006
vn 0.639321 -0.6277242 -0.4441071
vn 0.5374784 0.8128147 -0.2246092
vn 0.2341481 0.92767 -0.2908661
vn 0.8919705 0.2899158 -0.3468971
vn 0.7455268 -0.363356 -0.5587149
vn 0.2314805 -0.8374656 -0.4950436
vn 0.7440613 0.5602013 -0.3640704
vn 0.7814254 -0.06472161 -0.6206332
vn 0.3577158 -0.6327382 -0.6867909
vn -0.1356842 -0.9326911 -0.3341814
vn -0.3163853 -0.9481829 -0.02914556
vn -0.234148 -0.9276701 0.2908659
vn -0.3620641 -0.8731245 -0.3264401
vn -0.06541453 -0.7959897 -0.6017652
vn -0.3729797 -0.7150611 -0.5912477
vn 0.01083456 -0.5842794 -0.8114803
vn -0.3485132 -0.4897254 -0.7991919
vn 0.449986 -0.3686182 -0.8134084
vn 0.08593887 -0.3177615 -0.944268
vn -0.2911915 -0.2185285 -0.9313715
vn 0.4998203 -0.06973532 -0.8633173
vn 0.1529389 -0.02127681 -0.9880065
vn -0.2064091 0.073277 -0.9757181
vn 0.7435084 0.2405107 -0.6239791
vn 0.2055882 0.2776951 -0.938413
vn -0.1019772 0.3586237 -0.9278953
vn 0.5024833 0.2362193 -0.8316916
vn 0.6347877 0.5238369 -0.5680137
vn 0.2388577 0.5512058 -0.7994493
vn 0.01247768 0.6107725 -0.7917079
vn 0.457384 0.520678 -0.7208983
vn 0.524149 0.7779877 -0.3464145
vn 0.2341481 0.92767 -0.2908661
vn 0.4647164 0.7582097 -0.4573365
vn 0.2341481 0.92767 -0.2908661
vn 0.3682285 0.7564919 -0.5404885
vn 0.2341481 0.92767 -0.2908661
vn 0.249375 0.7730953 -0.5832116
vn 0.2341481 0.92767 -0.2908661
vn 0.1262501 0.8054929 -0.5790009
vn 0.2341481 0.92767 -0.2908661
vn 0.9490473 -0.2956868 0.1089893
vn 0.9722849 -0.1438843 -0.1842806
vn 0.939704 -0.261687 -0.2201733
vn 0.8973856 0.01282678 -0.4410607
vn 0.837482 -0.2037665 -0.5070533
vn 0.9006287 -0.3821982 -0.2068634
vn 0.9490473 -0.2956868 0.1089893
vn 0.936228 0.1914639 -0.2946498
vn 0.9934109 -0.04672572 -0.1046494
vn 0.9490473 -0.2956868 0.1089893
vn 0.737165 0.1676137 -0.654594
vn 0.7899373 0.4103143 -0.4556768
vn 0.7656375 -0.4253409 -0.482581
vn 0.6557788 -0.1266555 -0.7442531
vn 0.8610076 -0.4870728 -0.1463763
vn 0.9490473 -0.2956868 0.1089893
vn 0.9480962 0.3049487 -0.09011054
vn 0.8060615 0.5644975 -0.1777848
vn 0.9998658 0.01499703 0.006596603
vn 0.9490473 -0.2956868 0.1089893
vn 0.5692408 0.5895929 -0.573014
vn 0.5075837 0.3060308 -0.8054217
vn 0.5880799 0.7697348 -0.2483354
vn 0.6927894 -0.6181647 -0.3713695
vn 0.5581689 -0.4276921 -0.7110042
vn 0.4124949 -0.03778217 -0.9101761
vn 0.8268722 -0.5603443 -0.04792189
vn 0.9490473 -0.2956868 0.1089893
vn 0.3315671 0.6956894 -0.6372437
vn 0.3713481 0.8821858 -0.2895665
vn 0.2429583 0.4044357 -0.8817046
vn 0.5612326 0.8190317 0.1191853
vn 0.3462493 0.9325126 0.1026242
vn 0.7830831 0.6066905 0.1367757
vn 0.9311832 0.3360043 0.1414182
vn 0.990667 0.03188781 0.1325223
vn 0.9490473 -0.2956868 0.1089893
vn 0.1600354 0.9476308 -0.2763776
vn 0.1046928 0.7617042 -0.6394109
vn 0.1340641 0.9829682 0.1256997
vn 0.4927862 0.7299784 0.4735961
vn 0.7245 0.53047 0.4401152
vn 0.8880637 0.2799029 0.3646877
vn 0.2599581 0.839555 0.4770421
vn 0.0368135 0.8683873 0.4945183
vn 0.9672148 0.001375109 0.2539563
vn 0.9490473 -0.2956868 0.1089893
vn -0.2368614 0.9577466 0.1631505
vn -0.3161149 0.8011436 0.5081735
vn -0.1994287 0.9517614 -0.2331919
vn 0.3931611 0.5161325 0.7609412
vn 0.1319641 0.6198761 0.7735238
vn 0.639231 0.3474394 0.6860536
vn 0.8253025 0.1451856 0.5457078
vn -0.1096994 0.639424 0.7609882
vn -0.4213563 0.5531327 0.7186815
vn 0.9330798 -0.07189564 0.3524104
vn 0.9490473 -0.2956868 0.1089893
vn -0.005543089 0.3081645 0.951317
vn 0.2775245 0.21005 0.9374748
vn -0.2718962 0.3496797 0.896547
vn 0.5402575 0.08546405 0.8371486
vn 0.7524543 -0.04763839 0.6569194
vn -0.5535187 0.2985782 0.7774755
vn 0.8934587 -0.1767704 0.4128969
vn 0.9490473 -0.2956868 0.1089893
vn -0.4200797 0.02369178 0.9071779
vn -0.1301769 -0.0552239 0.9899517
vn 0.1634808 -0.1416702 0.9763214
vn 0.4426476 -0.2155727 0.8703973
vn 0.6806096 -0.2692133 0.6813919
vn -0.6931338 0.04700366 0.7192748
vn 0.8543831 -0.2972825 0.4262072
vn 0.9490473 -0.2956868 0.1089893
vn -0.5380566 -0.3012017 0.7872564
vn -0.2304575 -0.4153394 0.8799901
vn 0.06839217 -0.4854825 0.8715671
vn 0.3612615 -0.5098412 0.7807382
vn 0.6207063 -0.4858062 0.6153992
vn -0.8082184 -0.1838665 0.5594427
vn 0.8218023 -0.4150848 0.3903147
vn 0.9490473 -0.2956868 0.1089893
vn -0.615761 -0.5654702 0.5487094
vn -0.2951489 -0.7129351 0.6360901
vn 0.006734829 -0.7690449 0.6391593
vn 0.3084891 -0.7525419 0.5818206
vn 0.5818636 -0.6644431 0.4689884
vn -0.8797401 -0.3416294 0.330676
vn 0.8006764 -0.512243 0.3106838
vn 0.9490473 -0.2956868 0.1089893
vn -0.6450987 -0.72892 0.2291796
vn -0.3149111 -0.9020011 0.2953388
vn -0.01210438 -0.9491869 0.3144801
vn 0.2923646 -0.9067251 0.3039284
vn 0.5699956 -0.7779278 0.2644491
vn -0.9058399 -0.4158074 0.08098359
vn 0.7942215 -0.573966 0.1994375
vn 0.9490473 -0.2956868 0.1089893
vn -0.2868023 -0.9537124 -0.09042779
vn 0.01474287 -0.9984836 -0.05304015
vn -0.6226907 -0.7723756 -0.1252692
vn 0.3153433 -0.9489181 -0.01063195
vn -0.8903181 -0.4244535 -0.1648421
vn 0.5869087 -0.8089836 0.0329203
vn 0.8034204 -0.5908567 0.07351169
vn 0.9490473 -0.2956868 0.1089893
vn -0.9649754 -0.1873944 -0.1835918
vn -0.9774336 -0.2020787 -0.06154413
vn -0.960529 -0.18935 -0.2037906
vn -0.9752167 -0.2030222 0.08794521
vn -0.9700683 -0.2006553 -0.1367661
vn -0.9757552 -0.1143505 -0.1866169
vn -0.951836 -0.1497765 0.2675353
vn -0.9779928 -0.2002057 -0.05871705
vn -0.9757552 -0.1143505 -0.1866169
vn -0.9020569 -0.02196478 0.431058
vn -0.9845883 -0.1719592 0.0318724
vn -0.9757552 -0.1143505 -0.1866169
vn -0.8391452 0.1399209 0.525602
vn -0.9876886 -0.1057214 0.1153008
vn -0.9757552 -0.1143505 -0.1866169
vn -0.792097 0.3184553 0.5207386
vn -0.9860315 -0.03291271 0.1632748
vn -0.9757552 -0.1143505 -0.1866169
vn -0.762827 0.5242717 0.378463
vn -0.9860193 0.03302871 0.1633255
vn -0.9757552 -0.1143505 -0.1866169
vn -0.7241123 0.6810992 0.1084677
vn -0.987985 0.1248019 0.09115946
vn -0.9757552 -0.1143505 -0.1866169
vn -0.9760508 0.2109865 -0.05300499
vn -0.9757552 -0.1143505 -0.1866169
vn -0.6779402 0.7038391 -0.2121498
vn -0.2178879 0.7770084 -0.5905784
vn -0.9462392 0.2342677 -0.2230473
vn -0.9757552 -0.1143505 -0.1866169
vn -0.6411154 0.5835519 -0.4984358
vn -0.01789593 0.4677594 -0.8836747
vn -0.9094119 0.1907242 -0.3695868
vn -0.9757552 -0.1143505 -0.1866169
vn -0.3022214 0.498935 -0.8122353
vn 0.1310812 0.0523751 -0.9899872
vn -0.6417628 0.3838471 -0.6639291
vn -0.1643939 0.1325344 -0.9774504
vn 0.2984513 -0.3895026 -0.8713292
vn -0.887731 0.121257 -0.4441063
vn -0.9757552 -0.1143505 -0.1866169
vn -0.4390529 0.2113919 -0.8732388
vn 0.009733752 -0.3138088 -0.9494363
vn 0.4591956 -0.6896671 -0.5599096
vn -0.6985551 0.1853542 -0.6911328
vn -0.307593 -0.2031797 -0.9295723
vn 0.1828147 -0.6955845 -0.6947957
vn 0.6300281 -0.7528823 -0.1903495
vn 0.8034204 -0.5908567 0.07351169
vn 0.9490473 -0.2956868 0.1089893
vn 0.5869087 -0.8089836 0.0329203
vn 0.3739264 -0.8726975 -0.3139716
vn 0.3153433 -0.9489181 -0.01063195
vn 0.08318944 -0.9094303 -0.4074507
vn 0.01474287 -0.9984836 -0.05304015
vn -0.1109967 -0.6355175 -0.7640662
vn -0.2151885 -0.8601269 -0.4624669
vn -0.2868023 -0.9537124 -0.09042779
vn -0.4413704 -0.4942153 -0.7489615
vn -0.551698 -0.6911271 -0.4668755
vn -0.6226907 -0.7723756 -0.1252692
vn -0.6024045 -0.05678834 -0.7961683
vn -0.8348612 -0.3760276 -0.4020076
vn -0.8903181 -0.4244535 -0.1648421
vn -0.7380707 -0.2603938 -0.6224523
vn -0.7949094 0.005094678 -0.6067068
vn -0.9359481 -0.169909 -0.3084351
vn -0.9649754 -0.1873944 -0.1835918
vn -0.8818521 -0.1224041 -0.4553615
vn -0.8911594 0.04444777 -0.4515079
vn -0.9757552 -0.1143505 -0.1866169
vn -0.9081249 -0.05012732 -0.4156879
vn -0.9757552 -0.1143505 -0.1866169
vn -0.9300531 -0.1303632 -0.3435212
vn -0.9757552 -0.1143505 -0.1866169
vn -0.9475874 -0.1696536 -0.2707321
vn -0.9757552 -0.1143505 -0.1866169
vn -0.960529 -0.18935 -0.2037906
vn -0.9757552 -0.1143505 -0.1866169
vn -0.1267358 -0.08303046 0.9884554
vn -0.1267358 -0.08303046 0.9884554
vn -0.1267358 -0.08303046 0.9884554
vn -0.1267358 -0.08303046 0.9884554
vn 0.7811537 0.3668941 0.505161
vn 0.7811537 0.3668941 0.505161
vn 0.7811537 0.3668941 0.505161
vn 0.7811537 0.3668941 0.505161
vt 0.5060484 0.05303935
vt 0.5106842 0.05328835
vt 0.5189987 0.04579915
vt 0.5167984 0.04335641
vt 0.5038481 0.05059658
vt 0.5167984 0.04335641
vt 0.5189987 0.04579915
vt 0.514598 0.04091362
vt 0.514598 0.04091362
vt 0.5016478 0.04815379
vt 0.5123977 0.03847081
vt 0.5123977 0.03847081
vt 0.4994474 0.045711
vt 0.5101974 0.03602802
vt 0.5101974 0.03602802
vt 0.4996826 0.04107444
vt 0.5079971 0.03358523
vt 0.5079971 0.03358523
vt 0.499136 0.04734665
vt 0.4987281 0.05251473
vt 0.4937059 0.04693902
vt 0.488896 0.05320037
vt 0.4919999 0.0566463
vt 0.504229 0.05862174
vt 0.5052833 0.05262228
vt 0.4992067 0.05304597
vt 0.4943968 0.05930728
vt 0.4975007 0.06275326
vt 0.7549666 0
vt 0.6875 0.1
vt 0.75 0.1
vt 0.6875 0.2
vt 0.7499999 0.1999999
vt 0.8124999 0.1
vt 0.8174666 0
vt 0.625 0.2
vt 0.625 0.1
vt 0.6924666 0
vt 0.6875 0.3
vt 0.625 0.3
vt 0.8124999 0.1999999
vt 0.75 0.3
vt 0.8749999 0.1
vt 0.8799665 0
vt 0.5625 0.2
vt 0.5625 0.3
vt 0.5625 0.1
vt 0.6299666 0
vt 0.625 0.4
vt 0.6875 0.4
vt 0.5625 0.4
vt 0.8749999 0.1999999
vt 0.8124999 0.3
vt 0.75 0.4
vt 0.9374999 0.1
vt 0.9424666 0
vt 0.625 0.5
vt 0.5625 0.5
vt 0.6875 0.5
vt 0.5 0.4
vt 0.5 0.5
vt 0.5 0.3
vt 0.5 0.2
vt 0.5 0.1
vt 0.5674666 0
vt 0.5625 0.6
vt 0.625 0.6
vt 0.5 0.6
vt 0.4375 0.4
vt 0.4375 0.3
vt 0.4375 0.2
vt 0.4375 0.5
vt 0.4375 0.6
vt 0.4375 0.1
vt 0.5049666 0
vt 0.5 0.7
vt 0.4375 0.7
vt 0.5625 0.7
vt 0.375 0.4
vt 0.3749999 0.5
vt 0.375 0.3
vt 0.375 0.2
vt 0.375 0.6
vt 0.375 0.7
vt 0.3749999 0.1
vt 0.4424666 0
vt 0.3124999 0.5
vt 0.3125 0.4
vt 0.3125 0.6
vt 0.3125 0.3
vt 0.3125 0.2
vt 0.3125 0.7
vt 0.3125 0.1
vt 0.3799666 0
vt 0.25 0.6
vt 0.2499999 0.5
vt 0.25 0.4
vt 0.25 0.3
vt 0.25 0.2
vt 0.25 0.7
vt 0.25 0.1
vt 0.3174666 0
vt 0.1875 0.6
vt 0.1875 0.5
vt 0.1875 0.4
vt 0.1875 0.3
vt 0.1875 0.2
vt 0.1875 0.7
vt 0.1875 0.1
vt 0.2549666 0
vt 0.125 0.6
vt 0.1249999 0.5
vt 0.125 0.4
vt 0.1249999 0.3
vt 0.125 0.1999999
vt 0.1249999 0.7
vt 0.125 0.1
vt 0.1924666 0
vt 0.06249994 0.6
vt 0.06249994 0.5
vt 0.06249994 0.4
vt 0.06249994 0.3
vt 0.06249994 0.2
vt 0.06249994 0.7
vt 0.06249994 0.1
vt 0.1299666 0
vt 0 0.5
vt 0 0.4
vt 0 0.6
vt 0 0.3
vt 0 0.7
vt 0 0.2
vt 0 0.1
vt 0.06746656 0
vt 0 0.8000001
vt 0.06249994 0.8000001
vt 0 0.9
vt 0.06249994 0.9
vt 0.125 0.8000001
vt 0.125 0.9
vt 0.1875 0.8000001
vt 0.1875 0.9
vt 0.25 0.8000001
vt 0.25 0.9
vt 0.3125 0.8000001
vt 0.3125 0.9
vt 0.375 0.8000001
vt 0.3749999 0.9
vt 0.4375 0.8000001
vt 0.4375 0.9
vt 0.5 0.8000001
vt 0.5 0.9
vt 0.5625 0.8
vt 0.5625 0.9
vt 0.625 0.7
vt 0.625 0.8
vt 0.625 0.9
vt 0.6875 0.6
vt 0.6875 0.8
vt 0.6875 0.9
vt 0.6875 0.7
vt 0.75 0.5
vt 0.7499999 0.8000001
vt 0.7499999 0.9
vt 0.75 0.7
vt 0.7499999 0.6
vt 0.8124999 0.4
vt 0.8124999 0.8000001
vt 0.8124999 0.9
vt 0.8124999 0.5
vt 0.8124999 0.6
vt 0.8124999 0.7000001
vt 0.8749999 0.3
vt 0.8749999 0.8000001
vt 0.8749999 0.9
vt 0.8749999 0.4
vt 0.8749999 0.5
vt 0.8749999 0.6
vt 0.8749999 0.7
vt 0.9374999 0.1999999
vt 0.9374999 0.8000001
vt 0.9374999 0.9
vt 0.9374999 0.3
vt 1 0.1
vt 1.004966 0
vt 1 0.2
vt 1 0.3
vt 0.9374999 0.4
vt 1 0.4
vt 0.9374999 0.5
vt 1 0.5
vt 0.9374999 0.6
vt 1 0.6
vt 0.9374999 0.7
vt 1 0.7
vt 1 0.8000001
vt 1 0.9
vt 0.71875 0
vt 0.6875 0.1
vt 0.75 0.1
vt 0.6875 0.2
vt 0.7499999 0.1999999
vt 0.8124999 0.1
vt 0.7812499 0
vt 0.625 0.2
vt 0.625 0.1
vt 0.65625 0
vt 0.6875 0.3
vt 0.625 0.3
vt 0.8124999 0.1999999
vt 0.75 0.3
vt 0.8749999 0.1
vt 0.8437499 0
vt 0.5625 0.2
vt 0.5625 0.3
vt 0.5625 0.1
vt 0.59375 0
vt 0.625 0.4
vt 0.6875 0.4
vt 0.5625 0.4
vt 0.8749999 0.1999999
vt 0.8124999 0.3
vt 0.75 0.4
vt 0.9374999 0.1
vt 0.9062499 0
vt 0.625 0.5
vt 0.5625 0.5
vt 0.6875 0.5
vt 0.5 0.4
vt 0.5 0.5
vt 0.5 0.3
vt 0.5 0.2
vt 0.5 0.1
vt 0.53125 0
vt 0.5625 0.6
vt 0.625 0.6
vt 0.5 0.6
vt 0.4375 0.4
vt 0.4375 0.3
vt 0.4375 0.2
vt 0.4375 0.5
vt 0.4375 0.6
vt 0.4375 0.1
vt 0.46875 0
vt 0.5 0.7
vt 0.4375 0.7
vt 0.5625 0.7
vt 0.375 0.4
vt 0.3749999 0.5
vt 0.375 0.3
vt 0.375 0.2
vt 0.375 0.6
vt 0.375 0.7
vt 0.3749999 0.1
vt 0.40625 0
vt 0.3124999 0.5
vt 0.3125 0.4
vt 0.3125 0.6
vt 0.3125 0.3
vt 0.3125 0.2
vt 0.3125 0.7
vt 0.3125 0.1
vt 0.3437499 0
vt 0.25 0.6
vt 0.2499999 0.5
vt 0.25 0.4
vt 0.25 0.3
vt 0.25 0.2
vt 0.25 0.7
vt 0.25 0.1
vt 0.2812499 0
vt 0.1875 0.6
vt 0.1875 0.5
vt 0.1875 0.4
vt 0.1875 0.3
vt 0.1875 0.2
vt 0.1875 0.7
vt 0.1875 0.1
vt 0.2187499 0
vt 0.125 0.6
vt 0.1249999 0.5
vt 0.125 0.4
vt 0.1249999 0.3
vt 0.125 0.1999999
vt 0.1249999 0.7
vt 0.125 0.1
vt 0.1562499 0
vt 0.06249994 0.6
vt 0.06249994 0.5
vt 0.06249994 0.4
vt 0.06249994 0.3
vt 0.06249994 0.2
vt 0.06249994 0.7
vt 0.06249994 0.1
vt 0.09374997 0
vt 0 0.5
vt 0 0.4
vt 0 0.6
vt 0 0.3
vt 0 0.7
vt 0 0.2
vt 0 0.1
vt 0.03124994 0
vt 0 0.8000001
vt 0.06249994 0.8000001
vt 0 0.9
vt 0.125 0.8000001
vt 0.06249994 0.9
vt 0.03124994 1
vt 0.1875 0.8000001
vt 0.125 0.9
vt 0.09374997 1
vt 0.25 0.8000001
vt 0.1875 0.9
vt 0.1562499 1
vt 0.3125 0.8000001
vt 0.25 0.9
vt 0.2187499 1
vt 0.375 0.8000001
vt 0.3125 0.9
vt 0.2812499 1
vt 0.4375 0.8000001
vt 0.3749999 0.9
vt 0.3437499 1
vt 0.5 0.8000001
vt 0.4375 0.9
vt 0.40625 1
vt 0.5 0.9
vt 0.46875 1
vt 0.5625 0.8
vt 0.625 0.7
vt 0.5625 0.9
vt 0.53125 1
vt 0.625 0.8
vt 0.6875 0.6
vt 0.625 0.9
vt 0.59375 1
vt 0.6875 0.7
vt 0.75 0.5
vt 0.6875 0.8
vt 0.7499999 0.6
vt 0.8124999 0.4
vt 0.6875 0.9
vt 0.65625 1
vt 0.75 0.7
vt 0.8124999 0.5
vt 0.8749999 0.3
vt 0.7499999 0.8000001
vt 0.8124999 0.6
vt 0.8749999 0.4
vt 0.9374999 0.1999999
vt 1 0.1
vt 0.9687499 0
vt 1 0.2
vt 0.9374999 0.3
vt 1 0.3
vt 0.9374999 0.4
vt 1 0.4
vt 0.8749999 0.5
vt 0.9374999 0.5
vt 1 0.5
vt 0.8749999 0.6
vt 0.9374999 0.6
vt 1 0.6
vt 0.8124999 0.7000001
vt 0.9374999 0.7
vt 1 0.7
vt 0.8749999 0.7
vt 0.8124999 0.8000001
vt 0.9374999 0.8000001
vt 1 0.8000001
vt 0.8749999 0.8000001
vt 0.7499999 0.9
vt 0.7187499 1
vt 0.8124999 0.9
vt 0.7812499 1
vt 0.8749999 0.9
vt 0.8437499 1
vt 0.9374999 0.9
vt 0.9062499 1
vt 1 0.9
vt 0.9687499 1
vt 0.71875 0
vt 0.6875 0.1
vt 0.75 0.1
vt 0.6875 0.2
vt 0.7499999 0.1999999
vt 0.8124999 0.1
vt 0.7812499 0
vt 0.625 0.2
vt 0.625 0.1
vt 0.65625 0
vt 0.6875 0.3
vt 0.625 0.3
vt 0.8124999 0.1999999
vt 0.75 0.3
vt 0.8749999 0.1
vt 0.8437499 0
vt 0.5625 0.2
vt 0.5625 0.3
vt 0.5625 0.1
vt 0.59375 0
vt 0.625 0.4
vt 0.6875 0.4
vt 0.5625 0.4
vt 0.8749999 0.1999999
vt 0.8124999 0.3
vt 0.75 0.4
vt 0.9374999 0.1
vt 0.9062499 0
vt 0.625 0.5
vt 0.5625 0.5
vt 0.6875 0.5
vt 0.5 0.4
vt 0.5 0.5
vt 0.5 0.3
vt 0.5 0.2
vt 0.5 0.1
vt 0.53125 0
vt 0.5625 0.6
vt 0.625 0.6
vt 0.5 0.6
vt 0.4375 0.4
vt 0.4375 0.3
vt 0.4375 0.2
vt 0.4375 0.5
vt 0.4375 0.6
vt 0.4375 0.1
vt 0.46875 0
vt 0.5 0.7
vt 0.4375 0.7
vt 0.5625 0.7
vt 0.375 0.4
vt 0.3749999 0.5
vt 0.375 0.3
vt 0.375 0.2
vt 0.375 0.6
vt 0.375 0.7
vt 0.3749999 0.1
vt 0.40625 0
vt 0.3124999 0.5
vt 0.3125 0.4
vt 0.3125 0.6
vt 0.3125 0.3
vt 0.3125 0.2
vt 0.3125 0.7
vt 0.3125 0.1
vt 0.3437499 0
vt 0.25 0.6
vt 0.2499999 0.5
vt 0.25 0.4
vt 0.25 0.3
vt 0.25 0.2
vt 0.25 0.7
vt 0.25 0.1
vt 0.2812499 0
vt 0.1875 0.6
vt 0.1875 0.5
vt 0.1875 0.4
vt 0.1875 0.3
vt 0.1875 0.2
vt 0.1875 0.7
vt 0.1875 0.1
vt 0.2187499 0
vt 0.125 0.6
vt 0.1249999 0.5
vt 0.125 0.4
vt 0.1249999 0.3
vt 0.125 0.1999999
vt 0.1249999 0.7
vt 0.125 0.1
vt 0.1562499 0
vt 0.06249994 0.6
vt 0.06249994 0.5
vt 0.06249994 0.4
vt 0.06249994 0.3
vt 0.06249994 0.2
vt 0.06249994 0.7
vt 0.06249994 0.1
vt 0.09374997 0
vt 0 0.5
vt 0 0.4
vt 0 0.6
vt 0 0.3
vt 0 0.7
vt 0 0.2
vt 0 0.1
vt 0.03124994 0
vt 0 0.8000001
vt 0.06249994 0.8000001
vt 0 0.9
vt 0.125 0.8000001
vt 0.06249994 0.9
vt 0.03124994 1
vt 0.1875 0.8000001
vt 0.125 0.9
vt 0.09374997 1
vt 0.25 0.8000001
vt 0.1875 0.9
vt 0.1562499 1
vt 0.3125 0.8000001
vt 0.25 0.9
vt 0.2187499 1
vt 0.375 0.8000001
vt 0.3125 0.9
vt 0.2812499 1
vt 0.4375 0.8000001
vt 0.3749999 0.9
vt 0.3437499 1
vt 0.5 0.8000001
vt 0.4375 0.9
vt 0.40625 1
vt 0.5 0.9
vt 0.46875 1
vt 0.5625 0.8
vt 0.625 0.7
vt 0.5625 0.9
vt 0.53125 1
vt 0.625 0.8
vt 0.6875 0.6
vt 0.625 0.9
vt 0.59375 1
vt 0.6875 0.7
vt 0.75 0.5
vt 0.6875 0.8
vt 0.7499999 0.6
vt 0.8124999 0.4
vt 0.6875 0.9
vt 0.65625 1
vt 0.75 0.7
vt 0.8124999 0.5
vt 0.8749999 0.3
vt 0.7499999 0.8000001
vt 0.8124999 0.6
vt 0.8749999 0.4
vt 0.9374999 0.1999999
vt 1 0.1
vt 0.9687499 0
vt 1 0.2
vt 0.9374999 0.3
vt 1 0.3
vt 0.9374999 0.4
vt 1 0.4
vt 0.8749999 0.5
vt 0.9374999 0.5
vt 1 0.5
vt 0.8749999 0.6
vt 0.9374999 0.6
vt 1 0.6
vt 0.8124999 0.7000001
vt 0.9374999 0.7
vt 1 0.7
vt 0.8749999 0.7
vt 0.8124999 0.8000001
vt 0.9374999 0.8000001
vt 1 0.8000001
vt 0.8749999 0.8000001
vt 0.7499999 0.9
vt 0.7187499 1
vt 0.8124999 0.9
vt 0.7812499 1
vt 0.8749999 0.9
vt 0.8437499 1
vt 0.9374999 0.9
vt 0.9062499 1
vt 1 0.9
vt 0.9687499 1
vt 0.71875 0
vt 0.6875 0.1
vt 0.75 0.1
vt 0.6875 0.2
vt 0.7499999 0.1999999
vt 0.8124999 0.1
vt 0.7812499 0
vt 0.625 0.2
vt 0.625 0.1
vt 0.65625 0
vt 0.6875 0.3
vt 0.625 0.3
vt 0.8124999 0.1999999
vt 0.75 0.3
vt 0.8749999 0.1
vt 0.8437499 0
vt 0.5625 0.2
vt 0.5625 0.3
vt 0.5625 0.1
vt 0.59375 0
vt 0.625 0.4
vt 0.6875 0.4
vt 0.5625 0.4
vt 0.8749999 0.1999999
vt 0.8124999 0.3
vt 0.75 0.4
vt 0.9374999 0.1
vt 0.9062499 0
vt 0.625 0.5
vt 0.5625 0.5
vt 0.6875 0.5
vt 0.5 0.4
vt 0.5 0.5
vt 0.5 0.3
vt 0.5 0.2
vt 0.5 0.1
vt 0.53125 0
vt 0.5625 0.6
vt 0.625 0.6
vt 0.5 0.6
vt 0.4375 0.4
vt 0.4375 0.3
vt 0.4375 0.2
vt 0.4375 0.5
vt 0.4375 0.6
vt 0.4375 0.1
vt 0.46875 0
vt 0.5 0.7
vt 0.4375 0.7
vt 0.5625 0.7
vt 0.375 0.4
vt 0.3749999 0.5
vt 0.375 0.3
vt 0.375 0.2
vt 0.375 0.6
vt 0.375 0.7
vt 0.3749999 0.1
vt 0.40625 0
vt 0.3124999 0.5
vt 0.3125 0.4
vt 0.3125 0.6
vt 0.3125 0.3
vt 0.3125 0.2
vt 0.3125 0.7
vt 0.3125 0.1
vt 0.3437499 0
vt 0.25 0.6
vt 0.2499999 0.5
vt 0.25 0.4
vt 0.25 0.3
vt 0.25 0.2
vt 0.25 0.7
vt 0.25 0.1
vt 0.2812499 0
vt 0.1875 0.6
vt 0.1875 0.5
vt 0.1875 0.4
vt 0.1875 0.3
vt 0.1875 0.2
vt 0.1875 0.7
vt 0.1875 0.1
vt 0.2187499 0
vt 0.125 0.6
vt 0.1249999 0.5
vt 0.125 0.4
vt 0.1249999 0.3
vt 0.125 0.1999999
vt 0.1249999 0.7
vt 0.125 0.1
vt 0.1562499 0
vt 0.06249994 0.6
vt 0.06249994 0.5
vt 0.06249994 0.4
vt 0.06249994 0.3
vt 0.06249994 0.2
vt 0.06249994 0.7
vt 0.06249994 0.1
vt 0.09374997 0
vt 0 0.5
vt 0 0.4
vt 0 0.6
vt 0 0.3
vt 0 0.7
vt 0 0.2
vt 0 0.1
vt 0.03124994 0
vt 0 0.8000001
vt 0.06249994 0.8000001
vt 0 0.9
vt 0.125 0.8000001
vt 0.06249994 0.9
vt 0.03124994 1
vt 0.1875 0.8000001
vt 0.125 0.9
vt 0.09374997 1
vt 0.25 0.8000001
vt 0.1875 0.9
vt 0.1562499 1
vt 0.3125 0.8000001
vt 0.25 0.9
vt 0.2187499 1
vt 0.375 0.8000001
vt 0.3125 0.9
vt 0.2812499 1
vt 0.4375 0.8000001
vt 0.3749999 0.9
vt 0.3437499 1
vt 0.5 0.8000001
vt 0.4375 0.9
vt 0.40625 1
vt 0.5 0.9
vt 0.46875 1
vt 0.5625 0.8
vt 0.625 0.7
vt 0.5625 0.9
vt 0.53125 1
vt 0.625 0.8
vt 0.6875 0.6
vt 0.625 0.9
vt 0.59375 1
vt 0.6875 0.7
vt 0.75 0.5
vt 0.6875 0.8
vt 0.7499999 0.6
vt 0.8124999 0.4
vt 0.6875 0.9
vt 0.65625 1
vt 0.75 0.7
vt 0.8124999 0.5
vt 0.8749999 0.3
vt 0.7499999 0.8000001
vt 0.8124999 0.6
vt 0.8749999 0.4
vt 0.9374999 0.1999999
vt 1 0.1
vt 0.9687499 0
vt 1 0.2
vt 0.9374999 0.3
vt 1 0.3
vt 0.9374999 0.4
vt 1 0.4
vt 0.8749999 0.5
vt 0.9374999 0.5
vt 1 0.5
vt 0.8749999 0.6
vt 0.9374999 0.6
vt 1 0.6
vt 0.8124999 0.7000001
vt 0.9374999 0.7
vt 1 0.7
vt 0.8749999 0.7
vt 0.8124999 0.8000001
vt 0.9374999 0.8000001
vt 1 0.8000001
vt 0.8749999 0.8000001
vt 0.7499999 0.9
vt 0.7187499 1
vt 0.8124999 0.9
vt 0.7812499 1
vt 0.8749999 0.9
vt 0.8437499 1
vt 0.9374999 0.9
vt 0.9062499 1
vt 1 0.9
vt 0.9687499 1
vt 0 0
vt 0 1
vt 1 1
vt 1 0
vt 0 0
vt 0 1
vt 1 1
vt 1 0
usemtl M_Tumbleweed
f 1/1/1 3/3/3 2/2/2
f 1/1/1 4/4/4 3/3/3
f 5/5/5 4/4/4 1/1/1
f 3/3/3 4/4/4 6/6/6
f 3/3/3 6/6/6 7/7/7
f 4/4/4 8/8/8 6/6/6
f 5/5/5 9/9/9 4/4/4
f 4/4/4 9/9/9 8/8/8
f 10/10/10 9/9/9 5/5/5
f 9/9/9 11/11/11 8/8/8
f 10/10/10 12/12/12 9/9/9
f 9/9/9 12/12/12 11/11/11
f 13/13/13 12/12/12 10/10/10
f 12/12/12 14/14/14 11/11/11
f 13/13/13 15/15/15 12/12/12
f 12/12/12 15/15/15 14/14/14
f 16/16/16 15/15/15 13/13/13
f 15/15/15 17/17/17 14/14/14
f 16/16/16 18/18/18 15/15/15
f 15/15/15 18/18/18 17/17/17
f 19/19/19 21/21/21 20/20/20
f 20/20/20 21/21/21 22/22/22
f 20/20/20 22/22/22 23/23/23
f 24/24/24 26/26/26 25/25/25
f 26/26/26 24/24/24 27/27/27
f 27/27/27 24/24/24 28/28/28
f 29/29/29 31/31/31 30/30/30
f 31/31/31 32/32/32 30/30/30
f 31/31/31 33/33/33 32/32/32
f 34/34/34 33/33/33 31/31/31
f 35/35/35 34/34/34 31/31/31
f 30/30/30 32/32/32 36/36/36
f 30/30/30 36/36/36 37/37/37
f 38/38/38 30/30/30 37/37/37
f 33/33/33 39/39/39 32/32/32
f 32/32/32 40/40/40 36/36/36
f 32/32/32 39/39/39 40/40/40
f 34/34/34 41/41/41 33/33/33
f 33/33/33 42/42/42 39/39/39
f 41/41/41 42/42/42 33/33/33
f 43/43/43 41/41/41 34/34/34
f 44/44/44 43/43/43 34/34/34
f 37/37/37 36/36/36 45/45/45
f 36/36/36 40/40/40 46/46/46
f 36/36/36 46/46/46 45/45/45
f 37/37/37 45/45/45 47/47/47
f 48/48/48 37/37/37 47/47/47
f 39/39/39 49/49/49 40/40/40
f 42/42/42 50/50/50 39/39/39
f 39/39/39 50/50/50 49/49/49
f 40/40/40 51/51/51 46/46/46
f 40/40/40 49/49/49 51/51/51
f 43/43/43 52/52/52 41/41/41
f 41/41/41 53/53/53 42/42/42
f 52/52/52 53/53/53 41/41/41
f 42/42/42 54/54/54 50/50/50
f 53/53/53 54/54/54 42/42/42
f 55/55/55 52/52/52 43/43/43
f 56/56/56 55/55/55 43/43/43
f 50/50/50 57/57/57 49/49/49
f 49/49/49 58/58/58 51/51/51
f 49/49/49 57/57/57 58/58/58
f 54/54/54 59/59/59 50/50/50
f 50/50/50 59/59/59 57/57/57
f 46/46/46 51/51/51 60/60/60
f 51/51/51 58/58/58 61/61/61
f 51/51/51 61/61/61 60/60/60
f 46/46/46 60/60/60 62/62/62
f 45/45/45 46/46/46 62/62/62
f 45/45/45 62/62/62 63/63/63
f 47/47/47 45/45/45 63/63/63
f 47/47/47 63/63/63 64/64/64
f 65/65/65 47/47/47 64/64/64
f 57/57/57 66/66/66 58/58/58
f 59/59/59 67/67/67 57/57/57
f 57/57/57 67/67/67 66/66/66
f 58/58/58 68/68/68 61/61/61
f 58/58/58 66/66/66 68/68/68
f 62/62/62 60/60/60 69/69/69
f 63/63/63 62/62/62 70/70/70
f 62/62/62 69/69/69 70/70/70
f 64/64/64 63/63/63 71/71/71
f 63/63/63 70/70/70 71/71/71
f 60/60/60 61/61/61 72/72/72
f 60/60/60 72/72/72 69/69/69
f 61/61/61 68/68/68 73/73/73
f 61/61/61 73/73/73 72/72/72
f 64/64/64 71/71/71 74/74/74
f 75/75/75 64/64/64 74/74/74
f 66/66/66 76/76/76 68/68/68
f 68/68/68 77/77/77 73/73/73
f 68/68/68 76/76/76 77/77/77
f 66/66/66 78/78/78 76/76/76
f 67/67/67 78/78/78 66/66/66
f 70/70/70 69/69/69 79/79/79
f 69/69/69 72/72/72 80/80/80
f 69/69/69 80/80/80 79/79/79
f 71/71/71 70/70/70 81/81/81
f 70/70/70 79/79/79 81/81/81
f 74/74/74 71/71/71 82/82/82
f 71/71/71 81/81/81 82/82/82
f 72/72/72 73/73/73 83/83/83
f 72/72/72 83/83/83 80/80/80
f 73/73/73 77/77/77 84/84/84
f 73/73/73 84/84/84 83/83/83
f 74/74/74 82/82/82 85/85/85
f 86/86/86 74/74/74 85/85/85
f 79/79/79 80/80/80 87/87/87
f 81/81/81 79/79/79 88/88/88
f 79/79/79 87/87/87 88/88/88
f 80/80/80 83/83/83 89/89/89
f 80/80/80 89/89/89 87/87/87
f 82/82/82 81/81/81 90/90/90
f 81/81/81 88/88/88 90/90/90
f 85/85/85 82/82/82 91/91/91
f 82/82/82 90/90/90 91/91/91
f 83/83/83 84/84/84 92/92/92
f 83/83/83 92/92/92 89/89/89
f 85/85/85 91/91/91 93/93/93
f 94/94/94 85/85/85 93/93/93
f 87/87/87 89/89/89 95/95/95
f 88/88/88 87/87/87 96/96/96
f 87/87/87 95/95/95 96/96/96
f 90/90/90 88/88/88 97/97/97
f 88/88/88 96/96/96 97/97/97
f 91/91/91 90/90/90 98/98/98
f 90/90/90 97/97/97 98/98/98
f 93/93/93 91/91/91 99/99/99
f 91/91/91 98/98/98 99/99/99
f 89/89/89 92/92/92 100/100/100
f 89/89/89 100/100/100 95/95/95
f 93/93/93 99/99/99 101/101/101
f 102/102/102 93/93/93 101/101/101
f 96/96/96 95/95/95 103/103/103
f 97/97/97 96/96/96 104/104/104
f 96/96/96 103/103/103 104/104/104
f 98/98/98 97/97/97 105/105/105
f 97/97/97 104/104/104 105/105/105
f 99/99/99 98/98/98 106/106/106
f 98/98/98 105/105/105 106/106/106
f 101/101/101 99/99/99 107/107/107
f 99/99/99 106/106/106 107/107/107
f 95/95/95 100/100/100 108/108/108
f 95/95/95 108/108/108 103/103/103
f 101/101/101 107/107/107 109/109/109
f 110/110/110 101/101/101 109/109/109
f 104/104/104 103/103/103 111/111/111
f 105/105/105 104/104/104 112/112/112
f 104/104/104 111/111/111 112/112/112
f 106/106/106 105/105/105 113/113/113
f 105/105/105 112/112/112 113/113/113
f 107/107/107 106/106/106 114/114/114
f 106/106/106 113/113/113 114/114/114
f 109/109/109 107/107/107 115/115/115
f 107/107/107 114/114/114 115/115/115
f 103/103/103 108/108/108 116/116/116
f 103/103/103 116/116/116 111/111/111
f 109/109/109 115/115/115 117/117/117
f 118/118/118 109/109/109 117/117/117
f 112/112/112 111/111/111 119/119/119
f 113/113/113 112/112/112 120/120/120
f 112/112/112 119/119/119 120/120/120
f 114/114/114 113/113/113 121/121/121
f 113/113/113 120/120/120 121/121/121
f 115/115/115 114/114/114 122/122/122
f 114/114/114 121/121/121 122/122/122
f 117/117/117 115/115/115 123/123/123
f 115/115/115 122/122/122 123/123/123
f 111/111/111 116/116/116 124/124/124
f 111/111/111 124/124/124 119/119/119
f 117/117/117 123/123/123 125/125/125
f 126/126/126 117/117/117 125/125/125
f 121/121/121 120/120/120 127/127/127
f 121/121/121 127/127/127 128/128/128
f 122/122/122 121/121/121 128/128/128
f 120/120/120 129/129/129 127/127/127
f 120/120/120 119/119/119 129/129/129
f 122/122/122 128/128/128 130/130/130
f 123/123/123 122/122/122 130/130/130
f 119/119/119 131/131/131 129/129/129
f 119/119/119 124/124/124 131/131/131
f 123/123/123 130/130/130 132/132/132
f 125/125/125 123/123/123 132/132/132
f 125/125/125 132/132/132 133/133/133
f 134/134/134 125/125/125 133/133/133
f 124/124/124 135/135/135 131/131/131
f 124/124/124 136/136/136 135/135/135
f 136/136/136 137/137/137 135/135/135
f 116/116/116 136/136/136 124/124/124
f 136/136/136 138/138/138 137/137/137
f 116/116/116 139/139/139 136/136/136
f 139/139/139 138/138/138 136/136/136
f 108/108/108 139/139/139 116/116/116
f 139/139/139 140/140/140 138/138/138
f 108/108/108 141/141/141 139/139/139
f 141/141/141 140/140/140 139/139/139
f 100/100/100 141/141/141 108/108/108
f 141/141/141 142/142/142 140/140/140
f 100/100/100 143/143/143 141/141/141
f 143/143/143 142/142/142 141/141/141
f 92/92/92 143/143/143 100/100/100
f 143/143/143 144/144/144 142/142/142
f 92/92/92 145/145/145 143/143/143
f 145/145/145 144/144/144 143/143/143
f 84/84/84 145/145/145 92/92/92
f 145/145/145 146/146/146 144/144/144
f 84/84/84 147/147/147 145/145/145
f 147/147/147 146/146/146 145/145/145
f 77/77/77 147/147/147 84/84/84
f 147/147/147 148/148/148 146/146/146
f 77/77/77 149/149/149 147/147/147
f 149/149/149 148/148/148 147/147/147
f 76/76/76 149/149/149 77/77/77
f 149/149/149 150/150/150 148/148/148
f 76/76/76 151/151/151 149/149/149
f 151/151/151 150/150/150 149/149/149
f 151/151/151 152/152/152 150/150/150
f 78/78/78 151/151/151 76/76/76
f 153/153/153 152/152/152 151/151/151
f 78/78/78 153/153/153 151/151/151
f 153/153/153 154/154/154 152/152/152
f 155/155/155 153/153/153 78/78/78
f 67/67/67 155/155/155 78/78/78
f 156/156/156 154/154/154 153/153/153
f 155/155/155 156/156/156 153/153/153
f 156/156/156 157/157/157 154/154/154
f 158/158/158 155/155/155 67/67/67
f 59/59/59 158/158/158 67/67/67
f 159/159/159 157/157/157 156/156/156
f 159/159/159 160/160/160 157/157/157
f 161/161/161 156/156/156 155/155/155
f 158/158/158 161/161/161 155/155/155
f 161/161/161 159/159/159 156/156/156
f 162/162/162 158/158/158 59/59/59
f 54/54/54 162/162/162 59/59/59
f 163/163/163 160/160/160 159/159/159
f 163/163/163 164/164/164 160/160/160
f 165/165/165 159/159/159 161/161/161
f 165/165/165 163/163/163 159/159/159
f 166/166/166 161/161/161 158/158/158
f 162/162/162 166/166/166 158/158/158
f 166/166/166 165/165/165 161/161/161
f 167/167/167 162/162/162 54/54/54
f 53/53/53 167/167/167 54/54/54
f 168/168/168 164/164/164 163/163/163
f 168/168/168 169/169/169 164/164/164
f 170/170/170 166/166/166 162/162/162
f 167/167/167 170/170/170 162/162/162
f 171/171/171 165/165/165 166/166/166
f 170/170/170 171/171/171 166/166/166
f 172/172/172 163/163/163 165/165/165
f 172/172/172 168/168/168 163/163/163
f 171/171/171 172/172/172 165/165/165
f 173/173/173 167/167/167 53/53/53
f 52/52/52 173/173/173 53/53/53
f 174/174/174 169/169/169 168/168/168
f 174/174/174 175/175/175 169/169/169
f 176/176/176 170/170/170 167/167/167
f 173/173/173 176/176/176 167/167/167
f 177/177/177 171/171/171 170/170/170
f 176/176/176 177/177/177 170/170/170
f 178/178/178 172/172/172 171/171/171
f 177/177/177 178/178/178 171/171/171
f 179/179/179 168/168/168 172/172/172
f 179/179/179 174/174/174 168/168/168
f 178/178/178 179/179/179 172/172/172
f 180/180/180 173/173/173 52/52/52
f 55/55/55 180/180/180 52/52/52
f 181/181/181 175/175/175 174/174/174
f 181/181/181 182/182/182 175/175/175
f 183/183/183 176/176/176 173/173/173
f 180/180/180 183/183/183 173/173/173
f 184/184/184 180/180/180 55/55/55
f 185/185/185 184/184/184 55/55/55
f 184/184/184 186/186/186 180/180/180
f 186/186/186 183/183/183 180/180/180
f 186/186/186 187/187/187 183/183/183
f 183/183/183 188/188/188 176/176/176
f 187/187/187 188/188/188 183/183/183
f 188/188/188 177/177/177 176/176/176
f 187/187/187 189/189/189 188/188/188
f 188/188/188 190/190/190 177/177/177
f 189/189/189 190/190/190 188/188/188
f 190/190/190 178/178/178 177/177/177
f 189/189/189 191/191/191 190/190/190
f 190/190/190 192/192/192 178/178/178
f 191/191/191 192/192/192 190/190/190
f 192/192/192 179/179/179 178/178/178
f 191/191/191 193/193/193 192/192/192
f 192/192/192 194/194/194 179/179/179
f 193/193/193 194/194/194 192/192/192
f 194/194/194 174/174/174 179/179/179
f 193/193/193 195/195/195 194/194/194
f 194/194/194 181/181/181 174/174/174
f 195/195/195 181/181/181 194/194/194
f 195/195/195 196/196/196 181/181/181
f 196/196/196 182/182/182 181/181/181
f 196/196/196 197/197/197 182/182/182
f 198/198/198 200/200/200 199/199/199
f 200/200/200 201/201/201 199/199/199
f 200/200/200 202/202/202 201/201/201
f 203/203/203 202/202/202 200/200/200
f 204/204/204 203/203/203 200/200/200
f 199/199/199 201/201/201 205/205/205
f 199/199/199 205/205/205 206/206/206
f 207/207/207 199/199/199 206/206/206
f 202/202/202 208/208/208 201/201/201
f 201/201/201 209/209/209 205/205/205
f 201/201/201 208/208/208 209/209/209
f 203/203/203 210/210/210 202/202/202
f 202/202/202 211/211/211 208/208/208
f 210/210/210 211/211/211 202/202/202
f 212/212/212 210/210/210 203/203/203
f 213/213/213 212/212/212 203/203/203
f 206/206/206 205/205/205 214/214/214
f 205/205/205 209/209/209 215/215/215
f 205/205/205 215/215/215 214/214/214
f 206/206/206 214/214/214 216/216/216
f 217/217/217 206/206/206 216/216/216
f 208/208/208 218/218/218 209/209/209
f 211/211/211 219/219/219 208/208/208
f 208/208/208 219/219/219 218/218/218
f 209/209/209 220/220/220 215/215/215
f 209/209/209 218/218/218 220/220/220
f 212/212/212 221/221/221 210/210/210
f 210/210/210 222/222/222 211/211/211
f 221/221/221 222/222/222 210/210/210
f 211/211/211 223/223/223 219/219/219
f 222/222/222 223/223/223 211/211/211
f 224/224/224 221/221/221 212/212/212
f 225/225/225 224/224/224 212/212/212
f 219/219/219 226/226/226 218/218/218
f 218/218/218 227/227/227 220/220/220
f 218/218/218 226/226/226 227/227/227
f 223/223/223 228/228/228 219/219/219
f 219/219/219 228/228/228 226/226/226
f 215/215/215 220/220/220 229/229/229
f 220/220/220 227/227/227 230/230/230
f 220/220/220 230/230/230 229/229/229
f 215/215/215 229/229/229 231/231/231
f 214/214/214 215/215/215 231/231/231
f 214/214/214 231/231/231 232/232/232
f 216/216/216 214/214/214 232/232/232
f 216/216/216 232/232/232 233/233/233
f 234/234/234 216/216/216 233/233/233
f 226/226/226 235/235/235 227/227/227
f 228/228/228 236/236/236 226/226/226
f 226/226/226 236/236/236 235/235/235
f 227/227/227 237/237/237 230/230/230
f 227/227/227 235/235/235 237/237/237
f 231/231/231 229/229/229 238/238/238
f 232/232/232 231/231/231 239/239/239
f 231/231/231 238/238/238 239/239/239
f 233/233/233 232/232/232 240/240/240
f 232/232/232 239/239/239 240/240/240
f 229/229/229 230/230/230 241/241/241
f 229/229/229 241/241/241 238/238/238
f 230/230/230 237/237/237 242/242/242
f 230/230/230 242/242/242 241/241/241
f 233/233/233 240/240/240 243/243/243
f 244/244/244 233/233/233 243/243/243
f 235/235/235 245/245/245 237/237/237
f 237/237/237 246/246/246 242/242/242
f 237/237/237 245/245/245 246/246/246
f 235/235/235 247/247/247 245/245/245
f 236/236/236 247/247/247 235/235/235
f 239/239/239 238/238/238 248/248/248
f 238/238/238 241/241/241 249/249/249
f 238/238/238 249/249/249 248/248/248
f 240/240/240 239/239/239 250/250/250
f 239/239/239 248/248/248 250/250/250
f 243/243/243 240/240/240 251/251/251
f 240/240/240 250/250/250 251/251/251
f 241/241/241 242/242/242 252/252/252
f 241/241/241 252/252/252 249/249/249
f 242/242/242 246/246/246 253/253/253
f 242/242/242 253/253/253 252/252/252
f 243/243/243 251/251/251 254/254/254
f 255/255/255 243/243/243 254/254/254
f 248/248/248 249/249/249 256/256/256
f 250/250/250 248/248/248 257/257/257
f 248/248/248 256/256/256 257/257/257
f 249/249/249 252/252/252 258/258/258
f 249/249/249 258/258/258 256/256/256
f 251/251/251 250/250/250 259/259/259
f 250/250/250 257/257/257 259/259/259
f 254/254/254 251/251/251 260/260/260
f 251/251/251 259/259/259 260/260/260
f 252/252/252 253/253/253 261/261/261
f 252/252/252 261/261/261 258/258/258
f 254/254/254 260/260/260 262/262/262
f 263/263/263 254/254/254 262/262/262
f 256/256/256 258/258/258 264/264/264
f 257/257/257 256/256/256 265/265/265
f 256/256/256 264/264/264 265/265/265
f 259/259/259 257/257/257 266/266/266
f 257/257/257 265/265/265 266/266/266
f 260/260/260 259/259/259 267/267/267
f 259/259/259 266/266/266 267/267/267
f 262/262/262 260/260/260 268/268/268
f 260/260/260 267/267/267 268/268/268
f 258/258/258 261/261/261 269/269/269
f 258/258/258 269/269/269 264/264/264
f 262/262/262 268/268/268 270/270/270
f 271/271/271 262/262/262 270/270/270
f 265/265/265 264/264/264 272/272/272
f 266/266/266 265/265/265 273/273/273
f 265/265/265 272/272/272 273/273/273
f 267/267/267 266/266/266 274/274/274
f 266/266/266 273/273/273 274/274/274
f 268/268/268 267/267/267 275/275/275
f 267/267/267 274/274/274 275/275/275
f 270/270/270 268/268/268 276/276/276
f 268/268/268 275/275/275 276/276/276
f 264/264/264 269/269/269 277/277/277
f 264/264/264 277/277/277 272/272/272
f 270/270/270 276/276/276 278/278/278
f 279/279/279 270/270/270 278/278/278
f 273/273/273 272/272/272 280/280/280
f 274/274/274 273/273/273 281/281/281
f 273/273/273 280/280/280 281/281/281
f 275/275/275 274/274/274 282/282/282
f 274/274/274 281/281/281 282/282/282
f 276/276/276 275/275/275 283/283/283
f 275/275/275 282/282/282 283/283/283
f 278/278/278 276/276/276 284/284/284
f 276/276/276 283/283/283 284/284/284
f 272/272/272 277/277/277 285/285/285
f 272/272/272 285/285/285 280/280/280
f 278/278/278 284/284/284 286/286/286
f 287/287/287 278/278/278 286/286/286
f 281/281/281 280/280/280 288/288/288
f 282/282/282 281/281/281 289/289/289
f 281/281/281 288/288/288 289/289/289
f 283/283/283 282/282/282 290/290/290
f 282/282/282 289/289/289 290/290/290
f 284/284/284 283/283/283 291/291/291
f 283/283/283 290/290/290 291/291/291
f 286/286/286 284/284/284 292/292/292
f 284/284/284 291/291/291 292/292/292
f 280/280/280 285/285/285 293/293/293
f 280/280/280 293/293/293 288/288/288
f 286/286/286 292/292/292 294/294/294
f 295/295/295 286/286/286 294/294/294
f 290/290/290 289/289/289 296/296/296
f 290/290/290 296/296/296 297/297/297
f 291/291/291 290/290/290 297/297/297
f 289/289/289 298/298/298 296/296/296
f 289/289/289 288/288/288 298/298/298
f 291/291/291 297/297/297 299/299/299
f 292/292/292 291/291/291 299/299/299
f 288/288/288 300/300/300 298/298/298
f 288/288/288 293/293/293 300/300/300
f 292/292/292 299/299/299 301/301/301
f 294/294/294 292/292/292 301/301/301
f 294/294/294 301/301/301 302/302/302
f 303/303/303 294/294/294 302/302/302
f 293/293/293 304/304/304 300/300/300
f 293/293/293 305/305/305 304/304/304
f 285/285/285 305/305/305 293/293/293
f 305/305/305 306/306/306 304/304/304
f 285/285/285 307/307/307 305/305/305
f 277/277/277 307/307/307 285/285/285
f 305/305/305 308/308/308 306/306/306
f 307/307/307 308/308/308 305/305/305
f 308/308/308 309/309/309 306/306/306
f 277/277/277 310/310/310 307/307/307
f 269/269/269 310/310/310 277/277/277
f 307/307/307 311/311/311 308/308/308
f 310/310/310 311/311/311 307/307/307
f 311/311/311 312/312/312 308/308/308
f 269/269/269 313/313/313 310/310/310
f 261/261/261 313/313/313 269/269/269
f 310/310/310 314/314/314 311/311/311
f 313/313/313 314/314/314 310/310/310
f 314/314/314 315/315/315 311/311/311
f 261/261/261 316/316/316 313/313/313
f 253/253/253 316/316/316 261/261/261
f 313/313/313 317/317/317 314/314/314
f 316/316/316 317/317/317 313/313/313
f 317/317/317 318/318/318 314/314/314
f 253/253/253 319/319/319 316/316/316
f 246/246/246 319/319/319 253/253/253
f 316/316/316 320/320/320 317/317/317
f 319/319/319 320/320/320 316/316/316
f 320/320/320 321/321/321 317/317/317
f 246/246/246 322/322/322 319/319/319
f 245/245/245 322/322/322 246/246/246
f 319/319/319 323/323/323 320/320/320
f 322/322/322 323/323/323 319/319/319
f 323/323/323 324/324/324 320/320/320
f 245/245/245 325/325/325 322/322/322
f 247/247/247 325/325/325 245/245/245
f 322/322/322 326/326/326 323/323/323
f 325/325/325 326/326/326 322/322/322
f 326/326/326 327/327/327 323/323/323
f 325/325/325 328/328/328 326/326/326
f 328/328/328 329/329/329 326/326/326
f 247/247/247 330/330/330 325/325/325
f 330/330/330 328/328/328 325/325/325
f 331/331/331 330/330/330 247/247/247
f 236/236/236 331/331/331 247/247/247
f 330/330/330 332/332/332 328/328/328
f 332/332/332 333/333/333 328/328/328
f 334/334/334 332/332/332 330/330/330
f 331/331/331 334/334/334 330/330/330
f 335/335/335 331/331/331 236/236/236
f 228/228/228 335/335/335 236/236/236
f 334/334/334 336/336/336 332/332/332
f 336/336/336 337/337/337 332/332/332
f 338/338/338 334/334/334 331/331/331
f 335/335/335 338/338/338 331/331/331
f 339/339/339 335/335/335 228/228/228
f 223/223/223 339/339/339 228/228/228
f 340/340/340 336/336/336 334/334/334
f 338/338/338 340/340/340 334/334/334
f 341/341/341 338/338/338 335/335/335
f 339/339/339 341/341/341 335/335/335
f 342/342/342 339/339/339 223/223/223
f 222/222/222 342/342/342 223/223/223
f 340/340/340 343/343/343 336/336/336
f 343/343/343 344/344/344 336/336/336
f 345/345/345 340/340/340 338/338/338
f 341/341/341 345/345/345 338/338/338
f 346/346/346 341/341/341 339/339/339
f 342/342/342 346/346/346 339/339/339
f 347/347/347 342/342/342 222/222/222
f 221/221/221 347/347/347 222/222/222
f 348/348/348 343/343/343 340/340/340
f 345/345/345 348/348/348 340/340/340
f 349/349/349 345/345/345 341/341/341
f 346/346/346 349/349/349 341/341/341
f 350/350/350 346/346/346 342/342/342
f 347/347/347 350/350/350 342/342/342
f 351/351/351 347/347/347 221/221/221
f 224/224/224 351/351/351 221/221/221
f 352/352/352 351/351/351 224/224/224
f 353/353/353 352/352/352 224/224/224
f 352/352/352 354/354/354 351/351/351
f 351/351/351 355/355/355 347/347/347
f 354/354/354 355/355/355 351/351/351
f 355/355/355 350/350/350 347/347/347
f 354/354/354 356/356/356 355/355/355
f 356/356/356 357/357/357 355/355/355
f 355/355/355 357/357/357 350/350/350
f 356/356/356 358/358/358 357/357/357
f 350/350/350 359/359/359 346/346/346
f 357/357/357 359/359/359 350/350/350
f 359/359/359 349/349/349 346/346/346
f 358/358/358 360/360/360 357/357/357
f 357/357/357 360/360/360 359/359/359
f 358/358/358 361/361/361 360/360/360
f 359/359/359 362/362/362 349/349/349
f 360/360/360 362/362/362 359/359/359
f 361/361/361 363/363/363 360/360/360
f 360/360/360 363/363/363 362/362/362
f 361/361/361 364/364/364 363/363/363
f 362/362/362 365/365/365 349/349/349
f 349/349/349 365/365/365 345/345/345
f 365/365/365 348/348/348 345/345/345
f 364/364/364 366/366/366 363/363/363
f 364/364/364 367/367/367 366/366/366
f 363/363/363 368/368/368 362/362/362
f 362/362/362 368/368/368 365/365/365
f 363/363/363 366/366/366 368/368/368
f 365/365/365 369/369/369 348/348/348
f 368/368/368 369/369/369 365/365/365
f 367/367/367 370/370/370 366/366/366
f 367/367/367 371/371/371 370/370/370
f 366/366/366 372/372/372 368/368/368
f 368/368/368 372/372/372 369/369/369
f 366/366/366 370/370/370 372/372/372
f 369/369/369 373/373/373 348/348/348
f 348/348/348 373/373/373 343/343/343
f 373/373/373 374/374/374 343/343/343
f 369/369/369 375/375/375 373/373/373
f 372/372/372 375/375/375 369/369/369
f 375/375/375 376/376/376 373/373/373
f 372/372/372 377/377/377 375/375/375
f 370/370/370 377/377/377 372/372/372
f 377/377/377 378/378/378 375/375/375
f 371/371/371 379/379/379 370/370/370
f 370/370/370 379/379/379 377/377/377
f 379/379/379 380/380/380 377/377/377
f 371/371/371 381/381/381 379/379/379
f 381/381/381 382/382/382 379/379/379
f 383/383/383 385/385/385 384/384/384
f 385/385/385 386/386/386 384/384/384
f 385/385/385 387/387/387 386/386/386
f 388/388/388 387/387/387 385/385/385
f 389/389/389 388/388/388 385/385/385
f 384/384/384 386/386/386 390/390/390
f 384/384/384 390/390/390 391/391/391
f 392/392/392 384/384/384 391/391/391
f 387/387/387 393/393/393 386/386/386
f 386/386/386 394/394/394 390/390/390
f 386/386/386 393/393/393 394/394/394
f 388/388/388 395/395/395 387/387/387
f 387/387/387 396/396/396 393/393/393
f 395/395/395 396/396/396 387/387/387
f 397/397/397 395/395/395 388/388/388
f 398/398/398 397/397/397 388/388/388
f 391/391/391 390/390/390 399/399/399
f 390/390/390 394/394/394 400/400/400
f 390/390/390 400/400/400 399/399/399
f 391/391/391 399/399/399 401/401/401
f 402/402/402 391/391/391 401/401/401
f 393/393/393 403/403/403 394/394/394
f 396/396/396 404/404/404 393/393/393
f 393/393/393 404/404/404 403/403/403
f 394/394/394 405/405/405 400/400/400
f 394/394/394 403/403/403 405/405/405
f 397/397/397 406/406/406 395/395/395
f 395/395/395 407/407/407 396/396/396
f 406/406/406 407/407/407 395/395/395
f 396/396/396 408/408/408 404/404/404
f 407/407/407 408/408/408 396/396/396
f 409/409/409 406/406/406 397/397/397
f 410/410/410 409/409/409 397/397/397
f 404/404/404 411/411/411 403/403/403
f 403/403/403 412/412/412 405/405/405
f 403/403/403 411/411/411 412/412/412
f 408/408/408 413/413/413 404/404/404
f 404/404/404 413/413/413 411/411/411
f 400/400/400 405/405/405 414/414/414
f 405/405/405 412/412/412 415/415/415
f 405/405/405 415/415/415 414/414/414
f 400/400/400 414/414/414 416/416/416
f 399/399/399 400/400/400 416/416/416
f 399/399/399 416/416/416 417/417/417
f 401/401/401 399/399/399 417/417/417
f 401/401/401 417/417/417 418/418/418
f 419/419/419 401/401/401 418/418/418
f 411/411/411 420/420/420 412/412/412
f 413/413/413 421/421/421 411/411/411
f 411/411/411 421/421/421 420/420/420
f 412/412/412 422/422/422 415/415/415
f 412/412/412 420/420/420 422/422/422
f 416/416/416 414/414/414 423/423/423
f 417/417/417 416/416/416 424/424/424
f 416/416/416 423/423/423 424/424/424
f 418/418/418 417/417/417 425/425/425
f 417/417/417 424/424/424 425/425/425
f 414/414/414 415/415/415 426/426/426
f 414/414/414 426/426/426 423/423/423
f 415/415/415 422/422/422 427/427/427
f 415/415/415 427/427/427 426/426/426
f 418/418/418 425/425/425 428/428/428
f 429/429/429 418/418/418 428/428/428
f 420/420/420 430/430/430 422/422/422
f 422/422/422 431/431/431 427/427/427
f 422/422/422 430/430/430 431/431/431
f 420/420/420 432/432/432 430/430/430
f 421/421/421 432/432/432 420/420/420
f 424/424/424 423/423/423 433/433/433
f 423/423/423 426/426/426 434/434/434
f 423/423/423 434/434/434 433/433/433
f 425/425/425 424/424/424 435/435/435
f 424/424/424 433/433/433 435/435/435
f 428/428/428 425/425/425 436/436/436
f 425/425/425 435/435/435 436/436/436
f 426/426/426 427/427/427 437/437/437
f 426/426/426 437/437/437 434/434/434
f 427/427/427 431/431/431 438/438/438
f 427/427/427 438/438/438 437/437/437
f 428/428/428 436/436/436 439/439/439
f 440/440/440 428/428/428 439/439/439
f 433/433/433 434/434/434 441/441/441
f 435/435/435 433/433/433 442/442/442
f 433/433/433 441/441/441 442/442/442
f 434/434/434 437/437/437 443/443/443
f 434/434/434 443/443/443 441/441/441
f 436/436/436 435/435/435 444/444/444
f 435/435/435 442/442/442 444/444/444
f 439/439/439 436/436/436 445/445/445
f 436/436/436 444/444/444 445/445/445
f 437/437/437 438/438/438 446/446/446
f 437/437/437 446/446/446 443/443/443
f 439/439/439 445/445/445 447/447/447
f 448/448/448 439/439/439 447/447/447
f 441/441/441 443/443/443 449/449/449
f 442/442/442 441/441/441 450/450/450
f 441/441/441 449/449/449 450/450/450
f 444/444/444 442/442/442 451/451/451
f 442/442/442 450/450/450 451/451/451
f 445/445/445 444/444/444 452/452/452
f 444/444/444 451/451/451 452/452/452
f 447/447/447 445/445/445 453/453/453
f 445/445/445 452/452/452 453/453/453
f 443/443/443 446/446/446 454/454/454
f 443/443/443 454/454/454 449/449/449
f 447/447/447 453/453/453 455/455/455
f 456/456/456 447/447/447 455/455/455
f 450/450/450 449/449/449 457/457/457
f 451/451/451 450/450/450 458/458/458
f 450/450/450 457/457/457 458/458/458
f 452/452/452 451/451/451 459/459/459
f 451/451/451 458/458/458 459/459/459
f 453/453/453 452/452/452 460/460/460
f 452/452/452 459/459/459 460/460/460
f 455/455/455 453/453/453 461/461/461
f 453/453/453 460/460/460 461/461/461
f 449/449/449 454/454/454 462/462/462
f 449/449/449 462/462/462 457/457/457
f 455/455/455 461/461/461 463/463/463
f 464/464/464 455/455/455 463/463/463
f 458/458/458 457/457/457 465/465/465
f 459/459/459 458/458/458 466/466/466
f 458/458/458 465/465/465 466/466/466
f 460/460/460 459/459/459 467/467/467
f 459/459/459 466/466/466 467/467/467
f 461/461/461 460/460/460 468/468/468
f 460/460/460 467/467/467 468/468/468
f 463/463/463 461/461/461 469/469/469
f 461/461/461 468/468/468 469/469/469
f 457/457/457 462/462/462 470/470/470
f 457/457/457 470/470/470 465/465/465
f 463/463/463 469/469/469 471/471/471
f 472/472/472 463/463/463 471/471/471
f 466/466/466 465/465/465 473/473/473
f 467/467/467 466/466/466 474/474/474
f 466/466/466 473/473/473 474/474/474
f 468/468/468 467/467/467 475/475/475
f 467/467/467 474/474/474 475/475/475
f 469/469/469 468/468/468 476/476/476
f 468/468/468 475/475/475 476/476/476
f 471/471/471 469/469/469 477/477/477
f 469/469/469 476/476/476 477/477/477
f 465/465/465 470/470/470 478/478/478
f 465/465/465 478/478/478 473/473/473
f 471/471/471 477/477/477 479/479/479
f 480/480/480 471/471/471 479/479/479
f 475/475/475 474/474/474 481/481/481
f 475/475/475 481/481/481 482/482/482
f 476/476/476 475/475/475 482/482/482
f 474/474/474 483/483/483 481/481/481
f 474/474/474 473/473/473 483/483/483
f 476/476/476 482/482/482 484/484/484
f 477/477/477 476/476/476 484/484/484
f 473/473/473 485/485/485 483/483/483
f 473/473/473 478/478/478 485/485/485
f 477/477/477 484/484/484 486/486/486
f 479/479/479 477/477/477 486/486/486
f 479/479/479 486/486/486 487/487/487
f 488/488/488 479/479/479 487/487/487
f 478/478/478 489/489/489 485/485/485
f 478/478/478 490/490/490 489/489/489
f 470/470/470 490/490/490 478/478/478
f 490/490/490 491/491/491 489/489/489
f 470/470/470 492/492/492 490/490/490
f 462/462/462 492/492/492 470/470/470
f 490/490/490 493/493/493 491/491/491
f 492/492/492 493/493/493 490/490/490
f 493/493/493 494/494/494 491/491/491
f 462/462/462 495/495/495 492/492/492
f 454/454/454 495/495/495 462/462/462
f 492/492/492 496/496/496 493/493/493
f 495/495/495 496/496/496 492/492/492
f 496/496/496 497/497/497 493/493/493
f 454/454/454 498/498/498 495/495/495
f 446/446/446 498/498/498 454/454/454
f 495/495/495 499/499/499 496/496/496
f 498/498/498 499/499/499 495/495/495
f 499/499/499 500/500/500 496/496/496
f 446/446/446 501/501/501 498/498/498
f 438/438/438 501/501/501 446/446/446
f 498/498/498 502/502/502 499/499/499
f 501/501/501 502/502/502 498/498/498
f 502/502/502 503/503/503 499/499/499
f 438/438/438 504/504/504 501/501/501
f 431/431/431 504/504/504 438/438/438
f 501/501/501 505/505/505 502/502/502
f 504/504/504 505/505/505 501/501/501
f 505/505/505 506/506/506 502/502/502
f 431/431/431 507/507/507 504/504/504
f 430/430/430 507/507/507 431/431/431
f 504/504/504 508/508/508 505/505/505
f 507/507/507 508/508/508 504/504/504
f 508/508/508 509/509/509 505/505/505
f 430/430/430 510/510/510 507/507/507
f 432/432/432 510/510/510 430/430/430
f 507/507/507 511/511/511 508/508/508
f 510/510/510 511/511/511 507/507/507
f 511/511/511 512/512/512 508/508/508
f 510/510/510 513/513/513 511/511/511
f 513/513/513 514/514/514 511/511/511
f 432/432/432 515/515/515 510/510/510
f 515/515/515 513/513/513 510/510/510
f 516/516/516 515/515/515 432/432/432
f 421/421/421 516/516/516 432/432/432
f 515/515/515 517/517/517 513/513/513
f 517/517/517 518/518/518 513/513/513
f 519/519/519 517/517/517 515/515/515
f 516/516/516 519/519/519 515/515/515
f 520/520/520 516/516/516 421/421/421
f 413/413/413 520/520/520 421/421/421
f 519/519/519 521/521/521 517/517/517
f 521/521/521 522/522/522 517/517/517
f 523/523/523 519/519/519 516/516/516
f 520/520/520 523/523/523 516/516/516
f 524/524/524 520/520/520 413/413/413
f 408/408/408 524/524/524 413/413/413
f 525/525/525 521/521/521 519/519/519
f 523/523/523 525/525/525 519/519/519
f 526/526/526 523/523/523 520/520/520
f 524/524/524 526/526/526 520/520/520
f 527/527/527 524/524/524 408/408/408
f 407/407/407 527/527/527 408/408/408
f 525/525/525 528/528/528 521/521/521
f 528/528/528 529/529/529 521/521/521
f 530/530/530 525/525/525 523/523/523
f 526/526/526 530/530/530 523/523/523
f 531/531/531 526/526/526 524/524/524
f 527/527/527 531/531/531 524/524/524
f 532/532/532 527/527/527 407/407/407
f 406/406/406 532/532/532 407/407/407
f 533/533/533 528/528/528 525/525/525
f 530/530/530 533/533/533 525/525/525
f 534/534/534 530/530/530 526/526/526
f 531/531/531 534/534/534 526/526/526
f 535/535/535 531/531/531 527/527/527
f 532/532/532 535/535/535 527/527/527
f 536/536/536 532/532/532 406/406/406
f 409/409/409 536/536/536 406/406/406
f 537/537/537 536/536/536 409/409/409
f 538/538/538 537/537/537 409/409/409
f 537/537/537 539/539/539 536/536/536
f 536/536/536 540/540/540 532/532/532
f 539/539/539 540/540/540 536/536/536
f 540/540/540 535/535/535 532/532/532
f 539/539/539 541/541/541 540/540/540
f 541/541/541 542/542/542 540/540/540
f 540/540/540 542/542/542 535/535/535
f 541/541/541 543/543/543 542/542/542
f 535/535/535 544/544/544 531/531/531
f 542/542/542 544/544/544 535/535/535
f 544/544/544 534/534/534 531/531/531
f 543/543/543 545/545/545 542/542/542
f 542/542/542 545/545/545 544/544/544
f 543/543/543 546/546/546 545/545/545
f 544/544/544 547/547/547 534/534/534
f 545/545/545 547/547/547 544/544/544
f 546/546/546 548/548/548 545/545/545
f 545/545/545 548/548/548 547/547/547
f 546/546/546 549/549/549 548/548/548
f 547/547/547 550/550/550 534/534/534
f 534/534/534 550/550/550 530/530/530
f 550/550/550 533/533/533 530/530/530
f 549/549/549 551/551/551 548/548/548
f 549/549/549 552/552/552 551/551/551
f 548/548/548 553/553/553 547/547/547
f 547/547/547 553/553/553 550/550/550
f 548/548/548 551/551/551 553/553/553
f 550/550/550 554/554/554 533/533/533
f 553/553/553 554/554/554 550/550/550
f 552/552/552 555/555/555 551/551/551
f 552/552/552 556/556/556 555/555/555
f 551/551/551 557/557/557 553/553/553
f 553/553/553 557/557/557 554/554/554
f 551/551/551 555/555/555 557/557/557
f 554/554/554 558/558/558 533/533/533
f 533/533/533 558/558/558 528/528/528
f 558/558/558 559/559/559 528/528/528
f 554/554/554 560/560/560 558/558/558
f 557/557/557 560/560/560 554/554/554
f 560/560/560 561/561/561 558/558/558
f 557/557/557 562/562/562 560/560/560
f 555/555/555 562/562/562 557/557/557
f 562/562/562 563/563/563 560/560/560
f 556/556/556 564/564/564 555/555/555
f 555/555/555 564/564/564 562/562/562
f 564/564/564 565/565/565 562/562/562
f 556/556/556 566/566/566 564/564/564
f 566/566/566 567/567/567 564/564/564
f 568/568/568 570/570/570 569/569/569
f 570/570/570 571/571/571 569/569/569
f 570/570/570 572/572/572 571/571/571
f 573/573/573 572/572/572 570/570/570
f 574/574/574 573/573/573 570/570/570
f 569/569/569 571/571/571 575/575/575
f 569/569/569 575/575/575 576/576/576
f 577/577/577 569/569/569 576/576/576
f 572/572/572 578/578/578 571/571/571
f 571/571/571 579/579/579 575/575/575
f 571/571/571 578/578/578 579/579/579
f 573/573/573 580/580/580 572/572/572
f 572/572/572 581/581/581 578/578/578
f 580/580/580 581/581/581 572/572/572
f 582/582/582 580/580/580 573/573/573
f 583/583/583 582/582/582 573/573/573
f 576/576/576 575/575/575 584/584/584
f 575/575/575 579/579/579 585/585/585
f 575/575/575 585/585/585 584/584/584
f 576/576/576 584/584/584 586/586/586
f 587/587/587 576/576/576 586/586/586
f 578/578/578 588/588/588 579/579/579
f 581/581/581 589/589/589 578/578/578
f 578/578/578 589/589/589 588/588/588
f 579/579/579 590/590/590 585/585/585
f 579/579/579 588/588/588 590/590/590
f 582/582/582 591/591/591 580/580/580
f 580/580/580 592/592/592 581/581/581
f 591/591/591 592/592/592 580/580/580
f 581/581/581 593/593/593 589/589/589
f 592/592/592 593/593/593 581/581/581
f 594/594/594 591/591/591 582/582/582
f 595/595/595 594/594/594 582/582/582
f 589/589/589 596/596/596 588/588/588
f 588/588/588 597/597/597 590/590/590
f 588/588/588 596/596/596 597/597/597
f 593/593/593 598/598/598 589/589/589
f 589/589/589 598/598/598 596/596/596
f 585/585/585 590/590/590 599/599/599
f 590/590/590 597/597/597 600/600/600
f 590/590/590 600/600/600 599/599/599
f 585/585/585 599/599/599 601/601/601
f 584/584/584 585/585/585 601/601/601
f 584/584/584 601/601/601 602/602/602
f 586/586/586 584/584/584 602/602/602
f 586/586/586 602/602/602 603/603/603
f 604/604/604 586/586/586 603/603/603
f 596/596/596 605/605/605 597/597/597
f 598/598/598 606/606/606 596/596/596
f 596/596/596 606/606/606 605/605/605
f 597/597/597 607/607/607 600/600/600
f 597/597/597 605/605/605 607/607/607
f 601/601/601 599/599/599 608/608/608
f 602/602/602 601/601/601 609/609/609
f 601/601/601 608/608/608 609/609/609
f 603/603/603 602/602/602 610/610/610
f 602/602/602 609/609/609 610/610/610
f 599/599/599 600/600/600 611/611/611
f 599/599/599 611/611/611 608/608/608
f 600/600/600 607/607/607 612/612/612
f 600/600/600 612/612/612 611/611/611
f 603/603/603 610/610/610 613/613/613
f 614/614/614 603/603/603 613/613/613
f 605/605/605 615/615/615 607/607/607
f 607/607/607 616/616/616 612/612/612
f 607/607/607 615/615/615 616/616/616
f 605/605/605 617/617/617 615/615/615
f 606/606/606 617/617/617 605/605/605
f 609/609/609 608/608/608 618/618/618
f 608/608/608 611/611/611 619/619/619
f 608/608/608 619/619/619 618/618/618
f 610/610/610 609/609/609 620/620/620
f 609/609/609 618/618/618 620/620/620
f 613/613/613 610/610/610 621/621/621
f 610/610/610 620/620/620 621/621/621
f 611/611/611 612/612/612 622/622/622
f 611/611/611 622/622/622 619/619/619
f 612/612/612 616/616/616 623/623/623
f 612/612/612 623/623/623 622/622/622
f 613/613/613 621/621/621 624/624/624
f 625/625/625 613/613/613 624/624/624
f 618/618/618 619/619/619 626/626/626
f 620/620/620 618/618/618 627/627/627
f 618/618/618 626/626/626 627/627/627
f 619/619/619 622/622/622 628/628/628
f 619/619/619 628/628/628 626/626/626
f 621/621/621 620/620/620 629/629/629
f 620/620/620 627/627/627 629/629/629
f 624/624/624 621/621/621 630/630/630
f 621/621/621 629/629/629 630/630/630
f 622/622/622 623/623/623 631/631/631
f 622/622/622 631/631/631 628/628/628
f 624/624/624 630/630/630 632/632/632
f 633/633/633 624/624/624 632/632/632
f 626/626/626 628/628/628 634/634/634
f 627/627/627 626/626/626 635/635/635
f 626/626/626 634/634/634 635/635/635
f 629/629/629 627/627/627 636/636/636
f 627/627/627 635/635/635 636/636/636
f 630/630/630 629/629/629 637/637/637
f 629/629/629 636/636/636 637/637/637
f 632/632/632 630/630/630 638/638/638
f 630/630/630 637/637/637 638/638/638
f 628/628/628 631/631/631 639/639/639
f 628/628/628 639/639/639 634/634/634
f 632/632/632 638/638/638 640/640/640
f 641/641/641 632/632/632 640/640/640
f 635/635/635 634/634/634 642/642/642
f 636/636/636 635/635/635 643/643/643
f 635/635/635 642/642/642 643/643/643
f 637/637/637 636/636/636 644/644/644
f 636/636/636 643/643/643 644/644/644
f 638/638/638 637/637/637 645/645/645
f 637/637/637 644/644/644 645/645/645
f 640/640/640 638/638/638 646/646/646
f 638/638/638 645/645/645 646/646/646
f 634/634/634 639/639/639 647/647/647
f 634/634/634 647/647/647 642/642/642
f 640/640/640 646/646/646 648/648/648
f 649/649/649 640/640/640 648/648/648
f 643/643/643 642/642/642 650/650/650
f 644/644/644 643/643/643 651/651/651
f 643/643/643 650/650/650 651/651/651
f 645/645/645 644/644/644 652/652/652
f 644/644/644 651/651/651 652/652/652
f 646/646/646 645/645/645 653/653/653
f 645/645/645 652/652/652 653/653/653
f 648/648/648 646/646/646 654/654/654
f 646/646/646 653/653/653 654/654/654
f 642/642/642 647/647/647 655/655/655
f 642/642/642 655/655/655 650/650/650
f 648/648/648 654/654/654 656/656/656
f 657/657/657 648/648/648 656/656/656
f 651/651/651 650/650/650 658/658/658
f 652/652/652 651/651/651 659/659/659
f 651/651/651 658/658/658 659/659/659
f 653/653/653 652/652/652 660/660/660
f 652/652/652 659/659/659 660/660/660
f 654/654/654 653/653/653 661/661/661
f 653/653/653 660/660/660 661/661/661
f 656/656/656 654/654/654 662/662/662
f 654/654/654 661/661/661 662/662/662
f 650/650/650 655/655/655 663/663/663
f 650/650/650 663/663/663 658/658/658
f 656/656/656 662/662/662 664/664/664
f 665/665/665 656/656/656 664/664/664
f 660/660/660 659/659/659 666/666/666
f 660/660/660 666/666/666 667/667/667
f 661/661/661 660/660/660 667/667/667
f 659/659/659 668/668/668 666/666/666
f 659/659/659 658/658/658 668/668/668
f 661/661/661 667/667/667 669/669/669
f 662/662/662 661/661/661 669/669/669
f 658/658/658 670/670/670 668/668/668
f 658/658/658 663/663/663 670/670/670
f 662/662/662 669/669/669 671/671/671
f 664/664/664 662/662/662 671/671/671
f 664/664/664 671/671/671 672/672/672
f 673/673/673 664/664/664 672/672/672
f 663/663/663 674/674/674 670/670/670
f 663/663/663 675/675/675 674/674/674
f 655/655/655 675/675/675 663/663/663
f 675/675/675 676/676/676 674/674/674
f 655/655/655 677/677/677 675/675/675
f 647/647/647 677/677/677 655/655/655
f 675/675/675 678/678/678 676/676/676
f 677/677/677 678/678/678 675/675/675
f 678/678/678 679/679/679 676/676/676
f 647/647/647 680/680/680 677/677/677
f 639/639/639 680/680/680 647/647/647
f 677/677/677 681/681/681 678/678/678
f 680/680/680 681/681/681 677/677/677
f 681/681/681 682/682/682 678/678/678
f 639/639/639 683/683/683 680/680/680
f 631/631/631 683/683/683 639/639/639
f 680/680/680 684/684/684 681/681/681
f 683/683/683 684/684/684 680/680/680
f 684/684/684 685/685/685 681/681/681
f 631/631/631 686/686/686 683/683/683
f 623/623/623 686/686/686 631/631/631
f 683/683/683 687/687/687 684/684/684
f 686/686/686 687/687/687 683/683/683
f 687/687/687 688/688/688 684/684/684
f 623/623/623 689/689/689 686/686/686
f 616/616/616 689/689/689 623/623/623
f 686/686/686 690/690/690 687/687/687
f 689/689/689 690/690/690 686/686/686
f 690/690/690 691/691/691 687/687/687
f 616/616/616 692/692/692 689/689/689
f 615/615/615 692/692/692 616/616/616
f 689/689/689 693/693/693 690/690/690
f 692/692/692 693/693/693 689/689/689
f 693/693/693 694/694/694 690/690/690
f 615/615/615 695/695/695 692/692/692
f 617/617/617 695/695/695 615/615/615
f 692/692/692 696/696/696 693/693/693
f 695/695/695 696/696/696 692/692/692
f 696/696/696 697/697/697 693/693/693
f 695/695/695 698/698/698 696/696/696
f 698/698/698 699/699/699 696/696/696
f 617/617/617 700/700/700 695/695/695
f 700/700/700 698/698/698 695/695/695
f 701/701/701 700/700/700 617/617/617
f 606/606/606 701/701/701 617/617/617
f 700/700/700 702/702/702 698/698/698
f 702/702/702 703/703/703 698/698/698
f 704/704/704 702/702/702 700/700/700
f 701/701/701 704/704/704 700/700/700
f 705/705/705 701/701/701 606/606/606
f 598/598/598 705/705/705 606/606/606
f 704/704/704 706/706/706 702/702/702
f 706/706/706 707/707/707 702/702/702
f 708/708/708 704/704/704 701/701/701
f 705/705/705 708/708/708 701/701/701
f 709/709/709 705/705/705 598/598/598
f 593/593/593 709/709/709 598/598/598
f 710/710/710 706/706/706 704/704/704
f 708/708/708 710/710/710 704/704/704
f 711/711/711 708/708/708 705/705/705
f 709/709/709 711/711/711 705/705/705
f 712/712/712 709/709/709 593/593/593
f 592/592/592 712/712/712 593/593/593
f 710/710/710 713/713/713 706/706/706
f 713/713/713 714/714/714 706/706/706
f 715/715/715 710/710/710 708/708/708
f 711/711/711 715/715/715 708/708/708
f 716/716/716 711/711/711 709/709/709
f 712/712/712 716/716/716 709/709/709
f 717/717/717 712/712/712 592/592/592
f 591/591/591 717/717/717 592/592/592
f 718/718/718 713/713/713 710/710/710
f 715/715/715 718/718/718 710/710/710
f 719/719/719 715/715/715 711/711/711
f 716/716/716 719/719/719 711/711/711
f 720/720/720 716/716/716 712/712/712
f 717/717/717 720/720/720 712/712/712
f 721/721/721 717/717/717 591/591/591
f 594/594/594 721/721/721 591/591/591
f 722/722/722 721/721/721 594/594/594
f 723/723/723 722/722/722 594/594/594
f 722/722/722 724/724/724 721/721/721
f 721/721/721 725/725/725 717/717/717
f 724/724/724 725/725/725 721/721/721
f 725/725/725 720/720/720 717/717/717
f 724/724/724 726/726/726 725/725/725
f 726/726/726 727/727/727 725/725/725
f 725/725/725 727/727/727 720/720/720
f 726/726/726 728/728/728 727/727/727
f 720/720/720 729/729/729 716/716/716
f 727/727/727 729/729/729 720/720/720
f 729/729/729 719/719/719 716/716/716
f 728/728/728 730/730/730 727/727/727
f 727/727/727 730/730/730 729/729/729
f 728/728/728 731/731/731 730/730/730
f 729/729/729 732/732/732 719/719/719
f 730/730/730 732/732/732 729/729/729
f 731/731/731 733/733/733 730/730/730
f 730/730/730 733/733/733 732/732/732
f 731/731/731 734/734/734 733/733/733
f 732/732/732 735/735/735 719/719/719
f 719/719/719 735/735/735 715/715/715
f 735/735/735 718/718/718 715/715/715
f 734/734/734 736/736/736 733/733/733
f 734/734/734 737/737/737 736/736/736
f 733/733/733 738/738/738 732/732/732
f 732/732/732 738/738/738 735/735/735
f 733/733/733 736/736/736 738/738/738
f 735/735/735 739/739/739 718/718/718
f 738/738/738 739/739/739 735/735/735
f 737/737/737 740/740/740 736/736/736
f 737/737/737 741/741/741 740/740/740
f 736/736/736 742/742/742 738/738/738
f 738/738/738 742/742/742 739/739/739
f 736/736/736 740/740/740 742/742/742
f 739/739/739 743/743/743 718/718/718
f 718/718/718 743/743/743 713/713/713
f 743/743/743 744/744/744 713/713/713
f 739/739/739 745/745/745 743/743/743
f 742/742/742 745/745/745 739/739/739
f 745/745/745 746/746/746 743/743/743
f 742/742/742 747/747/747 745/745/745
f 740/740/740 747/747/747 742/742/742
f 747/747/747 748/748/748 745/745/745
f 741/741/741 749/749/749 740/740/740
f 740/740/740 749/749/749 747/747/747
f 749/749/749 750/750/750 747/747/747
f 741/741/741 751/751/751 749/749/749
f 751/751/751 752/752/752 749/749/749
f 753/753/753 755/755/755 754/754/754
f 753/753/753 756/756/756 755/755/755
f 757/757/757 759/759/759 758/758/758
f 757/757/757 760/760/760 759/759/759
