mtllib P_CubicCliff06.mtl
v -11.47046 -1.629833 -3.113442
v -11.51501 -1.179964 -3.266167
v -11.8136 -1.304441 -3.576256
v 9.792847 -2.682766 -2.173974
v 10.09247 -3.783685 -2.57216
v 9.947449 -3.083225 -2.381272
v 13.06805 -2.613759 -1.81392
v 10.20526 -2.385999 -1.992371
v 12.0979 -2.515545 -1.886307
v 9.259277 -3.426802 2.197715
v 11.65015 -3.324626 2.56562
v 11.62622 -3.520431 2.345893
v 11.56299 3.564964 -1.062202
v 11.67206 3.730383 -0.527511
v 11.6781 3.570266 -1.555061
v 11.51611 3.767581 0.6257864
v 11.48206 3.734635 0.4115225
v 11.66833 3.533777 0.2613531
v 15.19191 -0.9264399 -1.83048
v 15.06354 0.8452838 -1.675047
v 15.148 -0.2640378 -1.775445
v 15.63739 -7.877865 1.474556
v 16.0799 -7.357746 0.9484656
v 15.80361 -7.793109 1.234578
v 15.60165 -7.600044 1.689698
v 16.0799 -7.357746 0.9484656
v 15.63739 -7.877865 1.474556
v 13.53149 -2.087197 1.871686
v 12.42959 -2.268094 2.220791
v 13.09098 -2.103252 1.972454
v 13.09098 -2.103252 1.972454
v 12.42959 -2.268094 2.220791
v 12.21654 -2.219658 2.191343
v 15.87725 -5.705287 -0.05387948
v 15.94453 -5.75389 0.1689929
v 15.86058 -5.6696 0.2681044
v 11.51878 2.722657 -0.7528473
v 10.90664 2.603696 -0.589825
v 11.18766 2.648816 -0.6630464
v 11.18766 2.648816 -0.6630464
v 10.90664 2.603696 -0.589825
v 11.78821 2.777844 -0.8438112
v 4.366239 10.09862 2.519466
v 4.219866 10.13806 2.22097
v 3.969366 10.20156 1.702522
v 4.219866 10.13806 2.22097
v 4.085373 10.17087 1.947937
v 3.969366 10.20156 1.702522
v 3.016615 -7.620557 -2.562024
v 3.294066 -7.531207 -3.093566
v 2.995296 -7.252839 -2.95981
v 3.294066 -7.531207 -3.093566
v 3.016615 -7.620557 -2.562024
v 3.132336 -7.592597 -2.775999
v 0.5561316 1.136569 1.846633
v 0.4445956 1.257516 -0.05153403
v 0.4352539 1.210067 0.276914
v -2.297418 0.4567918 2.579757
v -3.073124 0.4693565 2.512085
v -1.656403 0.6217658 2.45418
v -4.796995 0.7646861 -1.670137
v -4.652999 0.8239812 -2.290151
v -4.899333 1.071223 -2.311905
v 0.4043665 0.7678562 1.485365
v 0.4101961 0.910139 1.018597
v 0.4341831 1.055449 0.6089681
v -7.247559 8.211162 -0.05045185
v -7.236511 8.131858 -1.731413
v -7.212585 8.127368 -2.133971
v -4.706543 8.013927 2.354043
v -4.272461 8.056195 1.750207
v -4.250793 7.573958 2.367128
v -11.56934 -2.441449 2.790283
v -11.37286 -2.534871 2.704353
v -11.6062 -2.541684 2.665672
v -10.76337 -2.682043 -2.644387
v -10.65625 -2.828279 -2.775437
v -10.34808 -2.739213 -2.598908
v -10.34808 -2.739213 -2.598908
v -9.719604 -2.923578 -2.559083
v -10.91589 -2.549695 -2.671883
v -11.00647 -2.695295 -2.502808
v -10.91589 -2.549695 -2.671883
v -11.18756 -2.570627 -2.34105
v -7.398376 -2.528279 -0.2756047
v -7.437866 -2.618371 -1.05452
v -7.440063 -2.636415 -0.2141575
v -7.440063 -2.636415 -0.2141575
v -7.551086 -2.545038 -0.1659169
v -7.398376 -2.528279 -0.2756047
v -7.551086 -2.545038 -0.1659169
v -7.588928 -2.55745 0.6788021
v -7.50116 -2.46454 0.5559765
v -7.588928 -2.55745 0.6788021
v -7.659851 -2.470304 0.6698375
v -7.50116 -2.46454 0.5559765
v 9.550837 -3.213103 -1.590014
v 7.077125 -3.180545 -1.837348
v 9.567366 -3.262346 -1.656986
v 3.372925 -7.426525 -0.09742095
v 4.938782 -7.279121 0.002707249
v 3.958374 -7.375649 -0.06158568
v -2.770874 -6.986766 2.817069
v -2.311218 -7.492383 2.48017
v -2.695984 -7.187141 2.654578
v -2.52533 -6.903189 2.990767
v -2.311218 -7.492383 2.48017
v -2.770874 -6.986766 2.817069
v 2.346985 -5.101669 2.632972
v 2.187134 -4.080327 2.656554
v 2.332825 -4.702947 2.609481
v 2.332825 -4.702947 2.609481
v 2.187134 -4.080327 2.656554
v 2.229919 -3.906878 2.578849
v -0.850708 -7.568451 1.579566
v -0.8936768 -7.570369 1.785308
v -0.8192139 -7.474638 1.848639
v 6.598083 -4.043284 -0.09188145
v 6.49292 -3.483547 -0.1050192
v 6.532776 -3.740142 -0.09761108
v 6.532776 -3.740142 -0.09761108
v 6.49292 -3.483547 -0.1050192
v 6.646851 -4.29437 -0.1024024
v -12.26337 -8.198915 -2.777299
v -12.13666 -8.009944 -3.667802
v -12.60632 -7.963765 -3.983262
v -13.67493 -7.961066 -4.087625
v -15.31097 -7.977532 0.2514864
v -12.8703 -8.326571 0.8914552
v -12.68054 -8.333485 0.807654
v -13.15607 -8.295436 1.046065
v -14.76648 -8.071864 0.8805529
v -15.20734 -8.007674 0.4959856
v -14.55548 -7.854054 -3.845628
v -14.86572 -7.827687 -3.54123
v -14.35797 -7.651197 -4.168672
v -11.9223 -6.511613 -3.839089
v -12.60632 -7.963765 -3.983262
v -12.13666 -8.009944 -3.667802
v -14.35797 -7.651197 -4.168672
v -13.67493 -7.961066 -4.087625
v -14.40521 -6.256347 -4.123086
v -11.76617 -5.340546 -3.771272
v -14.77625 -7.440415 -3.83381
v -11.80261 -3.47134 -3.693291
v -13.47552 1.81779 -3.707504
v -14.48615 -5.44441 -4.064614
v -11.8136 -1.304441 -3.576256
v -13.55914 1.768943 -3.660248
v -13.13062 4.078193 -3.49002
v -11.29895 0.03155288 -3.489716
v -13.0152 3.590547 -3.581611
v -12.62976 7.527046 -3.373877
v -10.38947 5.611264 -3.174972
v -11.01471 0.7260328 -3.398094
v -11.92249 10.58277 -3.179854
v -12.1524 10.45022 -3.188597
v -10.0481 9.745157 -2.998472
v -11.06488 10.24088 -3.090163
v -10.03021 9.916456 -2.950484
v -9.859863 9.880239 -2.733404
v -15.20734 -8.007674 0.4959856
v -15.06158 -7.771106 0.8647601
v -14.76648 -8.071864 0.8805529
v -14.62488 -3.464027 1.082359
v -14.89087 -5.784351 0.9582129
v -14.5174 -1.528258 1.161224
v -12.48175 -4.86983 1.280135
v -13.15607 -8.295436 1.046065
v -12.8703 -8.326571 0.8914552
v -12.68054 -8.333485 0.807654
v -12.18481 -4.430958 1.195838
v -11.9054 -2.173135 1.443267
v -13.97827 2.737114 1.390419
v -11.37659 2.737535 1.697129
v -11.47388 3.334874 1.709298
v -11.27869 3.325876 1.616143
v -10.68909 8.524201 1.987794
v -12.54297 8.948018 1.654184
v -13.33075 6.437413 1.428315
v -13.72357 4.532516 1.354645
v -12.76849 10.50236 1.562433
v -12.15741 10.35322 1.741564
v -10.61121 9.912684 2.028757
v -10.5885 10.18715 1.80388
v -10.39569 10.11913 1.832613
v -15.06158 -7.771106 0.8647601
v -15.20734 -8.007674 0.4959856
v -15.31097 -7.977532 0.2514864
v -14.89087 -5.784351 0.9582129
v -14.5174 -1.528258 1.161224
v -14.9234 -4.856123 0.6718437
v -14.86572 -7.827687 -3.54123
v -13.55914 1.768943 -3.660248
v -13.72357 4.532516 1.354645
v -13.97827 2.737114 1.390419
v -14.48615 -5.44441 -4.064614
v -14.77625 -7.440415 -3.83381
v -14.35797 -7.651197 -4.168672
v -14.55548 -7.854054 -3.845628
v -13.44763 4.912993 -0.7673027
v -13.33075 6.437413 1.428315
v -13.04694 6.492605 -2.406692
v -13.13062 4.078193 -3.49002
v -12.62976 7.527046 -3.373877
v -12.52075 10.92563 -0.9619962
v -12.1524 10.45022 -3.188597
v -12.39313 10.78476 -1.759771
v -12.76849 10.50236 1.562433
v -12.61267 10.87616 -0.1619016
v -12.68463 10.74476 0.7554873
v -11.9054 -2.173135 1.443267
v -11.37659 2.737535 1.697129
v -11.27869 3.325876 1.616143
v -11.34882 0.5169383 -0.2858123
v -11.37018 -1.446977 -2.856476
v -12.18481 -4.430958 1.195838
v -10.39569 10.11913 1.832613
v -10.68909 8.524201 1.987794
v -10.61121 9.912684 2.028757
v -10.08087 10.20172 -0.1644118
v -10.38947 5.611264 -3.174972
v -9.926819 10.26812 -1.606932
v -9.859863 9.880239 -2.733404
v -9.904358 10.11006 -2.148993
v -10.0481 9.745157 -2.998472
v -11.01471 0.7260328 -3.398094
v -11.14337 -0.1002802 -3.221802
v -11.29895 0.03155288 -3.489716
v -11.51501 -1.179964 -3.266167
v -11.8136 -1.304441 -3.576256
v -11.47046 -1.629833 -3.113442
v -11.56879 -3.481671 -3.355385
v -11.80261 -3.47134 -3.693291
v -11.76617 -5.340546 -3.771272
v -12.02423 -7.329365 -3.720796
v -11.9223 -6.511613 -3.839089
v -12.68054 -8.333485 0.807654
v -12.13666 -8.009944 -3.667802
v -12.26337 -8.198915 -2.777299
v -12.15741 10.35322 1.741564
v -12.76849 10.50236 1.562433
v -10.5885 10.18715 1.80388
v -12.68463 10.74476 0.7554873
v -12.09821 10.69959 0.7054613
v -12.61267 10.87616 -0.1619016
v -10.39569 10.11913 1.832613
v -12.15259 10.84927 -0.4752714
v -12.52075 10.92563 -0.9619962
v -9.926819 10.26812 -1.606932
v -10.08087 10.20172 -0.1644118
v -12.2655 10.87803 -1.695158
v -12.39313 10.78476 -1.759771
v -12.1524 10.45022 -3.188597
v -11.92249 10.58277 -3.179854
v -11.39691 10.61949 -2.529669
v -9.904358 10.11006 -2.148993
v -10.03021 9.916456 -2.950484
v -9.859863 9.880239 -2.733404
v 10.16705 -7.883064 -2.545663
v 11.1333 -7.791643 -2.851571
v 10.54419 -7.554809 -2.898919
v 14.01111 -7.978439 0.1332232
v 9.736389 -8.07021 -1.22043
v 9.685852 -8.173195 -0.4973921
v 10.00909 -8.19543 -0.1223845
v 13.01184 -7.683353 -2.710519
v 14.25879 -7.678391 -2.22416
v 14.35413 -7.411441 -2.572603
v 13.58099 -7.440123 -2.767175
v 14.44452 -7.764649 -1.392991
v 14.3269 -7.910875 -0.06199775
v 14.05719 -7.879863 0.211928
v 10.54419 -7.554809 -2.898919
v 9.955139 -7.212811 -2.947709
v 10.16705 -7.883064 -2.545663
v 10.05298 -6.781705 -2.957673
v 13.58099 -7.440123 -2.767175
v 11.1333 -7.791643 -2.851571
v 13.01184 -7.683353 -2.710519
v 9.833435 -6.17354 -2.702027
v 10.09247 -3.783685 -2.57216
v 9.797546 -4.527816 -2.434045
v 9.792847 -2.682766 -2.173974
v 10.89374 -6.328756 -2.922952
v 14.48779 -4.758097 -2.136178
v 14.48035 -6.221073 -2.327287
v 14.35413 -7.411441 -2.572603
v 14.49933 -7.261236 -2.478006
v 13.42303 -2.684894 -1.858925
v 14.48376 -3.469534 -1.898873
v 13.92358 -2.751776 -1.836297
v 14.49023 -3.265301 -1.872559
v 10.5116 -2.641075 -2.197655
v 9.947449 -3.083225 -2.381272
v 12.71552 -2.569957 -1.864174
v 12.0979 -2.515545 -1.886307
v 9.792847 -2.682766 -2.173974
v 10.20526 -2.385999 -1.992371
v 10.07288 -2.385009 -1.950127
v 9.770935 -2.670567 -2.087327
v 9.797546 -4.527816 -2.434045
v 9.792847 -2.682766 -2.173974
v 9.61438 -3.564335 0.3395456
v 9.736389 -8.07021 -1.22043
v 9.831116 -7.219146 -2.820962
v 9.833435 -6.17354 -2.702027
v 9.955139 -7.212811 -2.947709
v 10.16705 -7.883064 -2.545663
v 9.611938 -3.242176 0.2343058
v 9.677734 -3.077813 0.2577281
v 9.623596 -5.126161 0.2486335
v 9.828613 -7.551328 -2.48874
v 9.883179 -7.881325 -1.955537
v 9.648987 -6.711126 0.08862195
v 9.638916 -5.960774 0.2135
v 9.645325 -7.603851 -0.06416444
v 9.685852 -8.173195 -0.4973921
v 9.68689 -7.889014 -0.09061561
v 10.00909 -8.19543 -0.1223845
v 10.00909 -8.19543 -0.1223845
v 14.05719 -7.879863 0.211928
v 14.01111 -7.978439 0.1332232
v 12.20459 -3.310138 0.745109
v 9.68689 -7.889014 -0.09061561
v 9.645325 -7.603851 -0.06416444
v 14.20087 -4.818067 0.5653602
v 9.648987 -6.711126 0.08862195
v 12.94702 -3.20394 0.7452692
v 13.81427 -3.296196 0.7404093
v 14.13983 -3.341513 0.7242655
v 12.28955 -3.162894 0.6891245
v 11.43628 -3.07461 0.7322764
v 11.60797 -3.004121 0.6669459
v 10.65521 -2.872682 0.6713099
v 10.44598 -2.969667 0.7156291
v 9.893127 -4.563941 0.4502251
v 9.638916 -5.960774 0.2135
v 9.623596 -5.126161 0.2486335
v 9.61438 -3.564335 0.3395456
v 9.677734 -3.077813 0.2577281
v 10.06848 -3.538236 0.6143488
v 14.48376 -3.469534 -1.898873
v 14.48779 -4.758097 -2.136178
v 14.48035 -6.221073 -2.327287
v 14.30035 -5.959499 0.2939062
v 14.49933 -7.261236 -2.478006
v 14.44452 -7.764649 -1.392991
v 14.35413 -7.411441 -2.572603
v 14.25879 -7.678391 -2.22416
v 14.3269 -7.910875 -0.06199775
v 14.05719 -7.879863 0.211928
v 14.20087 -4.818067 0.5653602
v 14.13983 -3.341513 0.7242655
v 14.31348 -3.016389 -0.8848805
v 14.43195 -2.909364 -1.384491
v 14.49023 -3.265301 -1.872559
v 13.92358 -2.751776 -1.836297
v 12.0979 -2.515545 -1.886307
v 12.71552 -2.569957 -1.864174
v 13.06805 -2.613759 -1.81392
v 13.42303 -2.684894 -1.858925
v 13.92358 -2.751776 -1.836297
v 14.43195 -2.909364 -1.384491
v 14.31348 -3.016389 -0.8848805
v 14.13983 -3.341513 0.7242655
v 13.81427 -3.296196 0.7404093
v 12.45416 -3.053882 0.4700999
v 12.94702 -3.20394 0.7452692
v 12.28955 -3.162894 0.6891245
v 11.60797 -3.004121 0.6669459
v 10.65521 -2.872682 0.6713099
v 10.3125 -2.756608 0.2050472
v 10.20526 -2.385999 -1.992371
v 10.44598 -2.969667 0.7156291
v 10.07288 -2.385009 -1.950127
v 9.916138 -2.847194 0.04008437
v 9.677734 -3.077813 0.2577281
v 9.770935 -2.670567 -2.087327
v 9.792847 -2.682766 -2.173974
v 11.79639 -7.956158 2.646491
v 12.00592 -8.063548 1.00595
v 12.1167 -8.1725 -1.079332
v 10.09479 -8.052443 2.426573
v 9.699463 -8.180976 0.3032824
v 9.533508 -7.971138 1.492011
v 9.792358 -7.942303 2.394576
v 9.444336 -7.849998 2.334746
v 9.830872 -8.219186 -0.7288984
v 10.02435 -8.241001 -1.054925
v 10.31763 -8.253005 -1.62137
v 11.14526 -8.220334 -1.519815
v 12.09149 -8.060089 -1.407915
v 9.792358 -7.942303 2.394576
v 11.79639 -7.956158 2.646491
v 10.09479 -8.052443 2.426573
v 9.444336 -7.849998 2.334746
v 11.68024 -3.674477 2.432464
v 9.291321 -3.762004 2.122306
v 9.977478 -3.598925 2.126251
v 9.444153 -3.619574 2.011894
v 11.62622 -3.520431 2.345893
v 9.259277 -3.426802 2.197715
v 9.259277 -3.426802 2.197715
v 11.55939 -0.9284143 2.446151
v 11.65015 -3.324626 2.56562
v 10.59625 0.434898 2.265694
v 9.253235 -1.615466 2.105652
v 11.40479 1.052441 2.26342
v 9.198181 2.894167 1.910775
v 11.39838 2.962269 2.287598
v 9.195435 3.996602 1.851624
v 11.40326 3.679595 2.263169
v 10.60785 3.939272 2.130463
v 11.10052 3.973264 2.207131
v 9.824585 -4.214708 -1.807229
v 9.681641 -0.7480494 -1.927231
v 9.840027 -5.894046 -1.640435
v 9.417175 -3.285584 0.7717127
v 9.377563 -3.614057 1.38433
v 9.547241 2.717117 -2.053375
v 9.451477 3.528375 -1.620292
v 9.531982 3.524314 -2.074745
v 9.230774 3.578399 0.2625586
v 9.219788 3.783584 0.9542319
v 9.197388 3.916365 1.46531
v 9.195435 3.996602 1.851624
v 9.198181 2.894167 1.910775
v 9.220337 0.6349303 1.997543
v 9.253235 -1.615466 2.105652
v 9.259277 -3.426802 2.197715
v 9.424561 -3.631995 1.733436
v 9.869202 -7.631902 -1.277978
v 10.0481 -6.609388 -1.710153
v 10.21588 -7.842638 -1.651422
v 10.31763 -8.253005 -1.62137
v 10.02435 -8.241001 -1.054925
v 9.830872 -8.219186 -0.7288984
v 9.699463 -8.180976 0.3032824
v 9.533508 -7.971138 1.492011
v 9.291321 -3.762004 2.122306
v 9.444336 -7.849998 2.334746
v 9.824585 -4.214708 -1.807229
v 9.840027 -5.894046 -1.640435
v 10.0481 -6.609388 -1.710153
v 12.21753 -4.300717 -1.480157
v 9.681641 -0.7480494 -1.927231
v 12.18842 -5.417397 -1.463715
v 12.07788 -0.634115 -1.621849
v 12.09149 -8.060089 -1.407915
v 10.21588 -7.842638 -1.651422
v 11.14526 -8.220334 -1.519815
v 10.31763 -8.253005 -1.62137
v 11.95111 2.821854 -1.750503
v 9.547241 2.717117 -2.053375
v 11.32837 3.561989 -1.813819
v 11.88739 3.466541 -1.753707
v 10.64716 3.541667 -1.934257
v 9.73114 3.497122 -2.030296
v 9.531982 3.524314 -2.074745
v 9.812622 3.550516 -2.003105
v 9.976746 3.624053 -2.059173
v 9.839722 3.885428 -2.106635
v 11.30597 3.649182 -2.066551
v 9.710266 5.333808 -2.084495
v 11.55585 6.249758 -1.974677
v 11.68903 3.988262 -1.983978
v 11.59137 3.581799 -1.702812
v 11.73181 5.052003 -1.949241
v 11.04254 7.2924 -1.982001
v 11.42896 7.219949 -1.817557
v 10.14734 7.259621 -2.005774
v 9.64386 6.827039 -2.004477
v 12.18842 -5.417397 -1.463715
v 12.09149 -8.060089 -1.407915
v 12.1167 -8.1725 -1.079332
v 12.21753 -4.300717 -1.480157
v 12.00592 -8.063548 1.00595
v 11.79639 -7.956158 2.646491
v 11.87402 -4.064551 0.6077264
v 11.83905 -3.998374 1.382705
v 11.68024 -3.674477 2.432464
v 11.62622 -3.520431 2.345893
v 11.68347 -3.656631 1.951484
v 11.65015 -3.324626 2.56562
v 11.86932 -3.702929 1.091148
v 11.55939 -0.9284143 2.446151
v 11.97595 -3.935211 0.1310876
v 12.07788 -0.634115 -1.621849
v 11.54987 0.823898 1.933891
v 11.40479 1.052441 2.26342
v 11.39838 2.962269 2.287598
v 11.95111 2.821854 -1.750503
v 11.40326 3.679595 2.263169
v 11.66833 3.533777 0.2613531
v 11.88739 3.466541 -1.753707
v 11.49274 3.747622 1.35022
v 11.51611 3.767581 0.6257864
v 11.42664 3.938952 1.955277
v 11.10052 3.973264 2.207131
v 11.41302 3.921953 1.351105
v 11.37408 4.033355 1.791177
v 11.61658 3.945352 0.6699225
v 11.48206 3.734635 0.4115225
v 11.55066 3.627697 -0.2719644
v 11.67206 3.730383 -0.527511
v 11.60712 3.592372 -0.7685999
v 11.56299 3.564964 -1.062202
v 11.71735 3.745712 -1.689338
v 11.6781 3.570266 -1.555061
v 11.59137 3.581799 -1.702812
v 11.68903 3.988262 -1.983978
v 11.73181 5.052003 -1.949241
v 11.60919 6.406798 -0.7825383
v 11.42896 7.219949 -1.817557
v 11.55585 6.249758 -1.974677
v 11.45734 7.484767 -0.795325
v 11.30603 7.803081 0.9889157
v 11.36713 7.693034 0.06406528
v 11.4834 5.999352 1.885423
v 11.32941 7.171402 1.682092
v 11.0462 7.786393 1.546426
v 11.46045 4.385382 1.965317
v 11.52258 4.135977 1.715043
v 11.37408 4.033355 1.791177
v 9.424561 -3.631995 1.733436
v 9.291321 -3.762004 2.122306
v 9.377563 -3.614057 1.38433
v 9.444153 -3.619574 2.011894
v 9.259277 -3.426802 2.197715
v 9.444153 -3.619574 2.011894
v 9.424561 -3.631995 1.733436
v 9.977478 -3.598925 2.126251
v 11.88739 3.466541 -1.753707
v 11.59137 3.581799 -1.702812
v 11.32837 3.561989 -1.813819
v 11.6781 3.570266 -1.555061
v 11.60712 3.592372 -0.7685999
v 11.56299 3.564964 -1.062202
v 11.66833 3.533777 0.2613531
v 11.55066 3.627697 -0.2719644
v 11.32837 3.561989 -1.813819
v 11.59137 3.581799 -1.702812
v 11.30597 3.649182 -2.066551
v 10.64716 3.541667 -1.934257
v 9.976746 3.624053 -2.059173
v 11.41302 3.921953 1.351105
v 11.52258 4.135977 1.715043
v 11.61658 3.945352 0.6699225
v 11.37408 4.033355 1.791177
v 9.593323 7.335022 -1.508727
v 9.394836 6.901466 -1.729415
v 9.64386 6.827039 -2.004477
v 10.14734 7.259621 -2.005774
v 11.26715 7.347456 -1.770476
v 11.04254 7.2924 -1.982001
v 11.42896 7.219949 -1.817557
v 11.45734 7.484767 -0.795325
v 11.36713 7.693034 0.06406528
v 9.513 7.592242 -0.2224643
v 9.323669 7.483111 -0.1826617
v 9.354553 7.284293 -1.041686
v 9.391541 7.702922 1.179979
v 9.590332 7.757128 1.475068
v 11.30603 7.803081 0.9889157
v 11.0462 7.786393 1.546426
v 10.72528 7.752032 1.6597
v 9.72821 7.680647 1.684625
v 9.394836 6.901466 -1.729415
v 9.593323 7.335022 -1.508727
v 9.354553 7.284293 -1.041686
v 9.282837 5.006824 -0.09085765
v 9.323669 7.483111 -0.1826617
v 9.391541 7.702922 1.179979
v 9.408997 5.020345 -1.792846
v 9.361023 3.838695 -0.09863982
v 9.64386 6.827039 -2.004477
v 9.710266 5.333808 -2.084495
v 9.498596 3.751909 -1.758842
v 9.839722 3.885428 -2.106635
v 9.812622 3.550516 -2.003105
v 9.641052 3.597532 -1.820236
v 9.579651 3.631695 -1.642257
v 9.464355 3.638096 -0.943107
v 9.433899 3.642113 -0.2763742
v 9.451477 3.528375 -1.620292
v 9.380493 3.695022 0.2201773
v 9.406067 3.817183 0.5961233
v 9.424011 3.880944 1.019837
v 9.394531 4.178315 1.744447
v 9.409424 3.942801 1.347695
v 9.395264 3.960007 1.524468
v 9.45282 4.008642 1.783898
v 9.368286 5.30184 1.696336
v 9.5802 5.912736 1.849786
v 9.72821 7.680647 1.684625
v 9.590332 7.757128 1.475068
v 11.32941 7.171402 1.682092
v 10.72528 7.752032 1.6597
v 11.0462 7.786393 1.546426
v 11.4834 5.999352 1.885423
v 9.72821 7.680647 1.684625
v 9.5802 5.912736 1.849786
v 11.46045 4.385382 1.965317
v 11.11383 4.06065 1.981362
v 11.37408 4.033355 1.791177
v 9.664429 4.121335 1.94883
v 9.368286 5.30184 1.696336
v 9.610168 3.992608 1.895035
v 9.394531 4.178315 1.744447
v 9.45282 4.008642 1.783898
v 9.230774 3.578399 0.2625586
v 9.451477 3.528375 -1.620292
v 9.433899 3.642113 -0.2763742
v 9.380493 3.695022 0.2201773
v 9.219788 3.783584 0.9542319
v 9.424011 3.880944 1.019837
v 9.409424 3.942801 1.347695
v 9.197388 3.916365 1.46531
v 9.395264 3.960007 1.524468
v 9.195435 3.996602 1.851624
v 9.45282 4.008642 1.783898
v 9.610168 3.992608 1.895035
v 10.60785 3.939272 2.130463
v 10.53247 4.028512 1.975266
v 11.10052 3.973264 2.207131
v 11.11383 4.06065 1.981362
v 11.42664 3.938952 1.955277
v 11.37408 4.033355 1.791177
v 9.451477 3.528375 -1.620292
v 9.579651 3.631695 -1.642257
v 9.464355 3.638096 -0.943107
v 9.641052 3.597532 -1.820236
v 9.531982 3.524314 -2.074745
v 9.73114 3.497122 -2.030296
v 9.812622 3.550516 -2.003105
v 15.08139 -7.895133 -1.804832
v 11.29794 -7.720305 -0.7086939
v 11.49867 -7.892245 -0.767513
v 11.08077 -7.531276 -0.6356372
v 10.96782 -6.424006 -0.6091541
v 12.39272 2.890989 -1.022293
v 11.78821 2.777844 -0.8438112
v 10.90664 2.603696 -0.589825
v 10.89928 -5.919467 -0.5256834
v 12.94413 2.984472 -1.180146
v 12.66417 2.95963 -1.087344
v 13.28135 3.082775 -1.2174
v 13.74824 3.033077 -1.420218
v 15.29647 -2.10987 -1.859541
v 15.23208 -7.467474 -1.85623
v 15.2985 -6.146899 -1.859991
v 15.25019 -1.457339 -1.842302
v 15.19191 -0.9264399 -1.83048
v 15.02909 0.1796306 -1.789922
v 14.88293 1.241048 -1.753285
v 14.75145 2.190212 -1.716002
v 14.63612 2.964883 -1.68113
v 11.73429 -7.896648 2.261294
v 11.08394 -7.900401 -0.08908174
v 11.0141 -7.79219 -0.1456457
v 11.8562 -7.505981 2.762187
v 12.09683 -7.891849 2.661207
v 11.93219 -7.516819 2.833556
v 12.037 -7.668563 2.798359
v 11.87668 -3.925976 2.797755
v 10.89928 -5.919467 -0.5256834
v 10.96782 -6.424006 -0.6091541
v 11.08077 -7.531276 -0.6356372
v 11.81505 -2.831242 2.604285
v 11.73355 -2.32542 2.2967
v 12.02921 -2.848598 2.806292
v 11.85732 -2.394558 2.473658
v 11.71129 -2.117108 2.214448
v 11.73517 -1.552456 2.294601
v 11.74139 2.594075 2.294782
v 11.61224 2.694568 1.858672
v 11.40483 2.716168 1.144998
v 11.56496 2.761333 1.62435
v 11.16638 2.660043 0.3214055
v 10.90664 2.603696 -0.589825
v 11.0141 -7.79219 -0.1456457
v 11.29794 -7.720305 -0.7086939
v 11.08077 -7.531276 -0.6356372
v 11.08394 -7.900401 -0.08908174
v 11.24566 -7.898158 -0.3483747
v 14.35539 -7.900074 1.94645
v 11.73429 -7.896648 2.261294
v 12.09683 -7.891849 2.661207
v 11.49867 -7.892245 -0.767513
v 15.08139 -7.895133 -1.804832
v 15.41096 -7.883273 -1.224714
v 15.48358 -7.894256 -0.3719731
v 15.68781 -7.889094 1.120043
v 14.7482 -7.904247 1.908181
v 15.63739 -7.877865 1.474556
v 15.80361 -7.793109 1.234578
v 15.91635 -7.698661 0.6339886
v 15.63367 -7.704101 -0.5117741
v 11.87668 -3.925976 2.797755
v 12.02921 -2.848598 2.806292
v 11.93219 -7.516819 2.833556
v 14.62931 -7.62387 2.007166
v 12.037 -7.668563 2.798359
v 12.09683 -7.891849 2.661207
v 14.35539 -7.900074 1.94645
v 14.7482 -7.904247 1.908181
v 14.8932 -7.774574 1.917054
v 15.63739 -7.877865 1.474556
v 15.60165 -7.600044 1.689698
v 15.76586 -6.964439 1.66545
v 16.0799 -7.357746 0.9484656
v 16.15412 -7.036799 0.9609941
v 15.87661 -5.796082 1.50979
v 15.77571 -5.661838 1.681371
v 12.6753 -2.420876 2.621487
v 13.18453 -2.301003 2.468114
v 12.30522 -2.574028 2.723947
v 12.27701 -2.412891 2.614118
v 11.85732 -2.394558 2.473658
v 15.74519 -2.470485 1.72388
v 15.81835 -3.434367 1.671696
v 15.83769 -2.625228 1.662576
v 15.81361 -2.076664 1.45051
v 15.89823 -2.075645 1.335365
v 15.45347 -2.100052 1.639166
v 15.16238 -2.313926 1.894602
v 14.73796 -2.149269 1.994524
v 13.59274 -2.182335 2.31477
v 12.42959 -2.268094 2.220791
v 11.73355 -2.32542 2.2967
v 12.21654 -2.219658 2.191343
v 11.82677 -2.033157 2.24725
v 11.71129 -2.117108 2.214448
v 11.73517 -1.552456 2.294601
v 12.9937 -1.797554 1.941043
v 13.09098 -2.103252 1.972454
v 11.74139 2.594075 2.294782
v 14.88262 -2.046486 1.401986
v 12.01586 2.708245 2.197578
v 12.61354 2.917515 2.036206
v 13.24144 3.081302 1.858995
v 14.26612 3.138409 1.550727
v 15.86177 -1.958053 1.108513
v 15.72332 0.2773636 1.131044
v 15.41615 3.179753 1.227109
v 15.92092 -1.887828 1.050391
v 15.82776 0.1090058 1.033982
v 15.8255 0.9977997 1.083128
v 15.79904 1.586963 1.113398
v 15.74171 2.253987 1.125213
v 15.68654 2.873214 1.142715
v 11.73355 -2.32542 2.2967
v 12.27701 -2.412891 2.614118
v 11.85732 -2.394558 2.473658
v 12.42959 -2.268094 2.220791
v 13.18453 -2.301003 2.468114
v 12.6753 -2.420876 2.621487
v 13.53149 -2.087197 1.871686
v 13.59274 -2.182335 2.31477
v 14.88262 -2.046486 1.401986
v 13.09098 -2.103252 1.972454
v 15.45347 -2.100052 1.639166
v 14.73796 -2.149269 1.994524
v 15.81361 -2.076664 1.45051
v 15.90174 -2.043228 1.197634
v 15.89823 -2.075645 1.335365
v 15.86177 -1.958053 1.108513
v 15.92092 -1.887828 1.050391
v 12.01586 2.708245 2.197578
v 11.74139 2.594075 2.294782
v 11.61224 2.694568 1.858672
v 11.56496 2.761333 1.62435
v 12.61354 2.917515 2.036206
v 13.08668 3.091293 1.846959
v 13.24144 3.081302 1.858995
v 14.26612 3.138409 1.550727
v 13.39351 3.133831 -0.06967618
v 15.43283 3.198888 1.060416
v 15.41615 3.179753 1.227109
v 15.60221 3.070163 0.9353033
v 15.26391 3.077587 -0.1502747
v 15.09703 3.014383 -0.7877303
v 14.02626 3.014394 -1.468864
v 14.81779 2.971451 -1.552824
v 14.63612 2.964883 -1.68113
v 13.74824 3.033077 -1.420218
v 13.28135 3.082775 -1.2174
v 12.66417 2.95963 -1.087344
v 11.78821 2.777844 -0.8438112
v 12.23924 2.870156 -0.9516691
v 12.39272 2.890989 -1.022293
v 11.51878 2.722657 -0.7528473
v 11.18766 2.648816 -0.6630464
v 11.16638 2.660043 0.3214055
v 11.40483 2.716168 1.144998
v 10.90664 2.603696 -0.589825
v 15.41615 3.179753 1.227109
v 15.60221 3.070163 0.9353033
v 15.68654 2.873214 1.142715
v 15.00187 1.636796 -1.613769
v 14.91134 2.890541 -1.497794
v 15.09703 3.014383 -0.7877303
v 15.26391 3.077587 -0.1502747
v 14.81779 2.971451 -1.552824
v 14.63612 2.964883 -1.68113
v 14.75145 2.190212 -1.716002
v 14.88293 1.241048 -1.753285
v 15.06354 0.8452838 -1.675047
v 15.02909 0.1796306 -1.789922
v 15.148 -0.2640378 -1.775445
v 15.19191 -0.9264399 -1.83048
v 15.19191 -0.9264399 -1.83048
v 15.81808 0.5635079 0.6203272
v 15.25019 -1.457339 -1.842302
v 15.77999 1.799863 0.9835186
v 15.74171 2.253987 1.125213
v 15.79904 1.586963 1.113398
v 15.8255 0.9977997 1.083128
v 15.82776 0.1090058 1.033982
v 15.93566 -2.027854 -0.05959592
v 15.29647 -2.10987 -1.859541
v 15.2985 -6.146899 -1.859991
v 16.00731 -3.086238 0.1989577
v 15.98696 -2.021038 0.7529509
v 15.92092 -1.887828 1.050391
v 15.98075 -2.383568 1.032108
v 15.90174 -2.043228 1.197634
v 15.89823 -2.075645 1.335365
v 15.83769 -2.625228 1.662576
v 15.81835 -3.434367 1.671696
v 15.80891 -5.668426 1.014246
v 15.77571 -5.661838 1.681371
v 15.79494 -5.678851 1.335007
v 15.87661 -5.796082 1.50979
v 15.85659 -5.743461 1.169703
v 15.87216 -5.736255 0.7783272
v 15.86549 -5.713767 0.553112
v 15.86058 -5.6696 0.2681044
v 15.94453 -5.75389 0.1689929
v 15.87725 -5.705287 -0.05387948
v 15.63367 -7.704101 -0.5117741
v 16.15412 -7.036799 0.9609941
v 15.94453 -5.75389 0.1689929
v 16.20322 -5.774776 0.9043809
v 15.87661 -5.796082 1.50979
v 15.91635 -7.698661 0.6339886
v 16.0799 -7.357746 0.9484656
v 15.80361 -7.793109 1.234578
v 15.41096 -7.883273 -1.224714
v 15.48358 -7.894256 -0.3719731
v 15.68781 -7.889094 1.120043
v 15.28574 -7.740931 -1.682465
v 15.23208 -7.467474 -1.85623
v 15.08139 -7.895133 -1.804832
v 15.86549 -5.713767 0.553112
v 15.94453 -5.75389 0.1689929
v 15.87216 -5.736255 0.7783272
v 16.20322 -5.774776 0.9043809
v 15.85659 -5.743461 1.169703
v 16.10059 -5.779033 1.078755
v 15.87661 -5.796082 1.50979
v 15.95057 -5.783011 1.354401
v 15.79494 -5.678851 1.335007
v 3.322138 -7.561973 -3.092774
v 3.294066 -7.531207 -3.093566
v 3.132336 -7.592597 -2.775999
v 3.016615 -7.620557 -2.562024
v 6.516595 -7.475968 -3.979542
v 7.397352 -7.84424 -0.7771954
v 7.10584 -7.897192 -0.2716807
v 7.529361 -7.450431 -0.334176
v 3.900149 -7.976516 0.6080812
v 3.322138 -7.561973 -3.092774
v 6.516595 -7.475968 -3.979542
v 3.294066 -7.531207 -3.093566
v 3.012515 10.49339 -0.9547419
v 6.611349 10.58766 -1.945061
v 2.897009 -7.122113 -2.933268
v 2.995296 -7.252839 -2.95981
v 7.526469 6.781531 1.291534
v 7.592143 5.955434 1.164396
v 7.529361 -7.450431 -0.334176
v 7.436585 7.519547 1.409595
v 7.436281 8.558661 1.505361
v 7.282176 10.08458 1.744107
v 7.334641 10.16382 1.713919
v 4.366239 10.09862 2.519466
v 4.373785 9.983331 2.544823
v 4.242723 9.938937 2.550717
v 4.110359 9.791183 2.566828
v 4.007052 9.654143 2.592613
v 4.052079 3.314894 1.866953
v 3.972304 3.97893 1.950889
v 3.937653 2.985002 1.743942
v 4.160791 1.920271 1.672829
v 4.136477 -3.515626 1.063968
v 3.904919 2.050002 1.548108
v 3.876641 -3.651433 0.9262209
v 4.044156 -3.961461 1.038566
v 7.10584 -7.897192 -0.2716807
v 3.900149 -7.976516 0.6080812
v 3.919697 -4.472419 1.002422
v 3.876641 -3.651433 0.9262209
v 4.136477 -3.515626 1.063968
v 4.044156 -3.961461 1.038566
v 3.919697 -4.472419 1.002422
v 2.897009 -7.122113 -2.933268
v 3.900149 -7.976516 0.6080812
v 3.016615 -7.620557 -2.562024
v 2.995296 -7.252839 -2.95981
v 3.904919 2.050002 1.548108
v 3.761892 9.90821 1.768219
v 3.937653 2.985002 1.743942
v 4.160791 1.920271 1.672829
v 3.972304 3.97893 1.950889
v 4.007052 9.654143 2.592613
v 3.894641 9.797206 2.204032
v 4.110359 9.791183 2.566828
v 3.48746 10.30424 0.7681642
v 3.012515 10.49339 -0.9547419
v 3.671259 10.06386 1.428885
v 3.672961 10.26735 1.120298
v 3.840606 10.23022 1.451707
v 3.969366 10.20156 1.702522
v 4.085373 10.17087 1.947937
v 4.219866 10.13806 2.22097
v 4.366239 10.09862 2.519466
v 4.242723 9.938937 2.550717
v 7.334641 10.16382 1.713919
v 4.366239 10.09862 2.519466
v 3.969366 10.20156 1.702522
v 7.420032 10.20248 1.507276
v 3.840606 10.23022 1.451707
v 3.672961 10.26735 1.120298
v 3.48746 10.30424 0.7681642
v 7.503717 10.22814 1.285917
v 6.611349 10.58766 -1.945061
v 3.012515 10.49339 -0.9547419
v 3.470764 -8.130024 -0.9382032
v 4.142578 -8.087007 -0.6825041
v 4.230225 -7.783601 -0.897363
v 3.523254 -7.800676 -1.232248
v 4.098755 -7.073274 -1.11696
v 3.531799 1.667402 -1.131263
v 1.735291 -8.104901 -1.336854
v 1.723999 -8.243451 -1.194703
v 1.046753 -7.224969 -1.348291
v 1.208374 -8.021753 -1.361978
v 2.421509 0.2818377 -1.327995
v 0.8114014 -2.224276 -1.389763
v 0.7163696 3.345957 -1.481254
v 3.290039 6.871148 -1.25019
v 3.454529 6.051786 -1.209838
v 1.244812 6.60481 -1.534003
v 0.5847168 4.931972 -1.56948
v 2.798401 7.6974 -1.251639
v 3.135376 7.569688 -1.213469
v 0.9000854 7.442723 -1.531821
v 0.4376831 6.92843 -1.589332
v 0.4675293 7.405143 -1.364508
v 4.142578 -8.087007 -0.6825041
v 4.223511 -8.040389 1.281462
v 4.306335 -8.057643 5.97224E-05
v 3.190674 -8.118205 1.472754
v 3.772034 -7.984469 1.541106
v 0.9807739 -8.263876 1.056395
v 1.190796 -8.274081 -1.091958
v 3.470764 -8.130024 -0.9382032
v 1.723999 -8.243451 -1.194703
v 1.208374 -8.021753 -1.361978
v 1.735291 -8.104901 -1.336854
v 3.772034 -7.984469 1.541106
v 3.190674 -8.118205 1.472754
v 0.9807739 -8.263876 1.056395
v 0.8460083 -7.229341 1.121093
v 0.7711792 -5.901499 1.215835
v 3.603821 -1.615802 1.499374
v 0.5036011 -0.1037933 1.129349
v 4.158997 -7.711396 1.56948
v 4.223511 -8.040389 1.281462
v 3.276306 -0.2764275 1.474304
v 3.447144 -0.1091416 1.410225
v 3.382019 0.2498777 1.520187
v 3.103333 2.276042 1.800774
v 3.348816 1.571948 1.660301
v 3.292114 4.029921 2.008927
v 2.109131 4.554327 1.874444
v 1.17749 7.03485 1.820016
v 0.3928223 3.148933 1.360352
v 0.244812 5.851754 1.590531
v 0.2528076 6.720203 1.699464
v 3.260986 5.364216 2.061891
v 0.1687012 7.421813 1.5067
v 1.624268 7.603955 1.830186
v 3.088379 7.435918 2.014413
v 2.718811 7.738278 1.969835
v 3.097351 7.78213 1.679811
v 0.7711792 -5.901499 1.215835
v 0.8460083 -7.229341 1.121093
v 0.5036011 -0.1037933 1.129349
v 0.8114014 -2.224276 -1.389763
v 1.046753 -7.224969 -1.348291
v 0.9807739 -8.263876 1.056395
v 1.190796 -8.274081 -1.091958
v 1.208374 -8.021753 -1.361978
v 0.7163696 3.345957 -1.481254
v 0.5540161 4.598229 -0.8609917
v 0.3928223 3.148933 1.360352
v 0.5847168 4.931972 -1.56948
v 0.244812 5.851754 1.590531
v 0.4376831 6.92843 -1.589332
v 0.3438721 7.393064 -1.107756
v 0.4675293 7.405143 -1.364508
v 0.1040039 7.386521 1.317842
v 0.1687012 7.421813 1.5067
v 0.2528076 6.720203 1.699464
v 0.1687012 7.421813 1.5067
v 0.1040039 7.386521 1.317842
v 0.3438721 7.393064 -1.107756
v 2.718811 7.738278 1.969835
v 1.624268 7.603955 1.830186
v 2.798401 7.6974 -1.251639
v 0.9000854 7.442723 -1.531821
v 0.4675293 7.405143 -1.364508
v 3.219971 7.791133 0.7968534
v 3.097351 7.78213 1.679811
v 3.154968 7.742465 -0.2971331
v 3.135376 7.569688 -1.213469
v 3.290039 6.871148 -1.25019
v 3.154968 7.742465 -0.2971331
v 3.135376 7.569688 -1.213469
v 3.370789 6.8576 0.2026073
v 3.219971 7.791133 0.7968534
v 3.097351 7.78213 1.679811
v 3.088379 7.435918 2.014413
v 3.260986 5.364216 2.061891
v 3.454529 6.051786 -1.209838
v 3.292114 4.029921 2.008927
v 3.531799 1.667402 -1.131263
v 3.348816 1.571948 1.660301
v 3.640991 0.4022991 -1.064751
v 4.098755 -7.073274 -1.11696
v 4.230225 -7.783601 -0.897363
v 3.447144 -0.1091416 1.410225
v 3.382019 0.2498777 1.520187
v 3.603821 -1.615802 1.499374
v 4.340393 -7.642196 -0.6212247
v 4.142578 -8.087007 -0.6825041
v 4.158997 -7.711396 1.56948
v 4.306335 -8.057643 5.97224E-05
v 4.223511 -8.040389 1.281462
v 1.525258 -7.695666 1.501022
v 1.612284 -7.479131 -2.836628
v -1.45913 -7.543792 -2.832356
v -4.897882 -7.73212 0.8971923
v -4.552026 -7.591573 -2.621012
v -4.327761 -7.57645 -2.767615
v -4.908566 -7.49368 -2.063211
v -5.187567 -7.380098 -0.1969264
v -5.107971 -7.642106 1.691934
v -4.137032 -7.833975 3.093493
v -5.042271 -7.658576 2.943723
v -0.4470381 -7.776175 3.095076
v -0.1841879 -7.792402 3.02593
v 0.2406161 -7.662888 3.018618
v 1.161245 -7.385403 2.962093
v 1.46979 -7.503187 2.204477
v -4.552026 -7.591573 -2.621012
v -4.327761 -7.57645 -2.767615
v -4.812747 -7.055284 -2.743869
v -3.339061 -5.574624 -2.836329
v -4.868111 -3.498657 -2.776454
v -0.8774573 -6.352489 -2.830092
v -1.45913 -7.543792 -2.832356
v 1.612284 -7.479131 -2.836628
v 1.542006 -2.625718 -2.56949
v -0.3500205 1.337669 -2.424009
v 0.5099859 1.229017 -2.384783
v 1.500039 0.9964856 -2.338825
v 0.9078777 1.334409 -2.362724
v 0.4644701 1.457805 -2.392571
v 0.6275964 1.871878 -2.41179
v -3.668935 0.9528223 -2.533275
v -4.842491 0.697126 -2.57796
v -3.147639 3.712647 -2.563753
v 0.6018226 2.568635 -2.426479
v 0.5834384 3.71939 -2.416556
v 0.498014 4.6635 -2.425935
v 0.4665868 6.811589 -2.446
v 0.4828277 8.689163 -2.450775
v -4.503251 1.307189 -2.570703
v -4.213202 0.9247554 -2.414471
v 0.4806495 10.70054 -2.488075
v 0.5085728 9.665899 -2.469363
v -3.59848 10.95713 -2.600197
v -4.899333 1.071223 -2.311905
v -4.652999 0.8239812 -2.290151
v -4.738259 3.636921 -2.430909
v -4.495857 2.937802 -2.573575
v -4.591367 6.278461 -2.459153
v -4.551939 8.402172 -2.486202
v -4.396262 10.70576 -2.619592
v -4.186216 10.90679 -2.602718
v -4.604776 10.81872 -2.387839
v -4.812747 -7.055284 -2.743869
v -4.908566 -7.49368 -2.063211
v -4.552026 -7.591573 -2.621012
v -4.868111 -3.498657 -2.776454
v -5.187567 -7.380098 -0.1969264
v -4.842491 0.697126 -2.57796
v -4.998647 0.5205331 -0.9297228
v -5.23044 0.3273372 1.923075
v -4.796995 0.7646861 -1.670137
v -4.856841 0.6895605 -1.056003
v -5.068563 0.87695 -0.6329235
v -4.899333 1.071223 -2.311905
v -4.991435 0.6400079 -0.3632823
v -5.031146 0.5640211 0.1410896
v -5.301911 0.6426306 1.923488
v -4.738259 3.636921 -2.430909
v -5.119932 0.4569519 1.036347
v -4.58987 7.897919 -0.9281318
v -4.591367 6.278461 -2.459153
v -4.65676 9.27751 0.9162368
v -4.56264 10.98237 -0.1840289
v -4.551939 8.402172 -2.486202
v -4.621832 10.89468 -1.012375
v -4.604776 10.81872 -2.387839
v -4.396262 10.70576 -2.619592
v -4.6315 10.98263 2.109489
v -4.639252 10.19204 2.633503
v -4.588137 10.87297 2.616158
v -4.656514 9.620008 2.647117
v -4.696919 9.018209 2.673554
v -4.943666 5.192467 2.603979
v -4.788 7.73983 2.682394
v -4.859683 6.36353 2.680523
v -5.11729 2.98711 2.576631
v -5.276005 1.486819 2.523149
v -5.051216 0.5897565 2.569219
v -5.250912 0.3097901 2.326396
v -5.153018 0.3096158 2.482588
v -5.285947 0.1181421 3.002359
v -5.367285 -3.555366 2.99972
v -5.293543 -0.9726534 3.265882
v -5.135874 -7.05953 3.004091
v -5.326098 -6.109815 2.842685
v -5.233075 -7.243958 2.2182
v -5.107971 -7.642106 1.691934
v -5.042271 -7.658576 2.943723
v 0.2406161 -7.662888 3.018618
v -0.1841879 -7.792402 3.02593
v -0.4470381 -7.776175 3.095076
v 1.161245 -7.385403 2.962093
v 1.307765 -6.598932 3.074169
v 1.237567 -4.893013 3.295407
v -4.137032 -7.833975 3.093493
v 1.172915 -0.6968132 3.486327
v 0.2739313 0.1743405 3.484696
v 1.232641 0.2121308 3.30733
v -1.809845 0.2214016 3.453197
v -4.991222 -6.018776 3.185324
v -5.042271 -7.658576 2.943723
v -5.135874 -7.05953 3.004091
v -3.306201 0.1645028 3.434812
v -5.293543 -0.9726534 3.265882
v -4.689324 0.08927815 3.319461
v -5.285947 0.1181421 3.002359
v 0.5219457 2.844699 2.533113
v 0.4888613 4.691112 2.440843
v 0.5108538 1.628611 2.523075
v 0.5561316 1.136569 1.846633
v 0.2421103 1.001878 2.477747
v 0.3142831 0.6052604 2.213578
v 0.4732702 10.6556 0.2711084
v 0.5846004 4.226637 -1.649004
v 0.4600632 6.488376 2.410931
v 0.4434662 8.340155 2.349586
v 0.4360824 9.391407 2.288738
v 0.4294057 10.4281 1.829156
v 0.1606193 10.43672 2.136398
v 0.4355245 10.57862 1.091633
v 0.3911691 0.6476977 2.021008
v 0.371314 0.5085593 2.249496
v 0.4043665 0.7678562 1.485365
v 0.4101961 0.910139 1.018597
v 0.4341831 1.055449 0.6089681
v 0.4352539 1.210067 0.276914
v 0.4445956 1.257516 -0.05153403
v 0.5940728 1.752004 -0.3955294
v 0.4711814 1.296156 -1.08111
v 0.4644701 1.457805 -2.392571
v 0.5007877 1.27261 -2.0877
v 0.5099859 1.229017 -2.384783
v 0.6275964 1.871878 -2.41179
v 0.5834384 3.71939 -2.416556
v 0.6018226 2.568635 -2.426479
v 0.498014 4.6635 -2.425935
v 0.4665868 6.811589 -2.446
v 0.4828277 8.689163 -2.450775
v 0.5085728 9.665899 -2.469363
v 0.4806495 10.70054 -2.488075
v -2.297418 0.4567918 2.579757
v -5.153018 0.3096158 2.482588
v -3.073124 0.4693565 2.512085
v -4.160781 0.4187741 2.49721
v -5.051216 0.5897565 2.569219
v -2.910087 2.116131 2.593789
v -1.656403 0.6217658 2.45418
v -5.276005 1.486819 2.523149
v -5.11729 2.98711 2.576631
v -4.859683 6.36353 2.680523
v -2.373256 8.11272 2.569292
v -4.696919 9.018209 2.673554
v -4.788 7.73983 2.682394
v -3.83258 10.91136 2.510913
v -4.656514 9.620008 2.647117
v -4.588137 10.87297 2.616158
v -4.639252 10.19204 2.633503
v -4.253356 10.93287 2.57356
v -1.250903 10.71184 2.337838
v -1.255205 5.71592 2.465911
v -1.682445 2.9364 2.530699
v 0.4600632 6.488376 2.410931
v 0.4888613 4.691112 2.440843
v 0.4434662 8.340155 2.349586
v 0.4360824 9.391407 2.288738
v 0.1606193 10.43672 2.136398
v 0.5219457 2.844699 2.533113
v 0.5108538 1.628611 2.523075
v 0.2421103 1.001878 2.477747
v -0.4812998 0.5939424 2.332808
v 0.3142831 0.6052604 2.213578
v 0.371314 0.5085593 2.249496
v -1.166142 0.5403272 2.401513
v -2.297418 0.4567918 2.579757
v 0.5007877 1.27261 -2.0877
v 0.5099859 1.229017 -2.384783
v 0.9078777 1.334409 -2.362724
v 0.4711814 1.296156 -1.08111
v 0.4445956 1.257516 -0.05153403
v 1.478831 1.218459 -1.796629
v 1.500039 0.9964856 -2.338825
v 1.464971 1.079365 -0.6735296
v 1.441513 0.8453758 0.2220258
v 0.4341831 1.055449 0.6089681
v 1.4299 0.545516 1.289985
v 1.239865 0.474834 1.762029
v 0.4043665 0.7678562 1.485365
v 0.371314 0.5085593 2.249496
v 1.232641 0.2121308 3.30733
v 0.2739313 0.1743405 3.484696
v -2.297418 0.4567918 2.579757
v -1.809845 0.2214016 3.453197
v -3.306201 0.1645028 3.434812
v -4.689324 0.08927815 3.319461
v -5.285947 0.1181421 3.002359
v -5.153018 0.3096158 2.482588
v -5.250912 0.3097901 2.326396
v 1.478831 1.218459 -1.796629
v 1.500039 0.9964856 -2.338825
v 1.464971 1.079365 -0.6735296
v 1.542006 -2.625718 -2.56949
v 1.445942 0.2678668 1.577259
v 1.612284 -7.479131 -2.836628
v 1.525258 -7.695666 1.501022
v 1.43628 -6.702151 2.848046
v 1.46979 -7.503187 2.204477
v 1.161245 -7.385403 2.962093
v 1.307765 -6.598932 3.074169
v 1.237567 -4.893013 3.295407
v 1.172915 -0.6968132 3.486327
v 1.415338 0.06065284 2.99082
v 1.232641 0.2121308 3.30733
v 1.239865 0.474834 1.762029
v 1.4299 0.545516 1.289985
v 1.441513 0.8453758 0.2220258
v -4.213202 0.9247554 -2.414471
v -4.842491 0.697126 -2.57796
v -3.668935 0.9528223 -2.533275
v -4.652999 0.8239812 -2.290151
v -4.796995 0.7646861 -1.670137
v 0.4806495 10.70054 -2.488075
v 0.4732702 10.6556 0.2711084
v -3.59848 10.95713 -2.600197
v -4.56264 10.98237 -0.1840289
v -4.621832 10.89468 -1.012375
v -4.604776 10.81872 -2.387839
v -4.186216 10.90679 -2.602718
v -1.250903 10.71184 2.337838
v 0.4355245 10.57862 1.091633
v 0.1606193 10.43672 2.136398
v 0.4294057 10.4281 1.829156
v -3.83258 10.91136 2.510913
v -4.6315 10.98263 2.109489
v -4.253356 10.93287 2.57356
v -4.588137 10.87297 2.616158
v -4.100037 -8.283785 -1.303804
v -4.172546 -8.193859 -1.8434
v -4.196777 -8.270315 -1.771119
v -4.085571 -6.110517 -1.011888
v -4.219604 -6.19758 -1.900147
v -4.084412 -4.885477 2.648948
v -4.06311 -8.216214 2.70436
v -4.047241 -4.737605 -1.35624
v -4.201599 -4.566966 -2.006554
v -4.07019 -3.599368 -0.629357
v -4.02124 -2.422982 0.4995418
v -4.027344 -2.498587 2.533111
v -4.05542 -1.53409 2.531669
v -4.097412 1.042573 2.515404
v -4.115356 3.060266 2.444207
v -4.157532 -3.081344 -1.601326
v -4.215454 -0.7724386 -2.054947
v -4.248474 1.955598 -2.178055
v -4.144775 5.0188 0.01273428
v -4.193176 6.347624 2.39869
v -4.254883 5.88927 -2.219443
v -4.289001 8.322169 -1.400511
v -4.250793 7.573958 2.367128
v -4.261902 7.627262 -2.269973
v -4.272461 8.056195 1.750207
v -4.311707 8.289783 -1.798545
v -4.63092 8.247128 -2.274237
v -4.324097 8.235499 1.593416
v -4.486816 8.284228 1.734147
v -4.706543 8.013927 2.354043
v -4.860596 8.201953 2.315767
v -4.172546 -8.193859 -1.8434
v -6.115723 -7.95685 -1.860002
v -4.196777 -8.270315 -1.771119
v -5.290344 -7.974573 -1.921396
v -6.607178 -7.649369 -1.858575
v -4.219604 -6.19758 -1.900147
v -6.827881 -7.368013 -1.857583
v -4.201599 -4.566966 -2.006554
v -6.919617 -5.92081 -1.927812
v -7.081421 -6.821158 -1.684816
v -4.249878 -1.956162 -2.036537
v -4.215454 -0.7724386 -2.054947
v -4.248474 1.955598 -2.178055
v -7.175659 -1.088266 -2.001389
v -7.130554 -3.204015 -1.918465
v -7.203003 1.408062 -2.050087
v -4.254883 5.88927 -2.219443
v -6.612244 7.540674 -2.243178
v -7.23407 5.705949 -2.14701
v -7.212585 8.127368 -2.133971
v -5.559753 8.200183 -2.275237
v -4.261902 7.627262 -2.269973
v -4.63092 8.247128 -2.274237
v -6.963074 -8.241216 1.117583
v -6.776489 -8.271142 -0.7120375
v -7.067627 -8.24988 -0.3061079
v -4.06311 -8.216214 2.70436
v -6.268066 -8.291128 -1.348222
v -6.763428 -8.19227 2.718039
v -4.100037 -8.283785 -1.303804
v -4.196777 -8.270315 -1.771119
v -6.477234 -8.277361 -1.115816
v -6.607178 -7.649369 -1.858575
v -6.115723 -7.95685 -1.860002
v -5.973511 -8.272642 -1.552995
v -7.130554 -3.204015 -1.918465
v -7.081421 -6.821158 -1.684816
v -6.919617 -5.92081 -1.927812
v -7.080017 -6.4475 1.151877
v -7.267578 3.862164 0.2768485
v -7.175659 -1.088266 -2.001389
v -7.203003 1.408062 -2.050087
v -7.23407 5.705949 -2.14701
v -7.067688 -7.585361 -0.9200833
v -6.827881 -7.368013 -1.857583
v -7.057922 -8.153861 -0.437631
v -6.607178 -7.649369 -1.858575
v -6.776489 -8.271142 -0.7120375
v -7.067627 -8.24988 -0.3061079
v -6.963074 -8.241216 1.117583
v -6.918762 -5.955376 2.66159
v -6.763428 -8.19227 2.718039
v -7.094788 -3.354371 2.606697
v -7.157898 -0.3751282 2.549507
v -7.178284 1.359874 2.470124
v -7.210632 5.126387 2.191285
v -7.191467 2.535077 2.429589
v -7.262878 8.256484 0.9252562
v -7.233459 8.082969 2.050302
v -7.247559 8.211162 -0.05045185
v -7.212585 8.127368 -2.133971
v -7.236511 8.131858 -1.731413
v -4.486816 8.284228 1.734147
v -4.289001 8.322169 -1.400511
v -4.324097 8.235499 1.593416
v -4.642212 8.374064 0.7282805
v -6.19458 8.34315 1.315553
v -4.860596 8.201953 2.315767
v -7.233459 8.082969 2.050302
v -7.262878 8.256484 0.9252562
v -7.212585 8.127368 -2.133971
v -4.311707 8.289783 -1.798545
v -5.559753 8.200183 -2.275237
v -4.63092 8.247128 -2.274237
v -7.233459 8.082969 2.050302
v -4.860596 8.201953 2.315767
v -4.706543 8.013927 2.354043
v -6.029602 4.480291 2.441621
v -7.210632 5.126387 2.191285
v -7.191467 2.535077 2.429589
v -7.178284 1.359874 2.470124
v -7.157898 -0.3751282 2.549507
v -4.193176 6.347624 2.39869
v -4.250793 7.573958 2.367128
v -4.175964 4.48766 2.440484
v -4.115356 3.060266 2.444207
v -4.097412 1.042573 2.515404
v -4.224548 -2.364547 2.595954
v -4.05542 -1.53409 2.531669
v -4.027344 -2.498587 2.533111
v -4.084412 -4.885477 2.648948
v -6.918762 -5.955376 2.66159
v -7.094788 -3.354371 2.606697
v -6.763428 -8.19227 2.718039
v -4.06311 -8.216214 2.70436
v -8.967407 12.42343 -2.262541
v -10.11151 12.43045 -2.06381
v -9.645874 12.21825 -2.315962
v -9.124939 12.10132 -2.400457
v -8.126709 12.43451 -2.342314
v -10.99463 9.343534 -2.678664
v -11.00336 11.99338 -2.54315
v -10.9306 12.21989 -2.495779
v -6.987915 8.293569 -2.381621
v -7.168335 12.4272 -2.244505
v -11.07153 6.551164 -2.699111
v -11.1496 4.213461 -2.717613
v -8.605164 -2.992898 -2.50335
v -11.28333 -2.459268 -2.702378
v -10.91589 -2.549695 -2.671883
v -6.893127 7.09624 -2.374221
v -9.719604 -2.923578 -2.559083
v -6.832764 -2.562521 -2.349152
v -6.813721 6.164093 -2.29811
v -8.835632 -3.122838 -2.427407
v -8.671082 -3.4017 -2.486672
v -8.482971 -3.009031 -2.288048
v -10.65625 -2.828279 -2.775437
v -10.34808 -2.739213 -2.598908
v -7.826416 -2.837019 -2.109589
v -8.282898 -2.897314 -2.281792
v -7.394714 -3.153184 -2.326706
v -7.453979 -2.764852 -2.072876
v -7.397827 -2.661927 -2.12793
v -6.889648 -2.902368 -1.640229
v -7.019104 -5.172269 -2.233651
v -10.25177 -6.826647 -2.664735
v -8.910034 -7.234086 -2.431962
v -7.150513 -6.49315 -2.19867
v -7.193115 -7.33119 -2.00921
v -7.412231 -7.695379 -1.936197
v -8.751221 -7.599663 -2.298799
v -10.06317 -7.492891 -2.460176
v -11.16046 -7.409067 -2.691621
v -11.20758 -6.642686 -2.826837
v -11.4314 -5.946535 -2.851266
v -11.60034 -7.362085 -2.399942
v -11.21368 -3.185301 -2.840432
v -11.00647 -2.695295 -2.502808
v -11.24451 -2.652532 -2.301751
v -11.18756 -2.570627 -2.34105
v -10.76337 -2.682043 -2.644387
v -10.91589 -2.549695 -2.671883
v -6.893127 7.09624 -2.374221
v -6.813721 6.164093 -2.29811
v -6.987915 8.293569 -2.381621
v -7.055115 6.761481 0.3495342
v -7.168335 12.4272 -2.244505
v -7.277771 11.7129 1.049631
v -7.262573 12.41994 -0.6614054
v -7.566284 12.41766 1.732126
v -7.324402 10.16488 2.15481
v -7.576416 10.37155 2.983461
v -7.779236 11.9945 2.839464
v -7.458801 7.966811 3.11123
v -7.249451 2.118782 3.131661
v -7.086121 4.48822 1.814164
v -7.146851 0.1611476 3.085373
v -7.141541 -2.21016 3.135284
v -7.036316 -2.334039 1.096954
v -6.897949 -2.489087 -1.194298
v -6.832764 -2.562521 -2.349152
v -10.9306 12.21989 -2.495779
v -9.124939 12.10132 -2.400457
v -9.645874 12.21825 -2.315962
v -11.04333 12.41751 -1.993132
v -10.11151 12.43045 -2.06381
v -11.07758 12.43707 1.256769
v -8.967407 12.42343 -2.262541
v -8.126709 12.43451 -2.342314
v -7.168335 12.4272 -2.244505
v -7.262573 12.41994 -0.6614054
v -7.566284 12.41766 1.732126
v -8.959839 12.43797 2.61577
v -11.21393 12.19693 2.626184
v -7.779236 11.9945 2.839464
v -9.009766 12.35789 2.822878
v -11.21393 12.19693 2.626184
v -11.60211 5.499038 2.660745
v -11.57056 11.59627 2.602884
v -7.458801 7.966811 3.11123
v -11.5675 2.277797 2.782807
v -9.009766 12.35789 2.822878
v -7.576416 10.37155 2.983461
v -7.779236 11.9945 2.839464
v -9.071167 -2.116154 2.993454
v -11.56934 -2.441449 2.790283
v -7.249451 2.118782 3.131661
v -7.141541 -2.21016 3.135284
v -7.146851 0.1611476 3.085373
v -9.754395 -2.340886 2.855072
v -11.37286 -2.534871 2.704353
v -9.467651 -2.42775 2.954856
v -8.725159 -2.253029 2.905647
v -7.735657 -2.280488 2.979461
v -7.80603 -2.36509 2.998138
v -8.115845 -2.436684 3.143806
v -7.457581 -4.406128 3.255164
v -7.366028 -2.537125 3.26139
v -7.640198 -7.112192 3.231238
v -11.98431 -4.622399 2.603919
v -11.84998 -2.605252 2.63449
v -11.6062 -2.541684 2.665672
v -12.172 -6.91089 2.599356
v -11.599 -7.15997 2.691413
v -8.096924 -7.60006 3.174941
v -9.484558 -7.549298 2.867675
v -7.838623 -7.67772 3.073806
v -7.636292 -7.457229 3.058371
v -9.071167 -2.116154 2.993454
v -7.141541 -2.21016 3.135284
v -7.735657 -2.280488 2.979461
v -7.82019 -2.337998 2.335212
v -7.64801 -2.347573 2.144928
v -7.036316 -2.334039 1.096954
v -7.50116 -2.46454 0.5559765
v -7.627136 -2.449819 1.284225
v -7.778564 -2.414445 1.578567
v -7.659851 -2.470304 0.6698375
v -7.398376 -2.528279 -0.2756047
v -7.551086 -2.545038 -0.1659169
v -6.897949 -2.489087 -1.194298
v -7.437866 -2.618371 -1.05452
v -7.280884 -2.58088 -1.220368
v -7.397827 -2.661927 -2.12793
v -6.832764 -2.562521 -2.349152
v -8.605164 -2.992898 -2.50335
v -8.282898 -2.897314 -2.281792
v -7.826416 -2.837019 -2.109589
v -8.482971 -3.009031 -2.288048
v -8.835632 -3.122838 -2.427407
v -7.80603 -2.36509 2.998138
v -7.735657 -2.280488 2.979461
v -7.82019 -2.337998 2.335212
v -7.823853 -2.406869 2.337577
v -7.694153 -2.448563 2.182914
v -7.64801 -2.347573 2.144928
v -7.778564 -2.414445 1.578567
v -7.823853 -2.406869 2.337577
v -7.694153 -2.448563 2.182914
v -7.80603 -2.36509 2.998138
v -7.366028 -2.537125 3.26139
v -8.115845 -2.436684 3.143806
v -8.725159 -2.253029 2.905647
v -7.228088 -2.645803 1.850982
v -7.625305 -2.517625 1.416839
v -7.778564 -2.414445 1.578567
v -7.588928 -2.55745 0.6788021
v -7.028381 -2.802506 -0.1686559
v -7.440063 -2.636415 -0.2141575
v -7.551086 -2.545038 -0.1659169
v -6.889648 -2.902368 -1.640229
v -7.437866 -2.618371 -1.05452
v -7.32428 -2.679941 -1.183068
v -7.337708 -2.685766 -1.864388
v -7.453979 -2.764852 -2.072876
v -11.56934 -2.441449 2.790283
v -11.60211 5.499038 2.660745
v -11.5675 2.277797 2.782807
v -11.6062 -2.541684 2.665672
v -11.56433 -2.517243 1.806831
v -11.48364 -2.501935 0.5366741
v -11.53784 -2.620111 0.1132885
v -11.35101 -2.521901 -0.9194722
v -11.40295 -0.04758538 -0.6886215
v -11.28333 -2.459268 -2.702378
v -11.1496 4.213461 -2.717613
v -11.42352 10.01197 -0.3978713
v -11.07153 6.551164 -2.699111
v -11.15869 12.01509 -2.217566
v -10.99463 9.343534 -2.678664
v -11.00336 11.99338 -2.54315
v -10.9306 12.21989 -2.495779
v -11.57056 11.59627 2.602884
v -11.04333 12.41751 -1.993132
v -11.45557 11.76913 0.7226887
v -11.1825 12.2117 -1.867857
v -11.07758 12.43707 1.256769
v -11.21393 12.19693 2.626184
v -11.56433 -2.517243 1.806831
v -11.6062 -2.541684 2.665672
v -11.84998 -2.605252 2.63449
v -11.53784 -2.620111 0.1132885
v -11.18756 -2.570627 -2.34105
v -10.91589 -2.549695 -2.671883
v -11.28333 -2.459268 -2.702378
v -11.27637 -2.542665 -1.487107
v -11.35101 -2.521901 -0.9194722
v -11.24451 -2.652532 -2.301751
v -11.18756 -2.570627 -2.34105
v -11.27637 -2.542665 -1.487107
v -11.21368 -3.185301 -2.840432
v -11.4314 -5.946535 -2.851266
v -11.73553 -7.356905 -1.161569
v -11.60034 -7.362085 -2.399942
v -11.84998 -2.605252 2.63449
v -11.98431 -4.622399 2.603919
v -12.172 -6.91089 2.599356
v -11.94183 -7.233758 0.7502277
v -11.82251 -7.377114 -0.2934277
v -7.397827 -2.661927 -2.12793
v -7.453979 -2.764852 -2.072876
v -7.337708 -2.685766 -1.864388
v -7.280884 -2.58088 -1.220368
v -7.32428 -2.679941 -1.183068
v -7.437866 -2.618371 -1.05452
v -7.659851 -2.470304 0.6698375
v -7.588928 -2.55745 0.6788021
v -7.627136 -2.449819 1.284225
v -7.625305 -2.517625 1.416839
v -7.778564 -2.414445 1.578567
v -7.228088 -2.645803 1.850982
v -7.457581 -4.406128 3.255164
v -7.366028 -2.537125 3.26139
v -7.028381 -2.802506 -0.1686559
v -7.186523 -7.460398 -0.7571728
v -7.636292 -7.457229 3.058371
v -7.640198 -7.112192 3.231238
v -7.838623 -7.67772 3.073806
v -7.351135 -7.698774 -1.414438
v -7.20636 -7.5804 -1.756166
v -7.193115 -7.33119 -2.00921
v -7.412231 -7.695379 -1.936197
v -7.045166 -5.020067 -1.226136
v -7.150513 -6.49315 -2.19867
v -7.019104 -5.172269 -2.233651
v -6.909424 -4.153741 -1.892281
v -6.889648 -2.902368 -1.640229
v -7.394714 -3.153184 -2.326706
v -7.20636 -7.5804 -1.756166
v -7.412231 -7.695379 -1.936197
v -7.351135 -7.698774 -1.414438
v -8.751221 -7.599663 -2.298799
v -7.838623 -7.67772 3.073806
v -9.484558 -7.549298 2.867675
v -8.096924 -7.60006 3.174941
v -11.38495 -7.417359 1.9028
v -10.06317 -7.492891 -2.460176
v -11.599 -7.15997 2.691413
v -11.94183 -7.233758 0.7502277
v -12.172 -6.91089 2.599356
v -11.82251 -7.377114 -0.2934277
v -11.73553 -7.356905 -1.161569
v -11.16046 -7.409067 -2.691621
v -11.60034 -7.362085 -2.399942
v 8.680096 -8.046848 -2.136322
v 9.363482 -8.087851 -1.242175
v 9.433809 -7.989594 -1.97198
v 6.949597 -8.015938 -2.315675
v 6.811262 -8.003555 -0.9875724
v 9.303201 -8.091385 0.5667847
v 6.585257 -8.007088 0.8903525
v 6.860373 -8.021687 1.870539
v 6.774815 -8.014902 1.649657
v 7.335082 -8.036151 2.195778
v 8.332972 -8.031467 2.050029
v 9.096419 -7.957195 1.823929
v 8.215891 -7.893301 2.330649
v 9.010382 -7.557681 2.408145
v 7.077125 -3.180545 -1.837348
v 7.572495 -3.253507 -1.802066
v 9.567366 -3.262346 -1.656986
v 6.953945 -3.281719 -1.828511
v 7.234004 7.219864 -1.774833
v 9.550837 -3.213103 -1.590014
v 9.828607 7.174673 -1.521791
v 9.621162 -3.434725 -1.989678
v 9.567366 -3.262346 -1.656986
v 9.446203 -3.278077 -1.957379
v 8.142601 -3.299937 -2.191113
v 7.572495 -3.253507 -1.802066
v 6.858203 -3.394054 -1.966404
v 6.993124 -3.413437 -2.284975
v 6.953945 -3.281719 -1.828511
v 6.726052 -3.269276 -0.9043235
v 9.446203 -3.278077 -1.957379
v 8.142601 -3.299937 -2.191113
v 9.621162 -3.434725 -1.989678
v 9.378609 -7.772925 -2.075119
v 9.535852 -7.290338 -2.035647
v 9.433809 -7.989594 -1.97198
v 8.680096 -8.046848 -2.136322
v 6.949597 -8.015938 -2.315675
v 6.989847 -4.378197 -2.304985
v 6.993124 -3.413437 -2.284975
v 6.957362 -6.061018 -2.307708
v 6.897027 -7.489566 -2.291848
v 6.858203 -3.394054 -1.966404
v 6.989847 -4.378197 -2.304985
v 6.993124 -3.413437 -2.284975
v 6.766192 -4.297508 -1.673033
v 6.564799 -3.142326 0.4070917
v 6.726052 -3.269276 -0.9043235
v 6.957362 -6.061018 -2.307708
v 6.716909 -6.540964 -1.086103
v 6.897027 -7.489566 -2.291848
v 6.787004 -3.113909 -0.8699045
v 6.953945 -3.281719 -1.828511
v 7.234004 7.219864 -1.774833
v 7.06486 7.102567 -0.9191804
v 7.096294 7.216036 -0.9102619
v 6.974555 7.224767 0.1249601
v 6.886389 7.216708 0.4576492
v 6.720548 2.236181 0.9157373
v 6.777018 7.215403 2.056861
v 6.585198 -2.795457 2.119774
v 6.541263 -3.729212 2.287088
v 6.489681 -5.449041 0.9620922
v 6.529351 -5.195648 2.274133
v 6.492175 -6.764036 0.5712451
v 6.528636 -5.565739 1.802565
v 6.873584 -7.521069 2.267339
v 6.491443 -6.964113 1.086651
v 6.811262 -8.003555 -0.9875724
v 6.949597 -8.015938 -2.315675
v 6.585257 -8.007088 0.8903525
v 6.774815 -8.014902 1.649657
v 6.860373 -8.021687 1.870539
v 9.109401 -5.520307 2.546208
v 9.412302 7.169123 2.596875
v 9.499615 7.160408 2.302053
v 9.636424 0.889955 0.2618672
v 9.694831 7.164978 0.8783106
v 9.788286 7.169801 -0.2018693
v 9.601832 -3.333275 -1.489632
v 9.859816 7.173128 -1.265791
v 9.828607 7.174673 -1.521791
v 9.550837 -3.213103 -1.590014
v 9.567366 -3.262346 -1.656986
v 9.621162 -3.434725 -1.989678
v 9.453135 -6.287456 0.08751599
v 9.010382 -7.557681 2.408145
v 9.096419 -7.957195 1.823929
v 9.303201 -8.091385 0.5667847
v 9.503763 -6.350012 -1.082701
v 9.535852 -7.290338 -2.035647
v 9.363482 -8.087851 -1.242175
v 9.433809 -7.989594 -1.97198
v 8.457783 7.16601 2.471155
v 9.412302 7.169123 2.596875
v 9.109401 -5.520307 2.546208
v 6.986686 7.225554 2.303707
v 6.92279 1.766723 2.313504
v 6.777018 7.215403 2.056861
v 6.585198 -2.795457 2.119774
v 6.837886 -2.929692 2.317113
v 6.541263 -3.729212 2.287088
v 6.802755 -6.285211 2.31718
v 9.010382 -7.557681 2.408145
v 6.529351 -5.195648 2.274133
v 8.215891 -7.893301 2.330649
v 6.873584 -7.521069 2.267339
v 7.478346 -7.933635 2.294048
v 7.335082 -8.036151 2.195778
v 6.860373 -8.021687 1.870539
v 7.096294 7.216036 -0.9102619
v 7.234004 7.219864 -1.774833
v 9.828607 7.174673 -1.521791
v 6.974555 7.224767 0.1249601
v 6.913623 7.228197 1.118992
v 6.886389 7.216708 0.4576492
v 6.777018 7.215403 2.056861
v 6.986686 7.225554 2.303707
v 8.457783 7.16601 2.471155
v 9.412302 7.169123 2.596875
v 9.499615 7.160408 2.302053
v 9.694831 7.164978 0.8783106
v 9.859816 7.173128 -1.265791
v 9.788286 7.169801 -0.2018693
v -2.786194 -7.326374 -0.102998
v -2.631653 -3.844984 -0.1090552
v -2.78363 -4.029833 -0.1092994
v -2.4646 -3.642628 -0.1008002
v -1.485962 -3.540273 -0.106278
v 6.746826 -4.851495 -0.1042717
v 6.646851 -4.29437 -0.1024024
v 6.49292 -3.483547 -0.1050192
v -1.040039 -3.461446 -0.0524145
v 6.829468 -5.35841 -0.1017694
v 6.807495 -5.097875 -0.09230124
v 6.916321 -5.65374 -0.04995057
v 6.872437 -6.100079 -0.106515
v 2.326965 -7.522411 -0.09620026
v -2.408203 -7.466964 -0.1093304
v -1.241028 -7.52427 -0.09608582
v 2.903687 -7.478872 -0.09302643
v 3.372925 -7.426525 -0.09742095
v 4.350464 -7.278308 -0.1032879
v 5.288574 -7.145212 -0.1083691
v 6.127441 -7.02447 -0.1092617
v 6.812134 -6.917957 -0.1082165
v -2.787476 -3.480359 2.518882
v -2.790833 -3.510117 0.3637232
v -2.69519 -3.464819 0.2984537
v -2.4422 -3.459863 2.974052
v -2.783264 -3.689053 2.947906
v -2.451782 -3.506706 3.053405
v -2.585938 -3.604358 3.049476
v 0.7218628 -3.468469 3.009292
v -1.040039 -3.461446 -0.0524145
v -1.485962 -3.540273 -0.106278
v -2.4646 -3.642628 -0.1008002
v 1.689392 -3.464016 2.829887
v 2.136475 -3.47099 2.548744
v 1.674072 -3.595792 3.054275
v 2.075378 -3.532198 2.729515
v 2.320557 -3.472465 2.473442
v 2.819641 -3.472865 2.547363
v 6.484436 -3.478104 2.549057
v 6.573242 -3.476452 2.147064
v 6.592346 -3.477045 1.490211
v 6.632263 -3.494314 1.936553
v 6.542725 -3.478475 0.7324136
v 6.49292 -3.483547 -0.1050192
v -2.69519 -3.464819 0.2984537
v -2.631653 -3.844984 -0.1090552
v -2.4646 -3.642628 -0.1008002
v -2.790833 -3.510117 0.3637232
v -2.788818 -3.711462 0.1837305
v -2.790527 -5.782213 2.900268
v -2.787476 -3.480359 2.518882
v -2.783264 -3.689053 2.947906
v -2.78363 -4.029833 -0.1092994
v -2.786194 -7.326374 -0.102998
v -2.775696 -7.462493 0.4707629
v -2.7854 -7.313101 1.212264
v -2.780823 -7.117227 2.528739
v -2.79425 -6.12499 2.96498
v -2.770874 -6.986766 2.817069
v -2.695984 -7.187141 2.654578
v -2.612549 -7.431422 2.172889
v -2.61731 -7.475045 1.130782
v 0.7218628 -3.468469 3.009292
v 1.674072 -3.595792 3.054275
v -2.451782 -3.506706 3.053405
v -2.546448 -5.999631 3.019553
v -2.585938 -3.604358 3.049476
v -2.783264 -3.689053 2.947906
v -2.790527 -5.782213 2.900268
v -2.79425 -6.12499 2.96498
v -2.679626 -6.245833 3.008391
v -2.770874 -6.986766 2.817069
v -2.52533 -6.903189 2.990767
v -1.963623 -7.048541 3.010825
v -2.311218 -7.492383 2.48017
v -2.027527 -7.55224 2.509169
v -0.9309692 -7.181002 2.90615
v -0.8123169 -7.052946 3.02677
v 2.052124 -4.189665 3.057327
v 2.15802 -4.659701 3.053191
v 1.916748 -3.850305 3.052696
v 2.059143 -3.853551 2.952529
v 2.075378 -3.532198 2.729515
v 2.00824 -7.016549 3.055289
v 1.156372 -7.091531 3.029113
v 1.87146 -7.11016 3.026152
v 2.356323 -7.14219 2.840262
v 2.357239 -7.242479 2.763503
v 2.335632 -6.789955 2.911223
v 2.146606 -6.479803 3.055938
v 2.292175 -6.094941 3.035712
v 2.262939 -5.044003 3.024078
v 2.187134 -4.080327 2.656554
v 2.136475 -3.47099 2.548744
v 2.229919 -3.906878 2.578849
v 2.394775 -3.562306 2.529853
v 2.320557 -3.472465 2.473442
v 2.819641 -3.472865 2.547363
v 2.603027 -4.628187 2.558761
v 2.332825 -4.702947 2.609481
v 6.484436 -3.478104 2.549057
v 2.382996 -6.364314 2.56874
v 6.585327 -3.735047 2.534484
v 6.770264 -4.282117 2.545448
v 6.915039 -4.858724 2.550437
v 6.965515 -5.804409 2.542418
v 2.461121 -7.267699 2.562003
v 4.436829 -7.144632 2.546859
v 7.002075 -6.860277 2.552375
v 2.523193 -7.332259 2.52732
v 4.288086 -7.257299 2.490348
v 5.073608 -7.243204 2.531485
v 5.594299 -7.213286 2.550627
v 6.183838 -7.16168 2.546462
v 6.73114 -7.110557 2.54766
v 2.136475 -3.47099 2.548744
v 2.059143 -3.853551 2.952529
v 2.075378 -3.532198 2.729515
v 2.187134 -4.080327 2.656554
v 2.15802 -4.659701 3.053191
v 2.052124 -4.189665 3.057327
v 2.346985 -5.101669 2.632972
v 2.262939 -5.044003 3.024078
v 2.382996 -6.364314 2.56874
v 2.332825 -4.702947 2.609481
v 2.335632 -6.789955 2.911223
v 2.292175 -6.094941 3.035712
v 2.356323 -7.14219 2.840262
v 2.385864 -7.279545 2.647506
v 2.357239 -7.242479 2.763503
v 2.461121 -7.267699 2.562003
v 2.523193 -7.332259 2.52732
v 6.585327 -3.735047 2.534484
v 6.484436 -3.478104 2.549057
v 6.573242 -3.476452 2.147064
v 6.632263 -3.494314 1.936553
v 6.770264 -4.282117 2.545448
v 6.923889 -4.730392 2.501945
v 6.915039 -4.858724 2.550437
v 6.965515 -5.804409 2.542418
v 6.961487 -5.464917 0.9516287
v 7.018982 -6.915667 2.415061
v 7.002075 -6.860277 2.552375
v 6.905212 -7.090334 2.350821
v 6.911743 -7.071859 1.346022
v 6.855896 -7.087998 0.7638615
v 6.855896 -6.347976 -0.07900342
v 6.817932 -7.040387 0.04559974
v 6.812134 -6.917957 -0.1082165
v 6.872437 -6.100079 -0.106515
v 6.916321 -5.65374 -0.04995057
v 6.807495 -5.097875 -0.09230124
v 6.646851 -4.29437 -0.1024024
v 6.728394 -4.703796 -0.08232193
v 6.746826 -4.851495 -0.1042717
v 6.598083 -4.043284 -0.09188145
v 6.532776 -3.740142 -0.09761108
v 6.542725 -3.478475 0.7324136
v 6.592346 -3.477045 1.490211
v 6.49292 -3.483547 -0.1050192
v 7.002075 -6.860277 2.552375
v 6.905212 -7.090334 2.350821
v 6.73114 -7.110557 2.54766
v 5.638367 -7.211627 0.0394428
v 6.74646 -7.106107 0.1154392
v 6.855896 -7.087998 0.7638615
v 6.911743 -7.071859 1.346022
v 6.817932 -7.040387 0.04559974
v 6.812134 -6.917957 -0.1082165
v 6.127441 -7.02447 -0.1092617
v 5.288574 -7.145212 -0.1083691
v 4.938782 -7.279121 0.002707249
v 4.350464 -7.278308 -0.1032879
v 3.958374 -7.375649 -0.06158568
v 3.372925 -7.426525 -0.09742095
v 3.372925 -7.426525 -0.09742095
v 4.689758 -7.351434 2.136969
v 2.903687 -7.478872 -0.09302643
v 5.782471 -7.229208 2.435714
v 6.183838 -7.16168 2.546462
v 5.594299 -7.213286 2.550627
v 5.073608 -7.243204 2.531485
v 4.288086 -7.257299 2.490348
v 2.399475 -7.619401 1.589164
v 2.326965 -7.522411 -0.09620026
v -1.241028 -7.52427 -0.09608582
v 1.46405 -7.616224 1.82627
v 2.405457 -7.461877 2.291289
v 2.523193 -7.332259 2.52732
v 2.085083 -7.387535 2.526618
v 2.385864 -7.279545 2.647506
v 2.357239 -7.242479 2.763503
v 1.87146 -7.11016 3.026152
v 1.156372 -7.091531 3.029113
v -0.8181763 -7.246177 2.46894
v -0.8123169 -7.052946 3.02677
v -0.8273926 -7.154927 2.737647
v -0.9309692 -7.181002 2.90615
v -0.8844604 -7.248179 2.612639
v -0.8781128 -7.358232 2.284415
v -0.8582153 -7.408282 2.091674
v -0.8192139 -7.474638 1.848639
v -0.8936768 -7.570369 1.785308
v -0.850708 -7.568451 1.579566
v -2.61731 -7.475045 1.130782
v -2.027527 -7.55224 2.509169
v -0.8936768 -7.570369 1.785308
v -0.9121704 -7.607942 2.473281
v -0.9309692 -7.181002 2.90615
v -2.612549 -7.431422 2.172889
v -2.311218 -7.492383 2.48017
v -2.695984 -7.187141 2.654578
v -2.775696 -7.462493 0.4707629
v -2.7854 -7.313101 1.212264
v -2.780823 -7.117227 2.528739
v -2.649902 -7.469493 0.05139038
v -2.408203 -7.466964 -0.1093304
v -2.786194 -7.326374 -0.102998
v -0.8582153 -7.408282 2.091674
v -0.8936768 -7.570369 1.785308
v -0.8781128 -7.358232 2.284415
v -0.9121704 -7.607942 2.473281
v -0.8844604 -7.248179 2.612639
v -0.9158936 -7.477713 2.595847
v -0.9309692 -7.181002 2.90615
v -0.9194336 -7.282193 2.792609
v -0.8273926 -7.154927 2.737647
v 7.334641 10.16382 1.713919
v 7.550583 9.176646 1.205464
v 7.436281 8.558661 1.505361
v 7.420032 10.20248 1.507276
v 7.570305 8.003032 1.175215
v 6.661825 10.50083 -1.921045
v 7.526469 6.781531 1.291534
v 7.531528 10.16535 1.229159
v 7.503717 10.22814 1.285917
v 6.611349 10.58766 -1.945061
v 6.516595 -7.475968 -3.979542
v 7.593701 6.702742 1.138765
v 7.592143 5.955434 1.164396
v 7.529361 -7.450431 -0.334176
v 7.425595 -7.798282 -0.7700261
v 7.397352 -7.84424 -0.7771954
vn 0.8844781 -0.01369172 -0.4663808
vn 0.8039615 -0.2074564 -0.5573218
vn 0.4726725 -0.02872315 -0.88077
vn -0.6342274 0.4480746 -0.6300673
vn -0.2576851 0.179408 -0.9494268
vn -0.4129991 0.2032855 -0.8877538
vn 0.1404548 0.9898794 -0.02028097
vn -0.007687633 0.9214934 -0.388318
vn 0.06019717 0.9901357 0.1265204
vn -0.7186486 -0.3584329 0.5958776
vn 0.5335224 -0.2930181 0.7934067
vn 0.6862448 -0.1839654 0.7037221
vn 0.8856658 0.4398062 0.1488846
vn 0.9491369 -0.3030047 0.08560003
vn 0.8793538 0.4645324 -0.1046258
vn 0.9989529 0.03931975 0.02339102
vn 0.9968792 0.07187624 -0.03264258
vn 0.9214483 0.385619 0.04723458
vn 0.4519609 0.0689554 -0.8893686
vn 0.8137659 0.1072127 -0.5712183
vn 0.9957391 0.07156936 -0.05815119
vn 0.5087171 -0.7606292 0.403299
vn 0.9513929 -0.285307 0.1159803
vn 0.7940238 -0.5431091 0.2730545
vn 0.5819839 -0.2704 0.766928
vn 0.9513929 -0.285307 0.1159803
vn 0.5087171 -0.7606292 0.403299
vn -0.03490045 0.9931185 0.1117922
vn 0.00323169 0.859375 0.5113357
vn 0.2151281 0.3898184 0.8954113
vn 0.2151281 0.3898184 0.8954113
vn 0.00323169 0.859375 0.5113357
vn 0.1333282 0.4102979 0.9021525
vn 0.9766342 0.01930401 -0.2140397
vn 0.8983248 0.3988253 -0.1842574
vn 0.9461891 0.3173971 0.06312766
vn -0.2406652 0.9612212 -0.1346629
vn -0.7647842 0.4997194 -0.4066763
vn -0.2370284 0.9078383 -0.3459004
vn -0.2370284 0.9078383 -0.3459004
vn -0.7647842 0.4997194 -0.4066763
vn -0.3328863 0.6691707 -0.6643774
vn -0.1389353 0.7150491 0.685129
vn 0.07858413 0.992765 0.09078633
vn -0.3581653 0.8893378 0.2842459
vn 0.07858413 0.992765 0.09078633
vn -0.4748279 0.8164064 0.3286624
vn -0.3581653 0.8893378 0.2842459
vn -0.7124957 -0.7011258 -0.0277942
vn -0.5110747 -0.2961942 -0.80689
vn -0.6972266 -0.4291698 -0.5741848
vn -0.5110747 -0.2961942 -0.80689
vn -0.7124957 -0.7011258 -0.0277942
vn -0.6507691 -0.6232154 -0.4337076
vn 0.9759213 -0.1924432 0.1026805
vn 0.907327 0.4059387 0.1094145
vn 0.9315289 -0.3622733 -0.03180974
vn -0.03209298 0.8622209 0.5055148
vn -0.02403859 0.3109612 0.9501185
vn 0.07770078 0.07386994 0.9942363
vn -0.9934783 0.0308591 -0.1097664
vn -0.6700742 0.4352371 -0.6013064
vn -0.7796391 -0.3140453 -0.5417919
vn 0.8706772 0.4564322 0.1832781
vn 0.5331853 0.7914813 0.2987822
vn 0.8594345 0.4921497 0.1384234
vn -0.9958908 0.08876767 -0.0179399
vn -0.8863142 0.4612877 -0.04075287
vn -0.6028754 0.5674509 -0.5608392
vn 0.2951749 0.3845942 0.8746194
vn 0.8930944 0.3747092 0.2489489
vn 0.6922695 0.2050531 0.6918932
vn -0.5376706 -0.3218485 0.7793099
vn -0.08118967 -0.3608575 0.9290802
vn -0.6514816 0.1928522 0.7337437
vn -0.1805861 0.1285888 -0.9751173
vn 0.02559494 0.4242192 -0.9051978
vn 0.009732753 -0.150656 -0.9885384
vn 0.009732753 -0.150656 -0.9885384
vn 0.1490227 0.1205586 -0.981457
vn -0.1795811 -0.4388887 -0.8804131
vn -0.5914415 0.193264 -0.7828448
vn -0.1795811 -0.4388887 -0.8804131
vn -0.8217176 -0.4087634 -0.3971055
vn 0.5654311 -0.8018136 0.1933458
vn 0.9646469 -0.1017427 0.2431146
vn 0.6843849 0.6989613 0.2075342
vn 0.6843849 0.6989613 0.2075342
vn 0.9008224 -0.220357 0.3741148
vn 0.5654311 -0.8018136 0.1933458
vn 0.9008224 -0.220357 0.3741148
vn 0.6677745 0.7282434 0.1540742
vn 0.4357503 -0.8890899 0.1401452
vn 0.6677745 0.7282434 0.1540742
vn 0.873081 -0.3189253 0.3688036
vn 0.4357503 -0.8890899 0.1401452
vn 0.6735133 0.3354789 -0.6586606
vn 0.01655022 -0.04544729 -0.9988297
vn 0.6536214 0.7225541 -0.2251548
vn 0.06892211 -0.6828778 -0.7272742
vn 0.1072253 -0.9411229 -0.3206095
vn 0.07159451 -0.9722077 0.2229046
vn -0.7605729 -0.3755211 0.5296346
vn -0.2852699 -0.8809122 0.3776437
vn -0.5431557 -0.6858163 0.4843944
vn -0.2703955 -0.3440101 0.8991904
vn -0.2852699 -0.8809122 0.3776437
vn -0.7605729 -0.3755211 0.5296346
vn 0.9930789 0.06479905 0.09795623
vn 0.8594117 0.1400467 0.4917301
vn 0.3897369 0.0441198 0.9198688
vn 0.3897369 0.0441198 0.9198688
vn 0.8594117 0.1400467 0.4917301
vn 0.4104292 0.1245552 0.9033459
vn 0.01929444 -0.9975019 0.06795429
vn 0.3988588 -0.9139664 0.07468006
vn 0.3174558 -0.8906633 0.3254856
vn 0.9609692 0.1933424 -0.1978814
vn 0.499707 0.6203645 -0.604517
vn 0.9082434 0.1307328 -0.3974956
vn 0.9082434 0.1307328 -0.3974956
vn 0.499707 0.6203645 -0.604517
vn 0.6691771 0.1335668 -0.7310007
vn 0.599584 -0.8002993 0.004481335
vn 0.6858953 -0.6262947 -0.3705436
vn 0.2079298 -0.5964251 -0.7752693
vn -0.02668148 -0.7065139 -0.7071961
vn -0.8213083 -0.5677969 0.05531102
vn 0.21164 -0.7979369 0.5643626
vn 0.5781751 -0.6976262 0.423121
vn 0.04682318 -0.7027104 0.7099336
vn -0.2553812 -0.7066507 0.6598675
vn -0.6520255 -0.7122563 0.2599111
vn -0.4251356 -0.7911544 -0.4396982
vn -0.7714245 -0.584459 -0.2516187
vn -0.3085677 -0.3002567 -0.9025696
vn 0.7277026 -0.06953667 -0.6823588
vn 0.2079298 -0.5964251 -0.7752693
vn 0.6858953 -0.6262947 -0.3705436
vn -0.3085677 -0.3002567 -0.9025696
vn -0.02668148 -0.7065139 -0.7071961
vn -0.2639267 0.02080872 -0.9643182
vn 0.7788925 -0.05329022 -0.6248893
vn -0.8612825 -0.04296029 -0.5063071
vn 0.517974 0.04235523 -0.8543471
vn -0.2318184 0.09982929 -0.9676231
vn -0.6948681 0.1175901 -0.7094582
vn 0.4726725 -0.02872315 -0.88077
vn -0.8406235 0.1475344 -0.521139
vn -0.6967397 0.1538668 -0.7006275
vn 0.4932556 -0.1186567 -0.8617537
vn -0.05138661 0.07888203 -0.9955587
vn -0.5824297 0.1432475 -0.8001599
vn 0.777501 -0.06563702 -0.6254469
vn 0.8260311 -0.0960235 -0.5553847
vn -0.02713335 0.6948495 -0.7186431
vn -0.5803798 0.4077927 -0.7048861
vn 0.5113959 0.06481227 -0.8568977
vn 0.1967272 0.2438414 -0.9496525
vn 0.5311155 0.5200475 -0.6689296
vn 0.9086038 0.3200751 -0.2683114
vn -0.6520255 -0.7122563 0.2599111
vn -0.6156949 -0.1541095 0.7727678
vn -0.2553812 -0.7066507 0.6598675
vn -0.1627818 -0.03240342 0.9861299
vn -0.655436 0.02156811 0.7549427
vn -0.7774277 0.06745504 0.6253447
vn 0.1809044 -0.09728 0.9786778
vn 0.04682318 -0.7027104 0.7099336
vn 0.21164 -0.7979369 0.5643626
vn 0.5781751 -0.6976262 0.423121
vn 0.8214186 -0.1595501 0.5475539
vn 0.6184156 -0.1204641 0.7765633
vn -0.8052084 0.07800085 0.5878395
vn 0.5410546 -0.09082722 0.8360684
vn 0.1307361 -0.03073547 0.9909407
vn 0.810173 -0.09562444 0.5783388
vn 0.4694788 -0.09544996 0.8777694
vn -0.2432121 -0.001390521 0.9699721
vn -0.8688171 0.1423696 0.4742234
vn -0.926055 0.1536133 0.3447102
vn -0.6048211 0.57992 0.5457876
vn -0.09293717 0.5014173 0.8601996
vn 0.2615277 0.2027507 0.9436606
vn 0.2065059 0.8804973 0.4267081
vn 0.7128153 0.5097721 0.4816916
vn -0.6156949 -0.1541095 0.7727678
vn -0.6520255 -0.7122563 0.2599111
vn -0.8213083 -0.5677969 0.05531102
vn -0.655436 0.02156811 0.7549427
vn -0.7774277 0.06745504 0.6253447
vn -0.9801682 0.1402673 -0.1399831
vn -0.7714245 -0.584459 -0.2516187
vn -0.8406235 0.1475344 -0.521139
vn -0.926055 0.1536133 0.3447102
vn -0.8052084 0.07800085 0.5878395
vn -0.6948681 0.1175901 -0.7094582
vn -0.8612825 -0.04296029 -0.5063071
vn -0.3085677 -0.3002567 -0.9025696
vn -0.4251356 -0.7911544 -0.4396982
vn -0.9834744 0.1544382 -0.09448204
vn -0.8688171 0.1423696 0.4742234
vn -0.9733831 0.1556996 -0.1681758
vn -0.6967397 0.1538668 -0.7006275
vn -0.5824297 0.1432475 -0.8001599
vn -0.5805112 0.8103084 -0.08004511
vn -0.5803798 0.4077927 -0.7048861
vn -0.8751757 0.423301 -0.2342729
vn -0.6048211 0.57992 0.5457876
vn -0.711003 0.7031603 -0.006341919
vn -0.5961247 0.7927386 0.1272827
vn 0.6184156 -0.1204641 0.7765633
vn 0.5410546 -0.09082722 0.8360684
vn 0.810173 -0.09562444 0.5783388
vn 0.9848927 -0.1293109 0.1151736
vn 0.9862321 -0.1215883 -0.1120826
vn 0.8214186 -0.1595501 0.5475539
vn 0.7128153 0.5097721 0.4816916
vn 0.4694788 -0.09544996 0.8777694
vn 0.2615277 0.2027507 0.9436606
vn 0.7780077 0.6148891 0.128901
vn 0.777501 -0.06563702 -0.6254469
vn 0.8178942 0.5752311 0.01257688
vn 0.9086038 0.3200751 -0.2683114
vn 0.7206461 0.6707891 -0.1752463
vn 0.5113959 0.06481227 -0.8568977
vn 0.8260311 -0.0960235 -0.5553847
vn 0.96075 -0.1944265 -0.1978831
vn 0.4932556 -0.1186567 -0.8617537
vn 0.8039615 -0.2074564 -0.5573218
vn 0.4726725 -0.02872315 -0.88077
vn 0.8844781 -0.01369172 -0.4663808
vn 0.9900759 -0.0808868 -0.1149215
vn 0.517974 0.04235523 -0.8543471
vn 0.7788925 -0.05329022 -0.6248893
vn 0.9638253 -0.1669835 -0.2077433
vn 0.7277026 -0.06953667 -0.6823588
vn 0.5781751 -0.6976262 0.423121
vn 0.6858953 -0.6262947 -0.3705436
vn 0.599584 -0.8002993 0.004481335
vn -0.09293717 0.5014173 0.8601996
vn -0.6048211 0.57992 0.5457876
vn 0.2065059 0.8804973 0.4267081
vn -0.5961247 0.7927386 0.1272827
vn 0.1578531 0.9683647 0.1932671
vn -0.711003 0.7031603 -0.006341919
vn 0.7128153 0.5097721 0.4816916
vn 0.2027572 0.9770131 0.06584039
vn -0.5805112 0.8103084 -0.08004511
vn 0.8178942 0.5752311 0.01257688
vn 0.7780077 0.6148891 0.128901
vn -0.1268302 0.9805807 -0.1495845
vn -0.8751757 0.423301 -0.2342729
vn -0.5803798 0.4077927 -0.7048861
vn -0.02713335 0.6948495 -0.7186431
vn 0.2697242 0.9435427 -0.1922917
vn 0.7206461 0.6707891 -0.1752463
vn 0.5311155 0.5200475 -0.6689296
vn 0.9086038 0.3200751 -0.2683114
vn -0.3091916 -0.8352556 -0.4546962
vn 0.03756638 -0.6944512 -0.7185585
vn -0.09380502 -0.3495455 -0.9322116
vn 0.1712563 -0.9002727 0.4002254
vn -0.6787886 -0.7175947 -0.1558969
vn -0.6758233 -0.7370547 0.003642921
vn -0.1487054 -0.7936293 0.5899486
vn 0.1016737 -0.8046548 -0.5849729
vn 0.4216626 -0.8562686 -0.2983365
vn 0.5123082 -0.3955686 -0.7622767
vn 0.1959417 -0.2525343 -0.9475406
vn 0.7424017 -0.6679345 -0.0519939
vn 0.7409981 -0.6194654 0.2591996
vn 0.331446 -0.3861159 0.8608474
vn -0.09380502 -0.3495455 -0.9322116
vn -0.4159639 -0.215376 -0.8835085
vn -0.3091916 -0.8352556 -0.4546962
vn -0.2805451 0.06675786 -0.9575166
vn 0.1959417 -0.2525343 -0.9475406
vn 0.03756638 -0.6944512 -0.7185585
vn 0.1016737 -0.8046548 -0.5849729
vn -0.7774642 0.08277623 -0.6234561
vn -0.2576851 0.179408 -0.9494268
vn -0.8872432 0.05758572 -0.4576937
vn -0.6342274 0.4480746 -0.6300673
vn 0.05700449 0.09305496 -0.9940278
vn 0.8010208 0.1125249 -0.5879658
vn 0.8239236 0.0834989 -0.5605157
vn 0.5123082 -0.3955686 -0.7622767
vn 0.8624377 -0.1304174 -0.4890731
vn 0.1458394 0.6417655 -0.7529064
vn 0.7824106 0.1147518 -0.6120995
vn 0.2457587 0.7736129 -0.5840597
vn 0.7704242 0.2246555 -0.5966376
vn 0.0628444 0.4939118 -0.867238
vn -0.4129991 0.2032855 -0.8877538
vn 0.1080512 0.948882 -0.2965602
vn 0.06019717 0.9901357 0.1265204
vn -0.6342274 0.4480746 -0.6300673
vn -0.007687633 0.9214934 -0.388318
vn -0.3301082 0.9261697 -0.1823137
vn -0.8879695 0.4394213 -0.1357173
vn -0.8872432 0.05758572 -0.4576937
vn -0.6342274 0.4480746 -0.6300673
vn -0.8680603 0.04345774 0.4945532
vn -0.6787886 -0.7175947 -0.1558969
vn -0.8646262 -0.1977978 -0.4618414
vn -0.7774642 0.08277623 -0.6234561
vn -0.4159639 -0.215376 -0.8835085
vn -0.3091916 -0.8352556 -0.4546962
vn -0.9473712 0.1746816 0.2682799
vn -0.7181966 0.521794 0.4603528
vn -0.8934517 -0.02866554 0.4482436
vn -0.8530795 -0.40124 -0.3335594
vn -0.6893708 -0.6551393 -0.3091284
vn -0.735024 -0.1234272 0.6667123
vn -0.6974176 -0.1216973 0.7062567
vn -0.7815737 -0.09177188 0.6170256
vn -0.6758233 -0.7370547 0.003642921
vn -0.6542215 -0.3081653 0.6906725
vn -0.1487054 -0.7936293 0.5899486
vn -0.1487054 -0.7936293 0.5899486
vn 0.331446 -0.3861159 0.8608474
vn 0.1712563 -0.9002727 0.4002254
vn -0.002945415 0.07442171 0.9972225
vn -0.6542215 -0.3081653 0.6906725
vn -0.7815737 -0.09177188 0.6170256
vn 0.5794157 -0.06944221 0.8120685
vn -0.735024 -0.1234272 0.6667123
vn 0.05781217 0.5363712 0.8419998
vn 0.09734164 0.5707186 0.8153557
vn 0.5771824 0.448508 0.6824231
vn 0.06136268 0.6359626 0.7692764
vn 0.03669906 0.2949779 0.954799
vn 0.1215152 0.7791896 0.6148964
vn -0.01859113 0.7829882 0.6217588
vn -0.263272 0.4162267 0.8703122
vn -0.2694603 -0.1134411 0.9563066
vn -0.6974176 -0.1216973 0.7062567
vn -0.8934517 -0.02866554 0.4482436
vn -0.8680603 0.04345774 0.4945532
vn -0.7181966 0.521794 0.4603528
vn -0.319316 -0.008763487 0.9476078
vn 0.7824106 0.1147518 -0.6120995
vn 0.8010208 0.1125249 -0.5879658
vn 0.8239236 0.0834989 -0.5605157
vn 0.8988411 -0.05409555 0.4349233
vn 0.8624377 -0.1304174 -0.4890731
vn 0.7424017 -0.6679345 -0.0519939
vn 0.5123082 -0.3955686 -0.7622767
vn 0.4216626 -0.8562686 -0.2983365
vn 0.7409981 -0.6194654 0.2591996
vn 0.331446 -0.3861159 0.8608474
vn 0.5794157 -0.06944221 0.8120685
vn 0.5771824 0.448508 0.6824231
vn 0.724376 0.646687 0.2389045
vn 0.7739329 0.6260846 0.09510989
vn 0.7704242 0.2246555 -0.5966376
vn 0.2457587 0.7736129 -0.5840597
vn 0.06019717 0.9901357 0.1265204
vn 0.1080512 0.948882 -0.2965602
vn 0.1404548 0.9898794 -0.02028097
vn 0.1458394 0.6417655 -0.7529064
vn 0.2457587 0.7736129 -0.5840597
vn 0.7739329 0.6260846 0.09510989
vn 0.724376 0.646687 0.2389045
vn 0.5771824 0.448508 0.6824231
vn 0.09734164 0.5707186 0.8153557
vn 0.1038631 0.9375175 0.3320745
vn 0.05781217 0.5363712 0.8419998
vn 0.06136268 0.6359626 0.7692764
vn 0.1215152 0.7791896 0.6148964
vn -0.01859113 0.7829882 0.6217588
vn -0.1685308 0.9414253 0.2920888
vn -0.007687633 0.9214934 -0.388318
vn -0.263272 0.4162267 0.8703122
vn -0.3301082 0.9261697 -0.1823137
vn -0.457162 0.8514747 0.2568925
vn -0.7181966 0.521794 0.4603528
vn -0.8879695 0.4394213 -0.1357173
vn -0.6342274 0.4480746 -0.6300673
vn 0.5198212 -0.5195358 0.6781361
vn 0.6494459 -0.7520223 0.1126164
vn 0.7045444 -0.7066795 -0.06497203
vn -0.1601362 -0.7272893 0.6673879
vn -0.6762301 -0.7352831 -0.04551443
vn -0.808074 -0.5890793 -0.001430808
vn -0.3078386 -0.532758 0.7882921
vn -0.6997105 -0.4452373 0.5587207
vn -0.6762336 -0.7254115 -0.1283991
vn -0.4754248 -0.8510807 -0.2227846
vn -0.2615003 -0.6875832 -0.6773825
vn 0.12064 -0.7290811 -0.6737112
vn 0.633525 -0.4350674 -0.6398144
vn -0.3078386 -0.532758 0.7882921
vn 0.5198212 -0.5195358 0.6781361
vn -0.1601362 -0.7272893 0.6673879
vn -0.6997105 -0.4452373 0.5587207
vn 0.586612 0.3053394 0.7501028
vn -0.7466042 0.3564161 0.5617381
vn -0.1314489 -0.0654665 0.9891589
vn -0.7513422 -0.0140078 0.6597641
vn 0.6862448 -0.1839654 0.7037221
vn -0.7186486 -0.3584329 0.5958776
vn -0.7186486 -0.3584329 0.5958776
vn 0.6032416 0.06444039 0.7949509
vn 0.5335224 -0.2930181 0.7934067
vn -0.1246095 0.04683454 0.9910999
vn -0.8023931 0.02075417 0.5964348
vn 0.5494487 0.03100818 0.8349518
vn -0.8067467 0.02636227 0.5903091
vn 0.4919119 0.02740074 0.8702137
vn -0.6414765 0.6150757 0.4584646
vn 0.5876671 0.2006421 0.7838305
vn -0.1835724 0.4180099 0.8897016
vn 0.08187129 0.6061253 0.7911443
vn -0.468206 -0.05021584 -0.8821913
vn -0.605612 -0.05195406 -0.7940623
vn -0.855019 -0.07516283 -0.513121
vn -0.992678 -0.04451094 -0.1122907
vn -0.992312 -0.07154267 -0.1009879
vn -0.6039387 -0.04214862 -0.7959155
vn -0.8939468 0.4154117 -0.1682028
vn -0.4556943 0.5074325 -0.7313378
vn -0.91965 0.3700996 -0.1314161
vn -0.8314879 0.5376035 -0.1400366
vn -0.7797789 0.6106755 -0.1379147
vn -0.6414765 0.6150757 0.4584646
vn -0.8067467 0.02636227 0.5903091
vn -0.9848396 -0.003331898 0.1734357
vn -0.8023931 0.02075417 0.5964348
vn -0.7186486 -0.3584329 0.5958776
vn -0.9840714 0.1244713 0.126927
vn -0.9074132 -0.161131 -0.3881211
vn -0.3438579 -0.09647207 -0.9340529
vn -0.3850728 -0.1372235 -0.9126273
vn -0.2615003 -0.6875832 -0.6773825
vn -0.4754248 -0.8510807 -0.2227846
vn -0.6762336 -0.7254115 -0.1283991
vn -0.6762301 -0.7352831 -0.04551443
vn -0.808074 -0.5890793 -0.001430808
vn -0.7466042 0.3564161 0.5617381
vn -0.6997105 -0.4452373 0.5587207
vn -0.468206 -0.05021584 -0.8821913
vn -0.855019 -0.07516283 -0.513121
vn -0.3438579 -0.09647207 -0.9340529
vn 0.7994103 0.0005141749 -0.6007853
vn -0.605612 -0.05195406 -0.7940623
vn 0.7488822 -0.03123565 -0.6619666
vn 0.7919461 0.006620486 -0.6105551
vn 0.633525 -0.4350674 -0.6398144
vn -0.3850728 -0.1372235 -0.9126273
vn 0.12064 -0.7290811 -0.6737112
vn -0.2615003 -0.6875832 -0.6773825
vn 0.7879933 0.03757184 -0.6145365
vn -0.6039387 -0.04214862 -0.7959155
vn 0.1901673 -0.5391775 -0.8204413
vn 0.6909707 0.4647713 -0.5536671
vn 0.1021397 -0.4934093 -0.8637794
vn 0.06121968 0.4487355 -0.8915653
vn -0.4556943 0.5074325 -0.7313378
vn -0.2644477 0.151208 -0.9524723
vn -0.03039868 -0.4381498 -0.8983879
vn -0.3525135 -0.0984907 -0.9306094
vn 0.2306174 -0.5483513 -0.8038199
vn -0.3606205 0.007065286 -0.9326859
vn 0.6855962 0.1180309 -0.7183499
vn 0.7213365 -0.1548278 -0.675057
vn 0.6660691 0.1810381 -0.7235863
vn 0.8191805 0.04124068 -0.5720512
vn 0.1268464 0.6181356 -0.7757695
vn 0.7486143 0.4376628 -0.4980241
vn -0.1252991 0.639003 -0.7589303
vn -0.4481989 0.2308191 -0.8636205
vn 0.7488822 -0.03123565 -0.6619666
vn 0.633525 -0.4350674 -0.6398144
vn 0.7045444 -0.7066795 -0.06497203
vn 0.7994103 0.0005141749 -0.6007853
vn 0.6494459 -0.7520223 0.1126164
vn 0.5198212 -0.5195358 0.6781361
vn 0.9890289 -0.05858254 0.1356092
vn 0.9782447 0.2008266 0.05201896
vn 0.586612 0.3053394 0.7501028
vn 0.6862448 -0.1839654 0.7037221
vn 0.9913492 0.07742452 0.1059824
vn 0.5335224 -0.2930181 0.7934067
vn 0.9812873 -0.1070518 0.1600474
vn 0.6032416 0.06444039 0.7949509
vn 0.9869883 -0.0509893 0.1524931
vn 0.7919461 0.006620486 -0.6105551
vn 0.9713298 0.05382517 0.2315626
vn 0.5494487 0.03100818 0.8349518
vn 0.4919119 0.02740074 0.8702137
vn 0.7879933 0.03757184 -0.6145365
vn 0.5876671 0.2006421 0.7838305
vn 0.9214483 0.385619 0.04723458
vn 0.6909707 0.4647713 -0.5536671
vn 0.9478876 0.3123586 0.06277813
vn 0.9989529 0.03931975 0.02339102
vn 0.802327 0.5235422 0.286662
vn 0.08187129 0.6061253 0.7911443
vn 0.9817672 -0.1485572 0.1185914
vn 0.8882264 0.00837897 0.4593296
vn 0.9527335 -0.2803378 0.1170883
vn 0.9968792 0.07187624 -0.03264258
vn 0.9779834 0.1761635 0.1118701
vn 0.9491369 -0.3030047 0.08560003
vn 0.9107268 0.4109584 -0.04110718
vn 0.8856658 0.4398062 0.1488846
vn 0.9311701 -0.2830998 -0.229732
vn 0.8793538 0.4645324 -0.1046258
vn 0.6660691 0.1810381 -0.7235863
vn 0.7213365 -0.1548278 -0.675057
vn 0.8191805 0.04124068 -0.5720512
vn 0.9944845 0.1041044 0.01276022
vn 0.7486143 0.4376628 -0.4980241
vn 0.6855962 0.1180309 -0.7183499
vn 0.7805899 0.6156256 -0.1080952
vn 0.6273742 0.7764465 0.05943499
vn 0.5680903 0.8194165 -0.0763538
vn 0.6796662 0.1044775 0.7260429
vn 0.7027856 0.2592047 0.6624993
vn 0.3703908 0.7802476 0.5040083
vn 0.6453582 -0.08480756 0.7591578
vn 0.9045653 -0.3105538 0.2920922
vn 0.8882264 0.00837897 0.4593296
vn -0.9840714 0.1244713 0.126927
vn -0.7466042 0.3564161 0.5617381
vn -0.992312 -0.07154267 -0.1009879
vn -0.7513422 -0.0140078 0.6597641
vn -0.7186486 -0.3584329 0.5958776
vn -0.7513422 -0.0140078 0.6597641
vn -0.9840714 0.1244713 0.126927
vn -0.1314489 -0.0654665 0.9891589
vn 0.6909707 0.4647713 -0.5536671
vn 0.6660691 0.1810381 -0.7235863
vn 0.1901673 -0.5391775 -0.8204413
vn 0.8793538 0.4645324 -0.1046258
vn 0.9107268 0.4109584 -0.04110718
vn 0.8856658 0.4398062 0.1488846
vn 0.9214483 0.385619 0.04723458
vn 0.9779834 0.1761635 0.1118701
vn 0.1901673 -0.5391775 -0.8204413
vn 0.6660691 0.1810381 -0.7235863
vn 0.2306174 -0.5483513 -0.8038199
vn 0.1021397 -0.4934093 -0.8637794
vn -0.03039868 -0.4381498 -0.8983879
vn 0.9817672 -0.1485572 0.1185914
vn 0.9045653 -0.3105538 0.2920922
vn 0.9527335 -0.2803378 0.1170883
vn 0.8882264 0.00837897 0.4593296
vn -0.4433703 0.8118095 -0.3799842
vn -0.8539972 0.2633379 -0.4487115
vn -0.4481989 0.2308191 -0.8636205
vn -0.1252991 0.639003 -0.7589303
vn 0.2869653 0.8941371 -0.3437582
vn 0.1268464 0.6181356 -0.7757695
vn 0.7486143 0.4376628 -0.4980241
vn 0.7805899 0.6156256 -0.1080952
vn 0.5680903 0.8194165 -0.0763538
vn -0.2819238 0.9468904 -0.1546532
vn -0.8669834 0.4912929 -0.08349345
vn -0.8797958 0.4455137 -0.1657618
vn -0.7382234 0.65723 0.1519045
vn -0.5644514 0.7364706 0.3728346
vn 0.6273742 0.7764465 0.05943499
vn 0.3703908 0.7802476 0.5040083
vn 0.05136736 0.6702356 0.7403685
vn -0.3702672 0.5086346 0.7772986
vn -0.8539972 0.2633379 -0.4487115
vn -0.4433703 0.8118095 -0.3799842
vn -0.8797958 0.4455137 -0.1657618
vn -0.9995751 -0.02601264 -0.01315348
vn -0.8669834 0.4912929 -0.08349345
vn -0.7382234 0.65723 0.1519045
vn -0.8971512 -0.0454555 -0.4393786
vn -0.9860151 -0.1624368 -0.03726172
vn -0.4481989 0.2308191 -0.8636205
vn -0.3606205 0.007065286 -0.9326859
vn -0.8784506 -0.2986059 -0.3730403
vn -0.3525135 -0.0984907 -0.9306094
vn -0.2644477 0.151208 -0.9524723
vn -0.791346 0.3293624 -0.5150651
vn -0.9657477 0.02962682 -0.257786
vn -0.9872566 0.1433409 -0.06912135
vn -0.9290443 0.359617 -0.08690441
vn -0.8939468 0.4154117 -0.1682028
vn -0.8979216 0.4313697 -0.08750482
vn -0.9990541 0.01170421 0.04187885
vn -0.8947098 0.4385458 -0.08468742
vn -0.8874052 -0.06349196 0.4565971
vn -0.7905417 0.5927933 -0.1537526
vn -0.7154424 0.6881495 -0.1207996
vn -0.572078 0.6957442 0.4343579
vn -0.8901216 0.019827 0.4552917
vn -0.4558207 0.104493 0.8839167
vn -0.3702672 0.5086346 0.7772986
vn -0.5644514 0.7364706 0.3728346
vn 0.7027856 0.2592047 0.6624993
vn 0.05136736 0.6702356 0.7403685
vn 0.3703908 0.7802476 0.5040083
vn 0.6796662 0.1044775 0.7260429
vn -0.3702672 0.5086346 0.7772986
vn -0.4558207 0.104493 0.8839167
vn 0.6453582 -0.08480756 0.7591578
vn 0.2089095 0.5363897 0.8177059
vn 0.8882264 0.00837897 0.4593296
vn -0.282935 -0.1166275 0.952022
vn -0.8901216 0.019827 0.4552917
vn -0.2617279 0.5876427 0.7656205
vn -0.8874052 -0.06349196 0.4565971
vn -0.572078 0.6957442 0.4343579
vn -0.91965 0.3700996 -0.1314161
vn -0.8939468 0.4154117 -0.1682028
vn -0.9290443 0.359617 -0.08690441
vn -0.8979216 0.4313697 -0.08750482
vn -0.8314879 0.5376035 -0.1400366
vn -0.8947098 0.4385458 -0.08468742
vn -0.7905417 0.5927933 -0.1537526
vn -0.7797789 0.6106755 -0.1379147
vn -0.7154424 0.6881495 -0.1207996
vn -0.6414765 0.6150757 0.4584646
vn -0.572078 0.6957442 0.4343579
vn -0.2617279 0.5876427 0.7656205
vn -0.1835724 0.4180099 0.8897016
vn -0.07530221 0.9267282 0.3681092
vn 0.08187129 0.6061253 0.7911443
vn 0.2089095 0.5363897 0.8177059
vn 0.802327 0.5235422 0.286662
vn 0.8882264 0.00837897 0.4593296
vn -0.8939468 0.4154117 -0.1682028
vn -0.9657477 0.02962682 -0.257786
vn -0.9872566 0.1433409 -0.06912135
vn -0.791346 0.3293624 -0.5150651
vn -0.4556943 0.5074325 -0.7313378
vn 0.06121968 0.4487355 -0.8915653
vn -0.2644477 0.151208 -0.9524723
vn 0.1335052 -0.6773306 -0.7234637
vn -0.5326532 -0.3289997 -0.7797691
vn -0.3071464 -0.6993628 -0.645409
vn -0.7271158 -0.2230848 -0.649258
vn -0.7334941 -0.05678517 -0.6773196
vn -0.3416237 0.4803444 -0.8078135
vn -0.3328863 0.6691707 -0.6643774
vn -0.7647842 0.4997194 -0.4066763
vn -0.9815994 -0.0083163 -0.1907707
vn -0.3014154 0.3856087 -0.8720406
vn -0.2974704 0.8240449 -0.4821425
vn -0.171476 0.8979583 -0.4052985
vn -0.1660875 0.6560431 -0.7362218
vn 0.4692625 0.02655061 -0.8826595
vn 0.4170974 -0.0714733 -0.9060471
vn 0.5728715 -0.0200328 -0.8194004
vn 0.4758452 0.07404841 -0.8764064
vn 0.4519609 0.0689554 -0.8893686
vn 0.1337435 0.05905194 -0.9892551
vn 0.163513 0.0570608 -0.9848896
vn 0.176532 0.06872169 -0.9818929
vn 0.1127921 0.5966765 -0.7945157
vn -0.6371486 -0.7259135 0.25902
vn -0.5565361 -0.8305423 -0.02161431
vn -0.9280683 -0.366185 -0.06780701
vn -0.8120458 -0.21438 0.5427918
vn -0.1244165 -0.8098269 0.5733244
vn -0.2935495 -0.2150162 0.9314488
vn -0.1048799 -0.3867924 0.9161833
vn -0.6424451 0.008416311 0.7662854
vn -0.9815994 -0.0083163 -0.1907707
vn -0.7334941 -0.05678517 -0.6773196
vn -0.7271158 -0.2230848 -0.649258
vn -0.8340833 0.1188836 0.5386758
vn -0.7208075 0.3023184 0.6237308
vn -0.2350775 0.178012 0.9555366
vn -0.434471 0.6251687 0.6483819
vn -0.786833 0.07752484 0.6122775
vn -0.4797609 -0.01812601 0.877212
vn -0.4356367 0.3942273 0.8092005
vn -0.7597295 0.5445045 0.3554235
vn -0.8422888 0.4959251 0.2112058
vn -0.6148107 0.7608163 0.2077651
vn -0.7556509 0.6319697 0.1720641
vn -0.7647842 0.4997194 -0.4066763
vn -0.9280683 -0.366185 -0.06780701
vn -0.5326532 -0.3289997 -0.7797691
vn -0.7271158 -0.2230848 -0.649258
vn -0.5565361 -0.8305423 -0.02161431
vn -0.3550797 -0.9061188 -0.2299284
vn 0.1249838 -0.8578765 0.4984244
vn -0.6371486 -0.7259135 0.25902
vn -0.1244165 -0.8098269 0.5733244
vn -0.3071464 -0.6993628 -0.645409
vn 0.1335052 -0.6773306 -0.7234637
vn 0.6721389 -0.7134124 -0.1981716
vn 0.3986153 -0.9155372 -0.05382784
vn 0.3493699 -0.9369302 0.01011537
vn 0.1296603 -0.7984844 0.5878868
vn 0.5087171 -0.7606292 0.403299
vn 0.7940238 -0.5431091 0.2730545
vn 0.7940516 -0.5939488 -0.1292548
vn 0.9049746 -0.3712942 -0.2077538
vn -0.6424451 0.008416311 0.7662854
vn -0.2350775 0.178012 0.9555366
vn -0.2935495 -0.2150162 0.9314488
vn 0.2457087 -0.1542207 0.9569969
vn -0.1048799 -0.3867924 0.9161833
vn -0.1244165 -0.8098269 0.5733244
vn 0.1249838 -0.8578765 0.4984244
vn 0.1296603 -0.7984844 0.5878868
vn 0.3236158 -0.2795885 0.9039375
vn 0.5087171 -0.7606292 0.403299
vn 0.5819839 -0.2704 0.766928
vn 0.646513 -0.07444592 0.759262
vn 0.9513929 -0.285307 0.1159803
vn 0.9861377 -0.1219796 0.1124875
vn 0.8765062 0.2990731 0.3772163
vn 0.7333993 0.06547058 0.6766381
vn 0.1522909 0.4307056 0.8895505
vn 0.1279694 0.5886266 0.7982121
vn 0.02270719 0.3287461 0.9441454
vn -0.1102512 0.7564863 0.6446497
vn -0.434471 0.6251687 0.6483819
vn 0.5286322 0.2204807 0.8197172
vn 0.8396679 -0.02912618 0.5423188
vn 0.8245086 0.04146889 0.5643279
vn 0.4461928 0.7414367 0.5011823
vn 0.7682661 0.5602218 0.3097073
vn 0.2198295 0.8114037 0.5415709
vn 0.3312837 0.2332917 0.9142352
vn 0.1970958 0.6907603 0.6957036
vn 0.0770701 0.7747511 0.6275516
vn 0.00323169 0.859375 0.5113357
vn -0.7208075 0.3023184 0.6237308
vn 0.1333282 0.4102979 0.9021525
vn 0.02176715 0.02215833 0.9995175
vn -0.786833 0.07752484 0.6122775
vn -0.4797609 -0.01812601 0.877212
vn 0.264754 0.07918648 0.9610593
vn 0.2151281 0.3898184 0.8954113
vn -0.4356367 0.3942273 0.8092005
vn 0.1932922 0.6660311 0.7204449
vn 0.01182645 0.6105727 0.791872
vn 0.01657648 0.6076203 0.7940547
vn 0.1841016 0.5887637 0.7870603
vn 0.1669703 0.7066534 0.6875769
vn 0.1772723 0.4915794 0.8525985
vn 0.4736412 -0.01057373 0.8806545
vn 0.3844416 0.6704341 0.6346044
vn 0.8796054 0.1202681 0.4602498
vn 0.9150035 0.03955731 0.4015018
vn 0.8908886 0.01003865 0.454111
vn 0.7985933 0.03603844 0.6007912
vn 0.8087143 0.05571969 0.5855567
vn 0.8623081 0.1992473 0.4655375
vn -0.7208075 0.3023184 0.6237308
vn -0.1102512 0.7564863 0.6446497
vn -0.434471 0.6251687 0.6483819
vn 0.00323169 0.859375 0.5113357
vn 0.1279694 0.5886266 0.7982121
vn 0.1522909 0.4307056 0.8895505
vn -0.03490045 0.9931185 0.1117922
vn 0.0770701 0.7747511 0.6275516
vn 0.1932922 0.6660311 0.7204449
vn 0.2151281 0.3898184 0.8954113
vn 0.2198295 0.8114037 0.5415709
vn 0.1970958 0.6907603 0.6957036
vn 0.4461928 0.7414367 0.5011823
vn 0.7125198 0.5947487 0.3722761
vn 0.7682661 0.5602218 0.3097073
vn 0.1772723 0.4915794 0.8525985
vn 0.8796054 0.1202681 0.4602498
vn 0.01182645 0.6105727 0.791872
vn -0.4356367 0.3942273 0.8092005
vn -0.7597295 0.5445045 0.3554235
vn -0.6148107 0.7608163 0.2077651
vn 0.01657648 0.6076203 0.7940547
vn -0.08642763 0.9377615 0.3363535
vn 0.1841016 0.5887637 0.7870603
vn 0.1669703 0.7066534 0.6875769
vn -0.1064718 0.9941391 -0.01874404
vn 0.3450978 0.9378776 0.03596033
vn 0.3844416 0.6704341 0.6346044
vn 0.8371687 0.5370935 -0.1033401
vn 0.5187143 0.8273344 -0.2155304
vn 0.6252818 0.7423829 -0.2406041
vn 0.05382491 0.994362 -0.09136266
vn 0.4637916 0.7122582 -0.5268639
vn 0.1127921 0.5966765 -0.7945157
vn -0.1660875 0.6560431 -0.7362218
vn -0.171476 0.8979583 -0.4052985
vn -0.2974704 0.8240449 -0.4821425
vn -0.3328863 0.6691707 -0.6643774
vn -0.2357584 0.959097 -0.1566871
vn -0.3416237 0.4803444 -0.8078135
vn -0.2406652 0.9612212 -0.1346629
vn -0.2370284 0.9078383 -0.3459004
vn -0.7556509 0.6319697 0.1720641
vn -0.8422888 0.4959251 0.2112058
vn -0.7647842 0.4997194 -0.4066763
vn 0.3844416 0.6704341 0.6346044
vn 0.8371687 0.5370935 -0.1033401
vn 0.8623081 0.1992473 0.4655375
vn 0.8100284 0.1101666 -0.5759491
vn 0.7968098 0.3075244 -0.5201182
vn 0.6252818 0.7423829 -0.2406041
vn 0.5187143 0.8273344 -0.2155304
vn 0.4637916 0.7122582 -0.5268639
vn 0.1127921 0.5966765 -0.7945157
vn 0.176532 0.06872169 -0.9818929
vn 0.163513 0.0570608 -0.9848896
vn 0.8137659 0.1072127 -0.5712183
vn 0.1337435 0.05905194 -0.9892551
vn 0.9957391 0.07156936 -0.05815119
vn 0.4519609 0.0689554 -0.8893686
vn 0.4519609 0.0689554 -0.8893686
vn 0.9821663 0.07964143 -0.1703134
vn 0.4758452 0.07404841 -0.8764064
vn 0.977199 0.1052912 -0.1843799
vn 0.8087143 0.05571969 0.5855567
vn 0.7985933 0.03603844 0.6007912
vn 0.8908886 0.01003865 0.454111
vn 0.9150035 0.03955731 0.4015018
vn 0.9746295 0.05793221 -0.2161969
vn 0.4692625 0.02655061 -0.8826595
vn 0.5728715 -0.0200328 -0.8194004
vn 0.9941623 -0.02295488 -0.1054254
vn 0.9971278 0.05866428 0.04790165
vn 0.8796054 0.1202681 0.4602498
vn 0.9907545 0.01431109 0.1349097
vn 0.7125198 0.5947487 0.3722761
vn 0.7682661 0.5602218 0.3097073
vn 0.8245086 0.04146889 0.5643279
vn 0.8396679 -0.02912618 0.5423188
vn 0.9538345 0.2940208 0.06124932
vn 0.7333993 0.06547058 0.6766381
vn 0.8727437 0.4852724 0.05319046
vn 0.8765062 0.2990731 0.3772163
vn 0.523239 0.851066 0.04367733
vn 0.497908 0.8669475 0.02212751
vn 0.7759451 0.6279928 0.05944851
vn 0.9461891 0.3173971 0.06312766
vn 0.8983248 0.3988253 -0.1842574
vn 0.9766342 0.01930401 -0.2140397
vn 0.9049746 -0.3712942 -0.2077538
vn 0.9861377 -0.1219796 0.1124875
vn 0.8983248 0.3988253 -0.1842574
vn 0.8182555 0.5716493 0.06062272
vn 0.8765062 0.2990731 0.3772163
vn 0.7940516 -0.5939488 -0.1292548
vn 0.9513929 -0.285307 0.1159803
vn 0.7940238 -0.5431091 0.2730545
vn 0.6721389 -0.7134124 -0.1981716
vn 0.3986153 -0.9155372 -0.05382784
vn 0.3493699 -0.9369302 0.01011537
vn 0.8308415 -0.3200538 -0.455267
vn 0.4170974 -0.0714733 -0.9060471
vn 0.1335052 -0.6773306 -0.7234637
vn 0.7759451 0.6279928 0.05944851
vn 0.8983248 0.3988253 -0.1842574
vn 0.497908 0.8669475 0.02212751
vn 0.8182555 0.5716493 0.06062272
vn 0.523239 0.851066 0.04367733
vn 0.2039022 0.9687294 0.1413764
vn 0.8765062 0.2990731 0.3772163
vn 0.5605367 0.7884637 0.2532265
vn 0.8727437 0.4852724 0.05319046
vn -0.2891986 -0.7500339 -0.5948222
vn -0.5110747 -0.2961942 -0.80689
vn -0.6507691 -0.6232154 -0.4337076
vn -0.7124957 -0.7011258 -0.0277942
vn 0.3976762 -0.4965413 -0.7715572
vn 0.5513 -0.8332333 -0.04231532
vn 0.3175112 -0.7692266 0.5545063
vn 0.8556023 -0.2024439 0.4764044
vn -0.4060512 -0.6510849 0.6412572
vn -0.2891986 -0.7500339 -0.5948222
vn 0.3976762 -0.4965413 -0.7715572
vn -0.5110747 -0.2961942 -0.80689
vn -0.7069045 0.6219696 -0.3368085
vn 0.2809166 0.7124758 -0.6430118
vn -0.8667219 -0.06819929 -0.4941072
vn -0.6972266 -0.4291698 -0.5741848
vn 0.6879115 -0.05424554 0.7237647
vn 0.8545976 -0.05935485 0.5158874
vn 0.8556023 -0.2024439 0.4764044
vn 0.3774244 -0.09532261 0.9211213
vn 0.7715431 -0.03705039 0.6350973
vn 0.3867715 0.02039231 0.9219501
vn 0.536289 0.5748433 0.6180204
vn -0.1389353 0.7150491 0.685129
vn 0.1616667 0.06364553 0.9847909
vn -0.2541993 0.3348728 0.9073274
vn -0.4422368 0.4846943 0.754651
vn -0.5100844 0.1303078 0.8501964
vn -0.1029194 -0.1477534 0.9836547
vn -0.5559451 -0.09206755 0.8261044
vn -0.7774881 -0.09968998 0.6209462
vn -0.1086937 -0.1235185 0.9863716
vn -0.07496975 -0.08750755 0.9933388
vn -0.7929835 -0.08535513 0.6032344
vn -0.7941046 -0.01479345 0.6076011
vn -0.1169456 -0.03123676 0.992647
vn 0.3175112 -0.7692266 0.5545063
vn -0.4060512 -0.6510849 0.6412572
vn -0.5335149 -0.08135635 0.8418687
vn -0.7941046 -0.01479345 0.6076011
vn -0.07496975 -0.08750755 0.9933388
vn -0.1169456 -0.03123676 0.992647
vn -0.5335149 -0.08135635 0.8418687
vn -0.8667219 -0.06819929 -0.4941072
vn -0.4060512 -0.6510849 0.6412572
vn -0.7124957 -0.7011258 -0.0277942
vn -0.6972266 -0.4291698 -0.5741848
vn -0.7929835 -0.08535513 0.6032344
vn -0.9522678 0.07078752 0.2969431
vn -0.7774881 -0.09968998 0.6209462
vn -0.1086937 -0.1235185 0.9863716
vn -0.5559451 -0.09206755 0.8261044
vn -0.5100844 0.1303078 0.8501964
vn -0.8391546 0.3901882 0.3789099
vn -0.4422368 0.4846943 0.754651
vn -0.6756488 0.6859064 0.2702428
vn -0.7069045 0.6219696 -0.3368085
vn -0.8443472 0.3844793 0.3731668
vn -0.3559617 0.8912264 0.2810816
vn -0.3630663 0.8869222 0.2855729
vn -0.3581653 0.8893378 0.2842459
vn -0.4748279 0.8164064 0.3286624
vn 0.07858413 0.992765 0.09078633
vn -0.1389353 0.7150491 0.685129
vn -0.2541993 0.3348728 0.9073274
vn 0.536289 0.5748433 0.6180204
vn -0.1389353 0.7150491 0.685129
vn -0.3581653 0.8893378 0.2842459
vn 0.6334193 0.6884381 0.3533172
vn -0.3630663 0.8869222 0.2855729
vn -0.3559617 0.8912264 0.2810816
vn -0.6756488 0.6859064 0.2702428
vn 0.6645573 0.7200568 0.199704
vn 0.2809166 0.7124758 -0.6430118
vn -0.7069045 0.6219696 -0.3368085
vn 0.1727 -0.8980134 -0.4046563
vn 0.5129158 -0.798754 -0.3144988
vn 0.7291745 -0.3341307 -0.5972112
vn 0.2273752 -0.3579662 -0.9056273
vn 0.6347833 0.001695575 -0.7726883
vn 0.7849124 0.02898131 -0.6189286
vn 0.04750966 -0.4031192 -0.9139135
vn 0.04574922 -0.9128263 -0.4057772
vn -0.6710472 -0.06738509 -0.7383462
vn -0.5029084 -0.3302397 -0.7987646
vn 0.1118334 -0.004605531 -0.9937163
vn -0.6603287 -0.03298154 -0.7502522
vn -0.6314269 -0.05154257 -0.7737205
vn 0.7138849 0.1509437 -0.6838014
vn 0.7873489 0.04238163 -0.6150493
vn 0.08970018 0.01869795 -0.9957933
vn -0.6156121 -0.08265696 -0.7837025
vn 0.1203738 0.7500015 -0.6503906
vn 0.6326523 0.4906147 -0.5992064
vn -0.08033635 0.6811253 -0.7277461
vn -0.6247177 0.04745096 -0.7794076
vn -0.5125465 0.7403777 -0.4348988
vn 0.5129158 -0.798754 -0.3144988
vn 0.7206944 -0.6289689 0.2915437
vn 0.7474369 -0.6640989 0.01763136
vn -0.09806214 -0.5510508 0.8286899
vn 0.07059852 -0.5074359 0.8587925
vn -0.5855368 -0.651304 0.4826488
vn -0.5614163 -0.7738861 -0.2931077
vn 0.1727 -0.8980134 -0.4046563
vn 0.04574922 -0.9128263 -0.4057772
vn -0.5029084 -0.3302397 -0.7987646
vn 0.04750966 -0.4031192 -0.9139135
vn 0.07059852 -0.5074359 0.8587925
vn -0.09806214 -0.5510508 0.8286899
vn -0.5855368 -0.651304 0.4826488
vn -0.7900361 -0.1116589 0.6028062
vn -0.7775868 -0.04690622 0.6270237
vn 0.6308572 0.0718529 0.7725648
vn -0.7965552 -0.06090961 0.6014897
vn 0.6372737 -0.1067257 0.7632115
vn 0.7206944 -0.6289689 0.2915437
vn 0.0858191 -0.03071325 0.9958372
vn 0.8404718 -0.002688767 0.5418487
vn 0.5042281 -0.09250829 0.8586013
vn 0.004873167 -0.1218788 0.992533
vn 0.7737772 -0.03925247 0.6322405
vn 0.6220966 -0.04469745 0.7816636
vn -0.1638732 -0.06556805 0.9843
vn -0.1644313 0.07652492 0.9834156
vn -0.8092181 -0.07686541 0.5824584
vn -0.8037094 -0.1198178 0.5828335
vn -0.618302 0.02600929 0.7855101
vn 0.6269276 0.006174862 0.7790532
vn -0.5975982 0.6204283 0.5078831
vn -0.1891567 0.732556 0.6538971
vn 0.599154 0.2099457 0.7726172
vn -0.0228543 0.717132 0.6965625
vn 0.5959154 0.7686899 0.2323803
vn -0.7775868 -0.04690622 0.6270237
vn -0.7900361 -0.1116589 0.6028062
vn -0.7965552 -0.06090961 0.6014897
vn -0.6603287 -0.03298154 -0.7502522
vn -0.6710472 -0.06738509 -0.7383462
vn -0.5855368 -0.651304 0.4826488
vn -0.5614163 -0.7738861 -0.2931077
vn -0.5029084 -0.3302397 -0.7987646
vn -0.6314269 -0.05154257 -0.7737205
vn -0.9931499 -0.06583876 -0.09653264
vn -0.8092181 -0.07686541 0.5824584
vn -0.6156121 -0.08265696 -0.7837025
vn -0.8037094 -0.1198178 0.5828335
vn -0.6247177 0.04745096 -0.7794076
vn -0.7734743 0.6178505 -0.1414153
vn -0.5125465 0.7403777 -0.4348988
vn -0.8840594 0.4646628 0.05027514
vn -0.5975982 0.6204283 0.5078831
vn -0.618302 0.02600929 0.7855101
vn -0.5975982 0.6204283 0.5078831
vn -0.8840594 0.4646628 0.05027514
vn -0.7734743 0.6178505 -0.1414153
vn -0.0228543 0.717132 0.6965625
vn -0.1891567 0.732556 0.6538971
vn 0.1203738 0.7500015 -0.6503906
vn -0.08033635 0.6811253 -0.7277461
vn -0.5125465 0.7403777 -0.4348988
vn 0.6334864 0.7725686 0.04281151
vn 0.5959154 0.7686899 0.2323803
vn 0.6225749 0.7788932 -0.07567015
vn 0.6326523 0.4906147 -0.5992064
vn 0.7138849 0.1509437 -0.6838014
vn 0.6225749 0.7788932 -0.07567015
vn 0.6326523 0.4906147 -0.5992064
vn 0.9936888 0.108515 0.02840802
vn 0.6334864 0.7725686 0.04281151
vn 0.5959154 0.7686899 0.2323803
vn 0.599154 0.2099457 0.7726172
vn 0.6269276 0.006174862 0.7790532
vn 0.7873489 0.04238163 -0.6150493
vn 0.6220966 -0.04469745 0.7816636
vn 0.7849124 0.02898131 -0.6189286
vn 0.7737772 -0.03925247 0.6322405
vn 0.9847509 0.07370288 -0.1575865
vn 0.6347833 0.001695575 -0.7726883
vn 0.7291745 -0.3341307 -0.5972112
vn 0.8404718 -0.002688767 0.5418487
vn 0.5042281 -0.09250829 0.8586013
vn 0.6308572 0.0718529 0.7725648
vn 0.9833183 -0.08096223 -0.1628809
vn 0.5129158 -0.798754 -0.3144988
vn 0.6372737 -0.1067257 0.7632115
vn 0.7474369 -0.6640989 0.01763136
vn 0.7206944 -0.6289689 0.2915437
vn 0.7103584 -0.7018497 0.05289538
vn 0.5957466 -0.5381407 -0.5962303
vn -0.0009924257 -0.6867862 -0.7268588
vn -0.3323243 -0.9416269 -0.05384604
vn -0.4124041 -0.8110521 -0.4148704
vn -0.1183164 -0.6682906 -0.7344311
vn -0.8079685 -0.562628 -0.1750336
vn -0.9191781 -0.3856596 -0.07986433
vn -0.6913384 -0.7223381 0.01670412
vn -0.0885225 -0.7438843 0.6624197
vn -0.590501 -0.6139205 0.5238417
vn 0.02846093 -0.7388754 0.6732407
vn 0.0803654 -0.9244962 0.3726235
vn 0.2488203 -0.7044758 0.6646821
vn 0.4884119 -0.5438867 0.6823791
vn 0.7960991 -0.5500478 0.2523366
vn -0.4124041 -0.8110521 -0.4148704
vn -0.1183164 -0.6682906 -0.7344311
vn -0.6738724 -0.1391727 -0.7256218
vn -0.00974045 0.008780757 -0.9999141
vn -0.6581411 0.02858775 -0.7523518
vn 0.007126712 0.02817106 -0.9995777
vn -0.0009924257 -0.6867862 -0.7268588
vn 0.5957466 -0.5381407 -0.5962303
vn 0.7206365 0.04659794 -0.6917453
vn 0.03399675 0.009113302 -0.9993804
vn 0.2376862 0.3458932 -0.9076691
vn 0.7085769 0.3244925 -0.6265967
vn 0.09080064 0.7518516 -0.6530501
vn 0.64739 -0.09769867 -0.7558711
vn 0.7447585 -0.1416719 -0.6521226
vn 0.007030384 0.01377635 -0.9998804
vn -0.6184328 0.4553415 -0.6404724
vn 0.01206511 0.0009949195 -0.9999267
vn 0.470566 0.005275934 -0.8823491
vn 0.723819 0.02582677 -0.6895064
vn 0.6804626 0.02031211 -0.7325013
vn 0.6553404 -0.007304365 -0.7552983
vn 0.7214259 -0.007237371 -0.6924538
vn -0.2611767 -0.1900836 -0.9463905
vn -0.2523656 0.2369698 -0.9381668
vn 0.5931947 0.5679682 -0.5705544
vn 0.711892 -0.01683533 -0.7020871
vn -0.003064938 0.7170105 -0.6970556
vn -0.7796391 -0.3140453 -0.5417919
vn -0.6700742 0.4352371 -0.6013064
vn -0.8340987 0.04270635 -0.5499596
vn -0.2558646 0.006704521 -0.9666894
vn -0.7181227 0.02816014 -0.6953465
vn -0.7267245 -0.01065357 -0.6868464
vn -0.3921844 0.1690949 -0.9042115
vn -0.145434 0.7974254 -0.5856293
vn -0.7592199 0.5702733 -0.3136454
vn -0.6738724 -0.1391727 -0.7256218
vn -0.8079685 -0.562628 -0.1750336
vn -0.4124041 -0.8110521 -0.4148704
vn -0.6581411 0.02858775 -0.7523518
vn -0.9191781 -0.3856596 -0.07986433
vn -0.6184328 0.4553415 -0.6404724
vn -0.9474063 0.3086991 -0.08441679
vn -0.9921846 -0.09180067 -0.08451325
vn -0.9934783 0.0308591 -0.1097664
vn -0.9920019 0.05099275 -0.1154643
vn -0.9889888 -0.07671814 -0.1265522
vn -0.7796391 -0.3140453 -0.5417919
vn -0.9886163 -0.1036716 -0.1090414
vn -0.9945748 -0.01718818 -0.1025941
vn -0.9967335 -0.07652251 0.02581784
vn -0.8340987 0.04270635 -0.5499596
vn -0.9772307 0.2015773 -0.0662329
vn -0.9982292 0.0328838 -0.04956923
vn -0.7181227 0.02816014 -0.6953465
vn -0.9984404 0.04302099 -0.03558161
vn -0.6664342 0.7455583 0.002886617
vn -0.7267245 -0.01065357 -0.6868464
vn -0.7871529 0.6158326 -0.03377067
vn -0.7592199 0.5702733 -0.3136454
vn -0.3921844 0.1690949 -0.9042115
vn -0.6700789 0.7404739 0.05189038
vn -0.6918865 0.03771644 0.7210205
vn -0.5285562 0.4813803 0.6992148
vn -0.6659594 0.05990421 0.7435789
vn -0.6826797 0.07057636 0.7273014
vn -0.9954071 0.07797953 -0.05553312
vn -0.6516609 0.05142826 0.756765
vn -0.5755398 0.02808367 0.8172915
vn -0.7087188 0.03284254 0.7047262
vn -0.7653733 0.03509396 0.6426291
vn -0.4454229 -0.09898549 0.8898317
vn -0.9711582 0.1778625 0.1587974
vn -0.4656904 0.6589862 0.5906519
vn -0.7154066 0.5520434 0.4283006
vn -0.9456982 -0.02021505 0.3244169
vn -0.7082702 0.02886728 0.705351
vn -0.7236618 -0.1685719 0.6692512
vn -0.9506428 -0.05714947 0.3049791
vn -0.9770736 -0.2069793 0.04986753
vn -0.6913384 -0.7223381 0.01670412
vn -0.590501 -0.6139205 0.5238417
vn 0.2488203 -0.7044758 0.6646821
vn 0.0803654 -0.9244962 0.3726235
vn 0.02846093 -0.7388754 0.6732407
vn 0.4884119 -0.5438867 0.6823791
vn 0.5468699 -0.1304902 0.8269858
vn 0.529591 -0.04213742 0.8472059
vn -0.0885225 -0.7438843 0.6624197
vn 0.5142713 0.01460793 0.8575031
vn 0.02450942 0.5904927 0.8066707
vn 0.5084543 0.6064386 0.6113153
vn -0.009129252 0.6000057 0.7999436
vn -0.3245834 -0.05793661 0.944081
vn -0.590501 -0.6139205 0.5238417
vn -0.7236618 -0.1685719 0.6692512
vn -0.06518494 0.5933976 0.8022658
vn -0.7082702 0.02886728 0.705351
vn -0.1864185 0.5966485 0.7805502
vn -0.7154066 0.5520434 0.4283006
vn 0.836158 0.008117905 0.5484286
vn 0.7062596 0.02831914 0.7073864
vn 0.6786772 -0.0976067 0.7279219
vn 0.9759213 -0.1924432 0.1026805
vn 0.4457131 -0.3046624 0.8417367
vn 0.6145702 0.1511115 0.7742537
vn 0.7248714 0.687976 0.03536355
vn 0.9994984 0.02380874 -0.02088674
vn 0.7072434 0.02038767 0.7066761
vn 0.7117342 0.03271397 0.7016867
vn 0.7213249 0.08424231 0.6874544
vn 0.7774503 0.5629066 0.2805482
vn 0.3969499 0.6276292 0.6697107
vn 0.6354151 0.7633001 0.1167075
vn 0.9790303 -0.1567985 0.1300538
vn 0.2354639 0.8777689 0.4172272
vn 0.8706772 0.4564322 0.1832781
vn 0.5331853 0.7914813 0.2987822
vn 0.8594345 0.4921497 0.1384234
vn 0.9315289 -0.3622733 -0.03180974
vn 0.907327 0.4059387 0.1094145
vn 0.9915542 -0.1296805 0.001812699
vn 0.7870101 0.6168744 0.009008905
vn 0.64739 -0.09769867 -0.7558711
vn 0.558359 0.8289945 -0.03167401
vn 0.2376862 0.3458932 -0.9076691
vn 0.7447585 -0.1416719 -0.6521226
vn 0.723819 0.02582677 -0.6895064
vn 0.470566 0.005275934 -0.8823491
vn 0.6804626 0.02031211 -0.7325013
vn 0.6553404 -0.007304365 -0.7552983
vn 0.7214259 -0.007237371 -0.6924538
vn 0.711892 -0.01683533 -0.7020871
vn 0.5931947 0.5679682 -0.5705544
vn -0.03209298 0.8622209 0.5055148
vn -0.4656904 0.6589862 0.5906519
vn -0.02403859 0.3109612 0.9501185
vn 0.01250537 -0.06259234 0.9979608
vn -0.4454229 -0.09898549 0.8898317
vn 0.02993024 -0.02688819 0.9991903
vn 0.07770078 0.07386994 0.9942363
vn -0.7653733 0.03509396 0.6426291
vn -0.7087188 0.03284254 0.7047262
vn -0.5755398 0.02808367 0.8172915
vn 0.06495859 0.02582865 0.9975536
vn -0.6826797 0.07057636 0.7273014
vn -0.6516609 0.05142826 0.756765
vn 0.1168542 0.7228459 0.6810572
vn -0.6659594 0.05990421 0.7435789
vn -0.5285562 0.4813803 0.6992148
vn -0.6918865 0.03771644 0.7210205
vn 0.09020273 0.6576527 0.7479013
vn 0.1244294 0.7129545 0.6900821
vn 0.05169854 -0.0001189429 0.9986627
vn 0.02874425 0.001243022 0.999586
vn 0.7072434 0.02038767 0.7066761
vn 0.7062596 0.02831914 0.7073864
vn 0.7117342 0.03271397 0.7016867
vn 0.7213249 0.08424231 0.6874544
vn 0.3969499 0.6276292 0.6697107
vn 0.836158 0.008117905 0.5484286
vn 0.6786772 -0.0976067 0.7279219
vn 0.4457131 -0.3046624 0.8417367
vn 0.09880453 -0.2273352 0.9687912
vn 0.6145702 0.1511115 0.7742537
vn 0.2354639 0.8777689 0.4172272
vn 0.1038854 0.2589822 0.9602792
vn -0.03209298 0.8622209 0.5055148
vn 0.558359 0.8289945 -0.03167401
vn 0.2376862 0.3458932 -0.9076691
vn 0.09080064 0.7518516 -0.6530501
vn 0.7870101 0.6168744 0.009008905
vn 0.907327 0.4059387 0.1094145
vn 0.7318007 0.681302 -0.01718527
vn 0.7085769 0.3244925 -0.6265967
vn 0.777704 0.6178178 0.1160932
vn 0.5590361 0.7967167 0.2296108
vn 0.8594345 0.4921497 0.1384234
vn 0.7694481 0.6015912 0.2145638
vn 0.4959576 0.8330776 0.2449649
vn 0.8706772 0.4564322 0.1832781
vn 0.2354639 0.8777689 0.4172272
vn 0.5084543 0.6064386 0.6113153
vn 0.02450942 0.5904927 0.8066707
vn -0.03209298 0.8622209 0.5055148
vn -0.009129252 0.6000057 0.7999436
vn -0.06518494 0.5933976 0.8022658
vn -0.1864185 0.5966485 0.7805502
vn -0.7154066 0.5520434 0.4283006
vn -0.4656904 0.6589862 0.5906519
vn -0.9711582 0.1778625 0.1587974
vn 0.7318007 0.681302 -0.01718527
vn 0.7085769 0.3244925 -0.6265967
vn 0.777704 0.6178178 0.1160932
vn 0.7206365 0.04659794 -0.6917453
vn 0.9607465 0.2434044 0.1331185
vn 0.5957466 -0.5381407 -0.5962303
vn 0.7103584 -0.7018497 0.05289538
vn 0.9367775 -0.1082806 0.3327509
vn 0.7960991 -0.5500478 0.2523366
vn 0.4884119 -0.5438867 0.6823791
vn 0.5468699 -0.1304902 0.8269858
vn 0.529591 -0.04213742 0.8472059
vn 0.5142713 0.01460793 0.8575031
vn 0.9307424 0.2920302 0.2200841
vn 0.5084543 0.6064386 0.6113153
vn 0.4959576 0.8330776 0.2449649
vn 0.7694481 0.6015912 0.2145638
vn 0.5590361 0.7967167 0.2296108
vn -0.2523656 0.2369698 -0.9381668
vn -0.6184328 0.4553415 -0.6404724
vn 0.007030384 0.01377635 -0.9998804
vn -0.6700742 0.4352371 -0.6013064
vn -0.9934783 0.0308591 -0.1097664
vn 0.5931947 0.5679682 -0.5705544
vn 0.7248714 0.687976 0.03536355
vn -0.003064938 0.7170105 -0.6970556
vn -0.6664342 0.7455583 0.002886617
vn -0.7871529 0.6158326 -0.03377067
vn -0.7592199 0.5702733 -0.3136454
vn -0.145434 0.7974254 -0.5856293
vn 0.1244294 0.7129545 0.6900821
vn 0.6354151 0.7633001 0.1167075
vn 0.3969499 0.6276292 0.6697107
vn 0.7774503 0.5629066 0.2805482
vn 0.1168542 0.7228459 0.6810572
vn -0.6700789 0.7404739 0.05189038
vn 0.09020273 0.6576527 0.7479013
vn -0.5285562 0.4813803 0.6992148
vn 0.7163326 -0.695353 -0.05789589
vn 0.5963359 -0.3480575 -0.723353
vn 0.3834005 -0.8353876 -0.3938676
vn 0.9981055 -0.01496264 -0.0596782
vn 0.6914936 -0.04690014 -0.7208585
vn 0.703769 0.007243962 0.7103919
vn 0.5825164 -0.5663618 0.5830171
vn 0.9952013 -0.005059716 -0.09771715
vn 0.6183887 -0.008636124 -0.7858249
vn 0.9994268 0.009743975 -0.03242008
vn 0.9997193 -1.820729E-05 -0.02369397
vn 0.8193286 0.01871739 0.5730186
vn 0.8049277 0.0197392 0.5930445
vn 0.6998054 0.02320462 0.7139566
vn 0.9208738 0.02664686 0.3889492
vn 0.9945006 0.01458629 -0.10371
vn 0.8729623 -0.01045751 -0.4876755
vn 0.6674029 -0.0065722 -0.7446678
vn 0.9995369 0.0215541 -0.02148055
vn 0.7073653 0.04413408 0.705469
vn 0.6910167 -0.008107636 -0.7227933
vn 0.6730273 0.7380384 -0.04830707
vn 0.6922695 0.2050531 0.6918932
vn 0.7125732 0.07289274 -0.6978009
vn 0.8930944 0.3747092 0.2489489
vn 0.6415068 0.7412059 -0.1976938
vn 0.2153093 0.6702229 -0.7102417
vn 0.7054752 0.6909114 0.1579437
vn 0.3543252 0.8898235 0.28752
vn 0.2951749 0.3845942 0.8746194
vn 0.1343129 0.688947 0.7122584
vn 0.5963359 -0.3480575 -0.723353
vn -0.2171999 -0.4910923 -0.8435951
vn 0.3834005 -0.8353876 -0.3938676
vn -0.02953703 -0.3353882 -0.9416169
vn -0.415766 -0.4070415 -0.8132994
vn 0.6914936 -0.04690014 -0.7208585
vn -0.5721237 -0.2751971 -0.7726196
vn 0.6183887 -0.008636124 -0.7858249
vn -0.4039106 -0.04324621 -0.9137757
vn -0.9131811 -0.1042645 -0.3939916
vn -0.04897173 -0.01837499 -0.9986311
vn 0.8729623 -0.01045751 -0.4876755
vn 0.6674029 -0.0065722 -0.7446678
vn -0.7178 -0.03074317 -0.6955702
vn -0.8942189 -0.03468561 -0.4462841
vn -0.7149027 -0.02039255 -0.6989265
vn 0.6910167 -0.008107636 -0.7227933
vn -0.0882742 0.01758864 -0.9959409
vn -0.7333593 -0.01336264 -0.6797099
vn -0.6028754 0.5674509 -0.5608392
vn -0.04853236 0.6724286 -0.7385692
vn 0.7125732 0.07289274 -0.6978009
vn 0.2153093 0.6702229 -0.7102417
vn -0.684634 -0.7242422 0.08215632
vn -0.3769912 -0.8965842 -0.2324104
vn -0.7274249 -0.6816543 -0.07874402
vn 0.5825164 -0.5663618 0.5830171
vn -0.2829632 -0.9103795 -0.3018958
vn -0.5176499 -0.5812219 0.6278692
vn 0.7163326 -0.695353 -0.05789589
vn 0.3834005 -0.8353876 -0.3938676
vn -0.4503571 -0.8287775 -0.3321241
vn -0.415766 -0.4070415 -0.8132994
vn -0.2171999 -0.4910923 -0.8435951
vn -0.1382599 -0.8892213 -0.4360846
vn -0.8942189 -0.03468561 -0.4462841
vn -0.9131811 -0.1042645 -0.3939916
vn -0.4039106 -0.04324621 -0.9137757
vn -0.9970006 -0.04218682 0.06488473
vn -0.9999548 -0.006759211 0.006681163
vn -0.7178 -0.03074317 -0.6955702
vn -0.7149027 -0.02039255 -0.6989265
vn -0.7333593 -0.01336264 -0.6797099
vn -0.9779603 -0.1452358 -0.1500006
vn -0.5721237 -0.2751971 -0.7726196
vn -0.8512107 -0.3959608 -0.344464
vn -0.415766 -0.4070415 -0.8132994
vn -0.3769912 -0.8965842 -0.2324104
vn -0.7274249 -0.6816543 -0.07874402
vn -0.684634 -0.7242422 0.08215632
vn -0.6621697 -0.02817414 0.7488241
vn -0.5176499 -0.5812219 0.6278692
vn -0.7132884 -0.003912162 0.7008597
vn -0.7038793 0.003063832 0.710313
vn -0.7307099 0.02234147 0.6823224
vn -0.7608845 0.03529456 0.6479268
vn -0.7521678 0.02140373 0.658624
vn -0.7206751 0.6927819 0.02609055
vn -0.6361794 0.5144486 0.5749942
vn -0.9958908 0.08876767 -0.0179399
vn -0.6028754 0.5674509 -0.5608392
vn -0.8863142 0.4612877 -0.04075287
vn 0.3543252 0.8898235 0.28752
vn 0.6730273 0.7380384 -0.04830707
vn 0.7054752 0.6909114 0.1579437
vn 0.1390302 0.9900703 0.02077031
vn -0.06229017 0.9948003 0.08057429
vn 0.1343129 0.688947 0.7122584
vn -0.6361794 0.5144486 0.5749942
vn -0.7206751 0.6927819 0.02609055
vn -0.6028754 0.5674509 -0.5608392
vn 0.6415068 0.7412059 -0.1976938
vn -0.04853236 0.6724286 -0.7385692
vn 0.2153093 0.6702229 -0.7102417
vn -0.6361794 0.5144486 0.5749942
vn 0.1343129 0.688947 0.7122584
vn 0.2951749 0.3845942 0.8746194
vn -0.07746339 0.04745457 0.9958652
vn -0.7608845 0.03529456 0.6479268
vn -0.7521678 0.02140373 0.658624
vn -0.7307099 0.02234147 0.6823224
vn -0.7038793 0.003063832 0.710313
vn 0.7073653 0.04413408 0.705469
vn 0.6922695 0.2050531 0.6918932
vn 0.2663333 0.02396902 0.9635829
vn 0.9208738 0.02664686 0.3889492
vn 0.6998054 0.02320462 0.7139566
vn 0.1544595 0.02072249 0.9877818
vn 0.8049277 0.0197392 0.5930445
vn 0.8193286 0.01871739 0.5730186
vn 0.703769 0.007243962 0.7103919
vn -0.6621697 -0.02817414 0.7488241
vn -0.7132884 -0.003912162 0.7008597
vn -0.5176499 -0.5812219 0.6278692
vn 0.5825164 -0.5663618 0.5830171
vn -0.05637687 0.8425247 -0.5356994
vn -0.04001725 0.9237664 -0.3808599
vn -0.01506707 0.7238077 -0.6898373
vn 0.0009591354 0.2507664 -0.9680471
vn 0.04564922 0.7179739 -0.6945716
vn -0.4735868 0.03214895 -0.8801602
vn -0.5156137 0.1740848 -0.8389499
vn -0.3299189 0.6137716 -0.7172433
vn 0.7441941 0.04920426 -0.6661487
vn 0.6063805 0.5998824 -0.5219615
vn -0.6014262 0.02231958 -0.7986165
vn -0.6317763 0.005768354 -0.7751293
vn 0.253116 -0.5516703 -0.7947277
vn -0.6073013 -0.4349858 -0.6648102
vn -0.1795811 -0.4388887 -0.8804131
vn 0.7041067 0.05011851 -0.7083232
vn 0.1490227 0.1205586 -0.981457
vn 0.667639 -0.5279822 -0.5248742
vn 0.9411608 0.02687861 -0.3368886
vn 0.1968757 -0.09891871 -0.9754256
vn 0.158857 0.1611466 -0.9740617
vn 0.4143472 -0.2976425 -0.8600729
vn 0.02559494 0.4242192 -0.9051978
vn 0.009732753 -0.150656 -0.9885384
vn 0.2103632 -0.1663229 -0.9633712
vn 0.3461749 -0.8626448 -0.3687911
vn 0.394417 0.2965646 -0.8697613
vn 0.5222077 0.008967538 -0.8527712
vn 0.384649 -0.9175835 -0.1004276
vn 0.8553526 0.4692577 -0.2194746
vn 0.7620785 -0.06853747 -0.6438469
vn 0.1486897 -0.1267314 -0.9807295
vn 0.150286 -0.1886789 -0.9704713
vn 0.7363315 -0.113139 -0.6670949
vn 0.7587219 -0.2577783 -0.5982404
vn 0.3014167 -0.8087167 -0.5050994
vn 0.07685899 -0.7841715 -0.6157661
vn 0.02389375 -0.8023912 -0.59632
vn -0.1830032 -0.7002895 -0.6900032
vn -0.1469673 -0.1274013 -0.9809024
vn -0.6154217 0.02845495 -0.7876843
vn -0.7292066 -0.5938581 -0.3399858
vn -0.5882185 0.2103647 -0.7808622
vn -0.5914415 0.193264 -0.7828448
vn -0.8847016 0.3303601 -0.3288849
vn -0.8217176 -0.4087634 -0.3971055
vn -0.1805861 0.1285888 -0.9751173
vn -0.1795811 -0.4388887 -0.8804131
vn 0.7041067 0.05011851 -0.7083232
vn 0.9411608 0.02687861 -0.3368886
vn 0.7441941 0.04920426 -0.6661487
vn 0.9963824 0.04365492 0.07291399
vn 0.6063805 0.5998824 -0.5219615
vn 0.9806959 0.1449054 0.1312939
vn 0.6638142 0.7463738 0.04771645
vn 0.6230514 0.7568216 0.197555
vn 0.9789041 0.07603872 0.1896443
vn 0.5954121 0.1067754 0.7962936
vn 0.5456761 0.4396135 0.7134266
vn 0.5784344 0.03843478 0.814823
vn 0.5992343 0.02945978 0.8000314
vn 0.9924461 0.0239995 0.1203107
vn 0.8985302 0.01360564 0.4387007
vn 0.5611576 -0.5246016 0.6402307
vn 0.7614402 -0.6417579 0.09140917
vn 0.7813861 -0.6187935 0.08081019
vn 0.667639 -0.5279822 -0.5248742
vn -0.3299189 0.6137716 -0.7172433
vn 0.0009591354 0.2507664 -0.9680471
vn -0.01506707 0.7238077 -0.6898373
vn -0.4879928 0.8421053 -0.229612
vn -0.04001725 0.9237664 -0.3808599
vn -0.5042799 0.8630269 0.02977028
vn -0.05637687 0.8425247 -0.5356994
vn 0.04564922 0.7179739 -0.6945716
vn 0.6063805 0.5998824 -0.5219615
vn 0.6638142 0.7463738 0.04771645
vn 0.6230514 0.7568216 0.197555
vn 0.06878335 0.9690684 0.2370132
vn -0.4774236 0.6226866 0.619942
vn 0.5456761 0.4396135 0.7134266
vn 0.006510926 0.6113471 0.7913358
vn -0.4774236 0.6226866 0.619942
vn -0.7715536 0.01941445 0.635868
vn -0.7695315 0.195319 0.6080064
vn 0.5784344 0.03843478 0.814823
vn -0.6262836 0.005664911 0.7795747
vn 0.006510926 0.6113471 0.7913358
vn 0.5954121 0.1067754 0.7962936
vn 0.5456761 0.4396135 0.7134266
vn -0.04723193 -0.2752779 0.9602038
vn -0.5376706 -0.3218485 0.7793099
vn 0.5992343 0.02945978 0.8000314
vn 0.5611576 -0.5246016 0.6402307
vn 0.8985302 0.01360564 0.4387007
vn -0.07824458 -0.005711342 0.9969178
vn -0.08118967 -0.3608575 0.9290802
vn -0.1239752 0.3237113 0.9379985
vn -0.0958544 -0.01464707 0.9952875
vn 0.1894577 -0.8434131 0.5027526
vn 0.3531564 0.7191207 0.5984531
vn -0.06093223 0.4947696 0.8668854
vn 0.612785 -0.03629297 0.7894158
vn 0.5779039 0.4734539 0.664732
vn 0.586988 -0.105004 0.8027573
vn -0.7917019 0.05393756 0.608522
vn -0.6941938 0.4995919 0.5181727
vn -0.6514816 0.1928522 0.7337437
vn -0.7669072 -0.36042 0.5309903
vn -0.3158206 -0.6099018 0.7268268
vn -0.063514 -0.5351466 0.8423681
vn -0.1453084 -0.9088864 0.3909104
vn 0.3334783 -0.8203201 0.4646151
vn 0.8187692 -0.4038354 0.4080859
vn -0.04723193 -0.2752779 0.9602038
vn 0.5611576 -0.5246016 0.6402307
vn 0.1894577 -0.8434131 0.5027526
vn 0.7309376 -0.6134214 0.2990727
vn 0.4856609 -0.862229 0.1438559
vn 0.7614402 -0.6417579 0.09140917
vn 0.4357503 -0.8890899 0.1401452
vn 0.8954479 -0.4248513 0.1329452
vn 0.9460026 -0.2614222 0.1916703
vn 0.873081 -0.3189253 0.3688036
vn 0.5654311 -0.8018136 0.1933458
vn 0.9008224 -0.220357 0.3741148
vn 0.7813861 -0.6187935 0.08081019
vn 0.9646469 -0.1017427 0.2431146
vn 0.5658605 -0.8161657 0.1169428
vn 0.384649 -0.9175835 -0.1004276
vn 0.667639 -0.5279822 -0.5248742
vn 0.253116 -0.5516703 -0.7947277
vn 0.3461749 -0.8626448 -0.3687911
vn 0.2103632 -0.1663229 -0.9633712
vn 0.4143472 -0.2976425 -0.8600729
vn 0.1968757 -0.09891871 -0.9754256
vn 0.3531564 0.7191207 0.5984531
vn 0.1894577 -0.8434131 0.5027526
vn 0.7309376 -0.6134214 0.2990727
vn 0.8170437 0.5339168 0.217652
vn 0.7809842 0.5986199 0.1780953
vn 0.4856609 -0.862229 0.1438559
vn 0.9460026 -0.2614222 0.1916703
vn 0.8170437 0.5339168 0.217652
vn 0.7809842 0.5986199 0.1780953
vn 0.3531564 0.7191207 0.5984531
vn 0.5779039 0.4734539 0.664732
vn -0.06093223 0.4947696 0.8668854
vn -0.0958544 -0.01464707 0.9952875
vn 0.8359175 0.5476485 0.0363725
vn 0.5772887 0.8126934 0.07916602
vn 0.9460026 -0.2614222 0.1916703
vn 0.6677745 0.7282434 0.1540742
vn 0.8406395 0.5396353 0.04603199
vn 0.6843849 0.6989613 0.2075342
vn 0.9008224 -0.220357 0.3741148
vn 0.8553526 0.4692577 -0.2194746
vn 0.9646469 -0.1017427 0.2431146
vn 0.7191456 0.6947376 0.0130092
vn 0.7802743 0.5529347 -0.292293
vn 0.5222077 0.008967538 -0.8527712
vn -0.5376706 -0.3218485 0.7793099
vn -0.7715536 0.01941445 0.635868
vn -0.6262836 0.005664911 0.7795747
vn -0.6514816 0.1928522 0.7337437
vn -0.8490065 0.5243865 -0.06486025
vn -0.953557 0.2935332 -0.06758284
vn -0.9221737 0.3724082 -0.1044407
vn -0.9681514 0.2345867 -0.08747543
vn -0.9983937 -0.003115009 -0.05657159
vn -0.6073013 -0.4349858 -0.6648102
vn -0.6317763 0.005768354 -0.7751293
vn -0.9950358 0.01217006 -0.0987712
vn -0.6014262 0.02231958 -0.7986165
vn -0.9349715 0.1914049 -0.2986513
vn -0.4735868 0.03214895 -0.8801602
vn -0.5156137 0.1740848 -0.8389499
vn -0.3299189 0.6137716 -0.7172433
vn -0.7695315 0.195319 0.6080064
vn -0.4879928 0.8421053 -0.229612
vn -0.9645546 0.2603981 -0.04274726
vn -0.937463 0.3280433 -0.1164072
vn -0.5042799 0.8630269 0.02977028
vn -0.4774236 0.6226866 0.619942
vn -0.8490065 0.5243865 -0.06486025
vn -0.6514816 0.1928522 0.7337437
vn -0.6941938 0.4995919 0.5181727
vn -0.9221737 0.3724082 -0.1044407
vn -0.8217176 -0.4087634 -0.3971055
vn -0.1795811 -0.4388887 -0.8804131
vn -0.6073013 -0.4349858 -0.6648102
vn -0.9885448 -0.08358592 -0.1256683
vn -0.9681514 0.2345867 -0.08747543
vn -0.8847016 0.3303601 -0.3288849
vn -0.8217176 -0.4087634 -0.3971055
vn -0.9885448 -0.08358592 -0.1256683
vn -0.5882185 0.2103647 -0.7808622
vn -0.6154217 0.02845495 -0.7876843
vn -0.7568703 -0.6476675 -0.08760217
vn -0.7292066 -0.5938581 -0.3399858
vn -0.6941938 0.4995919 0.5181727
vn -0.7917019 0.05393756 0.608522
vn -0.7669072 -0.36042 0.5309903
vn -0.8078094 -0.5893926 -0.007771908
vn -0.6659246 -0.7423715 -0.0736818
vn 0.384649 -0.9175835 -0.1004276
vn 0.5222077 0.008967538 -0.8527712
vn 0.7802743 0.5529347 -0.292293
vn 0.5658605 -0.8161657 0.1169428
vn 0.7191456 0.6947376 0.0130092
vn 0.9646469 -0.1017427 0.2431146
vn 0.873081 -0.3189253 0.3688036
vn 0.6677745 0.7282434 0.1540742
vn 0.8954479 -0.4248513 0.1329452
vn 0.5772887 0.8126934 0.07916602
vn 0.9460026 -0.2614222 0.1916703
vn 0.8359175 0.5476485 0.0363725
vn 0.612785 -0.03629297 0.7894158
vn 0.5779039 0.4734539 0.664732
vn 0.8406395 0.5396353 0.04603199
vn 0.9184719 -0.3895388 0.06832979
vn 0.8187692 -0.4038354 0.4080859
vn 0.586988 -0.105004 0.8027573
vn 0.3334783 -0.8203201 0.4646151
vn 0.3638629 -0.9310932 0.02586964
vn 0.8481815 -0.5094527 -0.145073
vn 0.7587219 -0.2577783 -0.5982404
vn 0.3014167 -0.8087167 -0.5050994
vn 0.9956706 -0.06947488 0.06175258
vn 0.7363315 -0.113139 -0.6670949
vn 0.7620785 -0.06853747 -0.6438469
vn 0.9714305 0.009692328 -0.2371262
vn 0.8553526 0.4692577 -0.2194746
vn 0.394417 0.2965646 -0.8697613
vn 0.8481815 -0.5094527 -0.145073
vn 0.3014167 -0.8087167 -0.5050994
vn 0.3638629 -0.9310932 0.02586964
vn 0.07685899 -0.7841715 -0.6157661
vn 0.3334783 -0.8203201 0.4646151
vn -0.1453084 -0.9088864 0.3909104
vn -0.063514 -0.5351466 0.8423681
vn -0.2971537 -0.9485282 0.1095164
vn 0.02389375 -0.8023912 -0.59632
vn -0.3158206 -0.6099018 0.7268268
vn -0.8078094 -0.5893926 -0.007771908
vn -0.7669072 -0.36042 0.5309903
vn -0.6659246 -0.7423715 -0.0736818
vn -0.7568703 -0.6476675 -0.08760217
vn -0.1830032 -0.7002895 -0.6900032
vn -0.7292066 -0.5938581 -0.3399858
vn 0.08595119 -0.7110248 -0.6978941
vn 0.6548499 -0.7556243 0.01426738
vn 0.6706744 -0.6222624 -0.4037144
vn -0.4927905 -0.5930419 -0.6367565
vn -0.6741674 -0.7349049 -0.07357409
vn 0.6835661 -0.7242676 0.09040908
vn -0.7148688 -0.6983283 0.03605737
vn -0.5477005 -0.770628 0.325817
vn -0.6995251 -0.6902501 0.1849854
vn -0.1995824 -0.8288695 0.5226302
vn 0.1301542 -0.9419805 0.3094069
vn 0.6867005 -0.658951 0.3069628
vn 0.068158 -0.550509 0.8320422
vn 0.5744642 -0.3171812 0.7545774
vn 0.01655022 -0.04544729 -0.9988297
vn -0.008136958 0.5970849 -0.8021368
vn 0.6536214 0.7225541 -0.2251548
vn -0.5260659 0.5847005 -0.6175597
vn -0.4741256 0.5972397 -0.6469232
vn 0.6735133 0.3354789 -0.6586606
vn 0.5761389 0.5808043 -0.5750917
vn 0.7440122 0.268583 -0.611808
vn 0.6536214 0.7225541 -0.2251548
vn 0.2473565 0.8104392 -0.5310396
vn 0.06229954 0.6695867 -0.7401165
vn -0.008136958 0.5970849 -0.8021368
vn -0.7602335 0.5494045 -0.3466983
vn -0.4417912 0.5466699 -0.7113175
vn -0.5260659 0.5847005 -0.6175597
vn -0.9709509 0.1792262 -0.1585319
vn 0.2473565 0.8104392 -0.5310396
vn 0.06229954 0.6695867 -0.7401165
vn 0.7440122 0.268583 -0.611808
vn 0.3842182 -0.16309 -0.9087233
vn 0.8280763 -0.07149874 -0.5560374
vn 0.6706744 -0.6222624 -0.4037144
vn 0.08595119 -0.7110248 -0.6978941
vn -0.4927905 -0.5930419 -0.6367565
vn -0.5318632 0.008192492 -0.8467907
vn -0.4417912 0.5466699 -0.7113175
vn -0.5879292 0.001274156 -0.8089114
vn -0.8008451 -0.0268762 -0.5982682
vn -0.7602335 0.5494045 -0.3466983
vn -0.5318632 0.008192492 -0.8467907
vn -0.4417912 0.5466699 -0.7113175
vn -0.9781044 0.009816243 -0.2078834
vn -0.9963256 0.03837434 -0.07656889
vn -0.9709509 0.1792262 -0.1585319
vn -0.5879292 0.001274156 -0.8089114
vn -0.9892758 -6.046951E-05 -0.1460597
vn -0.8008451 -0.0268762 -0.5982682
vn -0.9621142 0.2066819 -0.1778169
vn -0.5260659 0.5847005 -0.6175597
vn -0.4741256 0.5972397 -0.6469232
vn -0.9685551 0.195292 -0.1541497
vn -0.5431604 0.8351141 -0.08695462
vn -0.4713119 0.8787188 -0.07562032
vn -0.756644 0.6493182 -0.07665425
vn -0.9969271 0.02382949 -0.07462243
vn -0.747917 0.617022 0.244753
vn -0.8998955 0.0590285 0.4320923
vn -0.7428781 0.0345672 0.6685336
vn -0.9993656 0.009567213 -0.03430322
vn -0.76598 -0.03490033 0.6419164
vn -0.9964161 -0.03069277 -0.07882228
vn -0.9929103 -0.07642834 0.0910378
vn -0.6145922 -0.2027731 0.7623382
vn -0.9907899 -0.07807934 0.1106301
vn -0.6741674 -0.7349049 -0.07357409
vn -0.4927905 -0.5930419 -0.6367565
vn -0.7148688 -0.6983283 0.03605737
vn -0.6995251 -0.6902501 0.1849854
vn -0.5477005 -0.770628 0.325817
vn 0.6112823 -0.04382111 0.7901985
vn 0.4540057 0.5802524 0.6761553
vn 0.7291135 0.6682202 0.147903
vn 0.9954614 -0.02467785 0.09191103
vn 0.7229397 0.6857815 0.08403559
vn 0.6902378 0.7215763 0.05384615
vn 0.9985035 0.04355156 -0.0330763
vn 0.7388741 0.6736554 -0.01592142
vn 0.5761389 0.5808043 -0.5750917
vn 0.6735133 0.3354789 -0.6586606
vn 0.6536214 0.7225541 -0.2251548
vn 0.7440122 0.268583 -0.611808
vn 0.9944015 -0.04484153 0.09568158
vn 0.5744642 -0.3171812 0.7545774
vn 0.6867005 -0.658951 0.3069628
vn 0.6835661 -0.7242676 0.09040908
vn 0.9973292 -0.04786028 0.05517067
vn 0.8280763 -0.07149874 -0.5560374
vn 0.6548499 -0.7556243 0.01426738
vn 0.6706744 -0.6222624 -0.4037144
vn -0.08507259 0.6870677 0.7215958
vn 0.4540057 0.5802524 0.6761553
vn 0.6112823 -0.04382111 0.7901985
vn -0.3504578 0.6452485 0.6788473
vn -0.3999693 0.01052431 0.9164681
vn -0.747917 0.617022 0.244753
vn -0.8998955 0.0590285 0.4320923
vn -0.3243096 0.05018147 0.9446191
vn -0.7428781 0.0345672 0.6685336
vn -0.2271156 -0.0441036 0.9728687
vn 0.5744642 -0.3171812 0.7545774
vn -0.76598 -0.03490033 0.6419164
vn 0.068158 -0.550509 0.8320422
vn -0.6145922 -0.2027731 0.7623382
vn -0.08695289 -0.3811243 0.9204257
vn -0.1995824 -0.8288695 0.5226302
vn -0.5477005 -0.770628 0.325817
vn -0.5431604 0.8351141 -0.08695462
vn -0.4741256 0.5972397 -0.6469232
vn 0.5761389 0.5808043 -0.5750917
vn -0.4713119 0.8787188 -0.07562032
vn -0.06965006 0.9975677 -0.002764154
vn -0.756644 0.6493182 -0.07665425
vn -0.747917 0.617022 0.244753
vn -0.3504578 0.6452485 0.6788473
vn -0.08507259 0.6870677 0.7215958
vn 0.4540057 0.5802524 0.6761553
vn 0.7291135 0.6682202 0.147903
vn 0.7229397 0.6857815 0.08403559
vn 0.7388741 0.6736554 -0.01592142
vn 0.6902378 0.7215763 0.05384615
vn -0.6773376 -0.3306912 -0.6571583
vn -0.3289826 0.2930564 -0.8977129
vn -0.6993723 0.1142249 -0.7055714
vn -0.2230978 0.5162855 -0.8268474
vn -0.05678566 0.5145065 -0.8556041
vn 0.4804979 0.1018756 -0.8710586
vn 0.6691771 0.1335668 -0.7310007
vn 0.499707 0.6203645 -0.604517
vn -0.008315246 0.8889266 -0.4579743
vn 0.3857173 0.04525515 -0.9215065
vn 0.8240352 0.1506241 -0.5461487
vn 0.8979882 0.05115585 -0.4370359
vn 0.6563655 -0.04669276 -0.7529968
vn 0.02655653 -0.6975982 -0.7159969
vn -0.07148363 -0.6540464 -0.7530694
vn -0.0200343 -0.7793195 -0.6263064
vn 0.07403206 -0.7021574 -0.7081627
vn 0.06892211 -0.6828778 -0.7272742
vn 0.05906277 -0.4052556 -0.9122936
vn 0.05705678 -0.4326597 -0.8997499
vn 0.06874251 -0.4444293 -0.8931725
vn 0.5966802 -0.3307046 -0.7311684
vn -0.7259027 0.6841956 0.07029695
vn -0.8306407 0.5280738 -0.1765617
vn -0.3662587 0.8719553 -0.3248821
vn -0.2143749 0.9315009 0.2938527
vn -0.8098561 0.2799226 0.5155351
vn -0.2150085 0.5424934 0.812079
vn -0.3868265 0.3572797 0.8501273
vn 0.008409677 0.8312619 0.5558175
vn -0.008315246 0.8889266 -0.4579743
vn -0.05678566 0.5145065 -0.8556041
vn -0.2230978 0.5162855 -0.8268474
vn 0.1188721 0.9515215 0.2836833
vn 0.3023656 0.8666071 0.3969474
vn 0.1779978 0.4931217 0.8515561
vn 0.6252213 0.5985954 0.5007813
vn 0.07751478 0.9268111 0.3674408
vn -0.01813028 0.7061533 0.7078269
vn 0.3942629 0.6447446 0.654875
vn 0.5444849 0.8288662 0.1285187
vn 0.4960238 0.8676804 -0.0330315
vn 0.760843 0.648359 0.02735765
vn 0.6319499 0.7736221 -0.0463484
vn 0.499707 0.6203645 -0.604517
vn -0.3662587 0.8719553 -0.3248821
vn -0.3289826 0.2930564 -0.8977129
vn -0.2230978 0.5162855 -0.8268474
vn -0.8306407 0.5280738 -0.1765617
vn -0.9061194 0.2765069 -0.320143
vn -0.8578848 0.01955226 0.5134699
vn -0.7259027 0.6841956 0.07029695
vn -0.8098561 0.2799226 0.5155351
vn -0.6993723 0.1142249 -0.7055714
vn -0.6773376 -0.3306912 -0.6571583
vn -0.7133991 -0.7007549 -0.002068811
vn -0.9155248 -0.3977724 0.05992919
vn -0.9369382 -0.3325398 0.1075364
vn -0.7985516 0.04012667 0.6005874
vn -0.7605729 -0.3755211 0.5296346
vn -0.5431557 -0.6858163 0.4843944
vn -0.5939953 -0.7984537 0.09819013
vn -0.3712627 -0.9269615 0.05391039
vn 0.008409677 0.8312619 0.5558175
vn 0.1779978 0.4931217 0.8515561
vn -0.2150085 0.5424934 0.812079
vn -0.1542245 0.03203158 0.9875165
vn -0.3868265 0.3572797 0.8501273
vn -0.8098561 0.2799226 0.5155351
vn -0.8578848 0.01955226 0.5134699
vn -0.7985516 0.04012667 0.6005874
vn -0.2795911 -0.05763212 0.9583879
vn -0.7605729 -0.3755211 0.5296346
vn -0.2703955 -0.3440101 0.8991904
vn -0.07445408 -0.4081262 0.9098844
vn -0.2852699 -0.8809122 0.3776437
vn -0.1219526 -0.9152272 0.3840401
vn 0.2991442 -0.7358819 0.6074459
vn 0.06545837 -0.514672 0.8548847
vn 0.4309008 0.1028343 0.8965209
vn 0.5886112 0.1006032 0.8021321
vn 0.3287509 0.2425279 0.9127448
vn 0.7564868 0.286313 0.5880074
vn 0.6252213 0.5985954 0.5007813
vn 0.2204808 -0.2781233 0.9348988
vn -0.02911893 -0.6542728 0.7556978
vn 0.04147373 -0.6336291 0.7725245
vn 0.7414609 -0.2879964 0.6060477
vn 0.5604302 -0.6507061 0.5123472
vn 0.8113841 -0.05941409 0.5814857
vn 0.2333038 -0.06211327 0.9704182
vn 0.6908747 0.005545671 0.7229533
vn 0.7747687 0.1017401 0.6240051
vn 0.8594117 0.1400467 0.4917301
vn 0.3023656 0.8666071 0.3969474
vn 0.4104292 0.1245552 0.9033459
vn 0.02213836 0.2589768 0.9656298
vn 0.07751478 0.9268111 0.3674408
vn -0.01813028 0.7061533 0.7078269
vn 0.07917803 0.01487622 0.9967495
vn 0.3897369 0.0441198 0.9198688
vn 0.3942629 0.6447446 0.654875
vn 0.6660124 0.01611779 0.7457665
vn 0.6105892 0.2103005 0.7635146
vn 0.6075578 0.2063839 0.7669936
vn 0.5885888 0.04358615 0.8072568
vn 0.7066436 0.03219306 0.7068369
vn 0.4916561 0.06858445 0.8680844
vn -0.01056949 -0.2081213 0.9780459
vn 0.6704476 -0.1914325 0.7168359
vn 0.1202455 -0.7156249 0.6880567
vn 0.03954652 -0.7659728 0.6416555
vn 0.01004502 -0.7281598 0.6853338
vn 0.03604108 -0.598616 0.800225
vn 0.05570488 -0.6124437 0.7885491
vn 0.199221 -0.6975205 0.6883141
vn 0.3023656 0.8666071 0.3969474
vn 0.7564868 0.286313 0.5880074
vn 0.6252213 0.5985954 0.5007813
vn 0.8594117 0.1400467 0.4917301
vn 0.5886112 0.1006032 0.8021321
vn 0.4309008 0.1028343 0.8965209
vn 0.9930789 0.06479905 0.09795623
vn 0.7747687 0.1017401 0.6240051
vn 0.6660124 0.01611779 0.7457665
vn 0.3897369 0.0441198 0.9198688
vn 0.8113841 -0.05941409 0.5814857
vn 0.6908747 0.005545671 0.7229533
vn 0.7414609 -0.2879964 0.6060477
vn 0.5947862 -0.5797979 0.5568337
vn 0.5604302 -0.6507061 0.5123472
vn 0.4916561 0.06858445 0.8680844
vn 0.1202455 -0.7156249 0.6880567
vn 0.6105892 0.2103005 0.7635146
vn 0.3942629 0.6447446 0.654875
vn 0.5444849 0.8288662 0.1285187
vn 0.760843 0.648359 0.02735765
vn 0.6075578 0.2063839 0.7669936
vn 0.9377057 0.1771276 0.2988877
vn 0.5885888 0.04358615 0.8072568
vn 0.7066436 0.03219306 0.7068369
vn 0.9941396 0.0969529 -0.04781822
vn 0.9378882 -0.3212219 0.1310806
vn 0.6704476 -0.1914325 0.7168359
vn 0.537079 -0.8326356 0.1351449
vn 0.8273665 -0.5582655 -0.06167949
vn 0.7423651 -0.6676552 -0.05595339
vn 0.9943873 -0.07727037 -0.07227257
vn 0.7120763 -0.5928622 -0.376114
vn 0.5966802 -0.3307046 -0.7311684
vn 0.6563655 -0.04669276 -0.7529968
vn 0.8979882 0.05115585 -0.4370359
vn 0.8240352 0.1506241 -0.5461487
vn 0.6691771 0.1335668 -0.7310007
vn 0.9592139 0.1824266 -0.2159382
vn 0.4804979 0.1018756 -0.8710586
vn 0.9609692 0.1933424 -0.1978814
vn 0.9082434 0.1307328 -0.3974956
vn 0.6319499 0.7736221 -0.0463484
vn 0.4960238 0.8676804 -0.0330315
vn 0.499707 0.6203645 -0.604517
vn 0.6704476 -0.1914325 0.7168359
vn 0.537079 -0.8326356 0.1351449
vn 0.199221 -0.6975205 0.6883141
vn 0.1101613 -0.9388757 -0.3261548
vn 0.3074945 -0.9105684 -0.2762468
vn 0.7423651 -0.6676552 -0.05595339
vn 0.8273665 -0.5582655 -0.06167949
vn 0.7120763 -0.5928622 -0.376114
vn 0.5966802 -0.3307046 -0.7311684
vn 0.06874251 -0.4444293 -0.8931725
vn 0.05705678 -0.4326597 -0.8997499
vn 0.1072253 -0.9411229 -0.3206095
vn 0.05906277 -0.4052556 -0.9122936
vn 0.07159451 -0.9722077 0.2229046
vn 0.06892211 -0.6828778 -0.7272742
vn 0.06892211 -0.6828778 -0.7272742
vn 0.07964591 -0.9905723 0.1114583
vn 0.07403206 -0.7021574 -0.7081627
vn 0.1052703 -0.9897375 0.09663312
vn 0.05570488 -0.6124437 0.7885491
vn 0.03604108 -0.598616 0.800225
vn 0.01004502 -0.7281598 0.6853338
vn 0.03954652 -0.7659728 0.6416555
vn 0.05793134 -0.996183 0.06529572
vn 0.02655653 -0.6975982 -0.7159969
vn -0.0200343 -0.7793195 -0.6263064
vn -0.02294498 -0.9839249 0.1771027
vn 0.0586547 -0.9438492 0.325128
vn 0.1202455 -0.7156249 0.6880567
vn 0.01432259 -0.9133686 0.4068816
vn 0.5947862 -0.5797979 0.5568337
vn 0.5604302 -0.6507061 0.5123472
vn 0.04147373 -0.6336291 0.7725245
vn -0.02911893 -0.6542728 0.7556978
vn 0.2941455 -0.8985102 0.3258187
vn 0.06545837 -0.514672 0.8548847
vn 0.4843388 -0.8234332 0.2955903
vn 0.2991442 -0.7358819 0.6074459
vn 0.8511666 -0.4899075 0.1884305
vn 0.8669733 -0.4717575 0.1606308
vn 0.6280027 -0.7282661 0.2743012
vn 0.3174558 -0.8906633 0.3254856
vn 0.3988588 -0.9139664 0.07468006
vn 0.01929444 -0.9975019 0.06795429
vn -0.3712627 -0.9269615 0.05391039
vn -0.1219526 -0.9152272 0.3840401
vn 0.3988588 -0.9139664 0.07468006
vn 0.5715981 -0.7686124 0.2872463
vn 0.2991442 -0.7358819 0.6074459
vn -0.5939953 -0.7984537 0.09819013
vn -0.2852699 -0.8809122 0.3776437
vn -0.5431557 -0.6858163 0.4843944
vn -0.7133991 -0.7007549 -0.002068811
vn -0.9155248 -0.3977724 0.05992919
vn -0.9369382 -0.3325398 0.1075364
vn -0.3200651 -0.9250639 -0.2044875
vn -0.07148363 -0.6540464 -0.7530694
vn -0.6773376 -0.3306912 -0.6571583
vn 0.6280027 -0.7282661 0.2743012
vn 0.3988588 -0.9139664 0.07468006
vn 0.8669733 -0.4717575 0.1606308
vn 0.5715981 -0.7686124 0.2872463
vn 0.8511666 -0.4899075 0.1884305
vn 0.968247 -0.1575837 0.1940751
vn 0.2991442 -0.7358819 0.6074459
vn 0.78914 -0.4665491 0.3994869
vn 0.4843388 -0.8234332 0.2955903
vn 0.536289 0.5748433 0.6180204
vn 0.9981764 0.01728717 0.05783654
vn 0.7715431 -0.03705039 0.6350973
vn 0.6334193 0.6884381 0.3533172
vn 0.9982066 0.01436438 0.05811345
vn 0.8313371 0.2104792 -0.5143705
vn 0.6879115 -0.05424554 0.7237647
vn 0.9776137 0.2097999 0.01597914
vn 0.6645573 0.7200568 0.199704
vn 0.2809166 0.7124758 -0.6430118
vn 0.3976762 -0.4965413 -0.7715572
vn 0.9974084 0.0169923 0.06991228
vn 0.8545976 -0.05935485 0.5158874
vn 0.8556023 -0.2024439 0.4764044
vn 0.9419665 -0.3257235 -0.08126128
vn 0.5513 -0.8332333 -0.04231532
vt 0.4852648 0.2285857
vt 0.4852648 0.2262239
vt 0.4833972 0.2267186
vt 0.3354576 0.6622092
vt 0.3354576 0.6678796
vt 0.3357447 0.6643904
vt 0.3357574 0.4758553
vt 0.3357574 0.4621342
vt 0.3356645 0.4711941
vt 0.3345515 0.5302038
vt 0.3345613 0.5421166
vt 0.3356648 0.5417944
vt 0.5219331 0.7425157
vt 0.5213678 0.7398401
vt 0.5213678 0.7449358
vt 0.5048795 0.2262239
vt 0.5043404 0.2271553
vt 0.5048795 0.2282194
vt 0.1857243 0.5371863
vt 0.1857243 0.5284403
vt 0.1857008 0.5339184
vt 0.5802521 0.2287934
vt 0.5802521 0.2249654
vt 0.5798139 0.2276782
vt 0.4632753 0.229238
vt 0.4626121 0.2262239
vt 0.4616018 0.229238
vt 0.3354766 0.6520745
vt 0.3354766 0.6578302
vt 0.3357447 0.6542789
vt 0.6186169 0.2245347
vt 0.6182212 0.2279978
vt 0.6186169 0.2289763
vt 0.5249387 0.2262239
vt 0.5245555 0.2273036
vt 0.5249387 0.2278094
vt 0.1857008 0.5686629
vt 0.1857008 0.571834
vt 0.1857461 0.5703888
vt 0.1857008 0.5540351
vt 0.1857496 0.5554796
vt 0.1857496 0.5508853
vt 0.1857008 0.5642839
vt 0.1857097 0.5626642
vt 0.1857008 0.5598586
vt 0.4731172 0.2262239
vt 0.4731057 0.22773
vt 0.4731172 0.229074
vt 0.4687267 0.2292037
vt 0.4687267 0.2262239
vt 0.4676543 0.2273366
vt 0.4896438 0.2262239
vt 0.4896438 0.228387
vt 0.489682 0.2275289
vt 0.1857008 0.513857
vt 0.1857008 0.5240614
vt 0.1858576 0.5222985
vt 0.3345515 0.5778182
vt 0.3351059 0.5819501
vt 0.3351059 0.5743352
vt 0.3352324 0.6011521
vt 0.3352324 0.5977308
vt 0.3339382 0.5978514
vt 0.1857008 0.5465063
vt 0.1857556 0.5438929
vt 0.1857008 0.5415653
vt 0.1857675 0.4773742
vt 0.1858792 0.4665304
vt 0.1857675 0.4639311
vt 0.567153 0.2289439
vt 0.5644681 0.2249654
vt 0.5642459 0.2289439
vt 0.2988806 0.4592626
vt 0.2987421 0.4582117
vt 0.2982435 0.4592626
vt 0.4940609 0.2282824
vt 0.4947602 0.2278208
vt 0.4940609 0.2262239
vt 0.211423 0.4241215
vt 0.2113278 0.4210138
vt 0.2113278 0.4269479
vt 0.5195135 0.2269937
vt 0.5201765 0.2278746
vt 0.5201765 0.2262239
vt 0.5593421 0.225279
vt 0.559867 0.2291012
vt 0.559867 0.2249654
vt 0.3080716 0.4582116
vt 0.3082954 0.458888
vt 0.3086343 0.4582116
vt 0.5549632 0.2291221
vt 0.5549632 0.2249654
vt 0.554516 0.2255762
vt 0.3036926 0.4585531
vt 0.3032596 0.4582117
vt 0.3032596 0.4589947
vt 0.3226009 0.4251618
vt 0.3230384 0.4411964
vt 0.3230384 0.425083
vt 0.1857243 0.5371863
vt 0.1857243 0.5284403
vt 0.1857008 0.5339184
vt 0.5802521 0.2287934
vt 0.5802521 0.2249654
vt 0.5798139 0.2276782
vt 0.4632753 0.229238
vt 0.4626121 0.2262239
vt 0.4616018 0.229238
vt 0.3354766 0.6520745
vt 0.3354766 0.6578302
vt 0.3357447 0.6542789
vt 0.6186169 0.2245347
vt 0.6182212 0.2279978
vt 0.6186169 0.2289763
vt 0.5249387 0.2262239
vt 0.5245555 0.2273036
vt 0.5249387 0.2278094
vt 0.1857008 0.5686629
vt 0.1857008 0.571834
vt 0.1857461 0.5703888
vt 0.1857008 0.5540351
vt 0.1857496 0.5554796
vt 0.1857496 0.5508853
vt 0.9728044 0.0889814
vt 0.9727885 0.09379997
vt 0.9754689 0.09518436
vt 0.9811397 0.0950746
vt 0.9871524 0.07114624
vt 0.9737404 0.06920741
vt 0.9727899 0.06976596
vt 0.9751691 0.06822039
vt 0.9838625 0.06814255
vt 0.9864447 0.06991328
vt 0.985687 0.09327324
vt 0.9871524 0.09147917
vt 0.9849735 0.09514201
vt 0.5460334 0.6547077
vt 0.5433956 0.6628644
vt 0.5460778 0.6626604
vt 0.5338861 0.6624635
vt 0.5377329 0.6636052
vt 0.5326747 0.6551366
vt 0.5460596 0.6484136
vt 0.5317462 0.6614895
vt 0.5445874 0.6385698
vt 0.532057 0.6118598
vt 0.5317089 0.6508935
vt 0.5430604 0.6271262
vt 0.5316821 0.6121522
vt 0.5323882 0.5996448
vt 0.5448589 0.619718
vt 0.5332841 0.6021729
vt 0.5326307 0.5811164
vt 0.5458472 0.5896219
vt 0.5459094 0.615836
vt 0.5342808 0.5644861
vt 0.5331654 0.56534
vt 0.5448039 0.5675696
vt 0.5390702 0.5656765
vt 0.5448046 0.5666359
vt 0.5458531 0.5666205
vt 0.5454908 0.5600824
vt 0.5446815 0.5586648
vt 0.5429162 0.5600482
vt 0.5452539 0.5356131
vt 0.5451105 0.5480537
vt 0.5459875 0.5253165
vt 0.5329275 0.5415393
vt 0.5342218 0.5601062
vt 0.5327889 0.5601072
vt 0.5318366 0.5600316
vt 0.5317224 0.5390404
vt 0.5316821 0.5268964
vt 0.5459875 0.5024133
vt 0.5321693 0.5005923
vt 0.5330868 0.4975055
vt 0.5321097 0.4974391
vt 0.5324111 0.469554
vt 0.5426165 0.4686372
vt 0.5451356 0.4824539
vt 0.5459168 0.4927796
vt 0.5449291 0.4606104
vt 0.5415194 0.460949
vt 0.5329419 0.462171
vt 0.5331407 0.4607518
vt 0.532066 0.4609746
vt 0.4895941 0.8770756
vt 0.4914165 0.8785262
vt 0.4926609 0.8785076
vt 0.4896152 0.8664652
vt 0.4896497 0.8437291
vt 0.4913109 0.8616782
vt 0.5129911 0.8784817
vt 0.5163671 0.8270596
vt 0.4903444 0.8111991
vt 0.4896359 0.8208228
vt 0.5164708 0.8658127
vt 0.5146691 0.8764625
vt 0.5166181 0.8773798
vt 0.5147609 0.8784932
vt 0.5017964 0.8096035
vt 0.490571 0.8008728
vt 0.5110187 0.8014686
vt 0.5161884 0.8145513
vt 0.5165777 0.7960048
vt 0.5046046 0.7773451
vt 0.5164766 0.7802244
vt 0.5088623 0.7782245
vt 0.4910296 0.7790333
vt 0.5003132 0.7774432
vt 0.4953943 0.7779262
vt 0.7129795 0.8564447
vt 0.7129999 0.8301398
vt 0.7123929 0.8269957
vt 0.7029613 0.8423778
vt 0.6897969 0.8534645
vt 0.712302 0.8686013
vt 0.7116171 0.7905394
vt 0.7129399 0.7991003
vt 0.7128268 0.7917212
vt 0.700861 0.7904506
vt 0.6860822 0.8156958
vt 0.693135 0.7904019
vt 0.6872237 0.7927172
vt 0.6902906 0.7913722
vt 0.6859664 0.7936347
vt 0.6862779 0.841925
vt 0.6874554 0.8463169
vt 0.686109 0.8458066
vt 0.6876677 0.8522748
vt 0.6862381 0.8532259
vt 0.6885383 0.8545701
vt 0.6876965 0.8644608
vt 0.686053 0.8646647
vt 0.6859983 0.8745068
vt 0.6868263 0.8851473
vt 0.6859733 0.8808027
vt 0.7113474 0.8896111
vt 0.6873131 0.8887953
vt 0.6921319 0.8896267
vt 0.9831011 0.8843617
vt 0.9865071 0.8837461
vt 0.9747204 0.8837959
vt 0.9866776 0.8793821
vt 0.9835976 0.8787797
vt 0.9869015 0.874465
vt 0.9736479 0.8838478
vt 0.984645 0.8725425
vt 0.9869015 0.8701732
vt 0.9732197 0.8653671
vt 0.9731732 0.8730934
vt 0.9859436 0.8661586
vt 0.9865899 0.8659126
vt 0.9859149 0.8582919
vt 0.9847884 0.8581739
vt 0.9816859 0.8612896
vt 0.9733052 0.8625234
vt 0.9742926 0.8584046
vt 0.9732524 0.8594581
vt 0.7049763 0.9862132
vt 0.7031467 0.9817194
vt 0.702984 0.98446
vt 0.7163548 0.9669811
vt 0.711489 0.9878048
vt 0.7149796 0.9877985
vt 0.7166515 0.9861282
vt 0.703103 0.9727215
vt 0.7049671 0.9666189
vt 0.7031308 0.9662191
vt 0.7024951 0.9699697
vt 0.7088768 0.9654452
vt 0.7152849 0.9655373
vt 0.7166515 0.9667023
vt 0.5326005 0.9887783
vt 0.5297703 0.9871925
vt 0.5309356 0.9900614
vt 0.5302173 0.9851698
vt 0.5470859 0.988192
vt 0.5354267 0.9898696
vt 0.5444059 0.9892874
vt 0.5292368 0.9821138
vt 0.530429 0.9707612
vt 0.529098 0.9741623
vt 0.529098 0.9652779
vt 0.5342124 0.9830238
vt 0.5515159 0.9751078
vt 0.551468 0.9821413
vt 0.5508273 0.9879277
vt 0.5515442 0.9871533
vt 0.5464712 0.9651182
vt 0.5515308 0.9688624
vt 0.5488622 0.9654251
vt 0.5515633 0.9678809
vt 0.5325077 0.9651105
vt 0.5297783 0.9673187
vt 0.5430998 0.9645686
vt 0.5401527 0.9643182
vt 0.529098 0.9652779
vt 0.53111 0.9637538
vt 0.5304942 0.9637161
vt 0.9864858 0.8887406
vt 0.9867351 0.8977362
vt 0.9868895 0.8888679
vt 0.9743653 0.8911211
vt 0.9783649 0.9134884
vt 0.9865518 0.9106857
vt 0.9867744 0.9056822
vt 0.9871829 0.9107857
vt 0.9848427 0.9137068
vt 0.9751004 0.8896824
vt 0.9751291 0.888912
vt 0.9736279 0.8985351
vt 0.9847404 0.9120039
vt 0.9819993 0.913182
vt 0.9732023 0.9061133
vt 0.9731733 0.9024903
vt 0.9732528 0.9104221
vt 0.9748749 0.9134286
vt 0.9731743 0.9117948
vt 0.9731733 0.9133554
vt 0.5761212 0.989333
vt 0.5567526 0.9878228
vt 0.5569975 0.9883291
vt 0.5653763 0.9658124
vt 0.5776428 0.9878514
vt 0.5778307 0.9864843
vt 0.5559423 0.9731318
vt 0.5777605 0.9821736
vt 0.5618433 0.9653381
vt 0.557719 0.965812
vt 0.5561756 0.9660479
vt 0.5649892 0.9651468
vt 0.5690347 0.9646724
vt 0.5682386 0.9643789
vt 0.5727696 0.9637161
vt 0.5737514 0.9641447
vt 0.5764738 0.9718177
vt 0.577765 0.9785516
vt 0.577823 0.9745766
vt 0.5778307 0.9671258
vt 0.5775533 0.9648646
vt 0.5755823 0.9668775
vt 0.9171928 0.4305064
vt 0.917052 0.4367414
vt 0.9172637 0.4437591
vt 0.9294358 0.4405425
vt 0.9173368 0.4487667
vt 0.9228321 0.4503172
vt 0.917052 0.4495
vt 0.9189209 0.4504701
vt 0.9292322 0.4499882
vt 0.9305807 0.4495609
vt 0.9298785 0.434946
vt 0.9295269 0.4278681
vt 0.9216669 0.4275776
vt 0.9192016 0.4274778
vt 0.9171599 0.4295286
vt 0.9171203 0.4269205
vt 0.9876884 0.1307481
vt 0.9877953 0.1278279
vt 0.9876713 0.1261482
vt 0.9879805 0.1245071
vt 0.9880313 0.1221451
vt 0.9860072 0.1195863
vt 0.9835405 0.119962
vt 0.9756902 0.1201807
vt 0.9755129 0.1217026
vt 0.9763962 0.1281932
vt 0.9752031 0.1257827
vt 0.9752326 0.1289107
vt 0.975164 0.1321028
vt 0.9748465 0.1365764
vt 0.976979 0.138369
vt 0.9875185 0.1397246
vt 0.974496 0.1375778
vt 0.9872677 0.1403333
vt 0.9775448 0.1403465
vt 0.9762847 0.1414508
vt 0.9876216 0.1419099
vt 0.9880313 0.1418476
vt 0.07788722 0.9683762
vt 0.07788722 0.9765307
vt 0.0786405 0.9867913
vt 0.08634143 0.9684187
vt 0.0895908 0.9785559
vt 0.08963317 0.9726
vt 0.08781403 0.9683549
vt 0.08952978 0.9684035
vt 0.08958704 0.9836776
vt 0.08884621 0.9853927
vt 0.0877635 0.9883382
vt 0.08365768 0.988348
vt 0.07894108 0.9883441
vt 0.4067449 0.9852183
vt 0.3968148 0.9856153
vt 0.4052679 0.9858075
vt 0.4084649 0.9847038
vt 0.3968148 0.964514
vt 0.4086755 0.9645495
vt 0.4052995 0.9638411
vt 0.407976 0.9638436
vt 0.3971073 0.9637291
vt 0.4087297 0.9629167
vt 0.2100312 0.9151374
vt 0.1981515 0.9033277
vt 0.1981222 0.9151409
vt 0.2026835 0.8964208
vt 0.2097494 0.906218
vt 0.1986166 0.8935277
vt 0.2092219 0.8840132
vt 0.198244 0.8841532
vt 0.2090479 0.878584
vt 0.1980892 0.8806252
vt 0.201998 0.8791792
vt 0.1995407 0.8791167
vt 0.614661 0.9375844
vt 0.6146508 0.9205061
vt 0.6141024 0.9458694
vt 0.6016901 0.9333882
vt 0.5987247 0.9350974
vt 0.6146761 0.9034351
vt 0.612385 0.899506
vt 0.6146528 0.8994614
vt 0.6030546 0.8995396
vt 0.5996431 0.8986407
vt 0.5971162 0.8980677
vt 0.5952185 0.897735
vt 0.5950928 0.903165
vt 0.5950137 0.914289
vt 0.5948359 0.9253741
vt 0.5946555 0.9342951
vt 0.5970531 0.9352465
vt 0.6126063 0.954475
vt 0.6146761 0.9493968
vt 0.6146738 0.9554871
vt 0.6146502 0.9575201
vt 0.6117032 0.9575216
vt 0.6099895 0.9574466
vt 0.6048666 0.9574109
vt 0.5989333 0.9565529
vt 0.5950923 0.9359344
vt 0.5947486 0.9560834
vt 0.9201124 0.05853226
vt 0.9199439 0.06682407
vt 0.920779 0.07035507
vt 0.9319656 0.05945015
vt 0.9200413 0.04145331
vt 0.9316092 0.06493302
vt 0.9319384 0.04138439
vt 0.9306382 0.07790804
vt 0.9213845 0.07645507
vt 0.9259217 0.07850344
vt 0.9218161 0.07849544
vt 0.9319394 0.02435854
vt 0.920008 0.02438161
vt 0.9290102 0.02060051
vt 0.9317551 0.02118086
vt 0.9256119 0.02055231
vt 0.921075 0.02058878
vt 0.920083 0.02040962
vt 0.9214988 0.02034753
vt 0.9222845 0.02000044
vt 0.9216411 0.01868123
vt 0.9287789 0.02010426
vt 0.9213105 0.01155193
vt 0.9305703 0.00739994
vt 0.9307637 0.01852612
vt 0.9303603 0.02057676
vt 0.9312045 0.01331857
vt 0.9282671 0.002189483
vt 0.9302309 0.002653654
vt 0.9238742 0.002190121
vt 0.9213288 0.004227966
vt 0.9172752 0.408955
vt 0.917052 0.4218991
vt 0.9186129 0.4225415
vt 0.917412 0.4034836
vt 0.9288685 0.4225024
vt 0.9370212 0.4223275
vt 0.9278588 0.4027493
vt 0.9316716 0.4026107
vt 0.9369583 0.4012398
vt 0.9366042 0.4004456
vt 0.9346164 0.4010311
vt 0.9377006 0.3995486
vt 0.9302937 0.4010972
vt 0.9376837 0.3877392
vt 0.9254974 0.4020256
vt 0.917587 0.3854233
vt 0.935564 0.3790127
vt 0.9373124 0.3779307
vt 0.9378378 0.368569
vt 0.9177727 0.3684033
vt 0.937867 0.3650466
vt 0.9279099 0.3653354
vt 0.9179347 0.3652212
vt 0.9333748 0.3645089
vt 0.9298341 0.3642343
vt 0.9364064 0.3637038
vt 0.9378531 0.3634986
vt 0.9334679 0.3636295
vt 0.935661 0.3631829
vt 0.9300213 0.3634048
vt 0.9288053 0.3643309
vt 0.9254077 0.364703
vt 0.9241052 0.3641721
vt 0.9229437 0.3647676
vt 0.921536 0.3648138
vt 0.918418 0.363816
vt 0.9190608 0.3646983
vt 0.9183997 0.3645774
vt 0.917052 0.3625429
vt 0.9174182 0.3573483
vt 0.9234689 0.3509627
vt 0.9187148 0.3466565
vt 0.9176618 0.3514137
vt 0.9237331 0.3456261
vt 0.9325925 0.3444713
vt 0.9280232 0.3447951
vt 0.9364643 0.3535993
vt 0.9358214 0.3477523
vt 0.9354746 0.3446144
vt 0.9365276 0.3615275
vt 0.9352151 0.3627062
vt 0.935661 0.3631829
vt 0.58507 0.2269046
vt 0.584631 0.2249654
vt 0.584631 0.2285709
vt 0.5853385 0.2255566
vt 0.5897174 0.2249654
vt 0.5905828 0.2259508
vt 0.591956 0.2260131
vt 0.5897174 0.2284932
vt 0.5241127 0.6843187
vt 0.5227106 0.6838949
vt 0.5213678 0.6843187
vt 0.5232008 0.6832172
vt 0.5232219 0.6793326
vt 0.5228645 0.680755
vt 0.5239863 0.6743446
vt 0.5231825 0.6768675
vt 0.2066876 0.4223973
vt 0.2069489 0.4210138
vt 0.2055219 0.4227482
vt 0.2068208 0.4257996
vt 0.2069489 0.4291313
vt 0.5220929 0.7124917
vt 0.5213678 0.7106926
vt 0.5213678 0.715903
vt 0.5220839 0.7102888
vt 0.09513123 0.9841167
vt 0.09404846 0.9853064
vt 0.09522179 0.9867164
vt 0.09777348 0.9866612
vt 0.1033251 0.9856433
vt 0.1021826 0.9866657
vt 0.1040912 0.985938
vt 0.1044169 0.980842
vt 0.1041271 0.9765455
vt 0.09495679 0.9777111
vt 0.09401209 0.9775221
vt 0.09401209 0.9818051
vt 0.0945698 0.9707752
vt 0.09559676 0.9693391
vt 0.1039721 0.9719628
vt 0.1027677 0.9691935
vt 0.1011995 0.9686012
vt 0.09628906 0.9683548
vt 0.7397137 0.9838858
vt 0.7417093 0.9827192
vt 0.7412333 0.9803286
vt 0.7296027 0.9768202
vt 0.7417635 0.9760388
vt 0.7421302 0.9693555
vt 0.7305419 0.9851539
vt 0.7238868 0.9774976
vt 0.7394774 0.9854142
vt 0.732209 0.9865994
vt 0.724313 0.9856864
vt 0.7251264 0.9875203
vt 0.7234358 0.9871702
vt 0.7235812 0.9861515
vt 0.7236598 0.9852319
vt 0.7233362 0.9817629
vt 0.7230127 0.9785053
vt 0.7231504 0.9850975
vt 0.7230179 0.9760348
vt 0.7234196 0.9741641
vt 0.7235113 0.9720863
vt 0.7245932 0.9684001
vt 0.7236452 0.9704544
vt 0.7236388 0.9695787
vt 0.7237392 0.9683309
vt 0.7301167 0.9680489
vt 0.7330139 0.9671276
vt 0.7417406 0.9671276
vt 0.7422312 0.96802
vt 0.7687809 0.9702129
vt 0.7716601 0.9672877
vt 0.7701608 0.9671274
vt 0.7680667 0.9760371
vt 0.7765185 0.9675337
vt 0.7773852 0.9762429
vt 0.7683556 0.9839835
vt 0.7700822 0.9855443
vt 0.7689357 0.9856619
vt 0.7771643 0.9850776
vt 0.7786012 0.9791843
vt 0.7774809 0.9856912
vt 0.7786012 0.9847189
vt 0.7783158 0.9855684
vt 0.9814755 0.357431
vt 0.9869688 0.3649668
vt 0.983647 0.3592228
vt 0.9822187 0.3572094
vt 0.9797565 0.3544264
vt 0.9804727 0.3536189
vt 0.9796179 0.3522301
vt 0.9784252 0.3522476
vt 0.9791301 0.3515024
vt 0.9774831 0.3505719
vt 0.9787501 0.350237
vt 0.9791563 0.3493887
vt 0.9828654 0.3459981
vt 0.9829162 0.3468111
vt 0.9847921 0.3444713
vt 0.9853934 0.345373
vt 0.9867984 0.344775
vt 0.9869688 0.345569
vt 0.5216809 0.7234526
vt 0.5222734 0.723725
vt 0.522795 0.720282
vt 0.5222821 0.7246587
vt 0.5213678 0.7256991
vt 0.522359 0.7258024
vt 0.522795 0.7257865
vt 0.823377 0.6279765
vt 0.8039957 0.6271155
vt 0.8050247 0.6279613
vt 0.8028694 0.6261843
vt 0.8022994 0.6207391
vt 0.8095991 0.5749243
vt 0.8064976 0.5754802
vt 0.8019837 0.5763366
vt 0.8018618 0.6182492
vt 0.8124212 0.5744644
vt 0.810971 0.574585
vt 0.8140665 0.5739732
vt 0.81655 0.5742266
vt 0.8244684 0.5995212
vt 0.8241594 0.6258742
vt 0.8244788 0.619377
vt 0.8242261 0.5963112
vt 0.8239346 0.5937006
vt 0.8231093 0.5882613
vt 0.8223683 0.5830415
vt 0.8216961 0.5783731
vt 0.8211032 0.5745627
vt 0.6449699 0.4502188
vt 0.6569641 0.4502369
vt 0.6573312 0.4497048
vt 0.6424379 0.4482968
vt 0.6425644 0.4501941
vt 0.6419923 0.4483498
vt 0.6420061 0.4490959
vt 0.6422411 0.4306819
vt 0.6592845 0.4404904
vt 0.6595778 0.4429724
vt 0.6595388 0.44842
vt 0.6432401 0.4252955
vt 0.6448045 0.4228067
vt 0.6419801 0.4253802
vt 0.6437931 0.4231465
vt 0.6452235 0.4217817
vt 0.644812 0.4190034
vt 0.6448022 0.3986012
vt 0.6470399 0.3981067
vt 0.6506963 0.3980004
vt 0.6482103 0.3977781
vt 0.6549144 0.3982764
vt 0.6595755 0.3985536
vt 0.6832998 0.9877828
vt 0.6810273 0.985667
vt 0.6810756 0.9867831
vt 0.6836626 0.9875359
vt 0.6826584 0.9864169
vt 0.6977596 0.9748608
vt 0.6956609 0.9876785
vt 0.6980471 0.9865119
vt 0.6810238 0.9846473
vt 0.6810238 0.9662964
vt 0.6842165 0.9655319
vt 0.6883461 0.9663563
vt 0.6956771 0.9674324
vt 0.6981162 0.9729521
vt 0.6972837 0.968155
vt 0.696377 0.9670367
vt 0.6936929 0.9656768
vt 0.687891 0.9654453
vt 0.1320232 0.9703044
vt 0.1311577 0.9650316
vt 0.1323372 0.9879726
vt 0.1184801 0.9889097
vt 0.1318159 0.9887347
vt 0.1313756 0.9898376
vt 0.1197284 0.9902211
vt 0.1178227 0.9903044
vt 0.117132 0.9896907
vt 0.1130209 0.9903044
vt 0.1134482 0.9889399
vt 0.1125466 0.9858403
vt 0.1101255 0.9878003
vt 0.1097459 0.9862346
vt 0.1116366 0.9801075
vt 0.1123316 0.979437
vt 0.1277904 0.9630271
vt 0.1251572 0.9625152
vt 0.1297011 0.9637235
vt 0.1296578 0.9629226
vt 0.1314396 0.962759
vt 0.1120671 0.9637401
vt 0.1117906 0.9684901
vt 0.1115684 0.9645139
vt 0.1113067 0.9618049
vt 0.1107472 0.9618097
vt 0.1132714 0.9618679
vt 0.115031 0.9628811
vt 0.1171481 0.9620057
vt 0.1230008 0.9619929
vt 0.4559727 0.9898506
vt 0.4593709 0.9900042
vt 0.4569281 0.9895718
vt 0.4588123 0.9885834
vt 0.4593256 0.9889736
vt 0.4592277 0.9862041
vt 0.4528421 0.987635
vt 0.4524795 0.9891571
vt 0.4584865 0.9658182
vt 0.4432258 0.9891976
vt 0.4570371 0.9653055
vt 0.4539576 0.964384
vt 0.4507215 0.9636914
vt 0.4454501 0.9635938
vt 0.4381844 0.9889379
vt 0.4384849 0.9779218
vt 0.4395686 0.9635969
vt 0.4378125 0.9886021
vt 0.437886 0.9787664
vt 0.4378125 0.9743975
vt 0.4378781 0.9714966
vt 0.4380506 0.9682067
vt 0.4382287 0.9651523
vt 0.3247195 0.3419243
vt 0.3224592 0.3398125
vt 0.3237109 0.3415933
vt 0.3241005 0.3385323
vt 0.321874 0.3353215
vt 0.3218652 0.3379453
vt 0.3242005 0.3328354
vt 0.3220246 0.3331743
vt 0.3245186 0.3258024
vt 0.3243438 0.3350552
vt 0.3225983 0.3234469
vt 0.321927 0.3273226
vt 0.3229824 0.3214825
vt 0.3240514 0.3207099
vt 0.3234066 0.3209218
vt 0.3245282 0.3207681
vt 0.3247195 0.3204035
vt 0.05881298 0.9870551
vt 0.05873274 0.9884922
vt 0.0609712 0.9884932
vt 0.0621434 0.9883886
vt 0.05874994 0.9839973
vt 0.05899046 0.9814914
vt 0.05871968 0.9807779
vt 0.05875924 0.9755101
vt 0.06761722 0.9773912
vt 0.05946218 0.9693198
vt 0.05869796 0.9696301
vt 0.05981815 0.9683548
vt 0.0654121 0.9684514
vt 0.0686526 0.9683621
vt 0.07334915 0.9724768
vt 0.07265127 0.9686256
vt 0.07350826 0.9693066
vt 0.07350384 0.9738555
vt 0.07319175 0.9763375
vt 0.07343007 0.9794389
vt 0.07348996 0.9839224
vt 0.07337629 0.981638
vt 0.07349774 0.9808144
vt 0.07343253 0.9853235
vt 0.07346579 0.9870153
vt 0.06884652 0.988476
vt 0.06462808 0.9884849
vt 0.07350826 0.9884463
vt 0.794829 0.5739731
vt 0.7937067 0.5745091
vt 0.7948025 0.5754779
vt 0.7808389 0.58156
vt 0.7812622 0.5753927
vt 0.784872 0.5747836
vt 0.7881129 0.5744728
vt 0.7808734 0.5749955
vt 0.7800172 0.5750296
vt 0.7800113 0.5788397
vt 0.7800161 0.5835081
vt 0.7806343 0.5854535
vt 0.7800443 0.5887288
vt 0.7802763 0.5909104
vt 0.7800768 0.5941689
vt 0.7800768 0.5941689
vt 0.7925159 0.5868389
vt 0.7801012 0.5967803
vt 0.7941792 0.5807574
vt 0.7947958 0.5785239
vt 0.7948189 0.5818052
vt 0.7947124 0.5847036
vt 0.7944833 0.5890766
vt 0.789466 0.5995855
vt 0.7800835 0.5999904
vt 0.7800841 0.6198537
vt 0.790786 0.6047931
vt 0.793375 0.5995541
vt 0.7946891 0.5989005
vt 0.7946851 0.6013389
vt 0.7953582 0.5996659
vt 0.796004 0.5998259
vt 0.7974663 0.6025319
vt 0.7974828 0.6065133
vt 0.7943642 0.6175034
vt 0.7974699 0.6174737
vt 0.7958602 0.617556
vt 0.7967982 0.6181324
vt 0.7951641 0.6178726
vt 0.7933367 0.6178356
vt 0.7922637 0.6177242
vt 0.7909106 0.617506
vt 0.790558 0.6179194
vt 0.7894126 0.6176803
vt 0.7869143 0.6275163
vt 0.7945878 0.6242319
vt 0.790558 0.6179194
vt 0.7943879 0.6180216
vt 0.7967982 0.6181324
vt 0.7927158 0.6274902
vt 0.7944264 0.6258119
vt 0.7953976 0.6279584
vt 0.7832399 0.6283981
vt 0.787368 0.6284542
vt 0.7946972 0.6284316
vt 0.7809052 0.6276976
vt 0.7800105 0.6263522
vt 0.7800458 0.6284584
vt 0.3357446 0.64301
vt 0.3355286 0.641094
vt 0.335614 0.6441114
vt 0.3339383 0.6445845
vt 0.3355185 0.6460364
vt 0.3343647 0.6454843
vt 0.3352737 0.6476956
vt 0.3349789 0.6469013
vt 0.3357446 0.646872
vt 0.2159795 0.9863423
vt 0.2159226 0.9864691
vt 0.2172413 0.9876579
vt 0.2181139 0.9884884
vt 0.2159226 0.9700254
vt 0.2323644 0.9700543
vt 0.2343951 0.9721004
vt 0.2344141 0.9699334
vt 0.2344007 0.9884603
vt 0.8992476 0.09162167
vt 0.915565 0.09159789
vt 0.899119 0.09147411
vt 0.8971265 0.002209379
vt 0.9154978 0.002189465
vt 0.8970752 0.08939752
vt 0.8975607 0.0900462
vt 0.8973113 0.4728504
vt 0.8969314 0.4769559
vt 0.8968607 0.5433205
vt 0.8978045 0.4691808
vt 0.8978075 0.4640464
vt 0.8986694 0.4564615
vt 0.8983717 0.4560873
vt 0.9135085 0.4560483
vt 0.91352 0.4566009
vt 0.9141539 0.4568165
vt 0.9148202 0.4575335
vt 0.9153601 0.4581932
vt 0.9149503 0.4895827
vt 0.9153593 0.4862914
vt 0.9153696 0.4912573
vt 0.9143463 0.4965038
vt 0.9143108 0.5234144
vt 0.9153787 0.4959292
vt 0.9153765 0.5241465
vt 0.9147683 0.5256106
vt 0.8990039 0.5454822
vt 0.9153646 0.5454791
vt 0.9153717 0.5281311
vt 0.8819872 0.8206526
vt 0.881054 0.8199044
vt 0.8810626 0.8221014
vt 0.8811311 0.8246238
vt 0.8995932 0.8397686
vt 0.8811346 0.8419741
vt 0.8974196 0.8419986
vt 0.8995119 0.840419
vt 0.8820791 0.7924332
vt 0.8854461 0.7538936
vt 0.881615 0.787753
vt 0.8810705 0.7929907
vt 0.8811276 0.7827786
vt 0.8811035 0.7546763
vt 0.8831585 0.7541933
vt 0.8811547 0.7540169
vt 0.8907292 0.7525138
vt 0.8995703 0.7525479
vt 0.8872466 0.7533212
vt 0.8888008 0.7524951
vt 0.8869942 0.7524896
vt 0.885624 0.7524881
vt 0.8842958 0.7524999
vt 0.8828112 0.7525064
vt 0.8811872 0.752531
vt 0.8811261 0.7532988
vt 0.8984413 0.1144198
vt 0.9135768 0.1143858
vt 0.914387 0.1099622
vt 0.8977624 0.1135361
vt 0.9146692 0.1085967
vt 0.9150302 0.106796
vt 0.9154494 0.1048746
vt 0.8970752 0.1125877
vt 0.8970752 0.09600062
vt 0.9154455 0.09603211
vt 0.8702826 0.2217379
vt 0.8746639 0.2216828
vt 0.875306 0.2197815
vt 0.8706954 0.2196643
vt 0.8746843 0.2151796
vt 0.8742176 0.1586795
vt 0.8590553 0.2209778
vt 0.8589538 0.2218523
vt 0.8549405 0.2150591
vt 0.8556887 0.2202513
vt 0.8665324 0.1672146
vt 0.8552412 0.1827703
vt 0.8566456 0.1468696
vt 0.8745393 0.1250879
vt 0.875306 0.1304214
vt 0.8612283 0.1260802
vt 0.8563625 0.1366152
vt 0.8716743 0.1195863
vt 0.8738037 0.1205288
vt 0.8593143 0.120557
vt 0.8561403 0.1237052
vt 0.8565408 0.1206243
vt 0.629963 0.9685787
vt 0.6423178 0.9657049
vt 0.6340948 0.9667159
vt 0.6447645 0.9720446
vt 0.644503 0.9682229
vt 0.6447645 0.9865823
vt 0.630893 0.9878184
vt 0.6291444 0.9731515
vt 0.6296047 0.984555
vt 0.6291592 0.9879072
vt 0.6286895 0.9845861
vt 0.844153 0.446176
vt 0.8479626 0.4467608
vt 0.8622949 0.446621
vt 0.862684 0.4399171
vt 0.8625506 0.4313592
vt 0.8423414 0.4051227
vt 0.861643 0.3939256
vt 0.8415359 0.4445995
vt 0.8413025 0.4466908
vt 0.843842 0.3963538
vt 0.8426735 0.3953428
vt 0.8429173 0.3930246
vt 0.8437567 0.3799173
vt 0.8425133 0.3845311
vt 0.8417203 0.3687592
vt 0.8491086 0.3648258
vt 0.8539802 0.3484376
vt 0.8608493 0.3729944
vt 0.8605458 0.3555838
vt 0.8600869 0.3500212
vt 0.8413077 0.3601716
vt 0.8603301 0.3454334
vt 0.8508455 0.3449803
vt 0.8414807 0.3467574
vt 0.8437256 0.344637
vt 0.8413025 0.3444713
vt 0.8593789 0.838498
vt 0.8600744 0.8470716
vt 0.8595707 0.8010547
vt 0.8759636 0.8146705
vt 0.8760119 0.8469662
vt 0.8605603 0.8537824
vt 0.874428 0.8537949
vt 0.8761551 0.85216
vt 0.876208 0.7787601
vt 0.8721237 0.7706717
vt 0.8578766 0.780081
vt 0.876675 0.7684898
vt 0.8562201 0.7626333
vt 0.876675 0.7555749
vt 0.8735362 0.7525765
vt 0.8751963 0.7525315
vt 0.8578798 0.7526777
vt 0.8566617 0.7524881
vt 0.8554643 0.7570515
vt 0.6682159 0.9857479
vt 0.6687999 0.9845918
vt 0.6692426 0.9688731
vt 0.6514112 0.9866298
vt 0.6585752 0.9866298
vt 0.6535485 0.9659485
vt 0.6660146 0.9657049
vt 0.6686569 0.9671291
vt 0.6491435 0.9787141
vt 0.6492108 0.9844647
vt 0.6504734 0.9717656
vt 0.651429 0.9659149
vt 0.1902582 0.4697561
vt 0.1964704 0.4641517
vt 0.1905534 0.4652001
vt 0.1996171 0.4699644
vt 0.2035204 0.4639311
vt 0.2092314 0.4639962
vt 0.2113722 0.4662428
vt 0.2115437 0.4796536
vt 0.1904523 0.4750987
vt 0.211126 0.4882548
vt 0.1907126 0.5033673
vt 0.2087375 0.5040836
vt 0.1910589 0.5115605
vt 0.1902582 0.5598745
vt 0.1916187 0.5645133
vt 0.2070208 0.5149319
vt 0.2077581 0.5126015
vt 0.2074936 0.5247004
vt 0.1933926 0.5636624
vt 0.193 0.5664464
vt 0.2075431 0.5641732
vt 0.1973821 0.5663629
vt 0.2056591 0.566299
vt 0.9858753 0.6348448
vt 0.9626104 0.6343697
vt 0.9626443 0.6508264
vt 0.9826432 0.6692507
vt 0.9637822 0.6673954
vt 0.9629943 0.666193
vt 0.9667432 0.6692898
vt 0.976703 0.6707616
vt 0.9868743 0.6703606
vt 0.9944223 0.6651796
vt 0.9935774 0.6700055
vt 0.9944223 0.6454108
vt 0.9940566 0.6440055
vt 0.993987 0.641714
vt 0.9936192 0.6367483
vt 0.9895935 0.6351142
vt 0.85949 0.5550781
vt 0.860674 0.5550708
vt 0.8581129 0.5522424
vt 0.8660873 0.5444747
vt 0.8580376 0.5332509
vt 0.8792208 0.5488053
vt 0.8760303 0.5551284
vt 0.8924816 0.5550061
vt 0.8924454 0.5289689
vt 0.8825821 0.5076026
vt 0.8871856 0.5082297
vt 0.8924783 0.5095254
vt 0.8893256 0.5076868
vt 0.8869553 0.5070072
vt 0.8878528 0.5048145
vt 0.8647712 0.5094619
vt 0.8584651 0.5107607
vt 0.8677341 0.4947679
vt 0.8877572 0.5010962
vt 0.887733 0.4949434
vt 0.8873342 0.4898973
vt 0.8872996 0.4784274
vt 0.887505 0.4684001
vt 0.8603212 0.5075232
vt 0.8618693 0.5095262
vt 0.8876164 0.4576693
vt 0.8877025 0.4631913
vt 0.8657746 0.4560482
vt 0.8582166 0.5086542
vt 0.8595229 0.5099843
vt 0.8592275 0.4950059
vt 0.8604639 0.4988139
vt 0.8601781 0.4809159
vt 0.8605205 0.469584
vt 0.8614841 0.4573412
vt 0.8626237 0.4562758
vt 0.8604026 0.4566322
vt 0.3157558 0.8766183
vt 0.3120823 0.8789208
vt 0.3150714 0.8795
vt 0.3161373 0.8575667
vt 0.3020866 0.8781861
vt 0.31532 0.8350832
vt 0.3064778 0.8359232
vt 0.2911808 0.8367772
vt 0.3104621 0.8346713
vt 0.3071669 0.8350341
vt 0.3049074 0.8339924
vt 0.3139157 0.8330604
vt 0.3034507 0.8352507
vt 0.3007438 0.8356258
vt 0.2911956 0.8350838
vt 0.3147064 0.819335
vt 0.2959403 0.8361415
vt 0.3069089 0.7964339
vt 0.3150151 0.8051972
vt 0.2971088 0.7889329
vt 0.303104 0.7798713
vt 0.315285 0.7938262
vt 0.3075348 0.7803855
vt 0.3148985 0.7808735
vt 0.3161373 0.7815052
vt 0.2908174 0.7797319
vt 0.287964 0.7839355
vt 0.2880978 0.7802925
vt 0.2878573 0.7869975
vt 0.2876797 0.7902168
vt 0.2878237 0.8106968
vt 0.2875558 0.7970578
vt 0.2874838 0.8044252
vt 0.2878378 0.8224999
vt 0.2880334 0.8305289
vt 0.2877386 0.8353452
vt 0.289019 0.8368464
vt 0.2881842 0.8368443
vt 0.2853862 0.8378313
vt 0.2851838 0.8575024
vt 0.2839107 0.843658
vt 0.28496 0.8762858
vt 0.2858764 0.8711963
vt 0.2891569 0.8773133
vt 0.2919551 0.8794844
vt 0.2852501 0.8795038
vt 0.9603522 0.7949085
vt 0.9626351 0.7955721
vt 0.9640359 0.7954567
vt 0.9554084 0.7934936
vt 0.9545628 0.7892752
vt 0.9548088 0.7801021
vt 0.9838027 0.7955174
vt 0.9548656 0.7576006
vt 0.959624 0.7528759
vt 0.9545023 0.7527659
vt 0.9707841 0.7524882
vt 0.9882517 0.7857265
vt 0.9886525 0.7945405
vt 0.9891096 0.7913174
vt 0.9788035 0.7526947
vt 0.9895361 0.7586755
vt 0.9862263 0.7530221
vt 0.9894475 0.7528768
vt 0.7756315 0.6162562
vt 0.7752128 0.6063605
vt 0.7755314 0.6227692
vt 0.7718847 0.62538
vt 0.7752914 0.6261111
vt 0.7738537 0.6282286
vt 0.7638267 0.574324
vt 0.7532806 0.6086896
vt 0.7751257 0.5967308
vt 0.7748712 0.5868084
vt 0.7745872 0.5811746
vt 0.7721669 0.5756028
vt 0.77384 0.5755554
vt 0.7682222 0.5747672
vt 0.7728162 0.6279974
vt 0.7740366 0.6287509
vt 0.7699508 0.627333
vt 0.7674559 0.6265525
vt 0.7652652 0.6257589
vt 0.7634927 0.6249175
vt 0.7617345 0.6246507
vt 0.7598963 0.6219956
vt 0.7562191 0.6244038
vt 0.7492022 0.6234851
vt 0.7508241 0.6244912
vt 0.7492304 0.6247132
vt 0.7490989 0.6212745
vt 0.74915 0.6113759
vt 0.7490501 0.6175405
vt 0.7491453 0.6063141
vt 0.7491249 0.5948055
vt 0.7491711 0.5847488
vt 0.7491071 0.5795174
vt 0.7490501 0.5739732
vt 0.9567847 0.3996925
vt 0.9719891 0.4016061
vt 0.9609386 0.3999384
vt 0.9667301 0.4006344
vt 0.9715486 0.4000563
vt 0.9607066 0.3910675
vt 0.9534342 0.3985824
vt 0.9731042 0.3953608
vt 0.9728401 0.3872783
vt 0.9727787 0.3691301
vt 0.9601896 0.3588391
vt 0.9729496 0.3548912
vt 0.9729346 0.3617521
vt 0.9690859 0.3444713
vt 0.9729715 0.351666
vt 0.9730991 0.3449534
vt 0.9731042 0.3486068
vt 0.9713373 0.34451
vt 0.9552287 0.3445598
vt 0.9532857 0.3712202
vt 0.9544745 0.3862194
vt 0.9444291 0.3664362
vt 0.9435691 0.376018
vt 0.9452477 0.3565637
vt 0.9457032 0.3509625
vt 0.9475955 0.3455123
vt 0.9426623 0.3858505
vt 0.9422458 0.3923506
vt 0.9434395 0.3958096
vt 0.9471548 0.3982933
vt 0.9429179 0.3979425
vt 0.9425728 0.3984309
vt 0.9507872 0.398835
vt 0.9567847 0.3996925
vt 0.9928149 0.6804286
vt 0.9943944 0.6804166
vt 0.9943426 0.6782705
vt 0.9874325 0.680477
vt 0.9819117 0.6805151
vt 0.9913421 0.675168
vt 0.9941896 0.6751406
vt 0.9852973 0.6751406
vt 0.9804451 0.6752012
vt 0.9783264 0.6805265
vt 0.9746553 0.6751884
vt 0.972093 0.6761647
vt 0.9735628 0.6806302
vt 0.9694064 0.6807593
vt 0.9637591 0.676073
vt 0.9627047 0.6811923
vt 0.9673592 0.6950198
vt 0.9626762 0.6923469
vt 0.9626105 0.700368
vt 0.9630703 0.7077956
vt 0.9647142 0.7110202
vt 0.9675562 0.710339
vt 0.9683821 0.7108796
vt 0.9393469 0.06814256
vt 0.9365109 0.06949081
vt 0.9453955 0.06855467
vt 0.9363446 0.08893448
vt 0.9576743 0.07223041
vt 0.9363446 0.1149756
vt 0.9596142 0.1148502
vt 0.9665327 0.1091344
vt 0.9633246 0.1136103
vt 0.9673716 0.1127396
vt 0.967724 0.1085084
vt 0.9684095 0.09931514
vt 0.9681957 0.07681187
vt 0.9652981 0.07292027
vt 0.9669638 0.07200651
vt 0.9586214 0.07105737
vt 0.9560574 0.07082917
vt 0.9502563 0.06954084
vt 0.4077404 0.7571152
vt 0.4104636 0.7593112
vt 0.4064699 0.7544111
vt 0.4086377 0.7594125
vt 0.4064699 0.7620596
vt 0.3401364 0.9635383
vt 0.3401364 0.9783143
vt 0.361949 0.9629169
vt 0.3670691 0.9758499
vt 0.3674114 0.9714396
vt 0.367353 0.9640979
vt 0.3651032 0.9629219
vt 0.3493283 0.9893777
vt 0.3403354 0.9827246
vt 0.3418093 0.9883533
vt 0.3403759 0.9867085
vt 0.3631247 0.990281
vt 0.3674002 0.9881235
vt 0.365374 0.9906153
vt 0.3671741 0.9908615
vt 0.00635691 0.8096009
vt 0.002889513 0.8089446
vt 0.003344751 0.8094485
vt 0.008552004 0.7956252
vt 0.002810386 0.7960613
vt 0.03234033 0.7882497
vt 0.03221908 0.8097404
vt 0.006528192 0.7867199
vt 0.002358324 0.7855284
vt 0.01138015 0.7794831
vt 0.01883051 0.7720569
vt 0.03193612 0.7728369
vt 0.03206543 0.7666162
vt 0.03233078 0.7499952
vt 0.0321615 0.7369713
vt 0.005185468 0.7760037
vt 0.002591487 0.7610471
vt 0.002189468 0.7434343
vt 0.01676005 0.7239899
vt 0.03234033 0.7157627
vt 0.002487738 0.7180565
vt 0.008119443 0.7024826
vt 0.03231303 0.7078493
vt 0.002411544 0.7068394
vt 0.02840324 0.7046506
vt 0.005547484 0.7026348
vt 0.002473449 0.7028467
vt 0.02741774 0.7034724
vt 0.02833258 0.703181
vt 0.03229223 0.7050171
vt 0.0320725 0.7038014
vt 0.3174862 0.3429568
vt 0.3049585 0.3413577
vt 0.317329 0.3434361
vt 0.3102811 0.3415141
vt 0.3017995 0.3393559
vt 0.3172556 0.3300911
vt 0.3003858 0.3375329
vt 0.3174292 0.3195948
vt 0.2998461 0.3282089
vt 0.2987752 0.3339659
vt 0.317214 0.3027612
vt 0.3174795 0.295132
vt 0.3173647 0.2775595
vt 0.2983716 0.2970472
vt 0.2985863 0.3106786
vt 0.2982868 0.2809559
vt 0.3174683 0.2521983
vt 0.3023208 0.2414634
vt 0.2982435 0.2532549
vt 0.2984722 0.2376377
vt 0.3091341 0.2372558
vt 0.3174862 0.2409987
vt 0.3151282 0.236988
vt 0.2000991 0.9720972
vt 0.1987869 0.9838894
vt 0.2006881 0.9812883
vt 0.1814862 0.9616847
vt 0.1954699 0.9879628
vt 0.1989048 0.96176
vt 0.1814862 0.9875449
vt 0.1820811 0.9905655
vt 0.1968324 0.9864762
vt 0.1975805 0.9912742
vt 0.1944322 0.9912544
vt 0.1935561 0.989266
vt 0.8705221 0.3071662
vt 0.8695312 0.3305301
vt 0.870953 0.3246872
vt 0.8511827 0.3285284
vt 0.8553603 0.2619063
vt 0.8707568 0.293508
vt 0.8707142 0.2773998
vt 0.8707238 0.2496648
vt 0.8647078 0.3355692
vt 0.8706995 0.3340313
vt 0.8616772 0.3393054
vt 0.8707251 0.335845
vt 0.8634366 0.3400212
vt 0.8608438 0.3399437
vt 0.8516507 0.3400924
vt 0.8413598 0.325571
vt 0.8413026 0.3400063
vt 0.8413565 0.3087874
vt 0.8413026 0.2895635
vt 0.8415669 0.2783614
vt 0.8428262 0.2540276
vt 0.8416604 0.2707757
vt 0.8505457 0.2336565
vt 0.8433121 0.2349376
vt 0.8568433 0.2338083
vt 0.8702891 0.2340486
vt 0.8676946 0.2340777
vt 0.9724706 0.4318319
vt 0.9714358 0.4115942
vt 0.9714358 0.4309117
vt 0.9735447 0.4253543
vt 0.9835148 0.4292639
vt 0.974843 0.4356137
vt 0.9901793 0.4340868
vt 0.9904432 0.4268299
vt 0.9903672 0.4070917
vt 0.971616 0.4090285
vt 0.9797109 0.4060511
vt 0.9737155 0.405985
vt 0.3178389 0.3483122
vt 0.3025249 0.3478149
vt 0.3015507 0.3490474
vt 0.3104472 0.371713
vt 0.3179953 0.3673989
vt 0.3181399 0.3841395
vt 0.3181755 0.3917251
vt 0.318222 0.4029261
vt 0.2984097 0.359852
vt 0.2986561 0.3519331
vt 0.298489 0.3718548
vt 0.2982435 0.3810679
vt 0.2983347 0.3940911
vt 0.2995034 0.4160621
vt 0.2983265 0.4107163
vt 0.2982435 0.4169403
vt 0.2988571 0.4323418
vt 0.3172498 0.4389543
vt 0.3181196 0.4221543
vt 0.3164767 0.4534038
vt 0.2990598 0.4538327
vt 0.8798315 0.443192
vt 0.8854563 0.4430371
vt 0.883138 0.4420843
vt 0.8805596 0.4415951
vt 0.8756998 0.4433805
vt 0.8893406 0.4277725
vt 0.8897832 0.4407906
vt 0.889459 0.4419117
vt 0.8694721 0.4231941
vt 0.870984 0.4434822
vt 0.889296 0.4140314
vt 0.8893257 0.4025258
vt 0.8757167 0.367459
vt 0.8889716 0.3696923
vt 0.8871506 0.369301
vt 0.8688244 0.4173203
vt 0.8812089 0.3676351
vt 0.867063 0.3698321
vt 0.8682916 0.4127426
vt 0.8768295 0.366779
vt 0.8759786 0.3654374
vt 0.8751103 0.3673811
vt 0.885833 0.3679787
vt 0.8843282 0.3684494
vt 0.8719047 0.3683124
vt 0.8741429 0.3679603
vt 0.8697369 0.3668405
vt 0.8700833 0.3687209
vt 0.8698238 0.3692399
vt 0.867281 0.3680959
vt 0.8675821 0.3569616
vt 0.8832359 0.34837
vt 0.8765721 0.3465517
vt 0.8680277 0.3504437
vt 0.8681075 0.3463012
vt 0.8691286 0.3444713
vt 0.8757336 0.3447675
vt 0.8822045 0.3451062
vt 0.8876169 0.3453703
vt 0.8879668 0.3491424
vt 0.8891736 0.3525336
vt 0.8897832 0.3455113
vt 0.8885213 0.3661437
vt 0.8875715 0.3685578
vt 0.8887455 0.368716
vt 0.8884786 0.3691305
vt 0.8863799 0.3686711
vt 0.8871506 0.369301
vt 0.516611 0.9304301
vt 0.5162502 0.9258416
vt 0.5166299 0.9363226
vt 0.5032144 0.9287449
vt 0.5158945 0.9566614
vt 0.499697 0.9530997
vt 0.5081053 0.9566036
vt 0.4963288 0.9565609
vt 0.494282 0.9454674
vt 0.490202 0.9464751
vt 0.4908868 0.9544652
vt 0.4896086 0.9346398
vt 0.4895941 0.9058629
vt 0.4960415 0.9175386
vt 0.4898506 0.8962303
vt 0.4896399 0.884562
vt 0.4996708 0.8839812
vt 0.5109466 0.8832503
vt 0.5166299 0.8829052
vt 0.4822898 0.9636581
vt 0.4733874 0.9635983
vt 0.4759276 0.964166
vt 0.4827074 0.9661608
vt 0.4781522 0.9655415
vt 0.481927 0.9821332
vt 0.4725907 0.9642311
vt 0.4684857 0.9635938
vt 0.4637499 0.9637942
vt 0.4637498 0.9715973
vt 0.4645421 0.9834422
vt 0.4711293 0.9881895
vt 0.4821835 0.988898
vt 0.4652414 0.9889412
vt 0.4713095 0.9892209
vt 0.1142738 0.8921639
vt 0.1134343 0.8591806
vt 0.1126163 0.8891509
vt 0.1334045 0.8720371
vt 0.1141161 0.8433675
vt 0.1250826 0.8933353
vt 0.132445 0.8838223
vt 0.1311916 0.8917485
vt 0.1270896 0.8221962
vt 0.1148611 0.820169
vt 0.1353679 0.8433254
vt 0.1365904 0.8220628
vt 0.1361865 0.8337122
vt 0.1237688 0.8209633
vt 0.1158444 0.8197297
vt 0.1251903 0.8205957
vt 0.1288149 0.8215671
vt 0.1336837 0.8216007
vt 0.1333507 0.8211761
vt 0.131835 0.8207941
vt 0.1353843 0.8112332
vt 0.1355356 0.8204365
vt 0.1349192 0.7978981
vt 0.1131733 0.8093561
vt 0.1135109 0.8192978
vt 0.114699 0.8196536
vt 0.1126163 0.7980755
vt 0.1154717 0.7969554
vt 0.1327525 0.795419
vt 0.1259277 0.7954044
vt 0.1340377 0.795065
vt 0.1349977 0.7961792
vt 0.9292375 0.201672
vt 0.9197139 0.2015162
vt 0.9226717 0.2021149
vt 0.9232643 0.2052559
vt 0.9224713 0.2062389
vt 0.9197614 0.2115584
vt 0.9221885 0.2140853
vt 0.9226041 0.2104726
vt 0.9232673 0.2089843
vt 0.9229356 0.2134814
vt 0.9219131 0.218199
vt 0.9226314 0.2176173
vt 0.9197147 0.2228523
vt 0.9223201 0.222014
vt 0.9215976 0.2228728
vt 0.9224218 0.2272981
vt 0.9197139 0.2285435
vt 0.9284377 0.2288031
vt 0.9267982 0.2278053
vt 0.9245114 0.2270875
vt 0.9277763 0.2277797
vt 0.9295409 0.2283651
vt 0.3346398 0.5933107
vt 0.3350612 0.5932525
vt 0.335035 0.5900702
vt 0.3346964 0.5900545
vt 0.3345515 0.5892795
vt 0.3350612 0.5891331
vt 0.3349589 0.586329
vt 0.2077095 0.4551468
vt 0.2072783 0.4542505
vt 0.2068194 0.4582739
vt 0.2043919 0.4589883
vt 0.2081143 0.4593458
vt 0.2113189 0.4589581
vt 0.2054525 0.4520959
vt 0.2078829 0.4505141
vt 0.2084211 0.4514738
vt 0.2086097 0.4469516
vt 0.2069613 0.4422238
vt 0.2089874 0.4425125
vt 0.2094625 0.4428795
vt 0.2080936 0.4350391
vt 0.2100053 0.4385049
vt 0.2096177 0.4377524
vt 0.2105143 0.4345216
vt 0.2113189 0.4336688
vt 0.7766223 0.377979
vt 0.7757125 0.4170434
vt 0.776422 0.4011983
vt 0.7760154 0.3774817
vt 0.7717863 0.3775721
vt 0.7655311 0.3776031
vt 0.7634563 0.3770073
vt 0.7583584 0.3774538
vt 0.7594122 0.3896362
vt 0.7495799 0.3777001
vt 0.7492641 0.4105299
vt 0.7604959 0.4391413
vt 0.7492685 0.4220321
vt 0.7514548 0.4489328
vt 0.7492668 0.4357714
vt 0.7498423 0.4488139
vt 0.7500622 0.4499296
vt 0.7752145 0.4470408
vt 0.7525365 0.4509199
vt 0.7659502 0.4478258
vt 0.7531702 0.4499123
vt 0.7685267 0.4511286
vt 0.7752821 0.449995
vt 0.334868 0.4885207
vt 0.3345515 0.4927395
vt 0.3357574 0.4927343
vt 0.3357574 0.4802343
vt 0.3351344 0.6349822
vt 0.3339383 0.636715
vt 0.3357574 0.636715
vt 0.3352236 0.6307588
vt 0.3353597 0.627945
vt 0.7515547 0.3767628
vt 0.7513543 0.3771641
vt 0.755561 0.3773317
vt 0.7489207 0.3741227
vt 0.748979 0.3605377
vt 0.757363 0.3536584
vt 0.7512609 0.3535894
vt 0.7758822 0.3771692
vt 0.7758115 0.3672441
vt 0.7758821 0.3559851
vt 0.7667792 0.3543314
vt 0.761641 0.3535894
vt 0.5218955 0.7301815
vt 0.5213678 0.7304063
vt 0.5216631 0.7314626
vt 0.5218955 0.7346647
vt 0.5213943 0.7348043
vt 0.5216414 0.7354612
vt 0.6138423 0.2245347
vt 0.6134107 0.2245523
vt 0.6137561 0.2275581
vt 0.6133828 0.2281888
vt 0.6138423 0.2290144
vt 0.3086912 0.9836475
vt 0.2999986 0.9905132
vt 0.3091932 0.9905896
vt 0.3079671 0.9737067
vt 0.2850655 0.970697
vt 0.2849934 0.9894702
vt 0.2866869 0.9903292
vt 0.2839107 0.9895406
vt 0.2839107 0.9674572
vt 0.2844997 0.9657788
vt 0.2857319 0.9645399
vt 0.2839409 0.96489
vt 0.2970822 0.9684494
vt 0.2898593 0.9636282
vt 0.2963576 0.9634885
vt 0.3013593 0.9651931
vt 0.30751 0.9664638
vt 0.3062989 0.9630796
vt 0.3354315 0.9651228
vt 0.3343193 0.9643753
vt 0.33495 0.966882
vt 0.3275503 0.96346
vt 0.3354315 0.9890902
vt 0.3272626 0.9891341
vt 0.3342312 0.9897485
vt 0.3173688 0.9856382
vt 0.3210405 0.9635092
vt 0.316812 0.9896228
vt 0.3139066 0.9803704
vt 0.3139433 0.9895395
vt 0.3138318 0.9752021
vt 0.3137017 0.9709112
vt 0.3155351 0.9630796
vt 0.3135721 0.9647832
vt 0.945999 0.7477538
vt 0.9409633 0.7425198
vt 0.9410533 0.7472503
vt 0.9572243 0.7476425
vt 0.9571441 0.7390284
vt 0.9400315 0.7308799
vt 0.9572243 0.7268257
vt 0.9547452 0.7207428
vt 0.9554553 0.7220964
vt 0.9514644 0.7190037
vt 0.9451748 0.7206654
vt 0.9404526 0.722672
vt 0.9457331 0.7187827
vt 0.9406139 0.7188685
vt 0.1910263 0.6380317
vt 0.1942395 0.6384257
vt 0.2071345 0.6381746
vt 0.1902582 0.6386993
vt 0.1904092 0.570948
vt 0.2070656 0.6378456
vt 0.2072298 0.5708253
vt 0.4042792 0.7301736
vt 0.4023016 0.731071
vt 0.4043743 0.7313287
vt 0.4079846 0.7390701
vt 0.4065025 0.7432715
vt 0.4087007 0.7474445
vt 0.4104636 0.7460753
vt 0.4076881 0.7470832
vt 0.4023016 0.7500322
vt 0.9721423 0.5971649
vt 0.9636273 0.5975359
vt 0.9732679 0.5981571
vt 0.9723499 0.6261758
vt 0.9733074 0.6230347
vt 0.9728072 0.6275437
vt 0.9678717 0.6280518
vt 0.956646 0.6281309
vt 0.9563288 0.6046714
vt 0.9562088 0.5984473
vt 0.9563883 0.6155252
vt 0.9562405 0.6247399
vt 0.6104833 0.8634872
vt 0.6127161 0.8698229
vt 0.6126047 0.8635996
vt 0.6085328 0.8693203
vt 0.5950693 0.8618408
vt 0.6035857 0.8626723
vt 0.612689 0.8806815
vt 0.604697 0.8837798
vt 0.6125312 0.8899042
vt 0.6034002 0.8616593
vt 0.609651 0.8627428
vt 0.6096267 0.7949663
vt 0.6040319 0.7957249
vt 0.6039936 0.7949877
vt 0.5972725 0.7949203
vt 0.5950854 0.7949768
vt 0.5919706 0.8271118
vt 0.5847454 0.7949553
vt 0.5840763 0.859549
vt 0.5829618 0.8655733
vt 0.5914237 0.8767134
vt 0.5830151 0.8750333
vt 0.5939166 0.8852056
vt 0.5860403 0.8774344
vt 0.5832098 0.8899745
vt 0.5905998 0.8864807
vt 0.6040918 0.8931941
vt 0.6127048 0.8932911
vt 0.5918963 0.8931977
vt 0.5871187 0.8931942
vt 0.5857454 0.8932173
vt 0.8926963 0.08407708
vt 0.8920362 0.002189482
vt 0.890088 0.002254333
vt 0.8772942 0.04283076
vt 0.8808228 0.0023051
vt 0.8738286 0.002344118
vt 0.8663367 0.07021094
vt 0.8669531 0.002395192
vt 0.8653299 0.002410889
vt 0.8657178 0.0694526
vt 0.8652803 0.06977268
vt 0.8631208 0.0709017
vt 0.8767402 0.08916174
vt 0.8920009 0.09724353
vt 0.8882202 0.09985185
vt 0.8800256 0.1007823
vt 0.8691999 0.08964968
vt 0.8631208 0.09578408
vt 0.8683749 0.1008932
vt 0.8636389 0.1003057
vt 0.04297916 0.7026537
vt 0.03677364 0.7024826
vt 0.03671924 0.7843631
vt 0.05253671 0.7025044
vt 0.05206725 0.7377195
vt 0.05403535 0.7025867
vt 0.05362552 0.7671831
vt 0.05185837 0.768021
vt 0.05365333 0.7732247
vt 0.05154696 0.7896665
vt 0.03711515 0.7975083
vt 0.05350295 0.7826827
vt 0.04220999 0.7998005
vt 0.05092548 0.7976208
vt 0.0469607 0.8001817
vt 0.04792559 0.8008596
vt 0.05117857 0.8008218
vt 0.4329422 0.9692315
vt 0.4325999 0.9635937
vt 0.4157787 0.9635937
vt 0.4330764 0.9759548
vt 0.4328452 0.9823756
vt 0.4334335 0.9781464
vt 0.4331338 0.9884835
vt 0.431634 0.989937
vt 0.4220789 0.9900917
vt 0.4158717 0.9903008
vt 0.4154953 0.9883531
vt 0.4151338 0.9790888
vt 0.4154181 0.965218
vt 0.4152108 0.9720944
vt 0.823377 0.6279765
vt 0.8039957 0.6271155
vt 0.8050247 0.6279613
vt 0.8028694 0.6261843
vt 0.8022994 0.6207391
vt 0.8095991 0.5749243
vt 0.8064976 0.5754802
vt 0.8019837 0.5763366
vt 0.8018618 0.6182492
vt 0.8124212 0.5744644
vt 0.810971 0.574585
vt 0.8140665 0.5739732
vt 0.81655 0.5742266
vt 0.8244684 0.5995212
vt 0.8241594 0.6258742
vt 0.8244788 0.619377
vt 0.8242261 0.5963112
vt 0.8239346 0.5937006
vt 0.8231093 0.5882613
vt 0.8223683 0.5830415
vt 0.8216961 0.5783731
vt 0.8211032 0.5745627
vt 0.6449699 0.4502188
vt 0.6569641 0.4502369
vt 0.6573312 0.4497048
vt 0.6424379 0.4482968
vt 0.6425644 0.4501941
vt 0.6419923 0.4483498
vt 0.6420061 0.4490959
vt 0.6422411 0.4306819
vt 0.6592845 0.4404904
vt 0.6595778 0.4429724
vt 0.6595388 0.44842
vt 0.6432401 0.4252955
vt 0.6448045 0.4228067
vt 0.6419801 0.4253802
vt 0.6437931 0.4231465
vt 0.6452235 0.4217817
vt 0.644812 0.4190034
vt 0.6448022 0.3986012
vt 0.6470399 0.3981067
vt 0.6506963 0.3980004
vt 0.6482103 0.3977781
vt 0.6549144 0.3982764
vt 0.6595755 0.3985536
vt 0.6832998 0.9877828
vt 0.6810273 0.985667
vt 0.6810756 0.9867831
vt 0.6836626 0.9875359
vt 0.6826584 0.9864169
vt 0.6977596 0.9748608
vt 0.6956609 0.9876785
vt 0.6980471 0.9865119
vt 0.6810238 0.9846473
vt 0.6810238 0.9662964
vt 0.6842165 0.9655319
vt 0.6883461 0.9663563
vt 0.6956771 0.9674324
vt 0.6981162 0.9729521
vt 0.6972837 0.968155
vt 0.696377 0.9670367
vt 0.6936929 0.9656768
vt 0.687891 0.9654453
vt 0.1320232 0.9703044
vt 0.1311577 0.9650316
vt 0.1323372 0.9879726
vt 0.1184801 0.9889097
vt 0.1318159 0.9887347
vt 0.1313756 0.9898376
vt 0.1197284 0.9902211
vt 0.1178227 0.9903044
vt 0.117132 0.9896907
vt 0.1130209 0.9903044
vt 0.1134482 0.9889399
vt 0.1125466 0.9858403
vt 0.1101255 0.9878003
vt 0.1097459 0.9862346
vt 0.1116366 0.9801075
vt 0.1123316 0.979437
vt 0.1277904 0.9630271
vt 0.1251572 0.9625152
vt 0.1297011 0.9637235
vt 0.1296578 0.9629226
vt 0.1314396 0.962759
vt 0.1120671 0.9637401
vt 0.1117906 0.9684901
vt 0.1115684 0.9645139
vt 0.1113067 0.9618049
vt 0.1107472 0.9618097
vt 0.1132714 0.9618679
vt 0.115031 0.9628811
vt 0.1171481 0.9620057
vt 0.1230008 0.9619929
vt 0.4559727 0.9898506
vt 0.4593709 0.9900042
vt 0.4569281 0.9895718
vt 0.4588123 0.9885834
vt 0.4593256 0.9889736
vt 0.4592277 0.9862041
vt 0.4528421 0.987635
vt 0.4524795 0.9891571
vt 0.4584865 0.9658182
vt 0.4432258 0.9891976
vt 0.4570371 0.9653055
vt 0.4539576 0.964384
vt 0.4507215 0.9636914
vt 0.4454501 0.9635938
vt 0.4381844 0.9889379
vt 0.4384849 0.9779218
vt 0.4395686 0.9635969
vt 0.4378125 0.9886021
vt 0.437886 0.9787664
vt 0.4378125 0.9743975
vt 0.4378781 0.9714966
vt 0.4380506 0.9682067
vt 0.4382287 0.9651523
vt 0.3247195 0.3419243
vt 0.3224592 0.3398125
vt 0.3237109 0.3415933
vt 0.3241005 0.3385323
vt 0.321874 0.3353215
vt 0.3218652 0.3379453
vt 0.3242005 0.3328354
vt 0.3220246 0.3331743
vt 0.3245186 0.3258024
vt 0.3243438 0.3350552
vt 0.3225983 0.3234469
vt 0.321927 0.3273226
vt 0.3229824 0.3214825
vt 0.3240514 0.3207099
vt 0.3234066 0.3209218
vt 0.3245282 0.3207681
vt 0.3247195 0.3204035
vt 0.05881298 0.9870551
vt 0.05873274 0.9884922
vt 0.0609712 0.9884932
vt 0.0621434 0.9883886
vt 0.05874994 0.9839973
vt 0.05899046 0.9814914
vt 0.05871968 0.9807779
vt 0.05875924 0.9755101
vt 0.06761722 0.9773912
vt 0.05946218 0.9693198
vt 0.05869796 0.9696301
vt 0.05981815 0.9683548
vt 0.0654121 0.9684514
vt 0.0686526 0.9683621
vt 0.07334915 0.9724768
vt 0.07265127 0.9686256
vt 0.07350826 0.9693066
vt 0.07350384 0.9738555
vt 0.07319175 0.9763375
vt 0.07343007 0.9794389
vt 0.07348996 0.9839224
vt 0.07337629 0.981638
vt 0.07349774 0.9808144
vt 0.07343253 0.9853235
vt 0.07346579 0.9870153
vt 0.06884652 0.988476
vt 0.06462808 0.9884849
vt 0.07350826 0.9884463
vt 0.794829 0.5739731
vt 0.7937067 0.5745091
vt 0.7948025 0.5754779
vt 0.7808389 0.58156
vt 0.7812622 0.5753927
vt 0.784872 0.5747836
vt 0.7881129 0.5744728
vt 0.7808734 0.5749955
vt 0.7800172 0.5750296
vt 0.7800113 0.5788397
vt 0.7800161 0.5835081
vt 0.7806343 0.5854535
vt 0.7800443 0.5887288
vt 0.7802763 0.5909104
vt 0.7800768 0.5941689
vt 0.7800768 0.5941689
vt 0.7925159 0.5868389
vt 0.7801012 0.5967803
vt 0.7941792 0.5807574
vt 0.7947958 0.5785239
vt 0.7948189 0.5818052
vt 0.7947124 0.5847036
vt 0.7944833 0.5890766
vt 0.789466 0.5995855
vt 0.7800835 0.5999904
vt 0.7800841 0.6198537
vt 0.790786 0.6047931
vt 0.793375 0.5995541
vt 0.7946891 0.5989005
vt 0.7946851 0.6013389
vt 0.7953582 0.5996659
vt 0.796004 0.5998259
vt 0.7974663 0.6025319
vt 0.7974828 0.6065133
vt 0.7943642 0.6175034
vt 0.7974699 0.6174737
vt 0.7958602 0.617556
vt 0.7967982 0.6181324
vt 0.7951641 0.6178726
vt 0.7933367 0.6178356
vt 0.7922637 0.6177242
vt 0.7909106 0.617506
vt 0.790558 0.6179194
vt 0.7894126 0.6176803
vt 0.7869143 0.6275163
vt 0.7945878 0.6242319
vt 0.790558 0.6179194
vt 0.7943879 0.6180216
vt 0.7967982 0.6181324
vt 0.7927158 0.6274902
vt 0.7944264 0.6258119
vt 0.7953976 0.6279584
vt 0.7832399 0.6283981
vt 0.787368 0.6284542
vt 0.7946972 0.6284316
vt 0.7809052 0.6276976
vt 0.7800105 0.6263522
vt 0.7800458 0.6284584
vt 0.3357446 0.64301
vt 0.3355286 0.641094
vt 0.335614 0.6441114
vt 0.3339383 0.6445845
vt 0.3355185 0.6460364
vt 0.3343647 0.6454843
vt 0.3352737 0.6476956
vt 0.3349789 0.6469013
vt 0.3357446 0.646872
vt 0.9125967 0.3445593
vt 0.911014 0.3496549
vt 0.9126086 0.3525178
vt 0.9117143 0.3444795
vt 0.9115271 0.3554094
vt 0.8944063 0.3449216
vt 0.9126731 0.3613206
vt 0.9105702 0.3448082
vt 0.9107674 0.3444713
vt 0.8941803 0.3445121
vt 0.8941621 0.4339536
vt 0.9120837 0.3617865
vt 0.9126034 0.3654267
vt 0.9126531 0.431799
vt 0.91065 0.4337419
vt 0.9106038 0.4339717
usemtl MV_RockCubic_Cliff
f 1/1/1 3/3/3 2/2/2
f 4/4/4 6/6/6 5/5/5
f 7/7/7 9/9/9 8/8/8
f 10/10/10 12/12/12 11/11/11
f 13/13/13 15/15/15 14/14/14
f 16/16/16 18/18/18 17/17/17
f 19/19/19 21/21/21 20/20/20
f 22/22/22 24/24/24 23/23/23
f 25/25/25 27/27/27 26/26/26
f 28/28/28 30/30/30 29/29/29
f 31/31/31 33/33/33 32/32/32
f 34/34/34 36/36/36 35/35/35
f 37/37/37 39/39/39 38/38/38
f 40/40/40 42/42/42 41/41/41
f 43/43/43 45/45/45 44/44/44
f 46/46/46 48/48/48 47/47/47
f 49/49/49 51/51/51 50/50/50
f 52/52/52 54/54/54 53/53/53
f 55/55/55 57/57/57 56/56/56
f 58/58/58 60/60/60 59/59/59
f 61/61/61 63/63/63 62/62/62
f 64/64/64 66/66/66 65/65/65
f 67/67/67 69/69/69 68/68/68
f 70/70/70 72/72/72 71/71/71
f 73/73/73 75/75/75 74/74/74
f 76/76/76 78/78/78 77/77/77
f 79/79/79 81/81/81 80/80/80
f 82/82/82 84/84/84 83/83/83
f 85/85/85 87/87/87 86/86/86
f 88/88/88 90/90/90 89/89/89
f 91/91/91 93/93/93 92/92/92
f 94/94/94 96/96/96 95/95/95
f 97/97/97 99/99/99 98/98/98
f 100/100/100 102/102/102 101/101/101
f 103/103/103 105/105/105 104/104/104
f 106/106/106 108/108/108 107/107/107
f 109/109/109 111/111/111 110/110/110
f 112/112/112 114/114/114 113/113/113
f 115/115/115 117/117/117 116/116/116
f 118/118/118 120/120/120 119/119/119
f 121/121/121 123/123/123 122/122/122
f 124/124/124 126/126/126 125/125/125
f 127/127/127 126/126/126 124/124/124
f 128/128/128 127/127/127 124/124/124
f 128/128/128 124/124/124 129/129/129
f 129/129/129 124/124/124 130/130/130
f 131/131/131 128/128/128 129/129/129
f 132/132/132 128/128/128 131/131/131
f 128/128/128 132/132/132 133/133/133
f 128/128/128 134/134/134 127/127/127
f 128/128/128 135/135/135 134/134/134
f 127/127/127 134/134/134 136/136/136
f 137/137/137 139/139/139 138/138/138
f 137/137/137 138/138/138 140/140/140
f 140/140/140 138/138/138 141/141/141
f 137/137/137 140/140/140 142/142/142
f 143/143/143 137/137/137 142/142/142
f 144/144/144 142/142/142 140/140/140
f 145/145/145 143/143/143 142/142/142
f 145/145/145 142/142/142 146/146/146
f 142/142/142 144/144/144 147/147/147
f 146/146/146 142/142/142 147/147/147
f 146/146/146 148/148/148 145/145/145
f 146/146/146 147/147/147 149/149/149
f 149/149/149 150/150/150 146/146/146
f 151/151/151 148/148/148 146/146/146
f 150/150/150 152/152/152 146/146/146
f 152/152/152 151/151/151 146/146/146
f 150/150/150 153/153/153 152/152/152
f 154/154/154 151/151/151 152/152/152
f 154/154/154 155/155/155 151/151/151
f 152/152/152 153/153/153 156/156/156
f 156/156/156 154/154/154 152/152/152
f 157/157/157 156/156/156 153/153/153
f 158/158/158 154/154/154 156/156/156
f 159/159/159 158/158/158 156/156/156
f 156/156/156 160/160/160 159/159/159
f 158/158/158 159/159/159 160/160/160
f 160/160/160 161/161/161 158/158/158
f 162/162/162 164/164/164 163/163/163
f 163/163/163 164/164/164 165/165/165
f 165/165/165 166/166/166 163/163/163
f 167/167/167 166/166/166 165/165/165
f 165/165/165 164/164/164 168/168/168
f 164/164/164 169/169/169 168/168/168
f 170/170/170 168/168/168 169/169/169
f 168/168/168 170/170/170 171/171/171
f 168/168/168 171/171/171 172/172/172
f 173/173/173 168/168/168 172/172/172
f 165/165/165 168/168/168 173/173/173
f 173/173/173 167/167/167 165/165/165
f 174/174/174 167/167/167 173/173/173
f 174/174/174 173/173/173 175/175/175
f 174/174/174 175/175/175 176/176/176
f 177/177/177 176/176/176 175/175/175
f 176/176/176 177/177/177 178/178/178
f 179/179/179 174/174/174 176/176/176
f 178/178/178 179/179/179 176/176/176
f 179/179/179 180/180/180 174/174/174
f 174/174/174 180/180/180 181/181/181
f 182/182/182 180/180/180 179/179/179
f 179/179/179 183/183/183 182/182/182
f 178/178/178 183/183/183 179/179/179
f 184/184/184 183/183/183 178/178/178
f 185/185/185 183/183/183 184/184/184
f 184/184/184 186/186/186 185/185/185
f 187/187/187 189/189/189 188/188/188
f 187/187/187 190/190/190 189/189/189
f 191/191/191 189/189/189 190/190/190
f 191/191/191 192/192/192 189/189/189
f 189/189/189 192/192/192 193/193/193
f 192/192/192 191/191/191 193/193/193
f 191/191/191 194/194/194 193/193/193
f 195/195/195 194/194/194 191/191/191
f 196/196/196 195/195/195 191/191/191
f 193/193/193 194/194/194 197/197/197
f 193/193/193 197/197/197 198/198/198
f 198/198/198 199/199/199 193/193/193
f 193/193/193 199/199/199 200/200/200
f 195/195/195 201/201/201 194/194/194
f 202/202/202 201/201/201 195/195/195
f 201/201/201 203/203/203 194/194/194
f 201/201/201 202/202/202 203/203/203
f 194/194/194 203/203/203 204/204/204
f 205/205/205 204/204/204 203/203/203
f 206/206/206 203/203/203 202/202/202
f 203/203/203 206/206/206 205/205/205
f 205/205/205 206/206/206 207/207/207
f 206/206/206 208/208/208 207/207/207
f 209/209/209 206/206/206 202/202/202
f 210/210/210 206/206/206 209/209/209
f 211/211/211 210/210/210 209/209/209
f 212/212/212 214/214/214 213/213/213
f 214/214/214 212/212/212 215/215/215
f 212/212/212 216/216/216 215/215/215
f 212/212/212 217/217/217 216/216/216
f 214/214/214 215/215/215 218/218/218
f 219/219/219 214/214/214 218/218/218
f 220/220/220 219/219/219 218/218/218
f 221/221/221 218/218/218 215/215/215
f 215/215/215 222/222/222 221/221/221
f 221/221/221 222/222/222 223/223/223
f 223/223/223 222/222/222 224/224/224
f 224/224/224 225/225/225 223/223/223
f 226/226/226 224/224/224 222/222/222
f 227/227/227 222/222/222 215/215/215
f 215/215/215 216/216/216 227/227/227
f 216/216/216 228/228/228 227/227/227
f 229/229/229 227/227/227 228/228/228
f 228/228/228 230/230/230 229/229/229
f 216/216/216 230/230/230 228/228/228
f 230/230/230 231/231/231 229/229/229
f 230/230/230 216/216/216 232/232/232
f 233/233/233 231/231/231 232/232/232
f 216/216/216 233/233/233 232/232/232
f 233/233/233 234/234/234 231/231/231
f 234/234/234 233/233/233 235/235/235
f 235/235/235 233/233/233 216/216/216
f 217/217/217 235/235/235 216/216/216
f 236/236/236 235/235/235 217/217/217
f 236/236/236 237/237/237 235/235/235
f 238/238/238 236/236/236 217/217/217
f 237/237/237 236/236/236 239/239/239
f 238/238/238 240/240/240 236/236/236
f 240/240/240 239/239/239 236/236/236
f 241/241/241 243/243/243 242/242/242
f 242/242/242 243/243/243 244/244/244
f 243/243/243 245/245/245 244/244/244
f 245/245/245 246/246/246 244/244/244
f 243/243/243 247/247/247 245/245/245
f 246/246/246 245/245/245 248/248/248
f 247/247/247 248/248/248 245/245/245
f 248/248/248 249/249/249 246/246/246
f 247/247/247 250/250/250 248/248/248
f 247/247/247 251/251/251 250/250/250
f 249/249/249 248/248/248 252/252/252
f 248/248/248 250/250/250 252/252/252
f 252/252/252 253/253/253 249/249/249
f 252/252/252 254/254/254 253/253/253
f 255/255/255 254/254/254 252/252/252
f 250/250/250 256/256/256 252/252/252
f 252/252/252 256/256/256 255/255/255
f 256/256/256 250/250/250 257/257/257
f 256/256/256 258/258/258 255/255/255
f 257/257/257 258/258/258 256/256/256
f 259/259/259 258/258/258 257/257/257
f 260/260/260 262/262/262 261/261/261
f 263/263/263 260/260/260 261/261/261
f 264/264/264 260/260/260 263/263/263
f 264/264/264 263/263/263 265/265/265
f 266/266/266 265/265/265 263/263/263
f 263/263/263 261/261/261 267/267/267
f 263/263/263 267/267/267 268/268/268
f 267/267/267 269/269/269 268/268/268
f 267/267/267 270/270/270 269/269/269
f 263/263/263 268/268/268 271/271/271
f 271/271/271 272/272/272 263/263/263
f 272/272/272 273/273/273 263/263/263
f 274/274/274 276/276/276 275/275/275
f 274/274/274 275/275/275 277/277/277
f 277/277/277 278/278/278 274/274/274
f 274/274/274 278/278/278 279/279/279
f 279/279/279 278/278/278 280/280/280
f 275/275/275 281/281/281 277/277/277
f 281/281/281 282/282/282 277/277/277
f 281/281/281 283/283/283 282/282/282
f 283/283/283 284/284/284 282/282/282
f 285/285/285 278/278/278 277/277/277
f 285/285/285 277/277/277 282/282/282
f 278/278/278 285/285/285 282/282/282
f 282/282/282 286/286/286 278/278/278
f 287/287/287 278/278/278 286/286/286
f 287/287/287 288/288/288 278/278/278
f 289/289/289 288/288/288 287/287/287
f 282/282/282 290/290/290 286/286/286
f 290/290/290 291/291/291 286/286/286
f 290/290/290 292/292/292 291/291/291
f 291/291/291 292/292/292 293/293/293
f 294/294/294 290/290/290 282/282/282
f 295/295/295 294/294/294 282/282/282
f 290/290/290 294/294/294 296/296/296
f 297/297/297 296/296/296 294/294/294
f 294/294/294 295/295/295 298/298/298
f 299/299/299 297/297/297 294/294/294
f 299/299/299 294/294/294 298/298/298
f 300/300/300 299/299/299 298/298/298
f 301/301/301 303/303/303 302/302/302
f 304/304/304 301/301/301 302/302/302
f 305/305/305 304/304/304 302/302/302
f 306/306/306 305/305/305 302/302/302
f 307/307/307 306/306/306 302/302/302
f 307/307/307 308/308/308 306/306/306
f 306/306/306 308/308/308 309/309/309
f 304/304/304 310/310/310 301/301/301
f 301/301/301 310/310/310 311/311/311
f 304/304/304 311/311/311 310/310/310
f 312/312/312 304/304/304 305/305/305
f 306/306/306 309/309/309 313/313/313
f 305/305/305 306/306/306 313/313/313
f 314/314/314 313/313/313 309/309/309
f 305/305/305 314/314/314 309/309/309
f 305/305/305 313/313/313 314/314/314
f 312/312/312 305/305/305 315/315/315
f 316/316/316 312/312/312 315/315/315
f 317/317/317 315/315/315 305/305/305
f 318/318/318 317/317/317 305/305/305
f 317/317/317 318/318/318 319/319/319
f 319/319/319 318/318/318 320/320/320
f 321/321/321 323/323/323 322/322/322
f 322/322/322 324/324/324 321/321/321
f 324/324/324 325/325/325 321/321/321
f 324/324/324 326/326/326 325/325/325
f 327/327/327 324/324/324 322/322/322
f 324/324/324 328/328/328 326/326/326
f 327/327/327 329/329/329 324/324/324
f 330/330/330 329/329/329 327/327/327
f 331/331/331 330/330/330 327/327/327
f 324/324/324 329/329/329 332/332/332
f 333/333/333 324/324/324 332/332/332
f 333/333/333 332/332/332 334/334/334
f 334/334/334 335/335/335 333/333/333
f 335/335/335 336/336/336 333/333/333
f 324/324/324 333/333/333 336/336/336
f 324/324/324 336/336/336 328/328/328
f 336/336/336 337/337/337 328/328/328
f 337/337/337 338/338/338 328/328/328
f 339/339/339 338/338/338 337/337/337
f 340/340/340 339/339/339 337/337/337
f 341/341/341 340/340/340 336/336/336
f 340/340/340 337/337/337 342/342/342
f 340/340/340 342/342/342 336/336/336
f 342/342/342 337/337/337 336/336/336
f 343/343/343 345/345/345 344/344/344
f 345/345/345 343/343/343 346/346/346
f 346/346/346 347/347/347 345/345/345
f 346/346/346 348/348/348 347/347/347
f 349/349/349 347/347/347 348/348/348
f 349/349/349 348/348/348 350/350/350
f 351/351/351 348/348/348 346/346/346
f 352/352/352 351/351/351 346/346/346
f 353/353/353 352/352/352 346/346/346
f 346/346/346 354/354/354 353/353/353
f 354/354/354 346/346/346 355/355/355
f 346/346/346 343/343/343 355/355/355
f 355/355/355 343/343/343 356/356/356
f 356/356/356 343/343/343 357/357/357
f 358/358/358 356/356/356 357/357/357
f 359/359/359 361/361/361 360/360/360
f 361/361/361 362/362/362 360/360/360
f 363/363/363 362/362/362 361/361/361
f 363/363/363 361/361/361 364/364/364
f 361/361/361 365/365/365 364/364/364
f 361/361/361 366/366/366 365/365/365
f 366/366/366 361/361/361 367/367/367
f 367/367/367 361/361/361 368/368/368
f 368/368/368 369/369/369 367/367/367
f 368/368/368 370/370/370 369/369/369
f 370/370/370 368/368/368 371/371/371
f 372/372/372 371/371/371 368/368/368
f 368/368/368 361/361/361 372/372/372
f 372/372/372 361/361/361 373/373/373
f 373/373/373 361/361/361 374/374/374
f 373/373/373 375/375/375 372/372/372
f 374/374/374 376/376/376 373/373/373
f 373/373/373 377/377/377 375/375/375
f 377/377/377 373/373/373 376/376/376
f 375/375/375 377/377/377 378/378/378
f 377/377/377 376/376/376 378/378/378
f 378/378/378 376/376/376 379/379/379
f 376/376/376 380/380/380 379/379/379
f 381/381/381 383/383/383 382/382/382
f 384/384/384 383/383/383 381/381/381
f 385/385/385 383/383/383 384/384/384
f 386/386/386 385/385/385 384/384/384
f 384/384/384 387/387/387 386/386/386
f 387/387/387 388/388/388 386/386/386
f 389/389/389 383/383/383 385/385/385
f 389/389/389 390/390/390 383/383/383
f 390/390/390 391/391/391 383/383/383
f 392/392/392 383/383/383 391/391/391
f 383/383/383 392/392/392 393/393/393
f 394/394/394 396/396/396 395/395/395
f 397/397/397 394/394/394 395/395/395
f 395/395/395 398/398/398 397/397/397
f 397/397/397 398/398/398 399/399/399
f 400/400/400 399/399/399 398/398/398
f 399/399/399 400/400/400 401/401/401
f 400/400/400 398/398/398 402/402/402
f 403/403/403 400/400/400 402/402/402
f 404/404/404 406/406/406 405/405/405
f 404/404/404 405/405/405 407/407/407
f 408/408/408 404/404/404 407/407/407
f 407/407/407 405/405/405 409/409/409
f 410/410/410 408/408/408 407/407/407
f 409/409/409 411/411/411 407/407/407
f 410/410/410 407/407/407 411/411/411
f 410/410/410 411/411/411 412/412/412
f 413/413/413 412/412/412 411/411/411
f 414/414/414 412/412/412 413/413/413
f 414/414/414 413/413/413 415/415/415
f 416/416/416 418/418/418 417/417/417
f 417/417/417 418/418/418 419/419/419
f 418/418/418 420/420/420 419/419/419
f 421/421/421 417/417/417 419/419/419
f 421/421/421 419/419/419 422/422/422
f 422/422/422 423/423/423 421/421/421
f 422/422/422 419/419/419 424/424/424
f 425/425/425 424/424/424 419/419/419
f 425/425/425 419/419/419 426/426/426
f 426/426/426 419/419/419 427/427/427
f 428/428/428 427/427/427 419/419/419
f 419/419/419 429/429/429 428/428/428
f 430/430/430 428/428/428 429/429/429
f 419/419/419 430/430/430 429/429/429
f 430/430/430 419/419/419 431/431/431
f 431/431/431 419/419/419 420/420/420
f 420/420/420 432/432/432 431/431/431
f 433/433/433 420/420/420 418/418/418
f 418/418/418 434/434/434 433/433/433
f 434/434/434 435/435/435 433/433/433
f 436/436/436 433/433/433 435/435/435
f 437/437/437 433/433/433 436/436/436
f 433/433/433 437/437/437 438/438/438
f 420/420/420 433/433/433 438/438/438
f 420/420/420 438/438/438 439/439/439
f 420/420/420 439/439/439 440/440/440
f 420/420/420 440/440/440 441/441/441
f 441/441/441 440/440/440 442/442/442
f 443/443/443 445/445/445 444/444/444
f 443/443/443 446/446/446 445/445/445
f 447/447/447 446/446/446 443/443/443
f 446/446/446 448/448/448 445/445/445
f 449/449/449 446/446/446 447/447/447
f 445/445/445 448/448/448 450/450/450
f 445/445/445 450/450/450 451/451/451
f 451/451/451 450/450/450 452/452/452
f 453/453/453 451/451/451 452/452/452
f 454/454/454 449/449/449 447/447/447
f 447/447/447 455/455/455 454/454/454
f 455/455/455 456/456/456 454/454/454
f 454/454/454 456/456/456 457/457/457
f 458/458/458 456/456/456 455/455/455
f 459/459/459 458/458/458 455/455/455
f 460/460/460 459/459/459 455/455/455
f 459/459/459 461/461/461 458/458/458
f 462/462/462 458/458/458 461/461/461
f 462/462/462 461/461/461 463/463/463
f 462/462/462 463/463/463 464/464/464
f 463/463/463 465/465/465 464/464/464
f 465/465/465 466/466/466 464/464/464
f 466/466/466 467/467/467 464/464/464
f 468/468/468 464/464/464 467/467/467
f 466/466/466 469/469/469 467/467/467
f 466/466/466 465/465/465 470/470/470
f 470/470/470 471/471/471 466/466/466
f 465/465/465 472/472/472 470/470/470
f 473/473/473 472/472/472 465/465/465
f 474/474/474 476/476/476 475/475/475
f 477/477/477 476/476/476 474/474/474
f 478/478/478 476/476/476 477/477/477
f 477/477/477 479/479/479 478/478/478
f 479/479/479 477/477/477 480/480/480
f 481/481/481 479/479/479 480/480/480
f 482/482/482 479/479/479 481/481/481
f 481/481/481 483/483/483 482/482/482
f 481/481/481 484/484/484 483/483/483
f 481/481/481 480/480/480 484/484/484
f 485/485/485 483/483/483 484/484/484
f 485/485/485 484/484/484 486/486/486
f 486/486/486 484/484/484 480/480/480
f 485/485/485 486/486/486 487/487/487
f 486/486/486 480/480/480 488/488/488
f 488/488/488 480/480/480 477/477/477
f 487/487/487 486/486/486 488/488/488
f 477/477/477 487/487/487 488/488/488
f 489/489/489 487/487/487 477/477/477
f 490/490/490 487/487/487 489/489/489
f 491/491/491 487/487/487 490/490/490
f 492/492/492 491/491/491 490/490/490
f 490/490/490 489/489/489 493/493/493
f 494/494/494 492/492/492 490/490/490
f 490/490/490 493/493/493 495/495/495
f 494/494/494 490/490/490 495/495/495
f 496/496/496 495/495/495 493/493/493
f 495/495/495 497/497/497 494/494/494
f 498/498/498 497/497/497 495/495/495
f 494/494/494 497/497/497 499/499/499
f 500/500/500 494/494/494 499/499/499
f 501/501/501 499/499/499 497/497/497
f 498/498/498 501/501/501 497/497/497
f 499/499/499 501/501/501 502/502/502
f 503/503/503 501/501/501 498/498/498
f 498/498/498 504/504/504 503/503/503
f 505/505/505 504/504/504 495/495/495
f 504/504/504 505/505/505 506/506/506
f 504/504/504 506/506/506 503/503/503
f 506/506/506 505/505/505 507/507/507
f 506/506/506 507/507/507 508/508/508
f 506/506/506 509/509/509 503/503/503
f 510/510/510 509/509/509 506/506/506
f 510/510/510 511/511/511 509/509/509
f 511/511/511 512/512/512 509/509/509
f 513/513/513 509/509/509 512/512/512
f 513/513/513 503/503/503 509/509/509
f 503/503/503 513/513/513 514/514/514
f 515/515/515 514/514/514 513/513/513
f 516/516/516 515/515/515 513/513/513
f 515/515/515 517/517/517 514/514/514
f 517/517/517 518/518/518 514/514/514
f 519/519/519 518/518/518 517/517/517
f 520/520/520 503/503/503 514/514/514
f 514/514/514 518/518/518 520/520/520
f 518/518/518 521/521/521 520/520/520
f 522/522/522 521/521/521 518/518/518
f 520/520/520 523/523/523 503/503/503
f 503/503/503 523/523/523 524/524/524
f 523/523/523 525/525/525 524/524/524
f 526/526/526 528/528/528 527/527/527
f 529/529/529 526/526/526 527/527/527
f 530/530/530 532/532/532 531/531/531
f 530/530/530 531/531/531 533/533/533
f 534/534/534 536/536/536 535/535/535
f 535/535/535 537/537/537 534/534/534
f 534/534/534 537/537/537 538/538/538
f 539/539/539 538/538/538 537/537/537
f 540/540/540 534/534/534 538/538/538
f 541/541/541 540/540/540 538/538/538
f 542/542/542 544/544/544 543/543/543
f 542/542/542 545/545/545 544/544/544
f 544/544/544 545/545/545 546/546/546
f 547/547/547 549/549/549 548/548/548
f 550/550/550 547/547/547 548/548/548
f 551/551/551 553/553/553 552/552/552
f 551/551/551 554/554/554 553/553/553
f 551/551/551 555/555/555 554/554/554
f 555/555/555 556/556/556 554/554/554
f 556/556/556 555/555/555 557/557/557
f 555/555/555 558/558/558 557/557/557
f 555/555/555 559/559/559 558/558/558
f 551/551/551 560/560/560 555/555/555
f 560/560/560 559/559/559 555/555/555
f 551/551/551 561/561/561 560/560/560
f 562/562/562 561/561/561 551/551/551
f 561/561/561 563/563/563 560/560/560
f 560/560/560 563/563/563 559/559/559
f 563/563/563 564/564/564 559/559/559
f 564/564/564 565/565/565 559/559/559
f 564/564/564 566/566/566 565/565/565
f 564/564/564 567/567/567 566/566/566
f 568/568/568 567/567/567 564/564/564
f 569/569/569 571/571/571 570/570/570
f 569/569/569 572/572/572 571/571/571
f 571/571/571 572/572/572 573/573/573
f 574/574/574 573/573/573 572/572/572
f 572/572/572 569/569/569 575/575/575
f 572/572/572 575/575/575 576/576/576
f 575/575/575 569/569/569 577/577/577
f 578/578/578 575/575/575 577/577/577
f 579/579/579 575/575/575 578/578/578
f 579/579/579 578/578/578 580/580/580
f 580/580/580 581/581/581 579/579/579
f 581/581/581 582/582/582 579/579/579
f 579/579/579 582/582/582 583/583/583
f 579/579/579 583/583/583 584/584/584
f 579/579/579 584/584/584 575/575/575
f 575/575/575 584/584/584 576/576/576
f 585/585/585 576/576/576 584/584/584
f 586/586/586 585/585/585 584/584/584
f 576/576/576 585/585/585 587/587/587
f 576/576/576 587/587/587 588/588/588
f 588/588/588 587/587/587 589/589/589
f 589/589/589 576/576/576 588/588/588
f 576/576/576 589/589/589 590/590/590
f 590/590/590 589/589/589 591/591/591
f 590/590/590 591/591/591 592/592/592
f 592/592/592 593/593/593 590/590/590
f 572/572/572 576/576/576 590/590/590
f 594/594/594 572/572/572 590/590/590
f 572/572/572 594/594/594 574/574/574
f 574/574/574 594/594/594 595/595/595
f 574/574/574 595/595/595 596/596/596
f 597/597/597 574/574/574 596/596/596
f 598/598/598 600/600/600 599/599/599
f 601/601/601 598/598/598 599/599/599
f 601/601/601 599/599/599 602/602/602
f 602/602/602 603/603/603 601/601/601
f 603/603/603 604/604/604 601/601/601
f 603/603/603 605/605/605 604/604/604
f 606/606/606 604/604/604 605/605/605
f 603/603/603 607/607/607 605/605/605
f 608/608/608 607/607/607 603/603/603
f 609/609/609 605/605/605 607/607/607
f 608/608/608 610/610/610 607/607/607
f 611/611/611 609/609/609 607/607/607
f 610/610/610 611/611/611 607/607/607
f 612/612/612 614/614/614 613/613/613
f 615/615/615 614/614/614 612/612/612
f 615/615/615 612/612/612 616/616/616
f 616/616/616 617/617/617 615/615/615
f 617/617/617 616/616/616 618/618/618
f 619/619/619 618/618/618 616/616/616
f 618/618/618 619/619/619 620/620/620
f 620/620/620 619/619/619 621/621/621
f 621/621/621 622/622/622 620/620/620
f 622/622/622 621/621/621 623/623/623
f 623/623/623 621/621/621 624/624/624
f 623/623/623 624/624/624 625/625/625
f 626/626/626 625/625/625 624/624/624
f 627/627/627 623/623/623 625/625/625
f 626/626/626 627/627/627 625/625/625
f 626/626/626 628/628/628 627/627/627
f 627/627/627 628/628/628 629/629/629
f 630/630/630 632/632/632 631/631/631
f 630/630/630 631/631/631 633/633/633
f 634/634/634 630/630/630 633/633/633
f 635/635/635 634/634/634 633/633/633
f 636/636/636 635/635/635 633/633/633
f 637/637/637 639/639/639 638/638/638
f 637/637/637 638/638/638 640/640/640
f 637/637/637 640/640/640 641/641/641
f 642/642/642 637/637/637 641/641/641
f 643/643/643 642/642/642 641/641/641
f 644/644/644 643/643/643 641/641/641
f 644/644/644 641/641/641 645/645/645
f 646/646/646 637/637/637 642/642/642
f 642/642/642 647/647/647 646/646/646
f 647/647/647 648/648/648 646/646/646
f 648/648/648 649/649/649 646/646/646
f 649/649/649 637/637/637 646/646/646
f 650/650/650 637/637/637 649/649/649
f 650/650/650 651/651/651 637/637/637
f 651/651/651 650/650/650 652/652/652
f 653/653/653 650/650/650 649/649/649
f 654/654/654 653/653/653 649/649/649
f 655/655/655 654/654/654 649/649/649
f 655/655/655 649/649/649 656/656/656
f 657/657/657 656/656/656 649/649/649
f 658/658/658 657/657/657 649/649/649
f 659/659/659 661/661/661 660/660/660
f 662/662/662 661/661/661 659/659/659
f 663/663/663 662/662/662 659/659/659
f 664/664/664 662/662/662 663/663/663
f 665/665/665 664/664/664 663/663/663
f 666/666/666 662/662/662 664/664/664
f 661/661/661 662/662/662 667/667/667
f 666/666/666 667/667/667 662/662/662
f 668/668/668 661/661/661 667/667/667
f 668/668/668 669/669/669 661/661/661
f 670/670/670 667/667/667 666/666/666
f 671/671/671 667/667/667 670/670/670
f 672/672/672 670/670/670 666/666/666
f 672/672/672 673/673/673 670/670/670
f 673/673/673 671/671/671 670/670/670
f 674/674/674 667/667/667 671/671/671
f 675/675/675 667/667/667 674/674/674
f 676/676/676 667/667/667 675/675/675
f 676/676/676 677/677/677 667/667/667
f 677/677/677 678/678/678 667/667/667
f 679/679/679 678/678/678 677/677/677
f 678/678/678 680/680/680 667/667/667
f 680/680/680 681/681/681 667/667/667
f 682/682/682 684/684/684 683/683/683
f 682/682/682 683/683/683 685/685/685
f 686/686/686 685/685/685 683/683/683
f 687/687/687 685/685/685 686/686/686
f 688/688/688 685/685/685 687/687/687
f 688/688/688 687/687/687 689/689/689
f 690/690/690 686/686/686 683/683/683
f 687/687/687 686/686/686 690/690/690
f 687/687/687 690/690/690 691/691/691
f 687/687/687 691/691/691 692/692/692
f 687/687/687 692/692/692 693/693/693
f 694/694/694 687/687/687 693/693/693
f 687/687/687 694/694/694 695/695/695
f 696/696/696 695/695/695 694/694/694
f 694/694/694 697/697/697 696/696/696
f 697/697/697 694/694/694 698/698/698
f 698/698/698 694/694/694 699/699/699
f 700/700/700 702/702/702 701/701/701
f 701/701/701 702/702/702 703/703/703
f 703/703/703 702/702/702 704/704/704
f 704/704/704 705/705/705 703/703/703
f 703/703/703 705/705/705 706/706/706
f 706/706/706 707/707/707 703/703/703
f 707/707/707 708/708/708 703/703/703
f 708/708/708 707/707/707 709/709/709
f 710/710/710 708/708/708 709/709/709
f 708/708/708 710/710/710 711/711/711
f 711/711/711 703/703/703 708/708/708
f 710/710/710 712/712/712 711/711/711
f 711/711/711 712/712/712 713/713/713
f 714/714/714 711/711/711 713/713/713
f 711/711/711 714/714/714 715/715/715
f 711/711/711 715/715/715 703/703/703
f 716/716/716 701/701/701 703/703/703
f 715/715/715 717/717/717 703/703/703
f 717/717/717 716/716/716 703/703/703
f 718/718/718 701/701/701 716/716/716
f 716/716/716 719/719/719 718/718/718
f 718/718/718 720/720/720 701/701/701
f 718/718/718 719/719/719 720/720/720
f 721/721/721 717/717/717 715/715/715
f 721/721/721 715/715/715 722/722/722
f 721/721/721 722/722/722 723/723/723
f 721/721/721 723/723/723 724/724/724
f 725/725/725 724/724/724 723/723/723
f 726/726/726 721/721/721 724/724/724
f 721/721/721 726/726/726 727/727/727
f 727/727/727 717/717/717 721/721/721
f 727/727/727 726/726/726 728/728/728
f 728/728/728 717/717/717 727/727/727
f 729/729/729 717/717/717 728/728/728
f 730/730/730 732/732/732 731/731/731
f 731/731/731 732/732/732 733/733/733
f 734/734/734 731/731/731 733/733/733
f 735/735/735 734/734/734 733/733/733
f 733/733/733 732/732/732 736/736/736
f 735/735/735 733/733/733 736/736/736
f 736/736/736 732/732/732 737/737/737
f 738/738/738 735/735/735 736/736/736
f 739/739/739 736/736/736 737/737/737
f 738/738/738 736/736/736 740/740/740
f 740/740/740 736/736/736 741/741/741
f 741/741/741 736/736/736 742/742/742
f 742/742/742 736/736/736 743/743/743
f 744/744/744 736/736/736 739/739/739
f 745/745/745 736/736/736 744/744/744
f 743/743/743 736/736/736 746/746/746
f 746/746/746 736/736/736 745/745/745
f 747/747/747 745/745/745 744/744/744
f 748/748/748 745/745/745 747/747/747
f 745/745/745 748/748/748 749/749/749
f 745/745/745 749/749/749 750/750/750
f 750/750/750 751/751/751 745/745/745
f 751/751/751 746/746/746 745/745/745
f 746/746/746 751/751/751 752/752/752
f 753/753/753 755/755/755 754/754/754
f 756/756/756 753/753/753 754/754/754
f 754/754/754 757/757/757 756/756/756
f 757/757/757 754/754/754 758/758/758
f 757/757/757 759/759/759 756/756/756
f 757/757/757 760/760/760 759/759/759
f 760/760/760 761/761/761 759/759/759
f 762/762/762 759/759/759 761/761/761
f 763/763/763 761/761/761 760/760/760
f 763/763/763 760/760/760 764/764/764
f 761/761/761 763/763/763 765/765/765
f 765/765/765 766/766/766 761/761/761
f 765/765/765 767/767/767 766/766/766
f 766/766/766 768/768/768 761/761/761
f 769/769/769 768/768/768 766/766/766
f 770/770/770 772/772/772 771/771/771
f 773/773/773 772/772/772 770/770/770
f 774/774/774 773/773/773 770/770/770
f 774/774/774 775/775/775 773/773/773
f 774/774/774 776/776/776 775/775/775
f 775/775/775 776/776/776 777/777/777
f 777/777/777 778/778/778 775/775/775
f 779/779/779 778/778/778 777/777/777
f 777/777/777 780/780/780 779/779/779
f 779/779/779 780/780/780 781/781/781
f 781/781/781 782/782/782 779/779/779
f 782/782/782 783/783/783 779/779/779
f 779/779/779 783/783/783 784/784/784
f 783/783/783 785/785/785 784/784/784
f 785/785/785 786/786/786 784/784/784
f 784/784/784 786/786/786 787/787/787
f 788/788/788 784/784/784 787/787/787
f 788/788/788 779/779/779 784/784/784
f 778/778/778 779/779/779 788/788/788
f 788/788/788 789/789/789 778/778/778
f 775/775/775 778/778/778 790/790/790
f 790/790/790 773/773/773 775/775/775
f 789/789/789 791/791/791 778/778/778
f 791/791/791 790/790/790 778/778/778
f 792/792/792 791/791/791 789/789/789
f 791/791/791 792/792/792 790/790/790
f 773/773/773 790/790/790 793/793/793
f 794/794/794 793/793/793 790/790/790
f 773/773/773 793/793/793 795/795/795
f 773/773/773 795/795/795 796/796/796
f 795/795/795 793/793/793 797/797/797
f 798/798/798 800/800/800 799/799/799
f 800/800/800 801/801/801 799/799/799
f 799/799/799 801/801/801 802/802/802
f 802/802/802 803/803/803 799/799/799
f 799/799/799 803/803/803 804/804/804
f 805/805/805 803/803/803 802/802/802
f 806/806/806 805/805/805 802/802/802
f 806/806/806 802/802/802 801/801/801
f 806/806/806 801/801/801 807/807/807
f 808/808/808 807/807/807 801/801/801
f 808/808/808 801/801/801 809/809/809
f 800/800/800 809/809/809 801/801/801
f 810/810/810 808/808/808 809/809/809
f 809/809/809 811/811/811 810/810/810
f 810/810/810 811/811/811 812/812/812
f 813/813/813 809/809/809 800/800/800
f 800/800/800 814/814/814 813/813/813
f 814/814/814 815/815/815 813/813/813
f 814/814/814 800/800/800 816/816/816
f 817/817/817 816/816/816 800/800/800
f 816/816/816 817/817/817 818/818/818
f 819/819/819 816/816/816 818/818/818
f 819/819/819 814/814/814 816/816/816
f 819/819/819 820/820/820 814/814/814
f 814/814/814 821/821/821 815/815/815
f 821/821/821 822/822/822 815/815/815
f 821/821/821 823/823/823 822/822/822
f 821/821/821 824/824/824 823/823/823
f 820/820/820 825/825/825 814/814/814
f 814/814/814 825/825/825 821/821/821
f 821/821/821 825/825/825 824/824/824
f 826/826/826 825/825/825 820/820/820
f 826/826/826 827/827/827 825/825/825
f 827/827/827 824/824/824 825/825/825
f 827/827/827 826/826/826 828/828/828
f 828/828/828 829/829/829 827/827/827
f 830/830/830 827/827/827 829/829/829
f 827/827/827 830/830/830 831/831/831
f 831/831/831 824/824/824 827/827/827
f 832/832/832 824/824/824 831/831/831
f 832/832/832 831/831/831 833/833/833
f 832/832/832 833/833/833 834/834/834
f 835/835/835 834/834/834 833/833/833
f 836/836/836 832/832/832 834/834/834
f 836/836/836 837/837/837 832/832/832
f 832/832/832 837/837/837 838/838/838
f 838/838/838 839/839/839 832/832/832
f 839/839/839 824/824/824 832/832/832
f 840/840/840 839/839/839 838/838/838
f 824/824/824 839/839/839 841/841/841
f 841/841/841 823/823/823 824/824/824
f 841/841/841 842/842/842 823/823/823
f 842/842/842 841/841/841 843/843/843
f 844/844/844 843/843/843 841/841/841
f 845/845/845 843/843/843 844/844/844
f 846/846/846 843/843/843 845/845/845
f 847/847/847 842/842/842 843/843/843
f 848/848/848 847/847/847 843/843/843
f 848/848/848 849/849/849 847/847/847
f 850/850/850 823/823/823 842/842/842
f 842/842/842 851/851/851 850/850/850
f 851/851/851 842/842/842 852/852/852
f 823/823/823 850/850/850 853/853/853
f 823/823/823 853/853/853 854/854/854
f 855/855/855 853/853/853 850/850/850
f 853/853/853 855/855/855 854/854/854
f 856/856/856 858/858/858 857/857/857
f 859/859/859 857/857/857 858/858/858
f 859/859/859 858/858/858 860/860/860
f 860/860/860 861/861/861 859/859/859
f 861/861/861 862/862/862 859/859/859
f 863/863/863 861/861/861 860/860/860
f 862/862/862 861/861/861 863/863/863
f 860/860/860 864/864/864 863/863/863
f 862/862/862 863/863/863 864/864/864
f 865/865/865 867/867/867 866/866/866
f 867/867/867 865/865/865 868/868/868
f 868/868/868 865/865/865 869/869/869
f 868/868/868 869/869/869 870/870/870
f 871/871/871 868/868/868 870/870/870
f 872/872/872 871/871/871 870/870/870
f 873/873/873 868/868/868 871/871/871
f 874/874/874 876/876/876 875/875/875
f 877/877/877 875/875/875 876/876/876
f 878/878/878 875/875/875 877/877/877
f 879/879/879 877/877/877 876/876/876
f 879/879/879 876/876/876 880/880/880
f 881/881/881 883/883/883 882/882/882
f 884/884/884 883/883/883 881/881/881
f 881/881/881 885/885/885 884/884/884
f 886/886/886 884/884/884 885/885/885
f 885/885/885 887/887/887 886/886/886
f 886/886/886 887/887/887 888/888/888
f 886/886/886 888/888/888 889/889/889
f 888/888/888 890/890/890 889/889/889
f 890/890/890 891/891/891 889/889/889
f 891/891/891 892/892/892 889/889/889
f 889/889/889 892/892/892 886/886/886
f 886/886/886 892/892/892 884/884/884
f 892/892/892 893/893/893 884/884/884
f 894/894/894 893/893/893 892/892/892
f 893/893/893 894/894/894 895/895/895
f 896/896/896 893/893/893 895/895/895
f 893/893/893 896/896/896 884/884/884
f 896/896/896 897/897/897 884/884/884
f 897/897/897 883/883/883 884/884/884
f 898/898/898 897/897/897 896/896/896
f 898/898/898 899/899/899 897/897/897
f 897/897/897 900/900/900 883/883/883
f 900/900/900 901/901/901 883/883/883
f 900/900/900 902/902/902 901/901/901
f 902/902/902 900/900/900 903/903/903
f 904/904/904 906/906/906 905/905/905
f 907/907/907 906/906/906 904/904/904
f 904/904/904 908/908/908 907/907/907
f 907/907/907 908/908/908 909/909/909
f 909/909/909 908/908/908 910/910/910
f 910/910/910 908/908/908 911/911/911
f 912/912/912 908/908/908 904/904/904
f 912/912/912 913/913/913 908/908/908
f 914/914/914 913/913/913 912/912/912
f 915/915/915 914/914/914 912/912/912
f 916/916/916 913/913/913 914/914/914
f 917/917/917 913/913/913 916/916/916
f 917/917/917 918/918/918 913/913/913
f 919/919/919 918/918/918 917/917/917
f 920/920/920 908/908/908 913/913/913
f 920/920/920 921/921/921 908/908/908
f 922/922/922 920/920/920 913/913/913
f 922/922/922 913/913/913 918/918/918
f 923/923/923 920/920/920 922/922/922
f 923/923/923 922/922/922 924/924/924
f 925/925/925 924/924/924 922/922/922
f 918/918/918 925/925/925 922/922/922
f 926/926/926 925/925/925 918/918/918
f 926/926/926 918/918/918 927/927/927
f 928/928/928 927/927/927 918/918/918
f 919/919/919 928/928/928 918/918/918
f 929/929/929 928/928/928 919/919/919
f 930/930/930 932/932/932 931/931/931
f 930/930/930 933/933/933 932/932/932
f 932/932/932 933/933/933 934/934/934
f 934/934/934 933/933/933 935/935/935
f 933/933/933 936/936/936 935/935/935
f 937/937/937 936/936/936 933/933/933
f 936/936/936 937/937/937 938/938/938
f 936/936/936 938/938/938 939/939/939
f 940/940/940 942/942/942 941/941/941
f 940/940/940 943/943/943 942/942/942
f 942/942/942 943/943/943 944/944/944
f 945/945/945 944/944/944 943/943/943
f 940/940/940 946/946/946 943/943/943
f 940/940/940 947/947/947 946/946/946
f 948/948/948 943/943/943 946/946/946
f 948/948/948 946/946/946 949/949/949
f 950/950/950 943/943/943 948/948/948
f 945/945/945 943/943/943 950/950/950
f 950/950/950 948/948/948 951/951/951
f 950/950/950 951/951/951 952/952/952
f 945/945/945 950/950/950 953/953/953
f 954/954/954 945/945/945 953/953/953
f 955/955/955 950/950/950 952/952/952
f 955/955/955 953/953/953 950/950/950
f 955/955/955 952/952/952 956/956/956
f 953/953/953 955/955/955 957/957/957
f 958/958/958 953/953/953 957/957/957
f 957/957/957 955/955/955 959/959/959
f 956/956/956 959/959/959 955/955/955
f 960/960/960 959/959/959 956/956/956
f 961/961/961 959/959/959 960/960/960
f 962/962/962 964/964/964 963/963/963
f 963/963/963 965/965/965 962/962/962
f 963/963/963 966/966/966 965/965/965
f 967/967/967 962/962/962 965/965/965
f 962/962/962 967/967/967 968/968/968
f 962/962/962 968/968/968 969/969/969
f 968/968/968 970/970/970 969/969/969
f 970/970/970 968/968/968 971/971/971
f 970/970/970 971/971/971 972/972/972
f 973/973/973 975/975/975 974/974/974
f 973/973/973 976/976/976 975/975/975
f 973/973/973 977/977/977 976/976/976
f 977/977/977 973/973/973 978/978/978
f 979/979/979 977/977/977 978/978/978
f 973/973/973 980/980/980 978/978/978
f 981/981/981 980/980/980 973/973/973
f 979/979/979 978/978/978 982/982/982
f 982/982/982 978/978/978 983/983/983
f 984/984/984 982/982/982 983/983/983
f 985/985/985 982/982/982 984/984/984
f 979/979/979 982/982/982 985/985/985
f 986/986/986 985/985/985 984/984/984
f 985/985/985 986/986/986 987/987/987
f 988/988/988 979/979/979 985/985/985
f 987/987/987 988/988/988 985/985/985
f 987/987/987 989/989/989 988/988/988
f 988/988/988 990/990/990 979/979/979
f 988/988/988 991/991/991 990/990/990
f 992/992/992 991/991/991 988/988/988
f 989/989/989 992/992/992 988/988/988
f 993/993/993 989/989/989 987/987/987
f 994/994/994 992/992/992 989/989/989
f 995/995/995 994/994/994 989/989/989
f 993/993/993 996/996/996 989/989/989
f 995/995/995 989/989/989 997/997/997
f 997/997/997 989/989/989 996/996/996
f 997/997/997 996/996/996 998/998/998
f 999/999/999 1001/1001/1001 1000/1000/1000
f 1000/1000/1000 1001/1001/1001 1002/1002/1002
f 1003/1003/1003 1000/1000/1000 1002/1002/1002
f 1000/1000/1000 1003/1003/1003 1004/1004/1004
f 1005/1005/1005 1004/1004/1004 1003/1003/1003
f 1003/1003/1003 1006/1006/1006 1005/1005/1005
f 1002/1002/1002 1001/1001/1001 1007/1007/1007
f 1008/1008/1008 1007/1007/1007 1001/1001/1001
f 1009/1009/1009 1008/1008/1008 1001/1001/1001
f 1008/1008/1008 1010/1010/1010 1007/1007/1007
f 1009/1009/1009 1011/1011/1011 1008/1008/1008
f 1008/1008/1008 1012/1012/1012 1010/1010/1010
f 1008/1008/1008 1011/1011/1011 1012/1012/1012
f 1011/1011/1011 1013/1013/1013 1012/1012/1012
f 1014/1014/1014 1012/1012/1012 1013/1013/1013
f 1011/1011/1011 1015/1015/1015 1013/1013/1013
f 1015/1015/1015 1011/1011/1011 1016/1016/1016
f 1011/1011/1011 1017/1017/1017 1016/1016/1016
f 1018/1018/1018 1020/1020/1020 1019/1019/1019
f 1018/1018/1018 1021/1021/1021 1020/1020/1020
f 1022/1022/1022 1021/1021/1021 1018/1018/1018
f 1020/1020/1020 1021/1021/1021 1023/1023/1023
f 1020/1020/1020 1023/1023/1023 1024/1024/1024
f 1024/1024/1024 1025/1025/1025 1020/1020/1020
f 1021/1021/1021 1026/1026/1026 1023/1023/1023
f 1027/1027/1027 1026/1026/1026 1021/1021/1021
f 1026/1026/1026 1028/1028/1028 1023/1023/1023
f 1028/1028/1028 1029/1029/1029 1023/1023/1023
f 1030/1030/1030 1032/1032/1032 1031/1031/1031
f 1030/1030/1030 1031/1031/1031 1033/1033/1033
f 1034/1034/1034 1033/1033/1033 1031/1031/1031
f 1033/1033/1033 1034/1034/1034 1035/1035/1035
f 1035/1035/1035 1036/1036/1036 1033/1033/1033
f 1036/1036/1036 1037/1037/1037 1033/1033/1033
f 1030/1030/1030 1033/1033/1033 1038/1038/1038
f 1033/1033/1033 1037/1037/1037 1038/1038/1038
f 1037/1037/1037 1039/1039/1039 1038/1038/1038
f 1038/1038/1038 1039/1039/1039 1040/1040/1040
f 1041/1041/1041 1040/1040/1040 1039/1039/1039
f 1041/1041/1041 1042/1042/1042 1040/1040/1040
f 1040/1040/1040 1042/1042/1042 1043/1043/1043
f 1044/1044/1044 1043/1043/1043 1042/1042/1042
f 1042/1042/1042 1041/1041/1041 1045/1045/1045
f 1046/1046/1046 1045/1045/1045 1041/1041/1041
f 1047/1047/1047 1042/1042/1042 1045/1045/1045
f 1048/1048/1048 1044/1044/1044 1042/1042/1042
f 1048/1048/1048 1042/1042/1042 1047/1047/1047
f 1044/1044/1044 1048/1048/1048 1049/1049/1049
f 1047/1047/1047 1050/1050/1050 1048/1048/1048
f 1048/1048/1048 1051/1051/1051 1049/1049/1049
f 1050/1050/1050 1052/1052/1052 1048/1048/1048
f 1052/1052/1052 1051/1051/1051 1048/1048/1048
f 1053/1053/1053 1055/1055/1055 1054/1054/1054
f 1056/1056/1056 1055/1055/1055 1053/1053/1053
f 1056/1056/1056 1057/1057/1057 1055/1055/1055
f 1057/1057/1057 1058/1058/1058 1055/1055/1055
f 1057/1057/1057 1056/1056/1056 1059/1059/1059
f 1056/1056/1056 1060/1060/1060 1059/1059/1059
f 1061/1061/1061 1060/1060/1060 1056/1056/1056
f 1061/1061/1061 1056/1056/1056 1062/1062/1062
f 1063/1063/1063 1061/1061/1061 1062/1062/1062
f 1062/1062/1062 1056/1056/1056 1064/1064/1064
f 1064/1064/1064 1056/1056/1056 1053/1053/1053
f 1065/1065/1065 1064/1064/1064 1053/1053/1053
f 1066/1066/1066 1065/1065/1065 1053/1053/1053
f 1066/1066/1066 1053/1053/1053 1067/1067/1067
f 1067/1067/1067 1053/1053/1053 1068/1068/1068
f 1069/1069/1069 1071/1071/1071 1070/1070/1070
f 1072/1072/1072 1070/1070/1070 1071/1071/1071
f 1072/1072/1072 1071/1071/1071 1073/1073/1073
f 1072/1072/1072 1074/1074/1074 1070/1070/1070
f 1070/1070/1070 1074/1074/1074 1075/1075/1075
f 1076/1076/1076 1075/1075/1075 1074/1074/1074
f 1076/1076/1076 1074/1074/1074 1077/1077/1077
f 1077/1077/1077 1074/1074/1074 1072/1072/1072
f 1077/1077/1077 1072/1072/1072 1073/1073/1073
f 1078/1078/1078 1077/1077/1077 1073/1073/1073
f 1078/1078/1078 1079/1079/1079 1077/1077/1077
f 1079/1079/1079 1080/1080/1080 1077/1077/1077
f 1081/1081/1081 1080/1080/1080 1079/1079/1079
f 1082/1082/1082 1079/1079/1079 1078/1078/1078
f 1083/1083/1083 1082/1082/1082 1078/1078/1078
f 1078/1078/1078 1073/1073/1073 1084/1084/1084
f 1084/1084/1084 1073/1073/1073 1085/1085/1085
f 1086/1086/1086 1083/1083/1083 1078/1078/1078
f 1087/1087/1087 1083/1083/1083 1086/1086/1086
f 1088/1088/1088 1087/1087/1087 1086/1086/1086
f 1089/1089/1089 1088/1088/1088 1086/1086/1086
f 1090/1090/1090 1089/1089/1089 1086/1086/1086
f 1091/1091/1091 1090/1090/1090 1086/1086/1086
f 1078/1078/1078 1084/1084/1084 1092/1092/1092
f 1086/1086/1086 1078/1078/1078 1092/1092/1092
f 1092/1092/1092 1084/1084/1084 1093/1093/1093
f 1091/1091/1091 1086/1086/1086 1094/1094/1094
f 1094/1094/1094 1095/1095/1095 1091/1091/1091
f 1094/1094/1094 1086/1086/1086 1096/1096/1096
f 1093/1093/1093 1097/1097/1097 1092/1092/1092
f 1097/1097/1097 1093/1093/1093 1098/1098/1098
f 1099/1099/1099 1092/1092/1092 1097/1097/1097
f 1099/1099/1099 1100/1100/1100 1092/1092/1092
f 1100/1100/1100 1086/1086/1086 1092/1092/1092
f 1100/1100/1100 1099/1099/1099 1101/1101/1101
f 1086/1086/1086 1100/1100/1100 1101/1101/1101
f 1101/1101/1101 1096/1096/1096 1086/1086/1086
f 1096/1096/1096 1101/1101/1101 1102/1102/1102
f 1096/1096/1096 1102/1102/1102 1103/1103/1103
f 1104/1104/1104 1096/1096/1096 1103/1103/1103
f 1105/1105/1105 1104/1104/1104 1103/1103/1103
f 1106/1106/1106 1108/1108/1108 1107/1107/1107
f 1107/1107/1107 1109/1109/1109 1106/1106/1106
f 1110/1110/1110 1109/1109/1109 1107/1107/1107
f 1111/1111/1111 1109/1109/1109 1110/1110/1110
f 1112/1112/1112 1111/1111/1111 1110/1110/1110
f 1110/1110/1110 1113/1113/1113 1112/1112/1112
f 1112/1112/1112 1114/1114/1114 1111/1111/1111
f 1115/1115/1115 1114/1114/1114 1112/1112/1112
f 1116/1116/1116 1114/1114/1114 1115/1115/1115
f 1116/1116/1116 1117/1117/1117 1114/1114/1114
f 1118/1118/1118 1115/1115/1115 1112/1112/1112
f 1116/1116/1116 1115/1115/1115 1118/1118/1118
f 1112/1112/1112 1119/1119/1119 1118/1118/1118
f 1113/1113/1113 1119/1119/1119 1112/1112/1112
f 1116/1116/1116 1118/1118/1118 1119/1119/1119
f 1120/1120/1120 1117/1117/1117 1116/1116/1116
f 1120/1120/1120 1121/1121/1121 1117/1117/1117
f 1120/1120/1120 1116/1116/1116 1122/1122/1122
f 1120/1120/1120 1122/1122/1122 1113/1113/1113
f 1122/1122/1122 1116/1116/1116 1119/1119/1119
f 1113/1113/1113 1122/1122/1122 1119/1119/1119
f 1120/1120/1120 1123/1123/1123 1121/1121/1121
f 1121/1121/1121 1123/1123/1123 1124/1124/1124
f 1120/1120/1120 1125/1125/1125 1123/1123/1123
f 1126/1126/1126 1123/1123/1123 1125/1125/1125
f 1124/1124/1124 1123/1123/1123 1127/1127/1127
f 1126/1126/1126 1128/1128/1128 1123/1123/1123
f 1128/1128/1128 1127/1127/1127 1123/1123/1123
f 1129/1129/1129 1127/1127/1127 1128/1128/1128
f 1129/1129/1129 1130/1130/1130 1127/1127/1127
f 1131/1131/1131 1126/1126/1126 1125/1125/1125
f 1132/1132/1132 1131/1131/1131 1125/1125/1125
f 1131/1131/1131 1132/1132/1132 1133/1133/1133
f 1132/1132/1132 1125/1125/1125 1134/1134/1134
f 1134/1134/1134 1125/1125/1125 1135/1135/1135
f 1135/1135/1135 1125/1125/1125 1136/1136/1136
f 1137/1137/1137 1135/1135/1135 1136/1136/1136
f 1138/1138/1138 1137/1137/1137 1136/1136/1136
f 1136/1136/1136 1139/1139/1139 1138/1138/1138
f 1125/1125/1125 1139/1139/1139 1136/1136/1136
f 1125/1125/1125 1120/1120/1120 1139/1139/1139
f 1139/1139/1139 1120/1120/1120 1140/1140/1140
f 1140/1140/1140 1120/1120/1120 1141/1141/1141
f 1142/1142/1142 1141/1141/1141 1120/1120/1120
f 1142/1142/1142 1143/1143/1143 1141/1141/1141
f 1113/1113/1113 1142/1142/1142 1120/1120/1120
f 1142/1142/1142 1113/1113/1113 1144/1144/1144
f 1144/1144/1144 1113/1113/1113 1145/1145/1145
f 1146/1146/1146 1144/1144/1144 1145/1145/1145
f 1113/1113/1113 1110/1110/1110 1145/1145/1145
f 1146/1146/1146 1145/1145/1145 1147/1147/1147
f 1148/1148/1148 1145/1145/1145 1110/1110/1110
f 1147/1147/1147 1145/1145/1145 1148/1148/1148
f 1149/1149/1149 1148/1148/1148 1110/1110/1110
f 1147/1147/1147 1148/1148/1148 1149/1149/1149
f 1150/1150/1150 1149/1149/1149 1110/1110/1110
f 1147/1147/1147 1149/1149/1149 1151/1151/1151
f 1151/1151/1151 1149/1149/1149 1150/1150/1150
f 1152/1152/1152 1154/1154/1154 1153/1153/1153
f 1154/1154/1154 1152/1152/1152 1155/1155/1155
f 1154/1154/1154 1155/1155/1155 1156/1156/1156
f 1156/1156/1156 1157/1157/1157 1154/1154/1154
f 1157/1157/1157 1158/1158/1158 1154/1154/1154
f 1159/1159/1159 1158/1158/1158 1157/1157/1157
f 1158/1158/1158 1159/1159/1159 1160/1160/1160
f 1161/1161/1161 1160/1160/1160 1159/1159/1159
f 1162/1162/1162 1158/1158/1158 1160/1160/1160
f 1162/1162/1162 1163/1163/1163 1158/1158/1158
f 1158/1158/1158 1163/1163/1163 1164/1164/1164
f 1165/1165/1165 1164/1164/1164 1163/1163/1163
f 1162/1162/1162 1166/1166/1166 1163/1163/1163
f 1163/1163/1163 1167/1167/1167 1165/1165/1165
f 1166/1166/1166 1167/1167/1167 1163/1163/1163
f 1168/1168/1168 1167/1167/1167 1166/1166/1166
f 1169/1169/1169 1167/1167/1167 1168/1168/1168
f 1170/1170/1170 1172/1172/1172 1171/1171/1171
f 1171/1171/1171 1172/1172/1172 1173/1173/1173
f 1174/1174/1174 1173/1173/1173 1172/1172/1172
f 1175/1175/1175 1173/1173/1173 1174/1174/1174
f 1176/1176/1176 1171/1171/1171 1173/1173/1173
f 1176/1176/1176 1173/1173/1173 1177/1177/1177
f 1171/1171/1171 1176/1176/1176 1178/1178/1178
f 1179/1179/1179 1178/1178/1178 1176/1176/1176
f 1179/1179/1179 1176/1176/1176 1180/1180/1180
f 1176/1176/1176 1181/1181/1181 1180/1180/1180
f 1180/1180/1180 1181/1181/1181 1182/1182/1182
f 1183/1183/1183 1181/1181/1181 1176/1176/1176
f 1175/1175/1175 1184/1184/1184 1173/1173/1173
f 1184/1184/1184 1175/1175/1175 1185/1185/1185
f 1184/1184/1184 1185/1185/1185 1186/1186/1186
f 1173/1173/1173 1184/1184/1184 1186/1186/1186
f 1186/1186/1186 1187/1187/1187 1173/1173/1173
f 1187/1187/1187 1188/1188/1188 1173/1173/1173
f 1173/1173/1173 1188/1188/1188 1189/1189/1189
f 1190/1190/1190 1189/1189/1189 1188/1188/1188
f 1191/1191/1191 1173/1173/1173 1190/1190/1190
f 1190/1190/1190 1192/1192/1192 1191/1191/1191
f 1173/1173/1173 1191/1191/1191 1177/1177/1177
f 1191/1191/1191 1192/1192/1192 1193/1193/1193
f 1194/1194/1194 1193/1193/1193 1192/1192/1192
f 1194/1194/1194 1195/1195/1195 1193/1193/1193
f 1191/1191/1191 1193/1193/1193 1196/1196/1196
f 1191/1191/1191 1196/1196/1196 1197/1197/1197
f 1191/1191/1191 1197/1197/1197 1177/1177/1177
f 1196/1196/1196 1198/1198/1198 1197/1197/1197
f 1177/1177/1177 1197/1197/1197 1199/1199/1199
f 1177/1177/1177 1199/1199/1199 1200/1200/1200
f 1201/1201/1201 1177/1177/1177 1200/1200/1200
f 1177/1177/1177 1201/1201/1201 1176/1176/1176
f 1176/1176/1176 1201/1201/1201 1202/1202/1202
f 1176/1176/1176 1202/1202/1202 1203/1203/1203
f 1204/1204/1204 1206/1206/1206 1205/1205/1205
f 1206/1206/1206 1207/1207/1207 1205/1205/1205
f 1208/1208/1208 1205/1205/1205 1207/1207/1207
f 1209/1209/1209 1207/1207/1207 1206/1206/1206
f 1208/1208/1208 1207/1207/1207 1209/1209/1209
f 1206/1206/1206 1210/1210/1210 1209/1209/1209
f 1211/1211/1211 1208/1208/1208 1209/1209/1209
f 1212/1212/1212 1211/1211/1211 1209/1209/1209
f 1213/1213/1213 1212/1212/1212 1209/1209/1209
f 1209/1209/1209 1214/1214/1214 1213/1213/1213
f 1215/1215/1215 1213/1213/1213 1214/1214/1214
f 1215/1215/1215 1216/1216/1216 1213/1213/1213
f 1217/1217/1217 1215/1215/1215 1214/1214/1214
f 1217/1217/1217 1218/1218/1218 1215/1215/1215
f 1219/1219/1219 1218/1218/1218 1217/1217/1217
f 1219/1219/1219 1220/1220/1220 1218/1218/1218
f 1221/1221/1221 1219/1219/1219 1217/1217/1217
f 1217/1217/1217 1214/1214/1214 1222/1222/1222
f 1223/1223/1223 1214/1214/1214 1209/1209/1209
f 1224/1224/1224 1209/1209/1209 1210/1210/1210
f 1223/1223/1223 1209/1209/1209 1224/1224/1224
f 1214/1214/1214 1223/1223/1223 1225/1225/1225
f 1214/1214/1214 1225/1225/1225 1222/1222/1222
f 1225/1225/1225 1223/1223/1223 1226/1226/1226
f 1223/1223/1223 1224/1224/1224 1226/1226/1226
f 1227/1227/1227 1222/1222/1222 1225/1225/1225
f 1222/1222/1222 1227/1227/1227 1228/1228/1228
f 1229/1229/1229 1222/1222/1222 1228/1228/1228
f 1224/1224/1224 1230/1230/1230 1226/1226/1226
f 1230/1230/1230 1224/1224/1224 1210/1210/1210
f 1231/1231/1231 1230/1230/1230 1210/1210/1210
f 1210/1210/1210 1232/1232/1232 1231/1231/1231
f 1210/1210/1210 1233/1233/1233 1232/1232/1232
f 1232/1232/1232 1233/1233/1233 1234/1234/1234
f 1234/1234/1234 1233/1233/1233 1235/1235/1235
f 1210/1210/1210 1236/1236/1236 1233/1233/1233
f 1233/1233/1233 1236/1236/1236 1235/1235/1235
f 1237/1237/1237 1236/1236/1236 1210/1210/1210
f 1236/1236/1236 1237/1237/1237 1235/1235/1235
f 1238/1238/1238 1240/1240/1240 1239/1239/1239
f 1241/1241/1241 1240/1240/1240 1238/1238/1238
f 1240/1240/1240 1241/1241/1241 1242/1242/1242
f 1240/1240/1240 1242/1242/1242 1243/1243/1243
f 1240/1240/1240 1243/1243/1243 1244/1244/1244
f 1245/1245/1245 1243/1243/1243 1242/1242/1242
f 1246/1246/1246 1245/1245/1245 1242/1242/1242
f 1247/1247/1247 1246/1246/1246 1242/1242/1242
f 1247/1247/1247 1248/1248/1248 1246/1246/1246
f 1248/1248/1248 1247/1247/1247 1249/1249/1249
f 1250/1250/1250 1249/1249/1249 1247/1247/1247
f 1249/1249/1249 1250/1250/1250 1251/1251/1251
f 1251/1251/1251 1252/1252/1252 1249/1249/1249
f 1253/1253/1253 1252/1252/1252 1251/1251/1251
f 1253/1253/1253 1251/1251/1251 1254/1254/1254
f 1255/1255/1255 1253/1253/1253 1254/1254/1254
f 1254/1254/1254 1256/1256/1256 1255/1255/1255
f 1257/1257/1257 1256/1256/1256 1254/1254/1254
f 1258/1258/1258 1257/1257/1257 1254/1254/1254
f 1258/1258/1258 1254/1254/1254 1259/1259/1259
f 1260/1260/1260 1258/1258/1258 1259/1259/1259
f 1261/1261/1261 1263/1263/1263 1262/1262/1262
f 1263/1263/1263 1264/1264/1264 1262/1262/1262
f 1263/1263/1263 1265/1265/1265 1264/1264/1264
f 1265/1265/1265 1266/1266/1266 1264/1264/1264
f 1266/1266/1266 1265/1265/1265 1267/1267/1267
f 1268/1268/1268 1267/1267/1267 1265/1265/1265
f 1269/1269/1269 1267/1267/1267 1268/1268/1268
f 1268/1268/1268 1270/1270/1270 1269/1269/1269
f 1268/1268/1268 1271/1271/1271 1270/1270/1270
f 1271/1271/1271 1268/1268/1268 1272/1272/1272
f 1273/1273/1273 1272/1272/1272 1268/1268/1268
f 1274/1274/1274 1273/1273/1273 1268/1268/1268
f 1268/1268/1268 1265/1265/1265 1274/1274/1274
f 1275/1275/1275 1273/1273/1273 1274/1274/1274
f 1274/1274/1274 1265/1265/1265 1275/1275/1275
f 1275/1275/1275 1265/1265/1265 1276/1276/1276
f 1277/1277/1277 1276/1276/1276 1265/1265/1265
f 1265/1265/1265 1263/1263/1263 1277/1277/1277
f 1278/1278/1278 1277/1277/1277 1263/1263/1263
f 1279/1279/1279 1281/1281/1281 1280/1280/1280
f 1280/1280/1280 1282/1282/1282 1279/1279/1279
f 1282/1282/1282 1280/1280/1280 1283/1283/1283
f 1284/1284/1284 1286/1286/1286 1285/1285/1285
f 1285/1285/1285 1286/1286/1286 1287/1287/1287
f 1288/1288/1288 1287/1287/1287 1286/1286/1286
f 1286/1286/1286 1289/1289/1289 1288/1288/1288
f 1286/1286/1286 1290/1290/1290 1289/1289/1289
f 1285/1285/1285 1287/1287/1287 1291/1291/1291
f 1292/1292/1292 1285/1285/1285 1291/1291/1291
f 1292/1292/1292 1291/1291/1291 1293/1293/1293
f 1294/1294/1294 1292/1292/1292 1293/1293/1293
f 1295/1295/1295 1291/1291/1291 1287/1287/1287
f 1295/1295/1295 1287/1287/1287 1296/1296/1296
f 1297/1297/1297 1295/1295/1295 1296/1296/1296
f 1296/1296/1296 1298/1298/1298 1297/1297/1297
f 1299/1299/1299 1301/1301/1301 1300/1300/1300
f 1299/1299/1299 1300/1300/1300 1302/1302/1302
f 1302/1302/1302 1300/1300/1300 1303/1303/1303
f 1304/1304/1304 1299/1299/1299 1302/1302/1302
f 1304/1304/1304 1305/1305/1305 1299/1299/1299
f 1306/1306/1306 1302/1302/1302 1303/1303/1303
f 1306/1306/1306 1303/1303/1303 1307/1307/1307
f 1304/1304/1304 1302/1302/1302 1308/1308/1308
f 1308/1308/1308 1302/1302/1302 1306/1306/1306
f 1309/1309/1309 1304/1304/1304 1308/1308/1308
f 1304/1304/1304 1309/1309/1309 1310/1310/1310
f 1310/1310/1310 1309/1309/1309 1311/1311/1311
f 1311/1311/1311 1309/1309/1309 1312/1312/1312
f 1313/1313/1313 1312/1312/1312 1309/1309/1309
f 1306/1306/1306 1307/1307/1307 1314/1314/1314
f 1308/1308/1308 1306/1306/1306 1314/1314/1314
f 1314/1314/1314 1307/1307/1307 1315/1315/1315
f 1308/1308/1308 1314/1314/1314 1315/1315/1315
f 1309/1309/1309 1308/1308/1308 1315/1315/1315
f 1316/1316/1316 1309/1309/1309 1315/1315/1315
f 1313/1313/1313 1309/1309/1309 1317/1317/1317
f 1309/1309/1309 1316/1316/1316 1317/1317/1317
f 1318/1318/1318 1313/1313/1313 1317/1317/1317
f 1317/1317/1317 1316/1316/1316 1319/1319/1319
f 1318/1318/1318 1317/1317/1317 1320/1320/1320
f 1317/1317/1317 1319/1319/1319 1320/1320/1320
f 1321/1321/1321 1318/1318/1318 1320/1320/1320
f 1322/1322/1322 1320/1320/1320 1319/1319/1319
f 1321/1321/1321 1320/1320/1320 1323/1323/1323
f 1324/1324/1324 1320/1320/1320 1322/1322/1322
f 1324/1324/1324 1322/1322/1322 1325/1325/1325
f 1326/1326/1326 1323/1323/1323 1320/1320/1320
f 1323/1323/1323 1326/1326/1326 1327/1327/1327
f 1328/1328/1328 1323/1323/1323 1327/1327/1327
f 1328/1328/1328 1327/1327/1327 1329/1329/1329
f 1330/1330/1330 1332/1332/1332 1331/1331/1331
f 1333/1333/1333 1330/1330/1330 1331/1331/1331
f 1334/1334/1334 1333/1333/1333 1331/1331/1331
f 1330/1330/1330 1333/1333/1333 1335/1335/1335
f 1336/1336/1336 1333/1333/1333 1334/1334/1334
f 1335/1335/1335 1333/1333/1333 1337/1337/1337
f 1336/1336/1336 1338/1338/1338 1333/1333/1333
f 1338/1338/1338 1337/1337/1337 1333/1333/1333
f 1336/1336/1336 1339/1339/1339 1338/1338/1338
f 1340/1340/1340 1337/1337/1337 1338/1338/1338
f 1340/1340/1340 1341/1341/1341 1337/1337/1337
f 1341/1341/1341 1340/1340/1340 1342/1342/1342
f 1338/1338/1338 1343/1343/1343 1340/1340/1340
f 1342/1342/1342 1340/1340/1340 1343/1343/1343
f 1338/1338/1338 1344/1344/1344 1343/1343/1343
f 1345/1345/1345 1342/1342/1342 1343/1343/1343
f 1342/1342/1342 1345/1345/1345 1346/1346/1346
f 1347/1347/1347 1346/1346/1346 1345/1345/1345
f 1345/1345/1345 1348/1348/1348 1347/1347/1347
f 1349/1349/1349 1347/1347/1347 1348/1348/1348
f 1349/1349/1349 1350/1350/1350 1347/1347/1347
f 1350/1350/1350 1346/1346/1346 1347/1347/1347
f 1351/1351/1351 1346/1346/1346 1350/1350/1350
f 1351/1351/1351 1350/1350/1350 1352/1352/1352
f 1353/1353/1353 1355/1355/1355 1354/1354/1354
f 1356/1356/1356 1353/1353/1353 1354/1354/1354
f 1356/1356/1356 1354/1354/1354 1357/1357/1357
f 1356/1356/1356 1358/1358/1358 1353/1353/1353
f 1359/1359/1359 1356/1356/1356 1357/1357/1357
f 1359/1359/1359 1357/1357/1357 1360/1360/1360
f 1357/1357/1357 1354/1354/1354 1361/1361/1361
f 1354/1354/1354 1362/1362/1362 1361/1361/1361
f 1362/1362/1362 1357/1357/1357 1361/1361/1361
f 1363/1363/1363 1357/1357/1357 1362/1362/1362
f 1360/1360/1360 1357/1357/1357 1364/1364/1364
f 1363/1363/1363 1360/1360/1360 1364/1364/1364
f 1364/1364/1364 1357/1357/1357 1363/1363/1363
f 1365/1365/1365 1367/1367/1367 1366/1366/1366
f 1368/1368/1368 1365/1365/1365 1366/1366/1366
f 1368/1368/1368 1369/1369/1369 1365/1365/1365
f 1370/1370/1370 1365/1365/1365 1369/1369/1369
f 1369/1369/1369 1371/1371/1371 1370/1370/1370
f 1369/1369/1369 1372/1372/1372 1371/1371/1371
f 1366/1366/1366 1373/1373/1373 1368/1368/1368
f 1366/1366/1366 1374/1374/1374 1373/1373/1373
f 1373/1373/1373 1374/1374/1374 1375/1375/1375
f 1375/1375/1375 1374/1374/1374 1376/1376/1376
f 1375/1375/1375 1376/1376/1376 1377/1377/1377
f 1375/1375/1375 1377/1377/1377 1378/1378/1378
f 1378/1378/1378 1373/1373/1373 1375/1375/1375
f 1378/1378/1378 1368/1368/1368 1373/1373/1373
f 1368/1368/1368 1378/1378/1378 1379/1379/1379
f 1380/1380/1380 1368/1368/1368 1379/1379/1379
f 1380/1380/1380 1379/1379/1379 1381/1381/1381
f 1380/1380/1380 1382/1382/1382 1368/1368/1368
f 1368/1368/1368 1382/1382/1382 1369/1369/1369
f 1383/1383/1383 1369/1369/1369 1382/1382/1382
f 1384/1384/1384 1369/1369/1369 1383/1383/1383
f 1385/1385/1385 1369/1369/1369 1384/1384/1384
f 1385/1385/1385 1384/1384/1384 1386/1386/1386
f 1385/1385/1385 1387/1387/1387 1369/1369/1369
f 1385/1385/1385 1388/1388/1388 1387/1387/1387
f 1369/1369/1369 1387/1387/1387 1389/1389/1389
f 1389/1389/1389 1387/1387/1387 1390/1390/1390
f 1369/1369/1369 1389/1389/1389 1372/1372/1372
f 1391/1391/1391 1390/1390/1390 1372/1372/1372
f 1389/1389/1389 1391/1391/1391 1372/1372/1372
f 1392/1392/1392 1394/1394/1394 1393/1393/1393
f 1392/1392/1392 1393/1393/1393 1395/1395/1395
f 1396/1396/1396 1392/1392/1392 1395/1395/1395
f 1396/1396/1396 1397/1397/1397 1392/1392/1392
f 1396/1396/1396 1398/1398/1398 1397/1397/1397
f 1399/1399/1399 1398/1398/1398 1396/1396/1396
f 1399/1399/1399 1396/1396/1396 1395/1395/1395
f 1399/1399/1399 1395/1395/1395 1393/1393/1393
f 1399/1399/1399 1393/1393/1393 1400/1400/1400
f 1400/1400/1400 1393/1393/1393 1401/1401/1401
f 1400/1400/1400 1401/1401/1401 1402/1402/1402
f 1401/1401/1401 1403/1403/1403 1402/1402/1402
f 1404/1404/1404 1406/1406/1406 1405/1405/1405
f 1404/1404/1404 1407/1407/1407 1406/1406/1406
f 1408/1408/1408 1407/1407/1407 1404/1404/1404
f 1408/1408/1408 1409/1409/1409 1407/1407/1407
f 1409/1409/1409 1410/1410/1410 1407/1407/1407
f 1407/1407/1407 1410/1410/1410 1411/1411/1411
f 1407/1407/1407 1412/1412/1412 1406/1406/1406
f 1406/1406/1406 1412/1412/1412 1413/1413/1413
f 1407/1407/1407 1414/1414/1414 1412/1412/1412
f 1414/1414/1414 1415/1415/1415 1412/1412/1412
f 1414/1414/1414 1416/1416/1416 1415/1415/1415
f 1407/1407/1407 1416/1416/1416 1414/1414/1414
f 1407/1407/1407 1411/1411/1411 1416/1416/1416
f 1411/1411/1411 1417/1417/1417 1416/1416/1416
f 1418/1418/1418 1416/1416/1416 1417/1417/1417
f 1418/1418/1418 1417/1417/1417 1419/1419/1419
f 1417/1417/1417 1420/1420/1420 1419/1419/1419
f 1411/1411/1411 1420/1420/1420 1417/1417/1417
f 1421/1421/1421 1420/1420/1420 1411/1411/1411
f 1422/1422/1422 1421/1421/1421 1411/1411/1411
f 1421/1421/1421 1423/1423/1423 1420/1420/1420
f 1420/1420/1420 1423/1423/1423 1424/1424/1424
f 1425/1425/1425 1427/1427/1427 1426/1426/1426
f 1428/1428/1428 1427/1427/1427 1425/1425/1425
f 1429/1429/1429 1428/1428/1428 1425/1425/1425
f 1429/1429/1429 1430/1430/1430 1428/1428/1428
f 1430/1430/1430 1431/1431/1431 1428/1428/1428
f 1431/1431/1431 1432/1432/1432 1428/1428/1428
f 1433/1433/1433 1430/1430/1430 1429/1429/1429
f 1433/1433/1433 1429/1429/1429 1434/1434/1434
f 1435/1435/1435 1430/1430/1430 1433/1433/1433
f 1436/1436/1436 1435/1435/1435 1433/1433/1433
f 1437/1437/1437 1436/1436/1436 1433/1433/1433
f 1437/1437/1437 1438/1438/1438 1436/1436/1436
f 1438/1438/1438 1437/1437/1437 1439/1439/1439
f 1433/1433/1433 1440/1440/1440 1437/1437/1437
f 1437/1437/1437 1441/1441/1441 1439/1439/1439
f 1437/1437/1437 1440/1440/1440 1442/1442/1442
f 1440/1440/1440 1443/1443/1443 1442/1442/1442
f 1444/1444/1444 1441/1441/1441 1437/1437/1437
f 1445/1445/1445 1441/1441/1441 1444/1444/1444
f 1446/1446/1446 1445/1445/1445 1444/1444/1444
f 1447/1447/1447 1441/1441/1441 1445/1445/1445
f 1448/1448/1448 1441/1441/1441 1447/1447/1447
f 1446/1446/1446 1449/1449/1449 1445/1445/1445
f 1446/1446/1446 1450/1450/1450 1449/1449/1449
f 1451/1451/1451 1445/1445/1445 1449/1449/1449
f 1449/1449/1449 1452/1452/1452 1451/1451/1451
f 1453/1453/1453 1452/1452/1452 1449/1449/1449
f 1452/1452/1452 1454/1454/1454 1451/1451/1451
f 1445/1445/1445 1451/1451/1451 1455/1455/1455
f 1455/1455/1455 1456/1456/1456 1445/1445/1445
f 1455/1455/1455 1457/1457/1457 1456/1456/1456
f 1457/1457/1457 1455/1455/1455 1458/1458/1458
f 1458/1458/1458 1459/1459/1459 1457/1457/1457
f 1460/1460/1460 1457/1457/1457 1459/1459/1459
f 1460/1460/1460 1461/1461/1461 1457/1457/1457
f 1461/1461/1461 1462/1462/1462 1457/1457/1457
f 1456/1456/1456 1457/1457/1457 1462/1462/1462
f 1456/1456/1456 1462/1462/1462 1463/1463/1463
f 1456/1456/1456 1464/1464/1464 1445/1445/1445
f 1456/1456/1456 1463/1463/1463 1464/1464/1464
f 1465/1465/1465 1445/1445/1445 1464/1464/1464
f 1463/1463/1463 1465/1465/1465 1464/1464/1464
f 1466/1466/1466 1465/1465/1465 1463/1463/1463
f 1465/1465/1465 1447/1447/1447 1445/1445/1445
f 1467/1467/1467 1447/1447/1447 1465/1465/1465
f 1447/1447/1447 1467/1467/1467 1468/1468/1468
f 1468/1468/1468 1467/1467/1467 1469/1469/1469
f 1468/1468/1468 1469/1469/1469 1470/1470/1470
f 1447/1447/1447 1468/1468/1468 1471/1471/1471
f 1471/1471/1471 1468/1468/1468 1472/1472/1472
f 1448/1448/1448 1471/1471/1471 1472/1472/1472
f 1473/1473/1473 1475/1475/1475 1474/1474/1474
f 1475/1475/1475 1476/1476/1476 1474/1474/1474
f 1475/1475/1475 1477/1477/1477 1476/1476/1476
f 1476/1476/1476 1477/1477/1477 1478/1478/1478
f 1477/1477/1477 1479/1479/1479 1478/1478/1478
f 1479/1479/1479 1480/1480/1480 1478/1478/1478
f 1476/1476/1476 1478/1478/1478 1481/1481/1481
f 1478/1478/1478 1480/1480/1480 1481/1481/1481
f 1481/1481/1481 1480/1480/1480 1482/1482/1482
f 1480/1480/1480 1483/1483/1483 1482/1482/1482
f 1481/1481/1481 1482/1482/1482 1484/1484/1484
f 1481/1481/1481 1484/1484/1484 1485/1485/1485
f 1476/1476/1476 1481/1481/1481 1486/1486/1486
f 1485/1485/1485 1486/1486/1486 1481/1481/1481
f 1474/1474/1474 1476/1476/1476 1486/1486/1486
f 1485/1485/1485 1487/1487/1487 1486/1486/1486
f 1474/1474/1474 1486/1486/1486 1487/1487/1487
f 1474/1474/1474 1487/1487/1487 1488/1488/1488
f 1474/1474/1474 1488/1488/1488 1489/1489/1489
f 1474/1474/1474 1489/1489/1489 1490/1490/1490
f 1491/1491/1491 1474/1474/1474 1490/1490/1490
f 1492/1492/1492 1494/1494/1494 1493/1493/1493
f 1492/1492/1492 1495/1495/1495 1494/1494/1494
f 1496/1496/1496 1494/1494/1494 1495/1495/1495
f 1496/1496/1496 1495/1495/1495 1497/1497/1497
f 1498/1498/1498 1496/1496/1496 1497/1497/1497
f 1498/1498/1498 1497/1497/1497 1499/1499/1499
f 1499/1499/1499 1497/1497/1497 1500/1500/1500
f 1497/1497/1497 1501/1501/1501 1500/1500/1500
f 1497/1497/1497 1502/1502/1502 1501/1501/1501
f 1497/1497/1497 1503/1503/1503 1502/1502/1502
f 1504/1504/1504 1503/1503/1503 1497/1497/1497
f 1503/1503/1503 1505/1505/1505 1502/1502/1502
f 1504/1504/1504 1506/1506/1506 1503/1503/1503
f 1505/1505/1505 1503/1503/1503 1506/1506/1506
f 1507/1507/1507 1509/1509/1509 1508/1508/1508
f 1508/1508/1508 1510/1510/1510 1507/1507/1507
f 1510/1510/1510 1508/1508/1508 1511/1511/1511
f 1507/1507/1507 1510/1510/1510 1512/1512/1512
f 1510/1510/1510 1513/1513/1513 1512/1512/1512
f 1512/1512/1512 1513/1513/1513 1514/1514/1514
f 1515/1515/1515 1510/1510/1510 1511/1511/1511
f 1516/1516/1516 1515/1515/1515 1511/1511/1511
f 1517/1517/1517 1510/1510/1510 1515/1515/1515
f 1518/1518/1518 1517/1517/1517 1515/1515/1515
f 1519/1519/1519 1517/1517/1517 1518/1518/1518
f 1515/1515/1515 1516/1516/1516 1520/1520/1520
f 1520/1520/1520 1516/1516/1516 1521/1521/1521
f 1520/1520/1520 1521/1521/1521 1522/1522/1522
f 1522/1522/1522 1523/1523/1523 1520/1520/1520
f 1520/1520/1520 1523/1523/1523 1515/1515/1515
f 1515/1515/1515 1523/1523/1523 1524/1524/1524
f 1523/1523/1523 1525/1525/1525 1524/1524/1524
f 1526/1526/1526 1523/1523/1523 1522/1522/1522
f 1527/1527/1527 1526/1526/1526 1522/1522/1522
f 1527/1527/1527 1528/1528/1528 1526/1526/1526
f 1529/1529/1529 1527/1527/1527 1522/1522/1522
f 1530/1530/1530 1522/1522/1522 1521/1521/1521
f 1530/1530/1530 1521/1521/1521 1531/1531/1531
f 1531/1531/1531 1521/1521/1521 1532/1532/1532
f 1533/1533/1533 1522/1522/1522 1530/1530/1530
f 1534/1534/1534 1522/1522/1522 1533/1533/1533
f 1534/1534/1534 1529/1529/1529 1522/1522/1522
f 1534/1534/1534 1535/1535/1535 1529/1529/1529
f 1535/1535/1535 1534/1534/1534 1536/1536/1536
f 1535/1535/1535 1537/1537/1537 1529/1529/1529
f 1538/1538/1538 1529/1529/1529 1537/1537/1537
f 1539/1539/1539 1541/1541/1541 1540/1540/1540
f 1540/1540/1540 1541/1541/1541 1542/1542/1542
f 1543/1543/1543 1540/1540/1540 1542/1542/1542
f 1544/1544/1544 1540/1540/1540 1543/1543/1543
f 1545/1545/1545 1544/1544/1544 1543/1543/1543
f 1545/1545/1545 1543/1543/1543 1546/1546/1546
f 1546/1546/1546 1543/1543/1543 1547/1547/1547
f 1545/1545/1545 1546/1546/1546 1548/1548/1548
f 1549/1549/1549 1544/1544/1544 1545/1545/1545
f 1550/1550/1550 1549/1549/1549 1545/1545/1545
f 1549/1549/1549 1551/1551/1551 1544/1544/1544
f 1549/1549/1549 1552/1552/1552 1551/1551/1551
f 1552/1552/1552 1553/1553/1553 1551/1551/1551
f 1553/1553/1553 1554/1554/1554 1551/1551/1551
f 1554/1554/1554 1555/1555/1555 1551/1551/1551
f 1555/1555/1555 1554/1554/1554 1556/1556/1556
f 1557/1557/1557 1556/1556/1556 1554/1554/1554
f 1554/1554/1554 1558/1558/1558 1557/1557/1557
f 1557/1557/1557 1559/1559/1559 1556/1556/1556
f 1560/1560/1560 1556/1556/1556 1559/1559/1559
f 1561/1561/1561 1563/1563/1563 1562/1562/1562
f 1563/1563/1563 1561/1561/1561 1564/1564/1564
f 1563/1563/1563 1564/1564/1564 1565/1565/1565
f 1566/1566/1566 1563/1563/1563 1565/1565/1565
f 1567/1567/1567 1566/1566/1566 1565/1565/1565
f 1568/1568/1568 1570/1570/1570 1569/1569/1569
f 1569/1569/1569 1570/1570/1570 1571/1571/1571
f 1570/1570/1570 1572/1572/1572 1571/1571/1571
f 1570/1570/1570 1573/1573/1573 1572/1572/1572
f 1569/1569/1569 1571/1571/1571 1574/1574/1574
f 1574/1574/1574 1575/1575/1575 1569/1569/1569
f 1575/1575/1575 1576/1576/1576 1569/1569/1569
f 1577/1577/1577 1575/1575/1575 1574/1574/1574
f 1578/1578/1578 1577/1577/1577 1574/1574/1574
f 1579/1579/1579 1577/1577/1577 1578/1578/1578
f 1577/1577/1577 1579/1579/1579 1580/1580/1580
f 1581/1581/1581 1579/1579/1579 1578/1578/1578
f 1582/1582/1582 1579/1579/1579 1581/1581/1581
f 1582/1582/1582 1581/1581/1581 1583/1583/1583
f 1581/1581/1581 1584/1584/1584 1583/1583/1583
f 1585/1585/1585 1584/1584/1584 1581/1581/1581
f 1586/1586/1586 1588/1588/1588 1587/1587/1587
f 1589/1589/1589 1586/1586/1586 1587/1587/1587
f 1590/1590/1590 1589/1589/1589 1587/1587/1587
f 1591/1591/1591 1590/1590/1590 1587/1587/1587
f 1591/1591/1591 1592/1592/1592 1590/1590/1590
f 1593/1593/1593 1591/1591/1591 1587/1587/1587
f 1592/1592/1592 1591/1591/1591 1593/1593/1593
f 1593/1593/1593 1587/1587/1587 1594/1594/1594
f 1595/1595/1595 1593/1593/1593 1594/1594/1594
f 1595/1595/1595 1594/1594/1594 1596/1596/1596
f 1594/1594/1594 1587/1587/1587 1597/1597/1597
f 1596/1596/1596 1594/1594/1594 1597/1597/1597
f 1596/1596/1596 1597/1597/1597 1598/1598/1598
f 1598/1598/1598 1597/1597/1597 1599/1599/1599
f 1600/1600/1600 1598/1598/1598 1599/1599/1599
f 1601/1601/1601 1600/1600/1600 1599/1599/1599
f 1602/1602/1602 1601/1601/1601 1599/1599/1599
f 1597/1597/1597 1587/1587/1587 1603/1603/1603
f 1604/1604/1604 1602/1602/1602 1599/1599/1599
f 1599/1599/1599 1597/1597/1597 1605/1605/1605
f 1597/1597/1597 1603/1603/1603 1605/1605/1605
f 1604/1604/1604 1599/1599/1599 1606/1606/1606
f 1599/1599/1599 1605/1605/1605 1606/1606/1606
f 1606/1606/1606 1605/1605/1605 1603/1603/1603
f 1604/1604/1604 1606/1606/1606 1607/1607/1607
f 1606/1606/1606 1603/1603/1603 1608/1608/1608
f 1607/1607/1607 1606/1606/1606 1608/1608/1608
f 1609/1609/1609 1611/1611/1611 1610/1610/1610
f 1609/1609/1609 1612/1612/1612 1611/1611/1611
f 1613/1613/1613 1615/1615/1615 1614/1614/1614
f 1615/1615/1615 1613/1613/1613 1616/1616/1616
f 1616/1616/1616 1617/1617/1617 1615/1615/1615
f 1618/1618/1618 1620/1620/1620 1619/1619/1619
f 1620/1620/1620 1618/1618/1618 1593/1593/1593
f 1593/1593/1593 1618/1618/1618 1592/1592/1592
f 1621/1621/1621 1592/1592/1592 1618/1618/1618
f 1622/1622/1622 1592/1592/1592 1621/1621/1621
f 1592/1592/1592 1622/1622/1622 1623/1623/1623
f 1622/1622/1622 1624/1624/1624 1623/1623/1623
f 1623/1623/1623 1625/1625/1625 1592/1592/1592
f 1625/1625/1625 1623/1623/1623 1626/1626/1626
f 1623/1623/1623 1627/1627/1627 1626/1626/1626
f 1623/1623/1623 1628/1628/1628 1627/1627/1627
f 1628/1628/1628 1623/1623/1623 1629/1629/1629
f 1630/1630/1630 1632/1632/1632 1631/1631/1631
f 1632/1632/1632 1630/1630/1630 1633/1633/1633
f 1633/1633/1633 1634/1634/1634 1632/1632/1632
f 1634/1634/1634 1633/1633/1633 1635/1635/1635
f 1636/1636/1636 1638/1638/1638 1637/1637/1637
f 1637/1637/1637 1638/1638/1638 1639/1639/1639
f 1639/1639/1639 1638/1638/1638 1640/1640/1640
f 1641/1641/1641 1643/1643/1643 1642/1642/1642
f 1642/1642/1642 1644/1644/1644 1641/1641/1641
f 1645/1645/1645 1644/1644/1644 1642/1642/1642
f 1646/1646/1646 1645/1645/1645 1642/1642/1642
f 1646/1646/1646 1642/1642/1642 1647/1647/1647
f 1646/1646/1646 1648/1648/1648 1645/1645/1645
f 1649/1649/1649 1645/1645/1645 1648/1648/1648
f 1650/1650/1650 1645/1645/1645 1649/1649/1649
f 1650/1650/1650 1651/1651/1651 1645/1645/1645
f 1652/1652/1652 1651/1651/1651 1650/1650/1650
f 1651/1651/1651 1653/1653/1653 1645/1645/1645
f 1653/1653/1653 1644/1644/1644 1645/1645/1645
f 1651/1651/1651 1654/1654/1654 1653/1653/1653
f 1654/1654/1654 1655/1655/1655 1653/1653/1653
f 1653/1653/1653 1656/1656/1656 1644/1644/1644
f 1653/1653/1653 1655/1655/1655 1656/1656/1656
f 1657/1657/1657 1644/1644/1644 1656/1656/1656
f 1655/1655/1655 1657/1657/1657 1656/1656/1656
f 1655/1655/1655 1658/1658/1658 1657/1657/1657
f 1659/1659/1659 1661/1661/1661 1660/1660/1660
f 1660/1660/1660 1661/1661/1661 1662/1662/1662
f 1661/1661/1661 1663/1663/1663 1662/1662/1662
f 1664/1664/1664 1662/1662/1662 1663/1663/1663
f 1663/1663/1663 1665/1665/1665 1664/1664/1664
f 1666/1666/1666 1662/1662/1662 1664/1664/1664
f 1662/1662/1662 1666/1666/1666 1667/1667/1667
f 1668/1668/1668 1666/1666/1666 1664/1664/1664
f 1669/1669/1669 1666/1666/1666 1668/1668/1668
f 1668/1668/1668 1670/1670/1670 1669/1669/1669
f 1666/1666/1666 1669/1669/1669 1671/1671/1671
f 1666/1666/1666 1671/1671/1671 1672/1672/1672
f 1667/1667/1667 1666/1666/1666 1672/1672/1672
f 1667/1667/1667 1672/1672/1672 1673/1673/1673
f 1674/1674/1674 1673/1673/1673 1672/1672/1672
f 1675/1675/1675 1677/1677/1677 1676/1676/1676
f 1676/1676/1676 1678/1678/1678 1675/1675/1675
f 1679/1679/1679 1678/1678/1678 1676/1676/1676
f 1680/1680/1680 1679/1679/1679 1676/1676/1676
f 1679/1679/1679 1680/1680/1680 1681/1681/1681
f 1680/1680/1680 1682/1682/1682 1681/1681/1681
f 1683/1683/1683 1681/1681/1681 1682/1682/1682
f 1684/1684/1684 1682/1682/1682 1680/1680/1680
f 1685/1685/1685 1684/1684/1684 1680/1680/1680
f 1686/1686/1686 1685/1685/1685 1680/1680/1680
f 1687/1687/1687 1684/1684/1684 1685/1685/1685
f 1688/1688/1688 1685/1685/1685 1686/1686/1686
f 1688/1688/1688 1687/1687/1687 1685/1685/1685
f 1689/1689/1689 1691/1691/1691 1690/1690/1690
f 1692/1692/1692 1689/1689/1689 1690/1690/1690
f 1693/1693/1693 1689/1689/1689 1692/1692/1692
f 1693/1693/1693 1694/1694/1694 1689/1689/1689
f 1695/1695/1695 1694/1694/1694 1693/1693/1693
f 1696/1696/1696 1698/1698/1698 1697/1697/1697
f 1697/1697/1697 1698/1698/1698 1699/1699/1699
f 1699/1699/1699 1700/1700/1700 1697/1697/1697
f 1701/1701/1701 1700/1700/1700 1699/1699/1699
f 1699/1699/1699 1702/1702/1702 1701/1701/1701
f 1703/1703/1703 1700/1700/1700 1701/1701/1701
f 1701/1701/1701 1704/1704/1704 1703/1703/1703
f 1705/1705/1705 1707/1707/1707 1706/1706/1706
f 1707/1707/1707 1708/1708/1708 1706/1706/1706
f 1709/1709/1709 1708/1708/1708 1707/1707/1707
f 1710/1710/1710 1708/1708/1708 1709/1709/1709
f 1708/1708/1708 1710/1710/1710 1711/1711/1711
f 1712/1712/1712 1708/1708/1708 1711/1711/1711
f 1706/1706/1706 1708/1708/1708 1713/1713/1713
f 1714/1714/1714 1706/1706/1706 1713/1713/1713
f 1713/1713/1713 1708/1708/1708 1715/1715/1715
f 1708/1708/1708 1712/1712/1712 1715/1715/1715
f 1716/1716/1716 1715/1715/1715 1712/1712/1712
f 1717/1717/1717 1719/1719/1719 1718/1718/1718
f 1720/1720/1720 1717/1717/1717 1718/1718/1718
f 1721/1721/1721 1717/1717/1717 1720/1720/1720
f 1721/1721/1721 1722/1722/1722 1717/1717/1717
f 1723/1723/1723 1720/1720/1720 1718/1718/1718
f 1720/1720/1720 1723/1723/1723 1724/1724/1724
f 1724/1724/1724 1721/1721/1721 1720/1720/1720
f 1724/1724/1724 1723/1723/1723 1725/1725/1725
f 1721/1721/1721 1726/1726/1726 1722/1722/1722
f 1727/1727/1727 1722/1722/1722 1726/1726/1726
f 1726/1726/1726 1728/1728/1728 1727/1727/1727
f 1726/1726/1726 1729/1729/1729 1728/1728/1728
f 1729/1729/1729 1730/1730/1730 1728/1728/1728
f 1729/1729/1729 1731/1731/1731 1730/1730/1730
f 1729/1729/1729 1732/1732/1732 1731/1731/1731
f 1733/1733/1733 1729/1729/1729 1726/1726/1726
f 1733/1733/1733 1732/1732/1732 1729/1729/1729
f 1733/1733/1733 1726/1726/1726 1721/1721/1721
f 1734/1734/1734 1732/1732/1732 1733/1733/1733
f 1735/1735/1735 1734/1734/1734 1733/1733/1733
f 1735/1735/1735 1733/1733/1733 1721/1721/1721
f 1736/1736/1736 1735/1735/1735 1721/1721/1721
f 1721/1721/1721 1737/1737/1737 1736/1736/1736
f 1737/1737/1737 1721/1721/1721 1724/1724/1724
f 1738/1738/1738 1736/1736/1736 1737/1737/1737
f 1739/1739/1739 1737/1737/1737 1724/1724/1724
f 1739/1739/1739 1724/1724/1724 1725/1725/1725
f 1740/1740/1740 1738/1738/1738 1737/1737/1737
f 1738/1738/1738 1740/1740/1740 1741/1741/1741
f 1737/1737/1737 1742/1742/1742 1740/1740/1740
f 1737/1737/1737 1739/1739/1739 1742/1742/1742
f 1741/1741/1741 1740/1740/1740 1742/1742/1742
f 1739/1739/1739 1725/1725/1725 1743/1743/1743
f 1743/1743/1743 1725/1725/1725 1744/1744/1744
f 1743/1743/1743 1745/1745/1745 1739/1739/1739
f 1742/1742/1742 1739/1739/1739 1745/1745/1745
f 1742/1742/1742 1745/1745/1745 1741/1741/1741
f 1746/1746/1746 1741/1741/1741 1745/1745/1745
f 1747/1747/1747 1741/1741/1741 1746/1746/1746
f 1748/1748/1748 1750/1750/1750 1749/1749/1749
f 1748/1748/1748 1751/1751/1751 1750/1750/1750
f 1750/1750/1750 1751/1751/1751 1752/1752/1752
f 1751/1751/1751 1753/1753/1753 1752/1752/1752
f 1751/1751/1751 1754/1754/1754 1753/1753/1753
f 1753/1753/1753 1754/1754/1754 1755/1755/1755
f 1754/1754/1754 1756/1756/1756 1755/1755/1755
f 1756/1756/1756 1754/1754/1754 1757/1757/1757
f 1754/1754/1754 1758/1758/1758 1757/1757/1757
f 1754/1754/1754 1759/1759/1759 1758/1758/1758
f 1760/1760/1760 1751/1751/1751 1748/1748/1748
f 1760/1760/1760 1754/1754/1754 1751/1751/1751
f 1761/1761/1761 1760/1760/1760 1748/1748/1748
f 1761/1761/1761 1762/1762/1762 1760/1760/1760
f 1763/1763/1763 1760/1760/1760 1762/1762/1762
f 1754/1754/1754 1764/1764/1764 1759/1759/1759
f 1760/1760/1760 1764/1764/1764 1754/1754/1754
f 1763/1763/1763 1764/1764/1764 1760/1760/1760
f 1765/1765/1765 1759/1759/1759 1764/1764/1764
f 1763/1763/1763 1766/1766/1766 1764/1764/1764
f 1764/1764/1764 1767/1767/1767 1765/1765/1765
f 1764/1764/1764 1766/1766/1766 1767/1767/1767
f 1768/1768/1768 1770/1770/1770 1769/1769/1769
f 1771/1771/1771 1770/1770/1770 1768/1768/1768
f 1772/1772/1772 1770/1770/1770 1771/1771/1771
f 1773/1773/1773 1772/1772/1772 1771/1771/1771
f 1772/1772/1772 1773/1773/1773 1774/1774/1774
f 1774/1774/1774 1775/1775/1775 1772/1772/1772
f 1770/1770/1770 1772/1772/1772 1775/1775/1775
f 1774/1774/1774 1776/1776/1776 1775/1775/1775
f 1776/1776/1776 1770/1770/1770 1775/1775/1775
f 1770/1770/1770 1776/1776/1776 1777/1777/1777
f 1777/1777/1777 1778/1778/1778 1770/1770/1770
f 1776/1776/1776 1779/1779/1779 1777/1777/1777
f 1777/1777/1777 1780/1780/1780 1778/1778/1778
f 1777/1777/1777 1779/1779/1779 1781/1781/1781
f 1780/1780/1780 1777/1777/1777 1781/1781/1781
f 1781/1781/1781 1782/1782/1782 1780/1780/1780
f 1782/1782/1782 1783/1783/1783 1780/1780/1780
f 1783/1783/1783 1782/1782/1782 1781/1781/1781
f 1781/1781/1781 1784/1784/1784 1783/1783/1783
f 1785/1785/1785 1787/1787/1787 1786/1786/1786
f 1787/1787/1787 1785/1785/1785 1788/1788/1788
f 1789/1789/1789 1787/1787/1787 1788/1788/1788
f 1790/1790/1790 1789/1789/1789 1788/1788/1788
f 1790/1790/1790 1791/1791/1791 1789/1789/1789
f 1792/1792/1792 1789/1789/1789 1791/1791/1791
f 1793/1793/1793 1789/1789/1789 1792/1792/1792
f 1794/1794/1794 1789/1789/1789 1793/1793/1793
f 1795/1795/1795 1789/1789/1789 1794/1794/1794
f 1795/1795/1795 1796/1796/1796 1789/1789/1789
f 1796/1796/1796 1787/1787/1787 1789/1789/1789
f 1797/1797/1797 1787/1787/1787 1796/1796/1796
f 1796/1796/1796 1798/1798/1798 1797/1797/1797
f 1799/1799/1799 1801/1801/1801 1800/1800/1800
f 1799/1799/1799 1800/1800/1800 1802/1802/1802
f 1799/1799/1799 1802/1802/1802 1803/1803/1803
f 1804/1804/1804 1799/1799/1799 1803/1803/1803
f 1805/1805/1805 1804/1804/1804 1803/1803/1803
f 1806/1806/1806 1805/1805/1805 1803/1803/1803
f 1806/1806/1806 1803/1803/1803 1807/1807/1807
f 1808/1808/1808 1799/1799/1799 1804/1804/1804
f 1804/1804/1804 1809/1809/1809 1808/1808/1808
f 1809/1809/1809 1810/1810/1810 1808/1808/1808
f 1810/1810/1810 1811/1811/1811 1808/1808/1808
f 1811/1811/1811 1799/1799/1799 1808/1808/1808
f 1812/1812/1812 1799/1799/1799 1811/1811/1811
f 1812/1812/1812 1813/1813/1813 1799/1799/1799
f 1813/1813/1813 1812/1812/1812 1814/1814/1814
f 1815/1815/1815 1812/1812/1812 1811/1811/1811
f 1816/1816/1816 1815/1815/1815 1811/1811/1811
f 1817/1817/1817 1816/1816/1816 1811/1811/1811
f 1817/1817/1817 1811/1811/1811 1818/1818/1818
f 1819/1819/1819 1818/1818/1818 1811/1811/1811
f 1820/1820/1820 1819/1819/1819 1811/1811/1811
f 1821/1821/1821 1823/1823/1823 1822/1822/1822
f 1824/1824/1824 1823/1823/1823 1821/1821/1821
f 1825/1825/1825 1824/1824/1824 1821/1821/1821
f 1826/1826/1826 1824/1824/1824 1825/1825/1825
f 1827/1827/1827 1826/1826/1826 1825/1825/1825
f 1828/1828/1828 1824/1824/1824 1826/1826/1826
f 1823/1823/1823 1824/1824/1824 1829/1829/1829
f 1828/1828/1828 1829/1829/1829 1824/1824/1824
f 1830/1830/1830 1823/1823/1823 1829/1829/1829
f 1830/1830/1830 1831/1831/1831 1823/1823/1823
f 1832/1832/1832 1829/1829/1829 1828/1828/1828
f 1833/1833/1833 1829/1829/1829 1832/1832/1832
f 1834/1834/1834 1832/1832/1832 1828/1828/1828
f 1834/1834/1834 1835/1835/1835 1832/1832/1832
f 1835/1835/1835 1833/1833/1833 1832/1832/1832
f 1836/1836/1836 1829/1829/1829 1833/1833/1833
f 1837/1837/1837 1829/1829/1829 1836/1836/1836
f 1838/1838/1838 1829/1829/1829 1837/1837/1837
f 1838/1838/1838 1839/1839/1839 1829/1829/1829
f 1839/1839/1839 1840/1840/1840 1829/1829/1829
f 1841/1841/1841 1840/1840/1840 1839/1839/1839
f 1840/1840/1840 1842/1842/1842 1829/1829/1829
f 1842/1842/1842 1843/1843/1843 1829/1829/1829
f 1844/1844/1844 1846/1846/1846 1845/1845/1845
f 1844/1844/1844 1845/1845/1845 1847/1847/1847
f 1848/1848/1848 1847/1847/1847 1845/1845/1845
f 1849/1849/1849 1847/1847/1847 1848/1848/1848
f 1850/1850/1850 1847/1847/1847 1849/1849/1849
f 1850/1850/1850 1849/1849/1849 1851/1851/1851
f 1852/1852/1852 1848/1848/1848 1845/1845/1845
f 1849/1849/1849 1848/1848/1848 1852/1852/1852
f 1849/1849/1849 1852/1852/1852 1853/1853/1853
f 1849/1849/1849 1853/1853/1853 1854/1854/1854
f 1849/1849/1849 1854/1854/1854 1855/1855/1855
f 1856/1856/1856 1849/1849/1849 1855/1855/1855
f 1849/1849/1849 1856/1856/1856 1857/1857/1857
f 1858/1858/1858 1857/1857/1857 1856/1856/1856
f 1856/1856/1856 1859/1859/1859 1858/1858/1858
f 1859/1859/1859 1856/1856/1856 1860/1860/1860
f 1860/1860/1860 1856/1856/1856 1861/1861/1861
f 1862/1862/1862 1864/1864/1864 1863/1863/1863
f 1863/1863/1863 1864/1864/1864 1865/1865/1865
f 1865/1865/1865 1864/1864/1864 1866/1866/1866
f 1866/1866/1866 1867/1867/1867 1865/1865/1865
f 1865/1865/1865 1867/1867/1867 1868/1868/1868
f 1868/1868/1868 1869/1869/1869 1865/1865/1865
f 1869/1869/1869 1870/1870/1870 1865/1865/1865
f 1870/1870/1870 1869/1869/1869 1871/1871/1871
f 1872/1872/1872 1870/1870/1870 1871/1871/1871
f 1870/1870/1870 1872/1872/1872 1873/1873/1873
f 1873/1873/1873 1865/1865/1865 1870/1870/1870
f 1872/1872/1872 1874/1874/1874 1873/1873/1873
f 1873/1873/1873 1874/1874/1874 1875/1875/1875
f 1876/1876/1876 1873/1873/1873 1875/1875/1875
f 1873/1873/1873 1876/1876/1876 1877/1877/1877
f 1873/1873/1873 1877/1877/1877 1865/1865/1865
f 1878/1878/1878 1863/1863/1863 1865/1865/1865
f 1877/1877/1877 1879/1879/1879 1865/1865/1865
f 1879/1879/1879 1878/1878/1878 1865/1865/1865
f 1880/1880/1880 1863/1863/1863 1878/1878/1878
f 1878/1878/1878 1881/1881/1881 1880/1880/1880
f 1880/1880/1880 1882/1882/1882 1863/1863/1863
f 1880/1880/1880 1881/1881/1881 1882/1882/1882
f 1883/1883/1883 1879/1879/1879 1877/1877/1877
f 1883/1883/1883 1877/1877/1877 1884/1884/1884
f 1883/1883/1883 1884/1884/1884 1885/1885/1885
f 1883/1883/1883 1885/1885/1885 1886/1886/1886
f 1887/1887/1887 1886/1886/1886 1885/1885/1885
f 1888/1888/1888 1883/1883/1883 1886/1886/1886
f 1883/1883/1883 1888/1888/1888 1889/1889/1889
f 1889/1889/1889 1879/1879/1879 1883/1883/1883
f 1889/1889/1889 1888/1888/1888 1890/1890/1890
f 1890/1890/1890 1879/1879/1879 1889/1889/1889
f 1891/1891/1891 1879/1879/1879 1890/1890/1890
f 1892/1892/1892 1894/1894/1894 1893/1893/1893
f 1893/1893/1893 1894/1894/1894 1895/1895/1895
f 1896/1896/1896 1893/1893/1893 1895/1895/1895
f 1897/1897/1897 1896/1896/1896 1895/1895/1895
f 1895/1895/1895 1894/1894/1894 1898/1898/1898
f 1897/1897/1897 1895/1895/1895 1898/1898/1898
f 1898/1898/1898 1894/1894/1894 1899/1899/1899
f 1900/1900/1900 1897/1897/1897 1898/1898/1898
f 1901/1901/1901 1898/1898/1898 1899/1899/1899
f 1900/1900/1900 1898/1898/1898 1902/1902/1902
f 1902/1902/1902 1898/1898/1898 1903/1903/1903
f 1903/1903/1903 1898/1898/1898 1904/1904/1904
f 1904/1904/1904 1898/1898/1898 1905/1905/1905
f 1906/1906/1906 1898/1898/1898 1901/1901/1901
f 1907/1907/1907 1898/1898/1898 1906/1906/1906
f 1905/1905/1905 1898/1898/1898 1908/1908/1908
f 1908/1908/1908 1898/1898/1898 1907/1907/1907
f 1909/1909/1909 1907/1907/1907 1906/1906/1906
f 1910/1910/1910 1907/1907/1907 1909/1909/1909
f 1907/1907/1907 1910/1910/1910 1911/1911/1911
f 1907/1907/1907 1911/1911/1911 1912/1912/1912
f 1912/1912/1912 1913/1913/1913 1907/1907/1907
f 1913/1913/1913 1908/1908/1908 1907/1907/1907
f 1908/1908/1908 1913/1913/1913 1914/1914/1914
f 1915/1915/1915 1917/1917/1917 1916/1916/1916
f 1918/1918/1918 1915/1915/1915 1916/1916/1916
f 1916/1916/1916 1919/1919/1919 1918/1918/1918
f 1919/1919/1919 1916/1916/1916 1920/1920/1920
f 1919/1919/1919 1921/1921/1921 1918/1918/1918
f 1919/1919/1919 1922/1922/1922 1921/1921/1921
f 1922/1922/1922 1923/1923/1923 1921/1921/1921
f 1924/1924/1924 1921/1921/1921 1923/1923/1923
f 1925/1925/1925 1923/1923/1923 1922/1922/1922
f 1925/1925/1925 1922/1922/1922 1926/1926/1926
f 1923/1923/1923 1925/1925/1925 1927/1927/1927
f 1927/1927/1927 1928/1928/1928 1923/1923/1923
f 1927/1927/1927 1929/1929/1929 1928/1928/1928
f 1928/1928/1928 1930/1930/1930 1923/1923/1923
f 1931/1931/1931 1930/1930/1930 1928/1928/1928
f 1932/1932/1932 1934/1934/1934 1933/1933/1933
f 1935/1935/1935 1934/1934/1934 1932/1932/1932
f 1936/1936/1936 1935/1935/1935 1932/1932/1932
f 1936/1936/1936 1937/1937/1937 1935/1935/1935
f 1936/1936/1936 1938/1938/1938 1937/1937/1937
f 1937/1937/1937 1938/1938/1938 1939/1939/1939
f 1939/1939/1939 1940/1940/1940 1937/1937/1937
f 1941/1941/1941 1940/1940/1940 1939/1939/1939
f 1939/1939/1939 1942/1942/1942 1941/1941/1941
f 1941/1941/1941 1942/1942/1942 1943/1943/1943
f 1943/1943/1943 1944/1944/1944 1941/1941/1941
f 1944/1944/1944 1945/1945/1945 1941/1941/1941
f 1941/1941/1941 1945/1945/1945 1946/1946/1946
f 1945/1945/1945 1947/1947/1947 1946/1946/1946
f 1947/1947/1947 1948/1948/1948 1946/1946/1946
f 1946/1946/1946 1948/1948/1948 1949/1949/1949
f 1950/1950/1950 1946/1946/1946 1949/1949/1949
f 1950/1950/1950 1941/1941/1941 1946/1946/1946
f 1940/1940/1940 1941/1941/1941 1950/1950/1950
f 1950/1950/1950 1951/1951/1951 1940/1940/1940
f 1937/1937/1937 1940/1940/1940 1952/1952/1952
f 1952/1952/1952 1935/1935/1935 1937/1937/1937
f 1951/1951/1951 1953/1953/1953 1940/1940/1940
f 1953/1953/1953 1952/1952/1952 1940/1940/1940
f 1954/1954/1954 1953/1953/1953 1951/1951/1951
f 1953/1953/1953 1954/1954/1954 1952/1952/1952
f 1935/1935/1935 1952/1952/1952 1955/1955/1955
f 1956/1956/1956 1955/1955/1955 1952/1952/1952
f 1935/1935/1935 1955/1955/1955 1957/1957/1957
f 1935/1935/1935 1957/1957/1957 1958/1958/1958
f 1957/1957/1957 1955/1955/1955 1959/1959/1959
f 1960/1960/1960 1962/1962/1962 1961/1961/1961
f 1962/1962/1962 1963/1963/1963 1961/1961/1961
f 1961/1961/1961 1963/1963/1963 1964/1964/1964
f 1964/1964/1964 1965/1965/1965 1961/1961/1961
f 1961/1961/1961 1965/1965/1965 1966/1966/1966
f 1967/1967/1967 1965/1965/1965 1964/1964/1964
f 1968/1968/1968 1967/1967/1967 1964/1964/1964
f 1968/1968/1968 1964/1964/1964 1963/1963/1963
f 1968/1968/1968 1963/1963/1963 1969/1969/1969
f 1970/1970/1970 1969/1969/1969 1963/1963/1963
f 1970/1970/1970 1963/1963/1963 1971/1971/1971
f 1962/1962/1962 1971/1971/1971 1963/1963/1963
f 1972/1972/1972 1970/1970/1970 1971/1971/1971
f 1971/1971/1971 1973/1973/1973 1972/1972/1972
f 1972/1972/1972 1973/1973/1973 1974/1974/1974
f 1975/1975/1975 1971/1971/1971 1962/1962/1962
f 1962/1962/1962 1976/1976/1976 1975/1975/1975
f 1976/1976/1976 1977/1977/1977 1975/1975/1975
f 1976/1976/1976 1962/1962/1962 1978/1978/1978
f 1979/1979/1979 1978/1978/1978 1962/1962/1962
f 1978/1978/1978 1979/1979/1979 1980/1980/1980
f 1981/1981/1981 1978/1978/1978 1980/1980/1980
f 1981/1981/1981 1976/1976/1976 1978/1978/1978
f 1981/1981/1981 1982/1982/1982 1976/1976/1976
f 1976/1976/1976 1983/1983/1983 1977/1977/1977
f 1983/1983/1983 1984/1984/1984 1977/1977/1977
f 1983/1983/1983 1985/1985/1985 1984/1984/1984
f 1983/1983/1983 1986/1986/1986 1985/1985/1985
f 1982/1982/1982 1987/1987/1987 1976/1976/1976
f 1976/1976/1976 1987/1987/1987 1983/1983/1983
f 1983/1983/1983 1987/1987/1987 1986/1986/1986
f 1988/1988/1988 1987/1987/1987 1982/1982/1982
f 1988/1988/1988 1989/1989/1989 1987/1987/1987
f 1989/1989/1989 1986/1986/1986 1987/1987/1987
f 1989/1989/1989 1988/1988/1988 1990/1990/1990
f 1990/1990/1990 1991/1991/1991 1989/1989/1989
f 1992/1992/1992 1989/1989/1989 1991/1991/1991
f 1989/1989/1989 1992/1992/1992 1993/1993/1993
f 1993/1993/1993 1986/1986/1986 1989/1989/1989
f 1994/1994/1994 1986/1986/1986 1993/1993/1993
f 1994/1994/1994 1993/1993/1993 1995/1995/1995
f 1994/1994/1994 1995/1995/1995 1996/1996/1996
f 1997/1997/1997 1996/1996/1996 1995/1995/1995
f 1998/1998/1998 1994/1994/1994 1996/1996/1996
f 1998/1998/1998 1999/1999/1999 1994/1994/1994
f 1994/1994/1994 1999/1999/1999 2000/2000/2000
f 2000/2000/2000 2001/2001/2001 1994/1994/1994
f 2001/2001/2001 1986/1986/1986 1994/1994/1994
f 2002/2002/2002 2001/2001/2001 2000/2000/2000
f 1986/1986/1986 2001/2001/2001 2003/2003/2003
f 2003/2003/2003 1985/1985/1985 1986/1986/1986
f 2003/2003/2003 2004/2004/2004 1985/1985/1985
f 2004/2004/2004 2003/2003/2003 2005/2005/2005
f 2006/2006/2006 2005/2005/2005 2003/2003/2003
f 2007/2007/2007 2005/2005/2005 2006/2006/2006
f 2008/2008/2008 2005/2005/2005 2007/2007/2007
f 2009/2009/2009 2004/2004/2004 2005/2005/2005
f 2010/2010/2010 2009/2009/2009 2005/2005/2005
f 2010/2010/2010 2011/2011/2011 2009/2009/2009
f 2012/2012/2012 1985/1985/1985 2004/2004/2004
f 2004/2004/2004 2013/2013/2013 2012/2012/2012
f 2013/2013/2013 2004/2004/2004 2014/2014/2014
f 1985/1985/1985 2012/2012/2012 2015/2015/2015
f 1985/1985/1985 2015/2015/2015 2016/2016/2016
f 2017/2017/2017 2015/2015/2015 2012/2012/2012
f 2015/2015/2015 2017/2017/2017 2016/2016/2016
f 2018/2018/2018 2020/2020/2020 2019/2019/2019
f 2021/2021/2021 2019/2019/2019 2020/2020/2020
f 2021/2021/2021 2020/2020/2020 2022/2022/2022
f 2022/2022/2022 2023/2023/2023 2021/2021/2021
f 2023/2023/2023 2024/2024/2024 2021/2021/2021
f 2025/2025/2025 2023/2023/2023 2022/2022/2022
f 2024/2024/2024 2023/2023/2023 2025/2025/2025
f 2022/2022/2022 2026/2026/2026 2025/2025/2025
f 2024/2024/2024 2025/2025/2025 2026/2026/2026
f 2027/2027/2027 2029/2029/2029 2028/2028/2028
f 2027/2027/2027 2028/2028/2028 2030/2030/2030
f 2029/2029/2029 2031/2031/2031 2028/2028/2028
f 2031/2031/2031 2032/2032/2032 2028/2028/2028
f 2029/2029/2029 2033/2033/2033 2031/2031/2031
f 2030/2030/2030 2028/2028/2028 2034/2034/2034
f 2028/2028/2028 2032/2032/2032 2034/2034/2034
f 2034/2034/2034 2035/2035/2035 2030/2030/2030
f 2036/2036/2036 2035/2035/2035 2034/2034/2034
f 2032/2032/2032 2036/2036/2036 2034/2034/2034
f 2032/2032/2032 2037/2037/2037 2036/2036/2036
f 2033/2033/2033 2038/2038/2038 2031/2031/2031
f 2031/2031/2031 2038/2038/2038 2032/2032/2032
f 2033/2033/2033 2039/2039/2039 2038/2038/2038
f 2040/2040/2040 2038/2038/2038 2039/2039/2039
f 2040/2040/2040 2032/2032/2032 2038/2038/2038
f 2041/2041/2041 2037/2037/2037 2032/2032/2032
f 2040/2040/2040 2041/2041/2041 2032/2032/2032
f 2037/2037/2037 2041/2041/2041 2042/2042/2042
f 2040/2040/2040 2042/2042/2042 2041/2041/2041
