mtllib P_RockDesert_Hoodoo09.mtl
v -0.4550347 9.47156 -1.056828
v -0.2389514 8.477037 -0.6939679
v -0.3956629 9.687595 -1.059363
v 1.001724 -4.062876 -1.723209
v 0.8893279 -4.28447 -1.521807
v 1.368355 -4.313902 -1.047275
v 1.425238 -4.081129 -1.080533
v 1.053257 -1.968403 -1.835175
v 1.725674 -2.156837 -1.001348
v 1.334995 -4.335845 -0.7688229
v 1.783677 -2.001304 -1.201696
v 0.9046169 -0.05456752 -1.574986
v 1.684876 -0.1236259 -0.9752086
v 1.113675 1.101317 -0.6412562
v 0.6432256 1.103422 -1.109539
v 0.9375835 2.677135 -0.5334324
v 0.5455931 2.672114 -0.9226894
v 0.962154 3.591252 -0.5046275
v 0.5893902 3.562945 -0.8765252
v 0.7099202 3.970196 -0.3930025
v 0.4198684 3.949865 -0.6812315
v 0.5408465 5.174004 -0.3052255
v 0.3160764 5.148015 -0.529652
v 0.3855254 5.768281 -0.2205739
v 0.2232996 5.744084 -0.3832294
v 0.4307546 6.362482 -0.2491329
v 0.2478654 6.328723 -0.4330759
v 0.44098 8.516207 -0.5073177
v 0.2876652 8.522947 -0.6037083
v 1.082016 2.670781 0.0007703364
v 1.099878 3.603541 0.004247264
v 0.8165418 3.982268 0.00167965
v 0.6232266 5.191724 0.001373322
v 0.4448278 5.787223 0.001184945
v 0.4974805 6.392805 0.001270532
v 1.285586 1.088425 0.0005239047
v 0.9660225 3.624344 0.5155235
v 0.9413015 2.682798 0.5374051
v 0.710314 4.020027 0.3972735
v 0.5404021 5.236872 0.3082817
v 0.3847295 5.828243 0.2229156
v 0.4294581 6.44774 0.2514308
v 1.116349 1.475597 0.644151
v 0.639762 8.470679 0.1633039
v 1.811649 -0.06611931 0.0003355604
v 1.571477 0.3736154 0.9104468
v 1.8274 -1.759518 1.051804
v 2.106523 -1.976036 -0.005132599
v 1.744572 -4.065364 0.9937217
v 1.925627 -2.003165 -0.9540575
v 2.00897 -4.065067 -0.00764192
v 1.646091 -4.082514 -0.6952458
v 1.758384 -4.326578 -0.01544698
v 1.589622 -4.324796 -0.6617227
v 0.6231834 8.456948 -0.008113115
v 0.9485262 9.295597 0.2604536
v 0.612937 8.536495 -0.2046713
v 0.9520496 9.333071 -0.01327816
v 1.014633 10.01211 0.2913185
v 0.5323942 8.494472 -0.3502192
v 0.9318663 9.381499 -0.2815798
v 0.8071393 9.417045 -0.5382761
v 0.6569558 9.48155 -0.7823715
v 1.009855 9.809133 -0.00861048
v 0.9940162 9.894928 -0.3102976
v 0.8588439 9.932912 -0.5847789
v 0.6802253 10.08233 -0.8524777
v 0.6867179 10.30792 -0.8850207
v 0.9746263 10.33464 -0.6079978
v 0.7809988 10.56269 -0.8832502
v 1.023779 10.60485 -0.6111656
v 1.119915 10.3316 -0.3316868
v 1.189602 10.61305 -0.3425266
v 1.111839 10.10536 -0.007378325
v 1.159931 10.59215 -0.02902087
v 1.171218 10.68769 -0.0264372
v 1.050168 10.43617 0.2704839
v 1.070007 10.71316 0.2466214
v 0.9576864 10.617 0.5281558
v 0.9522815 10.37529 0.5658246
v 1.02114 10.30832 0.4052756
v 0.8666004 9.998032 0.5750359
v 0.8112646 9.442394 0.5467289
v -0.2550294 6.416886 0.4329999
v -0.554849 8.435227 0.4868502
v -0.3968278 8.45289 0.5785457
v -1.015783 9.181096 0.8187813
v -0.6766919 9.643699 0.9640245
v -0.9929747 10.30547 0.8387518
v -0.6979559 10.26371 1.005456
v -0.2477194 9.439346 1.16936
v -0.6721137 10.5613 1.015485
v -0.9655426 10.60433 0.8452147
v -0.634828 10.74447 1.001222
v -0.9404336 10.76756 0.8296221
v -0.298604 10.69283 1.134858
v -0.2764965 10.44463 1.161013
v -0.04677317 10.65506 1.121275
v -0.2793131 10.15606 1.152881
v -0.07991785 10.52089 1.123215
v 0.2463952 10.63862 1.101718
v 0.1972021 10.39221 1.129843
v 0.5443044 10.6451 0.9882797
v -0.1087719 10.20747 1.095291
v -0.09669711 9.793375 1.053096
v 0.4754352 10.37708 1.01912
v 0.798134 10.60819 0.8036606
v 0.1651844 10.08208 1.115726
v 0.7282634 10.40078 0.8534504
v 0.9576864 10.617 0.5281558
v 0.9522815 10.37529 0.5658246
v 0.4351357 10.05028 0.9961942
v 0.6837052 10.04434 0.8319387
v 0.8666004 9.998032 0.5750359
v 0.8112646 9.442394 0.5467289
v 0.1594195 9.538199 1.070683
v 0.4113402 9.491751 0.9425883
v 0.6489578 9.474424 0.7843767
v 0.1214054 8.490426 0.6624102
v 0.2782556 8.478548 0.5767987
v 0.4328744 8.491961 0.4840658
v 0.5305231 8.49302 0.3318707
v 0.639762 8.470679 0.1633039
v 0.9485262 9.295597 0.2604536
v 0.4294581 6.44774 0.2514308
v 0.2445238 6.467907 0.4331285
v 0.3847295 5.828243 0.2229156
v -0.03383721 8.616092 0.6415905
v -0.2206677 8.338171 0.7171507
v -0.005555684 6.460375 0.4990525
v -0.2550294 6.416886 0.4329999
v 0.2208247 5.843593 0.3841197
v 0.5404021 5.236872 0.3082817
v -0.001043149 5.836001 0.4425244
v -0.2222646 5.80279 0.3837734
v 0.3135566 5.256071 0.5317016
v 0.710314 4.020027 0.3972735
v 0.006069978 5.249357 0.6124913
v -0.3003183 5.215803 0.53079
v 0.4179524 4.039669 0.6856793
v 0.9660225 3.624344 0.5155235
v 0.0210423 4.035074 0.7897391
v -0.3741529 4.0089 0.6838685
v 0.5910081 3.624393 0.8897431
v 0.9413015 2.682798 0.5374051
v 0.07958578 3.597472 1.026469
v -0.4316601 3.554863 0.8908379
v 0.5478404 2.68782 0.9302108
v 1.116349 1.475597 0.644151
v 0.01083265 2.679229 1.072271
v -0.5248584 2.661957 0.928659
v 0.6447089 1.475676 1.1152
v 1.571477 0.3736154 0.9104468
v 0.001007304 1.46772 1.285687
v -0.6415998 1.456745 1.113985
v 0.9067973 0.2729589 1.579007
v -0.002588689 0.2662101 1.796219
v -0.9128427 0.3620644 1.552623
v -1.05702 -1.759435 1.788003
v 0.0006159851 -1.838447 2.070348
v -0.9879109 -4.056178 1.684164
v 0.01899928 -4.115254 1.890242
v 1.055281 -1.838842 1.827817
v 1.8274 -1.759518 1.051804
v 0.9878818 -4.120281 1.675674
v 1.744572 -4.065364 0.9937217
v 0.4763225 12.53857 0.5253744
v 0.7246032 12.55811 0.1857411
v 0.8192889 12.06051 0.5243849
v 0.6172631 12.11986 0.6989734
v 0.7735493 11.67152 0.4498855
v 0.409 12.10494 0.8504128
v 0.1000179 12.55198 0.7055094
v 0.5996845 11.69696 0.6363168
v 0.9607194 11.27934 0.5102791
v 0.1775164 12.0416 0.9474006
v 0.4291258 11.68089 0.7953702
v -0.08208738 12.08201 0.9460382
v -0.3945673 12.64335 0.7051076
v 0.7974861 11.25688 0.7511775
v 0.2073111 11.65189 0.8951843
v -0.3374932 12.08442 0.9594111
v -0.575494 12.0752 0.8591061
v -0.08266684 11.65911 0.8830826
v -0.3470848 11.65537 0.914467
v -0.5905489 11.65507 0.8071269
v 0.6518909 11.24338 0.951457
v 0.4030371 11.25494 1.075493
v -0.3180407 11.23299 1.106343
v -0.6141446 11.25252 0.9646853
v 0.009955741 11.23512 1.040089
v -0.2788698 10.81821 0.8108609
v -0.5038354 10.90922 0.7735123
v -0.02169431 10.77475 0.7906832
v 0.2653019 10.80602 0.7951066
v 0.500835 10.83035 0.7651818
v 0.6812906 10.81963 0.6173475
v 0.8705543 10.86119 0.4299651
v 1.052187 10.90448 0.2219816
v 1.08343 11.30774 0.2523475
v -0.748242 12.65353 0.4838407
v -0.3945673 12.64335 0.7051076
v -0.575494 12.0752 0.8591061
v -0.7892841 12.07322 0.7098943
v -0.5905489 11.65507 0.8071269
v -0.9894471 12.10467 0.5183736
v -0.9516281 12.65302 0.1197651
v -0.8016887 11.66434 0.6565211
v -0.6141446 11.25252 0.9646853
v -0.8601838 11.27447 0.7840479
v -0.5038354 10.90922 0.7735123
v -0.7188065 10.92583 0.6362961
v -0.9761839 11.69159 0.4647853
v -1.029064 11.29409 0.5577632
v -0.8817657 10.92913 0.4557969
v -1.098189 12.10582 0.2688823
v -1.077111 11.66773 0.2224568
v -1.129625 11.25268 0.2790574
v -1.022047 10.85264 0.2351737
v -1.180287 12.17291 -0.03676512
v -0.9546928 12.66425 -0.297243
v -1.152932 12.18222 -0.3033639
v -1.136492 11.70621 -0.05342101
v -1.118885 11.71116 -0.308454
v -1.160998 11.25663 -0.0006080698
v -1.02776 10.87047 0.007907467
v -1.163897 11.26131 -0.2842212
v -0.9848729 11.68627 -0.5258778
v -1.002831 10.89674 -0.2399115
v -1.045657 11.2744 -0.5412796
v -0.9011923 10.92862 -0.4732022
v -0.3968278 8.45289 0.5785457
v -0.2206677 8.338171 0.7171507
v -0.2550294 6.416886 0.4329999
v -0.6766919 9.643699 0.9640245
v -0.2477194 9.439346 1.16936
v 0.535253 12.5725 -0.593372
v 0.2117785 12.5933 -0.8584171
v 0.428065 12.02234 -0.9021695
v 0.645967 12.0139 -0.7391484
v 0.385517 11.61498 -0.8824248
v 0.8082554 12.02411 -0.5204837
v 0.7068319 12.60686 -0.2060407
v 0.5991524 11.57519 -0.7314737
v 0.5034733 11.19983 -0.9321526
v 0.7493948 11.14254 -0.7685251
v 0.7553399 11.58786 -0.5244746
v 0.9211931 12.05127 -0.2721663
v 0.9255639 11.16683 -0.5403383
v 0.6752072 10.76216 -0.6523883
v 0.8793843 10.78487 -0.4605169
v 0.9637049 12.06747 -0.001204841
v 0.7246032 12.55811 0.1857411
v 0.8629928 11.61057 -0.2894812
v 1.039807 11.18586 -0.2804208
v 0.9798056 10.81933 -0.2435737
v 0.9331805 12.07344 0.2730713
v 0.8192889 12.06051 0.5243849
v 0.9098321 11.68722 -0.04357819
v 1.109465 11.30507 -0.02815584
v 1.023246 10.91302 -0.006487681
v 0.8824483 11.69187 0.2136864
v 0.7735493 11.67152 0.4498855
v 1.08343 11.30774 0.2523475
v 1.052187 10.90448 0.2219816
v 0.9607194 11.27934 0.5102791
v 0.4325327 9.597628 -0.8914223
v 0.1272368 8.519272 -0.6931393
v 0.2876652 8.522947 -0.6037083
v 0.1479782 9.548771 -1.072789
v 0.4197032 10.05581 -0.9461548
v 0.1355454 10.08741 -1.114611
v 0.6569558 9.48155 -0.7823715
v 0.2876652 8.522947 -0.6037083
v 0.44098 8.516207 -0.5073177
v 0.4325327 9.597628 -0.8914223
v 0.6802253 10.08233 -0.8524777
v 0.4197032 10.05581 -0.9461548
v 0.4588587 10.39996 -0.9806777
v 0.6867179 10.30792 -0.8850207
v 0.5227542 10.56665 -0.9832575
v 0.7809988 10.56269 -0.8832502
v 0.2411385 10.61406 -1.142533
v 0.1730728 10.42199 -1.133091
v -0.06482779 10.65701 -1.155457
v 0.1355454 10.08741 -1.114611
v -0.126388 10.50156 -1.146299
v -0.3628984 10.68559 -1.146162
v -0.157498 10.14176 -1.132993
v -0.3475311 10.56804 -1.139477
v -0.14362 9.588991 -1.092712
v 0.1479782 9.548771 -1.072789
v -0.05794857 8.489617 -0.6982717
v 0.1272368 8.519272 -0.6931393
v -0.341587 9.595682 -1.083319
v -0.2389514 8.477037 -0.6939679
v -0.003229895 6.294051 -0.5006253
v -0.3522318 10.10502 -1.097305
v -0.3956629 9.687595 -1.059363
v -0.4107578 10.26526 -1.079644
v -0.4550347 9.47156 -1.056828
v -0.4090157 10.52282 -1.094773
v -0.4505933 10.55956 -1.082578
v -0.5586368 10.75534 -0.9624512
v -0.4761696 10.26728 -1.073288
v -0.6071998 10.70605 -0.961418
v -0.7530085 10.80665 -0.8697342
v -0.8185344 10.73805 -0.8731263
v -1.011347 10.82587 -0.5902534
v -0.660652 10.4013 -0.9782653
v -0.6529379 9.739248 -0.9374107
v -1.173473 10.59489 -0.6729792
v -1.2527 10.79557 -0.3300763
v -1.374794 10.61421 -0.3035268
v -0.8747783 10.44761 -0.888195
v -1.22015 10.32124 -0.6834484
v -0.9167492 9.755174 -0.7879476
v -0.3986983 8.458336 -0.6056668
v -1.123765 9.749868 -0.538247
v -0.5520636 8.445648 -0.5085174
v -0.2546896 6.263714 -0.4331106
v -1.289643 9.744745 -0.2809239
v -1.419689 10.34089 -0.3111579
v -0.7415304 8.417055 -0.1916098
v -0.6510435 8.42223 -0.3525015
v -0.438451 6.24674 -0.2491333
v -0.3843373 5.684166 -0.2204031
v -0.2216199 5.696867 -0.3830865
v -0.5237139 5.080976 -0.3046707
v -0.2987868 5.097195 -0.5291311
v -0.6607233 3.895367 -0.3918192
v 0.0009468283 5.718973 -0.4428056
v -0.3712388 3.908919 -0.6800849
v -0.802971 3.450398 -0.5043506
v 0.2478654 6.328723 -0.4330759
v 0.2232996 5.744084 -0.3832294
v 0.008691387 5.121953 -0.6115625
v 0.3160764 5.148015 -0.529652
v 0.02422556 3.929982 -0.7859996
v 0.4198684 3.949865 -0.6812315
v -0.4289635 3.480554 -0.8771861
v -0.9112669 2.612607 -0.5321085
v 0.08062334 3.525901 -1.012266
v 0.5893902 3.562945 -0.8765252
v -0.5204629 2.63272 -0.9217097
v -1.107481 1.437138 -0.6401907
v 0.01238338 2.658685 -1.063824
v 0.5455931 2.672114 -0.9226894
v -0.6380881 1.457947 -1.10896
v -1.581478 0.3396394 -0.9100392
v 0.002470057 1.48139 -1.279476
v 0.6432256 1.103422 -1.109539
v -0.914707 0.3585257 -1.575662
v -0.004731928 0.3781524 -1.81778
v 0.9046169 -0.05456752 -1.574986
v 1.053257 -1.968403 -1.835175
v -0.003153413 -1.756408 -2.117402
v 1.001724 -4.062876 -1.723209
v 0.01191801 -4.064998 -1.98724
v -1.060301 -1.769663 -1.836028
v -1.8355 -1.781535 -1.063133
v -0.9928233 -4.068285 -1.744508
v -1.729961 -4.073319 -1.012184
v 0.02021371 -4.281642 -1.748578
v -0.8433332 -4.328192 -1.519885
v -0.7133371 10.89091 -0.6581546
v -0.640502 10.63887 -0.3179179
v -0.5247889 10.5959 -0.4459234
v -0.9011923 10.92862 -0.4732022
v -0.7111371 10.6034 -0.1623114
v -1.002831 10.89674 -0.2399115
v -0.7255441 10.55321 0.001260592
v -1.02776 10.87047 0.007907467
v -0.7082338 10.53171 0.1611844
v -1.022047 10.85264 0.2351737
v -0.6101697 10.62901 0.3053758
v -0.8817657 10.92913 0.4557969
v -0.5004331 10.63842 0.4302965
v -0.7188065 10.92583 0.6362961
v -0.3589067 10.64412 0.5185533
v -0.5038354 10.90922 0.7735123
v -0.213424 10.50498 0.5110151
v -0.2788698 10.81821 0.8108609
v -0.04233715 10.47807 0.522773
v -0.02169431 10.77475 0.7906832
v 0.1343654 10.51185 0.5008091
v 0.2653019 10.80602 0.7951066
v 0.3074124 10.58759 0.5097124
v 0.500835 10.83035 0.7651818
v 0.4503827 10.5834 0.4152976
v 0.6812906 10.81963 0.6173475
v 0.5912334 10.66184 0.2892728
v 0.8705543 10.86119 0.4299651
v 0.7442797 10.76769 0.1526075
v 1.052187 10.90448 0.2219816
v 0.7293103 10.73664 0.002186937
v 1.023246 10.91302 -0.006487681
v 0.70623 10.63846 -0.171909
v 0.9798056 10.81933 -0.2435737
v 0.6218562 10.58781 -0.3166552
v 0.8793843 10.78487 -0.4605169
v 0.4615038 10.56301 -0.4467005
v 0.6752072 10.76216 -0.6523883
v 0.2468161 10.52796 -0.4696097
v 0.3954265 10.77763 -0.7170515
v 0.1255144 10.5122 -0.597858
v 0.1997876 10.76138 -0.8692252
v -0.05143068 10.53699 -0.6129113
v -0.05275716 10.7955 -0.8854365
v -0.05275716 10.7955 -0.8854365
v -0.212414 10.54374 -0.5605288
v -0.05143068 10.53699 -0.6129113
v -0.2867939 10.81205 -0.8251103
v -0.3814648 10.57217 -0.5336055
v -0.5176673 10.86469 -0.7617943
v -0.5247889 10.5959 -0.4459234
v -0.7133371 10.89091 -0.6581546
v -0.05482785 11.19137 -1.079419
v -0.3432902 11.22453 -1.041821
v -0.635589 11.26384 -0.9278946
v 0.2385457 11.16974 -1.051654
v 0.1997876 10.76138 -0.8692252
v -0.8645595 11.26027 -0.7588416
v -0.9011923 10.92862 -0.4732022
v -1.045657 11.2744 -0.5412796
v -0.8305104 11.67924 -0.7312794
v -0.9848729 11.68627 -0.5258778
v -0.5997027 11.70257 -0.8877548
v -0.3584287 11.63391 -0.9844672
v -0.1125714 11.61244 -1.015455
v 0.1476123 11.6006 -0.9877562
v 0.385517 11.61498 -0.8824248
v 0.5034733 11.19983 -0.9321526
v 0.428065 12.02234 -0.9021695
v 0.1774855 12.04122 -1.00947
v 0.2117785 12.5933 -0.8584171
v -0.09315093 12.05745 -1.039074
v -0.4065249 12.64768 -0.8923183
v -0.3402563 12.06795 -1.004916
v -0.5749935 12.16098 -0.9055154
v -0.7565843 12.66207 -0.6643378
v -0.8318455 12.11758 -0.7381176
v -0.993993 12.12302 -0.5216882
v -0.9546928 12.66425 -0.297243
v -1.118885 11.71116 -0.308454
v -1.152932 12.18222 -0.3033639
v -0.5835577 10.66481 -0.824872
v -0.7769758 10.6913 -0.7337826
v -0.7530085 10.80665 -0.8697342
v -0.5586368 10.75534 -0.9624512
v -0.3628984 10.68559 -1.146162
v -0.7769758 10.6913 -0.7337826
v -1.011347 10.82587 -0.5902534
v -0.7530085 10.80665 -0.8697342
v -0.9588181 10.74698 -0.4895149
v -1.2527 10.79557 -0.3300763
v -1.076876 10.70096 -0.2497835
v -1.34814 10.79515 0.04083236
v -1.152977 10.64911 -0.01366498
v -1.397312 10.79841 0.3372993
v -1.157499 10.63117 0.2210354
v -1.21358 10.78944 0.5995356
v -1.012563 10.65277 0.4513904
v -0.9404336 10.76756 0.8296221
v -0.834474 10.66382 0.6367971
v -0.634828 10.74447 1.001222
v -0.5945628 10.65003 0.7732477
v -0.298604 10.69283 1.134858
v -0.3665881 10.57159 0.7657763
v -0.04677317 10.65506 1.121275
v -0.1119675 10.53817 0.7824051
v 0.2463952 10.63862 1.101718
v 0.136232 10.53252 0.750109
v 0.5443044 10.6451 0.9882797
v 0.3808559 10.559 0.7295088
v 0.798134 10.60819 0.8036606
v 0.5882918 10.57897 0.5899151
v 0.9576864 10.617 0.5281558
v 0.7722723 10.62552 0.4135472
v 1.070007 10.71316 0.2466214
v 0.9001956 10.72354 0.1941548
v 1.171218 10.68769 -0.0264372
v 1.007878 10.69753 -0.001969082
v 1.189602 10.61305 -0.3425266
v 1.010412 10.63831 -0.2631922
v 1.023779 10.60485 -0.6111656
v 0.8223712 10.57 -0.4289055
v 0.7809988 10.56269 -0.8832502
v 0.6380674 10.5761 -0.6872287
v 0.5227542 10.56665 -0.9832575
v 0.4463865 10.55709 -0.8703194
v 0.2411385 10.61406 -1.142533
v 0.1388686 10.55451 -0.923722
v -0.06482779 10.65701 -1.155457
v -0.1202765 10.5821 -0.9389744
v -0.3628984 10.68559 -1.146162
v -0.3348766 10.57021 -0.8026405
v -0.5835577 10.66481 -0.824872
v 0.7293103 10.73664 0.002186937
v 0.70623 10.63846 -0.171909
v 0.7442797 10.76769 0.1526075
v 0.6218562 10.58781 -0.3166552
v 0.5912334 10.66184 0.2892728
v 0.4615038 10.56301 -0.4467005
v 0.4503827 10.5834 0.4152976
v 0.2468161 10.52796 -0.4696097
v 0.3074124 10.58759 0.5097124
v 0.1255144 10.5122 -0.597858
v 0.1343654 10.51185 0.5008091
v -0.05143068 10.53699 -0.6129113
v -0.04233715 10.47807 0.522773
v -0.212414 10.54374 -0.5605288
v -0.213424 10.50498 0.5110151
v -0.3814648 10.57217 -0.5336055
v -0.3589067 10.64412 0.5185533
v -0.5247889 10.5959 -0.4459234
v -0.5004331 10.63842 0.4302965
v -0.640502 10.63887 -0.3179179
v -0.6101697 10.62901 0.3053758
v -0.7111371 10.6034 -0.1623114
v -0.7082338 10.53171 0.1611844
v -0.7255441 10.55321 0.001260592
v -1.22015 10.32124 -0.6834484
v -1.173473 10.59489 -0.6729792
v -1.374794 10.61421 -0.3035268
v -1.419689 10.34089 -0.3111579
v -1.393394 10.72262 0.08777027
v -1.34814 10.79515 0.04083236
v -1.2527 10.79557 -0.3300763
v -1.397312 10.79841 0.3372993
v -1.438046 10.70298 0.3831434
v -1.21358 10.78944 0.5995356
v -1.438015 10.40746 0.0805876
v -1.2562 10.63156 0.6098927
v -0.9404336 10.76756 0.8296221
v -0.9655426 10.60433 0.8452147
v -1.480654 10.39483 0.3755255
v -1.283268 10.3425 0.6031902
v -0.9929747 10.30547 0.8387518
v -1.015783 9.181096 0.8187813
v -1.200272 9.223927 0.5770726
v -0.554849 8.435227 0.4868502
v -1.298362 9.753847 0.02174949
v -1.289643 9.744745 -0.2809239
v -1.267932 9.74047 0.313998
v -0.6501139 8.414066 0.3329073
v -0.7464116 8.402751 -0.00870337
v -0.7415304 8.417055 -0.1916098
v -0.7394779 8.395864 0.1738241
v -0.4388014 6.342695 0.2514606
v -0.2550294 6.416886 0.4329999
v -0.2222646 5.80279 0.3837734
v -0.5062816 6.256886 0.001308667
v -0.438451 6.24674 -0.2491333
v -0.3849062 5.747241 0.2226758
v -0.3003183 5.215803 0.53079
v -0.4444295 5.684235 0.001174053
v -0.3843373 5.684166 -0.2204031
v -0.5249817 5.155553 0.3074543
v -0.3741529 4.0089 0.6838685
v -0.6068349 5.084873 0.001275096
v -0.5237139 5.080976 -0.3046707
v -0.6630639 3.956992 0.3954783
v -0.4316601 3.554863 0.8908379
v -0.7677817 3.900005 0.001430751
v -0.6607233 3.895367 -0.3918192
v -0.8058326 3.492965 0.516924
v -0.5248584 2.661957 0.928659
v -0.9410567 3.444496 0.005649847
v -0.802971 3.450398 -0.5043506
v -0.9154903 2.627923 0.5357603
v -0.6415998 1.456745 1.113985
v -1.055541 2.603689 0.0007903984
v -0.9112669 2.612607 -0.5321085
v -1.11045 1.433861 0.6425688
v -0.9128427 0.3620644 1.552623
v -1.279221 1.425012 0.0005327383
v -1.107481 1.437138 -0.6401907
v -1.579738 0.3759112 0.9095506
v -1.819956 0.3727296 0.0003442926
v -1.581478 0.3396394 -0.9100392
v -1.8355 -1.781535 -1.063133
v -2.112747 -1.74836 -0.005131139
v -1.729961 -4.073319 -1.012184
v -1.965533 -4.049184 -0.008511208
v -1.833209 -1.746603 1.051339
v -1.05702 -1.759435 1.788003
v -1.707759 -4.047246 0.9842198
v -0.9879109 -4.056178 1.684164
v 1.758384 -4.326578 -0.01544698
v 1.589622 -4.324796 -0.6617227
v 1.334995 -4.335845 -0.7688229
v 1.30756 -4.361397 -0.008398816
v 1.529065 -4.325782 0.8527726
v 2.00897 -4.065067 -0.00764192
v 1.744572 -4.065364 0.9937217
v 0.8937281 -4.273456 1.488379
v 0.9878818 -4.120281 1.675674
v 1.15881 -4.350978 0.6423343
v 0.02939138 -4.266641 1.679835
v 0.01899928 -4.115254 1.890242
v 0.6816236 -4.316021 1.126526
v 0.5186138 -4.428585 0.4855661
v -0.8392991 -4.313116 1.449631
v -0.9879109 -4.056178 1.684164
v 0.02985073 -4.315338 1.268665
v 0.7454666 -4.422313 0.003069721
v -1.470517 -4.253689 0.8282908
v -1.707759 -4.047246 0.9842198
v -0.6251098 -4.342194 1.111165
v 0.03240456 -4.423718 0.7058058
v -1.700241 -4.256177 -0.03949577
v -1.965533 -4.049184 -0.008511208
v -1.104492 -4.358407 0.6455512
v -0.45391 -4.432731 0.4965661
v 0.03223846 -4.471551 0.007628478
v 0.5191798 -4.422323 -0.4709221
v -1.480362 -4.33328 -0.8848448
v -1.729961 -4.073319 -1.012184
v -0.680933 -4.431562 0.01192827
v -1.251786 -4.370649 -0.008295015
v 0.6798039 -4.329168 -1.147756
v 1.368355 -4.313902 -1.047275
v 0.8893279 -4.28447 -1.521807
v 0.0317569 -4.42262 -0.6809166
v -0.8433332 -4.328192 -1.519885
v -0.9928233 -4.068285 -1.744508
v -1.105294 -4.35671 -0.6648647
v -0.4547226 -4.425721 -0.4699216
v 0.02501421 -4.335297 -1.296752
v -0.6281821 -4.351163 -1.145917
v 0.02021371 -4.281642 -1.748578
v 0.01191801 -4.064998 -1.98724
v 1.001724 -4.062876 -1.723209
v 1.334995 -4.335845 -0.7688229
v 1.589622 -4.324796 -0.6617227
v 1.646091 -4.082514 -0.6952458
v 1.725674 -2.156837 -1.001348
v 1.925627 -2.003165 -0.9540575
v 1.684876 -0.1236259 -0.9752086
v 0.7493948 11.14254 -0.7685251
v 0.5034733 11.19983 -0.9321526
v 0.3954265 10.77763 -0.7170515
v 0.6752072 10.76216 -0.6523883
v 0.5034733 11.19983 -0.9321526
v 0.2385457 11.16974 -1.051654
v 0.1997876 10.76138 -0.8692252
v 0.3954265 10.77763 -0.7170515
v -0.320794 12.98878 0.673144
v -0.8614956 13.00606 0.4956549
v -0.6557277 13.71434 0.289748
v -0.2477691 13.725 0.4107169
v -0.2874126 16.15964 0.1854118
v -0.542504 16.16508 0.1017528
v -0.2668715 18.00273 0.09502016
v -0.5622802 17.8826 0.06321351
v -0.2769662 18.45283 0.01215063
v -0.424741 18.35751 -0.01513219
v -0.1431263 18.52692 -0.05047224
v 0.002853662 18.00716 -0.008540809
v -0.03187582 16.15425 0.1031203
v 0.4159582 12.89732 0.4952506
v 0.1536117 12.51882 0.2030727
v -0.3318154 12.57963 0.3114938
v 0.3509319 13.79919 0.2802611
v 0.7500879 12.89733 0.03534802
v 0.5832946 13.79919 -0.03955897
v 0.1265001 16.15095 -0.1136893
v 0.0852915 18.12685 -0.2047777
v -0.0677273 18.55261 -0.1715149
v -0.1431263 18.52692 -0.05047224
v -1.164126 13.11722 -0.4621426
v -0.793936 13.28076 -0.939985
v -0.6188421 13.86496 -0.6104931
v -0.8486054 13.76492 -0.3611373
v -1.20544 13.03781 0.02933686
v -0.9042598 12.61988 -0.08339151
v -0.9028534 12.62396 -0.4350943
v -0.6988857 12.60686 0.2018552
v -0.8614956 13.00606 0.4956549
v -0.8880907 13.71434 -0.03007215
v -0.6557277 13.71434 0.289748
v -0.542504 16.16508 0.1017528
v -0.6997137 16.16849 -0.1159019
v -0.698993 16.16856 -0.3844154
v -0.5622802 17.8826 0.06321351
v -0.7641994 17.76227 -0.08777273
v -0.424741 18.35751 -0.01513219
v -0.7746985 17.73536 -0.3013736
v -0.520175 18.29971 -0.1427554
v -0.5289781 18.24555 -0.3179585
v -0.0269171 12.58613 -0.7166076
v -0.3606258 12.60311 -0.8264433
v -0.6952036 12.61756 -0.7189149
v -0.9028534 12.62396 -0.4350943
v 0.2118184 12.56286 -0.4315585
v -0.9042598 12.61988 -0.08339151
v 0.3612615 12.51242 -0.08074807
v -0.6988857 12.60686 0.2018552
v 0.1536117 12.51882 0.2030727
v 0.4159582 12.89732 0.4952506
v 0.7500879 12.89733 0.03534802
v -0.3318154 12.57963 0.3114938
v -0.8614956 13.00606 0.4956549
v -0.320794 12.98878 0.673144
v -0.9028534 12.62396 -0.4350943
v -0.793936 13.28076 -0.939985
v -1.164126 13.11722 -0.4621426
v -0.6952036 12.61756 -0.7189149
v -0.2767518 13.25352 -1.139103
v -0.3606258 12.60311 -0.8264433
v 0.2121129 13.03724 -1.000938
v -0.0269171 12.58613 -0.7166076
v 0.09621411 13.71434 -0.7452113
v -0.2575698 13.85342 -0.7423975
v -0.6188421 13.86496 -0.6104931
v -0.2850806 16.15988 -0.6835163
v -0.02998921 16.15443 -0.5998574
v -0.5406173 16.16527 -0.6012249
v -0.2679614 17.91692 -0.5969391
v 0.01205203 18.04651 -0.5636483
v -0.698993 16.16856 -0.3844154
v -0.8486054 13.76492 -0.3611373
v -0.7746985 17.73536 -0.3013736
v -0.5818332 17.79521 -0.496074
v -0.5289781 18.24555 -0.3179585
v -0.4453286 18.26324 -0.4353258
v -0.2947756 18.39073 -0.464662
v -0.153576 18.48837 -0.4217526
v 0.2118184 12.56286 -0.4315585
v 0.3612615 12.51242 -0.08074807
v 0.7500879 12.89733 0.03534802
v 0.5479517 13.03659 -0.5403616
v -0.0269171 12.58613 -0.7166076
v 0.2121129 13.03724 -1.000938
v 0.5832946 13.79919 -0.03955897
v 0.3605646 13.725 -0.4265828
v 0.09621411 13.71434 -0.7452113
v -0.02998921 16.15443 -0.5998574
v 0.1272207 16.15103 -0.3822028
v 0.1265001 16.15095 -0.1136893
v 0.01205203 18.04651 -0.5636483
v 0.1551679 18.13863 -0.4144733
v -0.153576 18.48837 -0.4217526
v 0.0852915 18.12685 -0.2047777
v -0.07115856 18.53928 -0.311329
v -0.0677273 18.55261 -0.1715149
v -0.4453286 18.26324 -0.4353258
v -0.2947756 18.39073 -0.464662
v -0.153576 18.48837 -0.4217526
v -0.5289781 18.24555 -0.3179585
v -0.07115856 18.53928 -0.311329
v -0.520175 18.29971 -0.1427554
v -0.0677273 18.55261 -0.1715149
v -0.1431263 18.52692 -0.05047224
v -0.424741 18.35751 -0.01513219
v -0.2769662 18.45283 0.01215063
v 0.05137279 12.79586 0.3477166
v 0.1000179 12.55198 0.7055094
v -0.3945673 12.64335 0.7051076
v -0.223854 12.81849 0.3338541
v -0.748242 12.65353 0.4838407
v 0.2724638 12.78991 0.238956
v 0.4763225 12.53857 0.5253744
v -0.4628731 12.83209 0.2006744
v -0.9516281 12.65302 0.1197651
v 0.4402278 12.80176 0.03413086
v 0.7246032 12.55811 0.1857411
v -0.5910971 12.83234 -0.01901539
v -0.9546928 12.66425 -0.297243
v 0.4382485 12.79982 -0.2159265
v 0.7068319 12.60686 -0.2060407
v -0.5928286 12.84151 -0.2707384
v -0.7565843 12.66207 -0.6643378
v 0.3194462 12.77645 -0.4489394
v 0.535253 12.5725 -0.593372
v -0.4731331 12.84155 -0.4921151
v -0.4065249 12.64768 -0.8923183
v 0.118992 12.79514 -0.6017033
v 0.2117785 12.5933 -0.8584171
v -0.2696095 12.834 -0.623318
vn -0.08290136 -0.2673015 -0.9600403
vn -0.2978443 -0.2340886 -0.9254681
vn -0.22211 -0.07163378 -0.9723867
vn 0.4942632 -0.3573815 -0.7924533
vn 0.2791846 -0.8571847 -0.4327706
vn 0.6413581 -0.7463934 -0.1776419
vn 0.9262704 -0.2689247 -0.2640128
vn 0.4955735 0.02443728 -0.8682222
vn 0.8546978 -0.1492541 -0.4972071
vn 0.3863492 -0.8875164 -0.2510955
vn 0.9572113 -0.00978937 -0.2892244
vn 0.4916015 0.2682672 -0.8284689
vn 0.8316594 0.2841795 -0.4770585
vn 0.8263445 0.3020224 -0.4753287
vn 0.5298148 0.3127892 -0.7883269
vn 0.8619783 0.06157732 -0.5031915
vn 0.5009772 0.08224349 -0.8615439
vn 0.8259155 0.2918748 -0.4823616
vn 0.4766299 0.2824314 -0.8325002
vn 0.7842093 0.3929909 -0.4801812
vn 0.4369088 0.3665359 -0.821439
vn 0.8371625 0.2191238 -0.5011425
vn 0.4728519 0.2131602 -0.8549702
vn 0.8583851 0.1011885 -0.5029274
vn 0.4907588 0.09674571 -0.8659077
vn 0.8692452 -0.08633725 -0.486784
vn 0.510389 -0.09468271 -0.8547153
vn 0.660058 -0.211777 -0.7207454
vn 0.4808773 -0.192688 -0.8553528
vn 0.9980847 0.06001987 -0.01499063
vn 0.9575 0.2881064 -0.01373085
vn 0.9137339 0.4056655 -0.02293295
vn 0.9756269 0.2185306 -0.01991197
vn 0.993785 0.1108203 -0.0105021
vn 0.996326 -0.08460137 0.01331158
vn 0.948615 0.3093096 -0.06676134
vn 0.8379498 0.2890337 0.4629253
vn 0.8693648 0.07393035 0.4886094
vn 0.804575 0.3886023 0.4490516
vn 0.8527215 0.2219258 0.4728795
vn 0.8635271 0.0998085 0.4943271
vn 0.8532047 -0.08606324 0.5144268
vn 0.8565136 0.2796052 0.4338265
vn 0.9405308 -0.2249115 0.254591
vn 0.9643138 0.2645356 -0.01094898
vn 0.8540575 0.3054276 0.4210698
vn 0.8677937 0.05228576 0.4941661
vn 0.9996156 0.02772231 0.0004471143
vn 0.7935401 -0.3886492 0.468237
vn 0.7241211 -0.008349448 -0.6896223
vn 0.9398021 -0.339509 -0.0388026
vn 0.6857837 -0.26192 -0.6790425
vn 0.5137326 -0.8568633 -0.04317416
vn 0.4631952 -0.7396809 -0.4881826
vn 0.9781805 -0.1871748 -0.09015875
vn 0.9296611 -0.2568716 0.2640971
vn 0.9243646 -0.244144 -0.2931617
vn 0.9696105 -0.2351432 -0.06755262
vn 0.9390628 -0.1487327 0.3099025
vn 0.8507392 -0.1885915 -0.4905875
vn 0.9297588 -0.2372981 -0.2814929
vn 0.8341579 -0.235318 -0.4988047
vn 0.6141976 -0.2281422 -0.7554551
vn 0.982341 -0.1861696 -0.01863116
vn 0.9293787 -0.215275 -0.2998529
vn 0.8259499 -0.1758572 -0.5356128
vn 0.5731933 -0.153361 -0.8049409
vn 0.5255938 -0.1677704 -0.834029
vn 0.791658 -0.218104 -0.5707086
vn 0.4595878 0.5746112 -0.6772009
vn 0.5839327 0.6349887 -0.5057787
vn 0.9399986 -0.2162636 -0.2638803
vn 0.8087418 0.5219259 -0.2711643
vn 0.9754465 -0.2081376 0.07199217
vn 0.9754707 -0.1237534 0.1820494
vn 0.7728916 0.6330741 0.04307785
vn 0.9525398 -0.03549767 0.3023373
vn 0.617398 0.7230734 0.3098139
vn 0.6177576 0.64745 0.4463003
vn 0.8678803 -0.0782178 0.490577
vn 0.9429663 -0.08696731 0.3213271
vn 0.8375739 -0.1351552 0.5293421
vn 0.8200552 -0.2135303 0.530956
vn -0.4749725 -0.1134814 0.8726529
vn -0.5538592 -0.3332735 0.7629998
vn -0.4631214 -0.2587748 0.8476758
vn -0.4934874 -0.3471796 0.7974563
vn -0.410325 -0.1347901 0.901923
vn -0.5732164 -0.0009473269 0.8194035
vn -0.4134748 -0.01387178 0.9104098
vn 0.10903 -0.2588647 0.9597403
vn -0.4152183 0.06997631 0.9070265
vn -0.5559641 0.1045738 0.8246019
vn -0.1220258 0.861044 0.4936729
vn -0.2360688 0.8715964 0.4296409
vn 0.01693913 0.7963549 0.6045924
vn -0.05856441 0.00752544 0.9982553
vn 0.1135031 0.8194912 0.5617394
vn 0.004465675 -0.02981395 0.9995455
vn 0.08360559 0.01920711 0.9963138
vn 0.1459001 0.7731735 0.6171839
vn 0.1678351 -0.02328552 0.98554
vn 0.3199495 0.7652813 0.5585488
vn 0.1429406 -0.05818813 0.9880193
vn 0.196632 -0.1086902 0.9744344
vn 0.4609236 -0.05577461 0.8856854
vn 0.539403 0.6710179 0.5087037
vn 0.1386769 -0.089382 0.9862959
vn 0.6791411 -0.0798106 0.7296559
vn 0.6177576 0.64745 0.4463003
vn 0.8678803 -0.0782178 0.490577
vn 0.4724633 -0.10346 0.8752568
vn 0.6784454 -0.1222166 0.7244136
vn 0.8375739 -0.1351552 0.5293421
vn 0.8200552 -0.2135303 0.530956
vn 0.04962891 -0.2515171 0.9665796
vn 0.4688254 -0.2301947 0.8527679
vn 0.6722906 -0.2255047 0.7051049
vn 0.0996579 -0.2012285 0.9744616
vn 0.479154 -0.2075997 0.852827
vn 0.6792855 -0.2206722 0.6999107
vn 0.8089687 -0.2115135 0.5484812
vn 0.9405308 -0.2249115 0.254591
vn 0.9296611 -0.2568716 0.2640971
vn 0.8532047 -0.08606324 0.5144268
vn 0.4921331 -0.08830885 0.8660292
vn 0.8635271 0.0998085 0.4943271
vn 0.1975028 -0.2529357 0.9471093
vn -0.07676763 -0.1840753 0.9799097
vn 0.01720225 -0.1047284 0.9943521
vn -0.4749725 -0.1134814 0.8726529
vn 0.4930782 0.09773185 0.8644781
vn 0.8527215 0.2219258 0.4728795
vn -0.007119818 0.09206103 0.9957279
vn -0.5054954 0.08686759 0.8584454
vn 0.4860886 0.2175854 0.8463891
vn 0.804575 0.3886023 0.4490516
vn -0.01516529 0.2115977 0.9772392
vn -0.5131242 0.2056535 0.8333129
vn 0.4556974 0.3578654 0.815029
vn 0.8379498 0.2890337 0.4629253
vn -0.02790597 0.3197365 0.9470955
vn -0.5110257 0.2830019 0.8116419
vn 0.4872409 0.278404 0.8277002
vn 0.8693648 0.07393035 0.4886094
vn 0.001372458 0.2619614 0.9650774
vn -0.4904925 0.2496235 0.8349283
vn 0.4920036 0.09326518 0.8655831
vn 0.8565136 0.2796052 0.4338265
vn -0.008937264 0.1137315 0.9934714
vn -0.5056695 0.1354255 0.8520319
vn 0.4656898 0.2966033 0.8337622
vn 0.8540575 0.3054276 0.4210698
vn -0.002002834 0.294722 0.9555809
vn -0.4710827 0.3099577 0.8258374
vn 0.4640374 0.2633695 0.8457575
vn -0.005556123 0.2576155 0.9662315
vn -0.466916 0.278001 0.839467
vn -0.4830203 0.03543978 0.8748916
vn -0.008980183 0.02681709 0.9996
vn -0.4430118 -0.4244138 0.789692
vn -0.0117706 -0.4516321 0.8921266
vn 0.4774416 0.03106729 0.8781141
vn 0.8677937 0.05228576 0.4941661
vn 0.4254529 -0.4437183 0.7887355
vn 0.7935401 -0.3886492 0.468237
vn 0.4714485 0.6480759 0.5981087
vn 0.7319825 0.6259655 0.2690146
vn 0.8068417 0.1164857 0.5791698
vn 0.6524941 0.2060838 0.7292331
vn 0.8163067 0.1634377 0.5540141
vn 0.4782672 0.2146534 0.8515776
vn 0.1990873 0.64599 0.7369269
vn 0.6938375 0.1572333 0.7027569
vn 0.8286244 0.09688506 0.5513574
vn 0.2007258 0.1383291 0.9698321
vn 0.5378259 0.2116881 0.8160462
vn 0.05013231 0.1682087 0.9844758
vn -0.1730879 0.6730068 0.7190984
vn 0.7610995 0.04312816 0.6471998
vn 0.1589011 0.1788723 0.9709558
vn -0.1475945 0.1482897 0.9778681
vn -0.4771163 0.1329452 0.8687264
vn 0.03872616 0.122555 0.9917059
vn -0.1574495 0.1496264 0.9761258
vn -0.4914737 0.1365579 0.8601195
vn 0.5707831 -0.01080206 0.8210298
vn 0.1960697 -0.02234581 0.9803354
vn -0.1409031 -0.09460106 0.9854932
vn -0.5016428 -0.1043181 0.858762
vn 0.03502189 -0.08673342 0.9956158
vn -0.221707 -0.6371906 0.7381288
vn -0.4312841 -0.6181176 0.6572098
vn 0.02531612 -0.6169756 0.786575
vn 0.1426886 -0.6322816 0.7614853
vn 0.393424 -0.6300601 0.6695087
vn 0.5972396 -0.6280414 0.4988677
vn 0.7013254 -0.6036273 0.3791791
vn 0.8282256 -0.5262534 0.192613
vn 0.9483999 0.1604135 0.2735053
vn -0.5372198 0.6663405 0.517093
vn -0.1730879 0.6730068 0.7190984
vn -0.4771163 0.1329452 0.8687264
vn -0.6207722 0.1213225 0.7745468
vn -0.4914737 0.1365579 0.8601195
vn -0.8082349 0.1379946 0.5724629
vn -0.721358 0.6628569 0.2006573
vn -0.6623758 0.1168639 0.7400007
vn -0.5016428 -0.1043181 0.858762
vn -0.6782388 -0.09799253 0.7282785
vn -0.4312841 -0.6181176 0.6572098
vn -0.5405347 -0.6110714 0.5782855
vn -0.8526383 0.06329305 0.518654
vn -0.8419415 -0.07300174 0.5346076
vn -0.6478059 -0.5445005 0.5327915
vn -0.9293787 0.1202074 0.3490062
vn -0.9604449 0.03797295 0.275869
vn -0.9543204 -0.1063797 0.2792061
vn -0.7900565 -0.5381917 0.2935309
vn -0.9825545 0.1594561 0.09570941
vn -0.7336809 0.642237 -0.22191
vn -0.9292132 0.1725787 -0.3267713
vn -0.9978057 0.0001328479 0.0662112
vn -0.9528743 0.01441229 -0.3030229
vn -0.9917048 -0.1224462 0.03909703
vn -0.8497585 -0.5241688 -0.05619113
vn -0.9559382 -0.1568307 -0.248166
vn -0.8249287 0.04662791 -0.5633103
vn -0.7877672 -0.5564563 -0.2641577
vn -0.8284544 -0.1491719 -0.539825
vn -0.6953054 -0.5535951 -0.458348
vn -0.4631214 -0.2587748 0.8476758
vn -0.07676763 -0.1840753 0.9799097
vn -0.4749725 -0.1134814 0.8726529
vn -0.410325 -0.1347901 0.901923
vn 0.10903 -0.2588647 0.9597403
vn 0.6463059 0.551698 -0.5271794
vn 0.3284598 0.5406275 -0.7744909
vn 0.517035 0.09095158 -0.8511185
vn 0.7067423 0.1012188 -0.7001928
vn 0.4873742 0.06809063 -0.8705344
vn 0.8581762 0.117323 -0.499769
vn 0.7705889 0.6131566 -0.173873
vn 0.6875556 0.1139733 -0.7171314
vn 0.4860324 -0.06870672 -0.8712358
vn 0.6334403 -0.0624151 -0.7712702
vn 0.84393 0.1240998 -0.5219018
vn 0.9479136 0.1324519 -0.2896832
vn 0.8469706 0.0525456 -0.5290367
vn 0.4499991 -0.6003706 -0.6611021
vn 0.7241957 -0.5620695 -0.3995229
vn 0.9900272 0.138813 -0.02402305
vn 0.7319825 0.6259655 0.2690146
vn 0.9228714 0.1507746 -0.3543663
vn 0.9449653 0.0573818 -0.3220993
vn 0.8215347 -0.5636567 -0.08585996
vn 0.9555312 0.138928 0.2601138
vn 0.8068417 0.1164857 0.5791698
vn 0.9871322 0.1366788 -0.08299997
vn 0.9776423 0.1727645 -0.1198667
vn 0.8481655 -0.5295617 0.01340648
vn 0.9520346 0.1522633 0.2654168
vn 0.8163067 0.1634377 0.5540141
vn 0.9483999 0.1604135 0.2735053
vn 0.8282256 -0.5262534 0.192613
vn 0.8286244 0.09688506 0.5513574
vn 0.4484927 -0.1808927 -0.8752897
vn 0.2880037 -0.2170191 -0.9327146
vn 0.4808773 -0.192688 -0.8553528
vn 0.2933933 -0.2103363 -0.9325657
vn 0.4335214 -0.1085112 -0.8945863
vn 0.2723516 -0.08152385 -0.958738
vn 0.6141976 -0.2281422 -0.7554551
vn 0.4808773 -0.192688 -0.8553528
vn 0.660058 -0.211777 -0.7207454
vn 0.4484927 -0.1808927 -0.8752897
vn 0.5731933 -0.153361 -0.8049409
vn 0.4335214 -0.1085112 -0.8945863
vn 0.4112386 -0.1494382 -0.8991946
vn 0.5255938 -0.1677704 -0.834029
vn 0.3114023 0.6749151 -0.668968
vn 0.4595878 0.5746112 -0.6772009
vn 0.2939679 0.6783691 -0.6733485
vn 0.2432278 -0.106115 -0.9641472
vn 0.09134237 0.7898731 -0.6064299
vn 0.2723516 -0.08152385 -0.958738
vn -0.02432922 -0.05720511 -0.998066
vn -0.1398336 0.7354295 -0.663016
vn -0.03304526 -0.05959686 -0.9976754
vn -0.2918806 -0.07889916 -0.9531949
vn -0.01057621 -0.197766 -0.9801922
vn 0.2933933 -0.2103363 -0.9325657
vn 0.009945809 -0.2123432 -0.9771445
vn 0.2880037 -0.2170191 -0.9327146
vn -0.4037791 -0.2277844 -0.8860456
vn -0.2978443 -0.2340886 -0.9254681
vn 0.01371115 -0.1040028 -0.9944825
vn -0.2767175 -0.05011218 -0.9596438
vn -0.22211 -0.07163378 -0.9723867
vn -0.3047231 -0.04684115 -0.9512885
vn -0.08290136 -0.2673015 -0.9600403
vn -0.3792214 -0.07993932 -0.9218464
vn -0.4560842 0.02094071 -0.8896902
vn 0.1535673 0.954668 -0.2550022
vn -0.3230996 -0.01731226 -0.9462066
vn -0.4317044 0.1976364 -0.8800972
vn 0.01479676 0.960557 -0.2776891
vn -0.4898083 0.3625222 -0.7928843
vn -0.07459941 0.9938418 -0.081936
vn -0.4576558 0.02279138 -0.8888373
vn -0.5160611 -0.1587335 -0.8417152
vn -0.6948831 0.3310484 -0.6383921
vn -0.3179356 0.942148 -0.1061796
vn -0.8953125 0.3286628 -0.3006597
vn -0.4903558 0.02226845 -0.8712378
vn -0.7453216 -0.04651017 -0.6650809
vn -0.5850422 -0.2282004 -0.7782353
vn -0.5348153 -0.2144572 -0.8173009
vn -0.7590586 -0.2811044 -0.5872055
vn -0.6592542 -0.22492 -0.7174922
vn -0.4884778 -0.1117747 -0.8653877
vn -0.9162863 -0.3033342 -0.2615487
vn -0.9612316 -0.04150512 -0.2726005
vn -0.9266403 -0.255648 -0.275648
vn -0.8156366 -0.2260834 -0.532563
vn -0.8581451 -0.1170051 -0.4998969
vn -0.8633217 0.08377769 -0.4976514
vn -0.503322 0.08652325 -0.8597562
vn -0.8501009 0.1952313 -0.4890943
vn -0.4999049 0.1997938 -0.8427203
vn -0.8393915 0.2630771 -0.475618
vn -0.007993967 0.09101187 -0.9958177
vn -0.4992454 0.2897669 -0.8165716
vn -0.8380529 0.2456619 -0.4871525
vn 0.510389 -0.09468271 -0.8547153
vn 0.4907588 0.09674571 -0.8659077
vn -0.01661943 0.206351 -0.9783369
vn 0.4728519 0.2131602 -0.8549702
vn -0.03231709 0.3275973 -0.9442646
vn 0.4369088 0.3665359 -0.821439
vn -0.4831475 0.2550464 -0.8375679
vn -0.8575938 0.1581267 -0.4894168
vn -0.001494284 0.270113 -0.9628274
vn 0.4766299 0.2824314 -0.8325002
vn -0.5027384 0.1437966 -0.8523947
vn -0.8201223 0.3275442 -0.4691633
vn 0.002268865 0.1156546 -0.9932869
vn 0.5009772 0.08224349 -0.8615439
vn -0.4802643 0.3234815 -0.815295
vn -0.8309667 0.2865537 -0.4768452
vn 0.05138794 0.2918553 -0.955081
vn 0.5298148 0.3127892 -0.7883269
vn -0.4835253 0.2872068 -0.8268709
vn 0.06505293 0.3094067 -0.9487021
vn 0.4916015 0.2682672 -0.8284689
vn 0.4955735 0.02443728 -0.8682222
vn 0.0134241 0.05026386 -0.9986457
vn 0.4942632 -0.3573815 -0.7924533
vn 0.006590352 -0.399398 -0.9167539
vn -0.4965824 0.04318957 -0.8669144
vn -0.8677556 0.04034726 -0.4953507
vn -0.4506205 -0.3972657 -0.7994506
vn -0.7967721 -0.4121553 -0.4419077
vn 0.01825343 -0.8869148 -0.4615723
vn -0.1997496 -0.8967078 -0.3949878
vn -0.565891 -0.5684469 -0.5971897
vn -0.7212541 0.4389946 -0.5357952
vn -0.3974445 0.5357149 -0.745015
vn -0.6953054 -0.5535951 -0.458348
vn -0.8781067 0.4783842 0.008790076
vn -0.7877672 -0.5564563 -0.2641577
vn -0.841047 0.5206971 0.1466778
vn -0.8497585 -0.5241688 -0.05619113
vn -0.7203158 0.6663702 0.1926035
vn -0.7900565 -0.5381917 0.2935309
vn -0.7205479 0.371186 0.5856891
vn -0.6478059 -0.5445005 0.5327915
vn -0.5975279 0.4266212 0.6789365
vn -0.5405347 -0.6110714 0.5782855
vn -0.2347621 0.1012029 0.9667702
vn -0.4312841 -0.6181176 0.6572098
vn 0.1027738 0.5089207 0.8546562
vn -0.221707 -0.6371906 0.7381288
vn 0.0355791 0.5637299 0.8251926
vn 0.02531612 -0.6169756 0.786575
vn -0.01558777 0.4207189 0.907057
vn 0.1426886 -0.6322816 0.7614853
vn 0.2355966 0.2352526 0.9429477
vn 0.393424 -0.6300601 0.6695087
vn 0.484633 0.365483 0.7947032
vn 0.5972396 -0.6280414 0.4988677
vn 0.6024538 0.1444456 0.7849745
vn 0.7013254 -0.6036273 0.3791791
vn 0.9255443 -0.09377202 0.366844
vn 0.8282256 -0.5262534 0.192613
vn 0.9898716 0.1131314 -0.08576514
vn 0.8481655 -0.5295617 0.01340648
vn 0.8473487 0.2966715 -0.4404388
vn 0.8215347 -0.5636567 -0.08585996
vn 0.6910926 0.3189528 -0.6485832
vn 0.7241957 -0.5620695 -0.3995229
vn 0.2760176 0.3710878 -0.8866274
vn 0.4499991 -0.6003706 -0.6611021
vn 0.4017447 0.3386459 -0.850835
vn 0.3659603 -0.6160639 -0.697523
vn 0.3836526 0.553738 -0.7390433
vn 0.254911 -0.6044511 -0.7547578
vn -0.09934521 0.4547254 -0.8850736
vn -0.1129159 -0.5811162 -0.8059492
vn -0.1129159 -0.5811162 -0.8059492
vn -0.1728989 0.4381441 -0.8821201
vn -0.09934521 0.4547254 -0.8850736
vn -0.2720612 -0.5906942 -0.7596467
vn -0.1394603 0.4815237 -0.8652663
vn -0.4025693 -0.567762 -0.718042
vn -0.3974445 0.5357149 -0.745015
vn -0.565891 -0.5684469 -0.5971897
vn -0.0424187 -0.1531141 -0.9872977
vn -0.2636476 -0.1717967 -0.9491975
vn -0.4701295 -0.1585245 -0.8682443
vn 0.2789135 -0.145262 -0.9492661
vn 0.254911 -0.6044511 -0.7547578
vn -0.6730125 -0.1665354 -0.7206387
vn -0.6953054 -0.5535951 -0.458348
vn -0.8284544 -0.1491719 -0.539825
vn -0.6860921 0.05609976 -0.7253485
vn -0.8249287 0.04662791 -0.5633103
vn -0.4715548 0.04289818 -0.8807927
vn -0.2502229 0.05011348 -0.9668905
vn -0.01472063 0.0510364 -0.9985883
vn 0.2434323 0.06661424 -0.9676276
vn 0.4873742 0.06809063 -0.8705344
vn 0.4860324 -0.06870672 -0.8712358
vn 0.517035 0.09095158 -0.8511185
vn 0.2500061 0.09089429 -0.9639684
vn 0.3284598 0.5406275 -0.7744909
vn 0.001401609 0.0961921 -0.9953617
vn -0.1965737 0.5435496 -0.8160347
vn -0.2659487 0.06319447 -0.9619136
vn -0.4859951 0.09959213 -0.8682685
vn -0.5803091 0.5710804 -0.5806105
vn -0.7009314 0.09491308 -0.7068852
vn -0.8143483 0.109613 -0.5699314
vn -0.7336809 0.642237 -0.22191
vn -0.9528743 0.01441229 -0.3030229
vn -0.9292132 0.1725787 -0.3267713
vn 0.3693368 0.862919 0.3449076
vn 0.455927 0.8285213 0.3250894
vn 0.01479676 0.960557 -0.2776891
vn 0.1535673 0.954668 -0.2550022
vn -0.1398336 0.7354295 -0.663016
vn 0.455927 0.8285213 0.3250894
vn -0.07459941 0.9938418 -0.081936
vn 0.01479676 0.960557 -0.2776891
vn 0.375195 0.8772239 0.2995111
vn -0.3179356 0.942148 -0.1061796
vn 0.3234141 0.900156 0.2917579
vn -0.2428863 0.9693294 -0.03750825
vn 0.4012441 0.8992935 0.1739953
vn -0.4371066 0.8971884 0.06317364
vn 0.3763074 0.9211028 -0.09981216
vn -0.2702191 0.9025307 0.3352911
vn 0.2213393 0.9329318 -0.2839846
vn -0.2360688 0.8715964 0.4296409
vn 0.1763485 0.9602378 -0.2164361
vn -0.1220258 0.861044 0.4936729
vn 0.2404178 0.9542587 -0.1777344
vn 0.01693913 0.7963549 0.6045924
vn 0.316446 0.9425858 -0.1067428
vn 0.1135031 0.8194912 0.5617394
vn 0.06667259 0.9648584 -0.2541712
vn 0.1459001 0.7731735 0.6171839
vn -0.1044106 0.979357 -0.1730846
vn 0.3199495 0.7652813 0.5585488
vn -0.1112399 0.9889205 -0.09829568
vn 0.539403 0.6710179 0.5087037
vn -0.07517659 0.9961463 0.04517782
vn 0.6177576 0.64745 0.4463003
vn -0.08784636 0.9590171 0.2693869
vn 0.617398 0.7230734 0.3098139
vn 0.03866766 0.9874333 0.1532333
vn 0.7728916 0.6330741 0.04307785
vn 0.06575218 0.9804776 -0.1853119
vn 0.8087418 0.5219259 -0.2711643
vn -0.03110164 0.9746494 -0.2215652
vn 0.5839327 0.6349887 -0.5057787
vn -0.06821536 0.9902624 -0.1213555
vn 0.4595878 0.5746112 -0.6772009
vn -0.06389408 0.9978023 -0.01755696
vn 0.3114023 0.6749151 -0.668968
vn -0.0460057 0.9963488 0.07192074
vn 0.2939679 0.6783691 -0.6733485
vn 0.04219089 0.9803253 0.1928268
vn 0.09134237 0.7898731 -0.6064299
vn 0.1003827 0.9646216 0.2437795
vn -0.1398336 0.7354295 -0.663016
vn 0.2032275 0.966162 0.158838
vn 0.3693368 0.862919 0.3449076
vn 0.9898716 0.1131314 -0.08576514
vn 0.8473487 0.2966715 -0.4404388
vn 0.9255443 -0.09377202 0.366844
vn 0.6910926 0.3189528 -0.6485832
vn 0.6024538 0.1444456 0.7849745
vn 0.2760176 0.3710878 -0.8866274
vn 0.484633 0.365483 0.7947032
vn 0.4017447 0.3386459 -0.850835
vn 0.2355966 0.2352526 0.9429477
vn 0.3836526 0.553738 -0.7390433
vn -0.01558777 0.4207189 0.907057
vn -0.09934521 0.4547254 -0.8850736
vn 0.0355791 0.5637299 0.8251926
vn -0.1728989 0.4381441 -0.8821201
vn 0.1027738 0.5089207 0.8546562
vn -0.1394603 0.4815237 -0.8652663
vn -0.2347621 0.1012029 0.9667702
vn -0.3974445 0.5357149 -0.745015
vn -0.5975279 0.4266212 0.6789365
vn -0.7212541 0.4389946 -0.5357952
vn -0.7205479 0.371186 0.5856891
vn -0.8781067 0.4783842 0.008790076
vn -0.7203158 0.6663702 0.1926035
vn -0.841047 0.5206971 0.1466778
vn -0.7453216 -0.04651017 -0.6650809
vn -0.6948831 0.3310484 -0.6383921
vn -0.8953125 0.3286628 -0.3006597
vn -0.9612316 -0.04150512 -0.2726005
vn -0.9411627 0.308384 -0.1382466
vn -0.2428863 0.9693294 -0.03750825
vn -0.3179356 0.942148 -0.1061796
vn -0.4371066 0.8971884 0.06317364
vn -0.913986 0.2624719 0.3094158
vn -0.2702191 0.9025307 0.3352911
vn -0.9969878 -0.03336347 -0.07001635
vn -0.6889833 0.1631083 0.7061853
vn -0.2360688 0.8715964 0.4296409
vn -0.5559641 0.1045738 0.8246019
vn -0.9748346 -0.04810153 0.217678
vn -0.7874601 -0.02964099 0.6156524
vn -0.5732164 -0.0009473269 0.8194035
vn -0.4934874 -0.3471796 0.7974563
vn -0.8827498 -0.3607093 0.3010674
vn -0.5538592 -0.3332735 0.7629998
vn -0.9527505 -0.3037057 -0.005416807
vn -0.9162863 -0.3033342 -0.2615487
vn -0.9550938 -0.2721789 0.1171086
vn -0.8766698 -0.3298704 0.3501937
vn -0.9693004 -0.2458034 0.006111004
vn -0.9266403 -0.255648 -0.275648
vn -0.9579534 -0.2631653 0.1143212
vn -0.8407704 -0.1146402 0.5291151
vn -0.4749725 -0.1134814 0.8726529
vn -0.5054954 0.08686759 0.8584454
vn -0.992816 -0.1181744 0.01873964
vn -0.8581451 -0.1170051 -0.4998969
vn -0.869851 0.08413287 0.4860874
vn -0.5131242 0.2056535 0.8333129
vn -0.9952529 0.09628759 -0.01415509
vn -0.8633217 0.08377769 -0.4976514
vn -0.867066 0.199593 0.4564637
vn -0.5110257 0.2830019 0.8116419
vn -0.9813036 0.1911851 -0.02217268
vn -0.8501009 0.1952313 -0.4890943
vn -0.8556378 0.2587579 0.4482501
vn -0.4904925 0.2496235 0.8349283
vn -0.9668972 0.2543758 -0.02006765
vn -0.8393915 0.2630771 -0.475618
vn -0.8491079 0.2401506 0.4704716
vn -0.5056695 0.1354255 0.8520319
vn -0.9711812 0.2380324 -0.01215187
vn -0.8380529 0.2456619 -0.4871525
vn -0.8628631 0.1532211 0.4816539
vn -0.4710827 0.3099577 0.8258374
vn -0.986863 0.161454 -0.005831205
vn -0.8575938 0.1581267 -0.4894168
vn -0.82081 0.3274667 0.4680134
vn -0.466916 0.278001 0.839467
vn -0.9434535 0.3314721 -0.004664363
vn -0.8201223 0.3275442 -0.4691633
vn -0.8263046 0.2893513 0.4832148
vn -0.9560027 0.293346 -0.002655774
vn -0.8309667 0.2865537 -0.4768452
vn -0.8677556 0.04034726 -0.4953507
vn -0.9992506 0.03860524 0.002807143
vn -0.7967721 -0.4121553 -0.4419077
vn -0.9014184 -0.4326144 0.01701735
vn -0.8612874 0.03690442 0.5067762
vn -0.4830203 0.03543978 0.8748916
vn -0.7773443 -0.4361144 0.4533652
vn -0.4430118 -0.4244138 0.789692
vn 0.5137326 -0.8568633 -0.04317416
vn 0.4631952 -0.7396809 -0.4881826
vn 0.3863492 -0.8875164 -0.2510955
vn 0.08452643 -0.9964211 -0.0004158757
vn 0.3811614 -0.8949532 0.231894
vn 0.9398021 -0.339509 -0.0388026
vn 0.7935401 -0.3886492 0.468237
vn 0.1929782 -0.9062815 0.3760496
vn 0.4254529 -0.4437183 0.7887355
vn 0.06648324 -0.9952804 0.07068922
vn 0.0007958371 -0.9095374 0.4156213
vn -0.0117706 -0.4516321 0.8921266
vn 0.03756613 -0.9908718 0.1294674
vn 0.06689104 -0.9936432 0.09054761
vn -0.2116972 -0.9043021 0.3707048
vn -0.4430118 -0.4244138 0.789692
vn 0.0177248 -0.9906291 0.1354249
vn 0.08378926 -0.9964835 -0.0001246759
vn -0.4038056 -0.8891712 0.2152107
vn -0.7773443 -0.4361144 0.4533652
vn -0.05255533 -0.991083 0.1224435
vn 0.011349 -0.9922976 0.1233558
vn -0.463642 -0.885785 0.02051903
vn -0.9014184 -0.4326144 0.01701735
vn -0.152832 -0.9848862 0.08149544
vn -0.0552145 -0.9948075 0.08549454
vn 0.00525824 -0.9999776 -0.004149523
vn 0.06241893 -0.99506 -0.07719838
vn -0.3913988 -0.8977972 -0.2019091
vn -0.7967721 -0.4121553 -0.4419077
vn -0.07821279 -0.9969336 -0.002463978
vn -0.1621737 -0.9865677 0.01959296
vn 0.04162149 -0.9927248 -0.1129824
vn 0.6413581 -0.7463934 -0.1776419
vn 0.2791846 -0.8571847 -0.4327706
vn 0.009839824 -0.9949661 -0.09972713
vn -0.1997496 -0.8967078 -0.3949878
vn -0.4506205 -0.3972657 -0.7994506
vn -0.09638163 -0.9945586 -0.03954367
vn -0.0554025 -0.995716 -0.07402848
vn 0.01857011 -0.9933281 -0.1138174
vn -0.02346464 -0.9960014 -0.08620176
vn 0.01825343 -0.8869148 -0.4615723
vn 0.006590352 -0.399398 -0.9167539
vn 0.4942632 -0.3573815 -0.7924533
vn 0.3863492 -0.8875164 -0.2510955
vn 0.4631952 -0.7396809 -0.4881826
vn 0.6857837 -0.26192 -0.6790425
vn 0.8546978 -0.1492541 -0.4972071
vn 0.7241211 -0.008349448 -0.6896223
vn 0.8316594 0.2841795 -0.4770585
vn 0.6334403 -0.0624151 -0.7712702
vn 0.4860324 -0.06870672 -0.8712358
vn 0.3659603 -0.6160639 -0.697523
vn 0.4499991 -0.6003706 -0.6611021
vn 0.4860324 -0.06870672 -0.8712358
vn 0.2789135 -0.145262 -0.9492661
vn 0.254911 -0.6044511 -0.7547578
vn 0.3659603 -0.6160639 -0.697523
vn -0.06645326 -0.1670773 0.9837018
vn -0.5860269 -0.1410111 0.7979275
vn -0.5551475 0.2451815 0.7947939
vn -0.02420582 0.2142657 0.9764755
vn 0.01252565 0.07014027 0.9974585
vn -0.5322279 0.04969013 0.8451416
vn 0.06459869 0.1271303 0.9897802
vn -0.5246629 0.1717208 0.8338111
vn -0.2255405 0.7027918 0.6746963
vn -0.5632999 0.6134657 0.5534918
vn 0.1419981 0.8309673 0.537894
vn 0.6454303 0.1142904 0.7552202
vn 0.5801233 0.09338564 0.8091577
vn 0.5167991 -0.2601177 0.8156332
vn 0.1835541 -0.9064186 0.3804117
vn -0.08573692 -0.8863994 0.4549124
vn 0.5585634 0.1965511 0.8058379
vn 0.9538571 -0.2785603 0.1120755
vn 0.9723651 0.201349 0.1181729
vn 0.9640989 0.09457345 0.2481315
vn 0.9213994 0.196233 0.3354338
vn 0.3763105 0.8955692 0.2373736
vn 0.1419981 0.8309673 0.537894
vn -0.9420387 -0.008716106 -0.3353909
vn -0.5905957 0.1222783 -0.7976495
vn -0.5836178 0.2720126 -0.765114
vn -0.9099516 0.2854814 -0.3008132
vn -0.9572057 -0.09662789 0.2728009
vn -0.5358493 -0.8381227 0.1020585
vn -0.5624449 -0.7834224 -0.2643955
vn -0.33997 -0.8638127 0.3718173
vn -0.5860269 -0.1410111 0.7979275
vn -0.9159257 0.2776462 0.2898149
vn -0.5551475 0.2451815 0.7947939
vn -0.5322279 0.04969013 0.8451416
vn -0.942655 0.02386441 0.3329145
vn -0.9326012 0.01867858 -0.3604249
vn -0.5246629 0.1717208 0.8338111
vn -0.9235441 0.166249 0.3455829
vn -0.5632999 0.6134657 0.5534918
vn -0.9352138 0.1607058 -0.3155135
vn -0.7563809 0.6367828 0.1496519
vn -0.763655 0.5908054 -0.260346
vn 0.2093146 -0.8577427 -0.469537
vn -0.1154949 -0.7884996 -0.6040938
vn -0.397586 -0.7540043 -0.5228795
vn -0.5624449 -0.7834224 -0.2643955
vn 0.369651 -0.8827131 -0.2901305
vn -0.5358493 -0.8381227 0.1020585
vn 0.4445478 -0.8956597 -0.01307721
vn -0.33997 -0.8638127 0.3718173
vn 0.1835541 -0.9064186 0.3804117
vn 0.5167991 -0.2601177 0.8156332
vn 0.9538571 -0.2785603 0.1120755
vn -0.08573692 -0.8863994 0.4549124
vn -0.5860269 -0.1410111 0.7979275
vn -0.06645326 -0.1670773 0.9837018
vn -0.5624449 -0.7834224 -0.2643955
vn -0.5905957 0.1222783 -0.7976495
vn -0.9420387 -0.008716106 -0.3353909
vn -0.397586 -0.7540043 -0.5228795
vn -0.02535009 0.08804376 -0.995794
vn -0.1154949 -0.7884996 -0.6040938
vn 0.5336795 -0.1520038 -0.8319141
vn 0.2093146 -0.8577427 -0.469537
vn 0.548231 0.2753825 -0.7896881
vn -0.04814076 0.2695243 -0.9617895
vn -0.5836178 0.2720126 -0.765114
vn -0.07745004 0.03739673 -0.9962947
vn 0.506276 0.03909151 -0.8614851
vn -0.5591258 0.03026032 -0.8285304
vn -0.1032554 0.1460743 -0.9838702
vn 0.4471031 0.1892325 -0.8742368
vn -0.9326012 0.01867858 -0.3604249
vn -0.9099516 0.2854814 -0.3008132
vn -0.9352138 0.1607058 -0.3155135
vn -0.5849871 0.158889 -0.7953266
vn -0.763655 0.5908054 -0.260346
vn -0.5829616 0.5363119 -0.6103486
vn -0.364779 0.6462469 -0.6702994
vn -0.06625226 0.7602822 -0.6462056
vn 0.369651 -0.8827131 -0.2901305
vn 0.4445478 -0.8956597 -0.01307721
vn 0.9538571 -0.2785603 0.1120755
vn 0.8431527 -0.1487055 -0.5167012
vn 0.2093146 -0.8577427 -0.469537
vn 0.5336795 -0.1520038 -0.8319141
vn 0.9723651 0.201349 0.1181729
vn 0.8530036 0.1921867 -0.485231
vn 0.548231 0.2753825 -0.7896881
vn 0.506276 0.03909151 -0.8614851
vn 0.9232416 0.05607623 -0.3801058
vn 0.9640989 0.09457345 0.2481315
vn 0.4471031 0.1892325 -0.8742368
vn 0.9110546 0.2627308 -0.3177296
vn -0.06625226 0.7602822 -0.6462056
vn 0.9213994 0.196233 0.3354338
vn 0.2963261 0.9208413 -0.2534606
vn 0.3763105 0.8955692 0.2373736
vn -0.5829616 0.5363119 -0.6103486
vn -0.364779 0.6462469 -0.6702994
vn -0.06625226 0.7602822 -0.6462056
vn -0.763655 0.5908054 -0.260346
vn 0.2963261 0.9208413 -0.2534606
vn -0.7563809 0.6367828 0.1496519
vn 0.3763105 0.8955692 0.2373736
vn 0.1419981 0.8309673 0.537894
vn -0.5632999 0.6134657 0.5534918
vn -0.2255405 0.7027918 0.6746963
vn 0.14074 0.940082 0.3105449
vn 0.1990873 0.64599 0.7369269
vn -0.1730879 0.6730068 0.7190984
vn 0.008547248 0.9647431 0.2630545
vn -0.5372198 0.6663405 0.517093
vn 0.241091 0.9318557 0.2711458
vn 0.4714485 0.6480759 0.5981087
vn -0.1423612 0.974445 0.1737534
vn -0.721358 0.6628569 0.2006573
vn 0.3617657 0.9230215 0.1309846
vn 0.7319825 0.6259655 0.2690146
vn -0.2208112 0.9727434 0.07080086
vn -0.7336809 0.642237 -0.22191
vn 0.3654363 0.9259381 -0.09536698
vn 0.7705889 0.6131566 -0.173873
vn -0.2325891 0.9704908 -0.0636388
vn -0.5803091 0.5710804 -0.5806105
vn 0.3144673 0.9190192 -0.2377268
vn 0.6463059 0.551698 -0.5271794
vn -0.176872 0.9617473 -0.209185
vn -0.1965737 0.5435496 -0.8160347
vn 0.1849772 0.9264526 -0.3278247
vn 0.3284598 0.5406275 -0.7744909
vn -0.01800914 0.9439943 -0.3294699
vt 0.8588217 0.60802
vt 0.8633907 0.6705813
vt 0.8633907 0.5964736
vt 0.1829493 0.8629844
vt 0.1929202 0.8750861
vt 0.2270015 0.876557
vt 0.2255642 0.8632481
vt 0.1733544 0.7417729
vt 0.230879 0.7519398
vt 0.2421232 0.8770301
vt 0.220252 0.7435566
vt 0.18185 0.6296521
vt 0.2277056 0.6337286
vt 0.2351233 0.5605257
vt 0.201579 0.5606432
vt 0.2353236 0.4683739
vt 0.207439 0.4688627
vt 0.2355188 0.4152725
vt 0.2089512 0.4171083
vt 0.2371056 0.392446
vt 0.2164941 0.3937731
vt 0.2370246 0.3219621
vt 0.2210124 0.3235874
vt 0.2381825 0.2869071
vt 0.2265985 0.2883978
vt 0.2361156 0.2525754
vt 0.223037 0.2546337
vt 0.217572 0.1282203
vt 0.2097773 0.1277595
vt 0.2675025 0.4676445
vt 0.2661382 0.413513
vt 0.2608458 0.3909334
vt 0.2554432 0.3203017
vt 0.251488 0.2853499
vt 0.2511185 0.2502978
vt 0.2737678 0.5599514
vt 0.2926551 0.4106817
vt 0.2953506 0.4652424
vt 0.2812791 0.3874793
vt 0.2712581 0.3167005
vt 0.2628931 0.2822598
vt 0.2639655 0.2463084
vt 0.3064269 0.5354254
vt 0.2583138 0.1295218
vt 0.2842051 0.6280957
vt 0.3305849 0.5996692
vt 0.3466798 0.7236949
vt 0.2922417 0.7396279
vt 0.3466798 0.8575602
vt 0.2363323 0.7433132
vt 0.2946987 0.8607271
vt 0.2505797 0.8627817
vt 0.2908826 0.875405
vt 0.252057 0.8766429
vt 0.2484818 0.1307341
vt 0.266929 0.08201794
vt 0.2371561 0.1266095
vt 0.2515776 0.08056793
vt 0.2682742 0.04047207
vt 0.2278348 0.1292623
vt 0.2361403 0.07841773
vt 0.2197539 0.07676517
vt 0.2036207 0.07334454
vt 0.2517998 0.05303507
vt 0.2344865 0.04881194
vt 0.2169368 0.0470426
vt 0.1988725 0.03869378
vt 0.1967064 0.02569379
vt 0.2166444 0.02402122
vt 0.1977689 0.01109455
vt 0.2166987 0.008443262
vt 0.2343849 0.02377785
vt 0.2343064 0.007610665
vt 0.2528703 0.03604594
vt 0.2514468 0.00793925
vt 0.2515788 0.002408741
vt 0.2668244 0.01597915
vt 0.2652507 -2.686323E-08
vt 0.2794641 0.00460822
vt 0.281966 0.01853276
vt 0.2741751 0.0229878
vt 0.2818934 0.04023371
vt 0.2805421 0.07245429
vt 0.4665785 0.2507288
vt 0.4871852 0.1339328
vt 0.4796817 0.1331494
vt 0.5191038 0.09209282
vt 0.5028614 0.06557363
vt 0.5197608 0.02688579
vt 0.5055764 0.02974521
vt 0.4814784 0.07793529
vt 0.5047068 0.01249248
vt 0.5187508 0.009545633
vt 0.5026671 0.001788034
vt 0.517347 2.833188E-08
vt 0.4856622 0.005078814
vt 0.484443 0.019568
vt 0.4712456 0.007080632
vt 0.4840592 0.03629079
vt 0.4729418 0.01489466
vt 0.4544473 0.007800241
vt 0.4572691 0.02223265
vt 0.4360274 0.00684786
vt 0.473693 0.03300303
vt 0.4717844 0.05688111
vt 0.4399642 0.02255526
vt 0.4189698 0.008182144
vt 0.4584072 0.04020151
vt 0.4233318 0.02044067
vt 0.4059361 0.006587713
vt 0.4064437 0.0207572
vt 0.4414133 0.0414651
vt 0.424998 0.04107795
vt 0.4108462 0.04273733
vt 0.4127266 0.07491932
vt 0.4572699 0.07161304
vt 0.4411418 0.07370602
vt 0.425415 0.07400797
vt 0.4518366 0.1309822
vt 0.4417332 0.1312751
vt 0.431687 0.1300754
vt 0.4239466 0.1294103
vt 0.4152782 0.1300381
vt 0.4005594 0.08233119
vt 0.4254491 0.2478992
vt 0.438565 0.2474873
vt 0.4266366 0.2837813
vt 0.4604418 0.1236997
vt 0.4716585 0.1402095
vt 0.4535911 0.2483025
vt 0.4665785 0.2507288
vt 0.4382598 0.2835634
vt 0.418281 0.318329
vt 0.4515883 0.2843392
vt 0.4631101 0.2861793
vt 0.4343693 0.3181473
vt 0.4082638 0.3891886
vt 0.4528444 0.3190009
vt 0.4688153 0.3208259
vt 0.4289979 0.3892523
vt 0.3950557 0.4124396
vt 0.4528487 0.390117
vt 0.4734664 0.3914762
vt 0.4216779 0.4139965
vt 0.3953926 0.4671862
vt 0.4524183 0.416339
vt 0.4790974 0.4186102
vt 0.4233344 0.4685317
vt 0.3853633 0.5375471
vt 0.4556191 0.4698439
vt 0.4835918 0.4706292
vt 0.4188511 0.5395056
vt 0.3620988 0.6022186
vt 0.4575567 0.5409433
vt 0.491135 0.5413217
vt 0.4092153 0.6108449
vt 0.4635533 0.6125299
vt 0.5112743 0.6065983
vt 0.5197608 0.7306743
vt 0.4643502 0.7356853
vt 0.5109805 0.8635799
vt 0.4573234 0.8671872
vt 0.4014582 0.7342421
vt 0.3466798 0.7264064
vt 0.3996618 0.8661618
vt 0.3471065 0.8600906
vt 0.562226 0.8661916
vt 0.5433679 0.8630396
vt 0.5412865 0.8930374
vt 0.5554006 0.8908216
vt 0.5414148 0.915392
vt 0.5692682 0.8928313
vt 0.5860525 0.8670982
vt 0.5540029 0.9151203
vt 0.5304251 0.9379027
vt 0.5834742 0.8974816
vt 0.56586 0.9171335
vt 0.5981782 0.8957844
vt 0.614148 0.8630396
vt 0.5430481 0.9406052
vt 0.5796834 0.9197803
vt 0.6127306 0.8963396
vt 0.6245986 0.8970572
vt 0.5958212 0.9200386
vt 0.6111225 0.921047
vt 0.6232253 0.9212322
vt 0.554116 0.9425761
vt 0.5699541 0.9430399
vt 0.6108384 0.9462455
vt 0.625464 0.9452725
vt 0.5914487 0.9450276
vt 0.6028682 0.9689728
vt 0.6152744 0.9641075
vt 0.5879743 0.9707646
vt 0.5720249 0.9682516
vt 0.5584391 0.9661283
vt 0.5460975 0.9656891
vt 0.5328628 0.9620353
vt 0.5197608 0.9582148
vt 0.5198494 0.9348883
vt 0.3750003 0.8681714
vt 0.3574483 0.8671872
vt 0.3516592 0.9013848
vt 0.3631444 0.90242
vt 0.3550164 0.9256724
vt 0.3768008 0.9013605
vt 0.398443 0.8686397
vt 0.3665363 0.9260393
vt 0.3466798 0.9494042
vt 0.3603877 0.9491761
vt 0.3560385 0.9682616
vt 0.3668553 0.9682519
vt 0.3798377 0.9250763
vt 0.3755591 0.9485549
vt 0.3793696 0.968631
vt 0.392424 0.9014205
vt 0.3949574 0.9265535
vt 0.3927323 0.9509736
vt 0.3938588 0.9734188
vt 0.4107951 0.8974046
vt 0.4219805 0.8671872
vt 0.4254202 0.8961868
vt 0.4113385 0.924122
vt 0.4254543 0.923234
vt 0.4089413 0.9503732
vt 0.4067388 0.971973
vt 0.4249627 0.9495614
vt 0.435791 0.9234855
vt 0.420332 0.9698241
vt 0.4377407 0.9476269
vt 0.432 0.9669442
vt 0.8866599 0.4193588
vt 0.8752508 0.4226111
vt 0.8654791 0.5343372
vt 0.8849598 0.3503692
vt 0.8654791 0.3556137
vt 0.9065126 0.3523269
vt 0.8866599 0.3503695
vt 0.8873954 0.384145
vt 0.8999 0.3851475
vt 0.8877368 0.4076871
vt 0.9146705 0.38489
vt 0.9308906 0.350613
vt 0.8994903 0.4105047
vt 0.8866599 0.4321476
vt 0.8996183 0.4360632
vt 0.9135131 0.4100935
vt 0.9303459 0.3835008
vt 0.9151409 0.4350211
vt 0.904883 0.4579076
vt 0.9188015 0.4570499
vt 0.9462003 0.3825475
vt 0.9531201 0.3533102
vt 0.9283587 0.4089548
vt 0.9314848 0.4341022
vt 0.9325264 0.4552174
vt 0.9611096 0.3819899
vt 0.9734386 0.3823162
vt 0.9428909 0.4045132
vt 0.9467375 0.4272464
vt 0.9465163 0.4497809
vt 0.9568945 0.404049
vt 0.9684511 0.4048268
vt 0.9620645 0.4268902
vt 0.9597718 0.4502478
vt 0.9746243 0.4280879
vt 0.8569612 0.6282731
vt 0.8514919 0.6900659
vt 0.8588218 0.6916338
vt 0.8422366 0.6276801
vt 0.8588218 0.6015248
vt 0.8457057 0.5964738
vt 0.1601801 0.08200002
vt 0.1345754 0.1368585
vt 0.1416285 0.1376124
vt 0.1495898 0.07472589
vt 0.1639207 0.04713649
vt 0.1507513 0.04806615
vt 0.1542509 0.02815496
vt 0.1652971 0.03403934
vt 0.1582386 0.01861648
vt 0.1711133 0.01945332
vt 0.1450823 0.015197
vt 0.1406971 0.02620124
vt 0.128258 0.01198807
vt 0.1375615 0.04555899
vt 0.1243229 0.02087873
vt 0.1114952 0.009633197
vt 0.1215715 0.04171673
vt 0.1119883 0.01650078
vt 0.1204845 0.07387532
vt 0.136401 0.07689286
vt 0.1166427 0.1379855
vt 0.1269918 0.1366937
vt 0.1092734 0.07302584
vt 0.1064178 0.1382953
vt 0.1117124 0.2657183
vt 0.1100321 0.04340036
vt 0.1060762 0.06755973
vt 0.1068369 0.03395263
vt 0.1022325 0.07997648
vt 0.1077456 0.01898781
vt 0.1053094 0.01675629
vt 0.09781529 0.005133605
vt 0.1030811 0.03368316
vt 0.09497154 0.007884768
vt 0.08559795 0.001703557
vt 0.08183127 0.005537813
vt 0.06680018 -2.287468E-08
vt 0.09156531 0.02547015
vt 0.08988091 0.0639652
vt 0.05850991 0.01304116
vt 0.04914539 0.001212701
vt 0.04149217 0.01146922
vt 0.07827283 0.02228457
vt 0.05545211 0.02883517
vt 0.07280871 0.06243315
vt 0.0960514 0.1390148
vt 0.05729549 0.06227257
vt 0.08591675 0.1394
vt 0.09651358 0.2668992
vt 0.04396537 0.06219749
vt 0.0384903 0.0272484
vt 0.0702797 0.1406372
vt 0.07787848 0.1405388
vt 0.08330654 0.2674674
vt 0.08463062 0.3002888
vt 0.09631649 0.299921
vt 0.07680819 0.335014
vt 0.09295221 0.3345835
vt 0.06786554 0.4035918
vt 0.1097578 0.2991516
vt 0.08861712 0.4034631
vt 0.0606783 0.4291138
vt 0.1247822 0.2642917
vt 0.1213228 0.2982132
vt 0.1115075 0.3338564
vt 0.127483 0.333062
vt 0.1124564 0.4031545
vt 0.1329987 0.402926
vt 0.08752337 0.4282126
vt 0.05318616 0.4775482
vt 0.1182608 0.426757
vt 0.1446863 0.4257962
vt 0.08121177 0.4772689
vt 0.04128116 0.5453976
vt 0.113318 0.4769934
vt 0.1409742 0.4774623
vt 0.07494801 0.5452567
vt 0.01654156 0.6080604
vt 0.1135219 0.5453771
vt 0.1458727 0.568844
vt 0.06433731 0.6084805
vt 0.1191029 0.6094464
vt 0.1652202 0.6367245
vt 0.1733544 0.748279
vt 0.1191337 0.7334838
vt 0.164047 0.8698848
vt 0.1127911 0.867689
vt 0.05553043 0.7318069
vt 7.309E-10 0.7307323
vt 0.05274892 0.8655528
vt 4.430523E-09 0.8641673
vt 0.1090295 0.8803111
vt 0.05701266 0.8810173
vt 0.8783534 0.2296392
vt 0.8980915 0.2262781
vt 0.8908185 0.2193829
vt 0.8888109 0.2408311
vt 0.9069943 0.2306908
vt 0.9021795 0.2471746
vt 0.916446 0.2318658
vt 0.9165265 0.2490777
vt 0.9257582 0.2311579
vt 0.9297362 0.2491549
vt 0.9343705 0.2255924
vt 0.9428498 0.2412902
vt 0.9418249 0.2194168
vt 0.9536172 0.2321308
vt 0.9471996 0.211335
vt 0.9619481 0.2198894
vt 0.9469175 0.2030263
vt 0.9644418 0.2069821
vt 0.9478739 0.193133
vt 0.963677 0.1920494
vt 0.9469191 0.1827857
vt 0.9644418 0.1753393
vt 0.9477799 0.1726553
vt 0.9631179 0.1615698
vt 0.9425312 0.1641885
vt 0.9548232 0.1508403
vt 0.9354953 0.1556956
vt 0.9442785 0.139471
vt 0.9278795 0.1464441
vt 0.9325244 0.128508
vt 0.9190894 0.1470927
vt 0.9191993 0.1297896
vt 0.9088654 0.1482496
vt 0.9052818 0.132017
vt 0.9002746 0.1529647
vt 0.8924773 0.1375227
vt 0.8924263 0.1620913
vt 0.8809618 0.1490885
vt 0.8907071 0.1745712
vt 0.8767378 0.1652222
vt 0.8830354 0.1814207
vt 0.8675488 0.1763522
vt 0.8818762 0.1916513
vt 0.8662 0.1909643
vt 0.9294443 0.1137777
vt 0.9140297 0.1271615
vt 0.9237824 0.1285079
vt 0.9155519 0.1114441
vt 0.9043491 0.1245365
vt 0.9019939 0.1070368
vt 0.8951242 0.1222758
vt 0.8896163 0.1043219
vt 0.9346149 0.09102392
vt 0.9181399 0.08744132
vt 0.9002908 0.08341378
vt 0.9504056 0.09390941
vt 0.9430698 0.1171654
vt 0.8848639 0.08217737
vt 0.876466 0.1009147
vt 0.8714457 0.08014423
vt 0.8887094 0.05809585
vt 0.876931 0.05663556
vt 0.9041539 0.05818762
vt 0.9187234 0.06361025
vt 0.9327871 0.06627019
vt 0.9467849 0.06840162
vt 0.9584745 0.06882118
vt 0.9634683 0.09356022
vt 0.9634683 0.04550138
vt 0.9512922 0.04308641
vt 0.9539735 0.0111933
vt 0.9367667 0.04064365
vt 0.9203582 0.004581182
vt 0.9225215 0.03860939
vt 0.9084126 0.03181063
vt 0.8973629 0.001568995
vt 0.8912317 0.03272323
vt 0.8788378 0.03130146
vt 0.8805873 -7.366948E-08
vt 0.8661999 0.05424618
vt 0.8668984 0.02678488
vt 0.8837607 0.6844792
vt 0.8837607 0.672168
vt 0.8763046 0.6747015
vt 0.8777236 0.6872546
vt 0.8797512 0.7013178
vt 0.9125507 0.5493858
vt 0.926042 0.5403606
vt 0.90488 0.5469194
vt 0.9299625 0.5458527
vt 0.945738 0.5343373
vt 0.9454784 0.5458156
vt 0.9675894 0.5386615
vt 0.959747 0.5479009
vt 0.9843758 0.5435287
vt 0.9721601 0.5536105
vt 0.9935056 0.5597682
vt 0.9806096 0.5669356
vt 0.9986947 0.5799174
vt 0.9858626 0.5808954
vt 0.9999998 0.6003002
vt 0.9869807 0.5969289
vt 0.998529 0.6214081
vt 0.980816 0.6088904
vt 0.9914659 0.6343582
vt 0.9752697 0.6227346
vt 0.9830619 0.6492673
vt 0.9673337 0.6349393
vt 0.9696273 0.6620045
vt 0.9601183 0.6471658
vt 0.9535443 0.6707581
vt 0.9475935 0.6544706
vt 0.9350892 0.672168
vt 0.9337438 0.6595522
vt 0.917552 0.6707215
vt 0.9190745 0.66048
vt 0.9006733 0.6692273
vt 0.9060678 0.66126
vt 0.8835936 0.6624427
vt 0.8922722 0.6549834
vt 0.8736685 0.6470259
vt 0.8882715 0.6411485
vt 0.8654791 0.6275808
vt 0.8793597 0.624985
vt 0.8667278 0.6115289
vt 0.8745655 0.6103925
vt 0.8654791 0.5926483
vt 0.8794937 0.5929482
vt 0.8725156 0.5761825
vt 0.8852228 0.578917
vt 0.8805111 0.5607266
vt 0.8977611 0.5711336
vt 0.9028972 0.5572982
vt 0.9133093 0.6466688
vt 0.9047062 0.6413433
vt 0.9208386 0.6511517
vt 0.8992085 0.6334192
vt 0.9317966 0.6468493
vt 0.8964058 0.6218162
vt 0.9419045 0.6428458
vt 0.9005822 0.6100869
vt 0.9504524 0.6377186
vt 0.8968969 0.6005509
vt 0.9542947 0.6286301
vt 0.9005687 0.590838
vt 0.9598704 0.6200151
vt 0.9073663 0.583704
vt 0.9635689 0.6106863
vt 0.9130431 0.5754501
vt 0.967696 0.6028873
vt 0.9212572 0.5700834
vt 0.9666219 0.5932704
vt 0.9309024 0.5671259
vt 0.9628237 0.5844071
vt 0.9408198 0.5674306
vt 0.9576744 0.575903
vt 0.9497337 0.5709198
vt 0.6766342 0.02714716
vt 0.6757251 0.01103662
vt 0.6577779 0.01124251
vt 0.6585021 0.02732379
vt 0.6361151 0.005183467
vt 0.6382101 0.0007004167
vt 0.6577685 1.942775E-08
vt 0.6221964 0.0008863483
vt 0.62007 0.006666564
vt 0.6047884 0.0003475552
vt 0.6367575 0.02368306
vt 0.6046113 0.009741939
vt 0.5879066 2.198212E-08
vt 0.5871788 0.009598741
vt 0.6207172 0.02474794
vt 0.60501 0.0266247
vt 0.5875568 0.02705072
vt 0.5875921 0.09221727
vt 0.603896 0.09080766
vt 0.5988209 0.1324564
vt 0.6372685 0.0606187
vt 0.6541995 0.0610163
vt 0.6203408 0.06127941
vt 0.6088278 0.1342244
vt 0.6294436 0.1353823
vt 0.6397055 0.1344794
vt 0.6190445 0.1357837
vt 0.6078115 0.2527175
vt 0.5950578 0.2473481
vt 0.5965952 0.2826541
vt 0.6227672 0.2580307
vt 0.635912 0.2581402
vt 0.6079196 0.2868211
vt 0.5886759 0.3171185
vt 0.6211754 0.2907739
vt 0.6328153 0.2903551
vt 0.6043848 0.3219211
vt 0.5795748 0.3874138
vt 0.6227229 0.3264331
vt 0.6387879 0.3260739
vt 0.5998752 0.3921105
vt 0.5681504 0.414078
vt 0.6235098 0.3959484
vt 0.6441565 0.3954639
vt 0.5944719 0.4198524
vt 0.5662184 0.4663018
vt 0.6251605 0.4233548
vt 0.6519627 0.4220419
vt 0.5938792 0.4705604
vt 0.5559107 0.5367697
vt 0.626003 0.4726847
vt 0.6540122 0.4711538
vt 0.5891241 0.540842
vt 0.5336541 0.6018524
vt 0.6277122 0.5422253
vt 0.661415 0.540314
vt 0.5794063 0.6049682
vt 0.6340812 0.6063939
vt 0.6819838 0.6066224
vt 0.6915559 0.7308232
vt 0.6358807 0.7308636
vt 0.6842998 0.8627445
vt 0.6310845 0.8630394
vt 0.5723418 0.7293168
vt 0.5197608 0.7254975
vt 0.571449 0.8615992
vt 0.5217439 0.8578896
vt 0.8266364 0.7165827
vt 0.7878003 0.7172868
vt 0.7782596 0.7302264
vt 0.8208489 0.742196
vt 0.8725859 0.7414107
vt 0.8307284 0.7022656
vt 0.8837244 0.7308972
vt 0.8998873 0.7859579
vt 0.9118948 0.7830438
vt 0.8556125 0.7594877
vt 0.8989146 0.8374237
vt 0.9107996 0.8407366
vt 0.8764987 0.7930434
vt 0.8379413 0.7936085
vt 0.8739997 0.8834252
vt 0.8854538 0.8947757
vt 0.8756351 0.8318262
vt 0.813769 0.7741849
vt 0.8303093 0.9105527
vt 0.8360656 0.9258887
vt 0.8577654 0.8667212
vt 0.8437569 0.8240964
vt 0.7781152 0.9116792
vt 0.7764259 0.9268925
vt 0.824885 0.8874698
vt 0.8252808 0.8487339
vt 0.8042453 0.8146106
vt 0.7838849 0.7804971
vt 0.7332628 0.8877732
vt 0.7228843 0.8998828
vt 0.7947859 0.854941
vt 0.7859017 0.8868709
vt 0.7478988 0.7620745
vt 0.7629937 0.7245131
vt 0.729654 0.7450745
vt 0.7653586 0.8051782
vt 0.7060668 0.843081
vt 0.6915557 0.8482025
vt 0.7507987 0.8696028
vt 0.770641 0.8355629
vt 0.7305304 0.7970554
vt 0.7301244 0.836054
vt 0.7049705 0.7910979
vt 0.6915557 0.7880896
vt 0.7199977 0.7357486
vt 0.8422366 0.5964737
vt 0.8547171 0.5947826
vt 0.8570811 0.5803991
vt 0.8558885 0.4678463
vt 0.8654791 0.4580446
vt 0.8422366 0.3503693
vt 0.6646875 0.8630395
vt 0.6529485 0.8630395
vt 0.651273 0.8893989
vt 0.6655649 0.8859977
vt 0.8763047 0.6753985
vt 0.8659409 0.6721679
vt 0.8654792 0.6975514
vt 0.8763047 0.7016326
vt 0.7603732 0.3206447
vt 0.7877408 0.3155594
vt 0.7686123 0.2758087
vt 0.7476158 0.2782579
vt 0.7308416 0.1371163
vt 0.7437716 0.1348739
vt 0.7165368 0.03075105
vt 0.7333045 0.03555301
vt 0.7129658 0.004573126
vt 0.7214068 0.008990377
vt 0.7040766 0.00114165
vt 0.6998922 0.03223234
vt 0.7153736 0.1390985
vt 0.7171611 0.3308335
vt 0.7297943 0.3503693
vt 0.7581291 0.3436112
vt 0.7117642 0.2779882
vt 0.6915558 0.3324631
vt 0.6939577 0.2791218
vt 0.7032758 0.140063
vt 0.6915558 0.02559656
vt 0.6978729 5.103701E-08
vt 0.7040766 0.00114165
vt 0.845494 0.3035115
vt 0.8661999 0.2897042
vt 0.8427521 0.2569472
vt 0.832545 0.2651757
vt 0.8188421 0.3109665
vt 0.822441 0.333032
vt 0.8421422 0.3308755
vt 0.8034641 0.334354
vt 0.7877408 0.3136924
vt 0.8147516 0.2700845
vt 0.7933843 0.2707145
vt 0.7922846 0.1277212
vt 0.8067987 0.1270915
vt 0.8218575 0.1256227
vt 0.7877408 0.02849053
vt 0.7996751 0.03557749
vt 0.7881796 -5.465582E-08
vt 0.8119271 0.03601865
vt 0.7969816 0.003097507
vt 0.8071646 0.005311529
vt 0.1733544 0.9398117
vt 0.1796463 0.9592233
vt 0.1961752 0.9712204
vt 0.2166276 0.9712204
vt 0.1785504 0.9188542
vt 0.2331913 0.9592233
vt 0.189904 0.8998672
vt 0.2395396 0.9398116
vt 0.2103564 0.8998672
vt 0.2149999 0.8770301
vt 0.1819374 0.8771266
vt 0.2320954 0.9188541
vt 0.2588395 0.9368401
vt 0.2486205 0.9053906
vt 0.769558 0.6880428
vt 0.7859278 0.6504763
vt 0.7571554 0.6584659
vt 0.7855914 0.6892628
vt 0.8178583 0.6540093
vt 0.8059256 0.6913573
vt 0.8422366 0.6683037
vt 0.8227938 0.6935261
vt 0.8341872 0.6284965
vt 0.8148702 0.6191313
vt 0.7926512 0.6171005
vt 0.820715 0.4851318
vt 0.8336411 0.4863524
vt 0.8051616 0.4838596
vt 0.8266415 0.3831777
vt 0.8422366 0.376667
vt 0.7929218 0.4830216
vt 0.775539 0.6219897
vt 0.7930305 0.3917728
vt 0.8070787 0.3890643
vt 0.8088616 0.3630605
vt 0.8154411 0.3623759
vt 0.8247749 0.3555349
vt 0.8323455 0.3503692
vt 0.721405 0.6975971
vt 0.7431017 0.7022654
vt 0.7571553 0.6818142
vt 0.7224457 0.6710418
vt 0.7019143 0.6943901
vt 0.6915558 0.668188
vt 0.7542553 0.6286795
vt 0.7288863 0.6308353
vt 0.7069819 0.6293845
vt 0.7235644 0.4880186
vt 0.7381262 0.489541
vt 0.7531442 0.4904496
vt 0.7342709 0.378668
vt 0.745191 0.3743713
vt 0.7415689 0.3529238
vt 0.7558142 0.3755
vt 0.7492207 0.3506562
vt 0.7571553 0.3503692
vt 0.6462132 0.8645265
vt 0.6377392 0.8630396
vt 0.6298841 0.8657544
vt 0.6512731 0.8711866
vt 0.625464 0.8723058
vt 0.6512731 0.8813468
vt 0.6255953 0.8804288
vt 0.6301632 0.8873257
vt 0.6461515 0.8889198
vt 0.6378754 0.8907419
vt 0.9381441 0.3073546
vt 0.9591032 0.3108684
vt 0.9591032 0.2818927
vt 0.9373692 0.2913021
vt 0.9462875 0.2612861
vt 0.9317856 0.3202011
vt 0.9485726 0.3327428
vt 0.929655 0.2773606
vt 0.9251481 0.2494199
vt 0.9198377 0.3298892
vt 0.928766 0.3470705
vt 0.9168997 0.2698794
vt 0.9008892 0.2491549
vt 0.9052965 0.3297448
vt 0.9059522 0.3458563
vt 0.9022545 0.26972
vt 0.879508 0.2606205
vt 0.8917802 0.322871
vt 0.883477 0.3359235
vt 0.8893597 0.276644
vt 0.8661999 0.2809659
vt 0.8829172 0.3111542
vt 0.8681033 0.3170378
vt 0.8817 0.2884708
usemtl MV_RockDesert_Hoodoo
f 1/1/1 3/3/3 2/2/2
f 4/4/4 6/6/6 5/5/5
f 4/4/4 7/7/7 6/6/6
f 8/8/8 7/7/7 4/4/4
f 9/9/9 6/6/6 7/7/7
f 6/6/6 9/9/9 10/10/10
f 8/8/8 11/11/11 7/7/7
f 9/9/9 7/7/7 11/11/11
f 12/12/12 11/11/11 8/8/8
f 13/13/13 9/9/9 11/11/11
f 12/12/12 13/13/13 11/11/11
f 14/14/14 13/13/13 12/12/12
f 14/14/14 12/12/12 15/15/15
f 16/16/16 14/14/14 15/15/15
f 16/16/16 15/15/15 17/17/17
f 18/18/18 16/16/16 17/17/17
f 18/18/18 17/17/17 19/19/19
f 20/20/20 18/18/18 19/19/19
f 20/20/20 19/19/19 21/21/21
f 22/22/22 20/20/20 21/21/21
f 22/22/22 21/21/21 23/23/23
f 24/24/24 22/22/22 23/23/23
f 24/24/24 23/23/23 25/25/25
f 26/26/26 24/24/24 25/25/25
f 26/26/26 25/25/25 27/27/27
f 28/28/28 26/26/26 27/27/27
f 27/27/27 29/29/29 28/28/28
f 30/30/30 14/14/14 16/16/16
f 31/31/31 16/16/16 18/18/18
f 31/31/31 30/30/30 16/16/16
f 32/32/32 18/18/18 20/20/20
f 32/32/32 31/31/31 18/18/18
f 33/33/33 20/20/20 22/22/22
f 33/33/33 32/32/32 20/20/20
f 34/34/34 22/22/22 24/24/24
f 34/34/34 33/33/33 22/22/22
f 35/35/35 24/24/24 26/26/26
f 35/35/35 34/34/34 24/24/24
f 30/30/30 36/36/36 14/14/14
f 36/36/36 13/13/13 14/14/14
f 37/37/37 30/30/30 31/31/31
f 37/37/37 38/38/38 30/30/30
f 38/38/38 36/36/36 30/30/30
f 39/39/39 37/37/37 31/31/31
f 39/39/39 31/31/31 32/32/32
f 40/40/40 39/39/39 32/32/32
f 40/40/40 32/32/32 33/33/33
f 41/41/41 40/40/40 33/33/33
f 41/41/41 33/33/33 34/34/34
f 42/42/42 41/41/41 34/34/34
f 42/42/42 34/34/34 35/35/35
f 38/38/38 43/43/43 36/36/36
f 44/44/44 42/42/42 35/35/35
f 43/43/43 45/45/45 36/36/36
f 43/43/43 46/46/46 45/45/45
f 36/36/36 45/45/45 13/13/13
f 45/45/45 46/46/46 47/47/47
f 13/13/13 45/45/45 48/48/48
f 45/45/45 47/47/47 48/48/48
f 48/48/48 47/47/47 49/49/49
f 13/13/13 48/48/48 50/50/50
f 48/48/48 49/49/49 51/51/51
f 50/50/50 48/48/48 51/51/51
f 50/50/50 51/51/51 52/52/52
f 52/52/52 51/51/51 53/53/53
f 52/52/52 53/53/53 54/54/54
f 35/35/35 55/55/55 44/44/44
f 56/56/56 44/44/44 55/55/55
f 55/55/55 35/35/35 57/57/57
f 57/57/57 35/35/35 26/26/26
f 56/56/56 55/55/55 58/58/58
f 58/58/58 55/55/55 57/57/57
f 59/59/59 56/56/56 58/58/58
f 26/26/26 60/60/60 57/57/57
f 60/60/60 26/26/26 28/28/28
f 58/58/58 57/57/57 61/61/61
f 61/61/61 57/57/57 60/60/60
f 62/62/62 60/60/60 28/28/28
f 61/61/61 60/60/60 62/62/62
f 62/62/62 28/28/28 63/63/63
f 64/64/64 58/58/58 61/61/61
f 59/59/59 58/58/58 64/64/64
f 65/65/65 61/61/61 62/62/62
f 64/64/64 61/61/61 65/65/65
f 66/66/66 62/62/62 63/63/63
f 65/65/65 62/62/62 66/66/66
f 66/66/66 63/63/63 67/67/67
f 66/66/66 67/67/67 68/68/68
f 66/66/66 68/68/68 69/69/69
f 65/65/65 66/66/66 69/69/69
f 70/70/70 69/69/69 68/68/68
f 70/70/70 71/71/71 69/69/69
f 65/65/65 69/69/69 72/72/72
f 71/71/71 72/72/72 69/69/69
f 64/64/64 65/65/65 72/72/72
f 71/71/71 73/73/73 72/72/72
f 64/64/64 72/72/72 74/74/74
f 59/59/59 64/64/64 74/74/74
f 73/73/73 75/75/75 72/72/72
f 75/75/75 74/74/74 72/72/72
f 75/75/75 59/59/59 74/74/74
f 73/73/73 76/76/76 75/75/75
f 76/76/76 77/77/77 75/75/75
f 75/75/75 77/77/77 59/59/59
f 76/76/76 78/78/78 77/77/77
f 79/79/79 77/77/77 78/78/78
f 80/80/80 77/77/77 79/79/79
f 77/77/77 80/80/80 81/81/81
f 59/59/59 77/77/77 81/81/81
f 82/82/82 81/81/81 80/80/80
f 82/82/82 59/59/59 81/81/81
f 82/82/82 56/56/56 59/59/59
f 82/82/82 83/83/83 56/56/56
f 84/84/84 86/86/86 85/85/85
f 87/87/87 85/85/85 86/86/86
f 87/87/87 86/86/86 88/88/88
f 89/89/89 87/87/87 88/88/88
f 89/89/89 88/88/88 90/90/90
f 90/90/90 88/88/88 91/91/91
f 89/89/89 90/90/90 92/92/92
f 89/89/89 92/92/92 93/93/93
f 94/94/94 93/93/93 92/92/92
f 94/94/94 95/95/95 93/93/93
f 96/96/96 94/94/94 92/92/92
f 96/96/96 92/92/92 97/97/97
f 90/90/90 97/97/97 92/92/92
f 98/98/98 96/96/96 97/97/97
f 90/90/90 99/99/99 97/97/97
f 90/90/90 91/91/91 99/99/99
f 98/98/98 97/97/97 100/100/100
f 99/99/99 100/100/100 97/97/97
f 101/101/101 98/98/98 100/100/100
f 101/101/101 100/100/100 102/102/102
f 103/103/103 101/101/101 102/102/102
f 99/99/99 104/104/104 100/100/100
f 104/104/104 102/102/102 100/100/100
f 99/99/99 91/91/91 105/105/105
f 99/99/99 105/105/105 104/104/104
f 103/103/103 102/102/102 106/106/106
f 107/107/107 103/103/103 106/106/106
f 104/104/104 108/108/108 102/102/102
f 108/108/108 106/106/106 102/102/102
f 107/107/107 106/106/106 109/109/109
f 110/110/110 107/107/107 109/109/109
f 110/110/110 109/109/109 111/111/111
f 112/112/112 109/109/109 106/106/106
f 108/108/108 112/112/112 106/106/106
f 113/113/113 111/111/111 109/109/109
f 112/112/112 113/113/113 109/109/109
f 113/113/113 114/114/114 111/111/111
f 113/113/113 115/115/115 114/114/114
f 104/104/104 116/116/116 108/108/108
f 104/104/104 105/105/105 116/116/116
f 108/108/108 117/117/117 112/112/112
f 108/108/108 116/116/116 117/117/117
f 112/112/112 118/118/118 113/113/113
f 113/113/113 118/118/118 115/115/115
f 112/112/112 117/117/117 118/118/118
f 105/105/105 119/119/119 116/116/116
f 116/116/116 120/120/120 117/117/117
f 116/116/116 119/119/119 120/120/120
f 117/117/117 121/121/121 118/118/118
f 117/117/117 120/120/120 121/121/121
f 118/118/118 122/122/122 115/115/115
f 118/118/118 121/121/121 122/122/122
f 115/115/115 122/122/122 123/123/123
f 115/115/115 123/123/123 124/124/124
f 122/122/122 125/125/125 123/123/123
f 121/121/121 125/125/125 122/122/122
f 120/120/120 126/126/126 121/121/121
f 125/125/125 121/121/121 126/126/126
f 119/119/119 126/126/126 120/120/120
f 126/126/126 127/127/127 125/125/125
f 105/105/105 128/128/128 119/119/119
f 91/91/91 128/128/128 105/105/105
f 91/91/91 129/129/129 128/128/128
f 128/128/128 130/130/130 119/119/119
f 130/130/130 128/128/128 129/129/129
f 126/126/126 119/119/119 130/130/130
f 129/129/129 131/131/131 130/130/130
f 126/126/126 132/132/132 127/127/127
f 130/130/130 132/132/132 126/126/126
f 132/132/132 133/133/133 127/127/127
f 131/131/131 134/134/134 130/130/130
f 130/130/130 134/134/134 132/132/132
f 131/131/131 135/135/135 134/134/134
f 132/132/132 136/136/136 133/133/133
f 134/134/134 136/136/136 132/132/132
f 136/136/136 137/137/137 133/133/133
f 135/135/135 138/138/138 134/134/134
f 134/134/134 138/138/138 136/136/136
f 135/135/135 139/139/139 138/138/138
f 136/136/136 140/140/140 137/137/137
f 138/138/138 140/140/140 136/136/136
f 140/140/140 141/141/141 137/137/137
f 139/139/139 142/142/142 138/138/138
f 138/138/138 142/142/142 140/140/140
f 139/139/139 143/143/143 142/142/142
f 140/140/140 144/144/144 141/141/141
f 142/142/142 144/144/144 140/140/140
f 144/144/144 145/145/145 141/141/141
f 143/143/143 146/146/146 142/142/142
f 142/142/142 146/146/146 144/144/144
f 143/143/143 147/147/147 146/146/146
f 144/144/144 148/148/148 145/145/145
f 146/146/146 148/148/148 144/144/144
f 148/148/148 149/149/149 145/145/145
f 147/147/147 150/150/150 146/146/146
f 146/146/146 150/150/150 148/148/148
f 147/147/147 151/151/151 150/150/150
f 148/148/148 152/152/152 149/149/149
f 150/150/150 152/152/152 148/148/148
f 152/152/152 153/153/153 149/149/149
f 151/151/151 154/154/154 150/150/150
f 150/150/150 154/154/154 152/152/152
f 151/151/151 155/155/155 154/154/154
f 152/152/152 156/156/156 153/153/153
f 154/154/154 156/156/156 152/152/152
f 155/155/155 157/157/157 154/154/154
f 154/154/154 157/157/157 156/156/156
f 155/155/155 158/158/158 157/157/157
f 157/157/157 158/158/158 159/159/159
f 157/157/157 159/159/159 160/160/160
f 156/156/156 157/157/157 160/160/160
f 160/160/160 159/159/159 161/161/161
f 160/160/160 161/161/161 162/162/162
f 153/153/153 156/156/156 163/163/163
f 156/156/156 160/160/160 163/163/163
f 163/163/163 160/160/160 162/162/162
f 153/153/153 163/163/163 164/164/164
f 163/163/163 162/162/162 165/165/165
f 164/164/164 163/163/163 165/165/165
f 164/164/164 165/165/165 166/166/166
f 167/167/167 169/169/169 168/168/168
f 167/167/167 170/170/170 169/169/169
f 170/170/170 171/171/171 169/169/169
f 167/167/167 172/172/172 170/170/170
f 173/173/173 172/172/172 167/167/167
f 170/170/170 174/174/174 171/171/171
f 172/172/172 174/174/174 170/170/170
f 174/174/174 175/175/175 171/171/171
f 173/173/173 176/176/176 172/172/172
f 172/172/172 177/177/177 174/174/174
f 176/176/176 177/177/177 172/172/172
f 173/173/173 178/178/178 176/176/176
f 179/179/179 178/178/178 173/173/173
f 174/174/174 180/180/180 175/175/175
f 177/177/177 180/180/180 174/174/174
f 176/176/176 181/181/181 177/177/177
f 178/178/178 181/181/181 176/176/176
f 179/179/179 182/182/182 178/178/178
f 179/179/179 183/183/183 182/182/182
f 182/182/182 184/184/184 178/178/178
f 178/178/178 184/184/184 181/181/181
f 183/183/183 185/185/185 182/182/182
f 182/182/182 185/185/185 184/184/184
f 183/183/183 186/186/186 185/185/185
f 181/181/181 187/187/187 177/177/177
f 177/177/177 187/187/187 180/180/180
f 184/184/184 188/188/188 181/181/181
f 181/181/181 188/188/188 187/187/187
f 186/186/186 189/189/189 185/185/185
f 186/186/186 190/190/190 189/189/189
f 185/185/185 191/191/191 184/184/184
f 184/184/184 191/191/191 188/188/188
f 185/185/185 189/189/189 191/191/191
f 190/190/190 192/192/192 189/189/189
f 190/190/190 193/193/193 192/192/192
f 189/189/189 192/192/192 194/194/194
f 189/189/189 194/194/194 191/191/191
f 191/191/191 194/194/194 195/195/195
f 191/191/191 195/195/195 188/188/188
f 188/188/188 195/195/195 196/196/196
f 188/188/188 196/196/196 187/187/187
f 187/187/187 196/196/196 197/197/197
f 187/187/187 197/197/197 180/180/180
f 180/180/180 197/197/197 198/198/198
f 180/180/180 198/198/198 175/175/175
f 175/175/175 198/198/198 199/199/199
f 175/175/175 199/199/199 200/200/200
f 201/201/201 203/203/203 202/202/202
f 201/201/201 204/204/204 203/203/203
f 204/204/204 205/205/205 203/203/203
f 201/201/201 206/206/206 204/204/204
f 207/207/207 206/206/206 201/201/201
f 204/204/204 208/208/208 205/205/205
f 206/206/206 208/208/208 204/204/204
f 208/208/208 209/209/209 205/205/205
f 208/208/208 210/210/210 209/209/209
f 210/210/210 211/211/211 209/209/209
f 210/210/210 212/212/212 211/211/211
f 206/206/206 213/213/213 208/208/208
f 213/213/213 210/210/210 208/208/208
f 214/214/214 212/212/212 210/210/210
f 213/213/213 214/214/214 210/210/210
f 214/214/214 215/215/215 212/212/212
f 207/207/207 216/216/216 206/206/206
f 216/216/216 213/213/213 206/206/206
f 217/217/217 214/214/214 213/213/213
f 216/216/216 217/217/217 213/213/213
f 218/218/218 215/215/215 214/214/214
f 217/217/217 218/218/218 214/214/214
f 218/218/218 219/219/219 215/215/215
f 207/207/207 220/220/220 216/216/216
f 220/220/220 217/217/217 216/216/216
f 221/221/221 220/220/220 207/207/207
f 221/221/221 222/222/222 220/220/220
f 220/220/220 223/223/223 217/217/217
f 222/222/222 223/223/223 220/220/220
f 223/223/223 218/218/218 217/217/217
f 222/222/222 224/224/224 223/223/223
f 225/225/225 219/219/219 218/218/218
f 223/223/223 225/225/225 218/218/218
f 224/224/224 225/225/225 223/223/223
f 225/225/225 226/226/226 219/219/219
f 224/224/224 227/227/227 225/225/225
f 227/227/227 226/226/226 225/225/225
f 228/228/228 227/227/227 224/224/224
f 227/227/227 229/229/229 226/226/226
f 228/228/228 230/230/230 227/227/227
f 230/230/230 229/229/229 227/227/227
f 230/230/230 231/231/231 229/229/229
f 232/232/232 234/234/234 233/233/233
f 235/235/235 232/232/232 233/233/233
f 235/235/235 233/233/233 236/236/236
f 237/237/237 239/239/239 238/238/238
f 237/237/237 240/240/240 239/239/239
f 240/240/240 241/241/241 239/239/239
f 237/237/237 242/242/242 240/240/240
f 243/243/243 242/242/242 237/237/237
f 240/240/240 244/244/244 241/241/241
f 242/242/242 244/244/244 240/240/240
f 244/244/244 245/245/245 241/241/241
f 244/244/244 246/246/246 245/245/245
f 242/242/242 247/247/247 244/244/244
f 247/247/247 246/246/246 244/244/244
f 243/243/243 248/248/248 242/242/242
f 248/248/248 247/247/247 242/242/242
f 247/247/247 249/249/249 246/246/246
f 249/249/249 250/250/250 246/246/246
f 249/249/249 251/251/251 250/250/250
f 243/243/243 252/252/252 248/248/248
f 253/253/253 252/252/252 243/243/243
f 248/248/248 254/254/254 247/247/247
f 254/254/254 249/249/249 247/247/247
f 252/252/252 254/254/254 248/248/248
f 255/255/255 251/251/251 249/249/249
f 254/254/254 255/255/255 249/249/249
f 255/255/255 256/256/256 251/251/251
f 253/253/253 257/257/257 252/252/252
f 253/253/253 258/258/258 257/257/257
f 252/252/252 259/259/259 254/254/254
f 259/259/259 255/255/255 254/254/254
f 257/257/257 259/259/259 252/252/252
f 260/260/260 256/256/256 255/255/255
f 259/259/259 260/260/260 255/255/255
f 260/260/260 261/261/261 256/256/256
f 258/258/258 262/262/262 257/257/257
f 257/257/257 262/262/262 259/259/259
f 262/262/262 260/260/260 259/259/259
f 258/258/258 263/263/263 262/262/262
f 264/264/264 261/261/261 260/260/260
f 262/262/262 264/264/264 260/260/260
f 263/263/263 264/264/264 262/262/262
f 264/264/264 265/265/265 261/261/261
f 263/263/263 266/266/266 264/264/264
f 267/267/267 269/269/269 268/268/268
f 267/267/267 268/268/268 270/270/270
f 271/271/271 267/267/267 270/270/270
f 271/271/271 270/270/270 272/272/272
f 273/273/273 275/275/275 274/274/274
f 273/273/273 274/274/274 276/276/276
f 277/277/277 273/273/273 276/276/276
f 277/277/277 276/276/276 278/278/278
f 277/277/277 278/278/278 279/279/279
f 277/277/277 279/279/279 280/280/280
f 281/281/281 280/280/280 279/279/279
f 281/281/281 282/282/282 280/280/280
f 283/283/283 281/281/281 279/279/279
f 278/278/278 284/284/284 279/279/279
f 283/283/283 279/279/279 284/284/284
f 285/285/285 283/283/283 284/284/284
f 278/278/278 286/286/286 284/284/284
f 285/285/285 284/284/284 287/287/287
f 286/286/286 287/287/287 284/284/284
f 288/288/288 285/285/285 287/287/287
f 286/286/286 289/289/289 287/287/287
f 288/288/288 287/287/287 290/290/290
f 289/289/289 290/290/290 287/287/287
f 286/286/286 291/291/291 289/289/289
f 286/286/286 292/292/292 291/291/291
f 292/292/292 293/293/293 291/291/291
f 292/292/292 294/294/294 293/293/293
f 289/289/289 291/291/291 295/295/295
f 291/291/291 293/293/293 296/296/296
f 291/291/291 296/296/296 295/295/295
f 297/297/297 293/293/293 294/294/294
f 293/293/293 297/297/297 296/296/296
f 289/289/289 295/295/295 298/298/298
f 289/289/289 298/298/298 290/290/290
f 298/298/298 295/295/295 299/299/299
f 299/299/299 295/295/295 296/296/296
f 298/298/298 299/299/299 300/300/300
f 300/300/300 290/290/290 298/298/298
f 300/300/300 299/299/299 301/301/301
f 290/290/290 302/302/302 288/288/288
f 300/300/300 302/302/302 290/290/290
f 302/302/302 303/303/303 288/288/288
f 304/304/304 288/288/288 303/303/303
f 305/305/305 302/302/302 300/300/300
f 305/305/305 303/303/303 302/302/302
f 300/300/300 301/301/301 305/305/305
f 304/304/304 303/303/303 306/306/306
f 305/305/305 306/306/306 303/303/303
f 307/307/307 304/304/304 306/306/306
f 307/307/307 306/306/306 308/308/308
f 309/309/309 307/307/307 308/308/308
f 305/305/305 310/310/310 306/306/306
f 310/310/310 308/308/308 306/306/306
f 305/305/305 301/301/301 311/311/311
f 305/305/305 311/311/311 310/310/310
f 309/309/309 308/308/308 312/312/312
f 313/313/313 309/309/309 312/312/312
f 313/313/313 312/312/312 314/314/314
f 315/315/315 312/312/312 308/308/308
f 310/310/310 315/315/315 308/308/308
f 315/315/315 316/316/316 312/312/312
f 310/310/310 317/317/317 315/315/315
f 310/310/310 311/311/311 317/317/317
f 301/301/301 318/318/318 311/311/311
f 301/301/301 296/296/296 318/318/318
f 315/315/315 319/319/319 316/316/316
f 315/315/315 317/317/317 319/319/319
f 311/311/311 320/320/320 317/317/317
f 311/311/311 318/318/318 320/320/320
f 321/321/321 318/318/318 296/296/296
f 318/318/318 321/321/321 320/320/320
f 296/296/296 297/297/297 321/321/321
f 316/316/316 319/319/319 322/322/322
f 316/316/316 322/322/322 323/323/323
f 319/319/319 324/324/324 322/322/322
f 317/317/317 325/325/325 319/319/319
f 319/319/319 325/325/325 324/324/324
f 317/317/317 320/320/320 325/325/325
f 325/325/325 326/326/326 324/324/324
f 326/326/326 325/325/325 320/320/320
f 320/320/320 321/321/321 326/326/326
f 321/321/321 327/327/327 326/326/326
f 321/321/321 328/328/328 327/327/327
f 297/297/297 328/328/328 321/321/321
f 328/328/328 329/329/329 327/327/327
f 328/328/328 330/330/330 329/329/329
f 330/330/330 331/331/331 329/329/329
f 297/297/297 332/332/332 328/328/328
f 332/332/332 330/330/330 328/328/328
f 330/330/330 333/333/333 331/331/331
f 333/333/333 334/334/334 331/331/331
f 335/335/335 332/332/332 297/297/297
f 294/294/294 335/335/335 297/297/297
f 274/274/274 335/335/335 294/294/294
f 335/335/335 336/336/336 332/332/332
f 332/332/332 337/337/337 330/330/330
f 336/336/336 337/337/337 332/332/332
f 337/337/337 333/333/333 330/330/330
f 336/336/336 338/338/338 337/337/337
f 338/338/338 339/339/339 337/337/337
f 337/337/337 339/339/339 333/333/333
f 338/338/338 340/340/340 339/339/339
f 333/333/333 341/341/341 334/334/334
f 339/339/339 341/341/341 333/333/333
f 341/341/341 342/342/342 334/334/334
f 340/340/340 343/343/343 339/339/339
f 339/339/339 343/343/343 341/341/341
f 340/340/340 344/344/344 343/343/343
f 341/341/341 345/345/345 342/342/342
f 343/343/343 345/345/345 341/341/341
f 345/345/345 346/346/346 342/342/342
f 344/344/344 347/347/347 343/343/343
f 343/343/343 347/347/347 345/345/345
f 344/344/344 348/348/348 347/347/347
f 345/345/345 349/349/349 346/346/346
f 347/347/347 349/349/349 345/345/345
f 349/349/349 350/350/350 346/346/346
f 348/348/348 351/351/351 347/347/347
f 347/347/347 351/351/351 349/349/349
f 348/348/348 352/352/352 351/351/351
f 349/349/349 353/353/353 350/350/350
f 351/351/351 353/353/353 349/349/349
f 352/352/352 354/354/354 351/351/351
f 351/351/351 354/354/354 353/353/353
f 352/352/352 355/355/355 354/354/354
f 354/354/354 355/355/355 356/356/356
f 354/354/354 356/356/356 357/357/357
f 353/353/353 354/354/354 357/357/357
f 357/357/357 356/356/356 358/358/358
f 357/357/357 358/358/358 359/359/359
f 350/350/350 353/353/353 360/360/360
f 353/353/353 357/357/357 360/360/360
f 360/360/360 357/357/357 359/359/359
f 350/350/350 360/360/360 361/361/361
f 360/360/360 359/359/359 362/362/362
f 361/361/361 360/360/360 362/362/362
f 361/361/361 362/362/362 363/363/363
f 362/362/362 359/359/359 364/364/364
f 362/362/362 364/364/364 365/365/365
f 366/366/366 368/368/368 367/367/367
f 366/366/366 367/367/367 369/369/369
f 369/369/369 367/367/367 370/370/370
f 369/369/369 370/370/370 371/371/371
f 371/371/371 370/370/370 372/372/372
f 371/371/371 372/372/372 373/373/373
f 373/373/373 372/372/372 374/374/374
f 373/373/373 374/374/374 375/375/375
f 375/375/375 374/374/374 376/376/376
f 375/375/375 376/376/376 377/377/377
f 377/377/377 376/376/376 378/378/378
f 377/377/377 378/378/378 379/379/379
f 379/379/379 378/378/378 380/380/380
f 379/379/379 380/380/380 381/381/381
f 381/381/381 380/380/380 382/382/382
f 381/381/381 382/382/382 383/383/383
f 383/383/383 382/382/382 384/384/384
f 383/383/383 384/384/384 385/385/385
f 385/385/385 384/384/384 386/386/386
f 385/385/385 386/386/386 387/387/387
f 387/387/387 386/386/386 388/388/388
f 387/387/387 388/388/388 389/389/389
f 389/389/389 388/388/388 390/390/390
f 389/389/389 390/390/390 391/391/391
f 391/391/391 390/390/390 392/392/392
f 391/391/391 392/392/392 393/393/393
f 393/393/393 392/392/392 394/394/394
f 393/393/393 394/394/394 395/395/395
f 395/395/395 394/394/394 396/396/396
f 395/395/395 396/396/396 397/397/397
f 397/397/397 396/396/396 398/398/398
f 397/397/397 398/398/398 399/399/399
f 399/399/399 398/398/398 400/400/400
f 399/399/399 400/400/400 401/401/401
f 401/401/401 400/400/400 402/402/402
f 401/401/401 402/402/402 403/403/403
f 403/403/403 402/402/402 404/404/404
f 403/403/403 404/404/404 405/405/405
f 405/405/405 404/404/404 406/406/406
f 405/405/405 406/406/406 407/407/407
f 407/407/407 406/406/406 408/408/408
f 407/407/407 408/408/408 409/409/409
f 410/410/410 412/412/412 411/411/411
f 410/410/410 411/411/411 413/413/413
f 413/413/413 411/411/411 414/414/414
f 413/413/413 414/414/414 415/415/415
f 415/415/415 414/414/414 416/416/416
f 415/415/415 416/416/416 417/417/417
f 418/418/418 410/410/410 413/413/413
f 419/419/419 413/413/413 415/415/415
f 418/418/418 413/413/413 419/419/419
f 420/420/420 415/415/415 417/417/417
f 419/419/419 415/415/415 420/420/420
f 421/421/421 410/410/410 418/418/418
f 421/421/421 422/422/422 410/410/410
f 420/420/420 417/417/417 423/423/423
f 423/423/423 417/417/417 424/424/424
f 423/423/423 424/424/424 425/425/425
f 426/426/426 423/423/423 425/425/425
f 426/426/426 425/425/425 427/427/427
f 428/428/428 420/420/420 423/423/423
f 428/428/428 423/423/423 426/426/426
f 429/429/429 419/419/419 420/420/420
f 429/429/429 420/420/420 428/428/428
f 430/430/430 418/418/418 419/419/419
f 430/430/430 419/419/419 429/429/429
f 431/431/431 421/421/421 418/418/418
f 431/431/431 418/418/418 430/430/430
f 432/432/432 421/421/421 431/431/431
f 432/432/432 433/433/433 421/421/421
f 434/434/434 432/432/432 431/431/431
f 434/434/434 431/431/431 435/435/435
f 435/435/435 431/431/431 430/430/430
f 436/436/436 434/434/434 435/435/435
f 435/435/435 430/430/430 437/437/437
f 436/436/436 435/435/435 437/437/437
f 437/437/437 430/430/430 429/429/429
f 436/436/436 437/437/437 438/438/438
f 437/437/437 429/429/429 439/439/439
f 439/439/439 429/429/429 428/428/428
f 438/438/438 437/437/437 439/439/439
f 439/439/439 428/428/428 440/440/440
f 438/438/438 439/439/439 440/440/440
f 440/440/440 428/428/428 426/426/426
f 438/438/438 440/440/440 441/441/441
f 440/440/440 426/426/426 442/442/442
f 441/441/441 440/440/440 442/442/442
f 442/442/442 426/426/426 427/427/427
f 441/441/441 442/442/442 443/443/443
f 442/442/442 427/427/427 443/443/443
f 441/441/441 443/443/443 444/444/444
f 443/443/443 427/427/427 445/445/445
f 444/444/444 443/443/443 446/446/446
f 443/443/443 445/445/445 446/446/446
f 447/447/447 449/449/449 448/448/448
f 447/447/447 450/450/450 449/449/449
f 447/447/447 451/451/451 450/450/450
f 452/452/452 454/454/454 453/453/453
f 452/452/452 453/453/453 455/455/455
f 455/455/455 453/453/453 456/456/456
f 455/455/455 456/456/456 457/457/457
f 457/457/457 456/456/456 458/458/458
f 457/457/457 458/458/458 459/459/459
f 459/459/459 458/458/458 460/460/460
f 459/459/459 460/460/460 461/461/461
f 461/461/461 460/460/460 462/462/462
f 461/461/461 462/462/462 463/463/463
f 463/463/463 462/462/462 464/464/464
f 463/463/463 464/464/464 465/465/465
f 465/465/465 464/464/464 466/466/466
f 465/465/465 466/466/466 467/467/467
f 467/467/467 466/466/466 468/468/468
f 467/467/467 468/468/468 469/469/469
f 469/469/469 468/468/468 470/470/470
f 469/469/469 470/470/470 471/471/471
f 471/471/471 470/470/470 472/472/472
f 471/471/471 472/472/472 473/473/473
f 473/473/473 472/472/472 474/474/474
f 473/473/473 474/474/474 475/475/475
f 475/475/475 474/474/474 476/476/476
f 475/475/475 476/476/476 477/477/477
f 477/477/477 476/476/476 478/478/478
f 477/477/477 478/478/478 479/479/479
f 479/479/479 478/478/478 480/480/480
f 479/479/479 480/480/480 481/481/481
f 481/481/481 480/480/480 482/482/482
f 481/481/481 482/482/482 483/483/483
f 483/483/483 482/482/482 484/484/484
f 483/483/483 484/484/484 485/485/485
f 485/485/485 484/484/484 486/486/486
f 485/485/485 486/486/486 487/487/487
f 487/487/487 486/486/486 488/488/488
f 487/487/487 488/488/488 489/489/489
f 489/489/489 488/488/488 490/490/490
f 489/489/489 490/490/490 491/491/491
f 491/491/491 490/490/490 492/492/492
f 491/491/491 492/492/492 493/493/493
f 493/493/493 492/492/492 494/494/494
f 493/493/493 494/494/494 495/495/495
f 495/495/495 494/494/494 496/496/496
f 496/496/496 497/497/497 495/495/495
f 497/497/497 496/496/496 498/498/498
f 499/499/499 483/483/483 485/485/485
f 499/499/499 485/485/485 500/500/500
f 500/500/500 485/485/485 487/487/487
f 501/501/501 483/483/483 499/499/499
f 500/500/500 487/487/487 502/502/502
f 501/501/501 481/481/481 483/483/483
f 502/502/502 487/487/487 489/489/489
f 503/503/503 481/481/481 501/501/501
f 502/502/502 489/489/489 504/504/504
f 503/503/503 479/479/479 481/481/481
f 504/504/504 489/489/489 491/491/491
f 505/505/505 479/479/479 503/503/503
f 504/504/504 491/491/491 506/506/506
f 505/505/505 477/477/477 479/479/479
f 506/506/506 491/491/491 493/493/493
f 507/507/507 477/477/477 505/505/505
f 506/506/506 493/493/493 508/508/508
f 507/507/507 475/475/475 477/477/477
f 508/508/508 493/493/493 495/495/495
f 509/509/509 475/475/475 507/507/507
f 508/508/508 495/495/495 510/510/510
f 509/509/509 473/473/473 475/475/475
f 510/510/510 495/495/495 497/497/497
f 511/511/511 473/473/473 509/509/509
f 510/510/510 497/497/497 512/512/512
f 511/511/511 471/471/471 473/473/473
f 512/512/512 497/497/497 498/498/498
f 513/513/513 471/471/471 511/511/511
f 512/512/512 498/498/498 514/514/514
f 513/513/513 469/469/469 471/471/471
f 514/514/514 498/498/498 452/452/452
f 515/515/515 469/469/469 513/513/513
f 514/514/514 452/452/452 516/516/516
f 515/515/515 467/467/467 469/469/469
f 516/516/516 452/452/452 455/455/455
f 517/517/517 467/467/467 515/515/515
f 516/516/516 455/455/455 518/518/518
f 517/517/517 465/465/465 467/467/467
f 518/518/518 455/455/455 457/457/457
f 519/519/519 465/465/465 517/517/517
f 518/518/518 457/457/457 520/520/520
f 519/519/519 463/463/463 465/465/465
f 520/520/520 457/457/457 459/459/459
f 521/521/521 463/463/463 519/519/519
f 520/520/520 459/459/459 522/522/522
f 521/521/521 461/461/461 463/463/463
f 522/522/522 461/461/461 521/521/521
f 522/522/522 459/459/459 461/461/461
f 523/523/523 525/525/525 524/524/524
f 523/523/523 526/526/526 525/525/525
f 526/526/526 527/527/527 525/525/525
f 528/528/528 525/525/525 527/527/527
f 528/528/528 529/529/529 525/525/525
f 530/530/530 528/528/528 527/527/527
f 530/530/530 527/527/527 531/531/531
f 532/532/532 530/530/530 531/531/531
f 526/526/526 533/533/533 527/527/527
f 533/533/533 531/531/531 527/527/527
f 532/532/532 531/531/531 534/534/534
f 535/535/535 532/532/532 534/534/534
f 535/535/535 534/534/534 536/536/536
f 537/537/537 534/534/534 531/531/531
f 533/533/533 537/537/537 531/531/531
f 538/538/538 536/536/536 534/534/534
f 537/537/537 538/538/538 534/534/534
f 538/538/538 539/539/539 536/536/536
f 538/538/538 540/540/540 539/539/539
f 538/538/538 541/541/541 540/540/540
f 537/537/537 541/541/541 538/538/538
f 541/541/541 542/542/542 540/540/540
f 526/526/526 543/543/543 533/533/533
f 526/526/526 544/544/544 543/543/543
f 533/533/533 545/545/545 537/537/537
f 537/537/537 545/545/545 541/541/541
f 533/533/533 543/543/543 545/545/545
f 541/541/541 546/546/546 542/542/542
f 545/545/545 546/546/546 541/541/541
f 544/544/544 547/547/547 543/543/543
f 544/544/544 548/548/548 547/547/547
f 543/543/543 549/549/549 545/545/545
f 545/545/545 549/549/549 546/546/546
f 543/543/543 547/547/547 549/549/549
f 546/546/546 550/550/550 542/542/542
f 549/549/549 550/550/550 546/546/546
f 542/542/542 550/550/550 551/551/551
f 550/550/550 552/552/552 551/551/551
f 548/548/548 553/553/553 547/547/547
f 547/547/547 553/553/553 549/549/549
f 550/550/550 549/549/549 553/553/553
f 553/553/553 548/548/548 554/554/554
f 550/550/550 555/555/555 552/552/552
f 553/553/553 555/555/555 550/550/550
f 555/555/555 556/556/556 552/552/552
f 554/554/554 557/557/557 553/553/553
f 553/553/553 557/557/557 555/555/555
f 554/554/554 558/558/558 557/557/557
f 555/555/555 559/559/559 556/556/556
f 557/557/557 559/559/559 555/555/555
f 559/559/559 560/560/560 556/556/556
f 558/558/558 561/561/561 557/557/557
f 557/557/557 561/561/561 559/559/559
f 558/558/558 562/562/562 561/561/561
f 559/559/559 563/563/563 560/560/560
f 561/561/561 563/563/563 559/559/559
f 563/563/563 564/564/564 560/560/560
f 562/562/562 565/565/565 561/561/561
f 561/561/561 565/565/565 563/563/563
f 562/562/562 566/566/566 565/565/565
f 563/563/563 567/567/567 564/564/564
f 565/565/565 567/567/567 563/563/563
f 567/567/567 568/568/568 564/564/564
f 566/566/566 569/569/569 565/565/565
f 565/565/565 569/569/569 567/567/567
f 566/566/566 570/570/570 569/569/569
f 567/567/567 571/571/571 568/568/568
f 569/569/569 571/571/571 567/567/567
f 571/571/571 572/572/572 568/568/568
f 570/570/570 573/573/573 569/569/569
f 569/569/569 573/573/573 571/571/571
f 570/570/570 574/574/574 573/573/573
f 571/571/571 575/575/575 572/572/572
f 573/573/573 575/575/575 571/571/571
f 575/575/575 576/576/576 572/572/572
f 574/574/574 577/577/577 573/573/573
f 573/573/573 577/577/577 575/575/575
f 574/574/574 578/578/578 577/577/577
f 575/575/575 579/579/579 576/576/576
f 577/577/577 579/579/579 575/575/575
f 578/578/578 580/580/580 577/577/577
f 577/577/577 580/580/580 579/579/579
f 578/578/578 581/581/581 580/580/580
f 580/580/580 581/581/581 582/582/582
f 580/580/580 582/582/582 583/583/583
f 579/579/579 580/580/580 583/583/583
f 583/583/583 582/582/582 584/584/584
f 583/583/583 584/584/584 585/585/585
f 576/576/576 579/579/579 586/586/586
f 579/579/579 583/583/583 586/586/586
f 586/586/586 583/583/583 585/585/585
f 576/576/576 586/586/586 587/587/587
f 586/586/586 585/585/585 588/588/588
f 587/587/587 586/586/586 588/588/588
f 587/587/587 588/588/588 589/589/589
f 590/590/590 592/592/592 591/591/591
f 590/590/590 593/593/593 592/592/592
f 593/593/593 590/590/590 594/594/594
f 595/595/595 594/594/594 590/590/590
f 595/595/595 596/596/596 594/594/594
f 596/596/596 597/597/597 594/594/594
f 596/596/596 598/598/598 597/597/597
f 593/593/593 594/594/594 599/599/599
f 599/599/599 594/594/594 597/597/597
f 598/598/598 600/600/600 597/597/597
f 598/598/598 601/601/601 600/600/600
f 599/599/599 597/597/597 602/602/602
f 600/600/600 602/602/602 597/597/597
f 593/593/593 599/599/599 603/603/603
f 599/599/599 602/602/602 603/603/603
f 601/601/601 604/604/604 600/600/600
f 601/601/601 605/605/605 604/604/604
f 600/600/600 606/606/606 602/602/602
f 603/603/603 602/602/602 606/606/606
f 606/606/606 600/600/600 604/604/604
f 593/593/593 603/603/603 607/607/607
f 592/592/592 593/593/593 607/607/607
f 605/605/605 608/608/608 604/604/604
f 605/605/605 609/609/609 608/608/608
f 606/606/606 604/604/604 610/610/610
f 608/608/608 610/610/610 604/604/604
f 603/603/603 606/606/606 611/611/611
f 607/607/607 603/603/603 611/611/611
f 611/611/611 606/606/606 610/610/610
f 609/609/609 612/612/612 608/608/608
f 609/609/609 613/613/613 612/612/612
f 608/608/608 614/614/614 610/610/610
f 614/614/614 608/608/608 612/612/612
f 611/611/611 610/610/610 615/615/615
f 615/615/615 610/610/610 614/614/614
f 607/607/607 611/611/611 616/616/616
f 616/616/616 611/611/611 615/615/615
f 592/592/592 607/607/607 617/617/617
f 617/617/617 607/607/607 616/616/616
f 613/613/613 618/618/618 612/612/612
f 613/613/613 619/619/619 618/618/618
f 620/620/620 615/615/615 614/614/614
f 616/616/616 615/615/615 620/620/620
f 614/614/614 612/612/612 621/621/621
f 621/621/621 612/612/612 618/618/618
f 620/620/620 614/614/614 621/621/621
f 622/622/622 592/592/592 617/617/617
f 623/623/623 592/592/592 622/622/622
f 623/623/623 622/622/622 624/624/624
f 617/617/617 616/616/616 625/625/625
f 625/625/625 616/616/616 620/620/620
f 622/622/622 617/617/617 625/625/625
f 619/619/619 626/626/626 618/618/618
f 619/619/619 627/627/627 626/626/626
f 621/621/621 618/618/618 628/628/628
f 626/626/626 628/628/628 618/618/618
f 629/629/629 620/620/620 621/621/621
f 625/625/625 620/620/620 629/629/629
f 629/629/629 621/621/621 628/628/628
f 622/622/622 625/625/625 630/630/630
f 630/630/630 625/625/625 629/629/629
f 630/630/630 624/624/624 622/622/622
f 626/626/626 631/631/631 628/628/628
f 631/631/631 629/629/629 628/628/628
f 630/630/630 629/629/629 631/631/631
f 631/631/631 626/626/626 632/632/632
f 631/631/631 632/632/632 630/630/630
f 630/630/630 632/632/632 624/624/624
f 633/633/633 624/624/624 632/632/632
f 633/633/633 634/634/634 624/624/624
f 635/635/635 637/637/637 636/636/636
f 638/638/638 637/637/637 635/635/635
f 637/637/637 638/638/638 639/639/639
f 639/639/639 638/638/638 640/640/640
f 641/641/641 643/643/643 642/642/642
f 641/641/641 644/644/644 643/643/643
f 645/645/645 647/647/647 646/646/646
f 645/645/645 648/648/648 647/647/647
f 649/649/649 651/651/651 650/650/650
f 649/649/649 652/652/652 651/651/651
f 651/651/651 652/652/652 653/653/653
f 651/651/651 653/653/653 654/654/654
f 654/654/654 653/653/653 655/655/655
f 654/654/654 655/655/655 656/656/656
f 656/656/656 655/655/655 657/657/657
f 656/656/656 657/657/657 658/658/658
f 655/655/655 659/659/659 657/657/657
f 655/655/655 660/660/660 659/659/659
f 653/653/653 660/660/660 655/655/655
f 652/652/652 661/661/661 653/653/653
f 653/653/653 661/661/661 660/660/660
f 662/662/662 652/652/652 649/649/649
f 663/663/663 662/662/662 649/649/649
f 663/663/663 649/649/649 664/664/664
f 662/662/662 665/665/665 652/652/652
f 652/652/652 665/665/665 661/661/661
f 666/666/666 665/665/665 662/662/662
f 666/666/666 667/667/667 665/665/665
f 665/665/665 667/667/667 668/668/668
f 665/665/665 668/668/668 661/661/661
f 661/661/661 668/668/668 669/669/669
f 661/661/661 669/669/669 660/660/660
f 660/660/660 669/669/669 670/670/670
f 660/660/660 670/670/670 671/671/671
f 672/672/672 674/674/674 673/673/673
f 672/672/672 675/675/675 674/674/674
f 676/676/676 675/675/675 672/672/672
f 677/677/677 676/676/676 672/672/672
f 677/677/677 672/672/672 678/678/678
f 679/679/679 676/676/676 677/677/677
f 679/679/679 680/680/680 676/676/676
f 680/680/680 681/681/681 676/676/676
f 676/676/676 681/681/681 675/675/675
f 680/680/680 682/682/682 681/681/681
f 681/681/681 682/682/682 683/683/683
f 675/675/675 681/681/681 684/684/684
f 681/681/681 683/683/683 684/684/684
f 675/675/675 684/684/684 685/685/685
f 684/684/684 683/683/683 686/686/686
f 685/685/685 684/684/684 687/687/687
f 684/684/684 686/686/686 687/687/687
f 687/687/687 686/686/686 688/688/688
f 685/685/685 687/687/687 689/689/689
f 687/687/687 688/688/688 690/690/690
f 689/689/689 687/687/687 690/690/690
f 689/689/689 690/690/690 691/691/691
f 692/692/692 694/694/694 693/693/693
f 694/694/694 692/692/692 695/695/695
f 695/695/695 692/692/692 696/696/696
f 695/695/695 696/696/696 697/697/697
f 697/697/697 696/696/696 698/698/698
f 697/697/697 698/698/698 699/699/699
f 699/699/699 698/698/698 700/700/700
f 698/698/698 701/701/701 700/700/700
f 698/698/698 702/702/702 701/701/701
f 699/699/699 700/700/700 703/703/703
f 703/703/703 704/704/704 699/699/699
f 703/703/703 705/705/705 704/704/704
f 706/706/706 708/708/708 707/707/707
f 706/706/706 707/707/707 709/709/709
f 709/709/709 707/707/707 710/710/710
f 709/709/709 710/710/710 711/711/711
f 711/711/711 710/710/710 712/712/712
f 711/711/711 712/712/712 713/713/713
f 710/710/710 714/714/714 712/712/712
f 707/707/707 715/715/715 710/710/710
f 710/710/710 715/715/715 714/714/714
f 707/707/707 716/716/716 715/715/715
f 714/714/714 715/715/715 717/717/717
f 714/714/714 717/717/717 718/718/718
f 715/715/715 716/716/716 719/719/719
f 715/715/715 719/719/719 717/717/717
f 718/718/718 717/717/717 720/720/720
f 718/718/718 720/720/720 721/721/721
f 716/716/716 722/722/722 719/719/719
f 716/716/716 723/723/723 722/722/722
f 719/719/719 722/722/722 724/724/724
f 717/717/717 719/719/719 725/725/725
f 719/719/719 724/724/724 725/725/725
f 717/717/717 725/725/725 720/720/720
f 725/725/725 724/724/724 726/726/726
f 725/725/725 726/726/726 727/727/727
f 720/720/720 725/725/725 727/727/727
f 720/720/720 727/727/727 728/728/728
f 721/721/721 720/720/720 728/728/728
f 721/721/721 728/728/728 729/729/729
f 730/730/730 732/732/732 731/731/731
f 730/730/730 733/733/733 732/732/732
f 734/734/734 733/733/733 730/730/730
f 734/734/734 735/735/735 733/733/733
f 733/733/733 736/736/736 732/732/732
f 735/735/735 737/737/737 733/733/733
f 733/733/733 737/737/737 736/736/736
f 735/735/735 738/738/738 737/737/737
f 737/737/737 738/738/738 739/739/739
f 736/736/736 737/737/737 740/740/740
f 737/737/737 739/739/739 740/740/740
f 736/736/736 740/740/740 741/741/741
f 740/740/740 739/739/739 742/742/742
f 741/741/741 740/740/740 743/743/743
f 740/740/740 742/742/742 743/743/743
f 743/743/743 742/742/742 744/744/744
f 741/741/741 743/743/743 745/745/745
f 743/743/743 744/744/744 746/746/746
f 745/745/745 743/743/743 746/746/746
f 745/745/745 746/746/746 747/747/747
f 748/748/748 750/750/750 749/749/749
f 750/750/750 748/748/748 751/751/751
f 750/750/750 751/751/751 752/752/752
f 752/752/752 751/751/751 753/753/753
f 752/752/752 753/753/753 754/754/754
f 754/754/754 753/753/753 755/755/755
f 755/755/755 753/753/753 756/756/756
f 755/755/755 756/756/756 757/757/757
f 758/758/758 760/760/760 759/759/759
f 758/758/758 761/761/761 760/760/760
f 761/761/761 762/762/762 760/760/760
f 763/763/763 758/758/758 759/759/759
f 763/763/763 761/761/761 758/758/758
f 763/763/763 759/759/759 764/764/764
f 761/761/761 765/765/765 762/762/762
f 763/763/763 765/765/765 761/761/761
f 765/765/765 766/766/766 762/762/762
f 767/767/767 763/763/763 764/764/764
f 767/767/767 765/765/765 763/763/763
f 767/767/767 764/764/764 768/768/768
f 765/765/765 769/769/769 766/766/766
f 767/767/767 769/769/769 765/765/765
f 769/769/769 770/770/770 766/766/766
f 771/771/771 767/767/767 768/768/768
f 771/771/771 769/769/769 767/767/767
f 771/771/771 768/768/768 772/772/772
f 769/769/769 773/773/773 770/770/770
f 771/771/771 773/773/773 769/769/769
f 773/773/773 774/774/774 770/770/770
f 775/775/775 771/771/771 772/772/772
f 775/775/775 773/773/773 771/771/771
f 775/775/775 772/772/772 776/776/776
f 773/773/773 777/777/777 774/774/774
f 775/775/775 777/777/777 773/773/773
f 777/777/777 778/778/778 774/774/774
f 779/779/779 775/775/775 776/776/776
f 779/779/779 777/777/777 775/775/775
f 779/779/779 776/776/776 780/780/780
f 777/777/777 781/781/781 778/778/778
f 777/777/777 779/779/779 781/781/781
f 781/781/781 780/780/780 778/778/778
f 781/781/781 779/779/779 780/780/780
