mtllib P_RockSpire_Shelf06.mtl
v -34.20857 18.15787 15.63017
v -32.44215 18.75378 17.15043
v -33.23686 16.09296 17.12965
v 30.69305 -2.780146 -2.489783
v 28.20745 -2.978554 0.462201
v 28.25162 3.185728 0.4537147
v -34.20857 18.15787 15.63017
v -34.86918 17.54176 15.39894
v -34.39026 18.07917 11.26288
v 28.24504 14.52917 -0.2187248
v 28.18635 14.89032 -0.09059273
v 27.93943 15.13818 -1.422666
v -6.321134 11.79465 -22.41812
v -7.489779 20.28095 -21.7159
v -7.910925 20.34785 -20.39125
v -5.932803 2.100894 -23.67571
v -6.321134 11.79465 -22.41812
v -6.769199 9.069905 -21.93241
v -6.321134 11.79465 -22.41812
v -7.910925 20.34785 -20.39125
v -6.769199 9.069905 -21.93241
v -23.53408 -2.965125 -18.29673
v -21.57758 -1.828709 -17.34267
v -23.05388 -1.921369 -18.91022
v -29.17423 -1.652025 -17.11881
v -29.04064 -2.938126 -16.0435
v -25.85239 -2.868162 -19.25041
v -29.17423 -1.652025 -17.11881
v -25.85239 -2.868162 -19.25041
v -26.26395 -2.375507 -19.52746
v -10.65456 5.074847 -22.53514
v -11.43644 -3.453592 -21.24237
v -10.74619 -3.433669 -22.51398
v -11.4849 7.530224 -21.72421
v -11.43644 -3.453592 -21.24237
v -10.65456 5.074847 -22.53514
v -15.50473 15.67051 -22.10964
v -18.06976 16.70465 -21.12196
v -18.15629 15.49513 -22.20036
v 19.18364 15.19488 16.08432
v 17.25515 14.02295 14.79177
v 18.30143 15.47014 14.29064
v 14.44957 13.97223 -24.03004
v 16.3333 13.5579 -24.74073
v 14.39164 14.60069 -22.98462
v 13.87586 0.08709214 -21.14216
v 13.45632 1.665631 -21.41401
v 13.49716 6.736743 -21.24815
v 7.189143 11.12029 23.77968
v 7.805658 13.85289 22.47144
v 10.39633 11.03855 20.19484
v 7.189023 13.07174 23.51639
v 7.805658 13.85289 22.47144
v 7.189143 11.12029 23.77968
v 5.337549 11.65498 20.72705
v 3.522181 19.03119 26.03546
v 4.974972 19.65066 20.59676
v 3.360871 10.87605 27.02594
v 3.612724 1.076527 27.00373
v 5.484858 3.689432 20.81569
v 5.503071 -2.907305 21.54467
v 4.181581 -2.853569 25.50029
v -6.766471 -2.816105 26.40645
v 1.047893 -1.869588 27.077
v 3.347592 -2.840426 25.7961
v -5.781482 -3.05802 26.04021
v 4.181581 -2.853569 25.50029
v -8.776046 -2.85357 26.29777
v -7.079222 -3.665659 19.102
v -11.52148 -2.732472 25.61726
v 5.503071 -2.907305 21.54467
v -13.53956 -4.322029 18.28741
v -3.645459 -4.641545 7.351055
v 6.964529 -3.520589 4.320326
v 16.97686 -2.86807 17.12906
v 21.99299 -2.900487 1.194119
v 29.02375 -2.82546 13.33801
v 30.29317 -2.837581 1.693751
v 28.20745 -2.978554 0.462201
v 30.69305 -2.780146 -2.489783
v -18.44714 -5.395752 8.50616
v -25.2102 -4.342322 17.44606
v -29.5636 -4.401661 8.713072
v -34.06644 -3.586052 17.06385
v -34.92113 -3.50918 15.96389
v -34.18856 -3.512832 9.528231
v -33.38429 -3.662527 1.310547
v -28.61584 -3.97532 -1.674838
v -32.60534 -3.634761 -0.2198799
v -20.749 -5.722868 -5.49954
v -27.39223 -3.066122 -17.28516
v -8.517091 -5.288969 -6.665357
v -21.3315 -4.178076 -17.56355
v -24.11393 -3.522388 -19.89925
v -18.48449 -3.811342 -21.73341
v -14.01912 -4.034286 -21.35035
v -2.937357 -3.729764 -20.47846
v 1.758402 -4.349617 -8.677238
v 10.64754 -3.748233 -22.63395
v 14.13598 -3.786642 -10.3706
v 18.86267 -2.823654 -23.98332
v 25.85059 -2.88169 -11.21282
v 25.74199 -1.172845 -23.65555
v 28.27818 -0.6593897 -22.77806
v 31.0866 -2.020194 -7.79642
v 31.25914 -1.956751 -7.321068
v -11.16176 8.239579 25.60126
v -8.776046 -2.85357 26.29777
v -11.52148 -2.732472 25.61726
v -8.106254 4.242379 26.43058
v -9.033916 8.605915 26.34595
v -11.08465 8.398073 25.63024
v -6.678415 9.546041 26.4488
v 1.047893 -1.869588 27.077
v -6.766471 -2.816105 26.40645
v 3.360871 10.87605 27.02594
v -6.576077 14.8158 26.47225
v 3.612724 1.076527 27.00373
v 4.181581 -2.853569 25.50029
v 3.347592 -2.840426 25.7961
v -1.077017 17.54226 26.94769
v 3.522181 19.03119 26.03546
v -5.575241 16.63671 26.5574
v 1.076135 19.07791 26.34235
v -6.112246 19.06729 24.58939
v -6.576077 14.8158 26.47225
v -6.678415 9.546041 26.4488
v -7.155284 9.554788 20.8434
v -6.673721 18.60146 24.16115
v -5.575241 16.63671 26.5574
v -7.25333 10.49743 19.22056
v -6.112246 19.06729 24.58939
v -6.96858 19.50966 19.10751
v -7.25333 10.49743 19.22056
v -7.155284 9.554788 20.8434
v -9.379603 9.185374 18.97553
v -9.103279 9.106436 25.288
v -6.678415 9.546041 26.4488
v -9.033916 8.605915 26.34595
v -11.08465 8.398073 25.63024
v -11.40627 8.83206 24.46264
v -12.63778 8.723164 18.49319
v -6.96858 19.50966 19.10751
v 1.076135 19.07791 26.34235
v -6.112246 19.06729 24.58939
v 4.974972 19.65066 20.59676
v -5.142059 21.68943 9.828676
v 3.522181 19.03119 26.03546
v -9.698853 19.73238 18.72062
v 8.282928 21.55638 7.708992
v 11.51787 19.70532 18.66342
v -13.97924 20.19152 15.83502
v -13.96693 18.62344 18.21707
v -22.89084 18.65557 17.56693
v -23.18145 19.48587 16.06802
v -27.90545 19.74735 17.25856
v -13.62902 21.51534 9.461576
v -27.39396 19.92411 8.609605
v -32.29837 19.83409 10.57548
v -29.59706 19.72593 17.26506
v -32.44215 18.75378 17.15043
v -34.20857 18.15787 15.63017
v -33.8048 18.95317 8.462798
v -32.08105 19.42623 3.12775
v -30.7241 19.77518 1.244492
v -28.60694 19.84168 0.3244208
v -17.98206 21.36757 -4.399934
v -27.96952 19.81859 -8.446771
v -26.76717 19.83619 -15.13284
v -25.96315 19.87846 -16.6563
v -18.42018 20.74075 -20.99014
v -13.46631 21.43073 -20.54903
v -6.91378 22.0792 -1.139294
v -8.123023 22.0323 -11.4762
v 3.151541 21.84143 -12.36543
v -9.690068 21.23017 -20.98306
v -3.002346 21.00006 -20.44284
v 6.141651 21.93851 -3.010395
v 20.90173 21.42868 1.697098
v 15.10877 21.44848 -6.742307
v 12.77822 21.0303 -15.43487
v 3.93735 21.04819 -20.98167
v 1.257543 20.96198 -21.13945
v 5.038558 21.0202 -20.27081
v 5.181093 20.61187 -20.8305
v 7.261112 20.97857 -21.31213
v 10.80399 20.97574 -22.666
v 14.70355 20.64753 -23.27318
v 24.37974 19.95076 -20.39703
v 17.9044 19.54861 -23.80517
v 24.5167 18.61073 -22.58116
v 24.06984 20.32192 -10.6187
v 25.79169 20.32932 -5.072883
v 27.69179 20.15027 0.1008082
v 29.04028 19.84428 1.335616
v 28.75043 19.85937 3.989871
v 26.65244 19.89478 10.985
v 28.35701 18.77321 9.84756
v 27.32424 19.10892 11.89413
v 26.73167 18.17953 14.07971
v 18.06161 19.99837 13.87333
v 17.28315 18.17206 16.99339
v 15.16795 20.10818 14.89576
v 11.51787 19.70532 18.66342
v 5.337549 11.65498 20.72705
v 4.974972 19.65066 20.59676
v 27.73652 13.61984 13.81807
v 17.28315 18.17206 16.99339
v 26.73167 18.17953 14.07971
v 16.97686 -2.86807 17.12906
v 5.484858 3.689432 20.81569
v 5.503071 -2.907305 21.54467
v 28.97501 10.34004 13.245
v 29.02375 -2.82546 13.33801
v -9.698853 19.73238 18.72062
v -6.96858 19.50966 19.10751
v -7.25333 10.49743 19.22056
v -9.379603 9.185374 18.97553
v -13.96693 18.62344 18.21707
v -12.63778 8.723164 18.49319
v -25.2102 -4.342322 17.44606
v -13.32791 3.846858 18.3566
v -13.53956 -4.322029 18.28741
v -22.89084 18.65557 17.56693
v -29.59706 19.72593 17.26506
v -27.90545 19.74735 17.25856
v -33.23686 16.09296 17.12965
v -32.44215 18.75378 17.15043
v -35.02596 13.50133 17.03166
v -35.02945 3.105431 17.01956
v -34.06644 -3.586052 17.06385
v -34.86918 17.54176 15.39894
v -34.20857 18.15787 15.63017
v -18.42018 20.74075 -20.99014
v -9.690068 21.23017 -20.98306
v -13.46631 21.43073 -20.54903
v -18.084 20.03846 -21.52583
v -25.96315 19.87846 -16.6563
v -14.03268 17.32544 -20.93829
v -3.008644 12.1953 -20.49955
v -3.002346 21.00006 -20.44284
v 1.257543 20.96198 -21.13945
v -21.23442 16.32841 -21.09327
v -23.10186 15.18107 -20.41962
v -25.1889 15.28363 -19.02945
v -18.59236 12.1953 -21.41699
v -23.60015 10.97094 -19.89797
v -18.46351 3.609338 -21.77283
v -26.06754 12.1953 -17.90145
v -26.84111 3.791287 -17.82508
v -13.90779 12.1953 -21.39784
v -23.49528 3.461136 -20.14535
v -27.40816 0.2254771 -17.29954
v -24.11393 -3.522388 -19.89925
v -27.39223 -3.066122 -17.28516
v -18.48449 -3.811342 -21.73341
v -14.01912 -4.034286 -21.35035
v -2.937357 -3.729764 -20.47846
v 5.389902 2.476024 -21.35562
v 10.64754 -3.748233 -22.63395
v 4.797777 15.71788 -21.58786
v 4.082091 20.26621 -21.68525
v 3.93735 21.04819 -20.98167
v 5.181093 20.61187 -20.8305
v 5.723513 15.24573 -20.74383
v 7.261112 20.97857 -21.31213
v 10.80399 20.97574 -22.666
v 10.83629 12.18651 -22.72153
v 14.70355 20.64753 -23.27318
v 18.86267 -2.823654 -23.98332
v 19.95288 12.37289 -24.18356
v 17.9044 19.54861 -23.80517
v 24.5167 18.61073 -22.58116
v 24.61174 15.52016 -23.01477
v 25.65221 8.129694 -23.7933
v 25.74199 -1.172845 -23.65555
v 28.27818 -0.6593897 -22.77806
v 28.13612 3.532011 -22.89405
v 28.05172 11.45431 -22.25191
v 26.14978 15.3835 -22.49374
v 31.0866 -2.020194 -7.79642
v 28.13612 3.532011 -22.89405
v 28.27818 -0.6593897 -22.77806
v 28.05172 11.45431 -22.25191
v 29.5892 15.67615 -13.44086
v 31.0661 14.14876 -6.086841
v 28.23654 14.74155 -20.09451
v 26.14978 15.3835 -22.49374
v 27.4758 15.51248 -20.64561
v 27.05834 16.16859 -18.79968
v 31.25914 -1.956751 -7.321068
v 30.79704 13.94412 -3.918841
v 30.79655 4.344376 -2.927545
v 30.69305 -2.780146 -2.489783
v 28.24504 14.52917 -0.2187248
v 28.25162 3.185728 0.4537147
v 30.35455 15.03223 1.377287
v 28.75043 19.85937 3.989871
v 29.04028 19.84428 1.335616
v 29.43627 15.00284 10.97295
v 28.35701 18.77321 9.84756
v 27.32424 19.10892 11.89413
v 26.73167 18.17953 14.07971
v 27.73652 13.61984 13.81807
v 28.97501 10.34004 13.245
v 30.34961 2.861816 1.912089
v 29.02375 -2.82546 13.33801
v 30.29317 -2.837581 1.693751
v 4.082091 20.26621 -21.68525
v 4.797777 15.71788 -21.58786
v 5.723513 15.24573 -20.74383
v 5.389902 2.476024 -21.35562
v -26.76717 19.83619 -15.13284
v -25.1889 15.28363 -19.02945
v -25.96315 19.87846 -16.6563
v -27.28236 12.1953 -15.53526
v -27.96952 19.81859 -8.446771
v -26.06754 12.1953 -17.90145
v -28.65291 12.30946 -1.373754
v -28.60694 19.84168 0.3244208
v -28.64809 3.004796 -1.714556
v -27.40816 0.2254771 -17.29954
v -26.84111 3.791287 -17.82508
v -28.61584 -3.97532 -1.674838
v -27.39223 -3.066122 -17.28516
v -34.20857 18.15787 15.63017
v -34.39026 18.07917 11.26288
v -33.8048 18.95317 8.462798
v -34.20235 12.1953 9.507328
v -34.86918 17.54176 15.39894
v -35.02596 13.50133 17.03166
v -33.35184 14.30822 3.418021
v -32.08105 19.42623 3.12775
v -34.18856 -3.512832 9.528231
v -35.02945 3.105431 17.01956
v -34.92113 -3.50918 15.96389
v -34.06644 -3.586052 17.06385
v -33.48133 7.885924 2.091209
v -33.38429 -3.662527 1.310547
v -31.6171 18.24844 1.144315
v -30.7241 19.77518 1.244492
v -31.88881 13.78421 -0.07787964
v -32.77106 7.521739 -0.07933615
v -32.78839 3.784118 -0.1843364
v -32.60534 -3.634761 -0.2198799
v -11.40627 8.83206 24.46264
v -13.32791 3.846858 18.3566
v -12.63778 8.723164 18.49319
v -11.16176 8.239579 25.60126
v -11.08465 8.398073 25.63024
v -11.52148 -2.732472 25.61726
v -13.53956 -4.322029 18.28741
v 28.25162 3.185728 0.4537147
v 28.20745 -2.978554 0.462201
v 30.29317 -2.837581 1.693751
v 30.34961 2.861816 1.912089
v 28.24504 14.52917 -0.2187248
v 30.35455 15.03223 1.377287
v 28.18635 14.89032 -0.09059273
v 29.04028 19.84428 1.335616
v 28.18635 14.89032 -0.09059273
v 29.04028 19.84428 1.335616
v 27.69179 20.15027 0.1008082
v 27.02553 16.01717 -4.608064
v 25.79169 20.32932 -5.072883
v 25.07172 17.1868 -11.68659
v 24.06984 20.32192 -10.6187
v 24.37974 19.95076 -20.39703
v 24.84538 17.14925 -17.75357
v 24.5167 18.61073 -22.58116
v 24.74492 15.65906 -22.75609
v 24.61174 15.52016 -23.01477
v 27.05834 16.16859 -18.79968
v 26.14978 15.3835 -22.49374
v 27.4758 15.51248 -20.64561
v 24.84538 17.14925 -17.75357
v 24.74492 15.65906 -22.75609
v 24.61174 15.52016 -23.01477
v 28.04702 16.7502 -12.8451
v 25.07172 17.1868 -11.68659
v 29.5892 15.67615 -13.44086
v 28.23654 14.74155 -20.09451
v 31.0661 14.14876 -6.086841
v 29.75091 15.17201 -5.393758
v 27.02553 16.01717 -4.608064
v 30.79704 13.94412 -3.918841
v 27.93943 15.13818 -1.422666
v 28.24504 14.52917 -0.2187248
v 28.18635 14.89032 -0.09059273
v -28.64809 3.004796 -1.714556
v -32.60534 -3.634761 -0.2198799
v -28.61584 -3.97532 -1.674838
v -32.78839 3.784118 -0.1843364
v -32.77106 7.521739 -0.07933615
v -28.65291 12.30946 -1.373754
v -31.88881 13.78421 -0.07787964
v -28.60694 19.84168 0.3244208
v -31.6171 18.24844 1.144315
v -30.7241 19.77518 1.244492
v 5.608779 16.55243 -17.60746
v 5.701168 -3.796502 -17.59648
v -6.345244 -3.794241 -14.62719
v -7.520949 21.25911 -14.70792
v 4.476761 21.0162 -17.84118
v 5.701168 -3.796502 -17.59648
v 5.480245 -3.799384 -24.57814
v -6.629472 -3.79286 -23.59331
v -6.345244 -3.794241 -14.62719
v -6.824962 -3.771327 -23.26068
v -5.932803 2.100894 -23.67571
v -6.769199 9.069905 -21.93241
v -6.629472 -3.79286 -23.59331
v 5.480245 -3.799384 -24.57814
v 5.501667 2.5046 -24.60018
v -2.543048 9.511998 -23.99304
v -6.321134 11.79465 -22.41812
v 4.049878 10.97654 -24.44281
v 5.512659 11.4023 -23.95706
v 2.830245 19.53075 -24.21405
v -0.4655963 20.2748 -23.75047
v -3.898637 20.00469 -23.40048
v -4.21183 20.939 -22.47081
v -6.124562 20.19383 -22.65351
v -7.489779 20.28095 -21.7159
v -5.624424 20.94817 -22.13066
v -6.702204 20.52607 -22.16273
v 5.608779 16.55243 -17.60746
v 4.476761 21.0162 -17.84118
v 4.693994 20.84308 -19.60572
v 4.840942 17.58369 -22.83603
v 4.306626 19.91995 -22.80358
v 2.830245 19.53075 -24.21405
v 5.512659 11.4023 -23.95706
v 5.679505 11.44455 -17.74517
v 5.701168 -3.796502 -17.59648
v 5.501667 2.5046 -24.60018
v 5.480245 -3.799384 -24.57814
v -7.489779 20.28095 -21.7159
v -6.702204 20.52607 -22.16273
v -7.910925 20.34785 -20.39125
v -5.624424 20.94817 -22.13066
v -7.716279 21.16733 -17.14737
v -4.21183 20.939 -22.47081
v 1.569372 20.93554 -21.00024
v -0.4655963 20.2748 -23.75047
v -7.520949 21.25911 -14.70792
v 2.830245 19.53075 -24.21405
v 4.476761 21.0162 -17.84118
v 4.306626 19.91995 -22.80358
v 4.693994 20.84308 -19.60572
v -6.769199 9.069905 -21.93241
v -6.824962 -3.771327 -23.26068
v -6.629472 -3.79286 -23.59331
v -6.670793 1.720128 -14.77271
v -6.345244 -3.794241 -14.62719
v -7.10927 10.79702 -14.78923
v -7.910925 20.34785 -20.39125
v -7.520949 21.25911 -14.70792
v -7.716279 21.16733 -17.14737
v -17.53027 -4.280698 17.83361
v -18.90724 -4.234449 20.07995
v -18.15296 1.188017 20.39323
v -16.7579 1.483138 17.69977
v -17.22734 -4.257354 13.2398
v -18.50948 7.191998 20.05326
v -17.33574 6.084146 12.82417
v -17.49168 8.497697 17.47643
v -18.91257 11.76067 19.4066
v -18.33433 13.04456 13.78942
v -18.35266 14.2158 16.44792
v -23.33185 14.48216 19.20331
v -18.35266 14.2158 16.44792
v -20.23029 13.5674 18.96447
v -26.88187 15.98289 16.27893
v -26.6871 15.23767 18.88704
v -29.03779 15.31854 18.65281
v -29.42873 15.44476 18.32015
v -27.1523 14.38142 13.32878
v -18.33433 13.04456 13.78942
v -29.55791 16.15452 16.07185
v -30.74464 14.81797 16.99487
v -29.94295 14.8535 13.63008
v -30.74464 14.81797 16.99487
v -29.94295 14.8535 13.63008
v -29.55791 16.15452 16.07185
v -31.17622 12.57039 13.38123
v -31.11336 8.411495 18.22402
v -31.80389 5.91723 13.81437
v -30.70368 -0.5669998 19.09283
v -32.00114 -0.3142527 14.00515
v -31.14834 -3.821896 15.08042
v -30.30865 -3.629902 18.64194
v -29.80358 -3.619974 19.49772
v -29.4747 -3.171984 20.17403
v -30.42423 -0.1985768 20.25644
v -30.32097 7.255327 19.79862
v -30.09607 13.25704 19.00896
v -30.12993 14.702 18.24823
v -29.42873 15.44476 18.32015
v -20.23029 13.5674 18.96447
v -18.35266 14.2158 16.44792
v -18.91257 11.76067 19.4066
v -25.24582 13.63908 19.57849
v -25.38146 0.8149757 20.89623
v -18.50948 7.191998 20.05326
v -23.33185 14.48216 19.20331
v -26.6871 15.23767 18.88704
v -19.72639 1.388923 20.73086
v -18.15296 1.188017 20.39323
v -18.90724 -4.234449 20.07995
v -21.86867 -4.169384 20.80818
v -28.97533 14.41527 19.13514
v -29.03779 15.31854 18.65281
v -30.12993 14.702 18.24823
v -29.42873 15.44476 18.32015
v -30.09607 13.25704 19.00896
v -30.32097 7.255327 19.79862
v -30.42423 -0.1985768 20.25644
v -29.4747 -3.171984 20.17403
v -25.25954 -3.05925 21.01718
v -25.22364 -4.333918 20.54489
v -25.38294 -4.320669 12.39733
v -32.00114 -0.3142527 14.00515
v -31.14834 -3.821896 15.08042
v -24.53768 4.235246 12.03411
v -31.80389 5.91723 13.81437
v -17.22734 -4.257354 13.2398
v -17.33574 6.084146 12.82417
v -18.33433 13.04456 13.78942
v -31.17622 12.57039 13.38123
v -27.1523 14.38142 13.32878
v -29.94295 14.8535 13.63008
v -25.22364 -4.333918 20.54489
v -29.80358 -3.619974 19.49772
v -29.4747 -3.171984 20.17403
v -30.30865 -3.629902 18.64194
v -24.80085 -4.327249 16.99125
v -21.86867 -4.169384 20.80818
v -31.14834 -3.821896 15.08042
v -18.90724 -4.234449 20.07995
v -25.38294 -4.320669 12.39733
v -17.53027 -4.280698 17.83361
v -17.22734 -4.257354 13.2398
v -29.72624 -3.204182 -14.01488
v -28.0528 -3.194278 -11.74878
v -29.04064 -2.938126 -16.0435
v -24.35663 -2.940364 -11.11239
v -22.03748 -2.851535 -13.41243
v -23.53408 -2.965125 -18.29673
v -25.85239 -2.868162 -19.25041
v -21.88808 -2.871663 -16.6196
v -22.01405 8.734136 -12.72115
v -22.14631 9.112959 -14.86749
v -21.50982 4.025078 -13.24338
v -21.43576 4.704759 -17.32045
v -21.73331 8.188582 -17.81476
v -22.05653 9.139035 -17.07814
v -23.88213 4.520482 -19.45021
v -23.05388 -1.921369 -18.91022
v -21.57758 -1.828709 -17.34267
v -22.03748 -2.851535 -13.41243
v -21.88808 -2.871663 -16.6196
v -23.53408 -2.965125 -18.29673
v -27.78345 8.840165 -17.27555
v -28.51659 8.409471 -15.82562
v -28.45979 7.620642 -17.33368
v -28.81935 8.072688 -14.22322
v -29.12825 6.376759 -13.27991
v -27.37186 7.934361 -12.16679
v -28.99647 3.99494 -17.20528
v -27.48466 4.126859 -11.30837
v -26.31851 8.634424 -11.39251
v -29.31753 3.592498 -13.26049
v -28.0528 -3.194278 -11.74878
v -29.72624 -3.204182 -14.01488
v -29.17423 -1.652025 -17.11881
v -29.04064 -2.938126 -16.0435
v -21.50982 4.025078 -13.24338
v -23.7544 8.194072 -11.4109
v -22.01405 8.734136 -12.72115
v -24.30067 3.639434 -10.68284
v -22.03748 -2.851535 -13.41243
v -26.31851 8.634424 -11.39251
v -24.35663 -2.940364 -11.11239
v -27.48466 4.126859 -11.30837
v -28.0528 -3.194278 -11.74878
v -24.7101 9.451365 -18.71454
v -21.73331 8.188582 -17.81476
v -22.05653 9.139035 -17.07814
v -25.61787 9.518551 -16.70059
v -26.66271 8.723716 -18.82606
v -27.78345 8.840165 -17.27555
v -22.14631 9.112959 -14.86749
v -25.99665 9.058099 -13.77316
v -28.51659 8.409471 -15.82562
v -22.01405 8.734136 -12.72115
v -28.81935 8.072688 -14.22322
v -23.7544 8.194072 -11.4109
v -27.37186 7.934361 -12.16679
v -26.31851 8.634424 -11.39251
v -30.43903 -3.576889 -5.920408
v -29.80113 5.261809 -3.379277
v -29.85204 -4.008708 -3.096329
v -30.22982 6.068108 -6.348045
v -29.2604 10.41944 -4.123493
v -30.76213 -1.987875 -9.125618
v -30.21939 -3.506037 -9.163922
v -29.79475 -2.888141 -13.52266
v -29.26918 -3.46103 -13.81206
v -29.5297 5.970179 -13.4844
v -28.9328 11.19543 -13.21053
v -29.45741 12.70638 -8.967525
v -28.85109 13.18715 -5.547768
v -26.73055 14.31698 -3.754818
v -29.13648 13.59214 -7.540181
v -28.86838 14.19955 -10.25581
v -29.05985 12.84064 -12.25409
v -28.30325 12.89954 -13.33948
v -28.66398 14.05885 -12.3329
v -28.35199 14.25353 -12.72765
v -28.65335 -3.354896 -14.13567
v -29.79475 -2.888141 -13.52266
v -29.26918 -3.46103 -13.81206
v -29.5297 5.970179 -13.4844
v -28.2174 6.479413 -14.15431
v -28.9328 11.19543 -13.21053
v -24.95349 0.1052842 -15.13484
v -25.38126 -2.784991 -14.92513
v -24.38604 5.724403 -15.10431
v -24.08741 12.41125 -14.42503
v -27.22615 13.18853 -13.92021
v -28.30325 12.89954 -13.33948
v -24.34476 14.7087 -13.24255
v -28.35199 14.25353 -12.72765
v -26.44688 15.38463 -12.8658
v -27.91416 -3.509022 -1.671994
v -29.85204 -4.008708 -3.096329
v -29.80113 5.261809 -3.379277
v -27.63033 6.601667 -2.426651
v -23.9671 -2.997908 -1.301385
v -29.2604 10.41944 -4.123493
v -23.64889 6.233805 -2.131343
v -26.73055 14.31698 -3.754818
v -24.46852 13.92764 -3.642756
v -30.21939 -3.506037 -9.163922
v -28.65335 -3.354896 -14.13567
v -29.26918 -3.46103 -13.81206
v -27.12442 -3.547909 -8.636955
v -30.43903 -3.576889 -5.920408
v -25.38126 -2.784991 -14.92513
v -29.85204 -4.008708 -3.096329
v -23.16047 -3.456157 -9.045485
v -27.91416 -3.509022 -1.671994
v -23.9671 -2.997908 -1.301385
v -23.16047 -3.456157 -9.045485
v -24.95349 0.1052842 -15.13484
v -25.38126 -2.784991 -14.92513
v -22.88073 6.422461 -9.053918
v -24.38604 5.724403 -15.10431
v -24.08741 12.41125 -14.42503
v -23.64889 6.233805 -2.131343
v -23.9671 -2.997908 -1.301385
v -24.46852 13.92764 -3.642756
v -24.10406 14.66969 -10.6331
v -24.34476 14.7087 -13.24255
v -26.44688 15.38463 -12.8658
v -24.34476 14.7087 -13.24255
v -24.10406 14.66969 -10.6331
v -26.64069 15.35858 -10.44997
v -24.46852 13.92764 -3.642756
v -28.35199 14.25353 -12.72765
v -26.73055 14.31698 -3.754818
v -28.86838 14.19955 -10.25581
v -28.66398 14.05885 -12.3329
v -29.13648 13.59214 -7.540181
v -28.85109 13.18715 -5.547768
v -11.0676 -3.024714 -15.98656
v -11.30549 -3.711058 -19.37008
v -11.09524 9.405021 -15.96683
v -11.4849 7.530224 -21.72421
v -11.43644 -3.453592 -21.24237
v -11.16785 10.3546 -21.44012
v -11.17106 8.61496 -22.29976
v -10.65456 5.074847 -22.53514
v -11.03615 11.55655 -19.71047
v -10.81262 12.63298 -16.78511
v -10.77395 12.56167 -15.9293
v -8.269811 -3.907575 -22.20808
v -10.65456 5.074847 -22.53514
v -10.74619 -3.433669 -22.51398
v -4.387982 7.6849 -21.70158
v -5.00831 -3.479483 -21.75705
v -4.359419 3.882123 -21.65608
v -7.854722 10.48443 -22.15818
v -5.960483 10.47286 -21.89329
v -11.17106 8.61496 -22.29976
v -10.00466 10.58057 -22.14791
v -11.16785 10.3546 -21.44012
v -3.91344 -1.125441 -15.03261
v -4.133241 -3.706384 -17.95294
v -7.562551 -3.053894 -15.52944
v -8.397061 -4.114944 -20.53823
v -4.293628 -3.474929 -20.68569
v -11.0676 -3.024714 -15.98656
v -5.00831 -3.479483 -21.75705
v -11.30549 -3.711058 -19.37008
v -8.269811 -3.907575 -22.20808
v -11.43644 -3.453592 -21.24237
v -10.74619 -3.433669 -22.51398
v -3.945654 9.912289 -15.02303
v -11.09524 9.405021 -15.96683
v -10.77395 12.56167 -15.9293
v -3.91344 -1.125441 -15.03261
v -7.562551 -3.053894 -15.52944
v -11.0676 -3.024714 -15.98656
v -4.293628 -3.474929 -20.68569
v -4.133241 -3.706384 -17.95294
v -3.91344 -1.125441 -15.03261
v -4.359419 3.882123 -21.65608
v -5.00831 -3.479483 -21.75705
v -3.901606 9.888238 -15.3374
v -3.945654 9.912289 -15.02303
v -4.387982 7.6849 -21.70158
v -5.889397 10.97837 -20.60007
v -5.960483 10.47286 -21.89329
v -11.03615 11.55655 -19.71047
v -11.16785 10.3546 -21.44012
v -10.00466 10.58057 -22.14791
v -7.854722 10.48443 -22.15818
v -5.889397 10.97837 -20.60007
v -5.960483 10.47286 -21.89329
v -10.81262 12.63298 -16.78511
v -3.945654 9.912289 -15.02303
v -3.901606 9.888238 -15.3374
v -10.77395 12.56167 -15.9293
v 15.0571 -1.742894 -19.0796
v 14.68919 -3.575186 -21.47114
v 9.895948 -3.048031 -18.99799
v 8.621797 -3.91626 -23.00911
v 4.947052 -3.020997 -18.90022
v 4.5586 -3.573436 -21.63365
v 4.341568 -3.354584 -23.16108
v 5.288968 -3.342854 -24.33035
v 8.774601 -3.758916 -24.40424
v 13.38435 -3.391696 -24.49385
v 14.38936 -3.369702 -23.727
v 14.9384 7.221124 -20.40524
v 15.0571 -1.742894 -19.0796
v 15.05421 7.167639 -19.08814
v 14.29003 2.495409 -24.51114
v 14.68919 -3.575186 -21.47114
v 14.38936 -3.369702 -23.727
v 14.2684 5.42083 -24.51292
v 12.17258 8.10687 -23.42582
v 12.07702 7.679936 -24.46514
v 6.142614 7.810015 -24.0666
v 4.66539 7.575717 -23.69651
v 4.690343 6.035501 -24.09298
v 5.316327 3.162201 -24.34882
v 4.253109 5.086336 -23.66444
v 4.341568 -3.354584 -23.16108
v 5.288968 -3.342854 -24.33035
v 8.774601 -3.758916 -24.40424
v 9.573729 7.697387 -24.42574
v 14.29003 2.495409 -24.51114
v 13.38435 -3.391696 -24.49385
v 14.38936 -3.369702 -23.727
v 14.2684 5.42083 -24.51292
v 12.07702 7.679936 -24.46514
v 4.900836 8.582936 -21.93858
v 4.66539 7.575717 -23.69651
v 6.142614 7.810015 -24.0666
v 9.573729 7.697387 -24.42574
v 5.257355 9.459961 -19.56598
v 12.17258 8.10687 -23.42582
v 12.07702 7.679936 -24.46514
v 11.23673 8.264127 -19.014
v 5.318453 9.38396 -18.90529
v 14.9384 7.221124 -20.40524
v 15.05421 7.167639 -19.08814
v 5.318453 9.38396 -18.90529
v 4.924987 6.77015 -18.8793
v 5.257355 9.459961 -19.56598
v 4.900836 8.582936 -21.93858
v 4.253109 5.086336 -23.66444
v 4.66539 7.575717 -23.69651
v 4.690343 6.035501 -24.09298
v 4.947052 -3.020997 -18.90022
v 4.5586 -3.573436 -21.63365
v 4.341568 -3.354584 -23.16108
v 15.0571 -1.742894 -19.0796
v 11.23673 8.264127 -19.014
v 15.05421 7.167639 -19.08814
v 9.895948 -3.048031 -18.99799
v 4.924987 6.77015 -18.8793
v 4.947052 -3.020997 -18.90022
v 5.318453 9.38396 -18.90529
v -21.43548 12.3945 -19.60807
v -22.19891 11.308 -17.56473
v -22.30702 11.50316 -19.59187
v -21.47544 11.28036 -21.45321
v -19.72313 12.19435 -22.74557
v -14.95701 17.65821 -19.58483
v -13.71872 15.97175 -17.57801
v -14.90779 17.65003 -17.56856
v -13.55408 15.96298 -19.61524
v -14.76698 16.54545 -21.18638
v -15.50473 15.67051 -22.10964
v -13.4921 11.20448 -17.55911
v -13.32229 11.2466 -19.58679
v -15.22563 11.06365 -21.86662
v -15.60915 2.370755 -22.3828
v -15.75421 -1.294863 -22.61367
v -13.34516 -3.800423 -19.58509
v -13.50699 -3.861717 -17.55956
v -14.75671 -3.770214 -21.46252
v -15.58769 -3.56954 -22.28498
v -18.59858 17.19388 -19.60295
v -17.00714 17.65808 -17.53435
v -18.60496 17.16799 -17.56702
v -17.04874 17.65967 -19.63281
v -18.06976 16.70465 -21.12196
v -14.95701 17.65821 -19.58483
v -14.90779 17.65003 -17.56856
v -14.76698 16.54545 -21.18638
v -15.50473 15.67051 -22.10964
v -17.00714 17.65808 -17.53435
v -20.63086 13.96119 -17.55234
v -18.60496 17.16799 -17.56702
v -21.28071 12.41333 -17.54258
v -13.4921 11.20448 -17.55911
v -13.71872 15.97175 -17.57801
v -14.90779 17.65003 -17.56856
v -22.50937 -3.761525 -17.54425
v -22.19891 11.308 -17.56473
v -13.50699 -3.861717 -17.55956
v -17.93083 -3.899687 -17.64316
v -17.62438 15.08397 -22.78407
v -18.15629 15.49513 -22.20036
v -18.74529 14.28422 -22.77892
v -17.07498 15.03225 -22.80695
v -16.79035 10.9193 -22.85151
v -20.3157 10.98306 -22.79611
v -15.22563 11.06365 -21.86662
v -15.50473 15.67051 -22.10964
v -15.60915 2.370755 -22.3828
v -16.53437 -0.2808544 -22.81476
v -15.75421 -1.294863 -22.61367
v -20.60543 7.799444 -22.79161
v -21.47544 11.28036 -21.45321
v -19.72313 12.19435 -22.74557
v -20.48138 1.649945 -22.80923
v -19.01194 -2.38373 -22.80095
v -20.74624 -2.138546 -22.77466
v -16.43821 -3.575613 -22.37862
v -15.58769 -3.56954 -22.28498
v -20.12482 -3.355205 -22.18043
v -21.07198 -2.903931 -22.30897
v -21.47544 11.28036 -21.45321
v -22.30702 11.50316 -19.59187
v -20.60543 7.799444 -22.79161
v -22.58724 1.930592 -19.6272
v -22.19891 11.308 -17.56473
v -20.48138 1.649945 -22.80923
v -22.50937 -3.761525 -17.54425
v -20.74624 -2.138546 -22.77466
v -22.68585 -3.448633 -19.63891
v -21.07198 -2.903931 -22.30897
v -17.93083 -3.899687 -17.64316
v -13.50699 -3.861717 -17.55956
v -13.34516 -3.800423 -19.58509
v -14.75671 -3.770214 -21.46252
v -17.12573 -3.824753 -21.49784
v -15.58769 -3.56954 -22.28498
v -16.43821 -3.575613 -22.37862
v -20.12482 -3.355205 -22.18043
v -21.51395 -3.703561 -19.85737
v -22.50937 -3.761525 -17.54425
v -21.07198 -2.903931 -22.30897
v -22.68585 -3.448633 -19.63891
v -21.43548 12.3945 -19.60807
v -21.28071 12.41333 -17.54258
v -22.19891 11.308 -17.56473
v -20.63086 13.96119 -17.55234
v -19.67155 15.58464 -19.6153
v -18.60496 17.16799 -17.56702
v -18.59858 17.19388 -19.60295
v -18.06976 16.70465 -21.12196
v -18.15629 15.49513 -22.20036
v -18.74529 14.28422 -22.77892
v -19.72313 12.19435 -22.74557
v -20.3157 10.98306 -22.79611
v -17.07498 15.03225 -22.80695
v -15.50473 15.67051 -22.10964
v -18.15629 15.49513 -22.20036
v -17.62438 15.08397 -22.78407
v 17.8352 11.48086 16.78637
v 18.03702 13.83006 16.68587
v 19.85135 14.3724 17.54
v 20.58842 10.25934 17.93612
v 20.9477 13.93466 17.99988
v 22.48237 13.40677 17.62885
v 20.5337 2.641627 18.30094
v 17.96914 2.670181 16.87892
v 17.82513 -2.79351 16.75548
v 19.0781 -2.684734 17.35662
v 20.55644 -2.530865 18.1814
v 24.49889 -2.458113 16.91458
v 25.77701 8.304499 16.23968
v 25.09226 11.91448 16.58947
v 25.66821 2.312514 16.3333
v 25.94622 -2.532039 15.63998
v 17.03908 3.001361 14.88034
v 17.14474 -2.647665 15.19683
v 21.50545 -2.56516 13.32568
v 24.83788 2.79136 10.83031
v 25.07035 -2.563555 10.73483
v 24.72916 12.98631 10.92449
v 20.92813 12.87973 12.85136
v 17.04814 11.56622 14.89223
v 21.69917 14.83469 12.91731
v 17.25515 14.02295 14.79177
v 20.39048 15.27463 13.7073
v 18.30143 15.47014 14.29064
v 25.09226 11.91448 16.58947
v 24.72916 12.98631 10.92449
v 25.84786 12.0921 12.69788
v 21.69917 14.83469 12.91731
v 22.48237 13.40677 17.62885
v 20.39048 15.27463 13.7073
v 20.9477 13.93466 17.99988
v 19.18364 15.19488 16.08432
v 18.30143 15.47014 14.29064
v 19.85135 14.3724 17.54
v 18.03702 13.83006 16.68587
v 17.25515 14.02295 14.79177
v 17.82513 -2.79351 16.75548
v 17.14474 -2.647665 15.19683
v 17.03908 3.001361 14.88034
v 17.8352 11.48086 16.78637
v 17.04814 11.56622 14.89223
v 18.03702 13.83006 16.68587
v 17.25515 14.02295 14.79177
v 25.84786 12.0921 12.69788
v 24.72916 12.98631 10.92449
v 25.07035 -2.563555 10.73483
v 26.1633 -2.576036 12.46852
v 25.77701 8.304499 16.23968
v 25.66821 2.312514 16.3333
v 25.94622 -2.532039 15.63998
v 25.91092 11.47314 14.75121
v 25.09226 11.91448 16.58947
v 17.14474 -2.647665 15.19683
v 17.82513 -2.79351 16.75548
v 19.0781 -2.684734 17.35662
v 21.50545 -2.56516 13.32568
v 21.92864 -2.956355 16.75474
v 20.55644 -2.530865 18.1814
v 25.21228 -2.697947 13.0502
v 25.07035 -2.563555 10.73483
v 26.1633 -2.576036 12.46852
v 25.94622 -2.532039 15.63998
v 24.991 -2.869411 15.95858
v 24.49889 -2.458113 16.91458
v 22.78498 14.08412 -23.87575
v 23.74361 13.54498 -23.40266
v 23.75424 13.73576 -22.77271
v 22.86846 14.441 -20.98728
v 20.3701 16.3998 -22.10424
v 21.44315 13.80444 -24.7241
v 20.45194 16.22495 -19.98494
v 19.84365 16.17552 -19.62129
v 18.50731 16.3918 -22.31858
v 17.97833 16.16944 -19.83036
v 15.1588 16.23316 -21.11012
v 14.79574 15.0964 -19.83593
v 14.39164 14.60069 -22.98462
v 14.06818 15.93701 -21.27421
v 13.7868 15.64736 -21.47628
v 14.39164 14.60069 -22.98462
v 14.44179 12.8054 -24.64967
v 14.44957 13.97223 -24.03004
v 14.2534 9.364875 -23.06326
v 13.54751 14.39394 -21.02323
v 13.7868 15.64736 -21.47628
v 14.06818 15.93701 -21.27421
v 14.79574 15.0964 -19.83593
v 13.78472 13.4809 -20.20986
v 13.76574 7.835329 -20.49989
v 14.4809 10.71728 -24.94255
v 13.78014 3.461011 -23.40841
v 14.65862 1.201188 -25.56253
v 13.49716 6.736743 -21.24815
v 13.87586 0.08709214 -21.14216
v 13.45632 1.665631 -21.41401
v 13.51397 -2.78875 -22.12575
v 14.00785 -3.24706 -21.57093
v 13.56748 -3.361439 -23.1405
v 13.79595 -3.15432 -24.47108
v 14.30828 -3.915126 -25.45776
v 14.2548 -3.907835 -24.52238
v 16.35368 -3.140169 -20.73571
v 14.00785 -3.24706 -21.57093
v 13.87586 0.08709214 -21.14216
v 15.7991 10.92778 -19.76687
v 13.76574 7.835329 -20.49989
v 13.78472 13.4809 -20.20986
v 14.79574 15.0964 -19.83593
v 18.40995 11.94833 -19.66435
v 17.97833 16.16944 -19.83036
v 19.84365 16.17552 -19.62129
v 19.28057 -1.183309 -20.25091
v 19.59637 -2.493019 -20.89903
v 21.26888 -2.36958 -20.98852
v 21.37756 0.4546677 -20.02092
v 23.08902 -2.180804 -21.84464
v 22.39147 8.656149 -20.0202
v 21.17039 11.77353 -19.53967
v 22.42781 13.58744 -20.21207
v 21.50228 14.04373 -19.42374
v 20.45194 16.22495 -19.98494
v 22.86846 14.441 -20.98728
v 14.9197 -3.832961 -25.84904
v 14.30828 -3.915126 -25.45776
v 14.2548 -3.907835 -24.52238
v 18.10851 -3.452388 -25.83179
v 19.99072 -2.886791 -23.7847
v 21.44371 -2.892507 -25.73409
v 24.02547 -2.382717 -24.2786
v 23.72716 -2.091308 -22.91753
v 23.08902 -2.180804 -21.84464
v 21.26888 -2.36958 -20.98852
v 19.59637 -2.493019 -20.89903
v 16.35368 -3.140169 -20.73571
v 13.56748 -3.361439 -23.1405
v 14.00785 -3.24706 -21.57093
v 18.50731 16.3918 -22.31858
v 21.44315 13.80444 -24.7241
v 20.3701 16.3998 -22.10424
v 17.11245 13.85361 -24.71979
v 14.39164 14.60069 -22.98462
v 16.3333 13.5579 -24.74073
v 21.23117 2.796937 -25.42374
v 22.56674 9.419563 -24.97432
v 22.7654 12.61728 -24.78427
v 22.78498 14.08412 -23.87575
v 23.33674 1.02844 -24.79202
v 21.90922 -0.5714756 -25.61868
v 24.02547 -2.382717 -24.2786
v 21.44371 -2.892507 -25.73409
v 18.10851 -3.452388 -25.83179
v 15.11623 -0.6379392 -25.67777
v 14.9197 -3.832961 -25.84904
v 14.30828 -3.915126 -25.45776
v 14.65862 1.201188 -25.56253
v 14.4809 10.71728 -24.94255
v 15.73648 13.27658 -24.78307
v 14.44179 12.8054 -24.64967
v 14.44957 13.97223 -24.03004
v 22.39147 8.656149 -20.0202
v 22.42781 13.58744 -20.21207
v 22.86846 14.441 -20.98728
v 23.65756 5.847292 -22.7246
v 23.08902 -2.180804 -21.84464
v 23.75424 13.73576 -22.77271
v 23.85004 0.4740999 -23.33717
v 23.72716 -2.091308 -22.91753
v 24.02547 -2.382717 -24.2786
v 23.73486 2.048456 -24.35076
v 23.33674 1.02844 -24.79202
v 22.56674 9.419563 -24.97432
v 23.74361 13.54498 -23.40266
v 22.7654 12.61728 -24.78427
v 22.78498 14.08412 -23.87575
v 1.140001 -2.635717 22.26249
v -0.03417957 -2.645721 21.61147
v 0.5122523 -1.62932 22.41791
v 1.579842 -2.700084 22.226
v 2.091733 5.39055 22.80956
v 0.4967671 4.530449 22.41255
v 1.076175 11.62535 23.23835
v 2.213248 11.51081 23.43106
v 2.040745 13.49768 23.1518
v 1.231227 13.51827 23.07394
v 3.63888 4.633027 25.31242
v 3.224473 12.20064 24.77449
v 3.809096 12.09482 25.00899
v 4.09862 13.18449 24.79052
v 2.430962 13.42573 23.63989
v 3.205859 14.48491 23.34725
v 7.189143 11.12029 23.77968
v 7.189023 13.07174 23.51639
v 3.746273 3.301609 25.55837
v 13.15079 5.630539 21.84575
v 12.34099 10.08812 21.84348
v 12.93865 -0.5090967 22.25935
v 9.314856 -2.630567 23.77902
v 11.25872 -2.257244 22.99703
v 12.2129 -2.277814 21.97175
v 5.39295 -2.582377 24.76547
v 3.539752 -1.878837 25.191
v 11.69543 11.17397 16.76742
v 12.88682 10.13549 20.27651
v 10.39633 11.03855 20.19484
v 12.34099 10.08812 21.84348
v 7.189143 11.12029 23.77968
v 12.88682 10.13549 20.27651
v 13.15079 5.630539 21.84575
v 12.34099 10.08812 21.84348
v 13.33384 4.811744 21.58467
v 12.93865 -0.5090967 22.25935
v 10.61829 0.4062664 13.13792
v 11.69543 11.17397 16.76742
v 13.50988 -0.4834519 21.53964
v 12.2129 -2.277814 21.97175
v 13.02101 -2.176459 20.67573
v 11.96317 -1.993645 16.93632
v 10.60365 -2.466152 15.93701
v 9.725852 -1.126012 12.80416
v 10.31533 3.771389 12.91651
v 9.907782 11.04825 12.44436
v 10.01582 12.22893 12.69925
v 11.12007 13.99987 15.45879
v 11.4731 13.88882 16.37527
v 9.956525 13.70218 19.86535
v 10.39633 11.03855 20.19484
v 7.805658 13.85289 22.47144
v 10.61829 0.4062664 13.13792
v 8.729871 -1.494586 12.30741
v 9.725852 -1.126012 12.80416
v 7.528491 -1.286595 11.64609
v 8.068906 8.856764 11.44088
v 10.31533 3.771389 12.91651
v 9.907782 11.04825 12.44436
v 7.779944 10.90292 11.57378
v 10.01582 12.22893 12.69925
v 7.1126 11.85123 11.76674
v -0.2585933 11.13138 14.61943
v 2.536589 13.44681 13.50567
v 0.08913967 12.05852 14.4827
v 1.746768 13.41053 13.81813
v -0.4305743 13.51857 16.55271
v -0.8880269 12.23288 15.68723
v -1.425593 13.38945 17.08272
v -1.985223 12.26672 16.19236
v -1.126201 11.08271 15.40959
v -1.137433 8.387756 15.11019
v -2.459284 8.457981 15.63628
v -2.207671 11.18911 16.13421
v -2.464339 2.0434 16.03993
v 7.601304 3.836309 11.58503
v 1.769354 -3.254162 14.43908
v -1.166398 -3.101222 15.84654
v 1.546906 14.19035 21.76444
v 2.040745 13.49768 23.1518
v 1.231227 13.51827 23.07394
v 0.6847147 14.12109 22.08509
v -1.425593 13.38945 17.08272
v -0.4305743 13.51857 16.55271
v 7.72045 14.01337 14.99734
v 1.746768 13.41053 13.81813
v 2.536589 13.44681 13.50567
v 7.1126 11.85123 11.76674
v 10.01582 12.22893 12.69925
v 11.12007 13.99987 15.45879
v 11.4731 13.88882 16.37527
v 9.956525 13.70218 19.86535
v 7.805658 13.85289 22.47144
v 3.205859 14.48491 23.34725
v 7.189023 13.07174 23.51639
v 4.09862 13.18449 24.79052
v -1.985223 12.26672 16.19236
v -1.425593 13.38945 17.08272
v -2.207671 11.18911 16.13421
v 1.076175 11.62535 23.23835
v 0.6847147 14.12109 22.08509
v 1.231227 13.51827 23.07394
v -2.459284 8.457981 15.63628
v 0.4967671 4.530449 22.41255
v -2.464339 2.0434 16.03993
v 0.5122523 -1.62932 22.41791
v -0.03417957 -2.645721 21.61147
v -1.985825 -2.985234 17.53953
v -1.166398 -3.101222 15.84654
v 2.040745 13.49768 23.1518
v 1.546906 14.19035 21.76444
v 3.205859 14.48491 23.34725
v 2.430962 13.42573 23.63989
v 2.213248 11.51081 23.43106
v 3.224473 12.20064 24.77449
v 2.091733 5.39055 22.80956
v 3.63888 4.633027 25.31242
v 3.746273 3.301609 25.55837
v 3.809096 12.09482 25.00899
v 1.775693 -2.683632 22.89566
v 1.579842 -2.700084 22.226
v 3.539752 -1.878837 25.191
v 1.579842 -2.700084 22.226
v -0.03417957 -2.645721 21.61147
v 1.140001 -2.635717 22.26249
v -1.166398 -3.101222 15.84654
v -1.985825 -2.985234 17.53953
v 1.769354 -3.254162 14.43908
v 9.764525 -2.872245 16.08152
v 7.528491 -1.286595 11.64609
v 8.729871 -1.494586 12.30741
v 9.725852 -1.126012 12.80416
v 10.60365 -2.466152 15.93701
v 5.39295 -2.582377 24.76547
v 1.775693 -2.683632 22.89566
v 3.539752 -1.878837 25.191
v 9.314856 -2.630567 23.77902
v 11.33434 -2.837228 21.00646
v 11.25872 -2.257244 22.99703
v 12.2129 -2.277814 21.97175
v 13.02101 -2.176459 20.67573
v 11.96317 -1.993645 16.93632
v -25.39682 -2.180318 -19.6923
v -25.85239 -2.868162 -19.25041
v -23.53408 -2.965125 -18.29673
v -26.26395 -2.375507 -19.52746
v -23.05388 -1.921369 -18.91022
v -25.98257 -1.990561 -19.77832
v -29.17423 -1.652025 -17.11881
v -28.99647 3.99494 -17.20528
v -24.87811 4.31562 -20.07147
v -23.88213 4.520482 -19.45021
v -26.15868 3.933954 -20.60909
v -26.39581 7.008359 -19.89542
v -28.45979 7.620642 -17.33368
v -25.62621 7.893507 -19.6989
v -26.91521 8.042451 -18.93769
v -27.78345 8.840165 -17.27555
v -26.66271 8.723716 -18.82606
v -24.7101 9.451365 -18.71454
v -24.25959 8.111227 -19.41847
v -21.73331 8.188582 -17.81476
vn -0.6408346 0.6530126 0.4036154
vn -0.3850838 0.5583481 0.7348183
vn -0.3031555 0.1391563 0.942726
vn 0.7116559 -0.64509 0.2782172
vn 0.3590474 -0.9321041 -0.0476126
vn 0.9856418 0.004100886 -0.1688002
vn -0.6408346 0.6530126 0.4036154
vn -0.8784036 0.376684 0.2941366
vn -0.9462256 0.3146714 -0.0750939
vn 0.912914 0.2974772 -0.2794555
vn 0.803626 0.2326709 -0.5477678
vn 0.6195399 0.7786627 0.09927136
vn -0.595749 0.02120341 -0.8028908
vn -0.7519883 0.4359332 -0.4944451
vn -0.8727973 0.4520496 -0.1840544
vn -0.4411459 0.0453064 -0.896291
vn -0.595749 0.02120341 -0.8028908
vn -0.949879 -0.007394523 -0.3125305
vn -0.595749 0.02120341 -0.8028908
vn -0.8727973 0.4520496 -0.1840544
vn -0.949879 -0.007394523 -0.3125305
vn 0.2800418 -0.8736017 -0.3979909
vn 0.896355 -0.2512743 -0.3652519
vn 0.5412654 -0.3138804 -0.7800711
vn -0.8308066 -0.2035606 -0.5179995
vn -0.4949989 -0.8136835 -0.3047874
vn -0.1061455 -0.8441703 -0.5254614
vn -0.8308066 -0.2035606 -0.5179995
vn -0.1061455 -0.8441703 -0.5254614
vn -0.4612291 -0.4467786 -0.7665876
vn -0.3460546 -0.01159607 -0.9381428
vn -0.7989322 -0.5631409 -0.2111393
vn -0.4204674 -0.515182 -0.7468566
vn -0.9628667 0.00271159 -0.2699637
vn -0.7989322 -0.5631409 -0.2111393
vn -0.3460546 -0.01159607 -0.9381428
vn 0.4221602 0.362186 -0.8310247
vn -0.3824247 0.7175726 -0.5821006
vn -0.4171086 0.6469432 -0.6383454
vn -0.146562 0.9136736 0.3791044
vn -0.8970245 0.3375424 -0.2853285
vn -0.5075374 0.7231094 -0.4685282
vn -0.6504617 0.5531203 -0.5205359
vn -0.1059898 0.406371 -0.90754
vn -0.6633724 0.5084149 -0.5490459
vn -0.5532566 -0.09836864 0.8271824
vn -0.9253075 -0.01262057 0.3790078
vn -0.9974434 0.01326335 0.07021797
vn 0.4776987 0.1647146 0.8629444
vn 0.50227 0.723421 0.473695
vn 0.6308162 0.6766531 0.3797519
vn 0.5475132 0.3697902 0.750656
vn 0.50227 0.723421 0.473695
vn 0.4776987 0.1647146 0.8629444
vn 0.7063006 0.02332843 0.7075276
vn 0.5399792 0.5877917 0.6024312
vn 0.3570256 0.8073338 0.469835
vn 0.567503 0.02286441 0.8230538
vn 0.5755353 -0.02776392 0.8173056
vn 0.7095411 0.04112584 0.703463
vn 0.4722825 -0.7694184 0.4300519
vn 0.5983579 -0.647523 0.4718918
vn -0.0261206 -0.611643 0.7907026
vn 0.07752182 -0.3853337 0.9195153
vn 0.167283 -0.8092726 0.5631113
vn 0.007939107 -0.9346849 0.3553887
vn 0.5983579 -0.647523 0.4718918
vn -0.1511493 -0.6504276 0.7443776
vn 0.04543297 -0.9927762 0.111047
vn -0.5730786 -0.5364894 0.6194838
vn 0.4722825 -0.7694184 0.4300519
vn -0.231755 -0.8421572 0.4868888
vn 0.08070091 -0.9954944 0.04978116
vn 0.0725773 -0.9968368 0.03238637
vn 0.2325877 -0.6979759 0.677298
vn 0.03105539 -0.999413 0.01446253
vn 0.6175673 -0.598017 0.5108683
vn 0.7172486 -0.6000216 -0.3543001
vn 0.3590474 -0.9321041 -0.0476126
vn 0.7116559 -0.64509 0.2782172
vn -0.0217613 -0.9986236 0.04772221
vn -0.08293416 -0.6928217 0.716324
vn -0.1229351 -0.9924139 -0.001197231
vn -0.366987 -0.6143486 0.6984959
vn -0.7782563 -0.6009034 0.1822971
vn -0.7683452 -0.635525 -0.0758516
vn -0.7435393 -0.6317039 -0.2193164
vn -0.5112391 -0.8020529 -0.3087812
vn -0.5460117 -0.5850842 -0.599623
vn -0.09887324 -0.9941757 -0.04288008
vn -0.7459292 -0.5388314 -0.3914718
vn 0.0516182 -0.9979556 -0.0376853
vn -0.09594957 -0.9889516 -0.1129977
vn -0.4182417 -0.6190062 -0.6647596
vn -0.1101194 -0.6224573 -0.7748681
vn 0.05101159 -0.6866282 -0.725217
vn 0.004574379 -0.6986774 -0.7154223
vn 0.0601856 -0.9980871 -0.01413657
vn -0.08184423 -0.7049416 -0.7045275
vn 0.06338628 -0.9979857 0.00258191
vn 0.04773271 -0.672747 -0.7383313
vn 0.1521082 -0.9859298 -0.0693218
vn 0.2659419 -0.6014495 -0.7533481
vn 0.6789045 -0.4860268 -0.5503332
vn 0.7518543 -0.6177579 -0.2304136
vn 0.9040728 -0.4093665 -0.1227657
vn -0.738515 0.09889068 0.6669455
vn -0.1511493 -0.6504276 0.7443776
vn -0.5730786 -0.5364894 0.6194838
vn -0.1532075 0.001236469 0.9881932
vn -0.2767732 0.4359065 0.8563773
vn -0.5266122 0.4817043 0.7004574
vn -0.4058787 0.2738577 0.8719315
vn 0.07752182 -0.3853337 0.9195153
vn -0.0261206 -0.611643 0.7907026
vn 0.567503 0.02286441 0.8230538
vn -0.7016816 0.06409003 0.7096023
vn 0.5755353 -0.02776392 0.8173056
vn 0.5983579 -0.647523 0.4718918
vn 0.167283 -0.8092726 0.5631113
vn -0.06848835 0.2884054 0.9550558
vn 0.5399792 0.5877917 0.6024312
vn -0.3657341 0.3127964 0.8765826
vn 0.03065092 0.7483338 0.6626139
vn -0.4257065 0.7824105 0.4545414
vn -0.7016816 0.06409003 0.7096023
vn -0.4058787 0.2738577 0.8719315
vn -0.7432417 0.6520072 0.1499276
vn -0.8876148 0.3664763 0.2789892
vn -0.3657341 0.3127964 0.8765826
vn -0.7007489 0.2604601 0.6641623
vn -0.4257065 0.7824105 0.4545414
vn -0.3162163 0.8252055 0.4680205
vn -0.7007489 0.2604601 0.6641623
vn -0.7432417 0.6520072 0.1499276
vn -0.2470463 0.6908426 0.6794885
vn -0.2276178 0.9488091 0.2189782
vn -0.4058787 0.2738577 0.8719315
vn -0.2767732 0.4359065 0.8563773
vn -0.5266122 0.4817043 0.7004574
vn -0.678533 0.6956396 0.235963
vn -0.414698 0.267587 0.8697256
vn -0.3162163 0.8252055 0.4680205
vn 0.03065092 0.7483338 0.6626139
vn -0.4257065 0.7824105 0.4545414
vn 0.3570256 0.8073338 0.469835
vn -0.004854754 0.9925935 0.1213859
vn 0.5399792 0.5877917 0.6024312
vn -0.1043509 0.6470634 0.7552614
vn 0.03710245 0.9948609 0.09420833
vn 0.2405561 0.6578782 0.713673
vn -0.08344491 0.9357297 0.3427054
vn -0.145347 0.4451465 0.883583
vn -0.0151683 0.4846279 0.8745889
vn 0.005279168 0.9590554 0.2831693
vn 0.02303708 0.7976554 0.6026734
vn -0.06583276 0.9921541 0.1062846
vn -0.05833577 0.9978814 0.02880308
vn -0.3012602 0.9529561 0.03341797
vn -0.1185567 0.7092368 0.6949298
vn -0.3850838 0.5583481 0.7348183
vn -0.6408346 0.6530126 0.4036154
vn -0.8249409 0.5516623 -0.12305
vn -0.7163788 0.6548748 -0.2407081
vn -0.396752 0.7744228 -0.4928055
vn -0.4358039 0.853009 -0.2871421
vn -0.1079614 0.9941469 -0.004023038
vn -0.7537329 0.6514983 -0.0862368
vn -0.7162025 0.6564614 -0.2368805
vn -0.5922913 0.6743041 -0.4410273
vn -0.2751317 0.7913829 -0.5459082
vn -0.05464802 0.9291096 -0.3657443
vn -0.0214616 0.9996843 0.01306676
vn -0.02008852 0.9990661 -0.03825549
vn 0.02726245 0.9978828 -0.05904887
vn 0.05843909 0.6584936 -0.750314
vn -0.01685944 0.6970049 -0.7168682
vn 0.02545468 0.9996742 0.001872621
vn 0.1048594 0.9941732 0.02498239
vn 0.07290175 0.9961006 -0.0496888
vn 0.06493284 0.9965754 -0.05119796
vn 0.1210043 0.881207 -0.4569817
vn -0.109033 0.6378309 -0.7624195
vn 0.06557249 0.9648429 -0.2545164
vn 0.1153591 0.4991993 -0.8587738
vn -0.2125174 0.7128111 -0.6683837
vn -0.1596779 0.6920943 -0.7039236
vn -0.02974349 0.7009298 -0.7126098
vn 0.6527866 0.7365871 -0.1769438
vn 0.08501329 0.4658082 -0.8807926
vn 0.6761263 0.4168497 -0.6075274
vn 0.559814 0.8208084 -0.1134985
vn 0.6264828 0.7553107 -0.1924188
vn 0.5983361 0.7551073 -0.2679681
vn 0.7260531 0.6271946 -0.281911
vn 0.6682601 0.7391261 0.08438709
vn 0.3321075 0.9092771 0.250838
vn 0.8179277 0.5313787 0.2205246
vn 0.6554142 0.6491116 0.3861171
vn 0.5072174 0.4691788 0.7229121
vn 0.1294808 0.9336638 0.333926
vn 0.2932222 0.4092124 0.8640405
vn 0.1661862 0.9435812 0.2864204
vn 0.2405561 0.6578782 0.713673
vn 0.7063006 0.02332843 0.7075276
vn 0.3570256 0.8073338 0.469835
vn 0.5747721 0.08494656 0.8138926
vn 0.2932222 0.4092124 0.8640405
vn 0.5072174 0.4691788 0.7229121
vn 0.2325877 -0.6979759 0.677298
vn 0.7095411 0.04112584 0.703463
vn 0.4722825 -0.7694184 0.4300519
vn 0.782584 0.01112345 0.6224456
vn 0.6175673 -0.598017 0.5108683
vn -0.1043509 0.6470634 0.7552614
vn -0.3162163 0.8252055 0.4680205
vn -0.7007489 0.2604601 0.6641623
vn -0.2470463 0.6908426 0.6794885
vn -0.145347 0.4451465 0.883583
vn -0.414698 0.267587 0.8697256
vn -0.08293416 -0.6928217 0.716324
vn -0.6239566 0.02551295 0.7810424
vn -0.231755 -0.8421572 0.4868888
vn -0.0151683 0.4846279 0.8745889
vn -0.1185567 0.7092368 0.6949298
vn 0.02303708 0.7976554 0.6026734
vn -0.3031555 0.1391563 0.942726
vn -0.3850838 0.5583481 0.7348183
vn -0.7573789 0.05064017 0.6510091
vn -0.7602229 -0.005279823 0.649641
vn -0.366987 -0.6143486 0.6984959
vn -0.8784036 0.376684 0.2941366
vn -0.6408346 0.6530126 0.4036154
vn -0.2751317 0.7913829 -0.5459082
vn 0.05843909 0.6584936 -0.750314
vn -0.05464802 0.9291096 -0.3657443
vn -0.1549412 0.2509152 -0.9555286
vn -0.5922913 0.6743041 -0.4410273
vn 0.04801182 -0.01657968 -0.9987092
vn -0.02808568 -0.00125396 -0.9996048
vn -0.01685944 0.6970049 -0.7168682
vn -0.109033 0.6378309 -0.7624195
vn -0.301353 0.125196 -0.9452578
vn -0.4458547 0.09560368 -0.8899851
vn -0.7017927 0.1217027 -0.7019085
vn -0.1162794 0.02926186 -0.9927853
vn -0.4654086 -0.009387901 -0.8850461
vn -0.1188988 0.008499432 -0.99287
vn -0.7933128 0.03504214 -0.6078048
vn -0.753984 0.03742956 -0.6558254
vn 0.04942558 0.05221558 -0.997412
vn -0.4437638 0.01033388 -0.8960842
vn -0.8790119 0.0086177 -0.4767219
vn -0.4182417 -0.6190062 -0.6647596
vn -0.7459292 -0.5388314 -0.3914718
vn -0.1101194 -0.6224573 -0.7748681
vn 0.05101159 -0.6866282 -0.725217
vn 0.004574379 -0.6986774 -0.7154223
vn -0.1687403 0.01947724 -0.9854681
vn -0.08184423 -0.7049416 -0.7045275
vn 0.3193959 0.02749844 -0.9472223
vn 0.1965239 0.2868702 -0.9375948
vn 0.1210043 0.881207 -0.4569817
vn 0.1153591 0.4991993 -0.8587738
vn 0.1786437 0.03329546 -0.9833503
vn -0.2125174 0.7128111 -0.6683837
vn -0.1596779 0.6920943 -0.7039236
vn -0.2426434 0.01523514 -0.9699959
vn -0.02974349 0.7009298 -0.7126098
vn 0.04773271 -0.672747 -0.7383313
vn 0.006518782 0.04703538 -0.998872
vn 0.08501329 0.4658082 -0.8807926
vn 0.6761263 0.4168497 -0.6075274
vn 0.3472887 0.2368964 -0.9073427
vn 0.2611124 0.05272109 -0.9638677
vn 0.2659419 -0.6014495 -0.7533481
vn 0.6789045 -0.4860268 -0.5503332
vn 0.7524769 0.01486848 -0.6584509
vn 0.7754232 0.1276666 -0.6184012
vn 0.4538811 0.5790585 -0.6772616
vn 0.7518543 -0.6177579 -0.2304136
vn 0.7524769 0.01486848 -0.6584509
vn 0.6789045 -0.4860268 -0.5503332
vn 0.7754232 0.1276666 -0.6184012
vn 0.8465207 0.513043 -0.1420905
vn 0.9141933 0.4050177 0.01453877
vn 0.8659859 0.3892912 -0.3138802
vn 0.4538811 0.5790585 -0.6772616
vn 0.6223841 0.6941078 -0.3617355
vn 0.4598604 0.861766 -0.2142142
vn 0.9040728 -0.4093665 -0.1227657
vn 0.8450263 0.4278083 0.3207969
vn 0.9305985 0.02143326 0.3654136
vn 0.7116559 -0.64509 0.2782172
vn 0.912914 0.2974772 -0.2794555
vn 0.9856418 0.004100886 -0.1688002
vn 0.9095677 0.1166504 -0.3988475
vn 0.6682601 0.7391261 0.08438709
vn 0.7260531 0.6271946 -0.281911
vn 0.9430364 0.1579665 0.2927947
vn 0.8179277 0.5313787 0.2205246
vn 0.6554142 0.6491116 0.3861171
vn 0.5072174 0.4691788 0.7229121
vn 0.5747721 0.08494656 0.8138926
vn 0.782584 0.01112345 0.6224456
vn 0.9170633 -0.005452503 -0.3987045
vn 0.6175673 -0.598017 0.5108683
vn 0.7172486 -0.6000216 -0.3543001
vn 0.1965239 0.2868702 -0.9375948
vn 0.3193959 0.02749844 -0.9472223
vn 0.1786437 0.03329546 -0.9833503
vn -0.1687403 0.01947724 -0.9854681
vn -0.7162025 0.6564614 -0.2368805
vn -0.7017927 0.1217027 -0.7019085
vn -0.5922913 0.6743041 -0.4410273
vn -0.9580838 0.05282352 -0.2815762
vn -0.7537329 0.6514983 -0.0862368
vn -0.7933128 0.03504214 -0.6078048
vn -0.8016425 0.06491619 -0.5942686
vn -0.4358039 0.853009 -0.2871421
vn -0.7973604 0.009032677 -0.6034359
vn -0.8790119 0.0086177 -0.4767219
vn -0.753984 0.03742956 -0.6558254
vn -0.5112391 -0.8020529 -0.3087812
vn -0.7459292 -0.5388314 -0.3914718
vn -0.6408346 0.6530126 0.4036154
vn -0.9462256 0.3146714 -0.0750939
vn -0.8249409 0.5516623 -0.12305
vn -0.9928986 0.01417007 -0.1181167
vn -0.8784036 0.376684 0.2941366
vn -0.7573789 0.05064017 0.6510091
vn -0.9560643 0.1149057 -0.2696995
vn -0.7163788 0.6548748 -0.2407081
vn -0.7683452 -0.635525 -0.0758516
vn -0.7602229 -0.005279823 0.649641
vn -0.7782563 -0.6009034 0.1822971
vn -0.366987 -0.6143486 0.6984959
vn -0.973068 0.04624487 -0.2258322
vn -0.7435393 -0.6317039 -0.2193164
vn -0.7022989 0.2995231 -0.6458035
vn -0.396752 0.7744228 -0.4928055
vn -0.6512775 0.1584061 -0.7421221
vn -0.7237154 0.05764968 -0.6876863
vn -0.7152168 0.01367436 -0.6987689
vn -0.5460117 -0.5850842 -0.599623
vn -0.678533 0.6956396 0.235963
vn -0.6239566 0.02551295 0.7810424
vn -0.414698 0.267587 0.8697256
vn -0.738515 0.09889068 0.6669455
vn -0.5266122 0.4817043 0.7004574
vn -0.5730786 -0.5364894 0.6194838
vn -0.231755 -0.8421572 0.4868888
vn 0.9856418 0.004100886 -0.1688002
vn 0.3590474 -0.9321041 -0.0476126
vn 0.7172486 -0.6000216 -0.3543001
vn 0.9170633 -0.005452503 -0.3987045
vn 0.912914 0.2974772 -0.2794555
vn 0.9095677 0.1166504 -0.3988475
vn 0.803626 0.2326709 -0.5477678
vn 0.7260531 0.6271946 -0.281911
vn 0.803626 0.2326709 -0.5477678
vn 0.7260531 0.6271946 -0.281911
vn 0.5983361 0.7551073 -0.2679681
vn 0.7693302 0.6347206 -0.07253145
vn 0.6264828 0.7553107 -0.1924188
vn 0.6989292 0.7146613 -0.02751643
vn 0.559814 0.8208084 -0.1134985
vn 0.6527866 0.7365871 -0.1769438
vn 0.7866294 0.6062098 -0.117149
vn 0.6761263 0.4168497 -0.6075274
vn 0.6781343 0.5728827 -0.4603688
vn 0.3472887 0.2368964 -0.9073427
vn 0.4598604 0.861766 -0.2142142
vn 0.4538811 0.5790585 -0.6772616
vn 0.6223841 0.6941078 -0.3617355
vn 0.7866294 0.6062098 -0.117149
vn 0.6781343 0.5728827 -0.4603688
vn 0.3472887 0.2368964 -0.9073427
vn 0.3775096 0.9260055 -0.0004702615
vn 0.6989292 0.7146613 -0.02751643
vn 0.8465207 0.513043 -0.1420905
vn 0.8659859 0.3892912 -0.3138802
vn 0.9141933 0.4050177 0.01453877
vn 0.4773387 0.8559817 0.1986027
vn 0.7693302 0.6347206 -0.07253145
vn 0.8450263 0.4278083 0.3207969
vn 0.6195399 0.7786627 0.09927136
vn 0.912914 0.2974772 -0.2794555
vn 0.803626 0.2326709 -0.5477678
vn -0.7973604 0.009032677 -0.6034359
vn -0.5460117 -0.5850842 -0.599623
vn -0.5112391 -0.8020529 -0.3087812
vn -0.7152168 0.01367436 -0.6987689
vn -0.7237154 0.05764968 -0.6876863
vn -0.8016425 0.06491619 -0.5942686
vn -0.6512775 0.1584061 -0.7421221
vn -0.4358039 0.853009 -0.2871421
vn -0.7022989 0.2995231 -0.6458035
vn -0.396752 0.7744228 -0.4928055
vn 0.8236632 0.08981111 0.5599223
vn 0.6433111 -0.5889429 0.48918
vn -0.4706436 -0.5820304 0.6631255
vn -0.4935047 0.5803624 0.6477906
vn 0.5391539 0.6896726 0.4833888
vn 0.6433111 -0.5889429 0.48918
vn 0.5441398 -0.5769586 -0.6091228
vn -0.4403946 -0.6066616 -0.6618266
vn -0.4706436 -0.5820304 0.6631255
vn -0.7763452 -0.5985123 -0.1976643
vn -0.4411459 0.0453064 -0.896291
vn -0.949879 -0.007394523 -0.3125305
vn -0.4403946 -0.6066616 -0.6618266
vn 0.5441398 -0.5769586 -0.6091228
vn 0.6679478 0.001577592 -0.7442065
vn -0.1905894 0.03840152 -0.9809185
vn -0.595749 0.02120341 -0.8028908
vn 0.1090063 0.04442447 -0.9930479
vn 0.8050949 0.08101368 -0.5875874
vn 0.2295958 0.4891013 -0.8414664
vn -0.006711602 0.6178804 -0.7862434
vn -0.2065931 0.3422665 -0.9166095
vn -0.07511657 0.9026889 -0.4236864
vn -0.3746457 0.3111606 -0.8733955
vn -0.7519883 0.4359332 -0.4944451
vn -0.1756291 0.8955728 -0.4087835
vn -0.4571335 0.6810967 -0.5719584
vn 0.8236632 0.08981111 0.5599223
vn 0.5391539 0.6896726 0.4833888
vn 0.6739987 0.7283483 -0.1234289
vn 0.8913274 0.1705094 -0.4200739
vn 0.6359199 0.6112865 -0.4710994
vn 0.2295958 0.4891013 -0.8414664
vn 0.8050949 0.08101368 -0.5875874
vn 0.9907908 0.02077002 0.1337986
vn 0.6433111 -0.5889429 0.48918
vn 0.6679478 0.001577592 -0.7442065
vn 0.5441398 -0.5769586 -0.6091228
vn -0.7519883 0.4359332 -0.4944451
vn -0.4571335 0.6810967 -0.5719584
vn -0.8727973 0.4520496 -0.1840544
vn -0.1756291 0.8955728 -0.4087835
vn -0.7191424 0.69485 0.004216199
vn -0.07511657 0.9026889 -0.4236864
vn 0.07863376 0.9786667 -0.1898109
vn -0.006711602 0.6178804 -0.7862434
vn -0.4935047 0.5803624 0.6477906
vn 0.2295958 0.4891013 -0.8414664
vn 0.5391539 0.6896726 0.4833888
vn 0.6359199 0.6112865 -0.4710994
vn 0.6739987 0.7283483 -0.1234289
vn -0.949879 -0.007394523 -0.3125305
vn -0.7763452 -0.5985123 -0.1976643
vn -0.4403946 -0.6066616 -0.6618266
vn -0.9768678 -0.03701277 0.2106168
vn -0.4706436 -0.5820304 0.6631255
vn -0.9555014 -0.05459201 0.2898909
vn -0.8727973 0.4520496 -0.1840544
vn -0.4935047 0.5803624 0.6477906
vn -0.7191424 0.69485 0.004216199
vn 0.6744257 -0.7065281 0.2144015
vn 0.4176446 -0.6686688 0.615187
vn 0.6113206 -0.022204 0.7910715
vn 0.9789728 -0.001291183 0.2039869
vn 0.6008506 -0.6005703 -0.5275357
vn 0.534082 0.1420541 0.8334129
vn 0.7118396 0.10392 -0.6946114
vn 0.9705557 0.1393989 0.1964425
vn 0.5620738 0.2765534 0.7794814
vn 0.6083913 0.4857007 -0.6276583
vn 0.6823003 0.7293079 0.05075677
vn 0.174343 0.656916 0.7335297
vn 0.6823003 0.7293079 0.05075677
vn 0.3182076 0.6075656 0.7277417
vn 0.1300856 0.9860572 -0.1037735
vn 0.04625994 0.7608032 0.6473318
vn -0.2041304 0.7143419 0.6693627
vn -0.37031 0.7777394 0.5079291
vn 0.06658794 0.5510686 -0.8317989
vn 0.6083913 0.4857007 -0.6276583
vn -0.3370047 0.9366353 -0.09561478
vn -0.8829195 0.440621 0.1621922
vn -0.4013124 0.6185235 -0.6755568
vn -0.8829195 0.440621 0.1621922
vn -0.4013124 0.6185235 -0.6755568
vn -0.3370047 0.9366353 -0.09561478
vn -0.7438076 0.1958294 -0.6390627
vn -0.9495133 0.06162203 0.3076157
vn -0.8435172 -5.599989E-05 -0.5371022
vn -0.9522656 -0.1150715 0.2827521
vn -0.860248 -0.1183965 -0.495939
vn -0.6856098 -0.6888677 -0.2353733
vn -0.673525 -0.6860591 0.2751127
vn -0.5649206 -0.6937812 0.4466905
vn -0.4727957 -0.3696464 0.7998911
vn -0.6737432 -0.07164336 0.7354844
vn -0.5626135 0.07547754 0.8232674
vn -0.6003792 0.1816859 0.7788036
vn -0.7101383 0.4149665 0.5687762
vn -0.37031 0.7777394 0.5079291
vn 0.3182076 0.6075656 0.7277417
vn 0.6823003 0.7293079 0.05075677
vn 0.5620738 0.2765534 0.7794814
vn -0.007911263 0.2330741 0.9724268
vn -0.05253709 0.04963183 0.9973848
vn 0.534082 0.1420541 0.8334129
vn 0.174343 0.656916 0.7335297
vn 0.04625994 0.7608032 0.6473318
vn 0.123065 0.02663349 0.9920412
vn 0.6113206 -0.022204 0.7910715
vn 0.4176446 -0.6686688 0.615187
vn 0.08160733 -0.6756721 0.7326715
vn -0.2437381 0.2820044 0.927936
vn -0.2041304 0.7143419 0.6693627
vn -0.7101383 0.4149665 0.5687762
vn -0.37031 0.7777394 0.5079291
vn -0.6003792 0.1816859 0.7788036
vn -0.5626135 0.07547754 0.8232674
vn -0.6737432 -0.07164336 0.7354844
vn -0.4727957 -0.3696464 0.7998911
vn -0.08270692 -0.1398163 0.9867172
vn -0.09810734 -0.8260996 0.5549184
vn -0.1030821 -0.691346 -0.7151327
vn -0.860248 -0.1183965 -0.495939
vn -0.6856098 -0.6888677 -0.2353733
vn -0.04491789 0.02106968 -0.9987684
vn -0.8435172 -5.599989E-05 -0.5371022
vn 0.6008506 -0.6005703 -0.5275357
vn 0.7118396 0.10392 -0.6946114
vn 0.6083913 0.4857007 -0.6276583
vn -0.7438076 0.1958294 -0.6390627
vn 0.06658794 0.5510686 -0.8317989
vn -0.4013124 0.6185235 -0.6755568
vn -0.09810734 -0.8260996 0.5549184
vn -0.5649206 -0.6937812 0.4466905
vn -0.4727957 -0.3696464 0.7998911
vn -0.673525 -0.6860591 0.2751127
vn -0.04109732 -0.9991059 0.009915831
vn 0.08160733 -0.6756721 0.7326715
vn -0.6856098 -0.6888677 -0.2353733
vn 0.4176446 -0.6686688 0.615187
vn -0.1030821 -0.691346 -0.7151327
vn 0.6744257 -0.7065281 0.2144015
vn 0.6008506 -0.6005703 -0.5275357
vn -0.72458 -0.6789333 0.1184622
vn -0.3755171 -0.6839479 0.6254616
vn -0.4949989 -0.8136835 -0.3047874
vn 0.2467618 -0.6407912 0.7269768
vn 0.6811471 -0.6569666 0.3231618
vn 0.2800418 -0.8736017 -0.3979909
vn -0.1061455 -0.8441703 -0.5254614
vn 0.6329518 -0.7622371 -0.135524
vn 0.6726786 0.5958984 0.438644
vn 0.6509783 0.7531337 0.09495799
vn 0.9142796 0.009782975 0.4049653
vn 0.9294282 0.02636498 -0.3680601
vn 0.8387306 0.2868459 -0.4628718
vn 0.6252388 0.7610879 -0.1726895
vn 0.5557856 0.046131 -0.8300448
vn 0.5412654 -0.3138804 -0.7800711
vn 0.896355 -0.2512743 -0.3652519
vn 0.6811471 -0.6569666 0.3231618
vn 0.6329518 -0.7622371 -0.135524
vn 0.2800418 -0.8736017 -0.3979909
vn -0.5773869 0.7731316 -0.2624726
vn -0.7478348 0.6623181 -0.04558372
vn -0.8749205 0.2579233 -0.4098654
vn -0.7915325 0.5889937 0.1629806
vn -0.9112684 0.1961037 0.3621234
vn -0.6482819 0.5373877 0.5393934
vn -0.9157669 0.05166493 -0.398374
vn -0.4782668 0.0458246 0.8770183
vn -0.2862022 0.6914101 0.6633555
vn -0.9404159 0.05109843 0.336165
vn -0.3755171 -0.6839479 0.6254616
vn -0.72458 -0.6789333 0.1184622
vn -0.8308066 -0.2035606 -0.5179995
vn -0.4949989 -0.8136835 -0.3047874
vn 0.9142796 0.009782975 0.4049653
vn 0.2940024 0.5221047 0.8006055
vn 0.6726786 0.5958984 0.438644
vn 0.2677993 -0.00372811 0.9634675
vn 0.6811471 -0.6569666 0.3231618
vn -0.2862022 0.6914101 0.6633555
vn 0.2467618 -0.6407912 0.7269768
vn -0.4782668 0.0458246 0.8770183
vn -0.3755171 -0.6839479 0.6254616
vn 0.0683752 0.8594351 -0.506652
vn 0.8387306 0.2868459 -0.4628718
vn 0.6252388 0.7610879 -0.1726895
vn -0.135992 0.9906912 0.006089966
vn -0.4594699 0.6588658 -0.5956368
vn -0.5773869 0.7731316 -0.2624726
vn 0.6509783 0.7531337 0.09495799
vn -0.1707354 0.9664789 0.1917494
vn -0.7478348 0.6623181 -0.04558372
vn 0.6726786 0.5958984 0.438644
vn -0.7915325 0.5889937 0.1629806
vn 0.2940024 0.5221047 0.8006055
vn -0.6482819 0.5373877 0.5393934
vn -0.2862022 0.6914101 0.6633555
vn -0.7595001 -0.6497079 0.03223569
vn -0.8062064 0.0957363 0.5838372
vn -0.5734108 -0.7035846 0.4197246
vn -0.994392 0.09393879 0.04858007
vn -0.7996913 0.2283013 0.5553129
vn -0.9919152 -0.1057001 -0.07022646
vn -0.5843197 -0.8073391 -0.08230475
vn -0.8175846 -0.2348165 -0.5257534
vn -0.383124 -0.7454997 -0.5453864
vn -0.8223665 0.08278576 -0.562903
vn -0.8137735 0.1151798 -0.5696546
vn -0.9801605 0.1968179 -0.02341095
vn -0.8131723 0.4858685 0.3204414
vn -0.2421481 0.7213873 0.6488179
vn -0.8229973 0.5478529 0.1501086
vn -0.7481859 0.6633413 -0.014006
vn -0.9384214 0.179247 -0.295357
vn -0.6408632 0.2278492 -0.7330614
vn -0.8245425 0.4895979 -0.2835906
vn -0.626806 0.6098943 -0.4849156
vn -0.1877222 -0.6778409 -0.710839
vn -0.8175846 -0.2348165 -0.5257534
vn -0.383124 -0.7454997 -0.5453864
vn -0.8223665 0.08278576 -0.562903
vn -0.3547652 0.06592604 -0.9326282
vn -0.8137735 0.1151798 -0.5696546
vn 0.4787701 -0.0597043 -0.8759078
vn 0.3631054 -0.5664243 -0.7398095
vn 0.5237827 0.002109064 -0.8518493
vn 0.5901409 0.2262678 -0.7749429
vn -0.2817222 0.2901678 -0.9145684
vn -0.6408632 0.2278492 -0.7330614
vn 0.5836807 0.6466824 -0.4910383
vn -0.626806 0.6098943 -0.4849156
vn -0.1192063 0.8856078 -0.448875
vn -0.1866415 -0.6252534 0.7577751
vn -0.5734108 -0.7035846 0.4197246
vn -0.8062064 0.0957363 0.5838372
vn -0.2717602 0.1455229 0.9512988
vn 0.5307581 -0.5133191 0.6743881
vn -0.7996913 0.2283013 0.5553129
vn 0.6481686 0.1214263 0.7517534
vn -0.2421481 0.7213873 0.6488179
vn 0.5612044 0.5711923 0.59899
vn -0.5843197 -0.8073391 -0.08230475
vn -0.1877222 -0.6778409 -0.710839
vn -0.383124 -0.7454997 -0.5453864
vn 0.03523793 -0.998893 -0.03116276
vn -0.7595001 -0.6497079 0.03223569
vn 0.3631054 -0.5664243 -0.7398095
vn -0.5734108 -0.7035846 0.4197246
vn 0.7223325 -0.6854627 -0.09152478
vn -0.1866415 -0.6252534 0.7577751
vn 0.5307581 -0.5133191 0.6743881
vn 0.7223325 -0.6854627 -0.09152478
vn 0.4787701 -0.0597043 -0.8759078
vn 0.3631054 -0.5664243 -0.7398095
vn 0.9982298 0.02847225 -0.05221687
vn 0.5237827 0.002109064 -0.8518493
vn 0.5901409 0.2262678 -0.7749429
vn 0.6481686 0.1214263 0.7517534
vn 0.5307581 -0.5133191 0.6743881
vn 0.5612044 0.5711923 0.59899
vn 0.7550421 0.6551591 0.02603754
vn 0.5836807 0.6466824 -0.4910383
vn -0.1192063 0.8856078 -0.448875
vn 0.5836807 0.6466824 -0.4910383
vn 0.7550421 0.6551591 0.02603754
vn -0.1241402 0.9904225 0.06043673
vn 0.5612044 0.5711923 0.59899
vn -0.626806 0.6098943 -0.4849156
vn -0.2421481 0.7213873 0.6488179
vn -0.7481859 0.6633413 -0.014006
vn -0.8245425 0.4895979 -0.2835906
vn -0.8229973 0.5478529 0.1501086
vn -0.8131723 0.4858685 0.3204414
vn -0.6050524 -0.5119392 0.6097787
vn -0.7066279 -0.7011049 0.09554499
vn -0.7448196 0.03775929 0.6661966
vn -0.9628667 0.00271159 -0.2699637
vn -0.7989322 -0.5631409 -0.2111393
vn -0.8136545 0.4254925 -0.3961343
vn -0.5962214 0.131333 -0.7920048
vn -0.3460546 -0.01159607 -0.9381428
vn -0.668988 0.7012278 -0.2464442
vn -0.5156346 0.8565479 -0.02113354
vn -0.4467342 0.6912585 0.5679702
vn 0.06918978 -0.6962777 -0.71443
vn -0.3460546 -0.01159607 -0.9381428
vn -0.4204674 -0.515182 -0.7468566
vn 0.7368426 0.141423 -0.6611071
vn 0.4471241 -0.5720841 -0.6876044
vn 0.7720251 -0.007703685 -0.6355453
vn 0.08028597 0.561713 -0.8234274
vn 0.4356802 0.5603731 -0.7043896
vn -0.5962214 0.131333 -0.7920048
vn -0.1639902 0.5975119 -0.7849119
vn -0.8136545 0.4254925 -0.3961343
vn 0.6566446 -0.2287599 0.7186701
vn 0.6751566 -0.7185345 0.1669486
vn -0.02998649 -0.6307656 0.7753938
vn -0.02460346 -0.9996972 -0.0003296679
vn 0.7581233 -0.5972984 -0.2616938
vn -0.6050524 -0.5119392 0.6097787
vn 0.4471241 -0.5720841 -0.6876044
vn -0.7066279 -0.7011049 0.09554499
vn 0.06918978 -0.6962777 -0.71443
vn -0.7989322 -0.5631409 -0.2111393
vn -0.4204674 -0.515182 -0.7468566
vn 0.5768881 0.4561828 0.6775672
vn -0.7448196 0.03775929 0.6661966
vn -0.4467342 0.6912585 0.5679702
vn 0.6566446 -0.2287599 0.7186701
vn -0.02998649 -0.6307656 0.7753938
vn -0.6050524 -0.5119392 0.6097787
vn 0.7581233 -0.5972984 -0.2616938
vn 0.6751566 -0.7185345 0.1669486
vn 0.6566446 -0.2287599 0.7186701
vn 0.7720251 -0.007703685 -0.6355453
vn 0.4471241 -0.5720841 -0.6876044
vn 0.8758405 0.4826006 -0.0003039656
vn 0.5768881 0.4561828 0.6775672
vn 0.7368426 0.141423 -0.6611071
vn 0.5047217 0.8296618 -0.2385735
vn 0.4356802 0.5603731 -0.7043896
vn -0.668988 0.7012278 -0.2464442
vn -0.8136545 0.4254925 -0.3961343
vn -0.1639902 0.5975119 -0.7849119
vn 0.08028597 0.561713 -0.8234274
vn 0.5047217 0.8296618 -0.2385735
vn 0.4356802 0.5603731 -0.7043896
vn -0.5156346 0.8565479 -0.02113354
vn 0.5768881 0.4561828 0.6775672
vn 0.8758405 0.4826006 -0.0003039656
vn -0.4467342 0.6912585 0.5679702
vn 0.7082292 -0.2996033 0.6392567
vn 0.6815814 -0.724124 0.1053145
vn 0.03564367 -0.6300988 0.7756965
vn -0.01914173 -0.999627 0.01948139
vn -0.5355524 -0.512258 0.671398
vn -0.6847531 -0.7166337 0.132474
vn -0.7870882 -0.563455 -0.2510194
vn -0.386721 -0.5582756 -0.734013
vn -0.02226672 -0.6880289 -0.7253416
vn 0.2460679 -0.6117085 -0.7518398
vn 0.7005029 -0.5920662 -0.3984387
vn 0.7938653 0.595557 -0.1228402
vn 0.7082292 -0.2996033 0.6392567
vn 0.6743493 0.4717974 0.5680319
vn 0.6465414 -0.007078668 -0.762846
vn 0.6815814 -0.724124 0.1053145
vn 0.7005029 -0.5920662 -0.3984387
vn 0.6405613 0.2109029 -0.7383775
vn 0.3356809 0.902508 -0.2698106
vn 0.2534614 0.5859224 -0.7697092
vn -0.1256722 0.6094837 -0.7827747
vn -0.7057754 0.4751661 -0.5254505
vn -0.4975274 0.1049778 -0.8610727
vn -0.3270234 -0.01289554 -0.9449282
vn -0.9324742 0.01349622 -0.3609845
vn -0.7870882 -0.563455 -0.2510194
vn -0.386721 -0.5582756 -0.734013
vn -0.02226672 -0.6880289 -0.7253416
vn -0.03013457 0.5671259 -0.8230797
vn 0.6465414 -0.007078668 -0.762846
vn 0.2460679 -0.6117085 -0.7518398
vn 0.7005029 -0.5920662 -0.3984387
vn 0.6405613 0.2109029 -0.7383775
vn 0.2534614 0.5859224 -0.7697092
vn -0.6699516 0.7158654 -0.1967271
vn -0.7057754 0.4751661 -0.5254505
vn -0.1256722 0.6094837 -0.7827747
vn -0.03013457 0.5671259 -0.8230797
vn -0.5534086 0.8329087 -0.001425926
vn 0.3356809 0.902508 -0.2698106
vn 0.2534614 0.5859224 -0.7697092
vn 0.1777014 0.6908743 0.7007959
vn -0.4418572 0.6368825 0.6317775
vn 0.7938653 0.595557 -0.1228402
vn 0.6743493 0.4717974 0.5680319
vn -0.4418572 0.6368825 0.6317775
vn -0.6723552 0.0608998 0.7377192
vn -0.5534086 0.8329087 -0.001425926
vn -0.6699516 0.7158654 -0.1967271
vn -0.9324742 0.01349622 -0.3609845
vn -0.7057754 0.4751661 -0.5254505
vn -0.4975274 0.1049778 -0.8610727
vn -0.5355524 -0.512258 0.671398
vn -0.6847531 -0.7166337 0.132474
vn -0.7870882 -0.563455 -0.2510194
vn 0.7082292 -0.2996033 0.6392567
vn 0.1777014 0.6908743 0.7007959
vn 0.6743493 0.4717974 0.5680319
vn 0.03564367 -0.6300988 0.7756965
vn -0.6723552 0.0608998 0.7377192
vn -0.5355524 -0.512258 0.671398
vn -0.4418572 0.6368825 0.6317775
vn -0.7939636 0.5783001 -0.187592
vn -0.707496 0.2621774 0.6562868
vn -0.9097244 0.3776649 -0.1725421
vn -0.8130853 0.3043258 -0.4962643
vn -0.8812015 0.4595217 -0.1110121
vn 0.393209 0.8866808 -0.2432773
vn 0.7008748 0.2615901 0.663585
vn 0.3744124 0.6993164 0.6089104
vn 0.9201621 0.3105868 -0.2384065
vn 0.5290314 0.5271803 -0.6649863
vn 0.4221602 0.362186 -0.8310247
vn 0.6834008 0.01581242 0.7298722
vn 0.9551858 0.01995548 -0.2953336
vn 0.6562521 0.01770516 -0.754334
vn 0.5964805 0.01146089 -0.8025457
vn 0.4729707 -0.05075844 -0.8796149
vn 0.7443541 -0.6254932 -0.2338705
vn 0.5531377 -0.5887874 0.5893795
vn 0.5432072 -0.6787091 -0.4942468
vn 0.3344768 -0.5756746 -0.7461394
vn -0.5883989 0.7827458 -0.202721
vn -0.1043027 0.7263185 0.6793986
vn -0.4731037 0.617397 0.6284855
vn -0.1118232 0.9589645 -0.2605432
vn -0.3824247 0.7175726 -0.5821006
vn 0.393209 0.8866808 -0.2432773
vn 0.3744124 0.6993164 0.6089104
vn 0.5290314 0.5271803 -0.6649863
vn 0.4221602 0.362186 -0.8310247
vn -0.1043027 0.7263185 0.6793986
vn -0.6417145 0.3458219 0.6845508
vn -0.4731037 0.617397 0.6284855
vn -0.5564694 0.3320554 0.7616305
vn 0.6834008 0.01581242 0.7298722
vn 0.7008748 0.2615901 0.663585
vn 0.3744124 0.6993164 0.6089104
vn -0.567334 -0.5863258 0.5782337
vn -0.707496 0.2621774 0.6562868
vn 0.5531377 -0.5887874 0.5893795
vn -0.01118592 -0.9351986 0.3539471
vn -0.08979224 0.5093919 -0.8558372
vn -0.4171086 0.6469432 -0.6383454
vn -0.4686458 0.3171458 -0.8244936
vn 0.1390503 0.3687434 -0.919072
vn 0.269096 0.02093902 -0.9628857
vn -0.4369051 0.1312161 -0.8898855
vn 0.6562521 0.01770516 -0.754334
vn 0.4221602 0.362186 -0.8310247
vn 0.5964805 0.01146089 -0.8025457
vn 0.1527215 -0.0136902 -0.9881744
vn 0.4729707 -0.05075844 -0.8796149
vn -0.5072704 0.007657204 -0.861753
vn -0.8130853 0.3043258 -0.4962643
vn -0.8812015 0.4595217 -0.1110121
vn -0.4625162 0.01117306 -0.8865404
vn -0.02027634 -0.2445648 -0.969421
vn -0.4534748 -0.1494215 -0.8786545
vn 0.0498022 -0.6664558 -0.7438793
vn 0.3344768 -0.5756746 -0.7461394
vn -0.1622482 -0.7932161 -0.5869274
vn -0.5812793 -0.4634085 -0.6688549
vn -0.8130853 0.3043258 -0.4962643
vn -0.9097244 0.3776649 -0.1725421
vn -0.5072704 0.007657204 -0.861753
vn -0.9718642 0.01976391 -0.2347114
vn -0.707496 0.2621774 0.6562868
vn -0.4625162 0.01117306 -0.8865404
vn -0.567334 -0.5863258 0.5782337
vn -0.4534748 -0.1494215 -0.8786545
vn -0.8051125 -0.5378875 -0.2499419
vn -0.5812793 -0.4634085 -0.6688549
vn -0.01118592 -0.9351986 0.3539471
vn 0.5531377 -0.5887874 0.5893795
vn 0.7443541 -0.6254932 -0.2338705
vn 0.5432072 -0.6787091 -0.4942468
vn -0.02842619 -0.9850761 -0.1697558
vn 0.3344768 -0.5756746 -0.7461394
vn 0.0498022 -0.6664558 -0.7438793
vn -0.1622482 -0.7932161 -0.5869274
vn -0.16355 -0.9698067 -0.1809044
vn -0.567334 -0.5863258 0.5782337
vn -0.5812793 -0.4634085 -0.6688549
vn -0.8051125 -0.5378875 -0.2499419
vn -0.7939636 0.5783001 -0.187592
vn -0.5564694 0.3320554 0.7616305
vn -0.707496 0.2621774 0.6562868
vn -0.6417145 0.3458219 0.6845508
vn -0.8302289 0.5141424 -0.2153547
vn -0.4731037 0.617397 0.6284855
vn -0.5883989 0.7827458 -0.202721
vn -0.3824247 0.7175726 -0.5821006
vn -0.4171086 0.6469432 -0.6383454
vn -0.4686458 0.3171458 -0.8244936
vn -0.8812015 0.4595217 -0.1110121
vn -0.4369051 0.1312161 -0.8898855
vn 0.1390503 0.3687434 -0.919072
vn 0.4221602 0.362186 -0.8310247
vn -0.4171086 0.6469432 -0.6383454
vn -0.08979224 0.5093919 -0.8558372
vn -0.7120042 0.03872246 0.7011067
vn -0.6946034 0.3543666 0.6260595
vn -0.2064848 0.5841711 0.7849255
vn -0.1571787 0.02548948 0.9872412
vn 0.1105816 0.5258594 0.8433527
vn 0.4542249 0.5356426 0.7118755
vn -0.08232298 0.008958071 0.9965655
vn -0.5470807 0.003325691 0.8370733
vn -0.4998701 -0.7245707 0.4744757
vn -0.3290129 -0.7173705 0.6141092
vn -0.07566134 -0.5339594 0.842118
vn 0.4035362 -0.469699 0.7852015
vn 0.8171374 0.01434107 0.5762646
vn 0.6775062 0.4204822 0.6034734
vn 0.781064 0.00119598 0.6244498
vn 0.7911937 -0.5185714 0.3241855
vn -0.9339592 -0.03207671 -0.3559373
vn -0.75511 -0.5870625 -0.2918329
vn -0.335123 -0.7208617 -0.606672
vn -0.3759663 -0.01680416 -0.926481
vn 0.1638074 -0.5530737 -0.81687
vn 0.3435951 0.5400066 -0.7683328
vn -0.4499917 0.09861237 -0.8875715
vn -0.9451401 0.03505816 -0.3247784
vn 0.05799199 0.8411272 -0.5377192
vn -0.8970245 0.3375424 -0.2853285
vn -0.01222522 0.8711662 -0.4908361
vn -0.5075374 0.7231094 -0.4685282
vn 0.6775062 0.4204822 0.6034734
vn 0.3435951 0.5400066 -0.7683328
vn 0.8785723 0.4583775 -0.1341673
vn 0.05799199 0.8411272 -0.5377192
vn 0.4542249 0.5356426 0.7118755
vn -0.01222522 0.8711662 -0.4908361
vn 0.1105816 0.5258594 0.8433527
vn -0.146562 0.9136736 0.3791044
vn -0.5075374 0.7231094 -0.4685282
vn -0.2064848 0.5841711 0.7849255
vn -0.6946034 0.3543666 0.6260595
vn -0.8970245 0.3375424 -0.2853285
vn -0.4998701 -0.7245707 0.4744757
vn -0.75511 -0.5870625 -0.2918329
vn -0.9339592 -0.03207671 -0.3559373
vn -0.7120042 0.03872246 0.7011067
vn -0.9451401 0.03505816 -0.3247784
vn -0.6946034 0.3543666 0.6260595
vn -0.8970245 0.3375424 -0.2853285
vn 0.8785723 0.4583775 -0.1341673
vn 0.3435951 0.5400066 -0.7683328
vn 0.1638074 -0.5530737 -0.81687
vn 0.7769116 -0.598514 -0.1954215
vn 0.8171374 0.01434107 0.5762646
vn 0.781064 0.00119598 0.6244498
vn 0.7911937 -0.5185714 0.3241855
vn 0.946231 0.2890064 0.1453349
vn 0.6775062 0.4204822 0.6034734
vn -0.75511 -0.5870625 -0.2918329
vn -0.4998701 -0.7245707 0.4744757
vn -0.3290129 -0.7173705 0.6141092
vn -0.335123 -0.7208617 -0.606672
vn 0.01415981 -0.9894413 0.1442411
vn -0.07566134 -0.5339594 0.842118
vn 0.06187993 -0.9973091 -0.0393118
vn 0.1638074 -0.5530737 -0.81687
vn 0.7769116 -0.598514 -0.1954215
vn 0.7911937 -0.5185714 0.3241855
vn 0.2565261 -0.9354047 0.2433358
vn 0.4035362 -0.469699 0.7852015
vn 0.4964362 0.6876199 -0.5298396
vn 0.8552574 0.3717148 -0.361058
vn 0.879844 0.4682601 0.08128323
vn 0.8100392 0.4822587 0.3335614
vn 0.2745112 0.9251015 -0.2623561
vn 0.1399943 0.4472263 -0.883397
vn 0.3854403 0.8251091 0.4130749
vn 0.04874657 0.6693495 0.7413468
vn -0.05009334 0.9262313 -0.3736125
vn -0.07650151 0.6989575 0.7110597
vn -0.2534547 0.9669365 0.02818885
vn -0.3713412 0.3655633 0.8535041
vn -0.6633724 0.5084149 -0.5490459
vn -0.5353614 0.8436631 0.04025928
vn -0.8271021 0.5413225 -0.1512354
vn -0.6633724 0.5084149 -0.5490459
vn -0.7178705 0.1930078 -0.6688871
vn -0.6504617 0.5531203 -0.5205359
vn -0.9760112 0.04822669 -0.212312
vn -0.9758313 0.1787355 0.1257257
vn -0.8271021 0.5413225 -0.1512354
vn -0.5353614 0.8436631 0.04025928
vn -0.3713412 0.3655633 0.8535041
vn -0.7106213 0.04328132 0.7022422
vn -0.6616537 -0.05034677 0.7481174
vn -0.6562309 0.06320112 -0.7519087
vn -0.9637229 0.0276316 -0.2654704
vn -0.5246478 0.0646909 -0.848858
vn -0.9974434 0.01326335 0.07021797
vn -0.5532566 -0.09836864 0.8271824
vn -0.9253075 -0.01262057 0.3790078
vn -0.9401928 -0.2062613 0.2710972
vn -0.4498066 -0.6855336 0.5724664
vn -0.791538 -0.6082049 0.05961863
vn -0.9392095 -0.1727662 -0.2967109
vn -0.5430059 -0.6858881 -0.4844608
vn -0.3935204 -0.9188883 0.02803528
vn -0.05287309 -0.6890553 0.7227775
vn -0.4498066 -0.6855336 0.5724664
vn -0.5532566 -0.09836864 0.8271824
vn -0.1444785 -0.03986012 0.9887048
vn -0.6616537 -0.05034677 0.7481174
vn -0.7106213 0.04328132 0.7022422
vn -0.3713412 0.3655633 0.8535041
vn -0.04707659 -0.01426855 0.9987894
vn -0.07650151 0.6989575 0.7110597
vn 0.04874657 0.6693495 0.7413468
vn 0.01823248 -0.2310481 0.9727715
vn 0.1405549 -0.7834259 0.6053827
vn 0.2387434 -0.7414365 0.6271152
vn 0.3151509 -0.1344829 0.9394649
vn 0.6070982 -0.6230795 0.4931568
vn 0.6519328 -0.02011911 0.7580097
vn 0.1967166 -0.02703886 0.9800875
vn 0.7353057 0.06299665 0.6748015
vn 0.3791267 0.1443208 0.9140211
vn 0.3854403 0.8251091 0.4130749
vn 0.8100392 0.4822587 0.3335614
vn -0.1656257 -0.633246 -0.756021
vn -0.5430059 -0.6858881 -0.4844608
vn -0.3935204 -0.9188883 0.02803528
vn 0.1259835 -0.7187259 -0.6837846
vn 0.1558848 -0.9796401 0.1265117
vn 0.2656282 -0.6715181 -0.6917407
vn 0.773986 -0.5794911 -0.255217
vn 0.755375 -0.5516582 0.3536691
vn 0.6070982 -0.6230795 0.4931568
vn 0.2387434 -0.7414365 0.6271152
vn 0.1405549 -0.7834259 0.6053827
vn -0.05287309 -0.6890553 0.7227775
vn -0.791538 -0.6082049 0.05961863
vn -0.4498066 -0.6855336 0.5724664
vn -0.05009334 0.9262313 -0.3736125
vn 0.1399943 0.4472263 -0.883397
vn 0.2745112 0.9251015 -0.2623561
vn -0.08476011 0.4507859 -0.8885988
vn -0.6633724 0.5084149 -0.5490459
vn -0.1059898 0.406371 -0.90754
vn 0.144451 0.05317391 -0.9880822
vn 0.4032501 0.05687816 -0.9133204
vn 0.4729997 0.1544455 -0.8674203
vn 0.4964362 0.6876199 -0.5298396
vn 0.5542274 0.04554483 -0.8311183
vn 0.2812631 0.02986447 -0.9591658
vn 0.773986 -0.5794911 -0.255217
vn 0.2656282 -0.6715181 -0.6917407
vn 0.1259835 -0.7187259 -0.6837846
vn -0.1239596 0.03516383 -0.9916641
vn -0.1656257 -0.633246 -0.756021
vn -0.5430059 -0.6858881 -0.4844608
vn -0.5246478 0.0646909 -0.848858
vn -0.6562309 0.06320112 -0.7519087
vn -0.102278 0.2859901 -0.9527586
vn -0.7178705 0.1930078 -0.6688871
vn -0.6504617 0.5531203 -0.5205359
vn 0.6519328 -0.02011911 0.7580097
vn 0.7353057 0.06299665 0.6748015
vn 0.8100392 0.4822587 0.3335614
vn 0.9651244 -0.01014416 0.2615953
vn 0.6070982 -0.6230795 0.4931568
vn 0.879844 0.4682601 0.08128323
vn 0.9765425 0.02380481 0.2140051
vn 0.755375 -0.5516582 0.3536691
vn 0.773986 -0.5794911 -0.255217
vn 0.9066643 0.04641418 -0.419292
vn 0.5542274 0.04554483 -0.8311183
vn 0.4032501 0.05687816 -0.9133204
vn 0.8552574 0.3717148 -0.361058
vn 0.4729997 0.1544455 -0.8674203
vn 0.4964362 0.6876199 -0.5298396
vn -0.1354853 -0.6351928 0.7603775
vn -0.6227719 -0.6182448 0.4795086
vn -0.4726315 -0.09583782 0.8760335
vn -0.2552439 -0.870392 0.4210323
vn -0.5682848 -0.033213 0.8221613
vn -0.6473262 -0.007808608 0.7621731
vn -0.5882557 0.0348138 0.8079253
vn -0.5365533 -0.008275988 0.8438259
vn -0.4722457 0.475963 0.7419187
vn -0.3957233 0.4802362 0.7828001
vn -0.8271026 0.02837203 0.5613345
vn -0.5814953 0.1525693 0.7991156
vn -0.02130605 0.1234733 0.9921192
vn 0.0314738 0.484806 0.8740553
vn -0.656579 0.3385282 0.6740198
vn -0.1820814 0.8891339 0.4198658
vn 0.4776987 0.1647146 0.8629444
vn 0.5475132 0.3697902 0.750656
vn -0.310626 0.03341963 0.9499446
vn 0.7431421 0.1031129 0.6611412
vn 0.6083683 0.5381367 0.5833497
vn 0.6269006 -0.1265777 0.7687481
vn 0.2524604 -0.673604 0.6946377
vn 0.4487156 -0.5261398 0.7223788
vn 0.565554 -0.7026104 0.4318418
vn 0.1030544 -0.7149532 0.6915358
vn -0.341015 -0.3865336 0.8569134
vn 0.9770337 0.1708688 -0.1273146
vn 0.8492504 0.5270803 0.03098604
vn 0.6308162 0.6766531 0.3797519
vn 0.6083683 0.5381367 0.5833497
vn 0.4776987 0.1647146 0.8629444
vn 0.8492504 0.5270803 0.03098604
vn 0.7431421 0.1031129 0.6611412
vn 0.6083683 0.5381367 0.5833497
vn 0.9897865 0.02644867 0.1400822
vn 0.6269006 -0.1265777 0.7687481
vn 0.76521 -0.1222726 -0.6320627
vn 0.9770337 0.1708688 -0.1273146
vn 0.9683086 -0.1419954 0.2054648
vn 0.565554 -0.7026104 0.4318418
vn 0.7841554 -0.6205578 0.00287465
vn 0.788024 -0.5119788 -0.3419005
vn 0.4963076 -0.7829156 -0.3751293
vn 0.6171551 -0.4358657 -0.6550884
vn 0.7502557 0.0199544 -0.6608466
vn 0.6897578 0.06852511 -0.7207902
vn 0.5724129 0.4408254 -0.6913874
vn 0.5844893 0.7458844 -0.3194194
vn 0.7587023 0.6508768 0.02702285
vn 0.6081899 0.7111883 0.3525852
vn 0.6308162 0.6766531 0.3797519
vn 0.50227 0.723421 0.473695
vn 0.76521 -0.1222726 -0.6320627
vn 0.3560002 -0.6229976 -0.6965184
vn 0.6171551 -0.4358657 -0.6550884
vn 0.04326878 -0.4550299 -0.8894243
vn 0.0842471 0.002681473 -0.9964413
vn 0.7502557 0.0199544 -0.6608466
vn 0.6897578 0.06852511 -0.7207902
vn 0.07967529 0.1492589 -0.9855829
vn 0.5724129 0.4408254 -0.6913874
vn -0.07762129 0.438683 -0.8952833
vn -0.5486426 0.07769547 -0.832439
vn -0.2505652 0.6629462 -0.7054924
vn -0.5831165 0.2554995 -0.7711648
vn -0.3641179 0.6532075 -0.6638811
vn -0.3183638 0.8830346 -0.3448107
vn -0.5226259 0.4739027 -0.708716
vn -0.7168413 0.6942114 -0.06487847
vn -0.8274462 0.4312282 -0.3596875
vn -0.5644924 0.1994828 -0.8009713
vn -0.3964778 -0.002080238 -0.918042
vn -0.9160903 0.04107782 -0.3988625
vn -0.9812793 0.1497625 -0.1210882
vn -0.9354009 -0.03249922 -0.3520924
vn -0.3027755 -0.008912385 -0.9530202
vn -0.247142 -0.7583678 -0.6031575
vn -0.5016197 -0.7052128 -0.5010515
vn -0.1225891 0.9861458 0.1117514
vn -0.4722457 0.475963 0.7419187
vn -0.3957233 0.4802362 0.7828001
vn -0.5580541 0.7328088 0.3893159
vn -0.7168413 0.6942114 -0.06487847
vn -0.3183638 0.8830346 -0.3448107
vn 0.03884633 0.9573299 -0.2863745
vn -0.3641179 0.6532075 -0.6638811
vn -0.2505652 0.6629462 -0.7054924
vn -0.07762129 0.438683 -0.8952833
vn 0.5724129 0.4408254 -0.6913874
vn 0.5844893 0.7458844 -0.3194194
vn 0.7587023 0.6508768 0.02702285
vn 0.6081899 0.7111883 0.3525852
vn 0.50227 0.723421 0.473695
vn -0.1820814 0.8891339 0.4198658
vn 0.5475132 0.3697902 0.750656
vn 0.0314738 0.484806 0.8740553
vn -0.8274462 0.4312282 -0.3596875
vn -0.7168413 0.6942114 -0.06487847
vn -0.9812793 0.1497625 -0.1210882
vn -0.5882557 0.0348138 0.8079253
vn -0.5580541 0.7328088 0.3893159
vn -0.3957233 0.4802362 0.7828001
vn -0.9160903 0.04107782 -0.3988625
vn -0.6473262 -0.007808608 0.7621731
vn -0.9354009 -0.03249922 -0.3520924
vn -0.4726315 -0.09583782 0.8760335
vn -0.6227719 -0.6182448 0.4795086
vn -0.7525895 -0.6517245 0.09415054
vn -0.5016197 -0.7052128 -0.5010515
vn -0.4722457 0.475963 0.7419187
vn -0.1225891 0.9861458 0.1117514
vn -0.1820814 0.8891339 0.4198658
vn -0.656579 0.3385282 0.6740198
vn -0.5365533 -0.008275988 0.8438259
vn -0.5814953 0.1525693 0.7991156
vn -0.5682848 -0.033213 0.8221613
vn -0.8271026 0.02837203 0.5613345
vn -0.310626 0.03341963 0.9499446
vn -0.02130605 0.1234733 0.9921192
vn -0.6529202 -0.6639016 0.3645956
vn -0.2552439 -0.870392 0.4210323
vn -0.341015 -0.3865336 0.8569134
vn -0.2552439 -0.870392 0.4210323
vn -0.6227719 -0.6182448 0.4795086
vn -0.1354853 -0.6351928 0.7603775
vn -0.5016197 -0.7052128 -0.5010515
vn -0.7525895 -0.6517245 0.09415054
vn -0.247142 -0.7583678 -0.6031575
vn 0.2134415 -0.9562352 -0.2001422
vn 0.04326878 -0.4550299 -0.8894243
vn 0.3560002 -0.6229976 -0.6965184
vn 0.6171551 -0.4358657 -0.6550884
vn 0.4963076 -0.7829156 -0.3751293
vn 0.1030544 -0.7149532 0.6915358
vn -0.6529202 -0.6639016 0.3645956
vn -0.341015 -0.3865336 0.8569134
vn 0.2524604 -0.673604 0.6946377
vn 0.1999347 -0.9775143 0.06702192
vn 0.4487156 -0.5261398 0.7223788
vn 0.565554 -0.7026104 0.4318418
vn 0.7841554 -0.6205578 0.00287465
vn 0.788024 -0.5119788 -0.3419005
vn 0.197185 -0.3847115 -0.901729
vn -0.1061455 -0.8441703 -0.5254614
vn 0.2800418 -0.8736017 -0.3979909
vn -0.4612291 -0.4467786 -0.7665876
vn 0.5412654 -0.3138804 -0.7800711
vn -0.2748903 -0.2303802 -0.9334669
vn -0.8308066 -0.2035606 -0.5179995
vn -0.9157669 0.05166493 -0.398374
vn 0.4213445 0.08380732 -0.90302
vn 0.5557856 0.046131 -0.8300448
vn -0.2261405 0.02192393 -0.9738479
vn -0.3788157 0.2325533 -0.8957776
vn -0.8749205 0.2579233 -0.4098654
vn -0.05212318 0.3627473 -0.9304287
vn -0.6367117 0.336427 -0.6938408
vn -0.5773869 0.7731316 -0.2624726
vn -0.4594699 0.6588658 -0.5956368
vn 0.0683752 0.8594351 -0.506652
vn 0.3349145 0.2931262 -0.8954939
vn 0.8387306 0.2868459 -0.4628718
vt 0.6045423 0.4345083
vt 0.5989593 0.4363061
vt 0.6045423 0.4428357
vt 0.3288153 0.5691891
vt 0.3379722 0.56998
vt 0.3379722 0.5502297
vt 0.6409394 0.09946696
vt 0.6429944 0.09872346
vt 0.6409394 0.0854844
vt 0.6160212 0.09984949
vt 0.6172451 0.1000178
vt 0.6172451 0.09562548
vt 0.7679979 0.2070519
vt 0.7640299 0.1798619
vt 0.7679979 0.1786413
vt 0.7786336 0.8045908
vt 0.7786336 0.773257
vt 0.78115 0.7815965
vt 0.3075846 0.6902231
vt 0.3102368 0.6623734
vt 0.3102368 0.6987137
vt 0.8440964 0.7006297
vt 0.8440964 0.6935388
vt 0.8416715 0.7000045
vt 0.8548326 0.6882254
vt 0.8508598 0.6882254
vt 0.8509511 0.6998301
vt 0.1469375 0.6570967
vt 0.1469375 0.6444998
vt 0.145522 0.6450962
vt 0.7774181 0.8078973
vt 0.7774181 0.8355513
vt 0.78115 0.834902
vt 0.2421901 0.6874141
vt 0.2421901 0.7225116
vt 0.245217 0.6953595
vt 0.8205991 0.6935389
vt 0.8243091 0.7019354
vt 0.8204661 0.7019354
vt 0.5486522 0.101653
vt 0.5445969 0.09773564
vt 0.5486522 0.09562545
vt 0.8105935 0.1907523
vt 0.8082804 0.1847289
vt 0.8082804 0.193066
vt 0.05117021 0.5755935
vt 0.05210864 0.5704665
vt 0.05117022 0.5542521
vt 0.8672894 0.6882255
vt 0.858139 0.6882255
vt 0.8642085 0.6995405
vt 0.728568 0.7967138
vt 0.7266693 0.7932416
vt 0.7266693 0.8027072
vt 0.1195171 0.686703
vt 0.1364517 0.6628757
vt 0.1194272 0.6610673
vt 0.1391652 0.688922
vt 0.138651 0.7202881
vt 0.1194272 0.7121886
vt 0.1214247 0.7332915
vt 0.1337732 0.7329311
vt 0.1578924 0.1297957
vt 0.1615915 0.1048616
vt 0.1578696 0.09734366
vt 0.1568931 0.1265963
vt 0.157082 0.09462136
vt 0.1571588 0.1362029
vt 0.1344186 0.12946
vt 0.1544669 0.1448393
vt 0.1446818 0.08963904
vt 0.1305368 0.150013
vt 0.09743292 0.1163003
vt 0.0898417 0.08170066
vt 0.1327547 0.05210152
vt 0.08275504 0.03299789
vt 0.1229344 0.01285168
vt 0.08594117 0.006551643
vt 0.08159553 0.01299462
vt 0.0726437 0.004462614
vt 0.09825095 0.1639096
vt 0.1256175 0.1871658
vt 0.09685728 0.1994076
vt 0.1227555 0.2153439
vt 0.1190802 0.2178582
vt 0.09864057 0.214277
vt 0.07250652 0.2101355
vt 0.06384943 0.1943411
vt 0.06776322 0.2073479
vt 0.0530039 0.1685991
vt 0.01422688 0.1873464
vt 0.0516397 0.1292306
vt 0.01441912 0.1680087
vt 0.006463078 0.1763998
vt 0.001653179 0.1580725
vt 0.003715473 0.1438882
vt 0.008639039 0.1086002
vt 0.04723046 0.09591176
vt 0.004338183 0.06475328
vt 0.04421578 0.05596508
vt 0.001653195 0.03815063
vt 0.0438191 0.01827333
vt 0.00412475 0.01608109
vt 0.007449118 0.008098354
vt 0.0558007 0.002118704
vt 0.05735791 0.001653194
vt 0.7679884 0.1397267
vt 0.7607136 0.1753024
vt 0.7691374 0.1748788
vt 0.7586441 0.1525754
vt 0.761553 0.138588
vt 0.7677561 0.1392202
vt 0.7541185 0.1355902
vt 0.7298576 0.1722214
vt 0.7543799 0.1751953
vt 0.7224919 0.1313946
vt 0.7538036 0.1187077
vt 0.7216826 0.1627916
vt 0.7192293 0.1753349
vt 0.7220047 0.175299
vt 0.7365486 0.1100138
vt 0.7215534 0.1052336
vt 0.7506626 0.1128812
vt 0.7294518 0.1050831
vt 0.7515206 0.1050248
vt 0.5092272 0.9661857
vt 0.5093008 0.9830734
vt 0.527316 0.9830734
vt 0.5166459 0.9540636
vt 0.5085928 0.9602762
vt 0.5325236 0.980059
vt 0.5150753 0.952529
vt 0.5328437 0.9511694
vt 0.3918728 0.961992
vt 0.3919415 0.9673229
vt 0.3985443 0.9608399
vt 0.3992965 0.9810639
vt 0.3918728 0.9853328
vt 0.3993287 0.9845251
vt 0.4056829 0.9817414
vt 0.406425 0.9778743
vt 0.4088041 0.9585243
vt 0.2958377 0.08776032
vt 0.320944 0.1117049
vt 0.3136036 0.0891719
vt 0.3034739 0.1255424
vt 0.2663693 0.09577534
vt 0.3205649 0.1195957
vt 0.2939094 0.07912401
vt 0.2628827 0.1391852
vt 0.2988849 0.1469143
vt 0.2835968 0.066138
vt 0.2914148 0.0656602
vt 0.2871673 0.03731136
vt 0.2822001 0.03671499
vt 0.2848174 0.02132191
vt 0.2631592 0.06876162
vt 0.2573103 0.02506664
vt 0.2624061 0.00892223
vt 0.2844301 0.0159175
vt 0.2835041 0.006898285
vt 0.2783027 0.001653175
vt 0.2554153 0.004664691
vt 0.2387407 0.01145776
vt 0.2330119 0.01623881
vt 0.2305804 0.02322447
vt 0.2178756 0.05825733
vt 0.2027408 0.02740978
vt 0.1816886 0.03288734
vt 0.1770153 0.03582716
vt 0.1648978 0.06094754
vt 0.1674163 0.07663506
vt 0.2308765 0.09278538
vt 0.1975937 0.09145623
vt 0.19752 0.1276978
vt 0.1669753 0.08881265
vt 0.1703555 0.1100535
vt 0.2280946 0.1349542
vt 0.2467756 0.1809726
vt 0.218427 0.1645336
vt 0.1901706 0.1592355
vt 0.1703149 0.1323517
vt 0.1691719 0.1238336
vt 0.1728553 0.1356966
vt 0.1711585 0.1363063
vt 0.170077 0.1430531
vt 0.1666165 0.1547023
vt 0.1656701 0.1673216
vt 0.1772955 0.1975566
vt 0.1648978 0.1777233
vt 0.1705378 0.1985856
vt 0.2083826 0.1941561
vt 0.2265021 0.1982978
vt 0.2435023 0.203108
vt 0.2478127 0.2071261
vt 0.2562127 0.2055496
vt 0.2780266 0.197133
vt 0.2749614 0.2029042
vt 0.2811978 0.1990896
vt 0.2881556 0.1967007
vt 0.2851451 0.1689786
vt 0.2951617 0.1658048
vt 0.2876909 0.1594798
vt 0.6969017 0.2680255
vt 0.6711815 0.2886789
vt 0.6968105 0.2896324
vt 0.6771983 0.2145533
vt 0.6919143 0.2490291
vt 0.6918209 0.2177756
vt 0.6245075 0.2504324
vt 0.645655 0.2883904
vt 0.6244968 0.2887633
vt 0.666681 0.2104325
vt 0.6244968 0.2105508
vt 0.4395778 0.6353927
vt 0.4402901 0.6438972
vt 0.4691696 0.6430359
vt 0.4733763 0.6364036
vt 0.4431362 0.6220694
vt 0.474858 0.6262712
vt 0.51675 0.5869365
vt 0.49048 0.6241882
vt 0.5166509 0.6236289
vt 0.4430591 0.5940152
vt 0.4396559 0.5728417
vt 0.4395778 0.5782152
vt 0.4513106 0.5613803
vt 0.442782 0.5638676
vt 0.4596201 0.5557684
vt 0.4929269 0.555868
vt 0.5143619 0.5589745
vt 0.4466167 0.5569278
vt 0.4446473 0.5589195
vt 0.1671975 0.3590112
vt 0.1655743 0.3313345
vt 0.1648979 0.3435045
vt 0.1695156 0.357705
vt 0.1694231 0.3849549
vt 0.1780959 0.3451729
vt 0.1943895 0.3105007
vt 0.1661957 0.3103901
vt 0.1663842 0.2965621
vt 0.1813543 0.3679426
vt 0.1849485 0.3741917
vt 0.1844465 0.3814546
vt 0.1946121 0.3594716
vt 0.1983591 0.3760706
vt 0.2221449 0.3590112
vt 0.1941869 0.3848072
vt 0.2210848 0.3874067
vt 0.1945797 0.3446309
vt 0.2224324 0.3757227
vt 0.2324328 0.3894968
vt 0.2447593 0.3778914
vt 0.2429679 0.3894968
vt 0.2458951 0.3591948
vt 0.2465289 0.3452217
vt 0.2453663 0.3104963
vt 0.225565 0.283608
vt 0.2456288 0.2664282
vt 0.1832096 0.2852005
vt 0.1686669 0.2873633
vt 0.1660699 0.28814
vt 0.1674385 0.2842737
vt 0.1846017 0.2826661
vt 0.1663161 0.2774507
vt 0.1664847 0.2655885
vt 0.1946284 0.2655771
vt 0.1675922 0.2529485
vt 0.2427982 0.2397452
vt 0.1941704 0.2359939
vt 0.1711613 0.2425685
vt 0.173957 0.2221917
vt 0.1839084 0.2217292
vt 0.2076651 0.218166
vt 0.2374257 0.2180695
vt 0.2356479 0.2104325
vt 0.2222467 0.210773
vt 0.1967997 0.2112348
vt 0.184266 0.2170986
vt 0.6730337 0.6850517
vt 0.6869026 0.6347324
vt 0.6735648 0.6363007
vt 0.7123263 0.6345549
vt 0.7280241 0.6618035
vt 0.7250063 0.6859969
vt 0.7233848 0.6405535
vt 0.7251794 0.632223
vt 0.7258433 0.6383971
vt 0.7285678 0.6439859
vt 0.6733379 0.6865897
vt 0.7250534 0.6928865
vt 0.6947909 0.698707
vt 0.6722662 0.7020531
vt 0.7285678 0.703867
vt 0.6926597 0.7091588
vt 0.3144328 0.6734516
vt 0.3226499 0.6577175
vt 0.3142315 0.657757
vt 0.3448923 0.6736085
vt 0.3412311 0.6612667
vt 0.3475561 0.6600035
vt 0.3543644 0.6628935
vt 0.353539 0.6776973
vt 0.3518308 0.68846
vt 0.3155684 0.7123464
vt 0.3515197 0.7305337
vt 0.3145899 0.7305337
vt 0.04809699 0.3602017
vt 0.04822354 0.3749112
vt 0.0510904 0.3766962
vt 0.04809698 0.417366
vt 0.105262 0.6639
vt 0.1161208 0.6790512
vt 0.1098104 0.6639801
vt 0.1051698 0.6884546
vt 0.08447045 0.6627792
vt 0.1122335 0.6887923
vt 0.06072633 0.6854791
vt 0.0568553 0.6610673
vt 0.05990538 0.7152883
vt 0.1083736 0.7270727
vt 0.1105608 0.7157193
vt 0.05834081 0.7375903
vt 0.1076493 0.7375903
vt 0.2544506 0.6679484
vt 0.268415 0.6681749
vt 0.2771037 0.6653057
vt 0.27393 0.6869918
vt 0.2554353 0.66997
vt 0.2502994 0.6829388
vt 0.2929845 0.6801043
vt 0.2934291 0.6636113
vt 0.2738583 0.7373067
vt 0.2503392 0.7162386
vt 0.2536573 0.7374085
vt 0.2498353 0.7375997
vt 0.297255 0.7006739
vt 0.2997024 0.737651
vt 0.2995652 0.6673309
vt 0.2989098 0.6623735
vt 0.3035564 0.6816401
vt 0.3038936 0.7017668
vt 0.3042342 0.7137395
vt 0.3042783 0.737489
vt 0.9098963 0.3934011
vt 0.9299559 0.4095767
vt 0.9293516 0.3939021
vt 0.9061704 0.3952691
vt 0.9060521 0.3947552
vt 0.9060521 0.4304418
vt 0.9301048 0.4357597
vt 0.1436825 0.5179601
vt 0.1436568 0.5376939
vt 0.1496889 0.5370025
vt 0.1496563 0.518727
vt 0.1437587 0.4817348
vt 0.1496889 0.4798361
vt 0.1435059 0.4805643
vt 0.1454502 0.4644877
vt 0.6803934 0.4141322
vt 0.6961904 0.4183587
vt 0.6973283 0.4140648
vt 0.6837016 0.3993112
vt 0.6977007 0.3970752
vt 0.6870133 0.3761199
vt 0.6973901 0.3789592
vt 0.6949199 0.3478436
vt 0.6861936 0.3566949
vt 0.6903381 0.3410439
vt 0.680838 0.3408544
vt 0.6803934 0.3400118
vt 0.5897522 0.6552071
vt 0.5902382 0.6431497
vt 0.5872517 0.649771
vt 0.5973912 0.6569505
vt 0.5944902 0.6413978
vt 0.5947405 0.640521
vt 0.5904459 0.6744364
vt 0.6005365 0.676125
vt 0.5851971 0.6736938
vt 0.5851933 0.6520895
vt 0.5851933 0.6979169
vt 0.5897898 0.6991158
vt 0.5988691 0.6997362
vt 0.5874107 0.7045774
vt 0.5980009 0.7104324
vt 0.5977908 0.7144884
vt 0.5980656 0.714803
vt 0.716912 0.05582755
vt 0.7035465 0.07688394
vt 0.7168649 0.07816701
vt 0.7030886 0.05312987
vt 0.7031646 0.04115072
vt 0.716912 0.02599519
vt 0.7060779 0.02110213
vt 0.7164069 0.001653199
vt 0.7064529 0.006645581
vt 0.7092654 0.001743709
vt 0.6738942 0.01703818
vt 0.6738942 0.08217801
vt 0.6343231 0.08183763
vt 0.6309883 0.001653193
vt 0.670478 0.002786289
vt 0.5734847 0.9438745
vt 0.5511514 0.944994
vt 0.5511514 0.9060684
vt 0.5798334 0.9046326
vt 0.5521591 0.9053563
vt 0.3520191 0.6338251
vt 0.3543996 0.6114196
vt 0.3551304 0.6525846
vt 0.3163007 0.6544112
vt 0.3152966 0.6342381
vt 0.3400422 0.6106106
vt 0.3523684 0.6027594
vt 0.3187235 0.6069075
vt 0.3142314 0.6057715
vt 0.3214329 0.5793496
vt 0.3319762 0.5764796
vt 0.3430548 0.5768332
vt 0.3443119 0.573809
vt 0.3504088 0.575904
vt 0.3551304 0.5754331
vt 0.3489373 0.5735722
vt 0.3524037 0.5747607
vt 0.318008 0.4817494
vt 0.3191784 0.4675352
vt 0.3247109 0.4680574
vt 0.3349338 0.4784574
vt 0.335032 0.4710149
vt 0.3400764 0.4723611
vt 0.3382475 0.4981962
vt 0.3184195 0.4981042
vt 0.3179382 0.5469234
vt 0.3402979 0.526692
vt 0.3402359 0.5468866
vt 0.6659979 0.3303493
vt 0.6652721 0.3275288
vt 0.6697666 0.332726
vt 0.66628 0.3241861
vt 0.6800433 0.3347025
vt 0.6663707 0.3195333
vt 0.6756152 0.3028156
vt 0.6653889 0.3069315
vt 0.6877683 0.3360735
vt 0.666564 0.296394
vt 0.6877683 0.2963687
vt 0.6721636 0.2929388
vt 0.6824625 0.2942736
vt 0.6683991 0.4864565
vt 0.6640258 0.5274813
vt 0.6630069 0.5275999
vt 0.6912379 0.5099043
vt 0.6917272 0.5275999
vt 0.6911672 0.4807983
vt 0.673167 0.4501359
vt 0.6914277 0.4472723
vt 0.683586 0.4475382
vt 0.8251598 0.7654892
vt 0.832041 0.7652528
vt 0.8339143 0.7481666
vt 0.8256535 0.7472669
vt 0.8105562 0.7649686
vt 0.8335352 0.7288724
vt 0.8105562 0.731881
vt 0.8256969 0.7246656
vt 0.8319789 0.7141137
vt 0.8143312 0.7095215
vt 0.8229715 0.7060799
vt 0.6011904 0.928767
vt 0.5914901 0.9442003
vt 0.5999662 0.9386973
vt 0.5923133 0.9167849
vt 0.6007082 0.9179326
vt 0.6003873 0.9103666
vt 0.5993808 0.9090475
vt 0.5831399 0.9154729
vt 0.5831399 0.9438396
vt 0.5921282 0.908178
vt 0.5954706 0.9046326
vt 0.5845625 0.906575
vt 0.5000446 0.7313594
vt 0.5104263 0.7306485
vt 0.5023181 0.7268638
vt 0.5120417 0.7379833
vt 0.4972773 0.7520787
vt 0.5119407 0.7593763
vt 0.4957598 0.7809228
vt 0.5123805 0.7793556
vt 0.509186 0.7907049
vt 0.4975197 0.7906256
vt 0.4946068 0.7907049
vt 0.4922629 0.7893634
vt 0.4918987 0.7799186
vt 0.4921527 0.7559899
vt 0.4936412 0.7366459
vt 0.4958462 0.7319003
vt 0.4952354 0.7294954
vt 0.06384306 0.7462388
vt 0.05685529 0.7439064
vt 0.05970327 0.751945
vt 0.0800325 0.7464182
vt 0.07998507 0.7875613
vt 0.05832966 0.7665761
vt 0.0738648 0.7435555
vt 0.08444048 0.7413768
vt 0.06201089 0.7852855
vt 0.05685529 0.7857941
vt 0.05867372 0.8032048
vt 0.06839166 0.8032544
vt 0.09174316 0.7441959
vt 0.09180787 0.7412861
vt 0.09505054 0.7433257
vt 0.09291613 0.7408966
vt 0.0951521 0.7479852
vt 0.09571662 0.7672603
vt 0.09563427 0.7911625
vt 0.09234301 0.8006099
vt 0.07933474 0.799966
vt 0.07891429 0.8040248
vt 0.175389 0.8259361
vt 0.1532107 0.8138134
vt 0.1558069 0.8247972
vt 0.1772559 0.7984934
vt 0.1532107 0.7938734
vt 0.2008142 0.8245506
vt 0.1994807 0.7915285
vt 0.1950646 0.7692818
vt 0.1546398 0.7725551
vt 0.167201 0.7662317
vt 0.1581665 0.765058
vt 0.9035344 0.5247993
vt 0.9013893 0.53962
vt 0.9034904 0.5383585
vt 0.8987837 0.541449
vt 0.8920788 0.5243431
vt 0.9035344 0.514006
vt 0.8876119 0.545044
vt 0.9004551 0.5047399
vt 0.8775556 0.5273572
vt 0.8929298 0.500913
vt 0.8781837 0.5010998
vt 0.9786595 0.6953297
vt 0.9875779 0.6966954
vt 0.9756613 0.6891679
vt 0.997432 0.6897841
vt 0.9975098 0.6793175
vt 0.9830675 0.671607
vt 0.9756613 0.6746777
vt 0.990602 0.6716954
vt 0.9531825 0.05553475
vt 0.946233 0.05474292
vt 0.9525372 0.0707761
vt 0.9394226 0.069473
vt 0.9371096 0.05839749
vt 0.9391994 0.05513982
vt 0.9320744 0.06994937
vt 0.9352256 0.09056959
vt 0.940564 0.09028257
vt 0.9531825 0.09262317
vt 0.942994 0.09338813
vt 0.9372653 0.09366207
vt 0.3573351 0.9141073
vt 0.3529812 0.9155042
vt 0.3577282 0.9180694
vt 0.3479839 0.9165614
vt 0.3450345 0.9219912
vt 0.3408915 0.9168291
vt 0.3573841 0.9297218
vt 0.3380583 0.9290088
vt 0.3380583 0.9144799
vt 0.3449384 0.9309237
vt 0.3393958 0.9525163
vt 0.3472348 0.9527475
vt 0.3569618 0.9478205
vt 0.3534415 0.9518983
vt 0.9285583 0.1719287
vt 0.9373692 0.1591987
vt 0.9314153 0.1570178
vt 0.938408 0.1739196
vt 0.9286439 0.1940105
vt 0.9455968 0.15834
vt 0.9369534 0.1949355
vt 0.9483346 0.173002
vt 0.9483346 0.1964962
vt 0.7107678 0.4200305
vt 0.7010071 0.4225175
vt 0.7019632 0.4248099
vt 0.7133071 0.4266267
vt 0.7169896 0.4201284
vt 0.7202979 0.4252765
vt 0.7018449 0.4318954
vt 0.7139562 0.4361123
vt 0.7223518 0.4301014
vt 0.7010071 0.4387796
vt 0.7230074 0.4353221
vt 0.7063016 0.4433584
vt 0.7179939 0.4416448
vt 0.7145255 0.443835
vt 0.6141714 0.8394175
vt 0.605607 0.8111513
vt 0.6049762 0.840859
vt 0.6151927 0.8084936
vt 0.6076315 0.7945651
vt 0.6244483 0.8342366
vt 0.6244062 0.8390584
vt 0.6380971 0.8368922
vt 0.6388349 0.8386785
vt 0.6376362 0.8085006
vt 0.6363985 0.7917303
vt 0.6230561 0.7870808
vt 0.6119338 0.7856191
vt 0.6053981 0.7819101
vt 0.6183698 0.7842714
vt 0.6268923 0.782209
vt 0.6333591 0.7865041
vt 0.6365251 0.7862215
vt 0.6334274 0.7825705
vt 0.6345603 0.7819101
vt 0.1029791 0.8012598
vt 0.09903099 0.7998215
vt 0.1008858 0.8016301
vt 0.09902301 0.7714414
vt 0.103448 0.7697442
vt 0.1002957 0.7546216
vt 0.1148463 0.7898909
vt 0.1136631 0.7991626
vt 0.1161033 0.771843
vt 0.1161033 0.7503315
vt 0.1058497 0.7481366
vt 0.1021912 0.7491133
vt 0.1145164 0.7428682
vt 0.101622 0.7447134
vt 0.1076164 0.7408966
vt 0.8287219 0.6056919
vt 0.8341846 0.6074897
vt 0.8352726 0.5777972
vt 0.8289933 0.573252
vt 0.8164368 0.6035158
vt 0.8340011 0.5611736
vt 0.8164368 0.5738802
vt 0.8267109 0.5483603
vt 0.8195265 0.5492914
vt 0.8769026 0.08116949
vt 0.8734105 0.09749585
vt 0.8752851 0.09628086
vt 0.8668786 0.08043923
vt 0.8766212 0.07076254
vt 0.8631659 0.1009854
vt 0.8739295 0.06195941
vt 0.8543567 0.08295132
vt 0.8672706 0.05798431
vt 0.8545262 0.05798431
vt 0.7892714 0.3365422
vt 0.7701739 0.3236149
vt 0.7701739 0.3327608
vt 0.7912806 0.3051117
vt 0.7715161 0.3058471
vt 0.775085 0.284725
vt 0.8131683 0.3067852
vt 0.8139016 0.3362935
vt 0.8097114 0.2817666
vt 0.7876326 0.2782134
vt 0.7792632 0.2775501
vt 0.5935458 0.9489667
vt 0.5868407 0.9475067
vt 0.5856494 0.9558159
vt 0.5937766 0.9567258
vt 0.5856494 0.9783211
vt 0.5995523 0.9498639
vt 0.5929278 0.9782811
vt 0.6008044 0.9578583
vt 0.6004757 0.9512019
vt 0.6011904 0.9666628
vt 0.5999335 0.9730389
vt 0.8675563 0.3274885
vt 0.8783987 0.3297382
vt 0.8677374 0.2876767
vt 0.8861678 0.2937679
vt 0.8844101 0.3289418
vt 0.8851975 0.2846936
vt 0.8879013 0.2902744
vt 0.8883893 0.3015756
vt 0.8796671 0.2808166
vt 0.8702952 0.277323
vt 0.8675563 0.2775401
vt 0.9004784 0.5949043
vt 0.8942673 0.5659565
vt 0.8928375 0.5931576
vt 0.9140817 0.5581834
vt 0.9106594 0.5938318
vt 0.9136461 0.5703429
vt 0.9036816 0.5489101
vt 0.9095587 0.5491191
vt 0.8929927 0.5545398
vt 0.8968787 0.5483603
vt 0.8928375 0.5488454
vt 0.9930042 0.6322231
vt 0.9837043 0.6344357
vt 0.9929244 0.6442013
vt 0.977339 0.6491274
vt 0.9751123 0.6361104
vt 0.9930042 0.6555188
vt 0.9720235 0.6388442
vt 0.9823354 0.6578099
vt 0.9719939 0.6494298
vt 0.9764628 0.6590146
vt 0.9721268 0.6573753
vt 0.8778755 0.3486136
vt 0.9001731 0.3501202
vt 0.8991447 0.3400118
vt 0.8778546 0.3839773
vt 0.8892416 0.3900948
vt 0.9001731 0.3899433
vt 0.2540742 0.9133153
vt 0.2628446 0.9140465
vt 0.2722279 0.9058033
vt 0.2509579 0.8898104
vt 0.2504875 0.9131762
vt 0.2712565 0.8706228
vt 0.2722512 0.87053
vt 0.250806 0.8776545
vt 0.2539846 0.8667518
vt 0.2498353 0.868372
vt 0.9104251 0.9812595
vt 0.9104287 0.9758683
vt 0.9065708 0.9738201
vt 0.8996914 0.9742495
vt 0.893759 0.979571
vt 0.8936913 0.9754931
vt 0.9103748 0.9905062
vt 0.8886753 0.9979361
vt 0.888467 0.9969442
vt 0.9104287 0.9932578
vt 0.9754366 0.1050247
vt 0.9676396 0.1062204
vt 0.97532 0.1216703
vt 0.9623448 0.1255894
vt 0.9753518 0.137522
vt 0.9665396 0.1386526
vt 0.9616487 0.1392387
vt 0.9579586 0.1361349
vt 0.957895 0.1250043
vt 0.957895 0.1102051
vt 0.9604101 0.1070299
vt 0.4647575 0.9193825
vt 0.4690212 0.9480282
vt 0.4689933 0.9195586
vt 0.4514875 0.9343954
vt 0.4612941 0.9538348
vt 0.4540162 0.9531448
vt 0.4514769 0.9250436
vt 0.4544741 0.9159389
vt 0.4511307 0.9172978
vt 0.943909 0.4472723
vt 0.9390536 0.4480022
vt 0.9393179 0.4529849
vt 0.9414217 0.4622048
vt 0.9377317 0.4559751
vt 0.937777 0.4829284
vt 0.9413263 0.4830273
vt 0.9524097 0.4843009
vt 0.9549528 0.4476134
vt 0.9699427 0.4641856
vt 0.9670638 0.4830472
vt 0.9698914 0.4828556
vt 0.9698749 0.4548212
vt 0.9629062 0.4476256
vt 0.9680842 0.2110786
vt 0.9625823 0.2104325
vt 0.9614112 0.2151647
vt 0.9603797 0.2261736
vt 0.9755745 0.2120992
vt 0.9636049 0.2344459
vt 0.9603313 0.2341951
vt 0.9776792 0.2312976
vt 0.9777014 0.2122776
vt 0.9734745 0.2432542
vt 0.9777014 0.2435854
vt 0.8147871 0.4023229
vt 0.8148265 0.4107257
vt 0.8169131 0.4020848
vt 0.8245879 0.4049237
vt 0.8302884 0.4161754
vt 0.8302599 0.4081697
vt 0.8314967 0.4131017
vt 0.8147871 0.4420864
vt 0.8236252 0.4438885
vt 0.8285692 0.4432056
vt 0.4730304 0.9440503
vt 0.4851885 0.9119736
vt 0.4730359 0.9155017
vt 0.4894524 0.9482109
vt 0.5052864 0.9167357
vt 0.5052074 0.9481049
vt 0.5040259 0.9083623
vt 0.8807451 0.06492377
vt 0.8802089 0.05798428
vt 0.8833287 0.06367529
vt 0.8835528 0.07020798
vt 0.8802089 0.07636615
vt 0.3631448 0.1377624
vt 0.3562927 0.1430884
vt 0.3567109 0.137803
vt 0.3627127 0.1430856
vt 0.368169 0.1412979
vt 0.3713848 0.1441482
vt 0.3561471 0.1583416
vt 0.3625349 0.1581756
vt 0.3705063 0.1588857
vt 0.3722933 0.186755
vt 0.3730825 0.1985055
vt 0.362538 0.2063753
vt 0.3561542 0.2066022
vt 0.3690438 0.206369
vt 0.371974 0.2057819
vt 0.5003113 0.3273781
vt 0.4950047 0.3208592
vt 0.500167 0.3208592
vt 0.4953101 0.3275758
vt 0.4987864 0.332316
vt 0.488609 0.3275973
vt 0.4882866 0.321145
vt 0.4882311 0.3328083
vt 0.490747 0.3357552
vt 0.341687 0.1377731
vt 0.3302088 0.149681
vt 0.3366374 0.1393775
vt 0.3281442 0.1546475
vt 0.3528408 0.1583675
vt 0.3521312 0.1431131
vt 0.3483576 0.1377624
vt 0.3242504 0.2064518
vt 0.3252441 0.1582068
vt 0.3527937 0.2065988
vt 0.3388098 0.2068178
vt 0.7978048 0.1066365
vt 0.7996964 0.1052669
vt 0.8014563 0.1090629
vt 0.7960578 0.1068675
vt 0.7956136 0.1200695
vt 0.8068153 0.119444
vt 0.7910572 0.1198128
vt 0.7913023 0.1050248
vt 0.793062 0.1475902
vt 0.7961195 0.1559613
vt 0.7938489 0.1593051
vt 0.8081067 0.1296026
vt 0.8110396 0.1183777
vt 0.8048161 0.1156377
vt 0.8084204 0.1493065
vt 0.8042307 0.1623977
vt 0.8097161 0.1614053
vt 0.7963856 0.1665299
vt 0.7937268 0.1666141
vt 0.8081424 0.1653861
vt 0.8110396 0.1638254
vt 0.8948361 0.1059686
vt 0.9005956 0.1050248
vt 0.8907567 0.1173223
vt 0.9004189 0.1355422
vt 0.9070989 0.1056396
vt 0.8907286 0.137
vt 0.9070936 0.1537114
vt 0.8907788 0.1490398
vt 0.900359 0.1527052
vt 0.892193 0.1513989
vt 0.9834701 0.1722625
vt 0.9837503 0.1864325
vt 0.9772584 0.1869602
vt 0.9712385 0.1824479
vt 0.9711232 0.1748615
vt 0.9685758 0.1797804
vt 0.9682735 0.1770565
vt 0.9688643 0.1652331
vt 0.9763415 0.1607869
vt 0.9837503 0.1575867
vt 0.9683897 0.162176
vt 0.9770027 0.1570178
vt 0.6729677 0.2014078
vt 0.6795976 0.2011074
vt 0.6794388 0.2044264
vt 0.6795396 0.1963175
vt 0.6729895 0.1916326
vt 0.6795976 0.1865508
vt 0.6730949 0.1867419
vt 0.6684263 0.1886298
vt 0.6651033 0.1926158
vt 0.6632578 0.1964227
vt 0.6633769 0.2028639
vt 0.6632167 0.2066006
vt 0.5881425 0.4396696
vt 0.5902342 0.4345083
vt 0.5902342 0.4430215
vt 0.588281 0.441421
vt 0.8493624 0.3492633
vt 0.8502253 0.3417704
vt 0.8556203 0.3400118
vt 0.8574635 0.3531588
vt 0.8588488 0.341407
vt 0.8638452 0.3432339
vt 0.8565482 0.3774831
vt 0.8490818 0.377455
vt 0.8482719 0.3949507
vt 0.8519724 0.3945851
vt 0.856287 0.3940555
vt 0.8693753 0.3942209
vt 0.8745482 0.3599433
vt 0.8724871 0.3483022
vt 0.8737096 0.3791006
vt 0.8745482 0.3947198
vt 0.8474957 0.6721213
vt 0.8475534 0.6902323
vt 0.8328996 0.6901325
vt 0.8210018 0.6730686
vt 0.820466 0.6902323
vt 0.8209242 0.6404056
vt 0.8338262 0.6406119
vt 0.8470828 0.6446839
vt 0.831318 0.6343892
vt 0.8462707 0.6368211
vt 0.8357931 0.6329367
vt 0.8426675 0.632223
vt 0.9846586 0.7469983
vt 0.9681396 0.7395698
vt 0.9747472 0.7390692
vt 0.9694822 0.7510395
vt 0.9838832 0.7558777
vt 0.9698272 0.755906
vt 0.9827121 0.7607598
vt 0.9747792 0.7628639
vt 0.9684055 0.7626934
vt 0.9798232 0.7631686
vt 0.9746575 0.7670791
vt 0.9681396 0.7664787
vt 0.4350482 0.6255251
vt 0.429916 0.624888
vt 0.4290006 0.606813
vt 0.4354525 0.5799223
vt 0.4292227 0.5794513
vt 0.4352269 0.5724652
vt 0.4290006 0.5716519
vt 0.9005523 0.004390469
vt 0.906643 0.001653194
vt 0.906643 0.05143652
vt 0.9007152 0.0513525
vt 0.8891941 0.01645224
vt 0.888754 0.03565132
vt 0.8907074 0.05116116
vt 0.8939764 0.006324147
vt 0.888449 0.004936458
vt 0.9837683 0.36948
vt 0.9783319 0.3700338
vt 0.9747018 0.367479
vt 0.9821451 0.3543626
vt 0.9718626 0.3585799
vt 0.9701 0.3646457
vt 0.9770695 0.3435835
vt 0.9837683 0.3403369
vt 0.9772142 0.3400117
vt 0.9687172 0.3456032
vt 0.9692826 0.3487772
vt 0.9674476 0.3516463
vt 0.7651559 0.9744683
vt 0.767424 0.9771081
vt 0.7693653 0.9766628
vt 0.7741561 0.9725452
vt 0.7685284 0.9655669
vt 0.7615467 0.9709342
vt 0.7752085 0.9642287
vt 0.7758897 0.9620615
vt 0.7664623 0.9599274
vt 0.7738378 0.9564102
vt 0.7677273 0.9485923
vt 0.7715781 0.9465247
vt 0.7615467 0.9476482
vt 0.7664384 0.9453256
vt 0.7656386 0.9446072
vt 0.04690745 0.7242746
vt 0.05162965 0.7304731
vt 0.0500114 0.7265729
vt 0.04564548 0.7410107
vt 0.0409413 0.7244638
vt 0.04266277 0.72057
vt 0.04200524 0.719557
vt 0.0369289 0.7217439
vt 0.03800413 0.7271156
vt 0.03724585 0.7452061
vt 0.05192036 0.7372124
vt 0.04515211 0.7599911
vt 0.05098044 0.76772
vt 0.03938812 0.7489546
vt 0.0369289 0.7700894
vt 0.03841579 0.7651798
vt 0.03932099 0.779584
vt 0.03724429 0.7808315
vt 0.04234602 0.7816961
vt 0.04654007 0.7813926
vt 0.04925104 0.7840458
vt 0.04630883 0.7837597
vt 0.8038705 0.4017439
vt 0.8109638 0.4019049
vt 0.811353 0.3912265
vt 0.8051431 0.3566673
vt 0.8114807 0.3664157
vt 0.8111821 0.3483401
vt 0.80803 0.3432439
vt 0.7968339 0.3535793
vt 0.7978609 0.3400244
vt 0.7920296 0.3401377
vt 0.7946627 0.3956879
vt 0.7934653 0.3998885
vt 0.7881096 0.3996052
vt 0.7879999 0.3905903
vt 0.7819508 0.3991033
vt 0.784254 0.3643882
vt 0.7881366 0.3543311
vt 0.7837386 0.3485897
vt 0.7869869 0.3470848
vt 0.7899387 0.3400118
vt 0.7819508 0.3458662
vt 0.9598384 0.9138635
vt 0.9611019 0.9158201
vt 0.9641001 0.9159693
vt 0.9598384 0.9036166
vt 0.9663843 0.8974916
vt 0.9601035 0.8928832
vt 0.9647336 0.884536
vt 0.9691188 0.8854346
vt 0.9725659 0.8874616
vt 0.9753417 0.8932881
vt 0.975662 0.8986537
vt 0.9762255 0.9090925
vt 0.9685771 0.9180908
vt 0.9736012 0.9166344
vt 0.5369661 0.7218606
vt 0.5466987 0.7311913
vt 0.5427603 0.7222226
vt 0.5330165 0.7300488
vt 0.5238103 0.7267534
vt 0.5304888 0.7308189
vt 0.5436026 0.766392
vt 0.5492719 0.7454836
vt 0.5506108 0.7352911
vt 0.5506247 0.7304609
vt 0.5495315 0.7724086
vt 0.5449954 0.7773295
vt 0.5506247 0.7833656
vt 0.5429975 0.7846507
vt 0.5323573 0.7856957
vt 0.5235282 0.7760068
vt 0.5221881 0.7861881
vt 0.5200564 0.7862453
vt 0.5224874 0.7700136
vt 0.5240158 0.7394977
vt 0.528551 0.7315882
vt 0.5242793 0.7327752
vt 0.5243127 0.7289485
vt 0.8728818 0.7245076
vt 0.872719 0.7087534
vt 0.8704159 0.7060799
vt 0.8642684 0.7335945
vt 0.8662345 0.7591576
vt 0.8648434 0.7084213
vt 0.8618717 0.7507581
vt 0.8629553 0.7589514
vt 0.8586462 0.7598569
vt 0.8587489 0.745628
vt 0.8571596 0.7487554
vt 0.8571596 0.7217531
vt 0.8628112 0.7089823
vt 0.8580975 0.7116033
vt 0.8611362 0.7069894
vt 0.5158079 0.1646387
vt 0.5192506 0.164826
vt 0.5180357 0.1615304
vt 0.5143866 0.1647706
vt 0.5143866 0.1388348
vt 0.519128 0.1418251
vt 0.5188486 0.1190777
vt 0.5153061 0.119269
vt 0.5160708 0.1129247
vt 0.5186079 0.1129868
vt 0.872777 0.4788826
vt 0.8724516 0.4545946
vt 0.8707197 0.4550456
vt 0.8695051 0.4516129
vt 0.8742492 0.4505163
vt 0.87147 0.4472723
vt 0.8596573 0.4587898
vt 0.8591813 0.4525457
vt 0.8727903 0.4831636
vt 0.840948 0.477457
vt 0.842685 0.4630466
vt 0.84294 0.4970583
vt 0.8554757 0.5031731
vt 0.8489078 0.5023391
vt 0.8454449 0.5025759
vt 0.8683227 0.5022873
vt 0.8742492 0.499691
vt 0.9253085 0.6760311
vt 0.9159068 0.6835024
vt 0.9228619 0.6875256
vt 0.9146604 0.688673
vt 0.9253085 0.7027338
vt 0.8834611 0.5614009
vt 0.8883023 0.575911
vt 0.8883443 0.5614731
vt 0.8874666 0.5785624
vt 0.8892593 0.5954869
vt 0.8596368 0.5916807
vt 0.8720338 0.5576711
vt 0.8870884 0.5955197
vt 0.8880864 0.60095
vt 0.8841305 0.6007788
vt 0.8719528 0.5998071
vt 0.8684305 0.60095
vt 0.8582913 0.5963461
vt 0.8590354 0.5808489
vt 0.8578115 0.5574867
vt 0.8587113 0.5537502
vt 0.867869 0.5484579
vt 0.8708711 0.5489305
vt 0.8816758 0.549277
vt 0.8826896 0.5579049
vt 0.889531 0.5483603
vt 0.2439485 0.8730631
vt 0.238075 0.8790365
vt 0.2410542 0.8779045
vt 0.2346044 0.8783246
vt 0.2378746 0.8459842
vt 0.2435765 0.862298
vt 0.2435532 0.8390487
vt 0.2371934 0.8393845
vt 0.2439485 0.8352471
vt 0.2351275 0.8362398
vt 0.2103614 0.8371946
vt 0.2200623 0.8303056
vt 0.2116596 0.8342934
vt 0.2174114 0.8302762
vt 0.2092706 0.8292423
vt 0.2080347 0.8334304
vt 0.2058561 0.8294512
vt 0.2043316 0.8331093
vt 0.2072422 0.8371219
vt 0.2069556 0.845785
vt 0.2025364 0.8453165
vt 0.2034982 0.8365369
vt 0.2014087 0.8657679
vt 0.2356025 0.8619599
vt 0.2147918 0.8834777
vt 0.2048666 0.8824103
vt 0.4246477 0.952069
vt 0.4198412 0.9522943
vt 0.4210588 0.954599
vt 0.4247365 0.9550149
vt 0.4420111 0.9551839
vt 0.4423892 0.9515896
vt 0.4371558 0.9255365
vt 0.4478244 0.9418085
vt 0.4477946 0.9390872
vt 0.4471552 0.9234101
vt 0.440918 0.915939
vt 0.4316546 0.9160213
vt 0.428496 0.9160904
vt 0.4199787 0.9248325
vt 0.4148978 0.9343786
vt 0.4179857 0.9490774
vt 0.4124427 0.9374789
vt 0.4124427 0.9481891
vt 0.8624877 0.2178185
vt 0.8596911 0.2139939
vt 0.8625261 0.2212968
vt 0.8388414 0.2181368
vt 0.8431787 0.2104325
vt 0.839708 0.2121044
vt 0.8636206 0.2301517
vt 0.8401722 0.2410381
vt 0.8609787 0.2505725
vt 0.8388414 0.2607228
vt 0.8413892 0.2641893
vt 0.8549715 0.2662935
vt 0.8600187 0.2669235
vt 0.7539871 0.2827648
vt 0.7585259 0.280446
vt 0.7528376 0.279546
vt 0.7522933 0.2830164
vt 0.7532078 0.2891421
vt 0.7484915 0.286996
vt 0.7557669 0.3086872
vt 0.747287 0.3112516
vt 0.7465808 0.3155314
vt 0.7475336 0.287319
vt 0.7563205 0.3345695
vt 0.7585259 0.3345707
vt 0.7482815 0.3320972
vt 0.6272468 0.9367182
vt 0.62324 0.9405224
vt 0.6267484 0.9380355
vt 0.6049839 0.9358124
vt 0.6087465 0.9405224
vt 0.6049762 0.9253904
vt 0.6208383 0.9045662
vt 0.6050812 0.9047822
vt 0.6086366 0.9022425
vt 0.6114861 0.9000372
vt 0.6216224 0.9019216
vt 0.6398759 0.9292278
vt 0.6294532 0.9370815
vt 0.6386011 0.9351325
vt 0.6424608 0.9165374
vt 0.6372366 0.9068686
vt 0.642933 0.90982
vt 0.6412939 0.9056427
vt 0.638682 0.9015051
vt 0.6264366 0.8993588
vt 0.8290861 0.2044561
vt 0.8276875 0.20678
vt 0.8345627 0.2061432
vt 0.8263478 0.2053892
vt 0.8359931 0.2026914
vt 0.8272153 0.204079
vt 0.8157736 0.2039885
vt 0.814346 0.1859654
vt 0.8285667 0.1836276
vt 0.8313305 0.1825531
vt 0.8249306 0.1853647
vt 0.8227378 0.1756173
vt 0.8147942 0.1742407
vt 0.8247482 0.1724973
vt 0.8202727 0.1724467
vt 0.816457 0.170103
vt 0.8207693 0.170176
vt 0.8266006 0.16712
vt 0.8288372 0.1712698
vt 0.8359931 0.1699489
usemtl MV_RockSpire_Shelves
f 1/1/1 3/3/3 2/2/2
f 4/4/4 6/6/6 5/5/5
f 7/7/7 9/9/9 8/8/8
f 10/10/10 12/12/12 11/11/11
f 13/13/13 15/15/15 14/14/14
f 16/16/16 18/18/18 17/17/17
f 19/19/19 21/21/21 20/20/20
f 22/22/22 24/24/24 23/23/23
f 25/25/25 27/27/27 26/26/26
f 28/28/28 30/30/30 29/29/29
f 31/31/31 33/33/33 32/32/32
f 34/34/34 36/36/36 35/35/35
f 37/37/37 39/39/39 38/38/38
f 40/40/40 42/42/42 41/41/41
f 43/43/43 45/45/45 44/44/44
f 46/46/46 48/48/48 47/47/47
f 49/49/49 51/51/51 50/50/50
f 52/52/52 54/54/54 53/53/53
f 55/55/55 57/57/57 56/56/56
f 55/55/55 56/56/56 58/58/58
f 55/55/55 58/58/58 59/59/59
f 55/55/55 59/59/59 60/60/60
f 61/61/61 60/60/60 59/59/59
f 62/62/62 61/61/61 59/59/59
f 63/63/63 65/65/65 64/64/64
f 65/65/65 63/63/63 66/66/66
f 65/65/65 66/66/66 67/67/67
f 63/63/63 68/68/68 66/66/66
f 66/66/66 69/69/69 67/67/67
f 69/69/69 66/66/66 68/68/68
f 69/69/69 68/68/68 70/70/70
f 69/69/69 71/71/71 67/67/67
f 70/70/70 72/72/72 69/69/69
f 71/71/71 69/69/69 73/73/73
f 72/72/72 73/73/73 69/69/69
f 71/71/71 73/73/73 74/74/74
f 75/75/75 71/71/71 74/74/74
f 75/75/75 74/74/74 76/76/76
f 77/77/77 75/75/75 76/76/76
f 77/77/77 76/76/76 78/78/78
f 78/78/78 76/76/76 79/79/79
f 79/79/79 76/76/76 80/80/80
f 72/72/72 81/81/81 73/73/73
f 82/82/82 81/81/81 72/72/72
f 82/82/82 83/83/83 81/81/81
f 83/83/83 82/82/82 84/84/84
f 85/85/85 83/83/83 84/84/84
f 86/86/86 83/83/83 85/85/85
f 83/83/83 86/86/86 87/87/87
f 88/88/88 83/83/83 87/87/87
f 81/81/81 83/83/83 88/88/88
f 89/89/89 88/88/88 87/87/87
f 81/81/81 88/88/88 90/90/90
f 90/90/90 88/88/88 91/91/91
f 81/81/81 92/92/92 73/73/73
f 81/81/81 90/90/90 92/92/92
f 93/93/93 90/90/90 91/91/91
f 92/92/92 90/90/90 93/93/93
f 91/91/91 94/94/94 93/93/93
f 94/94/94 95/95/95 93/93/93
f 93/93/93 95/95/95 96/96/96
f 96/96/96 92/92/92 93/93/93
f 92/92/92 96/96/96 97/97/97
f 73/73/73 92/92/92 98/98/98
f 92/92/92 97/97/97 98/98/98
f 73/73/73 98/98/98 74/74/74
f 98/98/98 97/97/97 99/99/99
f 74/74/74 98/98/98 100/100/100
f 98/98/98 99/99/99 100/100/100
f 74/74/74 100/100/100 76/76/76
f 100/100/100 99/99/99 101/101/101
f 76/76/76 100/100/100 102/102/102
f 101/101/101 102/102/102 100/100/100
f 102/102/102 101/101/101 103/103/103
f 102/102/102 103/103/103 104/104/104
f 76/76/76 102/102/102 80/80/80
f 104/104/104 105/105/105 102/102/102
f 105/105/105 80/80/80 102/102/102
f 80/80/80 105/105/105 106/106/106
f 107/107/107 109/109/109 108/108/108
f 107/107/107 108/108/108 110/110/110
f 107/107/107 110/110/110 111/111/111
f 107/107/107 111/111/111 112/112/112
f 113/113/113 111/111/111 110/110/110
f 110/110/110 108/108/108 114/114/114
f 114/114/114 108/108/108 115/115/115
f 116/116/116 113/113/113 110/110/110
f 113/113/113 116/116/116 117/117/117
f 114/114/114 118/118/118 110/110/110
f 116/116/116 110/110/110 118/118/118
f 114/114/114 119/119/119 118/118/118
f 114/114/114 120/120/120 119/119/119
f 116/116/116 121/121/121 117/117/117
f 121/121/121 116/116/116 122/122/122
f 121/121/121 123/123/123 117/117/117
f 121/121/121 122/122/122 124/124/124
f 125/125/125 123/123/123 121/121/121
f 125/125/125 121/121/121 124/124/124
f 126/126/126 128/128/128 127/127/127
f 126/126/126 129/129/129 128/128/128
f 130/130/130 129/129/129 126/126/126
f 129/129/129 131/131/131 128/128/128
f 130/130/130 132/132/132 129/129/129
f 129/129/129 133/133/133 131/131/131
f 133/133/133 129/129/129 132/132/132
f 134/134/134 136/136/136 135/135/135
f 137/137/137 135/135/135 136/136/136
f 137/137/137 138/138/138 135/135/135
f 137/137/137 139/139/139 138/138/138
f 139/139/139 137/137/137 140/140/140
f 140/140/140 137/137/137 141/141/141
f 141/141/141 137/137/137 136/136/136
f 141/141/141 136/136/136 142/142/142
f 143/143/143 145/145/145 144/144/144
f 146/146/146 143/143/143 144/144/144
f 146/146/146 147/147/147 143/143/143
f 148/148/148 146/146/146 144/144/144
f 149/149/149 143/143/143 147/147/147
f 146/146/146 150/150/150 147/147/147
f 151/151/151 150/150/150 146/146/146
f 152/152/152 149/149/149 147/147/147
f 152/152/152 153/153/153 149/149/149
f 152/152/152 154/154/154 153/153/153
f 154/154/154 152/152/152 155/155/155
f 154/154/154 155/155/155 156/156/156
f 157/157/157 155/155/155 152/152/152
f 157/157/157 152/152/152 147/147/147
f 156/156/156 155/155/155 158/158/158
f 155/155/155 157/157/157 158/158/158
f 158/158/158 159/159/159 156/156/156
f 160/160/160 156/156/156 159/159/159
f 161/161/161 160/160/160 159/159/159
f 162/162/162 161/161/161 159/159/159
f 159/159/159 163/163/163 162/162/162
f 164/164/164 163/163/163 159/159/159
f 159/159/159 165/165/165 164/164/164
f 158/158/158 165/165/165 159/159/159
f 158/158/158 166/166/166 165/165/165
f 158/158/158 167/167/167 166/166/166
f 158/158/158 157/157/157 167/167/167
f 167/167/167 168/168/168 166/166/166
f 169/169/169 168/168/168 167/167/167
f 167/167/167 170/170/170 169/169/169
f 167/167/167 171/171/171 170/170/170
f 171/171/171 167/167/167 172/172/172
f 157/157/157 173/173/173 167/167/167
f 157/157/157 147/147/147 173/173/173
f 167/167/167 174/174/174 172/172/172
f 173/173/173 174/174/174 167/167/167
f 173/173/173 175/175/175 174/174/174
f 172/172/172 174/174/174 176/176/176
f 176/176/176 174/174/174 177/177/177
f 174/174/174 175/175/175 177/177/177
f 147/147/147 178/178/178 173/173/173
f 173/173/173 178/178/178 175/175/175
f 147/147/147 150/150/150 178/178/178
f 179/179/179 178/178/178 150/150/150
f 179/179/179 180/180/180 178/178/178
f 178/178/178 180/180/180 175/175/175
f 175/175/175 180/180/180 181/181/181
f 182/182/182 177/177/177 175/175/175
f 182/182/182 183/183/183 177/177/177
f 182/182/182 175/175/175 184/184/184
f 184/184/184 175/175/175 181/181/181
f 182/182/182 184/184/184 185/185/185
f 185/185/185 184/184/184 186/186/186
f 186/186/186 184/184/184 181/181/181
f 187/187/187 186/186/186 181/181/181
f 187/187/187 181/181/181 188/188/188
f 181/181/181 189/189/189 188/188/188
f 190/190/190 188/188/188 189/189/189
f 190/190/190 189/189/189 191/191/191
f 192/192/192 189/189/189 181/181/181
f 192/192/192 181/181/181 180/180/180
f 193/193/193 192/192/192 180/180/180
f 193/193/193 180/180/180 179/179/179
f 194/194/194 193/193/193 179/179/179
f 179/179/179 195/195/195 194/194/194
f 179/179/179 196/196/196 195/195/195
f 179/179/179 197/197/197 196/196/196
f 197/197/197 198/198/198 196/196/196
f 197/197/197 199/199/199 198/198/198
f 199/199/199 197/197/197 200/200/200
f 179/179/179 201/201/201 197/197/197
f 197/197/197 201/201/201 200/200/200
f 150/150/150 201/201/201 179/179/179
f 201/201/201 202/202/202 200/200/200
f 150/150/150 203/203/203 201/201/201
f 202/202/202 201/201/201 203/203/203
f 151/151/151 203/203/203 150/150/150
f 203/203/203 151/151/151 202/202/202
f 204/204/204 206/206/206 205/205/205
f 205/205/205 207/207/207 204/204/204
f 207/207/207 208/208/208 204/204/204
f 209/209/209 208/208/208 207/207/207
f 210/210/210 207/207/207 205/205/205
f 210/210/210 205/205/205 211/211/211
f 210/210/210 211/211/211 212/212/212
f 213/213/213 207/207/207 210/210/210
f 214/214/214 213/213/213 210/210/210
f 215/215/215 217/217/217 216/216/216
f 215/215/215 218/218/218 217/217/217
f 218/218/218 215/215/215 219/219/219
f 218/218/218 219/219/219 220/220/220
f 219/219/219 221/221/221 220/220/220
f 220/220/220 221/221/221 222/222/222
f 223/223/223 222/222/222 221/221/221
f 219/219/219 224/224/224 221/221/221
f 221/221/221 224/224/224 225/225/225
f 224/224/224 226/226/226 225/225/225
f 227/227/227 221/221/221 225/225/225
f 225/225/225 228/228/228 227/227/227
f 221/221/221 227/227/227 229/229/229
f 230/230/230 221/221/221 229/229/229
f 221/221/221 230/230/230 231/231/231
f 227/227/227 232/232/232 229/229/229
f 233/233/233 232/232/232 227/227/227
f 234/234/234 236/236/236 235/235/235
f 234/234/234 235/235/235 237/237/237
f 237/237/237 238/238/238 234/234/234
f 239/239/239 237/237/237 235/235/235
f 240/240/240 239/239/239 235/235/235
f 241/241/241 240/240/240 235/235/235
f 240/240/240 241/241/241 242/242/242
f 237/237/237 243/243/243 238/238/238
f 239/239/239 243/243/243 237/237/237
f 243/243/243 244/244/244 238/238/238
f 245/245/245 238/238/238 244/244/244
f 246/246/246 243/243/243 239/239/239
f 246/246/246 244/244/244 243/243/243
f 247/247/247 245/245/245 244/244/244
f 247/247/247 244/244/244 246/246/246
f 248/248/248 247/247/247 246/246/246
f 245/245/245 247/247/247 249/249/249
f 250/250/250 249/249/249 247/247/247
f 246/246/246 239/239/239 251/251/251
f 251/251/251 239/239/239 240/240/240
f 248/248/248 246/246/246 251/251/251
f 248/248/248 251/251/251 240/240/240
f 250/250/250 247/247/247 252/252/252
f 248/248/248 252/252/252 247/247/247
f 253/253/253 250/250/250 252/252/252
f 253/253/253 252/252/252 254/254/254
f 254/254/254 255/255/255 253/253/253
f 256/256/256 254/254/254 252/252/252
f 256/256/256 252/252/252 248/248/248
f 256/256/256 248/248/248 257/257/257
f 248/248/248 258/258/258 257/257/257
f 248/248/248 240/240/240 258/258/258
f 240/240/240 259/259/259 258/258/258
f 260/260/260 258/258/258 259/259/259
f 240/240/240 261/261/261 259/259/259
f 261/261/261 240/240/240 242/242/242
f 242/242/242 262/262/262 261/261/261
f 263/263/263 262/262/262 242/242/242
f 263/263/263 264/264/264 262/262/262
f 262/262/262 264/264/264 265/265/265
f 265/265/265 264/264/264 266/266/266
f 267/267/267 265/265/265 266/266/266
f 259/259/259 268/268/268 260/260/260
f 259/259/259 265/265/265 268/268/268
f 268/268/268 265/265/265 267/267/267
f 268/268/268 267/267/267 269/269/269
f 268/268/268 270/270/270 260/260/260
f 271/271/271 268/268/268 269/269/269
f 268/268/268 271/271/271 270/270/270
f 269/269/269 272/272/272 271/271/271
f 271/271/271 272/272/272 273/273/273
f 271/271/271 273/273/273 274/274/274
f 270/270/270 271/271/271 275/275/275
f 271/271/271 274/274/274 275/275/275
f 270/270/270 275/275/275 276/276/276
f 275/275/275 277/277/277 276/276/276
f 275/275/275 278/278/278 277/277/277
f 275/275/275 279/279/279 278/278/278
f 279/279/279 275/275/275 274/274/274
f 279/279/279 274/274/274 280/280/280
f 281/281/281 283/283/283 282/282/282
f 284/284/284 281/281/281 282/282/282
f 285/285/285 281/281/281 284/284/284
f 281/281/281 285/285/285 286/286/286
f 285/285/285 284/284/284 287/287/287
f 288/288/288 287/287/287 284/284/284
f 288/288/288 289/289/289 287/287/287
f 290/290/290 287/287/287 289/289/289
f 281/281/281 286/286/286 291/291/291
f 291/291/291 286/286/286 292/292/292
f 291/291/291 292/292/292 293/293/293
f 291/291/291 293/293/293 294/294/294
f 293/293/293 292/292/292 295/295/295
f 294/294/294 293/293/293 296/296/296
f 293/293/293 295/295/295 296/296/296
f 297/297/297 299/299/299 298/298/298
f 300/300/300 297/297/297 298/298/298
f 301/301/301 300/300/300 298/298/298
f 300/300/300 301/301/301 302/302/302
f 300/300/300 302/302/302 303/303/303
f 304/304/304 300/300/300 303/303/303
f 305/305/305 300/300/300 304/304/304
f 297/297/297 300/300/300 305/305/305
f 297/297/297 305/305/305 306/306/306
f 306/306/306 305/305/305 307/307/307
f 306/306/306 307/307/307 308/308/308
f 309/309/309 311/311/311 310/310/310
f 311/311/311 312/312/312 310/310/310
f 313/313/313 315/315/315 314/314/314
f 316/316/316 313/313/313 314/314/314
f 317/317/317 313/313/313 316/316/316
f 314/314/314 318/318/318 316/316/316
f 316/316/316 319/319/319 317/317/317
f 319/319/319 320/320/320 317/317/317
f 321/321/321 319/319/319 316/316/316
f 322/322/322 316/316/316 318/318/318
f 321/321/321 316/316/316 322/322/322
f 322/322/322 318/318/318 323/323/323
f 324/324/324 321/321/321 322/322/322
f 325/325/325 324/324/324 322/322/322
f 326/326/326 328/328/328 327/327/327
f 329/329/329 327/327/327 328/328/328
f 330/330/330 327/327/327 329/329/329
f 331/331/331 330/330/330 329/329/329
f 329/329/329 328/328/328 332/332/332
f 332/332/332 328/328/328 333/333/333
f 331/331/331 329/329/329 334/334/334
f 334/334/334 335/335/335 331/331/331
f 334/334/334 336/336/336 335/335/335
f 336/336/336 337/337/337 335/335/335
f 338/338/338 334/334/334 329/329/329
f 338/338/338 329/329/329 332/332/332
f 334/334/334 338/338/338 339/339/339
f 333/333/333 340/340/340 332/332/332
f 340/340/340 333/333/333 341/341/341
f 340/340/340 342/342/342 332/332/332
f 342/342/342 338/338/338 332/332/332
f 342/342/342 343/343/343 338/338/338
f 343/343/343 344/344/344 338/338/338
f 344/344/344 339/339/339 338/338/338
f 344/344/344 345/345/345 339/339/339
f 346/346/346 348/348/348 347/347/347
f 347/347/347 349/349/349 346/346/346
f 349/349/349 350/350/350 346/346/346
f 347/347/347 351/351/351 349/349/349
f 347/347/347 352/352/352 351/351/351
f 353/353/353 355/355/355 354/354/354
f 353/353/353 356/356/356 355/355/355
f 356/356/356 353/353/353 357/357/357
f 357/357/357 358/358/358 356/356/356
f 357/357/357 359/359/359 358/358/358
f 359/359/359 360/360/360 358/358/358
f 361/361/361 363/363/363 362/362/362
f 364/364/364 363/363/363 361/361/361
f 365/365/365 363/363/363 364/364/364
f 365/365/365 364/364/364 366/366/366
f 365/365/365 366/366/366 367/367/367
f 368/368/368 367/367/367 366/366/366
f 368/368/368 366/366/366 369/369/369
f 370/370/370 368/368/368 369/369/369
f 369/369/369 371/371/371 370/370/370
f 371/371/371 372/372/372 370/370/370
f 373/373/373 375/375/375 374/374/374
f 376/376/376 373/373/373 374/374/374
f 377/377/377 376/376/376 374/374/374
f 377/377/377 374/374/374 378/378/378
f 373/373/373 376/376/376 379/379/379
f 380/380/380 379/379/379 376/376/376
f 373/373/373 379/379/379 381/381/381
f 373/373/373 381/381/381 382/382/382
f 381/381/381 379/379/379 383/383/383
f 384/384/384 379/379/379 380/380/380
f 383/383/383 379/379/379 384/384/384
f 384/384/384 380/380/380 385/385/385
f 383/383/383 384/384/384 386/386/386
f 386/386/386 384/384/384 385/385/385
f 386/386/386 385/385/385 387/387/387
f 386/386/386 387/387/387 388/388/388
f 385/385/385 389/389/389 387/387/387
f 390/390/390 392/392/392 391/391/391
f 390/390/390 391/391/391 393/393/393
f 394/394/394 390/390/390 393/393/393
f 395/395/395 390/390/390 394/394/394
f 395/395/395 394/394/394 396/396/396
f 397/397/397 395/395/395 396/396/396
f 398/398/398 397/397/397 396/396/396
f 399/399/399 397/397/397 398/398/398
f 400/400/400 402/402/402 401/401/401
f 400/400/400 403/403/403 402/402/402
f 404/404/404 403/403/403 400/400/400
f 405/405/405 407/407/407 406/406/406
f 407/407/407 405/405/405 408/408/408
f 408/408/408 409/409/409 407/407/407
f 410/410/410 412/412/412 411/411/411
f 410/410/410 413/413/413 412/412/412
f 410/410/410 414/414/414 413/413/413
f 414/414/414 410/410/410 415/415/415
f 415/415/415 410/410/410 416/416/416
f 417/417/417 414/414/414 415/415/415
f 417/417/417 418/418/418 414/414/414
f 418/418/418 417/417/417 419/419/419
f 417/417/417 420/420/420 419/419/419
f 415/415/415 420/420/420 417/417/417
f 420/420/420 415/415/415 421/421/421
f 416/416/416 421/421/421 415/415/415
f 421/421/421 422/422/422 420/420/420
f 416/416/416 423/423/423 421/421/421
f 423/423/423 422/422/422 421/421/421
f 424/424/424 423/423/423 416/416/416
f 422/422/422 423/423/423 425/425/425
f 424/424/424 426/426/426 423/423/423
f 425/425/425 423/423/423 426/426/426
f 427/427/427 429/429/429 428/428/428
f 430/430/430 429/429/429 427/427/427
f 429/429/429 430/430/430 431/431/431
f 432/432/432 431/431/431 430/430/430
f 432/432/432 430/430/430 433/433/433
f 434/434/434 430/430/430 427/427/427
f 434/434/434 433/433/433 430/430/430
f 427/427/427 435/435/435 434/434/434
f 434/434/434 436/436/436 433/433/433
f 434/434/434 435/435/435 436/436/436
f 437/437/437 436/436/436 435/435/435
f 438/438/438 440/440/440 439/439/439
f 439/439/439 440/440/440 441/441/441
f 441/441/441 440/440/440 442/442/442
f 442/442/442 443/443/443 441/441/441
f 444/444/444 443/443/443 442/442/442
f 445/445/445 443/443/443 444/444/444
f 446/446/446 444/444/444 442/442/442
f 444/444/444 447/447/447 445/445/445
f 448/448/448 444/444/444 446/446/446
f 449/449/449 447/447/447 444/444/444
f 450/450/450 444/444/444 448/448/448
f 450/450/450 449/449/449 444/444/444
f 451/451/451 453/453/453 452/452/452
f 451/451/451 452/452/452 454/454/454
f 452/452/452 455/455/455 454/454/454
f 451/451/451 454/454/454 456/456/456
f 455/455/455 456/456/456 454/454/454
f 456/456/456 457/457/457 451/451/451
f 455/455/455 458/458/458 456/456/456
f 456/456/456 459/459/459 457/457/457
f 459/459/459 456/456/456 458/458/458
f 460/460/460 462/462/462 461/461/461
f 460/460/460 463/463/463 462/462/462
f 463/463/463 460/460/460 464/464/464
f 463/463/463 465/465/465 462/462/462
f 463/463/463 464/464/464 466/466/466
f 463/463/463 467/467/467 465/465/465
f 466/466/466 467/467/467 463/463/463
f 465/465/465 467/467/467 468/468/468
f 467/467/467 466/466/466 469/469/469
f 470/470/470 468/468/468 467/467/467
f 467/467/467 469/469/469 470/470/470
f 471/471/471 473/473/473 472/472/472
f 472/472/472 474/474/474 471/471/471
f 474/474/474 475/475/475 471/471/471
f 476/476/476 475/475/475 474/474/474
f 477/477/477 476/476/476 474/474/474
f 472/472/472 478/478/478 474/474/474
f 472/472/472 479/479/479 478/478/478
f 474/474/474 480/480/480 477/477/477
f 480/480/480 474/474/474 478/478/478
f 481/481/481 477/477/477 480/480/480
f 480/480/480 478/478/478 482/482/482
f 483/483/483 485/485/485 484/484/484
f 483/483/483 484/484/484 486/486/486
f 487/487/487 483/483/483 486/486/486
f 487/487/487 486/486/486 488/488/488
f 489/489/489 487/487/487 488/488/488
f 489/489/489 488/488/488 490/490/490
f 489/489/489 490/490/490 491/491/491
f 489/489/489 491/491/491 492/492/492
f 489/489/489 492/492/492 493/493/493
f 493/493/493 494/494/494 489/489/489
f 494/494/494 495/495/495 489/489/489
f 489/489/489 495/495/495 496/496/496
f 489/489/489 496/496/496 487/487/487
f 487/487/487 496/496/496 497/497/497
f 483/483/483 487/487/487 497/497/497
f 497/497/497 498/498/498 483/483/483
f 498/498/498 499/499/499 483/483/483
f 500/500/500 502/502/502 501/501/501
f 502/502/502 500/500/500 503/503/503
f 503/503/503 504/504/504 502/502/502
f 504/504/504 505/505/505 502/502/502
f 500/500/500 506/506/506 503/503/503
f 506/506/506 507/507/507 503/503/503
f 504/504/504 508/508/508 505/505/505
f 508/508/508 509/509/509 505/505/505
f 510/510/510 509/509/509 508/508/508
f 510/510/510 508/508/508 511/511/511
f 508/508/508 504/504/504 511/511/511
f 507/507/507 512/512/512 503/503/503
f 507/507/507 513/513/513 512/512/512
f 514/514/514 512/512/512 513/513/513
f 515/515/515 514/514/514 513/513/513
f 514/514/514 516/516/516 512/512/512
f 503/503/503 512/512/512 516/516/516
f 516/516/516 517/517/517 503/503/503
f 517/517/517 504/504/504 503/503/503
f 504/504/504 517/517/517 518/518/518
f 519/519/519 504/504/504 518/518/518
f 504/504/504 520/520/520 511/511/511
f 519/519/519 520/520/520 504/504/504
f 521/521/521 511/511/511 520/520/520
f 521/521/521 520/520/520 519/519/519
f 522/522/522 524/524/524 523/523/523
f 523/523/523 525/525/525 522/522/522
f 523/523/523 526/526/526 525/525/525
f 527/527/527 522/522/522 525/525/525
f 527/527/527 525/525/525 528/528/528
f 525/525/525 529/529/529 528/528/528
f 525/525/525 526/526/526 530/530/530
f 525/525/525 531/531/531 529/529/529
f 531/531/531 525/525/525 530/530/530
f 530/530/530 532/532/532 531/531/531
f 533/533/533 535/535/535 534/534/534
f 533/533/533 534/534/534 536/536/536
f 533/533/533 536/536/536 537/537/537
f 538/538/538 533/533/533 537/537/537
f 537/537/537 536/536/536 539/539/539
f 540/540/540 538/538/538 537/537/537
f 537/537/537 539/539/539 541/541/541
f 537/537/537 542/542/542 540/540/540
f 537/537/537 541/541/541 543/543/543
f 537/537/537 543/543/543 542/542/542
f 544/544/544 546/546/546 545/545/545
f 546/546/546 547/547/547 545/545/545
f 546/546/546 548/548/548 547/547/547
f 549/549/549 548/548/548 546/546/546
f 546/546/546 550/550/550 549/549/549
f 549/549/549 551/551/551 548/548/548
f 552/552/552 554/554/554 553/553/553
f 553/553/553 554/554/554 555/555/555
f 555/555/555 556/556/556 553/553/553
f 556/556/556 557/557/557 553/553/553
f 558/558/558 556/556/556 555/555/555
f 559/559/559 558/558/558 555/555/555
f 559/559/559 555/555/555 560/560/560
f 560/560/560 555/555/555 554/554/554
f 554/554/554 561/561/561 560/560/560
f 561/561/561 562/562/562 560/560/560
f 563/563/563 560/560/560 562/562/562
f 564/564/564 566/566/566 565/565/565
f 566/566/566 567/567/567 565/565/565
f 566/566/566 568/568/568 567/567/567
f 567/567/567 568/568/568 569/569/569
f 570/570/570 568/568/568 566/566/566
f 571/571/571 569/569/569 568/568/568
f 571/571/571 572/572/572 569/569/569
f 573/573/573 571/571/571 568/568/568
f 570/570/570 573/573/573 568/568/568
f 574/574/574 571/571/571 573/573/573
f 575/575/575 574/574/574 573/573/573
f 573/573/573 570/570/570 575/575/575
f 570/570/570 576/576/576 575/575/575
f 577/577/577 575/575/575 576/576/576
f 578/578/578 580/580/580 579/579/579
f 578/578/578 579/579/579 581/581/581
f 582/582/582 578/578/578 581/581/581
f 583/583/583 581/581/581 579/579/579
f 582/582/582 581/581/581 584/584/584
f 583/583/583 585/585/585 581/581/581
f 585/585/585 584/584/584 581/581/581
f 585/585/585 586/586/586 584/584/584
f 587/587/587 589/589/589 588/588/588
f 590/590/590 589/589/589 587/587/587
f 590/590/590 587/587/587 591/591/591
f 592/592/592 590/590/590 591/591/591
f 590/590/590 593/593/593 589/589/589
f 594/594/594 593/593/593 590/590/590
f 590/590/590 592/592/592 595/595/595
f 590/590/590 595/595/595 594/594/594
f 594/594/594 596/596/596 593/593/593
f 594/594/594 595/595/595 597/597/597
f 594/594/594 598/598/598 596/596/596
f 599/599/599 594/594/594 597/597/597
f 594/594/594 600/600/600 598/598/598
f 600/600/600 594/594/594 599/599/599
f 601/601/601 603/603/603 602/602/602
f 602/602/602 604/604/604 601/601/601
f 604/604/604 602/602/602 605/605/605
f 604/604/604 606/606/606 601/601/601
f 607/607/607 601/601/601 606/606/606
f 607/607/607 606/606/606 608/608/608
f 607/607/607 608/608/608 609/609/609
f 606/606/606 610/610/610 608/608/608
f 606/606/606 604/604/604 610/610/610
f 611/611/611 610/610/610 604/604/604
f 612/612/612 604/604/604 605/605/605
f 604/604/604 612/612/612 611/611/611
f 605/605/605 613/613/613 612/612/612
f 613/613/613 605/605/605 614/614/614
f 613/613/613 615/615/615 612/612/612
f 615/615/615 616/616/616 612/612/612
f 612/612/612 617/617/617 611/611/611
f 616/616/616 617/617/617 612/612/612
f 618/618/618 611/611/611 617/617/617
f 616/616/616 619/619/619 617/617/617
f 618/618/618 617/617/617 619/619/619
f 619/619/619 620/620/620 618/618/618
f 621/621/621 623/623/623 622/622/622
f 624/624/624 621/621/621 622/622/622
f 624/624/624 625/625/625 621/621/621
f 625/625/625 624/624/624 626/626/626
f 625/625/625 627/627/627 621/621/621
f 621/621/621 627/627/627 628/628/628
f 625/625/625 629/629/629 627/627/627
f 625/625/625 630/630/630 629/629/629
f 631/631/631 625/625/625 626/626/626
f 625/625/625 631/631/631 630/630/630
f 626/626/626 632/632/632 631/631/631
f 631/631/631 633/633/633 630/630/630
f 631/631/631 632/632/632 634/634/634
f 631/631/631 635/635/635 633/633/633
f 631/631/631 634/634/634 635/635/635
f 636/636/636 638/638/638 637/637/637
f 639/639/639 638/638/638 636/636/636
f 639/639/639 636/636/636 640/640/640
f 638/638/638 639/639/639 641/641/641
f 639/639/639 640/640/640 642/642/642
f 643/643/643 641/641/641 639/639/639
f 639/639/639 642/642/642 644/644/644
f 639/639/639 644/644/644 643/643/643
f 645/645/645 647/647/647 646/646/646
f 645/645/645 646/646/646 648/648/648
f 649/649/649 645/645/645 648/648/648
f 648/648/648 646/646/646 650/650/650
f 651/651/651 649/649/649 648/648/648
f 648/648/648 650/650/650 652/652/652
f 648/648/648 653/653/653 651/651/651
f 648/648/648 652/652/652 654/654/654
f 648/648/648 654/654/654 653/653/653
f 655/655/655 657/657/657 656/656/656
f 656/656/656 658/658/658 655/655/655
f 656/656/656 659/659/659 658/658/658
f 658/658/658 659/659/659 660/660/660
f 655/655/655 658/658/658 661/661/661
f 655/655/655 661/661/661 662/662/662
f 658/658/658 663/663/663 661/661/661
f 658/658/658 664/664/664 663/663/663
f 664/664/664 658/658/658 660/660/660
f 660/660/660 665/665/665 664/664/664
f 666/666/666 668/668/668 667/667/667
f 666/666/666 669/669/669 668/668/668
f 669/669/669 670/670/670 668/668/668
f 669/669/669 666/666/666 671/671/671
f 669/669/669 672/672/672 670/670/670
f 671/671/671 673/673/673 669/669/669
f 673/673/673 671/671/671 674/674/674
f 669/669/669 673/673/673 675/675/675
f 672/672/672 669/669/669 675/675/675
f 675/675/675 676/676/676 672/672/672
f 677/677/677 679/679/679 678/678/678
f 679/679/679 680/680/680 678/678/678
f 678/678/678 680/680/680 681/681/681
f 682/682/682 680/680/680 679/679/679
f 683/683/683 680/680/680 682/682/682
f 683/683/683 684/684/684 680/680/680
f 679/679/679 685/685/685 682/682/682
f 686/686/686 685/685/685 679/679/679
f 687/687/687 686/686/686 679/679/679
f 688/688/688 690/690/690 689/689/689
f 688/688/688 689/689/689 691/691/691
f 691/691/691 692/692/692 688/688/688
f 693/693/693 692/692/692 691/691/691
f 689/689/689 694/694/694 691/691/691
f 694/694/694 695/695/695 691/691/691
f 696/696/696 694/694/694 689/689/689
f 696/696/696 697/697/697 694/694/694
f 697/697/697 696/696/696 698/698/698
f 699/699/699 701/701/701 700/700/700
f 700/700/700 701/701/701 702/702/702
f 703/703/703 700/700/700 702/702/702
f 701/701/701 704/704/704 702/702/702
f 705/705/705 703/703/703 702/702/702
f 704/704/704 706/706/706 702/702/702
f 702/702/702 707/707/707 705/705/705
f 706/706/706 708/708/708 702/702/702
f 709/709/709 707/707/707 702/702/702
f 708/708/708 709/709/709 702/702/702
f 710/710/710 712/712/712 711/711/711
f 713/713/713 710/710/710 711/711/711
f 714/714/714 713/713/713 711/711/711
f 711/711/711 715/715/715 714/714/714
f 716/716/716 718/718/718 717/717/717
f 716/716/716 719/719/719 718/718/718
f 716/716/716 720/720/720 719/719/719
f 719/719/719 721/721/721 718/718/718
f 718/718/718 721/721/721 722/722/722
f 719/719/719 723/723/723 721/721/721
f 724/724/724 721/721/721 723/723/723
f 724/724/724 723/723/723 725/725/725
f 726/726/726 728/728/728 727/727/727
f 729/729/729 728/728/728 726/726/726
f 730/730/730 729/729/729 726/726/726
f 730/730/730 731/731/731 729/729/729
f 726/726/726 732/732/732 730/730/730
f 730/730/730 732/732/732 733/733/733
f 730/730/730 733/733/733 734/734/734
f 732/732/732 735/735/735 733/733/733
f 736/736/736 738/738/738 737/737/737
f 738/738/738 739/739/739 737/737/737
f 738/738/738 740/740/740 739/739/739
f 740/740/740 741/741/741 739/739/739
f 741/741/741 742/742/742 739/739/739
f 742/742/742 743/743/743 739/739/739
f 743/743/743 744/744/744 739/739/739
f 745/745/745 739/739/739 744/744/744
f 737/737/737 739/739/739 745/745/745
f 745/745/745 746/746/746 737/737/737
f 747/747/747 749/749/749 748/748/748
f 750/750/750 747/747/747 748/748/748
f 751/751/751 750/750/750 748/748/748
f 752/752/752 750/750/750 751/751/751
f 750/750/750 753/753/753 747/747/747
f 754/754/754 747/747/747 753/753/753
f 754/754/754 753/753/753 755/755/755
f 756/756/756 758/758/758 757/757/757
f 759/759/759 758/758/758 756/756/756
f 758/758/758 759/759/759 760/760/760
f 759/759/759 761/761/761 760/760/760
f 759/759/759 762/762/762 761/761/761
f 763/763/763 762/762/762 759/759/759
f 759/759/759 756/756/756 764/764/764
f 763/763/763 759/759/759 765/765/765
f 759/759/759 764/764/764 765/765/765
f 765/765/765 766/766/766 763/763/763
f 767/767/767 766/766/766 765/765/765
f 765/765/765 764/764/764 768/768/768
f 764/764/764 769/769/769 768/768/768
f 770/770/770 772/772/772 771/771/771
f 773/773/773 772/772/772 770/770/770
f 770/770/770 774/774/774 773/773/773
f 774/774/774 775/775/775 773/773/773
f 775/775/775 776/776/776 773/773/773
f 775/775/775 774/774/774 777/777/777
f 774/774/774 778/778/778 777/777/777
f 777/777/777 779/779/779 775/775/775
f 777/777/777 780/780/780 779/779/779
f 781/781/781 783/783/783 782/782/782
f 783/783/783 784/784/784 782/782/782
f 785/785/785 782/782/782 784/784/784
f 784/784/784 786/786/786 785/785/785
f 787/787/787 785/785/785 786/786/786
f 788/788/788 782/782/782 785/785/785
f 789/789/789 788/788/788 785/785/785
f 785/785/785 790/790/790 789/789/789
f 791/791/791 793/793/793 792/792/792
f 791/791/791 792/792/792 794/794/794
f 794/794/794 792/792/792 795/795/795
f 796/796/796 794/794/794 795/795/795
f 792/792/792 797/797/797 795/795/795
f 798/798/798 800/800/800 799/799/799
f 798/798/798 801/801/801 800/800/800
f 802/802/802 801/801/801 798/798/798
f 803/803/803 805/805/805 804/804/804
f 803/803/803 804/804/804 806/806/806
f 807/807/807 803/803/803 806/806/806
f 807/807/807 806/806/806 808/808/808
f 806/806/806 804/804/804 809/809/809
f 806/806/806 810/810/810 808/808/808
f 806/806/806 809/809/809 810/810/810
f 808/808/808 810/810/810 811/811/811
f 810/810/810 812/812/812 811/811/811
f 810/810/810 813/813/813 812/812/812
f 810/810/810 809/809/809 814/814/814
f 814/814/814 813/813/813 810/810/810
f 809/809/809 815/815/815 814/814/814
f 814/814/814 816/816/816 813/813/813
f 813/813/813 816/816/816 817/817/817
f 818/818/818 820/820/820 819/819/819
f 818/818/818 819/819/819 821/821/821
f 821/821/821 822/822/822 818/818/818
f 823/823/823 821/821/821 819/819/819
f 823/823/823 819/819/819 824/824/824
f 821/821/821 823/823/823 825/825/825
f 821/821/821 825/825/825 822/822/822
f 826/826/826 822/822/822 825/825/825
f 827/827/827 829/829/829 828/828/828
f 827/827/827 828/828/828 830/830/830
f 831/831/831 827/827/827 830/830/830
f 831/831/831 832/832/832 827/827/827
f 827/827/827 832/832/832 833/833/833
f 831/831/831 830/830/830 834/834/834
f 834/834/834 830/830/830 835/835/835
f 831/831/831 834/834/834 836/836/836
f 836/836/836 834/834/834 837/837/837
f 838/838/838 840/840/840 839/839/839
f 840/840/840 838/838/838 841/841/841
f 840/840/840 841/841/841 842/842/842
f 843/843/843 840/840/840 842/842/842
f 844/844/844 842/842/842 841/841/841
f 844/844/844 841/841/841 845/845/845
f 846/846/846 842/842/842 844/844/844
f 842/842/842 846/846/846 847/847/847
f 846/846/846 848/848/848 847/847/847
f 843/843/843 842/842/842 849/849/849
f 842/842/842 847/847/847 849/849/849
f 850/850/850 843/843/843 849/849/849
f 850/850/850 851/851/851 843/843/843
f 849/849/849 847/847/847 852/852/852
f 853/853/853 852/852/852 847/847/847
f 853/853/853 847/847/847 848/848/848
f 852/852/852 853/853/853 854/854/854
f 853/853/853 848/848/848 855/855/855
f 855/855/855 848/848/848 856/856/856
f 857/857/857 853/853/853 855/855/855
f 853/853/853 857/857/857 854/854/854
f 854/854/854 857/857/857 858/858/858
f 859/859/859 861/861/861 860/860/860
f 860/860/860 861/861/861 862/862/862
f 860/860/860 862/862/862 863/863/863
f 862/862/862 861/861/861 864/864/864
f 865/865/865 863/863/863 862/862/862
f 866/866/866 862/862/862 864/864/864
f 865/865/865 862/862/862 867/867/867
f 862/862/862 866/866/866 867/867/867
f 867/867/867 866/866/866 868/868/868
f 869/869/869 871/871/871 870/870/870
f 869/869/869 872/872/872 871/871/871
f 872/872/872 869/869/869 873/873/873
f 873/873/873 874/874/874 872/872/872
f 873/873/873 875/875/875 874/874/874
f 873/873/873 876/876/876 875/875/875
f 869/869/869 877/877/877 873/873/873
f 873/873/873 877/877/877 876/876/876
f 877/877/877 869/869/869 878/878/878
f 877/877/877 879/879/879 876/876/876
f 877/877/877 878/878/878 880/880/880
f 877/877/877 880/880/880 879/879/879
f 881/881/881 883/883/883 882/882/882
f 881/881/881 882/882/882 884/884/884
f 881/881/881 884/884/884 885/885/885
f 885/885/885 884/884/884 886/886/886
f 887/887/887 885/885/885 886/886/886
f 887/887/887 888/888/888 885/885/885
f 888/888/888 889/889/889 885/885/885
f 889/889/889 890/890/890 885/885/885
f 881/881/881 885/885/885 890/890/890
f 881/881/881 890/890/890 891/891/891
f 890/890/890 892/892/892 891/891/891
f 893/893/893 895/895/895 894/894/894
f 893/893/893 896/896/896 895/895/895
f 897/897/897 899/899/899 898/898/898
f 900/900/900 899/899/899 897/897/897
f 899/899/899 900/900/900 901/901/901
f 900/900/900 902/902/902 901/901/901
f 902/902/902 900/900/900 903/903/903
f 900/900/900 897/897/897 904/904/904
f 900/900/900 904/904/904 903/903/903
f 897/897/897 905/905/905 904/904/904
f 904/904/904 905/905/905 906/906/906
f 904/904/904 906/906/906 903/903/903
f 907/907/907 903/903/903 906/906/906
f 903/903/903 907/907/907 908/908/908
f 902/902/902 903/903/903 909/909/909
f 910/910/910 902/902/902 909/909/909
f 909/909/909 903/903/903 911/911/911
f 903/903/903 908/908/908 911/911/911
f 912/912/912 911/911/911 908/908/908
f 913/913/913 915/915/915 914/914/914
f 916/916/916 915/915/915 913/913/913
f 916/916/916 917/917/917 915/915/915
f 918/918/918 917/917/917 916/916/916
f 919/919/919 916/916/916 913/913/913
f 919/919/919 918/918/918 916/916/916
f 920/920/920 919/919/919 913/913/913
f 921/921/921 918/918/918 919/919/919
f 920/920/920 922/922/922 919/919/919
f 923/923/923 921/921/921 919/919/919
f 922/922/922 923/923/923 919/919/919
f 922/922/922 924/924/924 923/923/923
f 925/925/925 927/927/927 926/926/926
f 928/928/928 925/925/925 926/926/926
f 928/928/928 929/929/929 925/925/925
f 930/930/930 929/929/929 928/928/928
f 930/930/930 931/931/931 929/929/929
f 932/932/932 931/931/931 930/930/930
f 930/930/930 933/933/933 932/932/932
f 932/932/932 934/934/934 931/931/931
f 934/934/934 932/932/932 935/935/935
f 932/932/932 936/936/936 935/935/935
f 937/937/937 939/939/939 938/938/938
f 940/940/940 939/939/939 937/937/937
f 940/940/940 941/941/941 939/939/939
f 942/942/942 941/941/941 940/940/940
f 942/942/942 943/943/943 941/941/941
f 944/944/944 946/946/946 945/945/945
f 944/944/944 947/947/947 946/946/946
f 944/944/944 948/948/948 947/947/947
f 947/947/947 948/948/948 949/949/949
f 947/947/947 949/949/949 950/950/950
f 951/951/951 948/948/948 944/944/944
f 951/951/951 952/952/952 948/948/948
f 952/952/952 951/951/951 944/944/944
f 953/953/953 955/955/955 954/954/954
f 956/956/956 955/955/955 953/953/953
f 955/955/955 956/956/956 957/957/957
f 958/958/958 955/955/955 957/957/957
f 956/956/956 959/959/959 957/957/957
f 956/956/956 960/960/960 959/959/959
f 959/959/959 960/960/960 961/961/961
f 959/959/959 961/961/961 962/962/962
f 957/957/957 963/963/963 958/958/958
f 957/957/957 959/959/959 963/963/963
f 959/959/959 962/962/962 963/963/963
f 958/958/958 963/963/963 964/964/964
f 963/963/963 962/962/962 964/964/964
f 965/965/965 967/967/967 966/966/966
f 965/965/965 968/968/968 967/967/967
f 968/968/968 965/965/965 969/969/969
f 969/969/969 965/965/965 970/970/970
f 968/968/968 969/969/969 971/971/971
f 972/972/972 971/971/971 969/969/969
f 969/969/969 973/973/973 972/972/972
f 974/974/974 972/972/972 973/973/973
f 975/975/975 974/974/974 973/973/973
f 976/976/976 974/974/974 975/975/975
f 975/975/975 973/973/973 977/977/977
f 975/975/975 978/978/978 976/976/976
f 977/977/977 978/978/978 975/975/975
f 977/977/977 979/979/979 978/978/978
f 980/980/980 982/982/982 981/981/981
f 983/983/983 980/980/980 981/981/981
f 980/980/980 983/983/983 984/984/984
f 984/984/984 985/985/985 980/980/980
f 985/985/985 984/984/984 986/986/986
f 986/986/986 984/984/984 987/987/987
f 984/984/984 988/988/988 987/987/987
f 989/989/989 988/988/988 984/984/984
f 981/981/981 990/990/990 983/983/983
f 991/991/991 983/983/983 990/990/990
f 991/991/991 990/990/990 992/992/992
f 989/989/989 984/984/984 993/993/993
f 983/983/983 993/993/993 984/984/984
f 991/991/991 993/993/993 983/983/983
f 994/994/994 989/989/989 993/993/993
f 995/995/995 993/993/993 991/991/991
f 994/994/994 995/995/995 996/996/996
f 995/995/995 991/991/991 996/996/996
f 996/996/996 997/997/997 994/994/994
f 998/998/998 997/997/997 996/996/996
f 996/996/996 991/991/991 998/998/998
f 999/999/999 991/991/991 992/992/992
f 998/998/998 991/991/991 999/999/999
f 999/999/999 992/992/992 1000/1000/1000
f 999/999/999 1001/1001/1001 998/998/998
f 1001/1001/1001 999/999/999 1000/1000/1000
f 1002/1002/1002 1004/1004/1004 1003/1003/1003
f 1005/1005/1005 1004/1004/1004 1002/1002/1002
f 1005/1005/1005 1006/1006/1006 1004/1004/1004
f 1006/1006/1006 1005/1005/1005 1007/1007/1007
f 1005/1005/1005 1008/1008/1008 1007/1007/1007
f 1009/1009/1009 1008/1008/1008 1005/1005/1005
f 1009/1009/1009 1010/1010/1010 1008/1008/1008
f 1011/1011/1011 1010/1010/1010 1009/1009/1009
f 1012/1012/1012 1005/1005/1005 1002/1002/1002
f 1012/1012/1012 1009/1009/1009 1005/1005/1005
f 1013/1013/1013 1012/1012/1012 1002/1002/1002
f 1014/1014/1014 1012/1012/1012 1013/1013/1013
f 1015/1015/1015 1012/1012/1012 1014/1014/1014
f 1015/1015/1015 1009/1009/1009 1012/1012/1012
f 1015/1015/1015 1014/1014/1014 1016/1016/1016
f 1015/1015/1015 1016/1016/1016 1017/1017/1017
f 1018/1018/1018 1015/1015/1015 1017/1017/1017
f 1015/1015/1015 1018/1018/1018 1009/1009/1009
f 1018/1018/1018 1017/1017/1017 1019/1019/1019
f 1020/1020/1020 1011/1011/1011 1009/1009/1009
f 1018/1018/1018 1020/1020/1020 1009/1009/1009
f 1019/1019/1019 1020/1020/1020 1018/1018/1018
f 1011/1011/1011 1020/1020/1020 1021/1021/1021
f 1019/1019/1019 1022/1022/1022 1020/1020/1020
f 1021/1021/1021 1020/1020/1020 1022/1022/1022
f 1023/1023/1023 1025/1025/1025 1024/1024/1024
f 1023/1023/1023 1026/1026/1026 1025/1025/1025
f 1026/1026/1026 1027/1027/1027 1025/1025/1025
f 1028/1028/1028 1027/1027/1027 1026/1026/1026
f 1029/1029/1029 1027/1027/1027 1028/1028/1028
f 1030/1030/1030 1027/1027/1027 1029/1029/1029
f 1030/1030/1030 1031/1031/1031 1027/1027/1027
f 1027/1027/1027 1031/1031/1031 1032/1032/1032
f 1027/1027/1027 1032/1032/1032 1033/1033/1033
f 1033/1033/1033 1034/1034/1034 1027/1027/1027
f 1034/1034/1034 1025/1025/1025 1027/1027/1027
f 1034/1034/1034 1035/1035/1035 1025/1025/1025
f 1035/1035/1035 1034/1034/1034 1036/1036/1036
f 1037/1037/1037 1039/1039/1039 1038/1038/1038
f 1040/1040/1040 1037/1037/1037 1038/1038/1038
f 1041/1041/1041 1037/1037/1037 1040/1040/1040
f 1042/1042/1042 1041/1041/1041 1040/1040/1040
f 1040/1040/1040 1038/1038/1038 1043/1043/1043
f 1040/1040/1040 1043/1043/1043 1042/1042/1042
f 1044/1044/1044 1043/1043/1043 1038/1038/1038
f 1044/1044/1044 1038/1038/1038 1045/1045/1045
f 1038/1038/1038 1046/1046/1046 1045/1045/1045
f 1044/1044/1044 1047/1047/1047 1043/1043/1043
f 1048/1048/1048 1043/1043/1043 1047/1047/1047
f 1049/1049/1049 1048/1048/1048 1047/1047/1047
f 1049/1049/1049 1050/1050/1050 1048/1048/1048
f 1051/1051/1051 1048/1048/1048 1050/1050/1050
f 1043/1043/1043 1048/1048/1048 1051/1051/1051
f 1051/1051/1051 1052/1052/1052 1043/1043/1043
f 1053/1053/1053 1052/1052/1052 1051/1051/1051
f 1052/1052/1052 1053/1053/1053 1054/1054/1054
f 1052/1052/1052 1054/1054/1054 1055/1055/1055
f 1052/1052/1052 1055/1055/1055 1043/1043/1043
f 1043/1043/1043 1055/1055/1055 1056/1056/1056
f 1043/1043/1043 1056/1056/1056 1042/1042/1042
f 1056/1056/1056 1057/1057/1057 1042/1042/1042
f 1058/1058/1058 1057/1057/1057 1056/1056/1056
f 1042/1042/1042 1057/1057/1057 1059/1059/1059
f 1057/1057/1057 1058/1058/1058 1059/1059/1059
f 1060/1060/1060 1062/1062/1062 1061/1061/1061
f 1060/1060/1060 1063/1063/1063 1062/1062/1062
f 1064/1064/1064 1063/1063/1063 1060/1060/1060
f 1065/1065/1065 1062/1062/1062 1063/1063/1063
f 1066/1066/1066 1063/1063/1063 1064/1064/1064
f 1067/1067/1067 1066/1066/1066 1064/1064/1064
f 1067/1067/1067 1068/1068/1068 1066/1066/1066
f 1069/1069/1069 1065/1065/1065 1063/1063/1063
f 1063/1063/1063 1066/1066/1066 1069/1069/1069
f 1069/1069/1069 1066/1066/1066 1068/1068/1068
f 1070/1070/1070 1069/1069/1069 1068/1068/1068
f 1069/1069/1069 1070/1070/1070 1071/1071/1071
f 1069/1069/1069 1072/1072/1072 1065/1065/1065
f 1072/1072/1072 1069/1069/1069 1071/1071/1071
f 1072/1072/1072 1071/1071/1071 1073/1073/1073
f 1072/1072/1072 1073/1073/1073 1074/1074/1074
f 1075/1075/1075 1077/1077/1077 1076/1076/1076
f 1078/1078/1078 1077/1077/1077 1075/1075/1075
f 1078/1078/1078 1079/1079/1079 1077/1077/1077
f 1079/1079/1079 1080/1080/1080 1077/1077/1077
f 1079/1079/1079 1081/1081/1081 1080/1080/1080
f 1079/1079/1079 1082/1082/1082 1081/1081/1081
f 1083/1083/1083 1081/1081/1081 1082/1082/1082
f 1083/1083/1083 1084/1084/1084 1081/1081/1081
f 1085/1085/1085 1087/1087/1087 1086/1086/1086
f 1088/1088/1088 1086/1086/1086 1087/1087/1087
f 1088/1088/1088 1089/1089/1089 1086/1086/1086
f 1090/1090/1090 1089/1089/1089 1088/1088/1088
f 1088/1088/1088 1087/1087/1087 1091/1091/1091
f 1091/1091/1091 1092/1092/1092 1088/1088/1088
f 1087/1087/1087 1093/1093/1093 1091/1091/1091
f 1093/1093/1093 1094/1094/1094 1091/1091/1091
f 1091/1091/1091 1094/1094/1094 1095/1095/1095
f 1093/1093/1093 1096/1096/1096 1094/1094/1094
f 1097/1097/1097 1096/1096/1096 1093/1093/1093
f 1097/1097/1097 1098/1098/1098 1096/1096/1096
f 1096/1096/1096 1098/1098/1098 1099/1099/1099
f 1100/1100/1100 1097/1097/1097 1093/1093/1093
f 1093/1093/1093 1101/1101/1101 1100/1100/1100
f 1102/1102/1102 1104/1104/1104 1103/1103/1103
f 1103/1103/1103 1104/1104/1104 1105/1105/1105
f 1105/1105/1105 1104/1104/1104 1106/1106/1106
f 1107/1107/1107 1109/1109/1109 1108/1108/1108
f 1107/1107/1107 1108/1108/1108 1110/1110/1110
f 1110/1110/1110 1108/1108/1108 1111/1111/1111
f 1112/1112/1112 1107/1107/1107 1110/1110/1110
f 1112/1112/1112 1113/1113/1113 1107/1107/1107
f 1110/1110/1110 1111/1111/1111 1114/1114/1114
f 1110/1110/1110 1114/1114/1114 1112/1112/1112
f 1114/1114/1114 1111/1111/1111 1115/1115/1115
f 1116/1116/1116 1114/1114/1114 1115/1115/1115
f 1117/1117/1117 1114/1114/1114 1116/1116/1116
f 1117/1117/1117 1112/1112/1112 1114/1114/1114
f 1118/1118/1118 1112/1112/1112 1117/1117/1117
f 1118/1118/1118 1119/1119/1119 1112/1112/1112
f 1113/1113/1113 1112/1112/1112 1120/1120/1120
f 1113/1113/1113 1120/1120/1120 1121/1121/1121
f 1113/1113/1113 1121/1121/1121 1122/1122/1122
f 1123/1123/1123 1113/1113/1113 1122/1122/1122
f 1124/1124/1124 1113/1113/1113 1123/1123/1123
f 1125/1125/1125 1113/1113/1113 1124/1124/1124
f 1125/1125/1125 1126/1126/1126 1113/1113/1113
f 1126/1126/1126 1125/1125/1125 1127/1127/1127
f 1128/1128/1128 1130/1130/1130 1129/1129/1129
f 1129/1129/1129 1131/1131/1131 1128/1128/1128
f 1131/1131/1131 1132/1132/1132 1128/1128/1128
f 1132/1132/1132 1133/1133/1133 1128/1128/1128
f 1133/1133/1133 1132/1132/1132 1134/1134/1134
f 1135/1135/1135 1134/1134/1134 1132/1132/1132
f 1136/1136/1136 1134/1134/1134 1135/1135/1135
f 1136/1136/1136 1135/1135/1135 1137/1137/1137
f 1132/1132/1132 1137/1137/1137 1135/1135/1135
f 1138/1138/1138 1137/1137/1137 1132/1132/1132
f 1139/1139/1139 1137/1137/1137 1138/1138/1138
f 1138/1138/1138 1140/1140/1140 1139/1139/1139
f 1140/1140/1140 1141/1141/1141 1139/1139/1139
f 1142/1142/1142 1141/1141/1141 1140/1140/1140
f 1140/1140/1140 1143/1143/1143 1142/1142/1142
f 1143/1143/1143 1140/1140/1140 1138/1138/1138
f 1143/1143/1143 1144/1144/1144 1142/1142/1142
f 1143/1143/1143 1145/1145/1145 1144/1144/1144
f 1143/1143/1143 1138/1138/1138 1146/1146/1146
f 1146/1146/1146 1145/1145/1145 1143/1143/1143
f 1147/1147/1147 1138/1138/1138 1132/1132/1132
f 1138/1138/1138 1147/1147/1147 1146/1146/1146
f 1146/1146/1146 1148/1148/1148 1145/1145/1145
f 1146/1146/1146 1147/1147/1147 1148/1148/1148
f 1148/1148/1148 1149/1149/1149 1145/1145/1145
f 1150/1150/1150 1148/1148/1148 1147/1147/1147
f 1132/1132/1132 1151/1151/1151 1147/1147/1147
f 1151/1151/1151 1150/1150/1150 1147/1147/1147
f 1131/1131/1131 1151/1151/1151 1132/1132/1132
f 1150/1150/1150 1151/1151/1151 1131/1131/1131
f 1150/1150/1150 1131/1131/1131 1152/1152/1152
f 1152/1152/1152 1153/1153/1153 1150/1150/1150
f 1154/1154/1154 1156/1156/1156 1155/1155/1155
f 1154/1154/1154 1157/1157/1157 1156/1156/1156
f 1154/1154/1154 1158/1158/1158 1157/1157/1157
f 1154/1154/1154 1159/1159/1159 1158/1158/1158
f 1160/1160/1160 1159/1159/1159 1154/1154/1154
f 1161/1161/1161 1159/1159/1159 1160/1160/1160
f 1162/1162/1162 1161/1161/1161 1160/1160/1160
f 1160/1160/1160 1163/1163/1163 1162/1162/1162
f 1164/1164/1164 1163/1163/1163 1160/1160/1160
f 1160/1160/1160 1165/1165/1165 1164/1164/1164
f 1166/1166/1166 1165/1165/1165 1160/1160/1160
f 1167/1167/1167 1166/1166/1166 1160/1160/1160
f 1168/1168/1168 1167/1167/1167 1160/1160/1160
f 1160/1160/1160 1154/1154/1154 1169/1169/1169
f 1168/1168/1168 1160/1160/1160 1169/1169/1169
f 1170/1170/1170 1168/1168/1168 1169/1169/1169
f 1170/1170/1170 1169/1169/1169 1171/1171/1171
f 1172/1172/1172 1174/1174/1174 1173/1173/1173
f 1174/1174/1174 1175/1175/1175 1173/1173/1173
f 1176/1176/1176 1173/1173/1173 1175/1175/1175
f 1175/1175/1175 1177/1177/1177 1176/1176/1176
f 1175/1175/1175 1174/1174/1174 1178/1178/1178
f 1179/1179/1179 1175/1175/1175 1178/1178/1178
f 1178/1178/1178 1180/1180/1180 1179/1179/1179
f 1181/1181/1181 1179/1179/1179 1180/1180/1180
f 1182/1182/1182 1181/1181/1181 1180/1180/1180
f 1183/1183/1183 1182/1182/1182 1180/1180/1180
f 1180/1180/1180 1184/1184/1184 1183/1183/1183
f 1185/1185/1185 1187/1187/1187 1186/1186/1186
f 1185/1185/1185 1188/1188/1188 1187/1187/1187
f 1188/1188/1188 1185/1185/1185 1189/1189/1189
f 1189/1189/1189 1190/1190/1190 1188/1188/1188
f 1190/1190/1190 1189/1189/1189 1191/1191/1191
f 1190/1190/1190 1191/1191/1191 1192/1192/1192
f 1193/1193/1193 1192/1192/1192 1191/1191/1191
f 1194/1194/1194 1192/1192/1192 1193/1193/1193
f 1191/1191/1191 1195/1195/1195 1193/1193/1193
f 1191/1191/1191 1196/1196/1196 1195/1195/1195
f 1197/1197/1197 1193/1193/1193 1195/1195/1195
f 1198/1198/1198 1200/1200/1200 1199/1199/1199
f 1201/1201/1201 1198/1198/1198 1199/1199/1199
f 1202/1202/1202 1201/1201/1201 1199/1199/1199
f 1198/1198/1198 1201/1201/1201 1203/1203/1203
f 1198/1198/1198 1203/1203/1203 1204/1204/1204
f 1205/1205/1205 1204/1204/1204 1203/1203/1203
f 1205/1205/1205 1206/1206/1206 1204/1204/1204
f 1204/1204/1204 1206/1206/1206 1207/1207/1207
f 1204/1204/1204 1207/1207/1207 1208/1208/1208
f 1198/1198/1198 1204/1204/1204 1209/1209/1209
f 1209/1209/1209 1210/1210/1210 1198/1198/1198
f 1211/1211/1211 1210/1210/1210 1209/1209/1209
f 1209/1209/1209 1204/1204/1204 1212/1212/1212
f 1204/1204/1204 1213/1213/1213 1212/1212/1212
f 1213/1213/1213 1204/1204/1204 1208/1208/1208
f 1213/1213/1213 1214/1214/1214 1212/1212/1212
f 1213/1213/1213 1215/1215/1215 1214/1214/1214
f 1215/1215/1215 1213/1213/1213 1216/1216/1216
f 1216/1216/1216 1213/1213/1213 1208/1208/1208
f 1216/1216/1216 1208/1208/1208 1217/1217/1217
f 1218/1218/1218 1220/1220/1220 1219/1219/1219
f 1218/1218/1218 1219/1219/1219 1221/1221/1221
f 1218/1218/1218 1222/1222/1222 1220/1220/1220
f 1218/1218/1218 1221/1221/1221 1223/1223/1223
f 1224/1224/1224 1223/1223/1223 1221/1221/1221
f 1224/1224/1224 1225/1225/1225 1223/1223/1223
f 1222/1222/1222 1218/1218/1218 1226/1226/1226
f 1222/1222/1222 1226/1226/1226 1227/1227/1227
f 1218/1218/1218 1223/1223/1223 1228/1228/1228
f 1225/1225/1225 1228/1228/1228 1223/1223/1223
f 1218/1218/1218 1228/1228/1228 1226/1226/1226
f 1229/1229/1229 1228/1228/1228 1225/1225/1225
f 1226/1226/1226 1228/1228/1228 1229/1229/1229
f 1225/1225/1225 1230/1230/1230 1229/1229/1229
f 1227/1227/1227 1226/1226/1226 1231/1231/1231
f 1226/1226/1226 1229/1229/1229 1231/1231/1231
f 1230/1230/1230 1232/1232/1232 1229/1229/1229
f 1231/1231/1231 1229/1229/1229 1232/1232/1232
f 1233/1233/1233 1232/1232/1232 1230/1230/1230
f 1233/1233/1233 1234/1234/1234 1232/1232/1232
f 1234/1234/1234 1231/1231/1231 1232/1232/1232
f 1235/1235/1235 1231/1231/1231 1234/1234/1234
f 1227/1227/1227 1231/1231/1231 1236/1236/1236
f 1235/1235/1235 1236/1236/1236 1231/1231/1231
f 1227/1227/1227 1236/1236/1236 1237/1237/1237
f 1235/1235/1235 1237/1237/1237 1236/1236/1236
