mtllib P_RockDesert_CliffA03.mtl
v 19.18055 2.603961 12.75698
v 21.07886 -1.318383 14.54251
v 18.2611 -1.318383 16.99518
v -20.11018 2.1898 -2.446498
v -17.59298 3.915746 -6.153006
v -16.94805 4.526372 -6.048155
v 0.7418715 4.307052 16.81527
v -0.9020433 6.34381 14.72454
v 1.325104 6.643062 15.11775
v -3.600723 13.42343 10.44397
v -3.988847 12.72509 11.08068
v -4.178918 13.4215 10.71071
v -15.60445 45.54315 -7.628065
v -16.01981 45.32853 -7.47287
v -15.73662 45.03286 -7.691963
v 11.33991 2.19738 18.41583
v 15.80752 1.712387 17.1206
v 16.46457 -0.6338696 17.85925
v 10.50834 -0.6319355 20.2125
v 5.031734 1.712387 19.89765
v 5.264309 -1.051236 21.21295
v 0.2948768 1.736606 18.76083
v -0.2311583 -1.066891 20.57639
v 10.43389 -1.76336 19.96063
v 16.31819 -1.802365 17.65883
v 18.2611 -1.318383 16.99518
v -16.98547 2.372833 12.80789
v -12.71864 2.599536 16.1433
v -13.64268 0.3460994 17.43413
v -18.3123 -0.05956316 14.13708
v -18.70724 1.73936 7.316296
v -19.19017 -1.000173 13.54728
v -21.05284 -1.292047 8.38658
v -19.55951 1.85815 2.899952
v -22.30252 -1.113906 2.526317
v -19.94071 1.766593 0.6801107
v -22.28765 -1.050086 -1.575198
v 19.18055 2.603961 12.75698
v 24.47474 -1.261006 10.23026
v 21.07886 -1.318383 14.54251
v 22.11089 1.742046 9.199273
v 25.49213 -1.369038 4.580096
v 20.55403 3.749675 7.713537
v 18.43434 4.129499 12.013
v 23.50508 1.422557 4.342208
v 25.50053 -1.369038 -0.7634279
v 18.88685 6.408933 6.955342
v 16.7074 6.291822 10.45388
v 17.22142 4.655933 10.93418
v 13.98067 4.580181 13.79008
v 13.53186 5.713771 13.51365
v 18.75674 7.212277 6.795548
v 16.06401 7.682267 9.515455
v 15.10928 14.22508 7.159976
v 20.13312 6.408933 3.38044
v 17.56454 14.01996 5.268333
v 15.01106 18.17176 7.023399
v 23.35383 1.734233 -0.6091874
v 17.19593 18.17111 4.900344
v 14.30921 19.57314 6.387694
v 18.57691 14.03046 2.76733
v 16.26434 19.57704 4.363454
v 13.86487 24.01779 6.046004
v 24.3313 -0.7951332 -5.889733
v 25.05908 -1.431485 -3.970016
v 23.96732 -1.87344 -6.523102
v 19.94053 6.668512 -0.363941
v 18.175 18.17033 2.451006
v 15.69578 24.03805 4.039285
v 14.57233 30.30686 6.529383
v 23.7372 -0.7997919 -9.290954
v 23.53964 -1.890281 -8.857211
v 22.66306 1.8092 -5.072721
v 18.59892 13.95777 -0.6041886
v 17.17714 19.57766 2.056489
v 24.03159 -0.834609 -15.41515
v 23.74529 -1.79897 -15.16713
v 22.02182 2.064109 -8.677255
v 22.39391 2.121841 -14.61053
v 19.3201 7.028003 -3.435518
v 18.63061 7.725889 -7.464003
v 19.1615 7.957191 -13.02239
v 18.06354 17.1103 -0.9883543
v 18.21395 13.90758 -3.253656
v 17.51364 14.32378 -7.466611
v 17.44639 14.13638 -11.12333
v 17.42512 17.5021 -3.666046
v 16.83027 17.80378 -7.569825
v 16.49103 17.40562 -11.23985
v 17.45341 19.66039 -1.24274
v 16.4855 20.37209 -7.826014
v 15.56503 20.13348 -10.73903
v 17.26218 20.1035 -3.869297
v 15.82072 25.63562 -8.358751
v 14.42414 25.68952 -9.991276
v 16.49899 24.82328 -4.638392
v 16.2504 25.76593 -4.844127
v 17.20366 23.97096 -1.092689
v 17.09132 24.61989 -1.065551
v 16.5059 24.7324 1.375423
v 16.45983 30.32917 4.249249
v 16.72185 34.56727 4.620397
v 15.37271 34.17308 7.215852
v 16.83668 38.0393 7.746635
v 18.38243 38.80537 4.663425
v 17.50838 34.59723 1.573249
v 19.12985 38.86188 1.172838
v 17.29194 30.33258 1.64403
v 17.03676 34.62783 -1.708289
v 18.61716 38.63591 -2.615717
v 16.07586 26.32018 -0.7399947
v 15.84701 24.79402 -0.5608842
v 15.79628 34.09634 -4.739574
v 17.03204 38.52542 -5.854475
v 16.79215 30.61976 -1.114251
v 15.47042 31.40043 -4.160972
v 14.98825 26.5211 -4.094373
v 14.98973 26.08111 -4.13417
v 12.40997 27.03923 -7.382815
v 18.97315 39.93823 8.271305
v 14.14231 38.25021 10.6171
v 15.56391 39.84074 11.35862
v 17.14502 38.43212 7.822508
v 21.34125 40.14128 4.709692
v 18.83339 39.13803 4.698186
v 16.83668 38.0393 7.746635
v 22.25506 40.57729 0.7551421
v 18.38243 38.80537 4.663425
v 19.57464 39.21856 1.143795
v 21.38722 40.14469 -3.238672
v 19.12985 38.86188 1.172838
v 19.10391 38.93021 -2.697134
v 18.896 39.82957 -7.053788
v 18.61716 38.63591 -2.615717
v 17.38039 38.81746 -6.059331
v 14.37174 38.86938 -9.225835
v 17.03204 38.52542 -5.854475
v 14.15326 38.49682 -8.876122
v 10.53099 38.83897 -10.99173
v 13.972 38.17287 -8.652603
v 13.04409 33.40007 -7.046588
v 15.79628 34.09634 -4.739574
v 11.84981 18.17574 8.714548
v 15.01106 18.17176 7.023399
v 15.10928 14.22508 7.159976
v 11.89516 14.17945 8.740172
v 16.06401 7.682267 9.515455
v 12.27332 7.099212 11.86678
v 8.001871 17.22862 9.871496
v 8.144888 14.12887 9.914828
v 7.755921 19.56739 9.110297
v 11.33685 19.56769 7.988069
v 8.434903 6.999216 13.55035
v 8.448965 6.439096 13.81247
v 12.19405 6.221541 12.27824
v 4.066948 6.125796 14.80868
v 4.168216 7.305868 14.21963
v 1.325104 6.643062 15.11775
v 4.634848 14.07626 10.5419
v 4.491669 17.23265 10.51459
v 1.521997 7.572103 14.60682
v -0.9020433 6.34381 14.72454
v 2.883591 13.99678 11.07354
v 4.687764 20.07654 9.799818
v 2.628524 17.23552 10.76733
v 2.683614 20.48689 10.06392
v 0.510227 13.73491 10.8154
v 0.6833093 17.27238 10.39836
v -0.7236228 7.277572 14.23068
v 0.6714427 20.64587 9.708372
v -1.688753 17.38865 8.306384
v -2.147826 20.58055 7.598941
v -2.348296 13.54928 8.75402
v -3.502607 6.408933 12.70423
v -2.308179 24.13285 7.489139
v 0.2370087 24.82237 9.321395
v -1.970391 29.87031 9.115039
v -2.378681 1.73397 16.94503
v 0.7418715 4.307052 16.81527
v -4.043911 1.639457 16.29583
v -5.529672 6.496286 14.20076
v 2.78764 24.52668 9.821536
v -0.1719191 30.20798 10.75579
v -2.323929 37.2303 13.87129
v -6.772596 1.806293 17.32516
v -4.409537 -1.360169 18.53067
v -7.69675 -1.143338 19.19182
v 4.529135 24.52668 9.486079
v 2.315512 30.20786 11.10696
v 7.736126 24.52839 8.793793
v 4.727564 30.20782 10.72892
v 11.10157 23.99287 7.639433
v 14.30921 19.57314 6.387694
v 13.86487 24.01779 6.046004
v 8.309628 30.21792 9.865311
v 6.238971 37.70363 13.96713
v 1.897256 37.43903 14.39141
v 11.74533 30.26139 8.452868
v 14.57233 30.30686 6.529383
v 15.37271 34.17308 7.215852
v 10.2803 37.64756 12.73606
v 13.92402 37.85419 10.47711
v 16.83668 38.0393 7.746635
v 17.14502 38.43212 7.822508
v 14.14231 38.25021 10.6171
v 10.45734 38.0431 12.91721
v 15.56391 39.84074 11.35862
v 11.24449 39.19012 13.5436
v 6.474326 41.64898 15.65146
v 11.83762 42.34645 14.90054
v 1.627281 41.43779 15.88122
v 16.30102 42.66633 12.3673
v 18.97315 39.93823 8.271305
v 19.84623 42.70906 9.000208
v 16.7065 44.99425 13.04195
v 20.28983 44.98623 9.493181
v 12.19734 44.99277 15.84151
v 16.54554 45.48003 12.93018
v 12.03059 45.44675 15.72107
v 6.526176 44.998 17.05803
v 6.438902 45.45016 16.92698
v 1.359527 45.00449 17.58769
v 1.341217 45.45607 17.46155
v -3.79582 44.9953 16.99468
v -3.746571 45.45663 16.85101
v -3.15411 41.39026 15.66222
v -10.29276 45.00805 16.27681
v -10.24375 45.49657 16.1886
v -8.782386 41.19857 14.549
v -14.39764 44.98711 13.57406
v -14.26427 45.5041 13.4737
v -13.35207 41.16616 12.62408
v -8.215515 36.93953 13.50125
v -11.88376 36.76528 11.32788
v -2.562771 30.20806 10.40904
v -7.970238 30.2083 10.2788
v -11.39894 30.20731 8.567318
v -3.370317 24.24406 8.981242
v -2.852403 24.23715 8.65885
v -2.833331 20.44787 9.160007
v -7.761771 23.97099 8.875014
v -10.89804 23.97099 7.302974
v -3.343987 20.35801 9.461819
v -2.884537 17.26754 9.68722
v -8.040536 19.5658 8.951458
v -11.285 19.5991 7.292476
v -3.487777 17.24256 9.934189
v -3.600723 13.42343 10.44397
v -4.178918 13.4215 10.71071
v -8.331018 17.23779 9.4799
v -11.74833 17.06926 7.649249
v -7.967188 13.63638 10.3791
v -3.988847 12.72509 11.08068
v -11.22129 13.86115 7.657302
v -10.22302 8.02409 12.83338
v -13.69326 8.065544 9.605913
v -12.24669 4.807662 15.06378
v -12.71864 2.599536 16.1433
v -16.98547 2.372833 12.80789
v -16.22311 4.59029 11.78487
v -13.64268 0.3460994 17.43413
v -13.09008 -1.769204 16.97222
v -17.66369 -2.090043 13.80227
v -18.3123 -0.05956316 14.13708
v -19.19017 -1.000173 13.54728
v -18.94332 -1.772939 13.41986
v -6.124729 35.68924 -10.29008
v -9.756276 35.68295 -8.329808
v -8.985974 29.27381 -7.065102
v -5.399191 29.14127 -8.479672
v -8.273297 23.97099 -6.451556
v -2.071991 36.12278 -11.58919
v -2.813904 40.63566 -13.17793
v -7.125321 40.54137 -11.8955
v -3.520391 44.36008 -14.99707
v -8.374545 44.65054 -13.70967
v -4.872951 24.15761 -7.835374
v -1.375427 30.58981 -9.858595
v -1.365938 24.95873 -8.787326
v 1.798878 41.16599 -13.58555
v 2.022584 37.04255 -12.19882
v 1.605156 44.97099 -15.54281
v 1.818946 31.4412 -10.19806
v -8.311751 45.16206 -13.63302
v -12.37201 45.51651 -10.99378
v -12.47142 45.01253 -11.07041
v -11.12863 46.73869 -9.91929
v -7.468847 46.37836 -12.48969
v -3.477163 44.83887 -14.88797
v -2.866006 46.01715 -13.32808
v 1.574436 45.4549 -15.44053
v 1.471412 46.70087 -13.79597
v 6.641373 45.06822 -15.05824
v 6.535076 45.55614 -14.95707
v 5.802558 46.7173 -13.48779
v 6.482001 41.72631 -13.47766
v 11.3146 45.57539 -13.21623
v 10.47503 46.65615 -12.14113
v 11.44067 45.05689 -13.32131
v 6.121873 37.53164 -11.90068
v 15.18651 45.77533 -11.01975
v 14.64752 46.57243 -10.33553
v 11.09368 42.20967 -12.35585
v 15.30597 45.23196 -11.13145
v 19.9207 45.16491 -7.93662
v 19.75437 45.66209 -7.773125
v 14.97783 42.31893 -10.34464
v 19.59097 42.75604 -7.601585
v 14.37174 38.86938 -9.225835
v 18.896 39.82957 -7.053788
v 10.53099 38.83897 -10.99173
v 5.440929 32.5156 -10.51947
v 9.354564 32.59037 -9.494473
v 13.972 38.17287 -8.652603
v 13.04409 33.40007 -7.046588
v 2.271596 25.85503 -9.24609
v 5.188695 26.82581 -9.921226
v 5.396399 26.48851 -10.60639
v 9.232425 26.946 -9.52443
v 9.041562 27.24147 -9.22635
v 1.894268 25.39457 -9.18415
v 12.78572 32.07114 -6.599412
v 12.40997 27.03923 -7.382815
v 15.47042 31.40043 -4.160972
v 15.79628 34.09634 -4.739574
v 14.98825 26.5211 -4.094373
v 1.058994 20.07408 -8.927259
v 1.403163 19.97191 -9.103427
v 0.09651386 15.97264 -9.701508
v 0.4084016 15.9644 -9.835192
v 0.3315612 11.25485 -10.18256
v 0.5961286 11.31978 -10.26917
v -1.036684 6.787315 -14.06495
v -0.7754218 6.836586 -14.19657
v -0.5573468 1.511566 -16.99194
v -4.254753 1.969909 -16.61101
v -0.1357515 1.568603 -17.25798
v -4.272382 5.232928 -14.75697
v -2.763795 13.48186 -9.816639
v -2.742211 17.66584 -9.621485
v -1.837678 20.21018 -8.791978
v -0.2558814 -1.806458 -18.83279
v 0.1752787 -0.9928766 -18.74654
v 0.5770212 -2.002659 -18.49419
v 1.14361 -2.045741 -18.96929
v -4.232648 -1.67146 -18.74992
v -6.689641 -1.520688 -18.50403
v -5.359622 19.76602 -8.129584
v -5.698841 17.36989 -8.75552
v -8.614152 19.5674 -6.828553
v -11.43126 19.5674 -5.010969
v -11.16517 23.97099 -4.641628
v -11.53709 17.26108 -5.488818
v -8.793792 17.23814 -7.382195
v -8.603431 13.51677 -7.401397
v -5.558417 13.49338 -8.835684
v -7.375031 6.408933 -13.14748
v -10.83011 6.408933 -11.2392
v -13.60232 7.184074 -8.533959
v -11.34247 13.56657 -5.419362
v -14.44897 5.354375 -9.484118
v -11.50955 4.579231 -12.38398
v -7.809777 4.579109 -14.21595
v -7.752592 4.051946 -14.48723
v -11.69707 4.052192 -12.73156
v -14.96624 4.052196 -9.688889
v -8.014213 3.841438 -15.13571
v -8.463322 1.633518 -16.28486
v -12.25626 3.746846 -13.69747
v -12.89718 1.634014 -14.6818
v -15.69265 3.605186 -10.46018
v -16.50078 1.634014 -11.24989
v -18.01768 -1.013396 -12.72698
v -14.04481 -1.016983 -16.5931
v -9.062932 -0.9975725 -18.01344
v -9.017291 -1.555729 -17.89752
v -13.9342 -1.57503 -16.53551
v -8.793792 17.23814 -7.382195
v -11.34247 13.56657 -5.419362
v -8.603431 13.51677 -7.401397
v -11.53709 17.26108 -5.488818
v -13.45959 13.54022 -3.147569
v -13.55276 17.26985 -3.30572
v -11.43126 19.5674 -5.010969
v -15.97779 6.408933 -5.375049
v -13.60232 7.184074 -8.533959
v -13.66076 19.62368 -2.829276
v -11.16517 23.97099 -4.641628
v -16.94805 4.526372 -6.048155
v -20.11018 2.1898 -2.446498
v -14.44897 5.354375 -9.484118
v -14.96624 4.052196 -9.688889
v -17.59298 3.915746 -6.153006
v -17.20597 6.408933 -1.778455
v -16.97429 6.408926 2.023023
v -14.45824 13.52983 -0.6440344
v -14.32441 17.18777 -0.7977839
v -14.00736 13.53983 1.993676
v -14.27168 19.57972 -0.5646325
v -13.97296 16.99712 1.9924
v -13.04915 23.97099 -2.536345
v -15.27831 6.408933 5.783326
v -12.64181 13.46706 4.650122
v -13.69326 8.065544 9.605913
v -11.22129 13.86115 7.657302
v -12.70289 16.73927 4.956739
v -11.74833 17.06926 7.649249
v -13.78428 19.55539 1.849843
v -12.32459 19.50425 4.598611
v -11.285 19.5991 7.292476
v -13.88262 23.97099 -0.2611962
v -11.74116 23.97099 4.297292
v -10.89804 23.97099 7.302974
v -13.34988 23.97098 2.075213
v -12.49837 30.20319 5.282569
v -11.39894 30.20731 8.567318
v -14.41097 30.19702 2.746865
v -15.00773 30.19423 0.09407806
v -14.01616 29.69477 -2.642148
v -13.18988 36.72347 7.342918
v -11.88376 36.76528 11.32788
v -15.13438 36.64544 3.996773
v -15.78082 36.63349 0.4417916
v -14.76092 41.14293 8.300198
v -13.35207 41.16616 12.62408
v -17.10219 41.10551 4.574472
v -15.87534 44.98213 9.020369
v -14.39764 44.98711 13.57406
v -14.26427 45.5041 13.4737
v -15.71357 45.47948 8.961461
v -18.50299 44.98551 5.019046
v -18.34504 45.48384 4.967787
v -18.72557 45.24466 4.201674
v -19.28814 44.81015 1.183157
v -18.99043 45.20378 1.262537
v -19.2317 45.10186 -0.3337098
v -18.11518 41.1047 0.5977977
v -19.44917 44.48792 -0.3749875
v -18.46261 44.55209 -3.600499
v -18.06123 45.76215 -3.422409
v -16.01981 45.32853 -7.47287
v -15.73662 45.03286 -7.691963
v -17.12427 41.13615 -3.404958
v -14.96258 36.22903 -3.050824
v -14.16202 41.10019 -6.873664
v -12.93461 36.32574 -6.244108
v -12.47142 45.01253 -11.07041
v -15.60445 45.54315 -7.628065
v -12.37201 45.51651 -10.99378
v -10.92678 40.695 -9.602366
v -8.374545 44.65054 -13.70967
v -7.125321 40.54137 -11.8955
v -9.756276 35.68295 -8.329808
v -6.124729 35.68924 -10.29008
v -11.90117 29.44725 -5.124748
v -8.985974 29.27381 -7.065102
v -8.273297 23.97099 -6.451556
v 19.84623 42.70906 9.000208
v 21.34125 40.14128 4.709692
v 18.97315 39.93823 8.271305
v 22.15936 42.8087 5.065944
v 22.25506 40.57729 0.7551421
v 20.28983 44.98623 9.493181
v 23.01007 43.02262 0.7718782
v 21.38722 40.14469 -3.238672
v 22.53266 44.97931 5.302508
v 22.21185 42.81179 -3.547113
v 18.896 39.82957 -7.053788
v 19.59097 42.75604 -7.601585
v 23.32453 44.97744 0.7881007
v 22.60105 44.97913 -3.737143
v 19.9207 45.16491 -7.93662
v 19.75437 45.66209 -7.773125
v 22.41463 45.47067 -3.597999
v 23.10563 45.4747 0.7892783
v 22.34538 45.47599 5.165394
v 20.10531 45.49017 9.408041
v 16.7065 44.99425 13.04195
v 16.54554 45.48003 12.93018
v 16.5059 24.7324 1.375423
v 15.84701 24.79402 -0.5608842
v 17.09132 24.61989 -1.065551
v 16.2504 25.76593 -4.844127
v 14.98973 26.08111 -4.13417
v 12.40997 27.03923 -7.382815
v 12.7396 26.70853 -7.831128
v 9.041562 27.24147 -9.22635
v 15.82072 25.63562 -8.358751
v 9.232425 26.946 -9.52443
v 13.77642 26.38548 -9.314521
v 14.42414 25.68952 -9.991276
v 10.13083 26.66434 -11.58193
v 10.47431 26.02688 -12.60353
v 5.396399 26.48851 -10.60639
v 6.073895 26.13553 -12.2015
v 3.503402 25.43904 -11.29155
v 2.271596 25.85503 -9.24609
v 2.580342 20.15726 -11.43549
v 3.29824 20.14974 -12.20963
v 3.503402 25.43904 -11.29155
v 1.403163 19.97191 -9.103427
v 1.894268 25.39457 -9.18415
v 2.271596 25.85503 -9.24609
v 0.4084016 15.9644 -9.835192
v 2.203644 16.47977 -13.24039
v 0.5961286 11.31978 -10.26917
v 2.558285 11.6585 -13.93753
v -0.7754218 6.836586 -14.19657
v 1.429831 7.787051 -17.37676
v -0.1357515 1.568603 -17.25798
v 1.634359 1.835819 -19.61374
v 0.1752787 -0.9928766 -18.74654
v 1.737201 -1.156647 -20.73856
v 2.258663 -2.167409 -20.33463
v 1.14361 -2.045741 -18.96929
v 2.203644 16.47977 -13.24039
v 3.29824 20.14974 -12.20963
v 2.580342 20.15726 -11.43549
v 3.10212 16.5821 -13.98664
v 2.558285 11.6585 -13.93753
v 3.482985 11.77902 -14.51507
v 1.429831 7.787051 -17.37676
v 2.099249 7.904282 -17.62111
v 1.634359 1.835819 -19.61374
v 2.286153 1.863216 -19.79223
v 1.737201 -1.156647 -20.73856
v 6.312274 20.15111 -14.40577
v 6.056227 17.21131 -15.3438
v 6.581166 13.46323 -15.61643
v 6.665051 7.913984 -19.84842
v 6.326609 25.42675 -12.99877
v 3.503402 25.43904 -11.29155
v 6.073895 26.13553 -12.2015
v 10.47431 26.02688 -12.60353
v 10.13083 26.66434 -11.58193
v 10.93934 20.14228 -13.57754
v 14.42414 25.68952 -9.991276
v 15.56503 20.13348 -10.73903
v 11.7031 17.42842 -14.25447
v 16.49103 17.40562 -11.23985
v 12.6849 14.11076 -14.21635
v 17.44639 14.13638 -11.12333
v 14.57676 8.449741 -17.53583
v 19.1615 7.957191 -13.02239
v 7.617959 1.890831 -21.85694
v 16.68451 2.148914 -19.09048
v 22.39391 2.121841 -14.61053
v 2.38049 -1.185953 -20.88808
v 8.097218 -1.138472 -22.8671
v 17.75567 -1.053186 -19.88056
v 24.03159 -0.834609 -15.41515
v 23.74529 -1.79897 -15.16713
v 17.56553 -2.022979 -19.45694
v 8.404185 -2.062586 -22.31082
v 2.737397 -2.190869 -20.43133
v 2.258663 -2.167409 -20.33463
v 11.33685 19.56769 7.988069
v 14.30921 19.57314 6.387694
v 15.01106 18.17176 7.023399
v 11.84981 18.17574 8.714548
v -4.043911 1.639457 16.29583
v -2.378681 1.73397 16.94503
v -4.409537 -1.360169 18.53067
v -0.2311583 -1.066891 20.57639
v 0.2948768 1.736606 18.76083
v 0.7418715 4.307052 16.81527
v 4.873078 4.159847 17.82811
v 4.434778 4.715387 16.06504
v 5.031734 1.712387 19.89765
v 9.864861 4.764371 15.46949
v 10.65541 4.161926 16.72568
v 11.33991 2.19738 18.41583
v 13.98067 4.580181 13.79008
v 14.56659 4.167509 15.12832
v 15.80752 1.712387 17.1206
v 17.22142 4.655933 10.93418
v 18.43434 4.129499 12.013
v 19.18055 2.603961 12.75698
v 20.55403 3.749675 7.713537
v -1.970391 29.87031 9.115039
v -2.562771 30.20806 10.40904
v -2.323929 37.2303 13.87129
v -2.308179 24.13285 7.489139
v -2.852403 24.23715 8.65885
v -2.147826 20.58055 7.598941
v -2.833331 20.44787 9.160007
v -1.688753 17.38865 8.306384
v -2.884537 17.26754 9.68722
v -2.348296 13.54928 8.75402
v -3.600723 13.42343 10.44397
v -3.988847 12.72509 11.08068
v -5.529672 6.496286 14.20076
v -3.502607 6.408933 12.70423
v 14.64752 46.57243 -10.33553
v 15.18651 45.77533 -11.01975
v 19.75437 45.66209 -7.773125
v 18.57071 46.65432 -6.601469
v 22.41463 45.47067 -3.597999
v 12.06333 46.74957 -7.754903
v 10.47503 46.65615 -12.14113
v 21.33784 46.22948 -2.859739
v 23.10563 45.4747 0.7892783
v 7.069712 46.772 -8.79062
v 5.802558 46.7173 -13.48779
v 13.40336 46.92302 -3.593585
v 21.9242 46.24266 0.7827759
v 22.34538 45.47599 5.165394
v 1.525579 46.77779 -9.166641
v 1.471412 46.70087 -13.79597
v 7.802146 47.08134 -4.143131
v 13.84109 47.11128 0.865956
v 21.29181 46.24674 4.417579
v 20.10531 45.49017 9.408041
v -4.019677 46.44291 -8.929511
v -2.866006 46.01715 -13.32808
v 1.495164 47.15438 -4.35838
v 8.030539 47.36595 0.829199
v 13.34697 47.07096 5.319604
v 18.47587 46.75076 8.392613
v 16.54554 45.48003 12.93018
v -9.0292 46.86648 -7.888326
v -7.468847 46.37836 -12.48969
v -13.96475 46.84533 -6.806687
v -11.12863 46.73869 -9.91929
v -12.37201 45.51651 -10.99378
v -15.60445 45.54315 -7.628065
v -16.01981 45.32853 -7.47287
v -18.06123 45.76215 -3.422409
v -16.48247 46.79406 -2.906905
v -10.42175 47.11807 -3.744297
v -17.45172 46.78865 0.7538183
v -19.2317 45.10186 -0.3337098
v -18.99043 45.20378 1.262537
v -4.810848 46.86106 -4.291658
v -16.47417 46.75088 4.366235
v -18.72557 45.24466 4.201674
v -18.34504 45.48384 4.967787
v -10.93912 47.18052 0.71114
v -5.105318 47.51439 0.7461083
v -14.05252 46.66311 8.186855
v -15.71357 45.47948 8.961461
v -10.47813 46.98101 5.168895
v 1.462611 47.44882 0.7876527
v -12.99802 46.6543 12.44299
v -14.26427 45.5041 13.4737
v -4.876924 47.23222 5.718436
v -9.138116 46.79484 9.330207
v -9.285274 46.6543 14.90444
v -10.24375 45.49657 16.1886
v 1.430059 47.23656 5.933688
v -4.144495 46.83664 10.36593
v -2.961147 46.65768 14.9052
v -3.746571 45.45663 16.85101
v 7.739258 47.22672 5.798238
v 1.399642 46.83948 10.74195
v 1.369996 46.6543 15.4288
v 1.341217 45.45607 17.46155
v 6.948094 46.87059 10.4361
v 5.707915 46.6543 14.88057
v 6.438902 45.45016 16.92698
v 11.95442 46.85146 9.463636
v 10.31076 46.67223 13.82942
v 12.03059 45.44675 15.72107
v 15.02137 46.72742 11.50072
v -13.69326 8.065544 9.605913
v -10.22302 8.02409 12.83338
v -12.24669 4.807662 15.06378
v -16.22311 4.59029 11.78487
v -15.27831 6.408933 5.783326
v -17.67708 4.288097 6.833242
v -16.97429 6.408926 2.023023
v 1.325104 6.643062 15.11775
v 4.066948 6.125796 14.80868
v 4.149822 6.02187 15.40081
v 9.219767 6.113299 15.30742
v 8.448965 6.439096 13.81247
v 13.53186 5.713771 13.51365
v 12.19405 6.221541 12.27824
v 16.7074 6.291822 10.45388
v 16.06401 7.682267 9.515455
v 12.27332 7.099212 11.86678
v -16.22311 4.59029 11.78487
v -16.98547 2.372833 12.80789
v -18.70724 1.73936 7.316296
v -17.67708 4.288097 6.833242
v -19.55951 1.85815 2.899952
v -19.94071 1.766593 0.6801107
v -21.67062 -1.314507 -2.89634
v -22.28765 -1.050086 -1.575198
v -22.15682 -1.526085 -1.815798
v -22.30252 -1.113906 2.526317
v -22.18799 -1.577664 2.450117
v -21.05284 -1.292047 8.38658
v -20.93435 -1.787206 8.344825
v -19.19017 -1.000173 13.54728
v -18.94332 -1.772939 13.41986
v -20.03677 1.602489 -3.314365
v -21.89623 -1.018172 -4.180402
v -21.72829 -1.521203 -4.169989
v -20.51066 -1.521145 -7.945508
v -18.27642 3.446594 -6.418303
v -17.59298 3.915746 -6.153006
v -19.20817 1.422557 -6.930964
v -20.69634 -1.007298 -7.951484
v -17.87233 -1.550622 -12.68453
v -16.50078 1.634014 -11.24989
v -15.69265 3.605186 -10.46018
v -18.01768 -1.013396 -12.72698
v -13.9342 -1.57503 -16.53551
v -14.04481 -1.016983 -16.5931
v 15.80752 1.712387 17.1206
v 19.18055 2.603961 12.75698
v 18.2611 -1.318383 16.99518
v 16.46457 -0.6338696 17.85925
v -17.59298 3.915746 -6.153006
v -18.27642 3.446594 -6.418303
v -15.69265 3.605186 -10.46018
v -14.96624 4.052196 -9.688889
v -12.25626 3.746846 -13.69747
v -11.69707 4.052192 -12.73156
v -8.014213 3.841438 -15.13571
v -7.752592 4.051946 -14.48723
v 4.149822 6.02187 15.40081
v 0.7418715 4.307052 16.81527
v 1.325104 6.643062 15.11775
v 4.434778 4.715387 16.06504
v 9.219767 6.113299 15.30742
v 9.864861 4.764371 15.46949
v 13.53186 5.713771 13.51365
v 13.98067 4.580181 13.79008
v -3.766532 -2.94825 -15.1639
v -0.2558814 -1.806458 -18.83279
v -4.232648 -1.67146 -18.74992
v 1.714406 -2.94825 -15.9695
v 0.5770212 -2.002659 -18.49419
v -6.689641 -1.520688 -18.50403
v 1.14361 -2.045741 -18.96929
v -8.03981 -2.94825 -15.19691
v -9.017291 -1.555729 -17.89752
v 3.695183 -2.922001 -18.34652
v 2.258663 -2.167409 -20.33463
v 2.737397 -2.190869 -20.43133
v 8.404185 -2.062586 -22.31082
v 9.363184 -2.910824 -18.15868
v 17.56553 -2.022979 -19.45694
v -12.1809 -2.94825 -14.45952
v -13.9342 -1.57503 -16.53551
v -15.18515 -2.94825 -10.83051
v -17.87233 -1.550622 -12.68453
v -9.862687 -2.94825 -11.30989
v -16.68992 -2.94825 -6.463994
v -20.51066 -1.521145 -7.945508
v -4.686509 -2.94825 -11.67016
v 7.4285 -2.94825 -14.48637
v -17.81853 -2.94825 -2.984933
v -21.72829 -1.521203 -4.169989
v -12.94439 -2.94825 -1.522551
v -11.65661 -2.94825 -6.637873
v -17.35831 -2.94825 -2.226423
v -21.67062 -1.314507 -2.89634
v -18.03473 -2.954403 -1.648071
v -22.15682 -1.526085 -1.815798
v -18.06137 -2.987988 2.093747
v -22.18799 -1.577664 2.450117
v -5.498044 -2.94825 -6.269554
v -17.88525 -3.100037 7.053284
v -20.93435 -1.787206 8.344825
v -13.22989 -2.950272 3.756764
v -15.09115 -3.018925 11.77737
v -18.94332 -1.772939 13.41986
v -17.66369 -2.090043 13.80227
v -12.39516 -2.953255 8.867146
v -10.88134 -2.857712 14.46643
v -13.09008 -1.769204 16.97222
v -6.184937 -2.94825 -0.4446427
v 1.599366 -2.94825 -11.0722
v -6.799628 -2.94825 5.39178
v -6.098622 -2.947968 15.78216
v -7.69675 -1.143338 19.19182
v -6.772664 -2.94825 10.92611
v -3.376887 -2.94825 14.87263
v -4.409537 -1.360169 18.53067
v 1.702621 -2.94825 -5.330632
v 8.699597 -2.94825 -9.535526
v 1.439379 -2.94825 0.7711779
v 0.5122104 -2.94825 6.767119
v -1.142058 -2.94825 17.14407
v -0.2311583 -1.066891 20.57639
v -0.3781132 -2.94825 12.35025
v 9.461681 -2.94825 -3.883973
v 13.62041 -2.94825 -12.78931
v 3.992713 -2.94825 17.39097
v 5.264309 -1.051236 21.21295
v 9.114569 -2.94825 1.995114
v 7.889163 -2.94825 7.734151
v 6.14223 -2.94825 12.98561
v 15.17508 -2.94825 -7.317197
v 15.73111 -2.886075 -16.9347
v 23.74529 -1.79897 -15.16713
v 16.16465 -2.94825 -2.201307
v 20.86835 -2.94825 -5.081177
v 18.62223 -2.94825 -9.547446
v 20.8037 -2.881588 -13.25853
v 23.53964 -1.890281 -8.857211
v 22.1102 -2.805085 -7.501934
v 23.96732 -1.87344 -6.523102
v 25.05908 -1.431485 -3.970016
v 20.97636 -2.94825 -0.4574764
v 25.50053 -1.369038 -0.7634279
v 25.49213 -1.369038 4.580096
v 15.87969 -2.94825 3.073925
v 20.96515 -2.94825 3.884892
v 24.47474 -1.261006 10.23026
v 14.50978 -2.94825 8.176157
v 19.62523 -2.94825 8.015374
v 21.07886 -1.318383 14.54251
v 12.14831 -2.94825 12.75767
v 18.08449 -2.94825 12.37616
v 18.2611 -1.318383 16.99518
v 9.454123 -2.94825 17.55223
v 10.43389 -1.76336 19.96063
v 14.60633 -2.94825 15.9296
v 16.31819 -1.802365 17.65883
vn 0.6113678 0.6125762 0.5009788
vn 0.7227765 -0.2748116 0.6340921
vn 0.6252937 -0.2841018 0.7268384
vn -0.8278987 0.5566157 -0.06901266
vn -0.6400931 0.7324647 -0.2318972
vn -0.7430735 0.5687591 -0.35264
vn -0.2203155 0.6116627 0.7598222
vn -0.371975 0.5264803 0.7644954
vn -0.039504 0.5478335 0.8356542
vn 0.6457839 0.1411045 0.7503684
vn 0.3568121 0.3794045 0.8536611
vn 0.135928 0.3526223 0.9258407
vn -0.5568901 0.6242248 -0.5479204
vn -0.7113069 0.2844512 -0.6427519
vn -0.6961135 -0.1466492 -0.7027944
vn 0.2330223 0.5633754 0.7926593
vn 0.4438769 0.545021 0.7112843
vn 0.4650419 0.163175 0.8701207
vn 0.2618443 0.1268759 0.9567341
vn -0.009790795 0.5607944 0.8278973
vn -0.003238376 -0.2634573 0.9646657
vn -0.2997376 0.5776321 0.759275
vn -0.2965024 -0.2218962 0.9288964
vn 0.1942224 -0.6235741 0.7572535
vn 0.339034 -0.6463833 0.6835529
vn 0.6252937 -0.2841018 0.7268384
vn -0.702343 0.5480981 0.4542056
vn -0.3237035 0.5343266 0.7808401
vn -0.4235974 0.1924779 0.8851652
vn -0.6877564 0.2816798 0.6690648
vn -0.8199207 0.5410524 0.1870625
vn -0.7905486 0.07949939 0.6072172
vn -0.948415 0.1787811 0.2618136
vn -0.811987 0.5711637 0.1202047
vn -0.9691064 0.219326 0.1128222
vn -0.8202372 0.5689147 0.05955744
vn -0.9705645 0.2244337 -0.08737357
vn 0.6113678 0.6125762 0.5009788
vn 0.8910462 -0.2490547 0.3794845
vn 0.7227765 -0.2748116 0.6340921
vn 0.712088 0.6368483 0.2955588
vn 0.9509666 -0.2906748 0.1056918
vn 0.7148787 0.6294126 0.3046115
vn 0.4646892 0.8208013 0.3321885
vn 0.7965795 0.5960547 0.1008957
vn 0.9547323 -0.2930289 -0.0511893
vn 0.7815637 0.4633634 0.4176752
vn 0.5738074 0.5338564 0.6210817
vn 0.5013593 0.7556987 0.4213766
vn 0.357342 0.7559522 0.5484916
vn 0.3621351 0.6988943 0.6167697
vn 0.8175496 0.3230983 0.4766762
vn 0.5420731 0.4386699 0.7167465
vn 0.5620968 0.1996052 0.8026239
vn 0.89771 0.4128176 0.1539427
vn 0.8128808 0.1925055 0.5496966
vn 0.5502378 0.3138625 0.7737756
vn 0.8209881 0.5682819 -0.05508369
vn 0.7720754 0.3536775 0.5280265
vn 0.5630671 0.3576801 0.7449969
vn 0.9713212 0.1672378 0.1690165
vn 0.7731455 0.3958829 0.4955024
vn 0.6309229 -0.007765758 0.7758067
vn 0.9397545 0.260779 -0.221033
vn 0.9432819 -0.3021363 -0.137597
vn 0.7402495 -0.6623845 -0.1152283
vn 0.9192021 0.3872947 -0.07120571
vn 0.931439 0.3257381 0.162222
vn 0.8617143 0.01891556 0.507041
vn 0.6744298 -0.1791167 0.7162832
vn 0.9857982 0.1632118 -0.03954595
vn 0.7596692 -0.6456319 -0.07786008
vn 0.8254982 0.5539061 -0.108355
vn 0.9820686 0.1624492 -0.09566401
vn 0.9258839 0.325143 0.1924086
vn 0.892937 0.08032276 -0.442958
vn 0.6914219 -0.6509458 -0.3133774
vn 0.8561134 0.5164675 -0.01819798
vn 0.7891287 0.5038213 -0.3513403
vn 0.9206024 0.3694977 -0.1263433
vn 0.9383206 0.3444532 -0.0301057
vn 0.821992 0.4535786 -0.3443771
vn 0.9758721 0.1960406 -0.09613373
vn 0.9727519 0.1720645 -0.1553947
vn 0.9766474 0.2005174 -0.07715373
vn 0.8730614 0.2979774 -0.3859708
vn 0.9776976 0.1466964 -0.1502921
vn 0.9720672 0.1828917 -0.1470919
vn 0.8029405 0.2498275 -0.5411773
vn 0.9834249 0.1776551 -0.03625033
vn 0.956746 0.1513955 -0.2484282
vn 0.7574006 0.2497937 -0.6032806
vn 0.9834788 0.1070434 -0.1459836
vn 0.7785043 0.5693297 -0.264187
vn 0.6158796 0.5234424 -0.5888127
vn 0.9758106 0.1623487 -0.1464125
vn 0.7118288 0.7017751 -0.02848694
vn 0.990283 0.1370931 0.02334323
vn 0.7858425 0.6109977 0.09556826
vn 0.9900812 0.07069113 0.1214167
vn 0.8901213 -0.12662 0.4377802
vn 0.9029261 -0.2460435 0.3524018
vn 0.7406753 -0.3051153 0.5985857
vn 0.715299 -0.5067255 0.4812243
vn 0.7797381 -0.5886431 0.2133256
vn 0.9733001 -0.2224186 0.05671725
vn 0.7763373 -0.6286254 0.04615898
vn 0.9932835 -0.1076238 0.04248663
vn 0.9321212 -0.2540542 -0.2580825
vn 0.7400632 -0.645 -0.1904768
vn 0.94401 -0.1451048 -0.2962935
vn 0.7870098 0.60289 -0.1309174
vn 0.7821481 -0.2955195 -0.5485551
vn 0.6481308 -0.6185535 -0.444205
vn 0.9506397 -0.1221495 -0.2852432
vn 0.8264853 -0.1399134 -0.5452946
vn 0.8671402 -0.05768638 -0.4947122
vn 0.7684715 0.6054644 -0.2070373
vn 0.5855299 0.5362108 -0.6079744
vn 0.6377726 -0.6108496 0.4691577
vn 0.4954737 -0.615297 0.6131194
vn 0.5185109 -0.5454788 0.6584827
vn 0.5730668 -0.7328242 0.3668285
vn 0.7263545 -0.6449378 0.2376226
vn 0.5370584 -0.8339274 0.1270174
vn 0.715299 -0.5067255 0.4812243
vn 0.7910873 -0.6116157 0.01034671
vn 0.7797381 -0.5886431 0.2133256
vn 0.5068471 -0.8615342 0.02940866
vn 0.7378506 -0.6280561 -0.2472286
vn 0.7763373 -0.6286254 0.04615898
vn 0.493395 -0.862998 -0.1086091
vn 0.585367 -0.5983055 -0.5471527
vn 0.7400632 -0.645 -0.1904768
vn 0.4510249 -0.8357578 -0.313186
vn 0.4100424 -0.6101283 -0.6779445
vn 0.6481308 -0.6185535 -0.444205
vn 0.3789946 -0.7556936 -0.5341257
vn 0.3703378 -0.3616271 -0.8556142
vn 0.5206968 -0.5258666 -0.6725616
vn 0.5970361 -0.3259643 -0.7330043
vn 0.7821481 -0.2955195 -0.5485551
vn 0.3559722 0.2663198 0.8957441
vn 0.5502378 0.3138625 0.7737756
vn 0.5620968 0.1996052 0.8026239
vn 0.382352 0.2147573 0.8987137
vn 0.5420731 0.4386699 0.7167465
vn 0.3583699 0.4428326 0.82187
vn 0.2308859 0.1646461 0.9589491
vn 0.2445592 0.2361516 0.9404378
vn 0.244349 0.211195 0.9464092
vn 0.3609892 0.2879054 0.8870159
vn 0.2553297 0.4220271 0.869885
vn 0.17816 0.7830566 0.5958871
vn 0.2665761 0.7817324 0.5637656
vn 0.1447085 0.810142 0.5680928
vn 0.1777601 0.441653 0.8793997
vn -0.039504 0.5478335 0.8356542
vn 0.190707 0.2497267 0.9493511
vn 0.1882781 0.1428051 0.971678
vn -0.001686834 0.4772178 0.8787835
vn -0.371975 0.5264803 0.7644954
vn 0.0396331 0.2895652 0.9563374
vn 0.1889348 0.1573868 0.9692951
vn 0.007261252 0.1490155 0.9888082
vn -0.006910982 0.1390556 0.9902605
vn -0.3870015 0.3346005 0.8592278
vn -0.3954757 0.1531456 0.9056188
vn -0.3711593 0.4928902 0.7869563
vn -0.400158 0.1018908 0.9107644
vn 0.06700744 0.1545523 0.9857097
vn 0.2156917 0.1235791 0.96861
vn 0.1174951 0.2541856 0.959992
vn 0.0623586 0.4948693 0.8667271
vn 0.2509402 -0.1009314 0.9627262
vn -0.4041666 -0.1186459 0.9069579
vn 0.1936887 -0.3839008 0.9028316
vn -0.4102675 0.5645483 0.7162164
vn -0.2203155 0.6116627 0.7598222
vn -0.01539686 0.5678228 0.8230068
vn 0.2481359 0.4747507 0.8444172
vn -0.0002098994 -0.07871872 0.9968969
vn -0.3512442 -0.3656712 0.8619235
vn -0.07744808 -0.4007743 0.9128975
vn 0.1302393 0.5298009 0.8380625
vn -0.1013616 -0.3205293 0.9417998
vn 0.002540967 -0.252879 0.9674946
vn 0.1940787 -0.07188165 0.9783488
vn 0.0002109435 -0.3309422 0.943651
vn 0.2753291 -0.06823739 0.9589251
vn 0.185877 -0.3137373 0.9311384
vn 0.4192912 -0.03039869 0.9073428
vn 0.5630671 0.3576801 0.7449969
vn 0.6309229 -0.007765758 0.7758067
vn 0.3076743 -0.302117 0.9022538
vn 0.1634835 -0.4096946 0.8974539
vn 0.0102488 -0.3968464 0.9178278
vn 0.4764508 -0.2582477 0.8404182
vn 0.6744298 -0.1791167 0.7162832
vn 0.7406753 -0.3051153 0.5985857
vn 0.3472298 -0.4579346 0.8183687
vn 0.5370399 -0.4596336 0.7073366
vn 0.715299 -0.5067255 0.4812243
vn 0.5730668 -0.7328242 0.3668285
vn 0.4954737 -0.615297 0.6131194
vn 0.3457182 -0.5707089 0.7448291
vn 0.5185109 -0.5454788 0.6584827
vn 0.3402962 -0.5195477 0.7837529
vn 0.1344661 -0.3892606 0.9112601
vn 0.3372043 -0.3847521 0.85922
vn 0.006360589 -0.3896393 0.9209456
vn 0.5681486 -0.3593251 0.7403328
vn 0.6377726 -0.6108496 0.4691577
vn 0.7465703 -0.3183872 0.5841767
vn 0.617645 0.02444168 0.7860771
vn 0.7973499 0.05916271 0.6006104
vn 0.38045 -0.005208608 0.9247868
vn 0.4682946 0.6368467 0.6124757
vn 0.2777941 0.6312577 0.7241161
vn 0.1514778 -0.04704647 0.9873405
vn 0.1236424 0.6216646 0.7734635
vn -0.002373494 -0.06055307 0.9981622
vn -0.005973862 0.6059502 0.7954802
vn -0.1116005 -0.07449131 0.9909573
vn -0.07937984 0.5885361 0.8045645
vn -0.09366858 -0.3800133 0.9202262
vn -0.3367283 -0.08345512 0.9378962
vn -0.2868375 0.5502792 0.7841665
vn -0.2652477 -0.3789445 0.8865917
vn -0.7808425 -0.05129797 0.6226183
vn -0.6581115 0.5649118 0.497759
vn -0.7026452 -0.3880356 0.5964212
vn -0.2420802 -0.37777 0.8936929
vn -0.6927964 -0.357898 0.6260529
vn 0.5097287 -0.3254028 0.7964231
vn -0.2394623 -0.3290106 0.9134604
vn -0.7537906 -0.2530194 0.6064495
vn 0.2425148 -0.08709034 0.9662308
vn 0.7573556 -0.07373258 0.6488267
vn 0.6990878 0.1215621 0.7046268
vn -0.2515096 -0.08298592 0.9642906
vn -0.7633494 -0.05786196 0.6433892
vn 0.1978064 0.127394 0.9719277
vn 0.6389025 0.08199769 0.7649053
vn -0.281722 0.1383665 0.9494669
vn -0.7520416 0.1570652 0.640128
vn 0.1711223 0.1653762 0.9712713
vn 0.6457839 0.1411045 0.7503684
vn 0.135928 0.3526223 0.9258407
vn -0.3279848 0.1692481 0.9293982
vn -0.7697811 0.09463744 0.6312534
vn -0.3141463 0.332943 0.8890788
vn 0.3568121 0.3794045 0.8536611
vn -0.7804365 0.2200435 0.5852347
vn -0.3033543 0.572825 0.7614774
vn -0.6977996 0.5906576 0.4052151
vn -0.3272338 0.5778451 0.7476718
vn -0.3237035 0.5343266 0.7808401
vn -0.702343 0.5480981 0.4542056
vn -0.7082399 0.5773374 0.4062977
vn -0.4235974 0.1924779 0.8851652
vn -0.3110482 -0.676563 0.6674665
vn -0.3744775 -0.7493258 0.5461478
vn -0.6877564 0.2816798 0.6690648
vn -0.7905486 0.07949939 0.6072172
vn -0.5532789 -0.6259388 0.5496208
vn -0.3446098 -0.3144657 -0.8845086
vn -0.5120035 -0.2771502 -0.8130438
vn -0.4733304 -0.1985334 -0.8582207
vn -0.3180031 -0.2132676 -0.9237916
vn -0.4574658 -0.02325034 -0.8889232
vn -0.1481227 -0.3278215 -0.9330556
vn -0.1495819 -0.4016209 -0.9035076
vn -0.3694447 -0.4064054 -0.8356706
vn -0.1757749 -0.1480079 -0.9732404
vn -0.4074298 -0.1304655 -0.9038693
vn -0.3049991 -0.03600609 -0.9516718
vn -0.1475954 -0.2453674 -0.9581286
vn -0.1596613 -0.07985815 -0.9839365
vn 0.01989837 -0.3922903 -0.9196262
vn 0.01155309 -0.323963 -0.9459992
vn 0.001810885 -0.109756 -0.9939569
vn -0.04777473 -0.2358143 -0.9706231
vn -0.3171613 0.5065036 -0.8017873
vn -0.5241604 0.5362497 -0.6615831
vn -0.6290531 -0.0992078 -0.7710058
vn -0.1982619 0.9301372 -0.3090908
vn -0.08676684 0.9161021 -0.3914441
vn -0.1642786 0.505426 -0.8470874
vn -0.09524628 0.9257075 -0.3660518
vn -0.04540297 0.5412829 -0.8396139
vn -0.06345918 0.9375827 -0.3419234
vn 0.2154957 -0.08717458 -0.9726059
vn 0.1748165 0.5380703 -0.8245724
vn 0.06162607 0.9387116 -0.3391499
vn 0.1844663 -0.3896503 -0.9022998
vn 0.3360802 0.5377495 -0.7732241
vn 0.1346811 0.9336974 -0.3317684
vn 0.408807 -0.04327597 -0.9115942
vn 0.1726571 -0.3228761 -0.9305593
vn 0.4344077 0.5780014 -0.6907998
vn 0.2005706 0.9260508 -0.3196895
vn 0.3610561 -0.3619124 -0.8594521
vn 0.5247964 0.02758719 -0.8507807
vn 0.7154896 0.08983901 -0.6928229
vn 0.5757763 0.6287153 -0.5226842
vn 0.4745972 -0.3083324 -0.8244323
vn 0.6818771 -0.2632663 -0.6824474
vn 0.4100424 -0.6101283 -0.6779445
vn 0.585367 -0.5983055 -0.5471527
vn 0.3703378 -0.3616271 -0.8556142
vn 0.1171116 -0.2149479 -0.9695784
vn 0.4071053 -0.1867828 -0.8940791
vn 0.5206968 -0.5258666 -0.6725616
vn 0.5970361 -0.3259643 -0.7330043
vn -0.356399 0.2179892 -0.9085486
vn -0.09865472 0.4189372 -0.9026399
vn -0.2038087 0.8935962 -0.3999346
vn 0.0995624 0.9372303 -0.3341956
vn 0.3179992 0.4614025 -0.8282416
vn -0.4432299 0.1066844 -0.8900369
vn 0.6390113 -0.1652299 -0.7512414
vn 0.5855299 0.5362108 -0.6079744
vn 0.8264853 -0.1399134 -0.5452946
vn 0.7821481 -0.2955195 -0.5485551
vn 0.8671402 -0.05768638 -0.4947122
vn -0.2305729 0.1174361 -0.9659425
vn -0.6672904 0.1898596 -0.7201923
vn -0.1756062 0.1497602 -0.9730027
vn -0.6562618 0.1662401 -0.7359924
vn -0.1913581 0.4319145 -0.8813807
vn -0.6543394 0.319663 -0.6853142
vn -0.1904803 0.554533 -0.8100681
vn -0.6411209 0.4802121 -0.5986322
vn -0.2826783 0.4509113 -0.8466239
vn -0.06705742 0.51302 -0.8557534
vn -0.6766359 0.2961758 -0.6741244
vn -0.1008057 0.534262 -0.8392868
vn -0.1307066 0.2744694 -0.9526712
vn -0.1478173 0.1885388 -0.9708775
vn -0.1255257 0.1423791 -0.9818205
vn -0.1640156 -0.4414984 -0.882144
vn -0.6228929 0.08217569 -0.7779791
vn -0.1787869 -0.8132122 -0.5538241
vn -0.4352616 -0.782574 -0.4451126
vn -0.06780136 -0.330854 -0.9412431
vn -0.1086 -0.2962039 -0.9489306
vn -0.3162135 0.1973413 -0.9279361
vn -0.3470205 0.15155 -0.925532
vn -0.4642518 0.1756094 -0.8681197
vn -0.6313241 0.147076 -0.761445
vn -0.6443477 -0.01889468 -0.7644992
vn -0.6457916 0.06928221 -0.7603639
vn -0.4868095 0.1076858 -0.8668451
vn -0.4912167 0.272297 -0.8273816
vn -0.351275 0.2899917 -0.8902307
vn -0.3112215 0.5450454 -0.7785029
vn -0.4399282 0.5541837 -0.7066426
vn -0.6180035 0.5302338 -0.5804514
vn -0.6646999 0.2370976 -0.7084905
vn -0.6358402 0.5257718 -0.5650409
vn -0.467038 0.5155229 -0.7184092
vn -0.3045187 0.5073825 -0.8061212
vn -0.206643 0.6685853 -0.7143475
vn -0.3404495 0.7922664 -0.5063676
vn -0.5189475 0.7460501 -0.4172561
vn -0.1732208 0.6784351 -0.7139471
vn -0.1801848 0.5291775 -0.829159
vn -0.351176 0.7547963 -0.5540379
vn -0.4281971 0.5666929 -0.7039222
vn -0.5379538 0.729812 -0.421877
vn -0.6527545 0.5568826 -0.5136082
vn -0.7779192 0.1951679 -0.5972866
vn -0.5020369 0.2149069 -0.8377196
vn -0.2154927 0.2334072 -0.9482004
vn -0.1970599 -0.6062765 -0.770452
vn -0.3982694 -0.5905043 -0.701916
vn -0.4868095 0.1076858 -0.8668451
vn -0.6646999 0.2370976 -0.7084905
vn -0.4912167 0.272297 -0.8273816
vn -0.6457916 0.06928221 -0.7603639
vn -0.8517413 0.212792 -0.4788073
vn -0.8513145 0.03272099 -0.5236344
vn -0.6313241 0.147076 -0.761445
vn -0.7765865 0.4977545 -0.3862047
vn -0.6180035 0.5302338 -0.5804514
vn -0.8653753 0.1055885 -0.4898741
vn -0.6443477 -0.01889468 -0.7644992
vn -0.7430735 0.5687591 -0.35264
vn -0.8278987 0.5566157 -0.06901266
vn -0.6358402 0.5257718 -0.5650409
vn -0.5189475 0.7460501 -0.4172561
vn -0.6400931 0.7324647 -0.2318972
vn -0.8654317 0.4860649 -0.1215275
vn -0.8562121 0.4809442 0.1886624
vn -0.9731842 0.2093685 -0.09527555
vn -0.9958338 0.02340027 -0.08813328
vn -0.940478 0.1902321 0.2816254
vn -0.9959888 0.07303 -0.05170103
vn -0.9538747 0.04883974 0.2962056
vn -0.8603274 -0.01333148 -0.5095673
vn -0.7658877 0.589604 0.2564825
vn -0.9078867 0.1791509 0.3790076
vn -0.6977996 0.5906576 0.4052151
vn -0.7804365 0.2200435 0.5852347
vn -0.9167518 0.04359215 0.3970717
vn -0.7697811 0.09463744 0.6312534
vn -0.9392861 0.09060012 0.3309582
vn -0.9058456 0.136023 0.401175
vn -0.7520416 0.1570652 0.640128
vn -0.9979565 -0.03671566 -0.05229554
vn -0.8971434 -0.03244393 0.4405464
vn -0.7633494 -0.05786196 0.6433892
vn -0.9162182 -0.05197082 0.397295
vn -0.8771618 -0.1931718 0.439627
vn -0.7537906 -0.2530194 0.6064495
vn -0.9036448 -0.1873123 0.3851495
vn -0.9869403 -0.1558002 -0.04092779
vn -0.8753955 -0.1580688 -0.4568337
vn -0.8652051 -0.299841 0.4018899
vn -0.6927964 -0.357898 0.6260529
vn -0.8760923 -0.3111983 0.3682636
vn -0.9527014 -0.3036487 -0.01255168
vn -0.844459 -0.359737 0.3968355
vn -0.7026452 -0.3880356 0.5964212
vn -0.8541124 -0.3797229 0.3553908
vn -0.9026344 -0.008429551 0.4303254
vn -0.7808425 -0.05129797 0.6226183
vn -0.6581115 0.5649118 0.497759
vn -0.7125916 0.6170303 0.3338965
vn -0.9082294 -0.04222307 0.4163371
vn -0.7155088 0.6256148 0.3108911
vn -0.9289017 0.3239021 0.1795248
vn -0.9849468 0.1032585 0.1386274
vn -0.7565053 0.6470118 0.0952653
vn -0.8167302 0.5726541 -0.07084583
vn -0.9155977 -0.4019695 0.01007474
vn -0.9951741 -0.010679 -0.09754142
vn -0.9087289 -0.03949941 -0.4155138
vn -0.7296101 0.6173084 -0.2942777
vn -0.7113069 0.2844512 -0.6427519
vn -0.6961135 -0.1466492 -0.7027944
vn -0.8300663 -0.3862062 -0.402287
vn -0.8689513 -0.2682428 -0.4158959
vn -0.6869361 -0.3564034 -0.6333209
vn -0.685186 -0.2610533 -0.679979
vn -0.6290531 -0.0992078 -0.7710058
vn -0.5568901 0.6242248 -0.5479204
vn -0.5241604 0.5362497 -0.6615831
vn -0.5536649 -0.3788192 -0.7415869
vn -0.4074298 -0.1304655 -0.9038693
vn -0.3694447 -0.4064054 -0.8356706
vn -0.5120035 -0.2771502 -0.8130438
vn -0.3446098 -0.3144657 -0.8845086
vn -0.6700452 -0.1793949 -0.7203172
vn -0.4733304 -0.1985334 -0.8582207
vn -0.4574658 -0.02325034 -0.8889232
vn 0.7465703 -0.3183872 0.5841767
vn 0.7263545 -0.6449378 0.2376226
vn 0.6377726 -0.6108496 0.4691577
vn 0.9047 -0.2663704 0.3325129
vn 0.7910873 -0.6116157 0.01034671
vn 0.7973499 0.05916271 0.6006104
vn 0.9715371 -0.2368044 0.006278064
vn 0.7378506 -0.6280561 -0.2472286
vn 0.9363205 0.09765663 0.3372938
vn 0.9048269 -0.2439658 -0.3489543
vn 0.585367 -0.5983055 -0.5471527
vn 0.6818771 -0.2632663 -0.6824474
vn 0.9936507 0.1122679 0.007368242
vn 0.926306 0.1124174 -0.3596102
vn 0.7154896 0.08983901 -0.6928229
vn 0.5757763 0.6287153 -0.5226842
vn 0.7232528 0.6405368 -0.2581049
vn 0.7752463 0.6316335 0.005683133
vn 0.7322174 0.6343619 0.2478765
vn 0.6204612 0.6315165 0.4649891
vn 0.617645 0.02444168 0.7860771
vn 0.4682946 0.6368467 0.6124757
vn 0.9900812 0.07069113 0.1214167
vn 0.7870098 0.60289 -0.1309174
vn 0.7858425 0.6109977 0.09556826
vn 0.7118288 0.7017751 -0.02848694
vn 0.7684715 0.6054644 -0.2070373
vn 0.5855299 0.5362108 -0.6079744
vn 0.2749486 0.9480871 -0.1597939
vn 0.3179992 0.4614025 -0.8282416
vn 0.7785043 0.5693297 -0.264187
vn 0.0995624 0.9372303 -0.3341956
vn 0.3172033 0.9178724 -0.2385214
vn 0.6158796 0.5234424 -0.5888127
vn 0.1062819 0.9237915 -0.3678498
vn 0.269174 0.5504687 -0.7902718
vn -0.2038087 0.8935962 -0.3999346
vn -0.2178826 0.8419626 -0.493585
vn -0.6044559 0.5150335 -0.6077611
vn -0.356399 0.2179892 -0.9085486
vn -0.7933867 0.2310631 -0.5631585
vn -0.6148345 0.2754611 -0.7389855
vn -0.6044559 0.5150335 -0.6077611
vn -0.6672904 0.1898596 -0.7201923
vn -0.4432299 0.1066844 -0.8900369
vn -0.356399 0.2179892 -0.9085486
vn -0.6562618 0.1662401 -0.7359924
vn -0.7671489 0.1898845 -0.6127206
vn -0.6543394 0.319663 -0.6853142
vn -0.721167 0.3554941 -0.5945941
vn -0.6411209 0.4802121 -0.5986322
vn -0.614105 0.4451868 -0.6516777
vn -0.6766359 0.2961758 -0.6741244
vn -0.5648414 0.2803249 -0.7761264
vn -0.6228929 0.08217569 -0.7779791
vn -0.5437772 -0.1176142 -0.8309471
vn -0.3593148 -0.753152 -0.5510491
vn -0.4352616 -0.782574 -0.4451126
vn -0.7671489 0.1898845 -0.6127206
vn -0.6148345 0.2754611 -0.7389855
vn -0.7933867 0.2310631 -0.5631585
vn -0.5405928 0.2068273 -0.8154643
vn -0.721167 0.3554941 -0.5945941
vn -0.4831472 0.3923637 -0.7827001
vn -0.614105 0.4451868 -0.6516777
vn -0.3980387 0.4822673 -0.7803739
vn -0.5648414 0.2803249 -0.7761264
vn -0.3175479 0.2997353 -0.8996233
vn -0.5437772 -0.1176142 -0.8309471
vn -0.1939487 0.2848718 -0.9387396
vn -0.1612933 0.2088994 -0.9645442
vn -0.1190806 0.3368148 -0.9340105
vn -0.1110287 0.4490952 -0.8865586
vn -0.2121958 0.4708004 -0.856341
vn -0.6044559 0.5150335 -0.6077611
vn -0.2178826 0.8419626 -0.493585
vn 0.269174 0.5504687 -0.7902718
vn 0.1062819 0.9237915 -0.3678498
vn 0.3303066 0.2618236 -0.9068329
vn 0.6158796 0.5234424 -0.5888127
vn 0.7574006 0.2497937 -0.6032806
vn 0.3533629 0.2084904 -0.9119575
vn 0.8029405 0.2498275 -0.5411773
vn 0.3953837 0.3325892 -0.8561869
vn 0.8730614 0.2979774 -0.3859708
vn 0.4025553 0.4593142 -0.7918205
vn 0.821992 0.4535786 -0.3443771
vn -0.04702627 0.3176859 -0.9470291
vn 0.4273417 0.3875303 -0.8168227
vn 0.7891287 0.5038213 -0.3513403
vn -0.2839725 -0.1073263 -0.9528068
vn -0.02679237 -0.09020806 -0.9955625
vn 0.4546856 -0.01644189 -0.8905003
vn 0.892937 0.08032276 -0.442958
vn 0.6914219 -0.6509458 -0.3133774
vn 0.3065242 -0.7423062 -0.5958393
vn 0.03267976 -0.7561004 -0.6536393
vn -0.1644647 -0.7966083 -0.581693
vn -0.3593148 -0.753152 -0.5510491
vn 0.3609892 0.2879054 0.8870159
vn 0.5630671 0.3576801 0.7449969
vn 0.5502378 0.3138625 0.7737756
vn 0.3559722 0.2663198 0.8957441
vn -0.01539686 0.5678228 0.8230068
vn -0.4102675 0.5645483 0.7162164
vn -0.1013616 -0.3205293 0.9417998
vn -0.2965024 -0.2218962 0.9288964
vn -0.2997376 0.5776321 0.759275
vn -0.2203155 0.6116627 0.7598222
vn -0.01087354 0.8069342 0.5905413
vn 0.03854117 0.7342256 0.6778107
vn -0.009790795 0.5607944 0.8278973
vn 0.190493 0.7181594 0.6692978
vn 0.1587611 0.8263461 0.5403213
vn 0.2330223 0.5633754 0.7926593
vn 0.357342 0.7559522 0.5484916
vn 0.2967358 0.8278412 0.4760533
vn 0.4438769 0.545021 0.7112843
vn 0.5013593 0.7556987 0.4213766
vn 0.4646892 0.8208013 0.3321885
vn 0.6113678 0.6125762 0.5009788
vn 0.7148787 0.6294126 0.3046115
vn 0.1936887 -0.3839008 0.9028316
vn 0.5097287 -0.3254028 0.7964231
vn -0.07744808 -0.4007743 0.9128975
vn 0.2509402 -0.1009314 0.9627262
vn 0.7573556 -0.07373258 0.6488267
vn 0.2156917 0.1235791 0.96861
vn 0.6990878 0.1215621 0.7046268
vn 0.06700744 0.1545523 0.9857097
vn 0.6389025 0.08199769 0.7649053
vn 0.1174951 0.2541856 0.959992
vn 0.6457839 0.1411045 0.7503684
vn 0.3568121 0.3794045 0.8536611
vn 0.2481359 0.4747507 0.8444172
vn 0.0623586 0.4948693 0.8667271
vn 0.2005706 0.9260508 -0.3196895
vn 0.4344077 0.5780014 -0.6907998
vn 0.5757763 0.6287153 -0.5226842
vn 0.2482049 0.9501399 -0.1887548
vn 0.7232528 0.6405368 -0.2581049
vn 0.02956164 0.998899 -0.03642702
vn 0.1346811 0.9336974 -0.3317684
vn 0.3332921 0.9369262 -0.1052886
vn 0.7752463 0.6316335 0.005683133
vn 0.01240844 0.999037 -0.04208421
vn 0.06162607 0.9387116 -0.3391499
vn 0.05444019 0.9979664 -0.03315765
vn 0.3533061 0.9355046 -0.002463507
vn 0.7322174 0.6343619 0.2478765
vn -0.03823703 0.9974532 -0.06020812
vn -0.06345918 0.9375827 -0.3419234
vn 0.02214553 0.9979044 -0.0607973
vn 0.07226089 0.9973159 -0.01180065
vn 0.3433841 0.9338249 0.1002916
vn 0.6204612 0.6315165 0.4649891
vn -0.005849901 0.996991 -0.07729575
vn -0.09524628 0.9257075 -0.3660518
vn -0.01241274 0.9968655 -0.07813476
vn 0.02453775 0.9996098 -0.01334737
vn 0.05830295 0.998033 0.0230424
vn 0.2549978 0.9499159 0.1806541
vn 0.4682946 0.6368467 0.6124757
vn 0.02558723 0.9975111 -0.06570308
vn -0.08676684 0.9161021 -0.3914441
vn -0.2595889 0.9390065 -0.2255667
vn -0.1982619 0.9301372 -0.3090908
vn -0.5241604 0.5362497 -0.6615831
vn -0.5568901 0.6242248 -0.5479204
vn -0.7113069 0.2844512 -0.6427519
vn -0.7296101 0.6173084 -0.2942777
vn -0.3284883 0.934821 -0.1349262
vn -0.01770798 0.9985453 -0.05092856
vn -0.4201392 0.9067459 0.03598631
vn -0.8167302 0.5726541 -0.07084583
vn -0.7565053 0.6470118 0.0952653
vn -0.003152166 0.9968413 -0.07935701
vn -0.323264 0.9370678 0.1319255
vn -0.9289017 0.3239021 0.1795248
vn -0.7155088 0.6256148 0.3108911
vn -0.0443624 0.9990153 0.0005660224
vn -0.01994337 0.9996694 -0.01622953
vn -0.2594355 0.9563574 0.1344386
vn -0.7125916 0.6170303 0.3338965
vn -0.04710767 0.9973756 0.05497994
vn 0.001667396 0.9998581 -0.01676001
vn -0.294344 0.9319954 0.2115332
vn -0.6581115 0.5649118 0.497759
vn -0.02355245 0.9975764 0.0654716
vn -0.02779067 0.9985614 0.04585546
vn -0.1006239 0.933508 0.3441477
vn -0.2868375 0.5502792 0.7841665
vn 0.001838536 0.9980646 0.06215841
vn -0.01180327 0.9983175 0.05677138
vn -0.02623602 0.9572871 0.2879464
vn -0.07937984 0.5885361 0.8045645
vn 0.01819619 0.998451 0.05257841
vn -0.001627654 0.9981317 0.06107797
vn -0.001193616 0.9544986 0.2982128
vn -0.005973862 0.6059502 0.7954802
vn 0.00885539 0.9981039 0.06091212
vn 0.04373631 0.9586577 0.2811805
vn 0.1236424 0.6216646 0.7734635
vn 0.0265105 0.9986851 0.04387799
vn 0.08989179 0.9578913 0.2726971
vn 0.2777941 0.6312577 0.7241161
vn 0.1691868 0.9539955 0.2475249
vn -0.6977996 0.5906576 0.4052151
vn -0.3033543 0.572825 0.7614774
vn -0.3272338 0.5778451 0.7476718
vn -0.7082399 0.5773374 0.4062977
vn -0.7658877 0.589604 0.2564825
vn -0.8081217 0.5647691 0.1672581
vn -0.8562121 0.4809442 0.1886624
vn -0.039504 0.5478335 0.8356542
vn 0.1447085 0.810142 0.5680928
vn 0.08184834 0.7781843 0.6226798
vn 0.1516064 0.7284369 0.6681282
vn 0.17816 0.7830566 0.5958871
vn 0.3621351 0.6988943 0.6167697
vn 0.2665761 0.7817324 0.5637656
vn 0.5738074 0.5338564 0.6210817
vn 0.5420731 0.4386699 0.7167465
vn 0.3583699 0.4428326 0.82187
vn -0.7082399 0.5773374 0.4062977
vn -0.702343 0.5480981 0.4542056
vn -0.8199207 0.5410524 0.1870625
vn -0.8081217 0.5647691 0.1672581
vn -0.811987 0.5711637 0.1202047
vn -0.8202372 0.5689147 0.05955744
vn -0.9300251 -0.3546743 -0.09622655
vn -0.9705645 0.2244337 -0.08737357
vn -0.7562906 -0.6032987 -0.2530915
vn -0.9691064 0.219326 0.1128222
vn -0.7515414 -0.657616 0.05221764
vn -0.948415 0.1787811 0.2618136
vn -0.7046812 -0.6799628 0.2026696
vn -0.7905486 0.07949939 0.6072172
vn -0.5532789 -0.6259388 0.5496208
vn -0.8225768 0.5545726 -0.1257643
vn -0.979292 0.1520478 -0.1336734
vn -0.7259693 -0.6860832 -0.04752442
vn -0.6762478 -0.6771377 -0.2901264
vn -0.7238242 0.6314027 -0.2782251
vn -0.6400931 0.7324647 -0.2318972
vn -0.7745723 0.5427209 -0.3247952
vn -0.9063359 0.1639035 -0.3894748
vn -0.6167598 -0.6368067 -0.4626927
vn -0.6527545 0.5568826 -0.5136082
vn -0.5379538 0.729812 -0.421877
vn -0.7779192 0.1951679 -0.5972866
vn -0.3982694 -0.5905043 -0.701916
vn -0.5020369 0.2149069 -0.8377196
vn 0.4438769 0.545021 0.7112843
vn 0.6113678 0.6125762 0.5009788
vn 0.6252937 -0.2841018 0.7268384
vn 0.4650419 0.163175 0.8701207
vn -0.6400931 0.7324647 -0.2318972
vn -0.7238242 0.6314027 -0.2782251
vn -0.5379538 0.729812 -0.421877
vn -0.5189475 0.7460501 -0.4172561
vn -0.351176 0.7547963 -0.5540379
vn -0.3404495 0.7922664 -0.5063676
vn -0.1732208 0.6784351 -0.7139471
vn -0.206643 0.6685853 -0.7143475
vn 0.08184834 0.7781843 0.6226798
vn -0.2203155 0.6116627 0.7598222
vn -0.039504 0.5478335 0.8356542
vn 0.03854117 0.7342256 0.6778107
vn 0.1516064 0.7284369 0.6681282
vn 0.190493 0.7181594 0.6692978
vn 0.3621351 0.6988943 0.6167697
vn 0.357342 0.7559522 0.5484916
vn -0.01886515 -0.9852201 -0.1702511
vn -0.1640156 -0.4414984 -0.882144
vn -0.06780136 -0.330854 -0.9412431
vn -0.05904074 -0.9917282 -0.1139709
vn -0.1787869 -0.8132122 -0.5538241
vn -0.1086 -0.2962039 -0.9489306
vn -0.4352616 -0.782574 -0.4451126
vn -0.04119597 -0.9733055 -0.2257862
vn -0.1970599 -0.6062765 -0.770452
vn -0.09059639 -0.9846605 -0.1491172
vn -0.3593148 -0.753152 -0.5510491
vn -0.1644647 -0.7966083 -0.581693
vn 0.03267976 -0.7561004 -0.6536393
vn 0.01797581 -0.9911984 -0.1311586
vn 0.3065242 -0.7423062 -0.5958393
vn -0.1243865 -0.9638993 -0.2354276
vn -0.3982694 -0.5905043 -0.701916
vn -0.1820325 -0.9758304 -0.1209099
vn -0.6167598 -0.6368067 -0.4626927
vn 0 -1 0
vn -0.164122 -0.9844202 -0.06309395
vn -0.6762478 -0.6771377 -0.2901264
vn 0 -1 0
vn 0.001610314 -0.999987 -0.004843311
vn -0.2287763 -0.9723675 0.04650776
vn -0.7259693 -0.6860832 -0.04752442
vn 0.0013419 -0.9999985 -0.001131288
vn 0 -1 0
vn -0.09765676 -0.994994 -0.02121408
vn -0.9300251 -0.3546743 -0.09622655
vn -0.1973 -0.9717684 -0.1293787
vn -0.7562906 -0.6032987 -0.2530915
vn -0.1681677 -0.9857548 -0.002662651
vn -0.7515414 -0.657616 0.05221764
vn 0 -1 0
vn -0.1772509 -0.9832621 0.04216437
vn -0.7046812 -0.6799628 0.2026696
vn 0.00856608 -0.9999485 -0.005445476
vn -0.1074239 -0.9859273 0.1280917
vn -0.5532789 -0.6259388 0.5496208
vn -0.3744775 -0.7493258 0.5461478
vn 0.0124247 -0.9999224 0.0009330307
vn -0.06046261 -0.9785374 0.1969997
vn -0.3110482 -0.676563 0.6674665
vn 4.848301E-05 -1 -4.308524E-05
vn 0 -1 0
vn 0.0002417598 -1 -0.0001353595
vn 0.009699948 -0.9646289 0.2634332
vn 0.002540967 -0.252879 0.9674946
vn -0.00380008 -0.9999857 0.003766318
vn -0.02881859 -0.9881903 0.150497
vn -0.1013616 -0.3205293 0.9417998
vn 0 -1 0
vn 0 -1 0
vn 0 -1 0
vn 0 -1 0
vn -0.1089332 -0.9547294 0.2768127
vn -0.2965024 -0.2218962 0.9288964
vn -4.753664E-06 -1 4.093584E-06
vn 0 -1 0
vn 0.003512486 -0.9999753 -0.006085502
vn -0.01467303 -0.9709486 0.2388377
vn -0.003238376 -0.2634573 0.9646657
vn 0 -1 0
vn 0 -1 0
vn 0 -1 0
vn 0 -1 0
vn 0.06973988 -0.987842 -0.1389409
vn 0.6914219 -0.6509458 -0.3133774
vn 0 -1 0
vn 0.156331 -0.987631 0.01206444
vn 0.01776675 -0.9998255 -0.005759405
vn 0.1858697 -0.9787509 -0.08659741
vn 0.7596692 -0.6456319 -0.07786008
vn 0.2761916 -0.9610292 0.01188288
vn 0.7402495 -0.6623845 -0.1152283
vn 0.9432819 -0.3021363 -0.137597
vn 0.1700781 -0.9854289 -0.001873159
vn 0.9547323 -0.2930289 -0.0511893
vn 0.9509666 -0.2906748 0.1056918
vn 0 -1 0
vn 0.1761704 -0.9840775 0.02356864
vn 0.8910462 -0.2490547 0.3794845
vn 0 -1 0
vn 0.1555121 -0.9858387 0.06275341
vn 0.7227765 -0.2748116 0.6340921
vn 0 -1 0
vn 0.1725554 -0.9756858 0.1351369
vn 0.6252937 -0.2841018 0.7268384
vn 0.03088889 -0.9690603 0.2448838
vn 0.1942224 -0.6235741 0.7572535
vn 0.1293503 -0.9681314 0.214453
vn 0.339034 -0.6463833 0.6835529
vt 0.6010116 0.3419102
vt 0.5802562 0.358045
vt 0.6010116 0.3813586
vt 0.2588578 0.4580912
vt 0.2629105 0.4201325
vt 0.2588578 0.4173153
vt 0.5929394 0.4058416
vt 0.5929394 0.3813587
vt 0.5802562 0.3948764
vt 0.2629105 0.422634
vt 0.2671875 0.4176038
vt 0.2629105 0.4173153
vt 0.2663394 0.422634
vt 0.2629105 0.422634
vt 0.2639288 0.4261907
vt 0.8091215 0.3467631
vt 0.8124471 0.3841605
vt 0.8294813 0.3914911
vt 0.8290136 0.3421927
vt 0.8145739 0.2948069
vt 0.8341369 0.2989872
vt 0.8200024 0.2552437
vt 0.8394313 0.2531982
vt 0.8387153 0.3424029
vt 0.8394313 0.3911367
vt 0.8354589 0.406862
vt 0.1511278 0.8890481
vt 0.1306222 0.928586
vt 0.1416612 0.9378038
vt 0.165312 0.8973766
vt 0.1446667 0.8426126
vt 0.1696688 0.8910454
vt 0.1655183 0.8461952
vt 0.1355807 0.8063527
vt 0.1543658 0.7976444
vt 0.1306222 0.7884727
vt 0.13981 0.7668151
vt 0.7961906 0.3042623
vt 0.7707739 0.3412602
vt 0.8091215 0.3391739
vt 0.7643309 0.3136535
vt 0.7229905 0.3419103
vt 0.7533768 0.2950372
vt 0.7907549 0.2906641
vt 0.722846 0.3166357
vt 0.6785061 0.3406775
vt 0.7486508 0.271074
vt 0.7793351 0.2705703
vt 0.7827288 0.284778
vt 0.8088391 0.2826685
vt 0.807024 0.2727391
vt 0.7475288 0.264243
vt 0.7721871 0.2581544
vt 0.7541991 0.2023845
vt 0.7179908 0.2715513
vt 0.7366447 0.2062214
vt 0.7536923 0.1695433
vt 0.6817855 0.3127436
vt 0.7344366 0.1713483
vt 0.749108 0.1570457
vt 0.7150946 0.2066157
vt 0.730842 0.1585948
vt 0.7472152 0.119667
vt 0.6367648 0.3335035
vt 0.6521264 0.3399867
vt 0.631604 0.3419103
vt 0.6869997 0.268328
vt 0.713339 0.171813
vt 0.7291874 0.1209542
vt 0.7516164 0.06840383
vt 0.6088838 0.3321283
vt 0.612483 0.3410587
vt 0.6451434 0.3103603
vt 0.6870046 0.2064577
vt 0.7109777 0.1590115
vt 0.5576891 0.3313028
vt 0.5598246 0.3390517
vt 0.6156411 0.3067375
vt 0.5659923 0.3052709
vt 0.6619333 0.2639841
vt 0.6289998 0.2565411
vt 0.5823809 0.2538899
vt 0.6846413 0.1796815
vt 0.6652229 0.2058541
vt 0.6307219 0.2006912
vt 0.6003064 0.201324
vt 0.6628711 0.1751425
vt 0.6308509 0.1711111
vt 0.6004919 0.1732019
vt 0.6833272 0.1578493
vt 0.6293319 0.149406
vt 0.6057181 0.1497407
vt 0.6616657 0.1533663
vt 0.6261247 0.1049655
vt 0.6135559 0.1026739
vt 0.6564854 0.1132736
vt 0.6550866 0.1051531
vt 0.6853675 0.1219001
vt 0.6857668 0.1164108
vt 0.7065251 0.1154313
vt 0.731272 0.06966989
vt 0.7347715 0.03490969
vt 0.7572976 0.03736365
vt 0.7612019 0.006983673
vt 0.734526 0.001540981
vt 0.7088418 0.03477886
vt 0.7049373 0.001046006
vt 0.7089841 0.06990952
vt 0.6818733 0.03326784
vt 0.6737419 0.001500317
vt 0.6894534 0.1013304
vt 0.6908941 0.1137793
vt 0.6574655 0.03566622
vt 0.6479167 -3.365409E-09
vt 0.6864277 0.06636429
vt 0.6621362 0.05779988
vt 0.6623492 0.09774466
vt 0.6619546 0.1013832
vt 0.6369193 0.08998112
vt 0.04523509 0.937182
vt 1.703234E-09 0.949928
vt 0.01462882 0.9575692
vt 0.02732738 0.9313191
vt 0.06867937 0.9113276
vt 0.04639157 0.9078851
vt 0.02390973 0.9303765
vt 0.08202276 0.8800226
vt 0.04198918 0.9070497
vt 0.05687246 0.8797368
vt 0.0791253 0.8460699
vt 0.05236806 0.8794431
vt 0.05727078 0.8475758
vt 0.06376133 0.8111554
vt 0.05255355 0.8476294
vt 0.04785943 0.8174445
vt 0.02871563 0.7869728
vt 0.04406444 0.8187155
vt 0.02551236 0.7896532
vt 0.001113394 0.7668151
vt 0.02289676 0.7913346
vt -7.402944E-09 0.8048065
vt 0.02039016 0.82758
vt 0.3167436 0.2342901
vt 0.2906133 0.2350935
vt 0.2863666 0.266608
vt 0.3129029 0.2664693
vt 0.2725608 0.3139649
vt 0.3033568 0.3171039
vt 0.3478033 0.2427929
vt 0.343926 0.2676177
vt 0.3519391 0.2256259
vt 0.3222753 0.224918
vt 0.3350255 0.3177108
vt 0.3344008 0.3217002
vt 0.3032198 0.3234366
vt 0.3704622 0.3258436
vt 0.3706937 0.3174047
vt 0.393671 0.3233024
vt 0.3729981 0.2696754
vt 0.3769245 0.2443615
vt 0.3928836 0.3166563
vt 0.4119557 0.3283293
vt 0.387438 0.2706964
vt 0.3778199 0.2226606
vt 0.3923897 0.2453645
vt 0.394809 0.2204667
vt 0.4069586 0.2752727
vt 0.4086202 0.2473979
vt 0.4113244 0.3216263
vt 0.4117006 0.2215423
vt 0.4286162 0.25257
vt 0.4352576 0.2285824
vt 0.4307334 0.2832207
vt 0.4338002 0.3339593
vt 0.4396767 0.20025
vt 0.4189623 0.1889465
vt 0.4416983 0.1504103
vt 0.4200429 0.362343
vt 0.396348 0.339264
vt 0.433857 0.3657651
vt 0.4505933 0.331939
vt 0.3974645 0.1882451
vt 0.4269016 0.1429419
vt 0.4506 0.08180635
vt 0.4565905 0.3646089
vt 0.4341041 0.385837
vt 0.4615548 0.3854683
vt 0.38302 0.1874834
vt 0.4061981 0.1402022
vt 0.3564281 0.1862152
vt 0.3861842 0.1389752
vt 0.3280938 0.1900746
vt 0.2977152 0.2256197
vt 0.3052876 0.1907769
vt 0.3564971 0.1376725
vt 0.3798353 0.07076545
vt 0.4156534 0.07562108
vt 0.3281029 0.1373129
vt 0.3048134 0.138454
vt 0.3014509 0.1052134
vt 0.3463058 0.07035149
vt 0.3163973 0.07018865
vt 0.2925867 0.07173812
vt 0.2903578 0.06816228
vt 0.3149139 0.06653325
vt 0.3451613 0.06665187
vt 0.3044125 0.05104799
vt 0.3395586 0.05549758
vt 0.3811509 0.0353636
vt 0.3372456 0.02682454
vt 0.4212319 0.04058996
vt 0.3006466 0.02562045
vt 0.2764299 0.05360762
vt 0.2715108 0.02906752
vt 0.2992347 0.005148335
vt 0.2697537 0.009335527
vt 0.3364668 0.003289033
vt 0.3010028 0.001580545
vt 0.3382562 1.920412E-08
vt 0.3834991 0.005480193
vt 0.3846274 0.002161774
vt 0.4263989 0.008614298
vt 0.4269532 0.005234196
vt 0.4692884 0.01410026
vt 0.4692911 0.01062089
vt 0.4609479 0.04533406
vt 0.5233577 0.02075883
vt 0.5233811 0.01694966
vt 0.5076548 0.05371719
vt 0.5576891 0.0296767
vt 0.5570372 0.0255926
vt 0.545772 0.06156111
vt 0.4993451 0.08972638
vt 0.5298691 0.09847011
vt 0.4468021 0.1455938
vt 0.4917551 0.1502894
vt 0.5203983 0.1565182
vt 0.4484713 0.1972539
vt 0.4441888 0.1975263
vt 0.4407048 0.2271091
vt 0.4847414 0.2032747
vt 0.510943 0.208978
vt 0.4448449 0.2276531
vt 0.43833 0.2517809
vt 0.4832359 0.2389204
vt 0.5103731 0.2446166
vt 0.4433005 0.2519861
vt 0.4408871 0.2819012
vt 0.4456677 0.2818604
vt 0.4835879 0.2569042
vt 0.5120016 0.2647136
vt 0.4773669 0.2838948
vt 0.4434528 0.286591
vt 0.5048419 0.2901683
vt 0.4910415 0.3261769
vt 0.5201978 0.3351145
vt 0.5048812 0.349369
vt 0.5067975 0.3654368
vt 0.5423515 0.3774083
vt 0.5380247 0.3609143
vt 0.5124136 0.381821
vt 0.5060287 0.3993665
vt 0.5440364 0.4120206
vt 0.5511569 0.3954917
vt 0.5576891 0.404981
vt 0.5549792 0.4112716
vt 0.0625558 0.1027036
vt 0.03413798 0.09942403
vt 0.04806006 0.1450553
vt 0.07668356 0.1478315
vt 0.05985737 0.1840394
vt 0.09453833 0.100414
vt 0.082534 0.07048526
vt 0.04805552 0.07035913
vt 0.07144615 0.0473526
vt 0.0320973 0.0445858
vt 0.08663952 0.1843667
vt 0.1073248 0.1378955
vt 0.1140162 0.1785595
vt 0.1197485 0.06442301
vt 0.1269159 0.09227016
vt 0.1127017 0.04072273
vt 0.1325552 0.1300974
vt 0.03215306 0.04033384
vt 0.0003658064 0.03252859
vt 6.058196E-08 0.0367467
vt 0.01023258 0.01898789
vt 0.03877443 0.02690784
vt 0.07139963 0.04327286
vt 0.07647738 0.02906798
vt 0.1120341 0.03667358
vt 0.1112138 0.02217729
vt 0.1545633 0.03510426
vt 0.1532668 0.03107861
vt 0.1471974 0.01818961
vt 0.1579223 0.0565541
vt 0.1940862 0.02252472
vt 0.1869025 0.01150089
vt 0.1955742 0.02678657
vt 0.1604937 0.08479024
vt 0.2275896 0.01183378
vt 0.2228674 0.003970309
vt 0.1963897 0.04633285
vt 0.2290433 0.0163133
vt 0.2697447 0.004241301
vt 0.2679925 7.392694E-09
vt 0.2299399 0.03688765
vt 0.2697537 0.02222834
vt 0.2293546 0.06084582
vt 0.2674461 0.04386421
vt 0.1962768 0.06892178
vt 0.1611018 0.1202186
vt 0.1941479 0.11394
vt 0.2272224 0.06484436
vt 0.2257212 0.09788202
vt 0.1427645 0.1704631
vt 0.1653172 0.1629174
vt 0.1668333 0.1674294
vt 0.1988922 0.1580554
vt 0.1972507 0.155003
vt 0.1401698 0.1741215
vt 0.2253032 0.107081
vt 0.2267289 0.1488301
vt 0.2500886 0.1032604
vt 0.2495606 0.08376187
vt 0.2511543 0.141379
vt 0.138923 0.215352
vt 0.141729 0.2164344
vt 0.13456 0.2502293
vt 0.1370371 0.2504767
vt 0.1409467 0.2882226
vt 0.1429957 0.2877933
vt 0.1311415 0.3354229
vt 0.1331435 0.3352509
vt 0.1381745 0.3848311
vt 0.1074839 0.3826521
vt 0.1413854 0.3848873
vt 0.1054706 0.3517743
vt 0.1134044 0.2719085
vt 0.1094557 0.2387424
vt 0.1149776 0.2158637
vt 0.1425977 0.4159049
vt 0.145393 0.4090222
vt 0.1499432 0.4158637
vt 0.1542877 0.4172192
vt 0.1096951 0.4173153
vt 0.08945226 0.4170862
vt 0.08688255 0.2197587
vt 0.08603745 0.2404965
vt 0.06125075 0.2196705
vt 0.03943682 0.2162098
vt 0.03742017 0.1806522
vt 0.04054409 0.2356514
vt 0.061712 0.2395651
vt 0.06707667 0.2684647
vt 0.09110024 0.2708183
vt 0.07993078 0.339968
vt 0.05292206 0.3366732
vt 0.03139012 0.3245207
vt 0.04598678 0.2640766
vt 0.02551889 0.3421533
vt 0.04827673 0.3547679
vt 0.07736623 0.3576713
vt 0.07816249 0.3625392
vt 0.04699221 0.3600271
vt 0.02241867 0.3532492
vt 0.07570338 0.366275
vt 0.07334317 0.3871704
vt 0.04192154 0.365643
vt 0.03801133 0.385441
vt 0.016267 0.3595059
vt 0.01098592 0.377739
vt 2.333486E-08 0.4037531
vt 0.02973302 0.4125164
vt 0.06971362 0.4131772
vt 0.07075363 0.4171486
vt 0.03126291 0.4166154
vt 0.4564179 0.660962
vt 0.4368383 0.6854087
vt 0.4567187 0.6913151
vt 0.4372634 0.6552336
vt 0.4153615 0.6816031
vt 0.4166501 0.6513445
vt 0.4335167 0.6370743
vt 0.4303267 0.7325967
vt 0.4594809 0.7306734
vt 0.4126419 0.632323
vt 0.4309292 0.6023705
vt 0.4345878 0.7453456
vt 0.4007253 0.758206
vt 0.4661897 0.7431852
vt 0.467181 0.7524329
vt 0.4346091 0.7487767
vt 0.3990523 0.7309996
vt 0.3679599 0.7327433
vt 0.3934071 0.6802526
vt 0.3949487 0.6510811
vt 0.3722058 0.6820327
vt 0.3931568 0.6320353
vt 0.3723553 0.6543013
vt 0.4111273 0.5988223
vt 0.3390868 0.7377582
vt 0.3520215 0.6865364
vt 0.3096025 0.7292196
vt 0.3290244 0.6875212
vt 0.349501 0.6601786
vt 0.3285024 0.6605325
vt 0.3738447 0.6341016
vt 0.3530195 0.6386721
vt 0.3321124 0.6411085
vt 0.391271 0.5976852
vt 0.3563789 0.6039564
vt 0.3326423 0.6068153
vt 0.3726624 0.5996324
vt 0.3474422 0.5524474
vt 0.3217304 0.5559378
vt 0.3659253 0.5473904
vt 0.387064 0.5452201
vt 0.4109168 0.5505807
vt 0.3297206 0.4991147
vt 0.2984933 0.5029911
vt 0.3548528 0.4943033
vt 0.3833772 0.4918048
vt 0.3199209 0.4603516
vt 0.2860264 0.4647171
vt 0.3476792 0.4542014
vt 0.3126492 0.4272037
vt 0.2769449 0.4319444
vt 0.2779589 0.4280528
vt 0.3133569 0.4235472
vt 0.3423167 0.4199941
vt 0.3429564 0.4163236
vt 0.3487875 0.4171473
vt 0.3729782 0.4184084
vt 0.3727156 0.4159357
vt 0.3855838 0.4157004
vt 0.3792155 0.4506553
vt 0.3856287 0.4201375
vt 0.4135306 0.4207958
vt 0.4126084 0.4120205
vt 0.4486624 0.4187833
vt 0.4508269 0.4217262
vt 0.41354 0.4513364
vt 0.4132558 0.495769
vt 0.4459831 0.4571535
vt 0.4422291 0.498512
vt 0.482914 0.4281263
vt 0.4504829 0.4179389
vt 0.4824226 0.4243203
vt 0.472656 0.4667912
vt 0.5099554 0.439378
vt 0.496466 0.4758157
vt 0.463513 0.5101401
vt 0.4843608 0.5176044
vt 0.434124 0.5565166
vt 0.4538829 0.5638261
vt 0.449586 0.6082746
vt 0.1081393 0.8026881
vt 0.1306222 0.83947
vt 0.1301121 0.8081402
vt 0.1094146 0.8370819
vt 0.1276222 0.8730435
vt 0.0897809 0.7988969
vt 0.1081577 0.8734378
vt 0.1299265 0.9056846
vt 0.09184168 0.835376
vt 0.1086685 0.9088358
vt 0.1295496 0.9356903
vt 0.1059827 0.9407429
vt 0.09229093 0.873525
vt 0.09110098 0.9106932
vt 0.08633719 0.9437656
vt 0.08205462 0.9422867
vt 0.08684165 0.9094028
vt 0.08793718 0.8733605
vt 0.08751387 0.8363853
vt 0.08540056 0.7994754
vt 0.08623001 0.7668152
vt 0.08202276 0.7676321
vt 0.9052468 0.402862
vt 0.8955982 0.3888727
vt 0.8860585 0.394864
vt 0.8646144 0.3693235
vt 0.8755537 0.3640695
vt 0.8664325 0.3297971
vt 0.8619119 0.3301675
vt 0.8709292 0.298085
vt 0.8433519 0.3493093
vt 0.8680937 0.2982314
vt 0.8469337 0.3301331
vt 0.8394313 0.3319203
vt 0.8499607 0.2944008
vt 0.8416587 0.2923984
vt 0.8802666 0.2679321
vt 0.8663546 0.2649934
vt 0.8855739 0.2531981
vt 0.9052468 0.2545956
vt 0.9098064 0.7152094
vt 0.9161976 0.7190384
vt 0.9236964 0.6773078
vt 0.8904136 0.7077548
vt 0.906271 0.6682537
vt 0.9081997 0.6658924
vt 0.8846456 0.7373262
vt 0.9136733 0.7465573
vt 0.8752932 0.7739725
vt 0.9059777 0.7856236
vt 0.8932005 0.8142029
vt 0.921842 0.8206268
vt 0.9030078 0.8633066
vt 0.9230759 0.8717121
vt 0.9077765 0.8871825
vt 0.9236964 0.8973995
vt 0.91795 0.9053465
vt 0.9070449 0.8981593
vt 0.8312339 0.07732835
vt 0.8433414 0.0466978
vt 0.8384692 0.04386508
vt 0.8376819 0.07938422
vt 0.8309706 0.1173571
vt 0.8378689 0.118829
vt 0.8152659 0.1561733
vt 0.8205063 0.156525
vt 0.8111773 0.2091684
vt 0.8163189 0.210027
vt 0.8091215 0.235816
vt 0.8652234 0.05542776
vt 0.8604866 0.08082761
vt 0.8626951 0.1114265
vt 0.8551298 0.1666602
vt 0.8696878 0.01021056
vt 0.8487291 0.002890974
vt 0.8690048 0.002232455
vt 0.9046547 0.008118208
vt 0.9034913 -1.118342E-08
vt 0.9044334 0.05734332
vt 0.9405226 0.007088822
vt 0.9463235 0.05371815
vt 0.9085501 0.08116263
vt 0.9520055 0.07730663
vt 0.9151379 0.107939
vt 0.9585031 0.1034639
vt 0.9236313 0.1631476
vt 0.9672007 0.1586625
vt 0.8574767 0.2202572
vt 0.9359667 0.218701
vt 0.9889705 0.211663
vt 0.8142053 0.2370317
vt 0.8586571 0.2472135
vt 0.9422355 0.2469334
vt 0.9999999 0.2385154
vt 0.9975241 0.2451357
vt 0.9407841 0.2531982
vt 0.8614984 0.2531982
vt 0.817287 0.2439686
vt 0.8134848 0.243091
vt 0.258944 0.4580912
vt 0.2588578 0.4862954
vt 0.2679358 0.4891582
vt 0.2679358 0.4592034
vt 0.9236965 0.674229
vt 0.9333226 0.6853728
vt 0.943602 0.6658924
vt 0.9709309 0.6926334
vt 0.9549706 0.7010809
vt 0.9380525 0.7093601
vt 0.9577361 0.7388557
vt 0.9421307 0.7403282
vt 0.9771782 0.7349243
vt 0.9527284 0.7845788
vt 0.9654385 0.7873445
vt 0.9828383 0.7884707
vt 0.9514714 0.821735
vt 0.9640189 0.8225987
vt 0.9859161 0.827373
vt 0.9382918 0.8553452
vt 0.9507214 0.8619074
vt 0.9604155 0.8661046
vt 0.9236965 0.8910476
vt 0.8895274 0.4721627
vt 0.9007844 0.4690748
vt 0.9305869 0.4120206
vt 0.8752933 0.5189368
vt 0.8854422 0.517802
vt 0.8755038 0.5485694
vt 0.8889737 0.5493506
vt 0.8805307 0.5756814
vt 0.8928738 0.5757862
vt 0.8841023 0.6069207
vt 0.8990588 0.6070845
vt 0.9045253 0.6126279
vt 0.9305869 0.6634287
vt 0.9166412 0.6658924
vt 0.0400322 0.7066282
vt 0.03571226 0.712216
vt 0.06653605 0.7470428
vt 0.074108 0.7355388
vt 0.1034502 0.7652417
vt 0.05888235 0.6826829
vt 0.02145877 0.6737313
vt 0.1077924 0.7551723
vt 0.1402038 0.7668152
vt 0.04601156 0.6422951
vt 0.006260745 0.6362736
vt 0.09415209 0.6897432
vt 0.1383073 0.7565776
vt 0.1756158 0.7563828
vt 0.0381209 0.5967349
vt -4.125422E-09 0.6007076
vt 0.08461841 0.6437829
vt 0.1310852 0.6890407
vt 0.1677165 0.747903
vt 0.2086366 0.7338142
vt 0.03564827 0.5507901
vt 0.0008458295 0.564756
vt 0.07732239 0.5917131
vt 0.1254942 0.6408044
vt 0.1674106 0.6807638
vt 0.1975094 0.7205248
vt 0.2346058 0.7010123
vt 0.03945232 0.5080674
vt 0.003396165 0.5256302
vt 0.04413039 0.4661854
vt 0.02103736 0.4926775
vt 0.01241801 0.4841287
vt 0.03734095 0.4541633
vt 0.0384917 0.4507056
vt 0.06965028 0.4297122
vt 0.0741557 0.4416808
vt 0.0721373 0.4924681
vt 0.103498 0.4301977
vt 0.09480605 0.4174959
vt 0.1080619 0.4179242
vt 0.07274403 0.5396044
vt 0.134157 0.4349015
vt 0.1324721 0.4173153
vt 0.1388587 0.4195991
vt 0.1083471 0.4839354
vt 0.1133126 0.5320132
vt 0.1678322 0.4513974
vt 0.1740519 0.4376191
vt 0.1457013 0.4836595
vt 0.1193941 0.5864037
vt 0.2038323 0.4561128
vt 0.212468 0.4453418
vt 0.154796 0.5293744
vt 0.1813565 0.4909352
vt 0.227325 0.4845325
vt 0.2383233 0.4760753
vt 0.162009 0.5813978
vt 0.1941585 0.5312845
vt 0.232786 0.5369012
vt 0.2494337 0.5292776
vt 0.1663487 0.6337795
vt 0.2020399 0.5768395
vt 0.2408435 0.5722755
vt 0.2588578 0.570834
vt 0.2042745 0.6230578
vt 0.2400689 0.6087168
vt 0.2588578 0.6135577
vt 0.2006006 0.6654468
vt 0.2353584 0.6478165
vt 0.2537482 0.6610054
vt 0.220171 0.6889939
vt 0.2058972 0.8323413
vt 0.1955401 0.8701893
vt 0.2195015 0.8809687
vt 0.2332017 0.8408692
vt 0.2001244 0.8006166
vt 0.2216145 0.8001279
vt 0.1955401 0.7668152
vt 0.1696689 0.7668152
vt 0.1761631 0.7892031
vt 0.1810978 0.7880529
vt 0.1955401 0.8276672
vt 0.1813143 0.8261935
vt 0.1951867 0.866783
vt 0.1810355 0.8600546
vt 0.1804928 0.9006878
vt 0.1696689 0.8981734
vt 0.1770588 0.8616778
vt 0.2882679 0.7521991
vt 0.2787813 0.768654
vt 0.3218996 0.7681192
vt 0.3272804 0.749774
vt 0.3572759 0.7638301
vt 0.375114 0.7629967
vt 0.4023409 0.7827472
vt 0.3906471 0.7796617
vt 0.3927887 0.7837063
vt 0.356759 0.7814621
vt 0.3575225 0.7854246
vt 0.3099683 0.7875849
vt 0.3104516 0.7918199
vt 0.2697537 0.791077
vt 0.2711015 0.7978052
vt 0.4079697 0.7628152
vt 0.4126623 0.7794442
vt 0.412778 0.7838703
vt 0.4455163 0.7853856
vt 0.4359097 0.7509317
vt 0.4346091 0.7487767
vt 0.4388914 0.7649567
vt 0.4453415 0.7808341
vt 0.4880331 0.7900151
vt 0.4780346 0.7679384
vt 0.4726051 0.7541506
vt 0.4882119 0.7853543
vt 0.5248857 0.7978053
vt 0.5252345 0.7930501
vt 0.5802562 0.3736509
vt 0.5576891 0.3419103
vt 0.5576891 0.3899751
vt 0.5689197 0.3913224
vt 0.2332017 0.8763918
vt 0.2379569 0.8793672
vt 0.2497841 0.8410519
vt 0.2415842 0.8405364
vt 0.2519584 0.8016441
vt 0.2432542 0.8032604
vt 0.2384296 0.7668152
vt 0.2332017 0.7686256
vt 0.2556319 0.794364
vt 0.2677152 0.7668152
vt 0.2519584 0.7705119
vt 0.2648349 0.7973364
vt 0.253629 0.836629
vt 0.2640682 0.8425145
vt 0.2591935 0.8723741
vt 0.2677152 0.8765712
vt 0.5628967 0.6270373
vt 0.5386742 0.5911112
vt 0.5324653 0.6214523
vt 0.5657569 0.5836244
vt 0.5429259 0.5857853
vt 0.5302036 0.6403033
vt 0.54003 0.5808201
vt 0.5552636 0.6598704
vt 0.5311586 0.6592463
vt 0.5497358 0.5646592
vt 0.5308229 0.5704943
vt 0.5308632 0.5667294
vt 0.5252345 0.5198698
vt 0.5610349 0.521299
vt 0.5643355 0.4536366
vt 0.5541548 0.6928683
vt 0.5338228 0.6992282
vt 0.5786381 0.7215548
vt 0.5585051 0.7353715
vt 0.5838915 0.6798619
vt 0.6117331 0.7398342
vt 0.5926839 0.7628607
vt 0.589866 0.6394774
vt 0.5877246 0.541929
vt 0.6382229 0.7538573
vt 0.6214433 0.7780238
vt 0.6585737 0.7185936
vt 0.6189849 0.7008351
vt 0.6452153 0.7514796
vt 0.6319005 0.7789402
vt 0.6487781 0.7575899
vt 0.6399471 0.7849476
vt 0.6793228 0.7636327
vt 0.6747718 0.7918813
vt 0.6326072 0.6540089
vt 0.7201888 0.7702093
vt 0.7251622 0.7918813
vt 0.7012305 0.7288969
vt 0.7635934 0.7557235
vt 0.770068 0.7843058
vt 0.7754777 0.775957
vt 0.744437 0.7303233
vt 0.7927849 0.7269909
vt 0.8091865 0.7447039
vt 0.6790309 0.6682323
vt 0.6055845 0.5920239
vt 0.7256731 0.6819177
vt 0.8118021 0.6924652
vt 0.8364642 0.7048082
vt 0.7709519 0.6902019
vt 0.8090584 0.6701262
vt 0.836779 0.6791211
vt 0.6526886 0.6000391
vt 0.6303784 0.5397441
vt 0.7021054 0.6114272
vt 0.749513 0.627762
vt 0.8314738 0.656414
vt 0.8606252 0.6492637
vt 0.7936101 0.6431798
vt 0.677882 0.5425513
vt 0.6122642 0.4968851
vt 0.8423396 0.6172798
vt 0.8752933 0.6079068
vt 0.725334 0.5542431
vt 0.770128 0.5724787
vt 0.8100382 0.5939794
vt 0.6596669 0.4933178
vt 0.5820051 0.4741035
vt 0.6099889 0.4120206
vt 0.7031845 0.4935526
vt 0.6877522 0.4529379
vt 0.6473788 0.4633693
vt 0.6207901 0.4406967
vt 0.6612287 0.4235473
vt 0.6700712 0.4392558
vt 0.6810382 0.4237892
vt 0.7036753 0.418035
vt 0.725728 0.4592012
vt 0.730628 0.4193786
vt 0.7742864 0.4276422
vt 0.7458082 0.5038396
vt 0.7611992 0.4659503
vt 0.8186855 0.4438302
vt 0.7851486 0.5222099
vt 0.792649 0.482599
vt 0.8480926 0.4767437
vt 0.8185245 0.5474117
vt 0.8256351 0.5011463
vt 0.863283 0.5021902
vt 0.8530682 0.5755007
vt 0.874144 0.5682511
vt 0.8486843 0.5333637
vt 0.8654803 0.5195506
usemtl MV_RockDesert_Cliff
f 1/1/1 3/3/3 2/2/2
f 4/4/4 6/6/6 5/5/5
f 7/7/7 9/9/9 8/8/8
f 10/10/10 12/12/12 11/11/11
f 13/13/13 15/15/15 14/14/14
f 16/16/16 18/18/18 17/17/17
f 16/16/16 19/19/19 18/18/18
f 20/20/20 19/19/19 16/16/16
f 20/20/20 21/21/21 19/19/19
f 22/22/22 21/21/21 20/20/20
f 22/22/22 23/23/23 21/21/21
f 24/24/24 19/19/19 21/21/21
f 24/24/24 18/18/18 19/19/19
f 24/24/24 25/25/25 18/18/18
f 18/18/18 25/25/25 26/26/26
f 27/27/27 29/29/29 28/28/28
f 27/27/27 30/30/30 29/29/29
f 31/31/31 30/30/30 27/27/27
f 31/31/31 32/32/32 30/30/30
f 32/32/32 31/31/31 33/33/33
f 34/34/34 33/33/33 31/31/31
f 34/34/34 35/35/35 33/33/33
f 36/36/36 35/35/35 34/34/34
f 36/36/36 37/37/37 35/35/35
f 38/38/38 40/40/40 39/39/39
f 38/38/38 39/39/39 41/41/41
f 41/41/41 39/39/39 42/42/42
f 43/43/43 38/38/38 41/41/41
f 43/43/43 44/44/44 38/38/38
f 41/41/41 42/42/42 45/45/45
f 45/45/45 43/43/43 41/41/41
f 45/45/45 42/42/42 46/46/46
f 47/47/47 43/43/43 45/45/45
f 48/48/48 43/43/43 47/47/47
f 48/48/48 49/49/49 43/43/43
f 48/48/48 50/50/50 49/49/49
f 48/48/48 51/51/51 50/50/50
f 52/52/52 48/48/48 47/47/47
f 52/52/52 53/53/53 48/48/48
f 54/54/54 53/53/53 52/52/52
f 47/47/47 45/45/45 55/55/55
f 55/55/55 52/52/52 47/47/47
f 54/54/54 52/52/52 56/56/56
f 56/56/56 52/52/52 55/55/55
f 57/57/57 54/54/54 56/56/56
f 45/45/45 46/46/46 58/58/58
f 55/55/55 45/45/45 58/58/58
f 57/57/57 56/56/56 59/59/59
f 60/60/60 57/57/57 59/59/59
f 56/56/56 55/55/55 61/61/61
f 59/59/59 56/56/56 61/61/61
f 60/60/60 59/59/59 62/62/62
f 63/63/63 60/60/60 62/62/62
f 46/46/46 64/64/64 58/58/58
f 64/64/64 46/46/46 65/65/65
f 66/66/66 64/64/64 65/65/65
f 55/55/55 58/58/58 67/67/67
f 61/61/61 55/55/55 67/67/67
f 59/59/59 61/61/61 68/68/68
f 62/62/62 59/59/59 68/68/68
f 63/63/63 62/62/62 69/69/69
f 70/70/70 63/63/63 69/69/69
f 71/71/71 64/64/64 66/66/66
f 71/71/71 66/66/66 72/72/72
f 58/58/58 64/64/64 73/73/73
f 67/67/67 58/58/58 73/73/73
f 73/73/73 64/64/64 71/71/71
f 61/61/61 67/67/67 74/74/74
f 68/68/68 61/61/61 74/74/74
f 62/62/62 68/68/68 75/75/75
f 69/69/69 62/62/62 75/75/75
f 72/72/72 76/76/76 71/71/71
f 72/72/72 77/77/77 76/76/76
f 78/78/78 71/71/71 76/76/76
f 73/73/73 71/71/71 78/78/78
f 78/78/78 76/76/76 79/79/79
f 67/67/67 73/73/73 80/80/80
f 80/80/80 73/73/73 78/78/78
f 74/74/74 67/67/67 80/80/80
f 81/81/81 78/78/78 79/79/79
f 80/80/80 78/78/78 81/81/81
f 81/81/81 79/79/79 82/82/82
f 68/68/68 74/74/74 83/83/83
f 75/75/75 68/68/68 83/83/83
f 74/74/74 80/80/80 84/84/84
f 84/84/84 80/80/80 81/81/81
f 83/83/83 74/74/74 84/84/84
f 85/85/85 81/81/81 82/82/82
f 84/84/84 81/81/81 85/85/85
f 85/85/85 82/82/82 86/86/86
f 83/83/83 84/84/84 87/87/87
f 87/87/87 84/84/84 85/85/85
f 88/88/88 85/85/85 86/86/86
f 87/87/87 85/85/85 88/88/88
f 88/88/88 86/86/86 89/89/89
f 90/90/90 83/83/83 87/87/87
f 75/75/75 83/83/83 90/90/90
f 91/91/91 88/88/88 89/89/89
f 91/91/91 89/89/89 92/92/92
f 93/93/93 87/87/87 88/88/88
f 93/93/93 88/88/88 91/91/91
f 90/90/90 87/87/87 93/93/93
f 94/94/94 91/91/91 92/92/92
f 94/94/94 93/93/93 91/91/91
f 94/94/94 92/92/92 95/95/95
f 94/94/94 96/96/96 93/93/93
f 96/96/96 90/90/90 93/93/93
f 97/97/97 96/96/96 94/94/94
f 96/96/96 98/98/98 90/90/90
f 97/97/97 98/98/98 96/96/96
f 98/98/98 75/75/75 90/90/90
f 97/97/97 99/99/99 98/98/98
f 99/99/99 100/100/100 98/98/98
f 98/98/98 100/100/100 75/75/75
f 69/69/69 75/75/75 100/100/100
f 101/101/101 69/69/69 100/100/100
f 70/70/70 69/69/69 101/101/101
f 102/102/102 70/70/70 101/101/101
f 102/102/102 103/103/103 70/70/70
f 104/104/104 103/103/103 102/102/102
f 104/104/104 102/102/102 105/105/105
f 105/105/105 102/102/102 106/106/106
f 106/106/106 102/102/102 101/101/101
f 105/105/105 106/106/106 107/107/107
f 101/101/101 100/100/100 108/108/108
f 106/106/106 101/101/101 108/108/108
f 107/107/107 106/106/106 109/109/109
f 109/109/109 106/106/106 108/108/108
f 107/107/107 109/109/109 110/110/110
f 108/108/108 100/100/100 111/111/111
f 111/111/111 100/100/100 112/112/112
f 110/110/110 109/109/109 113/113/113
f 110/110/110 113/113/113 114/114/114
f 109/109/109 108/108/108 115/115/115
f 113/113/113 109/109/109 115/115/115
f 108/108/108 111/111/111 115/115/115
f 113/113/113 115/115/115 116/116/116
f 115/115/115 117/117/117 116/116/116
f 115/115/115 111/111/111 117/117/117
f 117/117/117 111/111/111 112/112/112
f 117/117/117 112/112/112 118/118/118
f 119/119/119 117/117/117 118/118/118
f 120/120/120 122/122/122 121/121/121
f 120/120/120 121/121/121 123/123/123
f 124/124/124 120/120/120 123/123/123
f 124/124/124 123/123/123 125/125/125
f 126/126/126 125/125/125 123/123/123
f 127/127/127 124/124/124 125/125/125
f 126/126/126 128/128/128 125/125/125
f 127/127/127 125/125/125 129/129/129
f 128/128/128 129/129/129 125/125/125
f 130/130/130 127/127/127 129/129/129
f 128/128/128 131/131/131 129/129/129
f 130/130/130 129/129/129 132/132/132
f 131/131/131 132/132/132 129/129/129
f 133/133/133 130/130/130 132/132/132
f 131/131/131 134/134/134 132/132/132
f 133/133/133 132/132/132 135/135/135
f 134/134/134 135/135/135 132/132/132
f 136/136/136 133/133/133 135/135/135
f 134/134/134 137/137/137 135/135/135
f 136/136/136 135/135/135 138/138/138
f 137/137/137 138/138/138 135/135/135
f 139/139/139 136/136/136 138/138/138
f 140/140/140 139/139/139 138/138/138
f 137/137/137 140/140/140 138/138/138
f 137/137/137 141/141/141 140/140/140
f 137/137/137 142/142/142 141/141/141
f 143/143/143 145/145/145 144/144/144
f 143/143/143 146/146/146 145/145/145
f 146/146/146 147/147/147 145/145/145
f 146/146/146 148/148/148 147/147/147
f 149/149/149 146/146/146 143/143/143
f 150/150/150 148/148/148 146/146/146
f 149/149/149 150/150/150 146/146/146
f 151/151/151 149/149/149 143/143/143
f 151/151/151 143/143/143 152/152/152
f 150/150/150 153/153/153 148/148/148
f 148/148/148 153/153/153 154/154/154
f 148/148/148 154/154/154 155/155/155
f 153/153/153 156/156/156 154/154/154
f 153/153/153 157/157/157 156/156/156
f 157/157/157 158/158/158 156/156/156
f 159/159/159 153/153/153 150/150/150
f 159/159/159 157/157/157 153/153/153
f 160/160/160 150/150/150 149/149/149
f 160/160/160 159/159/159 150/150/150
f 157/157/157 161/161/161 158/158/158
f 161/161/161 162/162/162 158/158/158
f 163/163/163 157/157/157 159/159/159
f 163/163/163 161/161/161 157/157/157
f 164/164/164 160/160/160 149/149/149
f 164/164/164 149/149/149 151/151/151
f 165/165/165 159/159/159 160/160/160
f 165/165/165 163/163/163 159/159/159
f 166/166/166 160/160/160 164/164/164
f 166/166/166 165/165/165 160/160/160
f 167/167/167 161/161/161 163/163/163
f 168/168/168 163/163/163 165/165/165
f 168/168/168 167/167/167 163/163/163
f 161/161/161 169/169/169 162/162/162
f 167/167/167 169/169/169 161/161/161
f 170/170/170 165/165/165 166/166/166
f 170/170/170 168/168/168 165/165/165
f 171/171/171 167/167/167 168/168/168
f 172/172/172 171/171/171 168/168/168
f 172/172/172 168/168/168 170/170/170
f 171/171/171 173/173/173 167/167/167
f 173/173/173 169/169/169 167/167/167
f 173/173/173 174/174/174 169/169/169
f 169/169/169 174/174/174 162/162/162
f 175/175/175 172/172/172 170/170/170
f 175/175/175 170/170/170 176/176/176
f 176/176/176 170/170/170 166/166/166
f 177/177/177 175/175/175 176/176/176
f 174/174/174 178/178/178 162/162/162
f 162/162/162 178/178/178 179/179/179
f 174/174/174 180/180/180 178/178/178
f 181/181/181 180/180/180 174/174/174
f 176/176/176 166/166/166 182/182/182
f 182/182/182 166/166/166 164/164/164
f 177/177/177 176/176/176 183/183/183
f 183/183/183 176/176/176 182/182/182
f 183/183/183 184/184/184 177/177/177
f 181/181/181 185/185/185 180/180/180
f 185/185/185 186/186/186 180/180/180
f 185/185/185 187/187/187 186/186/186
f 182/182/182 164/164/164 188/188/188
f 188/188/188 164/164/164 151/151/151
f 183/183/183 182/182/182 189/189/189
f 184/184/184 183/183/183 189/189/189
f 189/189/189 182/182/182 188/188/188
f 188/188/188 151/151/151 190/190/190
f 190/190/190 151/151/151 152/152/152
f 189/189/189 188/188/188 191/191/191
f 191/191/191 188/188/188 190/190/190
f 190/190/190 152/152/152 192/192/192
f 192/192/192 152/152/152 193/193/193
f 192/192/192 193/193/193 194/194/194
f 195/195/195 190/190/190 192/192/192
f 191/191/191 190/190/190 195/195/195
f 196/196/196 191/191/191 195/195/195
f 197/197/197 189/189/189 191/191/191
f 184/184/184 189/189/189 197/197/197
f 197/197/197 191/191/191 196/196/196
f 198/198/198 192/192/192 194/194/194
f 195/195/195 192/192/192 198/198/198
f 198/198/198 194/194/194 199/199/199
f 200/200/200 198/198/198 199/199/199
f 201/201/201 195/195/195 198/198/198
f 196/196/196 195/195/195 201/201/201
f 202/202/202 198/198/198 200/200/200
f 201/201/201 198/198/198 202/202/202
f 202/202/202 200/200/200 203/203/203
f 202/202/202 203/203/203 204/204/204
f 202/202/202 204/204/204 205/205/205
f 201/201/201 202/202/202 205/205/205
f 201/201/201 205/205/205 206/206/206
f 196/196/196 201/201/201 206/206/206
f 207/207/207 206/206/206 205/205/205
f 208/208/208 196/196/196 206/206/206
f 207/207/207 208/208/208 206/206/206
f 209/209/209 196/196/196 208/208/208
f 210/210/210 208/208/208 207/207/207
f 209/209/209 208/208/208 210/210/210
f 211/211/211 196/196/196 209/209/209
f 211/211/211 197/197/197 196/196/196
f 210/210/210 207/207/207 212/212/212
f 212/212/212 207/207/207 213/213/213
f 212/212/212 213/213/213 214/214/214
f 215/215/215 212/212/212 214/214/214
f 215/215/215 214/214/214 216/216/216
f 217/217/217 212/212/212 215/215/215
f 217/217/217 210/210/210 212/212/212
f 217/217/217 215/215/215 218/218/218
f 217/217/217 218/218/218 219/219/219
f 220/220/220 210/210/210 217/217/217
f 220/220/220 217/217/217 219/219/219
f 220/220/220 209/209/209 210/210/210
f 220/220/220 219/219/219 221/221/221
f 222/222/222 209/209/209 220/220/220
f 222/222/222 220/220/220 221/221/221
f 222/222/222 221/221/221 223/223/223
f 222/222/222 211/211/211 209/209/209
f 224/224/224 222/222/222 223/223/223
f 224/224/224 211/211/211 222/222/222
f 224/224/224 223/223/223 225/225/225
f 224/224/224 226/226/226 211/211/211
f 226/226/226 197/197/197 211/211/211
f 226/226/226 184/184/184 197/197/197
f 227/227/227 224/224/224 225/225/225
f 227/227/227 226/226/226 224/224/224
f 227/227/227 225/225/225 228/228/228
f 229/229/229 184/184/184 226/226/226
f 227/227/227 229/229/229 226/226/226
f 230/230/230 227/227/227 228/228/228
f 230/230/230 229/229/229 227/227/227
f 230/230/230 228/228/228 231/231/231
f 230/230/230 232/232/232 229/229/229
f 229/229/229 233/233/233 184/184/184
f 232/232/232 233/233/233 229/229/229
f 232/232/232 234/234/234 233/233/233
f 233/233/233 235/235/235 184/184/184
f 234/234/234 236/236/236 233/233/233
f 233/233/233 236/236/236 235/235/235
f 234/234/234 237/237/237 236/236/236
f 236/236/236 238/238/238 235/235/235
f 238/238/238 239/239/239 235/235/235
f 240/240/240 239/239/239 238/238/238
f 237/237/237 241/241/241 236/236/236
f 236/236/236 241/241/241 238/238/238
f 237/237/237 242/242/242 241/241/241
f 240/240/240 238/238/238 243/243/243
f 241/241/241 243/243/243 238/238/238
f 244/244/244 240/240/240 243/243/243
f 242/242/242 245/245/245 241/241/241
f 241/241/241 245/245/245 243/243/243
f 242/242/242 246/246/246 245/245/245
f 244/244/244 243/243/243 247/247/247
f 245/245/245 247/247/247 243/243/243
f 248/248/248 244/244/244 247/247/247
f 248/248/248 247/247/247 249/249/249
f 246/246/246 250/250/250 245/245/245
f 245/245/245 250/250/250 247/247/247
f 250/250/250 249/249/249 247/247/247
f 246/246/246 251/251/251 250/250/250
f 250/250/250 252/252/252 249/249/249
f 251/251/251 252/252/252 250/250/250
f 252/252/252 253/253/253 249/249/249
f 251/251/251 254/254/254 252/252/252
f 253/253/253 252/252/252 255/255/255
f 254/254/254 255/255/255 252/252/252
f 254/254/254 256/256/256 255/255/255
f 253/253/253 255/255/255 181/181/181
f 255/255/255 185/185/185 181/181/181
f 255/255/255 257/257/257 185/185/185
f 185/185/185 257/257/257 258/258/258
f 258/258/258 187/187/187 185/185/185
f 257/257/257 259/259/259 258/258/258
f 257/257/257 260/260/260 259/259/259
f 258/258/258 261/261/261 187/187/187
f 261/261/261 262/262/262 187/187/187
f 263/263/263 262/262/262 261/261/261
f 263/263/263 261/261/261 264/264/264
f 263/263/263 264/264/264 265/265/265
f 263/263/263 265/265/265 266/266/266
f 267/267/267 269/269/269 268/268/268
f 267/267/267 270/270/270 269/269/269
f 270/270/270 271/271/271 269/269/269
f 272/272/272 270/270/270 267/267/267
f 273/273/273 272/272/272 267/267/267
f 273/273/273 267/267/267 274/274/274
f 275/275/275 273/273/273 274/274/274
f 275/275/275 274/274/274 276/276/276
f 270/270/270 277/277/277 271/271/271
f 272/272/272 278/278/278 270/270/270
f 278/278/278 277/277/277 270/270/270
f 278/278/278 279/279/279 277/277/277
f 280/280/280 272/272/272 273/273/273
f 281/281/281 278/278/278 272/272/272
f 280/280/280 281/281/281 272/272/272
f 282/282/282 273/273/273 275/275/275
f 282/282/282 280/280/280 273/273/273
f 283/283/283 279/279/279 278/278/278
f 281/281/281 283/283/283 278/278/278
f 275/275/275 276/276/276 284/284/284
f 276/276/276 285/285/285 284/284/284
f 276/276/276 286/286/286 285/285/285
f 287/287/287 284/284/284 285/285/285
f 287/287/287 288/288/288 284/284/284
f 275/275/275 284/284/284 289/289/289
f 288/288/288 289/289/289 284/284/284
f 282/282/282 275/275/275 289/289/289
f 288/288/288 290/290/290 289/289/289
f 290/290/290 291/291/291 289/289/289
f 282/282/282 289/289/289 291/291/291
f 290/290/290 292/292/292 291/291/291
f 293/293/293 282/282/282 291/291/291
f 293/293/293 280/280/280 282/282/282
f 292/292/292 294/294/294 291/291/291
f 293/293/293 291/291/291 294/294/294
f 292/292/292 295/295/295 294/294/294
f 293/293/293 296/296/296 280/280/280
f 296/296/296 281/281/281 280/280/280
f 295/295/295 297/297/297 294/294/294
f 295/295/295 298/298/298 297/297/297
f 299/299/299 293/293/293 294/294/294
f 299/299/299 296/296/296 293/293/293
f 299/299/299 294/294/294 297/297/297
f 296/296/296 300/300/300 281/281/281
f 300/300/300 283/283/283 281/281/281
f 298/298/298 301/301/301 297/297/297
f 298/298/298 302/302/302 301/301/301
f 299/299/299 303/303/303 296/296/296
f 303/303/303 300/300/300 296/296/296
f 304/304/304 299/299/299 297/297/297
f 304/304/304 297/297/297 301/301/301
f 304/304/304 303/303/303 299/299/299
f 305/305/305 304/304/304 301/301/301
f 305/305/305 301/301/301 306/306/306
f 305/305/305 307/307/307 304/304/304
f 304/304/304 307/307/307 303/303/303
f 305/305/305 308/308/308 307/307/307
f 308/308/308 309/309/309 307/307/307
f 308/308/308 310/310/310 309/309/309
f 307/307/307 309/309/309 311/311/311
f 307/307/307 311/311/311 303/303/303
f 303/303/303 311/311/311 300/300/300
f 311/311/311 312/312/312 300/300/300
f 300/300/300 312/312/312 283/283/283
f 311/311/311 313/313/313 312/312/312
f 314/314/314 313/313/313 311/311/311
f 314/314/314 315/315/315 313/313/313
f 312/312/312 316/316/316 283/283/283
f 283/283/283 316/316/316 279/279/279
f 312/312/312 317/317/317 316/316/316
f 313/313/313 317/317/317 312/312/312
f 316/316/316 317/317/317 318/318/318
f 317/317/317 319/319/319 318/318/318
f 317/317/317 320/320/320 319/319/319
f 313/313/313 320/320/320 317/317/317
f 316/316/316 321/321/321 279/279/279
f 322/322/322 320/320/320 313/313/313
f 313/313/313 315/315/315 322/322/322
f 322/322/322 323/323/323 320/320/320
f 315/315/315 324/324/324 322/322/322
f 324/324/324 323/323/323 322/322/322
f 315/315/315 325/325/325 324/324/324
f 324/324/324 326/326/326 323/323/323
f 279/279/279 321/321/321 327/327/327
f 327/327/327 321/321/321 328/328/328
f 329/329/329 327/327/327 328/328/328
f 329/329/329 328/328/328 330/330/330
f 331/331/331 329/329/329 330/330/330
f 331/331/331 330/330/330 332/332/332
f 333/333/333 331/331/331 332/332/332
f 333/333/333 332/332/332 334/334/334
f 335/335/335 333/333/333 334/334/334
f 333/333/333 335/335/335 336/336/336
f 335/335/335 334/334/334 337/337/337
f 331/331/331 333/333/333 338/338/338
f 333/333/333 336/336/336 338/338/338
f 329/329/329 331/331/331 339/339/339
f 331/331/331 338/338/338 339/339/339
f 327/327/327 329/329/329 340/340/340
f 329/329/329 339/339/339 340/340/340
f 279/279/279 327/327/327 341/341/341
f 327/327/327 340/340/340 341/341/341
f 342/342/342 335/335/335 337/337/337
f 342/342/342 337/337/337 343/343/343
f 343/343/343 344/344/344 342/342/342
f 343/343/343 345/345/345 344/344/344
f 335/335/335 342/342/342 346/346/346
f 335/335/335 346/346/346 336/336/336
f 336/336/336 346/346/346 347/347/347
f 279/279/279 341/341/341 348/348/348
f 279/279/279 348/348/348 277/277/277
f 341/341/341 340/340/340 349/349/349
f 341/341/341 349/349/349 348/348/348
f 277/277/277 348/348/348 350/350/350
f 277/277/277 350/350/350 271/271/271
f 271/271/271 350/350/350 351/351/351
f 271/271/271 351/351/351 352/352/352
f 350/350/350 353/353/353 351/351/351
f 350/350/350 354/354/354 353/353/353
f 348/348/348 354/354/354 350/350/350
f 348/348/348 349/349/349 354/354/354
f 349/349/349 355/355/355 354/354/354
f 340/340/340 356/356/356 349/349/349
f 349/349/349 356/356/356 355/355/355
f 340/340/340 339/339/339 356/356/356
f 339/339/339 357/357/357 356/356/356
f 339/339/339 338/338/338 357/357/357
f 356/356/356 358/358/358 355/355/355
f 356/356/356 357/357/357 358/358/358
f 355/355/355 358/358/358 359/359/359
f 355/355/355 359/359/359 360/360/360
f 358/358/358 361/361/361 359/359/359
f 357/357/357 362/362/362 358/358/358
f 358/358/358 362/362/362 361/361/361
f 363/363/363 357/357/357 338/338/338
f 357/357/357 363/363/363 362/362/362
f 338/338/338 364/364/364 363/363/363
f 362/362/362 363/363/363 364/364/364
f 364/364/364 338/338/338 336/336/336
f 361/361/361 362/362/362 365/365/365
f 362/362/362 364/364/364 365/365/365
f 361/361/361 365/365/365 366/366/366
f 364/364/364 336/336/336 367/367/367
f 367/367/367 336/336/336 368/368/368
f 369/369/369 367/367/367 368/368/368
f 336/336/336 347/347/347 368/368/368
f 369/369/369 368/368/368 370/370/370
f 371/371/371 369/369/369 370/370/370
f 371/371/371 370/370/370 372/372/372
f 370/370/370 373/373/373 372/372/372
f 370/370/370 374/374/374 373/373/373
f 368/368/368 374/374/374 370/370/370
f 368/368/368 347/347/347 375/375/375
f 368/368/368 375/375/375 374/374/374
f 376/376/376 375/375/375 347/347/347
f 376/376/376 374/374/374 375/375/375
f 376/376/376 377/377/377 374/374/374
f 378/378/378 380/380/380 379/379/379
f 378/378/378 379/379/379 381/381/381
f 381/381/381 379/379/379 382/382/382
f 381/381/381 382/382/382 383/383/383
f 384/384/384 381/381/381 383/383/383
f 379/379/379 385/385/385 382/382/382
f 379/379/379 386/386/386 385/385/385
f 384/384/384 383/383/383 387/387/387
f 388/388/388 384/384/384 387/387/387
f 386/386/386 389/389/389 385/385/385
f 385/385/385 389/389/389 390/390/390
f 386/386/386 391/391/391 389/389/389
f 389/389/389 391/391/391 392/392/392
f 389/389/389 392/392/392 393/393/393
f 382/382/382 385/385/385 394/394/394
f 385/385/385 390/390/390 394/394/394
f 394/394/394 390/390/390 395/395/395
f 382/382/382 394/394/394 396/396/396
f 383/383/383 382/382/382 396/396/396
f 396/396/396 394/394/394 395/395/395
f 383/383/383 396/396/396 397/397/397
f 387/387/387 383/383/383 397/397/397
f 396/396/396 395/395/395 398/398/398
f 397/397/397 396/396/396 398/398/398
f 387/387/387 397/397/397 399/399/399
f 397/397/397 398/398/398 400/400/400
f 399/399/399 397/397/397 400/400/400
f 401/401/401 387/387/387 399/399/399
f 388/388/388 387/387/387 401/401/401
f 398/398/398 395/395/395 402/402/402
f 398/398/398 402/402/402 403/403/403
f 400/400/400 398/398/398 403/403/403
f 403/403/403 402/402/402 404/404/404
f 403/403/403 404/404/404 405/405/405
f 406/406/406 403/403/403 405/405/405
f 400/400/400 403/403/403 406/406/406
f 406/406/406 405/405/405 407/407/407
f 399/399/399 400/400/400 408/408/408
f 408/408/408 400/400/400 406/406/406
f 409/409/409 406/406/406 407/407/407
f 408/408/408 406/406/406 409/409/409
f 409/409/409 407/407/407 410/410/410
f 411/411/411 399/399/399 408/408/408
f 401/401/401 399/399/399 411/411/411
f 412/412/412 409/409/409 410/410/410
f 412/412/412 410/410/410 413/413/413
f 414/414/414 408/408/408 409/409/409
f 411/411/411 408/408/408 414/414/414
f 414/414/414 409/409/409 412/412/412
f 415/415/415 412/412/412 413/413/413
f 415/415/415 413/413/413 416/416/416
f 417/417/417 414/414/414 412/412/412
f 417/417/417 412/412/412 415/415/415
f 418/418/418 411/411/411 414/414/414
f 418/418/418 414/414/414 417/417/417
f 419/419/419 401/401/401 411/411/411
f 419/419/419 411/411/411 418/418/418
f 420/420/420 415/415/415 416/416/416
f 420/420/420 416/416/416 421/421/421
f 422/422/422 417/417/417 415/415/415
f 422/422/422 415/415/415 420/420/420
f 423/423/423 418/418/418 417/417/417
f 423/423/423 417/417/417 422/422/422
f 424/424/424 420/420/420 421/421/421
f 424/424/424 421/421/421 425/425/425
f 426/426/426 422/422/422 420/420/420
f 426/426/426 420/420/420 424/424/424
f 427/427/427 424/424/424 425/425/425
f 427/427/427 425/425/425 428/428/428
f 427/427/427 428/428/428 429/429/429
f 427/427/427 429/429/429 430/430/430
f 431/431/431 424/424/424 427/427/427
f 431/431/431 427/427/427 430/430/430
f 431/431/431 426/426/426 424/424/424
f 431/431/431 430/430/430 432/432/432
f 431/431/431 432/432/432 433/433/433
f 434/434/434 431/431/431 433/433/433
f 434/434/434 426/426/426 431/431/431
f 435/435/435 434/434/434 433/433/433
f 436/436/436 434/434/434 435/435/435
f 437/437/437 422/422/422 426/426/426
f 426/426/426 434/434/434 437/437/437
f 437/437/437 423/423/423 422/422/422
f 436/436/436 438/438/438 434/434/434
f 437/437/437 434/434/434 438/438/438
f 439/439/439 438/438/438 436/436/436
f 439/439/439 437/437/437 438/438/438
f 439/439/439 436/436/436 440/440/440
f 439/439/439 440/440/440 441/441/441
f 442/442/442 439/439/439 441/441/441
f 439/439/439 443/443/443 437/437/437
f 443/443/443 423/423/423 437/437/437
f 442/442/442 443/443/443 439/439/439
f 443/443/443 444/444/444 423/423/423
f 444/444/444 418/418/418 423/423/423
f 444/444/444 419/419/419 418/418/418
f 443/443/443 442/442/442 445/445/445
f 445/445/445 444/444/444 443/443/443
f 446/446/446 419/419/419 444/444/444
f 445/445/445 446/446/446 444/444/444
f 447/447/447 445/445/445 442/442/442
f 447/447/447 442/442/442 448/448/448
f 447/447/447 448/448/448 449/449/449
f 447/447/447 450/450/450 445/445/445
f 450/450/450 446/446/446 445/445/445
f 451/451/451 450/450/450 447/447/447
f 451/451/451 452/452/452 450/450/450
f 452/452/452 453/453/453 450/450/450
f 450/450/450 453/453/453 446/446/446
f 452/452/452 454/454/454 453/453/453
f 446/446/446 455/455/455 419/419/419
f 453/453/453 455/455/455 446/446/446
f 455/455/455 401/401/401 419/419/419
f 453/453/453 456/456/456 455/455/455
f 455/455/455 388/388/388 401/401/401
f 456/456/456 388/388/388 455/455/455
f 456/456/456 457/457/457 388/388/388
f 458/458/458 460/460/460 459/459/459
f 458/458/458 459/459/459 461/461/461
f 461/461/461 459/459/459 462/462/462
f 463/463/463 458/458/458 461/461/461
f 461/461/461 462/462/462 464/464/464
f 464/464/464 462/462/462 465/465/465
f 463/463/463 461/461/461 466/466/466
f 466/466/466 461/461/461 464/464/464
f 464/464/464 465/465/465 467/467/467
f 467/467/467 465/465/465 468/468/468
f 467/467/467 468/468/468 469/469/469
f 470/470/470 464/464/464 467/467/467
f 466/466/466 464/464/464 470/470/470
f 471/471/471 467/467/467 469/469/469
f 470/470/470 467/467/467 471/471/471
f 471/471/471 469/469/469 472/472/472
f 471/471/471 472/472/472 473/473/473
f 471/471/471 473/473/473 474/474/474
f 470/470/470 471/471/471 474/474/474
f 470/470/470 474/474/474 475/475/475
f 466/466/466 470/470/470 475/475/475
f 466/466/466 475/475/475 476/476/476
f 463/463/463 466/466/466 476/476/476
f 463/463/463 476/476/476 477/477/477
f 478/478/478 463/463/463 477/477/477
f 478/478/478 477/477/477 479/479/479
f 480/480/480 482/482/482 481/481/481
f 481/481/481 482/482/482 483/483/483
f 481/481/481 483/483/483 484/484/484
f 485/485/485 484/484/484 483/483/483
f 485/485/485 483/483/483 486/486/486
f 487/487/487 485/485/485 486/486/486
f 486/486/486 483/483/483 488/488/488
f 487/487/487 486/486/486 489/489/489
f 486/486/486 488/488/488 490/490/490
f 489/489/489 486/486/486 490/490/490
f 490/490/490 488/488/488 491/491/491
f 489/489/489 490/490/490 492/492/492
f 492/492/492 490/490/490 491/491/491
f 492/492/492 491/491/491 493/493/493
f 494/494/494 489/489/489 492/492/492
f 494/494/494 492/492/492 495/495/495
f 494/494/494 495/495/495 496/496/496
f 494/494/494 496/496/496 497/497/497
f 498/498/498 500/500/500 499/499/499
f 501/501/501 500/500/500 498/498/498
f 501/501/501 502/502/502 500/500/500
f 500/500/500 502/502/502 503/503/503
f 504/504/504 501/501/501 498/498/498
f 504/504/504 498/498/498 505/505/505
f 506/506/506 504/504/504 505/505/505
f 506/506/506 505/505/505 507/507/507
f 508/508/508 506/506/506 507/507/507
f 508/508/508 507/507/507 509/509/509
f 510/510/510 508/508/508 509/509/509
f 510/510/510 509/509/509 511/511/511
f 512/512/512 510/510/510 511/511/511
f 512/512/512 511/511/511 513/513/513
f 514/514/514 512/512/512 513/513/513
f 514/514/514 515/515/515 512/512/512
f 516/516/516 518/518/518 517/517/517
f 516/516/516 517/517/517 519/519/519
f 520/520/520 516/516/516 519/519/519
f 520/520/520 519/519/519 521/521/521
f 522/522/522 520/520/520 521/521/521
f 522/522/522 521/521/521 523/523/523
f 524/524/524 522/522/522 523/523/523
f 524/524/524 523/523/523 525/525/525
f 526/526/526 524/524/524 525/525/525
f 527/527/527 519/519/519 517/517/517
f 528/528/528 521/521/521 519/519/519
f 527/527/527 528/528/528 519/519/519
f 529/529/529 523/523/523 521/521/521
f 528/528/528 529/529/529 521/521/521
f 530/530/530 525/525/525 523/523/523
f 529/529/529 530/530/530 523/523/523
f 531/531/531 527/527/527 517/517/517
f 531/531/531 517/517/517 532/532/532
f 532/532/532 533/533/533 531/531/531
f 533/533/533 534/534/534 531/531/531
f 534/534/534 527/527/527 531/531/531
f 533/533/533 535/535/535 534/534/534
f 534/534/534 536/536/536 527/527/527
f 536/536/536 528/528/528 527/527/527
f 537/537/537 536/536/536 534/534/534
f 537/537/537 538/538/538 536/536/536
f 536/536/536 539/539/539 528/528/528
f 538/538/538 539/539/539 536/536/536
f 539/539/539 529/529/529 528/528/528
f 538/538/538 540/540/540 539/539/539
f 539/539/539 541/541/541 529/529/529
f 540/540/540 541/541/541 539/539/539
f 541/541/541 530/530/530 529/529/529
f 540/540/540 542/542/542 541/541/541
f 542/542/542 543/543/543 541/541/541
f 541/541/541 543/543/543 530/530/530
f 542/542/542 544/544/544 543/543/543
f 543/543/543 545/545/545 530/530/530
f 530/530/530 545/545/545 525/525/525
f 544/544/544 546/546/546 543/543/543
f 543/543/543 546/546/546 545/545/545
f 544/544/544 547/547/547 546/546/546
f 545/545/545 548/548/548 525/525/525
f 526/526/526 525/525/525 548/548/548
f 546/546/546 549/549/549 545/545/545
f 545/545/545 549/549/549 548/548/548
f 547/547/547 550/550/550 546/546/546
f 546/546/546 550/550/550 549/549/549
f 547/547/547 551/551/551 550/550/550
f 552/552/552 550/550/550 551/551/551
f 552/552/552 553/553/553 550/550/550
f 553/553/553 549/549/549 550/550/550
f 553/553/553 554/554/554 549/549/549
f 548/548/548 549/549/549 554/554/554
f 548/548/548 554/554/554 555/555/555
f 526/526/526 548/548/548 555/555/555
f 526/526/526 555/555/555 556/556/556
f 557/557/557 559/559/559 558/558/558
f 557/557/557 560/560/560 559/559/559
f 561/561/561 563/563/563 562/562/562
f 562/562/562 563/563/563 564/564/564
f 562/562/562 564/564/564 565/565/565
f 566/566/566 562/562/562 565/565/565
f 567/567/567 566/566/566 565/565/565
f 568/568/568 566/566/566 567/567/567
f 567/567/567 565/565/565 569/569/569
f 570/570/570 568/568/568 567/567/567
f 571/571/571 567/567/567 569/569/569
f 570/570/570 567/567/567 571/571/571
f 571/571/571 569/569/569 572/572/572
f 573/573/573 570/570/570 571/571/571
f 574/574/574 571/571/571 572/572/572
f 573/573/573 571/571/571 574/574/574
f 574/574/574 572/572/572 575/575/575
f 576/576/576 573/573/573 574/574/574
f 577/577/577 574/574/574 575/575/575
f 576/576/576 574/574/574 577/577/577
f 577/577/577 575/575/575 578/578/578
f 579/579/579 576/576/576 577/577/577
f 580/580/580 582/582/582 581/581/581
f 581/581/581 583/583/583 580/580/580
f 581/581/581 584/584/584 583/583/583
f 584/584/584 585/585/585 583/583/583
f 584/584/584 586/586/586 585/585/585
f 586/586/586 587/587/587 585/585/585
f 586/586/586 588/588/588 587/587/587
f 588/588/588 589/589/589 587/587/587
f 588/588/588 590/590/590 589/589/589
f 590/590/590 591/591/591 589/589/589
f 589/589/589 591/591/591 592/592/592
f 589/589/589 592/592/592 593/593/593
f 594/594/594 596/596/596 595/595/595
f 594/594/594 597/597/597 596/596/596
f 597/597/597 598/598/598 596/596/596
f 594/594/594 599/599/599 597/597/597
f 594/594/594 600/600/600 599/599/599
f 597/597/597 601/601/601 598/598/598
f 601/601/601 602/602/602 598/598/598
f 600/600/600 603/603/603 599/599/599
f 600/600/600 604/604/604 603/603/603
f 597/597/597 599/599/599 605/605/605
f 597/597/597 605/605/605 601/601/601
f 601/601/601 606/606/606 602/602/602
f 606/606/606 607/607/607 602/602/602
f 604/604/604 608/608/608 603/603/603
f 604/604/604 609/609/609 608/608/608
f 599/599/599 603/603/603 610/610/610
f 599/599/599 610/610/610 605/605/605
f 601/601/601 605/605/605 611/611/611
f 601/601/601 611/611/611 606/606/606
f 606/606/606 612/612/612 607/607/607
f 612/612/612 613/613/613 607/607/607
f 609/609/609 614/614/614 608/608/608
f 609/609/609 615/615/615 614/614/614
f 603/603/603 608/608/608 616/616/616
f 603/603/603 616/616/616 610/610/610
f 605/605/605 610/610/610 617/617/617
f 605/605/605 617/617/617 611/611/611
f 606/606/606 611/611/611 618/618/618
f 606/606/606 618/618/618 612/612/612
f 612/612/612 619/619/619 613/613/613
f 619/619/619 620/620/620 613/613/613
f 615/615/615 621/621/621 614/614/614
f 615/615/615 622/622/622 621/621/621
f 622/622/622 623/623/623 621/621/621
f 622/622/622 624/624/624 623/623/623
f 623/623/623 624/624/624 625/625/625
f 623/623/623 625/625/625 626/626/626
f 627/627/627 623/623/623 626/626/626
f 623/623/623 627/627/627 628/628/628
f 621/621/621 623/623/623 629/629/629
f 623/623/623 628/628/628 629/629/629
f 614/614/614 621/621/621 630/630/630
f 621/621/621 629/629/629 630/630/630
f 631/631/631 629/629/629 628/628/628
f 630/630/630 629/629/629 631/631/631
f 631/631/631 628/628/628 632/632/632
f 633/633/633 631/631/631 632/632/632
f 614/614/614 630/630/630 634/634/634
f 608/608/608 614/614/614 634/634/634
f 608/608/608 634/634/634 616/616/616
f 633/633/633 635/635/635 631/631/631
f 635/635/635 633/633/633 636/636/636
f 635/635/635 636/636/636 637/637/637
f 630/630/630 631/631/631 638/638/638
f 634/634/634 630/630/630 638/638/638
f 638/638/638 631/631/631 635/635/635
f 616/616/616 634/634/634 639/639/639
f 634/634/634 638/638/638 639/639/639
f 640/640/640 635/635/635 637/637/637
f 640/640/640 637/637/637 641/641/641
f 638/638/638 635/635/635 642/642/642
f 639/639/639 638/638/638 642/642/642
f 642/642/642 635/635/635 640/640/640
f 616/616/616 639/639/639 643/643/643
f 610/610/610 616/616/616 643/643/643
f 610/610/610 643/643/643 617/617/617
f 644/644/644 640/640/640 641/641/641
f 644/644/644 641/641/641 645/645/645
f 639/639/639 642/642/642 646/646/646
f 643/643/643 639/639/639 646/646/646
f 642/642/642 640/640/640 647/647/647
f 647/647/647 640/640/640 644/644/644
f 646/646/646 642/642/642 647/647/647
f 648/648/648 644/644/644 645/645/645
f 647/647/647 644/644/644 648/648/648
f 648/648/648 645/645/645 649/649/649
f 617/617/617 643/643/643 650/650/650
f 643/643/643 646/646/646 650/650/650
f 646/646/646 647/647/647 651/651/651
f 651/651/651 647/647/647 648/648/648
f 650/650/650 646/646/646 651/651/651
f 652/652/652 648/648/648 649/649/649
f 651/651/651 648/648/648 652/652/652
f 652/652/652 649/649/649 653/653/653
f 617/617/617 650/650/650 654/654/654
f 611/611/611 617/617/617 654/654/654
f 611/611/611 654/654/654 618/618/618
f 650/650/650 651/651/651 655/655/655
f 655/655/655 651/651/651 652/652/652
f 654/654/654 650/650/650 655/655/655
f 656/656/656 652/652/652 653/653/653
f 655/655/655 652/652/652 656/656/656
f 656/656/656 653/653/653 657/657/657
f 654/654/654 655/655/655 658/658/658
f 618/618/618 654/654/654 658/658/658
f 658/658/658 655/655/655 656/656/656
f 659/659/659 656/656/656 657/657/657
f 658/658/658 656/656/656 659/659/659
f 659/659/659 657/657/657 660/660/660
f 618/618/618 658/658/658 661/661/661
f 661/661/661 658/658/658 659/659/659
f 612/612/612 618/618/618 661/661/661
f 612/612/612 661/661/661 619/619/619
f 662/662/662 659/659/659 660/660/660
f 661/661/661 659/659/659 662/662/662
f 619/619/619 661/661/661 662/662/662
f 662/662/662 660/660/660 663/663/663
f 619/619/619 662/662/662 664/664/664
f 664/664/664 662/662/662 663/663/663
f 619/619/619 664/664/664 620/620/620
f 664/664/664 663/663/663 620/620/620
f 665/665/665 667/667/667 666/666/666
f 665/665/665 668/668/668 667/667/667
f 669/669/669 668/668/668 665/665/665
f 669/669/669 670/670/670 668/668/668
f 670/670/670 669/669/669 671/671/671
f 672/672/672 674/674/674 673/673/673
f 673/673/673 674/674/674 675/675/675
f 673/673/673 675/675/675 676/676/676
f 676/676/676 675/675/675 677/677/677
f 676/676/676 677/677/677 678/678/678
f 678/678/678 677/677/677 679/679/679
f 680/680/680 678/678/678 679/679/679
f 680/680/680 681/681/681 678/678/678
f 682/682/682 684/684/684 683/683/683
f 682/682/682 685/685/685 684/684/684
f 395/395/395 684/684/684 685/685/685
f 395/395/395 686/686/686 684/684/684
f 395/395/395 687/687/687 686/686/686
f 395/395/395 390/390/390 687/687/687
f 688/688/688 687/687/687 390/390/390
f 688/688/688 689/689/689 687/687/687
f 690/690/690 689/689/689 688/688/688
f 690/690/690 691/691/691 689/689/689
f 690/690/690 692/692/692 691/691/691
f 692/692/692 693/693/693 691/691/691
f 692/692/692 694/694/694 693/693/693
f 694/694/694 695/695/695 693/693/693
f 694/694/694 696/696/696 695/695/695
f 688/688/688 390/390/390 697/697/697
f 688/688/688 697/697/697 698/698/698
f 698/698/698 699/699/699 688/688/688
f 698/698/698 700/700/700 699/699/699
f 390/390/390 701/701/701 697/697/697
f 390/390/390 702/702/702 701/701/701
f 703/703/703 698/698/698 697/697/697
f 697/697/697 701/701/701 703/703/703
f 698/698/698 704/704/704 700/700/700
f 703/703/703 704/704/704 698/698/698
f 705/705/705 700/700/700 704/704/704
f 701/701/701 706/706/706 703/703/703
f 706/706/706 704/704/704 703/703/703
f 701/701/701 707/707/707 706/706/706
f 706/706/706 708/708/708 704/704/704
f 705/705/705 704/704/704 708/708/708
f 709/709/709 705/705/705 708/708/708
f 709/709/709 708/708/708 710/710/710
f 711/711/711 713/713/713 712/712/712
f 711/711/711 714/714/714 713/713/713
f 715/715/715 717/717/717 716/716/716
f 715/715/715 718/718/718 717/717/717
f 718/718/718 719/719/719 717/717/717
f 718/718/718 720/720/720 719/719/719
f 720/720/720 721/721/721 719/719/719
f 720/720/720 722/722/722 721/721/721
f 723/723/723 725/725/725 724/724/724
f 723/723/723 724/724/724 726/726/726
f 727/727/727 723/723/723 726/726/726
f 727/727/727 726/726/726 728/728/728
f 729/729/729 727/727/727 728/728/728
f 729/729/729 728/728/728 730/730/730
f 731/731/731 733/733/733 732/732/732
f 731/731/731 732/732/732 734/734/734
f 732/732/732 735/735/735 734/734/734
f 736/736/736 733/733/733 731/731/731
f 734/734/734 735/735/735 737/737/737
f 736/736/736 731/731/731 738/738/738
f 738/738/738 739/739/739 736/736/736
f 734/734/734 737/737/737 740/740/740
f 740/740/740 737/737/737 741/741/741
f 741/741/741 742/742/742 740/740/740
f 740/740/740 742/742/742 743/743/743
f 740/740/740 743/743/743 744/744/744
f 744/744/744 743/743/743 745/745/745
f 746/746/746 739/739/739 738/738/738
f 746/746/746 747/747/747 739/739/739
f 748/748/748 747/747/747 746/746/746
f 738/738/738 748/748/748 746/746/746
f 748/748/748 749/749/749 747/747/747
f 731/731/731 750/750/750 738/738/738
f 738/738/738 750/750/750 748/748/748
f 751/751/751 749/749/749 748/748/748
f 750/750/750 751/751/751 748/748/748
f 751/751/751 752/752/752 749/749/749
f 731/731/731 753/753/753 750/750/750
f 734/734/734 753/753/753 731/731/731
f 754/754/754 734/734/734 740/740/740
f 754/754/754 740/740/740 744/744/744
f 755/755/755 752/752/752 751/751/751
f 755/755/755 756/756/756 752/752/752
f 751/751/751 757/757/757 755/755/755
f 757/757/757 751/751/751 758/758/758
f 750/750/750 758/758/758 751/751/751
f 753/753/753 758/758/758 750/750/750
f 759/759/759 756/756/756 755/755/755
f 755/755/755 757/757/757 759/759/759
f 759/759/759 760/760/760 756/756/756
f 761/761/761 760/760/760 759/759/759
f 757/757/757 761/761/761 759/759/759
f 761/761/761 762/762/762 760/760/760
f 763/763/763 762/762/762 761/761/761
f 761/761/761 757/757/757 763/763/763
f 763/763/763 764/764/764 762/762/762
f 753/753/753 765/765/765 758/758/758
f 765/765/765 757/757/757 758/758/758
f 766/766/766 764/764/764 763/763/763
f 766/766/766 767/767/767 764/764/764
f 763/763/763 757/757/757 768/768/768
f 768/768/768 766/766/766 763/763/763
f 769/769/769 767/767/767 766/766/766
f 767/767/767 769/769/769 770/770/770
f 770/770/770 769/769/769 771/771/771
f 772/772/772 769/769/769 766/766/766
f 768/768/768 772/772/772 766/766/766
f 773/773/773 771/771/771 769/769/769
f 772/772/772 773/773/773 769/769/769
f 773/773/773 774/774/774 771/771/771
f 775/775/775 768/768/768 757/757/757
f 765/765/765 775/775/775 757/757/757
f 776/776/776 765/765/765 753/753/753
f 734/734/734 776/776/776 753/753/753
f 754/754/754 776/776/776 734/734/734
f 777/777/777 772/772/772 768/768/768
f 775/775/775 777/777/777 768/768/768
f 778/778/778 774/774/774 773/773/773
f 778/778/778 779/779/779 774/774/774
f 780/780/780 773/773/773 772/772/772
f 780/780/780 778/778/778 773/773/773
f 777/777/777 780/780/780 772/772/772
f 781/781/781 779/779/779 778/778/778
f 781/781/781 778/778/778 780/780/780
f 781/781/781 782/782/782 779/779/779
f 776/776/776 783/783/783 765/765/765
f 783/783/783 775/775/775 765/765/765
f 754/754/754 784/784/784 776/776/776
f 784/784/784 783/783/783 776/776/776
f 785/785/785 777/777/777 775/775/775
f 783/783/783 785/785/785 775/775/775
f 786/786/786 780/780/780 777/777/777
f 785/785/785 786/786/786 777/777/777
f 787/787/787 782/782/782 781/781/781
f 787/787/787 788/788/788 782/782/782
f 781/781/781 780/780/780 789/789/789
f 786/786/786 789/789/789 780/780/780
f 789/789/789 787/787/787 781/781/781
f 790/790/790 785/785/785 783/783/783
f 784/784/784 790/790/790 783/783/783
f 791/791/791 784/784/784 754/754/754
f 791/791/791 754/754/754 744/744/744
f 792/792/792 788/788/788 787/787/787
f 792/792/792 793/793/793 788/788/788
f 794/794/794 786/786/786 785/785/785
f 790/790/790 794/794/794 785/785/785
f 795/795/795 789/789/789 786/786/786
f 794/794/794 795/795/795 786/786/786
f 796/796/796 787/787/787 789/789/789
f 796/796/796 792/792/792 787/787/787
f 795/795/795 796/796/796 789/789/789
f 797/797/797 790/790/790 784/784/784
f 791/791/791 797/797/797 784/784/784
f 791/791/791 744/744/744 798/798/798
f 744/744/744 745/745/745 798/798/798
f 798/798/798 745/745/745 799/799/799
f 800/800/800 794/794/794 790/790/790
f 797/797/797 800/800/800 790/790/790
f 801/801/801 800/800/800 797/797/797
f 802/802/802 797/797/797 791/791/791
f 802/802/802 791/791/791 798/798/798
f 802/802/802 801/801/801 797/797/797
f 798/798/798 799/799/799 803/803/803
f 802/802/802 798/798/798 803/803/803
f 801/801/801 802/802/802 803/803/803
f 803/803/803 799/799/799 804/804/804
f 803/803/803 804/804/804 805/805/805
f 801/801/801 803/803/803 805/805/805
f 806/806/806 805/805/805 804/804/804
f 805/805/805 806/806/806 801/801/801
f 807/807/807 801/801/801 806/806/806
f 801/801/801 807/807/807 808/808/808
f 801/801/801 808/808/808 800/800/800
f 808/808/808 807/807/807 809/809/809
f 808/808/808 809/809/809 810/810/810
f 808/808/808 811/811/811 800/800/800
f 800/800/800 811/811/811 794/794/794
f 811/811/811 795/795/795 794/794/794
f 808/808/808 810/810/810 812/812/812
f 808/808/808 812/812/812 811/811/811
f 812/812/812 810/810/810 813/813/813
f 811/811/811 814/814/814 795/795/795
f 812/812/812 814/814/814 811/811/811
f 814/814/814 796/796/796 795/795/795
f 812/812/812 813/813/813 815/815/815
f 812/812/812 815/815/815 814/814/814
f 815/815/815 813/813/813 816/816/816
f 814/814/814 817/817/817 796/796/796
f 815/815/815 817/817/817 814/814/814
f 817/817/817 792/792/792 796/796/796
f 815/815/815 816/816/816 818/818/818
f 815/815/815 818/818/818 817/817/817
f 818/818/818 816/816/816 819/819/819
f 817/817/817 820/820/820 792/792/792
f 818/818/818 820/820/820 817/817/817
f 820/820/820 793/793/793 792/792/792
f 820/820/820 821/821/821 793/793/793
f 819/819/819 822/822/822 818/818/818
f 818/818/818 822/822/822 820/820/820
f 822/822/822 821/821/821 820/820/820
f 819/819/819 823/823/823 822/822/822
f 822/822/822 823/823/823 821/821/821
