mtllib P_RockDesert_Layered02.mtl
v 2.148093 4.544748 1.792858
v 1.453275 4.544748 2.135673
v 1.500634 4.906085 2.274509
v 1.500634 4.906085 2.274509
v 0.8365943 4.544748 2.319689
v 0.868654 5.153978 2.560684
v 0.1126675 5.835778 2.815795
v 0.8554511 5.924764 2.813818
v 0.1874649 5.154058 2.591218
v -0.5956672 5.742694 2.618711
v 1.500634 4.906085 2.274509
v 1.583495 5.763209 2.603841
v 0.77041 6.148905 2.451606
v 1.422653 6.076972 2.278072
v 2.148093 4.544748 1.792858
v 2.37475 5.763209 2.194
v 0.2163939 4.704553 2.418884
v 0.8365943 4.544748 2.319689
v -0.4220255 4.836573 2.295871
v -0.6099947 5.395607 2.509552
v 0.2158589 4.379336 2.34256
v -1.260552 5.733733 2.232675
v -1.311459 5.467577 2.189407
v 2.745438 4.544746 1.265652
v 2.947451 5.772856 1.725419
v 2.93476 4.544748 0.6624531
v 3.211533 5.856155 1.03487
v 2.443109 2.934534 1.094069
v 2.588201 2.934534 0.5310227
v 1.776575 2.934534 1.398386
v 1.453275 4.544748 2.135673
v 1.158457 2.934534 1.761573
v 0.6930391 2.934534 2.150059
v 2.765909 0.8627682 1.323124
v 1.970582 0.8627682 1.743124
v 0.08252232 2.934534 2.208608
v 0.7217438 1.019543 2.709679
v -0.2449835 4.258375 2.059763
v -0.5041326 2.934092 2.116108
v 2.987764 0.8627681 0.6193792
v 3.569777 -0.2203977 0.7321393
v 3.307503 -0.2203588 1.574645
v 3.966408 -3.528046 0.7977256
v 3.682242 -3.527902 1.738172
v 2.857559 1.019543 -0.04953365
v 2.410468 2.934534 0.009763351
v 2.687723 1.019543 -0.7326372
v 0.07328151 1.019543 2.941105
v 2.825438 4.544746 0.0959144
v 2.184057 2.934534 -0.5112695
v 2.404047 1.019543 -1.406738
v 2.648488 4.61127 -0.489078
v 3.226831 5.763206 0.3039422
v 1.959956 2.934534 -1.047757
v 1.955809 1.019543 -1.984699
v 2.443212 4.61127 -1.063624
v 1.629437 2.934534 -1.512641
v 1.373276 1.019543 -2.426939
v 2.030752 4.544748 -1.550655
v 1.186154 2.934534 -1.874008
v 1.583568 4.544748 -1.95391
v 0.6561206 2.934534 -2.107229
v 1.021643 4.544748 -2.223386
v 0.1028736 2.934534 -2.19646
v 0.4192987 4.544748 -2.340796
v -0.3650981 2.934534 -2.161469
v -0.1607496 4.544746 -2.328833
v -0.6338636 2.934534 -1.42644
v -0.5110089 4.544748 -1.595842
v -1.290685 2.934534 -1.589993
v -1.181818 4.544748 -1.754575
v 0.6561206 2.934534 -2.107229
v 0.6961868 1.019543 -2.703329
v 1.373276 1.019543 -2.426939
v -1.181818 4.544748 -1.754575
v -1.651532 2.934534 -1.138923
v -1.543657 4.544748 -1.352141
v -0.6338636 2.934534 -1.42644
v -2.005501 1.019543 -1.964268
v -1.174804 1.019543 -1.910231
v -0.3650981 2.934534 -2.161469
v -0.7548839 1.019543 -2.689338
v 0.1028736 2.934534 -2.19646
v -0.02950212 1.019543 -2.795073
v 0.6561206 2.934534 -2.107229
v -1.441017 -0.09234585 -2.336242
v -0.9384564 -0.07217337 -3.201949
v -0.04279155 -0.07226162 -3.341535
v -2.404982 -0.07310774 -2.34911
v 0.8279361 -0.0900589 -3.247882
v 1.373276 1.019543 -2.426939
v 1.641068 -0.09138034 -2.917531
v 1.955809 1.019543 -1.984699
v 2.341316 -0.09118871 -2.388615
v -1.697907 -3.539304 -2.73076
v -1.137333 -3.464628 -3.523812
v -0.06707506 -3.464954 -3.713244
v 0.9099166 -3.530838 -3.65054
v 1.824131 -3.535731 -3.283177
v -2.695006 -3.468086 -2.611125
v 2.613164 -3.535021 -2.694124
v 2.88103 -0.09107777 -1.696671
v 3.223618 -3.53461 -1.921684
v -1.053751 -3.703816 -3.357911
v -0.06743768 -3.715367 -3.579877
v 0.8840997 -3.712182 -3.555233
v 1.774998 -3.722662 -3.198076
v 2.544041 -3.721392 -2.624472
v 1.774998 -3.722662 -3.198076
v 1.596028 -3.809445 -2.827767
v 3.138641 -3.720644 -1.87208
v 0.8149421 -3.793429 -3.141714
v -0.01838562 -3.800253 -3.142568
v -0.81126 -3.734618 -2.819098
v 0.698202 -3.835603 -2.502075
v 2.157192 -3.815421 -2.205368
v 3.517697 -3.714383 -0.9913459
v 3.651784 -3.527474 -1.039642
v -0.194317 -3.817916 -2.217376
v 1.354078 -3.944926 -1.882718
v 2.612429 -3.751062 -1.551579
v 3.706612 -3.710543 -0.06756265
v 3.848321 -3.525093 -0.09839305
v 2.927239 -3.741683 -0.8181964
v 3.221669 -3.714834 -0.04186733
v 1.866846 -3.888197 -1.093943
v 0.428347 -3.936514 -1.465691
v 2.262405 -3.8555 -0.2472458
v 1.006636 -3.958914 -0.5747936
v 2.492464 -3.841704 0.6476582
v 1.485402 -3.914036 0.3625566
v 1.855559 -3.859231 1.277923
v -0.4857488 -4.000326 -0.8137797
v -0.01470423 -3.973878 0.009884054
v 0.4597998 -3.967963 0.8368455
v 0.9761043 -3.912455 1.698381
v -0.9479114 -3.878662 -1.587651
v -1.384615 -3.777628 -2.302106
v -1.650969 -3.716878 -2.676276
v -1.037436 -3.910347 0.5940934
v -0.4617881 -3.937393 1.485539
v -1.516119 -3.903927 -0.3399557
v -1.875502 -3.832285 -1.228617
v -2.119546 -3.756216 -2.042074
v -2.631118 -3.647479 -2.546561
v 0.1558023 -3.956237 2.24545
v -3.290569 -3.431153 -1.805074
v -2.935572 -0.06313085 -1.644252
v -2.447639 1.019543 -1.38172
v -1.290685 2.934534 -1.589993
v -1.651532 2.934534 -1.138923
v -2.518466 -3.882242 -0.5933962
v -2.743257 -3.82233 -1.514546
v -3.197752 -3.671587 -1.754416
v -3.708913 -3.437669 -0.857998
v -3.331983 -0.06489106 -0.796847
v -3.602032 -3.677359 -0.8402153
v -3.144246 -3.825096 -0.7772995
v -3.233927 -3.83522 0.1088566
v -3.602032 -3.677359 -0.8402153
v -3.82067 -3.710786 0.1339397
v -3.916064 -3.530804 0.1283826
v -2.786561 1.019543 -0.674259
v -3.550266 -0.09004952 0.0438688
v -3.886095 -3.531105 1.155159
v -3.133547 -3.787903 0.9321388
v -3.82067 -3.710786 0.1339397
v -1.976228 2.934534 -0.6146253
v -1.543657 4.544748 -1.352141
v -2.029079 4.538683 -0.7693057
v -3.526603 -0.1603498 0.8880864
v -3.390997 -3.500609 1.996342
v -3.090344 -0.1364298 1.640678
v -2.980687 1.019543 0.01250573
v -2.962068 0.9355677 0.6904084
v -2.234424 2.917988 -0.07384289
v -2.267422 2.890666 0.4756027
v -2.080019 4.237959 -0.194406
v -2.275007 4.690054 -0.2273769
v -2.295625 4.880647 0.3534555
v -2.001566 4.085482 0.2133113
v -2.030505 4.97143 0.9310398
v -2.458784 5.537477 1.144292
v -2.70251 5.424234 0.4995604
v -1.956211 5.541697 1.71903
v -1.543144 4.992914 1.466927
v -1.769159 3.996573 0.7421988
v -2.717587 5.740606 0.4187383
v -2.433824 5.721195 1.083757
v -2.049626 2.883627 0.981886
v -2.267422 2.890666 0.4756027
v -1.609555 2.88703 1.433735
v -1.351889 4.035336 1.260826
v -2.567535 5.659865 -0.3441653
v -2.505231 5.133135 -0.2298598
v -0.9580629 5.024195 1.929897
v -0.816036 4.125153 1.712189
v -0.4220255 4.836573 2.295871
v -0.2449835 4.258375 2.059763
v -1.066877 2.910849 1.847157
v -1.407225 1.019543 2.433901
v -2.058481 0.9579096 1.912149
v -0.731931 1.019543 2.714975
v -0.8163397 -0.09553771 3.362353
v 0.1256747 -0.09078831 3.556779
v 0.9121612 -0.07247116 3.298666
v 1.58998 -0.03111212 2.696368
v 1.301082 1.019543 2.237526
v -1.678234 -0.08686389 2.926774
v -2.451884 -0.1350184 2.337388
v -1.856608 -3.519012 3.30523
v -2.704631 -3.506489 2.738453
v -2.600288 0.9543219 1.318691
v -2.451884 -0.1350184 2.337388
v -3.090344 -0.1364298 1.640678
v -2.451884 -0.1350184 2.337388
v -2.704631 -3.506489 2.738453
v -3.390997 -3.500609 1.996342
v -3.305943 -3.746733 1.969971
v -2.638978 -3.754012 2.693703
v -2.180654 -3.824698 2.227034
v -2.752187 -3.811745 1.63612
v -1.905135 -3.902388 1.116927
v -1.346579 -3.912524 1.876639
v -1.600051 -3.811382 2.843772
v -2.638978 -3.754012 2.693703
v -2.317306 -3.837944 0.2807783
v -0.699446 -3.936582 2.495671
v -3.790866 -3.710717 1.143938
v -3.305943 -3.746733 1.969971
v -3.390997 -3.500609 1.996342
v -3.886095 -3.531105 1.155159
v -0.8037993 -3.826712 3.32919
v 0.05342407 -3.910894 3.343772
v -1.8193 -3.771477 3.243968
v 0.8428653 -3.906145 3.066877
v -0.7716586 -3.727377 3.969336
v -1.856608 -3.519012 3.30523
v -2.704631 -3.506489 2.738453
v -0.7563168 -3.551121 4.047644
v -1.678234 -0.08686389 2.926774
v -0.8163397 -0.09553771 3.362353
v 0.238407 -3.533539 4.06741
v 0.1256747 -0.09078831 3.556779
v 0.2073997 -3.714709 3.979187
v 1.1426 -3.46573 3.828276
v 0.9121612 -0.07247116 3.298666
v 1.104042 -3.712227 3.760702
v 1.467627 -3.790514 2.501913
v 2.129221 -3.787151 2.0315
v 1.784518 -3.652919 2.972359
v 2.93917 -3.788825 1.513121
v 2.525302 -3.664432 2.384462
v 2.598096 -3.481931 2.431652
v 2.525302 -3.664432 2.384462
v 1.858489 -3.312622 3.060167
v 1.1426 -3.46573 3.828276
v 1.58998 -0.03111212 2.696368
v 1.858489 -3.312622 3.060167
v 1.58998 -0.03111212 2.696368
v 3.575946 -3.710543 1.714537
v 3.682242 -3.527902 1.738172
v 2.349599 -0.2079407 2.113174
v 3.307503 -0.2203588 1.574645
v 1.301082 1.019543 2.237526
v 1.970582 0.8627682 1.743124
v 2.765909 0.8627682 1.323124
v 1.158457 2.934534 1.761573
v 1.776575 2.934534 1.398386
v 0.6930391 2.934534 2.150059
v 0.7217438 1.019543 2.709679
v 3.382604 -3.710543 0.7335986
v 3.575946 -3.710543 1.714537
v 3.857334 -3.710543 0.7934111
v 3.706612 -3.710543 -0.06756265
v 3.848321 -3.525093 -0.09839305
v 3.966408 -3.528046 0.7977256
v 3.682242 -3.527902 1.738172
v 2.498734 5.863075 -1.707558
v 2.050699 5.763209 -2.294031
v 2.525429 5.62528 -1.76246
v 3.138907 5.724925 -0.4779773
v 3.101955 5.874081 -0.4529181
v 3.138907 5.724925 -0.4779773
v 2.648488 4.61127 -0.489078
v 2.825438 4.544746 0.0959144
v 3.138907 5.724925 -0.4779773
v 2.443212 4.61127 -1.063624
v 2.936651 5.766365 -1.169629
v 2.904844 5.915464 -1.131393
v 3.101955 5.874081 -0.4529181
v 2.846739 6.126274 -0.3831597
v 2.904844 5.915464 -1.131393
v 2.674698 6.185839 -1.00153
v 2.718397 7.054171 -0.2807103
v 2.56988 7.054171 -0.8858919
v 2.498734 5.863075 -1.707558
v 2.936651 5.766365 -1.169629
v 2.330066 6.076972 -1.532058
v 2.525429 5.62528 -1.76246
v 2.050699 5.763209 -2.294031
v 2.030752 4.544748 -1.550655
v 2.443212 4.61127 -1.063624
v 1.583568 4.544748 -1.95391
v 1.021643 4.544748 -2.223386
v 1.43095 5.828164 -2.63709
v 0.4192987 4.544748 -2.340796
v 1.865915 6.076972 -1.978323
v 0.7110345 5.828247 -2.804147
v -0.1607496 4.544746 -2.328833
v -0.1505472 5.96178 -2.729492
v -0.5110089 4.544748 -1.595842
v -0.524245 5.916164 -2.063192
v -1.379148 5.788492 -2.179909
v -0.366747 6.359171 -1.727033
v -1.159555 6.116385 -1.914634
v 1.334315 6.141927 -2.284697
v 0.7068117 6.155852 -2.437922
v 2.25034 7.054171 -1.430682
v 1.813039 7.054171 -1.877791
v 2.699057 9.651919 -1.632264
v 2.18319 9.634509 -2.257903
v 1.283135 7.054171 -2.196444
v 2.18319 9.634509 -2.257903
v 0.7068117 6.155852 -2.437922
v 1.527385 9.612443 -2.729284
v 0.6825028 7.054171 -2.36499
v 3.034448 9.663309 -0.8957168
v 2.699057 9.651919 -1.632264
v 3.164005 9.667816 -0.1012842
v 2.718397 7.054171 -0.2807103
v 3.090915 9.665533 0.7032335
v 2.728198 7.054167 0.3894071
v 3.627273 10.80111 1.038053
v 3.770759 10.8011 0.06925035
v 3.724899 10.91743 -0.9068896
v 3.362481 10.91743 -1.841088
v 2.18319 9.634509 -2.257903
v 2.77016 10.91743 -2.650478
v 5.86253 12.36038 0.6035269
v 5.489389 12.36038 2.067508
v 3.627273 10.80111 1.038053
v 5.816176 12.36038 -0.9325395
v 5.381812 12.36038 -2.404643
v 4.567417 12.36038 -3.706579
v 1.988595 10.91743 -3.278945
v 0.7717804 9.587073 -3.014384
v 1.0707 10.91743 -3.683813
v 0.6825028 7.054171 -2.36499
v 1.283135 7.054171 -2.196444
v -0.02950596 9.560213 -3.0936
v 0.07945318 10.91743 -3.837249
v -0.5634772 9.542463 -2.459709
v -0.6654627 10.91743 -3.226632
v -1.568599 9.508761 -2.627282
v -1.858515 10.91743 -3.357988
v -0.6274456 12.51926 -5.075109
v -2.387702 12.36038 -5.295537
v -2.707217 10.91743 -2.709219
v -3.784918 12.36038 -4.405113
v -3.641766 10.72765 -1.771553
v -4.9886 12.35716 -3.101699
v -4.379441 10.45689 -0.6730122
v -5.932842 12.28013 -1.552592
v -4.547791 10.45673 0.3457184
v -6.328949 12.28013 0.0005840656
v -3.952739 10.51639 1.153688
v -6.211483 12.35655 1.534141
v -1.070221 13.58069 -7.168149
v -2.563445 13.59192 -7.391271
v -2.387702 12.36038 -5.295537
v -4.187652 13.51156 -6.315253
v -4.9886 12.35716 -3.101699
v -5.994809 13.51156 -4.695153
v -2.728547 14.27011 -7.869674
v -4.812146 14.10208 -6.901032
v -2.581916 14.52853 -7.604358
v -1.09087 14.15108 -7.324283
v -2.728547 14.27011 -7.869674
v -1.115601 14.37656 -7.066087
v -0.4269848 13.60098 -7.179733
v -0.3536206 14.0705 -7.315241
v 1.325967 13.72375 -7.341058
v 1.300445 13.23962 -7.078173
v 1.303843 13.98814 -7.130836
v -0.3505531 14.3042 -7.035063
v -4.610076 14.36108 -6.673705
v -6.685215 14.03876 -5.251791
v -3.5741 14.85999 -5.401055
v -1.923938 14.89381 -5.960885
v -1.115601 14.37656 -7.066087
v -0.2717051 14.56638 -5.831027
v 1.303843 13.98814 -7.130836
v -6.424575 14.24933 -5.093308
v -5.330929 14.57186 -4.342506
v -6.785937 14.58244 -2.254641
v -4.160916 14.85555 -3.23534
v -1.93691 14.87439 -3.844319
v -8.358895 14.03874 -2.865374
v -8.065798 14.24933 -2.797071
v -9.940631 14.03872 -0.01876296
v -7.654016 14.58244 -0.398802
v -9.657609 14.24933 -0.01809588
v -4.895403 14.66237 -0.9420987
v -7.788177 14.5426 1.286768
v -9.557268 14.24933 1.734783
v -6.896921 14.58244 2.648464
v -8.573291 14.24933 3.459023
v -5.04812 14.66696 1.011977
v -2.279749 14.80788 -1.694126
v -0.02209217 14.71656 -4.029837
v 1.449662 14.5316 -6.187839
v 1.815544 14.09263 -7.017179
v 3.228053 14.51026 -5.771535
v 1.325967 13.72375 -7.341058
v 1.84498 14.66936 -3.911321
v -1.99452E-05 14.80788 -2.044797
v -2.481789 14.80788 0.3211504
v -4.489078 14.65143 2.382425
v 1.863617 13.83996 -7.213456
v 1.300445 13.23962 -7.078173
v 2.478395 14.15855 -6.829439
v 2.569247 13.92797 -7.069028
v 3.704821 13.97814 -6.436072
v 3.838437 13.76966 -6.718976
v 5.326379 14.24933 -5.764647
v -5.949439 14.58244 3.836487
v 5.436969 14.00529 -6.029708
v 3.729797 13.26641 -6.475175
v 4.862614 13.30782 -5.697295
v 6.251302 14.24933 -3.702848
v 6.400062 14.0053 -3.895536
v 4.440431 14.58244 -4.529346
v 3.540494 14.59889 -3.610537
v 5.378462 14.58314 -3.066196
v 7.29574 14.24932 -1.778018
v 2.127729 14.71659 -1.982872
v 4.207498 14.6652 -1.795928
v -0.02075361 14.80788 0.08278496
v 7.344468 13.9125 -1.934
v 5.839169 13.30782 -3.865175
v 6.811379 13.30782 -2.05629
v 6.164532 14.58555 -1.525734
v 2.215373 14.80788 -8.856914E-07
v -2.386657 14.71696 2.298687
v 8.303142 14.24933 -0.212191
v 4.857563 14.66761 0.1856301
v 0.02245729 14.80787 2.190532
v -3.613451 14.59977 3.923673
v 8.398263 13.94565 -0.309966
v 6.89475 14.53953 -0.08300368
v 2.129243 14.80787 1.99553
v -1.844643 14.66754 4.070693
v 8.360731 14.24933 1.941928
v 4.708167 14.67267 1.973386
v 0.06647544 14.73976 3.849593
v 7.045964 14.48835 1.731717
v 1.928743 14.73021 3.780299
v 4.129221 14.67891 3.485354
v -3.334754 14.58244 5.518772
v -1.472529 14.60701 5.48327
v 0.2448191 14.63384 5.458512
v 1.74895 14.63286 5.386043
v -4.772686 14.58244 4.780573
v -7.149367 14.24933 4.575922
v -5.50381 14.24933 5.789137
v -3.61897 14.22718 6.828396
v -1.662564 14.24933 6.849029
v 0.5098003 14.24981 6.743976
v 2.616436 14.24934 6.604297
v 0.6166583 14.04225 7.103206
v 3.331482 14.61482 5.244121
v 4.547271 14.24933 6.449653
v -1.638533 14.04192 7.230482
v -3.673375 14.01668 7.172634
v -5.635538 14.03862 6.019899
v 6.133541 14.52725 3.295813
v 5.26716 14.53076 4.580969
v 6.173269 14.24933 5.491301
v 7.48026 14.24933 3.783692
v 8.639368 14.03912 1.891379
v 7.760473 14.03871 3.841592
v 8.177676 13.55507 -0.3967413
v 5.381812 12.36038 -2.404643
v 5.816176 12.36038 -0.9325395
v 8.235726 13.55507 1.601582
v 5.86253 12.36038 0.6035269
v 7.760473 14.03871 3.841592
v 7.503994 13.55506 3.594945
v 5.489389 12.36038 2.067508
v 7.503994 13.55506 3.594945
v 6.434122 14.03867 5.625624
v 6.173269 14.24933 5.491301
v 7.48026 14.24933 3.783692
v 6.288858 13.55507 5.361426
v 5.489389 12.36038 2.067508
v 4.754518 12.36038 3.395494
v 4.6988 13.55506 6.58568
v 3.703835 12.36038 4.426383
v 4.751196 14.03897 6.70744
v 6.173269 14.24933 5.491301
v 2.833886 14.11173 6.931482
v 2.882659 13.67295 6.971153
v 2.387315 12.32737 4.730754
v 0.7125564 13.5542 7.141208
v 2.882659 13.67295 6.971153
v 0.9101928 12.10035 4.661759
v 2.833886 14.11173 6.931482
v -1.465703 13.55501 7.306796
v -0.482741 12.07659 4.858359
v -3.565875 13.55507 7.135509
v -5.364679 13.55507 5.931274
v -2.484339 12.21821 4.952098
v -7.342824 14.03866 4.768657
v -8.80438 14.03867 3.596405
v -7.032339 13.55507 4.738683
v -3.609797 12.24287 4.671471
v -8.439363 13.55506 3.580551
v -9.820896 14.03869 1.795424
v -9.43494 13.55507 1.848126
v -4.592594 12.12659 3.770082
v -5.195148 12.12312 2.691662
v -5.195148 12.12312 2.691662
v -6.211483 12.35655 1.534141
v -3.813875 10.30462 2.112282
v -9.557268 14.24933 1.734783
v -8.80438 14.03867 3.596405
v -9.820896 14.03869 1.795424
v -9.634167 13.55507 0.1051017
v -6.328949 12.28013 0.0005840656
v -9.657609 14.24933 -0.01809588
v -9.557268 14.24933 1.734783
v -3.482328 10.55027 3.016437
v -3.813875 10.30462 2.112282
v -4.592594 12.12659 3.770082
v -2.344987 10.79631 3.458009
v -1.26808 10.93056 3.767518
v -2.484339 12.21821 4.952098
v -0.6903827 9.542689 3.033853
v -1.239845 9.551222 2.652008
v -3.482328 10.55027 3.016437
v -1.441726 9.190698 2.03878
v 0.003082037 9.577986 3.121711
v -0.09752983 10.91743 3.844667
v -0.02824169 7.087109 2.386175
v 0.6089227 7.147342 2.41406
v -0.6394342 7.054171 2.18547
v -1.441726 9.190698 2.03878
v -1.174627 7.022921 1.777811
v 1.242659 7.171991 2.27626
v 0.9666032 9.594858 2.97225
v 1.940019 7.054171 1.959442
v 1.847979 9.624308 2.6249
v 2.474782 7.054167 1.54783
v 2.626205 9.650279 2.185514
v 0.77041 6.148905 2.451606
v 0.1032342 6.013391 2.320305
v 1.422653 6.076972 2.278072
v -0.5517347 5.939014 2.171331
v -0.986183 5.888411 1.863685
v -1.697622 7.022918 1.28956
v -1.484771 5.912077 1.259148
v 2.111593 6.076972 1.957368
v 2.37475 5.763209 2.194
v 0.1126675 5.835778 2.815795
v 0.1032342 6.013391 2.320305
v 2.474782 7.054167 1.54783
v 2.643843 6.112291 1.524572
v 2.111593 6.076972 1.957368
v 2.947451 5.772856 1.725419
v 2.37475 5.763209 2.194
v 2.643843 6.112291 1.524572
v 0.8554511 5.924764 2.813818
v 0.1126675 5.835778 2.815795
v 2.947451 5.772856 1.725419
v 2.846336 6.169918 0.9530043
v 2.686958 7.054171 0.996469
v 2.686958 7.054171 0.996469
v 2.874197 6.076969 0.3254671
v 2.728198 7.054167 0.3894071
v 2.846336 6.169918 0.9530043
v 2.874197 6.076969 0.3254671
v 3.101955 5.874081 -0.4529181
v 2.718397 7.054171 -0.2807103
v 2.910986 9.659678 1.504787
v 2.686958 7.054171 0.996469
v 2.626205 9.650279 2.185514
v 2.474782 7.054167 1.54783
v 2.651718 10.76809 2.702733
v 3.248598 10.80182 1.941701
v 3.703835 12.36038 4.426383
v 4.754518 12.36038 3.395494
v 2.387315 12.32737 4.730754
v 1.839227 10.7663 3.285634
v 0.9101928 12.10035 4.661759
v 1.847979 9.624308 2.6249
v 0.9026454 10.91743 3.73635
v 0.9666032 9.594858 2.97225
v -0.09752983 10.91743 3.844667
v 0.003082037 9.577986 3.121711
v 5.489389 12.36038 2.067508
v 3.627273 10.80111 1.038053
v 3.248598 10.80182 1.941701
v 3.627273 10.80111 1.038053
v 3.090915 9.665533 0.7032335
v 3.233897 -0.08915011 -0.8947297
v 2.88103 -0.09107777 -1.696671
v 3.223618 -3.53461 -1.921684
v 3.651784 -3.527474 -1.039642
v 3.429002 -0.08850701 -0.06926662
v 3.848321 -3.525093 -0.09839305
v 3.569777 -0.2203977 0.7321393
v 3.429002 -0.08850701 -0.06926662
v 3.966408 -3.528046 0.7977256
v -2.707217 10.91743 -2.709219
v -2.206922 9.487573 -2.107341
v -1.568599 9.508761 -2.627282
v -2.707217 10.91743 -2.709219
v -2.73125 9.470553 -1.433337
v -3.641766 10.72765 -1.771553
v -4.379441 10.45689 -0.6730122
v -3.13588 9.460742 -0.7320687
v -2.73125 9.470553 -1.433337
v -2.329967 7.054171 -0.3860365
v -2.321523 7.022921 0.1567387
v -2.587707 8.871225 -0.07760969
v -2.107209 7.022921 0.7417334
v -2.368894 8.876556 0.6397022
v -4.547791 10.45673 0.3457184
v -1.697622 7.022918 1.28956
v -2.008947 9.17452 1.364833
v -3.813875 10.30462 2.112282
v -1.174627 7.022921 1.777811
v -1.441726 9.190698 2.03878
v -2.043901 7.054171 -0.9551373
v -2.206922 9.487573 -2.107341
v -1.626981 7.054171 -1.467221
v -1.568599 9.508761 -2.627282
v -1.100419 7.054171 -1.909219
v -2.127595 5.824619 -0.3363376
v -2.011119 5.832535 -0.9377813
v -1.512283 5.83393 -1.455244
v -2.167738 5.865536 0.227098
v -2.321523 7.022921 0.1567387
v -1.922008 5.907593 0.7067974
v -2.107209 7.022921 0.7417334
v -2.433824 5.721195 1.083757
v -2.339615 5.629169 -1.046089
v -2.505231 5.133135 -0.2298598
v -1.889235 5.693283 -1.635873
v -2.218878 5.04084 -0.9229664
v -1.889235 5.693283 -1.635873
v -2.029079 4.538683 -0.7693057
v -1.379148 5.788492 -2.179909
v -1.543657 4.544748 -1.352141
v -0.2769061 7.054171 -1.713611
v -0.5634772 9.542463 -2.459709
v -1.568599 9.508761 -2.627282
v -0.02950596 9.560213 -3.0936
v 0.06766229 7.054167 -2.371832
v 0.0153721 6.250298 -2.423437
v -0.524245 5.916164 -2.063192
v -0.1505472 5.96178 -2.729492
v 0.7110345 5.828247 -2.804147
v -0.02950596 9.560213 -3.0936
v -4.379441 10.45689 -0.6730122
v -4.547791 10.45673 0.3457184
v -2.587707 8.871225 -0.07760969
v -3.13588 9.460742 -0.7320687
v -2.433824 5.721195 1.083757
v -1.956211 5.541697 1.71903
v -2.458784 5.537477 1.144292
v -1.917593 5.725269 1.709726
v -1.311459 5.467577 2.189407
v -0.9580629 5.024195 1.929897
v -0.6099947 5.395607 2.509552
v -0.4220255 4.836573 2.295871
v -1.260552 5.733733 2.232675
v -1.484771 5.912077 1.259148
v -2.107209 7.022921 0.7417334
v -0.986183 5.888411 1.863685
v -0.5956672 5.742694 2.618711
v -0.5517347 5.939014 2.171331
v 2.616436 14.24934 6.604297
v 4.547271 14.24933 6.449653
v 4.751196 14.03897 6.70744
v 2.833886 14.11173 6.931482
v 0.5098003 14.24981 6.743976
v 2.833886 14.11173 6.931482
v -0.3505531 14.3042 -7.035063
v -1.115601 14.37656 -7.066087
v -0.3536206 14.0705 -7.315241
v -2.267422 2.890666 0.4756027
v -2.049626 2.883627 0.981886
v -2.962068 0.9355677 0.6904084
v -2.001566 4.085482 0.2133113
v -2.234424 2.917988 -0.07384289
v -2.049626 2.883627 0.981886
v -2.058481 0.9579096 1.912149
v -2.962068 0.9355677 0.6904084
v -3.090344 -0.1364298 1.640678
v 3.838437 13.76966 -6.718976
v 2.569247 13.92797 -7.069028
v 3.729797 13.26641 -6.475175
v 1.300445 13.23962 -7.078173
v 1.863617 13.83996 -7.213456
v -9.940631 14.03872 -0.01876296
v -9.820896 14.03869 1.795424
v -9.43494 13.55507 1.848126
v -9.634167 13.55507 0.1051017
v -8.358895 14.03874 -2.865374
v -7.567372 13.51156 -2.391519
v -5.994809 13.51156 -4.695153
v -9.634167 13.55507 0.1051017
v -5.932842 12.28013 -1.552592
v -5.932842 12.28013 -1.552592
v -4.9886 12.35716 -3.101699
v 6.400062 14.0053 -3.895536
v 5.436969 14.00529 -6.029708
v 5.839169 13.30782 -3.865175
v 5.381812 12.36038 -2.404643
v 3.444821 12.36038 -4.751105
v 4.862614 13.30782 -5.697295
v 2.101962 12.36038 -5.434396
v 3.729797 13.26641 -6.475175
v 2.101962 12.36038 -5.434396
v 0.07945318 10.91743 -3.837249
v 1.0707 10.91743 -3.683813
v 0.6158434 12.36038 -5.746215
v -0.6274456 12.51926 -5.075109
v 0.07945318 10.91743 -3.837249
v 3.444821 12.36038 -4.751105
v 2.101962 12.36038 -5.434396
v 1.988595 10.91743 -3.278945
v 4.567417 12.36038 -3.706579
v 1.988595 10.91743 -3.278945
v 2.77016 10.91743 -2.650478
v -0.482741 12.07659 4.858359
v 0.9101928 12.10035 4.661759
v 0.9026454 10.91743 3.73635
v -0.09752983 10.91743 3.844667
v -0.482741 12.07659 4.858359
v -0.09752983 10.91743 3.844667
v -1.26808 10.93056 3.767518
v -0.816036 4.125153 1.712189
v -0.2449835 4.258375 2.059763
v -0.5041326 2.934092 2.116108
v -1.066877 2.910849 1.847157
v 1.300445 13.23962 -7.078173
v -0.4269848 13.60098 -7.179733
v 0.6158434 12.36038 -5.746215
v 3.729797 13.26641 -6.475175
v 2.101962 12.36038 -5.434396
v -3.565875 13.55507 7.135509
v -0.482741 12.07659 4.858359
v -2.484339 12.21821 4.952098
v -3.916064 -3.530804 0.1283826
v -3.886095 -3.531105 1.155159
v -3.790866 -3.710717 1.143938
v -2.70251 5.424234 0.4995604
v -2.295625 4.880647 0.3534555
v -2.505231 5.133135 -0.2298598
v 0.2163939 4.704553 2.418884
v -0.2449835 4.258375 2.059763
v -0.4220255 4.836573 2.295871
v 2.987764 0.8627681 0.6193792
v 2.857559 1.019543 -0.04953365
v 3.429002 -0.08850701 -0.06926662
v 3.569777 -0.2203977 0.7321393
v 2.687723 1.019543 -0.7326372
v 2.404047 1.019543 -1.406738
v 2.88103 -0.09107777 -1.696671
v 3.233897 -0.08915011 -0.8947297
v 2.857559 1.019543 -0.04953365
v 3.429002 -0.08850701 -0.06926662
v 2.404047 1.019543 -1.406738
v 2.341316 -0.09118871 -2.388615
v 2.88103 -0.09107777 -1.696671
vn 0.5076014 -0.3187661 0.8004555
vn 0.3971769 -0.3155439 0.8617903
vn 0.3378815 -0.3612849 0.8690853
vn 0.3378815 -0.3612849 0.8690853
vn 0.2226567 -0.2695096 0.9369037
vn 0.1460928 -0.3445925 0.9273149
vn -0.1778672 0.3731034 0.9105806
vn 0.1257621 0.3844652 0.9145329
vn -0.08586361 -0.3505735 0.9325908
vn -0.3568386 0.402092 0.8432013
vn 0.3378815 -0.3612849 0.8690853
vn 0.3768574 0.2147139 0.9010419
vn 0.06102978 0.5036427 0.8617537
vn 0.3439772 0.4785962 0.8078523
vn 0.5076014 -0.3187661 0.8004555
vn 0.535103 0.2175113 0.8163049
vn -0.1066048 -0.3485502 0.931208
vn 0.2226567 -0.2695096 0.9369037
vn -0.3900186 -0.417558 0.8206892
vn -0.3650479 -0.3722273 0.8533387
vn -0.1227668 -0.1906292 0.9739553
vn -0.4718815 0.5321798 0.7029313
vn -0.5373427 -0.348627 0.7679337
vn 0.796331 -0.2863421 0.5327898
vn 0.7801064 0.2149426 0.587566
vn 0.9684814 -0.2411807 0.06225461
vn 0.9360898 0.313119 0.160289
vn 0.7835322 -0.03002845 0.6206252
vn 0.999922 -0.009333695 0.008295864
vn 0.5095205 -0.04105705 0.8594785
vn 0.3971769 -0.3155439 0.8617903
vn 0.5386926 -0.01519561 0.8423654
vn 0.3653658 0.06286321 0.928739
vn 0.7121364 0.3513321 0.6078054
vn 0.5202448 0.3232266 0.7904871
vn -0.07333143 0.1507945 0.9858415
vn 0.4266374 0.3872767 0.817311
vn -0.4275599 -0.1433825 0.8925436
vn -0.364843 0.2190608 0.904932
vn 0.9307672 0.3589597 0.06942887
vn 0.9531922 0.2892314 0.08814617
vn 0.752269 0.2931004 0.5900708
vn 0.9733377 -0.2169711 0.07441309
vn 0.7914684 -0.1795928 0.5842294
vn 0.9178581 0.3371324 -0.2094716
vn 0.9569688 0.00318544 -0.2901731
vn 0.8784859 0.3618934 -0.3119227
vn 0.01746696 0.4235303 0.9057136
vn 0.9417701 -0.2585447 -0.2149969
vn 0.9352295 0.009877478 -0.3539044
vn 0.802583 0.3693965 -0.4684087
vn 0.9050136 -0.3073111 -0.2941263
vn 0.9679204 0.234809 -0.08941305
vn 0.8683709 0.02244743 -0.495407
vn 0.6573778 0.3699977 -0.6564726
vn 0.8380356 -0.3287787 -0.4354317
vn 0.7190827 0.04219021 -0.6936426
vn 0.463446 0.3720514 -0.8042361
vn 0.7066503 -0.3108889 -0.6356049
vn 0.5182701 0.06157061 -0.8529978
vn 0.528555 -0.2951373 -0.7959419
vn 0.2773042 0.0824935 -0.9572341
vn 0.3031794 -0.2628518 -0.9159646
vn 0.03537818 0.1002489 -0.9943333
vn 0.05962892 -0.2200872 -0.9736561
vn -0.5920443 0.1814138 -0.7852213
vn -0.5582621 -0.1429088 -0.8172641
vn -0.4548906 0.1248969 -0.8817456
vn -0.4398559 -0.1557951 -0.8844516
vn -0.3092464 0.1210766 -0.9432429
vn -0.2702454 -0.2398511 -0.9324371
vn 0.2773042 0.0824935 -0.9572341
vn 0.2384589 0.3745789 -0.8960067
vn 0.463446 0.3720514 -0.8042361
vn -0.2702454 -0.2398511 -0.9324371
vn -0.7983435 0.1748363 -0.5762637
vn -0.7442725 -0.2035658 -0.636097
vn -0.4548906 0.1248969 -0.8817456
vn -0.3700566 0.3879971 -0.8441069
vn -0.4301194 0.3422704 -0.8353732
vn -0.5920443 0.1814138 -0.7852213
vn -0.5482726 0.3961189 -0.7365372
vn 0.03537818 0.1002489 -0.9943333
vn -0.003589623 0.3752243 -0.9269271
vn 0.2773042 0.0824935 -0.9572341
vn -0.4752291 0.2701949 -0.8373482
vn -0.5304298 0.2724487 -0.8027552
vn -0.0260249 0.2803432 -0.959547
vn -0.4431363 0.2695552 -0.854968
vn 0.2324263 0.2823712 -0.9307226
vn 0.463446 0.3720514 -0.8042361
vn 0.4727706 0.2841269 -0.8341222
vn 0.6573778 0.3699977 -0.6564726
vn 0.67189 0.2839442 -0.6840611
vn -0.4743138 -0.202667 -0.8567103
vn -0.5235298 -0.200772 -0.828014
vn -0.05619384 -0.1971322 -0.9787651
vn 0.2161787 -0.1877749 -0.958127
vn 0.4819816 -0.1800563 -0.8574809
vn -0.5009375 -0.1447993 -0.8532847
vn 0.6872653 -0.1781193 -0.7042301
vn 0.8203708 0.2860446 -0.4951467
vn 0.8353807 -0.200275 -0.5118875
vn -0.3070441 -0.811071 -0.4978832
vn -0.06090892 -0.8141815 -0.5774068
vn 0.1217226 -0.7811571 -0.6123539
vn 0.2991455 -0.7881534 -0.5378906
vn 0.4269316 -0.799274 -0.4229544
vn 0.2991455 -0.7881534 -0.5378906
vn 0.06704596 -0.9876633 -0.1415135
vn 0.480185 -0.8307984 -0.2814187
vn 0.02272178 -0.9904773 -0.1357884
vn -0.03774957 -0.9945672 -0.09701049
vn -0.0466712 -0.9952615 -0.08530217
vn -0.01946418 -0.9960691 -0.08641528
vn 0.1124751 -0.9908342 -0.07481351
vn 0.4748253 -0.8674975 -0.1482873
vn 0.9216169 -0.2361013 -0.3080235
vn -0.04393012 -0.994734 -0.09259713
vn 0.04619497 -0.9965791 -0.06852932
vn 0.1122433 -0.9933285 -0.02645776
vn 0.4581238 -0.8855336 -0.07715546
vn 0.9533418 -0.2480182 -0.172123
vn 0.09324587 -0.9954981 -0.01699737
vn 0.08125822 -0.9966662 -0.007320116
vn 0.1070364 -0.9941239 -0.01615069
vn -0.008848201 -0.9975514 -0.06937494
vn 0.1144677 -0.9933571 -0.01178459
vn 0.04637611 -0.9989231 -0.001391647
vn 0.1022357 -0.9947416 0.00609638
vn 0.06360053 -0.9978768 0.0140329
vn 0.06723529 -0.9966582 0.04638842
vn -0.03723557 -0.9984803 -0.04062921
vn -0.007137822 -0.9999075 0.01158237
vn 0.01909298 -0.99971 0.01467901
vn 0.07186548 -0.9968502 0.0335414
vn -0.05758096 -0.9932376 -0.1008138
vn -0.05175284 -0.9936113 -0.1002903
vn -0.244683 -0.8739804 -0.4198673
vn -0.04304108 -0.9990422 0.007891429
vn -0.01927886 -0.9998109 0.00256017
vn -0.05556735 -0.9983882 -0.01155123
vn -0.04035433 -0.9970701 -0.06498214
vn -0.07081293 -0.9904922 -0.1179435
vn -0.3459481 -0.7232321 -0.5977083
vn 0.028783 -0.9994044 0.0190354
vn -0.85421 -0.1490294 -0.4981121
vn -0.8222757 0.2853885 -0.4923577
vn -0.7700453 0.4176714 -0.4822663
vn -0.3092464 0.1210766 -0.9432429
vn -0.7983435 0.1748363 -0.5762637
vn -0.03347747 -0.9992689 -0.0184644
vn -0.1100728 -0.9866453 -0.1200626
vn -0.5607829 -0.7525395 -0.3452636
vn -0.9367449 -0.1511707 -0.315684
vn -0.9057035 0.2837794 -0.3149132
vn -0.6291128 -0.7449542 -0.2219468
vn -0.1822205 -0.9805939 -0.0723274
vn -0.1225521 -0.9924257 0.008495416
vn -0.6291128 -0.7449542 -0.2219468
vn -0.6204302 -0.7818531 -0.06141705
vn -0.9778695 -0.1852478 -0.09723508
vn -0.8453292 0.410948 -0.34138
vn -0.9540712 0.2871747 -0.08531608
vn -0.948938 -0.1591855 0.2723539
vn -0.100586 -0.994671 0.02262734
vn -0.6204302 -0.7818531 -0.06141705
vn -0.8924805 0.1778725 -0.4145356
vn -0.7442725 -0.2035658 -0.636097
vn -0.8519905 -0.2740685 -0.4460928
vn -0.9188776 0.2906155 0.2668456
vn -0.8013121 -0.1057648 0.5888232
vn -0.7703448 0.3059427 0.5594354
vn -0.9048107 0.4104529 -0.1133398
vn -0.8742499 0.42004 0.2434205
vn -0.9636302 0.2360792 -0.1252337
vn -0.922225 0.3008829 0.2428385
vn -0.9819357 -0.1569302 -0.105713
vn -0.8918428 -0.4374003 -0.1153143
vn -0.8382341 -0.4932296 0.2325687
vn -0.9696812 -0.05314541 0.2385246
vn -0.7107847 -0.5011077 0.4936357
vn -0.8146466 -0.219447 0.536837
vn -0.9385891 -0.2937644 0.1809782
vn -0.6684602 -0.2532952 0.6992872
vn -0.5946203 -0.4864414 0.6401574
vn -0.8411213 0.004974431 0.5408238
vn -0.8255246 0.5634506 0.0321325
vn -0.6621321 0.6472198 0.3777399
vn -0.7867673 0.310158 0.5336659
vn -0.922225 0.3008829 0.2428385
vn -0.6620501 0.2930206 0.6898033
vn -0.6921399 -0.01076459 0.7216831
vn -0.8491245 0.4631518 -0.2539254
vn -0.9179945 -0.3603061 -0.1657277
vn -0.5217515 -0.4837212 0.7027013
vn -0.5715285 -0.05692669 0.8186052
vn -0.3900186 -0.417558 0.8206892
vn -0.4275599 -0.1433825 0.8925436
vn -0.5307914 0.2671598 0.8042923
vn -0.4863953 0.4003195 0.7766363
vn -0.6303079 0.3968807 0.6672314
vn -0.299055 0.407575 0.8628145
vn -0.30997 0.3191016 0.8955963
vn 0.06121697 0.3271278 0.9429952
vn 0.4650399 0.3161693 0.8269067
vn 0.6300832 0.3125704 0.710841
vn 0.592205 0.3338016 0.7333961
vn -0.5155674 0.3051392 0.800675
vn -0.6450812 0.2977781 0.7037034
vn -0.5527079 -0.07484975 0.8300068
vn -0.6569609 -0.08153836 0.7495025
vn -0.7464226 0.4026893 0.5298062
vn -0.6450812 0.2977781 0.7037034
vn -0.7703448 0.3059427 0.5594354
vn -0.6450812 0.2977781 0.7037034
vn -0.6569609 -0.08153836 0.7495025
vn -0.8013121 -0.1057648 0.5888232
vn -0.5136871 -0.7738791 0.3704548
vn -0.4315261 -0.7526215 0.497339
vn -0.07923191 -0.9947093 0.0653895
vn -0.0906326 -0.9953716 0.03195294
vn -0.06309984 -0.9979909 0.005705105
vn -0.05686099 -0.9978409 0.03286797
vn -0.07710472 -0.9925471 0.094367
vn -0.4315261 -0.7526215 0.497339
vn -0.04260718 -0.9990364 0.01053342
vn -0.05388861 -0.9969512 0.05642977
vn -0.6092189 -0.7717273 0.1824539
vn -0.5136871 -0.7738791 0.3704548
vn -0.8013121 -0.1057648 0.5888232
vn -0.948938 -0.1591855 0.2723539
vn -0.07150607 -0.986581 0.1467819
vn -0.00182895 -0.9863465 0.164673
vn -0.358147 -0.7685375 0.5301706
vn 0.1346033 -0.9835082 0.1208037
vn -0.2287244 -0.7197594 0.6554629
vn -0.5527079 -0.07484975 0.8300068
vn -0.6569609 -0.08153836 0.7495025
vn -0.2886623 -0.1101713 0.9510712
vn -0.5155674 0.3051392 0.800675
vn -0.30997 0.3191016 0.8955963
vn 0.108808 -0.1218947 0.9865609
vn 0.06121697 0.3271278 0.9429952
vn 0.07768934 -0.743704 0.6639795
vn 0.5154232 -0.09907281 0.8511895
vn 0.4650399 0.3161693 0.8269067
vn 0.3943869 -0.7013289 0.5937987
vn 0.1519295 -0.9828582 0.1044382
vn 0.09436377 -0.9873077 0.1277463
vn 0.4814113 -0.7404298 0.4690489
vn 0.0870384 -0.9934446 0.07410922
vn 0.3588898 -0.7676451 0.5309606
vn 0.5670048 -0.1420727 0.8113698
vn 0.3588898 -0.7676451 0.5309606
vn 0.6776741 -0.07472445 0.7315559
vn 0.5154232 -0.09907281 0.8511895
vn 0.6300832 0.3125704 0.710841
vn 0.6776741 -0.07472445 0.7315559
vn 0.6300832 0.3125704 0.710841
vn 0.4738764 -0.7837638 0.4014416
vn 0.7914684 -0.1795928 0.5842294
vn 0.5578028 0.2745839 0.7832367
vn 0.752269 0.2931004 0.5900708
vn 0.592205 0.3338016 0.7333961
vn 0.5202448 0.3232266 0.7904871
vn 0.7121364 0.3513321 0.6078054
vn 0.5386926 -0.01519561 0.8423654
vn 0.5095205 -0.04105705 0.8594785
vn 0.3653658 0.06286321 0.928739
vn 0.4266374 0.3872767 0.817311
vn 0.0812967 -0.9966201 -0.0117975
vn 0.4738764 -0.7837638 0.4014416
vn 0.5409423 -0.8402424 0.03706846
vn 0.4581238 -0.8855336 -0.07715546
vn 0.9533418 -0.2480182 -0.172123
vn 0.9733377 -0.2169711 0.07441309
vn 0.7914684 -0.1795928 0.5842294
vn 0.6521113 0.5151496 -0.5562119
vn 0.5951185 0.1885005 -0.781218
vn 0.7692463 -0.1304786 -0.6254881
vn 0.9718941 -0.06142566 -0.2272635
vn 0.8495375 0.5109347 -0.1312701
vn 0.9718941 -0.06142566 -0.2272635
vn 0.9050136 -0.3073111 -0.2941263
vn 0.9417701 -0.2585447 -0.2149969
vn 0.9718941 -0.06142566 -0.2272635
vn 0.8380356 -0.3287787 -0.4354317
vn 0.8945056 -0.04402227 -0.4448841
vn 0.7741414 0.5096174 -0.3754934
vn 0.8495375 0.5109347 -0.1312701
vn 0.8761682 0.4705882 -0.1042887
vn 0.7741414 0.5096174 -0.3754934
vn 0.811462 0.4519907 -0.370451
vn 0.994378 -0.005587429 -0.1057411
vn 0.9325553 -0.008948981 -0.3609162
vn 0.6521113 0.5151496 -0.5562119
vn 0.8945056 -0.04402227 -0.4448841
vn 0.6578044 0.4857595 -0.5756137
vn 0.7692463 -0.1304786 -0.6254881
vn 0.5951185 0.1885005 -0.781218
vn 0.7066503 -0.3108889 -0.6356049
vn 0.8380356 -0.3287787 -0.4354317
vn 0.528555 -0.2951373 -0.7959419
vn 0.3031794 -0.2628518 -0.9159646
vn 0.3603832 0.2334805 -0.9031118
vn 0.05962892 -0.2200872 -0.9736561
vn 0.5476602 0.4856834 -0.6813076
vn 0.1069601 0.204927 -0.9729154
vn -0.5582621 -0.1429088 -0.8172641
vn -0.4768048 0.2820137 -0.8325415
vn -0.4398559 -0.1557951 -0.8844516
vn -0.4688815 0.3116169 -0.8264654
vn -0.3920286 0.2548233 -0.8839563
vn -0.3782987 0.3146601 -0.8705626
vn -0.33459 0.4520938 -0.8268378
vn 0.3594635 0.4676983 -0.8074926
vn 0.1337461 0.4658192 -0.8747139
vn 0.8028005 -0.02465034 -0.595738
vn 0.6353303 -0.042787 -0.7710543
vn 0.7959352 -0.3356803 -0.5037915
vn 0.6392387 -0.3455548 -0.6869977
vn 0.4139229 -0.06075751 -0.9082822
vn 0.6392387 -0.3455548 -0.6869977
vn 0.1337461 0.4658192 -0.8747139
vn 0.4390579 -0.3572702 -0.8243701
vn 0.1604826 -0.08487244 -0.983383
vn 0.9017668 -0.3289083 -0.2804211
vn 0.7959352 -0.3356803 -0.5037915
vn 0.9450687 -0.3241338 -0.04221873
vn 0.994378 -0.005587429 -0.1057411
vn 0.9416459 -0.3036794 0.145196
vn 0.9985574 0.00299975 0.05361114
vn 0.7317199 -0.651285 0.2010319
vn 0.7527093 -0.6582291 0.01277732
vn 0.7150319 -0.676828 -0.175024
vn 0.6504682 -0.6734223 -0.3512742
vn 0.6392387 -0.3455548 -0.6869977
vn 0.5372818 -0.6732012 -0.5080635
vn 0.5092188 -0.8594804 0.04460758
vn 0.4759665 -0.8588156 0.1894507
vn 0.7317199 -0.651285 0.2010319
vn 0.5313042 -0.8368013 -0.13221
vn 0.533629 -0.8012938 -0.2704964
vn 0.466403 -0.812842 -0.3489356
vn 0.3868413 -0.6718093 -0.6316851
vn 0.2094385 -0.3707016 -0.9048292
vn 0.2090865 -0.6685489 -0.7136703
vn 0.1604826 -0.08487244 -0.983383
vn 0.4139229 -0.06075751 -0.9082822
vn -0.3672049 -0.3769171 -0.8503494
vn -0.2379372 -0.641871 -0.7289633
vn -0.3148648 -0.3626139 -0.8771381
vn -0.2267611 -0.5925525 -0.772956
vn -0.2275003 -0.4210847 -0.878027
vn -0.1666025 -0.6939648 -0.7004688
vn -0.129577 -0.7987705 -0.5875163
vn -0.1075132 -0.8455738 -0.5229205
vn -0.4768175 -0.6687272 -0.5704814
vn -0.3577211 -0.8194053 -0.4478957
vn -0.5418858 -0.6780982 -0.4965307
vn -0.4494105 -0.7999166 -0.397698
vn -0.6337965 -0.7205821 -0.2811825
vn -0.5246921 -0.7992226 -0.2931577
vn -0.6619481 -0.7442802 0.08872295
vn -0.5375401 -0.8422834 -0.04011722
vn -0.617074 -0.7446784 0.2543101
vn -0.479565 -0.8617013 0.1657957
vn 0.08514228 -0.6650773 -0.741905
vn -0.05597739 -0.7255049 -0.6859367
vn -0.1075132 -0.8455738 -0.5229205
vn -0.3229741 -0.8107003 -0.4883163
vn -0.4494105 -0.7999166 -0.397698
vn -0.3988789 -0.8444058 -0.3575955
vn -0.1217038 0.1199843 -0.9852878
vn -0.574881 -0.01818787 -0.8180349
vn 0.02186239 0.8614054 -0.5074473
vn 0.1831042 0.239239 -0.9535395
vn -0.1217038 0.1199843 -0.9852878
vn 0.1906909 0.865149 -0.4638471
vn -0.07741199 -0.6114937 -0.7874533
vn 0.04318134 0.2577761 -0.9652393
vn 0.1242389 0.06561284 -0.9900807
vn 0.04156924 -0.6625425 -0.74787
vn 0.04736404 0.7854128 -0.6171576
vn 0.09129151 0.8698547 -0.4847871
vn -0.2923713 0.8823788 -0.3686822
vn -0.7516763 -0.05066052 -0.6575837
vn -0.1172285 0.9872347 -0.1078198
vn 0.0625172 0.9862037 -0.1532775
vn 0.1906909 0.865149 -0.4638471
vn 0.09361456 0.9802046 -0.1744568
vn 0.04736404 0.7854128 -0.6171576
vn -0.344029 0.8941243 -0.2866806
vn -0.189899 0.9745708 -0.1189548
vn -0.140172 0.9881063 -0.06322846
vn -0.07408281 0.9972376 -0.005377897
vn 0.03515213 0.9993819 0.0004091804
vn -0.8389543 -0.01829248 -0.5438943
vn -0.3601425 0.9043154 -0.2291533
vn -0.9763433 0.05791573 -0.2083253
vn -0.1207197 0.9922863 -0.02818962
vn -0.4186818 0.9022703 -0.1030233
vn -0.04728082 0.9987575 0.01574598
vn -0.1089684 0.9935865 0.0301961
vn -0.4068793 0.9051781 0.1228888
vn -0.09092651 0.9934444 0.06928638
vn -0.3324468 0.8996049 0.2831787
vn -0.04064554 0.9990919 0.01277758
vn -0.009342841 0.9998376 0.0154096
vn 0.05532466 0.9976442 -0.04056122
vn 0.03786352 0.9663114 -0.2545753
vn 0.04424367 0.791647 -0.6093748
vn 0.1073112 0.9603281 -0.2573989
vn 0.1242389 0.06561284 -0.9900807
vn 0.03317281 0.9981116 -0.05169963
vn 0.02459436 0.9995663 -0.01619842
vn -0.03004369 0.9994717 0.0123989
vn -0.03048505 0.9990371 0.03155196
vn 0.1858145 0.1524384 -0.9706882
vn 0.04156924 -0.6625425 -0.74787
vn 0.1560719 0.8310969 -0.5337785
vn 0.2544062 0.2459132 -0.9353096
vn 0.1956498 0.8462813 -0.4955089
vn 0.3486029 0.1242642 -0.9289965
vn 0.3607085 0.8538918 -0.3751775
vn -0.08747365 0.9902885 0.1080607
vn 0.6815779 0.1195126 -0.7219199
vn 0.2798344 -0.7021666 -0.6547174
vn 0.4823941 -0.7368351 -0.4736772
vn 0.5207872 0.8142808 -0.2563739
vn 0.8978419 -0.001735875 -0.4403145
vn 0.09735489 0.9871894 -0.1264091
vn 0.02328197 0.9990418 -0.03706066
vn 0.1399366 0.9866261 -0.08358675
vn 0.5544528 0.7694008 -0.3171819
vn 0.0341079 0.9988717 -0.03304635
vn 0.04015549 0.9987466 -0.02988094
vn 0.0009927599 0.9999995 -3.602364E-05
vn 0.8591102 -0.04014184 -0.510214
vn 0.6134646 -0.7116123 -0.3424458
vn 0.6337676 -0.6947616 -0.3400661
vn 0.1455219 0.9867164 -0.07220959
vn 0.02964899 0.9994678 -0.01360352
vn -0.03113184 0.9988264 0.03710372
vn 0.5898637 0.7859374 -0.185373
vn 0.056337 0.9984031 -0.004157618
vn -0.01152083 0.9995747 0.02678974
vn -0.02238084 0.9992906 0.0302871
vn 0.9463026 -0.03390492 -0.3214993
vn 0.1450618 0.9888675 -0.03313772
vn 0.02491501 0.9995247 0.01815823
vn -0.02962921 0.9986404 0.0428905
vn 0.4838241 0.8699304 0.09557903
vn 0.06357036 0.9978317 0.0170513
vn -0.01226787 0.9986253 0.05096019
vn 0.1381517 0.9899001 0.03181158
vn 0.01853155 0.9986537 0.04845042
vn 0.05564718 0.997516 0.0431879
vn -0.04630367 0.987157 0.1528955
vn -0.01421552 0.9876304 0.1561542
vn 0.0005551081 0.9852519 0.1711093
vn 0.01760486 0.9847494 0.1730861
vn -0.07582199 0.9896618 0.1217394
vn -0.2708432 0.8996664 0.3424096
vn -0.2382815 0.8971798 0.3718739
vn -0.1183748 0.908965 0.3997125
vn -0.001383118 0.9242668 0.3817449
vn 0.01626893 0.9268805 0.3750037
vn 0.02910614 0.9294126 0.3678928
vn 0.05113135 0.5630491 0.8248402
vn 0.04732926 0.9861946 0.1586828
vn 0.1315797 0.9174514 0.3754594
vn -0.002628161 0.5288254 0.8487266
vn -0.2852286 0.379833 0.8799838
vn -0.5343512 0.2685134 0.8014795
vn 0.1243209 0.9898359 0.06906031
vn 0.1112806 0.9866797 0.1186583
vn 0.2817589 0.903139 0.3239625
vn 0.3678698 0.9023808 0.2244568
vn 0.9872829 0.03593075 0.1548593
vn 0.8608117 0.1264435 0.4929659
vn 0.6836808 -0.6909181 -0.2349738
vn 0.533629 -0.8012938 -0.2704964
vn 0.5313042 -0.8368013 -0.13221
vn 0.6437621 -0.7605677 0.08430343
vn 0.5092188 -0.8594804 0.04460758
vn 0.8608117 0.1264435 0.4929659
vn 0.5716908 -0.7639391 0.299277
vn 0.4759665 -0.8588156 0.1894507
vn 0.5716908 -0.7639391 0.299277
vn 0.6790503 0.2065347 0.7044389
vn 0.2817589 0.903139 0.3239625
vn 0.3678698 0.9023808 0.2244568
vn 0.5074292 -0.7114162 0.4862125
vn 0.4759665 -0.8588156 0.1894507
vn 0.4145767 -0.8548235 0.3120943
vn 0.3036669 -0.6108926 0.7311612
vn 0.2689587 -0.8483503 0.4560297
vn 0.3545374 0.3358425 0.8726472
vn 0.2817589 0.903139 0.3239625
vn 0.09257448 0.5259562 0.8454585
vn 0.1196484 -0.481171 0.868423
vn 0.1468845 -0.8050802 0.5746921
vn 0.08625012 -0.4486156 0.8895532
vn 0.1196484 -0.481171 0.868423
vn 0.1025139 -0.7524576 0.650614
vn 0.09257448 0.5259562 0.8454585
vn 0.01015752 -0.4437798 0.8960783
vn 0.02353508 -0.7671692 0.641013
vn -0.2359017 -0.5241449 0.8183047
vn -0.4241511 -0.6306561 0.6498991
vn -0.1167208 -0.7999327 0.588629
vn -0.5960266 0.2257387 0.7705805
vn -0.7699171 0.1700042 0.6150823
vn -0.4654111 -0.6754698 0.5719555
vn -0.2594731 -0.7922525 0.552277
vn -0.5320167 -0.7195249 0.4463657
vn -0.9528319 0.1434013 0.2674834
vn -0.6093746 -0.7656214 0.2061227
vn -0.4117442 -0.7838965 0.464729
vn -0.528644 -0.8008224 0.2814589
vn -0.528644 -0.8008224 0.2814589
vn -0.479565 -0.8617013 0.1657957
vn -0.5703937 -0.7656309 0.2974231
vn -0.4068793 0.9051781 0.1228888
vn -0.7699171 0.1700042 0.6150823
vn -0.9528319 0.1434013 0.2674834
vn -0.5813351 -0.8065318 -0.1074992
vn -0.5375401 -0.8422834 -0.04011722
vn -0.4186818 0.9022703 -0.1030233
vn -0.4068793 0.9051781 0.1228888
vn -0.4307849 -0.7304103 0.5300238
vn -0.5703937 -0.7656309 0.2974231
vn -0.4117442 -0.7838965 0.464729
vn -0.2232442 -0.6900856 0.6884358
vn -0.1258568 -0.6370289 0.7604961
vn -0.1167208 -0.7999327 0.588629
vn -0.2125859 -0.4320315 0.8764451
vn -0.371863 -0.5355617 0.7582161
vn -0.4307849 -0.7304103 0.5300238
vn -0.6026122 -0.4769561 0.6398214
vn 0.03361335 -0.3826243 0.9232924
vn 0.03426339 -0.5714813 0.8198995
vn -0.2130739 -0.1716661 0.9618369
vn 0.062382 -0.1310336 0.9894133
vn -0.5178282 -0.1683143 0.8387635
vn -0.6026122 -0.4769561 0.6398214
vn -0.7021557 -0.1379609 0.6985301
vn 0.3052785 -0.09427148 0.9475853
vn 0.2516994 -0.3593502 0.8986183
vn 0.4939682 -0.06056543 0.867368
vn 0.4397893 -0.3285285 0.8358555
vn 0.7926221 -0.02868998 0.6090378
vn 0.7210707 -0.2887529 0.6298244
vn 0.06102978 0.5036427 0.8617537
vn -0.2313031 0.5278494 0.8172355
vn 0.3439772 0.4785962 0.8078523
vn -0.3956407 0.5639526 0.7248626
vn -0.5328649 0.5816827 0.6145732
vn -0.7688402 -0.1355693 0.6249046
vn -0.6375793 0.5367389 0.5526338
vn 0.4676686 0.4578452 0.7560846
vn 0.535103 0.2175113 0.8163049
vn -0.1778672 0.3731034 0.9105806
vn -0.2313031 0.5278494 0.8172355
vn 0.7926221 -0.02868998 0.6090378
vn 0.6874291 0.4971359 0.529431
vn 0.4676686 0.4578452 0.7560846
vn 0.7801064 0.2149426 0.587566
vn 0.535103 0.2175113 0.8163049
vn 0.6874291 0.4971359 0.529431
vn 0.1257621 0.3844652 0.9145329
vn -0.1778672 0.3731034 0.9105806
vn 0.7801064 0.2149426 0.587566
vn 0.8612421 0.4818417 0.1615262
vn 0.9727308 0.008466205 0.2317829
vn 0.9727308 0.008466205 0.2317829
vn 0.8690033 0.4944999 -0.01741075
vn 0.9985574 0.00299975 0.05361114
vn 0.8612421 0.4818417 0.1615262
vn 0.8690033 0.4944999 -0.01741075
vn 0.8495375 0.5109347 -0.1312701
vn 0.994378 -0.005587429 -0.1057411
vn 0.9060659 -0.2704769 0.3254026
vn 0.9727308 0.008466205 0.2317829
vn 0.7210707 -0.2887529 0.6298244
vn 0.7926221 -0.02868998 0.6090378
vn 0.519729 -0.6084664 0.5997086
vn 0.6868402 -0.6220592 0.3758894
vn 0.2689587 -0.8483503 0.4560297
vn 0.4145767 -0.8548235 0.3120943
vn 0.1468845 -0.8050802 0.5746921
vn 0.3098037 -0.5865062 0.7483529
vn 0.1025139 -0.7524576 0.650614
vn 0.4397893 -0.3285285 0.8358555
vn 0.1619735 -0.572996 0.8033928
vn 0.2516994 -0.3593502 0.8986183
vn 0.03426339 -0.5714813 0.8198995
vn 0.03361335 -0.3826243 0.9232924
vn 0.4759665 -0.8588156 0.1894507
vn 0.7317199 -0.651285 0.2010319
vn 0.6868402 -0.6220592 0.3758894
vn 0.7317199 -0.651285 0.2010319
vn 0.9416459 -0.3036794 0.145196
vn 0.9070772 0.2901767 -0.3049729
vn 0.8203708 0.2860446 -0.4951467
vn 0.8353807 -0.200275 -0.5118875
vn 0.9216169 -0.2361013 -0.3080235
vn 0.9398398 0.3022541 -0.1591965
vn 0.9533418 -0.2480182 -0.172123
vn 0.9531922 0.2892314 0.08814617
vn 0.9398398 0.3022541 -0.1591965
vn 0.9733377 -0.2169711 0.07441309
vn -0.4768175 -0.6687272 -0.5704814
vn -0.6209183 -0.421692 -0.6607846
vn -0.2275003 -0.4210847 -0.878027
vn -0.4768175 -0.6687272 -0.5704814
vn -0.6995558 -0.4629311 -0.5443496
vn -0.5418858 -0.6780982 -0.4965307
vn -0.6337965 -0.7205821 -0.2811825
vn -0.745617 -0.6044792 -0.2804644
vn -0.6995558 -0.4629311 -0.5443496
vn -0.9723898 -0.2050606 -0.1113924
vn -0.9576734 -0.1431377 0.2497465
vn -0.8600615 -0.4209082 0.2883238
vn -0.8745162 -0.1281017 0.4677728
vn -0.8043482 -0.4492747 0.3888139
vn -0.6619481 -0.7442802 0.08872295
vn -0.7688402 -0.1355693 0.6249046
vn -0.6688092 -0.5714172 0.4755804
vn -0.5703937 -0.7656309 0.2974231
vn -0.7021557 -0.1379609 0.6985301
vn -0.6026122 -0.4769561 0.6398214
vn -0.8294895 -0.20939 -0.5177867
vn -0.6209183 -0.421692 -0.6607846
vn -0.7086313 -0.188046 -0.680059
vn -0.2275003 -0.4210847 -0.878027
vn -0.227559 -0.1786043 -0.9572447
vn -0.8274856 0.5277579 -0.191675
vn -0.7300882 0.5499919 -0.4055616
vn -0.6924786 0.5298913 -0.4895802
vn -0.7918592 0.6028094 0.0978761
vn -0.9576734 -0.1431377 0.2497465
vn -0.7160074 0.5565717 0.4213803
vn -0.8745162 -0.1281017 0.4677728
vn -0.6621321 0.6472198 0.3777399
vn -0.8113033 0.3650355 -0.4566576
vn -0.9179945 -0.3603061 -0.1657277
vn -0.744953 0.3429585 -0.5722102
vn -0.8104303 -0.3523236 -0.4680499
vn -0.744953 0.3429585 -0.5722102
vn -0.8519905 -0.2740685 -0.4460928
vn -0.3920286 0.2548233 -0.8839563
vn -0.7442725 -0.2035658 -0.636097
vn -0.4066603 -0.1077195 -0.9072067
vn -0.3148648 -0.3626139 -0.8771381
vn -0.2275003 -0.4210847 -0.878027
vn -0.3672049 -0.3769171 -0.8503494
vn -0.4834433 -0.09517363 -0.8701864
vn -0.4260362 0.5031614 -0.7518789
vn -0.4688815 0.3116169 -0.8264654
vn -0.4768048 0.2820137 -0.8325415
vn 0.1069601 0.204927 -0.9729154
vn -0.3672049 -0.3769171 -0.8503494
vn -0.6337965 -0.7205821 -0.2811825
vn -0.6619481 -0.7442802 0.08872295
vn -0.8600615 -0.4209082 0.2883238
vn -0.745617 -0.6044792 -0.2804644
vn -0.6621321 0.6472198 0.3777399
vn -0.6684602 -0.2532952 0.6992872
vn -0.8146466 -0.219447 0.536837
vn -0.5343794 0.6362725 0.5564135
vn -0.5373427 -0.348627 0.7679337
vn -0.5217515 -0.4837212 0.7027013
vn -0.3650479 -0.3722273 0.8533387
vn -0.3900186 -0.417558 0.8206892
vn -0.4718815 0.5321798 0.7029313
vn -0.6375793 0.5367389 0.5526338
vn -0.8745162 -0.1281017 0.4677728
vn -0.5328649 0.5816827 0.6145732
vn -0.3568386 0.402092 0.8432013
vn -0.3956407 0.5639526 0.7248626
vn 0.02910614 0.9294126 0.3678928
vn 0.1315797 0.9174514 0.3754594
vn 0.3545374 0.3358425 0.8726472
vn 0.09257448 0.5259562 0.8454585
vn 0.01626893 0.9268805 0.3750037
vn 0.09257448 0.5259562 0.8454585
vn 0.09129151 0.8698547 -0.4847871
vn 0.1906909 0.865149 -0.4638471
vn 0.04318134 0.2577761 -0.9652393
vn -0.922225 0.3008829 0.2428385
vn -0.7867673 0.310158 0.5336659
vn -0.8742499 0.42004 0.2434205
vn -0.9696812 -0.05314541 0.2385246
vn -0.9636302 0.2360792 -0.1252337
vn -0.7867673 0.310158 0.5336659
vn -0.6303079 0.3968807 0.6672314
vn -0.8742499 0.42004 0.2434205
vn -0.7703448 0.3059427 0.5594354
vn 0.3486029 0.1242642 -0.9289965
vn 0.2544062 0.2459132 -0.9353096
vn 0.2798344 -0.7021666 -0.6547174
vn 0.04156924 -0.6625425 -0.74787
vn 0.1858145 0.1524384 -0.9706882
vn -0.9763433 0.05791573 -0.2083253
vn -0.9528319 0.1434013 0.2674834
vn -0.6093746 -0.7656214 0.2061227
vn -0.5813351 -0.8065318 -0.1074992
vn -0.8389543 -0.01829248 -0.5438943
vn -0.44985 -0.8425633 -0.2961792
vn -0.3988789 -0.8444058 -0.3575955
vn -0.5813351 -0.8065318 -0.1074992
vn -0.5246921 -0.7992226 -0.2931577
vn -0.5246921 -0.7992226 -0.2931577
vn -0.4494105 -0.7999166 -0.397698
vn 0.8978419 -0.001735875 -0.4403145
vn 0.6815779 0.1195126 -0.7219199
vn 0.6134646 -0.7116123 -0.3424458
vn 0.533629 -0.8012938 -0.2704964
vn 0.3332295 -0.8401224 -0.4279632
vn 0.4823941 -0.7368351 -0.4736772
vn 0.1797766 -0.8362588 -0.5180267
vn 0.2798344 -0.7021666 -0.6547174
vn 0.1797766 -0.8362588 -0.5180267
vn -0.2379372 -0.641871 -0.7289633
vn 0.2090865 -0.6685489 -0.7136703
vn -0.1100758 -0.8153806 -0.5683641
vn -0.129577 -0.7987705 -0.5875163
vn -0.2379372 -0.641871 -0.7289633
vn 0.3332295 -0.8401224 -0.4279632
vn 0.1797766 -0.8362588 -0.5180267
vn 0.3868413 -0.6718093 -0.6316851
vn 0.466403 -0.812842 -0.3489356
vn 0.3868413 -0.6718093 -0.6316851
vn 0.5372818 -0.6732012 -0.5080635
vn 0.02353508 -0.7671692 0.641013
vn 0.1025139 -0.7524576 0.650614
vn 0.1619735 -0.572996 0.8033928
vn 0.03426339 -0.5714813 0.8198995
vn 0.02353508 -0.7671692 0.641013
vn 0.03426339 -0.5714813 0.8198995
vn -0.1258568 -0.6370289 0.7604961
vn -0.5715285 -0.05692669 0.8186052
vn -0.4275599 -0.1433825 0.8925436
vn -0.364843 0.2190608 0.904932
vn -0.5307914 0.2671598 0.8042923
vn 0.04156924 -0.6625425 -0.74787
vn -0.07741199 -0.6114937 -0.7874533
vn -0.1100758 -0.8153806 -0.5683641
vn 0.2798344 -0.7021666 -0.6547174
vn 0.1797766 -0.8362588 -0.5180267
vn -0.2359017 -0.5241449 0.8183047
vn 0.02353508 -0.7671692 0.641013
vn -0.1167208 -0.7999327 0.588629
vn -0.9778695 -0.1852478 -0.09723508
vn -0.948938 -0.1591855 0.2723539
vn -0.6092189 -0.7717273 0.1824539
vn -0.9385891 -0.2937644 0.1809782
vn -0.8382341 -0.4932296 0.2325687
vn -0.9179945 -0.3603061 -0.1657277
vn -0.1066048 -0.3485502 0.931208
vn -0.4275599 -0.1433825 0.8925436
vn -0.3900186 -0.417558 0.8206892
vn 0.9307672 0.3589597 0.06942887
vn 0.9178581 0.3371324 -0.2094716
vn 0.9398398 0.3022541 -0.1591965
vn 0.9531922 0.2892314 0.08814617
vn 0.8784859 0.3618934 -0.3119227
vn 0.802583 0.3693965 -0.4684087
vn 0.8203708 0.2860446 -0.4951467
vn 0.9070772 0.2901767 -0.3049729
vn 0.9178581 0.3371324 -0.2094716
vn 0.9398398 0.3022541 -0.1591965
vn 0.802583 0.3693965 -0.4684087
vn 0.67189 0.2839442 -0.6840611
vn 0.8203708 0.2860446 -0.4951467
vt 0.4197056 0.4197056
vt 0.4578461 0.37
vt 0.4578461 0.37
vt 0.4578461 0.37
vt 0.4818221 0.3121166
vt 0.4818221 0.3121166
vt 0.49 0.25
vt 0.4818221 0.3121166
vt 0.49 0.25
vt 0.4818221 0.1878834
vt 0.4578461 0.37
vt 0.4578461 0.37
vt 0.4818221 0.3121166
vt 0.4578461 0.37
vt 0.4197056 0.4197056
vt 0.4197056 0.4197056
vt 0.49 0.25
vt 0.4818221 0.3121166
vt 0.4818221 0.1878834
vt 0.4818221 0.1878834
vt 0.49 0.25
vt 0.4578461 0.13
vt 0.4578461 0.13
vt 0.3699999 0.457846
vt 0.3699999 0.457846
vt 0.3121166 0.4818221
vt 0.3121166 0.4818221
vt 0.3699999 0.457846
vt 0.3121166 0.4818221
vt 0.4197056 0.4197056
vt 0.4578461 0.37
vt 0.4578462 0.3700001
vt 0.4818221 0.3121166
vt 0.37 0.457846
vt 0.4197057 0.4197057
vt 0.49 0.25
vt 0.4818222 0.3121166
vt 0.4818221 0.1878834
vt 0.4818222 0.1878834
vt 0.3121166 0.4818222
vt 0.3121166 0.4818222
vt 0.37 0.457846
vt 0.3121165 0.4818222
vt 0.37 0.4578461
vt 0.25 0.4899999
vt 0.25 0.4899999
vt 0.1878834 0.4818222
vt 0.49 0.25
vt 0.25 0.4899999
vt 0.1878834 0.4818222
vt 0.13 0.4578461
vt 0.1878835 0.4818222
vt 0.25 0.4899999
vt 0.13 0.4578461
vt 0.08029439 0.4197056
vt 0.13 0.4578461
vt 0.08029439 0.4197056
vt 0.04215391 0.37
vt 0.08029439 0.4197056
vt 0.04215391 0.37
vt 0.04215391 0.37
vt 0.01817781 0.3121166
vt 0.01817781 0.3121166
vt 0.01000001 0.25
vt 0.01000001 0.25
vt 0.01817781 0.1878834
vt 0.01817781 0.1878834
vt 0.04215391 0.13
vt 0.04215391 0.13
vt 0.08029439 0.08029439
vt 0.08029439 0.08029439
vt 0.01817781 0.3121166
vt 0.01817781 0.3121166
vt 0.04215391 0.37
vt 0.08029439 0.08029439
vt 0.13 0.04215391
vt 0.1227044 0.04775204
vt 0.04215391 0.13
vt 0.08029439 0.08029439
vt 0.04215391 0.13
vt 0.01817781 0.1878834
vt 0.01817781 0.1878834
vt 0.01000001 0.25
vt 0.01000001 0.25
vt 0.01817781 0.3121166
vt 0.04215391 0.13
vt 0.01817781 0.1878834
vt 0.01000001 0.25
vt 0.08029439 0.08029439
vt 0.01817781 0.3121166
vt 0.04215391 0.37
vt 0.04215391 0.37
vt 0.08029439 0.4197056
vt 0.08029439 0.4197056
vt 0.04215391 0.13
vt 0.01817781 0.1878834
vt 0.01000001 0.25
vt 0.01817781 0.3121166
vt 0.04215391 0.37
vt 0.08029439 0.08029439
vt 0.08029439 0.4197056
vt 0.13 0.4578461
vt 0.13 0.4578461
vt 0.04363565 0.1897234
vt 0.03669019 0.25
vt 0.03977168 0.3063305
vt 0.05911985 0.3602047
vt 0.09146328 0.4085368
vt 0.05911986 0.3602047
vt 0.09244597 0.3409639
vt 0.1379072 0.4441504
vt 0.0820649 0.2949981
vt 0.07614079 0.25
vt 0.0820649 0.205002
vt 0.1220668 0.2842796
vt 0.1213577 0.3786425
vt 0.1919911 0.4664922
vt 0.1878834 0.4818222
vt 0.1378816 0.239533
vt 0.1581361 0.315124
vt 0.1590362 0.4075541
vt 0.25 0.4710469
vt 0.25 0.49
vt 0.2029137 0.4257287
vt 0.25 0.4319277
vt 0.1972213 0.3414154
vt 0.1810318 0.26848
vt 0.239533 0.3621185
vt 0.2240717 0.2949091
vt 0.2842796 0.3779333
vt 0.26848 0.3189682
vt 0.3151239 0.3418639
vt 0.2112601 0.2276335
vt 0.25 0.25
vt 0.2889144 0.2724672
vt 0.3352075 0.2991946
vt 0.1698245 0.2037107
vt 0.116961 0.1731899
vt 0.06472933 0.1430339
vt 0.2759283 0.2050909
vt 0.3189682 0.2315201
vt 0.2315201 0.1810318
vt 0.1848761 0.1581361
vt 0.127063 0.127063
vt 0.0911044 0.0911044
vt 0.3621185 0.2604671
vt 0.13 0.04215391
vt 0.13 0.04215391
vt 0.13 0.04215391
vt 0.08029439 0.08029439
vt 0.13 0.04215391
vt 0.2157204 0.1220668
vt 0.1630704 0.09943351
vt 0.1393536 0.05835485
vt 0.1878834 0.01817781
vt 0.1878834 0.01817781
vt 0.1931219 0.03772814
vt 0.2050019 0.0820649
vt 0.25 0.07614079
vt 0.1931219 0.03772814
vt 0.25 0.02824848
vt 0.25 0.01000001
vt 0.1878834 0.01817781
vt 0.25 0.01000001
vt 0.3121166 0.01817781
vt 0.2976228 0.0722693
vt 0.25 0.02824848
vt 0.1878834 0.01817781
vt 0.1227044 0.04775204
vt 0.1878834 0.01817781
vt 0.3121166 0.01817781
vt 0.37 0.04215391
vt 0.37 0.04215391
vt 0.25 0.01000001
vt 0.3121166 0.01817781
vt 0.25 0.01000001
vt 0.3121166 0.01817781
vt 0.25 0.01000001
vt 0.25 0.01000001
vt 0.3121166 0.01817781
vt 0.3121166 0.01817781
vt 0.37 0.04215392
vt 0.37 0.04215392
vt 0.3121166 0.01817781
vt 0.4197056 0.08029439
vt 0.4197056 0.08029439
vt 0.37 0.04215392
vt 0.3121166 0.01817781
vt 0.37 0.04215392
vt 0.3700001 0.04215392
vt 0.3121166 0.01817781
vt 0.4197056 0.08029439
vt 0.4197056 0.08029439
vt 0.25 0.01000001
vt 0.25 0.01000001
vt 0.457846 0.13
vt 0.4578461 0.13
vt 0.4818221 0.1878834
vt 0.4818221 0.1878834
vt 0.457846 0.13
vt 0.4578461 0.13
vt 0.4197056 0.08029439
vt 0.4818222 0.1878834
vt 0.4818222 0.1878834
vt 0.49 0.25
vt 0.4818222 0.3121166
vt 0.4578461 0.37
vt 0.4578461 0.37
vt 0.4578461 0.13
vt 0.4197056 0.08029439
vt 0.4578461 0.13
vt 0.4197056 0.08029439
vt 0.37 0.04215391
vt 0.4197056 0.08029439
vt 0.37 0.04215391
vt 0.4197056 0.08029439
vt 0.4197056 0.08029439
vt 0.37 0.04215391
vt 0.3629027 0.05444671
vt 0.4100448 0.08995517
vt 0.3801079 0.1198921
vt 0.3420001 0.09065099
vt 0.3027787 0.1585846
vt 0.3418639 0.1848761
vt 0.409349 0.1579998
vt 0.4100448 0.08995518
vt 0.2604671 0.1378816
vt 0.3779332 0.2157204
vt 0.3085099 0.03163828
vt 0.3629027 0.05444672
vt 0.37 0.04215391
vt 0.3121166 0.01817781
vt 0.4294474 0.2019172
vt 0.4357776 0.25
vt 0.4429218 0.1386165
vt 0.4294475 0.2980828
vt 0.4673314 0.1917662
vt 0.4578461 0.13
vt 0.4197056 0.08029439
vt 0.4818222 0.1878834
vt 0.4578461 0.13
vt 0.4818222 0.1878834
vt 0.49 0.25
vt 0.49 0.25
vt 0.4753421 0.25
vt 0.4818222 0.3121165
vt 0.4818222 0.3121166
vt 0.4690786 0.3087019
vt 0.3987427 0.3358766
vt 0.3685815 0.3744896
vt 0.441275 0.3604326
vt 0.3383636 0.4030504
vt 0.4063396 0.4063396
vt 0.420807 0.4182703
vt 0.4063397 0.4063397
vt 0.4578461 0.37
vt 0.4818222 0.3121166
vt 0.4578461 0.37
vt 0.4578461 0.37
vt 0.4578461 0.37
vt 0.3615917 0.4432825
vt 0.37 0.4578461
vt 0.4199746 0.4193552
vt 0.37 0.457846
vt 0.4578461 0.37
vt 0.4197057 0.4197057
vt 0.37 0.457846
vt 0.4578462 0.3700001
vt 0.4197056 0.4197056
vt 0.4818221 0.3121166
vt 0.4818222 0.3121166
vt 0.2970864 0.4257287
vt 0.3615917 0.4432824
vt 0.306992 0.462697
vt 0.25 0.4710468
vt 0.25 0.49
vt 0.3121166 0.4818222
vt 0.37 0.4578461
vt 0.08029439 0.4197056
vt 0.04215391 0.37
vt 0.0789877 0.418703
vt 0.1878835 0.4818222
vt 0.1870507 0.4814773
vt 0.1878835 0.4818222
vt 0.1878835 0.4818222
vt 0.25 0.4899999
vt 0.1878835 0.4818222
vt 0.13 0.4578461
vt 0.13 0.4578461
vt 0.13 0.4578461
vt 0.1878835 0.4818222
vt 0.1878835 0.4818222
vt 0.13 0.4578461
vt 0.13 0.4578461
vt 0.1878835 0.4818222
vt 0.13 0.4578461
vt 0.08029439 0.4197056
vt 0.13 0.4578461
vt 0.08029439 0.4197056
vt 0.08029439 0.4197056
vt 0.04215391 0.37
vt 0.08029439 0.4197056
vt 0.13 0.4578461
vt 0.04215391 0.37
vt 0.01817781 0.3121166
vt 0.01817781 0.3121166
vt 0.01000001 0.25
vt 0.04215391 0.37
vt 0.01 0.25
vt 0.01817781 0.1878834
vt 0.0181778 0.1878834
vt 0.04215391 0.13
vt 0.04215391 0.13
vt 0.08029439 0.08029439
vt 0.04215391 0.13
vt 0.08029439 0.08029439
vt 0.01817781 0.3121166
vt 0.01000001 0.25
vt 0.08029439 0.4197056
vt 0.04215391 0.37
vt 0.08029439 0.4197056
vt 0.04215391 0.37
vt 0.01817781 0.3121166
vt 0.04215391 0.37
vt 0.01000001 0.25
vt 0.01817781 0.3121166
vt 0.01000001 0.25
vt 0.13 0.4578462
vt 0.08029439 0.4197056
vt 0.1878834 0.4818222
vt 0.1878835 0.4818222
vt 0.25 0.4899999
vt 0.25 0.4899999
vt 0.2499999 0.49
vt 0.1878835 0.4818223
vt 0.13 0.4578462
vt 0.08029439 0.4197057
vt 0.04215391 0.37
vt 0.04215391 0.37
vt 0.1878834 0.4818223
vt 0.25 0.49
vt 0.2499999 0.49
vt 0.13 0.4578462
vt 0.08029439 0.4197057
vt 0.04215391 0.37
vt 0.01817781 0.3121166
vt 0.01000001 0.25
vt 0.01000001 0.25
vt 0.01000001 0.25
vt 0.01817781 0.3121166
vt 0.01817781 0.1878834
vt 0.01817781 0.1878834
vt 0.04215391 0.13
vt 0.04215391 0.13
vt 0.08029439 0.08029439
vt 0.08029439 0.08029439
vt 0.04215391 0.13
vt 0.08029439 0.08029439
vt 0.13 0.04215391
vt 0.13 0.04215391
vt 0.1878834 0.01817781
vt 0.1878834 0.01817781
vt 0.25 0.01000001
vt 0.25 0.01000001
vt 0.3121166 0.01817781
vt 0.3121166 0.01817781
vt 0.37 0.04215391
vt 0.37 0.04215391
vt 0.06122427 0.105147
vt 0.08029439 0.08029439
vt 0.08029439 0.08029439
vt 0.13 0.04215391
vt 0.1878834 0.01817781
vt 0.1878834 0.01817781
vt 0.08029439 0.08029439
vt 0.13 0.04215391
vt 0.08029439 0.08029439
vt 0.06122415 0.1051472
vt 0.08029439 0.08029439
vt 0.06260497 0.1033477
vt 0.04215391 0.13
vt 0.04215391 0.13
vt 0.01804612 0.1888837
vt 0.01744276 0.1934666
vt 0.02046673 0.1823575
vt 0.04215391 0.13
vt 0.13 0.04215391
vt 0.1878834 0.01817781
vt 0.1612941 0.09635692
vt 0.127063 0.127063
vt 0.06260497 0.1033477
vt 0.0994335 0.1630704
vt 0.02046673 0.1823575
vt 0.1878834 0.01817781
vt 0.2040825 0.07863343
vt 0.25 0.07614079
vt 0.2157204 0.1220668
vt 0.1848761 0.1581361
vt 0.25 0.01000001
vt 0.25 0.01000001
vt 0.3121166 0.01817781
vt 0.2949981 0.08206491
vt 0.3121166 0.01817781
vt 0.2604671 0.1378816
vt 0.3408846 0.09258331
vt 0.37 0.04215391
vt 0.372937 0.127063
vt 0.4197056 0.08029439
vt 0.3027787 0.1585846
vt 0.2315201 0.1810318
vt 0.1585846 0.1972213
vt 0.06871544 0.2000945
vt 0.01816263 0.197248
vt 0.06183017 0.2498495
vt 0.01804612 0.1888837
vt 0.1378816 0.239533
vt 0.2050909 0.2240717
vt 0.2759283 0.2050909
vt 0.3418639 0.1848761
vt 0.01612688 0.2039753
vt 0.01744276 0.1934666
vt 0.01413509 0.2232765
vt 0.01313307 0.2275165
vt 0.01010749 0.2493054
vt 0.01013927 0.2510578
vt 0.01817781 0.3121166
vt 0.4005665 0.1630704
vt 0.01817781 0.3121166
vt 0.01040272 0.2530589
vt 0.01817781 0.3121166
vt 0.04215391 0.37
vt 0.04215391 0.37
vt 0.0820649 0.2949981
vt 0.1220668 0.2842796
vt 0.09943351 0.3369296
vt 0.08029439 0.4197056
vt 0.1810318 0.26848
vt 0.1581361 0.315124
vt 0.25 0.25
vt 0.08029439 0.4197056
vt 0.04215391 0.37
vt 0.08029439 0.4197057
vt 0.127063 0.3729371
vt 0.2240717 0.2949091
vt 0.3189682 0.2315201
vt 0.13 0.4578461
vt 0.1972213 0.3414154
vt 0.2949092 0.2759283
vt 0.3779332 0.2157204
vt 0.13 0.4578461
vt 0.1588105 0.407945
vt 0.26848 0.3189682
vt 0.3621185 0.2604671
vt 0.1878834 0.4818222
vt 0.239533 0.3621185
vt 0.3414155 0.3027788
vt 0.2001668 0.4359803
vt 0.3151239 0.3418639
vt 0.2842796 0.3779333
vt 0.4228912 0.2426473
vt 0.4179351 0.2949981
vt 0.4005666 0.3369296
vt 0.3799472 0.3638012
vt 0.4165684 0.2017025
vt 0.4578461 0.13
vt 0.4818222 0.1878834
vt 0.49 0.25
vt 0.4818222 0.3121166
vt 0.4578461 0.37
vt 0.4197056 0.4197056
vt 0.4578461 0.37
vt 0.3460654 0.3935563
vt 0.37 0.4578461
vt 0.4818222 0.3121166
vt 0.49 0.25
vt 0.4818222 0.1878834
vt 0.25 0.4355237
vt 0.2980171 0.4292022
vt 0.3121166 0.4818222
vt 0.25 0.49
vt 0.1878834 0.4818222
vt 0.25 0.49
vt 0.13 0.4578461
vt 0.08029439 0.4197057
vt 0.13 0.4578462
vt 0.1878834 0.4818222
vt 0.1878834 0.4818223
vt 0.25 0.49
vt 0.25 0.49
vt 0.25 0.49
vt 0.25 0.49
vt 0.3121165 0.4818221
vt 0.3121166 0.4818222
vt 0.25 0.49
vt 0.3121165 0.4818221
vt 0.25 0.49
vt 0.3121165 0.4818221
vt 0.37 0.457846
vt 0.37 0.457846
vt 0.37 0.4578461
vt 0.3121166 0.4818222
vt 0.4197056 0.4197056
vt 0.4197056 0.4197056
vt 0.4197056 0.4197056
vt 0.4578462 0.37
vt 0.4197056 0.4197056
vt 0.4578462 0.37
vt 0.4197056 0.4197056
vt 0.4818222 0.3121166
vt 0.4818222 0.3121166
vt 0.4900001 0.25
vt 0.4818222 0.1878834
vt 0.4885274 0.2388139
vt 0.4578461 0.13
vt 0.4197056 0.08029439
vt 0.4578461 0.13
vt 0.4818222 0.1878834
vt 0.4197056 0.08029439
vt 0.37 0.04215391
vt 0.37 0.04215391
vt 0.4578461 0.13
vt 0.4197056 0.08029439
vt 0.4197056 0.08029439
vt 0.37 0.04215391
vt 0.4197056 0.08029439
vt 0.37 0.04215391
vt 0.4197056 0.08029439
vt 0.37 0.04215391
vt 0.3121165 0.01817781
vt 0.3121166 0.01817781
vt 0.3121166 0.01817781
vt 0.37 0.04215391
vt 0.4578461 0.13
vt 0.4197056 0.08029439
vt 0.4578461 0.13
vt 0.4818222 0.1878834
vt 0.4900001 0.25
vt 0.4885274 0.2388139
vt 0.49 0.25
vt 0.4818222 0.1878834
vt 0.4578461 0.13
vt 0.4578461 0.13
vt 0.4818222 0.3121166
vt 0.4818222 0.3121166
vt 0.49 0.25
vt 0.4818222 0.3121166
vt 0.4818222 0.1878834
vt 0.4578461 0.13
vt 0.4578461 0.13
vt 0.4578461 0.37
vt 0.4578462 0.37
vt 0.4197056 0.4197056
vt 0.4197057 0.4197057
vt 0.3699999 0.457846
vt 0.37 0.457846
vt 0.4818221 0.3121166
vt 0.49 0.25
vt 0.4578461 0.37
vt 0.4818221 0.1878834
vt 0.4578461 0.13
vt 0.4197056 0.08029439
vt 0.4197056 0.08029439
vt 0.4197056 0.4197056
vt 0.4197056 0.4197056
vt 0.49 0.25
vt 0.49 0.25
vt 0.3699999 0.457846
vt 0.3699999 0.4578461
vt 0.4197056 0.4197056
vt 0.3699999 0.457846
vt 0.4197056 0.4197056
vt 0.3699999 0.4578461
vt 0.4818221 0.3121166
vt 0.49 0.25
vt 0.3699999 0.457846
vt 0.3121166 0.4818221
vt 0.3121166 0.4818221
vt 0.3121166 0.4818221
vt 0.25 0.4899999
vt 0.25 0.4899999
vt 0.3121166 0.4818221
vt 0.25 0.4899999
vt 0.1878835 0.4818223
vt 0.1878835 0.4818222
vt 0.3121165 0.4818221
vt 0.3121166 0.4818221
vt 0.37 0.457846
vt 0.3699999 0.457846
vt 0.37 0.457846
vt 0.3121165 0.4818221
vt 0.37 0.457846
vt 0.3121165 0.4818221
vt 0.4197056 0.4197056
vt 0.4197057 0.4197057
vt 0.4578462 0.37
vt 0.4197057 0.4197057
vt 0.4578462 0.37
vt 0.4578462 0.37
vt 0.4818222 0.3121166
vt 0.4818222 0.3121166
vt 0.25 0.49
vt 0.2499999 0.49
vt 0.3121165 0.4818221
vt 0.2499999 0.49
vt 0.25 0.4899999
vt 0.1878834 0.4818221
vt 0.13 0.4578461
vt 0.13 0.4578461
vt 0.1878834 0.4818222
vt 0.25 0.4899999
vt 0.25 0.49
vt 0.3121166 0.4818222
vt 0.25 0.4899999
vt 0.3121166 0.4818222
vt 0.13 0.04215391
vt 0.13 0.04215391
vt 0.08029439 0.08029439
vt 0.13 0.04215391
vt 0.1878834 0.01817781
vt 0.1878834 0.01817781
vt 0.25 0.01000001
vt 0.25 0.01000001
vt 0.1878834 0.01817781
vt 0.25 0.01000001
vt 0.3121166 0.01817781
vt 0.3121166 0.01817781
vt 0.3700001 0.04215391
vt 0.3700001 0.04215392
vt 0.3121166 0.01817781
vt 0.4197056 0.08029439
vt 0.4197056 0.08029439
vt 0.4197056 0.08029439
vt 0.4578461 0.13
vt 0.4578461 0.13
vt 0.1878834 0.01817781
vt 0.13 0.04215391
vt 0.13 0.04215391
vt 0.08029439 0.08029439
vt 0.08029439 0.08029439
vt 0.25 0.01000001
vt 0.1878834 0.01817781
vt 0.13 0.04215391
vt 0.3121166 0.01817781
vt 0.3121166 0.01817781
vt 0.37 0.04215392
vt 0.3700001 0.04215391
vt 0.37 0.04215392
vt 0.1878834 0.01817781
vt 0.25 0.01000001
vt 0.13 0.04215391
vt 0.1878834 0.01817781
vt 0.13 0.04215391
vt 0.1878834 0.01817781
vt 0.08029439 0.08029439
vt 0.1227044 0.04775204
vt 0.04215391 0.13
vt 0.04215391 0.13
vt 0.08029439 0.08029439
vt 0.01817781 0.1878834
vt 0.01817781 0.1878834
vt 0.01817781 0.1878834
vt 0.04215391 0.13
vt 0.0181778 0.1878834
vt 0.01 0.25
vt 0.01817781 0.1878834
vt 0.25 0.01000001
vt 0.3121166 0.01817781
vt 0.3121166 0.01817781
vt 0.25 0.01000001
vt 0.37 0.04215392
vt 0.4197056 0.08029439
vt 0.37 0.04215392
vt 0.4197056 0.08029439
vt 0.4578461 0.13
vt 0.457846 0.13
vt 0.4818221 0.1878834
vt 0.4818221 0.1878834
vt 0.4578461 0.13
vt 0.4197056 0.08029439
vt 0.3700001 0.04215391
vt 0.4578461 0.13
vt 0.4818221 0.1878834
vt 0.4818221 0.1878834
vt 0.4197056 0.4197056
vt 0.37 0.4578461
vt 0.37 0.4578461
vt 0.4197056 0.4197056
vt 0.4578461 0.37
vt 0.4197056 0.4197056
vt 0.04215391 0.13
vt 0.06260497 0.1033477
vt 0.04215391 0.13
vt 0.3121166 0.01817781
vt 0.3700001 0.04215392
vt 0.3121166 0.01817781
vt 0.3121166 0.01817781
vt 0.25 0.01000001
vt 0.3700001 0.04215392
vt 0.4197056 0.08029439
vt 0.3121166 0.01817781
vt 0.37 0.04215391
vt 0.01013927 0.2510578
vt 0.01313307 0.2275165
vt 0.01040272 0.2530589
vt 0.01744276 0.1934666
vt 0.01612688 0.2039753
vt 0.3121166 0.01817781
vt 0.37 0.04215391
vt 0.37 0.04215391
vt 0.3121165 0.01817781
vt 0.25 0.01000001
vt 0.25 0.01000001
vt 0.1878834 0.01817781
vt 0.3121165 0.01817781
vt 0.25 0.01000001
vt 0.25 0.01000001
vt 0.1878834 0.01817781
vt 0.04215391 0.37
vt 0.01817781 0.3121166
vt 0.04215391 0.37
vt 0.08029439 0.4197057
vt 0.01817781 0.3121166
vt 0.01817781 0.3121166
vt 0.01000001 0.25
vt 0.01040272 0.2530589
vt 0.01000001 0.25
vt 0.01817781 0.1878834
vt 0.01000001 0.25
vt 0.01817781 0.1878834
vt 0.04215391 0.13
vt 0.01817781 0.1878834
vt 0.01817781 0.3121166
vt 0.01000001 0.25
vt 0.01817781 0.3121166
vt 0.04215391 0.37
vt 0.01817781 0.3121166
vt 0.04215391 0.37
vt 0.4818222 0.3121166
vt 0.4578462 0.37
vt 0.4578462 0.37
vt 0.4818222 0.3121166
vt 0.4818222 0.3121166
vt 0.4818222 0.3121166
vt 0.4900001 0.25
vt 0.4578461 0.13
vt 0.4818221 0.1878834
vt 0.4818222 0.1878834
vt 0.457846 0.13
vt 0.01744276 0.1934666
vt 0.04215391 0.13
vt 0.01817781 0.1878834
vt 0.01040272 0.2530589
vt 0.01000001 0.25
vt 0.4900001 0.25
vt 0.4818222 0.3121166
vt 0.4885274 0.2388139
vt 0.25 0.01000001
vt 0.3121166 0.01817781
vt 0.3085098 0.03163828
vt 0.3121166 0.01817781
vt 0.3121166 0.01817781
vt 0.25 0.01000001
vt 0.49 0.25
vt 0.4818221 0.1878834
vt 0.4818221 0.1878834
vt 0.3121166 0.4818222
vt 0.25 0.4899999
vt 0.25 0.4899999
vt 0.3121166 0.4818222
vt 0.1878834 0.4818222
vt 0.13 0.4578461
vt 0.13 0.4578461
vt 0.1878834 0.4818221
vt 0.25 0.4899999
vt 0.25 0.4899999
vt 0.13 0.4578461
vt 0.08029439 0.4197056
vt 0.13 0.4578461
usemtl MV_RockDesert
f 1/1/1 3/3/3 2/2/2
f 4/4/4 5/5/5 2/2/2
f 4/4/4 6/6/6 5/5/5
f 7/7/7 6/6/6 8/8/8
f 7/7/7 9/9/9 6/6/6
f 10/10/10 9/9/9 7/7/7
f 8/8/8 6/6/6 11/11/11
f 8/8/8 11/11/11 12/12/12
f 13/13/13 8/8/8 12/12/12
f 13/13/13 12/12/12 14/14/14
f 12/12/12 11/11/11 15/15/15
f 12/12/12 15/15/15 16/16/16
f 6/6/6 9/9/9 17/17/17
f 6/6/6 17/17/17 18/18/18
f 9/9/9 19/19/19 17/17/17
f 9/9/9 20/20/20 19/19/19
f 10/10/10 20/20/20 9/9/9
f 18/18/18 17/17/17 21/21/21
f 22/22/22 20/20/20 10/10/10
f 22/22/22 23/23/23 20/20/20
f 16/16/16 15/15/15 24/24/24
f 16/16/16 24/24/24 25/25/25
f 25/25/25 24/24/24 26/26/26
f 25/25/25 26/26/26 27/27/27
f 15/15/15 28/28/28 24/24/24
f 24/24/24 29/29/29 26/26/26
f 24/24/24 28/28/28 29/29/29
f 15/15/15 30/30/30 28/28/28
f 31/31/31 30/30/30 15/15/15
f 31/31/31 32/32/32 30/30/30
f 18/18/18 32/32/32 31/31/31
f 18/18/18 33/33/33 32/32/32
f 21/21/21 33/33/33 18/18/18
f 30/30/30 34/34/34 28/28/28
f 30/30/30 35/35/35 34/34/34
f 21/21/21 36/36/36 33/33/33
f 36/36/36 37/37/37 33/33/33
f 38/38/38 36/36/36 21/21/21
f 38/38/38 39/39/39 36/36/36
f 28/28/28 34/34/34 40/40/40
f 28/28/28 40/40/40 29/29/29
f 34/34/34 41/41/41 40/40/40
f 34/34/34 42/42/42 41/41/41
f 42/42/42 43/43/43 41/41/41
f 42/42/42 44/44/44 43/43/43
f 29/29/29 40/40/40 45/45/45
f 29/29/29 45/45/45 46/46/46
f 26/26/26 29/29/29 46/46/46
f 46/46/46 45/45/45 47/47/47
f 39/39/39 48/48/48 36/36/36
f 36/36/36 48/48/48 37/37/37
f 26/26/26 46/46/46 49/49/49
f 27/27/27 26/26/26 49/49/49
f 46/46/46 47/47/47 50/50/50
f 49/49/49 46/46/46 50/50/50
f 50/50/50 47/47/47 51/51/51
f 49/49/49 50/50/50 52/52/52
f 27/27/27 49/49/49 53/53/53
f 50/50/50 51/51/51 54/54/54
f 52/52/52 50/50/50 54/54/54
f 54/54/54 51/51/51 55/55/55
f 52/52/52 54/54/54 56/56/56
f 54/54/54 55/55/55 57/57/57
f 56/56/56 54/54/54 57/57/57
f 57/57/57 55/55/55 58/58/58
f 56/56/56 57/57/57 59/59/59
f 57/57/57 58/58/58 60/60/60
f 59/59/59 57/57/57 60/60/60
f 59/59/59 60/60/60 61/61/61
f 61/61/61 60/60/60 62/62/62
f 61/61/61 62/62/62 63/63/63
f 63/63/63 62/62/62 64/64/64
f 63/63/63 64/64/64 65/65/65
f 65/65/65 64/64/64 66/66/66
f 65/65/65 66/66/66 67/67/67
f 67/67/67 66/66/66 68/68/68
f 67/67/67 68/68/68 69/69/69
f 69/69/69 68/68/68 70/70/70
f 69/69/69 70/70/70 71/71/71
f 60/60/60 73/73/73 72/72/72
f 60/60/60 74/74/74 73/73/73
f 75/75/75 70/70/70 76/76/76
f 75/75/75 76/76/76 77/77/77
f 78/78/78 79/79/79 70/70/70
f 78/78/78 80/80/80 79/79/79
f 81/81/81 80/80/80 78/78/78
f 81/81/81 82/82/82 80/80/80
f 83/83/83 82/82/82 81/81/81
f 83/83/83 84/84/84 82/82/82
f 85/85/85 84/84/84 83/83/83
f 85/85/85 73/73/73 84/84/84
f 82/82/82 86/86/86 80/80/80
f 84/84/84 87/87/87 82/82/82
f 82/82/82 87/87/87 86/86/86
f 73/73/73 88/88/88 84/84/84
f 84/84/84 88/88/88 87/87/87
f 80/80/80 89/89/89 79/79/79
f 80/80/80 86/86/86 89/89/89
f 73/73/73 90/90/90 88/88/88
f 91/91/91 90/90/90 73/73/73
f 91/91/91 92/92/92 90/90/90
f 93/93/93 92/92/92 91/91/91
f 93/93/93 94/94/94 92/92/92
f 87/87/87 95/95/95 86/86/86
f 88/88/88 96/96/96 87/87/87
f 87/87/87 96/96/96 95/95/95
f 90/90/90 97/97/97 88/88/88
f 88/88/88 97/97/97 96/96/96
f 92/92/92 98/98/98 90/90/90
f 90/90/90 98/98/98 97/97/97
f 94/94/94 99/99/99 92/92/92
f 92/92/92 99/99/99 98/98/98
f 86/86/86 100/100/100 89/89/89
f 86/86/86 95/95/95 100/100/100
f 94/94/94 101/101/101 99/99/99
f 102/102/102 101/101/101 94/94/94
f 102/102/102 103/103/103 101/101/101
f 104/104/104 95/95/95 96/96/96
f 105/105/105 96/96/96 97/97/97
f 105/105/105 104/104/104 96/96/96
f 106/106/106 97/97/97 98/98/98
f 106/106/106 105/105/105 97/97/97
f 107/107/107 98/98/98 99/99/99
f 107/107/107 106/106/106 98/98/98
f 108/108/108 99/99/99 101/101/101
f 108/108/108 109/109/109 99/99/99
f 110/110/110 109/109/109 108/108/108
f 111/111/111 101/101/101 103/103/103
f 111/111/111 108/108/108 101/101/101
f 112/112/112 106/106/106 107/107/107
f 112/112/112 107/107/107 110/110/110
f 113/113/113 105/105/105 106/106/106
f 113/113/113 106/106/106 112/112/112
f 114/114/114 104/104/104 105/105/105
f 114/114/114 105/105/105 113/113/113
f 112/112/112 115/115/115 113/113/113
f 112/112/112 110/110/110 115/115/115
f 110/110/110 108/108/108 116/116/116
f 116/116/116 108/108/108 111/111/111
f 117/117/117 111/111/111 103/103/103
f 117/117/117 103/103/103 118/118/118
f 113/113/113 119/119/119 114/114/114
f 113/113/113 115/115/115 119/119/119
f 110/110/110 120/120/120 115/115/115
f 110/110/110 116/116/116 120/120/120
f 116/116/116 111/111/111 121/121/121
f 121/121/121 111/111/111 117/117/117
f 122/122/122 117/117/117 118/118/118
f 122/122/122 118/118/118 123/123/123
f 124/124/124 117/117/117 122/122/122
f 121/121/121 117/117/117 124/124/124
f 124/124/124 122/122/122 125/125/125
f 116/116/116 121/121/121 126/126/126
f 116/116/116 126/126/126 120/120/120
f 115/115/115 120/120/120 127/127/127
f 115/115/115 127/127/127 119/119/119
f 121/121/121 124/124/124 128/128/128
f 121/121/121 128/128/128 126/126/126
f 120/120/120 126/126/126 129/129/129
f 120/120/120 129/129/129 127/127/127
f 124/124/124 125/125/125 130/130/130
f 124/124/124 130/130/130 128/128/128
f 126/126/126 128/128/128 131/131/131
f 126/126/126 131/131/131 129/129/129
f 128/128/128 130/130/130 132/132/132
f 128/128/128 132/132/132 131/131/131
f 119/119/119 127/127/127 133/133/133
f 127/127/127 129/129/129 134/134/134
f 127/127/127 134/134/134 133/133/133
f 129/129/129 131/131/131 135/135/135
f 129/129/129 135/135/135 134/134/134
f 131/131/131 132/132/132 136/136/136
f 131/131/131 136/136/136 135/135/135
f 119/119/119 133/133/133 137/137/137
f 114/114/114 119/119/119 137/137/137
f 114/114/114 137/137/137 138/138/138
f 138/138/138 104/104/104 114/114/114
f 138/138/138 139/139/139 104/104/104
f 104/104/104 139/139/139 95/95/95
f 139/139/139 100/100/100 95/95/95
f 133/133/133 134/134/134 140/140/140
f 134/134/134 135/135/135 141/141/141
f 134/134/134 141/141/141 140/140/140
f 137/137/137 133/133/133 142/142/142
f 133/133/133 140/140/140 142/142/142
f 138/138/138 137/137/137 143/143/143
f 137/137/137 142/142/142 143/143/143
f 144/144/144 139/139/139 138/138/138
f 138/138/138 143/143/143 144/144/144
f 139/139/139 145/145/145 100/100/100
f 144/144/144 145/145/145 139/139/139
f 135/135/135 146/146/146 141/141/141
f 135/135/135 136/136/136 146/146/146
f 145/145/145 147/147/147 100/100/100
f 89/89/89 100/100/100 147/147/147
f 89/89/89 147/147/147 148/148/148
f 79/79/79 89/89/89 148/148/148
f 79/79/79 148/148/148 149/149/149
f 150/150/150 79/79/79 149/149/149
f 150/150/150 149/149/149 151/151/151
f 144/144/144 143/143/143 152/152/152
f 153/153/153 145/145/145 144/144/144
f 144/144/144 152/152/152 153/153/153
f 145/145/145 154/154/154 147/147/147
f 153/153/153 154/154/154 145/145/145
f 148/148/148 147/147/147 155/155/155
f 154/154/154 155/155/155 147/147/147
f 149/149/149 148/148/148 156/156/156
f 148/148/148 155/155/155 156/156/156
f 154/154/154 157/157/157 155/155/155
f 158/158/158 157/157/157 154/154/154
f 158/158/158 154/154/154 153/153/153
f 153/153/153 159/159/159 158/158/158
f 153/153/153 152/152/152 159/159/159
f 159/159/159 160/160/160 158/158/158
f 159/159/159 161/161/161 160/160/160
f 160/160/160 161/161/161 162/162/162
f 160/160/160 162/162/162 155/155/155
f 156/156/156 155/155/155 162/162/162
f 149/149/149 156/156/156 163/163/163
f 151/151/151 149/149/149 163/163/163
f 156/156/156 162/162/162 164/164/164
f 163/163/163 156/156/156 164/164/164
f 164/164/164 162/162/162 165/165/165
f 152/152/152 166/166/166 159/159/159
f 166/166/166 167/167/167 159/159/159
f 151/151/151 163/163/163 168/168/168
f 169/169/169 151/151/151 168/168/168
f 169/169/169 168/168/168 170/170/170
f 164/164/164 165/165/165 171/171/171
f 171/171/171 165/165/165 172/172/172
f 171/171/171 172/172/172 173/173/173
f 163/163/163 164/164/164 174/174/174
f 168/168/168 163/163/163 174/174/174
f 174/174/174 164/164/164 171/171/171
f 174/174/174 171/171/171 175/175/175
f 168/168/168 174/174/174 176/176/176
f 176/176/176 174/174/174 175/175/175
f 170/170/170 168/168/168 176/176/176
f 176/176/176 175/175/175 177/177/177
f 170/170/170 176/176/176 178/178/178
f 179/179/179 170/170/170 178/178/178
f 180/180/180 179/179/179 178/178/178
f 180/180/180 178/178/178 181/181/181
f 182/182/182 180/180/180 181/181/181
f 183/183/183 180/180/180 182/182/182
f 183/183/183 184/184/184 180/180/180
f 185/185/185 183/183/183 182/182/182
f 185/185/185 182/182/182 186/186/186
f 182/182/182 181/181/181 187/187/187
f 186/186/186 182/182/182 187/187/187
f 188/188/188 184/184/184 183/183/183
f 188/188/188 183/183/183 189/189/189
f 181/181/181 190/190/190 187/187/187
f 181/181/181 191/191/191 190/190/190
f 187/187/187 190/190/190 192/192/192
f 186/186/186 187/187/187 193/193/193
f 187/187/187 192/192/192 193/193/193
f 194/194/194 184/184/184 188/188/188
f 194/194/194 195/195/195 184/184/184
f 196/196/196 186/186/186 193/193/193
f 196/196/196 193/193/193 197/197/197
f 198/198/198 196/196/196 197/197/197
f 198/198/198 197/197/197 199/199/199
f 193/193/193 200/200/200 197/197/197
f 193/193/193 192/192/192 200/200/200
f 192/192/192 201/201/201 200/200/200
f 192/192/192 202/202/202 201/201/201
f 200/200/200 201/201/201 203/203/203
f 200/200/200 203/203/203 39/39/39
f 39/39/39 203/203/203 48/48/48
f 201/201/201 204/204/204 203/203/203
f 203/203/203 204/204/204 205/205/205
f 203/203/203 205/205/205 48/48/48
f 48/48/48 205/205/205 206/206/206
f 48/48/48 206/206/206 37/37/37
f 37/37/37 206/206/206 207/207/207
f 37/37/37 207/207/207 208/208/208
f 201/201/201 209/209/209 204/204/204
f 202/202/202 209/209/209 201/201/201
f 202/202/202 210/210/210 209/209/209
f 210/210/210 211/211/211 209/209/209
f 210/210/210 212/212/212 211/211/211
f 213/213/213 214/214/214 202/202/202
f 213/213/213 215/215/215 214/214/214
f 215/215/215 217/217/217 216/216/216
f 215/215/215 218/218/218 217/217/217
f 219/219/219 217/217/217 218/218/218
f 219/219/219 220/220/220 217/217/217
f 221/221/221 220/220/220 219/219/219
f 221/221/221 219/219/219 222/222/222
f 223/223/223 221/221/221 222/222/222
f 223/223/223 224/224/224 221/221/221
f 224/224/224 225/225/225 221/221/221
f 225/225/225 226/226/226 221/221/221
f 140/140/140 224/224/224 223/223/223
f 142/142/142 140/140/140 223/223/223
f 140/140/140 141/141/141 224/224/224
f 142/142/142 223/223/223 227/227/227
f 227/227/227 223/223/223 222/222/222
f 143/143/143 142/142/142 227/227/227
f 143/143/143 227/227/227 152/152/152
f 152/152/152 227/227/227 166/166/166
f 227/227/227 222/222/222 166/166/166
f 141/141/141 228/228/228 224/224/224
f 224/224/224 228/228/228 225/225/225
f 141/141/141 146/146/146 228/228/228
f 222/222/222 229/229/229 166/166/166
f 222/222/222 230/230/230 229/229/229
f 229/229/229 230/230/230 231/231/231
f 229/229/229 231/231/231 232/232/232
f 228/228/228 233/233/233 225/225/225
f 146/146/146 234/234/234 228/228/228
f 228/228/228 234/234/234 233/233/233
f 233/233/233 235/235/235 225/225/225
f 225/225/225 235/235/235 226/226/226
f 146/146/146 236/236/236 234/234/234
f 136/136/136 236/236/236 146/146/146
f 234/234/234 237/237/237 233/233/233
f 233/233/233 237/237/237 235/235/235
f 226/226/226 235/235/235 238/238/238
f 226/226/226 238/238/238 239/239/239
f 235/235/235 240/240/240 238/238/238
f 235/235/235 237/237/237 240/240/240
f 241/241/241 238/238/238 240/240/240
f 241/241/241 240/240/240 242/242/242
f 242/242/242 240/240/240 243/243/243
f 237/237/237 243/243/243 240/240/240
f 242/242/242 243/243/243 244/244/244
f 234/234/234 245/245/245 237/237/237
f 237/237/237 245/245/245 243/243/243
f 236/236/236 245/245/245 234/234/234
f 244/244/244 243/243/243 246/246/246
f 245/245/245 246/246/246 243/243/243
f 244/244/244 246/246/246 247/247/247
f 245/245/245 248/248/248 246/246/246
f 236/236/236 248/248/248 245/245/245
f 249/249/249 248/248/248 236/236/236
f 136/136/136 249/249/249 236/236/236
f 132/132/132 249/249/249 136/136/136
f 132/132/132 250/250/250 249/249/249
f 130/130/130 250/250/250 132/132/132
f 249/249/249 251/251/251 248/248/248
f 250/250/250 251/251/251 249/249/249
f 130/130/130 252/252/252 250/250/250
f 125/125/125 252/252/252 130/130/130
f 250/250/250 253/253/253 251/251/251
f 251/251/251 253/253/253 254/254/254
f 252/252/252 255/255/255 250/250/250
f 248/248/248 251/251/251 256/256/256
f 248/248/248 256/256/256 257/257/257
f 247/247/247 257/257/257 256/256/256
f 247/247/247 256/256/256 258/258/258
f 251/251/251 254/254/254 259/259/259
f 260/260/260 259/259/259 254/254/254
f 252/252/252 261/261/261 255/255/255
f 255/255/255 261/261/261 262/262/262
f 255/255/255 262/262/262 254/254/254
f 260/260/260 254/254/254 263/263/263
f 263/263/263 254/254/254 262/262/262
f 263/263/263 262/262/262 264/264/264
f 265/265/265 260/260/260 263/263/263
f 266/266/266 263/263/263 264/264/264
f 265/265/265 263/263/263 266/266/266
f 266/266/266 264/264/264 267/267/267
f 268/268/268 265/265/265 266/266/266
f 268/268/268 266/266/266 269/269/269
f 270/270/270 265/265/265 268/268/268
f 270/270/270 271/271/271 265/265/265
f 125/125/125 272/272/272 252/252/252
f 272/272/272 273/273/273 252/252/252
f 125/125/125 274/274/274 272/272/272
f 272/272/272 274/274/274 273/273/273
f 125/125/125 275/275/275 274/274/274
f 274/274/274 275/275/275 276/276/276
f 274/274/274 276/276/276 277/277/277
f 273/273/273 274/274/274 277/277/277
f 273/273/273 277/277/277 278/278/278
f 279/279/279 281/281/281 280/280/280
f 282/282/282 283/283/283 53/53/53
f 53/53/53 285/285/285 284/284/284
f 53/53/53 286/286/286 285/285/285
f 287/287/287 285/285/285 288/288/288
f 287/287/287 288/288/288 289/289/289
f 287/287/287 289/289/289 290/290/290
f 287/287/287 290/290/290 291/291/291
f 292/292/292 291/291/291 293/293/293
f 292/292/292 293/293/293 294/294/294
f 295/295/295 292/292/292 294/294/294
f 295/295/295 294/294/294 296/296/296
f 294/294/294 293/293/293 297/297/297
f 298/298/298 297/297/297 293/293/293
f 294/294/294 297/297/297 299/299/299
f 296/296/296 294/294/294 299/299/299
f 298/298/298 300/300/300 297/297/297
f 299/299/299 297/297/297 301/301/301
f 298/298/298 302/302/302 300/300/300
f 301/301/301 300/300/300 302/302/302
f 298/298/298 303/303/303 302/302/302
f 301/301/301 302/302/302 304/304/304
f 301/301/301 304/304/304 305/305/305
f 301/301/301 305/305/305 306/306/306
f 306/306/306 305/305/305 307/307/307
f 299/299/299 301/301/301 308/308/308
f 308/308/308 301/301/301 306/306/306
f 306/306/306 307/307/307 309/309/309
f 309/309/309 307/307/307 310/310/310
f 309/309/309 310/310/310 311/311/311
f 311/311/311 310/310/310 312/312/312
f 311/311/311 312/312/312 313/313/313
f 313/313/313 312/312/312 75/75/75
f 313/313/313 75/75/75 314/314/314
f 315/315/315 313/313/313 314/314/314
f 315/315/315 314/314/314 316/316/316
f 317/317/317 306/306/306 309/309/309
f 308/308/308 306/306/306 317/317/317
f 317/317/317 309/309/309 318/318/318
f 319/319/319 299/299/299 308/308/308
f 296/296/296 299/299/299 319/319/319
f 320/320/320 308/308/308 317/317/317
f 319/319/319 308/308/308 320/320/320
f 321/321/321 319/319/319 320/320/320
f 321/321/321 320/320/320 322/322/322
f 320/320/320 317/317/317 323/323/323
f 324/324/324 320/320/320 323/323/323
f 323/323/323 317/317/317 325/325/325
f 324/324/324 323/323/323 326/326/326
f 323/323/323 325/325/325 327/327/327
f 328/328/328 296/296/296 319/319/319
f 328/328/328 319/319/319 329/329/329
f 330/330/330 296/296/296 328/328/328
f 330/330/330 331/331/331 296/296/296
f 332/332/332 331/331/331 330/330/330
f 332/332/332 333/333/333 331/331/331
f 334/334/334 332/332/332 330/330/330
f 334/334/334 330/330/330 335/335/335
f 335/335/335 330/330/330 328/328/328
f 336/336/336 328/328/328 329/329/329
f 335/335/335 328/328/328 336/336/336
f 336/336/336 329/329/329 337/337/337
f 337/337/337 329/329/329 338/338/338
f 337/337/337 338/338/338 339/339/339
f 339/339/339 338/338/338 326/326/326
f 340/340/340 335/335/335 336/336/336
f 341/341/341 335/335/335 340/340/340
f 341/341/341 342/342/342 335/335/335
f 340/340/340 336/336/336 343/343/343
f 343/343/343 336/336/336 337/337/337
f 343/343/343 337/337/337 344/344/344
f 344/344/344 337/337/337 339/339/339
f 344/344/344 339/339/339 345/345/345
f 339/339/339 326/326/326 346/346/346
f 346/346/346 326/326/326 347/347/347
f 346/346/346 347/347/347 348/348/348
f 326/326/326 349/349/349 347/347/347
f 326/326/326 350/350/350 349/349/349
f 348/348/348 347/347/347 351/351/351
f 348/348/348 351/351/351 352/352/352
f 352/352/352 351/351/351 353/353/353
f 352/352/352 353/353/353 354/354/354
f 354/354/354 353/353/353 355/355/355
f 354/354/354 355/355/355 356/356/356
f 357/357/357 354/354/354 356/356/356
f 357/357/357 356/356/356 358/358/358
f 358/358/358 356/356/356 359/359/359
f 358/358/358 359/359/359 360/360/360
f 360/360/360 359/359/359 361/361/361
f 360/360/360 361/361/361 362/362/362
f 362/362/362 361/361/361 363/363/363
f 362/362/362 363/363/363 364/364/364
f 364/364/364 363/363/363 365/365/365
f 364/364/364 365/365/365 366/366/366
f 366/366/366 365/365/365 367/367/367
f 366/366/366 367/367/367 368/368/368
f 369/369/369 357/357/357 358/358/358
f 369/369/369 358/358/358 370/370/370
f 370/370/370 371/371/371 360/360/360
f 370/370/370 360/360/360 372/372/372
f 372/372/372 360/360/360 373/373/373
f 372/372/372 373/373/373 374/374/374
f 375/375/375 370/370/370 372/372/372
f 375/375/375 372/372/372 376/376/376
f 376/376/376 372/372/372 374/374/374
f 377/377/377 375/375/375 376/376/376
f 378/378/378 369/369/369 370/370/370
f 378/378/378 370/370/370 379/379/379
f 380/380/380 379/379/379 377/377/377
f 380/380/380 378/378/378 379/379/379
f 381/381/381 357/357/357 369/369/369
f 382/382/382 369/369/369 378/378/378
f 382/382/382 381/381/381 369/369/369
f 383/383/383 381/381/381 382/382/382
f 383/383/383 384/384/384 381/381/381
f 385/385/385 383/383/383 382/382/382
f 385/385/385 382/382/382 386/386/386
f 377/377/377 376/376/376 387/387/387
f 387/387/387 376/376/376 388/388/388
f 376/376/376 374/374/374 388/388/388
f 389/389/389 377/377/377 387/387/387
f 389/389/389 390/390/390 377/377/377
f 390/390/390 391/391/391 377/377/377
f 391/391/391 392/392/392 386/386/386
f 390/390/390 392/392/392 391/391/391
f 392/392/392 393/393/393 386/386/386
f 387/387/387 388/388/388 394/394/394
f 395/395/395 389/389/389 387/387/387
f 395/395/395 387/387/387 394/394/394
f 389/389/389 395/395/395 396/396/396
f 396/396/396 395/395/395 394/394/394
f 390/390/390 389/389/389 397/397/397
f 389/389/389 396/396/396 397/397/397
f 392/392/392 390/390/390 398/398/398
f 390/390/390 397/397/397 398/398/398
f 394/394/394 388/388/388 399/399/399
f 394/394/394 399/399/399 400/400/400
f 396/396/396 394/394/394 400/400/400
f 400/400/400 399/399/399 401/401/401
f 397/397/397 396/396/396 402/402/402
f 402/402/402 396/396/396 400/400/400
f 400/400/400 401/401/401 403/403/403
f 402/402/402 400/400/400 403/403/403
f 397/397/397 402/402/402 404/404/404
f 398/398/398 397/397/397 404/404/404
f 405/405/405 402/402/402 403/403/403
f 404/404/404 402/402/402 405/405/405
f 405/405/405 403/403/403 406/406/406
f 407/407/407 405/405/405 406/406/406
f 407/407/407 406/406/406 408/408/408
f 404/404/404 405/405/405 409/409/409
f 409/409/409 405/405/405 407/407/407
f 398/398/398 404/404/404 410/410/410
f 410/410/410 404/404/404 409/409/409
f 411/411/411 398/398/398 410/410/410
f 392/392/392 398/398/398 411/411/411
f 412/412/412 392/392/392 411/411/411
f 392/392/392 412/412/412 393/393/393
f 412/412/412 413/413/413 393/393/393
f 413/413/413 412/412/412 414/414/414
f 413/413/413 415/415/415 393/393/393
f 412/412/412 411/411/411 416/416/416
f 414/414/414 412/412/412 416/416/416
f 411/411/411 410/410/410 417/417/417
f 416/416/416 411/411/411 417/417/417
f 410/410/410 409/409/409 418/418/418
f 417/417/417 410/410/410 418/418/418
f 409/409/409 407/407/407 419/419/419
f 418/418/418 409/409/409 419/419/419
f 413/413/413 420/420/420 415/415/415
f 420/420/420 421/421/421 415/415/415
f 422/422/422 420/420/420 413/413/413
f 413/413/413 414/414/414 422/422/422
f 422/422/422 423/423/423 420/420/420
f 424/424/424 423/423/423 422/422/422
f 422/422/422 414/414/414 424/424/424
f 424/424/424 425/425/425 423/423/423
f 426/426/426 425/425/425 424/424/424
f 414/414/414 426/426/426 424/424/424
f 419/419/419 407/407/407 427/427/427
f 427/427/427 407/407/407 408/408/408
f 426/426/426 428/428/428 425/425/425
f 428/428/428 429/429/429 425/425/425
f 428/428/428 430/430/430 429/429/429
f 431/431/431 428/428/428 426/426/426
f 431/431/431 432/432/432 428/428/428
f 414/414/414 433/433/433 426/426/426
f 433/433/433 431/431/431 426/426/426
f 433/433/433 414/414/414 434/434/434
f 414/414/414 416/416/416 434/434/434
f 433/433/433 435/435/435 431/431/431
f 433/433/433 434/434/434 435/435/435
f 436/436/436 432/432/432 431/431/431
f 435/435/435 436/436/436 431/431/431
f 434/434/434 416/416/416 437/437/437
f 416/416/416 417/417/417 437/437/437
f 435/435/435 434/434/434 438/438/438
f 434/434/434 437/437/437 438/438/438
f 437/437/437 417/417/417 439/439/439
f 417/417/417 418/418/418 439/439/439
f 436/436/436 440/440/440 432/432/432
f 440/440/440 441/441/441 432/432/432
f 440/440/440 442/442/442 441/441/441
f 435/435/435 443/443/443 436/436/436
f 435/435/435 438/438/438 443/443/443
f 438/438/438 437/437/437 444/444/444
f 437/437/437 439/439/439 444/444/444
f 439/439/439 418/418/418 445/445/445
f 418/418/418 419/419/419 445/445/445
f 446/446/446 440/440/440 436/436/436
f 443/443/443 446/446/446 436/436/436
f 443/443/443 438/438/438 447/447/447
f 438/438/438 444/444/444 447/447/447
f 444/444/444 439/439/439 448/448/448
f 439/439/439 445/445/445 448/448/448
f 445/445/445 419/419/419 449/449/449
f 419/419/419 427/427/427 449/449/449
f 446/446/446 450/450/450 440/440/440
f 450/450/450 442/442/442 440/440/440
f 443/443/443 451/451/451 446/446/446
f 443/443/443 447/447/447 451/451/451
f 447/447/447 444/444/444 452/452/452
f 444/444/444 448/448/448 452/452/452
f 448/448/448 445/445/445 453/453/453
f 445/445/445 449/449/449 453/453/453
f 454/454/454 450/450/450 446/446/446
f 451/451/451 454/454/454 446/446/446
f 451/451/451 447/447/447 455/455/455
f 447/447/447 452/452/452 455/455/455
f 452/452/452 448/448/448 456/456/456
f 448/448/448 453/453/453 456/456/456
f 451/451/451 457/457/457 454/454/454
f 451/451/451 455/455/455 457/457/457
f 455/455/455 452/452/452 458/458/458
f 452/452/452 456/456/456 458/458/458
f 457/457/457 455/455/455 459/459/459
f 455/455/455 458/458/458 459/459/459
f 453/453/453 449/449/449 460/460/460
f 456/456/456 453/453/453 461/461/461
f 453/453/453 460/460/460 461/461/461
f 458/458/458 456/456/456 462/462/462
f 456/456/456 461/461/461 462/462/462
f 459/459/459 458/458/458 463/463/463
f 458/458/458 462/462/462 463/463/463
f 449/449/449 464/464/464 460/460/460
f 449/449/449 427/427/427 464/464/464
f 464/464/464 427/427/427 465/465/465
f 427/427/427 408/408/408 465/465/465
f 460/460/460 464/464/464 466/466/466
f 464/464/464 465/465/465 466/466/466
f 461/461/461 460/460/460 467/467/467
f 460/460/460 466/466/466 467/467/467
f 462/462/462 461/461/461 468/468/468
f 461/461/461 467/467/467 468/468/468
f 463/463/463 462/462/462 469/469/469
f 462/462/462 468/468/468 469/469/469
f 463/463/463 469/469/469 470/470/470
f 468/468/468 471/471/471 469/469/469
f 472/472/472 463/463/463 470/470/470
f 459/459/459 463/463/463 472/472/472
f 472/472/472 470/470/470 473/473/473
f 467/467/467 474/474/474 468/468/468
f 468/468/468 474/474/474 471/471/471
f 466/466/466 475/475/475 467/467/467
f 467/467/467 475/475/475 474/474/474
f 465/465/465 476/476/476 466/466/466
f 466/466/466 476/476/476 475/475/475
f 477/477/477 459/459/459 472/472/472
f 457/457/457 459/459/459 477/477/477
f 478/478/478 472/472/472 473/473/473
f 477/477/477 472/472/472 478/478/478
f 478/478/478 473/473/473 479/479/479
f 477/477/477 478/478/478 479/479/479
f 477/477/477 479/479/479 480/480/480
f 457/457/457 477/477/477 480/480/480
f 457/457/457 480/480/480 454/454/454
f 480/480/480 481/481/481 454/454/454
f 480/480/480 482/482/482 481/481/481
f 454/454/454 481/481/481 450/450/450
f 481/481/481 483/483/483 450/450/450
f 450/450/450 483/483/483 442/442/442
f 483/483/483 484/484/484 442/442/442
f 483/483/483 485/485/485 484/484/484
f 481/481/481 486/486/486 483/483/483
f 486/486/486 485/485/485 483/483/483
f 486/486/486 487/487/487 485/485/485
f 488/488/488 486/486/486 481/481/481
f 489/489/489 487/487/487 486/486/486
f 489/489/489 490/490/490 487/487/487
f 488/488/488 491/491/491 486/486/486
f 492/492/492 491/491/491 488/488/488
f 493/493/493 492/492/492 488/488/488
f 493/493/493 488/488/488 494/494/494
f 492/492/492 495/495/495 491/491/491
f 495/495/495 496/496/496 491/491/491
f 495/495/495 497/497/497 496/496/496
f 498/498/498 497/497/497 495/495/495
f 498/498/498 499/499/499 497/497/497
f 500/500/500 495/495/495 492/492/492
f 500/500/500 498/498/498 495/495/495
f 473/473/473 500/500/500 492/492/492
f 473/473/473 492/492/492 501/501/501
f 502/502/502 498/498/498 500/500/500
f 502/502/502 503/503/503 498/498/498
f 503/503/503 499/499/499 498/498/498
f 503/503/503 504/504/504 499/499/499
f 505/505/505 504/504/504 506/506/506
f 505/505/505 507/507/507 504/504/504
f 471/471/471 505/505/505 506/506/506
f 471/471/471 506/506/506 508/508/508
f 474/474/474 505/505/505 471/471/471
f 509/509/509 507/507/507 505/505/505
f 474/474/474 509/509/509 505/505/505
f 509/509/509 510/510/510 507/507/507
f 475/475/475 509/509/509 474/474/474
f 475/475/475 511/511/511 509/509/509
f 476/476/476 511/511/511 475/475/475
f 476/476/476 512/512/512 511/511/511
f 512/512/512 513/513/513 511/511/511
f 514/514/514 512/512/512 476/476/476
f 465/465/465 514/514/514 476/476/476
f 408/408/408 514/514/514 465/465/465
f 408/408/408 515/515/515 514/514/514
f 514/514/514 516/516/516 512/512/512
f 515/515/515 516/516/516 514/514/514
f 512/512/512 517/517/517 513/513/513
f 516/516/516 517/517/517 512/512/512
f 515/515/515 518/518/518 516/516/516
f 519/519/519 518/518/518 515/515/515
f 519/519/519 520/520/520 518/518/518
f 518/518/518 521/521/521 516/516/516
f 516/516/516 521/521/521 517/517/517
f 518/518/518 522/522/522 521/521/521
f 520/520/520 523/523/523 518/518/518
f 520/520/520 524/524/524 523/523/523
f 524/524/524 525/525/525 523/523/523
f 524/524/524 367/367/367 525/525/525
f 526/526/526 527/527/527 408/408/408
f 526/526/526 528/528/528 527/527/527
f 529/529/529 368/368/368 520/520/520
f 529/529/529 530/530/530 368/368/368
f 531/531/531 528/528/528 532/532/532
f 531/531/531 401/401/401 528/528/528
f 523/523/523 534/534/534 533/533/533
f 523/523/523 533/533/533 535/535/535
f 535/535/535 533/533/533 536/536/536
f 535/535/535 536/536/536 517/517/517
f 517/517/517 536/536/536 537/537/537
f 517/517/517 537/537/537 538/538/538
f 536/536/536 539/539/539 537/537/537
f 536/536/536 540/540/540 539/539/539
f 541/541/541 540/540/540 536/536/536
f 541/541/541 542/542/542 540/540/540
f 537/537/537 539/539/539 543/543/543
f 537/537/537 543/543/543 544/544/544
f 540/540/540 545/545/545 539/539/539
f 539/539/539 546/546/546 543/543/543
f 539/539/539 545/545/545 546/546/546
f 540/540/540 547/547/547 545/545/545
f 548/548/548 547/547/547 540/540/540
f 548/548/548 549/549/549 547/547/547
f 543/543/543 546/546/546 550/550/550
f 543/543/543 550/550/550 551/551/551
f 551/551/551 550/550/550 552/552/552
f 551/551/551 552/552/552 553/553/553
f 553/553/553 552/552/552 554/554/554
f 553/553/553 554/554/554 555/555/555
f 545/545/545 556/556/556 546/546/546
f 545/545/545 557/557/557 556/556/556
f 547/547/547 557/557/557 545/545/545
f 546/546/546 556/556/556 558/558/558
f 546/546/546 558/558/558 550/550/550
f 547/547/547 559/559/559 557/557/557
f 549/549/549 559/559/559 547/547/547
f 549/549/549 560/560/560 559/559/559
f 561/561/561 560/560/560 549/549/549
f 561/561/561 562/562/562 560/560/560
f 550/550/550 563/563/563 552/552/552
f 550/550/550 558/558/558 563/563/563
f 558/558/558 564/564/564 563/563/563
f 558/558/558 12/12/12 564/564/564
f 559/559/559 10/10/10 565/565/565
f 559/559/559 565/565/565 566/566/566
f 552/552/552 568/568/568 567/567/567
f 552/552/552 569/569/569 568/568/568
f 563/563/563 571/571/571 570/570/570
f 563/563/563 570/570/570 572/572/572
f 566/566/566 573/573/573 13/13/13
f 566/566/566 574/574/574 573/573/573
f 572/572/572 575/575/575 27/27/27
f 572/572/572 27/27/27 576/576/576
f 554/554/554 572/572/572 576/576/576
f 554/554/554 576/576/576 577/577/577
f 578/578/578 576/576/576 579/579/579
f 578/578/578 579/579/579 580/580/580
f 581/581/581 27/27/27 53/53/53
f 581/581/581 53/53/53 582/582/582
f 582/582/582 53/53/53 583/583/583
f 582/582/582 583/583/583 292/292/292
f 580/580/580 582/582/582 292/292/292
f 580/580/580 292/292/292 584/584/584
f 585/585/585 580/580/580 332/332/332
f 585/585/585 586/586/586 580/580/580
f 587/587/587 586/586/586 585/585/585
f 587/587/587 588/588/588 586/586/586
f 589/589/589 587/587/587 585/585/585
f 589/589/589 585/585/585 590/590/590
f 591/591/591 589/589/589 590/590/590
f 591/591/591 590/590/590 592/592/592
f 593/593/593 589/589/589 591/591/591
f 594/594/594 587/587/587 589/589/589
f 593/593/593 594/594/594 589/589/589
f 595/595/595 594/594/594 593/593/593
f 594/594/594 596/596/596 587/587/587
f 595/595/595 597/597/597 594/594/594
f 597/597/597 596/596/596 594/594/594
f 597/597/597 598/598/598 596/596/596
f 599/599/599 598/598/598 597/597/597
f 599/599/599 600/600/600 598/598/598
f 592/592/592 602/602/602 601/601/601
f 592/592/592 603/603/603 602/602/602
f 603/603/603 605/605/605 604/604/604
f 603/603/603 585/585/585 605/605/605
f 606/606/606 608/608/608 607/607/607
f 606/606/606 609/609/609 608/608/608
f 610/610/610 609/609/609 606/606/606
f 610/610/610 611/611/611 609/609/609
f 612/612/612 611/611/611 613/613/613
f 612/612/612 614/614/614 611/611/611
f 356/356/356 616/616/616 615/615/615
f 356/356/356 617/617/617 616/616/616
f 618/618/618 616/616/616 619/619/619
f 618/618/618 619/619/619 620/620/620
f 620/620/620 622/622/622 621/621/621
f 620/620/620 623/623/623 622/622/622
f 623/623/623 624/624/624 622/622/622
f 622/622/622 624/624/624 625/625/625
f 622/622/622 625/625/625 626/626/626
f 626/626/626 625/625/625 627/627/627
f 626/626/626 627/627/627 628/628/628
f 629/629/629 626/626/626 628/628/628
f 629/629/629 628/628/628 367/367/367
f 628/628/628 627/627/627 630/630/630
f 367/367/367 628/628/628 631/631/631
f 628/628/628 630/630/630 631/631/631
f 367/367/367 631/631/631 632/632/632
f 631/631/631 630/630/630 633/633/633
f 631/631/631 633/633/633 634/634/634
f 632/632/632 631/631/631 634/634/634
f 632/632/632 634/634/634 541/541/541
f 623/623/623 635/635/635 624/624/624
f 636/636/636 635/635/635 623/623/623
f 636/636/636 637/637/637 635/635/635
f 638/638/638 637/637/637 636/636/636
f 638/638/638 639/639/639 637/637/637
f 635/635/635 640/640/640 624/624/624
f 637/637/637 641/641/641 635/635/635
f 635/635/635 641/641/641 640/640/640
f 639/639/639 642/642/642 637/637/637
f 637/637/637 642/642/642 641/641/641
f 624/624/624 640/640/640 643/643/643
f 624/624/624 643/643/643 644/644/644
f 644/644/644 643/643/643 645/645/645
f 644/644/644 645/645/645 646/646/646
f 643/643/643 647/647/647 645/645/645
f 643/643/643 188/188/188 647/647/647
f 640/640/640 188/188/188 643/643/643
f 640/640/640 194/194/194 188/188/188
f 641/641/641 194/194/194 640/640/640
f 641/641/641 648/648/648 194/194/194
f 642/642/642 648/648/648 641/641/641
f 648/648/648 649/649/649 194/194/194
f 642/642/642 650/650/650 648/648/648
f 648/648/648 651/651/651 649/649/649
f 652/652/652 651/651/651 648/648/648
f 652/652/652 77/77/77 651/651/651
f 651/651/651 77/77/77 653/653/653
f 649/649/649 651/651/651 653/653/653
f 649/649/649 653/653/653 179/179/179
f 316/316/316 650/650/650 642/642/642
f 639/639/639 316/316/316 642/642/642
f 316/316/316 654/654/654 650/650/650
f 654/654/654 655/655/655 650/650/650
f 654/654/654 75/75/75 655/655/655
f 656/656/656 316/316/316 639/639/639
f 656/656/656 315/315/315 316/316/316
f 657/657/657 656/656/656 639/639/639
f 657/657/657 639/639/639 658/658/658
f 659/659/659 656/656/656 657/657/657
f 659/659/659 660/660/660 656/656/656
f 660/660/660 315/315/315 656/656/656
f 660/660/660 661/661/661 315/315/315
f 661/661/661 662/662/662 315/315/315
f 661/661/661 663/663/663 662/662/662
f 325/325/325 663/663/663 661/661/661
f 325/325/325 664/664/664 663/663/663
f 327/327/327 325/325/325 661/661/661
f 327/327/327 661/661/661 660/660/660
f 347/347/347 327/327/327 660/660/660
f 347/347/347 660/660/660 665/665/665
f 666/666/666 668/668/668 667/667/667
f 666/666/666 669/669/669 668/668/668
f 670/670/670 672/672/672 671/671/671
f 670/670/670 671/671/671 673/673/673
f 645/645/645 670/670/670 673/673/673
f 673/673/673 671/671/671 674/674/674
f 674/674/674 671/671/671 186/186/186
f 674/674/674 186/186/186 675/675/675
f 676/676/676 674/674/674 675/675/675
f 676/676/676 675/675/675 677/677/677
f 673/673/673 674/674/674 678/678/678
f 645/645/645 673/673/673 679/679/679
f 679/679/679 673/673/673 678/678/678
f 680/680/680 645/645/645 679/679/679
f 680/680/680 679/679/679 630/630/630
f 679/679/679 678/678/678 681/681/681
f 681/681/681 678/678/678 682/682/682
f 681/681/681 682/682/682 683/683/683
f 684/684/684 686/686/686 685/685/685
f 684/684/684 687/687/687 686/686/686
f 688/688/688 689/689/689 684/684/684
f 688/688/688 471/471/471 689/689/689
f 690/690/690 378/378/378 691/691/691
f 690/690/690 692/692/692 378/378/378
f 693/693/693 213/213/213 694/694/694
f 693/693/693 695/695/695 213/213/213
f 178/178/178 693/693/693 696/696/696
f 178/178/178 697/697/697 693/693/693
f 698/698/698 213/213/213 699/699/699
f 698/698/698 699/699/699 192/192/192
f 700/700/700 701/701/701 213/213/213
f 700/700/700 171/171/171 701/701/701
f 702/702/702 704/704/704 703/703/703
f 703/703/703 704/704/704 705/705/705
f 703/703/703 705/705/705 706/706/706
f 707/707/707 709/709/709 708/708/708
f 707/707/707 710/710/710 709/709/709
f 711/711/711 710/710/710 707/707/707
f 711/711/711 712/712/712 710/710/710
f 388/388/388 712/712/712 711/711/711
f 388/388/388 713/713/713 712/712/712
f 712/712/712 530/530/530 714/714/714
f 712/712/712 715/715/715 530/530/530
f 374/374/374 716/716/716 712/712/712
f 374/374/374 717/717/717 716/716/716
f 718/718/718 430/430/430 719/719/719
f 718/718/718 720/720/720 430/430/430
f 442/442/442 345/345/345 720/720/720
f 442/442/442 721/721/721 345/345/345
f 720/720/720 345/345/345 722/722/722
f 720/720/720 722/722/722 723/723/723
f 723/723/723 722/722/722 724/724/724
f 723/723/723 724/724/724 725/725/725
f 726/726/726 728/728/728 727/727/727
f 726/726/726 727/727/727 729/729/729
f 729/729/729 354/354/354 730/730/730
f 729/729/729 731/731/731 354/354/354
f 732/732/732 348/348/348 733/733/733
f 732/732/732 734/734/734 348/348/348
f 735/735/735 736/736/736 732/732/732
f 735/735/735 737/737/737 736/736/736
f 738/738/738 740/740/740 739/739/739
f 738/738/738 741/741/741 740/740/740
f 513/513/513 743/743/743 742/742/742
f 513/513/513 744/744/744 743/743/743
f 745/745/745 747/747/747 746/746/746
f 745/745/745 748/748/748 747/747/747
f 749/749/749 357/357/357 750/750/750
f 749/749/749 751/751/751 357/357/357
f 752/752/752 751/751/751 749/749/749
f 752/752/752 753/753/753 751/751/751
f 754/754/754 756/756/756 755/755/755
f 754/754/754 755/755/755 509/509/509
f 167/167/167 758/758/758 757/757/757
f 167/167/167 759/759/759 758/758/758
f 166/166/166 759/759/759 167/167/167
f 760/760/760 179/179/179 761/761/761
f 760/760/760 762/762/762 179/179/179
f 763/763/763 765/765/765 764/764/764
f 763/763/763 764/764/764 21/21/21
f 766/766/766 768/768/768 767/767/767
f 766/766/766 769/769/769 768/768/768
f 770/770/770 772/772/772 771/771/771
f 770/770/770 773/773/773 772/772/772
f 774/774/774 773/773/773 770/770/770
f 774/774/774 775/775/775 773/773/773
f 776/776/776 778/778/778 777/777/777
f 776/776/776 777/777/777 93/93/93
