mtllib P_RockDesert_Layered01.mtl
v -0.4334044 5.466896 -1.249786
v -0.4686814 2.935005 -0.9295315
v 0.04135432 3.022652 -1.016984
v -0.8602121 2.887416 -0.5643249
v -0.8887908 1.070937 -0.6137385
v -0.4600245 1.112508 -1.043369
v -1.017306 5.497162 -0.9176759
v -0.7259727 5.483728 -1.08593
v -0.9595727 6.338031 -1.345195
v -1.312104 6.328442 -1.127865
v -1.28523 6.976962 -1.844648
v -1.767603 6.926811 -1.547398
v -1.188439 5.510423 -0.6284966
v -1.530567 6.323016 -0.7752681
v -2.062804 6.953401 -1.063624
v -1.727412 6.318404 -0.410233
v -2.331819 6.9275 -0.563993
v -1.355614 5.523597 -0.3367939
v -1.530567 6.323016 -0.7752681
v -1.727412 6.318404 -0.410233
v -1.358287 5.53179 -0.0007543564
v -1.69901 6.407422 0.09772396
v -1.003471 2.887968 -0.03156424
v -1.15568 1.062805 -0.00814724
v -0.8887908 1.070937 -0.6137385
v -1.361055 5.500206 0.3281813
v -0.8602757 2.888162 0.5012569
v -1.198157 5.47 0.6146102
v -1.633202 6.509882 0.6422166
v -1.552929 6.510333 0.8296046
v -1.027587 5.472931 0.9043083
v -0.4690866 2.888586 0.8914981
v -1.273447 6.439103 1.234221
v -1.861127 7.057495 0.9056324
v -1.753855 7.014653 1.442098
v -0.7329059 5.502331 1.079751
v -0.9639083 6.355382 1.370429
v -0.9639083 6.355382 1.370429
v -1.287556 6.980258 1.858775
v -0.7329059 5.502331 1.079751
v -0.4449612 5.46133 1.239295
v -0.7329059 5.502331 1.079751
v -0.605637 6.376873 1.590425
v -0.1066743 5.47481 1.247363
v -0.1956182 6.377897 1.603568
v 0.06529336 2.889138 1.034598
v 0.1514555 1.120749 1.217075
v -0.4532396 1.093517 1.049381
v 0.2681604 -0.06977654 1.677819
v -0.6018032 -0.07463551 1.452242
v -1.000924 1.072132 0.6004539
v -1.352949 -0.08413219 0.8290272
v -1.596474 -0.09796429 -0.02347708
v -0.8887908 1.070937 -0.6137385
v -1.264254 -0.09937668 -0.873178
v -0.6274911 -0.07992935 -1.488176
v 0.2305528 5.488736 1.253075
v 0.5996774 2.889678 0.8922138
v 0.2133917 6.371837 1.592227
v -0.2326396 7.005221 2.152619
v 0.2981068 7.001916 2.133557
v 0.5145088 5.414556 1.098354
v 0.7932344 5.317144 0.9448185
v 0.9908726 2.890058 0.5024967
v 0.9571657 5.259117 0.6650138
v 1.121365 5.240372 0.3758278
v 1.108522 2.93971 -0.02148867
v 1.124101 5.229835 0.04260111
v 1.122993 5.222751 -0.2909641
v 1.349465 6.270643 0.01381016
v 1.358419 6.337676 -0.3863444
v 1.884106 6.887148 0.0216012
v 1.887515 6.89696 -0.533268
v 1.166681 6.349316 -0.7514281
v 1.627895 6.944476 -1.029351
v 0.9398881 6.301977 -1.113025
v 1.325233 6.930667 -1.525402
v 0.575111 6.293674 -1.339221
v 0.8336509 6.91189 -1.847467
v 0.9637188 5.262245 -0.5895767
v 0.9229159 3.025685 -0.5106015
v 0.8045246 5.34025 -0.8939218
v 0.5312418 3.070113 -0.8526373
v 0.5237433 5.405851 -1.075355
v 0.7185475 1.208793 -0.9974732
v 1.175051 1.21913 -0.569479
v 1.674044 1.240405 0.01331043
v 1.778366 -0.02517033 -0.8543105
v 1.123006 -0.03075409 -1.467511
v 0.7185475 1.208793 -0.9974732
v 2.024049 -0.03769398 -0.01281881
v 1.521866 1.2104 0.6144757
v 1.795397 -0.05272675 0.8342838
v 0.9908726 2.890058 0.5024967
v 1.674044 1.240405 0.01331043
v 1.521866 1.2104 0.6144757
v 0.5312418 3.070113 -0.8526373
v 0.1156086 1.161317 -1.177536
v 0.04135432 3.022652 -1.016984
v 0.2405764 -0.05505562 -1.700998
v 1.123006 -0.03075409 -1.467511
v -0.4686814 2.935005 -0.9295315
v -0.4600245 1.112508 -1.043369
v -0.7699564 -0.679148 -1.864025
v 0.3900635 -0.6765769 -2.153861
v 1.528766 -0.6872262 -1.941912
v 1.778366 -0.02517033 -0.8543105
v 2.305804 -0.6716909 -1.088819
v 2.024049 -0.03769398 -0.01281881
v 2.615865 -0.6695727 0.003409386
v 2.803733 -2.233272 -0.001775927
v 2.46856 -2.233927 -1.188223
v 1.621932 -2.253511 -2.113483
v 0.3859614 -2.239374 -2.346778
v 1.795397 -0.05272675 0.8342838
v 2.615865 -0.6695727 0.003409386
v 2.388018 -0.686609 1.051319
v -0.7699564 -0.679148 -1.864025
v 0.3859614 -2.239374 -2.346778
v -0.8741031 -2.239312 -2.033545
v 2.505902 -3.823743 1.113704
v 2.552278 -2.255688 1.13495
v 2.755497 -3.798217 0.003287498
v 2.300332 -4.017509 1.005932
v 2.599259 -4.013799 -0.04863857
v 2.42916 -3.797344 -1.157218
v 2.755497 -3.798217 0.003287498
v 2.303613 -4.013602 -1.10166
v 2.46856 -2.233927 -1.188223
v 2.803733 -2.233272 -0.001775927
v 1.621932 -2.253511 -2.113483
v 1.598685 -3.818992 -2.060936
v 0.3859614 -2.239374 -2.346778
v 0.3906241 -3.802799 -2.29195
v 1.477775 -4.016312 -1.870136
v 1.122198 -4.020387 -1.384293
v 1.71423 -4.019368 -0.8159819
v 2.599259 -4.013799 -0.04863857
v 1.894444 -4.01908 -0.04171579
v 2.300332 -4.017509 1.005932
v 1.802879 -4.02072 0.7421235
v 0.9637406 -4.017294 0.6108111
v 1.214273 -4.01697 -0.03387011
v 0.9044833 -4.016999 -0.6745666
v 0.2121388 -4.017713 -0.9325415
v 0.3029448 -4.021513 -1.565982
v 0.3581653 -4.016456 -2.151082
v -0.4649966 -4.01857 -0.6731451
v -0.5120431 -4.022707 -1.381483
v -0.5120431 -4.022707 -1.381483
v -0.841868 -3.800111 -1.987043
v -0.7604421 -4.016779 -1.87446
v -1.110814 -4.023312 -0.8125464
v -1.575601 -4.017518 -1.100228
v -0.4649966 -4.01857 -0.6731451
v -0.8741031 -2.239312 -2.033545
v -0.841868 -3.800111 -1.987043
v 0.3859614 -2.239374 -2.346778
v -0.4649966 -4.01857 -0.6731451
v -0.7471841 -4.013429 -0.03051081
v 0.09400087 -4.016376 -0.01506435
v 0.9044833 -4.016999 -0.6745666
v 0.2277406 -4.012218 0.872899
v 0.9637406 -4.017294 0.6108111
v -0.4150812 -4.003788 0.6167437
v -0.4604682 -4.001468 1.328407
v 0.3194092 -4.012968 1.488126
v 1.18961 -4.021759 1.321584
v -0.716791 -3.987697 1.79666
v 0.3773642 -4.006853 2.066826
v 0.3777017 -3.895349 2.158258
v -0.810173 -3.718852 1.939389
v -1.534993 -3.989221 1.024326
v -1.70105 -3.724507 1.108034
v -1.534993 -3.989221 1.024326
v -1.071928 -4.001816 0.7499666
v -0.4150812 -4.003788 0.6167437
v -1.852516 -4.008285 -0.03777151
v -1.70105 -3.724507 1.108034
v -2.079102 -3.814031 -0.03863157
v 1.482142 -4.017226 1.779478
v 1.802879 -4.02072 0.7421235
v 0.9637406 -4.017294 0.6108111
v 1.533236 -3.909474 1.856656
v 0.3777017 -3.895349 2.158258
v 1.554901 -2.345498 1.892913
v 0.3731962 -2.33575 2.197514
v 1.466942 -0.7714025 1.747528
v 0.3787485 -0.7670182 2.024278
v -0.8409977 -2.154464 1.974432
v 1.475601 -0.5857506 1.79235
v -0.7387933 -0.5993031 1.819578
v 0.363364 -0.5808477 2.074388
v 0.363364 -0.5808477 2.074388
v 0.2681604 -0.06977654 1.677819
v 1.146086 -0.06148338 1.454107
v 1.681139 -0.6870168 1.722943
v 1.795397 -0.05272675 0.8342838
v 1.466942 -0.7714025 1.747528
v 1.554901 -2.345498 1.892913
v 2.388018 -0.686609 1.051319
v 1.788213 -2.256783 1.861675
v 2.552278 -2.255688 1.13495
v -0.8409977 -2.154464 1.974432
v -1.754023 -2.157908 1.124683
v -1.581497 -0.6001875 1.037496
v 1.762034 -3.825415 1.82193
v 1.533236 -3.909474 1.856656
v 1.554901 -2.345498 1.892913
v 2.552278 -2.255688 1.13495
v 1.762034 -3.825415 1.82193
v 2.505902 -3.823743 1.113704
v 2.300332 -4.017509 1.005932
v 1.482142 -4.017226 1.779478
v 3.176373 13.58434 5.886942
v 3.770011 13.87425 7.053703
v 5.231101 13.7051 5.705861
v 2.065084 13.86191 7.863089
v 3.770011 13.87425 7.053703
v 1.666006 13.59219 6.523238
v 1.260444 12.92233 5.010921
v 2.429293 12.89649 4.51512
v 0.1346408 13.90484 7.921976
v 0.0398679 13.56987 6.70337
v -1.643225 13.94039 7.4431
v 0.005545795 12.82709 5.61452
v 0.9295638 11.5967 3.70614
v -0.00557369 11.57429 3.829442
v 1.795687 11.60088 3.330176
v -1.253327 12.81338 5.457205
v -1.445807 13.61004 6.314469
v -1.445807 13.61004 6.314469
v -2.425063 12.80546 4.967869
v -2.880027 13.48457 5.536347
v -1.050767 11.96271 3.970801
v -3.242872 12.88871 3.755597
v -1.909081 12.00828 3.604891
v -2.579553 11.67721 2.77988
v -3.544905 13.84752 6.793386
v -2.880027 13.48457 5.536347
v -3.398289 14.27677 6.530942
v -1.636791 14.30413 7.231404
v -5.024734 13.80369 5.544348
v -3.242872 12.88871 3.755597
v -4.904115 14.23322 5.405538
v -1.364233 14.46747 5.678157
v -2.837399 14.43718 5.139224
v -5.716556 14.17775 3.781234
v -5.969281 13.61104 4.209731
v -4.085702 14.42211 4.391657
v -6.759744 14.13766 2.199623
v -7.089227 13.59005 2.49567
v -4.874635 14.4254 3.110934
v -3.409027 14.58471 3.512181
v -7.220625 14.20593 0.213439
v -7.686653 13.58334 0.3619337
v -5.096539 14.37539 1.641252
v -7.029764 14.21332 -1.683749
v -7.225924 13.94295 -1.685605
v -1.868083 14.51136 3.840366
v -3.872414 14.48542 1.916607
v -5.470898 14.41007 0.1509414
v -2.158234 14.62805 2.076934
v -4.262231 14.514 0.1018519
v -2.33584 14.57417 0.1576166
v -0.1526653 14.50997 3.971657
v -0.2323989 14.6153 2.130376
v -0.2403463 14.64882 0.09249401
v 0.009597242 14.43145 5.849375
v -5.308176 14.42764 -1.220435
v -4.099489 14.53919 -1.600672
v -2.187343 14.60984 -1.773693
v -0.1547645 14.67238 -1.948006
v -5.811999 14.16437 -3.189637
v 1.937127 14.57857 0.1745005
v 1.788721 14.53968 2.136091
v 1.921222 14.59331 -1.777606
v 1.605345 14.48768 3.889869
v -1.848957 14.55066 -3.618276
v -3.420569 14.49306 -3.120238
v -4.878592 14.33666 -2.594048
v -0.03868037 14.59009 -3.85277
v 1.775274 14.55117 -3.623847
v -4.794008 14.19967 -5.084758
v -6.123532 13.88488 -3.334378
v -5.015837 13.95293 -5.193345
v -5.176612 13.52898 -5.119969
v -6.217374 13.49883 -3.352905
v -4.296189 12.8756 -2.240131
v -3.557711 12.88638 -3.367642
v -3.830159 13.56877 -6.620457
v 0.00465709 14.40812 -5.502254
v 1.421966 14.40597 -5.247509
v -1.410929 14.41584 -5.243625
v -2.871824 14.36836 -4.921587
v -4.142944 14.33881 -4.016662
v -3.666608 14.24982 -6.672333
v -5.015837 13.95293 -5.193345
v -3.838677 13.99922 -6.833127
v -1.85142 14.30621 -7.56627
v 0.1458486 14.36916 -7.873115
v -1.962811 14.04905 -7.765089
v 0.05666837 13.79638 -8.316992
v -1.986718 13.61485 -7.547775
v 2.18675 14.43074 -7.364931
v -2.547674 12.89783 -4.269779
v -1.349258 13.00943 -5.169005
v -2.631531 11.53739 -2.480176
v -3.190086 11.52438 -1.663581
v -4.296189 12.8756 -2.240131
v -1.875989 11.55538 -3.123184
v -0.9888206 11.5718 -3.563683
v 0.008007586 12.94555 -5.228937
v -0.01862365 11.58712 -3.733913
v 1.042585 12.92951 -4.88291
v 0.9533464 11.61353 -3.579832
v 1.720847 12.91307 -4.621394
v 1.472653 11.00615 -3.230459
v 2.690204 12.50752 -4.339034
v 2.095935 11.46566 -3.459944
v 1.355367 13.44148 -6.586963
v 2.211747 13.85407 -8.008918
v 3.903173 13.89036 -6.755666
v 2.508116 13.42756 -6.000718
v 3.181173 12.99789 -5.60383
v 3.821937 14.49023 -6.132174
v 2.913245 14.37314 -4.924621
v 5.257218 14.53177 -4.766468
v 3.361239 14.42186 -3.126328
v 4.195773 14.3473 -4.01915
v 3.729297 14.36247 -1.477536
v 4.883719 14.25343 -2.597685
v 3.843663 14.37347 0.2847972
v 6.32651 14.48625 -3.069032
v 5.095696 14.23956 -1.058492
v 3.641855 14.42013 2.011153
v 7.218148 14.34763 -1.312621
v 5.384263 14.40435 0.3987522
v 7.384832 14.24601 0.3573231
v 7.647111 13.73861 -0.9796967
v 7.610415 13.91784 0.3547401
v 6.610175 14.29016 2.223682
v 7.610415 13.91784 0.3547401
v 5.169332 14.45204 1.780602
v 3.185796 14.36463 3.545505
v 6.433197 14.36053 3.956511
v 6.851436 13.84388 2.377972
v 4.950832 14.48887 3.203219
v 5.237362 14.30954 5.256026
v 1.374301 14.4394 5.692534
v 6.733181 13.49328 2.339355
v 7.421811 13.56429 0.5030303
v 6.23028 13.22731 0.9984856
v 6.083961 13.25203 2.01791
v 4.044682 14.30689 4.406256
v 3.571005 14.3922 6.730612
v 2.825474 14.35849 5.469271
v 0.1286331 14.3076 7.69721
v 1.991012 14.38363 7.475595
v 3.770011 13.87425 7.053703
v 5.231101 13.7051 5.705861
v 6.621874 13.36221 -0.2019696
v 4.8562 12.80258 0.2794127
v 0.1286331 14.3076 7.69721
v 1.991012 14.38363 7.475595
v 0.1346408 13.90484 7.921976
v 0.1286331 14.3076 7.69721
v -1.643225 13.94039 7.4431
v -7.225924 13.94295 -1.685605
v -7.686653 13.58334 0.3619337
v -7.082206 13.4816 -1.581443
v -1.986718 13.61485 -7.547775
v 0.05666837 13.79638 -8.316992
v -1.962811 14.04905 -7.765089
v 5.223105 13.59282 5.327359
v 5.231101 13.7051 5.705861
v 5.360424 13.94199 5.401753
v 0.2351307 5.425217 -1.243964
v -0.09838855 5.447973 -1.249177
v -0.4334044 5.466896 -1.249786
v -0.4686814 2.935005 -0.9295315
v -0.6093549 6.347225 -1.539038
v -0.9595727 6.338031 -1.345195
v -0.2051595 6.336925 -1.550131
v -0.09838855 5.447973 -1.249177
v -0.6093549 6.347225 -1.539038
v -0.7906966 7.012014 -2.108844
v -1.28523 6.976962 -1.844648
v 0.2056891 6.314853 -1.537093
v -0.09838855 5.447973 -1.249177
v 0.2351307 5.425217 -1.243964
v 0.3321958 6.946597 -2.11673
v -0.2327179 6.982178 -2.133543
v -0.6093549 6.347225 -1.539038
v 0.575111 6.293674 -1.339221
v 0.5237433 5.405851 -1.075355
v 0.5312418 3.070113 -0.8526373
v 0.04135432 3.022652 -1.016984
v 0.85337 7.050041 -1.899344
v 0.3395701 7.086546 -2.174724
v -0.2407669 7.124102 -2.191436
v 0.197481 7.172102 -1.706408
v -0.2751164 7.208004 -1.756381
v -0.8143094 7.158086 -2.163095
v -1.28523 6.976962 -1.844648
v -1.325702 7.117057 -1.892844
v -0.6988025 7.201835 -1.701877
v -1.101827 7.286555 -1.484925
v -1.821289 7.057463 -1.588626
v -1.474584 7.29416 -1.223945
v -2.122475 7.092157 -1.09127
v -1.728957 7.290909 -0.8484902
v -1.147791 9.153093 -1.787004
v -0.6449055 9.162028 -2.02722
v -1.58497 9.14315 -1.442638
v -1.821054 10.82899 -3.053437
v -0.9565775 10.86204 -3.479844
v -2.563277 10.79679 -2.437911
v -1.90186 9.06892 -0.9856658
v -0.09664553 9.169044 -2.107757
v -0.2751164 7.208004 -1.756381
v -0.01084739 10.89471 -3.638623
v 0.9328315 10.93946 -3.487388
v 0.4549755 9.175445 -2.034843
v 0.9533464 11.61353 -3.579832
v 1.472653 11.00615 -3.230459
v -0.01862365 11.58712 -3.733913
v -0.9888206 11.5718 -3.563683
v -1.875989 11.55538 -3.123184
v -2.631531 11.53739 -2.480176
v -3.110277 10.77388 -1.647046
v -3.190086 11.52438 -1.663581
v -2.11493 9.056145 -0.4713502
v -3.46476 10.76336 -0.7616172
v -2.178766 9.109708 0.07361412
v -3.566142 10.76001 0.1765919
v -1.922809 7.282593 -0.440639
v -1.728957 7.290909 -0.8484902
v -2.398813 7.061202 -0.5787706
v -2.122475 7.092157 -1.09127
v -2.475074 7.037118 0.1495957
v -1.957651 7.286714 0.009901524
v -1.985472 7.162798 0.6081009
v -1.923753 7.278314 0.4866881
v -1.58497 9.14315 -1.442638
v -1.90186 9.06892 -0.9856658
v -2.178766 9.109708 0.07361412
v -1.957651 7.286714 0.009901524
v -1.922809 7.282593 -0.440639
v -2.178766 9.109708 0.07361412
v -2.120595 9.171631 0.616848
v -3.566142 10.76001 0.1765919
v -2.120595 9.171631 0.616848
v -3.451851 10.7766 1.103858
v -3.546799 11.51992 -0.7530312
v -3.653916 11.51786 0.2053933
v -3.46476 10.76336 -0.7616172
v -3.190086 11.52438 -1.663581
v -3.110277 10.77388 -1.647046
v -4.296189 12.8756 -2.240131
v -3.546799 11.51992 -0.7530312
v -4.752748 12.87178 -0.9945688
v -2.120595 9.171631 0.616848
v -1.747142 7.316978 0.8339176
v -1.90419 9.237951 1.122779
v -3.451851 10.7766 1.103858
v -3.076414 10.81186 1.963612
v -1.468882 7.358925 1.219578
v -1.673556 9.644233 1.759601
v -2.483278 10.94571 2.705302
v -1.102478 7.319087 1.499713
v -1.225109 9.6188 2.086308
v -1.717192 11.33587 3.265988
v -0.698814 7.317854 1.696058
v -0.7261503 9.66904 2.304742
v -0.2440094 7.141098 2.200186
v -0.8171543 7.135226 2.178921
v -0.2560527 7.315012 1.730793
v -3.158444 11.55838 2.02752
v -2.579553 11.67721 2.77988
v -3.076414 10.81186 1.963612
v -0.7261503 9.66904 2.304742
v -0.698814 7.317854 1.696058
v -0.09313136 9.155329 2.183712
v 0.1866675 7.281637 1.697938
v 0.4517335 9.162657 2.12132
v 0.5849344 7.233828 1.503393
v 0.9546422 9.166379 1.8983
v 0.9293943 10.92793 3.608464
v 1.77798 10.95688 3.235867
v 1.398423 9.158646 1.568701
v 2.513432 10.96022 2.677043
v 2.542446 11.58392 2.758008
v 3.064413 10.96976 1.931326
v 3.107566 11.57899 1.99973
v 3.283789 12.86069 3.858554
v 0.9295638 11.5967 3.70614
v 1.77798 10.95688 3.235867
v 0.9293943 10.92793 3.608464
v 4.205497 13.19873 4.521222
v 3.283789 12.86069 3.858554
v 3.176373 13.58434 5.886942
v 5.223105 13.59282 5.327359
v 3.176373 13.58434 5.886942
v 5.231101 13.7051 5.705861
v 3.426654 10.98403 1.077501
v 3.064413 10.96976 1.931326
v 3.47467 11.58733 1.127871
v 4.202878 12.82115 2.723375
v 4.703643 12.95563 1.373633
v 6.23028 13.22731 0.9984856
v 4.8562 12.80258 0.2794127
v 3.591676 11.58093 0.1896996
v 4.329873 12.08675 -0.2020774
v 3.377257 10.96525 -0.6966147
v 3.535905 10.97463 0.1569204
v 3.47467 11.58733 1.127871
v 3.426654 10.98403 1.077501
v 4.030752 11.57464 -1.025391
v 3.475146 11.36589 -1.891388
v 3.081303 10.90299 -1.634035
v 5.155194 12.41011 -0.6510692
v 4.8562 12.80258 0.2794127
v 5.155194 12.41011 -0.6510692
v 3.475146 11.36589 -1.891388
v 4.378444 12.48219 -2.376472
v 6.268614 12.8259 -0.8438931
v 5.155194 12.41011 -0.6510692
v 6.621874 13.36221 -0.2019696
v 7.647111 13.73861 -0.9796967
v 6.621874 13.36221 -0.2019696
v 7.187739 13.19197 -1.416492
v 6.679698 13.92946 -3.379698
v 6.429378 13.40163 -3.487364
v 5.541877 13.95289 -5.229061
v 5.340322 13.41794 -5.245044
v 4.182746 13.43017 -6.520576
v 7.218148 14.34763 -1.312621
v 6.679698 13.92946 -3.379698
v 7.647111 13.73861 -0.9796967
v 3.821937 14.49023 -6.132174
v 3.903173 13.89036 -6.755666
v 5.541877 13.95289 -5.229061
v 1.720847 12.91307 -4.621394
v 2.690204 12.50752 -4.339034
v 2.508116 13.42756 -6.000718
v -0.6274911 -0.07992935 -1.488176
v -1.618603 -0.67529 -1.065789
v -0.7699564 -0.679148 -1.864025
v -1.264254 -0.09937668 -0.873178
v -1.596474 -0.09796429 -0.02347708
v -1.941674 -0.6806169 -0.03942108
v -1.618603 -0.67529 -1.065789
v -1.581497 -0.6001875 1.037496
v -1.352949 -0.08413219 0.8290272
v -0.7387933 -0.5993031 1.819578
v -0.6018032 -0.07463551 1.452242
v 0.363364 -0.5808477 2.074388
v 0.2681604 -0.06977654 1.677819
v -2.142826 -2.247417 -0.04641097
v -1.754023 -2.157908 1.124683
v -1.794132 -2.239616 -1.163516
v -0.8741031 -2.239312 -2.033545
v -1.7401 -3.804547 -1.133335
v -0.7604421 -4.016779 -1.87446
v -1.575601 -4.017518 -1.100228
v -1.287967 -4.013248 -0.03571542
v -1.110814 -4.023312 -0.8125464
v -0.4649966 -4.01857 -0.6731451
v -0.4150812 -4.003788 0.6167437
v -1.754023 -2.157908 1.124683
v -1.70105 -3.724507 1.108034
v -2.142826 -2.247417 -0.04641097
v 3.064413 10.96976 1.931326
v 1.946421 9.14176 0.6145487
v 1.724696 9.149772 1.123188
v 2.007676 9.130479 0.06332254
v 3.535905 10.97463 0.1569204
v 1.946289 9.129781 -0.4850388
v 3.377257 10.96525 -0.6966147
v 1.726432 9.138786 -0.9964437
v 3.081303 10.90299 -1.634035
v 1.240455 7.181044 -0.8190818
v 1.413676 7.196749 -0.4238925
v 1.402559 9.153347 -1.452818
v 2.544547 10.89418 -2.426582
v 0.9985622 7.175388 -1.198735
v 0.6335253 7.176379 -1.469291
v 0.9601265 9.169054 -1.796998
v 1.472653 11.00615 -3.230459
v 0.4549755 9.175445 -2.034843
v 0.9328315 10.93946 -3.487388
v 0.197481 7.172102 -1.706408
v 0.3395701 7.086546 -2.174724
v 0.85337 7.050041 -1.899344
v -0.2751164 7.208004 -1.756381
v -0.09664553 9.169044 -2.107757
v 0.9985622 7.175388 -1.198735
v 1.355953 7.071069 -1.56556
v 1.666537 7.074775 -1.057201
v 0.9985622 7.175388 -1.198735
v 0.6335253 7.176379 -1.469291
v 1.355953 7.071069 -1.56556
v 0.8336509 6.91189 -1.847467
v 1.325233 6.930667 -1.525402
v 1.666537 7.074775 -1.057201
v 1.355953 7.071069 -1.56556
v 1.627895 6.944476 -1.029351
v 1.934162 7.019916 -0.5488362
v 1.887515 6.89696 -0.533268
v 1.929772 7.02676 0.02349091
v 1.887515 6.89696 -0.533268
v 2.513432 10.96022 2.677043
v 3.064413 10.96976 1.931326
v 1.724696 9.149772 1.123188
v 1.199628 7.174361 0.8831782
v 0.9585136 7.195143 1.252148
v 1.38619 7.210175 0.477037
v 1.946421 9.14176 0.6145487
v 1.42887 7.216028 0.02171564
v 2.007676 9.130479 0.06332254
v 1.929772 7.02676 0.02349091
v 1.864684 7.067002 0.5860286
v 1.934162 7.019916 -0.5488362
v 1.413676 7.196749 -0.4238925
v 1.946289 9.129781 -0.4850388
v 1.666537 7.074775 -1.057201
v 1.240455 7.181044 -0.8190818
v -1.717192 11.33587 3.265988
v -1.225109 9.6188 2.086308
v -0.9059338 11.30328 3.624218
v -0.09313136 9.155329 2.183712
v -1.909081 12.00828 3.604891
v -1.050767 11.96271 3.970801
v 0.01210123 10.88467 3.726465
v 0.4517335 9.162657 2.12132
v -0.00557369 11.57429 3.829442
v 0.9295638 11.5967 3.70614
v -1.253327 12.81338 5.457205
v 0.005545795 12.82709 5.61452
v -1.909081 12.00828 3.604891
v -2.483278 10.94571 2.705302
v -4.237906 12.89285 2.737286
v -3.242872 12.88871 3.755597
v -4.73413 12.8796 1.560307
v -3.535356 11.53148 1.150474
v -3.076414 10.81186 1.963612
v -3.451851 10.7766 1.103858
v 0.9398881 6.301977 -1.113025
v 0.575111 6.293674 -1.339221
v 0.5237433 5.405851 -1.075355
v 0.8045246 5.34025 -0.8939218
v 1.166681 6.349316 -0.7514281
v 0.9637188 5.262245 -0.5895767
v 1.35382 6.342477 0.4378138
v 1.121365 5.240372 0.3758278
v 1.349465 6.270643 0.01381016
v 1.160592 6.357884 0.8011598
v 1.121365 5.240372 0.3758278
v 0.9571657 5.259117 0.6650138
v 0.9426571 6.400984 1.166195
v 0.7932344 5.317144 0.9448185
v 0.5754811 6.386074 1.399013
v 0.5145088 5.414556 1.098354
v 0.2133917 6.371837 1.592227
v 1.832474 6.935839 0.5753856
v 1.884106 6.887148 0.0216012
v 1.35382 6.342477 0.4378138
v 1.565933 6.91373 1.131698
v 1.35382 6.342477 0.4378138
v 1.160592 6.357884 0.8011598
v 1.249923 6.963409 1.643839
v 1.565933 6.91373 1.131698
v 0.9426571 6.400984 1.166195
v 0.9263533 6.96416 1.821836
v 0.5754811 6.386074 1.399013
v 0.9263533 6.96416 1.821836
v 0.7352675 6.910847 1.748217
v 0.5347755 6.995599 2.012342
v 0.9546422 9.166379 1.8983
v 1.398423 9.158646 1.568701
v 0.9585136 7.195143 1.252148
v 0.5849344 7.233828 1.503393
v -3.653916 11.51786 0.2053933
v -3.546799 11.51992 -0.7530312
v -4.895763 12.86929 0.2928476
v -3.535356 11.53148 1.150474
v -3.451851 10.7766 1.103858
v -4.73413 12.8796 1.560307
v -7.686653 13.58334 0.3619337
v -7.089227 13.59005 2.49567
v -4.237906 12.89285 2.737286
v -5.969281 13.61104 4.209731
v -3.242872 12.88871 3.755597
v -7.082206 13.4816 -1.581443
v -6.217374 13.49883 -3.352905
v -4.296189 12.8756 -2.240131
v -7.225924 13.94295 -1.685605
v -6.123532 13.88488 -3.334378
v -5.811999 14.16437 -3.189637
v -7.225924 13.94295 -1.685605
v 3.283789 12.86069 3.858554
v 4.202878 12.82115 2.723375
v 3.107566 11.57899 1.99973
v 2.542446 11.58392 2.758008
v 6.487024 13.45511 3.998901
v 6.083961 13.25203 2.01791
v 4.202878 12.82115 2.723375
v 6.733181 13.49328 2.339355
v 6.644409 13.80123 4.082736
v 5.231101 13.7051 5.705861
v 3.571005 14.3922 6.730612
v 5.237362 14.30954 5.256026
v 5.360424 13.94199 5.401753
v 5.237362 14.30954 5.256026
v 6.644409 13.80123 4.082736
v 6.433197 14.36053 3.956511
v 5.223105 13.59282 5.327359
v 6.487024 13.45511 3.998901
v 4.202878 12.82115 2.723375
v 4.205497 13.19873 4.521222
v 3.283789 12.86069 3.858554
v 6.23028 13.22731 0.9984856
v 7.421811 13.56429 0.5030303
v 7.522946 13.5983 0.2284489
v 7.647111 13.73861 -0.9796967
v 7.610415 13.91784 0.3547401
v 7.421811 13.56429 0.5030303
v -1.003471 2.887968 -0.03156424
v -1.000924 1.072132 0.6004539
v -1.15568 1.062805 -0.00814724
v -0.8602757 2.888162 0.5012569
v -0.4532396 1.093517 1.049381
v -0.4690866 2.888586 0.8914981
v 0.5996774 2.889678 0.8922138
v 0.9908726 2.890058 0.5024967
v 1.521866 1.2104 0.6144757
v 0.7593361 1.146311 1.061066
v 0.06529336 2.889138 1.034598
v 0.1514555 1.120749 1.217075
v 1.146086 -0.06148338 1.454107
v 0.2681604 -0.06977654 1.677819
v 1.795397 -0.05272675 0.8342838
v 1.521866 1.2104 0.6144757
v 6.433197 14.36053 3.956511
v 6.610175 14.29016 2.223682
v 6.851436 13.84388 2.377972
v 6.644409 13.80123 4.082736
v 1.199628 7.174361 0.8831782
v 1.38619 7.210175 0.477037
v 1.864684 7.067002 0.5860286
v 1.593826 7.038785 1.157695
v 0.9585136 7.195143 1.252148
v 1.276587 7.0857 1.681439
v 1.593826 7.038785 1.157695
v 1.565933 6.91373 1.131698
v 1.249923 6.963409 1.643839
v 1.929772 7.02676 0.02349091
v 1.884106 6.887148 0.0216012
v 1.832474 6.935839 0.5753856
v 1.593826 7.038785 1.157695
v 1.565933 6.91373 1.131698
v -0.2751164 7.208004 -1.756381
v -0.8143094 7.158086 -2.163095
v -0.2407669 7.124102 -2.191436
v -1.747142 7.316978 0.8339176
v -1.468882 7.358925 1.219578
v -1.81925 7.134522 1.419898
v -1.871131 7.173278 0.8790531
v -1.923753 7.278314 0.4866881
v -1.985472 7.162798 0.6081009
v -1.861127 7.057495 0.9056324
v -1.753855 7.014653 1.442098
v -1.81925 7.134522 1.419898
v -1.287556 6.980258 1.858775
v -1.971973 7.04879 0.6450815
v -2.475074 7.037118 0.1495957
v -1.552929 6.510333 0.8296046
v -2.382531 6.930702 0.1428275
v -1.633202 6.509882 0.6422166
v -1.69901 6.407422 0.09772396
v -1.327571 7.116114 1.904095
v -1.102478 7.319087 1.499713
v -0.8171543 7.135226 2.178921
v -0.7914677 7.000434 2.132596
v -0.605637 6.376873 1.590425
v -0.9639083 6.355382 1.370429
v -0.1956182 6.377897 1.603568
v -0.2326396 7.005221 2.152619
v -0.2440094 7.141098 2.200186
v -1.69901 6.407422 0.09772396
v -1.361055 5.500206 0.3281813
v -2.331819 6.9275 -0.563993
v -2.122475 7.092157 -1.09127
v -2.398813 7.061202 -0.5787706
v -2.331819 6.9275 -0.563993
v 0.2935662 7.138916 2.179717
v -0.2326396 7.005221 2.152619
v 0.2935662 7.138916 2.179717
v 0.1866675 7.281637 1.697938
v 0.1866675 7.281637 1.697938
v 0.5370961 7.13244 2.051995
v 0.5849344 7.233828 1.503393
v 0.5347755 6.995599 2.012342
v 0.5754811 6.386074 1.399013
v 0.2133917 6.371837 1.592227
v 0.2935662 7.138916 2.179717
v 0.5347755 6.995599 2.012342
v 0.5370961 7.13244 2.051995
v 0.7352675 6.910847 1.748217
v 0.7472306 7.067117 1.793496
v 0.9263533 6.96416 1.821836
v 0.9363802 7.092535 1.863793
v 1.249923 6.963409 1.643839
v 1.276587 7.0857 1.681439
v 0.5849344 7.233828 1.503393
v 0.9585136 7.195143 1.252148
v 1.276587 7.0857 1.681439
v 0.9363802 7.092535 1.863793
v -3.830159 13.56877 -6.620457
v -3.838677 13.99922 -6.833127
v -5.015837 13.95293 -5.193345
v -5.176612 13.52898 -5.119969
v 3.637406 12.50821 -3.50678
v 2.690204 12.50752 -4.339034
v 2.88292 11.38398 -2.775208
v 2.690204 12.50752 -4.339034
v 5.340322 13.41794 -5.245044
v 3.181173 12.99789 -5.60383
v 6.429378 13.40163 -3.487364
v 4.378444 12.48219 -2.376472
v 7.187739 13.19197 -1.416492
v 6.268614 12.8259 -0.8438931
v 3.637406 12.50821 -3.50678
v 2.88292 11.38398 -2.775208
v 3.475146 11.36589 -1.891388
v 3.081303 10.90299 -1.634035
v 2.544547 10.89418 -2.426582
v 2.88292 11.38398 -2.775208
v 2.095935 11.46566 -3.459944
v 1.472653 11.00615 -3.230459
v 1.355367 13.44148 -6.586963
v 1.720847 12.91307 -4.621394
v 2.508116 13.42756 -6.000718
v 2.615865 -0.6695727 0.003409386
v 2.552278 -2.255688 1.13495
v 2.388018 -0.686609 1.051319
v -0.8409977 -2.154464 1.974432
v -1.70105 -3.724507 1.108034
v -1.754023 -2.157908 1.124683
v -0.810173 -3.718852 1.939389
v 0.3731962 -2.33575 2.197514
v -0.8409977 -2.154464 1.974432
v -1.325702 7.117057 -1.892844
v -1.767603 6.926811 -1.547398
v -1.28523 6.976962 -1.844648
v -1.821289 7.057463 -1.588626
v -2.062804 6.953401 -1.063624
v 0.5370961 7.13244 2.051995
v 0.5849344 7.233828 1.503393
v 0.7472306 7.067117 1.793496
v 0.9363802 7.092535 1.863793
vn -0.2480159 -0.2335196 -0.9401898
vn -0.4512443 -0.03783966 -0.8915979
vn 0.06752463 -0.01945431 -0.9975279
vn -0.8454605 -0.05185985 -0.531514
vn -0.818998 0.2081186 -0.5347233
vn -0.4762717 0.2213555 -0.85098
vn -0.679445 -0.2664846 -0.683623
vn -0.4858097 -0.23814 -0.8409984
vn -0.4077031 -0.5352235 -0.7398068
vn -0.5732859 -0.5769763 -0.5817573
vn -0.386343 -0.5467508 -0.7428342
vn -0.5683662 -0.5769246 -0.5866156
vn -0.8350022 -0.2680878 -0.4805209
vn -0.7146223 -0.5650348 -0.4123721
vn -0.7111803 -0.5714797 -0.4094306
vn -0.7821146 -0.5986869 -0.1728319
vn -0.7528607 -0.619938 -0.2210831
vn -0.9320613 -0.2854554 -0.2231078
vn -0.7146223 -0.5650348 -0.4123721
vn -0.7821146 -0.5986869 -0.1728319
vn -0.9666984 -0.2531788 0.03734615
vn -0.8211734 -0.5472823 0.1617294
vn -0.9984937 -0.04867562 -0.02531861
vn -0.9732656 0.2234459 -0.05315952
vn -0.818998 0.2081186 -0.5347233
vn -0.9395223 -0.2500315 0.2340556
vn -0.8584473 -0.04074177 0.5112813
vn -0.8459338 -0.2482106 0.4720037
vn -0.808387 -0.4757874 0.3466077
vn -0.80393 -0.470357 0.3639516
vn -0.6808578 -0.2646574 0.6829269
vn -0.4882973 -0.03058824 0.8721411
vn -0.6415747 -0.542747 0.5420401
vn -0.8913737 -0.3612287 0.2738007
vn -0.7504485 -0.4781562 0.4562825
vn -0.4838001 -0.2638253 0.8344661
vn -0.4469492 -0.5250968 0.7242305
vn -0.4469492 -0.5250968 0.7242305
vn -0.4927075 -0.5229155 0.6955563
vn -0.4838001 -0.2638253 0.8344661
vn -0.2628545 -0.2468989 0.9327103
vn -0.4838001 -0.2638253 0.8344661
vn -0.2210609 -0.5571426 0.8004525
vn -0.01050643 -0.225643 0.9741534
vn -0.003280239 -0.5203808 0.853928
vn -0.003325886 -0.005515359 0.9999793
vn -0.01474703 0.2392694 0.9708412
vn -0.4601285 0.2166174 0.8610219
vn -0.01054515 0.5038419 0.8637316
vn -0.4147402 0.4687913 0.7798879
vn -0.8270267 0.2229481 0.516063
vn -0.7611941 0.4459799 0.4708349
vn -0.8916171 0.4512377 -0.03746373
vn -0.818998 0.2081186 -0.5347233
vn -0.7424577 0.4596901 -0.4872798
vn -0.4363693 0.4734281 -0.7651455
vn 0.2328056 -0.2239654 0.9463832
vn 0.4619487 0.0341383 0.8862494
vn 0.2089397 -0.5194886 0.8285383
vn 9.843631E-05 -0.4990529 0.8665715
vn 0.2277938 -0.4767716 0.8489987
vn 0.4633456 -0.17103 0.8695169
vn 0.6782088 -0.1449759 0.7204268
vn 0.8411533 0.1088284 0.5297335
vn 0.8565253 -0.1155686 0.5029994
vn 0.9577131 -0.1188115 0.2620486
vn 0.9852638 0.1185386 -0.1233035
vn 0.9940988 -0.1083655 0.004944473
vn 0.961005 -0.1212251 -0.2485433
vn 0.9038066 -0.4274538 0.02042093
vn 0.8326807 -0.4989468 -0.2401977
vn 0.8661471 -0.4972568 0.05024821
vn 0.8234066 -0.5199847 -0.2271946
vn 0.764627 -0.4741877 -0.4364535
vn 0.7451112 -0.508414 -0.4316534
vn 0.6309465 -0.4892294 -0.6021305
vn 0.6306301 -0.5089463 -0.5859004
vn 0.4333745 -0.4824764 -0.7611853
vn 0.426438 -0.5278324 -0.7345363
vn 0.8689204 -0.1273214 -0.4782956
vn 0.7979196 0.04412761 -0.6011465
vn 0.7085468 -0.1624467 -0.6867113
vn 0.4976832 -0.001549012 -0.8673576
vn 0.4972275 -0.1791473 -0.8489235
vn 0.4640488 0.2824262 -0.8395796
vn 0.7449953 0.2921739 -0.5996803
vn 0.9451511 0.3058041 -0.1147749
vn 0.6851659 0.5623987 -0.4628774
vn 0.3894669 0.5630792 -0.7288741
vn 0.4640488 0.2824262 -0.8395796
vn 0.8402524 0.5395957 -0.05303237
vn 0.796761 0.286456 0.5320854
vn 0.7060349 0.533325 0.4659176
vn 0.8411533 0.1088284 0.5297335
vn 0.9451511 0.3058041 -0.1147749
vn 0.796761 0.286456 0.5320854
vn 0.4976832 -0.001549012 -0.8673576
vn 0.01478871 0.250723 -0.9679459
vn 0.06752463 -0.01945431 -0.9975279
vn -0.01916898 0.5073876 -0.8615047
vn 0.3894669 0.5630792 -0.7288741
vn -0.4512443 -0.03783966 -0.8915979
vn -0.4762717 0.2213555 -0.85098
vn -0.4490872 0.3388997 -0.8267211
vn -0.01341314 0.3647239 -0.9310191
vn 0.4527267 0.3896469 -0.8020061
vn 0.6851659 0.5623987 -0.4628774
vn 0.7976745 0.4035068 -0.4482161
vn 0.8402524 0.5395957 -0.05303237
vn 0.9118786 0.410007 -0.01928014
vn 0.9986254 0.04389167 -0.02865061
vn 0.8722758 0.04402318 -0.4870286
vn 0.4856247 0.0433187 -0.8730934
vn -0.02843428 0.04341681 -0.9986523
vn 0.7060349 0.533325 0.4659176
vn 0.9118786 0.410007 -0.01928014
vn 0.7963966 0.4046797 0.4494294
vn -0.4490872 0.3388997 -0.8267211
vn -0.02843428 0.04341681 -0.9986523
vn -0.4801387 0.04393503 -0.8760917
vn 0.8026713 -0.3910176 0.4503599
vn 0.870158 0.04194132 0.4909847
vn 0.9416934 -0.3361066 -0.01568102
vn 0.3628166 -0.9087334 0.2063193
vn 0.495479 -0.8679641 -0.03374677
vn 0.8297692 -0.3175692 -0.4589477
vn 0.9416934 -0.3361066 -0.01568102
vn 0.4371857 -0.8639141 -0.2500425
vn 0.8722758 0.04402318 -0.4870286
vn 0.9986254 0.04389167 -0.02865061
vn 0.4856247 0.0433187 -0.8730934
vn 0.458307 -0.3516213 -0.8162825
vn -0.02843428 0.04341681 -0.9986523
vn -0.01842756 -0.3219772 -0.9465681
vn 0.2221318 -0.8859172 -0.4071955
vn 0.002159496 -0.9999963 -0.00162228
vn 0.003311856 -0.999994 -0.001013758
vn 0.495479 -0.8679641 -0.03374677
vn 0.00286777 -0.9999952 -0.001191832
vn 0.3628166 -0.9087334 0.2063193
vn 0.002537408 -0.9999968 -0.0002094164
vn -0.004531829 -0.9999893 -0.0009947191
vn -0.002518387 -0.9999968 0.0002975946
vn -0.001075775 -0.9999961 0.002573096
vn 0.0008196658 -0.9999901 0.004358795
vn 0.0007225302 -0.9999963 -0.002610551
vn -0.02344831 -0.8624988 -0.5055156
vn 0.00216421 -0.9999777 0.006323375
vn -0.0008390441 -0.9999952 -0.00297156
vn -0.0008390441 -0.9999952 -0.00297156
vn -0.4632236 -0.2869038 -0.8385167
vn -0.2530752 -0.8416529 -0.4770464
vn -0.004294509 -0.9999846 0.003501255
vn -0.4110171 -0.8686759 -0.2765267
vn 0.00216421 -0.9999777 0.006323375
vn -0.4801387 0.04393503 -0.8760917
vn -0.4632236 -0.2869038 -0.8385167
vn -0.02843428 0.04341681 -0.9986523
vn 0.00216421 -0.9999777 0.006323375
vn -0.001134 -0.9999361 0.01124747
vn -0.003556616 -0.9999807 0.005099926
vn -0.001075775 -0.9999961 0.002573096
vn -0.009627028 -0.9999504 0.002562215
vn -0.004531829 -0.9999893 -0.0009947191
vn -0.007238547 -0.9999363 0.008657581
vn -0.0150754 -0.9998258 0.01100773
vn -0.01274791 -0.9998887 0.007762246
vn -0.003331781 -0.9999866 0.00395898
vn -0.261647 -0.8442623 0.4677201
vn -0.01482346 -0.8634457 0.504224
vn 0.01044715 -0.3259312 0.9453357
vn -0.4483993 -0.280002 0.8488445
vn -0.415327 -0.862395 0.2894447
vn -0.7944888 -0.3189955 0.516749
vn -0.415327 -0.862395 0.2894447
vn -0.008821972 -0.9998362 0.01580205
vn -0.007238547 -0.9999363 0.008657581
vn -0.4533675 -0.8909755 0.02491438
vn -0.7944888 -0.3189955 0.516749
vn -0.9279583 -0.3722314 0.01836337
vn 0.1930966 -0.8988882 0.3933365
vn 0.002537408 -0.9999968 -0.0002094164
vn -0.004531829 -0.9999893 -0.0009947191
vn 0.3104039 -0.4419504 0.8416229
vn 0.01044715 -0.3259312 0.9453357
vn 0.1872976 0.03010206 0.9818419
vn 0.03712773 0.03824849 0.9985783
vn 0.1911043 -0.04942533 0.9803246
vn 0.03608173 -0.06929838 0.9969432
vn -0.4471247 0.04696779 0.8932377
vn 0.3682331 0.2974948 0.8808526
vn -0.4229496 0.3352208 0.8418673
vn 0.009420318 0.1894847 0.9818385
vn 0.009420318 0.1894847 0.9818385
vn -0.01054515 0.5038419 0.8637316
vn 0.3777384 0.5258109 0.7621264
vn 0.4774509 0.3210009 0.8179237
vn 0.7060349 0.533325 0.4659176
vn 0.1911043 -0.04942533 0.9803246
vn 0.1872976 0.03010206 0.9818419
vn 0.7963966 0.4046797 0.4494294
vn 0.4248804 0.04629728 0.9040648
vn 0.870158 0.04194132 0.4909847
vn -0.4471247 0.04696779 0.8932377
vn -0.8423133 0.04541636 0.5370713
vn -0.7949353 0.3277602 0.5105399
vn 0.4658967 -0.3673752 0.8049693
vn 0.3104039 -0.4419504 0.8416229
vn 0.1872976 0.03010206 0.9818419
vn 0.870158 0.04194132 0.4909847
vn 0.4658967 -0.3673752 0.8049693
vn 0.8026713 -0.3910176 0.4503599
vn 0.3628166 -0.9087334 0.2063193
vn 0.1930966 -0.8988882 0.3933365
vn 0.1121525 -0.9518582 0.2852856
vn 0.5014559 -0.3180718 0.8045945
vn 0.7017713 -0.3823833 0.6010825
vn 0.2274934 -0.3368665 0.9136563
vn 0.5014559 -0.3180718 0.8045945
vn 0.09537632 -0.9482948 0.3027215
vn 0.2053062 -0.8278393 0.5220456
vn 0.2425081 -0.842117 0.4816938
vn -0.09402765 -0.3481086 0.9327268
vn -0.01520773 -0.9242876 0.3813937
vn -0.2759646 -0.3519687 0.8944057
vn 0.02857135 -0.833182 0.5522603
vn 0.2771161 -0.4812483 0.831629
vn 0.03397394 -0.5336297 0.8450356
vn 0.4413671 -0.4642103 0.7679219
vn -0.1875016 -0.8041525 0.5640762
vn -0.1288388 -0.8896148 0.4381621
vn -0.1288388 -0.8896148 0.4381621
vn -0.390026 -0.7835178 0.4837142
vn -0.2180996 -0.8974406 0.3834487
vn -0.2212668 -0.7111307 0.6673336
vn -0.3855597 -0.8389317 0.3841059
vn -0.4111144 -0.6843078 0.6022522
vn -0.6033084 -0.5008814 0.6205939
vn -0.4370651 -0.3407503 0.8323842
vn -0.2180996 -0.8974406 0.3834487
vn -0.2916536 0.8234404 0.4867075
vn -0.1702251 0.8377548 0.5188355
vn -0.6846657 -0.3092306 0.660007
vn -0.3855597 -0.8389317 0.3841059
vn -0.4663564 0.8009648 0.3754559
vn -0.01411383 0.9977175 0.06603448
vn -0.04976346 0.9954389 0.08139466
vn -0.4635673 0.8491973 0.2529214
vn -0.7835256 -0.3503208 0.5131891
vn -0.1222186 0.9881343 0.09302262
vn -0.49847 0.8426856 0.2034909
vn -0.8725668 -0.2899115 0.3931649
vn -0.1397566 0.9895418 0.03570994
vn -0.05969872 0.997293 0.04292767
vn -0.5267711 0.8489485 0.04240979
vn -0.9497383 -0.3045239 0.07254235
vn -0.116276 0.9926964 0.03215081
vn -0.4784876 0.8540177 -0.2042144
vn -0.9018126 0.2540522 -0.349559
vn -0.002936883 0.9990296 0.04394602
vn -0.06819963 0.9976715 0.0005745414
vn -0.1057324 0.9940895 0.0246335
vn -0.02290389 0.9996147 0.01568292
vn -0.06906903 0.997483 0.01603545
vn -0.03493898 0.9993715 0.005991749
vn 0.01111358 0.9990413 0.04234241
vn 0.01154023 0.9994648 0.0306088
vn 0.00467279 0.9999435 0.009553934
vn -0.003229313 0.9986138 0.05253674
vn -0.1069616 0.9933645 -0.04226488
vn -0.08187532 0.9958997 -0.03847494
vn -0.03620709 0.9992301 -0.01510932
vn 0.001041269 0.9998969 -0.01432227
vn -0.3604698 0.9023817 -0.2361542
vn 0.06898714 0.9975861 0.007914596
vn 0.05612838 0.9979725 0.03000709
vn 0.07393158 0.9972256 -0.008674577
vn 0.04618341 0.9982374 0.03727326
vn -0.04202012 0.9966337 -0.07039612
vn -0.08159538 0.9940628 -0.0719822
vn -0.1207564 0.9886802 -0.08904725
vn 0.001832741 0.9974244 -0.07170264
vn 0.05939047 0.9966699 -0.05587375
vn -0.3753956 0.8993354 -0.2242181
vn -0.7755077 0.4159535 -0.4749427
vn -0.7575389 0.4124578 -0.5059777
vn -0.6822507 -0.5494115 -0.4823701
vn -0.7036701 -0.5829739 -0.4061896
vn -0.4449307 -0.8634309 -0.2377468
vn -0.370041 -0.8693522 -0.3275615
vn -0.4707526 -0.6689759 -0.5752071
vn -0.009488953 0.9984279 -0.05524197
vn 0.0120556 0.999126 -0.04002388
vn -0.03570098 0.9971583 -0.06633812
vn -0.06799272 0.9955969 -0.06452724
vn -0.1113505 0.9915862 -0.06601393
vn -0.3141783 0.881275 -0.3530529
vn -0.7575389 0.4124578 -0.5059777
vn -0.6133048 0.2276712 -0.756322
vn -0.1532739 0.8826742 -0.4442898
vn -0.005055333 0.8882942 -0.4592471
vn -0.3451644 0.1602742 -0.9247561
vn -0.007823986 -0.2736155 -0.9618073
vn -0.2294259 -0.7617928 -0.6058345
vn 0.1749553 0.9036 -0.3910214
vn -0.2751094 -0.8724399 -0.4039348
vn -0.1211329 -0.9015474 -0.4153782
vn -0.6698703 -0.4314572 -0.6042504
vn -0.8027572 -0.4198255 -0.4234708
vn -0.4449307 -0.8634309 -0.2377468
vn -0.4999319 -0.4481527 -0.7410987
vn -0.2769888 -0.4746008 -0.8354826
vn 0.03504276 -0.8866712 -0.4610706
vn 0.02377837 -0.4772549 -0.8784431
vn 0.1145859 -0.8531682 -0.5088949
vn 0.1641237 -0.4985041 -0.8512092
vn -0.00532093 -0.8140236 -0.5808074
vn 0.3261674 -0.6035433 -0.7275646
vn 0.1302251 -0.8366365 -0.5320533
vn 0.2665424 -0.6905199 -0.6724117
vn 0.102749 -0.9613549 -0.25542
vn 0.3547086 -0.2413607 -0.9032867
vn 0.4486627 -0.05636123 -0.8919222
vn -0.0190092 -0.9195497 -0.3925138
vn -0.03449316 -0.8948215 -0.4450897
vn 0.2449853 0.9228849 -0.2970954
vn 0.006403851 0.99997 0.004373205
vn 0.3067282 0.9233606 -0.2309176
vn 0.0895915 0.9957941 -0.01917239
vn -0.02160927 0.9985645 0.04900801
vn 0.09492653 0.9954013 -0.01285536
vn -0.01123177 0.9987025 0.04966955
vn 0.05374829 0.9982637 -0.02409985
vn 0.3795119 0.9114054 -0.1590936
vn 0.0140714 0.9998866 -0.005369389
vn 0.01904436 0.9998155 0.002503455
vn 0.4900534 0.8612698 -0.1343947
vn 0.03244108 0.9991272 -0.02631412
vn 0.5398521 0.837613 0.08345137
vn 0.9861518 -0.1524825 -0.06522074
vn 0.9743075 0.1514251 0.1667193
vn 0.5023262 0.8579471 0.107681
vn 0.9743075 0.1514251 0.1667193
vn 0.03342333 0.999321 -0.01550857
vn 0.03198498 0.9987274 0.0389938
vn 0.5537658 0.7928162 0.2545309
vn 0.971565 0.06686573 0.2271352
vn 0.01651458 0.9995733 0.02409153
vn 0.3803584 0.8400452 0.3868482
vn 0.01634698 0.99942 0.02987449
vn 0.6446071 -0.7498162 0.1491892
vn 0.6636463 -0.7341885 0.143321
vn 0.2671378 -0.9622123 0.05277163
vn 0.2575682 -0.9644289 0.05946063
vn 0.005863488 0.9991454 0.04091496
vn 0.2960944 0.8677971 0.3990693
vn 0.03435665 0.9994004 0.004315508
vn -0.05962239 0.8301692 0.5543143
vn 0.1261046 0.8652811 0.4851662
vn 0.5014559 -0.3180718 0.8045945
vn 0.7017713 -0.3823833 0.6010825
vn 0.3795404 -0.9103024 0.1652229
vn 0.4847296 -0.8357161 0.2581002
vn -0.05962239 0.8301692 0.5543143
vn 0.1261046 0.8652811 0.4851662
vn -0.09402765 -0.3481086 0.9327268
vn -0.05962239 0.8301692 0.5543143
vn -0.2759646 -0.3519687 0.8944057
vn -0.9018126 0.2540522 -0.349559
vn -0.9497383 -0.3045239 0.07254235
vn -0.6711914 -0.6932541 -0.2624897
vn -0.2294259 -0.7617928 -0.6058345
vn -0.007823986 -0.2736155 -0.9618073
vn -0.3451644 0.1602742 -0.9247561
vn 0.4196798 -0.8332482 0.3599531
vn 0.7017713 -0.3823833 0.6010825
vn 0.7719141 0.1412613 0.6198336
vn 0.255775 -0.2006188 -0.9456909
vn -0.003548792 -0.2085185 -0.978012
vn -0.2480159 -0.2335196 -0.9401898
vn -0.4512443 -0.03783966 -0.8915979
vn -0.2268286 -0.5390509 -0.8111553
vn -0.4077031 -0.5352235 -0.7398068
vn -0.02468986 -0.5072543 -0.8614427
vn -0.003548792 -0.2085185 -0.978012
vn -0.2268286 -0.5390509 -0.8111553
vn -0.2206784 -0.5222455 -0.823748
vn -0.386343 -0.5467508 -0.7428342
vn 0.1871264 -0.5215322 -0.8324589
vn -0.003548792 -0.2085185 -0.978012
vn 0.255775 -0.2006188 -0.9456909
vn 0.1921262 -0.5309551 -0.8253328
vn -0.03329536 -0.527526 -0.8488863
vn -0.2268286 -0.5390509 -0.8111553
vn 0.4333745 -0.4824764 -0.7611853
vn 0.4972275 -0.1791473 -0.8489235
vn 0.4976832 -0.001549012 -0.8673576
vn 0.06752463 -0.01945431 -0.9975279
vn 0.4599607 0.4411813 -0.7705811
vn 0.2437275 0.4284988 -0.8700493
vn 0.012859 0.484756 -0.8745549
vn 0.2602004 0.6092999 -0.7490323
vn 0.02227717 0.5948318 -0.8035414
vn -0.2196727 0.4589128 -0.8608966
vn -0.386343 -0.5467508 -0.7428342
vn -0.4385166 0.4100554 -0.7997236
vn -0.2100052 0.645211 -0.7345751
vn -0.4546993 0.5152954 -0.7264429
vn -0.6838831 0.2834699 -0.6722714
vn -0.6185495 0.5203344 -0.5887688
vn -0.8105781 0.3608476 -0.4612508
vn -0.7520409 0.5061752 -0.4221626
vn -0.4769564 -0.4182121 -0.7730532
vn -0.2610424 -0.4335294 -0.8625016
vn -0.644999 -0.4201393 -0.6383255
vn -0.4896937 -0.3929668 -0.7783169
vn -0.2688255 -0.4002562 -0.8760866
vn -0.669472 -0.3838904 -0.6359524
vn -0.7993428 -0.3880994 -0.4587265
vn 0.005234538 -0.4424378 -0.8967839
vn 0.02227717 0.5948318 -0.8035414
vn 0.008144612 -0.4059294 -0.9138682
vn 0.2873015 -0.4075897 -0.866792
vn 0.2753347 -0.4520224 -0.8484495
vn 0.1641237 -0.4985041 -0.8512092
vn 0.3261674 -0.6035433 -0.7275646
vn 0.02377837 -0.4772549 -0.8784431
vn -0.2769888 -0.4746008 -0.8354826
vn -0.4999319 -0.4481527 -0.7410987
vn -0.6698703 -0.4314572 -0.6042504
vn -0.8092564 -0.3773404 -0.4502424
vn -0.8027572 -0.4198255 -0.4234708
vn -0.8926048 -0.3897092 -0.2266793
vn -0.8987421 -0.3773618 -0.223295
vn -0.9154783 -0.4020163 0.0168054
vn -0.9206599 -0.3899082 0.01889424
vn -0.8242838 0.5279748 -0.2044474
vn -0.7520409 0.5061752 -0.4221626
vn -0.9226108 0.2756336 -0.2698433
vn -0.8105781 0.3608476 -0.4612508
vn -0.9288476 0.2567716 0.2670402
vn -0.8762504 0.4807508 0.03261628
vn -0.7976341 0.4107575 0.4416541
vn -0.8632218 0.4313714 0.2622346
vn -0.644999 -0.4201393 -0.6383255
vn -0.7993428 -0.3880994 -0.4587265
vn -0.9154783 -0.4020163 0.0168054
vn -0.8762504 0.4807508 0.03261628
vn -0.8242838 0.5279748 -0.2044474
vn -0.9154783 -0.4020163 0.0168054
vn -0.8676483 -0.4221046 0.2627054
vn -0.9206599 -0.3899082 0.01889424
vn -0.8676483 -0.4221046 0.2627054
vn -0.8772157 -0.40352 0.2601234
vn -0.8811207 -0.4205179 -0.2163125
vn -0.9057871 -0.4236456 0.008614457
vn -0.8987421 -0.3773618 -0.223295
vn -0.8027572 -0.4198255 -0.4234708
vn -0.8092564 -0.3773404 -0.4502424
vn -0.4449307 -0.8634309 -0.2377468
vn -0.8811207 -0.4205179 -0.2163125
vn -0.4846189 -0.8661114 -0.1224562
vn -0.8676483 -0.4221046 0.2627054
vn -0.8492251 0.3535871 0.3921644
vn -0.7867165 -0.4013368 0.4690478
vn -0.8772157 -0.40352 0.2601234
vn -0.7472901 -0.4282139 0.5081244
vn -0.7048197 0.4081737 0.5801926
vn -0.5414322 -0.5101715 0.6682636
vn -0.5541389 -0.467818 0.6885322
vn -0.4655146 0.4641123 0.7535887
vn -0.4152537 -0.4391737 0.7966749
vn -0.410982 -0.5057538 0.75849
vn -0.2191385 0.4957165 0.8403829
vn -0.3182447 -0.491366 0.810728
vn 0.01029371 0.4315754 0.9020181
vn -0.2517441 0.3743747 0.8924508
vn 0.02416754 0.4776646 0.8782098
vn -0.7558523 -0.4413537 0.4836261
vn -0.6033084 -0.5008814 0.6205939
vn -0.7472901 -0.4282139 0.5081244
vn -0.3182447 -0.491366 0.810728
vn -0.2191385 0.4957165 0.8403829
vn -0.02019964 -0.4204266 0.9071017
vn 0.2517731 0.5231182 0.8142221
vn 0.2396379 -0.4803291 0.8437166
vn 0.461881 0.4951198 0.735882
vn 0.4413097 -0.4788325 0.7589236
vn 0.2561625 -0.4097256 0.8755031
vn 0.4680427 -0.4048152 0.7855321
vn 0.619185 -0.4846163 0.6178648
vn 0.6534148 -0.400558 0.6423413
vn 0.6237887 -0.4593897 0.632336
vn 0.8000886 -0.3923113 0.4538172
vn 0.7818581 -0.4449864 0.4366747
vn 0.3238789 -0.8591652 0.3961535
vn 0.2771161 -0.4812483 0.831629
vn 0.4680427 -0.4048152 0.7855321
vn 0.2561625 -0.4097256 0.8755031
vn 0.1482181 -0.9538252 0.261245
vn 0.3238789 -0.8591652 0.3961535
vn 0.1121525 -0.9518582 0.2852856
vn 0.4196798 -0.8332482 0.3599531
vn 0.1121525 -0.9518582 0.2852856
vn 0.7017713 -0.3823833 0.6010825
vn 0.8943229 -0.3791104 0.2376172
vn 0.8000886 -0.3923113 0.4538172
vn 0.8695576 -0.434238 0.2351743
vn 0.4146087 -0.8812933 0.2267637
vn 0.4482394 -0.8860114 0.1185973
vn 0.2671378 -0.9622123 0.05277163
vn 0.4847296 -0.8357161 0.2581002
vn 0.8578867 -0.48617 0.1663408
vn 0.5980073 -0.7280087 0.3352469
vn 0.7635946 -0.6386045 -0.09543393
vn 0.9292092 -0.3688785 -0.02233966
vn 0.8695576 -0.434238 0.2351743
vn 0.8943229 -0.3791104 0.2376172
vn 0.6720241 -0.7369926 -0.07228863
vn 0.6258948 -0.70766 -0.3278309
vn 0.654539 -0.6871026 -0.3153866
vn 0.4749482 -0.8654871 0.1592367
vn 0.4847296 -0.8357161 0.2581002
vn 0.4749482 -0.8654871 0.1592367
vn 0.6258948 -0.70766 -0.3278309
vn 0.4712632 -0.8363908 -0.2799311
vn 0.4047226 -0.9005737 0.1586398
vn 0.4749482 -0.8654871 0.1592367
vn 0.3795404 -0.9103024 0.1652229
vn 0.9861518 -0.1524825 -0.06522074
vn 0.3795404 -0.9103024 0.1652229
vn 0.6540658 -0.7520285 -0.08155446
vn 0.8852207 0.1441204 -0.4422823
vn 0.6414036 -0.6757224 -0.3633191
vn 0.754492 0.2484386 -0.6074703
vn 0.5953225 -0.6301549 -0.4984938
vn 0.3446903 -0.6386093 -0.6880165
vn 0.4900534 0.8612698 -0.1343947
vn 0.8852207 0.1441204 -0.4422823
vn 0.9861518 -0.1524825 -0.06522074
vn 0.2449853 0.9228849 -0.2970954
vn 0.4486627 -0.05636123 -0.8919222
vn 0.754492 0.2484386 -0.6074703
vn -0.00532093 -0.8140236 -0.5808074
vn 0.1302251 -0.8366365 -0.5320533
vn -0.0190092 -0.9195497 -0.3925138
vn -0.4363693 0.4734281 -0.7651455
vn -0.7974644 0.3352069 -0.5016841
vn -0.4490872 0.3388997 -0.8267211
vn -0.7424577 0.4596901 -0.4872798
vn -0.8916171 0.4512377 -0.03746373
vn -0.9479808 0.3182378 -0.007555251
vn -0.7974644 0.3352069 -0.5016841
vn -0.7949353 0.3277602 0.5105399
vn -0.7611941 0.4459799 0.4708349
vn -0.4229496 0.3352208 0.8418673
vn -0.4147402 0.4687913 0.7798879
vn 0.009420318 0.1894847 0.9818385
vn -0.01054515 0.5038419 0.8637316
vn -0.9991094 0.04165475 0.006729521
vn -0.8423133 0.04541636 0.5370713
vn -0.8479018 0.04372269 -0.5283474
vn -0.4801387 0.04393503 -0.8760917
vn -0.8040633 -0.3427238 -0.4858217
vn -0.2530752 -0.8416529 -0.4770464
vn -0.4110171 -0.8686759 -0.2765267
vn -0.006552722 -0.9998877 0.01347304
vn -0.004294509 -0.9999846 0.003501255
vn 0.00216421 -0.9999777 0.006323375
vn -0.007238547 -0.9999363 0.008657581
vn -0.8423133 0.04541636 0.5370713
vn -0.7944888 -0.3189955 0.516749
vn -0.9991094 0.04165475 0.006729521
vn 0.8000886 -0.3923113 0.4538172
vn 0.8452705 -0.4848251 0.2246384
vn 0.7630536 -0.4812908 0.4314028
vn 0.881024 -0.4730673 0.002033915
vn 0.9292092 -0.3688785 -0.02233966
vn 0.860249 -0.4661476 -0.2065868
vn 0.7635946 -0.6386045 -0.09543393
vn 0.785179 -0.4623795 -0.4119456
vn 0.654539 -0.6871026 -0.3153866
vn 0.745299 0.5340288 -0.3991775
vn 0.8348013 0.5144191 -0.196163
vn 0.6336258 -0.4612071 -0.6211332
vn 0.512974 -0.6877276 -0.5137008
vn 0.5842298 0.5727674 -0.5749896
vn 0.4428848 0.5474777 -0.710015
vn 0.4695023 -0.4465416 -0.7616878
vn 0.3261674 -0.6035433 -0.7275646
vn 0.2753347 -0.4520224 -0.8484495
vn 0.2873015 -0.4075897 -0.866792
vn 0.2602004 0.6092999 -0.7490323
vn 0.2437275 0.4284988 -0.8700493
vn 0.4599607 0.4411813 -0.7705811
vn 0.02227717 0.5948318 -0.8035414
vn 0.005234538 -0.4424378 -0.8967839
vn 0.5842298 0.5727674 -0.5749896
vn 0.6393632 0.4448219 -0.6271748
vn 0.7629069 0.4842593 -0.4283293
vn 0.5842298 0.5727674 -0.5749896
vn 0.4428848 0.5474777 -0.710015
vn 0.6393632 0.4448219 -0.6271748
vn 0.426438 -0.5278324 -0.7345363
vn 0.6306301 -0.5089463 -0.5859004
vn 0.7629069 0.4842593 -0.4283293
vn 0.6393632 0.4448219 -0.6271748
vn 0.7451112 -0.508414 -0.4316534
vn 0.8966104 0.3799784 -0.2273902
vn 0.8234066 -0.5199847 -0.2271946
vn 0.9033501 0.4272805 0.03728534
vn 0.8234066 -0.5199847 -0.2271946
vn 0.6534148 -0.400558 0.6423413
vn 0.8000886 -0.3923113 0.4538172
vn 0.7630536 -0.4812908 0.4314028
vn 0.743628 0.5219606 0.4178211
vn 0.6203386 0.5523884 0.5568187
vn 0.8370262 0.4941223 0.2350111
vn 0.8452705 -0.4848251 0.2246384
vn 0.8879306 0.4599758 0.001260753
vn 0.881024 -0.4730673 0.002033915
vn 0.9033501 0.4272805 0.03728534
vn 0.8481317 0.4679694 0.2483488
vn 0.8966104 0.3799784 -0.2273902
vn 0.8348013 0.5144191 -0.196163
vn 0.860249 -0.4661476 -0.2065868
vn 0.7629069 0.4842593 -0.4283293
vn 0.745299 0.5340288 -0.3991775
vn -0.410982 -0.5057538 0.75849
vn -0.4152537 -0.4391737 0.7966749
vn -0.2742371 -0.4967745 0.8234131
vn -0.02019964 -0.4204266 0.9071017
vn -0.4111144 -0.6843078 0.6022522
vn -0.2212668 -0.7111307 0.6673336
vn -0.06619111 -0.4742853 0.8778794
vn 0.2396379 -0.4803291 0.8437166
vn 0.03397394 -0.5336297 0.8450356
vn 0.2771161 -0.4812483 0.831629
vn -0.1875016 -0.8041525 0.5640762
vn 0.02857135 -0.833182 0.5522603
vn -0.4111144 -0.6843078 0.6022522
vn -0.5541389 -0.467818 0.6885322
vn -0.4065522 -0.8635333 0.2983714
vn -0.3855597 -0.8389317 0.3841059
vn -0.476299 -0.8656146 0.1544365
vn -0.8665062 -0.4363103 0.2424877
vn -0.7472901 -0.4282139 0.5081244
vn -0.8772157 -0.40352 0.2601234
vn 0.6309465 -0.4892294 -0.6021305
vn 0.4333745 -0.4824764 -0.7611853
vn 0.4972275 -0.1791473 -0.8489235
vn 0.7085468 -0.1624467 -0.6867113
vn 0.764627 -0.4741877 -0.4364535
vn 0.8689204 -0.1273214 -0.4782956
vn 0.8434345 -0.4748231 0.2513194
vn 0.9577131 -0.1188115 0.2620486
vn 0.9038066 -0.4274538 0.02042093
vn 0.7647011 -0.4558907 0.4554074
vn 0.9577131 -0.1188115 0.2620486
vn 0.8565253 -0.1155686 0.5029994
vn 0.5877616 -0.515761 0.6233193
vn 0.6782088 -0.1449759 0.7204268
vn 0.4140019 -0.4857207 0.7698557
vn 0.4633456 -0.17103 0.8695169
vn 0.2089397 -0.5194886 0.8285383
vn 0.8509872 -0.4600706 0.2532903
vn 0.8661471 -0.4972568 0.05024821
vn 0.8434345 -0.4748231 0.2513194
vn 0.7529309 -0.4952434 0.4333926
vn 0.8434345 -0.4748231 0.2513194
vn 0.7647011 -0.4558907 0.4554074
vn 0.585115 -0.5069503 0.6329628
vn 0.7529309 -0.4952434 0.4333926
vn 0.5877616 -0.515761 0.6233193
vn 0.1200477 -0.4702948 0.8743063
vn 0.4140019 -0.4857207 0.7698557
vn 0.1200477 -0.4702948 0.8743063
vn 0.2125445 -0.4903563 0.8452075
vn 0.5452672 -0.4221175 0.7242241
vn 0.4413097 -0.4788325 0.7589236
vn 0.619185 -0.4846163 0.6178648
vn 0.6203386 0.5523884 0.5568187
vn 0.461881 0.4951198 0.735882
vn -0.9057871 -0.4236456 0.008614457
vn -0.8811207 -0.4205179 -0.2163125
vn -0.4988969 -0.8665392 0.01454881
vn -0.8665062 -0.4363103 0.2424877
vn -0.8772157 -0.40352 0.2601234
vn -0.476299 -0.8656146 0.1544365
vn -0.9497383 -0.3045239 0.07254235
vn -0.8725668 -0.2899115 0.3931649
vn -0.4065522 -0.8635333 0.2983714
vn -0.7835256 -0.3503208 0.5131891
vn -0.3855597 -0.8389317 0.3841059
vn -0.6711914 -0.6932541 -0.2624897
vn -0.7036701 -0.5829739 -0.4061896
vn -0.4449307 -0.8634309 -0.2377468
vn -0.9018126 0.2540522 -0.349559
vn -0.7755077 0.4159535 -0.4749427
vn -0.3604698 0.9023817 -0.2361542
vn -0.9018126 0.2540522 -0.349559
vn 0.3238789 -0.8591652 0.3961535
vn 0.4146087 -0.8812933 0.2267637
vn 0.7818581 -0.4449864 0.4366747
vn 0.6237887 -0.4593897 0.632336
vn 0.6035139 -0.7342132 0.3109694
vn 0.2575682 -0.9644289 0.05946063
vn 0.4146087 -0.8812933 0.2267637
vn 0.6446071 -0.7498162 0.1491892
vn 0.9001093 0.002478305 0.4356572
vn 0.7017713 -0.3823833 0.6010825
vn 0.2960944 0.8677971 0.3990693
vn 0.3803584 0.8400452 0.3868482
vn 0.7719141 0.1412613 0.6198336
vn 0.3803584 0.8400452 0.3868482
vn 0.9001093 0.002478305 0.4356572
vn 0.5537658 0.7928162 0.2545309
vn 0.4196798 -0.8332482 0.3599531
vn 0.6035139 -0.7342132 0.3109694
vn 0.4146087 -0.8812933 0.2267637
vn 0.1482181 -0.9538252 0.261245
vn 0.3238789 -0.8591652 0.3961535
vn 0.2671378 -0.9622123 0.05277163
vn 0.6636463 -0.7341885 0.143321
vn 0.6945584 -0.7186231 0.03419705
vn 0.9861518 -0.1524825 -0.06522074
vn 0.9743075 0.1514251 0.1667193
vn 0.6636463 -0.7341885 0.143321
vn -0.9984937 -0.04867562 -0.02531861
vn -0.8270267 0.2229481 0.516063
vn -0.9732656 0.2234459 -0.05315952
vn -0.8584473 -0.04074177 0.5112813
vn -0.4601285 0.2166174 0.8610219
vn -0.4882973 -0.03058824 0.8721411
vn 0.4619487 0.0341383 0.8862494
vn 0.8411533 0.1088284 0.5297335
vn 0.796761 0.286456 0.5320854
vn 0.4023278 0.2594447 0.877964
vn -0.003325886 -0.005515359 0.9999793
vn -0.01474703 0.2392694 0.9708412
vn 0.3777384 0.5258109 0.7621264
vn -0.01054515 0.5038419 0.8637316
vn 0.7060349 0.533325 0.4659176
vn 0.796761 0.286456 0.5320854
vn 0.5537658 0.7928162 0.2545309
vn 0.5023262 0.8579471 0.107681
vn 0.971565 0.06686573 0.2271352
vn 0.9001093 0.002478305 0.4356572
vn 0.743628 0.5219606 0.4178211
vn 0.8370262 0.4941223 0.2350111
vn 0.8481317 0.4679694 0.2483488
vn 0.7833136 0.4503046 0.4285389
vn 0.6203386 0.5523884 0.5568187
vn 0.631748 0.4433998 0.635839
vn 0.7833136 0.4503046 0.4285389
vn 0.7529309 -0.4952434 0.4333926
vn 0.585115 -0.5069503 0.6329628
vn 0.9033501 0.4272805 0.03728534
vn 0.8661471 -0.4972568 0.05024821
vn 0.8509872 -0.4600706 0.2532903
vn 0.7833136 0.4503046 0.4285389
vn 0.7529309 -0.4952434 0.4333926
vn 0.02227717 0.5948318 -0.8035414
vn -0.2196727 0.4589128 -0.8608966
vn 0.012859 0.484756 -0.8745549
vn -0.8492251 0.3535871 0.3921644
vn -0.7048197 0.4081737 0.5801926
vn -0.8537844 0.3166015 0.4132985
vn -0.8725802 0.3949104 0.2874885
vn -0.8632218 0.4313714 0.2622346
vn -0.7976341 0.4107575 0.4416541
vn -0.8913737 -0.3612287 0.2738007
vn -0.7504485 -0.4781562 0.4562825
vn -0.8537844 0.3166015 0.4132985
vn -0.4927075 -0.5229155 0.6955563
vn -0.8045284 -0.3452441 0.4832605
vn -0.9288476 0.2567716 0.2670402
vn -0.80393 -0.470357 0.3639516
vn -0.7679992 -0.565442 0.3007534
vn -0.808387 -0.4757874 0.3466077
vn -0.8211734 -0.5472823 0.1617294
vn -0.5405815 0.3482574 0.7658254
vn -0.4655146 0.4641123 0.7535887
vn -0.2517441 0.3743747 0.8924508
vn -0.2136037 -0.5170241 0.8288906
vn -0.2210609 -0.5571426 0.8004525
vn -0.4469492 -0.5250968 0.7242305
vn -0.003280239 -0.5203808 0.853928
vn 9.843631E-05 -0.4990529 0.8665715
vn 0.01029371 0.4315754 0.9020181
vn -0.8211734 -0.5472823 0.1617294
vn -0.9395223 -0.2500315 0.2340556
vn -0.7528607 -0.619938 -0.2210831
vn -0.8105781 0.3608476 -0.4612508
vn -0.9226108 0.2756336 -0.2698433
vn -0.7528607 -0.619938 -0.2210831
vn 0.2473227 0.4320598 0.8672692
vn 9.843631E-05 -0.4990529 0.8665715
vn 0.2473227 0.4320598 0.8672692
vn 0.2517731 0.5231182 0.8142221
vn 0.2517731 0.5231182 0.8142221
vn 0.5710817 0.4605029 0.6795608
vn 0.461881 0.4951198 0.735882
vn 0.5452672 -0.4221175 0.7242241
vn 0.4140019 -0.4857207 0.7698557
vn 0.2089397 -0.5194886 0.8285383
vn 0.2473227 0.4320598 0.8672692
vn 0.5452672 -0.4221175 0.7242241
vn 0.5710817 0.4605029 0.6795608
vn 0.2125445 -0.4903563 0.8452075
vn 0.2020893 0.4264212 0.8816603
vn 0.1200477 -0.4702948 0.8743063
vn 0.1171946 0.4160056 0.9017787
vn 0.585115 -0.5069503 0.6329628
vn 0.631748 0.4433998 0.635839
vn 0.461881 0.4951198 0.735882
vn 0.6203386 0.5523884 0.5568187
vn 0.631748 0.4433998 0.635839
vn 0.1171946 0.4160056 0.9017787
vn -0.4707526 -0.6689759 -0.5752071
vn -0.6133048 0.2276712 -0.756322
vn -0.7575389 0.4124578 -0.5059777
vn -0.6822507 -0.5494115 -0.4823701
vn 0.3985572 -0.8442352 -0.3583562
vn 0.1302251 -0.8366365 -0.5320533
vn 0.5105462 -0.706663 -0.4898674
vn 0.1302251 -0.8366365 -0.5320533
vn 0.5953225 -0.6301549 -0.4984938
vn -0.03449316 -0.8948215 -0.4450897
vn 0.6414036 -0.6757224 -0.3633191
vn 0.4712632 -0.8363908 -0.2799311
vn 0.6540658 -0.7520285 -0.08155446
vn 0.4047226 -0.9005737 0.1586398
vn 0.3985572 -0.8442352 -0.3583562
vn 0.5105462 -0.706663 -0.4898674
vn 0.6258948 -0.70766 -0.3278309
vn 0.654539 -0.6871026 -0.3153866
vn 0.512974 -0.6877276 -0.5137008
vn 0.5105462 -0.706663 -0.4898674
vn 0.2665424 -0.6905199 -0.6724117
vn 0.3261674 -0.6035433 -0.7275646
vn 0.102749 -0.9613549 -0.25542
vn -0.00532093 -0.8140236 -0.5808074
vn -0.0190092 -0.9195497 -0.3925138
vn 0.9118786 0.410007 -0.01928014
vn 0.870158 0.04194132 0.4909847
vn 0.7963966 0.4046797 0.4494294
vn -0.4471247 0.04696779 0.8932377
vn -0.7944888 -0.3189955 0.516749
vn -0.8423133 0.04541636 0.5370713
vn -0.4483993 -0.280002 0.8488445
vn 0.03712773 0.03824849 0.9985783
vn -0.4471247 0.04696779 0.8932377
vn -0.4385166 0.4100554 -0.7997236
vn -0.5683662 -0.5769246 -0.5866156
vn -0.386343 -0.5467508 -0.7428342
vn -0.6838831 0.2834699 -0.6722714
vn -0.7111803 -0.5714797 -0.4094306
vn 0.5710817 0.4605029 0.6795608
vn 0.461881 0.4951198 0.735882
vn 0.2020893 0.4264212 0.8816603
vn 0.1171946 0.4160056 0.9017787
vt 0.08029439 0.08029439
vt 0.13 0.04215391
vt 0.04215391 0.13
vt 0.25 0.01000001
vt 0.25 0.01000001
vt 0.13 0.04215391
vt 0.1878834 0.01817781
vt 0.13 0.04215391
vt 0.13 0.04215391
vt 0.1878834 0.01817781
vt 0.13 0.04215391
vt 0.1878834 0.01817781
vt 0.25 0.01000001
vt 0.25 0.01000001
vt 0.25 0.01000001
vt 0.3121166 0.01817781
vt 0.3121166 0.01817781
vt 0.3121166 0.01817781
vt 0.25 0.01000001
vt 0.3121166 0.01817781
vt 0.3700001 0.04215392
vt 0.3700001 0.04215392
vt 0.37 0.04215391
vt 0.37 0.04215391
vt 0.25 0.01000001
vt 0.4197056 0.08029438
vt 0.4578461 0.13
vt 0.4578461 0.13
vt 0.4197056 0.08029439
vt 0.4578462 0.13
vt 0.4818222 0.1878834
vt 0.49 0.25
vt 0.4818222 0.1878834
vt 0.4578462 0.13
vt 0.4818223 0.1878835
vt 0.49 0.25
vt 0.49 0.25
vt 0.49 0.25
vt 0.49 0.25
vt 0.49 0.25
vt 0.4818222 0.3121166
vt 0.49 0.25
vt 0.4818223 0.3121166
vt 0.4578461 0.37
vt 0.4578461 0.37
vt 0.4578461 0.37
vt 0.4578461 0.37
vt 0.49 0.25
vt 0.4578461 0.37
vt 0.4899999 0.2499999
vt 0.4578461 0.13
vt 0.4578461 0.13
vt 0.3699999 0.0421539
vt 0.25 0.01000001
vt 0.25 0.01000001
vt 0.13 0.04215391
vt 0.4197056 0.4197056
vt 0.3699999 0.457846
vt 0.4197056 0.4197056
vt 0.4578462 0.37
vt 0.4197056 0.4197056
vt 0.3699999 0.457846
vt 0.3121166 0.4818221
vt 0.25 0.4899999
vt 0.25 0.4899999
vt 0.1878834 0.4818221
vt 0.13 0.4578461
vt 0.13 0.4578461
vt 0.08029439 0.4197056
vt 0.13 0.4578461
vt 0.08029439 0.4197057
vt 0.13 0.4578461
vt 0.08029439 0.4197057
vt 0.04215391 0.37
vt 0.04215391 0.37
vt 0.01817781 0.3121165
vt 0.01817781 0.3121166
vt 0.01000001 0.25
vt 0.01000001 0.25
vt 0.04215391 0.37
vt 0.04215391 0.37
vt 0.01817781 0.3121166
vt 0.01000001 0.25
vt 0.01000001 0.25
vt 0.01000001 0.25
vt 0.04215391 0.37
vt 0.13 0.4578461
vt 0.04215391 0.37
vt 0.01000001 0.25
vt 0.01000001 0.25
vt 0.13 0.457846
vt 0.25 0.49
vt 0.25 0.4900001
vt 0.25 0.4899999
vt 0.13 0.4578461
vt 0.25 0.49
vt 0.01000001 0.25
vt 0.04215391 0.13
vt 0.04215391 0.13
vt 0.04215391 0.13
vt 0.01000001 0.25
vt 0.13 0.04215391
vt 0.13 0.04215391
vt 0.13 0.04215391
vt 0.04215391 0.13
vt 0.01000001 0.25
vt 0.04215391 0.37
vt 0.04215391 0.37
vt 0.13 0.457846
vt 0.13 0.4578461
vt 0.13 0.4578461
vt 0.04215391 0.3700001
vt 0.01 0.25
vt 0.04215391 0.13
vt 0.25 0.4900001
vt 0.13 0.4578461
vt 0.25 0.49
vt 0.13 0.04215391
vt 0.04215391 0.13
vt 0.13 0.04215391
vt 0.25 0.49
vt 0.25 0.49
vt 0.13 0.4578461
vt 0.25 0.49
vt 0.13 0.4578461
vt 0.04215391 0.37
vt 0.13 0.4578461
vt 0.04215391 0.37
vt 0.04215391 0.3700001
vt 0.13 0.4578461
vt 0.01 0.25
vt 0.01000001 0.25
vt 0.04215391 0.13
vt 0.04215391 0.13
vt 0.01000001 0.25
vt 0.07614079 0.25
vt 0.09943351 0.3369296
vt 0.13 0.4578461
vt 0.1630704 0.4005666
vt 0.25 0.49
vt 0.25 0.4238592
vt 0.2842796 0.3779332
vt 0.1972213 0.3414154
vt 0.1220668 0.2842796
vt 0.1585846 0.1972213
vt 0.0994335 0.1630704
vt 0.04215391 0.13
vt 0.2157204 0.1220668
vt 0.1630704 0.09943351
vt 0.1630704 0.09943351
vt 0.13 0.04215391
vt 0.13 0.04215391
vt 0.25 0.07614079
vt 0.25 0.01000001
vt 0.2157204 0.1220668
vt 0.13 0.04215391
vt 0.13 0.04215391
vt 0.04215391 0.13
vt 0.2157204 0.1220667
vt 0.3027787 0.1585846
vt 0.25 0.25
vt 0.1220668 0.2842796
vt 0.3414155 0.3027788
vt 0.2842796 0.3779333
vt 0.3779332 0.2157204
vt 0.4238592 0.25
vt 0.4005666 0.3369296
vt 0.3369296 0.4005665
vt 0.49 0.25
vt 0.4578461 0.37
vt 0.4578461 0.37
vt 0.49 0.25
vt 0.4578461 0.13
vt 0.4578461 0.13
vt 0.4578461 0.13
vt 0.4005665 0.1630704
vt 0.3779332 0.2157204
vt 0.37 0.04215391
vt 0.4578461 0.13
vt 0.37 0.04215391
vt 0.37 0.4578461
vt 0.25 0.4238593
vt 0.2842796 0.3779333
vt 0.37 0.4578461
vt 0.4578461 0.37
vt 0.37 0.4578461
vt 0.4578461 0.37
vt 0.37 0.4578461
vt 0.4578461 0.37
vt 0.49 0.25
vt 0.37 0.4578461
vt 0.49 0.25
vt 0.4580001 0.369846
vt 0.4578461 0.37
vt 0.4578461 0.37
vt 0.37 0.4578461
vt 0.3499023 0.4632313
vt 0.25 0.4900001
vt 0.3722787 0.4555674
vt 0.3722787 0.4555674
vt 0.25 0.49
vt 0.3499023 0.4632313
vt 0.25 0.49
vt 0.49 0.25
vt 0.4578461 0.13
vt 0.4578461 0.13
vt 0.3499023 0.4632313
vt 0.3722787 0.4555674
vt 0.3722787 0.4555674
vt 0.25 0.49
vt 0.3499023 0.4632313
vt 0.25 0.49
vt 0.25 0.49
vt 0.37 0.4578461
vt 0.37 0.4578461
vt 0.37 0.4578461
vt 0.3105367 0.4799147
vt 0.4197056 0.4197056
vt 0.37 0.4578461
vt 0.4197056 0.4197056
vt 0.4197056 0.4197056
vt 0.37 0.4578461
vt 0.457846 0.37
vt 0.457846 0.37
vt 0.4818222 0.3121166
vt 0.457846 0.37
vt 0.4197056 0.4197056
vt 0.4578461 0.37
vt 0.37 0.4578461
vt 0.4818222 0.3121166
vt 0.4818222 0.3121166
vt 0.4818222 0.3121166
vt 0.49 0.25
vt 0.4900001 0.25
vt 0.4818222 0.3121165
vt 0.4818222 0.1878834
vt 0.49 0.25
vt 0.4818222 0.1878834
vt 0.49 0.25
vt 0.4900001 0.25
vt 0.49 0.25
vt 0.4818222 0.3121166
vt 0.4818222 0.1878834
vt 0.4818222 0.1878834
vt 0.4818222 0.1878834
vt 0.4179351 0.2949981
vt 0.4238592 0.25
vt 0.4578461 0.13
vt 0.4578461 0.13
vt 0.4179351 0.2050019
vt 0.4197056 0.08029439
vt 0.4197056 0.08029439
vt 0.4005665 0.1630704
vt 0.3779332 0.2157204
vt 0.37 0.04215391
vt 0.3700001 0.04215391
vt 0.372937 0.127063
vt 0.3121166 0.01817781
vt 0.3121166 0.01817781
vt 0.3621185 0.2604671
vt 0.3418639 0.1848761
vt 0.3369296 0.0994335
vt 0.3189682 0.2315201
vt 0.3027787 0.1585846
vt 0.2759283 0.2050909
vt 0.3414155 0.3027788
vt 0.2949092 0.2759283
vt 0.25 0.25
vt 0.4005666 0.3369296
vt 0.2949981 0.08206491
vt 0.2604671 0.1378816
vt 0.2315201 0.1810318
vt 0.2050909 0.2240717
vt 0.25 0.01000001
vt 0.2240717 0.2949091
vt 0.26848 0.3189682
vt 0.1810318 0.26848
vt 0.3151239 0.3418639
vt 0.1848761 0.1581361
vt 0.2157204 0.1220668
vt 0.25 0.07614079
vt 0.1585846 0.1972213
vt 0.1378816 0.239533
vt 0.1878834 0.01817781
vt 0.25 0.01000001
vt 0.1878835 0.01817781
vt 0.1878835 0.01817781
vt 0.25 0.01
vt 0.25 0.01000001
vt 0.1878834 0.01817781
vt 0.13 0.0421539
vt 0.0994335 0.1630704
vt 0.0820649 0.205002
vt 0.127063 0.127063
vt 0.1630704 0.09943351
vt 0.2050019 0.0820649
vt 0.13 0.04215391
vt 0.1878834 0.01817781
vt 0.13 0.04215391
vt 0.08029439 0.08029439
vt 0.04215391 0.13
vt 0.08029439 0.08029439
vt 0.04215391 0.13
vt 0.08029439 0.08029439
vt 0.01817781 0.1878834
vt 0.13 0.0421539
vt 0.08029439 0.08029439
vt 0.1878834 0.01817781
vt 0.25 0.01
vt 0.25 0.01000001
vt 0.13 0.0421539
vt 0.08029438 0.08029438
vt 0.04215391 0.13
vt 0.04215391 0.13
vt 0.01817781 0.1878834
vt 0.01817781 0.1878834
vt 0.01346964 0.2236455
vt 0.01063776 0.2451558
vt 0.01000001 0.25
vt 0.01000001 0.25
vt 0.01817781 0.1878834
vt 0.01817781 0.1878834
vt 0.01063776 0.2451558
vt 0.01217813 0.2334554
vt 0.01000001 0.25
vt 0.01000001 0.25
vt 0.07614079 0.25
vt 0.01817781 0.3121166
vt 0.1220668 0.2842796
vt 0.0820649 0.2949981
vt 0.1581361 0.315124
vt 0.09943351 0.3369296
vt 0.1972213 0.3414154
vt 0.04215391 0.37
vt 0.127063 0.3729371
vt 0.239533 0.3621185
vt 0.08629087 0.4243069
vt 0.1630704 0.4005666
vt 0.13 0.4578461
vt 0.09746101 0.4328781
vt 0.13 0.4578461
vt 0.1878834 0.4818222
vt 0.13 0.4578461
vt 0.205002 0.4179352
vt 0.2842796 0.3779333
vt 0.25 0.49
vt 0.1878834 0.4818222
vt 0.25 0.4238593
vt 0.3071553 0.4824754
vt 0.372937 0.372937
vt 0.1878834 0.4818222
vt 0.1353638 0.4600679
vt 0.1530489 0.4673933
vt 0.1878834 0.4818222
vt 0.2949981 0.4179352
vt 0.37 0.4578461
vt 0.3369296 0.4005665
vt 0.4578461 0.37
vt 0.4197056 0.4197056
vt 0.37 0.4578461
vt 0.3105367 0.4799147
vt 0.1100352 0.4425266
vt 0.13 0.4578461
vt 0.4578461 0.37
vt 0.4197056 0.4197056
vt 0.457846 0.37
vt 0.4578461 0.37
vt 0.4818222 0.3121166
vt 0.3121166 0.01817781
vt 0.3700001 0.04215392
vt 0.3109059 0.01801842
vt 0.08029439 0.08029439
vt 0.04215391 0.13
vt 0.07869267 0.08152345
vt 0.303589 0.4829448
vt 0.3105367 0.4799147
vt 0.3019508 0.4831605
vt 0.01817781 0.1878834
vt 0.04215391 0.13
vt 0.08029439 0.08029439
vt 0.13 0.04215391
vt 0.08029439 0.08029439
vt 0.13 0.04215391
vt 0.04215391 0.13
vt 0.04215391 0.13
vt 0.08029439 0.08029439
vt 0.08029439 0.08029439
vt 0.13 0.04215391
vt 0.0181778 0.1878834
vt 0.04215391 0.13
vt 0.01817781 0.1878834
vt 0.0181778 0.1878834
vt 0.04215391 0.13
vt 0.08029439 0.08029439
vt 0.01000001 0.25
vt 0.01000001 0.25
vt 0.01000001 0.25
vt 0.04215391 0.13
vt 0.01000001 0.25
vt 0.0181778 0.1878834
vt 0.04215391 0.13
vt 0.0181778 0.1878834
vt 0.04215391 0.13
vt 0.08029439 0.08029439
vt 0.13 0.04215391
vt 0.13 0.04215391
vt 0.08029439 0.08029439
vt 0.13 0.04215391
vt 0.1878834 0.01817781
vt 0.1878834 0.01817781
vt 0.25 0.01000001
vt 0.25 0.01
vt 0.13 0.04215391
vt 0.08029439 0.08029439
vt 0.1878834 0.01817781
vt 0.13 0.0421539
vt 0.08029439 0.08029439
vt 0.1878834 0.01817781
vt 0.25 0.01000001
vt 0.04215391 0.13
vt 0.04215391 0.13
vt 0.04215391 0.13
vt 0.01817781 0.1878834
vt 0.01817781 0.1878834
vt 0.01817781 0.1878834
vt 0.01063776 0.2451558
vt 0.04215391 0.13
vt 0.08029438 0.08029438
vt 0.13 0.0421539
vt 0.1878834 0.01817781
vt 0.25 0.01000001
vt 0.25 0.01
vt 0.3121166 0.01817781
vt 0.3121166 0.01817781
vt 0.37 0.04215391
vt 0.37 0.04215391
vt 0.3121166 0.01817781
vt 0.25 0.01
vt 0.3121166 0.01817781
vt 0.25 0.01000001
vt 0.3700001 0.04215392
vt 0.3700001 0.04215392
vt 0.4197056 0.08029439
vt 0.4197056 0.08029438
vt 0.1878834 0.01817781
vt 0.25 0.01000001
vt 0.37 0.04215391
vt 0.3700001 0.04215392
vt 0.3121166 0.01817781
vt 0.37 0.04215391
vt 0.4197056 0.08029438
vt 0.37 0.04215391
vt 0.4197056 0.08029438
vt 0.4197056 0.08029439
vt 0.3121165 0.01817781
vt 0.37 0.04215391
vt 0.3121166 0.01817781
vt 0.25 0.01
vt 0.25 0.01000001
vt 0.25 0.01000001
vt 0.3121165 0.01817781
vt 0.3121166 0.01817781
vt 0.4197056 0.08029438
vt 0.4578461 0.13
vt 0.4578461 0.13
vt 0.4197056 0.08029439
vt 0.4578462 0.13
vt 0.4818222 0.1878834
vt 0.4818222 0.1878834
vt 0.4818222 0.1878834
vt 0.4899999 0.25
vt 0.49 0.25
vt 0.49 0.25
vt 0.4818222 0.3121166
vt 0.4818222 0.3121166
vt 0.4578461 0.37
vt 0.4818222 0.3121166
vt 0.4578461 0.37
vt 0.4578461 0.13
vt 0.4818222 0.1878834
vt 0.4578462 0.13
vt 0.4818222 0.3121166
vt 0.4818222 0.3121166
vt 0.4578462 0.37
vt 0.4197056 0.4197056
vt 0.4197057 0.4197057
vt 0.3699999 0.4578461
vt 0.37 0.457846
vt 0.4197056 0.4197056
vt 0.37 0.4578461
vt 0.3121165 0.4818221
vt 0.3121165 0.4818221
vt 0.3121165 0.4818221
vt 0.2499999 0.4899999
vt 0.25 0.4899999
vt 0.3207977 0.4782263
vt 0.4197056 0.4197056
vt 0.37 0.4578461
vt 0.4197056 0.4197056
vt 0.3121165 0.4818221
vt 0.3207977 0.4782263
vt 0.37 0.4578461
vt 0.303589 0.4829448
vt 0.37 0.4578461
vt 0.3105367 0.4799147
vt 0.1878834 0.4818222
vt 0.2499999 0.4899999
vt 0.1878834 0.4818222
vt 0.2499999 0.4899999
vt 0.1878834 0.4818222
vt 0.1530489 0.4673933
vt 0.13 0.4578462
vt 0.13 0.4578462
vt 0.1074323 0.4401854
vt 0.08567144 0.4195019
vt 0.13 0.4578462
vt 0.1878834 0.4818222
vt 0.1878834 0.4818222
vt 0.08029439 0.4197056
vt 0.04215391 0.37
vt 0.0421539 0.3699999
vt 0.08029439 0.4197056
vt 0.13 0.4578461
vt 0.08029439 0.4197056
vt 0.04215391 0.37
vt 0.04215391 0.3699999
vt 0.08029439 0.4197056
vt 0.08029439 0.4197056
vt 0.1100352 0.4425266
vt 0.09746101 0.4328781
vt 0.1100352 0.4425266
vt 0.07683647 0.4151992
vt 0.04215391 0.37
vt 0.04215391 0.37
vt 0.01817781 0.3121166
vt 0.01817781 0.3121166
vt 0.01000001 0.25
vt 0.08629087 0.4243069
vt 0.04215391 0.37
vt 0.09746101 0.4328781
vt 0.01000001 0.25
vt 0.01063776 0.2451558
vt 0.01817781 0.3121166
vt 0.01346964 0.2236455
vt 0.01000001 0.25
vt 0.01217813 0.2334554
vt 0.13 0.04215391
vt 0.25 0.01000001
vt 0.13 0.04215391
vt 0.25 0.01000001
vt 0.3699999 0.0421539
vt 0.37 0.04215391
vt 0.25 0.01000001
vt 0.4578461 0.13
vt 0.4578461 0.13
vt 0.49 0.25
vt 0.4899999 0.2499999
vt 0.4578461 0.37
vt 0.4578461 0.37
vt 0.37 0.04215391
vt 0.4578461 0.13
vt 0.25 0.01000001
vt 0.13 0.04215391
vt 0.25 0.01000001
vt 0.13 0.04215391
vt 0.25 0.01000001
vt 0.3369296 0.0994335
vt 0.25 0.07614079
vt 0.2157204 0.1220668
vt 0.3779332 0.2157204
vt 0.4578461 0.13
vt 0.4578461 0.13
vt 0.37 0.04215391
vt 0.2499999 0.4899999
vt 0.1878834 0.4818222
vt 0.25 0.4899999
vt 0.13 0.4578462
vt 0.13 0.4578462
vt 0.08029439 0.4197056
vt 0.08567144 0.4195019
vt 0.04215391 0.37
vt 0.0421539 0.3699999
vt 0.04215391 0.37
vt 0.08029439 0.4197057
vt 0.01817781 0.3121166
vt 0.01817781 0.3121166
vt 0.01817781 0.3121166
vt 0.01000001 0.25
vt 0.01000001 0.25
vt 0.01063776 0.2451558
vt 0.01817781 0.1878834
vt 0.01817781 0.1878834
vt 0.0181778 0.1878834
vt 0.0181778 0.1878834
vt 0.01000001 0.25
vt 0.04215391 0.13
vt 0.04215391 0.13
vt 0.01817781 0.3121166
vt 0.01817781 0.3121165
vt 0.04215391 0.37
vt 0.01817781 0.3121166
vt 0.01000001 0.25
vt 0.01817781 0.3121165
vt 0.01000001 0.25
vt 0.01817781 0.3121166
vt 0.04215391 0.37
vt 0.01817781 0.3121165
vt 0.04215391 0.37
vt 0.08029439 0.4197057
vt 0.08029439 0.4197057
vt 0.13 0.4578461
vt 0.08029439 0.4197057
vt 0.3121165 0.4818221
vt 0.2499999 0.4899999
vt 0.25 0.4899999
vt 0.25 0.4899999
vt 0.3121165 0.4818221
vt 0.1878834 0.4818221
vt 0.1878834 0.4818222
vt 0.13 0.4578461
vt 0.13 0.4578462
vt 0.13 0.4578461
vt 0.1878834 0.4818221
vt 0.08029439 0.4197057
vt 0.08029439 0.4197057
vt 0.08029439 0.4197056
vt 0.04215391 0.37
vt 0.04215391 0.37
vt 0.49 0.25
vt 0.49 0.25
vt 0.4818222 0.3121166
vt 0.4578462 0.37
vt 0.49 0.25
vt 0.4818222 0.3121165
vt 0.4578461 0.37
vt 0.4197057 0.4197057
vt 0.4578461 0.37
vt 0.4197056 0.4197056
vt 0.4818222 0.3121166
vt 0.457846 0.37
vt 0.49 0.25
vt 0.4818222 0.1878834
vt 0.457846 0.13
vt 0.4818222 0.1878834
vt 0.4197056 0.08029439
vt 0.4197056 0.08029439
vt 0.4578462 0.13
vt 0.4197056 0.08029439
vt 0.01817781 0.3121165
vt 0.01000001 0.25
vt 0.01000001 0.25
vt 0.01817781 0.3121166
vt 0.04215391 0.37
vt 0.04215391 0.37
vt 0.1878834 0.4818221
vt 0.1878834 0.4818221
vt 0.13 0.4578461
vt 0.25 0.4899999
vt 0.1878834 0.4818221
vt 0.25 0.4899999
vt 0.3121165 0.4818221
vt 0.3121166 0.4818221
vt 0.3699999 0.457846
vt 0.3699999 0.457846
vt 0.4197056 0.4197056
vt 0.1878834 0.4818222
vt 0.13 0.4578461
vt 0.1878834 0.4818221
vt 0.25 0.49
vt 0.1878834 0.4818221
vt 0.25 0.4899999
vt 0.3121165 0.4818221
vt 0.25 0.49
vt 0.3121165 0.4818221
vt 0.3555596 0.4638274
vt 0.3699999 0.457846
vt 0.3555596 0.4638274
vt 0.3699473 0.4578678
vt 0.3974809 0.446463
vt 0.37 0.457846
vt 0.3121165 0.4818221
vt 0.3121165 0.4818221
vt 0.3699999 0.4578461
vt 0.37 0.04215391
vt 0.3121165 0.01817781
vt 0.37 0.04215391
vt 0.4197056 0.08029439
vt 0.4197056 0.08029439
vt 0.4197056 0.08029439
vt 0.3700001 0.04215392
vt 0.4197056 0.08029439
vt 0.457846 0.13
vt 0.4578461 0.13
vt 0.4818222 0.1878834
vt 0.3121166 0.01817781
vt 0.25 0.01
vt 0.25 0.01000001
vt 0.3121166 0.01817781
vt 0.25 0.01000001
vt 0.25 0.01000001
vt 0.3121166 0.01817781
vt 0.3207977 0.4782263
vt 0.2499999 0.4899999
vt 0.25 0.4899999
vt 0.3121165 0.4818221
vt 0.25 0.4899999
vt 0.1878834 0.4818222
vt 0.2499999 0.4899999
vt 0.1878834 0.4818222
vt 0.25 0.4899999
vt 0.3105367 0.4799147
vt 0.37 0.4578461
vt 0.3071553 0.4824754
vt 0.3039723 0.4828944
vt 0.3071553 0.4824754
vt 0.25 0.4899999
vt 0.25 0.49
vt 0.303589 0.4829448
vt 0.25 0.4899999
vt 0.2499999 0.4899999
vt 0.3121165 0.4818221
vt 0.3207977 0.4782263
vt 0.1530489 0.4673933
vt 0.1353638 0.4600679
vt 0.125526 0.4544131
vt 0.09746101 0.4328781
vt 0.13 0.4578461
vt 0.1367083 0.4606248
vt 0.37 0.04215391
vt 0.4578461 0.13
vt 0.37 0.04215391
vt 0.4578461 0.13
vt 0.49 0.25
vt 0.49 0.25
vt 0.3699999 0.457846
vt 0.25 0.4899999
vt 0.25 0.49
vt 0.37 0.4578461
vt 0.4578461 0.37
vt 0.4578461 0.37
vt 0.37 0.4578461
vt 0.4578461 0.37
vt 0.25 0.4900001
vt 0.25 0.49
vt 0.25 0.49
vt 0.1878834 0.4818222
vt 0.1878834 0.4818221
vt 0.25 0.4899999
vt 0.25 0.4899999
vt 0.1878834 0.4818221
vt 0.1878834 0.4818221
vt 0.25 0.4899999
vt 0.3121165 0.4818221
vt 0.3121165 0.4818221
vt 0.25 0.4899999
vt 0.25 0.49
vt 0.3121165 0.4818221
vt 0.13 0.4578461
vt 0.13 0.4578461
vt 0.1878834 0.4818222
vt 0.25 0.4899999
vt 0.25 0.49
vt 0.04215391 0.13
vt 0.08029439 0.08029439
vt 0.04215391 0.13
vt 0.4578461 0.13
vt 0.4818222 0.1878834
vt 0.4818222 0.1878834
vt 0.4578462 0.13
vt 0.4197056 0.08029438
vt 0.4197056 0.08029439
vt 0.4578462 0.13
vt 0.4818223 0.1878835
vt 0.4818222 0.1878834
vt 0.49 0.25
vt 0.4197056 0.08029439
vt 0.3700001 0.04215392
vt 0.4578462 0.13
vt 0.3700001 0.04215392
vt 0.4197056 0.08029439
vt 0.3700001 0.04215392
vt 0.49 0.25
vt 0.4899999 0.25
vt 0.4818222 0.3121166
vt 0.4818222 0.3121166
vt 0.4818223 0.3121166
vt 0.49 0.25
vt 0.4578461 0.37
vt 0.4578462 0.37
vt 0.4578461 0.37
vt 0.3700001 0.04215392
vt 0.4197056 0.08029438
vt 0.3121166 0.01817781
vt 0.25 0.01000001
vt 0.3121166 0.01817781
vt 0.3121166 0.01817781
vt 0.4197056 0.4197056
vt 0.4578462 0.37
vt 0.4197056 0.4197056
vt 0.4197056 0.4197056
vt 0.4197056 0.4197056
vt 0.3975613 0.4366976
vt 0.3699999 0.4578461
vt 0.3977564 0.4365478
vt 0.3699999 0.457846
vt 0.4197056 0.4197056
vt 0.4197056 0.4197056
vt 0.3977564 0.4365478
vt 0.3975613 0.4366976
vt 0.36945 0.4557384
vt 0.371727 0.4544744
vt 0.3555596 0.4638274
vt 0.3559442 0.4636681
vt 0.3121165 0.4818221
vt 0.3121165 0.4818221
vt 0.3699999 0.4578461
vt 0.3121165 0.4818221
vt 0.3121165 0.4818221
vt 0.3559442 0.4636681
vt 0.13 0.0421539
vt 0.13 0.04215391
vt 0.1878834 0.01817781
vt 0.1878835 0.01817781
vt 0.01817781 0.3121166
vt 0.01000001 0.25
vt 0.01817781 0.3121165
vt 0.01000001 0.25
vt 0.01817781 0.3121166
vt 0.01000001 0.25
vt 0.04215391 0.37
vt 0.04215391 0.3699999
vt 0.07683647 0.4151992
vt 0.08029439 0.4197056
vt 0.01817781 0.3121166
vt 0.01817781 0.3121165
vt 0.04215391 0.37
vt 0.0421539 0.3699999
vt 0.01817781 0.3121166
vt 0.01817781 0.3121165
vt 0.01000001 0.25
vt 0.01063776 0.2451558
vt 0.01817781 0.1878834
vt 0.01346964 0.2236455
vt 0.01217813 0.2334554
vt 0.13 0.4578461
vt 0.25 0.49
vt 0.25 0.49
vt 0.49 0.25
vt 0.4578461 0.13
vt 0.4578461 0.13
vt 0.49 0.25
vt 0.4578461 0.37
vt 0.49 0.25
vt 0.13 0.04215391
vt 0.1878834 0.01817781
vt 0.13 0.04215391
vt 0.1878834 0.01817781
vt 0.25 0.01000001
vt 0.3975613 0.4366976
vt 0.3699999 0.4578461
vt 0.3721405 0.4562035
vt 0.3569471 0.4678618
usemtl MV_RockDesert
f 1/1/1 3/3/3 2/2/2
f 2/2/2 5/5/5 4/4/4
f 2/2/2 6/6/6 5/5/5
f 7/7/7 2/2/2 4/4/4
f 8/8/8 2/2/2 7/7/7
f 9/9/9 8/8/8 7/7/7
f 9/9/9 7/7/7 10/10/10
f 11/11/11 9/9/9 10/10/10
f 11/11/11 10/10/10 12/12/12
f 10/10/10 7/7/7 13/13/13
f 4/4/4 13/13/13 7/7/7
f 12/12/12 10/10/10 14/14/14
f 10/10/10 13/13/13 14/14/14
f 12/12/12 14/14/14 15/15/15
f 15/15/15 14/14/14 16/16/16
f 15/15/15 16/16/16 17/17/17
f 13/13/13 4/4/4 18/18/18
f 19/19/19 13/13/13 18/18/18
f 19/19/19 18/18/18 20/20/20
f 16/16/16 18/18/18 21/21/21
f 16/16/16 21/21/21 22/22/22
f 23/23/23 18/18/18 4/4/4
f 18/18/18 23/23/23 21/21/21
f 4/4/4 24/24/24 23/23/23
f 4/4/4 25/25/25 24/24/24
f 21/21/21 23/23/23 26/26/26
f 27/27/27 26/26/26 23/23/23
f 26/26/26 27/27/27 28/28/28
f 29/29/29 26/26/26 28/28/28
f 29/29/29 28/28/28 30/30/30
f 28/28/28 27/27/27 31/31/31
f 30/30/30 28/28/28 31/31/31
f 31/31/31 27/27/27 32/32/32
f 30/30/30 31/31/31 33/33/33
f 34/34/34 30/30/30 33/33/33
f 34/34/34 33/33/33 35/35/35
f 33/33/33 31/31/31 36/36/36
f 33/33/33 36/36/36 37/37/37
f 35/35/35 33/33/33 38/38/38
f 35/35/35 38/38/38 39/39/39
f 32/32/32 40/40/40 31/31/31
f 40/40/40 32/32/32 41/41/41
f 37/37/37 42/42/42 41/41/41
f 37/37/37 41/41/41 43/43/43
f 43/43/43 41/41/41 44/44/44
f 43/43/43 44/44/44 45/45/45
f 41/41/41 32/32/32 46/46/46
f 46/46/46 44/44/44 41/41/41
f 32/32/32 47/47/47 46/46/46
f 32/32/32 48/48/48 47/47/47
f 48/48/48 49/49/49 47/47/47
f 48/48/48 50/50/50 49/49/49
f 51/51/51 50/50/50 48/48/48
f 51/51/51 52/52/52 50/50/50
f 24/24/24 52/52/52 51/51/51
f 24/24/24 53/53/53 52/52/52
f 54/54/54 53/53/53 24/24/24
f 54/54/54 55/55/55 53/53/53
f 6/6/6 55/55/55 54/54/54
f 6/6/6 56/56/56 55/55/55
f 44/44/44 46/46/46 57/57/57
f 45/45/45 44/44/44 57/57/57
f 58/58/58 57/57/57 46/46/46
f 45/45/45 57/57/57 59/59/59
f 60/60/60 45/45/45 59/59/59
f 60/60/60 59/59/59 61/61/61
f 57/57/57 58/58/58 62/62/62
f 62/62/62 58/58/58 63/63/63
f 64/64/64 63/63/63 58/58/58
f 63/63/63 64/64/64 65/65/65
f 65/65/65 64/64/64 66/66/66
f 66/66/66 64/64/64 67/67/67
f 67/67/67 68/68/68 66/66/66
f 68/68/68 67/67/67 69/69/69
f 70/70/70 68/68/68 69/69/69
f 70/70/70 69/69/69 71/71/71
f 72/72/72 70/70/70 71/71/71
f 72/72/72 71/71/71 73/73/73
f 73/73/73 71/71/71 74/74/74
f 73/73/73 74/74/74 75/75/75
f 75/75/75 74/74/74 76/76/76
f 75/75/75 76/76/76 77/77/77
f 77/77/77 76/76/76 78/78/78
f 77/77/77 78/78/78 79/79/79
f 71/71/71 80/80/80 74/74/74
f 71/71/71 69/69/69 80/80/80
f 81/81/81 80/80/80 69/69/69
f 69/69/69 67/67/67 81/81/81
f 80/80/80 81/81/81 82/82/82
f 82/82/82 81/81/81 83/83/83
f 83/83/83 84/84/84 82/82/82
f 81/81/81 85/85/85 83/83/83
f 81/81/81 86/86/86 85/85/85
f 67/67/67 86/86/86 81/81/81
f 67/67/67 87/87/87 86/86/86
f 87/87/87 88/88/88 86/86/86
f 86/86/86 88/88/88 89/89/89
f 86/86/86 89/89/89 90/90/90
f 87/87/87 91/91/91 88/88/88
f 92/92/92 91/91/91 87/87/87
f 92/92/92 93/93/93 91/91/91
f 94/94/94 95/95/95 67/67/67
f 94/94/94 96/96/96 95/95/95
f 97/97/97 90/90/90 98/98/98
f 97/97/97 98/98/98 99/99/99
f 90/90/90 100/100/100 98/98/98
f 90/90/90 101/101/101 100/100/100
f 99/99/99 98/98/98 6/6/6
f 99/99/99 6/6/6 102/102/102
f 98/98/98 100/100/100 56/56/56
f 98/98/98 56/56/56 103/103/103
f 100/100/100 104/104/104 56/56/56
f 100/100/100 105/105/105 104/104/104
f 101/101/101 105/105/105 100/100/100
f 101/101/101 106/106/106 105/105/105
f 107/107/107 106/106/106 101/101/101
f 107/107/107 108/108/108 106/106/106
f 109/109/109 108/108/108 107/107/107
f 109/109/109 110/110/110 108/108/108
f 108/108/108 110/110/110 111/111/111
f 106/106/106 108/108/108 112/112/112
f 108/108/108 111/111/111 112/112/112
f 106/106/106 112/112/112 113/113/113
f 105/105/105 106/106/106 113/113/113
f 105/105/105 113/113/113 114/114/114
f 115/115/115 116/116/116 109/109/109
f 115/115/115 117/117/117 116/116/116
f 118/118/118 105/105/105 119/119/119
f 118/118/118 119/119/119 120/120/120
f 111/111/111 122/122/122 121/121/121
f 111/111/111 121/121/121 123/123/123
f 123/123/123 121/121/121 124/124/124
f 123/123/123 124/124/124 125/125/125
f 126/126/126 127/127/127 125/125/125
f 126/126/126 125/125/125 128/128/128
f 129/129/129 127/127/127 126/126/126
f 129/129/129 130/130/130 127/127/127
f 131/131/131 129/129/129 126/126/126
f 131/131/131 126/126/126 132/132/132
f 132/132/132 126/126/126 128/128/128
f 133/133/133 131/131/131 132/132/132
f 133/133/133 132/132/132 134/134/134
f 132/132/132 128/128/128 135/135/135
f 134/134/134 132/132/132 135/135/135
f 128/128/128 136/136/136 135/135/135
f 128/128/128 137/137/137 136/136/136
f 138/138/138 137/137/137 128/128/128
f 138/138/138 139/139/139 137/137/137
f 139/139/139 138/138/138 140/140/140
f 139/139/139 140/140/140 141/141/141
f 139/139/139 141/141/141 142/142/142
f 139/139/139 142/142/142 143/143/143
f 137/137/137 139/139/139 143/143/143
f 136/136/136 137/137/137 144/144/144
f 137/137/137 143/143/143 144/144/144
f 136/136/136 144/144/144 145/145/145
f 146/146/146 135/135/135 136/136/136
f 136/136/136 145/145/145 146/146/146
f 134/134/134 135/135/135 147/147/147
f 146/146/146 147/147/147 135/135/135
f 146/146/146 145/145/145 148/148/148
f 146/146/146 148/148/148 149/149/149
f 150/150/150 147/147/147 146/146/146
f 151/151/151 134/134/134 147/147/147
f 150/150/150 152/152/152 147/147/147
f 151/151/151 147/147/147 152/152/152
f 152/152/152 150/150/150 153/153/153
f 152/152/152 153/153/153 154/154/154
f 150/150/150 155/155/155 153/153/153
f 156/156/156 134/134/134 157/157/157
f 156/156/156 158/158/158 134/134/134
f 145/145/145 160/160/160 159/159/159
f 145/145/145 161/161/161 160/160/160
f 162/162/162 161/161/161 145/145/145
f 162/162/162 143/143/143 161/161/161
f 143/143/143 163/163/163 161/161/161
f 143/143/143 164/164/164 163/163/163
f 161/161/161 165/165/165 160/160/160
f 161/161/161 163/163/163 165/165/165
f 163/163/163 166/166/166 165/165/165
f 164/164/164 167/167/167 163/163/163
f 163/163/163 167/167/167 166/166/166
f 164/164/164 168/168/168 167/167/167
f 167/167/167 169/169/169 166/166/166
f 170/170/170 167/167/167 168/168/168
f 167/167/167 170/170/170 169/169/169
f 171/171/171 169/169/169 170/170/170
f 171/171/171 172/172/172 169/169/169
f 172/172/172 173/173/173 169/169/169
f 172/172/172 174/174/174 173/173/173
f 175/175/175 166/166/166 169/169/169
f 175/175/175 176/176/176 166/166/166
f 177/177/177 166/166/166 176/176/176
f 176/176/176 175/175/175 178/178/178
f 179/179/179 178/178/178 175/175/175
f 179/179/179 180/180/180 178/178/178
f 170/170/170 168/168/168 181/181/181
f 182/182/182 181/181/181 168/168/168
f 182/182/182 168/168/168 183/183/183
f 182/182/182 140/140/140 181/181/181
f 184/184/184 170/170/170 181/181/181
f 184/184/184 185/185/185 170/170/170
f 186/186/186 185/185/185 184/184/184
f 186/186/186 187/187/187 185/185/185
f 188/188/188 187/187/187 186/186/186
f 188/188/188 189/189/189 187/187/187
f 189/189/189 190/190/190 187/187/187
f 189/189/189 188/188/188 191/191/191
f 189/189/189 192/192/192 190/190/190
f 189/189/189 193/193/193 192/192/192
f 189/189/189 191/191/191 194/194/194
f 195/195/195 194/194/194 191/191/191
f 195/195/195 191/191/191 196/196/196
f 196/196/196 191/191/191 197/197/197
f 196/196/196 197/197/197 198/198/198
f 191/191/191 199/199/199 197/197/197
f 197/197/197 199/199/199 200/200/200
f 198/198/198 197/197/197 201/201/201
f 197/197/197 200/200/200 202/202/202
f 201/201/201 197/197/197 202/202/202
f 201/201/201 202/202/202 203/203/203
f 192/192/192 205/205/205 204/204/204
f 192/192/192 206/206/206 205/205/205
f 202/202/202 208/208/208 207/207/207
f 202/202/202 209/209/209 208/208/208
f 210/210/210 202/202/202 211/211/211
f 210/210/210 211/211/211 212/212/212
f 212/212/212 211/211/211 213/213/213
f 213/213/213 211/211/211 184/184/184
f 213/213/213 184/184/184 214/214/214
f 215/215/215 217/217/217 216/216/216
f 218/218/218 215/215/215 219/219/219
f 218/218/218 220/220/220 215/215/215
f 215/215/215 220/220/220 221/221/221
f 215/215/215 221/221/221 222/222/222
f 223/223/223 220/220/220 218/218/218
f 223/223/223 224/224/224 220/220/220
f 225/225/225 224/224/224 223/223/223
f 220/220/220 226/226/226 221/221/221
f 220/220/220 224/224/224 226/226/226
f 226/226/226 227/227/227 221/221/221
f 226/226/226 228/228/228 227/227/227
f 221/221/221 227/227/227 229/229/229
f 221/221/221 229/229/229 222/222/222
f 224/224/224 230/230/230 226/226/226
f 224/224/224 231/231/231 230/230/230
f 225/225/225 232/232/232 224/224/224
f 231/231/231 233/233/233 230/230/230
f 231/231/231 234/234/234 233/233/233
f 233/233/233 235/235/235 230/230/230
f 234/234/234 236/236/236 233/233/233
f 233/233/233 237/237/237 235/235/235
f 236/236/236 237/237/237 233/233/233
f 236/236/236 238/238/238 237/237/237
f 239/239/239 232/232/232 225/225/225
f 239/239/239 240/240/240 232/232/232
f 241/241/241 239/239/239 225/225/225
f 241/241/241 225/225/225 242/242/242
f 243/243/243 240/240/240 239/239/239
f 243/243/243 244/244/244 240/240/240
f 245/245/245 239/239/239 241/241/241
f 245/245/245 243/243/243 239/239/239
f 246/246/246 241/241/241 242/242/242
f 247/247/247 245/245/245 241/241/241
f 246/246/246 247/247/247 241/241/241
f 248/248/248 243/243/243 245/245/245
f 248/248/248 249/249/249 243/243/243
f 247/247/247 250/250/250 245/245/245
f 250/250/250 248/248/248 245/245/245
f 251/251/251 249/249/249 248/248/248
f 251/251/251 252/252/252 249/249/249
f 250/250/250 253/253/253 248/248/248
f 253/253/253 251/251/251 248/248/248
f 254/254/254 250/250/250 247/247/247
f 254/254/254 253/253/253 250/250/250
f 255/255/255 252/252/252 251/251/251
f 255/255/255 256/256/256 252/252/252
f 253/253/253 257/257/257 251/251/251
f 257/257/257 255/255/255 251/251/251
f 258/258/258 256/256/256 255/255/255
f 258/258/258 259/259/259 256/256/256
f 260/260/260 254/254/254 247/247/247
f 260/260/260 247/247/247 246/246/246
f 261/261/261 253/253/253 254/254/254
f 261/261/261 257/257/257 253/253/253
f 257/257/257 262/262/262 255/255/255
f 262/262/262 258/258/258 255/255/255
f 263/263/263 254/254/254 260/260/260
f 263/263/263 261/261/261 254/254/254
f 264/264/264 257/257/257 261/261/261
f 264/264/264 262/262/262 257/257/257
f 265/265/265 261/261/261 263/263/263
f 265/265/265 264/264/264 261/261/261
f 266/266/266 260/260/260 246/246/246
f 267/267/267 263/263/263 260/260/260
f 267/267/267 260/260/260 266/266/266
f 268/268/268 265/265/265 263/263/263
f 268/268/268 263/263/263 267/267/267
f 266/266/266 246/246/246 269/269/269
f 269/269/269 246/246/246 242/242/242
f 262/262/262 270/270/270 258/258/258
f 271/271/271 262/262/262 264/264/264
f 271/271/271 270/270/270 262/262/262
f 272/272/272 264/264/264 265/265/265
f 272/272/272 271/271/271 264/264/264
f 273/273/273 265/265/265 268/268/268
f 273/273/273 272/272/272 265/265/265
f 270/270/270 274/274/274 258/258/258
f 275/275/275 268/268/268 267/267/267
f 276/276/276 267/267/267 266/266/266
f 275/275/275 267/267/267 276/276/276
f 277/277/277 273/273/273 268/268/268
f 277/277/277 268/268/268 275/275/275
f 276/276/276 266/266/266 278/278/278
f 278/278/278 266/266/266 269/269/269
f 279/279/279 271/271/271 272/272/272
f 280/280/280 270/270/270 271/271/271
f 279/279/279 280/280/280 271/271/271
f 270/270/270 281/281/281 274/274/274
f 280/280/280 281/281/281 270/270/270
f 282/282/282 272/272/272 273/273/273
f 282/282/282 279/279/279 272/272/272
f 283/283/283 273/273/273 277/277/277
f 283/283/283 282/282/282 273/273/273
f 281/281/281 284/284/284 274/274/274
f 284/284/284 285/285/285 274/274/274
f 284/284/284 286/286/286 285/285/285
f 287/287/287 285/285/285 286/286/286
f 287/287/287 288/288/288 285/285/285
f 287/287/287 289/289/289 288/288/288
f 287/287/287 290/290/290 289/289/289
f 291/291/291 290/290/290 287/287/287
f 292/292/292 279/279/279 282/282/282
f 293/293/293 282/282/282 283/283/283
f 293/293/293 292/292/292 282/282/282
f 292/292/292 294/294/294 279/279/279
f 294/294/294 280/280/280 279/279/279
f 294/294/294 295/295/295 280/280/280
f 295/295/295 281/281/281 280/280/280
f 295/295/295 296/296/296 281/281/281
f 281/281/281 296/296/296 284/284/284
f 296/296/296 297/297/297 284/284/284
f 296/296/296 295/295/295 297/297/297
f 297/297/297 298/298/298 284/284/284
f 297/297/297 299/299/299 298/298/298
f 295/295/295 300/300/300 297/297/297
f 295/295/295 294/294/294 300/300/300
f 300/300/300 299/299/299 297/297/297
f 294/294/294 292/292/292 301/301/301
f 294/294/294 301/301/301 300/300/300
f 300/300/300 302/302/302 299/299/299
f 301/301/301 302/302/302 300/300/300
f 301/301/301 303/303/303 302/302/302
f 304/304/304 299/299/299 302/302/302
f 304/304/304 291/291/291 299/299/299
f 292/292/292 305/305/305 301/301/301
f 305/305/305 303/303/303 301/301/301
f 292/292/292 293/293/293 305/305/305
f 304/304/304 306/306/306 291/291/291
f 291/291/291 306/306/306 290/290/290
f 303/303/303 307/307/307 304/304/304
f 304/304/304 307/307/307 306/306/306
f 306/306/306 308/308/308 290/290/290
f 290/290/290 308/308/308 309/309/309
f 290/290/290 309/309/309 310/310/310
f 306/306/306 311/311/311 308/308/308
f 307/307/307 311/311/311 306/306/306
f 307/307/307 312/312/312 311/311/311
f 313/313/313 312/312/312 307/307/307
f 303/303/303 313/313/313 307/307/307
f 313/313/313 314/314/314 312/312/312
f 315/315/315 314/314/314 313/313/313
f 303/303/303 315/315/315 313/313/313
f 315/315/315 316/316/316 314/314/314
f 317/317/317 316/316/316 315/315/315
f 317/317/317 318/318/318 316/316/316
f 318/318/318 317/317/317 319/319/319
f 318/318/318 319/319/319 320/320/320
f 303/303/303 321/321/321 315/315/315
f 322/322/322 321/321/321 303/303/303
f 305/305/305 322/322/322 303/303/303
f 323/323/323 321/321/321 322/322/322
f 323/323/323 324/324/324 321/321/321
f 325/325/325 324/324/324 323/323/323
f 326/326/326 322/322/322 305/305/305
f 326/326/326 323/323/323 322/322/322
f 293/293/293 326/326/326 305/305/305
f 293/293/293 327/327/327 326/326/326
f 327/327/327 293/293/293 283/283/283
f 327/327/327 328/328/328 326/326/326
f 327/327/327 283/283/283 329/329/329
f 329/329/329 283/283/283 277/277/277
f 327/327/327 330/330/330 328/328/328
f 330/330/330 327/327/327 329/329/329
f 329/329/329 277/277/277 331/331/331
f 331/331/331 277/277/277 275/275/275
f 330/330/330 329/329/329 332/332/332
f 332/332/332 329/329/329 331/331/331
f 331/331/331 275/275/275 333/333/333
f 333/333/333 275/275/275 276/276/276
f 330/330/330 334/334/334 328/328/328
f 330/330/330 332/332/332 334/334/334
f 332/332/332 331/331/331 335/335/335
f 335/335/335 331/331/331 333/333/333
f 333/333/333 276/276/276 336/336/336
f 336/336/336 276/276/276 278/278/278
f 332/332/332 337/337/337 334/334/334
f 332/332/332 335/335/335 337/337/337
f 335/335/335 333/333/333 338/338/338
f 338/338/338 333/333/333 336/336/336
f 335/335/335 339/339/339 337/337/337
f 335/335/335 338/338/338 339/339/339
f 339/339/339 340/340/340 337/337/337
f 339/339/339 341/341/341 340/340/340
f 338/338/338 342/342/342 339/339/339
f 342/342/342 343/343/343 339/339/339
f 338/338/338 336/336/336 344/344/344
f 338/338/338 344/344/344 342/342/342
f 336/336/336 278/278/278 345/345/345
f 344/344/344 336/336/336 345/345/345
f 344/344/344 346/346/346 342/342/342
f 342/342/342 347/347/347 343/343/343
f 344/344/344 348/348/348 346/346/346
f 344/344/344 345/345/345 348/348/348
f 348/348/348 349/349/349 346/346/346
f 345/345/345 278/278/278 350/350/350
f 278/278/278 269/269/269 350/350/350
f 351/351/351 343/343/343 347/347/347
f 351/351/351 352/352/352 343/343/343
f 351/351/351 353/353/353 352/352/352
f 351/351/351 354/354/354 353/353/353
f 348/348/348 355/355/355 349/349/349
f 355/355/355 356/356/356 349/349/349
f 348/348/348 345/345/345 357/357/357
f 348/348/348 357/357/357 355/355/355
f 345/345/345 350/350/350 357/357/357
f 355/355/355 357/357/357 356/356/356
f 350/350/350 269/269/269 358/358/358
f 269/269/269 242/242/242 358/358/358
f 350/350/350 358/358/358 359/359/359
f 357/357/357 350/350/350 359/359/359
f 357/357/357 359/359/359 356/356/356
f 359/359/359 360/360/360 356/356/356
f 361/361/361 356/356/356 360/360/360
f 359/359/359 218/218/218 360/360/360
f 353/353/353 363/363/363 362/362/362
f 364/364/364 218/218/218 365/365/365
f 364/364/364 366/366/366 218/218/218
f 242/242/242 366/366/366 367/367/367
f 242/242/242 368/368/368 366/366/366
f 369/369/369 371/371/371 370/370/370
f 372/372/372 374/374/374 373/373/373
f 375/375/375 377/377/377 376/376/376
f 99/99/99 379/379/379 378/378/378
f 379/379/379 99/99/99 380/380/380
f 381/381/381 8/8/8 380/380/380
f 382/382/382 380/380/380 8/8/8
f 382/382/382 8/8/8 383/383/383
f 384/384/384 385/385/385 380/380/380
f 384/384/384 380/380/380 386/386/386
f 387/387/387 386/386/386 383/383/383
f 387/387/387 383/383/383 388/388/388
f 389/389/389 390/390/390 384/384/384
f 389/389/389 391/391/391 390/390/390
f 392/392/392 389/389/389 384/384/384
f 392/392/392 384/384/384 393/393/393
f 393/393/393 384/384/384 394/394/394
f 393/393/393 394/394/394 387/387/387
f 395/395/395 391/391/391 389/389/389
f 395/395/395 396/396/396 391/391/391
f 396/396/396 397/397/397 391/391/391
f 391/391/391 397/397/397 398/398/398
f 79/79/79 395/395/395 389/389/389
f 79/79/79 389/389/389 392/392/392
f 399/399/399 79/79/79 392/392/392
f 400/400/400 392/392/392 393/393/393
f 399/399/399 392/392/392 400/400/400
f 400/400/400 393/393/393 401/401/401
f 401/401/401 393/393/393 387/387/387
f 402/402/402 400/400/400 401/401/401
f 402/402/402 401/401/401 403/403/403
f 401/401/401 387/387/387 404/404/404
f 404/404/404 387/387/387 405/405/405
f 404/404/404 405/405/405 406/406/406
f 407/407/407 404/404/404 406/406/406
f 407/407/407 406/406/406 408/408/408
f 408/408/408 406/406/406 409/409/409
f 408/408/408 409/409/409 410/410/410
f 410/410/410 409/409/409 411/411/411
f 410/410/410 411/411/411 412/412/412
f 413/413/413 408/408/408 410/410/410
f 414/414/414 407/407/407 408/408/408
f 414/414/414 408/408/408 413/413/413
f 413/413/413 410/410/410 415/415/415
f 416/416/416 413/413/413 415/415/415
f 417/417/417 414/414/414 413/413/413
f 417/417/417 413/413/413 416/416/416
f 416/416/416 415/415/415 418/418/418
f 418/418/418 415/415/415 419/419/419
f 420/420/420 407/407/407 414/414/414
f 420/420/420 421/421/421 407/407/407
f 422/422/422 420/420/420 414/414/414
f 422/422/422 414/414/414 417/417/417
f 423/423/423 420/420/420 422/422/422
f 423/423/423 424/424/424 420/420/420
f 425/425/425 423/423/423 422/422/422
f 426/426/426 423/423/423 425/425/425
f 425/425/425 422/422/422 427/427/427
f 427/427/427 422/422/422 417/417/417
f 427/427/427 417/417/417 428/428/428
f 428/428/428 417/417/417 416/416/416
f 428/428/428 416/416/416 429/429/429
f 429/429/429 416/416/416 418/418/418
f 429/429/429 418/418/418 430/430/430
f 430/430/430 418/418/418 431/431/431
f 430/430/430 431/431/431 432/432/432
f 418/418/418 419/419/419 431/431/431
f 431/431/431 419/419/419 433/433/433
f 431/431/431 433/433/433 434/434/434
f 434/434/434 433/433/433 435/435/435
f 434/434/434 435/435/435 436/436/436
f 419/419/419 437/437/437 433/433/433
f 419/419/419 438/438/438 437/437/437
f 438/438/438 439/439/439 437/437/437
f 438/438/438 440/440/440 439/439/439
f 437/437/437 439/439/439 441/441/441
f 437/437/437 441/441/441 442/442/442
f 442/442/442 441/441/441 443/443/443
f 442/442/442 443/443/443 444/444/444
f 445/445/445 438/438/438 446/446/446
f 445/445/445 410/410/410 438/438/438
f 433/433/433 448/448/448 447/447/447
f 433/433/433 449/449/449 448/448/448
f 450/450/450 448/448/448 444/444/444
f 450/450/450 444/444/444 451/451/451
f 452/452/452 450/450/450 453/453/453
f 452/452/452 453/453/453 454/454/454
f 455/455/455 452/452/452 456/456/456
f 455/455/455 457/457/457 452/452/452
f 458/458/458 457/457/457 455/455/455
f 458/458/458 459/459/459 457/457/457
f 460/460/460 458/458/458 461/461/461
f 460/460/460 461/461/461 462/462/462
f 463/463/463 444/444/444 464/464/464
f 463/463/463 464/464/464 465/465/465
f 466/466/466 463/463/463 465/465/465
f 466/466/466 465/465/465 467/467/467
f 465/465/465 464/464/464 468/468/468
f 467/467/467 465/465/465 469/469/469
f 465/465/465 468/468/468 469/469/469
f 467/467/467 469/469/469 470/470/470
f 469/469/469 468/468/468 471/471/471
f 469/469/469 471/471/471 472/472/472
f 470/470/470 469/469/469 472/472/472
f 470/470/470 472/472/472 473/473/473
f 472/472/472 471/471/471 474/474/474
f 472/472/472 474/474/474 475/475/475
f 474/474/474 477/477/477 476/476/476
f 474/474/474 476/476/476 478/478/478
f 479/479/479 470/470/470 480/480/480
f 479/479/479 481/481/481 470/470/470
f 482/482/482 483/483/483 478/478/478
f 482/482/482 478/478/478 484/484/484
f 484/484/484 478/478/478 485/485/485
f 484/484/484 485/485/485 486/486/486
f 486/486/486 485/485/485 487/487/487
f 486/486/486 487/487/487 488/488/488
f 489/489/489 486/486/486 488/488/488
f 489/489/489 488/488/488 490/490/490
f 490/490/490 488/488/488 491/491/491
f 490/490/490 491/491/491 492/492/492
f 229/229/229 490/490/490 492/492/492
f 229/229/229 492/492/492 493/493/493
f 493/493/493 492/492/492 494/494/494
f 493/493/493 494/494/494 495/495/495
f 222/222/222 229/229/229 493/493/493
f 222/222/222 493/493/493 496/496/496
f 497/497/497 498/498/498 229/229/229
f 497/497/497 499/499/499 498/498/498
f 500/500/500 222/222/222 501/501/501
f 500/500/500 502/502/502 222/222/222
f 503/503/503 504/504/504 500/500/500
f 504/504/504 503/503/503 505/505/505
f 495/495/495 507/507/507 506/506/506
f 495/495/495 506/506/506 508/508/508
f 509/509/509 495/495/495 508/508/508
f 509/509/509 508/508/508 510/510/510
f 354/354/354 509/509/509 510/510/510
f 511/511/511 354/354/354 510/510/510
f 511/511/511 510/510/510 512/512/512
f 510/510/510 508/508/508 513/513/513
f 510/510/510 513/513/513 512/512/512
f 514/514/514 512/512/512 513/513/513
f 514/514/514 513/513/513 515/515/515
f 513/513/513 516/516/516 515/515/515
f 517/517/517 516/516/516 513/513/513
f 517/517/517 518/518/518 516/516/516
f 519/519/519 514/514/514 515/515/515
f 515/515/515 520/520/520 519/519/519
f 515/515/515 521/521/521 520/520/520
f 522/522/522 514/514/514 519/519/519
f 523/523/523 514/514/514 522/522/522
f 524/524/524 519/519/519 525/525/525
f 524/524/524 525/525/525 526/526/526
f 527/527/527 523/523/523 524/524/524
f 526/526/526 527/527/527 528/528/528
f 527/527/527 529/529/529 523/523/523
f 530/530/530 531/531/531 527/527/527
f 530/530/530 527/527/527 532/532/532
f 533/533/533 530/530/530 532/532/532
f 533/533/533 532/532/532 534/534/534
f 535/535/535 533/533/533 534/534/534
f 334/334/334 533/533/533 535/535/535
f 535/535/535 534/534/534 536/536/536
f 334/334/334 535/535/535 328/328/328
f 323/323/323 535/535/535 536/536/536
f 323/323/323 536/536/536 537/537/537
f 325/325/325 323/323/323 537/537/537
f 536/536/536 325/325/325 537/537/537
f 538/538/538 539/539/539 334/334/334
f 538/538/538 540/540/540 539/539/539
f 328/328/328 542/542/542 541/541/541
f 328/328/328 543/543/543 542/542/542
f 544/544/544 325/325/325 545/545/545
f 544/544/544 546/546/546 325/325/325
f 547/547/547 549/549/549 548/548/548
f 547/547/547 548/548/548 550/550/550
f 550/550/550 552/552/552 551/551/551
f 550/550/550 553/553/553 552/552/552
f 551/551/551 552/552/552 554/554/554
f 551/551/551 554/554/554 555/555/555
f 555/555/555 554/554/554 556/556/556
f 555/555/555 556/556/556 557/557/557
f 557/557/557 556/556/556 558/558/558
f 557/557/557 558/558/558 559/559/559
f 554/554/554 552/552/552 560/560/560
f 554/554/554 560/560/560 561/561/561
f 552/552/552 553/553/553 562/562/562
f 552/552/552 562/562/562 560/560/560
f 553/553/553 563/563/563 562/562/562
f 553/553/553 104/104/104 563/563/563
f 562/562/562 563/563/563 151/151/151
f 560/560/560 562/562/562 564/564/564
f 562/562/562 151/151/151 564/564/564
f 564/564/564 151/151/151 565/565/565
f 560/560/560 564/564/564 180/180/180
f 564/564/564 565/565/565 566/566/566
f 180/180/180 564/564/564 566/566/566
f 180/180/180 566/566/566 178/178/178
f 567/567/567 178/178/178 566/566/566
f 567/567/567 566/566/566 568/568/568
f 569/569/569 567/567/567 568/568/568
f 176/176/176 178/178/178 567/567/567
f 569/569/569 160/160/160 567/567/567
f 160/160/160 176/176/176 567/567/567
f 160/160/160 570/570/570 176/176/176
f 571/571/571 180/180/180 572/572/572
f 571/571/571 573/573/573 180/180/180
f 574/574/574 576/576/576 575/575/575
f 574/574/574 575/575/575 506/506/506
f 506/506/506 575/575/575 577/577/577
f 506/506/506 577/577/577 578/578/578
f 578/578/578 577/577/577 579/579/579
f 578/578/578 579/579/579 580/580/580
f 580/580/580 579/579/579 581/581/581
f 580/580/580 581/581/581 582/582/582
f 579/579/579 583/583/583 581/581/581
f 579/579/579 584/584/584 583/583/583
f 582/582/582 581/581/581 585/585/585
f 582/582/582 585/585/585 586/586/586
f 581/581/581 583/583/583 587/587/587
f 581/581/581 587/587/587 585/585/585
f 585/585/585 587/587/587 588/588/588
f 586/586/586 585/585/585 589/589/589
f 585/585/585 588/588/588 589/589/589
f 586/586/586 589/589/589 590/590/590
f 590/590/590 589/589/589 591/591/591
f 590/590/590 591/591/591 592/592/592
f 589/589/589 588/588/588 593/593/593
f 589/589/589 593/593/593 591/591/591
f 588/588/588 594/594/594 593/593/593
f 588/588/588 595/595/595 594/594/594
f 591/591/591 593/593/593 596/596/596
f 591/591/591 596/596/596 597/597/597
f 583/583/583 599/599/599 598/598/598
f 583/583/583 600/600/600 599/599/599
f 601/601/601 599/599/599 399/399/399
f 601/601/601 399/399/399 602/602/602
f 603/603/603 604/604/604 399/399/399
f 603/603/603 605/605/605 604/604/604
f 606/606/606 605/605/605 607/607/607
f 606/606/606 608/608/608 605/605/605
f 609/609/609 608/608/608 606/606/606
f 609/609/609 610/610/610 608/608/608
f 611/611/611 612/612/612 609/609/609
f 611/611/611 72/72/72 612/612/612
f 613/613/613 615/615/615 614/614/614
f 613/613/613 491/491/491 615/615/615
f 491/491/491 616/616/616 615/615/615
f 491/491/491 617/617/617 616/616/616
f 615/615/615 616/616/616 618/618/618
f 615/615/615 618/618/618 619/619/619
f 619/619/619 618/618/618 620/620/620
f 619/619/619 620/620/620 621/621/621
f 618/618/618 622/622/622 620/620/620
f 618/618/618 623/623/623 622/622/622
f 620/620/620 622/622/622 624/624/624
f 621/621/621 620/620/620 625/625/625
f 620/620/620 624/624/624 625/625/625
f 621/621/621 625/625/625 626/626/626
f 625/625/625 624/624/624 627/627/627
f 625/625/625 627/627/627 628/628/628
f 629/629/629 630/630/630 475/475/475
f 629/629/629 475/475/475 631/631/631
f 631/631/631 475/475/475 632/632/632
f 633/633/633 629/629/629 631/631/631
f 633/633/633 631/631/631 634/634/634
f 631/631/631 632/632/632 635/635/635
f 634/634/634 631/631/631 635/635/635
f 635/635/635 632/632/632 636/636/636
f 635/635/635 636/636/636 499/499/499
f 634/634/634 635/635/635 637/637/637
f 637/637/637 635/635/635 499/499/499
f 637/637/637 499/499/499 638/638/638
f 639/639/639 634/634/634 637/637/637
f 639/639/639 637/637/637 640/640/640
f 238/238/238 629/629/629 641/641/641
f 238/238/238 642/642/642 629/629/629
f 643/643/643 238/238/238 644/644/644
f 643/643/643 479/479/479 238/238/238
f 645/645/645 479/479/479 643/643/643
f 645/645/645 646/646/646 479/479/479
f 646/646/646 647/647/647 479/479/479
f 646/646/646 648/648/648 647/647/647
f 649/649/649 651/651/651 650/650/650
f 649/649/649 652/652/652 651/651/651
f 653/653/653 652/652/652 649/649/649
f 653/653/653 654/654/654 652/652/652
f 655/655/655 656/656/656 68/68/68
f 655/655/655 68/68/68 657/657/657
f 658/658/658 659/659/659 655/655/655
f 658/658/658 660/660/660 659/659/659
f 661/661/661 660/660/660 658/658/658
f 661/661/661 662/662/662 660/660/660
f 663/663/663 662/662/662 661/661/661
f 663/663/663 664/664/664 662/662/662
f 665/665/665 664/664/664 663/663/663
f 665/665/665 57/57/57 664/664/664
f 666/666/666 657/657/657 667/667/667
f 666/666/666 668/668/668 657/657/657
f 669/669/669 670/670/670 666/666/666
f 669/669/669 671/671/671 670/670/670
f 672/672/672 671/671/671 673/673/673
f 672/672/672 674/674/674 671/671/671
f 675/675/675 674/674/674 672/672/672
f 675/675/675 676/676/676 674/674/674
f 677/677/677 678/678/678 676/676/676
f 676/676/676 678/678/678 679/679/679
f 680/680/680 682/682/682 681/681/681
f 680/680/680 683/683/683 682/682/682
f 462/462/462 685/685/685 684/684/684
f 462/462/462 684/684/684 686/686/686
f 686/686/686 684/684/684 687/687/687
f 684/684/684 688/688/688 687/687/687
f 684/684/684 436/436/436 688/688/688
f 686/686/686 687/687/687 689/689/689
f 690/690/690 686/686/686 689/689/689
f 690/690/690 462/462/462 686/686/686
f 690/690/690 689/689/689 691/691/691
f 691/691/691 689/689/689 692/692/692
f 691/691/691 692/692/692 693/693/693
f 693/693/693 692/692/692 694/694/694
f 693/693/693 694/694/694 243/243/243
f 690/690/690 695/695/695 462/462/462
f 696/696/696 462/462/462 695/695/695
f 696/696/696 697/697/697 462/462/462
f 696/696/696 695/695/695 698/698/698
f 696/696/696 698/698/698 699/699/699
f 700/700/700 699/699/699 701/701/701
f 700/700/700 701/701/701 258/258/258
f 702/702/702 704/704/704 703/703/703
f 702/702/702 705/705/705 704/704/704
f 706/706/706 708/708/708 707/707/707
f 706/706/706 707/707/707 709/709/709
f 706/706/706 709/709/709 347/347/347
f 706/706/706 347/347/347 710/710/710
f 711/711/711 713/713/713 712/712/712
f 713/713/713 711/711/711 714/714/714
f 715/715/715 714/714/714 716/716/716
f 715/715/715 716/716/716 717/717/717
f 718/718/718 716/716/716 714/714/714
f 718/718/718 719/719/719 716/716/716
f 718/718/718 720/720/720 719/719/719
f 718/718/718 721/721/721 720/720/720
f 720/720/720 721/721/721 722/722/722
f 529/529/529 724/724/724 723/723/723
f 529/529/529 725/725/725 724/724/724
f 726/726/726 725/725/725 529/529/529
f 727/727/727 725/725/725 726/726/726
f 727/727/727 728/728/728 725/725/725
f 729/729/729 731/731/731 730/730/730
f 729/729/729 730/730/730 732/732/732
f 732/732/732 730/730/730 733/733/733
f 732/732/732 733/733/733 734/734/734
f 735/735/735 737/737/737 736/736/736
f 735/735/735 738/738/738 737/737/737
f 739/739/739 738/738/738 735/735/735
f 739/739/739 740/740/740 738/738/738
f 740/740/740 741/741/741 738/738/738
f 740/740/740 742/742/742 741/741/741
f 738/738/738 741/741/741 743/743/743
f 738/738/738 743/743/743 744/744/744
f 745/745/745 747/747/747 746/746/746
f 745/745/745 748/748/748 747/747/747
f 749/749/749 751/751/751 750/750/750
f 749/749/749 752/752/752 751/751/751
f 753/753/753 752/752/752 749/749/749
f 753/753/753 754/754/754 752/752/752
f 754/754/754 756/756/756 755/755/755
f 754/754/754 757/757/757 756/756/756
f 751/751/751 759/759/759 758/758/758
f 751/751/751 760/760/760 759/759/759
f 761/761/761 760/760/760 751/751/751
f 761/761/761 762/762/762 760/760/760
f 763/763/763 765/765/765 764/764/764
f 763/763/763 764/764/764 407/407/407
f 766/766/766 768/768/768 767/767/767
f 766/766/766 769/769/769 768/768/768
f 770/770/770 769/769/769 766/766/766
f 770/770/770 771/771/771 769/769/769
f 771/771/771 772/772/772 769/769/769
f 769/769/769 772/772/772 773/773/773
f 769/769/769 773/773/773 774/774/774
f 774/774/774 773/773/773 775/775/775
f 771/771/771 776/776/776 772/772/772
f 777/777/777 776/776/776 771/771/771
f 776/776/776 778/778/778 772/772/772
f 777/777/777 779/779/779 776/776/776
f 776/776/776 780/780/780 778/778/778
f 779/779/779 780/780/780 776/776/776
f 779/779/779 781/781/781 780/780/780
f 774/774/774 775/775/775 782/782/782
f 468/468/468 774/774/774 782/782/782
f 468/468/468 782/782/782 783/783/783
f 783/783/783 782/782/782 784/784/784
f 783/783/783 784/784/784 474/474/474
f 782/782/782 775/775/775 785/785/785
f 782/782/782 785/785/785 784/784/784
f 775/775/775 786/786/786 785/785/785
f 775/775/775 787/787/787 786/786/786
f 785/785/785 786/786/786 788/788/788
f 785/785/785 788/788/788 789/789/789
f 784/784/784 785/785/785 789/789/789
f 784/784/784 789/789/789 790/790/790
f 791/791/791 792/792/792 780/780/780
f 791/791/791 21/21/21 792/792/792
f 793/793/793 16/16/16 791/791/791
f 793/793/793 791/791/791 779/779/779
f 794/794/794 15/15/15 793/793/793
f 794/794/794 793/793/793 795/795/795
f 795/795/795 779/779/779 441/441/441
f 795/795/795 796/796/796 779/779/779
f 790/790/790 61/61/61 797/797/797
f 790/790/790 798/798/798 61/61/61
f 478/478/478 790/790/790 799/799/799
f 478/478/478 799/799/799 800/800/800
f 801/801/801 799/799/799 802/802/802
f 801/801/801 802/802/802 803/803/803
f 61/61/61 805/805/805 804/804/804
f 61/61/61 806/806/806 805/805/805
f 807/807/807 61/61/61 808/808/808
f 807/807/807 808/808/808 809/809/809
f 809/809/809 808/808/808 810/810/810
f 809/809/809 810/810/810 811/811/811
f 811/811/811 810/810/810 812/812/812
f 811/811/811 812/812/812 813/813/813
f 813/813/813 812/812/812 814/814/814
f 813/813/813 814/814/814 815/815/815
f 816/816/816 818/818/818 817/817/817
f 816/816/816 819/819/819 818/818/818
f 820/820/820 822/822/822 821/821/821
f 820/820/820 823/823/823 822/822/822
f 824/824/824 320/320/320 825/825/825
f 824/824/824 826/826/826 320/320/320
f 827/827/827 828/828/828 824/824/824
f 829/829/829 828/828/828 827/827/827
f 830/830/830 824/824/824 828/828/828
f 830/830/830 831/831/831 824/824/824
f 832/832/832 831/831/831 830/830/830
f 832/832/832 833/833/833 831/831/831
f 526/526/526 835/835/835 834/834/834
f 526/526/526 836/836/836 835/835/835
f 837/837/837 835/835/835 836/836/836
f 837/837/837 586/586/586 835/835/835
f 838/838/838 840/840/840 839/839/839
f 838/838/838 841/841/841 840/840/840
f 842/842/842 844/844/844 843/843/843
f 842/842/842 843/843/843 315/315/315
f 845/845/845 847/847/847 846/846/846
f 845/845/845 846/846/846 130/130/130
f 848/848/848 850/850/850 849/849/849
f 848/848/848 849/849/849 851/851/851
f 852/852/852 851/851/851 185/185/185
f 852/852/852 853/853/853 851/851/851
f 854/854/854 856/856/856 855/855/855
f 854/854/854 855/855/855 857/857/857
f 857/857/857 855/855/855 858/858/858
f 857/857/857 858/858/858 411/411/411
f 859/859/859 861/861/861 860/860/860
f 860/860/860 861/861/861 862/862/862
