mtllib P_Sky.mtl
v -2362.778 19747.22 -0.0002555847
v -0.003225722 19951.54 -0.0001039505
v -2317.38 19747.22 -460.955
v -2706.732 19705.4 -266.5898
v -3918.346 19475.83 -779.4069
v -3995.108 19475.83 -0.0004758834
v -4011.983 19472.28 -395.146
v -5638.959 19014.37 -1121.658
v -5749.43 19014.37 -0.0008201598
v -5726.239 19013.93 -563.9858
v -7410.758 18359.24 -1474.091
v -7555.941 18359.24 -0.001096725
v -7519.529 18359.24 -740.6093
v -9262.663 17525.38 -912.2928
v -3857.806 19472.28 -1170.252
v -5506.184 19013.93 -1670.282
v -2602.716 19705.4 -789.524
v -2317.38 19747.22 -460.955
v -2182.925 19747.22 -904.1956
v -0.003225722 19951.54 -0.0001039505
v -3691.002 19475.83 -1528.861
v -5311.784 19014.37 -2200.212
v -6980.782 18359.24 -2891.534
v -7230.559 18359.24 -2193.365
v -8906.704 17525.38 -2701.819
v -9128.676 17525.38 -1815.806
v -3555.375 19472.28 -1900.386
v -5074.53 19013.93 -2712.391
v -2398.677 19705.4 -1282.118
v -2182.925 19747.22 -904.1956
v -1964.581 19747.22 -1312.689
v -0.003225722 19951.54 -0.0001039505
v -3321.814 19475.83 -2219.563
v -4780.479 19014.37 -3194.212
v -6282.538 18359.24 -4197.855
v -6663.722 18359.24 -3561.832
v -8208.466 17525.38 -4387.516
v -8599.025 17525.38 -3561.832
v -10497.14 16522.88 -3184.273
v -3116.313 19472.28 -2557.489
v -4447.863 19013.93 -3650.265
v -2102.458 19705.4 -1725.44
v -1964.581 19747.22 -1312.689
v -1670.739 19747.22 -1670.736
v -0.003225722 19951.54 -0.0001039505
v -2824.971 19475.83 -2824.968
v -4065.463 19014.37 -4065.461
v -5342.858 18359.24 -5342.857
v -5840.8 18359.24 -4793.419
v -7194.78 17525.38 -5904.602
v -7738.918 17525.38 -5170.979
v -9674.221 16522.88 -5170.979
v -10134.52 16522.88 -4197.855
v -2557.491 19472.28 -3116.31
v -3650.267 19013.93 -4447.859
v -1725.443 19705.4 -2102.455
v -1670.739 19747.22 -1670.736
v -1312.692 19747.22 -1964.577
v -0.003225722 19951.54 -0.0001039505
v -2219.566 19475.83 -3321.811
v -3194.215 19014.37 -4780.477
v -4197.858 18359.24 -6282.536
v -4793.421 18359.24 -5840.799
v -5904.604 17525.38 -7194.779
v -6581.409 17525.38 -6581.407
v -8479.527 16522.88 -6958.966
v -9120.828 16522.88 -6094.342
v -11046.73 15361.13 -5904.602
v -1900.389 19472.28 -3555.372
v -2712.393 19013.93 -5074.526
v -1282.12 19705.4 -2398.674
v -1312.692 19747.22 -1964.577
v -904.1987 19747.22 -2182.921
v -0.003225722 19951.54 -0.0001039505
v -1528.865 19475.83 -3690.998
v -2200.214 19014.37 -5311.78
v -2891.536 18359.24 -6980.777
v -3561.834 18359.24 -6663.717
v -4387.517 17525.38 -8208.464
v -5170.98 17525.38 -7738.915
v -6958.969 16522.88 -8479.524
v -7756.628 16522.88 -7756.625
v -9682.544 15361.13 -7946.257
v -10414.83 15361.13 -6958.967
v -5170.98 16522.88 -9674.219
v -6094.343 16522.88 -9120.826
v -7946.26 15361.13 -9682.542
v -8857.086 15361.13 -8857.084
v -10792.39 14051.56 -8857.084
v -3561.834 17525.38 -8599.022
v -12312.95 14051.56 -6581.407
v -11608.61 14051.56 -7756.626
v -11572.34 15361.13 -4793.42
v -11986.4 15361.13 -3636.036
v -10758.75 16522.88 -2140.048
v -10916.67 16522.88 -1075.198
v -9307.518 17525.38 -0.001175165
v -13360.33 14051.56 -4052.811
v -12285.13 15361.13 -2443.664
v -12465.44 15361.13 -1227.74
v -12898.8 14051.56 -5342.857
v -10969.52 16522.88 -0.001232147
v -13894.27 14051.56 -1368.467
v -13693.29 14051.56 -2723.765
v -12525.81 15361.13 -0.001338482
v -14100.93 12606.55 -5840.798
v -14605.48 12606.55 -4430.523
v -14969.47 12606.55 -2977.613
v -15189.19 12606.55 -1496.005
v -13460.48 12606.55 -7194.777
v -16101.61 11040.23 -3202.808
v -15710.08 11040.23 -4765.601
v -16337.94 11040.23 -1609.147
v -15167.38 11040.23 -6282.534
v -15262.74 12606.55 -0.001350879
v -16417.05 11040.23 -0.001243591
v -13961.56 14051.56 -0.001438141
v -13894.27 14051.56 1368.464
v -15189.18 12606.55 1496.002
v -12465.44 15361.13 1227.736
v -10916.66 16522.88 1075.194
v -9262.659 17525.38 912.2899
v -17413.13 9367.511 -0.001193046
v -16337.93 11040.23 1609.144
v -17329.22 9367.509 -1706.779
v -17078.55 9367.511 -3397.135
v -16663.27 9367.509 -5054.747
v -18241.65 7604.646 -0.001228332
v -18153.74 7604.644 -1787.988
v -17329.21 9367.509 1706.776
v -17891.14 7604.646 -3558.77
v -14969.47 12606.55 2977.609
v -16101.6 11040.23 3202.804
v -13693.29 14051.56 2723.761
v -12285.13 15361.13 2443.66
v -13360.32 14051.56 4052.807
v -10758.75 16522.88 2140.043
v -14605.47 12606.55 4430.518
v -11986.4 15361.13 3636.031
v -9128.671 17525.38 1815.802
v -7410.753 18359.24 1474.088
v -10497.13 16522.88 3184.267
v -7519.526 18359.24 740.6069
v -5726.238 19013.93 563.984
v -4011.982 19472.28 395.145
v -8906.698 17525.38 2701.813
v -5638.956 19014.37 1121.656
v -2706.731 19705.39 266.5892
v -2362.778 19747.22 -0.0002555847
v -2317.378 19747.23 460.9543
v -0.003225722 19951.54 -0.0001039505
v -3918.343 19475.83 779.4058
v -5506.182 19013.93 1670.28
v -3857.804 19472.28 1170.25
v -7230.554 18359.24 2193.362
v -6980.779 18359.24 2891.53
v -2602.713 19705.4 789.5231
v -2317.378 19747.23 460.9543
v -2182.923 19747.23 904.1946
v -0.003225722 19951.54 -0.0001039505
v -3690.999 19475.83 1528.86
v -5311.78 19014.37 2200.209
v -8599.02 17525.38 3561.827
v -10134.51 16522.88 4197.849
v -11572.33 15361.13 4793.414
v -12898.79 14051.56 5342.852
v -3555.372 19472.28 1900.384
v -5074.526 19013.93 2712.388
v -2398.675 19705.4 1282.116
v -2182.923 19747.23 904.1946
v -1964.579 19747.23 1312.687
v -0.003225722 19951.54 -0.0001039505
v -3321.812 19475.83 2219.561
v -4780.476 19014.37 3194.209
v -6282.534 18359.24 4197.852
v -6663.718 18359.24 3561.828
v -8208.46 17525.38 4387.51
v -9674.217 16522.88 5170.972
v -7738.914 17525.38 5170.972
v -11046.73 15361.13 5904.596
v -9120.824 16522.88 6094.334
v -12312.94 14051.56 6581.402
v -10414.83 15361.13 6958.959
v -14100.93 12606.55 5840.792
v -15710.07 11040.23 4765.595
v -17078.54 9367.511 3397.13
v -18153.74 7604.644 1787.985
v -18894.35 5768.482 -0.001275062
v -18803.3 5768.484 -1851.963
v -13460.48 12606.55 7194.771
v -15167.37 11040.23 6282.527
v -16663.26 9367.509 5054.741
v -17891.14 7604.646 3558.766
v -18803.29 5768.484 1851.96
v -19365.23 3876.813 -0.001457214
v -11608.61 14051.56 7756.62
v -14478.49 11040.23 7738.908
v -16087.63 9367.511 6663.712
v -17456.1 7604.644 5295.247
v -18531.29 5768.483 3686.101
v -19271.91 3876.813 1898.113
v -12690.5 12606.55 8479.519
v -10792.39 14051.56 8857.078
v -11798.21 12606.55 9682.534
v -13650.28 11040.23 9120.819
v -15356.95 9367.509 8208.456
v -16853.08 7604.646 6980.771
v -18080.69 5768.484 5484.713
v -18993.13 3876.813 3777.963
v -9682.541 15361.13 7946.25
v -8479.524 16522.88 6958.959
v -7194.777 17525.38 5904.595
v -16087.63 7604.644 8599.016
v -17456.1 5768.483 7230.548
v -18531.29 3876.813 5621.401
v -14478.49 9367.511 9674.211
v -12690.5 11040.23 10414.82
v -16663.26 5768.484 8906.694
v -15167.38 7604.646 10134.51
v -17891.14 3876.813 7410.745
v -13460.48 9367.509 11046.72
v -19271.9 1947.776 3833.413
v -18803.28 1947.776 5703.907
v -19554.77 1947.776 1925.972
v -19649.47 1947.776 -0.001795769
v -19744.62 -0.003209177 -0.001983642
v -19649.46 -0.003173647 1935.298
v -19271.91 3876.813 -1898.118
v -19365.22 -0.003147366 3851.975
v -19554.78 1947.776 -1925.978
v -18531.3 5768.483 -3686.105
v -18993.14 3876.813 -3777.97
v -17456.11 7604.644 -5295.251
v -18080.7 5768.484 -5484.719
v -16087.64 9367.511 -6663.719
v -16853.09 7604.646 -6980.779
v -14478.5 11040.23 -7738.915
v -15356.96 9367.509 -8208.462
v -12690.51 12606.55 -8479.524
v -13650.28 11040.23 -9120.826
v -11798.21 12606.55 -9682.541
v -9872.313 14051.56 -9872.311
v -8857.086 14051.56 -10792.39
v -6958.967 15361.13 -10414.83
v -5904.604 15361.13 -11046.73
v -4197.858 16522.88 -10134.52
v -14478.49 9367.511 -9674.219
v -12690.51 11040.23 -10414.83
v -10792.39 12606.55 -10792.39
v -9682.542 12606.55 -11798.21
v -7756.627 14051.56 -11608.61
v -6581.409 14051.56 -12312.95
v -4793.421 15361.13 -11572.34
v -16087.64 7604.644 -8599.022
v -17456.11 5768.483 -7230.556
v -18531.3 3876.813 -5621.409
v -19271.91 1947.776 -3833.422
v -19649.47 -0.003173648 -1935.304
v -15167.38 7604.646 -10134.52
v -16663.27 5768.484 -8906.701
v -17891.15 3876.813 -7410.755
v -18803.3 1947.776 -5703.918
v -19365.24 -0.003147368 -3851.985
v -13460.48 9367.509 -11046.73
v -11608.61 11040.23 -11608.61
v -10414.83 11040.23 -12690.51
v -15710.08 5768.483 -10497.14
v -17078.55 3876.813 -9128.674
v -18153.74 1947.776 -7519.527
v -14100.94 7604.645 -11572.34
v -12312.95 9367.513 -12312.94
v -11046.73 9367.511 -13460.48
v -18894.35 -0.003050624 -5731.539
v -9120.827 11040.24 -13650.28
v -9674.223 9367.513 -14478.49
v -8479.525 12606.55 -12690.5
v -7194.779 12606.55 -13460.48
v -7738.916 11040.23 -14478.49
v -8208.464 9367.511 -15356.95
v -10134.52 7604.646 -15167.38
v -8599.023 7604.646 -16087.64
v -11572.34 7604.646 -14100.93
v -12898.8 7604.646 -12898.8
v -14605.48 5768.484 -11986.4
v -16101.61 3876.813 -10758.75
v -17329.22 1947.776 -9262.66
v -18241.65 -0.002964314 -7555.94
v -10497.14 5768.484 -15710.08
v -11986.4 5768.485 -14605.47
v -13360.33 5768.483 -13360.33
v -14969.47 3876.813 -12285.13
v -16337.94 1947.777 -10916.66
v -17413.13 -0.002809303 -9307.516
v -8906.702 5768.485 -16663.26
v -18153.74 -1947.782 -7519.527
v -17329.22 -1947.782 -9262.661
v -18803.29 -1947.782 -5703.918
v -19271.91 -1947.782 -3833.422
v -19554.78 -1947.782 -1925.978
v -17891.14 -3876.819 -7410.755
v -18531.3 -3876.819 -5621.409
v -17078.55 -3876.818 -9128.674
v -18993.14 -3876.819 -3777.97
v -16337.94 -1947.782 -10916.66
v -16101.6 -3876.818 -10758.75
v -16417.05 -0.002667048 -10969.53
v -15189.18 1947.777 -12465.44
v -13693.29 3876.814 -13693.29
v -12285.13 3876.814 -14969.47
v -10758.75 3876.814 -16101.6
v -9128.672 3876.814 -17078.54
v -15189.18 -1947.782 -12465.44
v -15262.74 -0.002458959 -12525.81
v -13894.27 1947.777 -13894.27
v -12465.44 1947.777 -15189.19
v -10916.66 1947.778 -16337.94
v -9262.657 1947.778 -17329.22
v -14969.47 -3876.818 -12285.13
v -7410.753 3876.815 -17891.14
v -7519.525 1947.778 -18153.74
v -7230.556 5768.484 -17456.11
v -6980.78 7604.647 -16853.09
v -6663.719 9367.514 -16087.64
v -6282.534 11040.24 -15167.38
v -5840.799 12606.55 -14100.93
v -5342.858 14051.56 -12898.8
v -5621.409 3876.815 -18531.3
v -5484.719 5768.486 -18080.7
v -5295.252 7604.646 -17456.11
v -5054.748 9367.511 -16663.27
v -4765.601 11040.24 -15710.08
v -4430.523 12606.55 -14605.47
v -4052.812 14051.56 -13360.32
v -5703.916 1947.778 -18803.29
v -3636.038 15361.13 -11986.4
v -3184.274 16522.88 -10497.14
v -2701.821 17525.38 -8906.701
v -3202.809 11040.24 -16101.6
v -2977.614 12606.55 -14969.47
v -3397.135 9367.514 -17078.54
v -3558.771 7604.648 -17891.14
v -3686.105 5768.485 -18531.3
v -3777.969 3876.815 -18993.14
v -3833.419 1947.779 -19271.91
v -1706.78 9367.511 -17329.22
v -1787.989 7604.646 -18153.74
v -1851.964 5768.487 -18803.3
v -1898.117 3876.815 -19271.91
v -1925.975 1947.779 -19554.78
v -1609.147 11040.24 -16337.93
v -3851.982 -0.0006199381 -19365.23
v -1935.301 -0.000287644 -19649.46
v 0.00276184 7.629844E-06 -19744.62
v 0.002043964 1947.779 -19649.47
v 0.0009247829 3876.816 -19365.23
v -5731.536 -0.0009061293 -18894.35
v -0.0004458024 5768.486 -18894.35
v -7555.936 -0.001223389 -18241.65
v -0.001284731 7604.648 -18241.65
v -9307.511 -0.001488729 -17413.13
v -0.001106545 9367.515 -17413.13
v -10969.52 -0.001779533 -16417.05
v -12525.8 -0.002013056 -15262.74
v -13961.55 -0.002266997 -13961.56
v -13894.27 -1947.781 -13894.27
v -12465.44 -1947.781 -15189.19
v -13693.29 -3876.818 -13693.29
v -10916.66 -1947.781 -16337.94
v -12285.13 -3876.818 -14969.47
v -13370.71 -5774.616 -13370.72
v -9262.656 -1947.781 -17329.22
v -10758.75 -3876.817 -16101.6
v -7519.523 -1947.781 -18153.74
v -14616.84 -5774.616 -11995.73
v -11995.73 -5774.615 -14616.84
v -9128.671 -3876.817 -17078.54
v -5703.914 -1947.78 -18803.29
v -15722.3 -5774.616 -10505.3
v -12981.94 -7653.672 -12981.94
v -10505.3 -5774.615 -15722.3
v -7410.752 -3876.817 -17891.14
v -3833.419 -1947.78 -19271.91
v -16676.23 -5774.616 -8913.631
v -11646.93 -7653.671 -14191.83
v -8913.629 -5774.614 -16676.23
v -5621.407 -3876.817 -18531.3
v -1925.974 -1947.78 -19554.77
v -17469.69 -5774.616 -7236.181
v -10199.85 -7653.671 -15265.15
v -7236.18 -5774.614 -17469.69
v -3777.968 -3876.816 -18993.14
v -18094.76 -5774.616 -5488.986
v -8654.452 -7653.671 -16191.34
v -5488.985 -5774.614 -18094.76
v -7025.778 -7653.671 -16961.73
v -1898.115 -3876.816 -19271.91
v -3688.971 -5774.614 -18545.72
v -5329.386 -7653.67 -17568.63
v 0.002672909 -1947.779 -19649.46
v -9586.316 -10565.81 -14346.94
v -8133.876 -10565.81 -15217.42
v -6603.17 -10565.81 -15941.46
v -10946.36 -10565.81 -13338.17
v -12201.07 -10565.82 -12201.07
v -8057.208 -13853.2 -12058.46
v -9200.308 -13853.2 -11210.61
v -6836.445 -13853.2 -12790.09
v -10254.88 -13853.2 -10254.88
v -5008.817 -10565.81 -16511.86
v -5549.9 -13853.2 -13398.65
v -3581.71 -7653.67 -18006.47
v -1853.402 -5774.614 -18817.92
v 0.002180381 -3876.815 -19365.23
v -5681.132 -16734.65 -8502.417
v -6487.132 -16734.65 -7904.594
v -7230.706 -16734.65 -7230.708
v -4820.374 -16734.65 -9018.288
v -1799.513 -7653.67 -18270.77
v 0.001326088 -5774.613 -18909.04
v -3366.266 -10565.81 -16923.37
v -4209.862 -13853.2 -13878.06
v -3913.232 -16734.65 -9447.381
v -2923.274 -18393.86 -3562.021
v -2560.069 -18393.86 -3831.416
v 0.001829427 -18858.6 -0.001866735
v -3258.349 -18393.86 -3258.351
v 0.001829427 -18858.6 -0.001866735
v -2172.188 -18393.86 -4063.881
v 0.001829427 -18858.6 -0.001866735
v -1763.406 -18393.86 -4257.242
v -2968.371 -16734.65 -9785.409
v -3562.019 -18393.86 -2923.276
v 0.001829427 -18858.6 -0.001866735
v -3831.414 -18393.86 -2560.071
v -7904.59 -16734.65 -6487.131
v -11210.6 -13853.2 -9200.309
v -8502.413 -16734.65 -5681.133
v -13338.17 -10565.82 -10946.36
v -2829.314 -13853.2 -14223.93
v -4063.879 -18393.86 -2172.191
v 0.001829427 -18858.6 -0.001866735
v -12058.46 -13853.2 -8057.208
v -14191.83 -7653.672 -11646.93
v -9018.284 -16734.65 -4820.375
v -14346.94 -10565.82 -9586.316
v -15265.15 -7653.672 -10199.85
v -12790.09 -13853.2 -6836.445
v -4257.239 -18393.86 -1763.408
v 0.001829427 -18858.6 -0.001866735
v -16191.34 -7653.672 -8654.452
v -15217.42 -10565.82 -8133.877
v -9447.378 -16734.65 -3913.233
v -16961.73 -7653.672 -7025.777
v -15941.46 -10565.82 -6603.168
v -13398.64 -13853.2 -5549.9
v -4409.566 -18393.86 -1337.629
v 0.001829427 -18858.6 -0.001866735
v -9785.408 -16734.65 -2968.372
v -13878.06 -13853.2 -4209.863
v -16511.86 -10565.82 -5008.817
v -17568.63 -7653.672 -5329.386
v -4519.46 -18393.86 -898.9786
v 0.001829427 -18858.6 -0.001866735
v -4585.793 -18393.86 -451.6633
v -10029.28 -16734.65 -1994.949
v -14223.92 -13853.2 -2829.315
v -10176.48 -16734.65 -1002.297
v -16923.37 -10565.82 -3366.267
v -18545.72 -5774.616 -3688.973
v -4607.999 -18393.86 -0.002011853
v 0.001829427 -18858.6 -0.001866735
v -14432.69 -13853.2 -1421.497
v -18006.47 -7653.672 -3581.711
v -19271.91 -3876.819 -1898.118
v -10225.76 -16734.65 -0.001685972
v -17171.75 -10565.82 -1691.271
v -18817.92 -5774.616 -1853.404
v -19649.46 -1947.783 -0.001796722
v -4585.792 -18393.86 451.6593
v 0.001829427 -18858.6 -0.001866735
v -14502.58 -13853.2 -0.001445009
v -18270.76 -7653.673 -1799.514
v -19365.23 -3876.819 -0.001457214
v -19554.77 -1947.782 1925.972
v -10176.48 -16734.65 1002.294
v -17254.9 -10565.82 -0.001296255
v -18909.04 -5774.617 -0.001304626
v -19271.91 -3876.819 1898.113
v -19271.9 -1947.782 3833.412
v -4519.458 -18393.86 898.9744
v 0.001829427 -18858.6 -0.001866735
v -18359.23 -7653.673 -0.001243591
v -18817.92 -5774.616 1853.401
v -18993.13 -3876.819 3777.963
v -18270.75 -7653.673 1799.511
v -17171.75 -10565.82 1691.269
v -18545.71 -5774.616 3688.968
v -18006.46 -7653.672 3581.708
v -14432.69 -13853.2 1421.495
v -16923.36 -10565.82 3366.264
v -10029.28 -16734.65 1994.946
v -14223.92 -13853.2 2829.312
v -4409.563 -18393.86 1337.625
v 0.001829427 -18858.6 -0.001866735
v -9785.403 -16734.65 2968.368
v -13878.05 -13853.2 4209.859
v -16511.85 -10565.82 5008.813
v -4257.236 -18393.86 1763.404
v 0.001829427 -18858.6 -0.001866735
v -9447.372 -16734.65 3913.229
v -17568.62 -7653.672 5329.382
v -13398.64 -13853.2 5549.897
v -4063.877 -18393.86 2172.186
v 0.001829427 -18858.6 -0.001866735
v -9018.282 -16734.65 4820.37
v -15941.45 -10565.82 6603.165
v -18094.75 -5774.616 5488.98
v -3831.412 -18393.86 2560.067
v 0.001829427 -18858.6 -0.001866735
v -12790.09 -13853.2 6836.442
v -16961.72 -7653.672 7025.773
v -18531.29 -3876.819 5621.4
v -8502.412 -16734.65 5681.13
v -15217.41 -10565.82 8133.874
v -17469.68 -5774.616 7236.174
v -18803.28 -1947.782 5703.906
v -3562.017 -18393.86 2923.272
v 0.001829427 -18858.6 -0.001866735
v -3258.347 -18393.86 3258.347
v -12058.46 -13853.2 8057.203
v -7904.588 -16734.65 6487.127
v -16191.34 -7653.672 8654.448
v -17891.13 -3876.819 7410.746
v -14346.93 -10565.82 9586.312
v -11210.6 -13853.2 9200.303
v -7230.706 -16734.65 7230.708
v -16676.22 -5774.616 8913.622
v -15265.15 -7653.672 10199.84
v -13338.17 -10565.82 10946.35
v -2923.272 -18393.86 3562.017
v 0.001829427 -18858.6 -0.001866735
v -10254.87 -13853.2 10254.88
v -6487.128 -16734.65 7904.59
v -2560.067 -18393.86 3831.412
v 0.001829427 -18858.6 -0.001866735
v -2172.188 -18393.86 4063.877
v -5681.128 -16734.65 8502.413
v -9200.303 -13853.2 11210.6
v -12201.06 -10565.81 12201.06
v -14191.82 -7653.672 11646.93
v -15722.29 -5774.616 10505.3
v -17078.54 -3876.818 9128.663
v -18153.73 -1947.782 7519.514
v -18894.34 -0.003050621 5731.527
v -18153.73 1947.776 7519.514
v -18241.64 -0.002964311 7555.926
v -17329.2 -1947.782 9262.647
v -16101.6 -3876.818 10758.74
v -14616.83 -5774.616 11995.72
v -17078.54 3876.813 9128.663
v -17329.21 1947.776 9262.647
v -17413.12 -0.002809301 9307.499
v -16337.93 -1947.782 10916.65
v -15710.07 5768.483 10497.13
v -16101.6 3876.813 10758.74
v -16337.93 1947.777 10916.65
v -14100.93 7604.645 11572.33
v -14605.47 5768.484 11986.39
v -14969.47 -3876.818 12285.12
v -16417.04 -0.002667046 10969.51
v -14969.47 3876.813 12285.12
v -15189.18 -1947.782 12465.43
v -15189.18 1947.777 12465.43
v -15262.73 -0.002458958 12525.79
v -12312.94 9367.513 12312.94
v -12898.79 7604.646 12898.79
v -13360.32 5768.483 13360.32
v -13693.29 3876.814 13693.28
v -13894.27 1947.777 13894.26
v -11608.61 11040.23 11608.6
v -10792.39 12606.55 10792.38
v -9872.311 14051.56 9872.306
v -8857.084 15361.13 8857.077
v -7756.625 16522.88 7756.617
v -6581.407 17525.38 6581.399
v -5342.857 18359.24 5342.852
v -5840.797 18359.24 4793.416
v -4447.86 19013.93 3650.261
v -3116.311 19472.28 2557.487
v -4065.462 19014.37 4065.458
v -2102.456 19705.4 1725.438
v -1964.579 19747.23 1312.687
v -1670.738 19747.23 1670.734
v -0.003225722 19951.54 -0.0001039505
v -2824.969 19475.83 2824.965
v -2557.491 19472.28 3116.307
v -3650.265 19013.93 4447.857
v -1725.442 19705.4 2102.453
v -1670.738 19747.23 1670.734
v -1312.691 19747.23 1964.576
v -0.003225722 19951.54 -0.0001039505
v -2219.565 19475.83 3321.808
v -3194.213 19014.37 4780.473
v -4197.857 18359.24 6282.53
v -4793.42 18359.24 5840.794
v -5904.602 17525.38 7194.771
v -6958.967 16522.88 8479.516
v -5170.979 17525.38 7738.909
v -7946.257 15361.13 9682.535
v -6094.342 16522.88 9120.818
v -8857.084 14051.56 10792.38
v -6958.967 15361.13 10414.82
v -9682.541 12606.55 11798.2
v -7756.626 14051.56 11608.6
v -10414.83 11040.23 12690.5
v -11046.73 9367.511 13460.47
v -11572.33 7604.646 14100.93
v -11986.4 5768.485 14605.47
v -12285.13 3876.814 14969.46
v -12465.44 1947.777 15189.17
v -9120.825 11040.24 13650.27
v -9674.219 9367.513 14478.49
v -10134.52 7604.646 15167.37
v -10497.14 5768.484 15710.07
v -10758.75 3876.814 16101.59
v -10916.66 1947.778 16337.92
v -8479.525 12606.55 12690.5
v -12525.8 -0.002013056 15262.72
v -10969.52 -0.001779533 16417.04
v -13961.55 -0.002266996 13961.54
v -13894.27 -1947.781 13894.26
v -12465.44 -1947.781 15189.17
v -13693.28 -3876.818 13693.28
v -13370.71 -5774.616 13370.71
v -12285.12 -3876.818 14969.46
v -10916.66 -1947.781 16337.92
v -9307.516 -0.00148873 17413.12
v -12981.94 -7653.672 12981.94
v -11995.72 -5774.615 14616.83
v -10758.75 -3876.817 16101.59
v -10946.35 -10565.81 13338.17
v -11646.93 -7653.671 14191.83
v -8057.202 -13853.2 12058.46
v -9262.661 -1947.781 17329.2
v -10505.3 -5774.615 15722.29
v -9586.312 -10565.81 14346.93
v -4820.372 -16734.65 9018.281
v -9128.672 -3876.817 17078.53
v -10199.84 -7653.671 15265.15
v -6836.443 -13853.2 12790.09
v -1763.405 -18393.86 4257.236
v 0.001829427 -18858.6 -0.001866735
v -3913.23 -16734.65 9447.373
v -8133.875 -10565.81 15217.41
v -8913.629 -5774.614 16676.22
v -1337.626 -18393.86 4409.563
v 0.001829427 -18858.6 -0.001866735
v -5549.897 -13853.2 13398.64
v -8654.449 -7653.671 16191.34
v -2968.369 -16734.65 9785.403
v -6603.166 -10565.81 15941.46
v -898.9756 -18393.86 4519.458
v 0.001829427 -18858.6 -0.001866735
v -451.6604 -18393.86 4585.792
v -4209.86 -13853.2 13878.05
v -1994.947 -16734.65 10029.28
v -7236.179 -5774.614 17469.68
v -7025.775 -7653.671 16961.72
v -5008.814 -10565.81 16511.85
v -2829.313 -13853.2 14223.92
v -1002.295 -16734.65 10176.48
v 0.001053298 -18393.86 4608
v 0.001829427 -18858.6 -0.001866735
v 0.0009767992 -16734.65 10225.76
v -1421.495 -13853.2 14432.69
v 0.0009443028 -13853.2 14502.58
v -3366.265 -10565.81 16923.36
v -1691.269 -10565.81 17171.75
v 0.0009461854 -10565.81 17254.91
v -5329.383 -7653.67 17568.63
v -3581.709 -7653.67 18006.47
v -1799.512 -7653.67 18270.76
v 0.0009722828 -7653.67 18359.24
v -0.001822944 -5774.614 18909.04
v -1853.405 -5774.614 18817.92
v -0.004442887 -3876.816 19365.22
v -5488.986 -5774.614 18094.75
v -3688.973 -5774.614 18545.71
v -1898.121 -3876.816 19271.9
v -0.006598712 -1947.779 19649.46
v -3777.972 -3876.816 18993.13
v -1925.983 -1947.78 19554.77
v -0.007641791 5.7208E-06 19744.61
v -5621.411 -3876.817 18531.29
v -3833.426 -1947.78 19271.9
v -1935.31 -0.0003114874 19649.45
v -7410.755 -3876.817 17891.13
v -5703.92 -1947.78 18803.28
v -7519.529 -1947.781 18153.72
v -3851.989 -0.0006237541 19365.21
v -1925.983 1947.779 19554.76
v -0.007244824 1947.779 19649.46
v -5731.542 -0.0009061302 18894.34
v -7555.941 -0.00122339 18241.64
v -3833.426 1947.779 19271.89
v -1898.123 3876.815 19271.9
v -0.005713744 3876.816 19365.22
v -5703.922 1947.778 18803.28
v -7519.529 1947.778 18153.73
v -9262.66 1947.778 17329.2
v -9128.676 3876.814 17078.54
v -3777.974 3876.815 18993.13
v -1851.967 5768.485 18803.29
v -0.003875215 5768.486 18894.34
v -5621.412 3876.815 18531.29
v -7410.756 3876.815 17891.13
v -8906.702 5768.485 16663.26
v -3686.108 5768.485 18531.29
v -1787.99 7604.647 18153.74
v -0.00284971 7604.648 18241.64
v -5484.721 5768.486 18080.69
v -7230.557 5768.484 17456.09
v -8599.022 7604.646 16087.63
v -3558.771 7604.647 17891.14
v -1706.782 9367.515 17329.21
v -0.003338143 9367.515 17413.13
v -5295.252 7604.646 17456.1
v -6980.779 7604.647 16853.08
v -8208.462 9367.511 15356.95
v -3397.136 9367.514 17078.54
v -1609.15 11040.24 16337.93
v -0.004103714 11040.24 16417.05
v -5054.748 9367.511 16663.26
v -6663.719 9367.514 16087.63
v -7738.916 11040.23 14478.48
v -3202.811 11040.24 16101.6
v -1496.008 12606.55 15189.18
v -0.00395168 12606.55 15262.73
v -4765.603 11040.24 15710.07
v -6282.536 11040.24 15167.37
v -7194.779 12606.55 13460.48
v -2977.616 12606.55 14969.47
v -1368.47 14051.56 13894.27
v -0.003714079 14051.56 13961.55
v -0.004293646 15361.13 12525.8
v -4430.524 12606.55 14605.47
v -5840.8 12606.55 14100.93
v -6581.408 14051.56 12312.94
v -2723.768 14051.56 13693.29
v -1227.743 15361.13 12465.44
v -0.00490492 16522.88 10969.52
v -4052.813 14051.56 13360.32
v -5342.857 14051.56 12898.79
v -2443.667 15361.13 12285.12
v -5904.603 15361.13 11046.72
v -4793.421 15361.13 11572.33
v -1075.202 16522.88 10916.65
v -0.004767365 17525.39 9307.509
v -2140.052 16522.88 10758.74
v -3636.038 15361.13 11986.4
v -5170.979 16522.88 9674.211
v -4197.858 16522.88 10134.51
v -912.2966 17525.39 9262.654
v -0.004215141 18359.24 7555.936
v -1815.81 17525.39 9128.667
v -1474.094 18359.24 7410.751
v -3184.276 16522.88 10497.13
v -4387.517 17525.38 8208.455
v -3561.834 17525.38 8599.016
v -2891.536 18359.24 6980.774
v -2701.821 17525.38 8906.695
v -740.6125 18359.24 7519.523
v -563.9887 19013.93 5726.234
v -0.003825965 19014.37 5749.425
v -3561.833 18359.24 6663.713
v -2712.393 19013.93 5074.522
v -395.149 19472.28 4011.979
v -0.003610514 19475.83 3995.105
v -1900.388 19472.28 3555.369
v -1121.661 19014.37 5638.952
v -266.593 19705.4 2706.728
v -0.003448975 19747.23 2362.775
v -460.9579 19747.23 2317.375
v -0.003225722 19951.54 -0.0001039505
v -779.4099 19475.83 3918.34
v -2200.214 19014.37 5311.777
v -1282.12 19705.4 2398.672
v -1312.691 19747.23 1964.576
v -904.1984 19747.23 2182.92
v -0.003225722 19951.54 -0.0001039505
v -1528.864 19475.83 3690.996
v -1170.255 19472.28 3857.8
v -1670.285 19013.93 5506.179
v -789.5269 19705.4 2602.71
v -460.9579 19747.23 2317.375
v -904.1984 19747.23 2182.92
v -0.003225722 19951.54 -0.0001039505
v -2193.368 18359.24 7230.551
v -904.1987 19747.22 -2182.921
v -0.003225722 19951.54 -0.0001039505
v -460.9579 19747.22 -2317.377
v -789.5271 19705.4 -2602.712
v -779.4099 19475.83 -3918.342
v -1170.255 19472.28 -3857.803
v -1670.285 19013.93 -5506.182
v -1121.661 19014.37 -5638.954
v -1474.093 18359.24 -7410.753
v -2193.368 18359.24 -7230.555
v -1815.808 17525.38 -9128.672
v -2140.05 16522.88 -10758.75
v -2443.666 15361.13 -12285.13
v -2723.767 14051.56 -13693.29
v -1496.006 12606.55 -15189.18
v -1368.469 14051.56 -13894.27
v -1227.741 15361.13 -12465.44
v -1075.199 16522.88 -10916.66
v -0.0008526381 11040.24 -16417.05
v -0.001408231 12606.55 -15262.74
v -912.2946 17525.38 -9262.66
v -0.002158369 15361.13 -12525.8
v -0.002043421 16522.88 -10969.52
v -0.002068037 14051.56 -13961.55
v 1368.464 14051.56 -13894.27
v 1496.003 12606.55 -15189.18
v 1609.145 11040.24 -16337.93
v -0.002194828 17525.38 -9307.516
v -0.002525707 18359.24 -7555.94
v -740.6112 18359.24 -7519.527
v -563.9879 19013.93 -5726.237
v 1227.737 15361.13 -12465.44
v 1075.195 16522.88 -10916.66
v -395.1486 19472.28 -4011.981
v 912.2902 17525.38 -9262.658
v -0.00277883 19014.37 -5749.429
v -266.5927 19705.4 -2706.73
v -460.9579 19747.22 -2317.377
v -0.003089915 19747.22 -2362.776
v -0.003225722 19951.54 -0.0001039505
v -0.002949379 19475.83 -3995.107
v 2140.046 16522.88 -10758.75
v 1815.804 17525.38 -9128.672
v 1474.088 18359.24 -7410.755
v 740.6061 18359.24 -7519.527
v 563.9824 19013.93 -5726.238
v 395.1426 19472.28 -4011.981
v 2443.662 15361.13 -12285.13
v 1121.655 19014.38 -5638.956
v 266.5866 19705.4 -2706.73
v -0.003089915 19747.22 -2362.776
v 460.9517 19747.22 -2317.376
v -0.003225722 19951.54 -0.0001039505
v 779.4037 19475.83 -3918.342
v 2723.762 14051.56 -13693.29
v 2977.611 12606.55 -14969.47
v 4052.807 14051.56 -13360.32
v 3636.033 15361.13 -11986.4
v 3184.27 16522.88 -10497.14
v 2701.816 17525.38 -8906.701
v 1170.249 19472.28 -3857.802
v 1670.279 19013.93 -5506.181
v 2193.362 18359.24 -7230.555
v 2891.531 18359.24 -6980.777
v 3561.829 17525.38 -8599.021
v 4197.853 16522.88 -10134.52
v 4793.417 15361.13 -11572.33
v 789.5208 19705.4 -2602.711
v 460.9517 19747.22 -2317.376
v 904.1923 19747.22 -2182.921
v -0.003225722 19951.54 -0.0001039505
v 1528.858 19475.83 -3690.997
v 2200.208 19014.38 -5311.779
v 5170.976 16522.88 -9674.217
v 5904.599 15361.13 -11046.73
v 4387.513 17525.38 -8208.461
v 1900.382 19472.28 -3555.371
v 2712.387 19013.93 -5074.525
v 3561.828 18359.24 -6663.717
v 4197.853 18359.24 -6282.534
v 5170.975 17525.38 -7738.914
v 6094.337 16522.88 -9120.824
v 1282.114 19705.4 -2398.673
v 904.1923 19747.22 -2182.921
v 1312.685 19747.22 -1964.576
v -0.003225722 19951.54 -0.0001039505
v 2219.559 19475.83 -3321.81
v 3194.208 19014.38 -4780.476
v 2557.485 19472.28 -3116.308
v 3650.261 19013.93 -4447.858
v 1725.436 19705.4 -2102.454
v 1312.685 19747.22 -1964.576
v 1670.732 19747.22 -1670.735
v -0.003225722 19951.54 -0.0001039505
v 2824.964 19475.83 -2824.967
v 4065.457 19014.38 -4065.459
v 5342.853 18359.24 -5342.855
v 4793.416 18359.24 -5840.797
v 5904.598 17525.38 -7194.776
v 6958.962 16522.88 -8479.522
v 6581.404 17525.38 -6581.405
v 3116.306 19472.28 -2557.488
v 4447.856 19013.93 -3650.263
v 2102.451 19705.4 -1725.439
v 1670.732 19747.22 -1670.735
v 1964.573 19747.22 -1312.688
v -0.003225722 19951.54 -0.0001039505
v 3321.807 19475.83 -2219.562
v 4780.472 19014.38 -3194.21
v 6282.532 18359.24 -4197.854
v 5840.794 18359.24 -4793.417
v 7194.774 17525.38 -5904.599
v 7756.622 16522.88 -7756.623
v 8479.521 16522.88 -6958.963
v 7738.911 17525.38 -5170.976
v 7946.253 15361.13 -9682.539
v 6958.962 15361.13 -10414.83
v 6581.404 14051.56 -12312.94
v 5342.854 14051.56 -12898.79
v 4430.521 12606.55 -14605.47
v 5840.796 12606.55 -14100.93
v 3202.807 11040.24 -16101.6
v 4765.6 11040.24 -15710.08
v 1706.778 9367.513 -17329.21
v 3397.133 9367.515 -17078.55
v 1787.987 7604.647 -18153.74
v 1851.963 5768.487 -18803.3
v 3558.768 7604.649 -17891.14
v 5054.745 9367.513 -16663.26
v 6282.533 11040.24 -15167.38
v 1898.118 3876.816 -19271.91
v 3686.104 5768.487 -18531.3
v 5295.25 7604.648 -17456.11
v 1925.979 1947.78 -19554.77
v 3777.97 3876.817 -18993.14
v 7194.775 12606.55 -13460.48
v 6663.717 9367.516 -16087.64
v 5484.717 5768.488 -18080.7
v 7756.623 14051.56 -11608.61
v 7738.914 11040.24 -14478.49
v 6980.777 7604.65 -16853.09
v 8857.08 14051.56 -10792.39
v 8479.521 12606.55 -12690.5
v 8208.459 9367.514 -15356.95
v 9682.539 12606.55 -11798.21
v 9120.822 11040.24 -13650.28
v 8857.081 15361.13 -8857.084
v 9872.308 14051.56 -9872.311
v 9682.539 15361.13 -7946.255
v 10792.38 14051.56 -8857.082
v 9120.823 16522.88 -6094.339
v 10414.83 15361.13 -6958.963
v 9674.217 9367.516 -14478.49
v 10414.83 11040.24 -12690.5
v 10792.38 12606.55 -10792.38
v 11798.21 12606.55 -9682.538
v 11608.61 14051.56 -7756.624
v 8599.021 7604.648 -16087.64
v 7230.555 5768.487 -17456.11
v 5621.409 3876.817 -18531.3
v 3833.423 1947.78 -19271.91
v 1935.306 0.000342958 -19649.46
v 1925.98 -1947.779 -19554.77
v 1898.12 -3876.815 -19271.91
v 1853.405 -5774.613 -18817.92
v 8906.7 5768.489 -16663.26
v 7410.755 3876.817 -17891.14
v 5703.919 1947.78 -18803.29
v 3851.987 0.0006351977 -19365.23
v 3833.423 -1947.779 -19271.91
v 3777.972 -3876.815 -18993.13
v 3688.974 -5774.612 -18545.72
v 10134.52 7604.65 -15167.38
v 11046.73 9367.514 -13460.48
v 11608.61 11040.24 -11608.61
v 12690.5 11040.24 -10414.83
v 5621.411 -3876.815 -18531.3
v 5488.987 -5774.612 -18094.76
v 5703.919 -1947.778 -18803.29
v 5731.541 0.000961443 -18894.34
v 7519.528 1947.781 -18153.74
v 9128.674 3876.817 -17078.54
v 10497.14 5768.487 -15710.08
v 11572.33 7604.648 -14100.93
v 12312.94 9367.516 -12312.94
v 13460.48 9367.515 -11046.73
v 7519.528 -1947.778 -18153.74
v 7555.941 0.001238648 -18241.65
v 9262.659 1947.781 -17329.21
v 10758.75 3876.818 -16101.6
v 11986.4 5768.489 -14605.47
v 12898.79 7604.651 -12898.79
v 14100.93 7604.649 -11572.34
v 7410.756 -3876.814 -17891.14
v 7236.181 -5774.612 -17469.68
v 10916.66 1947.781 -16337.93
v 12285.13 3876.818 -14969.47
v 13360.32 5768.488 -13360.32
v 14605.47 5768.489 -11986.4
v 9307.516 0.001544043 -17413.13
v 9262.66 -1947.778 -17329.21
v 9128.674 -3876.814 -17078.54
v 8913.631 -5774.612 -16676.23
v 12465.44 1947.781 -15189.18
v 13693.29 3876.818 -13693.29
v 10969.52 0.001794792 -16417.05
v 10916.66 -1947.778 -16337.93
v 10758.75 -3876.814 -16101.6
v 10505.3 -5774.612 -15722.3
v 14969.47 3876.818 -12285.12
v 12525.8 0.002068369 -15262.73
v 12465.44 -1947.777 -15189.18
v 12285.13 -3876.814 -14969.47
v 13894.27 1947.781 -13894.27
v 11995.73 -5774.611 -14616.83
v 15189.18 1947.782 -12465.44
v 16101.6 3876.819 -10758.74
v 16337.93 1947.782 -10916.65
v 15710.08 5768.489 -10497.14
v 15167.38 7604.651 -10134.52
v 14478.49 9367.516 -9674.218
v 13650.28 11040.24 -9120.824
v 12690.5 12606.55 -8479.522
v 17078.54 3876.818 -9128.669
v 16663.26 5768.489 -8906.698
v 16087.64 7604.65 -8599.021
v 15356.95 9367.515 -8208.46
v 14478.49 11040.24 -7738.914
v 13460.48 12606.55 -7194.776
v 17329.21 1947.782 -9262.654
v 12312.94 14051.56 -6581.405
v 11046.73 15361.13 -5904.599
v 9674.216 16522.88 -5170.976
v 8208.459 17525.38 -4387.513
v 15167.38 11040.24 -6282.532
v 14100.93 12606.55 -5840.796
v 16087.63 9367.516 -6663.717
v 16853.08 7604.651 -6980.777
v 17456.1 5768.489 -7230.552
v 17891.14 3876.819 -7410.751
v 18153.74 1947.782 -7519.521
v 16663.26 9367.515 -5054.745
v 17456.1 7604.65 -5295.25
v 18080.69 5768.49 -5484.717
v 18531.3 3876.819 -5621.405
v 18803.29 1947.782 -5703.912
v 15710.07 11040.24 -4765.599
v 18241.65 0.002979571 -7555.932
v 18894.34 0.003105936 -5731.532
v 17413.13 0.002864616 -9307.507
v 16417.05 0.002682306 -10969.52
v 15262.74 0.002514272 -12525.8
v 13961.55 0.002282255 -13961.55
v 13894.27 -1947.777 -13894.27
v 15189.18 -1947.777 -12465.44
v 13693.29 -3876.813 -13693.29
v 16337.93 -1947.777 -10916.65
v 17329.21 -1947.776 -9262.654
v 13370.72 -5774.611 -13370.71
v 14969.47 -3876.813 -12285.12
v 16101.6 -3876.813 -10758.74
v 18153.74 -1947.776 -7519.521
v 14616.84 -5774.611 -11995.73
v 12981.94 -7653.667 -12981.94
v 17078.54 -3876.813 -9128.669
v 15722.3 -5774.61 -10505.3
v 11646.93 -7653.668 -14191.83
v 14191.83 -7653.667 -11646.93
v 10199.85 -7653.668 -15265.15
v 8654.453 -7653.668 -16191.34
v 7025.778 -7653.668 -16961.73
v 5329.387 -7653.668 -17568.63
v 3581.71 -7653.668 -18006.47
v 1799.514 -7653.669 -18270.76
v 0.0003466726 -7653.67 -18359.24
v -1691.27 -10565.81 -17171.76
v 0.0003582064 -10565.81 -17254.91
v 1691.271 -10565.81 -17171.76
v 3366.267 -10565.81 -16923.37
v 5008.818 -10565.81 -16511.86
v -1421.496 -13853.2 -14432.7
v 0.000450112 -13853.19 -14502.59
v 1421.497 -13853.2 -14432.7
v -1994.948 -16734.65 -10029.28
v -1002.296 -16734.65 -10176.49
v -1337.627 -18393.86 -4409.569
v 0.001829427 -18858.6 -0.001866735
v -898.9759 -18393.86 -4519.462
v 0.001829427 -18858.6 -0.001866735
v 0.0006283455 -16734.65 -10225.77
v -451.6606 -18393.86 -4585.799
v 0.001829427 -18858.6 -0.001866735
v 0.0008962752 -18393.86 -4608.005
v 1002.297 -16734.65 -10176.48
v 2829.315 -13853.19 -14223.93
v 451.6625 -18393.86 -4585.797
v 0.001829427 -18858.6 -0.001866735
v 1994.949 -16734.64 -10029.28
v 4209.863 -13853.2 -13878.06
v 898.9775 -18393.86 -4519.462
v 0.001829427 -18858.6 -0.001866735
v 2968.372 -16734.65 -9785.411
v 6603.17 -10565.81 -15941.46
v 5549.901 -13853.19 -13398.65
v 8133.878 -10565.81 -15217.42
v 1337.628 -18393.86 -4409.569
v 0.001829427 -18858.6 -0.001866735
v 3913.232 -16734.64 -9447.381
v 9586.315 -10565.81 -14346.94
v 6836.446 -13853.2 -12790.09
v 1763.407 -18393.86 -4257.242
v 0.001829427 -18858.6 -0.001866735
v 10946.36 -10565.81 -13338.17
v 4820.375 -16734.65 -9018.288
v 8057.206 -13853.19 -12058.46
v 12201.07 -10565.81 -12201.07
v 2172.19 -18393.86 -4063.881
v 0.001829427 -18858.6 -0.001866735
v 5681.132 -16734.65 -8502.415
v 9200.308 -13853.19 -11210.61
v 2560.07 -18393.86 -3831.416
v 0.001829427 -18858.6 -0.001866735
v 2923.276 -18393.86 -3562.021
v 6487.131 -16734.65 -7904.592
v 10254.88 -13853.19 -10254.88
v 13338.17 -10565.81 -10946.36
v 7230.711 -16734.64 -7230.71
v 15265.15 -7653.667 -10199.85
v 11210.61 -13853.19 -9200.309
v 3258.351 -18393.86 -3258.351
v 0.001829427 -18858.6 -0.001866735
v 7904.594 -16734.64 -6487.132
v 14346.94 -10565.81 -9586.316
v 16676.23 -5774.61 -8913.627
v 3562.021 -18393.86 -2923.276
v 0.001829427 -18858.6 -0.001866735
v 12058.46 -13853.19 -8057.208
v 16191.34 -7653.667 -8654.453
v 17891.14 -3876.813 -7410.75
v 8502.413 -16734.65 -5681.133
v 15217.42 -10565.81 -8133.878
v 17469.68 -5774.61 -7236.177
v 18803.29 -1947.776 -5703.912
v 3831.415 -18393.86 -2560.071
v 0.001829427 -18858.6 -0.001866735
v 12790.09 -13853.19 -6836.446
v 16961.73 -7653.667 -7025.777
v 18531.3 -3876.813 -5621.405
v 19365.23 0.003162625 -3851.978
v 9018.283 -16734.65 -4820.374
v 15941.46 -10565.81 -6603.168
v 18094.76 -5774.61 -5488.983
v 19271.9 -1947.776 -3833.416
v 19271.9 1947.782 -3833.416
v 4063.881 -18393.86 -2172.191
v 0.001829427 -18858.6 -0.001866735
v 4257.24 -18393.86 -1763.408
v 9447.378 -16734.64 -3913.233
v 17568.63 -7653.667 -5329.386
v 19649.46 0.00322896 -1935.298
v 18993.13 3876.819 -3777.966
v 13398.64 -13853.19 -5549.9
v 16511.86 -10565.81 -5008.817
v 13878.06 -13853.19 -4209.863
v 19554.77 1947.782 -1925.972
v 19744.61 0.003224435 0.005180358
v 18531.3 5768.489 -3686.103
v 19271.91 3876.819 -1898.115
v 17891.14 7604.651 -3558.769
v 9785.409 -16734.65 -2968.372
v 19554.77 -1947.776 -1925.972
v 19649.46 1947.783 0.004411697
v 18803.29 5768.49 -1851.962
v 17078.54 9367.518 -3397.132
v 4409.567 -18393.86 -1337.629
v 0.001829427 -18858.6 -0.001866735
v 18993.13 -3876.813 -3777.966
v 18545.71 -5774.61 -3688.97
v 19271.9 -3876.813 -1898.114
v 18006.47 -7653.667 -3581.71
v 19649.46 -1947.776 0.00442028
v 18817.92 -5774.61 -1853.402
v 16923.36 -10565.81 -3366.267
v 19365.23 -3876.813 0.002777099
v 18270.76 -7653.667 -1799.514
v 14223.92 -13853.19 -2829.315
v 18909.04 -5774.61 0.001026153
v 17171.76 -10565.81 -1691.271
v 10029.28 -16734.64 -1994.949
v 18359.24 -7653.667 -0.0006561278
v 14432.7 -13853.19 -1421.497
v 4519.462 -18393.86 -898.9784
v 0.001829427 -18858.6 -0.001866735
v 17254.91 -10565.81 -0.0007441286
v 18270.76 -7653.667 1799.513
v 18817.92 -5774.61 1853.405
v 10176.48 -16734.65 -1002.297
v 14502.59 -13853.19 -0.0009809523
v 17171.75 -10565.81 1691.27
v 4585.796 -18393.86 -451.6633
v 0.001829427 -18858.6 -0.001866735
v 10225.77 -16734.64 -0.001358765
v 19271.9 -3876.813 1898.12
v 18006.47 -7653.667 3581.709
v 14432.69 -13853.19 1421.495
v 4608.003 -18393.86 -0.001864405
v 0.001829427 -18858.6 -0.001866735
v 10176.48 -16734.65 1002.295
v 16923.36 -10565.81 3366.266
v 18545.71 -5774.61 3688.973
v 19554.77 -1947.776 1925.981
v 4585.796 -18393.86 451.6596
v 0.001829427 -18858.6 -0.001866735
v 14223.92 -13853.19 2829.313
v 17568.63 -7653.667 5329.384
v 18993.13 -3876.813 3777.972
v 10029.28 -16734.64 1994.947
v 16511.86 -10565.81 5008.815
v 18094.76 -5774.61 5488.986
v 4519.461 -18393.86 898.9747
v 0.001829427 -18858.6 -0.001866735
v 4409.566 -18393.86 1337.625
v 13878.06 -13853.19 4209.861
v 9785.409 -16734.64 2968.37
v 16961.72 -7653.667 7025.776
v 15941.46 -10565.81 6603.167
v 13398.64 -13853.19 5549.898
v 9447.375 -16734.65 3913.23
v 4257.24 -18393.86 1763.404
v 0.001829427 -18858.6 -0.001866735
v 4063.88 -18393.86 2172.187
v 9018.284 -16734.65 4820.372
v 12790.09 -13853.19 6836.443
v 15217.41 -10565.81 8133.876
v 16191.34 -7653.667 8654.451
v 17469.68 -5774.61 7236.18
v 18531.3 -3876.813 5621.409
v 19271.9 -1947.776 3833.425
v 19649.46 0.00322896 1935.308
v 19554.77 1947.782 1925.981
v 14346.93 -10565.81 9586.312
v 15265.15 -7653.667 10199.84
v 16676.22 -5774.61 8913.629
v 17891.14 -3876.813 7410.755
v 18803.29 -1947.776 5703.919
v 19365.22 0.003162625 3851.988
v 19271.9 1947.782 3833.424
v 12058.46 -13853.19 8057.203
v 8502.415 -16734.64 5681.13
v 3831.415 -18393.86 2560.067
v 0.001829427 -18858.6 -0.001866735
v 18153.73 -1947.776 7519.527
v 18894.34 0.003105936 5731.541
v 18803.29 1947.782 5703.92
v 17078.54 -3876.813 9128.672
v 15722.3 -5774.61 10505.3
v 14191.83 -7653.667 11646.93
v 13338.17 -10565.81 10946.35
v 11210.61 -13853.19 9200.305
v 7904.592 -16734.64 6487.128
v 3562.021 -18393.86 2923.272
v 0.001829427 -18858.6 -0.001866735
v 17329.21 -1947.776 9262.66
v 16101.6 -3876.813 10758.75
v 14616.83 -5774.611 11995.73
v 12981.94 -7653.667 12981.94
v 12201.07 -10565.81 12201.06
v 10254.88 -13853.19 10254.88
v 7230.71 -16734.64 7230.708
v 18241.64 0.00297957 7555.941
v 3258.351 -18393.86 3258.347
v 0.001829427 -18858.6 -0.001866735
v 18153.73 1947.782 7519.529
v 10946.36 -10565.81 13338.17
v 9200.308 -13853.19 11210.6
v 6487.131 -16734.65 7904.589
v 11646.93 -7653.668 14191.83
v 2923.276 -18393.86 3562.018
v 0.001829427 -18858.6 -0.001866735
v 9586.315 -10565.81 14346.93
v 8057.206 -13853.19 12058.46
v 5681.13 -16734.65 8502.41
v 10199.85 -7653.668 15265.15
v 2560.07 -18393.86 3831.412
v 0.001829427 -18858.6 -0.001866735
v 11995.72 -5774.611 14616.83
v 10505.3 -5774.612 15722.3
v 13370.71 -5774.611 13370.71
v 14969.46 -3876.813 12285.13
v 16337.93 -1947.777 10916.66
v 17413.12 0.002864614 9307.516
v 17329.21 1947.782 9262.659
v 12285.12 -3876.814 14969.47
v 13693.28 -3876.813 13693.29
v 15189.17 -1947.777 12465.44
v 16417.04 0.002682305 10969.52
v 16337.93 1947.782 10916.66
v 10758.74 -3876.814 16101.6
v 17078.54 3876.818 9128.674
v 16101.59 3876.819 10758.75
v 17891.14 3876.819 7410.755
v 18531.29 3876.819 5621.411
v 18993.13 3876.819 3777.972
v 19271.91 3876.819 1898.12
v 19365.23 3876.819 0.00276184
v 16663.26 5768.489 8906.699
v 17456.1 5768.489 7230.555
v 18080.69 5768.49 5484.719
v 18531.29 5768.489 3686.105
v 18803.29 5768.49 1851.964
v 18894.34 5768.489 0.001140594
v 15710.07 5768.489 10497.14
v 18153.74 7604.65 -1787.987
v 17456.1 7604.65 5295.251
v 17891.14 7604.651 3558.769
v 18153.74 7604.65 1787.988
v 18241.65 7604.651 0.0003662109
v 17329.21 9367.515 -1706.778
v 16853.08 7604.651 6980.777
v 16101.6 11040.24 -3202.806
v 16087.63 7604.65 8599.02
v 14605.47 12606.55 -4430.521
v 15167.37 7604.651 10134.52
v 12898.79 14051.56 -5342.854
v 11572.33 15361.13 -4793.417
v 13360.32 14051.56 -4052.809
v 14969.47 12606.55 -2977.612
v 10134.51 16522.88 -4197.853
v 16337.93 11040.24 -1609.145
v 11986.4 15361.13 -3636.034
v 8599.019 17525.38 -3561.83
v 6980.774 18359.24 -2891.531
v 10497.13 16522.88 -3184.271
v 17413.13 9367.518 0.0007371901
v 6663.714 18359.24 -3561.83
v 5074.522 19013.93 -2712.39
v 3555.367 19472.28 -1900.385
v 8906.695 17525.38 -2701.816
v 17329.21 9367.515 1706.779
v 5311.775 19014.38 -2200.21
v 2398.669 19705.4 -1282.117
v 1964.573 19747.22 -1312.688
v 2182.917 19747.22 -904.1951
v -0.003225722 19951.54 -0.0001039505
v 3690.994 19475.83 -1528.861
v 17078.54 9367.518 3397.134
v 16663.26 9367.515 5054.746
v 16087.63 9367.516 6663.717
v 15356.95 9367.515 8208.46
v 14478.49 9367.516 9674.218
v 3857.798 19472.28 -1170.251
v 2602.708 19705.4 -789.5237
v 2182.917 19747.22 -904.1951
v 2317.373 19747.22 -460.9546
v -0.003225722 19951.54 -0.0001039505
v 3918.338 19475.83 -779.4063
v 5506.177 19013.93 -1670.281
v 5638.951 19014.38 -1121.657
v 7410.749 18359.24 -1474.089
v 7230.551 18359.24 -2193.363
v 9128.667 17525.38 -1815.804
v 10758.74 16522.88 -2140.046
v 12285.13 15361.13 -2443.662
v 13693.29 14051.56 -2723.763
v 15189.18 12606.55 -1496.003
v 13894.27 14051.56 -1368.466
v 12465.44 15361.13 -1227.738
v 10916.66 16522.88 -1075.195
v 16417.05 11040.24 0.00125885
v 15262.73 12606.55 0.001123905
v 16337.93 11040.24 1609.147
v 9262.654 17525.38 -912.2908
v 15189.18 12606.55 1496.005
v 16101.6 11040.24 3202.809
v 14969.47 12606.55 2977.613
v 15710.07 11040.24 4765.601
v 14605.47 12606.55 4430.523
v 15167.37 11040.24 6282.534
v 14100.93 12606.55 5840.798
v 14478.49 11040.24 7738.914
v 13460.48 12606.55 7194.777
v 13650.27 11040.24 9120.823
v 12690.5 12606.55 8479.523
v 13360.32 14051.56 4052.81
v 12898.79 14051.56 5342.855
v 12312.94 14051.56 6581.405
v 11608.6 14051.56 7756.624
v 11798.21 12606.55 9682.54
v 12690.5 11040.24 10414.83
v 13693.28 14051.56 2723.765
v 13894.27 14051.56 1368.467
v 11572.33 15361.13 4793.418
v 12285.12 15361.13 2443.664
v 13460.48 9367.515 11046.73
v 13961.55 14051.56 0.0008125304
v 12525.8 15361.13 0.001120567
v 12465.44 15361.13 1227.74
v 10969.52 16522.88 0.00150299
v 11986.4 15361.13 3636.036
v 10758.74 16522.88 2140.049
v 9307.509 17525.38 0.001460314
v 7555.935 18359.24 0.001047134
v 10916.66 16522.88 1075.198
v 9262.653 17525.38 912.2935
v 9128.667 17525.38 1815.807
v 7410.749 18359.24 1474.092
v 10497.13 16522.88 3184.272
v 10134.51 16522.88 4197.855
v 8906.695 17525.38 2701.818
v 7519.521 18359.24 -740.6075
v 5726.233 19013.93 -563.9844
v 4011.977 19472.28 -395.1452
v 11046.72 15361.13 5904.601
v 8599.016 17525.38 3561.832
v 6980.773 18359.24 2891.533
v 9674.212 16522.88 5170.977
v 10414.82 15361.13 6958.964
v 5749.424 19014.38 0.0006213188
v 2706.726 19705.4 -266.5894
v 2317.373 19747.22 -460.9546
v 2362.772 19747.22 9.393691E-05
v -0.003225722 19951.54 -0.0001039505
v 3995.103 19475.83 0.0002770424
v 9120.818 16522.88 6094.339
v 10792.38 14051.56 8857.082
v 9682.535 15361.13 7946.255
v 4011.977 19472.28 395.1458
v 5726.232 19013.93 563.9857
v 2706.726 19705.4 266.5896
v 2362.772 19747.22 9.393691E-05
v 2317.372 19747.22 460.9547
v -0.003225722 19951.54 -0.0001039505
v 3918.338 19475.83 779.4068
v 7519.522 18359.24 740.6096
v 5638.951 19014.38 1121.658
v 3857.798 19472.28 1170.251
v 5506.177 19013.93 1670.282
v 2602.708 19705.4 789.5237
v 2317.372 19747.22 460.9547
v 2182.917 19747.22 904.1951
v -0.003225722 19951.54 -0.0001039505
v 3690.993 19475.83 1528.861
v 7230.55 18359.24 2193.365
v 5311.775 19014.38 2200.211
v 3555.367 19472.28 1900.385
v 5074.521 19013.93 2712.39
v 2398.669 19705.4 1282.117
v 2182.917 19747.22 904.1951
v 1964.573 19747.22 1312.688
v -0.003225722 19951.54 -0.0001039505
v 3321.806 19475.83 2219.562
v 4780.471 19014.38 3194.211
v 6282.528 18359.24 4197.855
v 6663.712 18359.24 3561.831
v 8208.456 17525.38 4387.515
v 7738.909 17525.38 5170.977
v 8479.518 16522.88 6958.963
v 7194.771 17525.38 5904.601
v 3116.305 19472.28 2557.488
v 4447.854 19013.93 3650.263
v 5840.792 18359.24 4793.418
v 5342.851 18359.24 5342.855
v 6581.4 17525.38 6581.404
v 7756.617 16522.88 7756.623
v 2102.45 19705.4 1725.439
v 1964.573 19747.22 1312.688
v 1670.731 19747.22 1670.735
v -0.003225722 19951.54 -0.0001039505
v 2824.963 19475.83 2824.966
v 4065.456 19014.38 4065.459
v 8857.076 15361.13 8857.081
v 9872.306 14051.56 9872.308
v 10792.38 12606.55 10792.38
v 11608.6 11040.24 11608.61
v 2557.484 19472.28 3116.308
v 3650.259 19013.93 4447.858
v 1725.435 19705.4 2102.454
v 1670.731 19747.22 1670.735
v 1312.684 19747.22 1964.576
v -0.003225722 19951.54 -0.0001039505
v 2219.558 19475.83 3321.809
v 3194.207 19014.38 4780.474
v 4197.85 18359.24 6282.532
v 4793.414 18359.24 5840.797
v 5904.594 17525.38 7194.775
v 6958.958 16522.88 8479.522
v 5170.972 17525.38 7738.912
v 7946.251 15361.13 9682.539
v 6094.333 16522.88 9120.823
v 8857.076 14051.56 10792.38
v 6958.959 15361.13 10414.83
v 9682.534 12606.55 11798.21
v 7756.621 14051.56 11608.61
v 10414.82 11040.24 12690.5
v 5170.971 16522.88 9674.216
v 5904.596 15361.13 11046.73
v 6581.401 14051.56 12312.94
v 4387.509 17525.38 8208.459
v 8479.52 12606.55 12690.5
v 9120.819 11040.24 13650.28
v 7194.772 12606.55 13460.48
v 7738.909 11040.24 14478.49
v 4197.849 16522.88 10134.52
v 3561.825 17525.38 8599.019
v 2891.528 18359.24 6980.776
v 3561.826 18359.24 6663.717
v 2712.386 19013.93 5074.523
v 1900.381 19472.28 3555.37
v 4793.413 15361.13 11572.33
v 2200.207 19014.38 5311.777
v 1282.113 19705.4 2398.672
v 1312.684 19747.22 1964.576
v 904.1915 19747.22 2182.92
v -0.003225722 19951.54 -0.0001039505
v 1528.857 19475.83 3690.996
v 1170.248 19472.28 3857.801
v 1670.278 19013.93 5506.179
v 789.52 19705.4 2602.71
v 904.1915 19747.22 2182.92
v 460.9512 19747.22 2317.375
v -0.003225722 19951.54 -0.0001039505
v 779.4027 19475.83 3918.34
v 1121.654 19014.38 5638.952
v 1474.086 18359.24 7410.752
v 2193.36 18359.24 7230.552
v 2701.812 17525.38 8906.695
v 3184.267 16522.88 10497.13
v 1815.8 17525.38 9128.669
v 3636.03 15361.13 11986.4
v 2140.042 16522.88 10758.74
v 395.1418 19472.28 4011.979
v 563.9811 19013.93 5726.234
v 266.5859 19705.4 2706.728
v 460.9512 19747.22 2317.375
v -0.003448975 19747.23 2362.775
v -0.003225722 19951.54 -0.0001039505
v -0.003610514 19475.83 3995.105
v -0.003825965 19014.37 5749.425
v -0.004215141 18359.24 7555.936
v 740.6043 18359.24 7519.523
v 912.2872 17525.39 9262.655
v -0.004767365 17525.39 9307.509
v 1075.192 16522.88 10916.65
v -0.00490492 16522.88 10969.52
v 1227.734 15361.13 12465.44
v -0.004293646 15361.13 12525.8
v 2443.658 15361.13 12285.12
v 1368.462 14051.56 13894.27
v -0.003714079 14051.56 13961.55
v -0.00395168 12606.55 15262.73
v 4052.805 14051.56 13360.32
v 1496 12606.55 15189.18
v -0.004103714 11040.24 16417.05
v 2723.76 14051.56 13693.28
v 1609.142 11040.24 16337.93
v -0.003338143 9367.515 17413.13
v 2977.608 12606.55 14969.47
v 5342.851 14051.56 12898.79
v 1706.775 9367.515 17329.21
v -0.00284971 7604.648 18241.64
v 3202.803 11040.24 16101.6
v 4430.517 12606.55 14605.47
v 5840.792 12606.55 14100.93
v 1787.984 7604.648 18153.73
v -0.003875215 5768.486 18894.34
v 3397.13 9367.515 17078.54
v 4765.596 11040.24 15710.07
v 6282.528 11040.24 15167.38
v 1851.959 5768.487 18803.29
v -0.005713744 3876.816 19365.22
v 3558.767 7604.649 17891.14
v 5054.742 9367.513 16663.26
v 6663.713 9367.516 16087.63
v 1898.111 3876.815 19271.9
v -0.007244824 1947.779 19649.46
v 3686.1 5768.487 18531.29
v 5295.248 7604.648 17456.1
v 8208.457 9367.514 15356.95
v 1925.969 1947.78 19554.76
v -0.007641791 5.7208E-06 19744.61
v 6980.773 7604.65 16853.08
v 3777.963 3876.817 18993.13
v 5484.714 5768.488 18080.69
v 9674.213 9367.516 14478.49
v 8599.018 7604.648 16087.63
v 7230.55 5768.487 17456.1
v 5621.402 3876.817 18531.29
v 3833.412 1947.78 19271.9
v 11046.72 9367.514 13460.48
v 10134.51 7604.65 15167.38
v 8906.694 5768.489 16663.26
v 7410.746 3876.817 17891.14
v 12312.94 9367.516 12312.94
v 11572.33 7604.648 14100.93
v 10497.13 5768.487 15710.08
v 14100.93 7604.649 11572.33
v 12898.79 7604.651 12898.79
v 14605.47 5768.489 11986.4
v 11986.4 5768.489 14605.47
v 9128.664 3876.817 17078.54
v 14969.46 3876.818 12285.13
v 13360.32 5768.488 13360.32
v 10758.74 3876.818 16101.6
v 15189.17 1947.782 12465.44
v 13693.28 3876.818 13693.29
v 12285.12 3876.818 14969.47
v 15262.73 0.002514271 12525.8
v 13894.26 1947.781 13894.27
v 12465.43 1947.781 15189.18
v 10916.65 1947.781 16337.93
v 9262.649 1947.781 17329.21
v 13894.26 -1947.777 13894.27
v 13961.54 0.002282254 13961.55
v 12525.8 0.002068368 15262.73
v 12465.43 -1947.777 15189.18
v 10969.51 0.00179479 16417.05
v 10916.65 -1947.778 16337.93
v 9307.502 0.001544041 17413.13
v 9262.649 -1947.778 17329.21
v 7555.929 0.001238646 18241.64
v 9128.665 -3876.814 17078.54
v 7519.516 1947.781 18153.73
v 7519.517 -1947.778 18153.73
v 8913.627 -5774.612 16676.22
v 5703.908 1947.78 18803.28
v 5731.529 0.0009614411 18894.34
v 7410.749 -3876.814 17891.14
v 8654.453 -7653.668 16191.34
v 3851.975 0.0006351958 19365.22
v 5703.908 -1947.778 18803.29
v 7236.177 -5774.612 17469.68
v 8133.878 -10565.81 15217.41
v 1935.295 0.000322929 19649.46
v 5621.403 -3876.815 18531.3
v 3833.413 -1947.779 19271.9
v 1925.97 -1947.779 19554.76
v -0.006598712 -1947.779 19649.46
v 7025.777 -7653.668 16961.72
v 5488.983 -5774.612 18094.76
v 3777.964 -3876.815 18993.13
v 1898.113 -3876.815 19271.9
v -0.004442887 -3876.816 19365.22
v 3688.97 -5774.612 18545.71
v 1853.401 -5774.614 18817.92
v -0.001822944 -5774.614 18909.04
v 5329.386 -7653.668 17568.63
v 6603.168 -10565.81 15941.46
v 1799.514 -7653.669 18270.76
v 0.0009722828 -7653.67 18359.24
v 3581.71 -7653.668 18006.47
v 1691.271 -10565.81 17171.75
v 0.0009461854 -10565.81 17254.91
v 5008.817 -10565.81 16511.85
v 3366.267 -10565.81 16923.36
v 6836.446 -13853.2 12790.08
v 1421.497 -13853.2 14432.69
v 0.0009443028 -13853.2 14502.58
v 2829.315 -13853.19 14223.92
v 5549.9 -13853.2 13398.64
v 4820.375 -16734.65 9018.281
v 4209.862 -13853.2 13878.05
v 1002.297 -16734.65 10176.48
v 0.0009767992 -16734.65 10225.76
v 2172.19 -18393.86 4063.877
v 0.001829427 -18858.6 -0.001866735
v 3913.232 -16734.64 9447.376
v 1994.949 -16734.64 10029.28
v 2968.372 -16734.65 9785.405
v 1763.407 -18393.86 4257.237
v 0.001829427 -18858.6 -0.001866735
v 1337.628 -18393.86 4409.563
v 0.001829427 -18858.6 -0.001866735
v 898.9775 -18393.86 4519.458
v 0.001829427 -18858.6 -0.001866735
v 451.6625 -18393.86 4585.793
v 0.001829427 -18858.6 -0.001866735
v 0.001053298 -18393.86 4608
v 0.001829427 -18858.6 -0.001866735
vn 0.1102619 -0.9939026 4.378435E-06
vn -1.783497E-07 -1 1.166966E-06
vn 0.1026112 -0.9944398 0.023673
vn 0.150293 -0.9885162 0.01573771
vn 0.2050651 -0.977953 0.03944731
vn 0.213382 -0.9769688 -2.122353E-06
vn 0.2127268 -0.9768263 0.02361537
vn 0.2919728 -0.9548303 0.0552354
vn 0.3002223 -0.9538693 -1.825815E-07
vn 0.299475 -0.9535815 0.03157813
vn 0.3783845 -0.9222876 0.07880849
vn 0.3864228 -0.9223217 -6.651407E-07
vn 0.3859417 -0.9216884 0.03923649
vn 0.4717469 -0.8804731 0.04713755
vn 0.2048818 -0.9767556 0.06302419
vn 0.2842309 -0.9548164 0.0868245
vn 0.1501171 -0.987531 0.04740654
vn 0.1026112 -0.9944398 0.023673
vn 0.1025503 -0.9939453 0.03944993
vn -1.783497E-07 -1 1.166966E-06
vn 0.1970238 -0.9772232 0.07884409
vn 0.2759184 -0.95388 0.1182458
vn 0.3549669 -0.9227935 0.1498352
vn 0.3704817 -0.9222586 0.1103742
vn 0.4552065 -0.8791313 0.141122
vn 0.464027 -0.8807835 0.09433703
vn 0.189081 -0.9766084 0.1023936
vn 0.2676068 -0.9530417 0.1417679
vn 0.1342837 -0.9883819 0.07119807
vn 0.1025503 -0.9939453 0.03944993
vn 0.0868241 -0.9942223 0.06311629
vn -1.783497E-07 -1 1.166966E-06
vn 0.1735879 -0.9776894 0.1182819
vn 0.2521295 -0.9534392 0.1654824
vn 0.3231663 -0.9221225 0.212729
vn 0.3392144 -0.9230454 0.1814411
vn 0.4172097 -0.8816813 0.2203956
vn 0.4398062 -0.8797253 0.1807036
vn 0.5360682 -0.8277907 0.16551
vn 0.1654723 -0.9770744 0.1339566
vn 0.2288597 -0.9548571 0.1893966
vn 0.1184435 -0.9884046 0.09501263
vn 0.0868241 -0.9942223 0.06311629
vn 0.07873107 -0.9937822 0.07872952
vn -1.783497E-07 -1 1.166966E-06
vn 0.150005 -0.97724 0.150002
vn 0.2122893 -0.953869 0.2122907
vn 0.2755219 -0.9209641 0.2755228
vn 0.2995294 -0.9222338 0.2444731
vn 0.3692587 -0.880036 0.2986381
vn 0.3928883 -0.8799364 0.2671156
vn 0.4967772 -0.8279518 0.2602082
vn 0.5199779 -0.8272664 0.2127282
vn 0.1339556 -0.9770743 0.1654743
vn 0.1893968 -0.9548568 0.2288608
vn 0.09489641 -0.9883982 0.1185905
vn 0.07873107 -0.9937822 0.07872952
vn 0.06313093 -0.9942258 0.08677317
vn -1.783497E-07 -1 1.166966E-06
vn 0.1182744 -0.9777066 0.1734967
vn 0.1654824 -0.953439 0.2521302
vn 0.2129417 -0.9221073 0.3230698
vn 0.2447011 -0.9221778 0.2995153
vn 0.2986008 -0.8800365 0.3692877
vn 0.3373667 -0.8788444 0.3373668
vn 0.4338118 -0.8281507 0.3549278
vn 0.4660312 -0.8293957 0.3080873
vn 0.559739 -0.7726218 0.2995796
vn 0.1024002 -0.976599 0.189126
vn 0.1417671 -0.9530039 0.2677417
vn 0.07111295 -0.9883453 0.1345977
vn 0.06313093 -0.9942258 0.08677317
vn 0.03945383 -0.9939453 0.1025484
vn -1.783497E-07 -1 1.166966E-06
vn 0.0788484 -0.9772231 0.197023
vn 0.1182465 -0.9538798 0.2759188
vn 0.1497683 -0.9227589 0.355085
vn 0.1814405 -0.9230457 0.3392138
vn 0.2204357 -0.8816628 0.4172275
vn 0.2670572 -0.8799574 0.3928811
vn 0.354916 -0.8281978 0.4337315
vn 0.3953325 -0.8291107 0.3953323
vn 0.4953875 -0.7705807 0.4009946
vn 0.5278052 -0.7718736 0.3544473
vn 0.2602097 -0.8279511 0.4967774
vn 0.3081721 -0.829386 0.4659923
vn 0.4010324 -0.7705782 0.4953608
vn 0.4491895 -0.7723068 0.4491893
vn 0.552141 -0.7021047 0.4496548
vn 0.1807695 -0.8797441 0.4397417
vn 0.629116 -0.6999069 0.338147
vn 0.5920591 -0.7026132 0.3947161
vn 0.5891817 -0.7702635 0.2440473
vn 0.6116186 -0.7684445 0.1881908
vn 0.5513305 -0.8269676 0.1102689
vn 0.5592674 -0.8271516 0.05513898
vn 0.4722634 -0.8814575 -4.211927E-07
vn 0.6797476 -0.7039474 0.2059157
vn 0.6225986 -0.7723167 0.1260873
vn 0.6357029 -0.7693777 0.06276742
vn 0.6554565 -0.7028399 0.2763928
vn 0.5600892 -0.8284324 2.003362E-07
vn 0.7092276 -0.7014042 0.07091125
vn 0.69594 -0.7038482 0.142356
vn 0.6371882 -0.7707082 2.810512E-07
vn 0.7166209 -0.6300772 0.2990942
vn 0.7413566 -0.6309404 0.2287021
vn 0.7627559 -0.6291769 0.1494649
vn 0.7722532 -0.6304083 0.07880564
vn 0.6859707 -0.6307832 0.3627077
vn 0.8181762 -0.5507347 0.165164
vn 0.796945 -0.5523307 0.2445598
vn 0.8294609 -0.5529138 0.07925244
vn 0.7703177 -0.5502291 0.3222711
vn 0.7777682 -0.6285513 0
vn 0.8343403 -0.5512497 -4.443573E-07
vn 0.7109782 -0.7032141 3.765199E-07
vn 0.709258 -0.701372 -0.0709258
vn 0.772253 -0.6304084 -0.07880709
vn 0.6357375 -0.7693485 -0.06277548
vn 0.5593055 -0.8271256 -0.0551423
vn 0.471999 -0.8803468 -0.04697368
vn 0.88476 -0.4660468 -1.402493E-06
vn 0.8294516 -0.55296 -0.07902746
vn 0.8814219 -0.4643291 0.08656799
vn 0.8678244 -0.4655812 0.173536
vn 0.8454077 -0.466164 0.2607239
vn 0.9251543 -0.3795913 -1.427478E-06
vn 0.9210281 -0.3778732 0.09444066
vn 0.8814003 -0.4643699 -0.08656859
vn 0.9074727 -0.3789406 0.1813757
vn 0.7627285 -0.6292043 -0.1494901
vn 0.8181485 -0.5508097 -0.1650505
vn 0.6959399 -0.7038481 -0.1423571
vn 0.6225637 -0.7723415 -0.1261076
vn 0.6799759 -0.7038009 -0.2056628
vn 0.5513305 -0.8269678 -0.1102675
vn 0.7413782 -0.6309476 -0.228612
vn 0.6116024 -0.7684665 -0.1881534
vn 0.464027 -0.8807834 -0.09433741
vn 0.3784037 -0.9222833 -0.07876661
vn 0.5360678 -0.8277908 -0.1655108
vn 0.3859718 -0.9216719 -0.03932615
vn 0.2994751 -0.9535813 -0.03157999
vn 0.2128472 -0.9768016 -0.02355142
vn 0.4552362 -0.8790946 -0.1412542
vn 0.2920267 -0.9548094 -0.05531105
vn 0.1503994 -0.9885037 -0.01550886
vn 0.1102619 -0.9939026 4.378435E-06
vn 0.1025786 -0.9944429 -0.02368409
vn -1.783497E-07 -1 1.166966E-06
vn 0.205067 -0.9779531 -0.03943735
vn 0.284231 -0.9548165 -0.08682273
vn 0.2049278 -0.9767459 -0.0630243
vn 0.3704911 -0.9222437 -0.1104672
vn 0.3548876 -0.9228171 -0.1498781
vn 0.1500868 -0.9875364 -0.04739105
vn 0.1025786 -0.9944429 -0.02368409
vn 0.1025519 -0.9939469 -0.03940512
vn -1.783497E-07 -1 1.166966E-06
vn 0.1970256 -0.977219 -0.07889151
vn 0.2759178 -0.9538802 -0.1182454
vn 0.4397426 -0.8797437 -0.180769
vn 0.5198999 -0.8273081 -0.2127567
vn 0.5891815 -0.7702636 -0.2440474
vn 0.6554567 -0.7028399 -0.2763921
vn 0.1890355 -0.9766178 -0.1023885
vn 0.2676971 -0.9530165 -0.141767
vn 0.1342915 -0.9883814 -0.0711904
vn 0.1025519 -0.9939469 -0.03940512
vn 0.08682984 -0.9942216 -0.06311891
vn -1.783497E-07 -1 1.166966E-06
vn 0.1734499 -0.977715 -0.1182728
vn 0.2520474 -0.9534535 -0.1655249
vn 0.3231473 -0.9221193 -0.2127721
vn 0.3392534 -0.9230272 -0.1814608
vn 0.4172462 -0.8816444 -0.2204741
vn 0.496744 -0.827962 -0.2602392
vn 0.392906 -0.8799583 -0.2670174
vn 0.5597386 -0.7726216 -0.2995808
vn 0.4659727 -0.8293816 -0.3082136
vn 0.6291166 -0.6999069 -0.338146
vn 0.5278438 -0.7718482 -0.3544451
vn 0.7166245 -0.629994 -0.2992607
vn 0.796922 -0.5523453 -0.2446015
vn 0.8678421 -0.4655426 -0.1735518
vn 0.9210122 -0.3779413 -0.09432255
vn 0.9570035 -0.2900763 -2.880115E-07
vn 0.9520173 -0.2911163 0.09441509
vn 0.6859707 -0.6307834 -0.3627073
vn 0.7703195 -0.5502034 -0.3223105
vn 0.8454079 -0.4661632 -0.2607247
vn 0.9074994 -0.3788349 -0.1814633
vn 0.9520175 -0.2911159 -0.09441513
vn 0.9805837 -0.1961012 3.279924E-07
vn 0.5920935 -0.7025821 -0.3947196
vn 0.7341725 -0.5525445 -0.3945699
vn 0.8184492 -0.4643545 -0.338402
vn 0.885133 -0.3800606 -0.2685025
vn 0.9376618 -0.29158 -0.1891337
vn 0.9758956 -0.1967428 -0.09444655
vn 0.6452746 -0.6295081 -0.4328284
vn 0.5521799 -0.7020809 -0.4496442
vn 0.6004533 -0.6320566 -0.4898574
vn 0.6930066 -0.5513405 -0.4645057
vn 0.7804526 -0.4651022 -0.4178202
vn 0.8561209 -0.3770075 -0.3534436
vn 0.9156308 -0.2920556 -0.2762678
vn 0.9619412 -0.1971395 -0.1892223
vn 0.4953349 -0.770575 -0.4010705
vn 0.4337322 -0.8281977 -0.3549155
vn 0.3692876 -0.8800361 -0.2986018
vn 0.8184857 -0.377771 -0.4328628
vn 0.8820888 -0.2913929 -0.3701479
vn 0.9383853 -0.1970684 -0.2838964
vn 0.7356884 -0.4669994 -0.4905857
vn 0.6458845 -0.5515171 -0.5278846
vn 0.8441485 -0.291853 -0.4497057
vn 0.7715396 -0.3779225 -0.5117629
vn 0.9048325 -0.1966566 -0.3776299
vn 0.685841 -0.4651238 -0.5597159
vn 0.9758961 -0.09446562 -0.1967309
vn 0.9520439 -0.09459962 -0.2909697
vn 0.9910498 -0.09439383 -0.09439348
vn 0.9954951 -0.09481265 -1.388E-06
vn 1 8.076796E-07 -1.959977E-06
vn 0.9954876 9.842029E-07 -0.09489217
vn 0.9759133 -0.1966232 0.09451181
vn 0.9806852 1.463857E-07 -0.1955925
vn 0.9910563 -0.09436112 0.09435764
vn 0.9376776 -0.2915445 0.1891097
vn 0.9619476 -0.1970624 0.1892703
vn 0.8851328 -0.3800622 0.2685007
vn 0.9156309 -0.2920558 0.2762669
vn 0.8184709 -0.4643144 0.3384045
vn 0.8561206 -0.3770081 0.3534438
vn 0.7341483 -0.5525479 0.39461
vn 0.7804528 -0.4651017 0.4178204
vn 0.6452684 -0.6295382 0.4327937
vn 0.6930134 -0.5514249 0.4643953
vn 0.6004031 -0.6320102 0.4899789
vn 0.5041896 -0.7011317 0.5041897
vn 0.4496756 -0.7021521 0.5520637
vn 0.3544498 -0.771899 0.5277663
vn 0.2995802 -0.7726218 0.5597386
vn 0.2127561 -0.8273084 0.5198995
vn 0.7356884 -0.4669996 0.4905853
vn 0.6459905 -0.5514551 0.5278197
vn 0.5499445 -0.6285863 0.5499458
vn 0.4900188 -0.6319947 0.6003869
vn 0.394712 -0.7026443 0.5920248
vn 0.3381459 -0.6999069 0.6291166
vn 0.2440472 -0.7702634 0.5891818
vn 0.8184318 -0.3778162 0.4329253
vn 0.8821319 -0.2913397 0.3700873
vn 0.9383852 -0.1970692 0.283896
vn 0.9759024 -0.0945348 0.1966666
vn 0.9954923 -3.463356E-07 0.09484245
vn 0.7715399 -0.377922 0.5117629
vn 0.8441482 -0.2918544 0.4497053
vn 0.9048678 -0.1965878 0.377581
vn 0.952029 -0.09449148 0.2910536
vn 0.9806496 4.862377E-07 0.1957715
vn 0.6858409 -0.465124 0.559716
vn 0.5901672 -0.5508229 0.5901668
vn 0.5279717 -0.5516006 0.6457419
vn 0.793682 -0.2907501 0.5343533
vn 0.8640891 -0.1963644 0.4634556
vn 0.9210206 -0.09448458 0.3778805
vn 0.7147453 -0.3770287 0.5890573
vn 0.6252682 -0.4669894 0.6252685
vn 0.5597408 -0.465227 0.6857507
vn 0.9569399 1.149941E-06 0.290286
vn 0.4644318 -0.5513969 0.6930113
vn 0.4905509 -0.4668167 0.7358274
vn 0.4327936 -0.6295387 0.645268
vn 0.3626688 -0.630778 0.685996
vn 0.3946497 -0.5525507 0.7341248
vn 0.4177876 -0.4651832 0.7804217
vn 0.5117623 -0.3779224 0.77154
vn 0.432864 -0.3777709 0.8184851
vn 0.589058 -0.3770283 0.7147449
vn 0.6544935 -0.3785187 0.6544936
vn 0.7400532 -0.29112 0.6062759
vn 0.8170388 -0.196381 0.5421089
vn 0.875775 -0.09470326 0.4733386
vn 0.9223857 -2.639135E-07 0.3862701
vn 0.5343533 -0.2907494 0.7936821
vn 0.6062058 -0.2912913 0.7400432
vn 0.6765156 -0.2909579 0.6765133
vn 0.7570413 -0.1970567 0.6229423
vn 0.8283198 -0.09464433 0.5522036
vn 0.8816805 2.704142E-07 0.4718469
vn 0.4496865 -0.2918954 0.8441439
vn 0.9210207 0.09448428 0.3778804
vn 0.8757755 0.09470223 0.473338
vn 0.9520289 0.09449201 0.2910537
vn 0.9758994 0.09450117 0.1966976
vn 0.9910501 0.09439085 0.09439234
vn 0.9062136 0.1891338 0.3781606
vn 0.9395691 0.1896748 0.2850146
vn 0.8654624 0.1889308 0.4639827
vn 0.9633845 0.1895335 0.1896507
vn 0.8283198 0.09464465 0.5522034
vn 0.8182173 0.1888679 0.5430004
vn 0.8309034 3.232851E-07 0.5564167
vn 0.7711766 -0.0944679 0.6295732
vn 0.6932548 -0.1969591 0.6932567
vn 0.6229501 -0.1970995 0.7570238
vn 0.5422046 -0.1962915 0.8169969
vn 0.4634123 -0.1962427 0.8641399
vn 0.7711321 0.09453584 0.6296176
vn 0.7708047 -3.711395E-07 0.6370715
vn 0.7039059 -0.0950401 0.7039062
vn 0.6295504 -0.09443366 0.7711995
vn 0.5522516 -0.09481504 0.8282682
vn 0.4733377 -0.09470254 0.8757756
vn 0.7582071 0.1895481 0.6238538
vn 0.3776307 -0.1966574 0.9048319
vn 0.3778802 -0.09448478 0.9210207
vn 0.3701484 -0.2913937 0.8820884
vn 0.3534439 -0.3770078 0.8561206
vn 0.338398 -0.4643959 0.8184273
vn 0.3222714 -0.5502294 0.7703174
vn 0.2992601 -0.6299939 0.7166249
vn 0.2763921 -0.7028398 0.6554568
vn 0.283919 -0.1969798 0.938397
vn 0.2762672 -0.2920555 0.9156309
vn 0.2687191 -0.3795251 0.885297
vn 0.2607244 -0.4661644 0.8454073
vn 0.2446456 -0.5523449 0.7969088
vn 0.2287017 -0.6309403 0.7413567
vn 0.2061383 -0.7040754 0.6795475
vn 0.2911089 -0.09441894 0.9520193
vn 0.1880789 -0.7685105 0.6115701
vn 0.1655103 -0.8277913 0.5360671
vn 0.1411667 -0.8791193 0.4552157
vn 0.1650873 -0.5507851 0.8181576
vn 0.14944 -0.629149 0.7627839
vn 0.1735028 -0.4656608 0.8677885
vn 0.1813759 -0.3789404 0.9074728
vn 0.1890853 -0.2915082 0.9376938
vn 0.1893189 -0.1969833 0.9619542
vn 0.1967294 -0.09446602 0.9758964
vn 0.08656776 -0.4643298 0.8814215
vn 0.09440198 -0.3778954 0.921023
vn 0.09440777 -0.2910722 0.9520316
vn 0.0943803 -0.1968645 0.9758774
vn 0.09439166 -0.09439167 0.9910501
vn 0.07902621 -0.5529608 0.8294512
vn 0.1950911 0 0.9807851
vn 0.0947956 3.186051E-07 0.9954967
vn 0 4.773462E-07 1
vn 0 -0.09494922 0.9954821
vn 8.841744E-07 -0.1959643 0.9806111
vn 0.2902853 1.666581E-07 0.9569402
vn 2.411216E-07 -0.2901636 0.9569771
vn 0.3862701 3.207968E-07 0.9223858
vn 0 -0.3800633 0.9249605
vn 0.4721319 0 0.881528
vn -8.362913E-07 -0.4660487 0.8847591
vn 0.556263 -1.775445E-07 0.8310063
vn 0.637071 2.503615E-07 0.7708052
vn 0.7071066 0 0.7071069
vn 0.703915 0.09490199 0.7039157
vn 0.629573 0.09446735 0.7711768
vn 0.6942706 0.1896743 0.6942708
vn 0.5522031 0.09464415 0.8283202
vn 0.6238537 0.1895486 0.758207
vn 0.6829941 0.2589172 0.6829941
vn 0.4733375 0.09470271 0.8757756
vn 0.5430713 0.1888912 0.8181648
vn 0.3779124 0.09451379 0.9210045
vn 0.7464545 0.2592239 0.6128692
vn 0.6128695 0.2592236 0.7464544
vn 0.4641293 0.1888348 0.8654048
vn 0.2910538 0.09449185 0.9520289
vn 0.8034517 0.2597974 0.5356966
vn 0.6724378 0.315541 0.6695231
vn 0.5356967 0.2597975 0.8034515
vn 0.3782463 0.1891146 0.9061818
vn 0.1966353 0.09456897 0.9759054
vn 0.8507066 0.2599464 0.4568657
vn 0.6033642 0.3148283 0.7326901
vn 0.4568657 0.2599457 0.8507067
vn 0.2850146 0.1896743 0.9395692
vn 0.0943919 0.09439159 0.9910501
vn 0.8915107 0.2602681 0.3707685
vn 0.5231325 0.3182147 0.7906148
vn 0.3707694 0.260267 0.8915106
vn 0.1895596 0.1895265 0.9634038
vn 0.9228451 0.2602698 0.2839305
vn 0.4496748 0.3144276 0.836019
vn 0.2838991 0.2602406 0.922863
vn 0.3612467 0.3175156 0.8767467
vn 0.09483483 0.1892467 0.9773393
vn 0.1893491 0.260351 0.9467652
vn 0.2784261 0.3196322 0.905712
vn -1.755616E-07 0.09490321 0.9954865
vn 0.4796313 0.5065949 0.7164603
vn 0.4102616 0.5003067 0.7624819
vn 0.3303547 0.504686 0.797595
vn 0.5464859 0.5017442 0.6705266
vn 0.6121491 0.5005476 0.6121483
vn 0.3721695 0.7435572 0.5555291
vn 0.4246044 0.7398133 0.5219074
vn 0.3199095 0.7386165 0.5933833
vn 0.4765776 0.7387458 0.4765799
vn 0.253297 0.5000885 0.8281015
vn 0.2565269 0.742064 0.619302
vn 0.1834968 0.3169975 0.9305061
vn 0.09452167 0.2599519 0.9609842
vn 2.215684E-07 0.188721 0.9820307
vn 0.2405129 0.901094 0.3608091
vn 0.2739006 0.9036482 0.329239
vn 0.3020388 0.9041816 0.30204
vn 0.1991216 0.9042828 0.3776549
vn 0.09181561 0.3148046 0.9447052
vn -2.754132E-07 0.259009 0.9658749
vn 0.1679216 0.5043715 0.8470017
vn 0.1976211 0.7384554 0.6446934
vn 0.16527 0.9021037 0.3986161
vn 0.1270891 0.9801314 0.1522852
vn 0.1047537 0.9808366 0.164275
vn 0.06365741 0.9949528 0.07756773
vn 0.1359655 0.9807397 0.1402247
vn 0.07095338 0.9949527 0.07095565
vn 0.09024578 0.9802722 0.1758468
vn 0.02662057 0.9968738 0.07439047
vn 0.07314479 0.9807019 0.1813108
vn 0.1217684 0.904313 0.4091338
vn 0.1478991 0.9810576 0.1251076
vn 0.08268508 0.9950431 0.05524879
vn 0.1662572 0.9798688 0.1105243
vn 0.3312484 0.90416 0.2697579
vn 0.5199117 0.7388136 0.428773
vn 0.3556268 0.9026156 0.2425173
vn 0.6681836 0.5005562 0.550431
vn 0.1304475 0.7416202 0.6580145
vn 0.1740286 0.9800702 0.09579362
vn 0.08268508 0.9950431 0.05524879
vn 0.5604306 0.7412244 0.3694645
vn 0.7343917 0.3143764 0.6015283
vn 0.382501 0.9019088 0.2006327
vn 0.7206013 0.5036221 0.4765486
vn 0.7889592 0.320843 0.5240259
vn 0.589246 0.7425038 0.3185551
vn 0.1813279 0.980702 0.07310077
vn 0.09270626 0.9949529 0.0383977
vn 0.8376665 0.3136305 0.4471588
vn 0.7596254 0.5051916 0.4095739
vn 0.3955337 0.9037167 0.1638574
vn 0.8768004 0.317513 0.3611184
vn 0.799291 0.501441 0.3311962
vn 0.621912 0.7394507 0.2577559
vn 0.1845035 0.9813733 0.05352655
vn 0.09602416 0.9949529 0.02912411
vn 0.4141566 0.9019856 0.1220501
vn 0.6403093 0.7422071 0.1978195
vn 0.8250368 0.5048699 0.2538123
vn 0.9069876 0.3208422 0.2728257
vn 0.1928331 0.9804581 0.03895223
vn 0.09539104 0.9952757 -0.01808104
vn 0.1974941 0.980135 0.01820608
vn 0.4207469 0.9031605 0.0852833
vn 0.6595773 0.7403787 0.1296044
vn 0.4268469 0.9034738 0.03920209
vn 0.8481591 0.5026142 0.1673475
vn 0.9467649 0.2603509 0.1893502
vn 0.1975765 0.9802875 -1.813804E-06
vn 0.09539104 0.9952757 -0.01808104
vn 0.6690428 0.7400219 0.06891586
vn 0.9303326 0.3162667 0.1856247
vn 0.97736 0.1892054 0.09470379
vn 0.429758 0.9029415 -0.002171846
vn 0.8603649 0.5020899 0.08762478
vn 0.9609957 0.2599081 0.09452515
vn 0.9954819 0.09495143 -2.283107E-06
vn 0.1934479 0.9809769 -0.01619476
vn 0.09539104 0.9952757 -0.01808104
vn 0.6716813 0.7408371 0.002171966
vn 0.943746 0.3164866 0.09581061
vn 0.982057 0.1885846 -2.314919E-07
vn 0.9910499 0.09439337 -0.09439343
vn 0.4251817 0.9040841 -0.04303801
vn 0.8642226 0.503105 0.00214553
vn 0.9658504 0.2591006 -2.725283E-07
vn 0.9773732 0.1891798 -0.09461845
vn 0.9758961 0.09446652 -0.1967303
vn 0.1925436 0.9805998 -0.03675753
vn 0.09539104 0.9952757 -0.01808104
vn 0.9482208 0.3176045 0.002189893
vn 0.9609957 0.2599081 -0.09452515
vn 0.9633748 0.1895368 -0.1896965
vn 0.943544 0.3187937 -0.08997476
vn 0.8615807 0.5006735 -0.08369426
vn 0.946765 0.2603509 -0.1893502
vn 0.9296887 0.3188572 -0.1844151
vn 0.6707423 0.7388501 -0.06484871
vn 0.8470013 0.5043718 -0.1679226
vn 0.4228158 0.9022402 -0.08479131
vn 0.6580141 0.7416204 -0.1304481
vn 0.1897979 0.9800104 -0.05963484
vn 0.0960242 0.9949529 -0.02912413
vn 0.4141558 0.9019861 -0.1220486
vn 0.6403102 0.7422061 -0.1978205
vn 0.8250374 0.5048686 -0.2538132
vn 0.181366 0.9807013 -0.07301603
vn 0.09539104 0.9952757 -0.01808104
vn 0.3985443 0.9021425 -0.1652312
vn 0.9078609 0.3141984 -0.277611
vn 0.6193014 0.7420639 -0.2565285
vn 0.1740498 0.9800623 -0.09583636
vn 0.08849642 0.9949526 -0.04730475
vn 0.3755817 0.9039941 -0.2042866
vn 0.7976775 0.5045314 -0.3303917
vn 0.9228272 0.2602987 -0.2839623
vn 0.1643142 0.980839 -0.1046693
vn 0.08343346 0.9949528 -0.05574811
vn 0.5955108 0.739224 -0.3145071
vn 0.8754925 0.3194268 -0.3626011
vn 0.9395694 0.1896728 -0.285015
vn 0.3608089 0.9010941 -0.2405126
vn 0.7647467 0.5010683 -0.4050839
vn 0.891511 0.260267 -0.3707685
vn 0.952039 0.09456234 -0.2909979
vn 0.1540465 0.9804283 -0.1225969
vn 0.07031798 0.9950433 -0.07031456
vn 0.1403188 0.980113 -0.140318
vn 0.5555291 0.7435573 -0.3721694
vn 0.3312492 0.9041598 -0.2697573
vn 0.8385223 0.3152675 -0.4443948
vn 0.9061816 0.1891147 -0.3782466
vn 0.7164603 0.5065948 -0.4796315
vn 0.5199113 0.7388139 -0.428773
vn 0.3017513 0.9029541 -0.3059741
vn 0.8507492 0.2598696 -0.45683
vn 0.7868801 0.3216127 -0.5266734
vn 0.6681833 0.5005563 -0.5504313
vn 0.1251224 0.9810622 -0.1478558
vn 0.07031798 0.9950433 -0.07031456
vn 0.4770437 0.7408587 -0.4728188
vn 0.2698765 0.9041094 -0.3312897
vn 0.110543 0.9798597 -0.1662985
vn 0.003576155 0.9956717 -0.09287108
vn 0.09579388 0.9800699 -0.1740302
vn 0.2426402 0.9026048 -0.3555704
vn 0.4287727 0.7388132 -0.5199125
vn 0.6132066 0.5031257 -0.6089681
vn 0.7352223 0.3161027 -0.599606
vn 0.803452 0.2597963 -0.5356967
vn 0.8654476 0.1889068 -0.4640201
vn 0.9209566 0.09460135 -0.3780074
vn 0.9569399 0 -0.290286
vn 0.9210215 -0.09448438 -0.3778787
vn 0.922368 1.015509E-06 -0.3863125
vn 0.87581 0.09474715 -0.4732651
vn 0.8182448 0.1888552 -0.5429633
vn 0.7464422 0.2592674 -0.6128658
vn 0.8640894 -0.1963635 -0.4634553
vn 0.8757581 -0.09468019 -0.4733746
vn 0.8815939 7.899806E-07 -0.4720087
vn 0.8283204 0.09464309 -0.5522028
vn 0.7936823 -0.2907493 -0.5343531
vn 0.817039 -0.1963817 -0.5421085
vn 0.8282816 -0.09477154 -0.5522391
vn 0.7147447 -0.3770283 -0.5890582
vn 0.7400481 -0.2912056 -0.606241
vn 0.7584073 0.1895814 -0.6236003
vn 0.8310837 3.120222E-07 -0.5561475
vn 0.7570748 -0.196971 -0.6229287
vn 0.7711773 0.09446689 -0.6295726
vn 0.7711774 -0.09446649 -0.6295726
vn 0.7708053 1.008448E-06 -0.6370707
vn 0.6252074 -0.4671527 -0.6252072
vn 0.6544821 -0.3785611 -0.6544804
vn 0.6765054 -0.291002 -0.6765045
vn 0.6932557 -0.1969579 -0.6932563
vn 0.7039186 -0.09485468 -0.7039185
vn 0.5902038 -0.550745 -0.590203
vn 0.5499661 -0.6285499 -0.5499659
vn 0.5041893 -0.7011319 -0.5041897
vn 0.4492652 -0.7722183 -0.4492657
vn 0.3953327 -0.8291106 -0.3953323
vn 0.3373666 -0.8788442 -0.3373673
vn 0.2754618 -0.9210006 -0.2754608
vn 0.2995353 -0.9222558 -0.2443825
vn 0.2288602 -0.9548571 -0.1893961
vn 0.1654735 -0.9770743 -0.1339561
vn 0.2126059 -0.9537285 -0.2126046
vn 0.1185234 -0.9884001 -0.09496054
vn 0.08682984 -0.9942216 -0.06311891
vn 0.07840582 -0.9938337 -0.07840328
vn -1.783497E-07 -1 1.166966E-06
vn 0.1498085 -0.9772996 -0.1498094
vn 0.1339551 -0.9770742 -0.1654748
vn 0.1893975 -0.9548572 -0.2288586
vn 0.09501219 -0.9884045 -0.1184452
vn 0.07840582 -0.9938337 -0.07840328
vn 0.06312961 -0.9942252 -0.08678035
vn -1.783497E-07 -1 1.166966E-06
vn 0.1182778 -0.9776981 -0.1735418
vn 0.1655471 -0.9534608 -0.2520053
vn 0.2127719 -0.9221191 -0.3231477
vn 0.2446106 -0.9222003 -0.2995201
vn 0.2985651 -0.8800368 -0.3693158
vn 0.3548979 -0.8282681 -0.4336123
vn 0.2670175 -0.8799583 -0.392906
vn 0.4010711 -0.7705746 -0.4953351
vn 0.3081718 -0.8293861 -0.4659923
vn 0.4496553 -0.7021045 -0.5521407
vn 0.3544453 -0.7718481 -0.5278439
vn 0.4900192 -0.6319945 -0.6003867
vn 0.3947155 -0.7026137 -0.5920589
vn 0.5278204 -0.5514549 -0.64599
vn 0.5597078 -0.4650895 -0.6858709
vn 0.5890578 -0.3770284 -0.7147451
vn 0.6062067 -0.2912905 -0.7400427
vn 0.6229289 -0.1969709 -0.7570747
vn 0.6295506 -0.09443308 -0.7711993
vn 0.4645425 -0.5513123 -0.6930044
vn 0.4905587 -0.4668534 -0.735799
vn 0.5118137 -0.3779733 -0.771481
vn 0.5343537 -0.2907493 -0.793682
vn 0.5421738 -0.1963201 -0.8170104
vn 0.5522028 -0.09464369 -0.8283204
vn 0.4328287 -0.6295078 -0.6452746
vn 0.6370721 2.563125E-07 -0.7708043
vn 0.5561486 2.113489E-07 -0.8310829
vn 0.7071074 0 -0.7071061
vn 0.7039001 0.09513149 -0.7038996
vn 0.6295511 0.09443356 -0.7711989
vn 0.6942707 0.1896728 -0.6942712
vn 0.682969 0.2590517 -0.6829681
vn 0.6237816 0.1895577 -0.7582641
vn 0.5522389 0.09477226 -0.8282816
vn 0.4720915 0 -0.8815495
vn 0.6695085 0.3155082 -0.6724679
vn 0.612866 0.259267 -0.7464422
vn 0.5429639 0.1888557 -0.8182443
vn 0.5504305 0.5005556 -0.6681843
vn 0.6015281 0.3144188 -0.7343738
vn 0.3694236 0.7412307 -0.5604493
vn 0.4733011 0.09472509 -0.8757929
vn 0.5356588 0.2598809 -0.8034498
vn 0.4765092 0.5036301 -0.7206218
vn 0.2006982 0.9019428 -0.3823867
vn 0.4639461 0.1889541 -0.865477
vn 0.5239969 0.3208801 -0.7889633
vn 0.3185351 0.7424839 -0.5892819
vn 0.07568903 0.9803254 -0.1822998
vn 0.003576155 0.9956717 -0.09287108
vn 0.1662292 0.9029273 -0.396346
vn 0.4095749 0.5051903 -0.7596257
vn 0.4568653 0.2599448 -0.8507072
vn 0.05352933 0.9813733 -0.1845027
vn 0.01945008 0.9977527 -0.0641185
vn 0.2552835 0.7407411 -0.6213959
vn 0.4471535 0.3137183 -0.8376363
vn 0.1220488 0.9019861 -0.414156
vn 0.3289696 0.5030047 -0.7992279
vn 0.03683686 0.9806057 -0.192498
vn 0.003576155 0.9956717 -0.09287108
vn 0.01823769 0.9801518 -0.197408
vn 0.1978525 0.7422218 -0.6402822
vn 0.08307115 0.903563 -0.4203249
vn 0.3707804 0.2603087 -0.8914939
vn 0.3614409 0.3187527 -0.8762175
vn 0.2538133 0.5048684 -0.8250374
vn 0.1319017 0.7397816 -0.6597918
vn 0.03932915 0.9034473 -0.4268912
vn 0.002130908 0.9807335 -0.1953388
vn 0.003576155 0.9956717 -0.09287108
vn 1.22708E-06 0.9037943 -0.4279671
vn 0.06878906 0.7400572 -0.6690168
vn 7.819067E-07 0.7394474 -0.6732144
vn 0.1693426 0.5018144 -0.8482366
vn 0.0875865 0.5021077 -0.8603584
vn 1.467365E-07 0.5012057 -0.8653281
vn 0.2792086 0.3167417 -0.9064862
vn 0.1834755 0.3181654 -0.9301115
vn 0.09009183 0.3163807 -0.9443446
vn 4.545501E-07 0.3154515 -0.9489418
vn 5.938346E-07 0.2591429 -0.965839
vn 0.09452555 0.2599064 -0.9609962
vn -3.637397E-07 0.1888565 -0.9820047
vn 0.283962 0.2602991 -0.9228272
vn 0.1893495 0.2603503 -0.9467652
vn 0.09461689 0.1891792 -0.9773735
vn -4.608882E-07 0.09481166 -0.9954952
vn 0.1895154 0.1895229 -0.9634132
vn 0.09439183 0.09439187 -0.9910501
vn 3.904479E-07 -7.166147E-07 -1
vn 0.2844536 0.1895682 -0.9397606
vn 0.1966679 0.09453343 -0.9759023
vn 0.09484446 3.123423E-07 -0.9954921
vn 0.378205 0.1891236 -0.9061971
vn 0.2910262 0.09452659 -0.9520339
vn 0.3778485 0.09445583 -0.9210367
vn 0.195999 1.845474E-07 -0.9806041
vn 0.09439196 -0.09439126 -0.9910501
vn 1.234988E-06 -0.094904 -0.9954864
vn 0.2902854 1.702293E-07 -0.9569401
vn 0.3862275 -1.900213E-07 -0.9224035
vn 0.1967295 -0.09446554 -0.9758964
vn 0.09444726 -0.1967423 -0.9758956
vn -3.516561E-07 -0.1960533 -0.9805932
vn 0.2910256 -0.09452736 -0.9520339
vn 0.3779756 -0.09457301 -0.9209725
vn 0.4732664 -0.09474661 -0.8758094
vn 0.4634414 -0.1963229 -0.8641061
vn 0.1892459 -0.1970997 -0.9619448
vn 0.09441496 -0.2911151 -0.9520178
vn -6.56808E-07 -0.2902516 -0.9569504
vn 0.2838959 -0.197068 -0.9383855
vn 0.3776557 -0.1966919 -0.9048141
vn 0.4496858 -0.2918955 -0.8441443
vn 0.1890842 -0.2915086 -0.937694
vn 0.09444142 -0.377873 -0.9210281
vn 3.698424E-07 -0.3795921 -0.925154
vn 0.2762863 -0.2920131 -0.9156387
vn 0.3701487 -0.2913927 -0.8820885
vn 0.4329556 -0.3778382 -0.8184057
vn 0.181434 -0.3788699 -0.9074907
vn 0.08656803 -0.4643299 -0.8814214
vn 1.149783E-07 -0.4661712 -0.8846945
vn 0.2685022 -0.3800614 -0.8851327
vn 0.3534429 -0.3770078 -0.856121
vn 0.4177714 -0.4652243 -0.7804059
vn 0.1735191 -0.4656214 -0.8678064
vn 0.07902563 -0.5529605 -0.8294513
vn 0 -0.5512501 -0.8343401
vn 0.2607234 -0.4661641 -0.8454078
vn 0.3384009 -0.464355 -0.8184493
vn 0.3946504 -0.5525506 -0.7341246
vn 0.1651637 -0.5507345 -0.8181764
vn 0.07880653 -0.6304082 -0.7722532
vn 3.303431E-07 -0.6285509 -0.7777685
vn 0.2446462 -0.5523444 -0.796909
vn 0.3222335 -0.5502547 -0.7703151
vn 0.3627453 -0.6307896 -0.6859449
vn 0.1494657 -0.6291764 -0.7627563
vn 0.07087936 -0.7014675 -0.7091682
vn -5.625043E-07 -0.7032141 -0.7109782
vn 2.984262E-07 -0.7702634 -0.6377259
vn 0.2287028 -0.6309406 -0.7413562
vn 0.2991776 -0.6300357 -0.7166225
vn 0.3381455 -0.6999069 -0.6291168
vn 0.1422185 -0.703857 -0.6959592
vn 0.06276786 -0.7693781 -0.6357025
vn 3.747118E-07 -0.8285627 -0.5598962
vn 0.2061385 -0.7040756 -0.6795474
vn 0.2763928 -0.7028393 -0.6554571
vn 0.1260871 -0.7723169 -0.6225984
vn 0.2995799 -0.7726219 -0.5597387
vn 0.2437737 -0.7702203 -0.5893514
vn 0.05514295 -0.8271256 -0.5593054
vn 5.890615E-07 -0.8814572 -0.4722639
vn 0.1102256 -0.8270451 -0.551223
vn 0.188154 -0.7684663 -0.6116025
vn 0.2602091 -0.8279514 -0.4967773
vn 0.2127559 -0.8273089 -0.519899
vn 0.04713675 -0.8804731 -0.471747
vn 3.600726E-07 -0.9223582 -0.3863358
vn 0.0943683 -0.8807977 -0.4639935
vn 0.07880926 -0.9222876 -0.3783841
vn 0.1655526 -0.8277736 -0.5360814
vn 0.2204744 -0.8816442 -0.4172464
vn 0.1808023 -0.8797535 -0.4397093
vn 0.1498349 -0.9227937 -0.3549666
vn 0.1412568 -0.8790944 -0.4552359
vn 0.03936781 -0.9216642 -0.3859862
vn 0.0314408 -0.9535887 -0.2994664
vn 4.525945E-07 -0.9538693 -0.3002222
vn 0.1814597 -0.923027 -0.3392544
vn 0.1417671 -0.9530042 -0.2677407
vn 0.02359648 -0.9768182 -0.2127662
vn 1.627093E-06 -0.9770995 -0.2127827
vn 0.1024053 -0.9765897 -0.1891706
vn 0.05534569 -0.9547989 -0.2920548
vn 0.01526735 -0.9884885 -0.1505239
vn 0 -0.9938862 -0.1104099
vn 0.02368631 -0.9944426 -0.1025807
vn -1.783497E-07 -1 1.166966E-06
vn 0.0394377 -0.9779536 -0.2050649
vn 0.1182467 -0.9538801 -0.2759174
vn 0.07139621 -0.9884637 -0.1335741
vn 0.06312961 -0.9942252 -0.08678035
vn 0.03940647 -0.9939466 -0.1025537
vn -1.783497E-07 -1 1.166966E-06
vn 0.0788485 -0.977223 -0.1970234
vn 0.06302294 -0.976756 -0.2048801
vn 0.08681191 -0.9548439 -0.2841423
vn 0.04739181 -0.9875359 -0.1500894
vn 0.02368631 -0.9944426 -0.1025807
vn 0.03940647 -0.9939466 -0.1025537
vn -1.783497E-07 -1 1.166966E-06
vn 0.1103747 -0.9222581 -0.3704825
vn 0.03945383 -0.9939453 0.1025484
vn -1.783497E-07 -1 1.166966E-06
vn 0.0236725 -0.9944391 0.1026179
vn 0.04741247 -0.9875301 0.1501211
vn 0.03943891 -0.9779533 0.2050657
vn 0.06302279 -0.976756 0.2048804
vn 0.08681163 -0.9548439 0.2841426
vn 0.05527301 -0.9548199 0.2919997
vn 0.07889307 -0.9222963 0.3783455
vn 0.1105125 -0.9222363 0.3704959
vn 0.09433697 -0.8807834 0.4640271
vn 0.1102536 -0.8269939 0.5512941
vn 0.1261083 -0.7723408 0.6225643
vn 0.1423565 -0.7038487 0.6959394
vn 0.07885049 -0.6303954 0.7722592
vn 0.07087952 -0.7014678 0.7091679
vn 0.06276698 -0.7693775 0.6357032
vn 0.05514214 -0.8271257 0.5593053
vn 0 -0.5510957 0.8344421
vn 0 -0.6285513 0.7777682
vn 0.04716057 -0.8804914 0.4717105
vn 1.650042E-07 -0.7705598 0.6373678
vn -5.21919E-07 -0.8287194 0.5596644
vn 0 -0.7031482 0.7110433
vn -0.07092595 -0.7013721 0.7092578
vn -0.07880627 -0.6304085 0.7722531
vn -0.07907175 -0.5529511 0.8294533
vn -2.372639E-07 -0.8814573 0.4722636
vn -1.189474E-07 -0.9223937 0.3862511
vn 0.03923719 -0.9216882 0.3859422
vn 0.03148794 -0.9535862 0.2994693
vn -0.06276705 -0.7693778 0.6357028
vn -0.05514251 -0.8271258 0.559305
vn 0.02361812 -0.9768266 0.2127252
vn -0.04718412 -0.8805093 0.4716748
vn 0 -0.9538693 0.300222
vn 0.01552156 -0.9885041 0.1503955
vn 0.0236725 -0.9944391 0.1026179
vn 2.516754E-07 -0.9938711 0.1105454
vn -1.783497E-07 -1 1.166966E-06
vn 0 -0.9770694 0.2129207
vn -0.110225 -0.8270459 0.551222
vn -0.09421475 -0.880728 0.464157
vn -0.07880891 -0.9222874 0.3783848
vn -0.0392372 -0.9216881 0.3859423
vn -0.03153268 -0.9535839 0.299472
vn -0.02361795 -0.9768265 0.2127257
vn -0.1260877 -0.7723169 0.6225982
vn -0.05538348 -0.9547885 0.2920815
vn -0.01565043 -0.9885115 0.1503334
vn 2.516754E-07 -0.9938711 0.1105454
vn -0.02368748 -0.9944435 0.1025727
vn -1.783497E-07 -1 1.166966E-06
vn -0.03944109 -0.9779528 0.2050677
vn -0.1423565 -0.7038487 0.6959394
vn -0.1494648 -0.6291769 0.762756
vn -0.2055992 -0.7037647 0.6800326
vn -0.1881531 -0.7684661 0.6116031
vn -0.1655526 -0.827774 0.5360808
vn -0.1412543 -0.8790947 0.4552359
vn -0.0630195 -0.976765 0.2048384
vn -0.0868061 -0.954858 0.2840967
vn -0.1104207 -0.9222509 0.3704869
vn -0.1498344 -0.922794 0.3549661
vn -0.1806708 -0.879716 0.4398385
vn -0.2127284 -0.8272666 0.5199775
vn -0.2440474 -0.7702631 0.589182
vn -0.04738581 -0.9875376 0.1500804
vn -0.02368748 -0.9944435 0.1025727
vn -0.0394509 -0.9939451 0.1025512
vn -1.783497E-07 -1 1.166966E-06
vn -0.07888731 -0.9772187 0.1970289
vn -0.1181595 -0.9538801 0.2759547
vn -0.26024 -0.8279619 0.4967436
vn -0.29958 -0.7726216 0.559739
vn -0.2204743 -0.8816442 0.4172466
vn -0.102405 -0.9765896 0.1891714
vn -0.1417671 -0.9530163 0.2676974
vn -0.1814406 -0.9230456 0.3392138
vn -0.2128562 -0.9221135 0.3231083
vn -0.2670965 -0.8799564 0.3928566
vn -0.3080873 -0.8293959 0.4660307
vn -0.0711735 -0.9883707 0.1343792
vn -0.0394509 -0.9939451 0.1025512
vn -0.06313114 -0.9942251 0.08678129
vn -1.783497E-07 -1 1.166966E-06
vn -0.1182748 -0.9777071 0.1734927
vn -0.1655694 -0.9534676 0.2519649
vn -0.1339564 -0.9770743 0.1654737
vn -0.1893969 -0.9548573 0.2288587
vn -0.09489839 -0.9883978 0.1185926
vn -0.06313114 -0.9942251 0.08678129
vn -0.07839972 -0.9938346 0.0783985
vn -1.783497E-07 -1 1.166966E-06
vn -0.1497746 -0.9773095 0.1497785
vn -0.212289 -0.9538694 0.2122888
vn -0.2754298 -0.9210192 0.2754309
vn -0.2444724 -0.9222339 0.2995296
vn -0.2986384 -0.8800358 0.3692589
vn -0.3549157 -0.8281975 0.4337324
vn -0.3373671 -0.8788443 0.3373667
vn -0.1654734 -0.9770747 0.1339539
vn -0.2288602 -0.9548569 0.1893972
vn -0.1185952 -0.9883975 0.09489749
vn -0.07839972 -0.9938346 0.0783985
vn -0.08687092 -0.9942189 0.0631045
vn -1.783497E-07 -1 1.166966E-06
vn -0.1734952 -0.9777074 0.1182699
vn -0.2520071 -0.9534605 0.1655462
vn -0.3231083 -0.9221135 0.2128562
vn -0.2995289 -0.9222341 0.2444722
vn -0.3692886 -0.8800358 0.2986017
vn -0.3953322 -0.8291104 0.395333
vn -0.4337318 -0.8281979 0.3549154
vn -0.3928564 -0.8799564 0.2670963
vn -0.4010711 -0.7705746 0.495335
vn -0.354452 -0.7719251 0.5277267
vn -0.3381447 -0.6999073 0.6291168
vn -0.2763923 -0.7028399 0.6554566
vn -0.2287017 -0.6309403 0.7413568
vn -0.2992598 -0.6299944 0.7166246
vn -0.1651629 -0.5507351 0.8181762
vn -0.2445597 -0.5523313 0.7969446
vn -0.08656773 -0.4643301 0.8814214
vn -0.1735512 -0.4655423 0.8678423
vn -0.09444115 -0.3778726 0.9210283
vn -0.09441528 -0.2911162 0.9520174
vn -0.1812892 -0.379045 0.9074464
vn -0.2607245 -0.466164 0.8454075
vn -0.3221557 -0.5503066 0.7703105
vn -0.09446721 -0.1967026 0.9759016
vn -0.1891105 -0.2915441 0.9376776
vn -0.2685014 -0.3800621 0.8851326
vn -0.09439249 -0.0943914 0.9910501
vn -0.1892938 -0.1970223 0.9619512
vn -0.3626688 -0.6307782 0.6859958
vn -0.3383965 -0.4644365 0.8184049
vn -0.2762672 -0.2920554 0.9156309
vn -0.3947157 -0.7026134 0.592059
vn -0.3945313 -0.5525411 0.7341958
vn -0.353444 -0.377008 0.8561205
vn -0.4496551 -0.7021046 0.5521408
vn -0.4328282 -0.6295078 0.6452749
vn -0.4178205 -0.4651023 0.7804524
vn -0.4898578 -0.6320565 0.6004532
vn -0.4646159 -0.5512562 0.6929998
vn -0.4492655 -0.7722185 0.4492651
vn -0.5041666 -0.701165 0.5041664
vn -0.4953089 -0.7705716 0.4011091
vn -0.5521795 -0.702081 0.4496445
vn -0.4659918 -0.8293865 0.3081717
vn -0.5278049 -0.771874 0.354447
vn -0.4905779 -0.4669636 0.7357162
vn -0.527842 -0.5514758 0.6459547
vn -0.5499658 -0.6285501 0.5499658
vn -0.6004531 -0.6320566 0.4898577
vn -0.5920592 -0.7026134 0.3947157
vn -0.4328636 -0.3777708 0.8184854
vn -0.3701479 -0.2913933 0.8820887
vn -0.2839076 -0.197024 0.9383912
vn -0.1967304 -0.09446725 0.9758961
vn -0.09493402 2.703164E-07 0.9954836
vn -0.09449476 0.09448361 0.9910316
vn -0.09461701 0.1891799 0.9773733
vn -0.09452438 0.2599074 0.960996
vn -0.449686 -0.2918958 0.8441442
vn -0.3776557 -0.1966916 0.9048141
vn -0.2910823 -0.09445488 0.9520239
vn -0.1958633 1.921726E-07 0.9806312
vn -0.1966355 0.09456939 0.9759052
vn -0.1896965 0.1895362 0.963375
vn -0.1893491 0.2603505 0.9467652
vn -0.5117627 -0.3779221 0.7715399
vn -0.5597326 -0.4651928 0.6857807
vn -0.5901309 -0.5509005 0.5901307
vn -0.6458486 -0.5515381 0.5279067
vn -0.2850148 0.1896744 0.9395692
vn -0.2839625 0.2602989 0.9228271
vn -0.2910542 0.09449147 0.9520288
vn -0.2902872 0 0.9569396
vn -0.3778483 -0.09445524 0.9210369
vn -0.4634551 -0.1963646 0.8640894
vn -0.5343539 -0.2907496 0.7936817
vn -0.588975 -0.3771396 0.7147546
vn -0.6252378 -0.4670711 0.6252378
vn -0.6858709 -0.4650893 0.5597081
vn -0.3778796 0.09448551 0.9210209
vn -0.3863131 2.672282E-07 0.9223678
vn -0.473338 -0.09470188 0.8757755
vn -0.5420771 -0.1964102 0.817053
vn -0.6062591 -0.2911626 0.7400502
vn -0.6544564 -0.3786475 0.6544562
vn -0.7147451 -0.3770288 0.5890575
vn -0.3782032 0.1891243 0.9061977
vn -0.3707685 0.2602668 0.891511
vn -0.5522515 -0.09481534 0.8282683
vn -0.6229489 -0.1970993 0.7570248
vn -0.6764963 -0.2910464 0.6764945
vn -0.7400507 -0.2911632 0.6062582
vn -0.4720914 -1.930145E-07 0.8815495
vn -0.4733017 0.0947246 0.8757927
vn -0.464057 0.1888825 0.8654332
vn -0.4568654 0.2599458 0.8507069
vn -0.6296178 -0.09453584 0.7711319
vn -0.6932818 -0.1967775 0.6932813
vn -0.5563796 -1.11342E-07 0.8309283
vn -0.5522029 0.09464443 0.8283203
vn -0.543037 0.1888792 0.8181904
vn -0.5356583 0.2598817 0.8034499
vn -0.7570412 -0.1970569 0.6229424
vn -0.636965 -3.611054E-07 0.7708928
vn -0.6296397 0.09457005 0.7711099
vn -0.6236733 0.1895715 0.7583497
vn -0.7038968 -0.09517706 0.7038968
vn -0.6128651 0.2592676 0.7464427
vn -0.7711767 -0.09446746 0.6295732
vn -0.8170388 -0.1963816 0.5421087
vn -0.8283201 -0.09464449 0.5522031
vn -0.7936821 -0.2907491 0.5343536
vn -0.7715394 -0.3779223 0.5117633
vn -0.7358544 -0.4667804 0.4905451
vn -0.693 -0.5512562 0.4646156
vn -0.6452746 -0.6295082 0.432828
vn -0.8641061 -0.1963237 0.4634413
vn -0.8441487 -0.2918532 0.4497051
vn -0.8184586 -0.3777939 0.4328941
vn -0.7804524 -0.4651023 0.4178205
vn -0.7341722 -0.5525444 0.3945705
vn -0.6859961 -0.6307775 0.3626695
vn -0.8757753 -0.09470332 0.473338
vn -0.6291165 -0.699907 0.3381459
vn -0.5597726 -0.7725922 0.2995928
vn -0.4967777 -0.8279512 0.2602091
vn -0.4172285 -0.8816627 0.2204344
vn -0.7703174 -0.5502295 0.3222711
vn -0.7166226 -0.6300361 0.2991767
vn -0.8184488 -0.464355 0.3384021
vn -0.8561205 -0.3770078 0.3534442
vn -0.882067 -0.2914195 0.370179
vn -0.9047964 -0.1967256 0.3776805
vn -0.921021 -0.0944837 0.3778799
vn -0.845408 -0.4661862 0.2606832
vn -0.8852214 -0.3797725 0.2686189
vn -0.9156384 -0.2920141 0.276286
vn -0.938391 -0.1970247 0.2839077
vn -0.952024 -0.09445512 0.2910815
vn -0.796932 -0.55233 0.2446038
vn -0.9224396 0 0.3861415
vn -0.9569402 1.493971E-07 0.290285
vn -0.8819211 9.023346E-07 0.4713971
vn -0.830852 0 0.5564935
vn -0.7708046 1.472572E-07 0.6370715
vn -0.7071072 -5.57133E-07 0.7071063
vn -0.703916 0.09490157 0.7039148
vn -0.7711328 0.09453531 0.6296169
vn -0.694271 0.1896733 0.6942707
vn -0.8283074 0.0946867 0.552215
vn -0.8757755 0.09470268 0.4733378
vn -0.6829599 0.2590967 0.6829603
vn -0.7584928 0.1895947 0.6234922
vn -0.8182179 0.1888676 0.5429997
vn -0.9210209 0.09448377 0.3778799
vn -0.7464426 0.2592674 0.6128654
vn -0.669538 0.3155726 0.6724082
vn -0.8654914 0.1889783 0.4639093
vn -0.8034489 0.2599243 0.5356392
vn -0.6015292 0.3145039 0.7343363
vn -0.7326733 0.314673 0.6034657
vn -0.5240265 0.3208438 0.7889585
vn -0.4471561 0.3136737 0.8376516
vn -0.3613688 0.3188094 0.8762267
vn -0.2783557 0.3195853 0.9057502
vn -0.1857243 0.3160616 0.9303824
vn -0.09581421 0.3164887 0.943745
vn -0.002286039 0.3176084 0.9482192
vn 0.08370939 0.5007092 0.8615586
vn -0.002192207 0.5031084 0.8642206
vn -0.08367891 0.5006379 0.8616029
vn -0.1694231 0.5016704 0.8483056
vn -0.2537812 0.5048468 0.8250605
vn 0.0648197 0.7387937 0.6708072
vn -0.002218494 0.7408403 0.6716776
vn -0.06486316 0.7388784 0.6707098
vn 0.08461645 0.9023658 0.4225825
vn 0.04303723 0.9040843 0.4251816
vn 0.05947545 0.9811314 0.183967
vn 0.02562892 0.9977549 0.06187437
vn 0.03671831 0.9805961 0.1925695
vn 0.009809196 0.9994289 0.0323383
vn 0.002125913 0.9029388 0.4297638
vn 0.01623696 0.9809732 0.1934631
vn 0.02662057 0.9968738 0.07439047
vn -1.176384E-06 0.9803149 0.1974403
vn -0.04306525 0.9041199 0.425103
vn -0.1319226 0.7397525 0.6598202
vn -0.02220904 0.9805011 0.1952547
vn 0 0.9949527 0.1003449
vn -0.08305316 0.9035816 0.4202885
vn -0.1978222 0.7422048 0.6403112
vn -0.03683517 0.9806064 0.192495
vn -0.03255619 0.9953205 0.09097929
vn -0.1220777 0.9019973 0.4141231
vn -0.3311877 0.5014796 0.7992702
vn -0.2576481 0.7396635 0.6217036
vn -0.4102615 0.5003062 0.7624823
vn -0.05356677 0.9813664 0.1845282
vn -0.03255619 0.9953205 0.09097929
vn -0.1638544 0.9037166 0.3955352
vn -0.4765487 0.5036227 0.7206008
vn -0.3199461 0.7385914 0.5933947
vn -0.07306112 0.980701 0.1813497
vn -0.03255619 0.9953205 0.09097929
vn -0.5499487 0.5045041 0.6656066
vn -0.1991224 0.9042829 0.3776543
vn -0.3694246 0.7412294 0.5604501
vn -0.6131448 0.503122 0.6090333
vn -0.09371746 0.981222 0.1685837
vn -0.03255619 0.9953205 0.09097929
vn -0.2425183 0.9026152 0.355627
vn -0.4274991 0.7418961 0.5165604
vn -0.1105247 0.9798688 0.1662575
vn -0.03255619 0.9953205 0.09097929
vn -0.1271324 0.9801231 0.1523023
vn -0.2712173 0.90226 0.3352135
vn -0.4769839 0.7408538 0.4728868
vn -0.6705596 0.5017271 0.5464612
vn -0.3017852 0.9029531 0.3059435
vn -0.7905915 0.3182087 0.5231714
vn -0.5220567 0.7397584 0.4245166
vn -0.1403185 0.9801129 0.1403191
vn -0.0523505 0.9977041 0.04296402
vn -0.3291981 0.903658 0.2739172
vn -0.7206005 0.5036236 0.4765483
vn -0.8507071 0.2599446 0.4568658
vn -0.1523188 0.9801151 0.1271749
vn -0.0523505 0.9977041 0.04296402
vn -0.5604293 0.7412255 0.3694641
vn -0.8360174 0.3143912 0.4497034
vn -0.9062293 0.1891435 0.378118
vn -0.3555889 0.9026085 0.2425995
vn -0.7624866 0.5002745 0.4102921
vn -0.8915111 0.2602668 0.3707683
vn -0.952039 0.09456385 0.2909974
vn -0.1586111 0.9815229 0.1070297
vn -0.0523505 0.9977041 0.04296402
vn -0.5933957 0.738591 0.3199453
vn -0.8768385 0.3175046 0.3610335
vn -0.9395691 0.1896739 0.2850153
vn -0.9806314 0 0.1958627
vn -0.3776374 0.9042986 0.1990832
vn -0.7975962 0.5046858 0.3303524
vn -0.9228272 0.2602986 0.2839624
vn -0.9759052 0.09456779 0.1966367
vn -0.9759054 -0.09456849 0.1966352
vn -0.1758868 0.9802672 0.09022237
vn -0.0523505 0.9977041 0.04296402
vn -0.1813509 0.9807008 0.07306061
vn -0.3985426 0.9021425 0.1652352
vn -0.9057121 0.3196304 0.2784277
vn -0.9954923 -9.322659E-07 0.09484196
vn -0.9619414 -0.1971393 0.1892217
vn -0.6194584 0.7419121 0.2565888
vn -0.8250378 0.5048672 0.2538145
vn -0.6403114 0.7422047 0.1978221
vn -0.9910501 -0.09439233 0.0943914
vn -1 0 -1.749873E-07
vn -0.9376938 -0.2915084 0.1890848
vn -0.9759075 -0.1966625 0.09449037
vn -0.9074818 -0.378905 0.1814049
vn -0.4141547 0.9019869 0.1220471
vn -0.991044 0.09442261 0.09442525
vn -0.9954822 -0.09494865 -1.121656E-06
vn -0.9520314 -0.2910729 0.09440713
vn -0.8678422 -0.4655423 0.1735516
vn -0.1897996 0.9800101 0.05963482
vn -0.06187375 0.9977549 0.02562712
vn -0.9633655 0.1895399 0.1897406
vn -0.9468074 0.2602208 0.189317
vn -0.9773735 0.1891793 0.09461591
vn -0.9305062 0.3169971 0.1834966
vn -0.9954777 0.09499568 0
vn -0.9609726 0.2599959 0.09451893
vn -0.8470017 0.5043716 0.1679208
vn -0.9819611 0.1890831 0
vn -0.9447203 0.3147636 0.09180115
vn -0.657789 0.7418495 0.1302802
vn -0.9658871 0.2589635 0
vn -0.8616252 0.5006017 0.08366565
vn -0.4228145 0.9022406 0.08479318
vn -0.9489126 0.3155391 -4.454894E-07
vn -0.6707428 0.7388494 0.0648505
vn -0.1925457 0.9805993 0.03675865
vn -0.06742036 0.9977192 0.003308888
vn -0.8642229 0.5031053 -0.001968534
vn -0.9443549 0.316362 -0.09005014
vn -0.9609963 0.259906 -0.09452527
vn -0.4250633 0.904138 0.043077
vn -0.6716787 0.7408394 -0.002173371
vn -0.8616253 0.5006016 -0.08366599
vn -0.1934343 0.9809803 0.01614861
vn -0.06742036 0.9977192 0.003308888
vn -0.429763 0.9029391 0.002171112
vn -0.9773598 0.1892064 -0.09470416
vn -0.9301196 0.3182165 -0.1833465
vn -0.6707428 0.7388495 -0.06485094
vn -0.1975315 0.9802966 -6.129935E-07
vn -0.06742036 0.9977192 0.003308888
vn -0.4250633 0.904138 -0.04307745
vn -0.848254 0.5017784 -0.1693623
vn -0.9467651 0.2603503 -0.1893501
vn -0.9910501 0.0943915 -0.09439179
vn -0.1952529 0.9805014 -0.02221035
vn -0.06742036 0.9977192 0.003308888
vn -0.6598189 0.7397534 -0.1319241
vn -0.906487 0.3167399 -0.2792083
vn -0.963375 0.1895371 -0.1896954
vn -0.4203247 0.903563 -0.08307321
vn -0.8260522 0.5059448 -0.2483095
vn -0.9228271 0.260299 -0.2839623
vn -0.1925709 0.9805958 -0.0367206
vn -0.06742036 0.9977192 0.003308888
vn -0.1839662 0.9811316 -0.05947454
vn -0.6410612 0.7430605 -0.192098
vn -0.4138042 0.9013826 -0.1275757
vn -0.8762259 0.3188108 -0.3613693
vn -0.7992102 0.5030056 -0.3290114
vn -0.6213779 0.7407416 -0.2553259
vn -0.3963453 0.9029277 -0.1662287
vn -0.1822596 0.9803345 -0.07566851
vn -0.06347536 0.9977249 -0.0227138
vn -0.1685843 0.981222 -0.09371661
vn -0.3776541 0.904283 -0.1991223
vn -0.5933952 0.7385911 -0.3199458
vn -0.7624766 0.500368 -0.4101968
vn -0.8376516 0.3136745 -0.4471556
vn -0.8915109 0.2602675 -0.3707684
vn -0.9395689 0.1896747 -0.2850154
vn -0.9758962 0.09446631 -0.19673
vn -0.9954835 2.579764E-07 -0.09493423
vn -0.99105 -0.09439254 -0.0943926
vn -0.7205801 0.4995714 -0.480825
vn -0.7889572 0.3208455 -0.5240273
vn -0.8507069 0.259946 -0.4568654
vn -0.906182 0.1891141 -0.3782462
vn -0.9520239 0.09445427 -0.2910825
vn -0.9806855 -4.225003E-07 -0.1955911
vn -0.9759024 -0.0945347 -0.1966666
vn -0.5612934 0.7380633 -0.3744493
vn -0.3538354 0.9046659 -0.2374448
vn -0.1643122 0.9808394 -0.1046687
vn -0.05906395 0.9977549 -0.03156973
vn -0.9210207 0.09448495 -0.3778802
vn -0.9569398 -2.487967E-07 -0.2902864
vn -0.9520339 -0.09452766 -0.2910256
vn -0.865404 0.1888337 -0.4641311
vn -0.8034502 0.2598817 -0.5356579
vn -0.7343181 0.314547 -0.601529
vn -0.6656066 0.5045039 -0.5499489
vn -0.5164465 0.7419424 -0.4275566
vn -0.3352139 0.9022601 -0.2712164
vn -0.1522857 0.9801312 -0.1270895
vn -0.05568491 0.9977549 -0.03720702
vn -0.8757753 0.09470161 -0.4733385
vn -0.8182442 0.1888562 -0.5429639
vn -0.746442 0.259268 -0.6128657
vn -0.6724986 0.3154767 -0.6694924
vn -0.6090015 0.5031235 -0.6131753
vn -0.4728206 0.7408569 -0.4770448
vn -0.3059743 0.9029541 -0.301751
vn -0.9223853 6.063196E-07 -0.3862711
vn -0.1402868 0.9801221 -0.1402862
vn -0.05176998 0.9977549 -0.04248677
vn -0.9210206 -0.09448429 -0.3778805
vn -0.5465587 0.5017979 -0.670427
vn -0.4245392 0.7397718 -0.5220194
vn -0.2739004 0.9036484 -0.3292388
vn -0.6034407 0.3147119 -0.7326771
vn -0.1270473 0.9801393 -0.1522697
vn -0.02389457 0.9994289 -0.02389513
vn -0.4765484 0.5036219 -0.7206016
vn -0.3694646 0.7412244 -0.5604304
vn -0.2425581 0.9026125 -0.3556069
vn -0.5231708 0.3182071 -0.7905926
vn -0.1070121 0.9815315 -0.1585696
vn -0.02342598 0.9992777 -0.0299238
vn -0.612882 0.2590879 -0.7464912
vn -0.5356393 0.259924 -0.8034488
vn -0.6829686 0.2590521 -0.6829686
vn -0.7581784 0.1895432 -0.6238902
vn -0.8282685 0.09481467 -0.5522514
vn -0.8815498 2.191187E-07 -0.472091
vn -0.875775 -0.09470229 -0.4733388
vn -0.6237452 0.189562 -0.758293
vn -0.6942711 0.1896727 -0.6942708
vn -0.7711768 0.09446731 -0.6295731
vn -0.8310058 3.708914E-07 -0.5562637
vn -0.8282683 -0.09481481 -0.5522515
vn -0.5429634 0.188855 -0.8182448
vn -0.864106 -0.1963239 -0.4634413
vn -0.817039 -0.1963805 -0.542109
vn -0.9048141 -0.196692 -0.3776554
vn -0.9383851 -0.1970699 -0.283896
vn -0.9619446 -0.1971007 -0.1892457
vn -0.9758955 -0.1967432 -0.09444678
vn -0.9805565 -0.1962368 2.382203E-07
vn -0.8441441 -0.2918965 -0.4496855
vn -0.8820884 -0.2913944 -0.3701477
vn -0.9156384 -0.2920142 -0.276286
vn -0.9376616 -0.2915803 -0.1891337
vn -0.9520177 -0.2911152 -0.09441528
vn -0.9569504 -0.2902516 4.145694E-07
vn -0.793709 -0.290722 -0.5343283
vn -0.9210228 -0.3778958 0.09440171
vn -0.8851329 -0.380061 -0.2685021
vn -0.9075174 -0.3787642 -0.1815211
vn -0.9210284 -0.3778725 -0.09444089
vn -0.925154 -0.379592 -2.218507E-07
vn -0.8814216 -0.4643294 0.08656867
vn -0.8561207 -0.3770077 -0.3534439
vn -0.8181489 -0.5508095 0.1650494
vn -0.8184587 -0.3777935 -0.4328944
vn -0.7413565 -0.6309405 0.228702
vn -0.7715105 -0.3779477 -0.5117882
vn -0.6554565 -0.7028399 0.2763928
vn -0.5891817 -0.7702638 0.2440464
vn -0.6799756 -0.7038012 0.2056626
vn -0.7627286 -0.629204 0.1494904
vn -0.5199779 -0.8272664 0.2127283
vn -0.8294515 -0.5529603 0.07902543
vn -0.611619 -0.7684443 0.1881901
vn -0.4396784 -0.8797624 0.1808345
vn -0.354887 -0.9228175 0.1498768
vn -0.5360675 -0.8277907 0.1655117
vn -0.8847377 -0.4660892 -7.994034E-07
vn -0.3392918 -0.9230096 0.1814781
vn -0.2677881 -0.9529909 0.1417669
vn -0.1891256 -0.9765994 0.102397
vn -0.4552355 -0.8790951 0.1412532
vn -0.881443 -0.464289 -0.08656777
vn -0.275936 -0.9538801 0.1182039
vn -0.1343767 -0.9883708 0.07117656
vn -0.08687092 -0.9942189 0.0631045
vn -0.1025449 -0.9939401 0.03959232
vn -1.783497E-07 -1 1.166966E-06
vn -0.1970255 -0.977219 0.07889227
vn -0.8678597 -0.4655036 -0.1735682
vn -0.8454076 -0.4661638 -0.2607247
vn -0.8184711 -0.4643139 -0.3384047
vn -0.7804371 -0.4651424 -0.4178044
vn -0.735799 -0.4668532 -0.4905587
vn -0.2048347 -0.9767658 0.06301852
vn -0.1500807 -0.9875377 0.04738301
vn -0.1025449 -0.9939401 0.03959232
vn -0.1026154 -0.9944394 0.02367152
vn -1.783497E-07 -1 1.166966E-06
vn -0.2050661 -0.9779533 0.03943715
vn -0.2840979 -0.9548576 0.08680642
vn -0.2919723 -0.9548304 0.05523622
vn -0.3783848 -0.9222874 0.07880982
vn -0.3705053 -0.9222214 0.1106052
vn -0.4639943 -0.8807974 0.0943673
vn -0.5513295 -0.8269684 0.1102687
vn -0.6225978 -0.7723172 0.1260877
vn -0.6959459 -0.7038516 0.1423102
vn -0.7722529 -0.6304087 0.07880545
vn -0.7092576 -0.7013723 0.07092578
vn -0.6355628 -0.7694964 0.06273205
vn -0.5593052 -0.8271258 0.05514254
vn -0.8343906 -0.5511735 0
vn -0.7777683 -0.6285511 0
vn -0.8294516 -0.5529601 -0.07902654
vn -0.4719989 -0.8803468 0.04697325
vn -0.7722349 -0.6304474 -0.07867336
vn -0.8181581 -0.5507845 -0.1650874
vn -0.7627838 -0.6291488 -0.1494406
vn -0.7969316 -0.5523306 -0.2446035
vn -0.7413567 -0.6309404 -0.2287018
vn -0.7703177 -0.550229 -0.3222712
vn -0.7166247 -0.6299943 -0.2992596
vn -0.7341245 -0.5525505 -0.3946506
vn -0.6859961 -0.6307777 -0.3626691
vn -0.6930068 -0.55134 -0.4645059
vn -0.6452683 -0.6295384 -0.4327936
vn -0.6795474 -0.7040756 -0.2061382
vn -0.6554562 -0.7028402 -0.2763925
vn -0.6291159 -0.6999075 -0.3381458
vn -0.5920243 -0.7026449 -0.3947118
vn -0.6004195 -0.6320257 -0.4899388
vn -0.6459898 -0.5514548 -0.5278207
vn -0.6959459 -0.7038516 -0.1423106
vn -0.709258 -0.701372 -0.0709262
vn -0.5894974 -0.7701833 -0.2435375
vn -0.6226321 -0.7722928 -0.1260675
vn -0.6858103 -0.465158 -0.5597252
vn -0.7109777 -0.7032146 0
vn -0.6377254 -0.7702639 0
vn -0.6358072 -0.7692896 -0.06279278
vn -0.5596637 -0.8287199 -2.854304E-07
vn -0.6116195 -0.7684438 -0.1881905
vn -0.5513297 -0.8269682 -0.1102691
vn -0.4722635 -0.8814574 -1.784414E-06
vn -0.3867671 -0.9221774 3.785356E-07
vn -0.559305 -0.8271258 -0.05514336
vn -0.471927 -0.8803828 -0.04702123
vn -0.4641244 -0.8807418 -0.09424603
vn -0.3783849 -0.9222873 -0.07880954
vn -0.5360404 -0.8278248 -0.1654291
vn -0.51986 -0.8273298 -0.2127699
vn -0.4552359 -0.8790947 -0.1412542
vn -0.3859269 -0.9216964 0.03919356
vn -0.2994526 -0.9535992 0.0312533
vn -0.2127657 -0.9768183 0.02359629
vn -0.5597385 -0.772622 -0.2995798
vn -0.4398698 -0.8797069 -0.1806386
vn -0.3549265 -0.9228055 -0.1498569
vn -0.4967769 -0.8279514 -0.2602099
vn -0.5277658 -0.7718992 -0.3544501
vn -0.3002227 -0.9538691 0
vn -0.1502494 -0.9885215 0.01582766
vn -0.1026154 -0.9944394 0.02367152
vn -0.1102642 -0.9939023 -1.035962E-06
vn -1.783497E-07 -1 1.166966E-06
vn -0.2133801 -0.9769693 1.302826E-06
vn -0.4659722 -0.8293816 -0.3082141
vn -0.5520245 -0.7021765 -0.4496856
vn -0.4953349 -0.7705744 -0.4010717
vn -0.2127257 -0.9768265 -0.02361724
vn -0.299472 -0.9535839 -0.03153409
vn -0.1503554 -0.9885088 -0.01560628
vn -0.1102642 -0.9939023 -1.035962E-06
vn -0.1026181 -0.9944391 -0.02367199
vn -1.783497E-07 -1 1.166966E-06
vn -0.2051071 -0.9779439 -0.03945776
vn -0.3859868 -0.9216639 -0.03936734
vn -0.2919725 -0.9548303 -0.05523659
vn -0.2048347 -0.9767658 -0.06301839
vn -0.2841422 -0.9548439 -0.08681205
vn -0.1501236 -0.9875296 -0.04741614
vn -0.1026181 -0.9944391 -0.02367199
vn -0.1025502 -0.9939451 -0.03945439
vn -1.783497E-07 -1 1.166966E-06
vn -0.1970295 -0.9772106 -0.07898622
vn -0.370496 -0.922236 -0.1105143
vn -0.2759166 -0.9538804 -0.1182466
vn -0.189034 -0.9766182 -0.1023873
vn -0.267743 -0.9530032 -0.1417692
vn -0.1338826 -0.9884285 -0.07130675
vn -0.1025502 -0.9939451 -0.03945439
vn -0.08678189 -0.994225 -0.06313103
vn -1.783497E-07 -1 1.166966E-06
vn -0.1736332 -0.9776813 -0.1182825
vn -0.2521304 -0.9534387 -0.1654839
vn -0.3231469 -0.9221196 -0.2127712
vn -0.3392133 -0.9230456 -0.1814422
vn -0.4172277 -0.8816629 -0.2204351
vn -0.3929313 -0.8799589 -0.266978
vn -0.4337317 -0.8281979 -0.3549154
vn -0.369317 -0.8800362 -0.2985654
vn -0.1654994 -0.9770651 -0.1339919
vn -0.2288598 -0.9548567 -0.189399
vn -0.2995288 -0.9222342 -0.244472
vn -0.2756126 -0.9209099 -0.2756132
vn -0.3373379 -0.8788667 -0.3373374
vn -0.3953324 -0.8291104 -0.3953328
vn -0.118595 -0.9883974 -0.09489843
vn -0.08678189 -0.994225 -0.06313103
vn -0.07840182 -0.9938341 -0.07840191
vn -1.783497E-07 -1 1.166966E-06
vn -0.1497773 -0.9773095 -0.1497762
vn -0.2122898 -0.9538693 -0.2122886
vn -0.4491891 -0.7723072 -0.4491889
vn -0.5041893 -0.7011324 -0.504189
vn -0.5499654 -0.6285505 -0.5499658
vn -0.5901307 -0.5509003 -0.590131
vn -0.1339546 -0.9770747 -0.1654729
vn -0.1893975 -0.9548569 -0.2288599
vn -0.09492309 -0.9883999 -0.1185549
vn -0.07840182 -0.9938341 -0.07840191
vn -0.06311768 -0.9942219 -0.08682794
vn -1.783497E-07 -1 1.166966E-06
vn -0.1182735 -0.9777071 -0.1734938
vn -0.165483 -0.9534391 -0.2521296
vn -0.2128137 -0.9221163 -0.3231283
vn -0.2443359 -0.922267 -0.2995391
vn -0.2986017 -0.880036 -0.3692881
vn -0.3549218 -0.8281739 -0.4337722
vn -0.2671362 -0.8799552 -0.3928322
vn -0.4010712 -0.7705745 -0.4953353
vn -0.3082129 -0.8293821 -0.4659723
vn -0.4496453 -0.7020809 -0.552179
vn -0.354448 -0.7718738 -0.5278045
vn -0.4898979 -0.6320413 -0.6004365
vn -0.3946955 -0.7027695 -0.5918872
vn -0.5279278 -0.5515592 -0.6458132
vn -0.2602703 -0.8279727 -0.4967099
vn -0.2995937 -0.772592 -0.5597725
vn -0.3381199 -0.6999391 -0.6290948
vn -0.220436 -0.8816627 -0.4172277
vn -0.4326561 -0.6296608 -0.6452411
vn -0.4646154 -0.5512565 -0.6929998
vn -0.3626688 -0.6307776 -0.6859964
vn -0.3946501 -0.5525509 -0.7341245
vn -0.212729 -0.8272663 -0.5199777
vn -0.1806702 -0.8797159 -0.4398388
vn -0.1498565 -0.9228055 -0.3549269
vn -0.1814599 -0.9230276 -0.3392528
vn -0.1417668 -0.9530163 -0.2676976
vn -0.1023822 -0.9766273 -0.1889892
vn -0.2440469 -0.7702633 -0.5891821
vn -0.1182025 -0.9538798 -0.2759372
vn -0.07130747 -0.9884282 -0.1338841
vn -0.06311768 -0.9942219 -0.08682794
vn -0.03954656 -0.9939418 -0.1025469
vn -1.783497E-07 -1 1.166966E-06
vn -0.07898091 -0.9772105 -0.1970325
vn -0.06301907 -0.9767655 -0.2048363
vn -0.08681212 -0.9548441 -0.2841416
vn -0.04738799 -0.9875368 -0.1500844
vn -0.03954656 -0.9939418 -0.1025469
vn -0.02367304 -0.9944392 -0.1026171
vn -1.783497E-07 -1 1.166966E-06
vn -0.03946222 -0.9779432 -0.2051095
vn -0.05534693 -0.9547994 -0.2920527
vn -0.07881042 -0.9222874 -0.3783846
vn -0.1103744 -0.9222583 -0.3704823
vn -0.1412982 -0.8790823 -0.4552462
vn -0.1655514 -0.8277743 -0.5360805
vn -0.09424644 -0.8807422 -0.4641238
vn -0.1881533 -0.7684665 -0.6116024
vn -0.1102682 -0.8269683 -0.5513297
vn -0.02363937 -0.9768347 -0.2126856
vn -0.03153265 -0.953584 -0.2994717
vn -0.01548766 -0.9885015 -0.1504154
vn -0.02367304 -0.9944392 -0.1026171
vn 0 -0.9938862 -0.1104099
vn -1.783497E-07 -1 1.166966E-06
vn 1.627093E-06 -0.9770995 -0.2127827
vn 4.525945E-07 -0.9538693 -0.3002222
vn 3.600726E-07 -0.9223582 -0.3863358
vn -0.03936786 -0.9216641 -0.3859864
vn -0.04725442 -0.8805639 -0.4715658
vn 5.890615E-07 -0.8814572 -0.4722639
vn -0.05514235 -0.8271258 -0.5593052
vn 3.747118E-07 -0.8285627 -0.5598962
vn -0.06275866 -0.7694077 -0.6356676
vn 2.984262E-07 -0.7702634 -0.6377259
vn -0.126088 -0.7723168 -0.6225984
vn -0.07092659 -0.7013719 -0.709258
vn -5.625043E-07 -0.7032141 -0.7109782
vn 3.303431E-07 -0.6285509 -0.7777685
vn -0.2057891 -0.7038744 -0.6798615
vn -0.07867406 -0.6304478 -0.7722343
vn 0 -0.5512501 -0.8343401
vn -0.1423561 -0.7038487 -0.6959395
vn -0.07897993 -0.55297 -0.8294495
vn 1.149783E-07 -0.4661712 -0.8846945
vn -0.14944 -0.6291491 -0.7627838
vn -0.276392 -0.7028403 -0.6554564
vn -0.08656839 -0.4643295 -0.8814216
vn 3.698424E-07 -0.3795921 -0.925154
vn -0.1650869 -0.5507849 -0.8181579
vn -0.2287017 -0.6309403 -0.7413568
vn -0.2992177 -0.6300151 -0.7166238
vn -0.09444106 -0.3778732 -0.9210281
vn -6.56808E-07 -0.2902516 -0.9569504
vn -0.1735679 -0.4655027 -0.8678603
vn -0.2446033 -0.5523295 -0.7969325
vn -0.3222336 -0.5502549 -0.7703149
vn -0.09441485 -0.2911153 -0.9520177
vn -3.516561E-07 -0.1960533 -0.9805932
vn -0.1813762 -0.3789397 -0.9074731
vn -0.2606427 -0.4662076 -0.8454087
vn -0.3384026 -0.4643545 -0.8184489
vn -0.09446957 -0.1967024 -0.9759015
vn 1.234988E-06 -0.094904 -0.9954864
vn -0.1891093 -0.2915438 -0.9376779
vn -0.2685024 -0.3800606 -0.885133
vn -0.4177876 -0.4651831 -0.7804218
vn -0.09442528 -0.09442198 -0.991044
vn 3.904479E-07 -7.166147E-07 -1
vn -0.3534439 -0.3770076 -0.8561207
vn -0.1892458 -0.197101 -0.9619445
vn -0.2763046 -0.2919719 -0.9156463
vn -0.4905586 -0.4668532 -0.7357992
vn -0.4328629 -0.3777712 -0.8184856
vn -0.370117 -0.2913661 -0.8821107
vn -0.2838957 -0.1970684 -0.9383855
vn -0.1967291 -0.09446628 -0.9758964
vn -0.5597489 -0.465261 -0.685721
vn -0.5117631 -0.3779217 -0.7715399
vn -0.4497051 -0.2918537 -0.8441486
vn -0.3776544 -0.1966909 -0.9048148
vn -0.6252837 -0.4669477 -0.6252841
vn -0.5890585 -0.3770281 -0.7147447
vn -0.5343537 -0.2907496 -0.7936818
vn -0.7147451 -0.3770284 -0.5890577
vn -0.6544811 -0.3785614 -0.6544813
vn -0.7400506 -0.2911631 -0.6062585
vn -0.6062059 -0.2912917 -0.7400429
vn -0.4634552 -0.1963635 -0.8640895
vn -0.7570249 -0.1970992 -0.6229488
vn -0.6765236 -0.2909138 -0.6765242
vn -0.5421085 -0.1963811 -0.8170391
vn -0.7711321 -0.09453556 -0.6296176
vn -0.6932945 -0.1966868 -0.6932944
vn -0.622949 -0.1970997 -0.7570246
vn -0.7708635 3.912308E-07 -0.6370003
vn -0.7039151 -0.09490164 -0.7039157
vn -0.6295947 -0.09450147 -0.7711549
vn -0.552239 -0.09477118 -0.8282816
vn -0.4733381 -0.09470263 -0.8757753
vn -0.7039159 0.09490144 -0.7039148
vn -0.7071062 0 -0.7071073
vn -0.6370712 -4.570466E-07 -0.770805
vn -0.6295728 0.09446711 -0.7711771
vn -0.556493 0 -0.8308523
vn -0.5522273 0.09472855 -0.8282943
vn -0.4721307 0 -0.8815286
vn -0.4733011 0.09472533 -0.8757929
vn -0.3861848 -1.142047E-07 -0.9224214
vn -0.4639464 0.1889543 -0.8654767
vn -0.3778799 -0.09448333 -0.921021
vn -0.3778803 0.09448409 -0.9210207
vn -0.4568657 0.2599451 -0.850707
vn -0.291111 -0.09441889 -0.9520187
vn -0.290285 -7.541279E-07 -0.9569402
vn -0.3782472 0.1891143 -0.9061815
vn -0.4497042 0.3143917 -0.8360168
vn -0.1959982 -1.276954E-07 -0.9806042
vn -0.2910255 0.09452686 -0.9520341
vn -0.3707811 0.2603085 -0.8914936
vn -0.4102932 0.5002751 -0.7624857
vn -0.09493532 0 -0.9954835
vn -0.2845404 0.189584 -0.9397312
vn -0.1967298 0.09446626 -0.9758962
vn -0.09439082 0.09439177 -0.9910502
vn -4.608882E-07 0.09481166 -0.9954952
vn -0.3610752 0.3175095 -0.8768195
vn -0.2839301 0.2602699 -0.9228452
vn -0.1895147 0.189523 -0.9634133
vn -0.09461621 0.1891796 -0.9773734
vn -3.637397E-07 0.1888565 -0.9820047
vn -0.1893494 0.260351 -0.9467651
vn -0.09451913 0.2599959 -0.9609725
vn 5.938346E-07 0.2591429 -0.965839
vn -0.2784257 0.319633 -0.9057118
vn -0.3290106 0.5030058 -0.7992104
vn -0.09181818 0.3148044 -0.944705
vn 4.545501E-07 0.3154515 -0.9489418
vn -0.1835395 0.3170123 -0.9304926
vn -0.08372672 0.5007444 -0.8615363
vn 1.467365E-07 0.5012057 -0.8653281
vn -0.2538128 0.5048679 -0.8250378
vn -0.168016 0.5041894 -0.8470914
vn -0.3199462 0.7385914 -0.5933946
vn -0.0648656 0.7388777 -0.6707103
vn 7.819067E-07 0.7394474 -0.6732144
vn -0.1303424 0.7417631 -0.6578742
vn -0.2554494 0.7407452 -0.6213229
vn -0.1990832 0.9042984 -0.3776377
vn -0.1978203 0.7422056 -0.6403109
vn -0.04305052 0.9041023 -0.4251421
vn 1.22708E-06 0.9037943 -0.4279671
vn -0.0901583 0.9802515 -0.176007
vn -0.0372082 0.9977549 -0.0556851
vn -0.1661057 0.9029255 -0.3964019
vn -0.08461779 0.9023657 -0.4225824
vn -0.1220475 0.9019863 -0.4141559
vn -0.07410208 0.9810854 -0.1788302
vn -0.04730359 0.9949528 -0.08849397
vn -0.05966925 0.980002 -0.1898307
vn 0.003576155 0.9956717 -0.09287108
vn -0.03695429 0.980616 -0.1924233
vn -0.01944982 0.9977527 -0.06411856
vn -0.01623686 0.9809728 -0.1934651
vn 0.003576155 0.9956717 -0.09287108
vn 0.002130908 0.9807335 -0.1953388
vn 0.003576155 0.9956717 -0.09287108
vt 0.2578125 0.963623
vt 0.265625 0.996315
vt 0.2734375 0.963623
vt 0.265625 0.9515076
vt 0.28125 0.9309692
vt 0.25 0.9309692
vt 0.265625 0.9232178
vt 0.28125 0.8788452
vt 0.25 0.8788452
vt 0.265625 0.878418
vt 0.28125 0.8275146
vt 0.25 0.8275146
vt 0.265625 0.8275146
vt 0.265625 0.7757568
vt 0.296875 0.9232178
vt 0.296875 0.878418
vt 0.296875 0.9515076
vt 0.2890625 0.963623
vt 0.3046875 0.963623
vt 0.296875 0.996315
vt 0.3125 0.9309692
vt 0.3125 0.8788452
vt 0.3125 0.8275146
vt 0.296875 0.8275146
vt 0.296875 0.7757568
vt 0.28125 0.7757568
vt 0.328125 0.9232178
vt 0.328125 0.878418
vt 0.328125 0.9515076
vt 0.3203125 0.963623
vt 0.3359375 0.963623
vt 0.328125 0.996315
vt 0.34375 0.9309692
vt 0.34375 0.8788452
vt 0.34375 0.8275146
vt 0.328125 0.8275146
vt 0.328125 0.7757568
vt 0.3125 0.7757568
vt 0.296875 0.7241211
vt 0.359375 0.9232178
vt 0.359375 0.878418
vt 0.359375 0.9515076
vt 0.3515625 0.963623
vt 0.3671875 0.963623
vt 0.359375 0.996315
vt 0.375 0.9309692
vt 0.375 0.8788452
vt 0.375 0.8275146
vt 0.359375 0.8275146
vt 0.359375 0.7757568
vt 0.34375 0.7757568
vt 0.328125 0.7241211
vt 0.3125 0.7241211
vt 0.390625 0.9232178
vt 0.390625 0.878418
vt 0.390625 0.9515076
vt 0.3828125 0.963623
vt 0.3984375 0.963623
vt 0.390625 0.996315
vt 0.40625 0.9309692
vt 0.40625 0.8788452
vt 0.40625 0.8275146
vt 0.390625 0.8275146
vt 0.390625 0.7757568
vt 0.375 0.7757568
vt 0.359375 0.7241211
vt 0.34375 0.7241211
vt 0.328125 0.6723633
vt 0.421875 0.9232178
vt 0.421875 0.878418
vt 0.421875 0.9515076
vt 0.4140625 0.963623
vt 0.4296875 0.963623
vt 0.421875 0.996315
vt 0.4375 0.9309692
vt 0.4375 0.8788452
vt 0.4375 0.8275146
vt 0.421875 0.8275146
vt 0.421875 0.7757568
vt 0.40625 0.7757568
vt 0.390625 0.7241211
vt 0.375 0.7241211
vt 0.359375 0.6723633
vt 0.34375 0.6723633
vt 0.421875 0.7241211
vt 0.40625 0.7241211
vt 0.390625 0.6723633
vt 0.375 0.6723633
vt 0.359375 0.6206055
vt 0.4375 0.7757568
vt 0.328125 0.6206055
vt 0.34375 0.6206055
vt 0.3125 0.6723633
vt 0.296875 0.6723633
vt 0.28125 0.7241211
vt 0.265625 0.7241211
vt 0.25 0.7757568
vt 0.296875 0.6206055
vt 0.28125 0.6723633
vt 0.265625 0.6723633
vt 0.3125 0.6206055
vt 0.25 0.7241211
vt 0.265625 0.6206055
vt 0.28125 0.6206055
vt 0.25 0.6723633
vt 0.3125 0.5688477
vt 0.296875 0.5688477
vt 0.28125 0.5688477
vt 0.265625 0.5688477
vt 0.328125 0.5688477
vt 0.28125 0.5170898
vt 0.296875 0.5170898
vt 0.265625 0.5170898
vt 0.3125 0.5170898
vt 0.25 0.5688477
vt 0.25 0.5170898
vt 0.25 0.6206055
vt 0.234375 0.6206055
vt 0.234375 0.5688477
vt 0.234375 0.6723633
vt 0.234375 0.7241211
vt 0.234375 0.7757568
vt 0.25 0.465332
vt 0.234375 0.5170898
vt 0.265625 0.465332
vt 0.28125 0.465332
vt 0.296875 0.465332
vt 0.25 0.4135742
vt 0.265625 0.4135742
vt 0.234375 0.465332
vt 0.28125 0.4135742
vt 0.21875 0.5688477
vt 0.21875 0.5170898
vt 0.21875 0.6206055
vt 0.21875 0.6723633
vt 0.203125 0.6206055
vt 0.21875 0.7241211
vt 0.203125 0.5688477
vt 0.203125 0.6723633
vt 0.21875 0.7757568
vt 0.21875 0.8275146
vt 0.203125 0.7241211
vt 0.234375 0.8275146
vt 0.234375 0.878418
vt 0.234375 0.9232178
vt 0.203125 0.7757568
vt 0.21875 0.8788452
vt 0.234375 0.9515076
vt 0.2421875 0.963623
vt 0.2265625 0.963623
vt 0.234375 0.996315
vt 0.21875 0.9309692
vt 0.203125 0.878418
vt 0.203125 0.9232178
vt 0.203125 0.8275146
vt 0.1875 0.8275146
vt 0.203125 0.9515076
vt 0.2109375 0.963623
vt 0.1953125 0.963623
vt 0.203125 0.996315
vt 0.1875 0.9309692
vt 0.1875 0.8788452
vt 0.1875 0.7757568
vt 0.1875 0.7241211
vt 0.1875 0.6723633
vt 0.1875 0.6206055
vt 0.171875 0.9232178
vt 0.171875 0.878418
vt 0.171875 0.9515076
vt 0.1796875 0.963623
vt 0.1640625 0.963623
vt 0.171875 0.996315
vt 0.15625 0.9309692
vt 0.15625 0.8788452
vt 0.15625 0.8275146
vt 0.171875 0.8275146
vt 0.171875 0.7757568
vt 0.171875 0.7241211
vt 0.15625 0.7757568
vt 0.171875 0.6723633
vt 0.15625 0.7241211
vt 0.171875 0.6206055
vt 0.15625 0.6723633
vt 0.1875 0.5688477
vt 0.203125 0.5170898
vt 0.21875 0.465332
vt 0.234375 0.4135742
vt 0.25 0.3618164
vt 0.265625 0.3618164
vt 0.171875 0.5688477
vt 0.1875 0.5170898
vt 0.203125 0.465332
vt 0.21875 0.4135742
vt 0.234375 0.3618164
vt 0.25 0.3100586
vt 0.15625 0.6206055
vt 0.171875 0.5170898
vt 0.1875 0.465332
vt 0.203125 0.4135742
vt 0.21875 0.3618164
vt 0.234375 0.3100586
vt 0.15625 0.5688477
vt 0.140625 0.6206055
vt 0.140625 0.5688477
vt 0.15625 0.5170898
vt 0.171875 0.465332
vt 0.1875 0.4135742
vt 0.203125 0.3618164
vt 0.21875 0.3100586
vt 0.140625 0.6723633
vt 0.140625 0.7241211
vt 0.140625 0.7757568
vt 0.171875 0.4135742
vt 0.1875 0.3618164
vt 0.203125 0.3100586
vt 0.15625 0.465332
vt 0.140625 0.5170898
vt 0.171875 0.3618164
vt 0.15625 0.4135742
vt 0.1875 0.3100586
vt 0.140625 0.465332
vt 0.21875 0.2587891
vt 0.203125 0.2587891
vt 0.234375 0.2587891
vt 0.25 0.2587891
vt 0.25 0.2070313
vt 0.234375 0.2070313
vt 0.265625 0.3100586
vt 0.21875 0.2070313
vt 0.265625 0.2587891
vt 0.28125 0.3618164
vt 0.28125 0.3100586
vt 0.296875 0.4135742
vt 0.296875 0.3618164
vt 0.3125 0.465332
vt 0.3125 0.4135742
vt 0.328125 0.5170898
vt 0.328125 0.465332
vt 0.34375 0.5688477
vt 0.34375 0.5170898
vt 0.359375 0.5688477
vt 0.375 0.6206055
vt 0.390625 0.6206055
vt 0.40625 0.6723633
vt 0.421875 0.6723633
vt 0.4375 0.7241211
vt 0.34375 0.465332
vt 0.359375 0.5170898
vt 0.375 0.5688477
vt 0.390625 0.5688477
vt 0.40625 0.6206055
vt 0.421875 0.6206055
vt 0.4375 0.6723633
vt 0.328125 0.4135742
vt 0.3125 0.3618164
vt 0.296875 0.3100586
vt 0.28125 0.2587891
vt 0.265625 0.2070313
vt 0.34375 0.4135742
vt 0.328125 0.3618164
vt 0.3125 0.3100586
vt 0.296875 0.2587891
vt 0.28125 0.2070313
vt 0.359375 0.465332
vt 0.375 0.5170898
vt 0.390625 0.5170898
vt 0.34375 0.3618164
vt 0.328125 0.3100586
vt 0.3125 0.2587891
vt 0.359375 0.4135742
vt 0.375 0.465332
vt 0.390625 0.465332
vt 0.296875 0.2070313
vt 0.40625 0.5170898
vt 0.40625 0.465332
vt 0.40625 0.5688477
vt 0.421875 0.5688477
vt 0.421875 0.5170898
vt 0.421875 0.465332
vt 0.40625 0.4135742
vt 0.421875 0.4135742
vt 0.390625 0.4135742
vt 0.375 0.4135742
vt 0.359375 0.3618164
vt 0.34375 0.3100586
vt 0.328125 0.2587891
vt 0.3125 0.2070313
vt 0.40625 0.3618164
vt 0.390625 0.3618164
vt 0.375 0.3618164
vt 0.359375 0.3100586
vt 0.34375 0.2587891
vt 0.328125 0.2070313
vt 0.421875 0.3618164
vt 0.3125 0.1552734
vt 0.328125 0.1552734
vt 0.296875 0.1552734
vt 0.28125 0.1552734
vt 0.265625 0.1552734
vt 0.3125 0.1035156
vt 0.296875 0.1035156
vt 0.328125 0.1035156
vt 0.28125 0.1035156
vt 0.34375 0.1552734
vt 0.34375 0.1035156
vt 0.34375 0.2070313
vt 0.359375 0.2587891
vt 0.375 0.3100586
vt 0.390625 0.3100586
vt 0.40625 0.3100586
vt 0.421875 0.3100586
vt 0.359375 0.1552734
vt 0.359375 0.2070313
vt 0.375 0.2587891
vt 0.390625 0.2587891
vt 0.40625 0.2587891
vt 0.421875 0.2587891
vt 0.359375 0.1035156
vt 0.4375 0.3100586
vt 0.4375 0.2587891
vt 0.4375 0.3618164
vt 0.4375 0.4135742
vt 0.4375 0.465332
vt 0.4375 0.5170898
vt 0.4375 0.5688477
vt 0.4375 0.6206055
vt 0.453125 0.3100586
vt 0.453125 0.3618164
vt 0.453125 0.4135742
vt 0.453125 0.465332
vt 0.453125 0.5170898
vt 0.453125 0.5688477
vt 0.453125 0.6206055
vt 0.453125 0.2587891
vt 0.453125 0.6723633
vt 0.453125 0.7241211
vt 0.453125 0.7757568
vt 0.46875 0.5170898
vt 0.46875 0.5688477
vt 0.46875 0.465332
vt 0.46875 0.4135742
vt 0.46875 0.3618164
vt 0.46875 0.3100586
vt 0.46875 0.2587891
vt 0.484375 0.465332
vt 0.484375 0.4135742
vt 0.484375 0.3618164
vt 0.484375 0.3100586
vt 0.484375 0.2587891
vt 0.484375 0.5170898
vt 0.46875 0.2070313
vt 0.484375 0.2070313
vt 0.5 0.2070313
vt 0.5 0.2587891
vt 0.5 0.3100586
vt 0.453125 0.2070313
vt 0.5 0.3618164
vt 0.4375 0.2070313
vt 0.5 0.4135742
vt 0.421875 0.2070313
vt 0.5 0.465332
vt 0.40625 0.2070313
vt 0.390625 0.2070313
vt 0.375 0.2070313
vt 0.375 0.1552734
vt 0.390625 0.1552734
vt 0.375 0.1035156
vt 0.40625 0.1552734
vt 0.390625 0.1035156
vt 0.375 0.05175781
vt 0.421875 0.1552734
vt 0.40625 0.1035156
vt 0.4375 0.1552734
vt 0.359375 0.05175781
vt 0.390625 0.05175781
vt 0.421875 0.1035156
vt 0.453125 0.1552734
vt 0.34375 0.05175781
vt 0.375 0
vt 0.40625 0.05175781
vt 0.4375 0.1035156
vt 0.46875 0.1552734
vt 0.328125 0.05175781
vt 0.390625 0
vt 0.421875 0.05175781
vt 0.453125 0.1035156
vt 0.484375 0.1552734
vt 0.3125 0.05175781
vt 0.40625 0
vt 0.4375 0.05175781
vt 0.46875 0.1035156
vt 0.296875 0.05175781
vt 0.421875 0
vt 0.453125 0.05175781
vt 0.4375 0
vt 0.484375 0.1035156
vt 0.46875 0.05175781
vt 0.453125 0
vt 0.5 0.1552734
vt 0.40625 -0.07275981
vt 0.421875 -0.07275981
vt 0.4375 -0.07275981
vt 0.390625 -0.07275981
vt 0.375 -0.07275981
vt 0.40625 -0.1283732
vt 0.3906251 -0.1283732
vt 0.421875 -0.1283732
vt 0.375 -0.1283732
vt 0.4531249 -0.07275981
vt 0.4375 -0.1283732
vt 0.46875 0
vt 0.484375 0.05175781
vt 0.5 0.1035156
vt 0.40625 -0.2158716
vt 0.390625 -0.2158716
vt 0.375 -0.2158716
vt 0.421875 -0.2158716
vt 0.484375 0
vt 0.5 0.05175781
vt 0.46875 -0.07275981
vt 0.453125 -0.1283732
vt 0.4375 -0.2158716
vt 0.390625 -0.3088387
vt 0.40625 -0.3088387
vt 0.390625 -0.3088387
vt 0.375 -0.3088387
vt 0.375 -0.3088387
vt 0.421875 -0.3088387
vt 0.421875 -0.3088387
vt 0.4375 -0.3088387
vt 0.4531249 -0.2158716
vt 0.359375 -0.3088387
vt 0.359375 -0.3088387
vt 0.34375 -0.3088387
vt 0.359375 -0.2158716
vt 0.3593749 -0.1283732
vt 0.34375 -0.2158716
vt 0.359375 -0.07275981
vt 0.4687499 -0.1283732
vt 0.328125 -0.3088387
vt 0.34375 -0.3088387
vt 0.34375 -0.1283732
vt 0.359375 0
vt 0.328125 -0.2158716
vt 0.34375 -0.07275981
vt 0.34375 0
vt 0.328125 -0.1283732
vt 0.3125 -0.3088387
vt 0.3125 -0.3088387
vt 0.328125 0
vt 0.328125 -0.07275981
vt 0.3125 -0.2158716
vt 0.3125 0
vt 0.3125 -0.07275981
vt 0.3125 -0.1283732
vt 0.296875 -0.3088387
vt 0.296875 -0.3088387
vt 0.296875 -0.2158716
vt 0.296875 -0.1283732
vt 0.296875 -0.07275981
vt 0.296875 0
vt 0.28125 -0.3088387
vt 0.28125 -0.3088387
vt 0.265625 -0.3088387
vt 0.28125 -0.2158716
vt 0.28125 -0.1283732
vt 0.265625 -0.2158716
vt 0.28125 -0.07275981
vt 0.28125 0.05175781
vt 0.25 -0.3088387
vt 0.265625 -0.3088387
vt 0.265625 -0.1283732
vt 0.28125 0
vt 0.265625 0.1035156
vt 0.25 -0.2158716
vt 0.265625 -0.07275981
vt 0.265625 0.05175781
vt 0.25 0.1552734
vt 0.234375 -0.3088387
vt 0.25 -0.3088387
vt 0.25 -0.1283732
vt 0.265625 0
vt 0.25 0.1035156
vt 0.234375 0.1552734
vt 0.234375 -0.2158716
vt 0.25 -0.07275981
vt 0.25 0.05175781
vt 0.234375 0.1035156
vt 0.21875 0.1552734
vt 0.21875 -0.3088387
vt 0.234375 -0.3088387
vt 0.25 0
vt 0.234375 0.05175781
vt 0.21875 0.1035156
vt 0.234375 0
vt 0.234375 -0.07275981
vt 0.21875 0.05175781
vt 0.21875 0
vt 0.234375 -0.1283732
vt 0.21875 -0.07275981
vt 0.21875 -0.2158716
vt 0.21875 -0.1283732
vt 0.203125 -0.3088387
vt 0.203125 -0.3088387
vt 0.203125 -0.2158716
vt 0.203125 -0.1283732
vt 0.203125 -0.07275981
vt 0.1875 -0.3088387
vt 0.1875 -0.3088387
vt 0.1875 -0.2158716
vt 0.203125 0
vt 0.1875 -0.1283732
vt 0.171875 -0.3088387
vt 0.171875 -0.3088387
vt 0.171875 -0.2158716
vt 0.1875 -0.07275981
vt 0.203125 0.05175781
vt 0.15625 -0.3088387
vt 0.15625 -0.3088387
vt 0.171875 -0.1283732
vt 0.1875 0
vt 0.203125 0.1035156
vt 0.15625 -0.2158716
vt 0.171875 -0.07275981
vt 0.1875 0.05175781
vt 0.203125 0.1552734
vt 0.140625 -0.3088387
vt 0.140625 -0.3088387
vt 0.125 -0.3088387
vt 0.15625 -0.1283732
vt 0.140625 -0.2158716
vt 0.171875 0
vt 0.1875 0.1035156
vt 0.15625 -0.07275981
vt 0.140625 -0.1283732
vt 0.125 -0.2158716
vt 0.171875 0.05175781
vt 0.15625 0
vt 0.140625 -0.07275981
vt 0.109375 -0.3088387
vt 0.125 -0.3088387
vt 0.125 -0.1283732
vt 0.109375 -0.2158716
vt 0.09375 -0.3088387
vt 0.09375 -0.3088387
vt 0.078125 -0.3088387
vt 0.09375 -0.2158716
vt 0.109375 -0.1283732
vt 0.125 -0.07275981
vt 0.140625 0
vt 0.15625 0.05175781
vt 0.171875 0.1035156
vt 0.1875 0.1552734
vt 0.203125 0.2070313
vt 0.1875 0.2587891
vt 0.1875 0.2070313
vt 0.171875 0.1552734
vt 0.15625 0.1035156
vt 0.140625 0.05175781
vt 0.171875 0.3100586
vt 0.171875 0.2587891
vt 0.171875 0.2070313
vt 0.15625 0.1552734
vt 0.15625 0.3618164
vt 0.15625 0.3100586
vt 0.15625 0.2587891
vt 0.140625 0.4135742
vt 0.140625 0.3618164
vt 0.140625 0.1035156
vt 0.15625 0.2070313
vt 0.140625 0.3100586
vt 0.140625 0.1552734
vt 0.140625 0.2587891
vt 0.140625 0.2070313
vt 0.125 0.465332
vt 0.125 0.4135742
vt 0.125 0.3618164
vt 0.125 0.3100586
vt 0.125 0.2587891
vt 0.125 0.5170898
vt 0.125 0.5688477
vt 0.125 0.6206055
vt 0.125 0.6723633
vt 0.125 0.7241211
vt 0.125 0.7757568
vt 0.125 0.8275146
vt 0.140625 0.8275146
vt 0.140625 0.878418
vt 0.140625 0.9232178
vt 0.125 0.8788452
vt 0.140625 0.9515076
vt 0.1484375 0.963623
vt 0.1328125 0.963623
vt 0.140625 0.996315
vt 0.125 0.9309692
vt 0.109375 0.9232178
vt 0.109375 0.878418
vt 0.109375 0.9515076
vt 0.1171875 0.963623
vt 0.1015625 0.963623
vt 0.109375 0.996315
vt 0.09375 0.9309692
vt 0.09375 0.8788452
vt 0.09375 0.8275146
vt 0.109375 0.8275146
vt 0.109375 0.7757568
vt 0.109375 0.7241211
vt 0.09375 0.7757568
vt 0.109375 0.6723633
vt 0.09375 0.7241211
vt 0.109375 0.6206055
vt 0.09375 0.6723633
vt 0.109375 0.5688477
vt 0.09375 0.6206055
vt 0.109375 0.5170898
vt 0.109375 0.465332
vt 0.109375 0.4135742
vt 0.109375 0.3618164
vt 0.109375 0.3100586
vt 0.109375 0.2587891
vt 0.09375 0.5170898
vt 0.09375 0.465332
vt 0.09375 0.4135742
vt 0.09375 0.3618164
vt 0.09375 0.3100586
vt 0.09375 0.2587891
vt 0.09375 0.5688477
vt 0.109375 0.2070313
vt 0.09375 0.2070313
vt 0.125 0.2070313
vt 0.125 0.1552734
vt 0.109375 0.1552734
vt 0.125 0.1035156
vt 0.125 0.05175781
vt 0.109375 0.1035156
vt 0.09375 0.1552734
vt 0.078125 0.2070313
vt 0.125 0
vt 0.109375 0.05175781
vt 0.09375 0.1035156
vt 0.109375 -0.07275981
vt 0.109375 0
vt 0.09375 -0.1283732
vt 0.078125 0.1552734
vt 0.09375 0.05175781
vt 0.09375 -0.07275981
vt 0.078125 -0.2158716
vt 0.078125 0.1035156
vt 0.09375 0
vt 0.078125 -0.1283732
vt 0.0625 -0.3088387
vt 0.078125 -0.3088387
vt 0.0625 -0.2158716
vt 0.07812501 -0.07275981
vt 0.078125 0.05175781
vt 0.046875 -0.3088387
vt 0.046875 -0.3088387
vt 0.0625 -0.1283732
vt 0.078125 0
vt 0.046875 -0.2158716
vt 0.0625 -0.07275981
vt 0.03125 -0.3088387
vt 0.03125 -0.3088387
vt 0.015625 -0.3088387
vt 0.046875 -0.1283732
vt 0.03125 -0.2158716
vt 0.0625 0.05175781
vt 0.0625 0
vt 0.046875 -0.07275981
vt 0.03125 -0.1283732
vt 0.015625 -0.2158716
vt -1.192093E-07 -0.3088387
vt 0.015625 -0.3088387
vt -1.192093E-07 -0.2158716
vt 0.015625 -0.1283732
vt -1.192093E-07 -0.1283732
vt 0.03125 -0.07275981
vt 0.015625 -0.07275981
vt -1.192093E-07 -0.07275981
vt 0.046875 0
vt 0.03125 0
vt 0.015625 0
vt -1.192093E-07 0
vt -1.192093E-07 0.05175781
vt 0.015625 0.05175781
vt 0 0.1035156
vt 0.046875 0.05175781
vt 0.03125 0.05175781
vt 0.015625 0.1035156
vt -1.192093E-07 0.1552734
vt 0.03125 0.1035156
vt 0.015625 0.1552734
vt 0 0.2070313
vt 0.046875 0.1035156
vt 0.03125 0.1552734
vt 0.015625 0.2070313
vt 0.0625 0.1035156
vt 0.046875 0.1552734
vt 0.0625 0.1552734
vt 0.03125 0.2070313
vt 0.015625 0.2587891
vt -1.192093E-07 0.2587891
vt 0.046875 0.2070313
vt 0.0625 0.2070313
vt 0.03125 0.2587891
vt 0.015625 0.3100586
vt 0 0.3100586
vt 0.046875 0.2587891
vt 0.0625 0.2587891
vt 0.078125 0.2587891
vt 0.078125 0.3100586
vt 0.03125 0.3100586
vt 0.015625 0.3618164
vt -1.192093E-07 0.3618164
vt 0.046875 0.3100586
vt 0.0625 0.3100586
vt 0.078125 0.3618164
vt 0.03125 0.3618164
vt 0.015625 0.4135742
vt 0 0.4135742
vt 0.046875 0.3618164
vt 0.0625 0.3618164
vt 0.078125 0.4135742
vt 0.03125 0.4135742
vt 0.015625 0.465332
vt -1.192093E-07 0.465332
vt 0.046875 0.4135742
vt 0.0625 0.4135742
vt 0.078125 0.465332
vt 0.03125 0.465332
vt 0.015625 0.5170898
vt 0 0.5170898
vt 0.046875 0.465332
vt 0.0625 0.465332
vt 0.078125 0.5170898
vt 0.03125 0.5170898
vt 0.015625 0.5688477
vt -1.192093E-07 0.5688477
vt 0.046875 0.5170898
vt 0.0625 0.5170898
vt 0.078125 0.5688477
vt 0.03125 0.5688477
vt 0.015625 0.6206055
vt 0 0.6206055
vt -1.192093E-07 0.6723633
vt 0.046875 0.5688477
vt 0.0625 0.5688477
vt 0.078125 0.6206055
vt 0.03125 0.6206055
vt 0.015625 0.6723633
vt 0 0.7241211
vt 0.046875 0.6206055
vt 0.0625 0.6206055
vt 0.03125 0.6723633
vt 0.078125 0.6723633
vt 0.0625 0.6723633
vt 0.015625 0.7241211
vt -1.192093E-07 0.7757568
vt 0.03125 0.7241211
vt 0.046875 0.6723633
vt 0.078125 0.7241211
vt 0.0625 0.7241211
vt 0.015625 0.7757568
vt 0 0.8275146
vt 0.03125 0.7757568
vt 0.03125 0.8275146
vt 0.046875 0.7241211
vt 0.078125 0.7757568
vt 0.0625 0.7757568
vt 0.0625 0.8275146
vt 0.046875 0.7757568
vt 0.015625 0.8275146
vt 0.015625 0.878418
vt -1.192093E-07 0.8792114
vt 0.078125 0.8275146
vt 0.078125 0.878418
vt 0.015625 0.9232178
vt 0 0.9309692
vt 0.078125 0.9232178
vt 0.03125 0.8788452
vt 0.015625 0.9515076
vt 0.0078125 0.963623
vt 0.0234375 0.963623
vt 0.015625 0.996315
vt 0.03125 0.9309692
vt 0.0625 0.8788452
vt 0.078125 0.9515076
vt 0.0859375 0.963623
vt 0.0703125 0.963623
vt 0.078125 0.996315
vt 0.0625 0.9309692
vt 0.046875 0.9232178
vt 0.046875 0.878418
vt 0.046875 0.9515076
vt 0.0390625 0.963623
vt 0.0546875 0.963623
vt 0.046875 0.996315
vt 0.046875 0.8275146
vt 0.4453125 0.963623
vt 0.453125 0.996315
vt 0.4609375 0.963623
vt 0.453125 0.9515076
vt 0.46875 0.9309692
vt 0.453125 0.9232178
vt 0.453125 0.878418
vt 0.46875 0.8788452
vt 0.46875 0.8275146
vt 0.453125 0.8275146
vt 0.46875 0.7757568
vt 0.46875 0.7241211
vt 0.46875 0.6723633
vt 0.46875 0.6206055
vt 0.484375 0.5688477
vt 0.484375 0.6206055
vt 0.484375 0.6723633
vt 0.484375 0.7241211
vt 0.5 0.5170898
vt 0.5 0.5688477
vt 0.484375 0.7757568
vt 0.5 0.6723633
vt 0.5 0.7241211
vt 0.5 0.6206055
vt 0.515625 0.6206055
vt 0.515625 0.5688477
vt 0.515625 0.5170898
vt 0.5 0.7757568
vt 0.5 0.8275146
vt 0.484375 0.8275146
vt 0.484375 0.878418
vt 0.515625 0.6723633
vt 0.515625 0.7241211
vt 0.484375 0.9232178
vt 0.515625 0.7757568
vt 0.5 0.8788452
vt 0.484375 0.9515076
vt 0.4765625 0.963623
vt 0.4921875 0.963623
vt 0.484375 0.996315
vt 0.5 0.9309692
vt 0.53125 0.7241211
vt 0.53125 0.7757568
vt 0.53125 0.8275146
vt 0.515625 0.8275146
vt 0.515625 0.878418
vt 0.515625 0.9232178
vt 0.53125 0.6723633
vt 0.53125 0.8788452
vt 0.515625 0.9515076
vt 0.5078125 0.963623
vt 0.5234375 0.963623
vt 0.515625 0.996315
vt 0.53125 0.9309692
vt 0.53125 0.6206055
vt 0.53125 0.5688477
vt 0.546875 0.6206055
vt 0.546875 0.6723633
vt 0.546875 0.7241211
vt 0.546875 0.7757568
vt 0.546875 0.9232178
vt 0.546875 0.878418
vt 0.546875 0.8275146
vt 0.5625 0.8275146
vt 0.5625 0.7757568
vt 0.5625 0.7241211
vt 0.5625 0.6723633
vt 0.546875 0.9515076
vt 0.5390625 0.963623
vt 0.5546875 0.963623
vt 0.546875 0.996315
vt 0.5625 0.9309692
vt 0.5625 0.8788452
vt 0.578125 0.7241211
vt 0.578125 0.6723633
vt 0.578125 0.7757568
vt 0.578125 0.9232178
vt 0.578125 0.878418
vt 0.578125 0.8275146
vt 0.59375 0.8275146
vt 0.59375 0.7757568
vt 0.59375 0.7241211
vt 0.578125 0.9515076
vt 0.5703125 0.963623
vt 0.5859375 0.963623
vt 0.578125 0.996315
vt 0.59375 0.9309692
vt 0.59375 0.8788452
vt 0.609375 0.9232178
vt 0.609375 0.878418
vt 0.609375 0.9515076
vt 0.6015625 0.963623
vt 0.6171875 0.963623
vt 0.609375 0.996315
vt 0.625 0.9309692
vt 0.625 0.8788452
vt 0.625 0.8275146
vt 0.609375 0.8275146
vt 0.609375 0.7757568
vt 0.609375 0.7241211
vt 0.625 0.7757568
vt 0.640625 0.9232178
vt 0.640625 0.878418
vt 0.640625 0.9515076
vt 0.6328125 0.963623
vt 0.6484375 0.963623
vt 0.640625 0.996315
vt 0.65625 0.9309692
vt 0.65625 0.8788452
vt 0.65625 0.8275146
vt 0.640625 0.8275146
vt 0.640625 0.7757568
vt 0.625 0.7241211
vt 0.640625 0.7241211
vt 0.65625 0.7757568
vt 0.609375 0.6723633
vt 0.59375 0.6723633
vt 0.578125 0.6206055
vt 0.5625 0.6206055
vt 0.546875 0.5688477
vt 0.5625 0.5688477
vt 0.53125 0.5170898
vt 0.546875 0.5170898
vt 0.515625 0.465332
vt 0.53125 0.465332
vt 0.515625 0.4135742
vt 0.515625 0.3618164
vt 0.53125 0.4135742
vt 0.546875 0.465332
vt 0.5625 0.5170898
vt 0.515625 0.3100586
vt 0.53125 0.3618164
vt 0.546875 0.4135742
vt 0.515625 0.2587891
vt 0.53125 0.3100586
vt 0.578125 0.5688477
vt 0.5625 0.465332
vt 0.546875 0.3618164
vt 0.59375 0.6206055
vt 0.578125 0.5170898
vt 0.5625 0.4135742
vt 0.609375 0.6206055
vt 0.59375 0.5688477
vt 0.578125 0.465332
vt 0.609375 0.5688477
vt 0.59375 0.5170898
vt 0.625 0.6723633
vt 0.625 0.6206055
vt 0.640625 0.6723633
vt 0.640625 0.6206055
vt 0.65625 0.7241211
vt 0.65625 0.6723633
vt 0.59375 0.465332
vt 0.609375 0.5170898
vt 0.625 0.5688477
vt 0.640625 0.5688477
vt 0.65625 0.6206055
vt 0.578125 0.4135742
vt 0.5625 0.3618164
vt 0.546875 0.3100586
vt 0.53125 0.2587891
vt 0.515625 0.2070313
vt 0.515625 0.1552734
vt 0.515625 0.1035156
vt 0.515625 0.05175781
vt 0.578125 0.3618164
vt 0.5625 0.3100586
vt 0.546875 0.2587891
vt 0.53125 0.2070313
vt 0.53125 0.1552734
vt 0.53125 0.1035156
vt 0.53125 0.05175781
vt 0.59375 0.4135742
vt 0.609375 0.465332
vt 0.625 0.5170898
vt 0.640625 0.5170898
vt 0.546875 0.1035156
vt 0.546875 0.05175781
vt 0.546875 0.1552734
vt 0.546875 0.2070313
vt 0.5625 0.2587891
vt 0.578125 0.3100586
vt 0.59375 0.3618164
vt 0.609375 0.4135742
vt 0.625 0.465332
vt 0.640625 0.465332
vt 0.5625 0.1552734
vt 0.5625 0.2070313
vt 0.578125 0.2587891
vt 0.59375 0.3100586
vt 0.609375 0.3618164
vt 0.625 0.4135742
vt 0.640625 0.4135742
vt 0.5625 0.1035156
vt 0.5625 0.05175781
vt 0.59375 0.2587891
vt 0.609375 0.3100586
vt 0.625 0.3618164
vt 0.640625 0.3618164
vt 0.578125 0.2070313
vt 0.578125 0.1552734
vt 0.578125 0.1035156
vt 0.578125 0.05175781
vt 0.609375 0.2587891
vt 0.625 0.3100586
vt 0.59375 0.2070313
vt 0.59375 0.1552734
vt 0.59375 0.1035156
vt 0.59375 0.05175781
vt 0.640625 0.3100586
vt 0.609375 0.2070313
vt 0.609375 0.1552734
vt 0.609375 0.1035156
vt 0.625 0.2587891
vt 0.609375 0.05175781
vt 0.640625 0.2587891
vt 0.65625 0.3100586
vt 0.65625 0.2587891
vt 0.65625 0.3618164
vt 0.65625 0.4135742
vt 0.65625 0.465332
vt 0.65625 0.5170898
vt 0.65625 0.5688477
vt 0.671875 0.3100586
vt 0.671875 0.3618164
vt 0.671875 0.4135742
vt 0.671875 0.465332
vt 0.671875 0.5170898
vt 0.671875 0.5688477
vt 0.671875 0.2587891
vt 0.671875 0.6206055
vt 0.671875 0.6723633
vt 0.671875 0.7241211
vt 0.671875 0.7757568
vt 0.6875 0.5170898
vt 0.6875 0.5688477
vt 0.6875 0.465332
vt 0.6875 0.4135742
vt 0.6875 0.3618164
vt 0.6875 0.3100586
vt 0.6875 0.2587891
vt 0.703125 0.465332
vt 0.703125 0.4135742
vt 0.703125 0.3618164
vt 0.703125 0.3100586
vt 0.703125 0.2587891
vt 0.703125 0.5170898
vt 0.6875 0.2070313
vt 0.703125 0.2070313
vt 0.671875 0.2070313
vt 0.65625 0.2070313
vt 0.640625 0.2070313
vt 0.625 0.2070313
vt 0.625 0.1552734
vt 0.640625 0.1552734
vt 0.625 0.1035156
vt 0.65625 0.1552734
vt 0.671875 0.1552734
vt 0.625 0.05175781
vt 0.640625 0.1035156
vt 0.65625 0.1035156
vt 0.6875 0.1552734
vt 0.640625 0.05175781
vt 0.625 0
vt 0.671875 0.1035156
vt 0.65625 0.05175781
vt 0.609375 0
vt 0.640625 0
vt 0.59375 0
vt 0.578125 0
vt 0.5625 0
vt 0.546875 0
vt 0.53125 0
vt 0.515625 0
vt 0.5 0
vt 0.484375 -0.07275981
vt 0.5 -0.07275981
vt 0.515625 -0.07275981
vt 0.53125 -0.07275981
vt 0.546875 -0.07275981
vt 0.4843749 -0.1283732
vt 0.5 -0.1283732
vt 0.515625 -0.1283732
vt 0.46875 -0.2158716
vt 0.4843751 -0.2158716
vt 0.453125 -0.3088387
vt 0.4375 -0.3088387
vt 0.46875 -0.3088387
vt 0.453125 -0.3088387
vt 0.5 -0.2158716
vt 0.484375 -0.3088387
vt 0.484375 -0.3088387
vt 0.5 -0.3088387
vt 0.515625 -0.2158716
vt 0.5312499 -0.1283732
vt 0.515625 -0.3088387
vt 0.5 -0.3088387
vt 0.53125 -0.2158716
vt 0.546875 -0.1283732
vt 0.53125 -0.3088387
vt 0.53125 -0.3088387
vt 0.546875 -0.2158716
vt 0.5625 -0.07275981
vt 0.5625 -0.1283732
vt 0.578125 -0.07275981
vt 0.546875 -0.3088387
vt 0.546875 -0.3088387
vt 0.5625 -0.2158716
vt 0.59375 -0.07275981
vt 0.5781249 -0.1283732
vt 0.5625 -0.3088387
vt 0.5625 -0.3088387
vt 0.609375 -0.07275981
vt 0.578125 -0.2158716
vt 0.59375 -0.1283732
vt 0.625 -0.07275981
vt 0.578125 -0.3088387
vt 0.578125 -0.3088387
vt 0.59375 -0.2158716
vt 0.6093749 -0.1283732
vt 0.59375 -0.3088387
vt 0.59375 -0.3088387
vt 0.609375 -0.3088387
vt 0.609375 -0.2158716
vt 0.625 -0.1283732
vt 0.6406251 -0.07275981
vt 0.625 -0.2158716
vt 0.65625 0
vt 0.640625 -0.1283732
vt 0.625 -0.3088387
vt 0.625 -0.3088387
vt 0.6406251 -0.2158716
vt 0.65625 -0.07275981
vt 0.671875 0.05175781
vt 0.640625 -0.3088387
vt 0.640625 -0.3088387
vt 0.6562499 -0.1283732
vt 0.671875 0
vt 0.6875 0.1035156
vt 0.6562499 -0.2158716
vt 0.671875 -0.07275981
vt 0.6875 0.05175781
vt 0.703125 0.1552734
vt 0.65625 -0.3088387
vt 0.65625 -0.3088387
vt 0.6718749 -0.1283732
vt 0.6875 0
vt 0.703125 0.1035156
vt 0.71875 0.2070313
vt 0.671875 -0.2158716
vt 0.6875 -0.07275981
vt 0.703125 0.05175781
vt 0.71875 0.1552734
vt 0.71875 0.2587891
vt 0.671875 -0.3088387
vt 0.671875 -0.3088387
vt 0.6875 -0.3088387
vt 0.6874999 -0.2158716
vt 0.703125 0
vt 0.734375 0.2070313
vt 0.71875 0.3100586
vt 0.6875 -0.1283732
vt 0.703125 -0.07275981
vt 0.7031249 -0.1283732
vt 0.734375 0.2587891
vt 0.75 0.2070313
vt 0.71875 0.3618164
vt 0.734375 0.3100586
vt 0.71875 0.4135742
vt 0.703125 -0.2158716
vt 0.734375 0.1552734
vt 0.75 0.2587891
vt 0.734375 0.3618164
vt 0.71875 0.465332
vt 0.703125 -0.3088387
vt 0.6875 -0.3088387
vt 0.71875 0.1035156
vt 0.71875 0.05175781
vt 0.734375 0.1035156
vt 0.71875 0
vt 0.75 0.1552734
vt 0.734375 0.05175781
vt 0.71875 -0.07275981
vt 0.75 0.1035156
vt 0.734375 0
vt 0.7187501 -0.1283732
vt 0.75 0.05175781
vt 0.734375 -0.07275981
vt 0.71875 -0.2158716
vt 0.75 0
vt 0.7343749 -0.1283732
vt 0.71875 -0.3088387
vt 0.71875 -0.3088387
vt 0.75 -0.07275981
vt 0.765625 0
vt 0.765625 0.05175781
vt 0.734375 -0.2158716
vt 0.7499999 -0.1283732
vt 0.7656251 -0.07275981
vt 0.734375 -0.3088387
vt 0.734375 -0.3088387
vt 0.75 -0.2158716
vt 0.765625 0.1035156
vt 0.78125 0
vt 0.7656249 -0.1283732
vt 0.75 -0.3088387
vt 0.75 -0.3088387
vt 0.7656249 -0.2158716
vt 0.7812501 -0.07275981
vt 0.78125 0.05175781
vt 0.765625 0.1552734
vt 0.765625 -0.3088387
vt 0.765625 -0.3088387
vt 0.78125 -0.1283732
vt 0.796875 0
vt 0.78125 0.1035156
vt 0.7812499 -0.2158716
vt 0.7968749 -0.07275981
vt 0.796875 0.05175781
vt 0.78125 -0.3088387
vt 0.78125 -0.3088387
vt 0.796875 -0.3088387
vt 0.7968749 -0.1283732
vt 0.796875 -0.2158716
vt 0.8125 0
vt 0.8124999 -0.07275981
vt 0.8125 -0.1283732
vt 0.8124999 -0.2158716
vt 0.8125 -0.3088387
vt 0.8125 -0.3088387
vt 0.828125 -0.3088387
vt 0.828125 -0.2158716
vt 0.8281249 -0.1283732
vt 0.8281249 -0.07275981
vt 0.828125 0
vt 0.8125 0.05175781
vt 0.796875 0.1035156
vt 0.78125 0.1552734
vt 0.765625 0.2070313
vt 0.765625 0.2587891
vt 0.8437499 -0.07275981
vt 0.84375 0
vt 0.828125 0.05175781
vt 0.8125 0.1035156
vt 0.796875 0.1552734
vt 0.78125 0.2070313
vt 0.78125 0.2587891
vt 0.84375 -0.1283732
vt 0.8437499 -0.2158716
vt 0.84375 -0.3088387
vt 0.828125 -0.3088387
vt 0.8125 0.1552734
vt 0.796875 0.2070313
vt 0.796875 0.2587891
vt 0.828125 0.1035156
vt 0.84375 0.05175781
vt 0.859375 0
vt 0.8593749 -0.07275981
vt 0.859375 -0.1283732
vt 0.8593749 -0.2158716
vt 0.859375 -0.3088387
vt 0.84375 -0.3088387
vt 0.828125 0.1552734
vt 0.84375 0.1035156
vt 0.859375 0.05175781
vt 0.875 0
vt 0.875 -0.07275981
vt 0.8749999 -0.1283732
vt 0.8750001 -0.2158716
vt 0.8125 0.2070313
vt 0.875 -0.3088387
vt 0.859375 -0.3088387
vt 0.8125 0.2587891
vt 0.8906249 -0.07275981
vt 0.8906248 -0.1283732
vt 0.890625 -0.2158716
vt 0.890625 0
vt 0.890625 -0.3088387
vt 0.875 -0.3088387
vt 0.9062499 -0.07275981
vt 0.90625 -0.1283732
vt 0.90625 -0.2158716
vt 0.90625 0
vt 0.90625 -0.3088387
vt 0.890625 -0.3088387
vt 0.890625 0.05175781
vt 0.90625 0.05175781
vt 0.875 0.05175781
vt 0.859375 0.1035156
vt 0.84375 0.1552734
vt 0.828125 0.2070313
vt 0.828125 0.2587891
vt 0.890625 0.1035156
vt 0.875 0.1035156
vt 0.859375 0.1552734
vt 0.84375 0.2070313
vt 0.84375 0.2587891
vt 0.90625 0.1035156
vt 0.828125 0.3100586
vt 0.84375 0.3100586
vt 0.8125 0.3100586
vt 0.796875 0.3100586
vt 0.78125 0.3100586
vt 0.765625 0.3100586
vt 0.75 0.3100586
vt 0.828125 0.3618164
vt 0.8125 0.3618164
vt 0.796875 0.3618164
vt 0.78125 0.3618164
vt 0.765625 0.3618164
vt 0.75 0.3618164
vt 0.84375 0.3618164
vt 0.734375 0.4135742
vt 0.796875 0.4135742
vt 0.78125 0.4135742
vt 0.765625 0.4135742
vt 0.75 0.4135742
vt 0.734375 0.465332
vt 0.8125 0.4135742
vt 0.71875 0.5170898
vt 0.828125 0.4135742
vt 0.703125 0.5688477
vt 0.84375 0.4135742
vt 0.6875 0.6206055
vt 0.6875 0.6723633
vt 0.703125 0.6206055
vt 0.71875 0.5688477
vt 0.6875 0.7241211
vt 0.734375 0.5170898
vt 0.703125 0.6723633
vt 0.6875 0.7757568
vt 0.6875 0.8275146
vt 0.703125 0.7241211
vt 0.75 0.465332
vt 0.671875 0.8275146
vt 0.671875 0.878418
vt 0.671875 0.9232178
vt 0.703125 0.7757568
vt 0.765625 0.465332
vt 0.6875 0.8788452
vt 0.671875 0.9515076
vt 0.6640625 0.963623
vt 0.6796875 0.963623
vt 0.671875 0.996315
vt 0.6875 0.9309692
vt 0.78125 0.465332
vt 0.796875 0.465332
vt 0.8125 0.465332
vt 0.828125 0.465332
vt 0.84375 0.465332
vt 0.703125 0.9232178
vt 0.703125 0.9515076
vt 0.6953125 0.963623
vt 0.7109375 0.963623
vt 0.703125 0.996315
vt 0.71875 0.9309692
vt 0.703125 0.878418
vt 0.71875 0.8788452
vt 0.71875 0.8275146
vt 0.703125 0.8275146
vt 0.71875 0.7757568
vt 0.71875 0.7241211
vt 0.71875 0.6723633
vt 0.71875 0.6206055
vt 0.734375 0.5688477
vt 0.734375 0.6206055
vt 0.734375 0.6723633
vt 0.734375 0.7241211
vt 0.75 0.5170898
vt 0.75 0.5688477
vt 0.765625 0.5170898
vt 0.734375 0.7757568
vt 0.765625 0.5688477
vt 0.78125 0.5170898
vt 0.78125 0.5688477
vt 0.796875 0.5170898
vt 0.796875 0.5688477
vt 0.8125 0.5170898
vt 0.8125 0.5688477
vt 0.828125 0.5170898
vt 0.828125 0.5688477
vt 0.84375 0.5170898
vt 0.84375 0.5688477
vt 0.796875 0.6206055
vt 0.8125 0.6206055
vt 0.828125 0.6206055
vt 0.84375 0.6206055
vt 0.859375 0.5688477
vt 0.859375 0.5170898
vt 0.78125 0.6206055
vt 0.765625 0.6206055
vt 0.8125 0.6723633
vt 0.78125 0.6723633
vt 0.859375 0.465332
vt 0.75 0.6206055
vt 0.75 0.6723633
vt 0.765625 0.6723633
vt 0.75 0.7241211
vt 0.796875 0.6723633
vt 0.78125 0.7241211
vt 0.75 0.7757568
vt 0.75 0.8275146
vt 0.765625 0.7241211
vt 0.765625 0.7757568
vt 0.78125 0.7757568
vt 0.78125 0.8275146
vt 0.796875 0.7241211
vt 0.8125 0.7241211
vt 0.796875 0.7757568
vt 0.734375 0.8275146
vt 0.734375 0.878418
vt 0.734375 0.9232178
vt 0.828125 0.6723633
vt 0.8125 0.7757568
vt 0.8125 0.8275146
vt 0.828125 0.7241211
vt 0.84375 0.6723633
vt 0.75 0.8788452
vt 0.734375 0.9515076
vt 0.7265625 0.963623
vt 0.7421875 0.963623
vt 0.734375 0.996315
vt 0.75 0.9309692
vt 0.84375 0.7241211
vt 0.859375 0.6206055
vt 0.859375 0.6723633
vt 0.765625 0.9232178
vt 0.765625 0.878418
vt 0.765625 0.9515076
vt 0.7578125 0.963623
vt 0.7734375 0.963623
vt 0.765625 0.996315
vt 0.78125 0.9309692
vt 0.765625 0.8275146
vt 0.78125 0.8788452
vt 0.796875 0.9232178
vt 0.796875 0.878418
vt 0.796875 0.9515076
vt 0.7890625 0.963623
vt 0.8046875 0.963623
vt 0.796875 0.996315
vt 0.8125 0.9309692
vt 0.796875 0.8275146
vt 0.8125 0.8788452
vt 0.828125 0.9232178
vt 0.828125 0.878418
vt 0.828125 0.9515076
vt 0.8203125 0.963623
vt 0.8359375 0.963623
vt 0.828125 0.996315
vt 0.84375 0.9309692
vt 0.84375 0.8788452
vt 0.84375 0.8275146
vt 0.828125 0.8275146
vt 0.828125 0.7757568
vt 0.84375 0.7757568
vt 0.859375 0.7241211
vt 0.859375 0.7757568
vt 0.859375 0.9232178
vt 0.859375 0.878418
vt 0.859375 0.8275146
vt 0.875 0.8275146
vt 0.875 0.7757568
vt 0.875 0.7241211
vt 0.859375 0.9515076
vt 0.8515625 0.963623
vt 0.8671875 0.963623
vt 0.859375 0.996315
vt 0.875 0.9309692
vt 0.875 0.8788452
vt 0.875 0.6723633
vt 0.875 0.6206055
vt 0.875 0.5688477
vt 0.875 0.5170898
vt 0.890625 0.9232178
vt 0.890625 0.878418
vt 0.890625 0.9515076
vt 0.8828125 0.963623
vt 0.8984375 0.963623
vt 0.890625 0.996315
vt 0.90625 0.9309692
vt 0.90625 0.8788452
vt 0.90625 0.8275146
vt 0.890625 0.8275146
vt 0.890625 0.7757568
vt 0.890625 0.7241211
vt 0.90625 0.7757568
vt 0.890625 0.6723633
vt 0.90625 0.7241211
vt 0.890625 0.6206055
vt 0.90625 0.6723633
vt 0.890625 0.5688477
vt 0.90625 0.6206055
vt 0.890625 0.5170898
vt 0.921875 0.7241211
vt 0.921875 0.6723633
vt 0.921875 0.6206055
vt 0.921875 0.7757568
vt 0.90625 0.5688477
vt 0.90625 0.5170898
vt 0.921875 0.5688477
vt 0.921875 0.5170898
vt 0.9375 0.7241211
vt 0.9375 0.7757568
vt 0.9375 0.8275146
vt 0.921875 0.8275146
vt 0.921875 0.878418
vt 0.921875 0.9232178
vt 0.9375 0.6723633
vt 0.9375 0.8788452
vt 0.921875 0.9515076
vt 0.9140625 0.963623
vt 0.9296875 0.963623
vt 0.921875 0.996315
vt 0.9375 0.9309692
vt 0.953125 0.9232178
vt 0.953125 0.878418
vt 0.953125 0.9515076
vt 0.9453125 0.963623
vt 0.9609375 0.963623
vt 0.953125 0.996315
vt 0.96875 0.9309692
vt 0.96875 0.8788452
vt 0.96875 0.8275146
vt 0.953125 0.8275146
vt 0.953125 0.7757568
vt 0.953125 0.7241211
vt 0.96875 0.7757568
vt 0.953125 0.6723633
vt 0.96875 0.7241211
vt 0.984375 0.9232178
vt 0.984375 0.878418
vt 0.984375 0.9515076
vt 0.9765625 0.963623
vt 0.9921875 0.963623
vt 0.984375 0.996315
vt 1 0.9309692
vt 1 0.8792114
vt 1 0.8275146
vt 0.984375 0.8275146
vt 0.984375 0.7757568
vt 1 0.7757568
vt 0.984375 0.7241211
vt 1 0.7241211
vt 0.984375 0.6723633
vt 1 0.6723633
vt 0.96875 0.6723633
vt 0.984375 0.6206055
vt 1 0.6206055
vt 1 0.5688477
vt 0.953125 0.6206055
vt 0.984375 0.5688477
vt 1 0.5170898
vt 0.96875 0.6206055
vt 0.984375 0.5170898
vt 1 0.465332
vt 0.96875 0.5688477
vt 0.9375 0.6206055
vt 0.984375 0.465332
vt 1 0.4135742
vt 0.96875 0.5170898
vt 0.953125 0.5688477
vt 0.9375 0.5688477
vt 0.984375 0.4135742
vt 1 0.3618164
vt 0.96875 0.465332
vt 0.953125 0.5170898
vt 0.9375 0.5170898
vt 0.984375 0.3618164
vt 1 0.3100586
vt 0.96875 0.4135742
vt 0.953125 0.465332
vt 0.9375 0.465332
vt 0.984375 0.3100586
vt 1 0.2587891
vt 0.96875 0.3618164
vt 0.953125 0.4135742
vt 0.921875 0.465332
vt 0.984375 0.2587891
vt 1 0.2070313
vt 0.9375 0.4135742
vt 0.96875 0.3100586
vt 0.953125 0.3618164
vt 0.90625 0.465332
vt 0.921875 0.4135742
vt 0.9375 0.3618164
vt 0.953125 0.3100586
vt 0.96875 0.2587891
vt 0.890625 0.465332
vt 0.90625 0.4135742
vt 0.921875 0.3618164
vt 0.9375 0.3100586
vt 0.875 0.465332
vt 0.890625 0.4135742
vt 0.90625 0.3618164
vt 0.859375 0.4135742
vt 0.875 0.4135742
vt 0.859375 0.3618164
vt 0.890625 0.3618164
vt 0.921875 0.3100586
vt 0.859375 0.3100586
vt 0.875 0.3618164
vt 0.90625 0.3100586
vt 0.859375 0.2587891
vt 0.875 0.3100586
vt 0.890625 0.3100586
vt 0.859375 0.2070313
vt 0.875 0.2587891
vt 0.890625 0.2587891
vt 0.90625 0.2587891
vt 0.921875 0.2587891
vt 0.875 0.1552734
vt 0.875 0.2070313
vt 0.890625 0.2070313
vt 0.890625 0.1552734
vt 0.90625 0.2070313
vt 0.90625 0.1552734
vt 0.921875 0.2070313
vt 0.921875 0.1552734
vt 0.9375 0.2070313
vt 0.921875 0.1035156
vt 0.9375 0.2587891
vt 0.9375 0.1552734
vt 0.921875 0.05175781
vt 0.953125 0.2587891
vt 0.953125 0.2070313
vt 0.9375 0.1035156
vt 0.921875 0
vt 0.96875 0.2070313
vt 0.953125 0.1552734
vt 0.9375 0.05175781
vt 0.9218749 -0.07275981
vt 0.984375 0.2070313
vt 0.953125 0.1035156
vt 0.96875 0.1552734
vt 0.984375 0.1552734
vt 1 0.1552734
vt 0.9375 0
vt 0.953125 0.05175781
vt 0.96875 0.1035156
vt 0.984375 0.1035156
vt 1 0.1035156
vt 0.96875 0.05175781
vt 0.984375 0.05175781
vt 1 0.05175781
vt 0.953125 0
vt 0.9374999 -0.07275981
vt 0.984375 0
vt 1 0
vt 0.96875 0
vt 0.984375 -0.07275981
vt 1 -0.07275981
vt 0.953125 -0.07275981
vt 0.96875 -0.07275981
vt 0.9218749 -0.1283732
vt 0.9843749 -0.1283732
vt 1 -0.1283732
vt 0.9687499 -0.1283732
vt 0.9375 -0.1283732
vt 0.9218749 -0.2158716
vt 0.953125 -0.1283732
vt 0.9843751 -0.2158716
vt 1 -0.2158716
vt 0.921875 -0.3088387
vt 0.90625 -0.3088387
vt 0.9375 -0.2158716
vt 0.9687501 -0.2158716
vt 0.9531251 -0.2158716
vt 0.9375 -0.3088387
vt 0.921875 -0.3088387
vt 0.953125 -0.3088387
vt 0.9375 -0.3088387
vt 0.96875 -0.3088387
vt 0.953125 -0.3088387
vt 0.984375 -0.3088387
vt 0.984375 -0.3088387
vt 1 -0.3088387
vt 1 -0.3088387
usemtl M_StylizedSky
f 1/1/1 3/3/3 2/2/2
f 3/3/3 1/1/1 4/4/4
f 5/5/5 3/3/3 4/4/4
f 1/1/1 6/6/6 4/4/4
f 5/5/5 4/4/4 7/7/7
f 6/6/6 7/7/7 4/4/4
f 7/7/7 8/8/8 5/5/5
f 6/6/6 9/9/9 7/7/7
f 8/8/8 7/7/7 10/10/10
f 9/9/9 10/10/10 7/7/7
f 10/10/10 11/11/11 8/8/8
f 9/9/9 12/12/12 10/10/10
f 11/11/11 10/10/10 13/13/13
f 12/12/12 13/13/13 10/10/10
f 13/13/13 14/14/14 11/11/11
f 12/12/12 14/14/14 13/13/13
f 5/5/5 8/8/8 15/15/15
f 8/8/8 11/11/11 16/16/16
f 8/8/8 16/16/16 15/15/15
f 15/15/15 17/17/17 5/5/5
f 18/18/18 5/5/5 17/17/17
f 19/19/19 18/18/18 17/17/17
f 18/18/18 19/19/19 20/20/20
f 21/21/21 19/19/19 17/17/17
f 17/17/17 15/15/15 21/21/21
f 22/22/22 15/15/15 16/16/16
f 15/15/15 22/22/22 21/21/21
f 16/16/16 23/23/23 22/22/22
f 11/11/11 24/24/24 16/16/16
f 23/23/23 16/16/16 24/24/24
f 11/11/11 25/25/25 24/24/24
f 24/24/24 25/25/25 23/23/23
f 14/14/14 26/26/26 11/11/11
f 25/25/25 11/11/11 26/26/26
f 21/21/21 22/22/22 27/27/27
f 22/22/22 23/23/23 28/28/28
f 28/28/28 27/27/27 22/22/22
f 27/27/27 29/29/29 21/21/21
f 30/30/30 21/21/21 29/29/29
f 31/31/31 30/30/30 29/29/29
f 30/30/30 31/31/31 32/32/32
f 33/33/33 31/31/31 29/29/29
f 29/29/29 27/27/27 33/33/33
f 34/34/34 27/27/27 28/28/28
f 27/27/27 34/34/34 33/33/33
f 28/28/28 35/35/35 34/34/34
f 36/36/36 28/28/28 23/23/23
f 35/35/35 28/28/28 36/36/36
f 23/23/23 37/37/37 36/36/36
f 36/36/36 37/37/37 35/35/35
f 37/37/37 23/23/23 38/38/38
f 25/25/25 38/38/38 23/23/23
f 25/25/25 39/39/39 38/38/38
f 26/26/26 39/39/39 25/25/25
f 33/33/33 34/34/34 40/40/40
f 34/34/34 35/35/35 41/41/41
f 41/41/41 40/40/40 34/34/34
f 40/40/40 42/42/42 33/33/33
f 43/43/43 33/33/33 42/42/42
f 44/44/44 43/43/43 42/42/42
f 43/43/43 44/44/44 45/45/45
f 46/46/46 44/44/44 42/42/42
f 42/42/42 40/40/40 46/46/46
f 47/47/47 40/40/40 41/41/41
f 40/40/40 47/47/47 46/46/46
f 41/41/41 48/48/48 47/47/47
f 49/49/49 41/41/41 35/35/35
f 48/48/48 41/41/41 49/49/49
f 35/35/35 50/50/50 49/49/49
f 50/50/50 48/48/48 49/49/49
f 50/50/50 35/35/35 51/51/51
f 51/51/51 35/35/35 37/37/37
f 37/37/37 52/52/52 51/51/51
f 38/38/38 52/52/52 37/37/37
f 52/52/52 38/38/38 53/53/53
f 39/39/39 53/53/53 38/38/38
f 47/47/47 54/54/54 46/46/46
f 48/48/48 55/55/55 47/47/47
f 55/55/55 54/54/54 47/47/47
f 54/54/54 56/56/56 46/46/46
f 57/57/57 46/46/46 56/56/56
f 58/58/58 57/57/57 56/56/56
f 57/57/57 58/58/58 59/59/59
f 60/60/60 58/58/58 56/56/56
f 56/56/56 54/54/54 60/60/60
f 61/61/61 54/54/54 55/55/55
f 54/54/54 61/61/61 60/60/60
f 55/55/55 62/62/62 61/61/61
f 63/63/63 55/55/55 48/48/48
f 62/62/62 55/55/55 63/63/63
f 48/48/48 64/64/64 63/63/63
f 64/64/64 62/62/62 63/63/63
f 64/64/64 48/48/48 65/65/65
f 65/65/65 48/48/48 50/50/50
f 66/66/66 65/65/65 50/50/50
f 51/51/51 66/66/66 50/50/50
f 66/66/66 51/51/51 67/67/67
f 67/67/67 51/51/51 52/52/52
f 52/52/52 68/68/68 67/67/67
f 53/53/53 68/68/68 52/52/52
f 61/61/61 69/69/69 60/60/60
f 62/62/62 70/70/70 61/61/61
f 70/70/70 69/69/69 61/61/61
f 69/69/69 71/71/71 60/60/60
f 72/72/72 60/60/60 71/71/71
f 73/73/73 72/72/72 71/71/71
f 72/72/72 73/73/73 74/74/74
f 75/75/75 73/73/73 71/71/71
f 71/71/71 69/69/69 75/75/75
f 76/76/76 69/69/69 70/70/70
f 69/69/69 76/76/76 75/75/75
f 70/70/70 77/77/77 76/76/76
f 78/78/78 70/70/70 62/62/62
f 77/77/77 70/70/70 78/78/78
f 62/62/62 79/79/79 78/78/78
f 79/79/79 77/77/77 78/78/78
f 79/79/79 62/62/62 80/80/80
f 80/80/80 62/62/62 64/64/64
f 81/81/81 80/80/80 64/64/64
f 65/65/65 81/81/81 64/64/64
f 81/81/81 65/65/65 82/82/82
f 82/82/82 65/65/65 66/66/66
f 83/83/83 82/82/82 66/66/66
f 67/67/67 83/83/83 66/66/66
f 83/83/83 67/67/67 84/84/84
f 68/68/68 84/84/84 67/67/67
f 80/80/80 85/85/85 79/79/79
f 86/86/86 80/80/80 81/81/81
f 85/85/85 80/80/80 86/86/86
f 82/82/82 87/87/87 81/81/81
f 87/87/87 86/86/86 81/81/81
f 88/88/88 82/82/82 83/83/83
f 87/87/87 82/82/82 88/88/88
f 84/84/84 89/89/89 83/83/83
f 89/89/89 88/88/88 83/83/83
f 85/85/85 90/90/90 79/79/79
f 77/77/77 79/79/79 90/90/90
f 68/68/68 91/91/91 84/84/84
f 89/89/89 84/84/84 92/92/92
f 91/91/91 92/92/92 84/84/84
f 93/93/93 91/91/91 68/68/68
f 68/68/68 53/53/53 93/93/93
f 94/94/94 93/93/93 53/53/53
f 39/39/39 94/94/94 53/53/53
f 95/95/95 94/94/94 39/39/39
f 39/39/39 26/26/26 95/95/95
f 96/96/96 95/95/95 26/26/26
f 14/14/14 96/96/96 26/26/26
f 97/97/97 96/96/96 14/14/14
f 14/14/14 12/12/12 97/97/97
f 94/94/94 98/98/98 93/93/93
f 94/94/94 95/95/95 99/99/99
f 99/99/99 98/98/98 94/94/94
f 96/96/96 100/100/100 95/95/95
f 100/100/100 99/99/99 95/95/95
f 91/91/91 93/93/93 101/101/101
f 98/98/98 101/101/101 93/93/93
f 96/96/96 97/97/97 102/102/102
f 102/102/102 100/100/100 96/96/96
f 99/99/99 100/100/100 103/103/103
f 98/98/98 99/99/99 104/104/104
f 103/103/103 104/104/104 99/99/99
f 100/100/100 102/102/102 105/105/105
f 105/105/105 103/103/103 100/100/100
f 101/101/101 106/106/106 91/91/91
f 101/101/101 98/98/98 107/107/107
f 107/107/107 106/106/106 101/101/101
f 98/98/98 104/104/104 108/108/108
f 108/108/108 107/107/107 98/98/98
f 104/104/104 103/103/103 109/109/109
f 109/109/109 108/108/108 104/104/104
f 106/106/106 110/110/110 91/91/91
f 91/91/91 110/110/110 92/92/92
f 107/107/107 108/108/108 111/111/111
f 106/106/106 107/107/107 112/112/112
f 111/111/111 112/112/112 107/107/107
f 108/108/108 109/109/109 113/113/113
f 108/108/108 113/113/113 111/111/111
f 106/106/106 114/114/114 110/110/110
f 112/112/112 114/114/114 106/106/106
f 103/103/103 115/115/115 109/109/109
f 109/109/109 116/116/116 113/113/113
f 109/109/109 115/115/115 116/116/116
f 103/103/103 117/117/117 115/115/115
f 103/103/103 105/105/105 117/117/117
f 118/118/118 115/115/115 117/117/117
f 105/105/105 118/118/118 117/117/117
f 119/119/119 116/116/116 115/115/115
f 115/115/115 118/118/118 119/119/119
f 105/105/105 120/120/120 118/118/118
f 102/102/102 120/120/120 105/105/105
f 102/102/102 121/121/121 120/120/120
f 97/97/97 121/121/121 102/102/102
f 97/97/97 122/122/122 121/121/121
f 12/12/12 122/122/122 97/97/97
f 113/113/113 116/116/116 123/123/123
f 116/116/116 119/119/119 124/124/124
f 124/124/124 123/123/123 116/116/116
f 113/113/113 123/123/123 125/125/125
f 111/111/111 113/113/113 125/125/125
f 111/111/111 125/125/125 126/126/126
f 112/112/112 111/111/111 126/126/126
f 126/126/126 127/127/127 112/112/112
f 114/114/114 112/112/112 127/127/127
f 125/125/125 123/123/123 128/128/128
f 126/126/126 125/125/125 129/129/129
f 125/125/125 128/128/128 129/129/129
f 123/123/123 124/124/124 130/130/130
f 130/130/130 128/128/128 123/123/123
f 127/127/127 126/126/126 131/131/131
f 126/126/126 129/129/129 131/131/131
f 132/132/132 124/124/124 119/119/119
f 133/133/133 130/130/130 124/124/124
f 124/124/124 132/132/132 133/133/133
f 119/119/119 134/134/134 132/132/132
f 134/134/134 119/119/119 118/118/118
f 118/118/118 135/135/135 134/134/134
f 135/135/135 118/118/118 120/120/120
f 136/136/136 132/132/132 134/134/134
f 135/135/135 136/136/136 134/134/134
f 120/120/120 137/137/137 135/135/135
f 137/137/137 120/120/120 121/121/121
f 138/138/138 133/133/133 132/132/132
f 132/132/132 136/136/136 138/138/138
f 137/137/137 139/139/139 135/135/135
f 136/136/136 135/135/135 139/139/139
f 121/121/121 140/140/140 137/137/137
f 140/140/140 121/121/121 122/122/122
f 122/122/122 141/141/141 140/140/140
f 140/140/140 142/142/142 137/137/137
f 139/139/139 137/137/137 142/142/142
f 141/141/141 122/122/122 143/143/143
f 143/143/143 122/122/122 12/12/12
f 12/12/12 144/144/144 143/143/143
f 144/144/144 141/141/141 143/143/143
f 144/144/144 12/12/12 9/9/9
f 9/9/9 145/145/145 144/144/144
f 145/145/145 9/9/9 6/6/6
f 141/141/141 146/146/146 140/140/140
f 142/142/142 140/140/140 146/146/146
f 145/145/145 147/147/147 144/144/144
f 147/147/147 141/141/141 144/144/144
f 6/6/6 148/148/148 145/145/145
f 6/6/6 149/149/149 148/148/148
f 149/149/149 150/150/150 148/148/148
f 150/150/150 149/149/149 151/151/151
f 150/150/150 152/152/152 148/148/148
f 148/148/148 152/152/152 145/145/145
f 152/152/152 147/147/147 145/145/145
f 153/153/153 141/141/141 147/147/147
f 154/154/154 147/147/147 152/152/152
f 147/147/147 154/154/154 153/153/153
f 146/146/146 141/141/141 155/155/155
f 141/141/141 153/153/153 155/155/155
f 156/156/156 146/146/146 155/155/155
f 153/153/153 156/156/156 155/155/155
f 152/152/152 157/157/157 154/154/154
f 152/152/152 158/158/158 157/157/157
f 158/158/158 159/159/159 157/157/157
f 159/159/159 158/158/158 160/160/160
f 161/161/161 157/157/157 159/159/159
f 157/157/157 161/161/161 154/154/154
f 154/154/154 162/162/162 153/153/153
f 156/156/156 153/153/153 162/162/162
f 162/162/162 154/154/154 161/161/161
f 146/146/146 156/156/156 163/163/163
f 163/163/163 142/142/142 146/146/146
f 142/142/142 163/163/163 164/164/164
f 164/164/164 139/139/139 142/142/142
f 139/139/139 164/164/164 165/165/165
f 165/165/165 136/136/136 139/139/139
f 136/136/136 165/165/165 166/166/166
f 166/166/166 138/138/138 136/136/136
f 167/167/167 162/162/162 161/161/161
f 168/168/168 156/156/156 162/162/162
f 162/162/162 167/167/167 168/168/168
f 161/161/161 169/169/169 167/167/167
f 169/169/169 161/161/161 170/170/170
f 170/170/170 171/171/171 169/169/169
f 171/171/171 170/170/170 172/172/172
f 171/171/171 173/173/173 169/169/169
f 169/169/169 173/173/173 167/167/167
f 167/167/167 174/174/174 168/168/168
f 174/174/174 167/167/167 173/173/173
f 175/175/175 168/168/168 174/174/174
f 156/156/156 168/168/168 176/176/176
f 168/168/168 175/175/175 176/176/176
f 177/177/177 156/156/156 176/176/176
f 175/175/175 177/177/177 176/176/176
f 156/156/156 177/177/177 163/163/163
f 178/178/178 163/163/163 177/177/177
f 163/163/163 178/178/178 164/164/164
f 177/177/177 175/175/175 179/179/179
f 179/179/179 178/178/178 177/177/177
f 180/180/180 164/164/164 178/178/178
f 164/164/164 180/180/180 165/165/165
f 178/178/178 179/179/179 181/181/181
f 181/181/181 180/180/180 178/178/178
f 182/182/182 165/165/165 180/180/180
f 165/165/165 182/182/182 166/166/166
f 180/180/180 181/181/181 183/183/183
f 183/183/183 182/182/182 180/180/180
f 182/182/182 184/184/184 166/166/166
f 138/138/138 166/166/166 184/184/184
f 184/184/184 185/185/185 138/138/138
f 133/133/133 138/138/138 185/185/185
f 185/185/185 186/186/186 133/133/133
f 130/130/130 133/133/133 186/186/186
f 186/186/186 187/187/187 130/130/130
f 128/128/128 130/130/130 187/187/187
f 187/187/187 188/188/188 128/128/128
f 129/129/129 128/128/128 188/188/188
f 129/129/129 188/188/188 189/189/189
f 131/131/131 129/129/129 189/189/189
f 184/184/184 182/182/182 190/190/190
f 185/185/185 184/184/184 191/191/191
f 190/190/190 191/191/191 184/184/184
f 186/186/186 185/185/185 192/192/192
f 191/191/191 192/192/192 185/185/185
f 187/187/187 186/186/186 193/193/193
f 192/192/192 193/193/193 186/186/186
f 188/188/188 187/187/187 194/194/194
f 193/193/193 194/194/194 187/187/187
f 189/189/189 188/188/188 195/195/195
f 194/194/194 195/195/195 188/188/188
f 196/196/196 190/190/190 182/182/182
f 182/182/182 183/183/183 196/196/196
f 191/191/191 190/190/190 197/197/197
f 192/192/192 191/191/191 198/198/198
f 197/197/197 198/198/198 191/191/191
f 193/193/193 192/192/192 199/199/199
f 198/198/198 199/199/199 192/192/192
f 194/194/194 193/193/193 200/200/200
f 199/199/199 200/200/200 193/193/193
f 195/195/195 194/194/194 201/201/201
f 200/200/200 201/201/201 194/194/194
f 190/190/190 196/196/196 202/202/202
f 202/202/202 197/197/197 190/190/190
f 183/183/183 203/203/203 196/196/196
f 196/196/196 204/204/204 202/202/202
f 204/204/204 196/196/196 203/203/203
f 197/197/197 202/202/202 205/205/205
f 204/204/204 205/205/205 202/202/202
f 198/198/198 197/197/197 206/206/206
f 205/205/205 206/206/206 197/197/197
f 199/199/199 198/198/198 207/207/207
f 206/206/206 207/207/207 198/198/198
f 200/200/200 199/199/199 208/208/208
f 207/207/207 208/208/208 199/199/199
f 201/201/201 200/200/200 209/209/209
f 208/208/208 209/209/209 200/200/200
f 203/203/203 183/183/183 210/210/210
f 181/181/181 210/210/210 183/183/183
f 210/210/210 181/181/181 211/211/211
f 179/179/179 211/211/211 181/181/181
f 211/211/211 179/179/179 212/212/212
f 175/175/175 212/212/212 179/179/179
f 207/207/207 206/206/206 213/213/213
f 208/208/208 207/207/207 214/214/214
f 213/213/213 214/214/214 207/207/207
f 209/209/209 208/208/208 215/215/215
f 214/214/214 215/215/215 208/208/208
f 216/216/216 213/213/213 206/206/206
f 206/206/206 205/205/205 216/216/216
f 217/217/217 216/216/216 205/205/205
f 205/205/205 204/204/204 217/217/217
f 214/214/214 213/213/213 218/218/218
f 213/213/213 216/216/216 219/219/219
f 219/219/219 218/218/218 213/213/213
f 215/215/215 214/214/214 220/220/220
f 218/218/218 220/220/220 214/214/214
f 216/216/216 217/217/217 221/221/221
f 221/221/221 219/219/219 216/216/216
f 215/215/215 222/222/222 209/209/209
f 220/220/220 223/223/223 215/215/215
f 222/222/222 215/215/215 223/223/223
f 224/224/224 209/209/209 222/222/222
f 209/209/209 224/224/224 201/201/201
f 225/225/225 201/201/201 224/224/224
f 224/224/224 226/226/226 225/225/225
f 201/201/201 225/225/225 195/195/195
f 222/222/222 227/227/227 224/224/224
f 226/226/226 224/224/224 227/227/227
f 228/228/228 195/195/195 225/225/225
f 189/189/189 195/195/195 228/228/228
f 223/223/223 229/229/229 222/222/222
f 227/227/227 222/222/222 229/229/229
f 230/230/230 225/225/225 226/226/226
f 228/228/228 225/225/225 230/230/230
f 231/231/231 189/189/189 228/228/228
f 131/131/131 189/189/189 231/231/231
f 232/232/232 228/228/228 230/230/230
f 231/231/231 228/228/228 232/232/232
f 233/233/233 131/131/131 231/231/231
f 127/127/127 131/131/131 233/233/233
f 234/234/234 231/231/231 232/232/232
f 233/233/233 231/231/231 234/234/234
f 235/235/235 127/127/127 233/233/233
f 127/127/127 235/235/235 114/114/114
f 236/236/236 233/233/233 234/234/234
f 233/233/233 236/236/236 235/235/235
f 237/237/237 114/114/114 235/235/235
f 114/114/114 237/237/237 110/110/110
f 238/238/238 235/235/235 236/236/236
f 235/235/235 238/238/238 237/237/237
f 110/110/110 237/237/237 239/239/239
f 110/110/110 239/239/239 92/92/92
f 237/237/237 240/240/240 239/239/239
f 237/237/237 238/238/238 240/240/240
f 241/241/241 92/92/92 239/239/239
f 239/239/239 240/240/240 241/241/241
f 92/92/92 241/241/241 89/89/89
f 241/241/241 242/242/242 89/89/89
f 242/242/242 88/88/88 89/89/89
f 243/243/243 88/88/88 242/242/242
f 88/88/88 243/243/243 87/87/87
f 243/243/243 244/244/244 87/87/87
f 244/244/244 86/86/86 87/87/87
f 245/245/245 86/86/86 244/244/244
f 86/86/86 245/245/245 85/85/85
f 245/245/245 246/246/246 85/85/85
f 90/90/90 85/85/85 246/246/246
f 238/238/238 247/247/247 240/240/240
f 240/240/240 248/248/248 241/241/241
f 240/240/240 247/247/247 248/248/248
f 241/241/241 249/249/249 242/242/242
f 241/241/241 248/248/248 249/249/249
f 242/242/242 250/250/250 243/243/243
f 250/250/250 242/242/242 249/249/249
f 251/251/251 244/244/244 243/243/243
f 250/250/250 251/251/251 243/243/243
f 244/244/244 252/252/252 245/245/245
f 252/252/252 244/244/244 251/251/251
f 246/246/246 245/245/245 253/253/253
f 252/252/252 253/253/253 245/245/245
f 247/247/247 238/238/238 254/254/254
f 236/236/236 254/254/254 238/238/238
f 254/254/254 236/236/236 255/255/255
f 236/236/236 234/234/234 255/255/255
f 255/255/255 234/234/234 256/256/256
f 234/234/234 232/232/232 256/256/256
f 256/256/256 232/232/232 257/257/257
f 232/232/232 230/230/230 257/257/257
f 257/257/257 230/230/230 258/258/258
f 230/230/230 226/226/226 258/258/258
f 254/254/254 259/259/259 247/247/247
f 255/255/255 260/260/260 254/254/254
f 259/259/259 254/254/254 260/260/260
f 255/255/255 256/256/256 261/261/261
f 260/260/260 255/255/255 261/261/261
f 256/256/256 257/257/257 262/262/262
f 261/261/261 256/256/256 262/262/262
f 257/257/257 258/258/258 263/263/263
f 262/262/262 257/257/257 263/263/263
f 247/247/247 259/259/259 264/264/264
f 247/247/247 264/264/264 248/248/248
f 248/248/248 264/264/264 265/265/265
f 248/248/248 265/265/265 249/249/249
f 266/266/266 249/249/249 265/265/265
f 249/249/249 266/266/266 250/250/250
f 260/260/260 267/267/267 259/259/259
f 260/260/260 261/261/261 268/268/268
f 267/267/267 260/260/260 268/268/268
f 261/261/261 262/262/262 269/269/269
f 268/268/268 261/261/261 269/269/269
f 259/259/259 270/270/270 264/264/264
f 270/270/270 259/259/259 267/267/267
f 264/264/264 271/271/271 265/265/265
f 264/264/264 270/270/270 271/271/271
f 265/265/265 272/272/272 266/266/266
f 272/272/272 265/265/265 271/271/271
f 269/269/269 262/262/262 273/273/273
f 262/262/262 263/263/263 273/273/273
f 274/274/274 250/250/250 266/266/266
f 275/275/275 266/266/266 272/272/272
f 266/266/266 275/275/275 274/274/274
f 250/250/250 274/274/274 276/276/276
f 276/276/276 251/251/251 250/250/250
f 277/277/277 251/251/251 276/276/276
f 251/251/251 277/277/277 252/252/252
f 278/278/278 276/276/276 274/274/274
f 276/276/276 278/278/278 277/277/277
f 279/279/279 274/274/274 275/275/275
f 274/274/274 279/279/279 278/278/278
f 272/272/272 280/280/280 275/275/275
f 275/275/275 281/281/281 279/279/279
f 281/281/281 275/275/275 280/280/280
f 280/280/280 272/272/272 282/282/282
f 271/271/271 282/282/282 272/272/272
f 282/282/282 271/271/271 283/283/283
f 270/270/270 283/283/283 271/271/271
f 270/270/270 284/284/284 283/283/283
f 267/267/267 284/284/284 270/270/270
f 284/284/284 267/267/267 285/285/285
f 267/267/267 268/268/268 285/285/285
f 285/285/285 268/268/268 286/286/286
f 268/268/268 269/269/269 286/286/286
f 286/286/286 269/269/269 287/287/287
f 269/269/269 273/273/273 287/287/287
f 282/282/282 288/288/288 280/280/280
f 283/283/283 289/289/289 282/282/282
f 288/288/288 282/282/282 289/289/289
f 284/284/284 290/290/290 283/283/283
f 289/289/289 283/283/283 290/290/290
f 285/285/285 291/291/291 284/284/284
f 284/284/284 291/291/291 290/290/290
f 285/285/285 286/286/286 292/292/292
f 291/291/291 285/285/285 292/292/292
f 286/286/286 287/287/287 293/293/293
f 292/292/292 286/286/286 293/293/293
f 294/294/294 280/280/280 288/288/288
f 280/280/280 294/294/294 281/281/281
f 273/273/273 295/295/295 287/287/287
f 287/287/287 296/296/296 293/293/293
f 296/296/296 287/287/287 295/295/295
f 295/295/295 273/273/273 297/297/297
f 263/263/263 297/297/297 273/273/273
f 297/297/297 263/263/263 298/298/298
f 258/258/258 298/298/298 263/263/263
f 298/298/298 258/258/258 299/299/299
f 226/226/226 299/299/299 258/258/258
f 297/297/297 300/300/300 295/295/295
f 298/298/298 301/301/301 297/297/297
f 300/300/300 297/297/297 301/301/301
f 295/295/295 302/302/302 296/296/296
f 302/302/302 295/295/295 300/300/300
f 299/299/299 303/303/303 298/298/298
f 301/301/301 298/298/298 303/303/303
f 304/304/304 293/293/293 296/296/296
f 305/305/305 296/296/296 302/302/302
f 296/296/296 305/305/305 304/304/304
f 293/293/293 304/304/304 306/306/306
f 292/292/292 293/293/293 306/306/306
f 307/307/307 292/292/292 306/306/306
f 291/291/291 292/292/292 307/307/307
f 308/308/308 291/291/291 307/307/307
f 291/291/291 308/308/308 290/290/290
f 309/309/309 290/290/290 308/308/308
f 290/290/290 309/309/309 289/289/289
f 310/310/310 289/289/289 309/309/309
f 289/289/289 310/310/310 288/288/288
f 311/311/311 288/288/288 310/310/310
f 288/288/288 311/311/311 294/294/294
f 312/312/312 306/306/306 304/304/304
f 307/307/307 306/306/306 313/313/313
f 306/306/306 312/312/312 313/313/313
f 308/308/308 307/307/307 314/314/314
f 314/314/314 307/307/307 313/313/313
f 308/308/308 315/315/315 309/309/309
f 315/315/315 308/308/308 314/314/314
f 309/309/309 316/316/316 310/310/310
f 316/316/316 309/309/309 315/315/315
f 310/310/310 317/317/317 311/311/311
f 317/317/317 310/310/310 316/316/316
f 304/304/304 318/318/318 312/312/312
f 318/318/318 304/304/304 305/305/305
f 319/319/319 294/294/294 311/311/311
f 320/320/320 311/311/311 317/317/317
f 311/311/311 320/320/320 319/319/319
f 294/294/294 319/319/319 321/321/321
f 321/321/321 281/281/281 294/294/294
f 281/281/281 321/321/321 322/322/322
f 322/322/322 279/279/279 281/281/281
f 279/279/279 322/322/322 323/323/323
f 323/323/323 278/278/278 279/279/279
f 278/278/278 323/323/323 324/324/324
f 324/324/324 277/277/277 278/278/278
f 277/277/277 324/324/324 325/325/325
f 325/325/325 252/252/252 277/277/277
f 252/252/252 325/325/325 326/326/326
f 253/253/253 252/252/252 326/326/326
f 327/327/327 321/321/321 319/319/319
f 328/328/328 322/322/322 321/321/321
f 321/321/321 327/327/327 328/328/328
f 329/329/329 323/323/323 322/322/322
f 322/322/322 328/328/328 329/329/329
f 330/330/330 324/324/324 323/323/323
f 323/323/323 329/329/329 330/330/330
f 331/331/331 325/325/325 324/324/324
f 324/324/324 330/330/330 331/331/331
f 332/332/332 326/326/326 325/325/325
f 325/325/325 331/331/331 332/332/332
f 333/333/333 253/253/253 326/326/326
f 326/326/326 332/332/332 333/333/333
f 319/319/319 334/334/334 327/327/327
f 334/334/334 319/319/319 320/320/320
f 253/253/253 333/333/333 335/335/335
f 335/335/335 246/246/246 253/253/253
f 246/246/246 335/335/335 336/336/336
f 336/336/336 90/90/90 246/246/246
f 90/90/90 336/336/336 337/337/337
f 337/337/337 77/77/77 90/90/90
f 338/338/338 332/332/332 331/331/331
f 339/339/339 333/333/333 332/332/332
f 332/332/332 338/338/338 339/339/339
f 331/331/331 340/340/340 338/338/338
f 340/340/340 331/331/331 330/330/330
f 330/330/330 341/341/341 340/340/340
f 341/341/341 330/330/330 329/329/329
f 329/329/329 342/342/342 341/341/341
f 342/342/342 329/329/329 328/328/328
f 328/328/328 343/343/343 342/342/342
f 343/343/343 328/328/328 327/327/327
f 327/327/327 344/344/344 343/343/343
f 344/344/344 327/327/327 334/334/334
f 345/345/345 338/338/338 340/340/340
f 346/346/346 340/340/340 341/341/341
f 340/340/340 346/346/346 345/345/345
f 347/347/347 341/341/341 342/342/342
f 341/341/341 347/347/347 346/346/346
f 348/348/348 342/342/342 343/343/343
f 342/342/342 348/348/348 347/347/347
f 349/349/349 343/343/343 344/344/344
f 343/343/343 349/349/349 348/348/348
f 338/338/338 345/345/345 350/350/350
f 350/350/350 339/339/339 338/338/338
f 334/334/334 351/351/351 344/344/344
f 344/344/344 352/352/352 349/349/349
f 352/352/352 344/344/344 351/351/351
f 353/353/353 349/349/349 352/352/352
f 354/354/354 348/348/348 349/349/349
f 349/349/349 353/353/353 354/354/354
f 355/355/355 347/347/347 348/348/348
f 348/348/348 354/354/354 355/355/355
f 351/351/351 334/334/334 356/356/356
f 320/320/320 356/356/356 334/334/334
f 347/347/347 355/355/355 357/357/357
f 357/357/357 346/346/346 347/347/347
f 356/356/356 320/320/320 358/358/358
f 317/317/317 358/358/358 320/320/320
f 346/346/346 357/357/357 359/359/359
f 359/359/359 345/345/345 346/346/346
f 358/358/358 317/317/317 360/360/360
f 316/316/316 360/360/360 317/317/317
f 345/345/345 359/359/359 361/361/361
f 361/361/361 350/350/350 345/345/345
f 360/360/360 316/316/316 362/362/362
f 315/315/315 362/362/362 316/316/316
f 362/362/362 315/315/315 363/363/363
f 314/314/314 363/363/363 315/315/315
f 363/363/363 314/314/314 364/364/364
f 314/314/314 313/313/313 364/364/364
f 313/313/313 365/365/365 364/364/364
f 363/363/363 364/364/364 365/365/365
f 365/365/365 313/313/313 312/312/312
f 362/362/362 363/363/363 366/366/366
f 363/363/363 365/365/365 366/366/366
f 312/312/312 367/367/367 365/365/365
f 366/366/366 365/365/365 367/367/367
f 367/367/367 312/312/312 318/318/318
f 360/360/360 362/362/362 368/368/368
f 362/362/362 366/366/366 368/368/368
f 366/366/366 367/367/367 369/369/369
f 368/368/368 366/366/366 369/369/369
f 318/318/318 370/370/370 367/367/367
f 367/367/367 370/370/370 369/369/369
f 360/360/360 368/368/368 371/371/371
f 358/358/358 360/360/360 371/371/371
f 368/368/368 369/369/369 372/372/372
f 371/371/371 368/368/368 372/372/372
f 358/358/358 371/371/371 373/373/373
f 356/356/356 358/358/358 373/373/373
f 370/370/370 318/318/318 374/374/374
f 305/305/305 374/374/374 318/318/318
f 370/370/370 375/375/375 369/369/369
f 372/372/372 369/369/369 375/375/375
f 371/371/371 372/372/372 376/376/376
f 373/373/373 371/371/371 376/376/376
f 356/356/356 373/373/373 377/377/377
f 351/351/351 356/356/356 377/377/377
f 374/374/374 305/305/305 378/378/378
f 302/302/302 378/378/378 305/305/305
f 374/374/374 379/379/379 370/370/370
f 370/370/370 379/379/379 375/375/375
f 372/372/372 375/375/375 380/380/380
f 376/376/376 372/372/372 380/380/380
f 373/373/373 376/376/376 381/381/381
f 377/377/377 373/373/373 381/381/381
f 351/351/351 377/377/377 382/382/382
f 352/352/352 351/351/351 382/382/382
f 378/378/378 302/302/302 383/383/383
f 300/300/300 383/383/383 302/302/302
f 379/379/379 384/384/384 375/375/375
f 380/380/380 375/375/375 384/384/384
f 376/376/376 380/380/380 385/385/385
f 381/381/381 376/376/376 385/385/385
f 377/377/377 381/381/381 386/386/386
f 382/382/382 377/377/377 386/386/386
f 352/352/352 382/382/382 387/387/387
f 353/353/353 352/352/352 387/387/387
f 383/383/383 300/300/300 388/388/388
f 301/301/301 388/388/388 300/300/300
f 384/384/384 389/389/389 380/380/380
f 385/385/385 380/380/380 389/389/389
f 381/381/381 385/385/385 390/390/390
f 386/386/386 381/381/381 390/390/390
f 382/382/382 386/386/386 391/391/391
f 387/387/387 382/382/382 391/391/391
f 388/388/388 301/301/301 392/392/392
f 303/303/303 392/392/392 301/301/301
f 385/385/385 389/389/389 393/393/393
f 390/390/390 385/385/385 393/393/393
f 386/386/386 390/390/390 394/394/394
f 391/391/391 386/386/386 394/394/394
f 390/390/390 393/393/393 395/395/395
f 394/394/394 390/390/390 395/395/395
f 387/387/387 391/391/391 396/396/396
f 391/391/391 394/394/394 397/397/397
f 396/396/396 391/391/391 397/397/397
f 394/394/394 395/395/395 398/398/398
f 397/397/397 394/394/394 398/398/398
f 399/399/399 387/387/387 396/396/396
f 353/353/353 387/387/387 399/399/399
f 393/393/393 389/389/389 400/400/400
f 395/395/395 393/393/393 401/401/401
f 393/393/393 400/400/400 401/401/401
f 398/398/398 395/395/395 402/402/402
f 395/395/395 401/401/401 402/402/402
f 389/389/389 403/403/403 400/400/400
f 389/389/389 384/384/384 403/403/403
f 384/384/384 404/404/404 403/403/403
f 384/384/384 379/379/379 404/404/404
f 401/401/401 400/400/400 405/405/405
f 400/400/400 403/403/403 406/406/406
f 400/400/400 406/406/406 405/405/405
f 402/402/402 401/401/401 407/407/407
f 401/401/401 405/405/405 407/407/407
f 403/403/403 404/404/404 408/408/408
f 403/403/403 408/408/408 406/406/406
f 398/398/398 402/402/402 409/409/409
f 402/402/402 407/407/407 410/410/410
f 409/409/409 402/402/402 410/410/410
f 411/411/411 398/398/398 409/409/409
f 397/397/397 398/398/398 411/411/411
f 412/412/412 397/397/397 411/411/411
f 396/396/396 397/397/397 412/412/412
f 413/413/413 396/396/396 412/412/412
f 399/399/399 396/396/396 413/413/413
f 407/407/407 405/405/405 414/414/414
f 405/405/405 406/406/406 415/415/415
f 405/405/405 415/415/415 414/414/414
f 406/406/406 408/408/408 416/416/416
f 406/406/406 416/416/416 415/415/415
f 407/407/407 414/414/414 417/417/417
f 410/410/410 407/407/407 417/417/417
f 412/412/412 411/411/411 418/418/418
f 413/413/413 412/412/412 419/419/419
f 419/419/419 412/412/412 418/418/418
f 418/418/418 411/411/411 420/420/420
f 411/411/411 409/409/409 420/420/420
f 409/409/409 410/410/410 421/421/421
f 420/420/420 409/409/409 421/421/421
f 410/410/410 417/417/417 422/422/422
f 421/421/421 410/410/410 422/422/422
f 414/414/414 415/415/415 423/423/423
f 417/417/417 414/414/414 424/424/424
f 414/414/414 423/423/423 424/424/424
f 424/424/424 423/423/423 425/425/425
f 415/415/415 426/426/426 423/423/423
f 423/423/423 426/426/426 427/427/427
f 415/415/415 416/416/416 426/426/426
f 417/417/417 424/424/424 428/428/428
f 422/422/422 417/417/417 428/428/428
f 428/428/428 424/424/424 429/429/429
f 430/430/430 428/428/428 429/429/429
f 422/422/422 428/428/428 430/430/430
f 421/421/421 422/422/422 431/431/431
f 431/431/431 422/422/422 430/430/430
f 416/416/416 432/432/432 426/426/426
f 426/426/426 432/432/432 433/433/433
f 432/432/432 434/434/434 433/433/433
f 416/416/416 435/435/435 432/432/432
f 435/435/435 434/434/434 432/432/432
f 408/408/408 435/435/435 416/416/416
f 408/408/408 436/436/436 435/435/435
f 404/404/404 436/436/436 408/408/408
f 435/435/435 437/437/437 434/434/434
f 436/436/436 437/437/437 435/435/435
f 404/404/404 438/438/438 436/436/436
f 379/379/379 438/438/438 404/404/404
f 439/439/439 421/421/421 431/431/431
f 420/420/420 421/421/421 439/439/439
f 437/437/437 440/440/440 434/434/434
f 434/434/434 440/440/440 441/441/441
f 436/436/436 442/442/442 437/437/437
f 438/438/438 442/442/442 436/436/436
f 379/379/379 443/443/443 438/438/438
f 379/379/379 374/374/374 443/443/443
f 378/378/378 443/443/443 374/374/374
f 437/437/437 444/444/444 440/440/440
f 442/442/442 444/444/444 437/437/437
f 443/443/443 445/445/445 438/438/438
f 438/438/438 445/445/445 442/442/442
f 443/443/443 378/378/378 446/446/446
f 443/443/443 446/446/446 445/445/445
f 383/383/383 446/446/446 378/378/378
f 445/445/445 447/447/447 442/442/442
f 442/442/442 447/447/447 444/444/444
f 444/444/444 448/448/448 440/440/440
f 440/440/440 448/448/448 449/449/449
f 446/446/446 383/383/383 450/450/450
f 388/388/388 450/450/450 383/383/383
f 446/446/446 451/451/451 445/445/445
f 445/445/445 451/451/451 447/447/447
f 446/446/446 450/450/450 451/451/451
f 444/444/444 452/452/452 448/448/448
f 447/447/447 452/452/452 444/444/444
f 450/450/450 388/388/388 453/453/453
f 392/392/392 453/453/453 388/388/388
f 450/450/450 454/454/454 451/451/451
f 450/450/450 453/453/453 454/454/454
f 451/451/451 455/455/455 447/447/447
f 447/447/447 455/455/455 452/452/452
f 451/451/451 454/454/454 455/455/455
f 452/452/452 456/456/456 448/448/448
f 448/448/448 456/456/456 457/457/457
f 455/455/455 458/458/458 452/452/452
f 452/452/452 458/458/458 456/456/456
f 454/454/454 459/459/459 455/455/455
f 455/455/455 459/459/459 458/458/458
f 453/453/453 460/460/460 454/454/454
f 454/454/454 460/460/460 459/459/459
f 453/453/453 392/392/392 461/461/461
f 453/453/453 461/461/461 460/460/460
f 458/458/458 462/462/462 456/456/456
f 456/456/456 462/462/462 463/463/463
f 462/462/462 464/464/464 463/463/463
f 458/458/458 465/465/465 462/462/462
f 459/459/459 465/465/465 458/458/458
f 465/465/465 464/464/464 462/462/462
f 460/460/460 466/466/466 459/459/459
f 459/459/459 466/466/466 465/465/465
f 465/465/465 467/467/467 464/464/464
f 466/466/466 467/467/467 465/465/465
f 460/460/460 468/468/468 466/466/466
f 461/461/461 468/468/468 460/460/460
f 469/469/469 461/461/461 392/392/392
f 392/392/392 303/303/303 469/469/469
f 467/467/467 470/470/470 464/464/464
f 464/464/464 470/470/470 471/471/471
f 466/466/466 472/472/472 467/467/467
f 468/468/468 472/472/472 466/466/466
f 461/461/461 473/473/473 468/468/468
f 461/461/461 469/469/469 473/473/473
f 474/474/474 469/469/469 303/303/303
f 303/303/303 299/299/299 474/474/474
f 467/467/467 475/475/475 470/470/470
f 472/472/472 475/475/475 467/467/467
f 468/468/468 476/476/476 472/472/472
f 473/473/473 476/476/476 468/468/468
f 477/477/477 473/473/473 469/469/469
f 469/469/469 474/474/474 477/477/477
f 478/478/478 474/474/474 299/299/299
f 299/299/299 226/226/226 478/478/478
f 475/475/475 479/479/479 470/470/470
f 470/470/470 479/479/479 480/480/480
f 472/472/472 481/481/481 475/475/475
f 476/476/476 481/481/481 472/472/472
f 473/473/473 482/482/482 476/476/476
f 473/473/473 477/477/477 482/482/482
f 483/483/483 477/477/477 474/474/474
f 474/474/474 478/478/478 483/483/483
f 226/226/226 484/484/484 478/478/478
f 226/226/226 227/227/227 484/484/484
f 475/475/475 485/485/485 479/479/479
f 481/481/481 485/485/485 475/475/475
f 476/476/476 486/486/486 481/481/481
f 482/482/482 486/486/486 476/476/476
f 487/487/487 482/482/482 477/477/477
f 477/477/477 483/483/483 487/487/487
f 478/478/478 488/488/488 483/483/483
f 478/478/478 484/484/484 488/488/488
f 227/227/227 489/489/489 484/484/484
f 227/227/227 229/229/229 489/489/489
f 485/485/485 490/490/490 479/479/479
f 479/479/479 490/490/490 491/491/491
f 482/482/482 492/492/492 486/486/486
f 482/482/482 487/487/487 492/492/492
f 483/483/483 493/493/493 487/487/487
f 483/483/483 488/488/488 493/493/493
f 484/484/484 494/494/494 488/488/488
f 484/484/484 489/489/489 494/494/494
f 487/487/487 495/495/495 492/492/492
f 487/487/487 493/493/493 495/495/495
f 492/492/492 496/496/496 486/486/486
f 492/492/492 495/495/495 496/496/496
f 488/488/488 497/497/497 493/493/493
f 488/488/488 494/494/494 497/497/497
f 493/493/493 498/498/498 495/495/495
f 493/493/493 497/497/497 498/498/498
f 486/486/486 496/496/496 499/499/499
f 486/486/486 499/499/499 481/481/481
f 481/481/481 499/499/499 485/485/485
f 495/495/495 500/500/500 496/496/496
f 495/495/495 498/498/498 500/500/500
f 499/499/499 501/501/501 485/485/485
f 485/485/485 501/501/501 490/490/490
f 496/496/496 502/502/502 499/499/499
f 496/496/496 500/500/500 502/502/502
f 499/499/499 502/502/502 501/501/501
f 501/501/501 503/503/503 490/490/490
f 490/490/490 503/503/503 504/504/504
f 502/502/502 505/505/505 501/501/501
f 501/501/501 505/505/505 503/503/503
f 500/500/500 506/506/506 502/502/502
f 502/502/502 506/506/506 505/505/505
f 498/498/498 507/507/507 500/500/500
f 500/500/500 507/507/507 506/506/506
f 505/505/505 508/508/508 503/503/503
f 503/503/503 508/508/508 509/509/509
f 506/506/506 510/510/510 505/505/505
f 505/505/505 510/510/510 508/508/508
f 498/498/498 511/511/511 507/507/507
f 497/497/497 511/511/511 498/498/498
f 507/507/507 512/512/512 506/506/506
f 506/506/506 512/512/512 510/510/510
f 510/510/510 513/513/513 508/508/508
f 508/508/508 513/513/513 514/514/514
f 510/510/510 515/515/515 513/513/513
f 512/512/512 515/515/515 510/510/510
f 507/507/507 516/516/516 512/512/512
f 511/511/511 516/516/516 507/507/507
f 497/497/497 517/517/517 511/511/511
f 494/494/494 517/517/517 497/497/497
f 515/515/515 518/518/518 513/513/513
f 513/513/513 518/518/518 519/519/519
f 512/512/512 520/520/520 515/515/515
f 516/516/516 520/520/520 512/512/512
f 511/511/511 521/521/521 516/516/516
f 517/517/517 521/521/521 511/511/511
f 494/494/494 522/522/522 517/517/517
f 489/489/489 522/522/522 494/494/494
f 515/515/515 523/523/523 518/518/518
f 520/520/520 523/523/523 515/515/515
f 516/516/516 524/524/524 520/520/520
f 521/521/521 524/524/524 516/516/516
f 517/517/517 525/525/525 521/521/521
f 522/522/522 525/525/525 517/517/517
f 489/489/489 526/526/526 522/522/522
f 229/229/229 526/526/526 489/489/489
f 523/523/523 527/527/527 518/518/518
f 518/518/518 527/527/527 528/528/528
f 527/527/527 529/529/529 528/528/528
f 520/520/520 530/530/530 523/523/523
f 524/524/524 530/530/530 520/520/520
f 523/523/523 531/531/531 527/527/527
f 531/531/531 529/529/529 527/527/527
f 530/530/530 531/531/531 523/523/523
f 521/521/521 532/532/532 524/524/524
f 525/525/525 532/532/532 521/521/521
f 522/522/522 533/533/533 525/525/525
f 526/526/526 533/533/533 522/522/522
f 524/524/524 534/534/534 530/530/530
f 532/532/532 534/534/534 524/524/524
f 530/530/530 535/535/535 531/531/531
f 534/534/534 535/535/535 530/530/530
f 531/531/531 536/536/536 529/529/529
f 535/535/535 536/536/536 531/531/531
f 525/525/525 537/537/537 532/532/532
f 533/533/533 537/537/537 525/525/525
f 532/532/532 538/538/538 534/534/534
f 537/537/537 538/538/538 532/532/532
f 534/534/534 539/539/539 535/535/535
f 538/538/538 539/539/539 534/534/534
f 536/536/536 540/540/540 529/529/529
f 529/529/529 540/540/540 541/541/541
f 535/535/535 542/542/542 536/536/536
f 539/539/539 542/542/542 535/535/535
f 536/536/536 543/543/543 540/540/540
f 542/542/542 543/543/543 536/536/536
f 543/543/543 544/544/544 540/540/540
f 540/540/540 544/544/544 545/545/545
f 544/544/544 546/546/546 545/545/545
f 543/543/543 547/547/547 544/544/544
f 547/547/547 546/546/546 544/544/544
f 542/542/542 548/548/548 543/543/543
f 548/548/548 547/547/547 543/543/543
f 539/539/539 549/549/549 542/542/542
f 549/549/549 548/548/548 542/542/542
f 538/538/538 550/550/550 539/539/539
f 550/550/550 549/549/549 539/539/539
f 550/550/550 538/538/538 551/551/551
f 537/537/537 551/551/551 538/538/538
f 552/552/552 551/551/551 537/537/537
f 533/533/533 552/552/552 537/537/537
f 553/553/553 552/552/552 533/533/533
f 526/526/526 553/553/553 533/533/533
f 554/554/554 553/553/553 526/526/526
f 229/229/229 554/554/554 526/526/526
f 229/229/229 223/223/223 554/554/554
f 555/555/555 554/554/554 223/223/223
f 223/223/223 220/220/220 555/555/555
f 554/554/554 556/556/556 553/553/553
f 554/554/554 555/555/555 556/556/556
f 553/553/553 557/557/557 552/552/552
f 556/556/556 557/557/557 553/553/553
f 552/552/552 558/558/558 551/551/551
f 557/557/557 558/558/558 552/552/552
f 551/551/551 559/559/559 550/550/550
f 558/558/558 559/559/559 551/551/551
f 560/560/560 555/555/555 220/220/220
f 220/220/220 218/218/218 560/560/560
f 561/561/561 556/556/556 555/555/555
f 555/555/555 560/560/560 561/561/561
f 556/556/556 562/562/562 557/557/557
f 556/556/556 561/561/561 562/562/562
f 557/557/557 563/563/563 558/558/558
f 562/562/562 563/563/563 557/557/557
f 564/564/564 560/560/560 218/218/218
f 218/218/218 219/219/219 564/564/564
f 565/565/565 561/561/561 560/560/560
f 560/560/560 564/564/564 565/565/565
f 566/566/566 562/562/562 561/561/561
f 561/561/561 565/565/565 566/566/566
f 567/567/567 564/564/564 219/219/219
f 219/219/219 221/221/221 567/567/567
f 568/568/568 565/565/565 564/564/564
f 564/564/564 567/567/567 568/568/568
f 563/563/563 569/569/569 558/558/558
f 558/558/558 569/569/569 559/559/559
f 562/562/562 570/570/570 563/563/563
f 562/562/562 566/566/566 570/570/570
f 571/571/571 566/566/566 565/565/565
f 565/565/565 568/568/568 571/571/571
f 563/563/563 572/572/572 569/569/569
f 570/570/570 572/572/572 563/563/563
f 573/573/573 570/570/570 566/566/566
f 566/566/566 571/571/571 573/573/573
f 570/570/570 574/574/574 572/572/572
f 570/570/570 573/573/573 574/574/574
f 575/575/575 567/567/567 221/221/221
f 576/576/576 568/568/568 567/567/567
f 567/567/567 575/575/575 576/576/576
f 577/577/577 571/571/571 568/568/568
f 568/568/568 576/576/576 577/577/577
f 578/578/578 573/573/573 571/571/571
f 571/571/571 577/577/577 578/578/578
f 579/579/579 574/574/574 573/573/573
f 573/573/573 578/578/578 579/579/579
f 221/221/221 580/580/580 575/575/575
f 580/580/580 221/221/221 217/217/217
f 217/217/217 581/581/581 580/580/580
f 581/581/581 217/217/217 204/204/204
f 204/204/204 582/582/582 581/581/581
f 582/582/582 204/204/204 203/203/203
f 203/203/203 583/583/583 582/582/582
f 583/583/583 203/203/203 210/210/210
f 210/210/210 584/584/584 583/583/583
f 584/584/584 210/210/210 211/211/211
f 211/211/211 585/585/585 584/584/584
f 585/585/585 211/211/211 212/212/212
f 212/212/212 586/586/586 585/585/585
f 586/586/586 212/212/212 587/587/587
f 212/212/212 175/175/175 587/587/587
f 175/175/175 588/588/588 587/587/587
f 588/588/588 586/586/586 587/587/587
f 588/588/588 175/175/175 174/174/174
f 174/174/174 589/589/589 588/588/588
f 589/589/589 174/174/174 173/173/173
f 586/586/586 588/588/588 590/590/590
f 589/589/589 590/590/590 588/588/588
f 173/173/173 591/591/591 589/589/589
f 173/173/173 592/592/592 591/591/591
f 592/592/592 593/593/593 591/591/591
f 593/593/593 592/592/592 594/594/594
f 593/593/593 595/595/595 591/591/591
f 591/591/591 595/595/595 589/589/589
f 590/590/590 589/589/589 595/595/595
f 596/596/596 590/590/590 595/595/595
f 597/597/597 586/586/586 590/590/590
f 590/590/590 596/596/596 597/597/597
f 598/598/598 596/596/596 595/595/595
f 595/595/595 599/599/599 598/598/598
f 599/599/599 600/600/600 598/598/598
f 600/600/600 599/599/599 601/601/601
f 600/600/600 602/602/602 598/598/598
f 596/596/596 598/598/598 602/602/602
f 596/596/596 603/603/603 597/597/597
f 603/603/603 596/596/596 602/602/602
f 604/604/604 597/597/597 603/603/603
f 586/586/586 597/597/597 605/605/605
f 597/597/597 604/604/604 605/605/605
f 606/606/606 586/586/586 605/605/605
f 604/604/604 606/606/606 605/605/605
f 586/586/586 606/606/606 585/585/585
f 607/607/607 585/585/585 606/606/606
f 585/585/585 607/607/607 584/584/584
f 606/606/606 604/604/604 608/608/608
f 608/608/608 607/607/607 606/606/606
f 609/609/609 584/584/584 607/607/607
f 584/584/584 609/609/609 583/583/583
f 607/607/607 608/608/608 610/610/610
f 610/610/610 609/609/609 607/607/607
f 611/611/611 583/583/583 609/609/609
f 583/583/583 611/611/611 582/582/582
f 609/609/609 610/610/610 612/612/612
f 612/612/612 611/611/611 609/609/609
f 613/613/613 582/582/582 611/611/611
f 582/582/582 613/613/613 581/581/581
f 611/611/611 612/612/612 614/614/614
f 614/614/614 613/613/613 611/611/611
f 613/613/613 615/615/615 581/581/581
f 615/615/615 580/580/580 581/581/581
f 615/615/615 616/616/616 580/580/580
f 616/616/616 575/575/575 580/580/580
f 616/616/616 617/617/617 575/575/575
f 617/617/617 576/576/576 575/575/575
f 617/617/617 618/618/618 576/576/576
f 618/618/618 577/577/577 576/576/576
f 618/618/618 619/619/619 577/577/577
f 619/619/619 578/578/578 577/577/577
f 578/578/578 619/619/619 620/620/620
f 578/578/578 620/620/620 579/579/579
f 621/621/621 615/615/615 613/613/613
f 622/622/622 616/616/616 615/615/615
f 621/621/621 622/622/622 615/615/615
f 623/623/623 617/617/617 616/616/616
f 622/622/622 623/623/623 616/616/616
f 624/624/624 618/618/618 617/617/617
f 617/617/617 623/623/623 624/624/624
f 625/625/625 619/619/619 618/618/618
f 618/618/618 624/624/624 625/625/625
f 619/619/619 626/626/626 620/620/620
f 619/619/619 625/625/625 626/626/626
f 627/627/627 621/621/621 613/613/613
f 613/613/613 614/614/614 627/627/627
f 579/579/579 620/620/620 628/628/628
f 620/620/620 626/626/626 629/629/629
f 620/620/620 629/629/629 628/628/628
f 579/579/579 628/628/628 630/630/630
f 574/574/574 579/579/579 630/630/630
f 574/574/574 630/630/630 631/631/631
f 628/628/628 631/631/631 630/630/630
f 574/574/574 631/631/631 572/572/572
f 631/631/631 628/628/628 632/632/632
f 629/629/629 632/632/632 628/628/628
f 572/572/572 631/631/631 633/633/633
f 632/632/632 633/633/633 631/631/631
f 572/572/572 633/633/633 569/569/569
f 633/633/633 634/634/634 569/569/569
f 634/634/634 559/559/559 569/569/569
f 633/633/633 632/632/632 635/635/635
f 635/635/635 634/634/634 633/633/633
f 632/632/632 629/629/629 636/636/636
f 636/636/636 635/635/635 632/632/632
f 626/626/626 637/637/637 629/629/629
f 637/637/637 636/636/636 629/629/629
f 634/634/634 638/638/638 559/559/559
f 638/638/638 550/550/550 559/559/559
f 550/550/550 638/638/638 549/549/549
f 634/634/634 635/635/635 639/639/639
f 639/639/639 638/638/638 634/634/634
f 635/635/635 636/636/636 640/640/640
f 640/640/640 639/639/639 635/635/635
f 638/638/638 641/641/641 549/549/549
f 549/549/549 641/641/641 548/548/548
f 638/638/638 639/639/639 642/642/642
f 638/638/638 642/642/642 641/641/641
f 641/641/641 643/643/643 548/548/548
f 548/548/548 643/643/643 547/547/547
f 636/636/636 637/637/637 644/644/644
f 644/644/644 640/640/640 636/636/636
f 639/639/639 640/640/640 645/645/645
f 645/645/645 642/642/642 639/639/639
f 642/642/642 646/646/646 641/641/641
f 641/641/641 646/646/646 643/643/643
f 643/643/643 647/647/647 547/547/547
f 547/547/547 647/647/647 546/546/546
f 640/640/640 644/644/644 648/648/648
f 648/648/648 645/645/645 640/640/640
f 642/642/642 645/645/645 649/649/649
f 642/642/642 649/649/649 646/646/646
f 646/646/646 650/650/650 643/643/643
f 643/643/643 650/650/650 647/647/647
f 647/647/647 651/651/651 546/546/546
f 546/546/546 651/651/651 652/652/652
f 647/647/647 653/653/653 651/651/651
f 650/650/650 653/653/653 647/647/647
f 646/646/646 654/654/654 650/650/650
f 649/649/649 654/654/654 646/646/646
f 655/655/655 649/649/649 645/645/645
f 645/645/645 648/648/648 655/655/655
f 653/653/653 656/656/656 651/651/651
f 651/651/651 656/656/656 657/657/657
f 650/650/650 658/658/658 653/653/653
f 654/654/654 658/658/658 650/650/650
f 649/649/649 659/659/659 654/654/654
f 649/649/649 655/655/655 659/659/659
f 653/653/653 660/660/660 656/656/656
f 658/658/658 660/660/660 653/653/653
f 654/654/654 661/661/661 658/658/658
f 659/659/659 661/661/661 654/654/654
f 660/660/660 662/662/662 656/656/656
f 656/656/656 662/662/662 663/663/663
f 662/662/662 664/664/664 663/663/663
f 658/658/658 665/665/665 660/660/660
f 661/661/661 665/665/665 658/658/658
f 660/660/660 666/666/666 662/662/662
f 666/666/666 664/664/664 662/662/662
f 665/665/665 666/666/666 660/660/660
f 667/667/667 659/659/659 655/655/655
f 659/659/659 668/668/668 661/661/661
f 659/659/659 667/667/667 668/668/668
f 661/661/661 669/669/669 665/665/665
f 668/668/668 669/669/669 661/661/661
f 665/665/665 670/670/670 666/666/666
f 669/669/669 670/670/670 665/665/665
f 666/666/666 671/671/671 664/664/664
f 670/670/670 671/671/671 666/666/666
f 671/671/671 672/672/672 664/664/664
f 664/664/664 672/672/672 673/673/673
f 671/671/671 674/674/674 672/672/672
f 675/675/675 674/674/674 671/671/671
f 670/670/670 675/675/675 671/671/671
f 675/675/675 676/676/676 674/674/674
f 669/669/669 677/677/677 670/670/670
f 677/677/677 675/675/675 670/670/670
f 678/678/678 676/676/676 675/675/675
f 677/677/677 678/678/678 675/675/675
f 678/678/678 679/679/679 676/676/676
f 668/668/668 680/680/680 669/669/669
f 680/680/680 677/677/677 669/669/669
f 681/681/681 678/678/678 677/677/677
f 680/680/680 681/681/681 677/677/677
f 682/682/682 679/679/679 678/678/678
f 681/681/681 682/682/682 678/678/678
f 682/682/682 683/683/683 679/679/679
f 682/682/682 684/684/684 683/683/683
f 684/684/684 682/682/682 685/685/685
f 681/681/681 685/685/685 682/682/682
f 685/685/685 686/686/686 684/684/684
f 668/668/668 687/687/687 680/680/680
f 687/687/687 668/668/668 667/667/667
f 680/680/680 688/688/688 681/681/681
f 685/685/685 681/681/681 688/688/688
f 688/688/688 680/680/680 687/687/687
f 686/686/686 685/685/685 689/689/689
f 688/688/688 689/689/689 685/685/685
f 689/689/689 690/690/690 686/686/686
f 687/687/687 691/691/691 688/688/688
f 689/689/689 688/688/688 691/691/691
f 690/690/690 689/689/689 692/692/692
f 691/691/691 692/692/692 689/689/689
f 692/692/692 693/693/693 690/690/690
f 667/667/667 694/694/694 687/687/687
f 691/691/691 687/687/687 694/694/694
f 692/692/692 691/691/691 695/695/695
f 694/694/694 695/695/695 691/691/691
f 693/693/693 692/692/692 696/696/696
f 695/695/695 696/696/696 692/692/692
f 694/694/694 667/667/667 697/697/697
f 655/655/655 697/697/697 667/667/667
f 697/697/697 655/655/655 648/648/648
f 695/695/695 694/694/694 698/698/698
f 697/697/697 698/698/698 694/694/694
f 648/648/648 699/699/699 697/697/697
f 698/698/698 697/697/697 699/699/699
f 699/699/699 648/648/648 644/644/644
f 698/698/698 700/700/700 695/695/695
f 696/696/696 695/695/695 700/700/700
f 701/701/701 693/693/693 696/696/696
f 701/701/701 702/702/702 693/693/693
f 699/699/699 703/703/703 698/698/698
f 700/700/700 698/698/698 703/703/703
f 644/644/644 704/704/704 699/699/699
f 703/703/703 699/699/699 704/704/704
f 704/704/704 644/644/644 637/637/637
f 705/705/705 696/696/696 700/700/700
f 705/705/705 701/701/701 696/696/696
f 706/706/706 702/702/702 701/701/701
f 706/706/706 707/707/707 702/702/702
f 708/708/708 700/700/700 703/703/703
f 708/708/708 705/705/705 700/700/700
f 709/709/709 703/703/703 704/704/704
f 709/709/709 708/708/708 703/703/703
f 710/710/710 704/704/704 637/637/637
f 710/710/710 709/709/709 704/704/704
f 626/626/626 710/710/710 637/637/637
f 625/625/625 710/710/710 626/626/626
f 625/625/625 711/711/711 710/710/710
f 711/711/711 709/709/709 710/710/710
f 624/624/624 711/711/711 625/625/625
f 712/712/712 701/701/701 705/705/705
f 712/712/712 706/706/706 701/701/701
f 713/713/713 707/707/707 706/706/706
f 713/713/713 714/714/714 707/707/707
f 715/715/715 705/705/705 708/708/708
f 715/715/715 712/712/712 705/705/705
f 716/716/716 708/708/708 709/709/709
f 711/711/711 716/716/716 709/709/709
f 716/716/716 715/715/715 708/708/708
f 624/624/624 717/717/717 711/711/711
f 717/717/717 716/716/716 711/711/711
f 717/717/717 624/624/624 623/623/623
f 718/718/718 706/706/706 712/712/712
f 718/718/718 713/713/713 706/706/706
f 719/719/719 714/714/714 713/713/713
f 719/719/719 720/720/720 714/714/714
f 721/721/721 712/712/712 715/715/715
f 721/721/721 718/718/718 712/712/712
f 722/722/722 715/715/715 716/716/716
f 717/717/717 722/722/722 716/716/716
f 722/722/722 721/721/721 715/715/715
f 623/623/623 723/723/723 717/717/717
f 722/722/722 717/717/717 723/723/723
f 723/723/723 623/623/623 622/622/622
f 724/724/724 713/713/713 718/718/718
f 724/724/724 719/719/719 713/713/713
f 725/725/725 720/720/720 719/719/719
f 725/725/725 726/726/726 720/720/720
f 727/727/727 718/718/718 721/721/721
f 727/727/727 724/724/724 718/718/718
f 728/728/728 721/721/721 722/722/722
f 723/723/723 728/728/728 722/722/722
f 728/728/728 727/727/727 721/721/721
f 622/622/622 729/729/729 723/723/723
f 728/728/728 723/723/723 729/729/729
f 729/729/729 622/622/622 621/621/621
f 730/730/730 719/719/719 724/724/724
f 730/730/730 725/725/725 719/719/719
f 731/731/731 726/726/726 725/725/725
f 731/731/731 732/732/732 726/726/726
f 733/733/733 724/724/724 727/727/727
f 733/733/733 730/730/730 724/724/724
f 727/727/727 728/728/728 734/734/734
f 729/729/729 734/734/734 728/728/728
f 734/734/734 733/733/733 727/727/727
f 735/735/735 729/729/729 621/621/621
f 734/734/734 729/729/729 735/735/735
f 735/735/735 621/621/621 627/627/627
f 736/736/736 725/725/725 730/730/730
f 736/736/736 731/731/731 725/725/725
f 737/737/737 732/732/732 731/731/731
f 737/737/737 738/738/738 732/732/732
f 730/730/730 733/733/733 739/739/739
f 739/739/739 736/736/736 730/730/730
f 733/733/733 734/734/734 740/740/740
f 735/735/735 740/740/740 734/734/734
f 740/740/740 739/739/739 733/733/733
f 741/741/741 735/735/735 627/627/627
f 740/740/740 735/735/735 741/741/741
f 614/614/614 741/741/741 627/627/627
f 742/742/742 731/731/731 736/736/736
f 742/742/742 737/737/737 731/731/731
f 743/743/743 738/738/738 737/737/737
f 743/743/743 744/744/744 738/738/738
f 743/743/743 745/745/745 744/744/744
f 736/736/736 739/739/739 746/746/746
f 746/746/746 742/742/742 736/736/736
f 739/739/739 740/740/740 747/747/747
f 747/747/747 740/740/740 741/741/741
f 747/747/747 746/746/746 739/739/739
f 741/741/741 614/614/614 748/748/748
f 747/747/747 741/741/741 748/748/748
f 612/612/612 748/748/748 614/614/614
f 737/737/737 742/742/742 749/749/749
f 749/749/749 743/743/743 737/737/737
f 745/745/745 743/743/743 750/750/750
f 750/750/750 751/751/751 745/745/745
f 742/742/742 746/746/746 752/752/752
f 752/752/752 749/749/749 742/742/742
f 746/746/746 747/747/747 753/753/753
f 753/753/753 747/747/747 748/748/748
f 753/753/753 752/752/752 746/746/746
f 743/743/743 749/749/749 754/754/754
f 750/750/750 743/743/743 754/754/754
f 752/752/752 754/754/754 749/749/749
f 748/748/748 612/612/612 755/755/755
f 610/610/610 755/755/755 612/612/612
f 748/748/748 756/756/756 753/753/753
f 753/753/753 756/756/756 752/752/752
f 756/756/756 748/748/748 755/755/755
f 751/751/751 750/750/750 757/757/757
f 757/757/757 758/758/758 751/751/751
f 754/754/754 759/759/759 750/750/750
f 757/757/757 750/750/750 759/759/759
f 754/754/754 752/752/752 760/760/760
f 752/752/752 756/756/756 760/760/760
f 760/760/760 759/759/759 754/754/754
f 755/755/755 610/610/610 761/761/761
f 608/608/608 761/761/761 610/610/610
f 755/755/755 762/762/762 756/756/756
f 756/756/756 762/762/762 760/760/760
f 762/762/762 755/755/755 761/761/761
f 758/758/758 757/757/757 763/763/763
f 763/763/763 764/764/764 758/758/758
f 759/759/759 765/765/765 757/757/757
f 763/763/763 757/757/757 765/765/765
f 765/765/765 766/766/766 763/763/763
f 759/759/759 760/760/760 767/767/767
f 760/760/760 762/762/762 767/767/767
f 767/767/767 765/765/765 759/759/759
f 761/761/761 608/608/608 768/768/768
f 604/604/604 768/768/768 608/608/608
f 761/761/761 769/769/769 762/762/762
f 762/762/762 769/769/769 767/767/767
f 769/769/769 761/761/761 768/768/768
f 768/768/768 770/770/770 769/769/769
f 765/765/765 767/767/767 771/771/771
f 767/767/767 769/769/769 771/771/771
f 771/771/771 766/766/766 765/765/765
f 769/769/769 770/770/770 771/771/771
f 764/764/764 763/763/763 772/772/772
f 772/772/772 763/763/763 766/766/766
f 772/772/772 773/773/773 764/764/764
f 766/766/766 773/773/773 772/772/772
f 774/774/774 764/764/764 773/773/773
f 768/768/768 604/604/604 775/775/775
f 770/770/770 768/768/768 775/775/775
f 604/604/604 776/776/776 775/775/775
f 775/775/775 776/776/776 770/770/770
f 776/776/776 604/604/604 603/603/603
f 773/773/773 777/777/777 774/774/774
f 778/778/778 774/774/774 777/777/777
f 603/603/603 779/779/779 776/776/776
f 779/779/779 603/603/603 602/602/602
f 773/773/773 766/766/766 780/780/780
f 780/780/780 777/777/777 773/773/773
f 777/777/777 781/781/781 778/778/778
f 782/782/782 778/778/778 781/781/781
f 783/783/783 782/782/782 781/781/781
f 782/782/782 783/783/783 784/784/784
f 785/785/785 783/783/783 781/781/781
f 781/781/781 777/777/777 785/785/785
f 777/777/777 780/780/780 785/785/785
f 776/776/776 779/779/779 786/786/786
f 770/770/770 776/776/776 786/786/786
f 787/787/787 779/779/779 602/602/602
f 602/602/602 788/788/788 787/787/787
f 788/788/788 789/789/789 787/787/787
f 789/789/789 788/788/788 790/790/790
f 789/789/789 791/791/791 787/787/787
f 779/779/779 787/787/787 791/791/791
f 786/786/786 779/779/779 791/791/791
f 785/785/785 780/780/780 792/792/792
f 792/792/792 786/786/786 791/791/791
f 793/793/793 770/770/770 786/786/786
f 786/786/786 792/792/792 793/793/793
f 793/793/793 792/792/792 780/780/780
f 766/766/766 793/793/793 780/780/780
f 792/792/792 794/794/794 785/785/785
f 794/794/794 792/792/792 791/791/791
f 795/795/795 785/785/785 794/794/794
f 791/791/791 796/796/796 794/794/794
f 796/796/796 795/795/795 794/794/794
f 795/795/795 796/796/796 797/797/797
f 770/770/770 793/793/793 798/798/798
f 798/798/798 793/793/793 766/766/766
f 771/771/771 770/770/770 798/798/798
f 766/766/766 771/771/771 798/798/798
f 799/799/799 801/801/801 800/800/800
f 801/801/801 799/799/799 802/802/802
f 799/799/799 75/75/75 802/802/802
f 803/803/803 801/801/801 802/802/802
f 802/802/802 75/75/75 804/804/804
f 803/803/803 802/802/802 804/804/804
f 76/76/76 804/804/804 75/75/75
f 804/804/804 76/76/76 805/805/805
f 77/77/77 805/805/805 76/76/76
f 804/804/804 806/806/806 803/803/803
f 806/806/806 804/804/804 805/805/805
f 805/805/805 807/807/807 806/806/806
f 805/805/805 77/77/77 808/808/808
f 807/807/807 805/805/805 808/808/808
f 77/77/77 337/337/337 808/808/808
f 337/337/337 807/807/807 808/808/808
f 807/807/807 337/337/337 809/809/809
f 336/336/336 809/809/809 337/337/337
f 809/809/809 336/336/336 810/810/810
f 335/335/335 810/810/810 336/336/336
f 810/810/810 335/335/335 811/811/811
f 333/333/333 811/811/811 335/335/335
f 811/811/811 333/333/333 812/812/812
f 333/333/333 339/339/339 812/812/812
f 813/813/813 812/812/812 339/339/339
f 339/339/339 350/350/350 813/813/813
f 814/814/814 811/811/811 812/812/812
f 812/812/812 813/813/813 814/814/814
f 815/815/815 810/810/810 811/811/811
f 811/811/811 814/814/814 815/815/815
f 816/816/816 809/809/809 810/810/810
f 810/810/810 815/815/815 816/816/816
f 817/817/817 813/813/813 350/350/350
f 350/350/350 361/361/361 817/817/817
f 818/818/818 814/814/814 813/813/813
f 813/813/813 817/817/817 818/818/818
f 809/809/809 816/816/816 819/819/819
f 819/819/819 807/807/807 809/809/809
f 814/814/814 820/820/820 815/815/815
f 815/815/815 821/821/821 816/816/816
f 821/821/821 815/815/815 820/820/820
f 814/814/814 818/818/818 822/822/822
f 820/820/820 814/814/814 822/822/822
f 823/823/823 822/822/822 818/818/818
f 823/823/823 820/820/820 822/822/822
f 824/824/824 818/818/818 817/817/817
f 823/823/823 818/818/818 824/824/824
f 825/825/825 817/817/817 361/361/361
f 824/824/824 817/817/817 825/825/825
f 816/816/816 826/826/826 819/819/819
f 826/826/826 816/816/816 821/821/821
f 827/827/827 819/819/819 826/826/826
f 807/807/807 819/819/819 828/828/828
f 819/819/819 827/827/827 828/828/828
f 829/829/829 807/807/807 828/828/828
f 827/827/827 829/829/829 828/828/828
f 807/807/807 829/829/829 806/806/806
f 830/830/830 821/821/821 820/820/820
f 820/820/820 823/823/823 830/830/830
f 831/831/831 826/826/826 821/821/821
f 821/821/821 830/830/830 831/831/831
f 832/832/832 806/806/806 829/829/829
f 806/806/806 832/832/832 803/803/803
f 833/833/833 827/827/827 826/826/826
f 826/826/826 831/831/831 833/833/833
f 829/829/829 827/827/827 834/834/834
f 834/834/834 832/832/832 829/829/829
f 835/835/835 803/803/803 832/832/832
f 836/836/836 803/803/803 835/835/835
f 837/837/837 836/836/836 835/835/835
f 836/836/836 837/837/837 838/838/838
f 839/839/839 837/837/837 835/835/835
f 839/839/839 835/835/835 832/832/832
f 832/832/832 834/834/834 839/839/839
f 830/830/830 840/840/840 831/831/831
f 831/831/831 841/841/841 833/833/833
f 841/841/841 831/831/831 840/840/840
f 842/842/842 833/833/833 841/841/841
f 827/827/827 833/833/833 843/843/843
f 833/833/833 842/842/842 843/843/843
f 844/844/844 827/827/827 843/843/843
f 827/827/827 844/844/844 834/834/834
f 842/842/842 844/844/844 843/843/843
f 834/834/834 845/845/845 839/839/839
f 845/845/845 834/834/834 844/844/844
f 840/840/840 830/830/830 846/846/846
f 823/823/823 846/846/846 830/830/830
f 844/844/844 842/842/842 847/847/847
f 847/847/847 845/845/845 844/844/844
f 848/848/848 839/839/839 845/845/845
f 839/839/839 848/848/848 849/849/849
f 850/850/850 849/849/849 848/848/848
f 849/849/849 850/850/850 851/851/851
f 848/848/848 852/852/852 850/850/850
f 852/852/852 848/848/848 845/845/845
f 845/845/845 847/847/847 852/852/852
f 846/846/846 823/823/823 853/853/853
f 853/853/853 823/823/823 824/824/824
f 824/824/824 854/854/854 853/853/853
f 854/854/854 824/824/824 825/825/825
f 855/855/855 846/846/846 853/853/853
f 855/855/855 853/853/853 854/854/854
f 846/846/846 855/855/855 856/856/856
f 856/856/856 840/840/840 846/846/846
f 840/840/840 856/856/856 857/857/857
f 857/857/857 841/841/841 840/840/840
f 841/841/841 857/857/857 858/858/858
f 858/858/858 842/842/842 841/841/841
f 847/847/847 859/859/859 852/852/852
f 842/842/842 860/860/860 847/847/847
f 859/859/859 847/847/847 860/860/860
f 842/842/842 858/858/858 861/861/861
f 860/860/860 842/842/842 861/861/861
f 858/858/858 862/862/862 861/861/861
f 862/862/862 860/860/860 861/861/861
f 857/857/857 863/863/863 858/858/858
f 862/862/862 858/858/858 863/863/863
f 856/856/856 864/864/864 857/857/857
f 863/863/863 857/857/857 864/864/864
f 855/855/855 865/865/865 856/856/856
f 864/864/864 856/856/856 865/865/865
f 866/866/866 852/852/852 859/859/859
f 867/867/867 852/852/852 866/866/866
f 868/868/868 867/867/867 866/866/866
f 867/867/867 868/868/868 869/869/869
f 870/870/870 868/868/868 866/866/866
f 870/870/870 866/866/866 859/859/859
f 871/871/871 859/859/859 860/860/860
f 859/859/859 871/871/871 870/870/870
f 860/860/860 862/862/862 871/871/871
f 872/872/872 863/863/863 864/864/864
f 873/873/873 864/864/864 865/865/865
f 864/864/864 873/873/873 872/872/872
f 874/874/874 862/862/862 863/863/863
f 863/863/863 872/872/872 874/874/874
f 870/870/870 871/871/871 875/875/875
f 871/871/871 862/862/862 876/876/876
f 875/875/875 871/871/871 876/876/876
f 862/862/862 874/874/874 877/877/877
f 876/876/876 862/862/862 877/877/877
f 877/877/877 874/874/874 878/878/878
f 878/878/878 876/876/876 877/877/877
f 879/879/879 874/874/874 872/872/872
f 878/878/878 874/874/874 879/879/879
f 880/880/880 872/872/872 873/873/873
f 879/879/879 872/872/872 880/880/880
f 881/881/881 870/870/870 875/875/875
f 882/882/882 870/870/870 881/881/881
f 883/883/883 882/882/882 881/881/881
f 882/882/882 883/883/883 884/884/884
f 885/885/885 883/883/883 881/881/881
f 885/885/885 881/881/881 875/875/875
f 886/886/886 875/875/875 876/876/876
f 876/876/876 878/878/878 886/886/886
f 875/875/875 886/886/886 885/885/885
f 885/885/885 886/886/886 887/887/887
f 886/886/886 878/878/878 888/888/888
f 886/886/886 888/888/888 887/887/887
f 885/885/885 887/887/887 889/889/889
f 890/890/890 885/885/885 889/889/889
f 891/891/891 890/890/890 889/889/889
f 890/890/890 891/891/891 892/892/892
f 893/893/893 891/891/891 889/889/889
f 893/893/893 889/889/889 887/887/887
f 894/894/894 887/887/887 888/888/888
f 887/887/887 894/894/894 893/893/893
f 888/888/888 895/895/895 894/894/894
f 878/878/878 896/896/896 888/888/888
f 895/895/895 888/888/888 896/896/896
f 878/878/878 897/897/897 896/896/896
f 896/896/896 897/897/897 895/895/895
f 897/897/897 878/878/878 879/879/879
f 879/879/879 898/898/898 897/897/897
f 898/898/898 879/879/879 880/880/880
f 897/897/897 899/899/899 895/895/895
f 897/897/897 898/898/898 899/899/899
f 893/893/893 894/894/894 900/900/900
f 894/894/894 895/895/895 901/901/901
f 901/901/901 900/900/900 894/894/894
f 900/900/900 902/902/902 893/893/893
f 903/903/903 893/893/893 902/902/902
f 904/904/904 903/903/903 902/902/902
f 903/903/903 904/904/904 905/905/905
f 906/906/906 904/904/904 902/902/902
f 902/902/902 900/900/900 906/906/906
f 907/907/907 900/900/900 901/901/901
f 900/900/900 907/907/907 906/906/906
f 901/901/901 908/908/908 907/907/907
f 895/895/895 909/909/909 901/901/901
f 908/908/908 901/901/901 909/909/909
f 895/895/895 910/910/910 909/909/909
f 910/910/910 895/895/895 899/899/899
f 909/909/909 910/910/910 908/908/908
f 898/898/898 911/911/911 899/899/899
f 899/899/899 912/912/912 910/910/910
f 912/912/912 899/899/899 911/911/911
f 910/910/910 913/913/913 908/908/908
f 910/910/910 912/912/912 913/913/913
f 898/898/898 914/914/914 911/911/911
f 880/880/880 914/914/914 898/898/898
f 914/914/914 880/880/880 915/915/915
f 880/880/880 873/873/873 915/915/915
f 915/915/915 873/873/873 916/916/916
f 865/865/865 916/916/916 873/873/873
f 916/916/916 865/865/865 917/917/917
f 865/865/865 855/855/855 917/917/917
f 917/917/917 855/855/855 918/918/918
f 854/854/854 918/918/918 855/855/855
f 917/917/917 919/919/919 916/916/916
f 918/918/918 919/919/919 917/917/917
f 918/918/918 854/854/854 920/920/920
f 854/854/854 825/825/825 920/920/920
f 919/919/919 918/918/918 921/921/921
f 920/920/920 921/921/921 918/918/918
f 920/920/920 825/825/825 922/922/922
f 825/825/825 361/361/361 922/922/922
f 922/922/922 361/361/361 359/359/359
f 920/920/920 922/922/922 923/923/923
f 921/921/921 920/920/920 923/923/923
f 922/922/922 359/359/359 924/924/924
f 923/923/923 922/922/922 924/924/924
f 924/924/924 359/359/359 357/357/357
f 924/924/924 357/357/357 925/925/925
f 925/925/925 357/357/357 355/355/355
f 923/923/923 924/924/924 926/926/926
f 926/926/926 924/924/924 925/925/925
f 923/923/923 927/927/927 921/921/921
f 927/927/927 923/923/923 926/926/926
f 921/921/921 928/928/928 919/919/919
f 928/928/928 921/921/921 927/927/927
f 925/925/925 355/355/355 929/929/929
f 929/929/929 355/355/355 354/354/354
f 926/926/926 925/925/925 930/930/930
f 930/930/930 925/925/925 929/929/929
f 927/927/927 926/926/926 931/931/931
f 931/931/931 926/926/926 930/930/930
f 929/929/929 354/354/354 932/932/932
f 932/932/932 354/354/354 353/353/353
f 930/930/930 929/929/929 933/933/933
f 933/933/933 929/929/929 932/932/932
f 919/919/919 928/928/928 934/934/934
f 919/919/919 934/934/934 916/916/916
f 927/927/927 935/935/935 928/928/928
f 935/935/935 927/927/927 931/931/931
f 931/931/931 930/930/930 936/936/936
f 936/936/936 930/930/930 933/933/933
f 937/937/937 916/916/916 934/934/934
f 915/915/915 916/916/916 937/937/937
f 928/928/928 938/938/938 934/934/934
f 938/938/938 928/928/928 935/935/935
f 931/931/931 939/939/939 935/935/935
f 939/939/939 931/931/931 936/936/936
f 940/940/940 915/915/915 937/937/937
f 915/915/915 940/940/940 914/914/914
f 937/937/937 934/934/934 941/941/941
f 934/934/934 938/938/938 941/941/941
f 935/935/935 942/942/942 938/938/938
f 942/942/942 935/935/935 939/939/939
f 943/943/943 937/937/937 941/941/941
f 937/937/937 943/943/943 940/940/940
f 938/938/938 944/944/944 941/941/941
f 938/938/938 942/942/942 944/944/944
f 941/941/941 944/944/944 943/943/943
f 945/945/945 914/914/914 940/940/940
f 914/914/914 945/945/945 911/911/911
f 946/946/946 940/940/940 943/943/943
f 940/940/940 946/946/946 945/945/945
f 947/947/947 911/911/911 945/945/945
f 911/911/911 947/947/947 912/912/912
f 948/948/948 945/945/945 946/946/946
f 945/945/945 948/948/948 947/947/947
f 912/912/912 947/947/947 949/949/949
f 912/912/912 949/949/949 913/913/913
f 947/947/947 948/948/948 950/950/950
f 947/947/947 950/950/950 949/949/949
f 942/942/942 951/951/951 944/944/944
f 944/944/944 952/952/952 943/943/943
f 944/944/944 951/951/951 952/952/952
f 943/943/943 953/953/953 946/946/946
f 943/943/943 952/952/952 953/953/953
f 946/946/946 954/954/954 948/948/948
f 954/954/954 946/946/946 953/953/953
f 948/948/948 955/955/955 950/950/950
f 948/948/948 954/954/954 955/955/955
f 951/951/951 942/942/942 956/956/956
f 939/939/939 956/956/956 942/942/942
f 956/956/956 939/939/939 957/957/957
f 939/939/939 936/936/936 957/957/957
f 957/957/957 936/936/936 958/958/958
f 936/936/936 933/933/933 958/958/958
f 958/958/958 933/933/933 959/959/959
f 933/933/933 932/932/932 959/959/959
f 959/959/959 932/932/932 960/960/960
f 932/932/932 353/353/353 960/960/960
f 353/353/353 961/961/961 960/960/960
f 961/961/961 353/353/353 399/399/399
f 399/399/399 962/962/962 961/961/961
f 962/962/962 399/399/399 413/413/413
f 413/413/413 963/963/963 962/962/962
f 963/963/963 413/413/413 419/419/419
f 957/957/957 964/964/964 956/956/956
f 957/957/957 958/958/958 965/965/965
f 964/964/964 957/957/957 965/965/965
f 958/958/958 959/959/959 966/966/966
f 965/965/965 958/958/958 966/966/966
f 959/959/959 960/960/960 967/967/967
f 966/966/966 959/959/959 967/967/967
f 968/968/968 960/960/960 961/961/961
f 960/960/960 968/968/968 967/967/967
f 969/969/969 961/961/961 962/962/962
f 961/961/961 969/969/969 968/968/968
f 970/970/970 962/962/962 963/963/963
f 962/962/962 970/970/970 969/969/969
f 971/971/971 956/956/956 964/964/964
f 956/956/956 971/971/971 951/951/951
f 951/951/951 971/971/971 972/972/972
f 951/951/951 972/972/972 952/952/952
f 952/952/952 972/972/972 973/973/973
f 952/952/952 973/973/973 953/953/953
f 974/974/974 953/953/953 973/973/973
f 953/953/953 974/974/974 954/954/954
f 975/975/975 968/968/968 969/969/969
f 976/976/976 969/969/969 970/970/970
f 969/969/969 976/976/976 975/975/975
f 968/968/968 975/975/975 977/977/977
f 977/977/977 967/967/967 968/968/968
f 967/967/967 977/977/977 978/978/978
f 966/966/966 967/967/967 978/978/978
f 979/979/979 966/966/966 978/978/978
f 965/965/965 966/966/966 979/979/979
f 980/980/980 965/965/965 979/979/979
f 964/964/964 965/965/965 980/980/980
f 981/981/981 964/964/964 980/980/980
f 964/964/964 981/981/981 971/971/971
f 982/982/982 971/971/971 981/981/981
f 971/971/971 982/982/982 972/972/972
f 972/972/972 982/982/982 983/983/983
f 972/972/972 983/983/983 973/973/973
f 984/984/984 973/973/973 983/983/983
f 973/973/973 984/984/984 974/974/974
f 985/985/985 978/978/978 977/977/977
f 979/979/979 978/978/978 986/986/986
f 978/978/978 985/985/985 986/986/986
f 980/980/980 979/979/979 987/987/987
f 987/987/987 979/979/979 986/986/986
f 981/981/981 980/980/980 988/988/988
f 988/988/988 980/980/980 987/987/987
f 981/981/981 989/989/989 982/982/982
f 989/989/989 981/981/981 988/988/988
f 982/982/982 990/990/990 983/983/983
f 982/982/982 989/989/989 990/990/990
f 983/983/983 991/991/991 984/984/984
f 991/991/991 983/983/983 990/990/990
f 977/977/977 992/992/992 985/985/985
f 992/992/992 977/977/977 975/975/975
f 975/975/975 993/993/993 992/992/992
f 993/993/993 975/975/975 976/976/976
f 988/988/988 987/987/987 994/994/994
f 988/988/988 995/995/995 989/989/989
f 995/995/995 988/988/988 994/994/994
f 989/989/989 996/996/996 990/990/990
f 989/989/989 995/995/995 996/996/996
f 990/990/990 997/997/997 991/991/991
f 997/997/997 990/990/990 996/996/996
f 994/994/994 987/987/987 998/998/998
f 987/987/987 986/986/986 998/998/998
f 986/986/986 999/999/999 998/998/998
f 999/999/999 986/986/986 985/985/985
f 985/985/985 1000/1000/1000 999/999/999
f 1000/1000/1000 985/985/985 992/992/992
f 992/992/992 1001/1001/1001 1000/1000/1000
f 1001/1001/1001 992/992/992 993/993/993
f 995/995/995 994/994/994 1002/1002/1002
f 995/995/995 1003/1003/1003 996/996/996
f 1003/1003/1003 995/995/995 1002/1002/1002
f 994/994/994 998/998/998 1004/1004/1004
f 1002/1002/1002 994/994/994 1004/1004/1004
f 1005/1005/1005 998/998/998 999/999/999
f 998/998/998 1005/1005/1005 1004/1004/1004
f 1006/1006/1006 999/999/999 1000/1000/1000
f 999/999/999 1006/1006/1006 1005/1005/1005
f 1007/1007/1007 1000/1000/1000 1001/1001/1001
f 1000/1000/1000 1007/1007/1007 1006/1006/1006
f 1008/1008/1008 996/996/996 1003/1003/1003
f 996/996/996 1008/1008/1008 997/997/997
f 1002/1002/1002 1004/1004/1004 1009/1009/1009
f 1010/1010/1010 1004/1004/1004 1005/1005/1005
f 1004/1004/1004 1010/1010/1010 1009/1009/1009
f 1011/1011/1011 1005/1005/1005 1006/1006/1006
f 1005/1005/1005 1011/1011/1011 1010/1010/1010
f 1003/1003/1003 1002/1002/1002 1012/1012/1012
f 1012/1012/1012 1002/1002/1002 1009/1009/1009
f 1013/1013/1013 1006/1006/1006 1007/1007/1007
f 1006/1006/1006 1013/1013/1013 1011/1011/1011
f 1003/1003/1003 1014/1014/1014 1008/1008/1008
f 1014/1014/1014 1003/1003/1003 1012/1012/1012
f 1015/1015/1015 997/997/997 1008/1008/1008
f 1016/1016/1016 1008/1008/1008 1014/1014/1014
f 1008/1008/1008 1016/1016/1016 1015/1015/1015
f 997/997/997 1015/1015/1015 1017/1017/1017
f 1017/1017/1017 991/991/991 997/997/997
f 991/991/991 1017/1017/1017 1018/1018/1018
f 1018/1018/1018 984/984/984 991/991/991
f 984/984/984 1018/1018/1018 1019/1019/1019
f 1019/1019/1019 974/974/974 984/984/984
f 974/974/974 1019/1019/1019 1020/1020/1020
f 1020/1020/1020 954/954/954 974/974/974
f 954/954/954 1020/1020/1020 1021/1021/1021
f 954/954/954 1021/1021/1021 955/955/955
f 1022/1022/1022 1017/1017/1017 1015/1015/1015
f 1023/1023/1023 1018/1018/1018 1017/1017/1017
f 1017/1017/1017 1022/1022/1022 1023/1023/1023
f 1024/1024/1024 1019/1019/1019 1018/1018/1018
f 1018/1018/1018 1023/1023/1023 1024/1024/1024
f 1025/1025/1025 1020/1020/1020 1019/1019/1019
f 1019/1019/1019 1024/1024/1024 1025/1025/1025
f 1026/1026/1026 1021/1021/1021 1020/1020/1020
f 1020/1020/1020 1025/1025/1025 1026/1026/1026
f 1027/1027/1027 955/955/955 1021/1021/1021
f 1021/1021/1021 1026/1026/1026 1027/1027/1027
f 1015/1015/1015 1028/1028/1028 1022/1022/1022
f 1028/1028/1028 1015/1015/1015 1016/1016/1016
f 955/955/955 1027/1027/1027 1029/1029/1029
f 1029/1029/1029 950/950/950 955/955/955
f 950/950/950 1029/1029/1029 1030/1030/1030
f 1030/1030/1030 949/949/949 950/950/950
f 949/949/949 1030/1030/1030 1031/1031/1031
f 1031/1031/1031 913/913/913 949/949/949
f 913/913/913 1031/1031/1031 1032/1032/1032
f 1032/1032/1032 908/908/908 913/913/913
f 1033/1033/1033 1027/1027/1027 1026/1026/1026
f 1034/1034/1034 1029/1029/1029 1027/1027/1027
f 1027/1027/1027 1033/1033/1033 1034/1034/1034
f 1026/1026/1026 1035/1035/1035 1033/1033/1033
f 1035/1035/1035 1026/1026/1026 1025/1025/1025
f 1025/1025/1025 1036/1036/1036 1035/1035/1035
f 1036/1036/1036 1025/1025/1025 1024/1024/1024
f 1024/1024/1024 1037/1037/1037 1036/1036/1036
f 1037/1037/1037 1024/1024/1024 1023/1023/1023
f 1023/1023/1023 1038/1038/1038 1037/1037/1037
f 1038/1038/1038 1023/1023/1023 1022/1022/1022
f 1022/1022/1022 1039/1039/1039 1038/1038/1038
f 1039/1039/1039 1022/1022/1022 1028/1028/1028
f 1040/1040/1040 1033/1033/1033 1035/1035/1035
f 1041/1041/1041 1035/1035/1035 1036/1036/1036
f 1035/1035/1035 1041/1041/1041 1040/1040/1040
f 1042/1042/1042 1036/1036/1036 1037/1037/1037
f 1036/1036/1036 1042/1042/1042 1041/1041/1041
f 1043/1043/1043 1037/1037/1037 1038/1038/1038
f 1037/1037/1037 1043/1043/1043 1042/1042/1042
f 1044/1044/1044 1038/1038/1038 1039/1039/1039
f 1038/1038/1038 1044/1044/1044 1043/1043/1043
f 1033/1033/1033 1040/1040/1040 1045/1045/1045
f 1045/1045/1045 1034/1034/1034 1033/1033/1033
f 1028/1028/1028 1046/1046/1046 1039/1039/1039
f 1039/1039/1039 1047/1047/1047 1044/1044/1044
f 1047/1047/1047 1039/1039/1039 1046/1046/1046
f 1046/1046/1046 1028/1028/1028 1048/1048/1048
f 1016/1016/1016 1048/1048/1048 1028/1028/1028
f 1048/1048/1048 1016/1016/1016 1049/1049/1049
f 1014/1014/1014 1049/1049/1049 1016/1016/1016
f 1049/1049/1049 1014/1014/1014 1050/1050/1050
f 1012/1012/1012 1050/1050/1050 1014/1014/1014
f 1050/1050/1050 1012/1012/1012 1051/1051/1051
f 1012/1012/1012 1009/1009/1009 1051/1051/1051
f 1009/1009/1009 1052/1052/1052 1051/1051/1051
f 1050/1050/1050 1051/1051/1051 1052/1052/1052
f 1052/1052/1052 1009/1009/1009 1010/1010/1010
f 1049/1049/1049 1050/1050/1050 1053/1053/1053
f 1050/1050/1050 1052/1052/1052 1053/1053/1053
f 1010/1010/1010 1054/1054/1054 1052/1052/1052
f 1053/1053/1053 1052/1052/1052 1054/1054/1054
f 1054/1054/1054 1010/1010/1010 1011/1011/1011
f 1048/1048/1048 1049/1049/1049 1055/1055/1055
f 1049/1049/1049 1053/1053/1053 1055/1055/1055
f 1046/1046/1046 1048/1048/1048 1056/1056/1056
f 1048/1048/1048 1055/1055/1055 1056/1056/1056
f 1011/1011/1011 1057/1057/1057 1054/1054/1054
f 1057/1057/1057 1011/1011/1011 1013/1013/1013
f 1053/1053/1053 1054/1054/1054 1058/1058/1058
f 1055/1055/1055 1053/1053/1053 1058/1058/1058
f 1054/1054/1054 1057/1057/1057 1058/1058/1058
f 1055/1055/1055 1058/1058/1058 1059/1059/1059
f 1056/1056/1056 1055/1055/1055 1059/1059/1059
f 1046/1046/1046 1056/1056/1056 1060/1060/1060
f 1047/1047/1047 1046/1046/1046 1060/1060/1060
f 1057/1057/1057 1061/1061/1061 1058/1058/1058
f 1059/1059/1059 1058/1058/1058 1061/1061/1061
f 1013/1013/1013 1062/1062/1062 1057/1057/1057
f 1057/1057/1057 1062/1062/1062 1061/1061/1061
f 1056/1056/1056 1059/1059/1059 1063/1063/1063
f 1060/1060/1060 1056/1056/1056 1063/1063/1063
f 1059/1059/1059 1061/1061/1061 1064/1064/1064
f 1063/1063/1063 1059/1059/1059 1064/1064/1064
f 1062/1062/1062 1013/1013/1013 1065/1065/1065
f 1007/1007/1007 1065/1065/1065 1013/1013/1013
f 1062/1062/1062 1066/1066/1066 1061/1061/1061
f 1064/1064/1064 1061/1061/1061 1066/1066/1066
f 1065/1065/1065 1007/1007/1007 1067/1067/1067
f 1001/1001/1001 1067/1067/1067 1007/1007/1007
f 1067/1067/1067 1001/1001/1001 1068/1068/1068
f 993/993/993 1068/1068/1068 1001/1001/1001
f 1068/1068/1068 993/993/993 1069/1069/1069
f 976/976/976 1069/1069/1069 993/993/993
f 1069/1069/1069 976/976/976 1070/1070/1070
f 970/970/970 1070/1070/1070 976/976/976
f 1070/1070/1070 970/970/970 1071/1071/1071
f 963/963/963 1071/1071/1071 970/970/970
f 1071/1071/1071 963/963/963 1072/1072/1072
f 419/419/419 1072/1072/1072 963/963/963
f 1072/1072/1072 419/419/419 1073/1073/1073
f 419/419/419 418/418/418 1073/1073/1073
f 1073/1073/1073 418/418/418 1074/1074/1074
f 418/418/418 420/420/420 1074/1074/1074
f 1074/1074/1074 420/420/420 439/439/439
f 1072/1072/1072 1073/1073/1073 1075/1075/1075
f 1073/1073/1073 1074/1074/1074 1075/1075/1075
f 1071/1071/1071 1072/1072/1072 1076/1076/1076
f 1072/1072/1072 1075/1075/1075 1076/1076/1076
f 1070/1070/1070 1071/1071/1071 1077/1077/1077
f 1071/1071/1071 1076/1076/1076 1077/1077/1077
f 1069/1069/1069 1070/1070/1070 1078/1078/1078
f 1070/1070/1070 1077/1077/1077 1078/1078/1078
f 1074/1074/1074 439/439/439 1079/1079/1079
f 1075/1075/1075 1074/1074/1074 1079/1079/1079
f 1076/1076/1076 1075/1075/1075 1080/1080/1080
f 1075/1075/1075 1079/1079/1079 1080/1080/1080
f 1077/1077/1077 1076/1076/1076 1081/1081/1081
f 1076/1076/1076 1080/1080/1080 1081/1081/1081
f 1079/1079/1079 439/439/439 1082/1082/1082
f 439/439/439 431/431/431 1082/1082/1082
f 1080/1080/1080 1079/1079/1079 1083/1083/1083
f 1079/1079/1079 1082/1082/1082 1083/1083/1083
f 1082/1082/1082 431/431/431 1084/1084/1084
f 431/431/431 430/430/430 1084/1084/1084
f 1084/1084/1084 430/430/430 1085/1085/1085
f 1082/1082/1082 1084/1084/1084 1086/1086/1086
f 1083/1083/1083 1082/1082/1082 1086/1086/1086
f 1086/1086/1086 1084/1084/1084 1087/1087/1087
f 1080/1080/1080 1083/1083/1083 1088/1088/1088
f 1081/1081/1081 1080/1080/1080 1088/1088/1088
f 1083/1083/1083 1086/1086/1086 1089/1089/1089
f 1088/1088/1088 1083/1083/1083 1089/1089/1089
f 1089/1089/1089 1086/1086/1086 1090/1090/1090
f 1091/1091/1091 1089/1089/1089 1090/1090/1090
f 1088/1088/1088 1089/1089/1089 1091/1091/1091
f 1081/1081/1081 1088/1088/1088 1092/1092/1092
f 1092/1092/1092 1088/1088/1088 1091/1091/1091
f 1093/1093/1093 1081/1081/1081 1092/1092/1092
f 1077/1077/1077 1081/1081/1081 1093/1093/1093
f 1078/1078/1078 1077/1077/1077 1093/1093/1093
f 1092/1092/1092 1091/1091/1091 1094/1094/1094
f 1094/1094/1094 1091/1091/1091 1095/1095/1095
f 1093/1093/1093 1092/1092/1092 1096/1096/1096
f 1096/1096/1096 1092/1092/1092 1094/1094/1094
f 1078/1078/1078 1093/1093/1093 1097/1097/1097
f 1097/1097/1097 1093/1093/1093 1096/1096/1096
f 1096/1096/1096 1094/1094/1094 1098/1098/1098
f 1098/1098/1098 1094/1094/1094 1099/1099/1099
f 1100/1100/1100 1096/1096/1096 1098/1098/1098
f 1097/1097/1097 1096/1096/1096 1100/1100/1100
f 1101/1101/1101 1078/1078/1078 1097/1097/1097
f 1069/1069/1069 1078/1078/1078 1101/1101/1101
f 1068/1068/1068 1069/1069/1069 1101/1101/1101
f 1101/1101/1101 1097/1097/1097 1102/1102/1102
f 1102/1102/1102 1097/1097/1097 1100/1100/1100
f 1068/1068/1068 1101/1101/1101 1103/1103/1103
f 1103/1103/1103 1101/1101/1101 1102/1102/1102
f 1067/1067/1067 1068/1068/1068 1103/1103/1103
f 1100/1100/1100 1098/1098/1098 1104/1104/1104
f 1104/1104/1104 1098/1098/1098 1105/1105/1105
f 1102/1102/1102 1100/1100/1100 1106/1106/1106
f 1106/1106/1106 1100/1100/1100 1104/1104/1104
f 1067/1067/1067 1103/1103/1103 1107/1107/1107
f 1065/1065/1065 1067/1067/1067 1107/1107/1107
f 1103/1103/1103 1102/1102/1102 1108/1108/1108
f 1108/1108/1108 1102/1102/1102 1106/1106/1106
f 1107/1107/1107 1103/1103/1103 1108/1108/1108
f 1106/1106/1106 1104/1104/1104 1109/1109/1109
f 1109/1109/1109 1104/1104/1104 1110/1110/1110
f 1065/1065/1065 1107/1107/1107 1111/1111/1111
f 1062/1062/1062 1065/1065/1065 1111/1111/1111
f 1108/1108/1108 1106/1106/1106 1112/1112/1112
f 1112/1112/1112 1106/1106/1106 1109/1109/1109
f 1107/1107/1107 1108/1108/1108 1113/1113/1113
f 1111/1111/1111 1107/1107/1107 1113/1113/1113
f 1113/1113/1113 1108/1108/1108 1112/1112/1112
f 1062/1062/1062 1111/1111/1111 1114/1114/1114
f 1066/1066/1066 1062/1062/1062 1114/1114/1114
f 1112/1112/1112 1109/1109/1109 1115/1115/1115
f 1115/1115/1115 1109/1109/1109 1116/1116/1116
f 1113/1113/1113 1112/1112/1112 1117/1117/1117
f 1117/1117/1117 1112/1112/1112 1115/1115/1115
f 1111/1111/1111 1113/1113/1113 1118/1118/1118
f 1114/1114/1114 1111/1111/1111 1118/1118/1118
f 1118/1118/1118 1113/1113/1113 1117/1117/1117
f 1117/1117/1117 1115/1115/1115 1119/1119/1119
f 1119/1119/1119 1115/1115/1115 1120/1120/1120
f 1121/1121/1121 1119/1119/1119 1120/1120/1120
f 1122/1122/1122 1117/1117/1117 1119/1119/1119
f 1118/1118/1118 1117/1117/1117 1122/1122/1122
f 1122/1122/1122 1119/1119/1119 1121/1121/1121
f 1114/1114/1114 1118/1118/1118 1123/1123/1123
f 1123/1123/1123 1118/1118/1118 1122/1122/1122
f 1066/1066/1066 1114/1114/1114 1124/1124/1124
f 1124/1124/1124 1114/1114/1114 1123/1123/1123
f 1125/1125/1125 1122/1122/1122 1121/1121/1121
f 1123/1123/1123 1122/1122/1122 1125/1125/1125
f 1126/1126/1126 1066/1066/1066 1124/1124/1124
f 1066/1066/1066 1126/1126/1126 1064/1064/1064
f 1124/1124/1124 1123/1123/1123 1127/1127/1127
f 1127/1127/1127 1123/1123/1123 1125/1125/1125
f 1125/1125/1125 1121/1121/1121 1128/1128/1128
f 1128/1128/1128 1121/1121/1121 1129/1129/1129
f 1130/1130/1130 1125/1125/1125 1128/1128/1128
f 1127/1127/1127 1125/1125/1125 1130/1130/1130
f 1131/1131/1131 1124/1124/1124 1127/1127/1127
f 1126/1126/1126 1124/1124/1124 1131/1131/1131
f 1132/1132/1132 1064/1064/1064 1126/1126/1126
f 1063/1063/1063 1064/1064/1064 1132/1132/1132
f 1130/1130/1130 1128/1128/1128 1133/1133/1133
f 1133/1133/1133 1128/1128/1128 1134/1134/1134
f 1135/1135/1135 1127/1127/1127 1130/1130/1130
f 1131/1131/1131 1127/1127/1127 1135/1135/1135
f 1136/1136/1136 1126/1126/1126 1131/1131/1131
f 1132/1132/1132 1126/1126/1126 1136/1136/1136
f 1137/1137/1137 1063/1063/1063 1132/1132/1132
f 1060/1060/1060 1063/1063/1063 1137/1137/1137
f 1138/1138/1138 1130/1130/1130 1133/1133/1133
f 1135/1135/1135 1130/1130/1130 1138/1138/1138
f 1139/1139/1139 1131/1131/1131 1135/1135/1135
f 1136/1136/1136 1131/1131/1131 1139/1139/1139
f 1140/1140/1140 1132/1132/1132 1136/1136/1136
f 1137/1137/1137 1132/1132/1132 1140/1140/1140
f 1141/1141/1141 1060/1060/1060 1137/1137/1137
f 1047/1047/1047 1060/1060/1060 1141/1141/1141
f 1138/1138/1138 1133/1133/1133 1142/1142/1142
f 1142/1142/1142 1133/1133/1133 1143/1143/1143
f 1144/1144/1144 1135/1135/1135 1138/1138/1138
f 1139/1139/1139 1135/1135/1135 1144/1144/1144
f 1145/1145/1145 1136/1136/1136 1139/1139/1139
f 1140/1140/1140 1136/1136/1136 1145/1145/1145
f 1146/1146/1146 1137/1137/1137 1140/1140/1140
f 1141/1141/1141 1137/1137/1137 1146/1146/1146
f 1147/1147/1147 1047/1047/1047 1141/1141/1141
f 1147/1147/1147 1044/1044/1044 1047/1047/1047
f 1148/1148/1148 1138/1138/1138 1142/1142/1142
f 1144/1144/1144 1138/1138/1138 1148/1148/1148
f 1149/1149/1149 1139/1139/1139 1144/1144/1144
f 1145/1145/1145 1139/1139/1139 1149/1149/1149
f 1150/1150/1150 1140/1140/1140 1145/1145/1145
f 1146/1146/1146 1140/1140/1140 1150/1150/1150
f 1151/1151/1151 1141/1141/1141 1146/1146/1146
f 1147/1147/1147 1141/1141/1141 1151/1151/1151
f 1044/1044/1044 1147/1147/1147 1152/1152/1152
f 1152/1152/1152 1043/1043/1043 1044/1044/1044
f 1148/1148/1148 1142/1142/1142 1153/1153/1153
f 1153/1153/1153 1142/1142/1142 1154/1154/1154
f 1155/1155/1155 1153/1153/1153 1154/1154/1154
f 1156/1156/1156 1148/1148/1148 1153/1153/1153
f 1156/1156/1156 1153/1153/1153 1155/1155/1155
f 1150/1150/1150 1145/1145/1145 1157/1157/1157
f 1157/1157/1157 1145/1145/1145 1149/1149/1149
f 1158/1158/1158 1147/1147/1147 1151/1151/1151
f 1158/1158/1158 1152/1152/1152 1147/1147/1147
f 1043/1043/1043 1152/1152/1152 1159/1159/1159
f 1159/1159/1159 1042/1042/1042 1043/1043/1043
f 1160/1160/1160 1148/1148/1148 1156/1156/1156
f 1160/1160/1160 1144/1144/1144 1148/1148/1148
f 1149/1149/1149 1144/1144/1144 1160/1160/1160
f 1161/1161/1161 1149/1149/1149 1160/1160/1160
f 1157/1157/1157 1149/1149/1149 1161/1161/1161
f 1162/1162/1162 1160/1160/1160 1156/1156/1156
f 1161/1161/1161 1160/1160/1160 1162/1162/1162
f 1152/1152/1152 1158/1158/1158 1163/1163/1163
f 1163/1163/1163 1159/1159/1159 1152/1152/1152
f 1164/1164/1164 1163/1163/1163 1158/1158/1158
f 1042/1042/1042 1159/1159/1159 1165/1165/1165
f 1165/1165/1165 1041/1041/1041 1042/1042/1042
f 1159/1159/1159 1163/1163/1163 1166/1166/1166
f 1166/1166/1166 1165/1165/1165 1159/1159/1159
f 1041/1041/1041 1165/1165/1165 1167/1167/1167
f 1167/1167/1167 1040/1040/1040 1041/1041/1041
f 1162/1162/1162 1156/1156/1156 1168/1168/1168
f 1168/1168/1168 1156/1156/1156 1155/1155/1155
f 1164/1164/1164 1158/1158/1158 1169/1169/1169
f 1158/1158/1158 1151/1151/1151 1169/1169/1169
f 1163/1163/1163 1164/1164/1164 1170/1170/1170
f 1170/1170/1170 1166/1166/1166 1163/1163/1163
f 1165/1165/1165 1166/1166/1166 1171/1171/1171
f 1171/1171/1171 1167/1167/1167 1165/1165/1165
f 1040/1040/1040 1167/1167/1167 1172/1172/1172
f 1172/1172/1172 1045/1045/1045 1040/1040/1040
f 1168/1168/1168 1155/1155/1155 1173/1173/1173
f 1173/1173/1173 1155/1155/1155 1174/1174/1174
f 1169/1169/1169 1151/1151/1151 1175/1175/1175
f 1151/1151/1151 1146/1146/1146 1175/1175/1175
f 1175/1175/1175 1146/1146/1146 1150/1150/1150
f 1175/1175/1175 1150/1150/1150 1176/1176/1176
f 1176/1176/1176 1150/1150/1150 1157/1157/1157
f 1169/1169/1169 1175/1175/1175 1177/1177/1177
f 1177/1177/1177 1175/1175/1175 1176/1176/1176
f 1176/1176/1176 1157/1157/1157 1178/1178/1178
f 1178/1178/1178 1157/1157/1157 1161/1161/1161
f 1179/1179/1179 1169/1169/1169 1177/1177/1177
f 1164/1164/1164 1169/1169/1169 1179/1179/1179
f 1177/1177/1177 1176/1176/1176 1180/1180/1180
f 1180/1180/1180 1176/1176/1176 1178/1178/1178
f 1178/1178/1178 1161/1161/1161 1181/1181/1181
f 1181/1181/1181 1161/1161/1161 1162/1162/1162
f 1179/1179/1179 1177/1177/1177 1182/1182/1182
f 1182/1182/1182 1177/1177/1177 1180/1180/1180
f 1180/1180/1180 1178/1178/1178 1183/1183/1183
f 1183/1183/1183 1178/1178/1178 1181/1181/1181
f 1181/1181/1181 1162/1162/1162 1184/1184/1184
f 1184/1184/1184 1162/1162/1162 1168/1168/1168
f 1182/1182/1182 1180/1180/1180 1185/1185/1185
f 1185/1185/1185 1180/1180/1180 1183/1183/1183
f 1183/1183/1183 1181/1181/1181 1186/1186/1186
f 1186/1186/1186 1181/1181/1181 1184/1184/1184
f 1184/1184/1184 1168/1168/1168 1187/1187/1187
f 1187/1187/1187 1168/1168/1168 1173/1173/1173
f 1185/1185/1185 1183/1183/1183 1188/1188/1188
f 1188/1188/1188 1183/1183/1183 1186/1186/1186
f 1186/1186/1186 1184/1184/1184 1189/1189/1189
f 1189/1189/1189 1184/1184/1184 1187/1187/1187
f 1187/1187/1187 1173/1173/1173 1190/1190/1190
f 1190/1190/1190 1173/1173/1173 1191/1191/1191
f 1188/1188/1188 1186/1186/1186 1192/1192/1192
f 1192/1192/1192 1186/1186/1186 1189/1189/1189
f 1193/1193/1193 1185/1185/1185 1188/1188/1188
f 1193/1193/1193 1188/1188/1188 1192/1192/1192
f 1194/1194/1194 1182/1182/1182 1185/1185/1185
f 1185/1185/1185 1193/1193/1193 1194/1194/1194
f 1195/1195/1195 1187/1187/1187 1190/1190/1190
f 1189/1189/1189 1187/1187/1187 1195/1195/1195
f 1192/1192/1192 1189/1189/1189 1196/1196/1196
f 1196/1196/1196 1189/1189/1189 1195/1195/1195
f 1193/1193/1193 1192/1192/1192 1197/1197/1197
f 1197/1197/1197 1192/1192/1192 1196/1196/1196
f 1195/1195/1195 1190/1190/1190 1198/1198/1198
f 1198/1198/1198 1190/1190/1190 1199/1199/1199
f 1196/1196/1196 1195/1195/1195 1200/1200/1200
f 1200/1200/1200 1195/1195/1195 1198/1198/1198
f 1182/1182/1182 1194/1194/1194 1201/1201/1201
f 1201/1201/1201 1179/1179/1179 1182/1182/1182
f 1202/1202/1202 1194/1194/1194 1193/1193/1193
f 1202/1202/1202 1193/1193/1193 1197/1197/1197
f 1197/1197/1197 1196/1196/1196 1203/1203/1203
f 1203/1203/1203 1196/1196/1196 1200/1200/1200
f 1200/1200/1200 1198/1198/1198 1204/1204/1204
f 1204/1204/1204 1198/1198/1198 1205/1205/1205
f 1206/1206/1206 1200/1200/1200 1204/1204/1204
f 1203/1203/1203 1200/1200/1200 1206/1206/1206
f 1207/1207/1207 1197/1197/1197 1203/1203/1203
f 1202/1202/1202 1197/1197/1197 1207/1207/1207
f 1194/1194/1194 1202/1202/1202 1208/1208/1208
f 1208/1208/1208 1201/1201/1201 1194/1194/1194
f 1179/1179/1179 1201/1201/1201 1209/1209/1209
f 1209/1209/1209 1164/1164/1164 1179/1179/1179
f 1206/1206/1206 1204/1204/1204 1210/1210/1210
f 1210/1210/1210 1204/1204/1204 1211/1211/1211
f 1212/1212/1212 1203/1203/1203 1206/1206/1206
f 1207/1207/1207 1203/1203/1203 1212/1212/1212
f 1213/1213/1213 1202/1202/1202 1207/1207/1207
f 1213/1213/1213 1208/1208/1208 1202/1202/1202
f 1201/1201/1201 1208/1208/1208 1214/1214/1214
f 1214/1214/1214 1209/1209/1209 1201/1201/1201
f 1215/1215/1215 1206/1206/1206 1210/1210/1210
f 1212/1212/1212 1206/1206/1206 1215/1215/1215
f 1216/1216/1216 1207/1207/1207 1212/1212/1212
f 1213/1213/1213 1207/1207/1207 1216/1216/1216
f 1208/1208/1208 1213/1213/1213 1217/1217/1217
f 1217/1217/1217 1214/1214/1214 1208/1208/1208
f 1215/1215/1215 1210/1210/1210 1218/1218/1218
f 1218/1218/1218 1210/1210/1210 1219/1219/1219
f 1220/1220/1220 1218/1218/1218 1219/1219/1219
f 1221/1221/1221 1212/1212/1212 1215/1215/1215
f 1216/1216/1216 1212/1212/1212 1221/1221/1221
f 1222/1222/1222 1215/1215/1215 1218/1218/1218
f 1222/1222/1222 1218/1218/1218 1220/1220/1220
f 1221/1221/1221 1215/1215/1215 1222/1222/1222
f 1223/1223/1223 1213/1213/1213 1216/1216/1216
f 1223/1223/1223 1217/1217/1217 1213/1213/1213
f 1224/1224/1224 1216/1216/1216 1221/1221/1221
f 1223/1223/1223 1216/1216/1216 1224/1224/1224
f 1225/1225/1225 1221/1221/1221 1222/1222/1222
f 1224/1224/1224 1221/1221/1221 1225/1225/1225
f 1226/1226/1226 1222/1222/1222 1220/1220/1220
f 1225/1225/1225 1222/1222/1222 1226/1226/1226
f 1226/1226/1226 1220/1220/1220 1227/1227/1227
f 1227/1227/1227 1220/1220/1220 1228/1228/1228
f 1229/1229/1229 1227/1227/1227 1228/1228/1228
f 1230/1230/1230 1226/1226/1226 1227/1227/1227
f 1230/1230/1230 1227/1227/1227 1229/1229/1229
f 1231/1231/1231 1225/1225/1225 1226/1226/1226
f 1231/1231/1231 1226/1226/1226 1230/1230/1230
f 1232/1232/1232 1224/1224/1224 1225/1225/1225
f 1232/1232/1232 1225/1225/1225 1231/1231/1231
f 1233/1233/1233 1223/1223/1223 1224/1224/1224
f 1233/1233/1233 1224/1224/1224 1232/1232/1232
f 1217/1217/1217 1223/1223/1223 1234/1234/1234
f 1233/1233/1233 1234/1234/1234 1223/1223/1223
f 1234/1234/1234 1235/1235/1235 1217/1217/1217
f 1214/1214/1214 1217/1217/1217 1235/1235/1235
f 1235/1235/1235 1236/1236/1236 1214/1214/1214
f 1209/1209/1209 1214/1214/1214 1236/1236/1236
f 1236/1236/1236 1237/1237/1237 1209/1209/1209
f 1164/1164/1164 1209/1209/1209 1237/1237/1237
f 1238/1238/1238 1164/1164/1164 1237/1237/1237
f 1238/1238/1238 1170/1170/1170 1164/1164/1164
f 1239/1239/1239 1232/1232/1232 1231/1231/1231
f 1240/1240/1240 1233/1233/1233 1232/1232/1232
f 1240/1240/1240 1232/1232/1232 1239/1239/1239
f 1234/1234/1234 1233/1233/1233 1241/1241/1241
f 1240/1240/1240 1241/1241/1241 1233/1233/1233
f 1235/1235/1235 1234/1234/1234 1242/1242/1242
f 1241/1241/1241 1242/1242/1242 1234/1234/1234
f 1236/1236/1236 1235/1235/1235 1243/1243/1243
f 1242/1242/1242 1243/1243/1243 1235/1235/1235
f 1237/1237/1237 1236/1236/1236 1244/1244/1244
f 1243/1243/1243 1244/1244/1244 1236/1236/1236
f 1245/1245/1245 1238/1238/1238 1237/1237/1237
f 1245/1245/1245 1237/1237/1237 1244/1244/1244
f 1239/1239/1239 1231/1231/1231 1246/1246/1246
f 1246/1246/1246 1231/1231/1231 1230/1230/1230
f 1246/1246/1246 1230/1230/1230 1247/1247/1247
f 1247/1247/1247 1230/1230/1230 1229/1229/1229
f 1247/1247/1247 1229/1229/1229 1248/1248/1248
f 1248/1248/1248 1229/1229/1229 1249/1249/1249
f 1243/1243/1243 1242/1242/1242 1250/1250/1250
f 1244/1244/1244 1243/1243/1243 1251/1251/1251
f 1250/1250/1250 1251/1251/1251 1243/1243/1243
f 1252/1252/1252 1245/1245/1245 1244/1244/1244
f 1252/1252/1252 1244/1244/1244 1251/1251/1251
f 1253/1253/1253 1250/1250/1250 1242/1242/1242
f 1242/1242/1242 1241/1241/1241 1253/1253/1253
f 1254/1254/1254 1253/1253/1253 1241/1241/1241
f 1241/1241/1241 1240/1240/1240 1254/1254/1254
f 1255/1255/1255 1254/1254/1254 1240/1240/1240
f 1255/1255/1255 1240/1240/1240 1239/1239/1239
f 1255/1255/1255 1239/1239/1239 1256/1256/1256
f 1256/1256/1256 1239/1239/1239 1246/1246/1246
f 1256/1256/1256 1246/1246/1246 1257/1257/1257
f 1257/1257/1257 1246/1246/1246 1247/1247/1247
f 1257/1257/1257 1247/1247/1247 1258/1258/1258
f 1258/1258/1258 1247/1247/1247 1248/1248/1248
f 1258/1258/1258 1248/1248/1248 1259/1259/1259
f 1259/1259/1259 1248/1248/1248 1260/1260/1260
f 1250/1250/1250 1253/1253/1253 1261/1261/1261
f 1253/1253/1253 1254/1254/1254 1262/1262/1262
f 1262/1262/1262 1261/1261/1261 1253/1253/1253
f 1254/1254/1254 1255/1255/1255 1263/1263/1263
f 1263/1263/1263 1262/1262/1262 1254/1254/1254
f 1264/1264/1264 1255/1255/1255 1256/1256/1256
f 1264/1264/1264 1263/1263/1263 1255/1255/1255
f 1265/1265/1265 1256/1256/1256 1257/1257/1257
f 1264/1264/1264 1256/1256/1256 1265/1265/1265
f 1266/1266/1266 1257/1257/1257 1258/1258/1258
f 1265/1265/1265 1257/1257/1257 1266/1266/1266
f 1267/1267/1267 1258/1258/1258 1259/1259/1259
f 1266/1266/1266 1258/1258/1258 1267/1267/1267
f 1261/1261/1261 1268/1268/1268 1250/1250/1250
f 1251/1251/1251 1250/1250/1250 1268/1268/1268
f 1267/1267/1267 1259/1259/1259 1269/1269/1269
f 1269/1269/1269 1259/1259/1259 1270/1270/1270
f 1271/1271/1271 1251/1251/1251 1268/1268/1268
f 1271/1271/1271 1252/1252/1252 1251/1251/1251
f 1272/1272/1272 1265/1265/1265 1266/1266/1266
f 1273/1273/1273 1266/1266/1266 1267/1267/1267
f 1272/1272/1272 1266/1266/1266 1273/1273/1273
f 1274/1274/1274 1267/1267/1267 1269/1269/1269
f 1273/1273/1273 1267/1267/1267 1274/1274/1274
f 1275/1275/1275 1265/1265/1265 1272/1272/1272
f 1275/1275/1275 1264/1264/1264 1265/1265/1265
f 1274/1274/1274 1269/1269/1269 1276/1276/1276
f 1276/1276/1276 1269/1269/1269 1277/1277/1277
f 1278/1278/1278 1272/1272/1272 1273/1273/1273
f 1279/1279/1279 1273/1273/1273 1274/1274/1274
f 1278/1278/1278 1273/1273/1273 1279/1279/1279
f 1280/1280/1280 1274/1274/1274 1276/1276/1276
f 1279/1279/1279 1274/1274/1274 1280/1280/1280
f 1281/1281/1281 1275/1275/1275 1272/1272/1272
f 1281/1281/1281 1272/1272/1272 1278/1278/1278
f 1280/1280/1280 1276/1276/1276 1282/1282/1282
f 1282/1282/1282 1276/1276/1276 1283/1283/1283
f 1264/1264/1264 1275/1275/1275 1284/1284/1284
f 1275/1275/1275 1281/1281/1281 1285/1285/1285
f 1285/1285/1285 1284/1284/1284 1275/1275/1275
f 1286/1286/1286 1264/1264/1264 1284/1284/1284
f 1263/1263/1263 1264/1264/1264 1286/1286/1286
f 1286/1286/1286 1287/1287/1287 1263/1263/1263
f 1262/1262/1262 1263/1263/1263 1287/1287/1287
f 1287/1287/1287 1288/1288/1288 1262/1262/1262
f 1261/1261/1261 1262/1262/1262 1288/1288/1288
f 1288/1288/1288 1289/1289/1289 1261/1261/1261
f 1268/1268/1268 1261/1261/1261 1289/1289/1289
f 1290/1290/1290 1268/1268/1268 1289/1289/1289
f 1290/1290/1290 1271/1271/1271 1268/1268/1268
f 1286/1286/1286 1284/1284/1284 1291/1291/1291
f 1287/1287/1287 1286/1286/1286 1292/1292/1292
f 1292/1292/1292 1286/1286/1286 1291/1291/1291
f 1288/1288/1288 1287/1287/1287 1293/1293/1293
f 1292/1292/1292 1293/1293/1293 1287/1287/1287
f 1289/1289/1289 1288/1288/1288 1294/1294/1294
f 1293/1293/1293 1294/1294/1294 1288/1288/1288
f 1295/1295/1295 1290/1290/1290 1289/1289/1289
f 1295/1295/1295 1289/1289/1289 1294/1294/1294
f 1296/1296/1296 1291/1291/1291 1284/1284/1284
f 1296/1296/1296 1284/1284/1284 1285/1285/1285
f 1297/1297/1297 1271/1271/1271 1290/1290/1290
f 1298/1298/1298 1290/1290/1290 1295/1295/1295
f 1298/1298/1298 1297/1297/1297 1290/1290/1290
f 1297/1297/1297 1299/1299/1299 1271/1271/1271
f 1299/1299/1299 1252/1252/1252 1271/1271/1271
f 1299/1299/1299 1300/1300/1300 1252/1252/1252
f 1300/1300/1300 1245/1245/1245 1252/1252/1252
f 1300/1300/1300 1301/1301/1301 1245/1245/1245
f 1301/1301/1301 1238/1238/1238 1245/1245/1245
f 1301/1301/1301 1302/1302/1302 1238/1238/1238
f 1302/1302/1302 1170/1170/1170 1238/1238/1238
f 1302/1302/1302 1303/1303/1303 1170/1170/1170
f 1166/1166/1166 1170/1170/1170 1303/1303/1303
f 1303/1303/1303 1171/1171/1171 1166/1166/1166
f 1304/1304/1304 1299/1299/1299 1297/1297/1297
f 1305/1305/1305 1300/1300/1300 1299/1299/1299
f 1304/1304/1304 1305/1305/1305 1299/1299/1299
f 1306/1306/1306 1301/1301/1301 1300/1300/1300
f 1305/1305/1305 1306/1306/1306 1300/1300/1300
f 1307/1307/1307 1302/1302/1302 1301/1301/1301
f 1306/1306/1306 1307/1307/1307 1301/1301/1301
f 1308/1308/1308 1303/1303/1303 1302/1302/1302
f 1307/1307/1307 1308/1308/1308 1302/1302/1302
f 1171/1171/1171 1303/1303/1303 1309/1309/1309
f 1308/1308/1308 1309/1309/1309 1303/1303/1303
f 1310/1310/1310 1304/1304/1304 1297/1297/1297
f 1310/1310/1310 1297/1297/1297 1298/1298/1298
f 1309/1309/1309 1311/1311/1311 1171/1171/1171
f 1167/1167/1167 1171/1171/1171 1311/1311/1311
f 1311/1311/1311 1172/1172/1172 1167/1167/1167
f 1312/1312/1312 1307/1307/1307 1306/1306/1306
f 1313/1313/1313 1308/1308/1308 1307/1307/1307
f 1312/1312/1312 1313/1313/1313 1307/1307/1307
f 1314/1314/1314 1309/1309/1309 1308/1308/1308
f 1313/1313/1313 1314/1314/1314 1308/1308/1308
f 1311/1311/1311 1309/1309/1309 1315/1315/1315
f 1314/1314/1314 1315/1315/1315 1309/1309/1309
f 1172/1172/1172 1311/1311/1311 1316/1316/1316
f 1315/1315/1315 1316/1316/1316 1311/1311/1311
f 1317/1317/1317 1312/1312/1312 1306/1306/1306
f 1317/1317/1317 1306/1306/1306 1305/1305/1305
f 1316/1316/1316 1318/1318/1318 1172/1172/1172
f 1045/1045/1045 1172/1172/1172 1318/1318/1318
f 1319/1319/1319 1317/1317/1317 1305/1305/1305
f 1305/1305/1305 1304/1304/1304 1319/1319/1319
f 1318/1318/1318 1320/1320/1320 1045/1045/1045
f 1034/1034/1034 1045/1045/1045 1320/1320/1320
f 1321/1321/1321 1319/1319/1319 1304/1304/1304
f 1304/1304/1304 1310/1310/1310 1321/1321/1321
f 1320/1320/1320 1322/1322/1322 1034/1034/1034
f 1029/1029/1029 1034/1034/1034 1322/1322/1322
f 1029/1029/1029 1322/1322/1322 1323/1323/1323
f 1030/1030/1030 1029/1029/1029 1323/1323/1323
f 1322/1322/1322 1320/1320/1320 1324/1324/1324
f 1324/1324/1324 1323/1323/1323 1322/1322/1322
f 1320/1320/1320 1318/1318/1318 1325/1325/1325
f 1325/1325/1325 1324/1324/1324 1320/1320/1320
f 1030/1030/1030 1323/1323/1323 1326/1326/1326
f 1031/1031/1031 1030/1030/1030 1326/1326/1326
f 1327/1327/1327 1325/1325/1325 1318/1318/1318
f 1318/1318/1318 1316/1316/1316 1327/1327/1327
f 1323/1323/1323 1324/1324/1324 1328/1328/1328
f 1328/1328/1328 1326/1326/1326 1323/1323/1323
f 1326/1326/1326 1329/1329/1329 1031/1031/1031
f 1032/1032/1032 1031/1031/1031 1329/1329/1329
f 1329/1329/1329 1330/1330/1330 1032/1032/1032
f 1331/1331/1331 1329/1329/1329 1326/1326/1326
f 1326/1326/1326 1328/1328/1328 1331/1331/1331
f 1332/1332/1332 1327/1327/1327 1316/1316/1316
f 1316/1316/1316 1315/1315/1315 1332/1332/1332
f 1333/1333/1333 1032/1032/1032 1330/1330/1330
f 908/908/908 1032/1032/1032 1333/1333/1333
f 1333/1333/1333 1334/1334/1334 908/908/908
f 1330/1330/1330 1334/1334/1334 1333/1333/1333
f 907/907/907 908/908/908 1334/1334/1334
f 1334/1334/1334 1335/1335/1335 907/907/907
f 906/906/906 907/907/907 1335/1335/1335
f 1336/1336/1336 1330/1330/1330 1329/1329/1329
f 1329/1329/1329 1331/1331/1331 1336/1336/1336
f 1337/1337/1337 1332/1332/1332 1315/1315/1315
f 1337/1337/1337 1315/1315/1315 1314/1314/1314
f 1338/1338/1338 1335/1335/1335 1334/1334/1334
f 1334/1334/1334 1330/1330/1330 1338/1338/1338
f 1335/1335/1335 1339/1339/1339 906/906/906
f 1340/1340/1340 906/906/906 1339/1339/1339
f 1341/1341/1341 1340/1340/1340 1339/1339/1339
f 1340/1340/1340 1341/1341/1341 1342/1342/1342
f 1343/1343/1343 1341/1341/1341 1339/1339/1339
f 1339/1339/1339 1335/1335/1335 1343/1343/1343
f 1335/1335/1335 1338/1338/1338 1343/1343/1343
f 1344/1344/1344 1337/1337/1337 1314/1314/1314
f 1344/1344/1344 1314/1314/1314 1313/1313/1313
f 1345/1345/1345 1344/1344/1344 1313/1313/1313
f 1345/1345/1345 1313/1313/1313 1312/1312/1312
f 1346/1346/1346 1345/1345/1345 1312/1312/1312
f 1312/1312/1312 1317/1317/1317 1346/1346/1346
f 1347/1347/1347 1346/1346/1346 1317/1317/1317
f 1317/1317/1317 1319/1319/1319 1347/1347/1347
f 1348/1348/1348 1347/1347/1347 1319/1319/1319
f 1319/1319/1319 1321/1321/1321 1348/1348/1348
f 1343/1343/1343 1338/1338/1338 1349/1349/1349
f 1349/1349/1349 1350/1350/1350 1343/1343/1343
f 1351/1351/1351 1343/1343/1343 1350/1350/1350
f 1352/1352/1352 1351/1351/1351 1350/1350/1350
f 1351/1351/1351 1352/1352/1352 1353/1353/1353
f 1354/1354/1354 1352/1352/1352 1350/1350/1350
f 1350/1350/1350 1349/1349/1349 1354/1354/1354
f 1355/1355/1355 1349/1349/1349 1338/1338/1338
f 1338/1338/1338 1330/1330/1330 1355/1355/1355
f 1349/1349/1349 1356/1356/1356 1354/1354/1354
f 1356/1356/1356 1349/1349/1349 1355/1355/1355
f 1355/1355/1355 1357/1357/1357 1356/1356/1356
f 1358/1358/1358 1355/1355/1355 1330/1330/1330
f 1357/1357/1357 1355/1355/1355 1358/1358/1358
f 1330/1330/1330 1336/1336/1336 1358/1358/1358
f 1336/1336/1336 1357/1357/1357 1358/1358/1358
f 1359/1359/1359 1357/1357/1357 1336/1336/1336
f 1331/1331/1331 1359/1359/1359 1336/1336/1336
f 1360/1360/1360 1359/1359/1359 1331/1331/1331
f 1328/1328/1328 1360/1360/1360 1331/1331/1331
f 1361/1361/1361 1360/1360/1360 1328/1328/1328
f 1324/1324/1324 1361/1361/1361 1328/1328/1328
f 1362/1362/1362 1361/1361/1361 1324/1324/1324
f 1324/1324/1324 1325/1325/1325 1362/1362/1362
f 1363/1363/1363 1362/1362/1362 1325/1325/1325
f 1325/1325/1325 1327/1327/1327 1363/1363/1363
f 1364/1364/1364 1361/1361/1361 1362/1362/1362
f 1362/1362/1362 1363/1363/1363 1364/1364/1364
f 1365/1365/1365 1360/1360/1360 1361/1361/1361
f 1361/1361/1361 1364/1364/1364 1365/1365/1365
f 1366/1366/1366 1359/1359/1359 1360/1360/1360
f 1360/1360/1360 1365/1365/1365 1366/1366/1366
f 1367/1367/1367 1363/1363/1363 1327/1327/1327
f 1327/1327/1327 1332/1332/1332 1367/1367/1367
f 1368/1368/1368 1364/1364/1364 1363/1363/1363
f 1363/1363/1363 1367/1367/1367 1368/1368/1368
f 1369/1369/1369 1367/1367/1367 1332/1332/1332
f 1369/1369/1369 1332/1332/1332 1337/1337/1337
f 1359/1359/1359 1366/1366/1366 1370/1370/1370
f 1370/1370/1370 1357/1357/1357 1359/1359/1359
f 1371/1371/1371 1368/1368/1368 1367/1367/1367
f 1371/1371/1371 1367/1367/1367 1369/1369/1369
f 1372/1372/1372 1369/1369/1369 1337/1337/1337
f 1372/1372/1372 1337/1337/1337 1344/1344/1344
f 1373/1373/1373 1371/1371/1371 1369/1369/1369
f 1373/1373/1373 1369/1369/1369 1372/1372/1372
f 1374/1374/1374 1372/1372/1372 1344/1344/1344
f 1344/1344/1344 1345/1345/1345 1374/1374/1374
f 1375/1375/1375 1373/1373/1373 1372/1372/1372
f 1372/1372/1372 1374/1374/1374 1375/1375/1375
f 1376/1376/1376 1374/1374/1374 1345/1345/1345
f 1345/1345/1345 1346/1346/1346 1376/1376/1376
f 1377/1377/1377 1375/1375/1375 1374/1374/1374
f 1374/1374/1374 1376/1376/1376 1377/1377/1377
f 1378/1378/1378 1376/1376/1376 1346/1346/1346
f 1346/1346/1346 1347/1347/1347 1378/1378/1378
f 1377/1377/1377 1376/1376/1376 1379/1379/1379
f 1376/1376/1376 1378/1378/1378 1379/1379/1379
f 1378/1378/1378 1347/1347/1347 1380/1380/1380
f 1347/1347/1347 1348/1348/1348 1380/1380/1380
f 1379/1379/1379 1378/1378/1378 1381/1381/1381
f 1378/1378/1378 1380/1380/1380 1381/1381/1381
f 1373/1373/1373 1375/1375/1375 1382/1382/1382
f 1375/1375/1375 1377/1377/1377 1383/1383/1383
f 1383/1383/1383 1382/1382/1382 1375/1375/1375
f 1377/1377/1377 1379/1379/1379 1384/1384/1384
f 1383/1383/1383 1377/1377/1377 1384/1384/1384
f 1385/1385/1385 1379/1379/1379 1381/1381/1381
f 1379/1379/1379 1385/1385/1385 1384/1384/1384
f 1381/1381/1381 1380/1380/1380 1386/1386/1386
f 1386/1386/1386 1385/1385/1385 1381/1381/1381
f 1380/1380/1380 1348/1348/1348 1387/1387/1387
f 1380/1380/1380 1387/1387/1387 1386/1386/1386
f 1382/1382/1382 1388/1388/1388 1373/1373/1373
f 1371/1371/1371 1373/1373/1373 1388/1388/1388
f 1388/1388/1388 1389/1389/1389 1371/1371/1371
f 1389/1389/1389 1368/1368/1368 1371/1371/1371
f 1390/1390/1390 1382/1382/1382 1383/1383/1383
f 1384/1384/1384 1390/1390/1390 1383/1383/1383
f 1382/1382/1382 1391/1391/1391 1388/1388/1388
f 1391/1391/1391 1389/1389/1389 1388/1388/1388
f 1348/1348/1348 1392/1392/1392 1387/1387/1387
f 1348/1348/1348 1321/1321/1321 1392/1392/1392
f 1389/1389/1389 1393/1393/1393 1368/1368/1368
f 1364/1364/1364 1368/1368/1368 1393/1393/1393
f 1393/1393/1393 1394/1394/1394 1364/1364/1364
f 1389/1389/1389 1394/1394/1394 1393/1393/1393
f 1364/1364/1364 1394/1394/1394 1365/1365/1365
f 1394/1394/1394 1389/1389/1389 1395/1395/1395
f 1389/1389/1389 1391/1391/1391 1395/1395/1395
f 1394/1394/1394 1396/1396/1396 1365/1365/1365
f 1395/1395/1395 1396/1396/1396 1394/1394/1394
f 1365/1365/1365 1396/1396/1396 1366/1366/1366
f 1391/1391/1391 1382/1382/1382 1397/1397/1397
f 1382/1382/1382 1390/1390/1390 1397/1397/1397
f 1398/1398/1398 1395/1395/1395 1391/1391/1391
f 1397/1397/1397 1398/1398/1398 1391/1391/1391
f 1396/1396/1396 1399/1399/1399 1366/1366/1366
f 1366/1366/1366 1399/1399/1399 1370/1370/1370
f 1399/1399/1399 1400/1400/1400 1370/1370/1370
f 1396/1396/1396 1395/1395/1395 1401/1401/1401
f 1401/1401/1401 1399/1399/1399 1396/1396/1396
f 1395/1395/1395 1398/1398/1398 1401/1401/1401
f 1399/1399/1399 1401/1401/1401 1402/1402/1402
f 1402/1402/1402 1400/1400/1400 1399/1399/1399
f 1403/1403/1403 1401/1401/1401 1398/1398/1398
f 1401/1401/1401 1403/1403/1403 1402/1402/1402
f 1404/1404/1404 1402/1402/1402 1403/1403/1403
f 1398/1398/1398 1397/1397/1397 1405/1405/1405
f 1405/1405/1405 1403/1403/1403 1398/1398/1398
f 1406/1406/1406 1397/1397/1397 1390/1390/1390
f 1397/1397/1397 1406/1406/1406 1405/1405/1405
f 1403/1403/1403 1405/1405/1405 1407/1407/1407
f 1407/1407/1407 1404/1404/1404 1403/1403/1403
f 1370/1370/1370 1400/1400/1400 1408/1408/1408
f 1357/1357/1357 1370/1370/1370 1408/1408/1408
f 1408/1408/1408 1409/1409/1409 1357/1357/1357
f 1400/1400/1400 1409/1409/1409 1408/1408/1408
f 1357/1357/1357 1409/1409/1409 1356/1356/1356
f 1409/1409/1409 1410/1410/1410 1356/1356/1356
f 1356/1356/1356 1410/1410/1410 1354/1354/1354
f 1411/1411/1411 1406/1406/1406 1390/1390/1390
f 1390/1390/1390 1384/1384/1384 1411/1411/1411
f 1412/1412/1412 1405/1405/1405 1406/1406/1406
f 1405/1405/1405 1412/1412/1412 1407/1407/1407
f 1413/1413/1413 1407/1407/1407 1412/1412/1412
f 1414/1414/1414 1412/1412/1412 1406/1406/1406
f 1406/1406/1406 1411/1411/1411 1414/1414/1414
f 1384/1384/1384 1415/1415/1415 1411/1411/1411
f 1415/1415/1415 1384/1384/1384 1385/1385/1385
f 1416/1416/1416 1410/1410/1410 1409/1409/1409
f 1409/1409/1409 1400/1400/1400 1416/1416/1416
f 1410/1410/1410 1417/1417/1417 1354/1354/1354
f 1418/1418/1418 1354/1354/1354 1417/1417/1417
f 1419/1419/1419 1418/1418/1418 1417/1417/1417
f 1418/1418/1418 1419/1419/1419 1420/1420/1420
f 1421/1421/1421 1419/1419/1419 1417/1417/1417
f 1417/1417/1417 1410/1410/1410 1421/1421/1421
f 1410/1410/1410 1416/1416/1416 1421/1421/1421
f 1411/1411/1411 1422/1422/1422 1414/1414/1414
f 1422/1422/1422 1411/1411/1411 1415/1415/1415
f 1423/1423/1423 1415/1415/1415 1385/1385/1385
f 1385/1385/1385 1386/1386/1386 1423/1423/1423
f 1424/1424/1424 1422/1422/1422 1415/1415/1415
f 1415/1415/1415 1423/1423/1423 1424/1424/1424
f 1416/1416/1416 1425/1425/1425 1421/1421/1421
f 1425/1425/1425 1416/1416/1416 1426/1426/1426
f 1400/1400/1400 1426/1426/1426 1416/1416/1416
f 1425/1425/1425 1427/1427/1427 1421/1421/1421
f 1428/1428/1428 1421/1421/1421 1427/1427/1427
f 1429/1429/1429 1428/1428/1428 1427/1427/1427
f 1428/1428/1428 1429/1429/1429 1430/1430/1430
f 1431/1431/1431 1429/1429/1429 1427/1427/1427
f 1427/1427/1427 1425/1425/1425 1431/1431/1431
f 1426/1426/1426 1400/1400/1400 1432/1432/1432
f 1400/1400/1400 1402/1402/1402 1432/1432/1432
f 1402/1402/1402 1404/1404/1404 1432/1432/1432
f 1404/1404/1404 1426/1426/1426 1432/1432/1432
f 1433/1433/1433 1425/1425/1425 1426/1426/1426
f 1425/1425/1425 1433/1433/1433 1431/1431/1431
f 1426/1426/1426 1404/1404/1404 1433/1433/1433
f 1433/1433/1433 1434/1434/1434 1431/1431/1431
f 1404/1404/1404 1435/1435/1435 1433/1433/1433
f 1434/1434/1434 1433/1433/1433 1435/1435/1435
f 1436/1436/1436 1431/1431/1431 1434/1434/1434
f 1437/1437/1437 1431/1431/1431 1436/1436/1436
f 1438/1438/1438 1437/1437/1437 1436/1436/1436
f 1437/1437/1437 1438/1438/1438 1439/1439/1439
f 1440/1440/1440 1438/1438/1438 1436/1436/1436
f 1440/1440/1440 1436/1436/1436 1434/1434/1434
f 1435/1435/1435 1404/1404/1404 1441/1441/1441
f 1404/1404/1404 1407/1407/1407 1441/1441/1441
f 1407/1407/1407 1413/1413/1413 1441/1441/1441
f 1413/1413/1413 1435/1435/1435 1441/1441/1441
f 1442/1442/1442 1434/1434/1434 1435/1435/1435
f 1434/1434/1434 1442/1442/1442 1440/1440/1440
f 1435/1435/1435 1413/1413/1413 1442/1442/1442
f 1442/1442/1442 1443/1443/1443 1440/1440/1440
f 1413/1413/1413 1444/1444/1444 1442/1442/1442
f 1443/1443/1443 1442/1442/1442 1444/1444/1444
f 1445/1445/1445 1440/1440/1440 1443/1443/1443
f 1446/1446/1446 1440/1440/1440 1445/1445/1445
f 1447/1447/1447 1446/1446/1446 1445/1445/1445
f 1446/1446/1446 1447/1447/1447 1448/1448/1448
f 1445/1445/1445 1449/1449/1449 1447/1447/1447
f 1449/1449/1449 1445/1445/1445 1443/1443/1443
f 1450/1450/1450 1443/1443/1443 1444/1444/1444
f 1443/1443/1443 1450/1450/1450 1449/1449/1449
f 1444/1444/1444 1451/1451/1451 1450/1450/1450
f 1444/1444/1444 1413/1413/1413 1452/1452/1452
f 1451/1451/1451 1444/1444/1444 1452/1452/1452
f 1413/1413/1413 1453/1453/1453 1452/1452/1452
f 1453/1453/1453 1451/1451/1451 1452/1452/1452
f 1453/1453/1453 1413/1413/1413 1412/1412/1412
f 1412/1412/1412 1414/1414/1414 1453/1453/1453
f 1414/1414/1414 1454/1454/1454 1453/1453/1453
f 1451/1451/1451 1453/1453/1453 1454/1454/1454
f 1454/1454/1454 1414/1414/1414 1422/1422/1422
f 1455/1455/1455 1454/1454/1454 1422/1422/1422
f 1422/1422/1422 1424/1424/1424 1455/1455/1455
f 1456/1456/1456 1451/1451/1451 1454/1454/1454
f 1454/1454/1454 1455/1455/1455 1456/1456/1456
f 1450/1450/1450 1457/1457/1457 1449/1449/1449
f 1451/1451/1451 1458/1458/1458 1450/1450/1450
f 1457/1457/1457 1450/1450/1450 1458/1458/1458
f 1451/1451/1451 1456/1456/1456 1459/1459/1459
f 1458/1458/1458 1451/1451/1451 1459/1459/1459
f 1456/1456/1456 1460/1460/1460 1459/1459/1459
f 1460/1460/1460 1458/1458/1458 1459/1459/1459
f 1455/1455/1455 1461/1461/1461 1456/1456/1456
f 1460/1460/1460 1456/1456/1456 1461/1461/1461
f 1424/1424/1424 1462/1462/1462 1455/1455/1455
f 1461/1461/1461 1455/1455/1455 1462/1462/1462
f 1463/1463/1463 1449/1449/1449 1457/1457/1457
f 1449/1449/1449 1463/1463/1463 1464/1464/1464
f 1465/1465/1465 1464/1464/1464 1463/1463/1463
f 1464/1464/1464 1465/1465/1465 1466/1466/1466
f 1463/1463/1463 1467/1467/1467 1465/1465/1465
f 1467/1467/1467 1463/1463/1463 1457/1457/1457
f 1468/1468/1468 1457/1457/1457 1458/1458/1458
f 1458/1458/1458 1460/1460/1460 1468/1468/1468
f 1457/1457/1457 1468/1468/1468 1467/1467/1467
f 1462/1462/1462 1424/1424/1424 1469/1469/1469
f 1423/1423/1423 1469/1469/1469 1424/1424/1424
f 1469/1469/1469 1423/1423/1423 1470/1470/1470
f 1386/1386/1386 1470/1470/1470 1423/1423/1423
f 1470/1470/1470 1386/1386/1386 1471/1471/1471
f 1386/1386/1386 1387/1387/1387 1471/1471/1471
f 1387/1387/1387 1472/1472/1472 1471/1471/1471
f 1387/1387/1387 1392/1392/1392 1472/1472/1472
f 1467/1467/1467 1468/1468/1468 1473/1473/1473
f 1460/1460/1460 1474/1474/1474 1468/1468/1468
f 1473/1473/1473 1468/1468/1468 1474/1474/1474
f 1475/1475/1475 1467/1467/1467 1473/1473/1473
f 1476/1476/1476 1467/1467/1467 1475/1475/1475
f 1477/1477/1477 1476/1476/1476 1475/1475/1475
f 1476/1476/1476 1477/1477/1477 1478/1478/1478
f 1479/1479/1479 1477/1477/1477 1475/1475/1475
f 1479/1479/1479 1475/1475/1475 1473/1473/1473
f 1480/1480/1480 1473/1473/1473 1474/1474/1474
f 1473/1473/1473 1480/1480/1480 1479/1479/1479
f 1474/1474/1474 1481/1481/1481 1480/1480/1480
f 1474/1474/1474 1460/1460/1460 1482/1482/1482
f 1481/1481/1481 1474/1474/1474 1482/1482/1482
f 1460/1460/1460 1483/1483/1483 1482/1482/1482
f 1483/1483/1483 1481/1481/1481 1482/1482/1482
f 1483/1483/1483 1460/1460/1460 1461/1461/1461
f 1461/1461/1461 1484/1484/1484 1483/1483/1483
f 1484/1484/1484 1461/1461/1461 1462/1462/1462
f 1481/1481/1481 1483/1483/1483 1485/1485/1485
f 1484/1484/1484 1485/1485/1485 1483/1483/1483
f 1462/1462/1462 1486/1486/1486 1484/1484/1484
f 1486/1486/1486 1462/1462/1462 1469/1469/1469
f 1485/1485/1485 1484/1484/1484 1487/1487/1487
f 1486/1486/1486 1487/1487/1487 1484/1484/1484
f 1469/1469/1469 1488/1488/1488 1486/1486/1486
f 1488/1488/1488 1469/1469/1469 1470/1470/1470
f 1487/1487/1487 1486/1486/1486 1489/1489/1489
f 1488/1488/1488 1489/1489/1489 1486/1486/1486
f 1470/1470/1470 1490/1490/1490 1488/1488/1488
f 1490/1490/1490 1470/1470/1470 1471/1471/1471
f 1489/1489/1489 1488/1488/1488 1491/1491/1491
f 1490/1490/1490 1491/1491/1491 1488/1488/1488
f 1471/1471/1471 1492/1492/1492 1490/1490/1490
f 1492/1492/1492 1471/1471/1471 1472/1472/1472
f 1493/1493/1493 1485/1485/1485 1487/1487/1487
f 1494/1494/1494 1487/1487/1487 1489/1489/1489
f 1487/1487/1487 1494/1494/1494 1493/1493/1493
f 1495/1495/1495 1489/1489/1489 1491/1491/1491
f 1489/1489/1489 1495/1495/1495 1494/1494/1494
f 1485/1485/1485 1493/1493/1493 1496/1496/1496
f 1496/1496/1496 1481/1481/1481 1485/1485/1485
f 1491/1491/1491 1490/1490/1490 1497/1497/1497
f 1498/1498/1498 1490/1490/1490 1492/1492/1492
f 1490/1490/1490 1498/1498/1498 1497/1497/1497
f 1499/1499/1499 1491/1491/1491 1497/1497/1497
f 1491/1491/1491 1499/1499/1499 1495/1495/1495
f 1500/1500/1500 1497/1497/1497 1498/1498/1498
f 1497/1497/1497 1500/1500/1500 1499/1499/1499
f 1501/1501/1501 1493/1493/1493 1494/1494/1494
f 1496/1496/1496 1493/1493/1493 1502/1502/1502
f 1493/1493/1493 1501/1501/1501 1502/1502/1502
f 1496/1496/1496 1502/1502/1502 1503/1503/1503
f 1481/1481/1481 1496/1496/1496 1504/1504/1504
f 1504/1504/1504 1496/1496/1496 1503/1503/1503
f 1505/1505/1505 1481/1481/1481 1504/1504/1504
f 1503/1503/1503 1505/1505/1505 1504/1504/1504
f 1480/1480/1480 1481/1481/1481 1505/1505/1505
f 1506/1506/1506 1480/1480/1480 1505/1505/1505
f 1479/1479/1479 1480/1480/1480 1506/1506/1506
f 1494/1494/1494 1507/1507/1507 1501/1501/1501
f 1507/1507/1507 1494/1494/1494 1495/1495/1495
f 1505/1505/1505 1503/1503/1503 1508/1508/1508
f 1508/1508/1508 1506/1506/1506 1505/1505/1505
f 1509/1509/1509 1479/1479/1479 1506/1506/1506
f 1510/1510/1510 1479/1479/1479 1509/1509/1509
f 1511/1511/1511 1510/1510/1510 1509/1509/1509
f 1510/1510/1510 1511/1511/1511 1512/1512/1512
f 1513/1513/1513 1511/1511/1511 1509/1509/1509
f 1513/1513/1513 1509/1509/1509 1506/1506/1506
f 1506/1506/1506 1508/1508/1508 1513/1513/1513
f 1513/1513/1513 1508/1508/1508 1514/1514/1514
f 1508/1508/1508 1503/1503/1503 1515/1515/1515
f 1508/1508/1508 1515/1515/1515 1514/1514/1514
f 1513/1513/1513 1514/1514/1514 1516/1516/1516
f 1517/1517/1517 1513/1513/1513 1516/1516/1516
f 1518/1518/1518 1517/1517/1517 1516/1516/1516
f 1517/1517/1517 1518/1518/1518 1519/1519/1519
f 1520/1520/1520 1518/1518/1518 1516/1516/1516
f 1516/1516/1516 1514/1514/1514 1520/1520/1520
f 1521/1521/1521 1514/1514/1514 1515/1515/1515
f 1514/1514/1514 1521/1521/1521 1520/1520/1520
f 1515/1515/1515 1522/1522/1522 1521/1521/1521
f 1503/1503/1503 1523/1523/1523 1515/1515/1515
f 1522/1522/1522 1515/1515/1515 1523/1523/1523
f 1503/1503/1503 1524/1524/1524 1523/1523/1523
f 1523/1523/1523 1524/1524/1524 1522/1522/1522
f 1524/1524/1524 1503/1503/1503 1502/1502/1502
f 1502/1502/1502 1525/1525/1525 1524/1524/1524
f 1525/1525/1525 1502/1502/1502 1501/1501/1501
f 1524/1524/1524 1526/1526/1526 1522/1522/1522
f 1524/1524/1524 1525/1525/1525 1526/1526/1526
f 1501/1501/1501 1527/1527/1527 1525/1525/1525
f 1527/1527/1527 1501/1501/1501 1507/1507/1507
f 1525/1525/1525 1528/1528/1528 1526/1526/1526
f 1525/1525/1525 1527/1527/1527 1528/1528/1528
f 1520/1520/1520 1521/1521/1521 1529/1529/1529
f 1521/1521/1521 1522/1522/1522 1530/1530/1530
f 1530/1530/1530 1529/1529/1529 1521/1521/1521
f 1529/1529/1529 1531/1531/1531 1520/1520/1520
f 1532/1532/1532 1520/1520/1520 1531/1531/1531
f 1533/1533/1533 1532/1532/1532 1531/1531/1531
f 1532/1532/1532 1533/1533/1533 1534/1534/1534
f 1535/1535/1535 1533/1533/1533 1531/1531/1531
f 1531/1531/1531 1529/1529/1529 1535/1535/1535
f 1529/1529/1529 1536/1536/1536 1535/1535/1535
f 1536/1536/1536 1529/1529/1529 1530/1530/1530
f 1530/1530/1530 1537/1537/1537 1536/1536/1536
f 1538/1538/1538 1530/1530/1530 1522/1522/1522
f 1537/1537/1537 1530/1530/1530 1538/1538/1538
f 1522/1522/1522 1539/1539/1539 1538/1538/1538
f 1538/1538/1538 1539/1539/1539 1537/1537/1537
f 1539/1539/1539 1522/1522/1522 1526/1526/1526
f 1540/1540/1540 1537/1537/1537 1539/1539/1539
f 1526/1526/1526 1541/1541/1541 1539/1539/1539
f 1539/1539/1539 1541/1541/1541 1540/1540/1540
f 1541/1541/1541 1542/1542/1542 1540/1540/1540
f 1541/1541/1541 1526/1526/1526 1528/1528/1528
f 1541/1541/1541 1543/1543/1543 1542/1542/1542
f 1528/1528/1528 1543/1543/1543 1541/1541/1541
f 1543/1543/1543 1544/1544/1544 1542/1542/1542
f 1543/1543/1543 1528/1528/1528 1545/1545/1545
f 1527/1527/1527 1545/1545/1545 1528/1528/1528
f 1543/1543/1543 1546/1546/1546 1544/1544/1544
f 1545/1545/1545 1546/1546/1546 1543/1543/1543
f 1546/1546/1546 1547/1547/1547 1544/1544/1544
f 1546/1546/1546 1548/1548/1548 1547/1547/1547
f 1527/1527/1527 1549/1549/1549 1545/1545/1545
f 1507/1507/1507 1549/1549/1549 1527/1527/1527
f 1548/1548/1548 1546/1546/1546 1550/1550/1550
f 1550/1550/1550 1551/1551/1551 1548/1548/1548
f 1546/1546/1546 1545/1545/1545 1552/1552/1552
f 1549/1549/1549 1552/1552/1552 1545/1545/1545
f 1552/1552/1552 1550/1550/1550 1546/1546/1546
f 1551/1551/1551 1550/1550/1550 1553/1553/1553
f 1553/1553/1553 1554/1554/1554 1551/1551/1551
f 1550/1550/1550 1552/1552/1552 1555/1555/1555
f 1549/1549/1549 1555/1555/1555 1552/1552/1552
f 1555/1555/1555 1553/1553/1553 1550/1550/1550
f 1549/1549/1549 1507/1507/1507 1556/1556/1556
f 1507/1507/1507 1495/1495/1495 1556/1556/1556
f 1554/1554/1554 1553/1553/1553 1557/1557/1557
f 1557/1557/1557 1558/1558/1558 1554/1554/1554
f 1553/1553/1553 1555/1555/1555 1559/1559/1559
f 1559/1559/1559 1557/1557/1557 1553/1553/1553
f 1555/1555/1555 1549/1549/1549 1560/1560/1560
f 1556/1556/1556 1560/1560/1560 1549/1549/1549
f 1560/1560/1560 1559/1559/1559 1555/1555/1555
f 1495/1495/1495 1561/1561/1561 1556/1556/1556
f 1560/1560/1560 1556/1556/1556 1561/1561/1561
f 1561/1561/1561 1495/1495/1495 1499/1499/1499
f 1558/1558/1558 1557/1557/1557 1562/1562/1562
f 1562/1562/1562 1563/1563/1563 1558/1558/1558
f 1557/1557/1557 1559/1559/1559 1564/1564/1564
f 1564/1564/1564 1562/1562/1562 1557/1557/1557
f 1559/1559/1559 1560/1560/1560 1565/1565/1565
f 1561/1561/1561 1565/1565/1565 1560/1560/1560
f 1565/1565/1565 1564/1564/1564 1559/1559/1559
f 1499/1499/1499 1566/1566/1566 1561/1561/1561
f 1565/1565/1565 1561/1561/1561 1566/1566/1566
f 1566/1566/1566 1499/1499/1499 1500/1500/1500
f 1563/1563/1563 1562/1562/1562 1567/1567/1567
f 1567/1567/1567 1568/1568/1568 1563/1563/1563
f 1562/1562/1562 1564/1564/1564 1569/1569/1569
f 1569/1569/1569 1567/1567/1567 1562/1562/1562
f 1564/1564/1564 1565/1565/1565 1570/1570/1570
f 1566/1566/1566 1570/1570/1570 1565/1565/1565
f 1570/1570/1570 1569/1569/1569 1564/1564/1564
f 1500/1500/1500 1571/1571/1571 1566/1566/1566
f 1570/1570/1570 1566/1566/1566 1571/1571/1571
f 1568/1568/1568 1567/1567/1567 1572/1572/1572
f 1572/1572/1572 1573/1573/1573 1568/1568/1568
f 1567/1567/1567 1569/1569/1569 1574/1574/1574
f 1574/1574/1574 1572/1572/1572 1567/1567/1567
f 1569/1569/1569 1570/1570/1570 1575/1575/1575
f 1571/1571/1571 1575/1575/1575 1570/1570/1570
f 1575/1575/1575 1574/1574/1574 1569/1569/1569
f 1571/1571/1571 1500/1500/1500 1576/1576/1576
f 1498/1498/1498 1576/1576/1576 1500/1500/1500
f 1573/1573/1573 1572/1572/1572 1577/1577/1577
f 1577/1577/1577 1578/1578/1578 1573/1573/1573
f 1575/1575/1575 1571/1571/1571 1579/1579/1579
f 1576/1576/1576 1579/1579/1579 1571/1571/1571
f 1572/1572/1572 1574/1574/1574 1580/1580/1580
f 1580/1580/1580 1577/1577/1577 1572/1572/1572
f 1574/1574/1574 1575/1575/1575 1581/1581/1581
f 1579/1579/1579 1581/1581/1581 1575/1575/1575
f 1581/1581/1581 1580/1580/1580 1574/1574/1574
f 1576/1576/1576 1498/1498/1498 1582/1582/1582
f 1492/1492/1492 1582/1582/1582 1498/1498/1498
f 1579/1579/1579 1576/1576/1576 1583/1583/1583
f 1582/1582/1582 1583/1583/1583 1576/1576/1576
f 1581/1581/1581 1579/1579/1579 1584/1584/1584
f 1583/1583/1583 1584/1584/1584 1579/1579/1579
f 1580/1580/1580 1581/1581/1581 1585/1585/1585
f 1584/1584/1584 1585/1585/1585 1581/1581/1581
f 1577/1577/1577 1580/1580/1580 1586/1586/1586
f 1585/1585/1585 1586/1586/1586 1580/1580/1580
f 1582/1582/1582 1492/1492/1492 1587/1587/1587
f 1472/1472/1472 1587/1587/1587 1492/1492/1492
f 1583/1583/1583 1582/1582/1582 1588/1588/1588
f 1587/1587/1587 1588/1588/1588 1582/1582/1582
f 1584/1584/1584 1583/1583/1583 1589/1589/1589
f 1588/1588/1588 1589/1589/1589 1583/1583/1583
f 1585/1585/1585 1584/1584/1584 1590/1590/1590
f 1589/1589/1589 1590/1590/1590 1584/1584/1584
f 1587/1587/1587 1472/1472/1472 1591/1591/1591
f 1392/1392/1392 1591/1591/1591 1472/1472/1472
f 1588/1588/1588 1587/1587/1587 1592/1592/1592
f 1591/1591/1591 1592/1592/1592 1587/1587/1587
f 1589/1589/1589 1588/1588/1588 1593/1593/1593
f 1592/1592/1592 1593/1593/1593 1588/1588/1588
f 1392/1392/1392 1594/1594/1594 1591/1591/1591
f 1321/1321/1321 1594/1594/1594 1392/1392/1392
f 1594/1594/1594 1321/1321/1321 1310/1310/1310
f 1592/1592/1592 1591/1591/1591 1595/1595/1595
f 1594/1594/1594 1595/1595/1595 1591/1591/1591
f 1310/1310/1310 1596/1596/1596 1594/1594/1594
f 1594/1594/1594 1596/1596/1596 1595/1595/1595
f 1596/1596/1596 1310/1310/1310 1298/1298/1298
f 1595/1595/1595 1597/1597/1597 1592/1592/1592
f 1593/1593/1593 1592/1592/1592 1597/1597/1597
f 1593/1593/1593 1598/1598/1598 1589/1589/1589
f 1590/1590/1590 1589/1589/1589 1598/1598/1598
f 1298/1298/1298 1599/1599/1599 1596/1596/1596
f 1599/1599/1599 1298/1298/1298 1295/1295/1295
f 1596/1596/1596 1600/1600/1600 1595/1595/1595
f 1597/1597/1597 1595/1595/1595 1600/1600/1600
f 1596/1596/1596 1599/1599/1599 1600/1600/1600
f 1597/1597/1597 1601/1601/1601 1593/1593/1593
f 1598/1598/1598 1593/1593/1593 1601/1601/1601
f 1599/1599/1599 1295/1295/1295 1602/1602/1602
f 1602/1602/1602 1295/1295/1295 1294/1294/1294
f 1599/1599/1599 1603/1603/1603 1600/1600/1600
f 1603/1603/1603 1599/1599/1599 1602/1602/1602
f 1600/1600/1600 1604/1604/1604 1597/1597/1597
f 1601/1601/1601 1597/1597/1597 1604/1604/1604
f 1604/1604/1604 1600/1600/1600 1603/1603/1603
f 1602/1602/1602 1294/1294/1294 1605/1605/1605
f 1294/1294/1294 1293/1293/1293 1605/1605/1605
f 1603/1603/1603 1602/1602/1602 1606/1606/1606
f 1606/1606/1606 1602/1602/1602 1605/1605/1605
f 1603/1603/1603 1607/1607/1607 1604/1604/1604
f 1607/1607/1607 1603/1603/1603 1606/1606/1606
f 1604/1604/1604 1608/1608/1608 1601/1601/1601
f 1608/1608/1608 1604/1604/1604 1607/1607/1607
f 1601/1601/1601 1609/1609/1609 1598/1598/1598
f 1609/1609/1609 1601/1601/1601 1608/1608/1608
f 1610/1610/1610 1605/1605/1605 1293/1293/1293
f 1293/1293/1293 1292/1292/1292 1610/1610/1610
f 1606/1606/1606 1605/1605/1605 1611/1611/1611
f 1605/1605/1605 1610/1610/1610 1611/1611/1611
f 1612/1612/1612 1606/1606/1606 1611/1611/1611
f 1606/1606/1606 1612/1612/1612 1607/1607/1607
f 1612/1612/1612 1611/1611/1611 1610/1610/1610
f 1613/1613/1613 1610/1610/1610 1292/1292/1292
f 1612/1612/1612 1610/1610/1610 1613/1613/1613
f 1613/1613/1613 1292/1292/1292 1291/1291/1291
f 1614/1614/1614 1607/1607/1607 1612/1612/1612
f 1607/1607/1607 1614/1614/1614 1608/1608/1608
f 1614/1614/1614 1612/1612/1612 1613/1613/1613
f 1615/1615/1615 1613/1613/1613 1291/1291/1291
f 1614/1614/1614 1613/1613/1613 1615/1615/1615
f 1615/1615/1615 1291/1291/1291 1296/1296/1296
f 1616/1616/1616 1608/1608/1608 1614/1614/1614
f 1616/1616/1616 1614/1614/1614 1615/1615/1615
f 1608/1608/1608 1616/1616/1616 1609/1609/1609
f 1617/1617/1617 1615/1615/1615 1296/1296/1296
f 1616/1616/1616 1615/1615/1615 1617/1617/1617
f 1618/1618/1618 1609/1609/1609 1616/1616/1616
f 1618/1618/1618 1616/1616/1616 1617/1617/1617
f 1617/1617/1617 1296/1296/1296 1619/1619/1619
f 1619/1619/1619 1296/1296/1296 1285/1285/1285
f 1609/1609/1609 1618/1618/1618 1620/1620/1620
f 1620/1620/1620 1598/1598/1598 1609/1609/1609
f 1598/1598/1598 1620/1620/1620 1590/1590/1590
f 1618/1618/1618 1617/1617/1617 1621/1621/1621
f 1621/1621/1621 1617/1617/1617 1619/1619/1619
f 1619/1619/1619 1285/1285/1285 1622/1622/1622
f 1622/1622/1622 1285/1285/1285 1281/1281/1281
f 1623/1623/1623 1590/1590/1590 1620/1620/1620
f 1590/1590/1590 1623/1623/1623 1585/1585/1585
f 1586/1586/1586 1585/1585/1585 1623/1623/1623
f 1624/1624/1624 1620/1620/1620 1618/1618/1618
f 1620/1620/1620 1624/1624/1624 1623/1623/1623
f 1624/1624/1624 1618/1618/1618 1621/1621/1621
f 1621/1621/1621 1619/1619/1619 1625/1625/1625
f 1625/1625/1625 1619/1619/1619 1622/1622/1622
f 1622/1622/1622 1281/1281/1281 1626/1626/1626
f 1626/1626/1626 1281/1281/1281 1278/1278/1278
f 1623/1623/1623 1627/1627/1627 1586/1586/1586
f 1627/1627/1627 1623/1623/1623 1624/1624/1624
f 1624/1624/1624 1621/1621/1621 1628/1628/1628
f 1628/1628/1628 1621/1621/1621 1625/1625/1625
f 1627/1627/1627 1624/1624/1624 1628/1628/1628
f 1625/1625/1625 1622/1622/1622 1629/1629/1629
f 1629/1629/1629 1622/1622/1622 1626/1626/1626
f 1626/1626/1626 1278/1278/1278 1630/1630/1630
f 1630/1630/1630 1278/1278/1278 1279/1279/1279
f 1631/1631/1631 1586/1586/1586 1627/1627/1627
f 1586/1586/1586 1631/1631/1631 1577/1577/1577
f 1578/1578/1578 1577/1577/1577 1631/1631/1631
f 1628/1628/1628 1625/1625/1625 1632/1632/1632
f 1632/1632/1632 1625/1625/1625 1629/1629/1629
f 1627/1627/1627 1628/1628/1628 1633/1633/1633
f 1631/1631/1631 1627/1627/1627 1633/1633/1633
f 1633/1633/1633 1628/1628/1628 1632/1632/1632
f 1578/1578/1578 1631/1631/1631 1634/1634/1634
f 1631/1631/1631 1633/1633/1633 1634/1634/1634
f 1578/1578/1578 1634/1634/1634 1635/1635/1635
f 1629/1629/1629 1626/1626/1626 1636/1636/1636
f 1636/1636/1636 1626/1626/1626 1630/1630/1630
f 1632/1632/1632 1629/1629/1629 1637/1637/1637
f 1637/1637/1637 1629/1629/1629 1636/1636/1636
f 1633/1633/1633 1632/1632/1632 1638/1638/1638
f 1634/1634/1634 1633/1633/1633 1638/1638/1638
f 1638/1638/1638 1632/1632/1632 1637/1637/1637
f 1635/1635/1635 1634/1634/1634 1639/1639/1639
f 1634/1634/1634 1638/1638/1638 1639/1639/1639
f 1635/1635/1635 1639/1639/1639 1640/1640/1640
f 1638/1638/1638 1637/1637/1637 1641/1641/1641
f 1639/1639/1639 1638/1638/1638 1641/1641/1641
f 1640/1640/1640 1639/1639/1639 1642/1642/1642
f 1639/1639/1639 1641/1641/1641 1642/1642/1642
f 1640/1640/1640 1642/1642/1642 1643/1643/1643
f 1637/1637/1637 1636/1636/1636 1644/1644/1644
f 1641/1641/1641 1637/1637/1637 1644/1644/1644
f 1636/1636/1636 1630/1630/1630 1645/1645/1645
f 1644/1644/1644 1636/1636/1636 1645/1645/1645
f 1643/1643/1643 1642/1642/1642 1646/1646/1646
f 1643/1643/1643 1646/1646/1646 1647/1647/1647
f 1642/1642/1642 1641/1641/1641 1648/1648/1648
f 1641/1641/1641 1644/1644/1644 1648/1648/1648
f 1642/1642/1642 1648/1648/1648 1646/1646/1646
f 1647/1647/1647 1646/1646/1646 1649/1649/1649
f 1647/1647/1647 1649/1649/1649 1650/1650/1650
f 1648/1648/1648 1644/1644/1644 1651/1651/1651
f 1644/1644/1644 1645/1645/1645 1651/1651/1651
f 1646/1646/1646 1648/1648/1648 1652/1652/1652
f 1646/1646/1646 1652/1652/1652 1649/1649/1649
f 1648/1648/1648 1651/1651/1651 1652/1652/1652
f 1645/1645/1645 1630/1630/1630 1653/1653/1653
f 1630/1630/1630 1279/1279/1279 1653/1653/1653
f 1653/1653/1653 1279/1279/1279 1280/1280/1280
f 1650/1650/1650 1649/1649/1649 1654/1654/1654
f 1650/1650/1650 1654/1654/1654 1655/1655/1655
f 1649/1649/1649 1652/1652/1652 1656/1656/1656
f 1649/1649/1649 1656/1656/1656 1654/1654/1654
f 1651/1651/1651 1645/1645/1645 1657/1657/1657
f 1645/1645/1645 1653/1653/1653 1657/1657/1657
f 1653/1653/1653 1280/1280/1280 1658/1658/1658
f 1657/1657/1657 1653/1653/1653 1658/1658/1658
f 1658/1658/1658 1280/1280/1280 1282/1282/1282
f 1652/1652/1652 1651/1651/1651 1659/1659/1659
f 1651/1651/1651 1657/1657/1657 1659/1659/1659
f 1652/1652/1652 1659/1659/1659 1656/1656/1656
f 1655/1655/1655 1654/1654/1654 1660/1660/1660
f 1655/1655/1655 1660/1660/1660 1661/1661/1661
f 1658/1658/1658 1282/1282/1282 1662/1662/1662
f 1662/1662/1662 1282/1282/1282 1663/1663/1663
f 1657/1657/1657 1658/1658/1658 1664/1664/1664
f 1659/1659/1659 1657/1657/1657 1664/1664/1664
f 1664/1664/1664 1658/1658/1658 1662/1662/1662
f 1654/1654/1654 1656/1656/1656 1665/1665/1665
f 1654/1654/1654 1665/1665/1665 1660/1660/1660
f 1656/1656/1656 1659/1659/1659 1666/1666/1666
f 1659/1659/1659 1664/1664/1664 1666/1666/1666
f 1656/1656/1656 1666/1666/1666 1665/1665/1665
f 1664/1664/1664 1662/1662/1662 1667/1667/1667
f 1666/1666/1666 1664/1664/1664 1667/1667/1667
f 1667/1667/1667 1662/1662/1662 1668/1668/1668
f 1666/1666/1666 1667/1667/1667 1669/1669/1669
f 1665/1665/1665 1666/1666/1666 1669/1669/1669
f 1669/1669/1669 1667/1667/1667 1670/1670/1670
f 1665/1665/1665 1669/1669/1669 1671/1671/1671
f 1660/1660/1660 1665/1665/1665 1671/1671/1671
f 1671/1671/1671 1669/1669/1669 1672/1672/1672
f 1660/1660/1660 1671/1671/1671 1673/1673/1673
f 1673/1673/1673 1671/1671/1671 1674/1674/1674
f 1661/1661/1661 1660/1660/1660 1673/1673/1673
f 1661/1661/1661 1673/1673/1673 1675/1675/1675
f 1675/1675/1675 1673/1673/1673 1676/1676/1676
v 1349.635 -5740.253 13703.07
v -0.002072811 -4330.96 14181.79
v -0.0002059937 -5740.253 13769.43
v 1390.051 -4330.96 14113.44
v 2686.282 -5740.253 13504.85
v -0.003805876 -2907.613 14523.92
v 2766.727 -4330.96 13909.28
v 3997.039 -5740.253 13176.47
v 1423.584 -2907.612 14453.93
v -0.005187035 -1460.835 14737.1
v 4116.737 -4330.96 13571.07
v 5269.333 -5740.253 12721.29
v 1444.477 -1460.835 14666.08
v -0.005731345 4.291534E-06 14808.46
v 2833.473 -2907.612 14244.85
v 5427.132 -4330.96 13102.26
v 6490.839 -5740.253 12143.5
v 1451.471 5.722046E-06 14737.09
v -0.005195618 1460.835 14737.09
v 4216.052 -2907.612 13898.47
v 2875.06 -1460.835 14453.93
v 6685.22 -4330.96 12507.17
v 7649.886 -5740.253 11448.86
v 1444.477 1460.835 14666.08
v -0.003811598 2907.613 14523.92
v 5558.062 -2907.612 13418.36
v 4277.931 -1460.835 14102.47
v 2888.981 5.722046E-06 14523.92
v 7878.976 -4330.96 11791.72
v 8735.2 -5740.253 10643.87
v 1423.584 2907.612 14453.93
v -0.002201557 4326.365 14170.76
v 6846.5 -2907.612 12808.91
v 5639.638 -1460.835 13615.3
v 4298.647 2.074242E-05 14170.76
v 2875.06 1460.835 14453.93
v 8996.793 -4330.96 10962.63
v 9736.458 -5740.253 9736.456
v 1388.97 4326.365 14102.47
v -0.001208067 5703.487 13681.24
v 8069.057 -2907.612 12076.2
v 6946.988 -1460.835 12996.91
v 5666.947 5.722046E-06 13681.23
v 4277.932 1460.835 14102.46
v 2833.473 2907.613 14244.85
v 1340.989 5703.487 13615.3
v -0.001358986 7025.636 13059.85
v 2764.576 4326.365 13898.47
v 4216.052 2907.612 13898.47
v 5639.638 1460.835 13615.3
v 6980.628 2.074242E-05 13059.85
v 1280.083 7025.636 12996.91
v -0.001728773 8280.179 12312.79
v 2669.076 5703.487 13418.36
v 4113.537 4326.366 13560.52
v 5558.061 2907.613 13418.36
v 1206.858 8280.18 12253.45
v -0.001423359 9454.915 11447.05
v 2547.849 7025.636 12808.91
v 3971.438 5703.486 13092.08
v 1122.002 9454.914 11391.89
v -0.001068592 10538.67 10471.17
v 2402.104 8280.179 12076.2
v 1026.349 10538.67 10420.7
v -0.00134325 11520.85 9394.353
v 6946.988 1460.835 12996.91
v 5422.914 4326.365 13092.08
v 3791.058 7025.635 12497.45
v 2233.208 9454.916 11227.1
v 920.8027 11520.85 9349.079
v -0.001659751 12392.16 8227.14
v 6846.5 2907.612 12808.91
v 5235.582 5703.487 12639.81
v 3574.198 8280.178 11782.56
v 2042.822 10538.67 10269.96
v 806.3959 12392.16 8187.492
v -0.001434088 13144.04 6980.632
v 6680.022 4326.366 12497.45
v 4997.787 7025.636 12065.73
v 3322.89 9454.915 10954.1
v 1832.746 11520.85 9213.844
v 684.2177 13144.04 6946.993
v -0.0009180307 13769.43 5666.953
v 6449.264 5703.486 12065.73
v 4711.898 8280.179 11375.53
v 3039.606 10538.67 10020.24
v 1605.034 12392.16 8069.059
v 555.4555 13769.44 5639.643
v -0.0005460978 14260.78 4312.07
v 6156.345 7025.635 11517.71
v 4380.596 9454.916 10575.7
v 2727.025 11520.85 8989.8
v 1361.852 13144.04 6846.502
v 422.9882 14260.45 4294.676
v -0.0003281236 14606.88 2996.329
v 5804.183 8280.178 10858.87
v 4007.14 10538.67 9674.096
v 2388.202 12392.16 7872.851
v 1105.567 13769.43 5558.064
v 5396.082 9454.915 10095.36
v 3595.062 11520.85 8679.251
v 2026.362 13144.04 6680.022
v 4936.053 10538.67 9234.708
v 3148.389 12392.16 7600.887
v 4428.449 11520.85 8285.048
v 841.2428 14260.78 4229.215
v 1645.022 13769.43 5422.915
v 2671.371 13144.04 6449.264
v 3878.231 12392.16 7255.663
v 296.3587 14604.21 3008.984
v 199.9419 14779.05 2030.047
v -0.0001738071 14810.42 1772.082
v 1.859665E-05 14963.65 -7.796288E-05
v 345.7158 14810.42 1738.032
v 584.5545 14606.88 2938.756
v 1252.711 14260.45 4129.635
v 2168.648 13769.43 5235.583
v 3290.634 13144.04 6156.345
v 877.6881 14604.21 2893.351
v 1650.158 14260.78 3983.833
v 592.1425 14779.05 1952.033
v 345.7158 14810.42 1738.032
v 1.859665E-05 14963.65 -7.796288E-05
v 678.1461 14810.42 1637.19
v 1146.645 14606.88 2768.248
v 2671.372 13769.43 4997.788
v 2034.292 14260.45 3805.893
v 4570.753 12392.16 6840.619
v 3878.231 13144.04 5804.185
v 3148.39 13769.43 4711.9
v 5219.222 11520.85 7811.121
v 5817.468 10538.67 8706.456
v 6359.642 9454.916 9517.878
v 6840.617 8280.179 10237.71
v 7255.662 7025.636 10858.87
v 7600.887 5703.487 11375.53
v 7872.853 4326.365 11782.56
v 8069.057 2907.613 12076.2
v 8187.489 1460.835 12253.45
v 8227.136 5.722046E-06 12312.79
v 8187.487 -1460.835 12253.45
v 9213.842 -2907.612 11227.1
v 9349.074 -1460.835 11391.89
v 9394.349 2.074242E-05 11447.05
v 9349.075 1460.835 11391.89
v 9213.842 2907.612 11227.1
v 10028.04 -4330.96 10028.04
v 10643.87 -5740.253 8735.199
v 10269.96 -2907.612 10269.97
v 10962.62 -4330.96 8996.795
v 11448.86 -5740.253 7649.884
v 10420.7 -1460.835 10420.7
v 10471.16 5.722046E-06 10471.17
v 11791.72 -4330.96 7878.979
v 12143.51 -5740.253 6490.839
v 11227.1 -2907.612 9213.845
v 12507.17 -4330.96 6685.223
v 12721.29 -5740.253 5269.333
v 11391.88 -1460.835 9349.081
v 12076.2 -2907.612 8069.062
v 10420.7 1460.835 10420.7
v 13102.26 -4330.96 5427.136
v 13176.47 -5740.253 3997.038
v 12808.91 -2907.612 6846.505
v 12253.45 -1460.835 8187.495
v 11447.05 2.074242E-05 9394.354
v 13571.07 -4330.96 4116.74
v 13504.85 -5740.253 2686.282
v 13418.36 -2907.612 5558.066
v 12996.91 -1460.835 6946.996
v 12312.78 5.722046E-06 8227.144
v 11391.88 1460.835 9349.082
v 13909.28 -4330.96 2766.73
v 13703.07 -5740.253 1349.635
v 13898.47 -2907.612 4216.058
v 13615.3 -1460.835 5639.646
v 13059.84 2.074242E-05 6980.637
v 14113.44 -4330.96 1390.054
v 13769.43 -5740.253 -0.0004920959
v 14244.85 -2907.612 2833.479
v 14102.47 -1460.835 4277.94
v 14181.79 -4330.96 0.0007696152
v 13703.08 -5740.253 -1349.636
v 14453.93 -2907.612 1423.59
v 14113.44 -4330.96 -1390.052
v 13504.85 -5740.253 -2686.283
v 12253.45 1460.835 8187.498
v 13681.23 5.722046E-06 5666.957
v 14453.93 -1460.835 2875.069
v 14523.92 -2907.612 0.002082825
v 13909.29 -4330.96 -2766.728
v 13176.47 -5740.253 -3997.04
v 12996.91 1460.835 6946.996
v 14170.76 2.074242E-05 4298.656
v 14666.08 -1460.835 1444.486
v 14453.93 -2907.612 -1423.586
v 13571.07 -4330.96 -4116.738
v 12721.29 -5740.253 -5269.334
v 13615.3 1460.835 5639.647
v 14523.92 5.722046E-06 2888.992
v 14737.1 -1460.835 0.003315211
v 14244.85 -2907.612 -2833.475
v 13102.26 -4330.96 -5427.134
v 12143.51 -5740.253 -6490.841
v 14102.47 1460.835 4277.94
v 14737.1 2.074242E-05 1451.481
v 14666.08 -1460.835 -1444.479
v 13898.48 -2907.612 -4216.055
v 12507.17 -4330.96 -6685.221
v 11448.86 -5740.253 -7649.888
v 14453.93 1460.835 2875.068
v 14808.46 5.722046E-06 0.003885269
v 14453.93 -1460.835 -2875.063
v 13418.36 -2907.612 -5558.063
v 11791.73 -4330.96 -7878.979
v 10643.87 -5740.253 -8735.202
v 14666.08 1460.835 1444.486
v 14737.1 2.074242E-05 -1451.474
v 14102.47 -1460.835 -4277.934
v 12808.91 -2907.612 -6846.502
v 10962.63 -4330.96 -8996.795
v 9736.459 -5740.253 -9736.459
v 14737.1 1460.835 0.003308773
v 14523.92 5.722046E-06 -2888.984
v 13615.3 -1460.835 -5639.641
v 12076.2 -2907.612 -8069.06
v 10028.04 -4330.96 -10028.04
v 8735.201 -5740.253 -10643.87
v 14666.08 1460.835 -1444.479
v 14170.76 2.074242E-05 -4298.649
v 12996.91 -1460.835 -6946.991
v 11227.1 -2907.612 -9213.844
v 8996.795 -4330.96 -10962.63
v 7649.886 -5740.253 -11448.87
v 14453.93 1460.835 -2875.062
v 13681.24 5.722046E-06 -5666.95
v 12253.45 -1460.835 -8187.491
v 10269.97 -2907.612 -10269.96
v 7878.979 -4330.96 -11791.73
v 6490.84 -5740.253 -12143.51
v 14102.47 1460.835 -4277.935
v 13059.85 2.074242E-05 -6980.631
v 11391.89 -1460.835 -9349.078
v 9213.845 -2907.612 -11227.1
v 6685.223 -4330.96 -12507.17
v 5269.333 -5740.253 -12721.3
v 13615.31 1460.835 -5639.642
v 12312.79 5.722046E-06 -8227.138
v 10420.71 -1460.835 -10420.7
v 8069.062 -2907.612 -12076.2
v 5427.136 -4330.96 -13102.26
v 3997.04 -5740.253 -13176.47
v 12996.91 1460.835 -6946.991
v 11447.05 2.074242E-05 -9394.352
v 9349.083 -1460.835 -11391.89
v 6846.505 -2907.612 -12808.91
v 4116.74 -4330.96 -13571.07
v 2686.282 -5740.253 -13504.86
v 12253.45 1460.835 -8187.493
v 10471.17 5.722046E-06 -10471.16
v 8187.496 -1460.835 -12253.45
v 5558.067 -2907.612 -13418.36
v 2766.73 -4330.96 -13909.29
v 1349.635 -5740.253 -13703.08
v 11391.89 1460.835 -9349.079
v 9394.354 2.074242E-05 -11447.05
v 6946.996 -1460.835 -12996.91
v 4216.058 -2907.612 -13898.48
v 1390.053 -4330.96 -14113.44
v -0.0006752015 -5740.253 -13769.43
v 10420.71 1460.835 -10420.7
v 8227.145 5.722046E-06 -12312.79
v 5639.646 -1460.835 -13615.3
v 2833.479 -2907.612 -14244.85
v 0.0002889633 -4330.96 -14181.79
v -1349.636 -5740.253 -13703.08
v 9349.082 1460.835 -11391.89
v 6980.637 2.074242E-05 -13059.85
v 4277.94 -1460.835 -14102.47
v 1423.589 -2907.612 -14453.93
v -1390.053 -4330.96 -14113.44
v -2686.284 -5740.253 -13504.86
v 8187.498 1460.835 -12253.45
v 5666.956 5.722046E-06 -13681.24
v 2875.068 -1460.835 -14453.93
v 0.001161575 -2907.612 -14523.93
v -2766.729 -4330.96 -13909.29
v -3997.041 -5740.253 -13176.47
v 6946.996 1460.835 -12996.91
v 4298.656 2.074242E-05 -14170.76
v 1444.485 -1460.835 -14666.08
v -1423.587 -2907.612 -14453.93
v -4116.74 -4330.96 -13571.07
v -5269.335 -5740.253 -12721.3
v 5639.647 1460.835 -13615.31
v 2888.99 5.722046E-06 -14523.92
v 0.001766682 -1460.835 -14737.1
v -2833.477 -2907.612 -14244.85
v -5427.136 -4330.96 -13102.26
v -6490.841 -5740.253 -12143.51
v 4277.94 1460.835 -14102.47
v 1451.48 2.074242E-05 -14737.1
v -1444.481 -1460.835 -14666.08
v -4216.056 -2907.612 -13898.48
v -6685.224 -4330.96 -12507.17
v -7649.888 -5740.253 -11448.87
v 2875.068 1460.835 -14453.93
v 0.002071381 5.722046E-06 -14808.46
v -2875.065 -1460.835 -14453.93
v -5558.065 -2907.612 -13418.36
v -7878.98 -4330.96 -11791.73
v -8735.202 -5740.253 -10643.87
v 1444.485 1460.835 -14666.08
v -1451.476 2.074242E-05 -14737.1
v -4277.937 -1460.835 -14102.47
v -6846.504 -2907.612 -12808.91
v -8996.796 -4330.96 -10962.63
v -9736.46 -5740.253 -9736.459
v 0.001770973 1460.835 -14737.1
v -2888.987 5.722046E-06 -14523.93
v -5639.644 -1460.835 -13615.31
v -8069.062 -2907.612 -12076.21
v -10028.04 -4330.96 -10028.04
v -10643.87 -5740.253 -8735.202
v -1444.481 1460.835 -14666.08
v -4298.653 2.074242E-05 -14170.76
v -6946.994 -1460.835 -12996.91
v -9213.847 -2907.612 -11227.1
v -10962.63 -4330.96 -8996.796
v -11448.87 -5740.253 -7649.888
v -2875.064 1460.835 -14453.93
v -5666.953 5.722046E-06 -13681.24
v -8187.495 -1460.835 -12253.45
v -10269.97 -2907.612 -10269.97
v -11791.73 -4330.96 -7878.98
v -12143.51 -5740.253 -6490.84
v -4277.937 1460.835 -14102.47
v -6980.635 2.074242E-05 -13059.85
v -9349.081 -1460.835 -11391.89
v -11227.1 -2907.612 -9213.848
v -12507.17 -4330.96 -6685.224
v -12721.3 -5740.253 -5269.334
v -5639.644 1460.835 -13615.31
v -8227.143 5.722046E-06 -12312.79
v -10420.71 -1460.835 -10420.71
v -12076.21 -2907.612 -8069.062
v -13102.27 -4330.96 -5427.136
v -13176.48 -5740.253 -3997.04
v -6946.994 1460.835 -12996.91
v -9394.354 2.074242E-05 -11447.06
v -11391.89 -1460.835 -9349.084
v -12808.91 -2907.612 -6846.507
v -13571.08 -4330.96 -4116.74
v -13504.86 -5740.253 -2686.283
v -8187.496 1460.835 -12253.45
v -10471.17 5.722046E-06 -10471.17
v -12253.45 -1460.835 -8187.496
v -13418.36 -2907.612 -5558.067
v -13909.29 -4330.96 -2766.73
v -13703.07 -5740.253 -1349.636
v -9349.081 1460.835 -11391.89
v -11447.05 2.074242E-05 -9394.356
v -12996.92 -1460.835 -6946.997
v -13898.48 -2907.612 -4216.058
v -14113.44 -4330.96 -1390.053
v -13769.43 -5740.253 -0.0009326935
v -10420.71 1460.835 -10420.71
v -12312.79 5.722046E-06 -8227.146
v -13615.31 -1460.835 -5639.646
v -14244.85 -2907.612 -2833.478
v -14181.79 -4330.96 -0.00097847
v -13703.07 -5740.253 1349.634
v -11391.89 1460.835 -9349.085
v -13059.85 2.074242E-05 -6980.637
v -14102.47 -1460.835 -4277.939
v -14453.93 -2907.612 -1423.589
v -14113.44 -4330.96 1390.051
v -13504.85 -5740.253 2686.281
v -12253.45 1460.835 -8187.498
v -13681.24 5.722046E-06 -5666.956
v -14453.93 -1460.835 -2875.067
v -14523.93 -2907.612 -0.001092911
v -13909.28 -4330.96 2766.726
v -13176.47 -5740.253 3997.037
v -12996.91 1460.835 -6946.996
v -14170.77 2.074242E-05 -4298.655
v -14666.08 -1460.835 -1444.483
v -14453.93 -2907.612 1423.585
v -13571.07 -4330.96 4116.735
v -12721.29 -5740.253 5269.331
v -13615.31 1460.835 -5639.646
v -14523.93 5.722046E-06 -2888.989
v -14737.1 -1460.835 -0.001347542
v -14244.85 -2907.612 2833.473
v -13102.26 -4330.96 5427.131
v -12143.5 -5740.253 6490.837
v -14102.47 1460.835 -4277.939
v -14737.1 2.074242E-05 -1451.478
v -14666.08 -1460.835 1444.479
v -13898.47 -2907.612 4216.051
v -12507.17 -4330.96 6685.218
v -11448.86 -5740.253 7649.884
v -14453.93 1460.835 -2875.067
v -14808.47 5.722046E-06 -0.001487732
v -14453.93 -1460.835 2875.06
v -13418.35 -2907.612 5558.06
v -11791.72 -4330.96 7878.974
v -10643.87 -5740.253 8735.198
v -14666.08 1460.835 -1444.484
v -14737.1 2.074242E-05 1451.474
v -14102.46 -1460.835 4277.93
v -12808.91 -2907.612 6846.499
v -10962.62 -4330.96 8996.791
v -9736.456 -5740.253 9736.456
v -14737.1 1460.835 -0.001346827
v -14523.92 5.722046E-06 2888.981
v -13615.3 -1460.835 5639.636
v -12076.2 -2907.612 8069.055
v -10028.04 -4330.96 10028.03
v -8735.198 -5740.253 10643.87
v -14666.08 1460.835 1444.479
v -14170.75 2.074242E-05 4298.646
v -12996.9 -1460.835 6946.987
v -11227.1 -2907.612 9213.839
v -8996.794 -4330.96 10962.62
v -7649.884 -5740.253 11448.86
v -14453.93 1460.835 2875.06
v -13681.23 5.722046E-06 5666.945
v -12253.45 -1460.835 8187.486
v -10269.96 -2907.612 10269.96
v -7878.979 -4330.96 11791.72
v -6490.839 -5740.253 12143.5
v -14102.46 1460.835 4277.93
v -13059.84 2.074242E-05 6980.625
v -11391.89 -1460.835 9349.072
v -9213.845 -2907.612 11227.09
v -6685.223 -4330.96 12507.17
v -5269.333 -5740.253 12721.29
v -13615.3 1460.835 5639.636
v -12312.78 5.722046E-06 8227.133
v -10420.7 -1460.835 10420.7
v -8069.062 -2907.612 12076.2
v -5427.136 -4330.96 13102.26
v -3997.039 -5740.253 13176.47
v -12996.91 1460.835 6946.986
v -11447.05 2.074242E-05 9394.345
v -9349.081 -1460.835 11391.88
v -6846.505 -2907.612 12808.9
v -4116.741 -4330.96 13571.07
v -2686.283 -5740.253 13504.85
v -12253.45 1460.835 8187.487
v -10471.16 5.722046E-06 10471.16
v -8187.496 -1460.835 12253.44
v -5558.067 -2907.612 13418.35
v -2766.731 -4330.96 13909.28
v -1349.635 -5740.253 13703.07
v -11391.89 1460.835 9349.073
v -9394.354 2.074242E-05 11447.04
v -6946.997 -1460.835 12996.9
v -4216.059 -2907.612 13898.47
v -1390.055 -4330.96 14113.44
v -0.0002059937 -5740.253 13769.43
v -0.002072811 -4330.96 14181.79
v -2833.48 -2907.612 14244.85
v -1423.591 -2907.612 14453.93
v -0.003805876 -2907.613 14523.92
v -5639.647 -1460.835 13615.29
v -8227.143 5.722046E-06 12312.78
v -4277.941 -1460.835 14102.46
v -1444.487 -1460.835 14666.08
v -0.005187035 -1460.835 14737.1
v -2875.07 -1460.835 14453.92
v -6980.637 2.074242E-05 13059.84
v -1451.483 2.861023E-06 14737.09
v -0.005731345 4.291534E-06 14808.46
v -5666.957 5.722046E-06 13681.23
v -2888.992 2.861023E-06 14523.92
v -4298.658 2.074242E-05 14170.75
v -1444.487 1460.835 14666.07
v -0.005195618 1460.835 14737.09
v -2875.07 1460.835 14453.92
v -4277.941 1460.835 14102.46
v -5639.647 1460.835 13615.3
v -6946.996 1460.835 12996.9
v -1423.592 2907.612 14453.93
v -0.003811598 2907.613 14523.92
v -2833.48 2907.612 14244.85
v -4216.059 2907.612 13898.47
v -5558.067 2907.613 13418.35
v -1388.974 4326.365 14102.47
v -0.002201557 4326.365 14170.76
v -2764.58 4326.365 13898.47
v -4113.541 4326.366 13560.52
v -1340.992 5703.487 13615.3
v -0.001208067 5703.487 13681.24
v -2669.078 5703.487 13418.36
v -1280.085 7025.636 12996.91
v -0.001358986 7025.636 13059.85
v -6846.507 2907.612 12808.9
v -5422.917 4326.365 13092.07
v -3971.439 5703.486 13092.08
v -2547.851 7025.636 12808.91
v -1206.861 8280.181 12253.45
v -0.001728773 8280.179 12312.79
v -6680.027 4326.366 12497.44
v -5235.584 5703.487 12639.81
v -3791.06 7025.635 12497.45
v -2402.107 8280.181 12076.2
v -1122.005 9454.916 11391.89
v -0.001423359 9454.915 11447.05
v -6449.267 5703.486 12065.73
v -4997.789 7025.636 12065.72
v -3574.201 8280.178 11782.55
v -2233.211 9454.916 11227.1
v -1026.351 10538.67 10420.7
v -0.001068592 10538.67 10471.17
v -6156.346 7025.635 11517.71
v -4711.901 8280.179 11375.53
v -3322.893 9454.915 10954.1
v -2042.824 10538.67 10269.96
v -920.8053 11520.85 9349.079
v -0.00134325 11520.85 9394.353
v -5804.187 8280.178 10858.86
v -4380.599 9454.916 10575.7
v -3039.608 10538.67 10020.24
v -1832.748 11520.85 9213.842
v -806.3993 12392.16 8187.491
v -0.001659751 12392.16 8227.14
v -5396.083 9454.915 10095.36
v -4007.142 10538.67 9674.095
v -2727.027 11520.85 8989.799
v -1605.037 12392.16 8069.057
v -684.2205 13144.04 6946.992
v -0.001434088 13144.04 6980.632
v -4936.055 10538.67 9234.706
v -3595.064 11520.85 8679.247
v -2388.205 12392.16 7872.851
v -1361.855 13144.04 6846.501
v -555.4572 13769.43 5639.643
v -0.0009180307 13769.43 5666.953
v -4428.451 11520.85 8285.045
v -3148.391 12392.16 7600.884
v -2026.364 13144.04 6680.022
v -1105.569 13769.43 5558.064
v -422.9893 14260.45 4294.676
v -0.0005460978 14260.78 4312.07
v -3878.233 12392.16 7255.66
v -2671.374 13144.04 6449.263
v -1645.024 13769.43 5422.914
v -841.2437 14260.78 4229.215
v -296.3594 14604.21 3008.984
v -0.0003281236 14606.88 2996.329
v -584.5552 14606.88 2938.756
v -199.9423 14779.05 2030.046
v -0.0001738071 14810.42 1772.082
v 1.859665E-05 14963.65 -7.796288E-05
v -345.7161 14810.42 1738.031
v -1252.711 14260.45 4129.635
v -2168.65 13769.43 5235.582
v -877.6887 14604.21 2893.35
v -1650.158 14260.78 3983.833
v -592.1428 14779.05 1952.033
v -345.7161 14810.42 1738.031
v 1.859665E-05 14963.65 -7.796288E-05
v -678.1464 14810.42 1637.19
v -1146.646 14606.88 2768.247
v -2671.373 13769.43 4997.786
v -2034.292 14260.45 3805.892
v -1425.289 14604.21 2666.527
v -961.5876 14779.05 1799.004
v -678.1464 14810.42 1637.19
v 1.859665E-05 14963.65 -7.796288E-05
v -984.5159 14810.42 1473.432
v -1664.671 14606.88 2491.356
v -3290.636 13144.04 6156.342
v -2395.658 14260.78 3585.355
v -3148.391 13769.43 4711.898
v -3878.233 13144.04 5804.182
v -4570.755 12392.16 6840.614
v -5219.224 11520.85 7811.117
v -5817.468 10538.67 8706.454
v -6359.644 9454.916 9517.875
v -6840.619 8280.179 10237.71
v -7255.665 7025.636 10858.87
v -7600.888 5703.487 11375.53
v -7872.854 4326.365 11782.56
v -8069.062 2907.613 12076.2
v -8187.498 1460.835 12253.44
v -9349.081 1460.835 11391.88
v -9213.845 2907.612 11227.1
v -8989.802 4326.366 10954.1
v -8679.252 5703.486 10575.7
v -8285.046 7025.635 10095.36
v -10420.7 1460.835 10420.7
v -10269.96 2907.613 10269.96
v -10020.24 4326.365 10020.24
v -9674.095 5703.487 9674.093
v -11227.1 2907.612 9213.839
v -10954.1 4326.366 8989.797
v -12076.2 2907.613 8069.054
v -9234.706 7025.636 9234.704
v -10575.7 5703.486 8679.247
v -11782.56 4326.365 7872.851
v -12808.91 2907.612 6846.499
v -10095.36 7025.635 8285.044
v -11375.53 5703.487 7600.886
v -12497.45 4326.366 6680.021
v -13418.36 2907.613 5558.059
v -10858.87 7025.636 7255.66
v -12065.73 5703.486 6449.263
v -13092.08 4326.365 5422.912
v -13898.47 2907.612 4216.051
v -11517.71 7025.635 6156.343
v -12639.81 5703.487 5235.58
v -13560.52 4326.366 4113.535
v -14244.85 2907.613 2833.473
v -12065.73 7025.636 4997.785
v -13092.07 5703.486 3971.435
v -13898.47 4326.365 2764.576
v -14453.93 2907.612 1423.585
v -12497.45 7025.635 3791.056
v -13418.36 5703.487 2669.074
v -14102.47 4326.366 1388.97
v -14523.93 2907.613 -0.001092911
v -12808.91 7025.636 2547.847
v -13615.3 5703.486 1340.989
v -14170.76 4326.365 -0.000956297
v -14453.93 2907.612 -1423.589
v -12996.91 7025.635 1280.083
v -13681.24 5703.487 -0.0009212494
v -14102.47 4326.366 -1388.973
v -14244.86 2907.613 -2833.478
v -13059.85 7025.636 -0.000894785
v -13615.31 5703.486 -1340.991
v -13898.48 4326.365 -2764.579
v -13898.48 2907.612 -4216.058
v -12996.91 7025.635 -1280.085
v -13418.36 5703.487 -2669.078
v -13560.53 4326.366 -4113.54
v -13418.36 2907.613 -5558.067
v -12808.91 7025.636 -2547.851
v -13092.08 5703.486 -3971.439
v -13092.08 4326.365 -5422.917
v -12808.91 2907.612 -6846.507
v -12497.45 7025.635 -3791.06
v -12639.82 5703.487 -5235.584
v -12497.45 4326.366 -6680.027
v -12076.21 2907.613 -8069.063
v -12065.73 7025.636 -4997.79
v -12065.73 5703.486 -6449.268
v -11782.56 4326.365 -7872.855
v -11227.1 2907.612 -9213.847
v -11517.72 7025.635 -6156.347
v -11375.54 5703.487 -7600.891
v -10954.11 4326.366 -8989.803
v -10269.97 2907.613 -10269.97
v -10858.87 7025.636 -7255.666
v -10575.7 5703.486 -8679.254
v -10020.25 4326.365 -10020.25
v -9213.847 2907.612 -11227.1
v -10095.36 7025.635 -8285.049
v -9674.099 5703.487 -9674.098
v -8989.803 4326.366 -10954.11
v -8069.062 2907.613 -12076.21
v -9234.71 7025.636 -9234.71
v -8679.254 5703.486 -10575.7
v -7872.855 4326.365 -11782.56
v -6846.504 2907.612 -12808.91
v -8285.049 7025.635 -10095.36
v -7600.89 5703.487 -11375.54
v -6680.027 4326.366 -12497.45
v -5558.066 2907.613 -13418.36
v -7255.667 7025.636 -10858.87
v -6449.267 5703.486 -12065.73
v -5422.917 4326.365 -13092.08
v -4216.056 2907.612 -13898.48
v -6156.347 7025.635 -11517.72
v -5235.585 5703.487 -12639.82
v -4113.54 4326.366 -13560.53
v -2833.476 2907.613 -14244.85
v -4997.789 7025.636 -12065.73
v -3971.439 5703.486 -13092.08
v -2764.579 4326.365 -13898.48
v -1423.587 2907.612 -14453.93
v -3791.06 7025.635 -12497.45
v -2669.078 5703.487 -13418.36
v -1388.972 4326.366 -14102.47
v 0.001167297 2907.613 -14523.93
v -2547.85 7025.636 -12808.91
v -1340.991 5703.486 -13615.31
v 0.0003705025 4326.365 -14170.76
v 1423.589 2907.612 -14453.93
v -1280.084 7025.635 -12996.91
v -3.433228E-05 5703.487 -13681.24
v 1388.973 4326.366 -14102.47
v 2833.479 2907.613 -14244.85
v 0.0003147126 7025.636 -13059.85
v 1340.991 5703.486 -13615.31
v 2764.579 4326.365 -13898.48
v 4216.058 2907.612 -13898.48
v 1280.085 7025.635 -12996.91
v 2669.078 5703.487 -13418.36
v 4113.54 4326.366 -13560.53
v 5558.067 2907.613 -13418.36
v 2547.851 7025.636 -12808.91
v 3971.439 5703.486 -13092.08
v 5422.917 4326.365 -13092.08
v 6846.507 2907.612 -12808.91
v 3791.06 7025.635 -12497.45
v 5235.584 5703.487 -12639.82
v 6680.027 4326.366 -12497.45
v 8069.063 2907.613 -12076.2
v 4997.79 7025.636 -12065.73
v 6449.267 5703.486 -12065.73
v 7872.855 4326.365 -11782.56
v 9213.847 2907.612 -11227.1
v 6156.346 7025.635 -11517.72
v 7600.889 5703.487 -11375.54
v 8989.803 4326.366 -10954.11
v 10269.97 2907.613 -10269.97
v 7255.665 7025.636 -10858.87
v 8679.252 5703.486 -10575.7
v 10020.24 4326.365 -10020.24
v 11227.1 2907.612 -9213.844
v 8285.048 7025.635 -10095.36
v 9674.098 5703.487 -9674.098
v 10954.11 4326.366 -8989.802
v 12076.2 2907.613 -8069.06
v 9234.709 7025.636 -9234.709
v 10575.7 5703.486 -8679.253
v 11782.56 4326.365 -7872.854
v 12808.91 2907.612 -6846.502
v 10095.36 7025.635 -8285.048
v 11375.53 5703.487 -7600.888
v 12497.45 4326.366 -6680.025
v 13418.36 2907.613 -5558.064
v 10858.87 7025.636 -7255.665
v 12065.73 5703.486 -6449.267
v 13092.08 4326.365 -5422.915
v 13898.47 2907.612 -4216.055
v 11517.71 7025.635 -6156.346
v 12639.82 5703.487 -5235.584
v 13560.52 4326.366 -4113.539
v 14244.85 2907.613 -2833.475
v 12065.73 7025.636 -4997.788
v 13092.08 5703.486 -3971.438
v 13898.47 4326.365 -2764.578
v 14453.93 2907.612 -1423.586
v 12497.45 7025.635 -3791.059
v 13418.36 5703.487 -2669.077
v 14102.47 4326.366 -1388.971
v 14523.92 2907.613 0.002071381
v 12808.91 7025.636 -2547.85
v 13615.31 5703.486 -1340.99
v 14170.76 4326.365 0.0008554459
v 14453.93 2907.612 1423.59
v 12996.91 7025.635 -1280.083
v 13681.24 5703.487 0.0002746582
v 14102.47 4326.366 1388.973
v 14244.85 2907.613 2833.479
v 13059.85 7025.636 0.0005528927
v 13615.31 5703.486 1340.991
v 13898.47 4326.365 2764.579
v 13898.47 2907.612 4216.058
v 12996.91 7025.635 1280.085
v 13418.36 5703.487 2669.077
v 13560.52 4326.366 4113.54
v 13418.36 2907.613 5558.066
v 12808.91 7025.636 2547.851
v 13092.08 5703.486 3971.439
v 13092.08 4326.365 5422.917
v 12808.91 2907.612 6846.507
v 12497.45 7025.635 3791.06
v 12639.82 5703.487 5235.584
v 12497.45 4326.366 6680.025
v 12076.2 2907.613 8069.062
v 12065.73 7025.636 4997.789
v 12065.73 5703.486 6449.266
v 11782.56 4326.365 7872.854
v 11227.1 2907.612 9213.845
v 11517.71 7025.635 6156.346
v 11375.53 5703.487 7600.888
v 10954.1 4326.366 8989.802
v 10269.96 2907.613 10269.97
v 10020.24 4326.365 10020.24
v 8989.799 4326.366 10954.1
v 8679.25 5703.486 10575.7
v 10575.7 5703.486 8679.252
v 9674.095 5703.487 9674.095
v 8285.045 7025.635 10095.36
v 9234.707 7025.636 9234.707
v 7811.119 8280.178 9517.878
v 10095.36 7025.635 8285.048
v 7261.903 9454.915 8848.658
v 8706.455 8280.179 8706.457
v 10858.87 7025.636 7255.665
v 6642.81 10538.67 8094.29
v 9517.876 8280.178 7811.121
v 8094.288 9454.916 8094.29
v 10237.71 8280.179 6840.619
v 5959.69 11520.85 7261.905
v 8848.656 9454.915 7261.906
v 7404.232 10538.67 7404.232
v 10858.87 8280.178 5804.187
v 5219.222 12392.16 6359.643
v 9517.878 9454.916 6359.644
v 8094.289 10538.67 6642.813
v 6642.81 11520.85 6642.812
v 11375.53 8280.179 4711.901
v 4428.449 13144.04 5396.082
v 10095.36 9454.915 5396.083
v 8706.456 10538.67 5817.469
v 7261.904 11520.85 5959.692
v 5817.465 12392.16 5817.468
v 11782.56 8280.178 3574.201
v 10575.7 9454.916 4380.599
v 9234.708 10538.67 4936.055
v 7811.119 11520.85 5219.224
v 6359.641 12392.16 5219.223
v 4936.053 13144.04 4936.054
v 12076.2 8280.179 2402.107
v 10954.1 9454.915 3322.893
v 9674.096 10538.67 4007.142
v 8285.046 11520.85 4428.451
v 6840.617 12392.16 4570.755
v 12253.45 8280.178 1206.861
v 11227.1 9454.916 2233.21
v 10020.24 10538.67 3039.608
v 8679.252 11520.85 3595.064
v 12312.79 8280.179 0.0009441376
v 11391.89 9454.915 1122.004
v 10269.96 10538.67 2042.824
v 12253.45 8280.178 -1206.859
v 11447.05 9454.916 0.0008429289
v 12076.2 8280.179 -2402.105
v 7255.662 12392.16 3878.233
v 8989.8 11520.85 2727.027
v 10420.71 10538.67 1026.35
v 11391.89 9454.915 -1122.002
v 11782.56 8280.178 -3574.199
v 7600.887 12392.16 3148.392
v 9213.845 11520.85 1832.748
v 10471.17 10538.67 0.0006093979
v 11227.1 9454.916 -2233.209
v 11375.53 8280.179 -4711.9
v 7872.853 12392.16 2388.205
v 9349.081 11520.85 920.8049
v 10420.71 10538.67 -1026.349
v 10954.1 9454.915 -3322.891
v 10858.87 8280.178 -5804.186
v 8069.06 12392.16 1605.037
v 9394.354 11520.85 0.0008404255
v 10269.97 10538.67 -2042.823
v 10575.7 9454.916 -4380.598
v 10237.71 8280.179 -6840.619
v 8187.495 12392.16 806.3989
v 9349.081 11520.85 -920.8033
v 10020.24 10538.67 -3039.607
v 10095.36 9454.915 -5396.083
v 9517.879 8280.178 -7811.121
v 8227.141 12392.16 0.001127243
v 9213.847 11520.85 -1832.747
v 9674.098 10538.67 -4007.142
v 9517.879 9454.916 -6359.643
v 8706.458 8280.179 -8706.457
v 8187.495 12392.16 -806.3967
v 8989.802 11520.85 -2727.026
v 9234.71 10538.67 -4936.054
v 8848.658 9454.915 -7261.905
v 7811.122 8280.178 -9517.878
v 8069.06 12392.16 -1605.035
v 8679.252 11520.85 -3595.063
v 8706.458 10538.67 -5817.468
v 8094.291 9454.916 -8094.29
v 6840.619 8280.179 -10237.71
v 7872.854 12392.16 -2388.203
v 8285.049 11520.85 -4428.45
v 8094.292 10538.67 -6642.813
v 7261.907 9454.915 -8848.657
v 5804.187 8280.178 -10858.87
v 7600.888 12392.16 -3148.39
v 7811.123 11520.85 -5219.223
v 7404.233 10538.67 -7404.233
v 6359.644 9454.916 -9517.879
v 4711.901 8280.179 -11375.53
v 7255.665 12392.16 -3878.232
v 7261.907 11520.85 -5959.692
v 6642.813 10538.67 -8094.291
v 5396.083 9454.915 -10095.36
v 3574.201 8280.178 -11782.56
v 6840.62 12392.16 -4570.755
v 6642.813 11520.85 -6642.813
v 5817.469 10538.67 -8706.457
v 4380.599 9454.916 -10575.7
v 2402.107 8280.179 -12076.2
v 6359.644 12392.16 -5219.223
v 5959.693 11520.85 -7261.905
v 4936.056 10538.67 -9234.71
v 3322.893 9454.915 -10954.11
v 1206.861 8280.178 -12253.45
v 5817.469 12392.16 -5817.468
v 5219.225 11520.85 -7811.122
v 4007.143 10538.67 -9674.098
v 2233.21 9454.916 -11227.1
v 0.0007095337 8280.179 -12312.79
v 5219.225 12392.16 -6359.643
v 4428.451 11520.85 -8285.048
v 3039.608 10538.67 -10020.24
v 1122.004 9454.915 -11391.89
v -1206.859 8280.178 -12253.45
v 4570.755 12392.16 -6840.619
v 3595.065 11520.85 -8679.252
v 2042.824 10538.67 -10269.97
v 0.0004842281 9454.916 -11447.05
v -2402.106 8280.179 -12076.2
v 3878.234 12392.16 -7255.664
v 2727.027 11520.85 -8989.803
v 1026.35 10538.67 -10420.71
v -1122.003 9454.915 -11391.89
v -3574.2 8280.178 -11782.56
v 3148.392 12392.16 -7600.888
v 1832.748 11520.85 -9213.847
v 0.0001659393 10538.67 -10471.17
v -2233.209 9454.916 -11227.1
v -4711.9 8280.179 -11375.54
v 2388.205 12392.16 -7872.854
v 920.8045 11520.85 -9349.082
v -1026.35 10538.67 -10420.71
v -3322.892 9454.915 -10954.11
v -5804.187 8280.178 -10858.87
v 1605.036 12392.16 -8069.062
v 0.0002582073 11520.85 -9394.354
v -2042.823 10538.67 -10269.97
v -4380.599 9454.916 -10575.7
v -6840.62 8280.179 -10237.71
v 806.3986 12392.16 -8187.496
v -920.8041 11520.85 -9349.083
v -3039.608 10538.67 -10020.24
v -5396.083 9454.915 -10095.36
v -7811.123 8280.178 -9517.881
v 0.0004863739 12392.16 -8227.143
v -1832.748 11520.85 -9213.847
v -4007.142 10538.67 -9674.098
v -6359.644 9454.916 -9517.88
v -8706.458 8280.179 -8706.459
v -806.3976 12392.16 -8187.498
v -2727.027 11520.85 -8989.803
v -4936.056 10538.67 -9234.711
v -7261.906 9454.915 -8848.658
v -9517.88 8280.178 -7811.123
v -1605.036 12392.16 -8069.062
v -3595.065 11520.85 -8679.254
v -5817.469 10538.67 -8706.459
v -8094.292 9454.916 -8094.292
v -10237.71 8280.179 -6840.62
v -2388.204 12392.16 -7872.856
v -4428.451 11520.85 -8285.05
v -6642.814 10538.67 -8094.292
v -8848.658 9454.915 -7261.907
v -10858.87 8280.178 -5804.187
v -3148.391 12392.16 -7600.891
v -5219.225 11520.85 -7811.123
v -7404.234 10538.67 -7404.234
v -9517.88 9454.916 -6359.644
v -11375.54 8280.179 -4711.901
v -3878.234 12392.16 -7255.666
v -5959.694 11520.85 -7261.908
v -8094.292 10538.67 -6642.814
v -10095.36 9454.915 -5396.083
v -11782.56 8280.178 -3574.201
v -4570.755 12392.16 -6840.621
v -6642.813 11520.85 -6642.814
v -8706.458 10538.67 -5817.47
v -10575.7 9454.916 -4380.599
v -12076.21 8280.179 -2402.106
v -5219.225 12392.16 -6359.644
v -7261.907 11520.85 -5959.694
v -9234.711 10538.67 -4936.056
v -10954.11 9454.915 -3322.893
v -12253.45 8280.178 -1206.86
v -5817.469 12392.16 -5817.469
v -7811.123 11520.85 -5219.226
v -9674.098 10538.67 -4007.144
v -11227.1 9454.916 -2233.21
v -12312.79 8280.179 -0.0009326935
v -6359.644 12392.16 -5219.225
v -8285.049 11520.85 -4428.452
v -10020.25 10538.67 -3039.608
v -11391.89 9454.915 -1122.004
v -12253.45 8280.178 1206.858
v -6840.62 12392.16 -4570.757
v -8679.254 11520.85 -3595.065
v -10269.97 10538.67 -2042.824
v -11447.05 9454.916 -0.00101316
v -12076.2 8280.179 2402.103
v -7255.665 12392.16 -3878.235
v -8989.803 11520.85 -2727.028
v -10420.71 10538.67 -1026.351
v -11391.89 9454.915 1122.001
v -11782.56 8280.178 3574.197
v -7600.891 12392.16 -3148.392
v -9213.847 11520.85 -1832.748
v -10471.17 10538.67 -0.001078606
v -11227.1 9454.916 2233.207
v -11375.53 8280.179 4711.896
v -7872.856 12392.16 -2388.205
v -9349.082 11520.85 -920.8049
v -10420.7 10538.67 1026.348
v -10954.1 9454.915 3322.889
v -10858.87 8280.178 5804.182
v -8069.063 12392.16 -1605.036
v -9394.354 11520.85 -0.001003861
v -10269.96 10538.67 2042.821
v -10575.7 9454.916 4380.594
v -10237.71 8280.179 6840.615
v -8187.498 12392.16 -806.3984
v -9349.081 11520.85 920.8024
v -10020.24 10538.67 3039.605
v -10095.36 9454.915 5396.08
v -9517.878 8280.178 7811.117
v -8227.143 12392.16 -0.0009241105
v -9213.843 11520.85 1832.745
v -9674.095 10538.67 4007.139
v -9517.877 9454.916 6359.639
v -8706.456 8280.179 8706.451
v -8187.493 12392.16 806.3959
v -8989.8 11520.85 2727.024
v -9234.708 10538.67 4936.053
v -8848.657 9454.915 7261.901
v -7811.121 8280.178 9517.875
v -8094.29 9454.916 8094.287
v -7261.905 9454.915 8848.653
v -8706.456 10538.67 5817.465
v -8679.249 11520.85 3595.061
v -8094.29 10538.67 6642.81
v -6642.813 10538.67 8094.287
v -7404.232 10538.67 7404.23
v -8285.046 11520.85 4428.447
v -5959.692 11520.85 7261.902
v -7811.119 11520.85 5219.22
v -6642.812 11520.85 6642.809
v -7261.905 11520.85 5959.688
v -5219.223 12392.16 6359.637
v -5817.467 12392.16 5817.464
v -6359.642 12392.16 5219.22
v -6840.617 12392.16 4570.751
v -7255.661 12392.16 3878.229
v -4428.45 13144.04 5396.079
v -4936.054 13144.04 4936.05
v -5396.081 13144.04 4428.447
v -5804.183 13144.04 3878.229
v -3595.063 13769.43 4380.596
v -4007.141 13769.43 4007.139
v -4380.596 13769.43 3595.062
v -2737.697 14260.45 3335.893
v -3049.095 14260.78 3049.094
v -1918.116 14604.21 2337.23
v -2118.725 14606.88 2118.724
v -1294.079 14779.05 1576.84
v -984.5159 14810.42 1473.432
v 1.859665E-05 14963.65 -7.796288E-05
v -1253.051 14810.42 1253.051
v -3335.893 14260.45 2737.696
v -2337.231 14604.21 1918.115
v -1576.84 14779.05 1294.079
v -1253.051 14810.42 1253.051
v 1.859665E-05 14963.65 -7.796288E-05
v -1473.432 14810.42 984.5156
v -2491.357 14606.88 1664.671
v -3585.355 14260.78 2395.657
v -4711.899 13769.43 3148.389
v -2666.527 14604.21 1425.288
v -3805.893 14260.45 2034.292
v -4997.787 13769.43 2671.371
v -1799.004 14779.05 961.5872
v -1473.432 14810.42 984.5156
v 1.859665E-05 14963.65 -7.796288E-05
v -1637.19 14810.42 678.146
v -2768.247 14606.88 1146.645
v -6156.344 13144.04 3290.633
v -3983.833 14260.78 1650.157
v -5235.582 13769.43 2168.648
v -6449.263 13144.04 2671.371
v -7600.885 12392.16 3148.387
v -7872.85 12392.16 2388.201
v -6680.022 13144.04 2026.36
v -5422.914 13769.43 1645.022
v -4129.635 14260.45 1252.71
v -2893.351 14604.21 877.688
v -8069.058 12392.16 1605.033
v -6846.501 13144.04 1361.852
v -5558.064 13769.43 1105.566
v -1952.033 14779.05 592.1424
v -1637.19 14810.42 678.146
v 1.859665E-05 14963.65 -7.796288E-05
v -1738.031 14810.42 345.7157
v -2938.755 14606.88 584.5544
v -4229.215 14260.78 841.2426
v -6946.993 13144.04 684.2175
v -5639.643 13769.43 555.4553
v -4294.676 14260.45 422.9881
v -3008.984 14604.21 296.3588
v -6980.637 13144.04 -0.0008813739
v -5666.954 13769.43 -0.0008225442
v -2030.046 14779.05 199.9419
v -1738.031 14810.42 345.7157
v 1.859665E-05 14963.65 -7.796288E-05
v -1772.082 14810.42 -0.0001916885
v -2996.329 14606.88 -0.0003569126
v -4312.071 14260.78 -0.00061512
v -6946.996 13144.04 -684.2197
v -5639.645 13769.43 -555.457
v -4294.678 14260.45 -422.9894
v -3008.985 14604.21 -296.3595
v -6846.505 13144.04 -1361.855
v -5558.066 13769.43 -1105.569
v -2030.047 14779.05 -199.9424
v -1772.082 14810.42 -0.0001916885
v 1.859665E-05 14963.65 -7.796288E-05
v -1738.033 14810.42 -345.7163
v -2938.757 14606.88 -584.5552
v -4229.217 14260.78 -841.2437
v -6680.027 13144.04 -2026.365
v -5422.917 13769.43 -1645.024
v -4129.637 14260.45 -1252.712
v -2893.353 14604.21 -877.689
v -6449.268 13144.04 -2671.374
v -5235.585 13769.43 -2168.65
v -1952.035 14779.05 -592.1431
v -1738.033 14810.42 -345.7163
v 1.859665E-05 14963.65 -7.796288E-05
v -1637.191 14810.42 -678.1469
v -2768.249 14606.88 -1146.646
v -3983.836 14260.78 -1650.159
v -6156.348 13144.04 -3290.637
v -4997.79 13769.43 -2671.374
v -3805.896 14260.45 -2034.293
v -2666.529 14604.21 -1425.29
v -5804.187 13144.04 -3878.235
v -4711.901 13769.43 -3148.392
v -1799.005 14779.05 -961.5883
v -1637.191 14810.42 -678.1469
v 1.859665E-05 14963.65 -7.796288E-05
v -1473.433 14810.42 -984.5165
v -2491.358 14606.88 -1664.672
v -3585.358 14260.78 -2395.659
v -5396.083 13144.04 -4428.452
v -4380.599 13769.43 -3595.065
v -3335.895 14260.45 -2737.699
v -2337.232 14604.21 -1918.117
v -4936.056 13144.04 -4936.056
v -4007.142 13769.43 -4007.143
v -1576.841 14779.05 -1294.08
v -1473.433 14810.42 -984.5165
v 1.859665E-05 14963.65 -7.796288E-05
v -1253.052 14810.42 -1253.052
v -2118.726 14606.88 -2118.726
v -3049.095 14260.78 -3049.096
v -4428.451 13144.04 -5396.084
v -3595.064 13769.43 -4380.6
v -2737.698 14260.45 -3335.895
v -1918.117 14604.21 -2337.233
v -3878.234 13144.04 -5804.187
v -3148.392 13769.43 -4711.902
v -1294.08 14779.05 -1576.841
v -1253.052 14810.42 -1253.052
v 1.859665E-05 14963.65 -7.796288E-05
v -984.5165 14810.42 -1473.433
v -1664.672 14606.88 -2491.358
v -2395.659 14260.78 -3585.358
v -3290.636 13144.04 -6156.348
v -2671.374 13769.43 -4997.789
v -2034.293 14260.45 -3805.895
v -1425.29 14604.21 -2666.529
v -2671.374 13144.04 -6449.268
v -2168.65 13769.43 -5235.584
v -961.5881 14779.05 -1799.005
v -984.5165 14810.42 -1473.433
v 1.859665E-05 14963.65 -7.796288E-05
v -678.1467 14810.42 -1637.191
v -1146.646 14606.88 -2768.249
v -1650.158 14260.78 -3983.835
v -2026.364 13144.04 -6680.027
v -1645.024 13769.43 -5422.917
v -1252.711 14260.45 -4129.637
v -877.6887 14604.21 -2893.353
v -1361.854 13144.04 -6846.505
v -1105.568 13769.43 -5558.066
v -592.143 14779.05 -1952.034
v -678.1467 14810.42 -1637.191
v 1.859665E-05 14963.65 -7.796288E-05
v -345.7161 14810.42 -1738.033
v -584.5551 14606.88 -2938.757
v -841.2434 14260.78 -4229.217
v -684.2189 13144.04 -6946.996
v -555.4563 13769.43 -5639.646
v -422.9886 14260.45 -4294.679
v -296.3591 14604.21 -3008.986
v 0.0004953147 13144.04 -6980.637
v 0.0003490448 13769.43 -5666.956
v -199.9422 14779.05 -2030.048
v -345.7161 14810.42 -1738.033
v 1.859665E-05 14963.65 -7.796288E-05
v 9.548664E-05 14810.42 -1772.083
v 0.0001677275 14606.88 -2996.331
v 0.0002392531 14260.78 -4312.072
v 684.2198 13144.04 -6946.995
v 555.4569 13769.43 -5639.646
v 422.9892 14260.45 -4294.679
v 296.3594 14604.21 -3008.986
v 1361.855 13144.04 -6846.505
v 1105.569 13769.43 -5558.066
v 199.9424 14779.05 -2030.047
v 9.548664E-05 14810.42 -1772.083
v 1.859665E-05 14963.65 -7.796288E-05
v 345.7162 14810.42 -1738.032
v 584.5552 14606.88 -2938.757
v 841.2437 14260.78 -4229.217
v 2026.365 13144.04 -6680.027
v 1645.024 13769.43 -5422.917
v 1252.712 14260.45 -4129.636
v 877.689 14604.21 -2893.352
v 2671.374 13144.04 -6449.267
v 2168.65 13769.43 -5235.583
v 592.1431 14779.05 -1952.034
v 345.7162 14810.42 -1738.032
v 1.859665E-05 14963.65 -7.796288E-05
v 678.1467 14810.42 -1637.191
v 1146.646 14606.88 -2768.248
v 1650.159 14260.78 -3983.835
v 3290.637 13144.04 -6156.346
v 2671.374 13769.43 -4997.788
v 2034.293 14260.45 -3805.894
v 1425.289 14604.21 -2666.528
v 3878.234 13144.04 -5804.186
v 3148.392 13769.43 -4711.901
v 961.5881 14779.05 -1799.005
v 678.1467 14810.42 -1637.191
v 1.859665E-05 14963.65 -7.796288E-05
v 984.5163 14810.42 -1473.432
v 1664.672 14606.88 -2491.358
v 2395.659 14260.78 -3585.357
v 4428.451 13144.04 -5396.083
v 3595.064 13769.43 -4380.598
v 2737.698 14260.45 -3335.894
v 1918.116 14604.21 -2337.232
v 4936.056 13144.04 -4936.054
v 4007.142 13769.43 -4007.142
v 1294.08 14779.05 -1576.841
v 984.5163 14810.42 -1473.432
v 1.859665E-05 14963.65 -7.796288E-05
v 1253.052 14810.42 -1253.051
v 2118.726 14606.88 -2118.725
v 3049.095 14260.78 -3049.095
v 5396.083 13144.04 -4428.45
v 4380.598 13769.43 -3595.064
v 3335.895 14260.45 -2737.698
v 2337.232 14604.21 -1918.116
v 5804.187 13144.04 -3878.233
v 4711.901 13769.43 -3148.39
v 1576.841 14779.05 -1294.079
v 1253.052 14810.42 -1253.051
v 1.859665E-05 14963.65 -7.796288E-05
v 1473.432 14810.42 -984.5161
v 2491.358 14606.88 -1664.672
v 3585.357 14260.78 -2395.658
v 6156.347 13144.04 -3290.635
v 4997.789 13769.43 -2671.373
v 3805.894 14260.45 -2034.292
v 2666.528 14604.21 -1425.289
v 6449.267 13144.04 -2671.372
v 5235.584 13769.43 -2168.649
v 1799.005 14779.05 -961.5878
v 1473.432 14810.42 -984.5161
v 1.859665E-05 14963.65 -7.796288E-05
v 1637.191 14810.42 -678.1464
v 2768.248 14606.88 -1146.646
v 3983.835 14260.78 -1650.158
v 6680.024 13144.04 -2026.362
v 5422.917 13769.43 -1645.023
v 4129.636 14260.45 -1252.711
v 2893.351 14604.21 -877.6884
v 6846.503 13144.04 -1361.853
v 5558.065 13769.43 -1105.567
v 1952.034 14779.05 -592.1428
v 1637.191 14810.42 -678.1464
v 1.859665E-05 14963.65 -7.796288E-05
v 1738.032 14810.42 -345.716
v 2938.756 14606.88 -584.5547
v 4229.216 14260.78 -841.2429
v 6946.994 13144.04 -684.2181
v 5639.644 13769.43 -555.4557
v 4294.678 14260.45 -422.9883
v 3008.985 14604.21 -296.3589
v 6980.635 13144.04 0.001095235
v 5666.954 13769.43 0.0007853508
v 2030.047 14779.05 -199.9421
v 1738.032 14810.42 -345.716
v 1.859665E-05 14963.65 -7.796288E-05
v 1772.082 14810.42 7.045269E-05
v 2996.33 14606.88 0.0002077818
v 4312.071 14260.78 0.0004659891
v 6946.993 13144.04 684.2202
v 5639.645 13769.43 555.4572
v 4294.677 14260.45 422.9893
v 3008.985 14604.21 296.3594
v 6846.503 13144.04 1361.855
v 5558.065 13769.43 1105.569
v 2030.047 14779.05 199.9422
v 1772.082 14810.42 7.045269E-05
v 1.859665E-05 14963.65 -7.796288E-05
v 1738.032 14810.42 345.7161
v 2938.756 14606.88 584.5552
v 4229.216 14260.78 841.2437
v 6680.024 13144.04 2026.364
v 5422.916 13769.43 1645.024
v 4129.635 14260.45 1252.712
v 2893.351 14604.21 877.6887
v 6449.265 13144.04 2671.374
v 5235.583 13769.43 2168.65
v 1952.033 14779.05 592.1428
v 1738.032 14810.42 345.7161
v 1.859665E-05 14963.65 -7.796288E-05
v 1637.191 14810.42 678.1464
v 2768.248 14606.88 1146.646
v 3983.834 14260.78 1650.158
v 6156.345 13144.04 3290.637
v 4997.787 13769.43 2671.374
v 3805.893 14260.45 2034.293
v 2666.528 14604.21 1425.289
v 5804.184 13144.04 3878.233
v 4711.898 13769.43 3148.392
v 1799.004 14779.05 961.5876
v 1637.191 14810.42 678.1464
v 1.859665E-05 14963.65 -7.796288E-05
v 1473.432 14810.42 984.5161
v 2491.357 14606.88 1664.672
v 3585.356 14260.78 2395.658
v 5396.081 13144.04 4428.451
v 4380.597 13769.43 3595.064
v 3335.893 14260.45 2737.698
v 2337.231 14604.21 1918.116
v 4007.141 13769.43 4007.142
v 1576.84 14779.05 1294.079
v 1473.432 14810.42 984.5161
v 1.859665E-05 14963.65 -7.796288E-05
v 1253.051 14810.42 1253.051
v 2118.725 14606.88 2118.725
v 3049.094 14260.78 3049.095
v 3595.063 13769.43 4380.598
v 2737.697 14260.45 3335.894
v 2395.657 14260.78 3585.356
v 1918.116 14604.21 2337.231
v 1664.671 14606.88 2491.357
v 1425.288 14604.21 2666.528
v 1294.079 14779.05 1576.841
v 1253.051 14810.42 1253.051
v 1.859665E-05 14963.65 -7.796288E-05
v 984.5157 14810.42 1473.432
v 961.5875 14779.05 1799.004
v 984.5157 14810.42 1473.432
v 678.1461 14810.42 1637.19
v 1.859665E-05 14963.65 -7.796288E-05
vn -0.09407366 0.2808226 -0.9551381
vn 3.22046E-07 0.2571576 -0.9663695
vn 6.284029E-07 0.280824 -0.9597593
vn -0.09472132 0.2571569 -0.9617163
vn -0.1872399 0.2808233 -0.9413179
vn -1.701705E-07 0.1896736 -0.9818472
vn -0.1885292 0.2571578 -0.9478009
vn -0.2786029 0.2808221 -0.9184331
vn -0.09623817 0.1896731 -0.9771194
vn -1.630887E-07 0.09724931 -0.9952601
vn -0.2805215 0.2571571 -0.9247583
vn -0.3672841 0.2808228 -0.8867023
vn -0.09755238 0.09724925 -0.9904677
vn 2.583292E-07 -5.976096E-07 -1
vn -0.1915485 0.1896735 -0.9629814
vn -0.3698136 0.2571574 -0.892809
vn -0.4524278 0.2808217 -0.8464327
vn -0.09801622 0 -0.9951848
vn 4.237924E-07 -0.09724943 -0.9952601
vn -0.2850146 0.1896731 -0.9395695
vn -0.1941649 0.09724946 -0.9761365
vn -0.4555436 0.2571565 -0.852262
vn -0.5332136 0.2808227 -0.7980112
vn -0.09755151 -0.09724947 -0.9904677
vn 3.690152E-07 -0.1936019 -0.9810802
vn -0.3757369 0.1896733 -0.9071085
vn -0.2889083 0.09724924 -0.9524046
vn -0.19509 2.190442E-07 -0.9807854
vn -0.5368857 0.2571573 -0.8035072
vn -0.6088653 0.2808217 -0.7419045
vn -0.09616236 -0.1936021 -0.976356
vn 0 -0.288168 -0.9575799
vn -0.4628392 0.1896734 -0.8659122
vn -0.3808696 0.09724934 -0.9195004
vn -0.2902843 0 -0.9569405
vn -0.1941656 -0.09724995 -0.9761363
vn -0.6130583 0.2571568 -0.747014
vn -0.6786528 0.2808229 -0.6786523
vn -0.09385927 -0.2881675 -0.952969
vn 0 -0.380062 -0.924961
vn -0.5454845 0.1896739 -0.8163764
vn -0.4691615 0.0972496 -0.8777415
vn -0.3826829 0 -0.9238797
vn -0.2889082 -0.09724966 -0.9524046
vn -0.1913996 -0.1936028 -0.9622287
vn -0.09066155 -0.3800612 -0.9205074
vn 3.819698E-07 -0.4684229 -0.8835044
vn -0.186815 -0.2881676 -0.9391803
vn -0.2847919 -0.1936023 -0.9388353
vn -0.3808686 -0.09724939 -0.9195008
vn -0.4713962 1.380922E-07 -0.8819216
vn -0.08659779 -0.4684224 -0.8792504
vn 1.867884E-07 -0.5524096 -0.8335727
vn -0.1804512 -0.3800609 -0.9071885
vn -0.2779703 -0.2881675 -0.9163471
vn -0.3754422 -0.1936024 -0.9064002
vn -0.08170386 -0.5524095 -0.829559
vn 2.09351E-07 -0.6312181 -0.7756054
vn -0.1723631 -0.468423 -0.8665281
vn -0.2685023 -0.3800605 -0.8851331
vn -0.07602268 -0.6312178 -0.7718709
vn 6.106787E-07 -0.7040755 -0.7101251
vn -0.1626219 -0.5524101 -0.8175555
vn -0.06960484 -0.7040754 -0.7067057
vn 3.947394E-07 -0.7702634 -0.6377259
vn -0.4691616 -0.09724919 -0.8777414
vn -0.3664494 -0.2881683 -0.8846886
vn -0.256468 -0.4684225 -0.8454611
vn -0.1513131 -0.6312182 -0.7607023
vn -0.06250809 -0.7702633 -0.6346552
vn 2.508171E-07 -0.82911 -0.5590854
vn -0.4624772 -0.1936025 -0.8652357
vn -0.3539673 -0.3800613 -0.8545528
vn -0.2419734 -0.5524096 -0.7976794
vn -0.1385386 -0.7040756 -0.6964802
vn -0.05480042 -0.8291103 -0.5563929
vn 6.696782E-07 -0.8800206 -0.4749356
vn -0.4513997 -0.288168 -0.8445103
vn -0.3381026 -0.4684229 -0.8162516
vn -0.2251461 -0.6312178 -0.7422084
vn -0.1244143 -0.7702633 -0.6254722
vn -0.0465532 -0.880021 -0.4726478
vn 9.872826E-07 -0.9219706 -0.3872598
vn -0.4360233 -0.3800611 -0.8157434
vn -0.3189942 -0.5524099 -0.7701208
vn -0.206138 -0.7040754 -0.6795476
vn -0.1090725 -0.8291105 -0.5483421
vn -0.03795527 -0.9219858 -0.3853591
vn 1.351684E-06 -0.9539381 -0.3000036
vn -0.4164805 -0.4684227 -0.7791818
vn -0.296811 -0.631218 -0.7165661
vn -0.185122 -0.7702633 -0.6102658
vn -0.09265656 -0.8800206 -0.4658094
vn -0.02941428 -0.9539094 -0.2986498
vn 1.852529E-06 -0.9772208 -0.212225
vn -0.3929434 -0.5524094 -0.7351458
vn -0.2717529 -0.7040756 -0.65607
vn -0.1622935 -0.8291105 -0.5350109
vn -0.07555209 -0.9219704 -0.3798191
vn -0.3656177 -0.6312178 -0.6840232
vn -0.2440469 -0.7702631 -0.5891823
vn -0.1378661 -0.8800209 -0.4544846
vn -0.3347504 -0.7040755 -0.6262746
vn -0.2139521 -0.8291103 -0.5165274
vn -0.3006218 -0.7702632 -0.5624244
vn -0.05852902 -0.953938 -0.2942391
vn -0.1124052 -0.9219854 -0.3705509
vn -0.1817494 -0.8800207 -0.4387833
vn -0.2635505 -0.8291106 -0.4930688
vn -0.0211179 -0.9765178 -0.2143992
vn -0.01504928 -0.9881498 -0.1527527
vn -3.517052E-06 -0.9943002 -0.1066162
vn -1.909173E-07 -1 1.016937E-06
vn -0.02080436 -0.9943001 -0.1045679
vn -0.04140467 -0.9772211 -0.2081454
vn -0.08711281 -0.9539095 -0.2871725
vn -0.1481978 -0.9219703 -0.3577822
vn -0.2238826 -0.8800211 -0.4188549
vn -0.06253794 -0.9765179 -0.2061595
vn -0.1148056 -0.953938 -0.2771677
vn -0.0445567 -0.9881497 -0.1468838
vn -0.02080436 -0.9943001 -0.1045679
vn -1.909173E-07 -1 1.016937E-06
vn -0.04080014 -0.9943001 -0.09850212
vn -0.08121297 -0.9772209 -0.1960709
vn -0.1825362 -0.9219856 -0.3415013
vn -0.1414636 -0.9539092 -0.2646604
vn -0.3106107 -0.8291104 -0.4648622
vn -0.26386 -0.8800206 -0.3948945
vn -0.2151505 -0.9219703 -0.3219953
vn -0.3543015 -0.7702631 -0.5302501
vn -0.3945242 -0.7040755 -0.5904475
vn -0.430903 -0.6312182 -0.6448925
vn -0.4631078 -0.5524098 -0.6930907
vn -0.4908484 -0.4684231 -0.7346072
vn -0.5138806 -0.3800615 -0.7690774
vn -0.5320026 -0.2881685 -0.7961986
vn -0.5450583 -0.1936032 -0.8157385
vn -0.5529361 -0.09724943 -0.827529
vn -0.5555695 2.595197E-07 -0.8314701
vn -0.5529361 0.09724994 -0.8275289
vn -0.6228772 0.1896735 -0.7589782
vn -0.631386 0.09724977 -0.7693467
vn -0.6343929 5.047507E-07 -0.7730108
vn -0.631386 -0.09724936 -0.7693467
vn -0.6223904 -0.193603 -0.7583851
vn -0.6833264 0.2571578 -0.6833263
vn -0.7419041 0.2808227 -0.6088654
vn -0.6942706 0.1896739 -0.694271
vn -0.7470135 0.2571575 -0.6130586
vn -0.7980103 0.2808242 -0.533214
vn -0.7037547 0.09724978 -0.7037555
vn -0.7071064 4.988016E-07 -0.7071072
vn -0.8035066 0.2571579 -0.5368863
vn -0.8464325 0.2808229 -0.4524273
vn -0.7589779 0.1896735 -0.6228775
vn -0.852262 0.2571572 -0.4555433
vn -0.8867021 0.2808234 -0.3672841
vn -0.7693461 0.09724981 -0.6313866
vn -0.8163761 0.1896734 -0.5454852
vn -0.7037548 -0.09724976 -0.7037554
vn -0.8928089 0.2571577 -0.3698136
vn -0.9184329 0.2808225 -0.2786033
vn -0.865912 0.189673 -0.4628396
vn -0.8275284 0.09725031 -0.5529369
vn -0.7730101 4.940367E-07 -0.6343938
vn -0.924758 0.2571574 -0.2805222
vn -0.9413181 0.2808231 -0.1872395
vn -0.9071084 0.1896736 -0.3757369
vn -0.8777409 0.09725001 -0.4691624
vn -0.8314697 5.154681E-07 -0.5555701
vn -0.7693459 -0.09725004 -0.6313868
vn -0.9478008 0.2571581 -0.1885291
vn -0.9551382 0.2808224 -0.09407355
vn -0.9395691 0.189674 -0.2850155
vn -0.9195001 0.09725009 -0.3808702
vn -0.8819212 3.476113E-07 -0.4713968
vn -0.9617162 0.2571574 -0.09472131
vn -0.9597595 0.2808231 -5.883923E-07
vn -0.962981 0.1896748 -0.191549
vn -0.9524042 0.09724978 -0.2889095
vn -0.9663694 0.2571579 -4.087964E-07
vn -0.9551385 0.2808215 0.09407301
vn -0.9771192 0.1896742 -0.09623803
vn -0.9617164 0.2571568 0.09472071
vn -0.9413182 0.2808228 0.1872398
vn -0.8275284 -0.0972501 -0.5529369
vn -0.9238792 1.607118E-07 -0.3826842
vn -0.9761363 0.09724995 -0.1941659
vn -0.981847 0.1896743 -3.15351E-07
vn -0.947801 0.2571576 0.1885292
vn -0.9184331 0.2808214 0.2786036
vn -0.8777409 -0.09724959 -0.4691624
vn -0.9569402 0 -0.2902854
vn -0.9904676 0.09724979 -0.09755234
vn -0.9771193 0.1896742 0.09623763
vn -0.9247581 0.2571571 0.2805223
vn -0.8867024 0.2808224 0.367284
vn -0.9195002 -0.0972496 -0.38087
vn -0.9807852 0 -0.1950907
vn -0.99526 0.09724978 -4.190308E-07
vn -0.9629812 0.1896741 0.1915487
vn -0.892809 0.2571577 0.3698133
vn -0.8464327 0.2808221 0.4524273
vn -0.9524043 -0.09724978 -0.2889091
vn -0.9951847 5.047507E-07 -0.09801712
vn -0.9904676 0.0972498 0.09755215
vn -0.9395692 0.1896735 0.2850152
vn -0.8522621 0.2571572 0.455543
vn -0.7980109 0.2808233 0.5332137
vn -0.9761362 -0.09725007 -0.1941662
vn -1 6.821322E-07 -2.178537E-07
vn -0.9761363 0.09724993 0.1941657
vn -0.9071087 0.1896738 0.3757362
vn -0.8035069 0.2571579 0.536886
vn -0.7419046 0.2808219 0.6088651
vn -0.9904675 -0.09724946 -0.09755309
vn -0.9951848 0 0.09801679
vn -0.9524046 0.09724965 0.2889085
vn -0.8659123 0.1896738 0.4628389
vn -0.7470139 0.257157 0.6130583
vn -0.6786522 0.2808227 0.6786529
vn -0.99526 -0.09724975 0
vn -0.9807853 1.69045E-07 0.1950903
vn -0.9195005 0.0972501 0.3808691
vn -0.8163762 0.1896741 0.5454848
vn -0.6833261 0.2571578 0.6833267
vn -0.6088652 0.2808219 0.7419044
vn -0.9904675 -0.09724995 0.09755266
vn -0.9569405 5.095125E-07 0.2902842
vn -0.8777413 0.09725016 0.4691616
vn -0.7589782 0.1896739 0.6228771
vn -0.6130585 0.2571572 0.7470136
vn -0.5332146 0.2808226 0.7980105
vn -0.9761364 -0.0972499 0.1941654
vn -0.9238798 6.702276E-07 0.3826827
vn -0.8275287 0.0972501 0.5529364
vn -0.6942707 0.1896748 0.6942706
vn -0.5368869 0.2571579 0.8035063
vn -0.452428 0.2808212 0.8464327
vn -0.9524046 -0.09724995 0.2889082
vn -0.8819216 5.130839E-07 0.4713961
vn -0.7693467 0.09724997 0.6313859
vn -0.6228774 0.1896746 0.7589778
vn -0.4555437 0.2571572 0.8522618
vn -0.3672839 0.2808223 0.8867025
vn -0.9195006 -0.09725028 0.3808687
vn -0.8314698 3.416613E-07 0.5555699
vn -0.7037554 0.09725026 0.7037547
vn -0.5454856 0.1896746 0.8163755
vn -0.3698132 0.2571577 0.8928092
vn -0.2786035 0.2808218 0.9184331
vn -0.8777412 -0.09724995 0.4691619
vn -0.7730107 3.392782E-07 0.634393
vn -0.6313865 0.09725042 0.7693461
vn -0.4628395 0.1896742 0.8659118
vn -0.2805218 0.2571568 0.9247583
vn -0.1872397 0.2808231 0.9413181
vn -0.8275286 -0.09724991 0.5529366
vn -0.7071072 -2.464247E-07 0.7071063
vn -0.552937 0.09725038 0.8275282
vn -0.3757362 0.1896742 0.9071085
vn -0.1885296 0.2571577 0.9478009
vn -0.09407294 0.2808222 0.9551383
vn -0.7693465 -0.09724968 0.631386
vn -0.6343936 -2.61899E-07 0.7730102
vn -0.4691622 0.09725 0.877741
vn -0.2850149 0.189674 0.9395692
vn -0.09472113 0.2571576 0.9617162
vn 0 0.2808227 0.9597597
vn -0.7037554 -0.09724998 0.7037548
vn -0.5555704 0 0.8314695
vn -0.3808695 0.09725013 0.9195003
vn -0.1915495 0.1896745 0.962981
vn 0 0.2571583 0.9663693
vn 0.09407294 0.2808214 0.9551385
vn -0.6313866 -0.09725012 0.7693461
vn -0.4713967 1.285686E-07 0.8819213
vn -0.288909 0.09725031 0.9524043
vn -0.09623843 0.1896743 0.9771191
vn 0.0947206 0.2571574 0.9617162
vn 0.1872398 0.2808231 0.9413181
vn -0.5529369 -0.0972503 0.8275284
vn -0.3826836 3.761846E-07 0.9238794
vn -0.1941661 0.09725066 0.9761361
vn 0 0.1896747 0.981847
vn 0.188529 0.2571579 0.9478009
vn 0.2786029 0.2808225 0.918433
vn -0.469162 -0.09725021 0.877741
vn -0.2902854 3.226119E-07 0.9569402
vn -0.09755284 0.09725007 0.9904675
vn 0.09623776 0.1896743 0.9771192
vn 0.2805218 0.2571573 0.9247581
vn 0.3672834 0.280823 0.8867025
vn -0.3808698 -0.09725036 0.9195002
vn -0.1950906 2.071396E-07 0.9807853
vn -1.785642E-07 0.09724992 0.99526
vn 0.1915485 0.1896745 0.9629812
vn 0.3698134 0.2571579 0.892809
vn 0.4524284 0.2808214 0.8464324
vn -0.2889094 -0.09725022 0.9524041
vn -0.09801703 2.976125E-07 0.9951847
vn 0.09755249 0.0972501 0.9904675
vn 0.285015 0.1896741 0.9395692
vn 0.4555438 0.2571572 0.8522618
vn 0.5332141 0.2808229 0.7980108
vn -0.1941661 -0.09725026 0.9761362
vn -3.452326E-07 4.999921E-07 1
vn 0.1941653 0.09725055 0.9761363
vn 0.3757368 0.1896745 0.9071083
vn 0.5368861 0.2571581 0.8035067
vn 0.6088653 0.2808223 0.7419043
vn -0.09755268 -0.09724984 0.9904675
vn 0.09801685 3.91658E-07 0.9951848
vn 0.2889086 0.09725041 0.9524044
vn 0.4628393 0.1896745 0.8659119
vn 0.6130582 0.2571575 0.7470138
vn 0.6786525 0.2808233 0.6786525
vn 0 -0.0972501 0.99526
vn 0.1950901 0 0.9807853
vn 0.3808698 0.0972505 0.9195002
vn 0.5454847 0.1896748 0.8163761
vn 0.6833262 0.2571583 0.6833263
vn 0.7419044 0.2808222 0.6088652
vn 0.0975525 -0.09725038 0.9904675
vn 0.2902845 -1.214259E-07 0.9569404
vn 0.4691617 0.09725039 0.8777412
vn 0.6228769 0.1896746 0.7589782
vn 0.7470137 0.2571577 0.6130583
vn 0.7980107 0.280823 0.5332142
vn 0.1941653 -0.09725048 0.9761363
vn 0.3826835 0 0.9238795
vn 0.5529363 0.09725048 0.8275287
vn 0.6942706 0.1896753 0.6942706
vn 0.8035065 0.2571583 0.5368863
vn 0.8464322 0.2808226 0.4524282
vn 0.2889083 -0.0972501 0.9524046
vn 0.4713963 1.833293E-07 0.8819215
vn 0.6313858 0.0972506 0.7693467
vn 0.7589781 0.189675 0.622877
vn 0.8522615 0.2571578 0.4555439
vn 0.8867018 0.2808244 0.3672839
vn 0.3808696 -0.09725033 0.9195002
vn 0.5555696 2.52377E-07 0.8314701
vn 0.7037549 0.09725077 0.7037551
vn 0.8163756 0.1896751 0.5454854
vn 0.8928088 0.2571584 0.3698134
vn 0.9184328 0.2808231 0.2786031
vn 0.4691621 -0.0972504 0.877741
vn 0.6343929 2.476135E-07 0.7730108
vn 0.7693464 0.0972505 0.6313861
vn 0.8659117 0.1896745 0.4628397
vn 0.924758 0.2571577 0.2805219
vn 0.941318 0.2808241 0.1872384
vn 0.552936 -0.09725064 0.8275289
vn 0.7071067 0 0.7071068
vn 0.8275282 0.09725039 0.552937
vn 0.9071085 0.1896742 0.3757362
vn 0.9478009 0.2571585 0.1885284
vn 0.9551382 0.2808232 0.09407122
vn 0.631386 -0.09725055 0.7693466
vn 0.7730103 0 0.6343935
vn 0.877741 0.09725014 0.4691622
vn 0.9395692 0.1896741 0.2850151
vn 0.9617161 0.2571583 0.09471956
vn 0.9597589 0.2808252 -1.049692E-06
vn 0.7037551 -0.09725074 0.703755
vn 0.8314696 1.714259E-07 0.5555702
vn 0.9195004 0.09725074 0.3808692
vn 0.962981 0.1896753 0.1915488
vn 0.966369 0.2571595 -1.035063E-06
vn 0.9551376 0.2808242 -0.09407355
vn 0.7693461 -0.09725085 0.6313865
vn 0.8819214 0 0.4713966
vn 0.9524043 0.09725075 0.2889088
vn 0.9771191 0.1896754 0.09623702
vn 0.9617158 0.2571584 -0.09472195
vn 0.9413179 0.2808236 -0.1872398
vn 0.8275284 -0.09725054 0.5529369
vn 0.9238796 1.69045E-07 0.3826834
vn 0.9761362 0.09725109 0.1941659
vn 0.9818469 0.1896749 -1.443474E-06
vn 0.9478008 0.257158 -0.1885296
vn 0.918433 0.2808222 -0.2786034
vn 0.877741 -0.09725007 0.4691622
vn 0.9569404 3.368973E-07 0.2902847
vn 0.9904675 0.097251 0.09755164
vn 0.9771191 0.189674 -0.09623983
vn 0.9247581 0.2571571 -0.280522
vn 0.8867024 0.2808225 -0.3672841
vn 0.9195002 -0.09725092 0.3808696
vn 0.9807853 0 0.1950904
vn 0.9952599 0.09725069 -2.042775E-06
vn 0.962981 0.189674 -0.1915498
vn 0.892809 0.2571572 -0.3698137
vn 0.846433 0.2808213 -0.4524274
vn 0.9524043 -0.09725075 0.2889087
vn 0.9951848 3.404686E-07 0.0980164
vn 0.9904673 0.09725005 -0.09755508
vn 0.9395694 0.1896734 -0.2850149
vn 0.8522623 0.2571563 -0.4555433
vn 0.798011 0.2808225 -0.533214
vn 0.9761362 -0.09725074 0.1941657
vn 1 1.019032E-06 -2.039254E-06
vn 0.9761361 0.09724952 -0.1941671
vn 0.9071084 0.1896734 -0.3757369
vn 0.803507 0.2571573 -0.536886
vn 0.7419044 0.2808215 -0.6088653
vn 0.9904675 -0.09725064 0.09755193
vn 0.9951845 6.821277E-07 -0.09802017
vn 0.9524046 0.09724884 -0.2889086
vn 0.8659122 0.1896729 -0.4628394
vn 0.7470138 0.2571567 -0.6130586
vn 0.6786528 0.2808227 -0.6786523
vn 0.9952599 -0.09725051 -1.640411E-06
vn 0.9807848 0 -0.1950924
vn 0.9195004 0.09724941 -0.3808694
vn 0.8163764 0.1896737 -0.5454846
vn 0.6833268 0.2571569 -0.6833263
vn 0.6088657 0.280822 -0.741904
vn 0.9904673 -0.09725005 -0.0975555
vn 0.9569404 -1.714248E-07 -0.2902846
vn 0.8777412 0.09724949 -0.469162
vn 0.7589782 0.1896736 -0.6228772
vn 0.613059 0.2571566 -0.7470134
vn 0.5332144 0.280823 -0.7980106
vn 0.976136 -0.09724966 -0.1941677
vn 0.9238798 4.940398E-07 -0.3826827
vn 0.827529 0.09724936 -0.5529361
vn 0.694271 0.1896738 -0.6942706
vn 0.5368866 0.2571571 -0.8035067
vn 0.4524274 0.2808221 -0.8464328
vn 0.9524046 -0.09724888 -0.2889085
vn 0.8819216 6.797468E-07 -0.4713961
vn 0.7693467 0.09724953 -0.631386
vn 0.622878 0.1896735 -0.7589776
vn 0.4555435 0.2571563 -0.8522621
vn 0.3672839 0.2808233 -0.8867022
vn 0.9195007 -0.09724914 -0.3808688
vn 0.8314701 1.8214E-07 -0.5555696
vn 0.7037554 0.09724998 -0.7037547
vn 0.5454854 0.1896735 -0.8163759
vn 0.3698138 0.2571574 -0.892809
vn 0.2786035 0.2808223 -0.9184329
vn 0.8777413 -0.09724944 -0.4691619
vn 0.7730107 0 -0.634393
vn 0.6313869 0.09724976 -0.7693459
vn 0.4628397 0.1896731 -0.865912
vn 0.2805225 0.2571568 -0.9247581
vn 0.1872395 0.2808234 -0.941318
vn 0.8275287 -0.09724964 -0.5529364
vn 0.7071072 -1.678545E-07 -0.7071064
vn 0.5529369 0.09724982 -0.8275284
vn 0.3757374 0.1896732 -0.9071083
vn 0.1885295 0.2571576 -0.9478009
vn 0.09407359 0.2808228 -0.955138
vn 0.7693465 -0.09724943 -0.6313862
vn 0.6343939 0 -0.77301
vn 0.4691624 0.09724973 -0.8777409
vn 0.2850155 0.1896731 -0.9395692
vn 0.09472149 0.2571572 -0.9617162
vn 6.284029E-07 0.280824 -0.9597593
vn 3.22046E-07 0.2571576 -0.9663695
vn 0.1915496 0.1896738 -0.9629811
vn 0.09623866 0.1896736 -0.9771193
vn -1.701705E-07 0.1896736 -0.9818472
vn 0.3808706 0.0972498 -0.9194999
vn 0.5555702 1.309503E-07 -0.8314696
vn 0.2889091 0.0972494 -0.9524043
vn 0.09755323 0.09724899 -0.9904676
vn -1.630887E-07 0.09724931 -0.9952601
vn 0.1941663 0.0972492 -0.9761363
vn 0.4713969 2.285663E-07 -0.8819212
vn 0.09801748 -6.940322E-07 -0.9951847
vn 2.583292E-07 -5.976096E-07 -1
vn 0.3826843 2.65472E-07 -0.9238792
vn 0.1950908 -5.761813E-07 -0.9807852
vn 0.290285 -1.880911E-07 -0.9569403
vn 0.09755265 -0.09724919 -0.9904676
vn 4.237924E-07 -0.09724943 -0.9952601
vn 0.1941662 -0.09724922 -0.9761363
vn 0.2889087 -0.09724922 -0.9524046
vn 0.38087 -0.0972494 -0.9195002
vn 0.4691627 -0.09724919 -0.8777408
vn 0.09616292 -0.1936018 -0.976356
vn 3.690152E-07 -0.1936019 -0.9810802
vn 0.1913998 -0.1936022 -0.9622288
vn 0.2847926 -0.1936022 -0.9388351
vn 0.3754435 -0.1936026 -0.9063995
vn 0.09385952 -0.2881674 -0.952969
vn 0 -0.288168 -0.9575799
vn 0.1868152 -0.2881678 -0.9391802
vn 0.2779713 -0.2881677 -0.9163467
vn 0.09066214 -0.3800615 -0.9205073
vn 0 -0.380062 -0.924961
vn 0.1804514 -0.3800616 -0.9071882
vn 0.08659872 -0.4684227 -0.8792502
vn 3.819698E-07 -0.4684229 -0.8835044
vn 0.4624781 -0.1936023 -0.8652353
vn 0.3664502 -0.2881681 -0.8846883
vn 0.2685026 -0.380061 -0.8851327
vn 0.1723633 -0.4684233 -0.8665279
vn 0.08170453 -0.5524093 -0.8295591
vn 1.867884E-07 -0.5524096 -0.8335727
vn 0.4513997 -0.2881678 -0.8445103
vn 0.3539675 -0.3800615 -0.8545527
vn 0.2564679 -0.4684229 -0.845461
vn 0.1626222 -0.5524098 -0.8175558
vn 0.07602274 -0.631218 -0.7718707
vn 2.09351E-07 -0.6312181 -0.7756054
vn 0.4360232 -0.3800611 -0.8157434
vn 0.3381026 -0.468423 -0.8162515
vn 0.2419736 -0.5524095 -0.7976795
vn 0.1513131 -0.6312182 -0.7607023
vn 0.06960464 -0.7040753 -0.7067058
vn 6.106787E-07 -0.7040755 -0.7101251
vn 0.4164809 -0.4684226 -0.7791815
vn 0.3189947 -0.5524096 -0.7701207
vn 0.2251468 -0.6312178 -0.7422081
vn 0.1385384 -0.7040758 -0.69648
vn 0.06250814 -0.7702634 -0.634655
vn 3.947394E-07 -0.7702634 -0.6377259
vn 0.3929437 -0.5524095 -0.7351456
vn 0.2968115 -0.6312181 -0.7165658
vn 0.2061389 -0.7040756 -0.6795471
vn 0.1244144 -0.7702634 -0.6254721
vn 0.05480008 -0.8291104 -0.5563928
vn 2.508171E-07 -0.82911 -0.5590854
vn 0.3656179 -0.6312179 -0.6840231
vn 0.2717533 -0.7040757 -0.6560698
vn 0.1851229 -0.7702633 -0.6102654
vn 0.1090727 -0.82911 -0.5483426
vn 0.04655227 -0.8800207 -0.4726482
vn 6.696782E-07 -0.8800206 -0.4749356
vn 0.3347507 -0.7040754 -0.6262745
vn 0.2440476 -0.7702633 -0.5891818
vn 0.162295 -0.8291103 -0.5350107
vn 0.09265616 -0.8800206 -0.4658096
vn 0.03795484 -0.9219857 -0.3853592
vn 9.872826E-07 -0.9219706 -0.3872598
vn 0.300622 -0.7702631 -0.5624244
vn 0.213953 -0.8291101 -0.5165273
vn 0.1378677 -0.8800209 -0.454484
vn 0.07555138 -0.9219707 -0.3798184
vn 0.02941438 -0.9539096 -0.2986492
vn 1.351684E-06 -0.9539381 -0.3000036
vn 0.2635508 -0.8291103 -0.4930691
vn 0.1817503 -0.8800205 -0.4387833
vn 0.1124059 -0.9219856 -0.3705501
vn 0.05852725 -0.9539381 -0.2942392
vn 0.02111655 -0.9765175 -0.2144007
vn 1.852529E-06 -0.9772208 -0.212225
vn 0.04140131 -0.9772207 -0.2081484
vn 0.01504514 -0.9881492 -0.1527574
vn -3.517052E-06 -0.9943002 -0.1066162
vn -1.909173E-07 -1 1.016937E-06
vn 0.02079959 -0.9943002 -0.1045682
vn 0.08711306 -0.9539095 -0.2871726
vn 0.1481988 -0.9219704 -0.3577816
vn 0.06253823 -0.9765176 -0.2061609
vn 0.1148071 -0.9539381 -0.2771668
vn 0.044557 -0.9881495 -0.146885
vn 0.02079959 -0.9943002 -0.1045682
vn -1.909173E-07 -1 1.016937E-06
vn 0.04080063 -0.9943002 -0.09850037
vn 0.08121499 -0.9772207 -0.1960707
vn 0.1825364 -0.9219855 -0.3415014
vn 0.1414639 -0.9539095 -0.2646596
vn 0.1015564 -0.9765176 -0.1899991
vn 0.07235649 -0.9881494 -0.1353709
vn 0.04080063 -0.9943002 -0.09850037
vn -1.909173E-07 -1 1.016937E-06
vn 0.05923339 -0.9943002 -0.08864786
vn 0.1179059 -0.9772208 -0.1764585
vn 0.2238829 -0.8800209 -0.4188553
vn 0.166673 -0.9539379 -0.2494446
vn 0.2151498 -0.9219701 -0.3219964
vn 0.26386 -0.8800205 -0.3948948
vn 0.310611 -0.8291102 -0.4648624
vn 0.3543014 -0.7702631 -0.5302502
vn 0.3945242 -0.7040755 -0.5904476
vn 0.4309035 -0.6312182 -0.6448922
vn 0.4631084 -0.55241 -0.6930901
vn 0.4908487 -0.4684232 -0.7346069
vn 0.513881 -0.3800615 -0.7690771
vn 0.5320029 -0.2881679 -0.7961985
vn 0.5450589 -0.1936026 -0.8157382
vn 0.552937 -0.09724947 -0.8275284
vn 0.631387 -0.09724943 -0.7693459
vn 0.6223914 -0.1936021 -0.7583846
vn 0.6074828 -0.2881674 -0.7402191
vn 0.5867898 -0.3800613 -0.7150043
vn 0.56049 -0.4684227 -0.6829577
vn 0.7037554 -0.09724947 -0.7037548
vn 0.6937288 -0.1936024 -0.693728
vn 0.6771117 -0.288168 -0.6771107
vn 0.6540465 -0.380062 -0.6540459
vn 0.7583853 -0.1936025 -0.6223904
vn 0.7402194 -0.2881678 -0.6074821
vn 0.8157384 -0.193603 -0.5450585
vn 0.6247321 -0.4684228 -0.6247318
vn 0.7150046 -0.3800611 -0.5867895
vn 0.7961987 -0.2881675 -0.5320029
vn 0.8652354 -0.1936026 -0.4624778
vn 0.6829582 -0.4684222 -0.5604897
vn 0.769077 -0.3800612 -0.5138813
vn 0.8445104 -0.2881672 -0.4513999
vn 0.9063999 -0.1936026 -0.3754427
vn 0.7346069 -0.4684231 -0.4908488
vn 0.8157435 -0.3800608 -0.4360233
vn 0.8846885 -0.2881683 -0.3664495
vn 0.9388353 -0.1936021 -0.284792
vn 0.7791818 -0.4684225 -0.4164807
vn 0.854553 -0.3800614 -0.3539668
vn 0.9163468 -0.288168 -0.2779707
vn 0.9622285 -0.1936032 -0.1914005
vn 0.8162519 -0.4684227 -0.338102
vn 0.8851327 -0.3800611 -0.2685027
vn 0.9391801 -0.2881682 -0.186815
vn 0.9763554 -0.1936041 -0.0961647
vn 0.8454611 -0.4684223 -0.2564683
vn 0.9071884 -0.3800611 -0.1804513
vn 0.9529686 -0.2881686 -0.09386019
vn 0.9810795 -0.193605 -1.641523E-06
vn 0.866528 -0.4684229 -0.1723636
vn 0.9205076 -0.3800607 -0.09066257
vn 0.9575796 -0.2881691 -1.915127E-06
vn 0.9763556 -0.1936046 0.0961617
vn 0.8792505 -0.468422 -0.0865993
vn 0.9249613 -0.3800614 -1.654271E-06
vn 0.9529688 -0.2881688 0.09385799
vn 0.9622287 -0.1936039 0.191399
vn 0.8835046 -0.4684224 -1.145909E-06
vn 0.9205076 -0.380061 0.09066088
vn 0.9391801 -0.2881691 0.1868138
vn 0.938835 -0.1936032 0.2847925
vn 0.8792506 -0.4684221 0.08659747
vn 0.9071884 -0.3800618 0.1804501
vn 0.9163468 -0.2881682 0.2779706
vn 0.9063995 -0.1936038 0.3754432
vn 0.8665283 -0.4684228 0.1723625
vn 0.8851327 -0.3800613 0.2685021
vn 0.8846881 -0.2881684 0.3664505
vn 0.8652352 -0.1936037 0.4624777
vn 0.845461 -0.4684227 0.256468
vn 0.8545524 -0.3800617 0.353968
vn 0.8445098 -0.2881688 0.4513999
vn 0.8157379 -0.193604 0.5450589
vn 0.8162514 -0.4684233 0.3381025
vn 0.8157431 -0.3800611 0.4360239
vn 0.7961984 -0.2881688 0.5320027
vn 0.7583849 -0.1936035 0.6223906
vn 0.7791815 -0.4684226 0.4164809
vn 0.7690771 -0.3800618 0.5138807
vn 0.7402195 -0.2881677 0.607482
vn 0.6937282 -0.1936036 0.6937282
vn 0.7346069 -0.4684232 0.4908487
vn 0.7150049 -0.3800616 0.5867889
vn 0.677111 -0.2881683 0.6771113
vn 0.6223903 -0.1936036 0.7583851
vn 0.6829581 -0.468423 0.5604893
vn 0.654046 -0.380062 0.6540464
vn 0.6074819 -0.2881682 0.7402195
vn 0.5450583 -0.1936039 0.8157383
vn 0.6247319 -0.4684231 0.6247318
vn 0.586789 -0.3800611 0.715005
vn 0.5320026 -0.2881684 0.7961985
vn 0.4624778 -0.1936034 0.8652352
vn 0.5604897 -0.4684224 0.6829581
vn 0.5138809 -0.3800613 0.7690773
vn 0.4514 -0.288168 0.84451
vn 0.3754435 -0.1936034 0.9063994
vn 0.4908488 -0.4684229 0.7346069
vn 0.4360236 -0.380061 0.8157433
vn 0.3664502 -0.2881685 0.8846881
vn 0.2847921 -0.1936028 0.9388351
vn 0.4164806 -0.4684227 0.7791817
vn 0.3539674 -0.3800617 0.8545526
vn 0.2779706 -0.2881683 0.9163467
vn 0.1913985 -0.1936031 0.9622289
vn 0.3381023 -0.4684233 0.8162515
vn 0.2685019 -0.3800614 0.8851328
vn 0.1868142 -0.2881685 0.9391801
vn 0.0961627 -0.1936032 0.9763557
vn 0.2564675 -0.4684227 0.8454611
vn 0.1804509 -0.3800618 0.9071882
vn 0.09385917 -0.2881679 0.9529689
vn 5.118598E-07 -0.1936036 0.9810798
vn 0.1723626 -0.4684232 0.866528
vn 0.09066213 -0.3800614 0.9205073
vn 3.523166E-07 -0.2881684 0.9575797
vn -0.09616318 -0.1936033 0.9763557
vn 0.08659868 -0.4684227 0.8792502
vn -1.785184E-07 -0.380062 0.924961
vn -0.09385983 -0.2881683 0.9529687
vn -0.1913999 -0.1936035 0.9622285
vn -3.938692E-07 -0.4684233 0.8835042
vn -0.09066227 -0.3800612 0.9205074
vn -0.186815 -0.2881684 0.9391801
vn -0.2847926 -0.1936029 0.938835
vn -0.0865985 -0.4684229 0.8792501
vn -0.1804511 -0.3800614 0.9071884
vn -0.2779703 -0.2881677 0.916347
vn -0.3754434 -0.193603 0.9063995
vn -0.1723628 -0.4684234 0.8665279
vn -0.2685022 -0.3800613 0.8851327
vn -0.3664502 -0.2881682 0.8846883
vn -0.462478 -0.1936029 0.8652352
vn -0.2564681 -0.4684228 0.8454609
vn -0.3539672 -0.3800619 0.8545526
vn -0.4514003 -0.2881681 0.8445098
vn -0.545059 -0.1936032 0.815738
vn -0.338102 -0.4684233 0.8162516
vn -0.4360234 -0.3800611 0.8157433
vn -0.532003 -0.2881683 0.7961984
vn -0.6223907 -0.1936027 0.758385
vn -0.4164806 -0.4684229 0.7791816
vn -0.5138811 -0.3800614 0.7690771
vn -0.607482 -0.2881678 0.7402195
vn -0.6937285 -0.1936028 0.6937281
vn -0.490849 -0.4684232 0.7346067
vn -0.5867893 -0.3800612 0.7150048
vn -0.6771113 -0.2881682 0.677111
vn -0.7583853 -0.1936029 0.6223903
vn -0.5604898 -0.4684228 0.6829578
vn -0.6540462 -0.3800619 0.6540462
vn -0.7402195 -0.288168 0.607482
vn -0.8157383 -0.1936032 0.5450587
vn -0.6247317 -0.4684233 0.6247319
vn -0.7150049 -0.3800611 0.5867893
vn -0.7961985 -0.2881682 0.5320029
vn -0.8652354 -0.1936029 0.4624775
vn -0.6829583 -0.4684226 0.5604892
vn -0.7690769 -0.3800618 0.513881
vn -0.8445102 -0.2881679 0.4513997
vn -0.9063998 -0.1936032 0.3754424
vn -0.7346069 -0.4684235 0.4908483
vn -0.8157429 -0.3800617 0.4360236
vn -0.8846886 -0.288168 0.3664494
vn -0.9388352 -0.1936028 0.2847919
vn -0.7791812 -0.4684233 0.4164807
vn -0.8545527 -0.3800618 0.353967
vn -0.916347 -0.2881676 0.2779705
vn -0.9622287 -0.193603 0.1913994
vn -0.8162515 -0.4684233 0.3381021
vn -0.885133 -0.3800609 0.268502
vn -0.9391803 -0.2881679 0.1868149
vn -0.9763557 -0.1936031 0.09616283
vn -0.8454612 -0.4684224 0.2564679
vn -0.9071885 -0.3800611 0.1804512
vn -0.9529691 -0.2881674 0.09385904
vn -0.9810798 -0.1936039 1.071335E-07
vn -0.866528 -0.4684229 0.1723632
vn -0.9205076 -0.3800607 0.09066162
vn -0.9575799 -0.288168 0
vn -0.9763556 -0.1936036 -0.09616319
vn -0.8792502 -0.4684228 0.08659799
vn -0.9249613 -0.3800613 -3.225232E-07
vn -0.9529688 -0.288168 -0.09385932
vn -0.9622285 -0.1936037 -0.1914
vn -0.8835042 -0.4684233 -4.200479E-07
vn -0.9205075 -0.380061 -0.09066171
vn -0.9391801 -0.2881679 -0.1868154
vn -0.938835 -0.193603 -0.2847925
vn -0.87925 -0.468423 -0.08659817
vn -0.9071884 -0.380061 -0.1804514
vn -0.9163469 -0.2881677 -0.2779706
vn -0.9063998 -0.1936027 -0.3754429
vn -0.8665279 -0.4684233 -0.172363
vn -0.8851331 -0.3800604 -0.2685023
vn -0.8846883 -0.2881685 -0.3664499
vn -0.8652352 -0.1936027 -0.4624781
vn -0.8454611 -0.4684225 -0.256468
vn -0.8545526 -0.3800614 -0.3539678
vn -0.8445098 -0.2881684 -0.4514003
vn -0.8157379 -0.1936034 -0.545059
vn -0.8162516 -0.4684229 -0.3381027
vn -0.815743 -0.3800609 -0.4360241
vn -0.7961985 -0.2881683 -0.5320028
vn -0.7583849 -0.1936031 -0.6223907
vn -0.7791816 -0.4684223 -0.4164812
vn -0.7690773 -0.3800613 -0.5138809
vn -0.7402192 -0.2881679 -0.6074823
vn -0.6937281 -0.1936032 -0.6937284
vn -0.6771108 -0.2881686 -0.6771113
vn -0.6074821 -0.2881682 -0.7402192
vn -0.5867894 -0.3800612 -0.7150046
vn -0.7150046 -0.3800611 -0.5867896
vn -0.654046 -0.3800618 -0.6540465
vn -0.5604897 -0.4684224 -0.6829581
vn -0.624732 -0.4684228 -0.624732
vn -0.5288132 -0.5524094 -0.6443604
vn -0.6829579 -0.4684227 -0.5604897
vn -0.4920388 -0.6312183 -0.599551
vn -0.589425 -0.5524098 -0.5894247
vn -0.7346069 -0.4684231 -0.4908488
vn -0.4504987 -0.7040755 -0.5489342
vn -0.6443603 -0.5524094 -0.5288134
vn -0.5484354 -0.6312186 -0.5484356
vn -0.6930902 -0.5524098 -0.4631084
vn -0.4045691 -0.7702631 -0.4929692
vn -0.5995508 -0.631218 -0.4920393
vn -0.5021341 -0.7040756 -0.5021345
vn -0.7351457 -0.5524094 -0.3929436
vn -0.3546794 -0.8291106 -0.4321784
vn -0.6448921 -0.6312181 -0.4309035
vn -0.5489337 -0.7040755 -0.4504991
vn -0.4509403 -0.7702631 -0.4509408
vn -0.7701207 -0.5524098 -0.3189945
vn -0.3012955 -0.880021 -0.3671296
vn -0.6840228 -0.6312181 -0.3656178
vn -0.5904472 -0.7040757 -0.3945245
vn -0.4929686 -0.7702633 -0.4045694
vn -0.3953326 -0.8291104 -0.3953328
vn -0.7976796 -0.5524094 -0.2419734
vn -0.7165657 -0.6312184 -0.2968113
vn -0.6262744 -0.7040755 -0.3347507
vn -0.5302498 -0.7702633 -0.3543017
vn -0.4321781 -0.8291107 -0.3546794
vn -0.3358303 -0.8800206 -0.3358301
vn -0.8175559 -0.5524097 -0.1626218
vn -0.7422083 -0.6312178 -0.2251464
vn -0.65607 -0.7040756 -0.271753
vn -0.5624239 -0.7702633 -0.3006222
vn -0.4648622 -0.8291104 -0.3106109
vn -0.8295591 -0.5524094 -0.08170433
vn -0.7607024 -0.6312181 -0.1513133
vn -0.6795475 -0.7040754 -0.2061385
vn -0.5891823 -0.7702631 -0.2440473
vn -0.8335725 -0.55241 -2.010653E-07
vn -0.7718709 -0.6312178 -0.07602271
vn -0.6964799 -0.7040757 -0.1385389
vn -0.829559 -0.5524096 0.08170376
vn -0.7756055 -0.631218 0
vn -0.8175557 -0.5524099 0.162622
vn -0.4930684 -0.8291106 -0.2635512
vn -0.610266 -0.770263 -0.1851225
vn -0.7067056 -0.7040756 -0.06960456
vn -0.771871 -0.6312178 0.07602223
vn -0.7976797 -0.5524092 0.2419736
vn -0.5165271 -0.8291104 -0.2139527
vn -0.6254725 -0.7702631 -0.1244147
vn -0.710125 -0.7040756 1.189248E-07
vn -0.7607023 -0.6312182 0.1513132
vn -0.770121 -0.5524097 0.318994
vn -0.5350107 -0.8291106 -0.1622938
vn -0.6346551 -0.7702634 -0.06250794
vn -0.7067057 -0.7040755 0.06960419
vn -0.7422082 -0.631218 0.2251465
vn -0.7351457 -0.5524095 0.3929433
vn -0.5483422 -0.8291104 -0.1090722
vn -0.6377258 -0.7702634 1.254367E-07
vn -0.6964802 -0.7040756 0.1385384
vn -0.716566 -0.6312181 0.2968112
vn -0.6930904 -0.55241 0.4631078
vn -0.5563926 -0.8291106 -0.0547995
vn -0.6346552 -0.7702634 0.06250767
vn -0.6795474 -0.7040754 0.2061384
vn -0.684023 -0.6312178 0.3656181
vn -0.6443605 -0.5524098 0.5288128
vn -0.5590849 -0.8291104 -1.236255E-07
vn -0.6254724 -0.7702633 0.1244138
vn -0.65607 -0.7040756 0.2717532
vn -0.6448922 -0.6312182 0.4309033
vn -0.5894248 -0.5524099 0.5894248
vn -0.5563925 -0.8291107 0.05479946
vn -0.6102656 -0.7702635 0.1851221
vn -0.6262744 -0.7040754 0.3347509
vn -0.5995511 -0.6312181 0.4920388
vn -0.5288134 -0.5524094 0.6443603
vn -0.5483421 -0.8291106 0.1090715
vn -0.5891821 -0.7702633 0.2440472
vn -0.5904474 -0.7040756 0.3945244
vn -0.5484358 -0.6312183 0.5484357
vn -0.4631085 -0.5524101 0.6930899
vn -0.5350103 -0.8291108 0.1622935
vn -0.5624242 -0.7702632 0.3006219
vn -0.5489343 -0.7040751 0.4504989
vn -0.4920389 -0.631218 0.5995511
vn -0.3929435 -0.5524098 0.7351454
vn -0.5165271 -0.8291105 0.2139525
vn -0.53025 -0.7702631 0.3543017
vn -0.5021344 -0.7040753 0.5021345
vn -0.4309034 -0.6312183 0.644892
vn -0.3189941 -0.5524102 0.7701206
vn -0.4930688 -0.8291107 0.26355
vn -0.4929692 -0.770263 0.4045693
vn -0.4504987 -0.7040755 0.5489342
vn -0.3656183 -0.6312181 0.6840225
vn -0.2419734 -0.5524098 0.7976793
vn -0.4648622 -0.8291104 0.3106106
vn -0.4509405 -0.7702631 0.4509407
vn -0.3945243 -0.7040758 0.5904472
vn -0.2968112 -0.6312184 0.7165657
vn -0.1626217 -0.5524102 0.8175556
vn -0.4321781 -0.8291107 0.3546795
vn -0.404569 -0.7702631 0.4929692
vn -0.3347507 -0.7040757 0.6262742
vn -0.2251463 -0.6312181 0.7422081
vn -0.08170452 -0.5524096 0.8295589
vn -0.3953327 -0.8291105 0.3953327
vn -0.3543016 -0.7702631 0.5302501
vn -0.2717532 -0.7040758 0.6560697
vn -0.1513132 -0.6312183 0.7607022
vn -2.201011E-07 -0.5524099 0.8335726
vn -0.3546796 -0.8291105 0.4321784
vn -0.3006219 -0.7702633 0.5624241
vn -0.2061384 -0.7040754 0.6795475
vn -0.07602251 -0.631218 0.7718707
vn 0.08170449 -0.5524096 0.829559
vn -0.3106109 -0.8291104 0.464862
vn -0.2440474 -0.7702633 0.589182
vn -0.1385385 -0.7040756 0.6964802
vn 0 -0.6312183 0.7756052
vn 0.1626213 -0.5524102 0.8175557
vn -0.2635507 -0.8291107 0.4930685
vn -0.1851225 -0.770263 0.610266
vn -0.06960414 -0.7040754 0.7067057
vn 0.07602229 -0.631218 0.7718707
vn 0.2419733 -0.5524098 0.7976793
vn -0.2139529 -0.8291103 0.5165271
vn -0.1244141 -0.770263 0.6254727
vn -2.461742E-07 -0.7040755 0.7101251
vn 0.1513128 -0.6312183 0.7607023
vn 0.3189943 -0.5524101 0.7701206
vn -0.1622941 -0.8291103 0.5350109
vn -0.06250789 -0.7702631 0.6346554
vn 0.06960379 -0.7040752 0.706706
vn 0.2251464 -0.6312181 0.7422081
vn 0.392943 -0.5524096 0.7351459
vn -0.109072 -0.8291101 0.5483426
vn -5.433611E-07 -0.770263 0.6377264
vn 0.1385387 -0.7040753 0.6964805
vn 0.2968112 -0.6312183 0.7165658
vn 0.463108 -0.55241 0.6930903
vn -0.05479968 -0.8291104 0.5563928
vn 0.06250761 -0.7702628 0.6346558
vn 0.2061386 -0.7040752 0.6795476
vn 0.3656175 -0.6312181 0.684023
vn 0.5288131 -0.5524096 0.6443604
vn -4.564634E-07 -0.8291101 0.5590853
vn 0.1244145 -0.7702629 0.6254727
vn 0.2717527 -0.7040756 0.6560702
vn 0.430903 -0.6312184 0.6448922
vn 0.589425 -0.5524099 0.5894247
vn 0.05479953 -0.8291104 0.5563927
vn 0.1851223 -0.770263 0.6102661
vn 0.3347504 -0.7040755 0.6262746
vn 0.4920385 -0.6312183 0.5995511
vn 0.6443605 -0.5524094 0.5288132
vn 0.1090721 -0.8291103 0.5483425
vn 0.2440472 -0.7702631 0.5891823
vn 0.3945243 -0.7040756 0.5904474
vn 0.5484354 -0.6312186 0.5484357
vn 0.6930902 -0.55241 0.4631081
vn 0.1622937 -0.8291105 0.5350108
vn 0.300622 -0.7702631 0.5624244
vn 0.4504988 -0.7040753 0.5489342
vn 0.5995511 -0.631218 0.4920389
vn 0.7351457 -0.5524096 0.3929432
vn 0.2139525 -0.8291104 0.5165271
vn 0.3543014 -0.7702631 0.5302503
vn 0.5021341 -0.7040755 0.5021345
vn 0.6448922 -0.6312183 0.4309032
vn 0.7701207 -0.5524099 0.3189943
vn 0.2635508 -0.8291106 0.4930685
vn 0.4045691 -0.7702632 0.492969
vn 0.5489342 -0.7040753 0.4504989
vn 0.6840227 -0.6312183 0.3656177
vn 0.7976792 -0.5524098 0.2419737
vn 0.3106109 -0.8291104 0.4648621
vn 0.4509406 -0.770263 0.4509407
vn 0.5904475 -0.7040755 0.3945243
vn 0.7165657 -0.6312184 0.2968114
vn 0.8175558 -0.5524098 0.162622
vn 0.3546793 -0.8291107 0.4321783
vn 0.4929687 -0.7702632 0.4045694
vn 0.6262743 -0.7040756 0.3347505
vn 0.7422081 -0.631218 0.2251465
vn 0.8295596 -0.5524088 0.08170376
vn 0.3953327 -0.8291105 0.3953327
vn 0.5302501 -0.770263 0.3543017
vn 0.6560698 -0.7040756 0.2717533
vn 0.760702 -0.6312185 0.1513133
vn 0.8335731 -0.5524091 -1.03626E-06
vn 0.4321782 -0.8291106 0.3546795
vn 0.5624244 -0.7702631 0.3006219
vn 0.6795474 -0.7040755 0.2061385
vn 0.7718705 -0.6312183 0.07602239
vn 0.8295591 -0.5524091 -0.08170552
vn 0.4648621 -0.8291103 0.3106111
vn 0.5891821 -0.7702631 0.2440474
vn 0.69648 -0.7040758 0.1385382
vn 0.7756051 -0.6312184 -9.200738E-07
vn 0.8175558 -0.5524097 -0.1626225
vn 0.4930687 -0.8291105 0.2635509
vn 0.6102659 -0.7702631 0.1851225
vn 0.7067054 -0.7040758 0.06960407
vn 0.7718705 -0.6312181 -0.07602369
vn 0.7976797 -0.5524091 -0.2419736
vn 0.5165271 -0.8291104 0.2139526
vn 0.6254727 -0.770263 0.124414
vn 0.7101246 -0.704076 -6.05327E-07
vn 0.7607023 -0.6312181 -0.1513136
vn 0.7701209 -0.5524096 -0.3189942
vn 0.5350107 -0.8291105 0.1622939
vn 0.6346555 -0.7702631 0.0625076
vn 0.7067055 -0.7040756 -0.06960533
vn 0.7422083 -0.6312178 -0.2251464
vn 0.7351459 -0.5524094 -0.3929433
vn 0.5483422 -0.8291105 0.1090719
vn 0.6377261 -0.7702633 -6.034044E-07
vn 0.6964801 -0.7040756 -0.138539
vn 0.716566 -0.6312178 -0.2968116
vn 0.6930905 -0.5524098 -0.4631079
vn 0.5563928 -0.8291105 0.05479925
vn 0.6346551 -0.7702633 -0.06250902
vn 0.6795474 -0.7040754 -0.2061387
vn 0.6840232 -0.6312176 -0.3656182
vn 0.6443608 -0.5524093 -0.528813
vn 0.5590852 -0.8291102 -9.592862E-07
vn 0.6254721 -0.7702633 -0.1244149
vn 0.65607 -0.7040756 -0.2717532
vn 0.6448924 -0.6312181 -0.4309031
vn 0.5894253 -0.5524094 -0.5894249
vn 0.5563923 -0.8291106 -0.0548011
vn 0.6102654 -0.7702634 -0.1851228
vn 0.6262746 -0.7040753 -0.3347507
vn 0.5995513 -0.631218 -0.4920388
vn 0.5288137 -0.5524092 -0.6443603
vn 0.5484359 -0.6312181 -0.5484358
vn 0.492039 -0.631218 -0.599551
vn 0.5904474 -0.7040756 -0.3945243
vn 0.5891818 -0.7702634 -0.2440472
vn 0.5489342 -0.7040756 -0.4504985
vn 0.4504986 -0.7040753 -0.5489343
vn 0.5021342 -0.7040756 -0.5021342
vn 0.5624241 -0.7702635 -0.3006214
vn 0.4045689 -0.7702632 -0.4929692
vn 0.5302498 -0.7702635 -0.3543011
vn 0.4509405 -0.7702633 -0.4509402
vn 0.4929689 -0.7702636 -0.4045686
vn 0.3546794 -0.8291105 -0.4321786
vn 0.3953327 -0.8291105 -0.3953327
vn 0.4321784 -0.8291107 -0.3546792
vn 0.464862 -0.8291105 -0.3106109
vn 0.4930688 -0.8291106 -0.2635506
vn 0.3012959 -0.8800209 -0.3671295
vn 0.3358304 -0.8800206 -0.3358299
vn 0.3671299 -0.8800209 -0.3012955
vn 0.3948945 -0.8800206 -0.2638603
vn 0.2456531 -0.9219853 -0.2993287
vn 0.273835 -0.9219704 -0.273834
vn 0.2993289 -0.9219854 -0.2456526
vn 0.1903783 -0.9539093 -0.2319766
vn 0.2121351 -0.9539379 -0.2121347
vn 0.136672 -0.9765177 -0.1665348
vn 0.1500659 -0.9772208 -0.1500657
vn 0.09737556 -0.9881497 -0.1186517
vn 0.05923339 -0.9943002 -0.08864786
vn -1.909173E-07 -1 1.016937E-06
vn 0.07538982 -0.9943001 -0.07538968
vn 0.2319766 -0.9539092 -0.1903791
vn 0.1665353 -0.9765176 -0.1366727
vn 0.1186525 -0.9881496 -0.09737515
vn 0.07538982 -0.9943001 -0.07538968
vn -1.909173E-07 -1 1.016937E-06
vn 0.08864901 -0.9943001 -0.05923294
vn 0.1764587 -0.9772208 -0.1179056
vn 0.2494443 -0.9539378 -0.1666736
vn 0.3219956 -0.9219702 -0.2151506
vn 0.1899988 -0.9765177 -0.1015557
vn 0.26466 -0.9539092 -0.1414644
vn 0.3415016 -0.9219853 -0.1825369
vn 0.1353697 -0.9881497 -0.07235489
vn 0.08864901 -0.9943001 -0.05923294
vn -1.909173E-07 -1 1.016937E-06
vn 0.0985015 -0.9943001 -0.04080103
vn 0.1960704 -0.9772208 -0.08121441
vn 0.4188553 -0.8800209 -0.2238827
vn 0.2771677 -0.9539378 -0.1148072
vn 0.3577823 -0.9219702 -0.1481983
vn 0.4387834 -0.8800205 -0.1817499
vn 0.5165271 -0.8291103 -0.2139527
vn 0.5350103 -0.8291107 -0.1622942
vn 0.4544846 -0.8800209 -0.1378662
vn 0.370551 -0.9219854 -0.1124045
vn 0.2871731 -0.9539095 -0.08711156
vn 0.2061606 -0.9765177 -0.06253753
vn 0.5483419 -0.8291106 -0.1090728
vn 0.4658097 -0.8800206 -0.09265602
vn 0.3798195 -0.9219702 -0.07555123
vn 0.1468846 -0.9881495 -0.04455798
vn 0.0985015 -0.9943001 -0.04080103
vn -1.909173E-07 -1 1.016937E-06
vn 0.1045697 -0.9943002 -0.0207918
vn 0.2081473 -0.9772208 -0.04140086
vn 0.2942395 -0.9539381 -0.05852664
vn 0.4726478 -0.880021 -0.04655341
vn 0.3853597 -0.9219855 -0.03795607
vn 0.2986496 -0.9539095 -0.02941381
vn 0.2143994 -0.9765179 -0.02111281
vn 0.4749353 -0.8800207 -1.31024E-06
vn 0.3872601 -0.9219705 -1.046686E-06
vn 0.1527545 -0.9881498 -0.01503647
vn 0.1045697 -0.9943002 -0.0207918
vn -1.909173E-07 -1 1.016937E-06
vn 0.1066172 -0.9943001 8.343572E-06
vn 0.2122243 -0.977221 -4.766065E-06
vn 0.3000039 -0.953938 -9.710868E-07
vn 0.4726476 -0.8800212 0.046551
vn 0.3853596 -0.9219856 0.03795382
vn 0.2986498 -0.9539095 0.02941297
vn 0.2143987 -0.976518 0.02111428
vn 0.4658095 -0.8800208 0.0926552
vn 0.3798193 -0.9219704 0.07555043
vn 0.152752 -0.9881501 0.0150431
vn 0.1066172 -0.9943001 8.343572E-06
vn -1.909173E-07 -1 1.016937E-06
vn 0.1045673 -0.9943002 0.02080116
vn 0.2081458 -0.9772211 0.04140274
vn 0.2942396 -0.9539379 0.05852778
vn 0.4544842 -0.8800211 0.1378659
vn 0.3705507 -0.9219855 0.1124052
vn 0.2871727 -0.9539094 0.08711319
vn 0.2061587 -0.9765181 0.06253717
vn 0.4387829 -0.8800207 0.1817503
vn 0.3577817 -0.9219703 0.1481992
vn 0.146881 -0.9881502 0.04455538
vn 0.1045673 -0.9943002 0.02080116
vn -1.909173E-07 -1 1.016937E-06
vn 0.0985009 -0.9943001 0.04080154
vn 0.196069 -0.9772211 0.08121473
vn 0.2771675 -0.9539378 0.1148077
vn 0.4188549 -0.880021 0.2238831
vn 0.3415014 -0.9219854 0.1825365
vn 0.2646601 -0.9539092 0.1414643
vn 0.1899969 -0.9765181 0.1015558
vn 0.3948943 -0.8800209 0.2638595
vn 0.3219954 -0.9219705 0.2151493
vn 0.1353664 -0.9881502 0.07235426
vn 0.0985009 -0.9943001 0.04080154
vn -1.909173E-07 -1 1.016937E-06
vn 0.08864847 -0.9943002 0.05923305
vn 0.1764574 -0.9772213 0.1179041
vn 0.2494444 -0.9539381 0.1666724
vn 0.3671295 -0.880021 0.3012953
vn 0.2993286 -0.9219856 0.2456523
vn 0.2319764 -0.9539095 0.190378
vn 0.1665336 -0.9765183 0.1366697
vn 0.33583 -0.8800208 0.3358298
vn 0.2738347 -0.9219705 0.2738339
vn 0.1186496 -0.9881504 0.09737097
vn 0.08864847 -0.9943002 0.05923305
vn -1.909173E-07 -1 1.016937E-06
vn 0.07538932 -0.9943002 0.07538945
vn 0.1500646 -0.9772213 0.150064
vn 0.2121349 -0.9539379 0.2121348
vn 0.3012955 -0.8800212 0.3671291
vn 0.2456526 -0.9219855 0.2993284
vn 0.1903781 -0.9539094 0.2319766
vn 0.1366706 -0.976518 0.1665344
vn 0.2638599 -0.8800208 0.3948942
vn 0.2151501 -0.9219704 0.3219953
vn 0.09737315 -0.98815 0.1186507
vn 0.07538932 -0.9943002 0.07538945
vn -1.909173E-07 -1 1.016937E-06
vn 0.0592365 -0.9943002 0.08864605
vn 0.117905 -0.977221 0.1764584
vn 0.1666731 -0.9539379 0.2494445
vn 0.2238825 -0.8800212 0.4188547
vn 0.182536 -0.9219856 0.3415013
vn 0.1414635 -0.9539094 0.2646601
vn 0.1015568 -0.9765182 0.189996
vn 0.1817497 -0.8800209 0.4387826
vn 0.1481979 -0.9219705 0.3577817
vn 0.07235888 -0.9881503 0.1353632
vn 0.0592365 -0.9943002 0.08864605
vn -1.909173E-07 -1 1.016937E-06
vn 0.04080404 -0.9943004 0.09849734
vn 0.08121462 -0.9772211 0.1960693
vn 0.1148065 -0.9539378 0.2771679
vn 0.137866 -0.8800212 0.4544838
vn 0.1124051 -0.9219856 0.3705505
vn 0.08711273 -0.9539093 0.2871732
vn 0.0625376 -0.9765179 0.2061598
vn 0.0926553 -0.8800208 0.4658094
vn 0.07555095 -0.9219704 0.3798193
vn 0.04455628 -0.9881499 0.1468824
vn 0.04080404 -0.9943004 0.09849734
vn -1.909173E-07 -1 1.016937E-06
vn 0.02079726 -0.9943002 0.1045683
vn 0.04140284 -0.977221 0.2081465
vn 0.05852793 -0.9539378 0.2942399
vn 0.0465517 -0.8800212 0.4726475
vn 0.03795475 -0.9219855 0.3853597
vn 0.02941452 -0.9539092 0.2986503
vn 0.02111558 -0.9765179 0.2143987
vn -2.715553E-07 -0.8800208 0.4749351
vn -1.069259E-07 -0.9219705 0.3872601
vn 0.01504198 -0.98815 0.1527524
vn 0.02079726 -0.9943002 0.1045683
vn -1.909173E-07 -1 1.016937E-06
vn -2.667298E-06 -0.9943001 0.1066172
vn 0 -0.9772213 0.2122231
vn 0 -0.9539379 0.300004
vn -0.0465517 -0.8800211 0.4726476
vn -0.03795458 -0.9219856 0.3853594
vn -0.0294142 -0.9539093 0.2986499
vn -0.02111631 -0.9765181 0.214398
vn -0.09265523 -0.8800207 0.4658097
vn -0.07555088 -0.9219704 0.3798191
vn -0.01504475 -0.9881502 0.1527506
vn -2.667298E-06 -0.9943001 0.1066172
vn -1.909173E-07 -1 1.016937E-06
vn -0.02080036 -0.9943001 0.1045688
vn -0.0414048 -0.9772213 0.208145
vn -0.0585288 -0.9539381 0.2942391
vn -0.1378664 -0.8800209 0.4544846
vn -0.1124054 -0.9219854 0.3705507
vn -0.08711316 -0.9539095 0.2871724
vn -0.06253786 -0.976518 0.2061591
vn -0.1817501 -0.8800207 0.4387829
vn -0.1481982 -0.9219703 0.3577821
vn -0.04455641 -0.9881499 0.1468828
vn -0.02080036 -0.9943001 0.1045688
vn -1.909173E-07 -1 1.016937E-06
vn -0.04080011 -0.9943 0.09850308
vn -0.08121281 -0.9772209 0.1960708
vn -0.1148059 -0.9539377 0.2771685
vn -0.2238829 -0.8800213 0.4188544
vn -0.1825363 -0.9219857 0.341501
vn -0.1414637 -0.9539091 0.2646609
vn -0.1015556 -0.9765179 0.1899978
vn -0.2638601 -0.8800209 0.3948937
vn -0.2151503 -0.9219705 0.3219947
vn -0.07235509 -0.9881501 0.1353666
vn -0.04080011 -0.9943 0.09850308
vn -1.909173E-07 -1 1.016937E-06
vn -0.05923354 -0.9943002 0.0886476
vn -0.1179067 -0.9772212 0.1764562
vn -0.1666737 -0.953938 0.2494437
vn -0.3012958 -0.8800212 0.3671288
vn -0.2456528 -0.9219857 0.2993277
vn -0.190378 -0.9539096 0.2319754
vn -0.1366711 -0.9765183 0.1665327
vn -0.3358302 -0.8800208 0.3358295
vn -0.2738346 -0.9219704 0.2738341
vn -0.0973743 -0.9881502 0.1186485
vn -0.05923354 -0.9943002 0.0886476
vn -1.909173E-07 -1 1.016937E-06
vn -0.07538919 -0.9943002 0.07538846
vn -0.1500635 -0.9772212 0.1500657
vn -0.2121342 -0.9539381 0.212135
vn -0.3671296 -0.8800211 0.301295
vn -0.2993287 -0.9219855 0.2456525
vn -0.2319764 -0.9539092 0.1903787
vn -0.1665339 -0.976518 0.1366713
vn -0.3948945 -0.8800208 0.2638593
vn -0.3219956 -0.9219705 0.2151491
vn -0.11865 -0.98815 0.09737378
vn -0.07538919 -0.9943002 0.07538846
vn -1.909173E-07 -1 1.016937E-06
vn -0.08864857 -0.9943001 0.05923443
vn -0.1764577 -0.9772213 0.1179039
vn -0.2494445 -0.953938 0.1666724
vn -0.4188549 -0.8800211 0.2238825
vn -0.3415015 -0.9219854 0.1825366
vn -0.2646603 -0.9539092 0.1414641
vn -0.1899973 -0.9765182 0.1015543
vn -0.4387831 -0.8800207 0.18175
vn -0.3577819 -0.9219703 0.1481984
vn -0.1353669 -0.9881503 0.07235226
vn -0.08864857 -0.9943001 0.05923443
vn -1.909173E-07 -1 1.016937E-06
vn -0.09850102 -0.9943002 0.0408005
vn -0.1960693 -0.9772211 0.08121514
vn -0.2771675 -0.9539378 0.1148072
vn -0.4544843 -0.880021 0.1378655
vn -0.3705509 -0.9219855 0.1124047
vn -0.2871729 -0.9539095 0.08711217
vn -0.206159 -0.976518 0.06253817
vn -0.4658095 -0.8800207 0.09265504
vn -0.3798195 -0.9219703 0.07555081
vn -0.1468816 -0.98815 0.04455744
vn -0.09850102 -0.9943002 0.0408005
vn -1.909173E-07 -1 1.016937E-06
vn -0.1045677 -0.9943002 0.02080075
vn -0.2081459 -0.9772211 0.04140299
vn -0.2942397 -0.9539379 0.05852734
vn -0.4726476 -0.8800211 0.04655157
vn -0.3853599 -0.9219854 0.03795479
vn -0.2986501 -0.9539092 0.02941491
vn -0.2143985 -0.9765179 0.02111814
vn -0.4749353 -0.8800207 1.045815E-07
vn -0.3872605 -0.9219703 2.89591E-07
vn -0.1527521 -0.9881499 0.01504837
vn -0.1045677 -0.9943002 0.02080075
vn -1.909173E-07 -1 1.016937E-06
vn -0.1066166 -0.9943002 2.803734E-06
vn -0.2122244 -0.977221 0
vn -0.3000041 -0.9539379 0
vn -0.4726478 -0.880021 -0.04655156
vn -0.38536 -0.9219854 -0.03795476
vn -0.2986499 -0.9539094 -0.0294149
vn -0.2143991 -0.9765178 -0.02111814
vn -0.4658097 -0.8800206 -0.09265539
vn -0.3798195 -0.9219703 -0.0755509
vn -0.1527532 -0.9881498 -0.01504711
vn -0.1066166 -0.9943002 2.803734E-06
vn -1.909173E-07 -1 1.016937E-06
vn -0.1045684 -0.9943001 -0.02080091
vn -0.2081465 -0.9772209 -0.04140434
vn -0.2942396 -0.953938 -0.05852735
vn -0.4544843 -0.880021 -0.1378662
vn -0.3705508 -0.9219855 -0.1124052
vn -0.2871729 -0.9539095 -0.08711212
vn -0.2061597 -0.9765179 -0.06253725
vn -0.438783 -0.8800207 -0.1817502
vn -0.357782 -0.9219703 -0.1481984
vn -0.1468831 -0.9881498 -0.04455689
vn -0.1045684 -0.9943001 -0.02080091
vn -1.909173E-07 -1 1.016937E-06
vn -0.09850126 -0.9943002 -0.0407989
vn -0.1960697 -0.9772209 -0.08121511
vn -0.2771675 -0.9539379 -0.1148071
vn -0.418855 -0.8800209 -0.2238833
vn -0.3415014 -0.9219854 -0.1825366
vn -0.26466 -0.9539093 -0.1414643
vn -0.1899979 -0.9765179 -0.1015561
vn -0.3948943 -0.8800207 -0.2638598
vn -0.3219953 -0.9219704 -0.2151499
vn -0.1353682 -0.9881499 -0.07235371
vn -0.09850126 -0.9943002 -0.0407989
vn -1.909173E-07 -1 1.016937E-06
vn -0.08864876 -0.9943002 -0.05923182
vn -0.1764582 -0.9772211 -0.1179044
vn -0.2494443 -0.953938 -0.1666729
vn -0.3671296 -0.880021 -0.3012953
vn -0.2993288 -0.9219855 -0.2456524
vn -0.2319765 -0.9539093 -0.1903783
vn -0.1665346 -0.976518 -0.1366704
vn -0.2738347 -0.9219703 -0.2738346
vn -0.1186512 -0.98815 -0.09737243
vn -0.08864876 -0.9943002 -0.05923182
vn -1.909173E-07 -1 1.016937E-06
vn -0.07538957 -0.9943001 -0.07539041
vn -0.1500652 -0.9772211 -0.150065
vn -0.2121348 -0.9539379 -0.2121349
vn -0.2456526 -0.9219854 -0.2993288
vn -0.1903781 -0.9539094 -0.2319764
vn -0.1666734 -0.9539379 -0.2494443
vn -0.1366714 -0.9765179 -0.1665346
vn -0.1179056 -0.9772209 -0.1764584
vn -0.1015559 -0.9765178 -0.1899984
vn -0.09737457 -0.9881498 -0.1186514
vn -0.07538957 -0.9943001 -0.07539041
vn -1.909173E-07 -1 1.016937E-06
vn -0.05923318 -0.9943002 -0.0886477
vn -0.07235579 -0.9881499 -0.1353677
vn -0.05923318 -0.9943002 -0.0886477
vn -0.04080014 -0.9943001 -0.09850212
vn -1.909173E-07 -1 1.016937E-06
vt 0.984375 -5.084276E-05
vt 1 0.0516718
vt 1 -5.084276E-05
vt 0.984375 0.05167177
vt 0.96875 -5.084276E-05
vt 1 0.1033944
vt 0.96875 0.05167177
vt 0.953125 -5.084276E-05
vt 0.984375 0.1033944
vt 1 0.155117
vt 0.953125 0.05167177
vt 0.9375 -5.084276E-05
vt 0.984375 0.155117
vt 1 0.2068396
vt 0.96875 0.1033944
vt 0.9375 0.05167177
vt 0.921875 -5.084276E-05
vt 0.984375 0.2068396
vt 1 0.2585622
vt 0.953125 0.1033944
vt 0.96875 0.155117
vt 0.921875 0.05167177
vt 0.90625 -5.084276E-05
vt 0.984375 0.2585622
vt 1 0.3102848
vt 0.9375 0.1033944
vt 0.953125 0.155117
vt 0.96875 0.2068396
vt 0.90625 0.05167177
vt 0.890625 -5.084276E-05
vt 0.984375 0.3102848
vt 1 0.3620075
vt 0.921875 0.1033944
vt 0.9375 0.155117
vt 0.953125 0.2068396
vt 0.96875 0.2585622
vt 0.890625 0.05167177
vt 0.875 -5.084276E-05
vt 0.984375 0.3620075
vt 1 0.4137302
vt 0.90625 0.1033944
vt 0.921875 0.155117
vt 0.9375 0.2068396
vt 0.953125 0.2585622
vt 0.96875 0.3102848
vt 0.984375 0.4137301
vt 1 0.4654528
vt 0.96875 0.3620074
vt 0.953125 0.3102848
vt 0.9375 0.2585622
vt 0.921875 0.2068396
vt 0.984375 0.4654527
vt 1 0.5171753
vt 0.96875 0.4137301
vt 0.953125 0.3620075
vt 0.9375 0.3102848
vt 0.984375 0.5171753
vt 1 0.5688979
vt 0.96875 0.4654528
vt 0.953125 0.4137301
vt 0.984375 0.5688978
vt 1 0.6206204
vt 0.96875 0.5171753
vt 0.984375 0.6206204
vt 1 0.6723431
vt 0.921875 0.2585622
vt 0.9375 0.3620075
vt 0.953125 0.4654527
vt 0.96875 0.568898
vt 0.984375 0.6723431
vt 1 0.7240657
vt 0.921875 0.3102848
vt 0.9375 0.4137301
vt 0.953125 0.5171753
vt 0.96875 0.6206204
vt 0.984375 0.7240656
vt 1 0.7757883
vt 0.921875 0.3620075
vt 0.9375 0.4654528
vt 0.953125 0.5688978
vt 0.96875 0.6723431
vt 0.984375 0.7757883
vt 1 0.8275108
vt 0.921875 0.4137301
vt 0.9375 0.5171753
vt 0.953125 0.6206204
vt 0.96875 0.7240657
vt 0.984375 0.8275108
vt 1 0.8792335
vt 0.921875 0.4654527
vt 0.9375 0.568898
vt 0.953125 0.6723431
vt 0.96875 0.7757882
vt 0.984375 0.8784019
vt 1 0.9309559
vt 0.921875 0.5171753
vt 0.9375 0.6206204
vt 0.953125 0.7240657
vt 0.96875 0.8275108
vt 0.921875 0.5688978
vt 0.9375 0.6723431
vt 0.953125 0.7757882
vt 0.921875 0.6206204
vt 0.9375 0.7240657
vt 0.921875 0.6723431
vt 0.96875 0.8788177
vt 0.953125 0.8275108
vt 0.9375 0.7757882
vt 0.921875 0.7240657
vt 0.984375 0.9232457
vt 0.984375 0.9514951
vt 0.9921875 0.9636357
vt 0.984375 0.9963152
vt 0.9765625 0.9636357
vt 0.96875 0.9309559
vt 0.953125 0.8784019
vt 0.9375 0.8275108
vt 0.921875 0.7757882
vt 0.953125 0.9232457
vt 0.9375 0.8788177
vt 0.953125 0.9514951
vt 0.9609375 0.9636357
vt 0.953125 0.9963152
vt 0.9453125 0.9636357
vt 0.9375 0.9309559
vt 0.921875 0.8275108
vt 0.921875 0.8784019
vt 0.90625 0.7240657
vt 0.90625 0.7757882
vt 0.90625 0.8275108
vt 0.90625 0.6723431
vt 0.90625 0.6206204
vt 0.90625 0.568898
vt 0.90625 0.5171753
vt 0.90625 0.4654528
vt 0.90625 0.4137301
vt 0.90625 0.3620075
vt 0.90625 0.3102848
vt 0.90625 0.2585622
vt 0.90625 0.2068396
vt 0.90625 0.155117
vt 0.890625 0.1033944
vt 0.890625 0.155117
vt 0.890625 0.2068396
vt 0.890625 0.2585622
vt 0.890625 0.3102848
vt 0.875 0.05167177
vt 0.859375 -5.084276E-05
vt 0.875 0.1033944
vt 0.859375 0.05167177
vt 0.84375 -5.084276E-05
vt 0.875 0.155117
vt 0.875 0.2068396
vt 0.84375 0.05167177
vt 0.828125 -5.084276E-05
vt 0.859375 0.1033944
vt 0.828125 0.05167177
vt 0.8125 -5.084276E-05
vt 0.8593751 0.155117
vt 0.84375 0.1033944
vt 0.875 0.2585622
vt 0.8125 0.0516718
vt 0.796875 -5.078316E-05
vt 0.828125 0.1033944
vt 0.84375 0.155117
vt 0.8593751 0.2068396
vt 0.796875 0.0516718
vt 0.78125 -5.078316E-05
vt 0.8125 0.1033944
vt 0.828125 0.155117
vt 0.8437501 0.2068396
vt 0.8593751 0.2585622
vt 0.78125 0.05167183
vt 0.765625 -5.078316E-05
vt 0.796875 0.1033944
vt 0.8125 0.155117
vt 0.8281251 0.2068396
vt 0.765625 0.05167183
vt 0.75 -5.078316E-05
vt 0.78125 0.1033944
vt 0.796875 0.155117
vt 0.75 0.05167183
vt 0.734375 -5.078316E-05
vt 0.765625 0.1033944
vt 0.734375 0.05167183
vt 0.71875 -5.078316E-05
vt 0.84375 0.2585622
vt 0.8125 0.2068396
vt 0.78125 0.155117
vt 0.75 0.1033944
vt 0.71875 0.05167183
vt 0.703125 -5.078316E-05
vt 0.828125 0.2585622
vt 0.796875 0.2068396
vt 0.765625 0.155117
vt 0.734375 0.1033944
vt 0.703125 0.05167183
vt 0.6875 -5.078316E-05
vt 0.8125 0.2585622
vt 0.78125 0.2068396
vt 0.75 0.155117
vt 0.71875 0.1033944
vt 0.6874999 0.05167183
vt 0.6718749 -5.078316E-05
vt 0.796875 0.2585622
vt 0.765625 0.2068396
vt 0.734375 0.155117
vt 0.703125 0.1033944
vt 0.671875 0.05167183
vt 0.65625 -5.078316E-05
vt 0.78125 0.2585622
vt 0.75 0.2068396
vt 0.71875 0.155117
vt 0.6874999 0.1033944
vt 0.6562499 0.05167183
vt 0.640625 -5.078316E-05
vt 0.765625 0.2585622
vt 0.734375 0.2068396
vt 0.703125 0.155117
vt 0.671875 0.1033944
vt 0.640625 0.05167183
vt 0.625 -5.078316E-05
vt 0.75 0.2585622
vt 0.71875 0.2068396
vt 0.6875 0.155117
vt 0.65625 0.1033944
vt 0.6249999 0.05167183
vt 0.609375 -5.078316E-05
vt 0.734375 0.2585622
vt 0.703125 0.2068396
vt 0.671875 0.155117
vt 0.6406249 0.1033944
vt 0.609375 0.05167183
vt 0.59375 -5.078316E-05
vt 0.71875 0.2585622
vt 0.6875 0.2068396
vt 0.65625 0.155117
vt 0.625 0.1033944
vt 0.59375 0.05167183
vt 0.5781249 -5.078316E-05
vt 0.703125 0.2585622
vt 0.671875 0.2068396
vt 0.640625 0.155117
vt 0.609375 0.1033944
vt 0.578125 0.05167183
vt 0.5625 -5.078316E-05
vt 0.6875 0.2585622
vt 0.65625 0.2068396
vt 0.625 0.155117
vt 0.59375 0.1033944
vt 0.5625 0.05167183
vt 0.5468749 -5.078316E-05
vt 0.671875 0.2585622
vt 0.640625 0.2068396
vt 0.609375 0.155117
vt 0.578125 0.1033944
vt 0.5468749 0.05167183
vt 0.53125 -5.078316E-05
vt 0.65625 0.2585622
vt 0.625 0.2068396
vt 0.59375 0.155117
vt 0.5625 0.1033944
vt 0.53125 0.05167183
vt 0.5156249 -5.078316E-05
vt 0.640625 0.2585622
vt 0.609375 0.2068396
vt 0.578125 0.155117
vt 0.546875 0.1033944
vt 0.5156249 0.05167183
vt 0.5 -5.078316E-05
vt 0.6249999 0.2585622
vt 0.59375 0.2068396
vt 0.5624999 0.155117
vt 0.53125 0.1033944
vt 0.5 0.05167183
vt 0.4843749 -5.078316E-05
vt 0.609375 0.2585622
vt 0.578125 0.2068396
vt 0.546875 0.155117
vt 0.515625 0.1033944
vt 0.4843749 0.05167183
vt 0.46875 -5.078316E-05
vt 0.59375 0.2585622
vt 0.5625 0.2068396
vt 0.53125 0.155117
vt 0.4999999 0.1033944
vt 0.4687499 0.05167183
vt 0.4531249 -5.078316E-05
vt 0.578125 0.2585622
vt 0.546875 0.2068396
vt 0.5156249 0.155117
vt 0.4843749 0.1033944
vt 0.453125 0.05167183
vt 0.4375 -5.078316E-05
vt 0.5625 0.2585622
vt 0.53125 0.2068396
vt 0.4999999 0.155117
vt 0.4687499 0.1033944
vt 0.4374999 0.05167183
vt 0.4218749 -5.078316E-05
vt 0.546875 0.2585622
vt 0.515625 0.2068396
vt 0.4843751 0.155117
vt 0.4531249 0.1033944
vt 0.4218749 0.05167183
vt 0.40625 -5.078316E-05
vt 0.53125 0.2585622
vt 0.4999999 0.2068396
vt 0.4687499 0.155117
vt 0.4374999 0.1033944
vt 0.40625 0.05167183
vt 0.3906249 -5.078316E-05
vt 0.515625 0.2585622
vt 0.4843749 0.2068396
vt 0.4531249 0.155117
vt 0.4218749 0.1033944
vt 0.390625 0.05167183
vt 0.375 -5.078316E-05
vt 0.4999999 0.2585622
vt 0.4687499 0.2068396
vt 0.4374999 0.155117
vt 0.40625 0.1033944
vt 0.3749999 0.05167183
vt 0.3593749 -5.078316E-05
vt 0.4843751 0.2585622
vt 0.4531249 0.2068396
vt 0.421875 0.155117
vt 0.390625 0.1033944
vt 0.3593749 0.05167183
vt 0.34375 -5.078316E-05
vt 0.4687499 0.2585622
vt 0.4374999 0.2068396
vt 0.4062499 0.155117
vt 0.3749999 0.1033944
vt 0.3437499 0.05167183
vt 0.3281249 -5.078316E-05
vt 0.4531249 0.2585622
vt 0.4218749 0.2068396
vt 0.3906249 0.155117
vt 0.3593749 0.1033944
vt 0.3281249 0.05167183
vt 0.3125 -5.078316E-05
vt 0.4374999 0.2585622
vt 0.40625 0.2068396
vt 0.375 0.155117
vt 0.34375 0.1033944
vt 0.3125 0.05167183
vt 0.2968749 -5.078316E-05
vt 0.421875 0.2585622
vt 0.390625 0.2068396
vt 0.3593749 0.155117
vt 0.3281249 0.1033944
vt 0.2968749 0.05167183
vt 0.28125 -5.078316E-05
vt 0.4062499 0.2585622
vt 0.3749999 0.2068396
vt 0.34375 0.155117
vt 0.3124999 0.1033944
vt 0.2812499 0.05167183
vt 0.2656249 -5.078316E-05
vt 0.3906249 0.2585622
vt 0.3593749 0.2068396
vt 0.3281249 0.155117
vt 0.2968749 0.1033944
vt 0.265625 0.0516718
vt 0.25 -5.084276E-05
vt 0.375 0.2585622
vt 0.34375 0.2068396
vt 0.3124999 0.155117
vt 0.2812499 0.1033944
vt 0.2499999 0.05167177
vt 0.2343749 -5.084276E-05
vt 0.3593749 0.2585622
vt 0.3281249 0.2068396
vt 0.2968749 0.155117
vt 0.2656249 0.1033944
vt 0.2343749 0.05167177
vt 0.21875 -5.084276E-05
vt 0.34375 0.2585622
vt 0.3124999 0.2068396
vt 0.2812499 0.155117
vt 0.2499999 0.1033944
vt 0.2187499 0.05167177
vt 0.2031249 -5.084276E-05
vt 0.3281249 0.2585622
vt 0.2968749 0.2068396
vt 0.2656249 0.155117
vt 0.2343749 0.1033944
vt 0.2031249 0.05167177
vt 0.1875 -5.084276E-05
vt 0.3124999 0.2585622
vt 0.2812499 0.2068396
vt 0.2499999 0.155117
vt 0.2187501 0.1033944
vt 0.1874999 0.05167177
vt 0.1718749 -5.084276E-05
vt 0.2968749 0.2585622
vt 0.2656249 0.2068396
vt 0.234375 0.155117
vt 0.2031249 0.1033944
vt 0.1718749 0.05167177
vt 0.15625 -5.084276E-05
vt 0.2812499 0.2585622
vt 0.2499999 0.2068396
vt 0.21875 0.155117
vt 0.1874999 0.1033944
vt 0.1562499 0.05167177
vt 0.1406249 -5.084276E-05
vt 0.2656249 0.2585622
vt 0.2343749 0.2068396
vt 0.2031251 0.155117
vt 0.1718751 0.1033944
vt 0.1406249 0.05167177
vt 0.125 -5.084276E-05
vt 0.25 0.2585622
vt 0.2187501 0.2068396
vt 0.1875001 0.155117
vt 0.15625 0.1033944
vt 0.125 0.05167177
vt 0.1093749 -5.084276E-05
vt 0.234375 0.2585622
vt 0.2031249 0.2068396
vt 0.171875 0.155117
vt 0.1406249 0.1033944
vt 0.1093749 0.05167177
vt 0.09375 -5.084276E-05
vt 0.21875 0.2585622
vt 0.1874999 0.2068396
vt 0.15625 0.155117
vt 0.125 0.1033944
vt 0.09374994 0.05167177
vt 0.07812488 -5.084276E-05
vt 0.2031251 0.2585622
vt 0.1718751 0.2068396
vt 0.1406251 0.155117
vt 0.109375 0.1033944
vt 0.07812494 0.05167177
vt 0.0625 -5.084276E-05
vt 0.1875001 0.2585622
vt 0.15625 0.2068396
vt 0.1250001 0.155117
vt 0.09375006 0.1033944
vt 0.06249994 0.05167177
vt 0.04687488 -5.084276E-05
vt 0.171875 0.2585622
vt 0.1406251 0.2068396
vt 0.1093749 0.155117
vt 0.07812506 0.1033944
vt 0.04687488 0.05167177
vt 0.03125 -5.084276E-05
vt 0.15625 0.2585622
vt 0.1250001 0.2068396
vt 0.09375 0.155117
vt 0.0625 0.1033944
vt 0.03124994 0.05167177
vt 0.01562488 -5.084276E-05
vt 0.1406251 0.2585622
vt 0.109375 0.2068396
vt 0.07812494 0.155117
vt 0.04687488 0.1033944
vt 0.01562494 0.05167177
vt -1.192093E-07 -5.084276E-05
vt -1.192093E-07 0.0516718
vt 0.03125 0.1033944
vt 0.01562494 0.1033944
vt 0 0.1033944
vt 0.0625 0.155117
vt 0.09374988 0.2068396
vt 0.04687494 0.155117
vt 0.01562494 0.155117
vt -1.192093E-07 0.155117
vt 0.03125006 0.155117
vt 0.078125 0.2068396
vt 0.01562494 0.2068396
vt 0 0.2068396
vt 0.0625 0.2068396
vt 0.03125006 0.2068396
vt 0.04687494 0.2068396
vt 0.015625 0.2585622
vt -1.192093E-07 0.2585622
vt 0.03125006 0.2585622
vt 0.046875 0.2585622
vt 0.0625 0.2585622
vt 0.07812494 0.2585622
vt 0.01562494 0.3102848
vt 0 0.3102848
vt 0.03125 0.3102849
vt 0.04687488 0.3102848
vt 0.0625 0.3102849
vt 0.01562494 0.3620075
vt -1.192093E-07 0.3620075
vt 0.03124994 0.3620075
vt 0.04687494 0.3620076
vt 0.01562494 0.4137301
vt 0 0.4137302
vt 0.03124994 0.4137301
vt 0.01562494 0.4654527
vt -1.192093E-07 0.4654528
vt 0.07812488 0.3102849
vt 0.06249988 0.3620075
vt 0.04687488 0.4137302
vt 0.03124994 0.4654527
vt 0.01562494 0.5171753
vt 0 0.5171753
vt 0.07812494 0.3620076
vt 0.06249994 0.4137301
vt 0.04687494 0.4654527
vt 0.03125 0.5171754
vt 0.01562494 0.5688978
vt -1.192093E-07 0.5688979
vt 0.07812488 0.4137302
vt 0.06249988 0.4654528
vt 0.04687488 0.5171754
vt 0.03124994 0.5688978
vt 0.01562494 0.6206205
vt 0 0.6206204
vt 0.07812488 0.4654528
vt 0.06249994 0.5171753
vt 0.04687494 0.5688978
vt 0.03124994 0.6206204
vt 0.01562494 0.6723431
vt -1.192093E-07 0.6723431
vt 0.07812488 0.5171754
vt 0.06249988 0.568898
vt 0.04687488 0.6206204
vt 0.03124994 0.6723431
vt 0.01562494 0.7240658
vt 0 0.7240657
vt 0.07812494 0.5688978
vt 0.06249994 0.6206204
vt 0.04687494 0.6723431
vt 0.03125 0.7240658
vt 0.01562494 0.7757883
vt -1.192093E-07 0.7757883
vt 0.07812488 0.6206204
vt 0.06249988 0.6723431
vt 0.04687488 0.7240657
vt 0.03125 0.7757883
vt 0.01562494 0.8275108
vt 0 0.8275108
vt 0.07812488 0.6723431
vt 0.0625 0.7240657
vt 0.04687494 0.7757882
vt 0.03125 0.8275108
vt 0.01562494 0.8784019
vt -1.192093E-07 0.8792335
vt 0.07812488 0.7240657
vt 0.06249988 0.7757882
vt 0.04687494 0.8275108
vt 0.03124994 0.8788177
vt 0.01562494 0.9232456
vt 0 0.9309559
vt 0.03125 0.9309559
vt 0.01562494 0.9514951
vt 0.007812381 0.9636357
vt 0.01562488 0.9963152
vt 0.02343738 0.9636357
vt 0.04687494 0.8784019
vt 0.06249994 0.8275108
vt 0.04687488 0.9232457
vt 0.06249988 0.8788177
vt 0.04687494 0.9514951
vt 0.03906238 0.9636357
vt 0.04687488 0.9963152
vt 0.05468738 0.9636357
vt 0.0625 0.9309559
vt 0.07812488 0.8275108
vt 0.07812488 0.8784019
vt 0.07812494 0.9232457
vt 0.07812494 0.9514951
vt 0.07031238 0.9636357
vt 0.07812488 0.9963152
vt 0.08593738 0.9636357
vt 0.09375 0.9309559
vt 0.07812494 0.7757882
vt 0.09374988 0.8788177
vt 0.09374988 0.8275108
vt 0.09374994 0.7757882
vt 0.09374988 0.7240657
vt 0.09374994 0.6723431
vt 0.09374988 0.6206204
vt 0.09374994 0.568898
vt 0.09374988 0.5171753
vt 0.09374994 0.4654528
vt 0.09374988 0.4137301
vt 0.09374994 0.3620075
vt 0.09374988 0.3102849
vt 0.09375 0.2585622
vt 0.1093749 0.2585622
vt 0.109375 0.3102849
vt 0.1093749 0.3620076
vt 0.1093749 0.4137302
vt 0.1093749 0.4654528
vt 0.125 0.2585622
vt 0.125 0.3102849
vt 0.1249999 0.3620075
vt 0.1249999 0.4137301
vt 0.140625 0.3102849
vt 0.140625 0.3620076
vt 0.15625 0.3102849
vt 0.1249999 0.4654528
vt 0.1406249 0.4137302
vt 0.1562499 0.3620075
vt 0.1718751 0.3102849
vt 0.1406251 0.4654528
vt 0.1562499 0.4137301
vt 0.1718749 0.3620076
vt 0.1874999 0.3102849
vt 0.1562499 0.4654528
vt 0.171875 0.4137302
vt 0.1875 0.3620075
vt 0.2031249 0.3102849
vt 0.171875 0.4654528
vt 0.1874999 0.4137301
vt 0.203125 0.3620076
vt 0.2187501 0.3102849
vt 0.1874999 0.4654528
vt 0.2031249 0.4137302
vt 0.2187499 0.3620075
vt 0.2343749 0.3102848
vt 0.203125 0.4654528
vt 0.2187499 0.4137301
vt 0.234375 0.3620076
vt 0.2499999 0.3102848
vt 0.21875 0.4654528
vt 0.2343749 0.4137301
vt 0.2499999 0.3620075
vt 0.2656249 0.3102848
vt 0.234375 0.4654527
vt 0.2499999 0.4137301
vt 0.2656249 0.3620075
vt 0.2812499 0.3102848
vt 0.2499999 0.4654527
vt 0.2656249 0.4137301
vt 0.2812499 0.3620074
vt 0.2968749 0.3102848
vt 0.2656249 0.4654526
vt 0.2812499 0.41373
vt 0.2968749 0.3620074
vt 0.3124999 0.3102848
vt 0.2812499 0.4654527
vt 0.2968749 0.41373
vt 0.3124999 0.3620074
vt 0.3281249 0.3102848
vt 0.2968749 0.4654526
vt 0.3124999 0.41373
vt 0.3281249 0.3620074
vt 0.34375 0.3102848
vt 0.3124999 0.4654526
vt 0.3281249 0.41373
vt 0.34375 0.3620074
vt 0.3593749 0.3102848
vt 0.3281249 0.4654526
vt 0.34375 0.4137301
vt 0.3593749 0.3620074
vt 0.3749999 0.3102848
vt 0.34375 0.4654527
vt 0.3593749 0.4137301
vt 0.375 0.3620074
vt 0.390625 0.3102848
vt 0.3593749 0.4654526
vt 0.3749999 0.4137301
vt 0.3906249 0.3620074
vt 0.40625 0.3102848
vt 0.375 0.4654527
vt 0.390625 0.4137301
vt 0.4062499 0.3620074
vt 0.4218749 0.3102848
vt 0.3906249 0.4654526
vt 0.40625 0.4137301
vt 0.421875 0.3620074
vt 0.4374999 0.3102848
vt 0.4062499 0.4654526
vt 0.4218749 0.41373
vt 0.4374999 0.3620074
vt 0.4531249 0.3102848
vt 0.421875 0.4654526
vt 0.4374999 0.4137301
vt 0.4531249 0.3620074
vt 0.4687499 0.3102848
vt 0.4374999 0.4654527
vt 0.4531249 0.4137301
vt 0.4687499 0.3620074
vt 0.4843749 0.3102848
vt 0.4531249 0.4654526
vt 0.4687499 0.4137301
vt 0.4843751 0.3620074
vt 0.4999999 0.3102848
vt 0.4687499 0.4654527
vt 0.4843749 0.4137301
vt 0.4999999 0.3620074
vt 0.515625 0.3102848
vt 0.4843751 0.4654526
vt 0.4999999 0.4137301
vt 0.5156249 0.3620074
vt 0.53125 0.3102848
vt 0.4999999 0.4654527
vt 0.515625 0.4137301
vt 0.53125 0.3620074
vt 0.546875 0.3102848
vt 0.5156249 0.4654526
vt 0.53125 0.4137301
vt 0.546875 0.3620074
vt 0.5625 0.3102848
vt 0.53125 0.4654527
vt 0.546875 0.4137301
vt 0.5624999 0.3620074
vt 0.578125 0.3102848
vt 0.546875 0.4654526
vt 0.5625 0.4137301
vt 0.578125 0.3620074
vt 0.59375 0.3102848
vt 0.5624999 0.4654527
vt 0.578125 0.4137301
vt 0.59375 0.3620074
vt 0.609375 0.3102848
vt 0.578125 0.4654526
vt 0.59375 0.4137301
vt 0.609375 0.3620074
vt 0.625 0.3102848
vt 0.59375 0.4654527
vt 0.609375 0.4137301
vt 0.6249999 0.3620074
vt 0.640625 0.3102848
vt 0.609375 0.4654526
vt 0.625 0.4137301
vt 0.640625 0.3620074
vt 0.65625 0.3102848
vt 0.6249999 0.4654527
vt 0.6406249 0.4137301
vt 0.65625 0.3620074
vt 0.6718749 0.3102848
vt 0.640625 0.4654526
vt 0.65625 0.4137301
vt 0.671875 0.3620074
vt 0.6875 0.3102848
vt 0.65625 0.4654527
vt 0.6718749 0.4137301
vt 0.6875 0.3620074
vt 0.703125 0.3102848
vt 0.671875 0.4654526
vt 0.6875 0.4137301
vt 0.703125 0.3620074
vt 0.71875 0.3102848
vt 0.6874999 0.4654527
vt 0.703125 0.4137301
vt 0.71875 0.3620074
vt 0.734375 0.3102848
vt 0.703125 0.4654526
vt 0.71875 0.4137301
vt 0.734375 0.3620074
vt 0.75 0.3102848
vt 0.71875 0.4654527
vt 0.734375 0.4137301
vt 0.75 0.3620074
vt 0.765625 0.3102848
vt 0.734375 0.4654526
vt 0.75 0.4137301
vt 0.765625 0.3620074
vt 0.78125 0.3102848
vt 0.75 0.4654527
vt 0.765625 0.4137301
vt 0.78125 0.3620074
vt 0.796875 0.3102848
vt 0.765625 0.4654526
vt 0.78125 0.4137301
vt 0.796875 0.3620074
vt 0.8125 0.3102848
vt 0.78125 0.4654527
vt 0.796875 0.4137301
vt 0.8125 0.3620074
vt 0.828125 0.3102848
vt 0.796875 0.4654526
vt 0.8125 0.4137301
vt 0.828125 0.3620074
vt 0.84375 0.3102848
vt 0.8125 0.4654527
vt 0.828125 0.4137301
vt 0.84375 0.3620074
vt 0.859375 0.3102848
vt 0.828125 0.4654526
vt 0.84375 0.4137301
vt 0.859375 0.3620074
vt 0.875 0.3102848
vt 0.875 0.3620074
vt 0.890625 0.3620075
vt 0.890625 0.4137301
vt 0.859375 0.4137301
vt 0.875 0.4137301
vt 0.890625 0.4654527
vt 0.875 0.4654528
vt 0.890625 0.5171753
vt 0.859375 0.4654526
vt 0.890625 0.5688977
vt 0.875 0.5171753
vt 0.84375 0.4654527
vt 0.890625 0.6206204
vt 0.859375 0.5171753
vt 0.875 0.568898
vt 0.84375 0.5171753
vt 0.890625 0.6723431
vt 0.859375 0.5688977
vt 0.875 0.6206204
vt 0.828125 0.5171753
vt 0.890625 0.7240657
vt 0.84375 0.568898
vt 0.859375 0.6206204
vt 0.875 0.6723431
vt 0.8125 0.5171753
vt 0.890625 0.7757882
vt 0.828125 0.5688977
vt 0.84375 0.6206204
vt 0.859375 0.6723431
vt 0.875 0.7240657
vt 0.796875 0.5171753
vt 0.8125 0.568898
vt 0.828125 0.6206204
vt 0.84375 0.6723431
vt 0.859375 0.7240657
vt 0.875 0.7757882
vt 0.78125 0.5171753
vt 0.796875 0.5688977
vt 0.8125 0.6206204
vt 0.828125 0.672343
vt 0.84375 0.7240657
vt 0.765625 0.5171753
vt 0.78125 0.568898
vt 0.796875 0.6206204
vt 0.8125 0.6723431
vt 0.75 0.5171753
vt 0.765625 0.5688977
vt 0.78125 0.6206204
vt 0.734375 0.5171753
vt 0.75 0.568898
vt 0.71875 0.5171753
vt 0.828125 0.7240657
vt 0.796875 0.672343
vt 0.765625 0.6206204
vt 0.734375 0.5688977
vt 0.703125 0.5171753
vt 0.8125 0.7240657
vt 0.78125 0.6723431
vt 0.75 0.6206204
vt 0.71875 0.568898
vt 0.6875 0.5171753
vt 0.796875 0.7240657
vt 0.765625 0.672343
vt 0.734375 0.6206204
vt 0.703125 0.5688977
vt 0.6718749 0.5171753
vt 0.78125 0.7240657
vt 0.75 0.6723431
vt 0.71875 0.6206204
vt 0.6874999 0.568898
vt 0.65625 0.5171753
vt 0.765625 0.7240657
vt 0.734375 0.672343
vt 0.703125 0.6206204
vt 0.671875 0.5688977
vt 0.6406249 0.5171753
vt 0.75 0.7240657
vt 0.71875 0.6723431
vt 0.6875 0.6206204
vt 0.65625 0.568898
vt 0.625 0.5171753
vt 0.734375 0.7240657
vt 0.703125 0.672343
vt 0.6718749 0.6206204
vt 0.640625 0.5688977
vt 0.609375 0.5171753
vt 0.71875 0.7240657
vt 0.6874999 0.6723431
vt 0.65625 0.6206204
vt 0.6249999 0.568898
vt 0.59375 0.5171753
vt 0.703125 0.7240657
vt 0.671875 0.672343
vt 0.6406249 0.6206204
vt 0.609375 0.5688977
vt 0.578125 0.5171753
vt 0.6875 0.7240657
vt 0.65625 0.6723431
vt 0.625 0.6206204
vt 0.59375 0.568898
vt 0.5625 0.5171753
vt 0.6718749 0.7240657
vt 0.640625 0.672343
vt 0.609375 0.6206204
vt 0.578125 0.5688977
vt 0.546875 0.5171753
vt 0.65625 0.7240657
vt 0.6249999 0.6723431
vt 0.59375 0.6206204
vt 0.5625 0.568898
vt 0.53125 0.5171753
vt 0.640625 0.7240657
vt 0.609375 0.672343
vt 0.578125 0.6206204
vt 0.546875 0.5688977
vt 0.515625 0.5171753
vt 0.625 0.7240657
vt 0.59375 0.6723431
vt 0.5625 0.6206204
vt 0.53125 0.568898
vt 0.4999999 0.5171753
vt 0.609375 0.7240657
vt 0.578125 0.672343
vt 0.546875 0.6206204
vt 0.515625 0.5688977
vt 0.4843749 0.5171753
vt 0.59375 0.7240657
vt 0.5624999 0.672343
vt 0.53125 0.6206204
vt 0.4999999 0.568898
vt 0.4687499 0.5171753
vt 0.578125 0.7240657
vt 0.546875 0.672343
vt 0.515625 0.6206204
vt 0.4843751 0.5688977
vt 0.4531249 0.5171753
vt 0.5625 0.7240656
vt 0.53125 0.672343
vt 0.4999999 0.6206204
vt 0.4687499 0.5688978
vt 0.4374999 0.5171752
vt 0.546875 0.7240657
vt 0.5156249 0.672343
vt 0.4843749 0.6206204
vt 0.4531249 0.5688977
vt 0.4218749 0.5171752
vt 0.53125 0.7240655
vt 0.4999999 0.672343
vt 0.4687499 0.6206204
vt 0.4374999 0.5688978
vt 0.40625 0.5171752
vt 0.515625 0.7240656
vt 0.4843751 0.672343
vt 0.4531249 0.6206204
vt 0.421875 0.5688977
vt 0.390625 0.5171753
vt 0.4999999 0.7240655
vt 0.4687499 0.672343
vt 0.4374999 0.6206204
vt 0.4062499 0.5688978
vt 0.3749999 0.5171753
vt 0.4843749 0.7240655
vt 0.4531249 0.672343
vt 0.4218749 0.6206204
vt 0.3906249 0.5688977
vt 0.3593749 0.5171753
vt 0.4687499 0.7240655
vt 0.4374999 0.672343
vt 0.40625 0.6206204
vt 0.375 0.5688978
vt 0.34375 0.5171752
vt 0.4531249 0.7240655
vt 0.421875 0.6723429
vt 0.390625 0.6206204
vt 0.3593749 0.5688977
vt 0.3281249 0.5171752
vt 0.4374999 0.7240655
vt 0.4062499 0.672343
vt 0.3749999 0.6206204
vt 0.34375 0.5688978
vt 0.3124999 0.5171752
vt 0.4218749 0.7240655
vt 0.3906249 0.6723429
vt 0.3593749 0.6206204
vt 0.3281249 0.5688977
vt 0.2968749 0.5171752
vt 0.40625 0.7240655
vt 0.375 0.672343
vt 0.34375 0.6206204
vt 0.3124999 0.5688978
vt 0.2812499 0.5171752
vt 0.390625 0.7240655
vt 0.3593749 0.6723429
vt 0.3281249 0.6206204
vt 0.2968749 0.5688977
vt 0.2656249 0.5171752
vt 0.3749999 0.7240655
vt 0.34375 0.672343
vt 0.3124999 0.6206204
vt 0.2812499 0.5688978
vt 0.2499999 0.5171753
vt 0.3593749 0.7240655
vt 0.3281249 0.6723429
vt 0.2968749 0.6206204
vt 0.2656249 0.5688977
vt 0.2343749 0.5171753
vt 0.34375 0.7240655
vt 0.3124999 0.672343
vt 0.2812499 0.6206204
vt 0.2499999 0.5688978
vt 0.2187501 0.5171753
vt 0.3281249 0.7240655
vt 0.2968749 0.6723429
vt 0.2656249 0.6206204
vt 0.234375 0.5688977
vt 0.2031249 0.5171754
vt 0.3124999 0.7240655
vt 0.2812499 0.672343
vt 0.2499999 0.6206204
vt 0.2187499 0.568898
vt 0.1874999 0.5171753
vt 0.2968749 0.7240655
vt 0.2656249 0.6723429
vt 0.2343749 0.6206205
vt 0.203125 0.5688978
vt 0.1718751 0.5171754
vt 0.2812499 0.7240655
vt 0.2499999 0.672343
vt 0.2187499 0.6206204
vt 0.1874999 0.568898
vt 0.15625 0.5171753
vt 0.2656249 0.7240655
vt 0.234375 0.672343
vt 0.2031249 0.6206205
vt 0.1718749 0.5688978
vt 0.1406249 0.5171754
vt 0.2499999 0.7240656
vt 0.21875 0.6723431
vt 0.1874999 0.6206204
vt 0.1562499 0.568898
vt 0.125 0.5171753
vt 0.2343749 0.7240657
vt 0.203125 0.6723431
vt 0.171875 0.6206205
vt 0.140625 0.5688978
vt 0.1093749 0.5171754
vt 0.1249999 0.568898
vt 0.1093749 0.5688978
vt 0.1562499 0.6206204
vt 0.1874999 0.6723432
vt 0.1406249 0.6206205
vt 0.1093749 0.6206204
vt 0.1249999 0.6206204
vt 0.171875 0.6723431
vt 0.1093749 0.6723431
vt 0.1562499 0.6723432
vt 0.1249999 0.6723431
vt 0.1406251 0.6723431
vt 0.109375 0.7240657
vt 0.1250001 0.7240657
vt 0.140625 0.7240658
vt 0.15625 0.7240657
vt 0.1718751 0.7240658
vt 0.1093749 0.7757882
vt 0.1249999 0.7757882
vt 0.140625 0.7757882
vt 0.1562499 0.7757883
vt 0.109375 0.8275108
vt 0.125 0.8275108
vt 0.1406249 0.8275108
vt 0.109375 0.8784019
vt 0.1249999 0.8788177
vt 0.1093749 0.9232457
vt 0.125 0.9309559
vt 0.1093749 0.9514951
vt 0.1015624 0.9636357
vt 0.1093749 0.9963152
vt 0.1171874 0.9636357
vt 0.1406249 0.8784019
vt 0.140625 0.9232457
vt 0.140625 0.9514951
vt 0.1328124 0.9636357
vt 0.1406249 0.9963152
vt 0.1484374 0.9636357
vt 0.15625 0.9309559
vt 0.1562499 0.8788177
vt 0.1562499 0.8275108
vt 0.1718749 0.9232457
vt 0.1718749 0.8784019
vt 0.1718749 0.8275108
vt 0.1718749 0.9514951
vt 0.1640624 0.9636357
vt 0.1718749 0.9963152
vt 0.1796874 0.9636357
vt 0.1875 0.9309561
vt 0.1718749 0.7757882
vt 0.1874999 0.8788177
vt 0.1874999 0.8275108
vt 0.1874999 0.7757883
vt 0.1874999 0.7240658
vt 0.2031249 0.7240658
vt 0.203125 0.7757882
vt 0.2031249 0.8275108
vt 0.2031249 0.8784019
vt 0.2031249 0.9232458
vt 0.2187501 0.7240657
vt 0.2187499 0.7757883
vt 0.2187499 0.8275108
vt 0.2031249 0.9514952
vt 0.1953124 0.9636357
vt 0.2031249 0.9963152
vt 0.2109374 0.9636357
vt 0.21875 0.9309561
vt 0.21875 0.8788177
vt 0.2343751 0.7757882
vt 0.2343749 0.8275108
vt 0.2343749 0.8784019
vt 0.234375 0.9232458
vt 0.2499999 0.7757882
vt 0.2499999 0.8275108
vt 0.2343749 0.9514952
vt 0.2265624 0.9636357
vt 0.2343749 0.9963152
vt 0.2421874 0.9636357
vt 0.25 0.9309561
vt 0.25 0.8788177
vt 0.2656249 0.7757881
vt 0.265625 0.8275107
vt 0.2656249 0.8784019
vt 0.2656249 0.9232457
vt 0.2812499 0.7757881
vt 0.2812499 0.8275107
vt 0.2656249 0.9514951
vt 0.2578124 0.9636357
vt 0.2656249 0.9963152
vt 0.2734374 0.9636357
vt 0.28125 0.9309559
vt 0.2812499 0.8788177
vt 0.2968749 0.7757881
vt 0.2968749 0.8275107
vt 0.296875 0.8784019
vt 0.2968749 0.9232457
vt 0.3124999 0.7757881
vt 0.3125 0.8275107
vt 0.2968749 0.9514951
vt 0.2890624 0.9636357
vt 0.2968749 0.9963152
vt 0.3046874 0.9636357
vt 0.3125 0.9309559
vt 0.3125 0.8788177
vt 0.3281249 0.7757881
vt 0.3281249 0.8275108
vt 0.3281249 0.8784019
vt 0.3281249 0.9232457
vt 0.34375 0.7757881
vt 0.34375 0.8275108
vt 0.3281249 0.9514951
vt 0.3203124 0.9636357
vt 0.3281249 0.9963152
vt 0.3359374 0.9636357
vt 0.34375 0.9309559
vt 0.3437499 0.8788177
vt 0.3593749 0.7757881
vt 0.3593749 0.8275107
vt 0.3593749 0.8784019
vt 0.3593749 0.9232457
vt 0.375 0.7757881
vt 0.3749999 0.8275107
vt 0.3593749 0.9514951
vt 0.3515624 0.9636357
vt 0.3593749 0.9963152
vt 0.3671874 0.9636357
vt 0.375 0.9309559
vt 0.375 0.8788177
vt 0.3906249 0.7757881
vt 0.390625 0.8275107
vt 0.3906251 0.8784019
vt 0.3906249 0.9232457
vt 0.4062499 0.7757881
vt 0.40625 0.8275107
vt 0.3906249 0.9514951
vt 0.3828124 0.9636357
vt 0.3906249 0.9963152
vt 0.3984374 0.9636357
vt 0.40625 0.9309559
vt 0.40625 0.8788177
vt 0.421875 0.7757881
vt 0.4218749 0.8275107
vt 0.4218749 0.8784019
vt 0.4218749 0.9232457
vt 0.4374999 0.7757881
vt 0.4374999 0.8275107
vt 0.4218749 0.9514951
vt 0.4140624 0.9636357
vt 0.4218749 0.9963152
vt 0.4296874 0.9636357
vt 0.4375 0.9309559
vt 0.4375 0.8788177
vt 0.4531249 0.7757881
vt 0.453125 0.8275107
vt 0.453125 0.8784019
vt 0.4531249 0.9232457
vt 0.4687499 0.7757881
vt 0.4687499 0.8275107
vt 0.4531249 0.9514951
vt 0.4453124 0.9636357
vt 0.4531249 0.9963152
vt 0.4609374 0.9636357
vt 0.46875 0.9309559
vt 0.4687499 0.8788177
vt 0.4843751 0.7757881
vt 0.4843749 0.8275107
vt 0.4843749 0.8784019
vt 0.4843749 0.9232457
vt 0.4999999 0.7757881
vt 0.5 0.8275107
vt 0.4843749 0.9514951
vt 0.4765624 0.9636357
vt 0.4843749 0.9963152
vt 0.4921874 0.9636357
vt 0.5 0.9309559
vt 0.4999999 0.8788177
vt 0.5156249 0.7757881
vt 0.5156249 0.8275107
vt 0.5156249 0.8784019
vt 0.5156249 0.9232457
vt 0.53125 0.7757882
vt 0.53125 0.8275107
vt 0.515625 0.9514951
vt 0.5078124 0.9636357
vt 0.5156249 0.9963152
vt 0.5234374 0.9636357
vt 0.53125 0.9309559
vt 0.5312499 0.8788177
vt 0.546875 0.7757882
vt 0.5468749 0.8275107
vt 0.546875 0.8784019
vt 0.546875 0.9232457
vt 0.5625 0.7757882
vt 0.5625 0.8275108
vt 0.546875 0.9514951
vt 0.5390624 0.9636357
vt 0.5468749 0.9963152
vt 0.5546874 0.9636357
vt 0.5625 0.9309559
vt 0.5625 0.8788177
vt 0.578125 0.7757882
vt 0.578125 0.8275108
vt 0.578125 0.8784019
vt 0.5781249 0.9232457
vt 0.59375 0.7757882
vt 0.59375 0.8275108
vt 0.578125 0.9514951
vt 0.5703124 0.9636357
vt 0.5781249 0.9963152
vt 0.5859375 0.9636357
vt 0.59375 0.9309559
vt 0.5937499 0.8788177
vt 0.609375 0.7757882
vt 0.609375 0.8275108
vt 0.6093749 0.8784019
vt 0.6093749 0.9232457
vt 0.6249999 0.7757882
vt 0.6249999 0.8275108
vt 0.6093749 0.9514951
vt 0.6015625 0.9636357
vt 0.6093749 0.9963152
vt 0.6171874 0.9636357
vt 0.625 0.9309559
vt 0.6249999 0.8788177
vt 0.640625 0.7757882
vt 0.640625 0.8275108
vt 0.640625 0.8784019
vt 0.640625 0.9232457
vt 0.65625 0.7757882
vt 0.6562499 0.8275108
vt 0.640625 0.9514951
vt 0.6328125 0.9636357
vt 0.640625 0.9963152
vt 0.6484374 0.9636357
vt 0.65625 0.9309559
vt 0.65625 0.8788177
vt 0.671875 0.7757882
vt 0.6718749 0.8275108
vt 0.671875 0.8784019
vt 0.671875 0.9232457
vt 0.6874999 0.7757882
vt 0.6875 0.8275108
vt 0.671875 0.9514951
vt 0.6640624 0.9636357
vt 0.671875 0.9963152
vt 0.6796875 0.9636357
vt 0.6875 0.9309559
vt 0.6875 0.8788177
vt 0.703125 0.7757882
vt 0.703125 0.8275108
vt 0.703125 0.8784019
vt 0.703125 0.9232457
vt 0.71875 0.7757882
vt 0.71875 0.8275108
vt 0.703125 0.9514951
vt 0.6953125 0.9636357
vt 0.703125 0.9963152
vt 0.7109375 0.9636357
vt 0.71875 0.9309559
vt 0.71875 0.8788177
vt 0.734375 0.7757882
vt 0.734375 0.8275108
vt 0.734375 0.8784019
vt 0.734375 0.9232457
vt 0.75 0.7757882
vt 0.75 0.8275108
vt 0.734375 0.9514951
vt 0.7265625 0.9636357
vt 0.734375 0.9963152
vt 0.7421875 0.9636357
vt 0.75 0.9309559
vt 0.75 0.8788177
vt 0.765625 0.7757882
vt 0.765625 0.8275108
vt 0.765625 0.8784019
vt 0.765625 0.9232457
vt 0.78125 0.7757882
vt 0.78125 0.8275108
vt 0.765625 0.9514951
vt 0.7578125 0.9636357
vt 0.765625 0.9963152
vt 0.7734375 0.9636357
vt 0.78125 0.9309559
vt 0.78125 0.8788177
vt 0.796875 0.7757882
vt 0.796875 0.8275108
vt 0.796875 0.8784019
vt 0.796875 0.9232457
vt 0.8125 0.7757882
vt 0.8125 0.8275108
vt 0.796875 0.9514951
vt 0.7890625 0.9636357
vt 0.796875 0.9963152
vt 0.8046875 0.9636357
vt 0.8125 0.9309559
vt 0.8125 0.8788177
vt 0.828125 0.7757882
vt 0.828125 0.8275108
vt 0.828125 0.8784019
vt 0.8281249 0.9232457
vt 0.84375 0.7757882
vt 0.84375 0.8275108
vt 0.8281249 0.9514951
vt 0.8203124 0.9636357
vt 0.8281249 0.9963152
vt 0.8359374 0.9636357
vt 0.84375 0.9309559
vt 0.84375 0.8788177
vt 0.859375 0.7757882
vt 0.859375 0.8275108
vt 0.859375 0.8784019
vt 0.859375 0.9232457
vt 0.875 0.8275108
vt 0.859375 0.9514951
vt 0.8515624 0.9636357
vt 0.8593749 0.9963152
vt 0.8671875 0.9636357
vt 0.875 0.9309559
vt 0.875 0.8788177
vt 0.890625 0.8275108
vt 0.890625 0.8784019
vt 0.90625 0.8788177
vt 0.890625 0.9232457
vt 0.90625 0.9309559
vt 0.921875 0.9232457
vt 0.890625 0.9514951
vt 0.8828125 0.9636357
vt 0.890625 0.9963152
vt 0.8984375 0.9636357
vt 0.921875 0.9514951
vt 0.9140625 0.9636357
vt 0.9296875 0.9636357
vt 0.921875 0.9963152
usemtl M_Clouds
f 1677/1677/1677 1679/1679/1679 1678/1678/1678
f 1677/1677/1677 1678/1678/1678 1680/1680/1680
f 1681/1681/1681 1677/1677/1677 1680/1680/1680
f 1680/1680/1680 1678/1678/1678 1682/1682/1682
f 1681/1681/1681 1680/1680/1680 1683/1683/1683
f 1684/1684/1684 1681/1681/1681 1683/1683/1683
f 1680/1680/1680 1682/1682/1682 1685/1685/1685
f 1683/1683/1683 1680/1680/1680 1685/1685/1685
f 1685/1685/1685 1682/1682/1682 1686/1686/1686
f 1684/1684/1684 1683/1683/1683 1687/1687/1687
f 1688/1688/1688 1684/1684/1684 1687/1687/1687
f 1685/1685/1685 1686/1686/1686 1689/1689/1689
f 1689/1689/1689 1686/1686/1686 1690/1690/1690
f 1683/1683/1683 1685/1685/1685 1691/1691/1691
f 1687/1687/1687 1683/1683/1683 1691/1691/1691
f 1691/1691/1691 1685/1685/1685 1689/1689/1689
f 1688/1688/1688 1687/1687/1687 1692/1692/1692
f 1693/1693/1693 1688/1688/1688 1692/1692/1692
f 1689/1689/1689 1690/1690/1690 1694/1694/1694
f 1694/1694/1694 1690/1690/1690 1695/1695/1695
f 1687/1687/1687 1691/1691/1691 1696/1696/1696
f 1692/1692/1692 1687/1687/1687 1696/1696/1696
f 1691/1691/1691 1689/1689/1689 1697/1697/1697
f 1697/1697/1697 1689/1689/1689 1694/1694/1694
f 1696/1696/1696 1691/1691/1691 1697/1697/1697
f 1693/1693/1693 1692/1692/1692 1698/1698/1698
f 1699/1699/1699 1693/1693/1693 1698/1698/1698
f 1694/1694/1694 1695/1695/1695 1700/1700/1700
f 1700/1700/1700 1695/1695/1695 1701/1701/1701
f 1692/1692/1692 1696/1696/1696 1702/1702/1702
f 1698/1698/1698 1692/1692/1692 1702/1702/1702
f 1696/1696/1696 1697/1697/1697 1703/1703/1703
f 1702/1702/1702 1696/1696/1696 1703/1703/1703
f 1697/1697/1697 1694/1694/1694 1704/1704/1704
f 1704/1704/1704 1694/1694/1694 1700/1700/1700
f 1703/1703/1703 1697/1697/1697 1704/1704/1704
f 1699/1699/1699 1698/1698/1698 1705/1705/1705
f 1706/1706/1706 1699/1699/1699 1705/1705/1705
f 1700/1700/1700 1701/1701/1701 1707/1707/1707
f 1707/1707/1707 1701/1701/1701 1708/1708/1708
f 1698/1698/1698 1702/1702/1702 1709/1709/1709
f 1705/1705/1705 1698/1698/1698 1709/1709/1709
f 1702/1702/1702 1703/1703/1703 1710/1710/1710
f 1709/1709/1709 1702/1702/1702 1710/1710/1710
f 1703/1703/1703 1704/1704/1704 1711/1711/1711
f 1710/1710/1710 1703/1703/1703 1711/1711/1711
f 1704/1704/1704 1700/1700/1700 1712/1712/1712
f 1712/1712/1712 1700/1700/1700 1707/1707/1707
f 1711/1711/1711 1704/1704/1704 1712/1712/1712
f 1706/1706/1706 1705/1705/1705 1713/1713/1713
f 1714/1714/1714 1706/1706/1706 1713/1713/1713
f 1707/1707/1707 1708/1708/1708 1715/1715/1715
f 1715/1715/1715 1708/1708/1708 1716/1716/1716
f 1705/1705/1705 1709/1709/1709 1717/1717/1717
f 1713/1713/1713 1705/1705/1705 1717/1717/1717
f 1709/1709/1709 1710/1710/1710 1718/1718/1718
f 1717/1717/1717 1709/1709/1709 1718/1718/1718
f 1710/1710/1710 1711/1711/1711 1719/1719/1719
f 1718/1718/1718 1710/1710/1710 1719/1719/1719
f 1711/1711/1711 1712/1712/1712 1720/1720/1720
f 1719/1719/1719 1711/1711/1711 1720/1720/1720
f 1712/1712/1712 1707/1707/1707 1721/1721/1721
f 1721/1721/1721 1707/1707/1707 1715/1715/1715
f 1720/1720/1720 1712/1712/1712 1721/1721/1721
f 1715/1715/1715 1716/1716/1716 1722/1722/1722
f 1722/1722/1722 1716/1716/1716 1723/1723/1723
f 1721/1721/1721 1715/1715/1715 1724/1724/1724
f 1724/1724/1724 1715/1715/1715 1722/1722/1722
f 1720/1720/1720 1721/1721/1721 1725/1725/1725
f 1725/1725/1725 1721/1721/1721 1724/1724/1724
f 1719/1719/1719 1720/1720/1720 1726/1726/1726
f 1726/1726/1726 1720/1720/1720 1725/1725/1725
f 1718/1718/1718 1719/1719/1719 1727/1727/1727
f 1727/1727/1727 1719/1719/1719 1726/1726/1726
f 1722/1722/1722 1723/1723/1723 1728/1728/1728
f 1728/1728/1728 1723/1723/1723 1729/1729/1729
f 1724/1724/1724 1722/1722/1722 1730/1730/1730
f 1730/1730/1730 1722/1722/1722 1728/1728/1728
f 1725/1725/1725 1724/1724/1724 1731/1731/1731
f 1731/1731/1731 1724/1724/1724 1730/1730/1730
f 1726/1726/1726 1725/1725/1725 1732/1732/1732
f 1732/1732/1732 1725/1725/1725 1731/1731/1731
f 1728/1728/1728 1729/1729/1729 1733/1733/1733
f 1733/1733/1733 1729/1729/1729 1734/1734/1734
f 1730/1730/1730 1728/1728/1728 1735/1735/1735
f 1735/1735/1735 1728/1728/1728 1733/1733/1733
f 1731/1731/1731 1730/1730/1730 1736/1736/1736
f 1736/1736/1736 1730/1730/1730 1735/1735/1735
f 1733/1733/1733 1734/1734/1734 1737/1737/1737
f 1737/1737/1737 1734/1734/1734 1738/1738/1738
f 1735/1735/1735 1733/1733/1733 1739/1739/1739
f 1739/1739/1739 1733/1733/1733 1737/1737/1737
f 1737/1737/1737 1738/1738/1738 1740/1740/1740
f 1740/1740/1740 1738/1738/1738 1741/1741/1741
f 1742/1742/1742 1726/1726/1726 1732/1732/1732
f 1727/1727/1727 1726/1726/1726 1742/1742/1742
f 1732/1732/1732 1731/1731/1731 1743/1743/1743
f 1743/1743/1743 1731/1731/1731 1736/1736/1736
f 1736/1736/1736 1735/1735/1735 1744/1744/1744
f 1744/1744/1744 1735/1735/1735 1739/1739/1739
f 1739/1739/1739 1737/1737/1737 1745/1745/1745
f 1745/1745/1745 1737/1737/1737 1740/1740/1740
f 1740/1740/1740 1741/1741/1741 1746/1746/1746
f 1746/1746/1746 1741/1741/1741 1747/1747/1747
f 1742/1742/1742 1732/1732/1732 1748/1748/1748
f 1748/1748/1748 1732/1732/1732 1743/1743/1743
f 1743/1743/1743 1736/1736/1736 1749/1749/1749
f 1749/1749/1749 1736/1736/1736 1744/1744/1744
f 1744/1744/1744 1739/1739/1739 1750/1750/1750
f 1750/1750/1750 1739/1739/1739 1745/1745/1745
f 1745/1745/1745 1740/1740/1740 1751/1751/1751
f 1751/1751/1751 1740/1740/1740 1746/1746/1746
f 1746/1746/1746 1747/1747/1747 1752/1752/1752
f 1752/1752/1752 1747/1747/1747 1753/1753/1753
f 1748/1748/1748 1743/1743/1743 1754/1754/1754
f 1754/1754/1754 1743/1743/1743 1749/1749/1749
f 1749/1749/1749 1744/1744/1744 1755/1755/1755
f 1755/1755/1755 1744/1744/1744 1750/1750/1750
f 1750/1750/1750 1745/1745/1745 1756/1756/1756
f 1756/1756/1756 1745/1745/1745 1751/1751/1751
f 1751/1751/1751 1746/1746/1746 1757/1757/1757
f 1757/1757/1757 1746/1746/1746 1752/1752/1752
f 1752/1752/1752 1753/1753/1753 1758/1758/1758
f 1758/1758/1758 1753/1753/1753 1759/1759/1759
f 1754/1754/1754 1749/1749/1749 1760/1760/1760
f 1760/1760/1760 1749/1749/1749 1755/1755/1755
f 1755/1755/1755 1750/1750/1750 1761/1761/1761
f 1761/1761/1761 1750/1750/1750 1756/1756/1756
f 1756/1756/1756 1751/1751/1751 1762/1762/1762
f 1762/1762/1762 1751/1751/1751 1757/1757/1757
f 1757/1757/1757 1752/1752/1752 1763/1763/1763
f 1763/1763/1763 1752/1752/1752 1758/1758/1758
f 1758/1758/1758 1759/1759/1759 1764/1764/1764
f 1764/1764/1764 1759/1759/1759 1765/1765/1765
f 1760/1760/1760 1755/1755/1755 1766/1766/1766
f 1766/1766/1766 1755/1755/1755 1761/1761/1761
f 1761/1761/1761 1756/1756/1756 1767/1767/1767
f 1767/1767/1767 1756/1756/1756 1762/1762/1762
f 1762/1762/1762 1757/1757/1757 1768/1768/1768
f 1768/1768/1768 1757/1757/1757 1763/1763/1763
f 1763/1763/1763 1758/1758/1758 1769/1769/1769
f 1769/1769/1769 1758/1758/1758 1764/1764/1764
f 1764/1764/1764 1765/1765/1765 1770/1770/1770
f 1770/1770/1770 1765/1765/1765 1771/1771/1771
f 1766/1766/1766 1761/1761/1761 1772/1772/1772
f 1772/1772/1772 1761/1761/1761 1767/1767/1767
f 1767/1767/1767 1762/1762/1762 1773/1773/1773
f 1773/1773/1773 1762/1762/1762 1768/1768/1768
f 1768/1768/1768 1763/1763/1763 1774/1774/1774
f 1774/1774/1774 1763/1763/1763 1769/1769/1769
f 1769/1769/1769 1764/1764/1764 1775/1775/1775
f 1775/1775/1775 1764/1764/1764 1770/1770/1770
f 1772/1772/1772 1767/1767/1767 1776/1776/1776
f 1776/1776/1776 1767/1767/1767 1773/1773/1773
f 1773/1773/1773 1768/1768/1768 1777/1777/1777
f 1777/1777/1777 1768/1768/1768 1774/1774/1774
f 1774/1774/1774 1769/1769/1769 1778/1778/1778
f 1778/1778/1778 1769/1769/1769 1775/1775/1775
f 1776/1776/1776 1773/1773/1773 1779/1779/1779
f 1779/1779/1779 1773/1773/1773 1777/1777/1777
f 1777/1777/1777 1774/1774/1774 1780/1780/1780
f 1780/1780/1780 1774/1774/1774 1778/1778/1778
f 1779/1779/1779 1777/1777/1777 1781/1781/1781
f 1781/1781/1781 1777/1777/1777 1780/1780/1780
f 1775/1775/1775 1770/1770/1770 1782/1782/1782
f 1778/1778/1778 1775/1775/1775 1783/1783/1783
f 1783/1783/1783 1775/1775/1775 1782/1782/1782
f 1780/1780/1780 1778/1778/1778 1784/1784/1784
f 1784/1784/1784 1778/1778/1778 1783/1783/1783
f 1781/1781/1781 1780/1780/1780 1785/1785/1785
f 1785/1785/1785 1780/1780/1780 1784/1784/1784
f 1782/1782/1782 1770/1770/1770 1786/1786/1786
f 1770/1770/1770 1771/1771/1771 1786/1786/1786
f 1771/1771/1771 1787/1787/1787 1786/1786/1786
f 1771/1771/1771 1788/1788/1788 1787/1787/1787
f 1789/1789/1789 1787/1787/1787 1788/1788/1788
f 1789/1789/1789 1790/1790/1790 1787/1787/1787
f 1791/1791/1791 1787/1787/1787 1790/1790/1790
f 1791/1791/1791 1786/1786/1786 1787/1787/1787
f 1782/1782/1782 1786/1786/1786 1791/1791/1791
f 1783/1783/1783 1782/1782/1782 1792/1792/1792
f 1792/1792/1792 1782/1782/1782 1791/1791/1791
f 1784/1784/1784 1783/1783/1783 1793/1793/1793
f 1793/1793/1793 1783/1783/1783 1792/1792/1792
f 1785/1785/1785 1784/1784/1784 1794/1794/1794
f 1794/1794/1794 1784/1784/1784 1793/1793/1793
f 1792/1792/1792 1791/1791/1791 1795/1795/1795
f 1793/1793/1793 1792/1792/1792 1796/1796/1796
f 1796/1796/1796 1792/1792/1792 1795/1795/1795
f 1791/1791/1791 1797/1797/1797 1795/1795/1795
f 1791/1791/1791 1798/1798/1798 1797/1797/1797
f 1799/1799/1799 1797/1797/1797 1798/1798/1798
f 1799/1799/1799 1800/1800/1800 1797/1797/1797
f 1801/1801/1801 1797/1797/1797 1800/1800/1800
f 1801/1801/1801 1795/1795/1795 1797/1797/1797
f 1796/1796/1796 1795/1795/1795 1801/1801/1801
f 1802/1802/1802 1793/1793/1793 1796/1796/1796
f 1794/1794/1794 1793/1793/1793 1802/1802/1802
f 1803/1803/1803 1796/1796/1796 1801/1801/1801
f 1802/1802/1802 1796/1796/1796 1803/1803/1803
f 1804/1804/1804 1785/1785/1785 1794/1794/1794
f 1805/1805/1805 1794/1794/1794 1802/1802/1802
f 1804/1804/1804 1794/1794/1794 1805/1805/1805
f 1806/1806/1806 1802/1802/1802 1803/1803/1803
f 1805/1805/1805 1802/1802/1802 1806/1806/1806
f 1807/1807/1807 1785/1785/1785 1804/1804/1804
f 1807/1807/1807 1781/1781/1781 1785/1785/1785
f 1808/1808/1808 1781/1781/1781 1807/1807/1807
f 1808/1808/1808 1779/1779/1779 1781/1781/1781
f 1809/1809/1809 1779/1779/1779 1808/1808/1808
f 1809/1809/1809 1776/1776/1776 1779/1779/1779
f 1810/1810/1810 1776/1776/1776 1809/1809/1809
f 1810/1810/1810 1772/1772/1772 1776/1776/1776
f 1811/1811/1811 1772/1772/1772 1810/1810/1810
f 1811/1811/1811 1766/1766/1766 1772/1772/1772
f 1812/1812/1812 1766/1766/1766 1811/1811/1811
f 1812/1812/1812 1760/1760/1760 1766/1766/1766
f 1813/1813/1813 1760/1760/1760 1812/1812/1812
f 1813/1813/1813 1754/1754/1754 1760/1760/1760
f 1814/1814/1814 1754/1754/1754 1813/1813/1813
f 1814/1814/1814 1748/1748/1748 1754/1754/1754
f 1815/1815/1815 1748/1748/1748 1814/1814/1814
f 1815/1815/1815 1742/1742/1742 1748/1748/1748
f 1816/1816/1816 1742/1742/1742 1815/1815/1815
f 1816/1816/1816 1727/1727/1727 1742/1742/1742
f 1817/1817/1817 1727/1727/1727 1816/1816/1816
f 1817/1817/1817 1718/1718/1718 1727/1727/1727
f 1717/1717/1717 1718/1718/1718 1817/1817/1817
f 1818/1818/1818 1717/1717/1717 1817/1817/1817
f 1713/1713/1713 1717/1717/1717 1818/1818/1818
f 1819/1819/1819 1817/1817/1817 1816/1816/1816
f 1818/1818/1818 1817/1817/1817 1819/1819/1819
f 1820/1820/1820 1816/1816/1816 1815/1815/1815
f 1819/1819/1819 1816/1816/1816 1820/1820/1820
f 1821/1821/1821 1815/1815/1815 1814/1814/1814
f 1820/1820/1820 1815/1815/1815 1821/1821/1821
f 1822/1822/1822 1814/1814/1814 1813/1813/1813
f 1821/1821/1821 1814/1814/1814 1822/1822/1822
f 1823/1823/1823 1713/1713/1713 1818/1818/1818
f 1714/1714/1714 1713/1713/1713 1823/1823/1823
f 1824/1824/1824 1714/1714/1714 1823/1823/1823
f 1825/1825/1825 1818/1818/1818 1819/1819/1819
f 1823/1823/1823 1818/1818/1818 1825/1825/1825
f 1824/1824/1824 1823/1823/1823 1826/1826/1826
f 1826/1826/1826 1823/1823/1823 1825/1825/1825
f 1827/1827/1827 1824/1824/1824 1826/1826/1826
f 1828/1828/1828 1819/1819/1819 1820/1820/1820
f 1825/1825/1825 1819/1819/1819 1828/1828/1828
f 1829/1829/1829 1820/1820/1820 1821/1821/1821
f 1828/1828/1828 1820/1820/1820 1829/1829/1829
f 1827/1827/1827 1826/1826/1826 1830/1830/1830
f 1831/1831/1831 1827/1827/1827 1830/1830/1830
f 1826/1826/1826 1825/1825/1825 1832/1832/1832
f 1832/1832/1832 1825/1825/1825 1828/1828/1828
f 1830/1830/1830 1826/1826/1826 1832/1832/1832
f 1831/1831/1831 1830/1830/1830 1833/1833/1833
f 1834/1834/1834 1831/1831/1831 1833/1833/1833
f 1832/1832/1832 1828/1828/1828 1835/1835/1835
f 1835/1835/1835 1828/1828/1828 1829/1829/1829
f 1830/1830/1830 1832/1832/1832 1836/1836/1836
f 1833/1833/1833 1830/1830/1830 1836/1836/1836
f 1836/1836/1836 1832/1832/1832 1835/1835/1835
f 1829/1829/1829 1821/1821/1821 1837/1837/1837
f 1837/1837/1837 1821/1821/1821 1822/1822/1822
f 1834/1834/1834 1833/1833/1833 1838/1838/1838
f 1839/1839/1839 1834/1834/1834 1838/1838/1838
f 1833/1833/1833 1836/1836/1836 1840/1840/1840
f 1838/1838/1838 1833/1833/1833 1840/1840/1840
f 1836/1836/1836 1835/1835/1835 1841/1841/1841
f 1840/1840/1840 1836/1836/1836 1841/1841/1841
f 1835/1835/1835 1829/1829/1829 1842/1842/1842
f 1842/1842/1842 1829/1829/1829 1837/1837/1837
f 1841/1841/1841 1835/1835/1835 1842/1842/1842
f 1839/1839/1839 1838/1838/1838 1843/1843/1843
f 1844/1844/1844 1839/1839/1839 1843/1843/1843
f 1838/1838/1838 1840/1840/1840 1845/1845/1845
f 1843/1843/1843 1838/1838/1838 1845/1845/1845
f 1840/1840/1840 1841/1841/1841 1846/1846/1846
f 1845/1845/1845 1840/1840/1840 1846/1846/1846
f 1841/1841/1841 1842/1842/1842 1847/1847/1847
f 1846/1846/1846 1841/1841/1841 1847/1847/1847
f 1842/1842/1842 1837/1837/1837 1848/1848/1848
f 1847/1847/1847 1842/1842/1842 1848/1848/1848
f 1844/1844/1844 1843/1843/1843 1849/1849/1849
f 1850/1850/1850 1844/1844/1844 1849/1849/1849
f 1843/1843/1843 1845/1845/1845 1851/1851/1851
f 1849/1849/1849 1843/1843/1843 1851/1851/1851
f 1845/1845/1845 1846/1846/1846 1852/1852/1852
f 1851/1851/1851 1845/1845/1845 1852/1852/1852
f 1846/1846/1846 1847/1847/1847 1853/1853/1853
f 1852/1852/1852 1846/1846/1846 1853/1853/1853
f 1850/1850/1850 1849/1849/1849 1854/1854/1854
f 1855/1855/1855 1850/1850/1850 1854/1854/1854
f 1849/1849/1849 1851/1851/1851 1856/1856/1856
f 1854/1854/1854 1849/1849/1849 1856/1856/1856
f 1851/1851/1851 1852/1852/1852 1857/1857/1857
f 1856/1856/1856 1851/1851/1851 1857/1857/1857
f 1855/1855/1855 1854/1854/1854 1858/1858/1858
f 1859/1859/1859 1855/1855/1855 1858/1858/1858
f 1854/1854/1854 1856/1856/1856 1860/1860/1860
f 1858/1858/1858 1854/1854/1854 1860/1860/1860
f 1859/1859/1859 1858/1858/1858 1861/1861/1861
f 1862/1862/1862 1859/1859/1859 1861/1861/1861
f 1853/1853/1853 1847/1847/1847 1863/1863/1863
f 1847/1847/1847 1848/1848/1848 1863/1863/1863
f 1852/1852/1852 1853/1853/1853 1864/1864/1864
f 1857/1857/1857 1852/1852/1852 1864/1864/1864
f 1856/1856/1856 1857/1857/1857 1865/1865/1865
f 1860/1860/1860 1856/1856/1856 1865/1865/1865
f 1858/1858/1858 1860/1860/1860 1866/1866/1866
f 1861/1861/1861 1858/1858/1858 1866/1866/1866
f 1862/1862/1862 1861/1861/1861 1867/1867/1867
f 1868/1868/1868 1862/1862/1862 1867/1867/1867
f 1853/1853/1853 1863/1863/1863 1869/1869/1869
f 1864/1864/1864 1853/1853/1853 1869/1869/1869
f 1857/1857/1857 1864/1864/1864 1870/1870/1870
f 1865/1865/1865 1857/1857/1857 1870/1870/1870
f 1860/1860/1860 1865/1865/1865 1871/1871/1871
f 1866/1866/1866 1860/1860/1860 1871/1871/1871
f 1861/1861/1861 1866/1866/1866 1872/1872/1872
f 1867/1867/1867 1861/1861/1861 1872/1872/1872
f 1868/1868/1868 1867/1867/1867 1873/1873/1873
f 1874/1874/1874 1868/1868/1868 1873/1873/1873
f 1864/1864/1864 1869/1869/1869 1875/1875/1875
f 1870/1870/1870 1864/1864/1864 1875/1875/1875
f 1865/1865/1865 1870/1870/1870 1876/1876/1876
f 1871/1871/1871 1865/1865/1865 1876/1876/1876
f 1866/1866/1866 1871/1871/1871 1877/1877/1877
f 1872/1872/1872 1866/1866/1866 1877/1877/1877
f 1867/1867/1867 1872/1872/1872 1878/1878/1878
f 1873/1873/1873 1867/1867/1867 1878/1878/1878
f 1874/1874/1874 1873/1873/1873 1879/1879/1879
f 1880/1880/1880 1874/1874/1874 1879/1879/1879
f 1870/1870/1870 1875/1875/1875 1881/1881/1881
f 1876/1876/1876 1870/1870/1870 1881/1881/1881
f 1871/1871/1871 1876/1876/1876 1882/1882/1882
f 1877/1877/1877 1871/1871/1871 1882/1882/1882
f 1872/1872/1872 1877/1877/1877 1883/1883/1883
f 1878/1878/1878 1872/1872/1872 1883/1883/1883
f 1873/1873/1873 1878/1878/1878 1884/1884/1884
f 1879/1879/1879 1873/1873/1873 1884/1884/1884
f 1880/1880/1880 1879/1879/1879 1885/1885/1885
f 1886/1886/1886 1880/1880/1880 1885/1885/1885
f 1876/1876/1876 1881/1881/1881 1887/1887/1887
f 1882/1882/1882 1876/1876/1876 1887/1887/1887
f 1877/1877/1877 1882/1882/1882 1888/1888/1888
f 1883/1883/1883 1877/1877/1877 1888/1888/1888
f 1878/1878/1878 1883/1883/1883 1889/1889/1889
f 1884/1884/1884 1878/1878/1878 1889/1889/1889
f 1879/1879/1879 1884/1884/1884 1890/1890/1890
f 1885/1885/1885 1879/1879/1879 1890/1890/1890
f 1886/1886/1886 1885/1885/1885 1891/1891/1891
f 1892/1892/1892 1886/1886/1886 1891/1891/1891
f 1882/1882/1882 1887/1887/1887 1893/1893/1893
f 1888/1888/1888 1882/1882/1882 1893/1893/1893
f 1883/1883/1883 1888/1888/1888 1894/1894/1894
f 1889/1889/1889 1883/1883/1883 1894/1894/1894
f 1884/1884/1884 1889/1889/1889 1895/1895/1895
f 1890/1890/1890 1884/1884/1884 1895/1895/1895
f 1885/1885/1885 1890/1890/1890 1896/1896/1896
f 1891/1891/1891 1885/1885/1885 1896/1896/1896
f 1892/1892/1892 1891/1891/1891 1897/1897/1897
f 1898/1898/1898 1892/1892/1892 1897/1897/1897
f 1888/1888/1888 1893/1893/1893 1899/1899/1899
f 1894/1894/1894 1888/1888/1888 1899/1899/1899
f 1889/1889/1889 1894/1894/1894 1900/1900/1900
f 1895/1895/1895 1889/1889/1889 1900/1900/1900
f 1890/1890/1890 1895/1895/1895 1901/1901/1901
f 1896/1896/1896 1890/1890/1890 1901/1901/1901
f 1891/1891/1891 1896/1896/1896 1902/1902/1902
f 1897/1897/1897 1891/1891/1891 1902/1902/1902
f 1898/1898/1898 1897/1897/1897 1903/1903/1903
f 1904/1904/1904 1898/1898/1898 1903/1903/1903
f 1894/1894/1894 1899/1899/1899 1905/1905/1905
f 1900/1900/1900 1894/1894/1894 1905/1905/1905
f 1895/1895/1895 1900/1900/1900 1906/1906/1906
f 1901/1901/1901 1895/1895/1895 1906/1906/1906
f 1896/1896/1896 1901/1901/1901 1907/1907/1907
f 1902/1902/1902 1896/1896/1896 1907/1907/1907
f 1897/1897/1897 1902/1902/1902 1908/1908/1908
f 1903/1903/1903 1897/1897/1897 1908/1908/1908
f 1904/1904/1904 1903/1903/1903 1909/1909/1909
f 1910/1910/1910 1904/1904/1904 1909/1909/1909
f 1900/1900/1900 1905/1905/1905 1911/1911/1911
f 1906/1906/1906 1900/1900/1900 1911/1911/1911
f 1901/1901/1901 1906/1906/1906 1912/1912/1912
f 1907/1907/1907 1901/1901/1901 1912/1912/1912
f 1902/1902/1902 1907/1907/1907 1913/1913/1913
f 1908/1908/1908 1902/1902/1902 1913/1913/1913
f 1903/1903/1903 1908/1908/1908 1914/1914/1914
f 1909/1909/1909 1903/1903/1903 1914/1914/1914
f 1910/1910/1910 1909/1909/1909 1915/1915/1915
f 1916/1916/1916 1910/1910/1910 1915/1915/1915
f 1906/1906/1906 1911/1911/1911 1917/1917/1917
f 1912/1912/1912 1906/1906/1906 1917/1917/1917
f 1907/1907/1907 1912/1912/1912 1918/1918/1918
f 1913/1913/1913 1907/1907/1907 1918/1918/1918
f 1908/1908/1908 1913/1913/1913 1919/1919/1919
f 1914/1914/1914 1908/1908/1908 1919/1919/1919
f 1909/1909/1909 1914/1914/1914 1920/1920/1920
f 1915/1915/1915 1909/1909/1909 1920/1920/1920
f 1916/1916/1916 1915/1915/1915 1921/1921/1921
f 1922/1922/1922 1916/1916/1916 1921/1921/1921
f 1912/1912/1912 1917/1917/1917 1923/1923/1923
f 1918/1918/1918 1912/1912/1912 1923/1923/1923
f 1913/1913/1913 1918/1918/1918 1924/1924/1924
f 1919/1919/1919 1913/1913/1913 1924/1924/1924
f 1914/1914/1914 1919/1919/1919 1925/1925/1925
f 1920/1920/1920 1914/1914/1914 1925/1925/1925
f 1915/1915/1915 1920/1920/1920 1926/1926/1926
f 1921/1921/1921 1915/1915/1915 1926/1926/1926
f 1922/1922/1922 1921/1921/1921 1927/1927/1927
f 1928/1928/1928 1922/1922/1922 1927/1927/1927
f 1918/1918/1918 1923/1923/1923 1929/1929/1929
f 1924/1924/1924 1918/1918/1918 1929/1929/1929
f 1919/1919/1919 1924/1924/1924 1930/1930/1930
f 1925/1925/1925 1919/1919/1919 1930/1930/1930
f 1920/1920/1920 1925/1925/1925 1931/1931/1931
f 1926/1926/1926 1920/1920/1920 1931/1931/1931
f 1921/1921/1921 1926/1926/1926 1932/1932/1932
f 1927/1927/1927 1921/1921/1921 1932/1932/1932
f 1928/1928/1928 1927/1927/1927 1933/1933/1933
f 1934/1934/1934 1928/1928/1928 1933/1933/1933
f 1924/1924/1924 1929/1929/1929 1935/1935/1935
f 1930/1930/1930 1924/1924/1924 1935/1935/1935
f 1925/1925/1925 1930/1930/1930 1936/1936/1936
f 1931/1931/1931 1925/1925/1925 1936/1936/1936
f 1926/1926/1926 1931/1931/1931 1937/1937/1937
f 1932/1932/1932 1926/1926/1926 1937/1937/1937
f 1927/1927/1927 1932/1932/1932 1938/1938/1938
f 1933/1933/1933 1927/1927/1927 1938/1938/1938
f 1934/1934/1934 1933/1933/1933 1939/1939/1939
f 1940/1940/1940 1934/1934/1934 1939/1939/1939
f 1930/1930/1930 1935/1935/1935 1941/1941/1941
f 1936/1936/1936 1930/1930/1930 1941/1941/1941
f 1931/1931/1931 1936/1936/1936 1942/1942/1942
f 1937/1937/1937 1931/1931/1931 1942/1942/1942
f 1932/1932/1932 1937/1937/1937 1943/1943/1943
f 1938/1938/1938 1932/1932/1932 1943/1943/1943
f 1933/1933/1933 1938/1938/1938 1944/1944/1944
f 1939/1939/1939 1933/1933/1933 1944/1944/1944
f 1940/1940/1940 1939/1939/1939 1945/1945/1945
f 1946/1946/1946 1940/1940/1940 1945/1945/1945
f 1936/1936/1936 1941/1941/1941 1947/1947/1947
f 1942/1942/1942 1936/1936/1936 1947/1947/1947
f 1937/1937/1937 1942/1942/1942 1948/1948/1948
f 1943/1943/1943 1937/1937/1937 1948/1948/1948
f 1938/1938/1938 1943/1943/1943 1949/1949/1949
f 1944/1944/1944 1938/1938/1938 1949/1949/1949
f 1939/1939/1939 1944/1944/1944 1950/1950/1950
f 1945/1945/1945 1939/1939/1939 1950/1950/1950
f 1946/1946/1946 1945/1945/1945 1951/1951/1951
f 1952/1952/1952 1946/1946/1946 1951/1951/1951
f 1942/1942/1942 1947/1947/1947 1953/1953/1953
f 1948/1948/1948 1942/1942/1942 1953/1953/1953
f 1943/1943/1943 1948/1948/1948 1954/1954/1954
f 1949/1949/1949 1943/1943/1943 1954/1954/1954
f 1944/1944/1944 1949/1949/1949 1955/1955/1955
f 1950/1950/1950 1944/1944/1944 1955/1955/1955
f 1945/1945/1945 1950/1950/1950 1956/1956/1956
f 1951/1951/1951 1945/1945/1945 1956/1956/1956
f 1952/1952/1952 1951/1951/1951 1957/1957/1957
f 1958/1958/1958 1952/1952/1952 1957/1957/1957
f 1948/1948/1948 1953/1953/1953 1959/1959/1959
f 1954/1954/1954 1948/1948/1948 1959/1959/1959
f 1949/1949/1949 1954/1954/1954 1960/1960/1960
f 1955/1955/1955 1949/1949/1949 1960/1960/1960
f 1950/1950/1950 1955/1955/1955 1961/1961/1961
f 1956/1956/1956 1950/1950/1950 1961/1961/1961
f 1951/1951/1951 1956/1956/1956 1962/1962/1962
f 1957/1957/1957 1951/1951/1951 1962/1962/1962
f 1958/1958/1958 1957/1957/1957 1963/1963/1963
f 1964/1964/1964 1958/1958/1958 1963/1963/1963
f 1954/1954/1954 1959/1959/1959 1965/1965/1965
f 1960/1960/1960 1954/1954/1954 1965/1965/1965
f 1955/1955/1955 1960/1960/1960 1966/1966/1966
f 1961/1961/1961 1955/1955/1955 1966/1966/1966
f 1956/1956/1956 1961/1961/1961 1967/1967/1967
f 1962/1962/1962 1956/1956/1956 1967/1967/1967
f 1957/1957/1957 1962/1962/1962 1968/1968/1968
f 1963/1963/1963 1957/1957/1957 1968/1968/1968
f 1964/1964/1964 1963/1963/1963 1969/1969/1969
f 1970/1970/1970 1964/1964/1964 1969/1969/1969
f 1960/1960/1960 1965/1965/1965 1971/1971/1971
f 1966/1966/1966 1960/1960/1960 1971/1971/1971
f 1961/1961/1961 1966/1966/1966 1972/1972/1972
f 1967/1967/1967 1961/1961/1961 1972/1972/1972
f 1962/1962/1962 1967/1967/1967 1973/1973/1973
f 1968/1968/1968 1962/1962/1962 1973/1973/1973
f 1963/1963/1963 1968/1968/1968 1974/1974/1974
f 1969/1969/1969 1963/1963/1963 1974/1974/1974
f 1970/1970/1970 1969/1969/1969 1975/1975/1975
f 1976/1976/1976 1970/1970/1970 1975/1975/1975
f 1966/1966/1966 1971/1971/1971 1977/1977/1977
f 1972/1972/1972 1966/1966/1966 1977/1977/1977
f 1967/1967/1967 1972/1972/1972 1978/1978/1978
f 1973/1973/1973 1967/1967/1967 1978/1978/1978
f 1968/1968/1968 1973/1973/1973 1979/1979/1979
f 1974/1974/1974 1968/1968/1968 1979/1979/1979
f 1969/1969/1969 1974/1974/1974 1980/1980/1980
f 1975/1975/1975 1969/1969/1969 1980/1980/1980
f 1976/1976/1976 1975/1975/1975 1981/1981/1981
f 1982/1982/1982 1976/1976/1976 1981/1981/1981
f 1972/1972/1972 1977/1977/1977 1983/1983/1983
f 1978/1978/1978 1972/1972/1972 1983/1983/1983
f 1973/1973/1973 1978/1978/1978 1984/1984/1984
f 1979/1979/1979 1973/1973/1973 1984/1984/1984
f 1974/1974/1974 1979/1979/1979 1985/1985/1985
f 1980/1980/1980 1974/1974/1974 1985/1985/1985
f 1975/1975/1975 1980/1980/1980 1986/1986/1986
f 1981/1981/1981 1975/1975/1975 1986/1986/1986
f 1982/1982/1982 1981/1981/1981 1987/1987/1987
f 1988/1988/1988 1982/1982/1982 1987/1987/1987
f 1978/1978/1978 1983/1983/1983 1989/1989/1989
f 1984/1984/1984 1978/1978/1978 1989/1989/1989
f 1979/1979/1979 1984/1984/1984 1990/1990/1990
f 1985/1985/1985 1979/1979/1979 1990/1990/1990
f 1980/1980/1980 1985/1985/1985 1991/1991/1991
f 1986/1986/1986 1980/1980/1980 1991/1991/1991
f 1981/1981/1981 1986/1986/1986 1992/1992/1992
f 1987/1987/1987 1981/1981/1981 1992/1992/1992
f 1988/1988/1988 1987/1987/1987 1993/1993/1993
f 1994/1994/1994 1988/1988/1988 1993/1993/1993
f 1984/1984/1984 1989/1989/1989 1995/1995/1995
f 1990/1990/1990 1984/1984/1984 1995/1995/1995
f 1985/1985/1985 1990/1990/1990 1996/1996/1996
f 1991/1991/1991 1985/1985/1985 1996/1996/1996
f 1986/1986/1986 1991/1991/1991 1997/1997/1997
f 1992/1992/1992 1986/1986/1986 1997/1997/1997
f 1987/1987/1987 1992/1992/1992 1998/1998/1998
f 1993/1993/1993 1987/1987/1987 1998/1998/1998
f 1994/1994/1994 1993/1993/1993 1999/1999/1999
f 2000/2000/2000 1994/1994/1994 1999/1999/1999
f 1990/1990/1990 1995/1995/1995 2001/2001/2001
f 1996/1996/1996 1990/1990/1990 2001/2001/2001
f 1991/1991/1991 1996/1996/1996 2002/2002/2002
f 1997/1997/1997 1991/1991/1991 2002/2002/2002
f 1992/1992/1992 1997/1997/1997 2003/2003/2003
f 1998/1998/1998 1992/1992/1992 2003/2003/2003
f 1993/1993/1993 1998/1998/1998 2004/2004/2004
f 1999/1999/1999 1993/1993/1993 2004/2004/2004
f 2000/2000/2000 1999/1999/1999 2005/2005/2005
f 2006/2006/2006 2000/2000/2000 2005/2005/2005
f 1996/1996/1996 2001/2001/2001 2007/2007/2007
f 2002/2002/2002 1996/1996/1996 2007/2007/2007
f 1997/1997/1997 2002/2002/2002 2008/2008/2008
f 2003/2003/2003 1997/1997/1997 2008/2008/2008
f 1998/1998/1998 2003/2003/2003 2009/2009/2009
f 2004/2004/2004 1998/1998/1998 2009/2009/2009
f 1999/1999/1999 2004/2004/2004 2010/2010/2010
f 2005/2005/2005 1999/1999/1999 2010/2010/2010
f 2006/2006/2006 2005/2005/2005 2011/2011/2011
f 2012/2012/2012 2006/2006/2006 2011/2011/2011
f 2002/2002/2002 2007/2007/2007 2013/2013/2013
f 2008/2008/2008 2002/2002/2002 2013/2013/2013
f 2003/2003/2003 2008/2008/2008 2014/2014/2014
f 2009/2009/2009 2003/2003/2003 2014/2014/2014
f 2004/2004/2004 2009/2009/2009 2015/2015/2015
f 2010/2010/2010 2004/2004/2004 2015/2015/2015
f 2005/2005/2005 2010/2010/2010 2016/2016/2016
f 2011/2011/2011 2005/2005/2005 2016/2016/2016
f 2012/2012/2012 2011/2011/2011 2017/2017/2017
f 2018/2018/2018 2012/2012/2012 2017/2017/2017
f 2008/2008/2008 2013/2013/2013 2019/2019/2019
f 2014/2014/2014 2008/2008/2008 2019/2019/2019
f 2009/2009/2009 2014/2014/2014 2020/2020/2020
f 2015/2015/2015 2009/2009/2009 2020/2020/2020
f 2010/2010/2010 2015/2015/2015 2021/2021/2021
f 2016/2016/2016 2010/2010/2010 2021/2021/2021
f 2011/2011/2011 2016/2016/2016 2022/2022/2022
f 2017/2017/2017 2011/2011/2011 2022/2022/2022
f 2018/2018/2018 2017/2017/2017 2023/2023/2023
f 2024/2024/2024 2018/2018/2018 2023/2023/2023
f 2014/2014/2014 2019/2019/2019 2025/2025/2025
f 2020/2020/2020 2014/2014/2014 2025/2025/2025
f 2015/2015/2015 2020/2020/2020 2026/2026/2026
f 2021/2021/2021 2015/2015/2015 2026/2026/2026
f 2016/2016/2016 2021/2021/2021 2027/2027/2027
f 2022/2022/2022 2016/2016/2016 2027/2027/2027
f 2017/2017/2017 2022/2022/2022 2028/2028/2028
f 2023/2023/2023 2017/2017/2017 2028/2028/2028
f 2024/2024/2024 2023/2023/2023 2029/2029/2029
f 2030/2030/2030 2024/2024/2024 2029/2029/2029
f 2020/2020/2020 2025/2025/2025 2031/2031/2031
f 2026/2026/2026 2020/2020/2020 2031/2031/2031
f 2021/2021/2021 2026/2026/2026 2032/2032/2032
f 2027/2027/2027 2021/2021/2021 2032/2032/2032
f 2022/2022/2022 2027/2027/2027 2033/2033/2033
f 2028/2028/2028 2022/2022/2022 2033/2033/2033
f 2023/2023/2023 2028/2028/2028 2034/2034/2034
f 2029/2029/2029 2023/2023/2023 2034/2034/2034
f 2030/2030/2030 2029/2029/2029 2035/2035/2035
f 2036/2036/2036 2030/2030/2030 2035/2035/2035
f 2026/2026/2026 2031/2031/2031 2037/2037/2037
f 2032/2032/2032 2026/2026/2026 2037/2037/2037
f 2027/2027/2027 2032/2032/2032 2038/2038/2038
f 2033/2033/2033 2027/2027/2027 2038/2038/2038
f 2028/2028/2028 2033/2033/2033 2039/2039/2039
f 2034/2034/2034 2028/2028/2028 2039/2039/2039
f 2029/2029/2029 2034/2034/2034 2040/2040/2040
f 2035/2035/2035 2029/2029/2029 2040/2040/2040
f 2036/2036/2036 2035/2035/2035 2041/2041/2041
f 2042/2042/2042 2036/2036/2036 2041/2041/2041
f 2032/2032/2032 2037/2037/2037 2043/2043/2043
f 2038/2038/2038 2032/2032/2032 2043/2043/2043
f 2033/2033/2033 2038/2038/2038 2044/2044/2044
f 2039/2039/2039 2033/2033/2033 2044/2044/2044
f 2034/2034/2034 2039/2039/2039 2045/2045/2045
f 2040/2040/2040 2034/2034/2034 2045/2045/2045
f 2035/2035/2035 2040/2040/2040 2046/2046/2046
f 2041/2041/2041 2035/2035/2035 2046/2046/2046
f 2042/2042/2042 2041/2041/2041 2047/2047/2047
f 2048/2048/2048 2042/2042/2042 2047/2047/2047
f 2038/2038/2038 2043/2043/2043 2049/2049/2049
f 2044/2044/2044 2038/2038/2038 2049/2049/2049
f 2039/2039/2039 2044/2044/2044 2050/2050/2050
f 2045/2045/2045 2039/2039/2039 2050/2050/2050
f 2040/2040/2040 2045/2045/2045 2051/2051/2051
f 2046/2046/2046 2040/2040/2040 2051/2051/2051
f 2041/2041/2041 2046/2046/2046 2052/2052/2052
f 2047/2047/2047 2041/2041/2041 2052/2052/2052
f 2048/2048/2048 2047/2047/2047 2053/2053/2053
f 2054/2054/2054 2048/2048/2048 2053/2053/2053
f 2044/2044/2044 2049/2049/2049 2055/2055/2055
f 2050/2050/2050 2044/2044/2044 2055/2055/2055
f 2045/2045/2045 2050/2050/2050 2056/2056/2056
f 2051/2051/2051 2045/2045/2045 2056/2056/2056
f 2046/2046/2046 2051/2051/2051 2057/2057/2057
f 2052/2052/2052 2046/2046/2046 2057/2057/2057
f 2047/2047/2047 2052/2052/2052 2058/2058/2058
f 2053/2053/2053 2047/2047/2047 2058/2058/2058
f 2054/2054/2054 2053/2053/2053 2059/2059/2059
f 2060/2060/2060 2054/2054/2054 2059/2059/2059
f 2050/2050/2050 2055/2055/2055 2061/2061/2061
f 2056/2056/2056 2050/2050/2050 2061/2061/2061
f 2051/2051/2051 2056/2056/2056 2062/2062/2062
f 2057/2057/2057 2051/2051/2051 2062/2062/2062
f 2052/2052/2052 2057/2057/2057 2063/2063/2063
f 2058/2058/2058 2052/2052/2052 2063/2063/2063
f 2053/2053/2053 2058/2058/2058 2064/2064/2064
f 2059/2059/2059 2053/2053/2053 2064/2064/2064
f 2060/2060/2060 2059/2059/2059 2065/2065/2065
f 2066/2066/2066 2060/2060/2060 2065/2065/2065
f 2056/2056/2056 2061/2061/2061 2067/2067/2067
f 2062/2062/2062 2056/2056/2056 2067/2067/2067
f 2057/2057/2057 2062/2062/2062 2068/2068/2068
f 2063/2063/2063 2057/2057/2057 2068/2068/2068
f 2058/2058/2058 2063/2063/2063 2069/2069/2069
f 2064/2064/2064 2058/2058/2058 2069/2069/2069
f 2059/2059/2059 2064/2064/2064 2070/2070/2070
f 2065/2065/2065 2059/2059/2059 2070/2070/2070
f 2066/2066/2066 2065/2065/2065 2071/2071/2071
f 2072/2072/2072 2066/2066/2066 2071/2071/2071
f 2062/2062/2062 2067/2067/2067 2073/2073/2073
f 2068/2068/2068 2062/2062/2062 2073/2073/2073
f 2063/2063/2063 2068/2068/2068 2074/2074/2074
f 2069/2069/2069 2063/2063/2063 2074/2074/2074
f 2064/2064/2064 2069/2069/2069 2075/2075/2075
f 2070/2070/2070 2064/2064/2064 2075/2075/2075
f 2065/2065/2065 2070/2070/2070 2076/2076/2076
f 2071/2071/2071 2065/2065/2065 2076/2076/2076
f 2072/2072/2072 2071/2071/2071 2077/2077/2077
f 2078/2078/2078 2072/2072/2072 2077/2077/2077
f 2068/2068/2068 2073/2073/2073 2079/2079/2079
f 2074/2074/2074 2068/2068/2068 2079/2079/2079
f 2069/2069/2069 2074/2074/2074 2080/2080/2080
f 2075/2075/2075 2069/2069/2069 2080/2080/2080
f 2070/2070/2070 2075/2075/2075 2081/2081/2081
f 2076/2076/2076 2070/2070/2070 2081/2081/2081
f 2071/2071/2071 2076/2076/2076 2082/2082/2082
f 2077/2077/2077 2071/2071/2071 2082/2082/2082
f 2078/2078/2078 2077/2077/2077 2083/2083/2083
f 2084/2084/2084 2078/2078/2078 2083/2083/2083
f 2074/2074/2074 2079/2079/2079 2085/2085/2085
f 2080/2080/2080 2074/2074/2074 2085/2085/2085
f 2075/2075/2075 2080/2080/2080 2086/2086/2086
f 2081/2081/2081 2075/2075/2075 2086/2086/2086
f 2076/2076/2076 2081/2081/2081 2087/2087/2087
f 2082/2082/2082 2076/2076/2076 2087/2087/2087
f 2077/2077/2077 2082/2082/2082 2088/2088/2088
f 2083/2083/2083 2077/2077/2077 2088/2088/2088
f 2084/2084/2084 2083/2083/2083 2089/2089/2089
f 2090/2090/2090 2084/2084/2084 2089/2089/2089
f 2080/2080/2080 2085/2085/2085 2091/2091/2091
f 2086/2086/2086 2080/2080/2080 2091/2091/2091
f 2081/2081/2081 2086/2086/2086 2092/2092/2092
f 2087/2087/2087 2081/2081/2081 2092/2092/2092
f 2082/2082/2082 2087/2087/2087 2093/2093/2093
f 2088/2088/2088 2082/2082/2082 2093/2093/2093
f 2083/2083/2083 2088/2088/2088 2094/2094/2094
f 2089/2089/2089 2083/2083/2083 2094/2094/2094
f 2090/2090/2090 2089/2089/2089 2095/2095/2095
f 2096/2096/2096 2090/2090/2090 2095/2095/2095
f 2086/2086/2086 2091/2091/2091 2097/2097/2097
f 2092/2092/2092 2086/2086/2086 2097/2097/2097
f 2087/2087/2087 2092/2092/2092 2098/2098/2098
f 2093/2093/2093 2087/2087/2087 2098/2098/2098
f 2088/2088/2088 2093/2093/2093 2099/2099/2099
f 2094/2094/2094 2088/2088/2088 2099/2099/2099
f 2089/2089/2089 2094/2094/2094 2100/2100/2100
f 2095/2095/2095 2089/2089/2089 2100/2100/2100
f 2096/2096/2096 2095/2095/2095 2101/2101/2101
f 2102/2102/2102 2096/2096/2096 2101/2101/2101
f 2092/2092/2092 2097/2097/2097 2103/2103/2103
f 2098/2098/2098 2092/2092/2092 2103/2103/2103
f 2093/2093/2093 2098/2098/2098 2104/2104/2104
f 2099/2099/2099 2093/2093/2093 2104/2104/2104
f 2094/2094/2094 2099/2099/2099 2105/2105/2105
f 2100/2100/2100 2094/2094/2094 2105/2105/2105
f 2095/2095/2095 2100/2100/2100 2106/2106/2106
f 2101/2101/2101 2095/2095/2095 2106/2106/2106
f 2102/2102/2102 2101/2101/2101 2107/2107/2107
f 2108/2108/2108 2102/2102/2102 2107/2107/2107
f 2098/2098/2098 2103/2103/2103 2109/2109/2109
f 2104/2104/2104 2098/2098/2098 2109/2109/2109
f 2099/2099/2099 2104/2104/2104 2110/2110/2110
f 2105/2105/2105 2099/2099/2099 2110/2110/2110
f 2100/2100/2100 2105/2105/2105 2111/2111/2111
f 2106/2106/2106 2100/2100/2100 2111/2111/2111
f 2101/2101/2101 2106/2106/2106 2112/2112/2112
f 2107/2107/2107 2101/2101/2101 2112/2112/2112
f 2108/2108/2108 2107/2107/2107 2113/2113/2113
f 2114/2114/2114 2108/2108/2108 2113/2113/2113
f 2104/2104/2104 2109/2109/2109 2115/2115/2115
f 2110/2110/2110 2104/2104/2104 2115/2115/2115
f 2105/2105/2105 2110/2110/2110 2116/2116/2116
f 2111/2111/2111 2105/2105/2105 2116/2116/2116
f 2106/2106/2106 2111/2111/2111 2117/2117/2117
f 2112/2112/2112 2106/2106/2106 2117/2117/2117
f 2107/2107/2107 2112/2112/2112 2118/2118/2118
f 2113/2113/2113 2107/2107/2107 2118/2118/2118
f 2114/2114/2114 2113/2113/2113 2119/2119/2119
f 2120/2120/2120 2114/2114/2114 2119/2119/2119
f 2110/2110/2110 2115/2115/2115 2121/2121/2121
f 2116/2116/2116 2110/2110/2110 2121/2121/2121
f 2111/2111/2111 2116/2116/2116 2122/2122/2122
f 2117/2117/2117 2111/2111/2111 2122/2122/2122
f 2112/2112/2112 2117/2117/2117 2123/2123/2123
f 2118/2118/2118 2112/2112/2112 2123/2123/2123
f 2113/2113/2113 2118/2118/2118 2124/2124/2124
f 2119/2119/2119 2113/2113/2113 2124/2124/2124
f 2120/2120/2120 2119/2119/2119 2125/2125/2125
f 2126/2126/2126 2120/2120/2120 2125/2125/2125
f 2116/2116/2116 2121/2121/2121 2127/2127/2127
f 2122/2122/2122 2116/2116/2116 2127/2127/2127
f 2117/2117/2117 2122/2122/2122 2128/2128/2128
f 2123/2123/2123 2117/2117/2117 2128/2128/2128
f 2118/2118/2118 2123/2123/2123 2129/2129/2129
f 2124/2124/2124 2118/2118/2118 2129/2129/2129
f 2119/2119/2119 2124/2124/2124 2130/2130/2130
f 2125/2125/2125 2119/2119/2119 2130/2130/2130
f 2126/2126/2126 2125/2125/2125 2131/2131/2131
f 2132/2132/2132 2126/2126/2126 2131/2131/2131
f 2122/2122/2122 2127/2127/2127 2133/2133/2133
f 2128/2128/2128 2122/2122/2122 2133/2133/2133
f 2123/2123/2123 2128/2128/2128 2134/2134/2134
f 2129/2129/2129 2123/2123/2123 2134/2134/2134
f 2124/2124/2124 2129/2129/2129 2135/2135/2135
f 2130/2130/2130 2124/2124/2124 2135/2135/2135
f 2125/2125/2125 2130/2130/2130 2136/2136/2136
f 2131/2131/2131 2125/2125/2125 2136/2136/2136
f 2132/2132/2132 2131/2131/2131 2137/2137/2137
f 2138/2138/2138 2132/2132/2132 2137/2137/2137
f 2138/2138/2138 2137/2137/2137 2139/2139/2139
f 2137/2137/2137 2131/2131/2131 2140/2140/2140
f 2131/2131/2131 2136/2136/2136 2140/2140/2140
f 2139/2139/2139 2137/2137/2137 2141/2141/2141
f 2137/2137/2137 2140/2140/2140 2141/2141/2141
f 2139/2139/2139 2141/2141/2141 2142/2142/2142
f 2136/2136/2136 2130/2130/2130 2143/2143/2143
f 2130/2130/2130 2135/2135/2135 2143/2143/2143
f 2135/2135/2135 2129/2129/2129 2144/2144/2144
f 2129/2129/2129 2134/2134/2134 2144/2144/2144
f 2140/2140/2140 2136/2136/2136 2145/2145/2145
f 2136/2136/2136 2143/2143/2143 2145/2145/2145
f 2142/2142/2142 2141/2141/2141 2146/2146/2146
f 2142/2142/2142 2146/2146/2146 2147/2147/2147
f 2141/2141/2141 2140/2140/2140 2148/2148/2148
f 2140/2140/2140 2145/2145/2145 2148/2148/2148
f 2141/2141/2141 2148/2148/2148 2146/2146/2146
f 2143/2143/2143 2135/2135/2135 2149/2149/2149
f 2135/2135/2135 2144/2144/2144 2149/2149/2149
f 2147/2147/2147 2146/2146/2146 2150/2150/2150
f 2147/2147/2147 2150/2150/2150 2151/2151/2151
f 2145/2145/2145 2143/2143/2143 2152/2152/2152
f 2143/2143/2143 2149/2149/2149 2152/2152/2152
f 2146/2146/2146 2148/2148/2148 2153/2153/2153
f 2146/2146/2146 2153/2153/2153 2150/2150/2150
f 2148/2148/2148 2145/2145/2145 2154/2154/2154
f 2145/2145/2145 2152/2152/2152 2154/2154/2154
f 2148/2148/2148 2154/2154/2154 2153/2153/2153
f 2151/2151/2151 2150/2150/2150 2155/2155/2155
f 2151/2151/2151 2155/2155/2155 2156/2156/2156
f 2150/2150/2150 2153/2153/2153 2157/2157/2157
f 2150/2150/2150 2157/2157/2157 2155/2155/2155
f 2153/2153/2153 2154/2154/2154 2158/2158/2158
f 2153/2153/2153 2158/2158/2158 2157/2157/2157
f 2154/2154/2154 2152/2152/2152 2159/2159/2159
f 2154/2154/2154 2159/2159/2159 2158/2158/2158
f 2152/2152/2152 2149/2149/2149 2160/2160/2160
f 2152/2152/2152 2160/2160/2160 2159/2159/2159
f 2156/2156/2156 2155/2155/2155 2161/2161/2161
f 2156/2156/2156 2161/2161/2161 2162/2162/2162
f 2155/2155/2155 2157/2157/2157 2163/2163/2163
f 2155/2155/2155 2163/2163/2163 2161/2161/2161
f 2157/2157/2157 2158/2158/2158 2164/2164/2164
f 2157/2157/2157 2164/2164/2164 2163/2163/2163
f 2158/2158/2158 2159/2159/2159 2165/2165/2165
f 2158/2158/2158 2165/2165/2165 2164/2164/2164
f 2162/2162/2162 2161/2161/2161 2166/2166/2166
f 2162/2162/2162 2166/2166/2166 2167/2167/2167
f 2161/2161/2161 2163/2163/2163 2168/2168/2168
f 2161/2161/2161 2168/2168/2168 2166/2166/2166
f 2163/2163/2163 2164/2164/2164 2169/2169/2169
f 2163/2163/2163 2169/2169/2169 2168/2168/2168
f 2167/2167/2167 2166/2166/2166 2170/2170/2170
f 2167/2167/2167 2170/2170/2170 2171/2171/2171
f 2166/2166/2166 2168/2168/2168 2172/2172/2172
f 2166/2166/2166 2172/2172/2172 2170/2170/2170
f 2171/2171/2171 2170/2170/2170 2173/2173/2173
f 2171/2171/2171 2173/2173/2173 2174/2174/2174
f 2159/2159/2159 2175/2175/2175 2165/2165/2165
f 2159/2159/2159 2160/2160/2160 2175/2175/2175
f 2164/2164/2164 2165/2165/2165 2176/2176/2176
f 2164/2164/2164 2176/2176/2176 2169/2169/2169
f 2168/2168/2168 2169/2169/2169 2177/2177/2177
f 2168/2168/2168 2177/2177/2177 2172/2172/2172
f 2170/2170/2170 2172/2172/2172 2178/2178/2178
f 2170/2170/2170 2178/2178/2178 2173/2173/2173
f 2174/2174/2174 2173/2173/2173 2179/2179/2179
f 2174/2174/2174 2179/2179/2179 2180/2180/2180
f 2165/2165/2165 2175/2175/2175 2181/2181/2181
f 2165/2165/2165 2181/2181/2181 2176/2176/2176
f 2169/2169/2169 2176/2176/2176 2182/2182/2182
f 2169/2169/2169 2182/2182/2182 2177/2177/2177
f 2172/2172/2172 2177/2177/2177 2183/2183/2183
f 2172/2172/2172 2183/2183/2183 2178/2178/2178
f 2173/2173/2173 2178/2178/2178 2184/2184/2184
f 2173/2173/2173 2184/2184/2184 2179/2179/2179
f 2180/2180/2180 2179/2179/2179 2185/2185/2185
f 2180/2180/2180 2185/2185/2185 2186/2186/2186
f 2176/2176/2176 2181/2181/2181 2187/2187/2187
f 2176/2176/2176 2187/2187/2187 2182/2182/2182
f 2177/2177/2177 2182/2182/2182 2188/2188/2188
f 2177/2177/2177 2188/2188/2188 2183/2183/2183
f 2178/2178/2178 2183/2183/2183 2189/2189/2189
f 2178/2178/2178 2189/2189/2189 2184/2184/2184
f 2179/2179/2179 2184/2184/2184 2190/2190/2190
f 2179/2179/2179 2190/2190/2190 2185/2185/2185
f 2186/2186/2186 2185/2185/2185 2191/2191/2191
f 2186/2186/2186 2191/2191/2191 2192/2192/2192
f 2182/2182/2182 2187/2187/2187 2193/2193/2193
f 2182/2182/2182 2193/2193/2193 2188/2188/2188
f 2183/2183/2183 2188/2188/2188 2194/2194/2194
f 2183/2183/2183 2194/2194/2194 2189/2189/2189
f 2184/2184/2184 2189/2189/2189 2195/2195/2195
f 2184/2184/2184 2195/2195/2195 2190/2190/2190
f 2185/2185/2185 2190/2190/2190 2196/2196/2196
f 2185/2185/2185 2196/2196/2196 2191/2191/2191
f 2192/2192/2192 2191/2191/2191 2197/2197/2197
f 2192/2192/2192 2197/2197/2197 2198/2198/2198
f 2188/2188/2188 2193/2193/2193 2199/2199/2199
f 2188/2188/2188 2199/2199/2199 2194/2194/2194
f 2189/2189/2189 2194/2194/2194 2200/2200/2200
f 2189/2189/2189 2200/2200/2200 2195/2195/2195
f 2190/2190/2190 2195/2195/2195 2201/2201/2201
f 2190/2190/2190 2201/2201/2201 2196/2196/2196
f 2191/2191/2191 2196/2196/2196 2202/2202/2202
f 2191/2191/2191 2202/2202/2202 2197/2197/2197
f 2198/2198/2198 2197/2197/2197 2203/2203/2203
f 2198/2198/2198 2203/2203/2203 2204/2204/2204
f 2194/2194/2194 2199/2199/2199 2205/2205/2205
f 2194/2194/2194 2205/2205/2205 2200/2200/2200
f 2195/2195/2195 2200/2200/2200 2206/2206/2206
f 2195/2195/2195 2206/2206/2206 2201/2201/2201
f 2196/2196/2196 2201/2201/2201 2207/2207/2207
f 2196/2196/2196 2207/2207/2207 2202/2202/2202
f 2197/2197/2197 2202/2202/2202 2208/2208/2208
f 2197/2197/2197 2208/2208/2208 2203/2203/2203
f 2204/2204/2204 2203/2203/2203 2209/2209/2209
f 2204/2204/2204 2209/2209/2209 2210/2210/2210
f 2200/2200/2200 2205/2205/2205 2211/2211/2211
f 2200/2200/2200 2211/2211/2211 2206/2206/2206
f 2201/2201/2201 2206/2206/2206 2212/2212/2212
f 2201/2201/2201 2212/2212/2212 2207/2207/2207
f 2202/2202/2202 2207/2207/2207 2213/2213/2213
f 2202/2202/2202 2213/2213/2213 2208/2208/2208
f 2203/2203/2203 2208/2208/2208 2214/2214/2214
f 2203/2203/2203 2214/2214/2214 2209/2209/2209
f 2210/2210/2210 2209/2209/2209 2215/2215/2215
f 2210/2210/2210 2215/2215/2215 2216/2216/2216
f 2206/2206/2206 2211/2211/2211 2217/2217/2217
f 2206/2206/2206 2217/2217/2217 2212/2212/2212
f 2207/2207/2207 2212/2212/2212 2218/2218/2218
f 2207/2207/2207 2218/2218/2218 2213/2213/2213
f 2208/2208/2208 2213/2213/2213 2219/2219/2219
f 2208/2208/2208 2219/2219/2219 2214/2214/2214
f 2209/2209/2209 2214/2214/2214 2220/2220/2220
f 2209/2209/2209 2220/2220/2220 2215/2215/2215
f 2216/2216/2216 2215/2215/2215 2221/2221/2221
f 2216/2216/2216 2221/2221/2221 2222/2222/2222
f 2212/2212/2212 2217/2217/2217 2223/2223/2223
f 2212/2212/2212 2223/2223/2223 2218/2218/2218
f 2213/2213/2213 2218/2218/2218 2224/2224/2224
f 2213/2213/2213 2224/2224/2224 2219/2219/2219
f 2214/2214/2214 2219/2219/2219 2225/2225/2225
f 2214/2214/2214 2225/2225/2225 2220/2220/2220
f 2215/2215/2215 2220/2220/2220 2226/2226/2226
f 2215/2215/2215 2226/2226/2226 2221/2221/2221
f 2222/2222/2222 2221/2221/2221 2227/2227/2227
f 2222/2222/2222 2227/2227/2227 2228/2228/2228
f 2221/2221/2221 2229/2229/2229 2227/2227/2227
f 2221/2221/2221 2226/2226/2226 2229/2229/2229
f 2228/2228/2228 2227/2227/2227 2230/2230/2230
f 2229/2229/2229 2230/2230/2230 2227/2227/2227
f 2228/2228/2228 2230/2230/2230 2231/2231/2231
f 2232/2232/2232 2231/2231/2231 2230/2230/2230
f 2232/2232/2232 2230/2230/2230 2233/2233/2233
f 2229/2229/2229 2233/2233/2233 2230/2230/2230
f 2220/2220/2220 2234/2234/2234 2226/2226/2226
f 2220/2220/2220 2225/2225/2225 2234/2234/2234
f 2219/2219/2219 2235/2235/2235 2225/2225/2225
f 2219/2219/2219 2224/2224/2224 2235/2235/2235
f 2226/2226/2226 2236/2236/2236 2229/2229/2229
f 2226/2226/2226 2234/2234/2234 2236/2236/2236
f 2225/2225/2225 2237/2237/2237 2234/2234/2234
f 2225/2225/2225 2235/2235/2235 2237/2237/2237
f 2229/2229/2229 2236/2236/2236 2238/2238/2238
f 2229/2229/2229 2238/2238/2238 2239/2239/2239
f 2240/2240/2240 2239/2239/2239 2238/2238/2238
f 2240/2240/2240 2238/2238/2238 2241/2241/2241
f 2242/2242/2242 2241/2241/2241 2238/2238/2238
f 2242/2242/2242 2238/2238/2238 2236/2236/2236
f 2234/2234/2234 2242/2242/2242 2236/2236/2236
f 2234/2234/2234 2237/2237/2237 2242/2242/2242
f 2224/2224/2224 2243/2243/2243 2235/2235/2235
f 2235/2235/2235 2244/2244/2244 2237/2237/2237
f 2235/2235/2235 2243/2243/2243 2244/2244/2244
f 2237/2237/2237 2245/2245/2245 2242/2242/2242
f 2237/2237/2237 2244/2244/2244 2245/2245/2245
f 2242/2242/2242 2245/2245/2245 2246/2246/2246
f 2242/2242/2242 2246/2246/2246 2247/2247/2247
f 2248/2248/2248 2247/2247/2247 2246/2246/2246
f 2248/2248/2248 2246/2246/2246 2249/2249/2249
f 2250/2250/2250 2249/2249/2249 2246/2246/2246
f 2250/2250/2250 2246/2246/2246 2245/2245/2245
f 2244/2244/2244 2250/2250/2250 2245/2245/2245
f 2224/2224/2224 2251/2251/2251 2243/2243/2243
f 2218/2218/2218 2251/2251/2251 2224/2224/2224
f 2218/2218/2218 2223/2223/2223 2251/2251/2251
f 2243/2243/2243 2252/2252/2252 2244/2244/2244
f 2244/2244/2244 2252/2252/2252 2250/2250/2250
f 2251/2251/2251 2253/2253/2253 2243/2243/2243
f 2243/2243/2243 2253/2253/2253 2252/2252/2252
f 2223/2223/2223 2254/2254/2254 2251/2251/2251
f 2251/2251/2251 2254/2254/2254 2253/2253/2253
f 2223/2223/2223 2255/2255/2255 2254/2254/2254
f 2217/2217/2217 2255/2255/2255 2223/2223/2223
f 2217/2217/2217 2256/2256/2256 2255/2255/2255
f 2211/2211/2211 2256/2256/2256 2217/2217/2217
f 2211/2211/2211 2257/2257/2257 2256/2256/2256
f 2205/2205/2205 2257/2257/2257 2211/2211/2211
f 2205/2205/2205 2258/2258/2258 2257/2257/2257
f 2199/2199/2199 2258/2258/2258 2205/2205/2205
f 2199/2199/2199 2259/2259/2259 2258/2258/2258
f 2193/2193/2193 2259/2259/2259 2199/2199/2199
f 2193/2193/2193 2260/2260/2260 2259/2259/2259
f 2187/2187/2187 2260/2260/2260 2193/2193/2193
f 2187/2187/2187 2261/2261/2261 2260/2260/2260
f 2181/2181/2181 2261/2261/2261 2187/2187/2187
f 2181/2181/2181 2262/2262/2262 2261/2261/2261
f 2175/2175/2175 2262/2262/2262 2181/2181/2181
f 2175/2175/2175 2263/2263/2263 2262/2262/2262
f 2160/2160/2160 2263/2263/2263 2175/2175/2175
f 2160/2160/2160 2264/2264/2264 2263/2263/2263
f 2149/2149/2149 2264/2264/2264 2160/2160/2160
f 2149/2149/2149 2144/2144/2144 2264/2264/2264
f 2144/2144/2144 2265/2265/2265 2264/2264/2264
f 2144/2144/2144 2134/2134/2134 2265/2265/2265
f 2264/2264/2264 2266/2266/2266 2263/2263/2263
f 2264/2264/2264 2265/2265/2265 2266/2266/2266
f 2263/2263/2263 2267/2267/2267 2262/2262/2262
f 2263/2263/2263 2266/2266/2266 2267/2267/2267
f 2262/2262/2262 2268/2268/2268 2261/2261/2261
f 2262/2262/2262 2267/2267/2267 2268/2268/2268
f 2261/2261/2261 2269/2269/2269 2260/2260/2260
f 2261/2261/2261 2268/2268/2268 2269/2269/2269
f 2134/2134/2134 2270/2270/2270 2265/2265/2265
f 2134/2134/2134 2128/2128/2128 2270/2270/2270
f 2128/2128/2128 2133/2133/2133 2270/2270/2270
f 2265/2265/2265 2271/2271/2271 2266/2266/2266
f 2265/2265/2265 2270/2270/2270 2271/2271/2271
f 2266/2266/2266 2272/2272/2272 2267/2267/2267
f 2266/2266/2266 2271/2271/2271 2272/2272/2272
f 2267/2267/2267 2273/2273/2273 2268/2268/2268
f 2267/2267/2267 2272/2272/2272 2273/2273/2273
f 2270/2270/2270 2133/2133/2133 2274/2274/2274
f 2270/2270/2270 2274/2274/2274 2271/2271/2271
f 2271/2271/2271 2275/2275/2275 2272/2272/2272
f 2271/2271/2271 2274/2274/2274 2275/2275/2275
f 2133/2133/2133 2276/2276/2276 2274/2274/2274
f 2133/2133/2133 2127/2127/2127 2276/2276/2276
f 2268/2268/2268 2277/2277/2277 2269/2269/2269
f 2268/2268/2268 2273/2273/2273 2277/2277/2277
f 2272/2272/2272 2278/2278/2278 2273/2273/2273
f 2272/2272/2272 2275/2275/2275 2278/2278/2278
f 2274/2274/2274 2279/2279/2279 2275/2275/2275
f 2274/2274/2274 2276/2276/2276 2279/2279/2279
f 2127/2127/2127 2280/2280/2280 2276/2276/2276
f 2127/2127/2127 2121/2121/2121 2280/2280/2280
f 2273/2273/2273 2281/2281/2281 2277/2277/2277
f 2273/2273/2273 2278/2278/2278 2281/2281/2281
f 2275/2275/2275 2282/2282/2282 2278/2278/2278
f 2275/2275/2275 2279/2279/2279 2282/2282/2282
f 2276/2276/2276 2283/2283/2283 2279/2279/2279
f 2276/2276/2276 2280/2280/2280 2283/2283/2283
f 2121/2121/2121 2284/2284/2284 2280/2280/2280
f 2121/2121/2121 2115/2115/2115 2284/2284/2284
f 2278/2278/2278 2285/2285/2285 2281/2281/2281
f 2278/2278/2278 2282/2282/2282 2285/2285/2285
f 2279/2279/2279 2286/2286/2286 2282/2282/2282
f 2279/2279/2279 2283/2283/2283 2286/2286/2286
f 2280/2280/2280 2287/2287/2287 2283/2283/2283
f 2280/2280/2280 2284/2284/2284 2287/2287/2287
f 2115/2115/2115 2288/2288/2288 2284/2284/2284
f 2115/2115/2115 2109/2109/2109 2288/2288/2288
f 2282/2282/2282 2289/2289/2289 2285/2285/2285
f 2282/2282/2282 2286/2286/2286 2289/2289/2289
f 2283/2283/2283 2290/2290/2290 2286/2286/2286
f 2283/2283/2283 2287/2287/2287 2290/2290/2290
f 2284/2284/2284 2291/2291/2291 2287/2287/2287
f 2284/2284/2284 2288/2288/2288 2291/2291/2291
f 2109/2109/2109 2292/2292/2292 2288/2288/2288
f 2109/2109/2109 2103/2103/2103 2292/2292/2292
f 2286/2286/2286 2293/2293/2293 2289/2289/2289
f 2286/2286/2286 2290/2290/2290 2293/2293/2293
f 2287/2287/2287 2294/2294/2294 2290/2290/2290
f 2287/2287/2287 2291/2291/2291 2294/2294/2294
f 2288/2288/2288 2295/2295/2295 2291/2291/2291
f 2288/2288/2288 2292/2292/2292 2295/2295/2295
f 2103/2103/2103 2296/2296/2296 2292/2292/2292
f 2103/2103/2103 2097/2097/2097 2296/2296/2296
f 2290/2290/2290 2297/2297/2297 2293/2293/2293
f 2290/2290/2290 2294/2294/2294 2297/2297/2297
f 2291/2291/2291 2298/2298/2298 2294/2294/2294
f 2291/2291/2291 2295/2295/2295 2298/2298/2298
f 2292/2292/2292 2299/2299/2299 2295/2295/2295
f 2292/2292/2292 2296/2296/2296 2299/2299/2299
f 2097/2097/2097 2300/2300/2300 2296/2296/2296
f 2097/2097/2097 2091/2091/2091 2300/2300/2300
f 2294/2294/2294 2301/2301/2301 2297/2297/2297
f 2294/2294/2294 2298/2298/2298 2301/2301/2301
f 2295/2295/2295 2302/2302/2302 2298/2298/2298
f 2295/2295/2295 2299/2299/2299 2302/2302/2302
f 2296/2296/2296 2303/2303/2303 2299/2299/2299
f 2296/2296/2296 2300/2300/2300 2303/2303/2303
f 2091/2091/2091 2304/2304/2304 2300/2300/2300
f 2091/2091/2091 2085/2085/2085 2304/2304/2304
f 2298/2298/2298 2305/2305/2305 2301/2301/2301
f 2298/2298/2298 2302/2302/2302 2305/2305/2305
f 2299/2299/2299 2306/2306/2306 2302/2302/2302
f 2299/2299/2299 2303/2303/2303 2306/2306/2306
f 2300/2300/2300 2307/2307/2307 2303/2303/2303
f 2300/2300/2300 2304/2304/2304 2307/2307/2307
f 2085/2085/2085 2308/2308/2308 2304/2304/2304
f 2085/2085/2085 2079/2079/2079 2308/2308/2308
f 2302/2302/2302 2309/2309/2309 2305/2305/2305
f 2302/2302/2302 2306/2306/2306 2309/2309/2309
f 2303/2303/2303 2310/2310/2310 2306/2306/2306
f 2303/2303/2303 2307/2307/2307 2310/2310/2310
f 2304/2304/2304 2311/2311/2311 2307/2307/2307
f 2304/2304/2304 2308/2308/2308 2311/2311/2311
f 2079/2079/2079 2312/2312/2312 2308/2308/2308
f 2079/2079/2079 2073/2073/2073 2312/2312/2312
f 2306/2306/2306 2313/2313/2313 2309/2309/2309
f 2306/2306/2306 2310/2310/2310 2313/2313/2313
f 2307/2307/2307 2314/2314/2314 2310/2310/2310
f 2307/2307/2307 2311/2311/2311 2314/2314/2314
f 2308/2308/2308 2315/2315/2315 2311/2311/2311
f 2308/2308/2308 2312/2312/2312 2315/2315/2315
f 2073/2073/2073 2316/2316/2316 2312/2312/2312
f 2073/2073/2073 2067/2067/2067 2316/2316/2316
f 2310/2310/2310 2317/2317/2317 2313/2313/2313
f 2310/2310/2310 2314/2314/2314 2317/2317/2317
f 2311/2311/2311 2318/2318/2318 2314/2314/2314
f 2311/2311/2311 2315/2315/2315 2318/2318/2318
f 2312/2312/2312 2319/2319/2319 2315/2315/2315
f 2312/2312/2312 2316/2316/2316 2319/2319/2319
f 2067/2067/2067 2320/2320/2320 2316/2316/2316
f 2067/2067/2067 2061/2061/2061 2320/2320/2320
f 2314/2314/2314 2321/2321/2321 2317/2317/2317
f 2314/2314/2314 2318/2318/2318 2321/2321/2321
f 2315/2315/2315 2322/2322/2322 2318/2318/2318
f 2315/2315/2315 2319/2319/2319 2322/2322/2322
f 2316/2316/2316 2323/2323/2323 2319/2319/2319
f 2316/2316/2316 2320/2320/2320 2323/2323/2323
f 2061/2061/2061 2324/2324/2324 2320/2320/2320
f 2061/2061/2061 2055/2055/2055 2324/2324/2324
f 2318/2318/2318 2325/2325/2325 2321/2321/2321
f 2318/2318/2318 2322/2322/2322 2325/2325/2325
f 2319/2319/2319 2326/2326/2326 2322/2322/2322
f 2319/2319/2319 2323/2323/2323 2326/2326/2326
f 2320/2320/2320 2327/2327/2327 2323/2323/2323
f 2320/2320/2320 2324/2324/2324 2327/2327/2327
f 2055/2055/2055 2328/2328/2328 2324/2324/2324
f 2055/2055/2055 2049/2049/2049 2328/2328/2328
f 2322/2322/2322 2329/2329/2329 2325/2325/2325
f 2322/2322/2322 2326/2326/2326 2329/2329/2329
f 2323/2323/2323 2330/2330/2330 2326/2326/2326
f 2323/2323/2323 2327/2327/2327 2330/2330/2330
f 2324/2324/2324 2331/2331/2331 2327/2327/2327
f 2324/2324/2324 2328/2328/2328 2331/2331/2331
f 2049/2049/2049 2332/2332/2332 2328/2328/2328
f 2049/2049/2049 2043/2043/2043 2332/2332/2332
f 2326/2326/2326 2333/2333/2333 2329/2329/2329
f 2326/2326/2326 2330/2330/2330 2333/2333/2333
f 2327/2327/2327 2334/2334/2334 2330/2330/2330
f 2327/2327/2327 2331/2331/2331 2334/2334/2334
f 2328/2328/2328 2335/2335/2335 2331/2331/2331
f 2328/2328/2328 2332/2332/2332 2335/2335/2335
f 2043/2043/2043 2336/2336/2336 2332/2332/2332
f 2043/2043/2043 2037/2037/2037 2336/2336/2336
f 2330/2330/2330 2337/2337/2337 2333/2333/2333
f 2330/2330/2330 2334/2334/2334 2337/2337/2337
f 2331/2331/2331 2338/2338/2338 2334/2334/2334
f 2331/2331/2331 2335/2335/2335 2338/2338/2338
f 2332/2332/2332 2339/2339/2339 2335/2335/2335
f 2332/2332/2332 2336/2336/2336 2339/2339/2339
f 2037/2037/2037 2340/2340/2340 2336/2336/2336
f 2037/2037/2037 2031/2031/2031 2340/2340/2340
f 2334/2334/2334 2341/2341/2341 2337/2337/2337
f 2334/2334/2334 2338/2338/2338 2341/2341/2341
f 2335/2335/2335 2342/2342/2342 2338/2338/2338
f 2335/2335/2335 2339/2339/2339 2342/2342/2342
f 2336/2336/2336 2343/2343/2343 2339/2339/2339
f 2336/2336/2336 2340/2340/2340 2343/2343/2343
f 2031/2031/2031 2344/2344/2344 2340/2340/2340
f 2031/2031/2031 2025/2025/2025 2344/2344/2344
f 2338/2338/2338 2345/2345/2345 2341/2341/2341
f 2338/2338/2338 2342/2342/2342 2345/2345/2345
f 2339/2339/2339 2346/2346/2346 2342/2342/2342
f 2339/2339/2339 2343/2343/2343 2346/2346/2346
f 2340/2340/2340 2347/2347/2347 2343/2343/2343
f 2340/2340/2340 2344/2344/2344 2347/2347/2347
f 2025/2025/2025 2348/2348/2348 2344/2344/2344
f 2025/2025/2025 2019/2019/2019 2348/2348/2348
f 2342/2342/2342 2349/2349/2349 2345/2345/2345
f 2342/2342/2342 2346/2346/2346 2349/2349/2349
f 2343/2343/2343 2350/2350/2350 2346/2346/2346
f 2343/2343/2343 2347/2347/2347 2350/2350/2350
f 2344/2344/2344 2351/2351/2351 2347/2347/2347
f 2344/2344/2344 2348/2348/2348 2351/2351/2351
f 2019/2019/2019 2352/2352/2352 2348/2348/2348
f 2019/2019/2019 2013/2013/2013 2352/2352/2352
f 2346/2346/2346 2353/2353/2353 2349/2349/2349
f 2346/2346/2346 2350/2350/2350 2353/2353/2353
f 2347/2347/2347 2354/2354/2354 2350/2350/2350
f 2347/2347/2347 2351/2351/2351 2354/2354/2354
f 2348/2348/2348 2355/2355/2355 2351/2351/2351
f 2348/2348/2348 2352/2352/2352 2355/2355/2355
f 2013/2013/2013 2356/2356/2356 2352/2352/2352
f 2013/2013/2013 2007/2007/2007 2356/2356/2356
f 2350/2350/2350 2357/2357/2357 2353/2353/2353
f 2350/2350/2350 2354/2354/2354 2357/2357/2357
f 2351/2351/2351 2358/2358/2358 2354/2354/2354
f 2351/2351/2351 2355/2355/2355 2358/2358/2358
f 2352/2352/2352 2359/2359/2359 2355/2355/2355
f 2352/2352/2352 2356/2356/2356 2359/2359/2359
f 2007/2007/2007 2360/2360/2360 2356/2356/2356
f 2007/2007/2007 2001/2001/2001 2360/2360/2360
f 2354/2354/2354 2361/2361/2361 2357/2357/2357
f 2354/2354/2354 2358/2358/2358 2361/2361/2361
f 2355/2355/2355 2362/2362/2362 2358/2358/2358
f 2355/2355/2355 2359/2359/2359 2362/2362/2362
f 2356/2356/2356 2363/2363/2363 2359/2359/2359
f 2356/2356/2356 2360/2360/2360 2363/2363/2363
f 2001/2001/2001 2364/2364/2364 2360/2360/2360
f 2001/2001/2001 1995/1995/1995 2364/2364/2364
f 2358/2358/2358 2365/2365/2365 2361/2361/2361
f 2358/2358/2358 2362/2362/2362 2365/2365/2365
f 2359/2359/2359 2366/2366/2366 2362/2362/2362
f 2359/2359/2359 2363/2363/2363 2366/2366/2366
f 2360/2360/2360 2367/2367/2367 2363/2363/2363
f 2360/2360/2360 2364/2364/2364 2367/2367/2367
f 1995/1995/1995 2368/2368/2368 2364/2364/2364
f 1995/1995/1995 1989/1989/1989 2368/2368/2368
f 2362/2362/2362 2369/2369/2369 2365/2365/2365
f 2362/2362/2362 2366/2366/2366 2369/2369/2369
f 2363/2363/2363 2370/2370/2370 2366/2366/2366
f 2363/2363/2363 2367/2367/2367 2370/2370/2370
f 2364/2364/2364 2371/2371/2371 2367/2367/2367
f 2364/2364/2364 2368/2368/2368 2371/2371/2371
f 1989/1989/1989 2372/2372/2372 2368/2368/2368
f 1989/1989/1989 1983/1983/1983 2372/2372/2372
f 2366/2366/2366 2373/2373/2373 2369/2369/2369
f 2366/2366/2366 2370/2370/2370 2373/2373/2373
f 2367/2367/2367 2374/2374/2374 2370/2370/2370
f 2367/2367/2367 2371/2371/2371 2374/2374/2374
f 2368/2368/2368 2375/2375/2375 2371/2371/2371
f 2368/2368/2368 2372/2372/2372 2375/2375/2375
f 1983/1983/1983 2376/2376/2376 2372/2372/2372
f 1983/1983/1983 1977/1977/1977 2376/2376/2376
f 2370/2370/2370 2377/2377/2377 2373/2373/2373
f 2370/2370/2370 2374/2374/2374 2377/2377/2377
f 2371/2371/2371 2378/2378/2378 2374/2374/2374
f 2371/2371/2371 2375/2375/2375 2378/2378/2378
f 2372/2372/2372 2379/2379/2379 2375/2375/2375
f 2372/2372/2372 2376/2376/2376 2379/2379/2379
f 1977/1977/1977 2380/2380/2380 2376/2376/2376
f 1977/1977/1977 1971/1971/1971 2380/2380/2380
f 2374/2374/2374 2381/2381/2381 2377/2377/2377
f 2374/2374/2374 2378/2378/2378 2381/2381/2381
f 2375/2375/2375 2382/2382/2382 2378/2378/2378
f 2375/2375/2375 2379/2379/2379 2382/2382/2382
f 2376/2376/2376 2383/2383/2383 2379/2379/2379
f 2376/2376/2376 2380/2380/2380 2383/2383/2383
f 1971/1971/1971 2384/2384/2384 2380/2380/2380
f 1971/1971/1971 1965/1965/1965 2384/2384/2384
f 2378/2378/2378 2385/2385/2385 2381/2381/2381
f 2378/2378/2378 2382/2382/2382 2385/2385/2385
f 2379/2379/2379 2386/2386/2386 2382/2382/2382
f 2379/2379/2379 2383/2383/2383 2386/2386/2386
f 2380/2380/2380 2387/2387/2387 2383/2383/2383
f 2380/2380/2380 2384/2384/2384 2387/2387/2387
f 1965/1965/1965 2388/2388/2388 2384/2384/2384
f 1965/1965/1965 1959/1959/1959 2388/2388/2388
f 2382/2382/2382 2389/2389/2389 2385/2385/2385
f 2382/2382/2382 2386/2386/2386 2389/2389/2389
f 2383/2383/2383 2390/2390/2390 2386/2386/2386
f 2383/2383/2383 2387/2387/2387 2390/2390/2390
f 2384/2384/2384 2391/2391/2391 2387/2387/2387
f 2384/2384/2384 2388/2388/2388 2391/2391/2391
f 1959/1959/1959 2392/2392/2392 2388/2388/2388
f 1959/1959/1959 1953/1953/1953 2392/2392/2392
f 2386/2386/2386 2393/2393/2393 2389/2389/2389
f 2386/2386/2386 2390/2390/2390 2393/2393/2393
f 2387/2387/2387 2394/2394/2394 2390/2390/2390
f 2387/2387/2387 2391/2391/2391 2394/2394/2394
f 2388/2388/2388 2395/2395/2395 2391/2391/2391
f 2388/2388/2388 2392/2392/2392 2395/2395/2395
f 1953/1953/1953 2396/2396/2396 2392/2392/2392
f 1953/1953/1953 1947/1947/1947 2396/2396/2396
f 2390/2390/2390 2397/2397/2397 2393/2393/2393
f 2390/2390/2390 2394/2394/2394 2397/2397/2397
f 2391/2391/2391 2398/2398/2398 2394/2394/2394
f 2391/2391/2391 2395/2395/2395 2398/2398/2398
f 2392/2392/2392 2399/2399/2399 2395/2395/2395
f 2392/2392/2392 2396/2396/2396 2399/2399/2399
f 1947/1947/1947 2400/2400/2400 2396/2396/2396
f 1947/1947/1947 1941/1941/1941 2400/2400/2400
f 2394/2394/2394 2401/2401/2401 2397/2397/2397
f 2394/2394/2394 2398/2398/2398 2401/2401/2401
f 2395/2395/2395 2402/2402/2402 2398/2398/2398
f 2395/2395/2395 2399/2399/2399 2402/2402/2402
f 2396/2396/2396 2403/2403/2403 2399/2399/2399
f 2396/2396/2396 2400/2400/2400 2403/2403/2403
f 1941/1941/1941 2404/2404/2404 2400/2400/2400
f 1941/1941/1941 1935/1935/1935 2404/2404/2404
f 2398/2398/2398 2405/2405/2405 2401/2401/2401
f 2398/2398/2398 2402/2402/2402 2405/2405/2405
f 2399/2399/2399 2406/2406/2406 2402/2402/2402
f 2399/2399/2399 2403/2403/2403 2406/2406/2406
f 2400/2400/2400 2407/2407/2407 2403/2403/2403
f 2400/2400/2400 2404/2404/2404 2407/2407/2407
f 1935/1935/1935 2408/2408/2408 2404/2404/2404
f 1935/1935/1935 1929/1929/1929 2408/2408/2408
f 2402/2402/2402 2409/2409/2409 2405/2405/2405
f 2402/2402/2402 2406/2406/2406 2409/2409/2409
f 2403/2403/2403 2410/2410/2410 2406/2406/2406
f 2403/2403/2403 2407/2407/2407 2410/2410/2410
f 2404/2404/2404 2411/2411/2411 2407/2407/2407
f 2404/2404/2404 2408/2408/2408 2411/2411/2411
f 1929/1929/1929 2412/2412/2412 2408/2408/2408
f 1929/1929/1929 1923/1923/1923 2412/2412/2412
f 2406/2406/2406 2413/2413/2413 2409/2409/2409
f 2406/2406/2406 2410/2410/2410 2413/2413/2413
f 2407/2407/2407 2414/2414/2414 2410/2410/2410
f 2407/2407/2407 2411/2411/2411 2414/2414/2414
f 2408/2408/2408 2415/2415/2415 2411/2411/2411
f 2408/2408/2408 2412/2412/2412 2415/2415/2415
f 1923/1923/1923 2416/2416/2416 2412/2412/2412
f 1923/1923/1923 1917/1917/1917 2416/2416/2416
f 2410/2410/2410 2417/2417/2417 2413/2413/2413
f 2410/2410/2410 2414/2414/2414 2417/2417/2417
f 2411/2411/2411 2418/2418/2418 2414/2414/2414
f 2411/2411/2411 2415/2415/2415 2418/2418/2418
f 2412/2412/2412 2419/2419/2419 2415/2415/2415
f 2412/2412/2412 2416/2416/2416 2419/2419/2419
f 1917/1917/1917 2420/2420/2420 2416/2416/2416
f 1917/1917/1917 1911/1911/1911 2420/2420/2420
f 2414/2414/2414 2421/2421/2421 2417/2417/2417
f 2414/2414/2414 2418/2418/2418 2421/2421/2421
f 2415/2415/2415 2422/2422/2422 2418/2418/2418
f 2415/2415/2415 2419/2419/2419 2422/2422/2422
f 2416/2416/2416 2423/2423/2423 2419/2419/2419
f 2416/2416/2416 2420/2420/2420 2423/2423/2423
f 1911/1911/1911 2424/2424/2424 2420/2420/2420
f 1911/1911/1911 1905/1905/1905 2424/2424/2424
f 2418/2418/2418 2425/2425/2425 2421/2421/2421
f 2418/2418/2418 2422/2422/2422 2425/2425/2425
f 2419/2419/2419 2426/2426/2426 2422/2422/2422
f 2419/2419/2419 2423/2423/2423 2426/2426/2426
f 2420/2420/2420 2427/2427/2427 2423/2423/2423
f 2420/2420/2420 2424/2424/2424 2427/2427/2427
f 1905/1905/1905 2428/2428/2428 2424/2424/2424
f 1905/1905/1905 1899/1899/1899 2428/2428/2428
f 2422/2422/2422 2429/2429/2429 2425/2425/2425
f 2422/2422/2422 2426/2426/2426 2429/2429/2429
f 2423/2423/2423 2430/2430/2430 2426/2426/2426
f 2423/2423/2423 2427/2427/2427 2430/2430/2430
f 2424/2424/2424 2431/2431/2431 2427/2427/2427
f 2424/2424/2424 2428/2428/2428 2431/2431/2431
f 1899/1899/1899 2432/2432/2432 2428/2428/2428
f 1899/1899/1899 1893/1893/1893 2432/2432/2432
f 2426/2426/2426 2433/2433/2433 2429/2429/2429
f 2426/2426/2426 2430/2430/2430 2433/2433/2433
f 2427/2427/2427 2434/2434/2434 2430/2430/2430
f 2427/2427/2427 2431/2431/2431 2434/2434/2434
f 2428/2428/2428 2435/2435/2435 2431/2431/2431
f 2428/2428/2428 2432/2432/2432 2435/2435/2435
f 1893/1893/1893 2436/2436/2436 2432/2432/2432
f 1893/1893/1893 1887/1887/1887 2436/2436/2436
f 2430/2430/2430 2437/2437/2437 2433/2433/2433
f 2430/2430/2430 2434/2434/2434 2437/2437/2437
f 2431/2431/2431 2438/2438/2438 2434/2434/2434
f 2431/2431/2431 2435/2435/2435 2438/2438/2438
f 2432/2432/2432 2439/2439/2439 2435/2435/2435
f 2432/2432/2432 2436/2436/2436 2439/2439/2439
f 1887/1887/1887 2440/2440/2440 2436/2436/2436
f 1887/1887/1887 1881/1881/1881 2440/2440/2440
f 2434/2434/2434 2441/2441/2441 2437/2437/2437
f 2434/2434/2434 2438/2438/2438 2441/2441/2441
f 2435/2435/2435 2442/2442/2442 2438/2438/2438
f 2435/2435/2435 2439/2439/2439 2442/2442/2442
f 2436/2436/2436 2443/2443/2443 2439/2439/2439
f 2436/2436/2436 2440/2440/2440 2443/2443/2443
f 1881/1881/1881 2444/2444/2444 2440/2440/2440
f 1881/1881/1881 1875/1875/1875 2444/2444/2444
f 2438/2438/2438 2445/2445/2445 2441/2441/2441
f 2438/2438/2438 2442/2442/2442 2445/2445/2445
f 2439/2439/2439 2446/2446/2446 2442/2442/2442
f 2439/2439/2439 2443/2443/2443 2446/2446/2446
f 2440/2440/2440 2447/2447/2447 2443/2443/2443
f 2440/2440/2440 2444/2444/2444 2447/2447/2447
f 1875/1875/1875 2448/2448/2448 2444/2444/2444
f 1875/1875/1875 1869/1869/1869 2448/2448/2448
f 2442/2442/2442 2449/2449/2449 2445/2445/2445
f 2442/2442/2442 2446/2446/2446 2449/2449/2449
f 2443/2443/2443 2450/2450/2450 2446/2446/2446
f 2443/2443/2443 2447/2447/2447 2450/2450/2450
f 2444/2444/2444 2451/2451/2451 2447/2447/2447
f 2444/2444/2444 2448/2448/2448 2451/2451/2451
f 1869/1869/1869 2452/2452/2452 2448/2448/2448
f 1869/1869/1869 1863/1863/1863 2452/2452/2452
f 2446/2446/2446 2453/2453/2453 2449/2449/2449
f 2446/2446/2446 2450/2450/2450 2453/2453/2453
f 2447/2447/2447 2454/2454/2454 2450/2450/2450
f 2447/2447/2447 2451/2451/2451 2454/2454/2454
f 2448/2448/2448 2455/2455/2455 2451/2451/2451
f 2448/2448/2448 2452/2452/2452 2455/2455/2455
f 1863/1863/1863 2456/2456/2456 2452/2452/2452
f 1863/1863/1863 1848/1848/1848 2456/2456/2456
f 2450/2450/2450 2457/2457/2457 2453/2453/2453
f 2450/2450/2450 2454/2454/2454 2457/2457/2457
f 2451/2451/2451 2458/2458/2458 2454/2454/2454
f 2451/2451/2451 2455/2455/2455 2458/2458/2458
f 2452/2452/2452 2459/2459/2459 2455/2455/2455
f 2452/2452/2452 2456/2456/2456 2459/2459/2459
f 1848/1848/1848 2460/2460/2460 2456/2456/2456
f 1848/1848/1848 1837/1837/1837 2460/2460/2460
f 1837/1837/1837 1822/1822/1822 2460/2460/2460
f 2456/2456/2456 2460/2460/2460 2461/2461/2461
f 2456/2456/2456 2461/2461/2461 2459/2459/2459
f 2460/2460/2460 1822/1822/1822 2462/2462/2462
f 2460/2460/2460 2462/2462/2462 2461/2461/2461
f 1822/1822/1822 1813/1813/1813 2462/2462/2462
f 2462/2462/2462 1813/1813/1813 1812/1812/1812
f 2462/2462/2462 1812/1812/1812 2463/2463/2463
f 2461/2461/2461 2462/2462/2462 2463/2463/2463
f 2463/2463/2463 1812/1812/1812 1811/1811/1811
f 2455/2455/2455 2459/2459/2459 2464/2464/2464
f 2455/2455/2455 2464/2464/2464 2458/2458/2458
f 2459/2459/2459 2461/2461/2461 2465/2465/2465
f 2461/2461/2461 2463/2463/2463 2465/2465/2465
f 2459/2459/2459 2465/2465/2465 2464/2464/2464
f 2463/2463/2463 1811/1811/1811 2466/2466/2466
f 2465/2465/2465 2463/2463/2463 2466/2466/2466
f 2466/2466/2466 1811/1811/1811 1810/1810/1810
f 2464/2464/2464 2465/2465/2465 2467/2467/2467
f 2465/2465/2465 2466/2466/2466 2467/2467/2467
f 2466/2466/2466 1810/1810/1810 2468/2468/2468
f 2467/2467/2467 2466/2466/2466 2468/2468/2468
f 2468/2468/2468 1810/1810/1810 1809/1809/1809
f 2458/2458/2458 2464/2464/2464 2469/2469/2469
f 2464/2464/2464 2467/2467/2467 2469/2469/2469
f 2468/2468/2468 1809/1809/1809 2470/2470/2470
f 2470/2470/2470 1809/1809/1809 1808/1808/1808
f 2467/2467/2467 2468/2468/2468 2471/2471/2471
f 2469/2469/2469 2467/2467/2467 2471/2471/2471
f 2471/2471/2471 2468/2468/2468 2470/2470/2470
f 2458/2458/2458 2469/2469/2469 2472/2472/2472
f 2454/2454/2454 2458/2458/2458 2472/2472/2472
f 2454/2454/2454 2472/2472/2472 2457/2457/2457
f 2470/2470/2470 1808/1808/1808 2473/2473/2473
f 2473/2473/2473 1808/1808/1808 1807/1807/1807
f 2469/2469/2469 2471/2471/2471 2474/2474/2474
f 2472/2472/2472 2469/2469/2469 2474/2474/2474
f 2471/2471/2471 2470/2470/2470 2475/2475/2475
f 2475/2475/2475 2470/2470/2470 2473/2473/2473
f 2474/2474/2474 2471/2471/2471 2475/2475/2475
f 2457/2457/2457 2472/2472/2472 2476/2476/2476
f 2472/2472/2472 2474/2474/2474 2476/2476/2476
f 2473/2473/2473 1807/1807/1807 2477/2477/2477
f 2477/2477/2477 1807/1807/1807 1804/1804/1804
f 2474/2474/2474 2475/2475/2475 2478/2478/2478
f 2476/2476/2476 2474/2474/2474 2478/2478/2478
f 2475/2475/2475 2473/2473/2473 2479/2479/2479
f 2479/2479/2479 2473/2473/2473 2477/2477/2477
f 2478/2478/2478 2475/2475/2475 2479/2479/2479
f 2457/2457/2457 2476/2476/2476 2480/2480/2480
f 2453/2453/2453 2457/2457/2457 2480/2480/2480
f 2477/2477/2477 1804/1804/1804 2481/2481/2481
f 2481/2481/2481 1804/1804/1804 1805/1805/1805
f 2476/2476/2476 2478/2478/2478 2482/2482/2482
f 2480/2480/2480 2476/2476/2476 2482/2482/2482
f 2478/2478/2478 2479/2479/2479 2483/2483/2483
f 2482/2482/2482 2478/2478/2478 2483/2483/2483
f 2479/2479/2479 2477/2477/2477 2484/2484/2484
f 2484/2484/2484 2477/2477/2477 2481/2481/2481
f 2483/2483/2483 2479/2479/2479 2484/2484/2484
f 2453/2453/2453 2480/2480/2480 2485/2485/2485
f 2449/2449/2449 2453/2453/2453 2485/2485/2485
f 2481/2481/2481 1805/1805/1805 2486/2486/2486
f 2486/2486/2486 1805/1805/1805 1806/1806/1806
f 2480/2480/2480 2482/2482/2482 2487/2487/2487
f 2485/2485/2485 2480/2480/2480 2487/2487/2487
f 2482/2482/2482 2483/2483/2483 2488/2488/2488
f 2487/2487/2487 2482/2482/2482 2488/2488/2488
f 2483/2483/2483 2484/2484/2484 2489/2489/2489
f 2488/2488/2488 2483/2483/2483 2489/2489/2489
f 2484/2484/2484 2481/2481/2481 2490/2490/2490
f 2490/2490/2490 2481/2481/2481 2486/2486/2486
f 2489/2489/2489 2484/2484/2484 2490/2490/2490
f 2449/2449/2449 2485/2485/2485 2491/2491/2491
f 2445/2445/2445 2449/2449/2449 2491/2491/2491
f 2485/2485/2485 2487/2487/2487 2492/2492/2492
f 2491/2491/2491 2485/2485/2485 2492/2492/2492
f 2487/2487/2487 2488/2488/2488 2493/2493/2493
f 2492/2492/2492 2487/2487/2487 2493/2493/2493
f 2488/2488/2488 2489/2489/2489 2494/2494/2494
f 2493/2493/2493 2488/2488/2488 2494/2494/2494
f 2489/2489/2489 2490/2490/2490 2495/2495/2495
f 2494/2494/2494 2489/2489/2489 2495/2495/2495
f 2490/2490/2490 2486/2486/2486 2496/2496/2496
f 2495/2495/2495 2490/2490/2490 2496/2496/2496
f 2445/2445/2445 2491/2491/2491 2497/2497/2497
f 2441/2441/2441 2445/2445/2445 2497/2497/2497
f 2491/2491/2491 2492/2492/2492 2498/2498/2498
f 2497/2497/2497 2491/2491/2491 2498/2498/2498
f 2492/2492/2492 2493/2493/2493 2499/2499/2499
f 2498/2498/2498 2492/2492/2492 2499/2499/2499
f 2493/2493/2493 2494/2494/2494 2500/2500/2500
f 2499/2499/2499 2493/2493/2493 2500/2500/2500
f 2494/2494/2494 2495/2495/2495 2501/2501/2501
f 2500/2500/2500 2494/2494/2494 2501/2501/2501
f 2441/2441/2441 2497/2497/2497 2502/2502/2502
f 2437/2437/2437 2441/2441/2441 2502/2502/2502
f 2497/2497/2497 2498/2498/2498 2503/2503/2503
f 2502/2502/2502 2497/2497/2497 2503/2503/2503
f 2498/2498/2498 2499/2499/2499 2504/2504/2504
f 2503/2503/2503 2498/2498/2498 2504/2504/2504
f 2499/2499/2499 2500/2500/2500 2505/2505/2505
f 2504/2504/2504 2499/2499/2499 2505/2505/2505
f 2437/2437/2437 2502/2502/2502 2506/2506/2506
f 2433/2433/2433 2437/2437/2437 2506/2506/2506
f 2502/2502/2502 2503/2503/2503 2507/2507/2507
f 2506/2506/2506 2502/2502/2502 2507/2507/2507
f 2503/2503/2503 2504/2504/2504 2508/2508/2508
f 2507/2507/2507 2503/2503/2503 2508/2508/2508
f 2433/2433/2433 2506/2506/2506 2509/2509/2509
f 2429/2429/2429 2433/2433/2433 2509/2509/2509
f 2506/2506/2506 2507/2507/2507 2510/2510/2510
f 2509/2509/2509 2506/2506/2506 2510/2510/2510
f 2429/2429/2429 2509/2509/2509 2511/2511/2511
f 2425/2425/2425 2429/2429/2429 2511/2511/2511
f 2505/2505/2505 2500/2500/2500 2512/2512/2512
f 2500/2500/2500 2501/2501/2501 2512/2512/2512
f 2504/2504/2504 2505/2505/2505 2513/2513/2513
f 2508/2508/2508 2504/2504/2504 2513/2513/2513
f 2507/2507/2507 2508/2508/2508 2514/2514/2514
f 2510/2510/2510 2507/2507/2507 2514/2514/2514
f 2509/2509/2509 2510/2510/2510 2515/2515/2515
f 2511/2511/2511 2509/2509/2509 2515/2515/2515
f 2425/2425/2425 2511/2511/2511 2516/2516/2516
f 2421/2421/2421 2425/2425/2425 2516/2516/2516
f 2505/2505/2505 2512/2512/2512 2517/2517/2517
f 2513/2513/2513 2505/2505/2505 2517/2517/2517
f 2508/2508/2508 2513/2513/2513 2518/2518/2518
f 2514/2514/2514 2508/2508/2508 2518/2518/2518
f 2510/2510/2510 2514/2514/2514 2519/2519/2519
f 2515/2515/2515 2510/2510/2510 2519/2519/2519
f 2511/2511/2511 2515/2515/2515 2520/2520/2520
f 2516/2516/2516 2511/2511/2511 2520/2520/2520
f 2421/2421/2421 2516/2516/2516 2521/2521/2521
f 2417/2417/2417 2421/2421/2421 2521/2521/2521
f 2513/2513/2513 2517/2517/2517 2522/2522/2522
f 2518/2518/2518 2513/2513/2513 2522/2522/2522
f 2514/2514/2514 2518/2518/2518 2523/2523/2523
f 2519/2519/2519 2514/2514/2514 2523/2523/2523
f 2515/2515/2515 2519/2519/2519 2524/2524/2524
f 2520/2520/2520 2515/2515/2515 2524/2524/2524
f 2516/2516/2516 2520/2520/2520 2525/2525/2525
f 2521/2521/2521 2516/2516/2516 2525/2525/2525
f 2417/2417/2417 2521/2521/2521 2526/2526/2526
f 2413/2413/2413 2417/2417/2417 2526/2526/2526
f 2518/2518/2518 2522/2522/2522 2527/2527/2527
f 2523/2523/2523 2518/2518/2518 2527/2527/2527
f 2519/2519/2519 2523/2523/2523 2528/2528/2528
f 2524/2524/2524 2519/2519/2519 2528/2528/2528
f 2520/2520/2520 2524/2524/2524 2529/2529/2529
f 2525/2525/2525 2520/2520/2520 2529/2529/2529
f 2521/2521/2521 2525/2525/2525 2530/2530/2530
f 2526/2526/2526 2521/2521/2521 2530/2530/2530
f 2413/2413/2413 2526/2526/2526 2531/2531/2531
f 2409/2409/2409 2413/2413/2413 2531/2531/2531
f 2523/2523/2523 2527/2527/2527 2532/2532/2532
f 2528/2528/2528 2523/2523/2523 2532/2532/2532
f 2524/2524/2524 2528/2528/2528 2533/2533/2533
f 2529/2529/2529 2524/2524/2524 2533/2533/2533
f 2525/2525/2525 2529/2529/2529 2534/2534/2534
f 2530/2530/2530 2525/2525/2525 2534/2534/2534
f 2526/2526/2526 2530/2530/2530 2535/2535/2535
f 2531/2531/2531 2526/2526/2526 2535/2535/2535
f 2409/2409/2409 2531/2531/2531 2536/2536/2536
f 2405/2405/2405 2409/2409/2409 2536/2536/2536
f 2528/2528/2528 2532/2532/2532 2537/2537/2537
f 2533/2533/2533 2528/2528/2528 2537/2537/2537
f 2529/2529/2529 2533/2533/2533 2538/2538/2538
f 2534/2534/2534 2529/2529/2529 2538/2538/2538
f 2530/2530/2530 2534/2534/2534 2539/2539/2539
f 2535/2535/2535 2530/2530/2530 2539/2539/2539
f 2531/2531/2531 2535/2535/2535 2540/2540/2540
f 2536/2536/2536 2531/2531/2531 2540/2540/2540
f 2405/2405/2405 2536/2536/2536 2541/2541/2541
f 2401/2401/2401 2405/2405/2405 2541/2541/2541
f 2533/2533/2533 2537/2537/2537 2542/2542/2542
f 2538/2538/2538 2533/2533/2533 2542/2542/2542
f 2534/2534/2534 2538/2538/2538 2543/2543/2543
f 2539/2539/2539 2534/2534/2534 2543/2543/2543
f 2535/2535/2535 2539/2539/2539 2544/2544/2544
f 2540/2540/2540 2535/2535/2535 2544/2544/2544
f 2536/2536/2536 2540/2540/2540 2545/2545/2545
f 2541/2541/2541 2536/2536/2536 2545/2545/2545
f 2401/2401/2401 2541/2541/2541 2546/2546/2546
f 2397/2397/2397 2401/2401/2401 2546/2546/2546
f 2538/2538/2538 2542/2542/2542 2547/2547/2547
f 2543/2543/2543 2538/2538/2538 2547/2547/2547
f 2539/2539/2539 2543/2543/2543 2548/2548/2548
f 2544/2544/2544 2539/2539/2539 2548/2548/2548
f 2540/2540/2540 2544/2544/2544 2549/2549/2549
f 2545/2545/2545 2540/2540/2540 2549/2549/2549
f 2541/2541/2541 2545/2545/2545 2550/2550/2550
f 2546/2546/2546 2541/2541/2541 2550/2550/2550
f 2397/2397/2397 2546/2546/2546 2551/2551/2551
f 2393/2393/2393 2397/2397/2397 2551/2551/2551
f 2543/2543/2543 2547/2547/2547 2552/2552/2552
f 2548/2548/2548 2543/2543/2543 2552/2552/2552
f 2544/2544/2544 2548/2548/2548 2553/2553/2553
f 2549/2549/2549 2544/2544/2544 2553/2553/2553
f 2545/2545/2545 2549/2549/2549 2554/2554/2554
f 2550/2550/2550 2545/2545/2545 2554/2554/2554
f 2546/2546/2546 2550/2550/2550 2555/2555/2555
f 2551/2551/2551 2546/2546/2546 2555/2555/2555
f 2393/2393/2393 2551/2551/2551 2556/2556/2556
f 2389/2389/2389 2393/2393/2393 2556/2556/2556
f 2548/2548/2548 2552/2552/2552 2557/2557/2557
f 2553/2553/2553 2548/2548/2548 2557/2557/2557
f 2549/2549/2549 2553/2553/2553 2558/2558/2558
f 2554/2554/2554 2549/2549/2549 2558/2558/2558
f 2550/2550/2550 2554/2554/2554 2559/2559/2559
f 2555/2555/2555 2550/2550/2550 2559/2559/2559
f 2551/2551/2551 2555/2555/2555 2560/2560/2560
f 2556/2556/2556 2551/2551/2551 2560/2560/2560
f 2389/2389/2389 2556/2556/2556 2561/2561/2561
f 2385/2385/2385 2389/2389/2389 2561/2561/2561
f 2553/2553/2553 2557/2557/2557 2562/2562/2562
f 2558/2558/2558 2553/2553/2553 2562/2562/2562
f 2554/2554/2554 2558/2558/2558 2563/2563/2563
f 2559/2559/2559 2554/2554/2554 2563/2563/2563
f 2555/2555/2555 2559/2559/2559 2564/2564/2564
f 2560/2560/2560 2555/2555/2555 2564/2564/2564
f 2556/2556/2556 2560/2560/2560 2565/2565/2565
f 2561/2561/2561 2556/2556/2556 2565/2565/2565
f 2385/2385/2385 2561/2561/2561 2566/2566/2566
f 2381/2381/2381 2385/2385/2385 2566/2566/2566
f 2558/2558/2558 2562/2562/2562 2567/2567/2567
f 2563/2563/2563 2558/2558/2558 2567/2567/2567
f 2559/2559/2559 2563/2563/2563 2568/2568/2568
f 2564/2564/2564 2559/2559/2559 2568/2568/2568
f 2560/2560/2560 2564/2564/2564 2569/2569/2569
f 2565/2565/2565 2560/2560/2560 2569/2569/2569
f 2561/2561/2561 2565/2565/2565 2570/2570/2570
f 2566/2566/2566 2561/2561/2561 2570/2570/2570
f 2381/2381/2381 2566/2566/2566 2571/2571/2571
f 2377/2377/2377 2381/2381/2381 2571/2571/2571
f 2563/2563/2563 2567/2567/2567 2572/2572/2572
f 2568/2568/2568 2563/2563/2563 2572/2572/2572
f 2564/2564/2564 2568/2568/2568 2573/2573/2573
f 2569/2569/2569 2564/2564/2564 2573/2573/2573
f 2565/2565/2565 2569/2569/2569 2574/2574/2574
f 2570/2570/2570 2565/2565/2565 2574/2574/2574
f 2566/2566/2566 2570/2570/2570 2575/2575/2575
f 2571/2571/2571 2566/2566/2566 2575/2575/2575
f 2377/2377/2377 2571/2571/2571 2576/2576/2576
f 2373/2373/2373 2377/2377/2377 2576/2576/2576
f 2568/2568/2568 2572/2572/2572 2577/2577/2577
f 2573/2573/2573 2568/2568/2568 2577/2577/2577
f 2569/2569/2569 2573/2573/2573 2578/2578/2578
f 2574/2574/2574 2569/2569/2569 2578/2578/2578
f 2570/2570/2570 2574/2574/2574 2579/2579/2579
f 2575/2575/2575 2570/2570/2570 2579/2579/2579
f 2571/2571/2571 2575/2575/2575 2580/2580/2580
f 2576/2576/2576 2571/2571/2571 2580/2580/2580
f 2373/2373/2373 2576/2576/2576 2581/2581/2581
f 2369/2369/2369 2373/2373/2373 2581/2581/2581
f 2573/2573/2573 2577/2577/2577 2582/2582/2582
f 2578/2578/2578 2573/2573/2573 2582/2582/2582
f 2574/2574/2574 2578/2578/2578 2583/2583/2583
f 2579/2579/2579 2574/2574/2574 2583/2583/2583
f 2575/2575/2575 2579/2579/2579 2584/2584/2584
f 2580/2580/2580 2575/2575/2575 2584/2584/2584
f 2576/2576/2576 2580/2580/2580 2585/2585/2585
f 2581/2581/2581 2576/2576/2576 2585/2585/2585
f 2369/2369/2369 2581/2581/2581 2586/2586/2586
f 2365/2365/2365 2369/2369/2369 2586/2586/2586
f 2578/2578/2578 2582/2582/2582 2587/2587/2587
f 2583/2583/2583 2578/2578/2578 2587/2587/2587
f 2579/2579/2579 2583/2583/2583 2588/2588/2588
f 2584/2584/2584 2579/2579/2579 2588/2588/2588
f 2580/2580/2580 2584/2584/2584 2589/2589/2589
f 2585/2585/2585 2580/2580/2580 2589/2589/2589
f 2581/2581/2581 2585/2585/2585 2590/2590/2590
f 2586/2586/2586 2581/2581/2581 2590/2590/2590
f 2365/2365/2365 2586/2586/2586 2591/2591/2591
f 2361/2361/2361 2365/2365/2365 2591/2591/2591
f 2583/2583/2583 2587/2587/2587 2592/2592/2592
f 2588/2588/2588 2583/2583/2583 2592/2592/2592
f 2584/2584/2584 2588/2588/2588 2593/2593/2593
f 2589/2589/2589 2584/2584/2584 2593/2593/2593
f 2585/2585/2585 2589/2589/2589 2594/2594/2594
f 2590/2590/2590 2585/2585/2585 2594/2594/2594
f 2586/2586/2586 2590/2590/2590 2595/2595/2595
f 2591/2591/2591 2586/2586/2586 2595/2595/2595
f 2361/2361/2361 2591/2591/2591 2596/2596/2596
f 2357/2357/2357 2361/2361/2361 2596/2596/2596
f 2588/2588/2588 2592/2592/2592 2597/2597/2597
f 2593/2593/2593 2588/2588/2588 2597/2597/2597
f 2589/2589/2589 2593/2593/2593 2598/2598/2598
f 2594/2594/2594 2589/2589/2589 2598/2598/2598
f 2590/2590/2590 2594/2594/2594 2599/2599/2599
f 2595/2595/2595 2590/2590/2590 2599/2599/2599
f 2591/2591/2591 2595/2595/2595 2600/2600/2600
f 2596/2596/2596 2591/2591/2591 2600/2600/2600
f 2357/2357/2357 2596/2596/2596 2601/2601/2601
f 2353/2353/2353 2357/2357/2357 2601/2601/2601
f 2593/2593/2593 2597/2597/2597 2602/2602/2602
f 2598/2598/2598 2593/2593/2593 2602/2602/2602
f 2594/2594/2594 2598/2598/2598 2603/2603/2603
f 2599/2599/2599 2594/2594/2594 2603/2603/2603
f 2595/2595/2595 2599/2599/2599 2604/2604/2604
f 2600/2600/2600 2595/2595/2595 2604/2604/2604
f 2596/2596/2596 2600/2600/2600 2605/2605/2605
f 2601/2601/2601 2596/2596/2596 2605/2605/2605
f 2353/2353/2353 2601/2601/2601 2606/2606/2606
f 2349/2349/2349 2353/2353/2353 2606/2606/2606
f 2598/2598/2598 2602/2602/2602 2607/2607/2607
f 2603/2603/2603 2598/2598/2598 2607/2607/2607
f 2599/2599/2599 2603/2603/2603 2608/2608/2608
f 2604/2604/2604 2599/2599/2599 2608/2608/2608
f 2600/2600/2600 2604/2604/2604 2609/2609/2609
f 2605/2605/2605 2600/2600/2600 2609/2609/2609
f 2601/2601/2601 2605/2605/2605 2610/2610/2610
f 2606/2606/2606 2601/2601/2601 2610/2610/2610
f 2349/2349/2349 2606/2606/2606 2611/2611/2611
f 2345/2345/2345 2349/2349/2349 2611/2611/2611
f 2603/2603/2603 2607/2607/2607 2612/2612/2612
f 2608/2608/2608 2603/2603/2603 2612/2612/2612
f 2604/2604/2604 2608/2608/2608 2613/2613/2613
f 2609/2609/2609 2604/2604/2604 2613/2613/2613
f 2605/2605/2605 2609/2609/2609 2614/2614/2614
f 2610/2610/2610 2605/2605/2605 2614/2614/2614
f 2606/2606/2606 2610/2610/2610 2615/2615/2615
f 2611/2611/2611 2606/2606/2606 2615/2615/2615
f 2345/2345/2345 2611/2611/2611 2616/2616/2616
f 2341/2341/2341 2345/2345/2345 2616/2616/2616
f 2608/2608/2608 2612/2612/2612 2617/2617/2617
f 2613/2613/2613 2608/2608/2608 2617/2617/2617
f 2609/2609/2609 2613/2613/2613 2618/2618/2618
f 2614/2614/2614 2609/2609/2609 2618/2618/2618
f 2610/2610/2610 2614/2614/2614 2619/2619/2619
f 2615/2615/2615 2610/2610/2610 2619/2619/2619
f 2611/2611/2611 2615/2615/2615 2620/2620/2620
f 2616/2616/2616 2611/2611/2611 2620/2620/2620
f 2341/2341/2341 2616/2616/2616 2621/2621/2621
f 2337/2337/2337 2341/2341/2341 2621/2621/2621
f 2613/2613/2613 2617/2617/2617 2622/2622/2622
f 2618/2618/2618 2613/2613/2613 2622/2622/2622
f 2614/2614/2614 2618/2618/2618 2623/2623/2623
f 2619/2619/2619 2614/2614/2614 2623/2623/2623
f 2615/2615/2615 2619/2619/2619 2624/2624/2624
f 2620/2620/2620 2615/2615/2615 2624/2624/2624
f 2616/2616/2616 2620/2620/2620 2625/2625/2625
f 2621/2621/2621 2616/2616/2616 2625/2625/2625
f 2337/2337/2337 2621/2621/2621 2626/2626/2626
f 2333/2333/2333 2337/2337/2337 2626/2626/2626
f 2618/2618/2618 2622/2622/2622 2627/2627/2627
f 2623/2623/2623 2618/2618/2618 2627/2627/2627
f 2619/2619/2619 2623/2623/2623 2628/2628/2628
f 2624/2624/2624 2619/2619/2619 2628/2628/2628
f 2620/2620/2620 2624/2624/2624 2629/2629/2629
f 2625/2625/2625 2620/2620/2620 2629/2629/2629
f 2621/2621/2621 2625/2625/2625 2630/2630/2630
f 2626/2626/2626 2621/2621/2621 2630/2630/2630
f 2333/2333/2333 2626/2626/2626 2631/2631/2631
f 2329/2329/2329 2333/2333/2333 2631/2631/2631
f 2623/2623/2623 2627/2627/2627 2632/2632/2632
f 2628/2628/2628 2623/2623/2623 2632/2632/2632
f 2624/2624/2624 2628/2628/2628 2633/2633/2633
f 2629/2629/2629 2624/2624/2624 2633/2633/2633
f 2625/2625/2625 2629/2629/2629 2634/2634/2634
f 2630/2630/2630 2625/2625/2625 2634/2634/2634
f 2626/2626/2626 2630/2630/2630 2635/2635/2635
f 2631/2631/2631 2626/2626/2626 2635/2635/2635
f 2329/2329/2329 2631/2631/2631 2636/2636/2636
f 2325/2325/2325 2329/2329/2329 2636/2636/2636
f 2628/2628/2628 2632/2632/2632 2637/2637/2637
f 2633/2633/2633 2628/2628/2628 2637/2637/2637
f 2629/2629/2629 2633/2633/2633 2638/2638/2638
f 2634/2634/2634 2629/2629/2629 2638/2638/2638
f 2630/2630/2630 2634/2634/2634 2639/2639/2639
f 2635/2635/2635 2630/2630/2630 2639/2639/2639
f 2631/2631/2631 2635/2635/2635 2640/2640/2640
f 2636/2636/2636 2631/2631/2631 2640/2640/2640
f 2325/2325/2325 2636/2636/2636 2641/2641/2641
f 2321/2321/2321 2325/2325/2325 2641/2641/2641
f 2633/2633/2633 2637/2637/2637 2642/2642/2642
f 2638/2638/2638 2633/2633/2633 2642/2642/2642
f 2634/2634/2634 2638/2638/2638 2643/2643/2643
f 2639/2639/2639 2634/2634/2634 2643/2643/2643
f 2635/2635/2635 2639/2639/2639 2644/2644/2644
f 2640/2640/2640 2635/2635/2635 2644/2644/2644
f 2636/2636/2636 2640/2640/2640 2645/2645/2645
f 2641/2641/2641 2636/2636/2636 2645/2645/2645
f 2321/2321/2321 2641/2641/2641 2646/2646/2646
f 2317/2317/2317 2321/2321/2321 2646/2646/2646
f 2638/2638/2638 2642/2642/2642 2647/2647/2647
f 2643/2643/2643 2638/2638/2638 2647/2647/2647
f 2639/2639/2639 2643/2643/2643 2648/2648/2648
f 2644/2644/2644 2639/2639/2639 2648/2648/2648
f 2640/2640/2640 2644/2644/2644 2649/2649/2649
f 2645/2645/2645 2640/2640/2640 2649/2649/2649
f 2641/2641/2641 2645/2645/2645 2650/2650/2650
f 2646/2646/2646 2641/2641/2641 2650/2650/2650
f 2317/2317/2317 2646/2646/2646 2651/2651/2651
f 2313/2313/2313 2317/2317/2317 2651/2651/2651
f 2643/2643/2643 2647/2647/2647 2652/2652/2652
f 2648/2648/2648 2643/2643/2643 2652/2652/2652
f 2644/2644/2644 2648/2648/2648 2653/2653/2653
f 2649/2649/2649 2644/2644/2644 2653/2653/2653
f 2645/2645/2645 2649/2649/2649 2654/2654/2654
f 2650/2650/2650 2645/2645/2645 2654/2654/2654
f 2646/2646/2646 2650/2650/2650 2655/2655/2655
f 2651/2651/2651 2646/2646/2646 2655/2655/2655
f 2313/2313/2313 2651/2651/2651 2656/2656/2656
f 2309/2309/2309 2313/2313/2313 2656/2656/2656
f 2648/2648/2648 2652/2652/2652 2657/2657/2657
f 2653/2653/2653 2648/2648/2648 2657/2657/2657
f 2649/2649/2649 2653/2653/2653 2658/2658/2658
f 2654/2654/2654 2649/2649/2649 2658/2658/2658
f 2650/2650/2650 2654/2654/2654 2659/2659/2659
f 2655/2655/2655 2650/2650/2650 2659/2659/2659
f 2651/2651/2651 2655/2655/2655 2660/2660/2660
f 2656/2656/2656 2651/2651/2651 2660/2660/2660
f 2309/2309/2309 2656/2656/2656 2661/2661/2661
f 2305/2305/2305 2309/2309/2309 2661/2661/2661
f 2653/2653/2653 2657/2657/2657 2662/2662/2662
f 2658/2658/2658 2653/2653/2653 2662/2662/2662
f 2654/2654/2654 2658/2658/2658 2663/2663/2663
f 2659/2659/2659 2654/2654/2654 2663/2663/2663
f 2655/2655/2655 2659/2659/2659 2664/2664/2664
f 2660/2660/2660 2655/2655/2655 2664/2664/2664
f 2656/2656/2656 2660/2660/2660 2665/2665/2665
f 2661/2661/2661 2656/2656/2656 2665/2665/2665
f 2305/2305/2305 2661/2661/2661 2666/2666/2666
f 2301/2301/2301 2305/2305/2305 2666/2666/2666
f 2658/2658/2658 2662/2662/2662 2667/2667/2667
f 2663/2663/2663 2658/2658/2658 2667/2667/2667
f 2659/2659/2659 2663/2663/2663 2668/2668/2668
f 2664/2664/2664 2659/2659/2659 2668/2668/2668
f 2660/2660/2660 2664/2664/2664 2669/2669/2669
f 2665/2665/2665 2660/2660/2660 2669/2669/2669
f 2661/2661/2661 2665/2665/2665 2670/2670/2670
f 2666/2666/2666 2661/2661/2661 2670/2670/2670
f 2301/2301/2301 2666/2666/2666 2671/2671/2671
f 2297/2297/2297 2301/2301/2301 2671/2671/2671
f 2663/2663/2663 2667/2667/2667 2672/2672/2672
f 2668/2668/2668 2663/2663/2663 2672/2672/2672
f 2664/2664/2664 2668/2668/2668 2673/2673/2673
f 2669/2669/2669 2664/2664/2664 2673/2673/2673
f 2665/2665/2665 2669/2669/2669 2674/2674/2674
f 2670/2670/2670 2665/2665/2665 2674/2674/2674
f 2666/2666/2666 2670/2670/2670 2675/2675/2675
f 2671/2671/2671 2666/2666/2666 2675/2675/2675
f 2297/2297/2297 2671/2671/2671 2676/2676/2676
f 2293/2293/2293 2297/2297/2297 2676/2676/2676
f 2668/2668/2668 2672/2672/2672 2677/2677/2677
f 2673/2673/2673 2668/2668/2668 2677/2677/2677
f 2669/2669/2669 2673/2673/2673 2678/2678/2678
f 2674/2674/2674 2669/2669/2669 2678/2678/2678
f 2670/2670/2670 2674/2674/2674 2679/2679/2679
f 2675/2675/2675 2670/2670/2670 2679/2679/2679
f 2671/2671/2671 2675/2675/2675 2680/2680/2680
f 2676/2676/2676 2671/2671/2671 2680/2680/2680
f 2293/2293/2293 2676/2676/2676 2681/2681/2681
f 2289/2289/2289 2293/2293/2293 2681/2681/2681
f 2673/2673/2673 2677/2677/2677 2682/2682/2682
f 2678/2678/2678 2673/2673/2673 2682/2682/2682
f 2674/2674/2674 2678/2678/2678 2683/2683/2683
f 2679/2679/2679 2674/2674/2674 2683/2683/2683
f 2675/2675/2675 2679/2679/2679 2684/2684/2684
f 2680/2680/2680 2675/2675/2675 2684/2684/2684
f 2676/2676/2676 2680/2680/2680 2685/2685/2685
f 2681/2681/2681 2676/2676/2676 2685/2685/2685
f 2289/2289/2289 2681/2681/2681 2686/2686/2686
f 2285/2285/2285 2289/2289/2289 2686/2686/2686
f 2678/2678/2678 2682/2682/2682 2687/2687/2687
f 2683/2683/2683 2678/2678/2678 2687/2687/2687
f 2679/2679/2679 2683/2683/2683 2688/2688/2688
f 2684/2684/2684 2679/2679/2679 2688/2688/2688
f 2680/2680/2680 2684/2684/2684 2689/2689/2689
f 2685/2685/2685 2680/2680/2680 2689/2689/2689
f 2681/2681/2681 2685/2685/2685 2690/2690/2690
f 2686/2686/2686 2681/2681/2681 2690/2690/2690
f 2285/2285/2285 2686/2686/2686 2691/2691/2691
f 2281/2281/2281 2285/2285/2285 2691/2691/2691
f 2683/2683/2683 2687/2687/2687 2692/2692/2692
f 2688/2688/2688 2683/2683/2683 2692/2692/2692
f 2684/2684/2684 2688/2688/2688 2693/2693/2693
f 2689/2689/2689 2684/2684/2684 2693/2693/2693
f 2685/2685/2685 2689/2689/2689 2694/2694/2694
f 2690/2690/2690 2685/2685/2685 2694/2694/2694
f 2686/2686/2686 2690/2690/2690 2695/2695/2695
f 2691/2691/2691 2686/2686/2686 2695/2695/2695
f 2281/2281/2281 2691/2691/2691 2696/2696/2696
f 2277/2277/2277 2281/2281/2281 2696/2696/2696
f 2688/2688/2688 2692/2692/2692 2697/2697/2697
f 2693/2693/2693 2688/2688/2688 2697/2697/2697
f 2689/2689/2689 2693/2693/2693 2698/2698/2698
f 2694/2694/2694 2689/2689/2689 2698/2698/2698
f 2690/2690/2690 2694/2694/2694 2699/2699/2699
f 2695/2695/2695 2690/2690/2690 2699/2699/2699
f 2691/2691/2691 2695/2695/2695 2700/2700/2700
f 2696/2696/2696 2691/2691/2691 2700/2700/2700
f 2277/2277/2277 2696/2696/2696 2701/2701/2701
f 2269/2269/2269 2277/2277/2277 2701/2701/2701
f 2693/2693/2693 2697/2697/2697 2702/2702/2702
f 2698/2698/2698 2693/2693/2693 2702/2702/2702
f 2694/2694/2694 2698/2698/2698 2703/2703/2703
f 2699/2699/2699 2694/2694/2694 2703/2703/2703
f 2695/2695/2695 2699/2699/2699 2704/2704/2704
f 2700/2700/2700 2695/2695/2695 2704/2704/2704
f 2696/2696/2696 2700/2700/2700 2705/2705/2705
f 2701/2701/2701 2696/2696/2696 2705/2705/2705
f 2269/2269/2269 2701/2701/2701 2706/2706/2706
f 2260/2260/2260 2269/2269/2269 2706/2706/2706
f 2260/2260/2260 2706/2706/2706 2259/2259/2259
f 2706/2706/2706 2701/2701/2701 2707/2707/2707
f 2701/2701/2701 2705/2705/2705 2707/2707/2707
f 2259/2259/2259 2706/2706/2706 2708/2708/2708
f 2706/2706/2706 2707/2707/2707 2708/2708/2708
f 2259/2259/2259 2708/2708/2708 2258/2258/2258
f 2705/2705/2705 2700/2700/2700 2709/2709/2709
f 2700/2700/2700 2704/2704/2704 2709/2709/2709
f 2704/2704/2704 2699/2699/2699 2710/2710/2710
f 2699/2699/2699 2703/2703/2703 2710/2710/2710
f 2707/2707/2707 2705/2705/2705 2711/2711/2711
f 2705/2705/2705 2709/2709/2709 2711/2711/2711
f 2258/2258/2258 2708/2708/2708 2712/2712/2712
f 2258/2258/2258 2712/2712/2712 2257/2257/2257
f 2708/2708/2708 2707/2707/2707 2713/2713/2713
f 2707/2707/2707 2711/2711/2711 2713/2713/2713
f 2708/2708/2708 2713/2713/2713 2712/2712/2712
f 2709/2709/2709 2704/2704/2704 2714/2714/2714
f 2704/2704/2704 2710/2710/2710 2714/2714/2714
f 2257/2257/2257 2712/2712/2712 2715/2715/2715
f 2257/2257/2257 2715/2715/2715 2256/2256/2256
f 2711/2711/2711 2709/2709/2709 2716/2716/2716
f 2709/2709/2709 2714/2714/2714 2716/2716/2716
f 2712/2712/2712 2713/2713/2713 2717/2717/2717
f 2712/2712/2712 2717/2717/2717 2715/2715/2715
f 2713/2713/2713 2711/2711/2711 2718/2718/2718
f 2711/2711/2711 2716/2716/2716 2718/2718/2718
f 2713/2713/2713 2718/2718/2718 2717/2717/2717
f 2256/2256/2256 2715/2715/2715 2719/2719/2719
f 2256/2256/2256 2719/2719/2719 2255/2255/2255
f 2715/2715/2715 2717/2717/2717 2720/2720/2720
f 2715/2715/2715 2720/2720/2720 2719/2719/2719
f 2717/2717/2717 2718/2718/2718 2721/2721/2721
f 2717/2717/2717 2721/2721/2721 2720/2720/2720
f 2718/2718/2718 2716/2716/2716 2722/2722/2722
f 2718/2718/2718 2722/2722/2722 2721/2721/2721
f 2716/2716/2716 2714/2714/2714 2723/2723/2723
f 2716/2716/2716 2723/2723/2723 2722/2722/2722
f 2255/2255/2255 2719/2719/2719 2724/2724/2724
f 2255/2255/2255 2724/2724/2724 2254/2254/2254
f 2719/2719/2719 2720/2720/2720 2725/2725/2725
f 2719/2719/2719 2725/2725/2725 2724/2724/2724
f 2720/2720/2720 2721/2721/2721 2726/2726/2726
f 2720/2720/2720 2726/2726/2726 2725/2725/2725
f 2721/2721/2721 2722/2722/2722 2727/2727/2727
f 2721/2721/2721 2727/2727/2727 2726/2726/2726
f 2254/2254/2254 2724/2724/2724 2728/2728/2728
f 2254/2254/2254 2728/2728/2728 2253/2253/2253
f 2724/2724/2724 2725/2725/2725 2729/2729/2729
f 2724/2724/2724 2729/2729/2729 2728/2728/2728
f 2725/2725/2725 2726/2726/2726 2730/2730/2730
f 2725/2725/2725 2730/2730/2730 2729/2729/2729
f 2253/2253/2253 2728/2728/2728 2731/2731/2731
f 2253/2253/2253 2731/2731/2731 2252/2252/2252
f 2728/2728/2728 2729/2729/2729 2732/2732/2732
f 2728/2728/2728 2732/2732/2732 2731/2731/2731
f 2252/2252/2252 2731/2731/2731 2733/2733/2733
f 2252/2252/2252 2733/2733/2733 2250/2250/2250
f 2731/2731/2731 2734/2734/2734 2733/2733/2733
f 2731/2731/2731 2732/2732/2732 2734/2734/2734
f 2250/2250/2250 2733/2733/2733 2735/2735/2735
f 2734/2734/2734 2735/2735/2735 2733/2733/2733
f 2250/2250/2250 2735/2735/2735 2736/2736/2736
f 2737/2737/2737 2736/2736/2736 2735/2735/2735
f 2737/2737/2737 2735/2735/2735 2738/2738/2738
f 2734/2734/2734 2738/2738/2738 2735/2735/2735
f 2729/2729/2729 2739/2739/2739 2732/2732/2732
f 2729/2729/2729 2730/2730/2730 2739/2739/2739
f 2732/2732/2732 2740/2740/2740 2734/2734/2734
f 2732/2732/2732 2739/2739/2739 2740/2740/2740
f 2734/2734/2734 2740/2740/2740 2741/2741/2741
f 2734/2734/2734 2741/2741/2741 2742/2742/2742
f 2743/2743/2743 2742/2742/2742 2741/2741/2741
f 2743/2743/2743 2741/2741/2741 2744/2744/2744
f 2745/2745/2745 2744/2744/2744 2741/2741/2741
f 2745/2745/2745 2741/2741/2741 2740/2740/2740
f 2739/2739/2739 2745/2745/2745 2740/2740/2740
f 2730/2730/2730 2746/2746/2746 2739/2739/2739
f 2739/2739/2739 2746/2746/2746 2745/2745/2745
f 2730/2730/2730 2747/2747/2747 2746/2746/2746
f 2726/2726/2726 2747/2747/2747 2730/2730/2730
f 2726/2726/2726 2727/2727/2727 2747/2747/2747
f 2746/2746/2746 2748/2748/2748 2745/2745/2745
f 2747/2747/2747 2749/2749/2749 2746/2746/2746
f 2746/2746/2746 2749/2749/2749 2748/2748/2748
f 2727/2727/2727 2750/2750/2750 2747/2747/2747
f 2747/2747/2747 2750/2750/2750 2749/2749/2749
f 2745/2745/2745 2748/2748/2748 2751/2751/2751
f 2745/2745/2745 2751/2751/2751 2752/2752/2752
f 2753/2753/2753 2752/2752/2752 2751/2751/2751
f 2753/2753/2753 2751/2751/2751 2754/2754/2754
f 2755/2755/2755 2754/2754/2754 2751/2751/2751
f 2755/2755/2755 2751/2751/2751 2748/2748/2748
f 2749/2749/2749 2755/2755/2755 2748/2748/2748
f 2727/2727/2727 2756/2756/2756 2750/2750/2750
f 2722/2722/2722 2756/2756/2756 2727/2727/2727
f 2722/2722/2722 2723/2723/2723 2756/2756/2756
f 2750/2750/2750 2757/2757/2757 2749/2749/2749
f 2749/2749/2749 2757/2757/2757 2755/2755/2755
f 2756/2756/2756 2758/2758/2758 2750/2750/2750
f 2750/2750/2750 2758/2758/2758 2757/2757/2757
f 2723/2723/2723 2759/2759/2759 2756/2756/2756
f 2756/2756/2756 2759/2759/2759 2758/2758/2758
f 2723/2723/2723 2760/2760/2760 2759/2759/2759
f 2714/2714/2714 2760/2760/2760 2723/2723/2723
f 2714/2714/2714 2710/2710/2710 2760/2760/2760
f 2710/2710/2710 2761/2761/2761 2760/2760/2760
f 2710/2710/2710 2703/2703/2703 2761/2761/2761
f 2760/2760/2760 2762/2762/2762 2759/2759/2759
f 2760/2760/2760 2761/2761/2761 2762/2762/2762
f 2759/2759/2759 2763/2763/2763 2758/2758/2758
f 2759/2759/2759 2762/2762/2762 2763/2763/2763
f 2758/2758/2758 2764/2764/2764 2757/2757/2757
f 2758/2758/2758 2763/2763/2763 2764/2764/2764
f 2757/2757/2757 2765/2765/2765 2755/2755/2755
f 2757/2757/2757 2764/2764/2764 2765/2765/2765
f 2703/2703/2703 2766/2766/2766 2761/2761/2761
f 2703/2703/2703 2698/2698/2698 2766/2766/2766
f 2698/2698/2698 2702/2702/2702 2766/2766/2766
f 2761/2761/2761 2767/2767/2767 2762/2762/2762
f 2761/2761/2761 2766/2766/2766 2767/2767/2767
f 2762/2762/2762 2768/2768/2768 2763/2763/2763
f 2762/2762/2762 2767/2767/2767 2768/2768/2768
f 2755/2755/2755 2765/2765/2765 2769/2769/2769
f 2755/2755/2755 2769/2769/2769 2770/2770/2770
f 2771/2771/2771 2770/2770/2770 2769/2769/2769
f 2771/2771/2771 2769/2769/2769 2772/2772/2772
f 2773/2773/2773 2772/2772/2772 2769/2769/2769
f 2773/2773/2773 2769/2769/2769 2765/2765/2765
f 2764/2764/2764 2773/2773/2773 2765/2765/2765
f 2763/2763/2763 2774/2774/2774 2764/2764/2764
f 2763/2763/2763 2768/2768/2768 2774/2774/2774
f 2764/2764/2764 2774/2774/2774 2773/2773/2773
f 2766/2766/2766 2702/2702/2702 2775/2775/2775
f 2766/2766/2766 2775/2775/2775 2767/2767/2767
f 2767/2767/2767 2776/2776/2776 2768/2768/2768
f 2767/2767/2767 2775/2775/2775 2776/2776/2776
f 2768/2768/2768 2777/2777/2777 2774/2774/2774
f 2768/2768/2768 2776/2776/2776 2777/2777/2777
f 2774/2774/2774 2778/2778/2778 2773/2773/2773
f 2774/2774/2774 2777/2777/2777 2778/2778/2778
f 2702/2702/2702 2779/2779/2779 2775/2775/2775
f 2702/2702/2702 2697/2697/2697 2779/2779/2779
f 2775/2775/2775 2780/2780/2780 2776/2776/2776
f 2775/2775/2775 2779/2779/2779 2780/2780/2780
f 2773/2773/2773 2778/2778/2778 2781/2781/2781
f 2773/2773/2773 2781/2781/2781 2782/2782/2782
f 2783/2783/2783 2782/2782/2782 2781/2781/2781
f 2783/2783/2783 2781/2781/2781 2784/2784/2784
f 2785/2785/2785 2784/2784/2784 2781/2781/2781
f 2785/2785/2785 2781/2781/2781 2778/2778/2778
f 2777/2777/2777 2785/2785/2785 2778/2778/2778
f 2776/2776/2776 2786/2786/2786 2777/2777/2777
f 2776/2776/2776 2780/2780/2780 2786/2786/2786
f 2777/2777/2777 2786/2786/2786 2785/2785/2785
f 2697/2697/2697 2787/2787/2787 2779/2779/2779
f 2697/2697/2697 2692/2692/2692 2787/2787/2787
f 2779/2779/2779 2788/2788/2788 2780/2780/2780
f 2779/2779/2779 2787/2787/2787 2788/2788/2788
f 2780/2780/2780 2789/2789/2789 2786/2786/2786
f 2780/2780/2780 2788/2788/2788 2789/2789/2789
f 2786/2786/2786 2790/2790/2790 2785/2785/2785
f 2786/2786/2786 2789/2789/2789 2790/2790/2790
f 2692/2692/2692 2791/2791/2791 2787/2787/2787
f 2692/2692/2692 2687/2687/2687 2791/2791/2791
f 2787/2787/2787 2792/2792/2792 2788/2788/2788
f 2787/2787/2787 2791/2791/2791 2792/2792/2792
f 2785/2785/2785 2790/2790/2790 2793/2793/2793
f 2785/2785/2785 2793/2793/2793 2794/2794/2794
f 2795/2795/2795 2794/2794/2794 2793/2793/2793
f 2795/2795/2795 2793/2793/2793 2796/2796/2796
f 2797/2797/2797 2796/2796/2796 2793/2793/2793
f 2797/2797/2797 2793/2793/2793 2790/2790/2790
f 2789/2789/2789 2797/2797/2797 2790/2790/2790
f 2788/2788/2788 2798/2798/2798 2789/2789/2789
f 2788/2788/2788 2792/2792/2792 2798/2798/2798
f 2789/2789/2789 2798/2798/2798 2797/2797/2797
f 2687/2687/2687 2799/2799/2799 2791/2791/2791
f 2687/2687/2687 2682/2682/2682 2799/2799/2799
f 2791/2791/2791 2800/2800/2800 2792/2792/2792
f 2791/2791/2791 2799/2799/2799 2800/2800/2800
f 2792/2792/2792 2801/2801/2801 2798/2798/2798
f 2792/2792/2792 2800/2800/2800 2801/2801/2801
f 2798/2798/2798 2802/2802/2802 2797/2797/2797
f 2798/2798/2798 2801/2801/2801 2802/2802/2802
f 2682/2682/2682 2803/2803/2803 2799/2799/2799
f 2682/2682/2682 2677/2677/2677 2803/2803/2803
f 2799/2799/2799 2804/2804/2804 2800/2800/2800
f 2799/2799/2799 2803/2803/2803 2804/2804/2804
f 2797/2797/2797 2802/2802/2802 2805/2805/2805
f 2797/2797/2797 2805/2805/2805 2806/2806/2806
f 2807/2807/2807 2806/2806/2806 2805/2805/2805
f 2807/2807/2807 2805/2805/2805 2808/2808/2808
f 2809/2809/2809 2808/2808/2808 2805/2805/2805
f 2809/2809/2809 2805/2805/2805 2802/2802/2802
f 2801/2801/2801 2809/2809/2809 2802/2802/2802
f 2800/2800/2800 2810/2810/2810 2801/2801/2801
f 2800/2800/2800 2804/2804/2804 2810/2810/2810
f 2801/2801/2801 2810/2810/2810 2809/2809/2809
f 2677/2677/2677 2811/2811/2811 2803/2803/2803
f 2677/2677/2677 2672/2672/2672 2811/2811/2811
f 2803/2803/2803 2812/2812/2812 2804/2804/2804
f 2803/2803/2803 2811/2811/2811 2812/2812/2812
f 2804/2804/2804 2813/2813/2813 2810/2810/2810
f 2804/2804/2804 2812/2812/2812 2813/2813/2813
f 2810/2810/2810 2814/2814/2814 2809/2809/2809
f 2810/2810/2810 2813/2813/2813 2814/2814/2814
f 2672/2672/2672 2815/2815/2815 2811/2811/2811
f 2672/2672/2672 2667/2667/2667 2815/2815/2815
f 2811/2811/2811 2816/2816/2816 2812/2812/2812
f 2811/2811/2811 2815/2815/2815 2816/2816/2816
f 2809/2809/2809 2814/2814/2814 2817/2817/2817
f 2809/2809/2809 2817/2817/2817 2818/2818/2818
f 2819/2819/2819 2818/2818/2818 2817/2817/2817
f 2819/2819/2819 2817/2817/2817 2820/2820/2820
f 2821/2821/2821 2820/2820/2820 2817/2817/2817
f 2821/2821/2821 2817/2817/2817 2814/2814/2814
f 2813/2813/2813 2821/2821/2821 2814/2814/2814
f 2812/2812/2812 2822/2822/2822 2813/2813/2813
f 2812/2812/2812 2816/2816/2816 2822/2822/2822
f 2813/2813/2813 2822/2822/2822 2821/2821/2821
f 2667/2667/2667 2823/2823/2823 2815/2815/2815
f 2667/2667/2667 2662/2662/2662 2823/2823/2823
f 2815/2815/2815 2824/2824/2824 2816/2816/2816
f 2815/2815/2815 2823/2823/2823 2824/2824/2824
f 2816/2816/2816 2825/2825/2825 2822/2822/2822
f 2816/2816/2816 2824/2824/2824 2825/2825/2825
f 2822/2822/2822 2826/2826/2826 2821/2821/2821
f 2822/2822/2822 2825/2825/2825 2826/2826/2826
f 2662/2662/2662 2827/2827/2827 2823/2823/2823
f 2662/2662/2662 2657/2657/2657 2827/2827/2827
f 2823/2823/2823 2828/2828/2828 2824/2824/2824
f 2823/2823/2823 2827/2827/2827 2828/2828/2828
f 2821/2821/2821 2826/2826/2826 2829/2829/2829
f 2821/2821/2821 2829/2829/2829 2830/2830/2830
f 2831/2831/2831 2830/2830/2830 2829/2829/2829
f 2831/2831/2831 2829/2829/2829 2832/2832/2832
f 2833/2833/2833 2832/2832/2832 2829/2829/2829
f 2833/2833/2833 2829/2829/2829 2826/2826/2826
f 2825/2825/2825 2833/2833/2833 2826/2826/2826
f 2824/2824/2824 2834/2834/2834 2825/2825/2825
f 2824/2824/2824 2828/2828/2828 2834/2834/2834
f 2825/2825/2825 2834/2834/2834 2833/2833/2833
f 2657/2657/2657 2835/2835/2835 2827/2827/2827
f 2657/2657/2657 2652/2652/2652 2835/2835/2835
f 2827/2827/2827 2836/2836/2836 2828/2828/2828
f 2827/2827/2827 2835/2835/2835 2836/2836/2836
f 2828/2828/2828 2837/2837/2837 2834/2834/2834
f 2828/2828/2828 2836/2836/2836 2837/2837/2837
f 2834/2834/2834 2838/2838/2838 2833/2833/2833
f 2834/2834/2834 2837/2837/2837 2838/2838/2838
f 2652/2652/2652 2839/2839/2839 2835/2835/2835
f 2652/2652/2652 2647/2647/2647 2839/2839/2839
f 2835/2835/2835 2840/2840/2840 2836/2836/2836
f 2835/2835/2835 2839/2839/2839 2840/2840/2840
f 2833/2833/2833 2838/2838/2838 2841/2841/2841
f 2833/2833/2833 2841/2841/2841 2842/2842/2842
f 2843/2843/2843 2842/2842/2842 2841/2841/2841
f 2843/2843/2843 2841/2841/2841 2844/2844/2844
f 2845/2845/2845 2844/2844/2844 2841/2841/2841
f 2845/2845/2845 2841/2841/2841 2838/2838/2838
f 2837/2837/2837 2845/2845/2845 2838/2838/2838
f 2836/2836/2836 2846/2846/2846 2837/2837/2837
f 2836/2836/2836 2840/2840/2840 2846/2846/2846
f 2837/2837/2837 2846/2846/2846 2845/2845/2845
f 2647/2647/2647 2847/2847/2847 2839/2839/2839
f 2647/2647/2647 2642/2642/2642 2847/2847/2847
f 2839/2839/2839 2848/2848/2848 2840/2840/2840
f 2839/2839/2839 2847/2847/2847 2848/2848/2848
f 2840/2840/2840 2849/2849/2849 2846/2846/2846
f 2840/2840/2840 2848/2848/2848 2849/2849/2849
f 2846/2846/2846 2850/2850/2850 2845/2845/2845
f 2846/2846/2846 2849/2849/2849 2850/2850/2850
f 2642/2642/2642 2851/2851/2851 2847/2847/2847
f 2642/2642/2642 2637/2637/2637 2851/2851/2851
f 2847/2847/2847 2852/2852/2852 2848/2848/2848
f 2847/2847/2847 2851/2851/2851 2852/2852/2852
f 2845/2845/2845 2850/2850/2850 2853/2853/2853
f 2845/2845/2845 2853/2853/2853 2854/2854/2854
f 2855/2855/2855 2854/2854/2854 2853/2853/2853
f 2855/2855/2855 2853/2853/2853 2856/2856/2856
f 2857/2857/2857 2856/2856/2856 2853/2853/2853
f 2857/2857/2857 2853/2853/2853 2850/2850/2850
f 2849/2849/2849 2857/2857/2857 2850/2850/2850
f 2848/2848/2848 2858/2858/2858 2849/2849/2849
f 2848/2848/2848 2852/2852/2852 2858/2858/2858
f 2849/2849/2849 2858/2858/2858 2857/2857/2857
f 2637/2637/2637 2859/2859/2859 2851/2851/2851
f 2637/2637/2637 2632/2632/2632 2859/2859/2859
f 2851/2851/2851 2860/2860/2860 2852/2852/2852
f 2851/2851/2851 2859/2859/2859 2860/2860/2860
f 2852/2852/2852 2861/2861/2861 2858/2858/2858
f 2852/2852/2852 2860/2860/2860 2861/2861/2861
f 2858/2858/2858 2862/2862/2862 2857/2857/2857
f 2858/2858/2858 2861/2861/2861 2862/2862/2862
f 2632/2632/2632 2863/2863/2863 2859/2859/2859
f 2632/2632/2632 2627/2627/2627 2863/2863/2863
f 2859/2859/2859 2864/2864/2864 2860/2860/2860
f 2859/2859/2859 2863/2863/2863 2864/2864/2864
f 2857/2857/2857 2862/2862/2862 2865/2865/2865
f 2857/2857/2857 2865/2865/2865 2866/2866/2866
f 2867/2867/2867 2866/2866/2866 2865/2865/2865
f 2867/2867/2867 2865/2865/2865 2868/2868/2868
f 2869/2869/2869 2868/2868/2868 2865/2865/2865
f 2869/2869/2869 2865/2865/2865 2862/2862/2862
f 2861/2861/2861 2869/2869/2869 2862/2862/2862
f 2860/2860/2860 2870/2870/2870 2861/2861/2861
f 2860/2860/2860 2864/2864/2864 2870/2870/2870
f 2861/2861/2861 2870/2870/2870 2869/2869/2869
f 2627/2627/2627 2871/2871/2871 2863/2863/2863
f 2627/2627/2627 2622/2622/2622 2871/2871/2871
f 2863/2863/2863 2872/2872/2872 2864/2864/2864
f 2863/2863/2863 2871/2871/2871 2872/2872/2872
f 2864/2864/2864 2873/2873/2873 2870/2870/2870
f 2864/2864/2864 2872/2872/2872 2873/2873/2873
f 2870/2870/2870 2874/2874/2874 2869/2869/2869
f 2870/2870/2870 2873/2873/2873 2874/2874/2874
f 2622/2622/2622 2875/2875/2875 2871/2871/2871
f 2622/2622/2622 2617/2617/2617 2875/2875/2875
f 2871/2871/2871 2876/2876/2876 2872/2872/2872
f 2871/2871/2871 2875/2875/2875 2876/2876/2876
f 2869/2869/2869 2874/2874/2874 2877/2877/2877
f 2869/2869/2869 2877/2877/2877 2878/2878/2878
f 2879/2879/2879 2878/2878/2878 2877/2877/2877
f 2879/2879/2879 2877/2877/2877 2880/2880/2880
f 2881/2881/2881 2880/2880/2880 2877/2877/2877
f 2881/2881/2881 2877/2877/2877 2874/2874/2874
f 2873/2873/2873 2881/2881/2881 2874/2874/2874
f 2872/2872/2872 2882/2882/2882 2873/2873/2873
f 2872/2872/2872 2876/2876/2876 2882/2882/2882
f 2873/2873/2873 2882/2882/2882 2881/2881/2881
f 2617/2617/2617 2883/2883/2883 2875/2875/2875
f 2617/2617/2617 2612/2612/2612 2883/2883/2883
f 2875/2875/2875 2884/2884/2884 2876/2876/2876
f 2875/2875/2875 2883/2883/2883 2884/2884/2884
f 2876/2876/2876 2885/2885/2885 2882/2882/2882
f 2876/2876/2876 2884/2884/2884 2885/2885/2885
f 2882/2882/2882 2886/2886/2886 2881/2881/2881
f 2882/2882/2882 2885/2885/2885 2886/2886/2886
f 2612/2612/2612 2887/2887/2887 2883/2883/2883
f 2612/2612/2612 2607/2607/2607 2887/2887/2887
f 2883/2883/2883 2888/2888/2888 2884/2884/2884
f 2883/2883/2883 2887/2887/2887 2888/2888/2888
f 2881/2881/2881 2886/2886/2886 2889/2889/2889
f 2881/2881/2881 2889/2889/2889 2890/2890/2890
f 2891/2891/2891 2890/2890/2890 2889/2889/2889
f 2891/2891/2891 2889/2889/2889 2892/2892/2892
f 2893/2893/2893 2892/2892/2892 2889/2889/2889
f 2893/2893/2893 2889/2889/2889 2886/2886/2886
f 2885/2885/2885 2893/2893/2893 2886/2886/2886
f 2884/2884/2884 2894/2894/2894 2885/2885/2885
f 2884/2884/2884 2888/2888/2888 2894/2894/2894
f 2885/2885/2885 2894/2894/2894 2893/2893/2893
f 2607/2607/2607 2895/2895/2895 2887/2887/2887
f 2607/2607/2607 2602/2602/2602 2895/2895/2895
f 2887/2887/2887 2896/2896/2896 2888/2888/2888
f 2887/2887/2887 2895/2895/2895 2896/2896/2896
f 2888/2888/2888 2897/2897/2897 2894/2894/2894
f 2888/2888/2888 2896/2896/2896 2897/2897/2897
f 2894/2894/2894 2898/2898/2898 2893/2893/2893
f 2894/2894/2894 2897/2897/2897 2898/2898/2898
f 2602/2602/2602 2899/2899/2899 2895/2895/2895
f 2602/2602/2602 2597/2597/2597 2899/2899/2899
f 2895/2895/2895 2900/2900/2900 2896/2896/2896
f 2895/2895/2895 2899/2899/2899 2900/2900/2900
f 2893/2893/2893 2898/2898/2898 2901/2901/2901
f 2893/2893/2893 2901/2901/2901 2902/2902/2902
f 2903/2903/2903 2902/2902/2902 2901/2901/2901
f 2903/2903/2903 2901/2901/2901 2904/2904/2904
f 2905/2905/2905 2904/2904/2904 2901/2901/2901
f 2905/2905/2905 2901/2901/2901 2898/2898/2898
f 2897/2897/2897 2905/2905/2905 2898/2898/2898
f 2896/2896/2896 2906/2906/2906 2897/2897/2897
f 2896/2896/2896 2900/2900/2900 2906/2906/2906
f 2897/2897/2897 2906/2906/2906 2905/2905/2905
f 2597/2597/2597 2907/2907/2907 2899/2899/2899
f 2597/2597/2597 2592/2592/2592 2907/2907/2907
f 2899/2899/2899 2908/2908/2908 2900/2900/2900
f 2899/2899/2899 2907/2907/2907 2908/2908/2908
f 2900/2900/2900 2909/2909/2909 2906/2906/2906
f 2900/2900/2900 2908/2908/2908 2909/2909/2909
f 2906/2906/2906 2910/2910/2910 2905/2905/2905
f 2906/2906/2906 2909/2909/2909 2910/2910/2910
f 2592/2592/2592 2911/2911/2911 2907/2907/2907
f 2592/2592/2592 2587/2587/2587 2911/2911/2911
f 2907/2907/2907 2912/2912/2912 2908/2908/2908
f 2907/2907/2907 2911/2911/2911 2912/2912/2912
f 2905/2905/2905 2910/2910/2910 2913/2913/2913
f 2905/2905/2905 2913/2913/2913 2914/2914/2914
f 2915/2915/2915 2914/2914/2914 2913/2913/2913
f 2915/2915/2915 2913/2913/2913 2916/2916/2916
f 2917/2917/2917 2916/2916/2916 2913/2913/2913
f 2917/2917/2917 2913/2913/2913 2910/2910/2910
f 2909/2909/2909 2917/2917/2917 2910/2910/2910
f 2908/2908/2908 2918/2918/2918 2909/2909/2909
f 2908/2908/2908 2912/2912/2912 2918/2918/2918
f 2909/2909/2909 2918/2918/2918 2917/2917/2917
f 2587/2587/2587 2919/2919/2919 2911/2911/2911
f 2587/2587/2587 2582/2582/2582 2919/2919/2919
f 2911/2911/2911 2920/2920/2920 2912/2912/2912
f 2911/2911/2911 2919/2919/2919 2920/2920/2920
f 2912/2912/2912 2921/2921/2921 2918/2918/2918
f 2912/2912/2912 2920/2920/2920 2921/2921/2921
f 2918/2918/2918 2922/2922/2922 2917/2917/2917
f 2918/2918/2918 2921/2921/2921 2922/2922/2922
f 2582/2582/2582 2923/2923/2923 2919/2919/2919
f 2582/2582/2582 2577/2577/2577 2923/2923/2923
f 2919/2919/2919 2924/2924/2924 2920/2920/2920
f 2919/2919/2919 2923/2923/2923 2924/2924/2924
f 2917/2917/2917 2922/2922/2922 2925/2925/2925
f 2917/2917/2917 2925/2925/2925 2926/2926/2926
f 2927/2927/2927 2926/2926/2926 2925/2925/2925
f 2927/2927/2927 2925/2925/2925 2928/2928/2928
f 2929/2929/2929 2928/2928/2928 2925/2925/2925
f 2929/2929/2929 2925/2925/2925 2922/2922/2922
f 2921/2921/2921 2929/2929/2929 2922/2922/2922
f 2920/2920/2920 2930/2930/2930 2921/2921/2921
f 2920/2920/2920 2924/2924/2924 2930/2930/2930
f 2921/2921/2921 2930/2930/2930 2929/2929/2929
f 2577/2577/2577 2931/2931/2931 2923/2923/2923
f 2577/2577/2577 2572/2572/2572 2931/2931/2931
f 2923/2923/2923 2932/2932/2932 2924/2924/2924
f 2923/2923/2923 2931/2931/2931 2932/2932/2932
f 2924/2924/2924 2933/2933/2933 2930/2930/2930
f 2924/2924/2924 2932/2932/2932 2933/2933/2933
f 2930/2930/2930 2934/2934/2934 2929/2929/2929
f 2930/2930/2930 2933/2933/2933 2934/2934/2934
f 2572/2572/2572 2935/2935/2935 2931/2931/2931
f 2572/2572/2572 2567/2567/2567 2935/2935/2935
f 2931/2931/2931 2936/2936/2936 2932/2932/2932
f 2931/2931/2931 2935/2935/2935 2936/2936/2936
f 2929/2929/2929 2934/2934/2934 2937/2937/2937
f 2929/2929/2929 2937/2937/2937 2938/2938/2938
f 2939/2939/2939 2938/2938/2938 2937/2937/2937
f 2939/2939/2939 2937/2937/2937 2940/2940/2940
f 2941/2941/2941 2940/2940/2940 2937/2937/2937
f 2941/2941/2941 2937/2937/2937 2934/2934/2934
f 2933/2933/2933 2941/2941/2941 2934/2934/2934
f 2932/2932/2932 2942/2942/2942 2933/2933/2933
f 2932/2932/2932 2936/2936/2936 2942/2942/2942
f 2933/2933/2933 2942/2942/2942 2941/2941/2941
f 2567/2567/2567 2943/2943/2943 2935/2935/2935
f 2567/2567/2567 2562/2562/2562 2943/2943/2943
f 2935/2935/2935 2944/2944/2944 2936/2936/2936
f 2935/2935/2935 2943/2943/2943 2944/2944/2944
f 2936/2936/2936 2945/2945/2945 2942/2942/2942
f 2936/2936/2936 2944/2944/2944 2945/2945/2945
f 2942/2942/2942 2946/2946/2946 2941/2941/2941
f 2942/2942/2942 2945/2945/2945 2946/2946/2946
f 2562/2562/2562 2947/2947/2947 2943/2943/2943
f 2562/2562/2562 2557/2557/2557 2947/2947/2947
f 2943/2943/2943 2948/2948/2948 2944/2944/2944
f 2943/2943/2943 2947/2947/2947 2948/2948/2948
f 2941/2941/2941 2946/2946/2946 2949/2949/2949
f 2941/2941/2941 2949/2949/2949 2950/2950/2950
f 2951/2951/2951 2950/2950/2950 2949/2949/2949
f 2951/2951/2951 2949/2949/2949 2952/2952/2952
f 2953/2953/2953 2952/2952/2952 2949/2949/2949
f 2953/2953/2953 2949/2949/2949 2946/2946/2946
f 2945/2945/2945 2953/2953/2953 2946/2946/2946
f 2944/2944/2944 2954/2954/2954 2945/2945/2945
f 2944/2944/2944 2948/2948/2948 2954/2954/2954
f 2945/2945/2945 2954/2954/2954 2953/2953/2953
f 2557/2557/2557 2955/2955/2955 2947/2947/2947
f 2557/2557/2557 2552/2552/2552 2955/2955/2955
f 2947/2947/2947 2956/2956/2956 2948/2948/2948
f 2947/2947/2947 2955/2955/2955 2956/2956/2956
f 2948/2948/2948 2957/2957/2957 2954/2954/2954
f 2948/2948/2948 2956/2956/2956 2957/2957/2957
f 2954/2954/2954 2958/2958/2958 2953/2953/2953
f 2954/2954/2954 2957/2957/2957 2958/2958/2958
f 2552/2552/2552 2959/2959/2959 2955/2955/2955
f 2552/2552/2552 2547/2547/2547 2959/2959/2959
f 2955/2955/2955 2960/2960/2960 2956/2956/2956
f 2955/2955/2955 2959/2959/2959 2960/2960/2960
f 2953/2953/2953 2958/2958/2958 2961/2961/2961
f 2953/2953/2953 2961/2961/2961 2962/2962/2962
f 2963/2963/2963 2962/2962/2962 2961/2961/2961
f 2963/2963/2963 2961/2961/2961 2964/2964/2964
f 2965/2965/2965 2964/2964/2964 2961/2961/2961
f 2965/2965/2965 2961/2961/2961 2958/2958/2958
f 2957/2957/2957 2965/2965/2965 2958/2958/2958
f 2956/2956/2956 2966/2966/2966 2957/2957/2957
f 2956/2956/2956 2960/2960/2960 2966/2966/2966
f 2957/2957/2957 2966/2966/2966 2965/2965/2965
f 2547/2547/2547 2967/2967/2967 2959/2959/2959
f 2547/2547/2547 2542/2542/2542 2967/2967/2967
f 2959/2959/2959 2968/2968/2968 2960/2960/2960
f 2959/2959/2959 2967/2967/2967 2968/2968/2968
f 2960/2960/2960 2969/2969/2969 2966/2966/2966
f 2960/2960/2960 2968/2968/2968 2969/2969/2969
f 2966/2966/2966 2970/2970/2970 2965/2965/2965
f 2966/2966/2966 2969/2969/2969 2970/2970/2970
f 2542/2542/2542 2971/2971/2971 2967/2967/2967
f 2542/2542/2542 2537/2537/2537 2971/2971/2971
f 2967/2967/2967 2972/2972/2972 2968/2968/2968
f 2967/2967/2967 2971/2971/2971 2972/2972/2972
f 2965/2965/2965 2970/2970/2970 2973/2973/2973
f 2965/2965/2965 2973/2973/2973 2974/2974/2974
f 2975/2975/2975 2974/2974/2974 2973/2973/2973
f 2975/2975/2975 2973/2973/2973 2976/2976/2976
f 2977/2977/2977 2976/2976/2976 2973/2973/2973
f 2977/2977/2977 2973/2973/2973 2970/2970/2970
f 2969/2969/2969 2977/2977/2977 2970/2970/2970
f 2968/2968/2968 2978/2978/2978 2969/2969/2969
f 2968/2968/2968 2972/2972/2972 2978/2978/2978
f 2969/2969/2969 2978/2978/2978 2977/2977/2977
f 2537/2537/2537 2979/2979/2979 2971/2971/2971
f 2537/2537/2537 2532/2532/2532 2979/2979/2979
f 2971/2971/2971 2980/2980/2980 2972/2972/2972
f 2971/2971/2971 2979/2979/2979 2980/2980/2980
f 2972/2972/2972 2981/2981/2981 2978/2978/2978
f 2972/2972/2972 2980/2980/2980 2981/2981/2981
f 2978/2978/2978 2982/2982/2982 2977/2977/2977
f 2978/2978/2978 2981/2981/2981 2982/2982/2982
f 2532/2532/2532 2983/2983/2983 2979/2979/2979
f 2532/2532/2532 2527/2527/2527 2983/2983/2983
f 2979/2979/2979 2984/2984/2984 2980/2980/2980
f 2979/2979/2979 2983/2983/2983 2984/2984/2984
f 2977/2977/2977 2982/2982/2982 2985/2985/2985
f 2977/2977/2977 2985/2985/2985 2986/2986/2986
f 2987/2987/2987 2986/2986/2986 2985/2985/2985
f 2987/2987/2987 2985/2985/2985 2988/2988/2988
f 2989/2989/2989 2988/2988/2988 2985/2985/2985
f 2989/2989/2989 2985/2985/2985 2982/2982/2982
f 2981/2981/2981 2989/2989/2989 2982/2982/2982
f 2980/2980/2980 2990/2990/2990 2981/2981/2981
f 2980/2980/2980 2984/2984/2984 2990/2990/2990
f 2981/2981/2981 2990/2990/2990 2989/2989/2989
f 2527/2527/2527 2991/2991/2991 2983/2983/2983
f 2527/2527/2527 2522/2522/2522 2991/2991/2991
f 2983/2983/2983 2992/2992/2992 2984/2984/2984
f 2983/2983/2983 2991/2991/2991 2992/2992/2992
f 2984/2984/2984 2993/2993/2993 2990/2990/2990
f 2984/2984/2984 2992/2992/2992 2993/2993/2993
f 2990/2990/2990 2994/2994/2994 2989/2989/2989
f 2990/2990/2990 2993/2993/2993 2994/2994/2994
f 2522/2522/2522 2995/2995/2995 2991/2991/2991
f 2522/2522/2522 2517/2517/2517 2995/2995/2995
f 2991/2991/2991 2996/2996/2996 2992/2992/2992
f 2991/2991/2991 2995/2995/2995 2996/2996/2996
f 2989/2989/2989 2994/2994/2994 2997/2997/2997
f 2989/2989/2989 2997/2997/2997 2998/2998/2998
f 2999/2999/2999 2998/2998/2998 2997/2997/2997
f 2999/2999/2999 2997/2997/2997 3000/3000/3000
f 3001/3001/3001 3000/3000/3000 2997/2997/2997
f 3001/3001/3001 2997/2997/2997 2994/2994/2994
f 2993/2993/2993 3001/3001/3001 2994/2994/2994
f 2992/2992/2992 3002/3002/3002 2993/2993/2993
f 2992/2992/2992 2996/2996/2996 3002/3002/3002
f 2993/2993/2993 3002/3002/3002 3001/3001/3001
f 2517/2517/2517 3003/3003/3003 2995/2995/2995
f 2517/2517/2517 2512/2512/2512 3003/3003/3003
f 2995/2995/2995 3004/3004/3004 2996/2996/2996
f 2995/2995/2995 3003/3003/3003 3004/3004/3004
f 2996/2996/2996 3005/3005/3005 3002/3002/3002
f 2996/2996/2996 3004/3004/3004 3005/3005/3005
f 3002/3002/3002 3006/3006/3006 3001/3001/3001
f 3002/3002/3002 3005/3005/3005 3006/3006/3006
f 2512/2512/2512 3007/3007/3007 3003/3003/3003
f 2512/2512/2512 2501/2501/2501 3007/3007/3007
f 3003/3003/3003 3008/3008/3008 3004/3004/3004
f 3003/3003/3003 3007/3007/3007 3008/3008/3008
f 3001/3001/3001 3006/3006/3006 3009/3009/3009
f 3001/3001/3001 3009/3009/3009 3010/3010/3010
f 3011/3011/3011 3010/3010/3010 3009/3009/3009
f 3011/3011/3011 3009/3009/3009 3012/3012/3012
f 3013/3013/3013 3012/3012/3012 3009/3009/3009
f 3013/3013/3013 3009/3009/3009 3006/3006/3006
f 3005/3005/3005 3013/3013/3013 3006/3006/3006
f 3004/3004/3004 3014/3014/3014 3005/3005/3005
f 3004/3004/3004 3008/3008/3008 3014/3014/3014
f 3005/3005/3005 3014/3014/3014 3013/3013/3013
f 2501/2501/2501 3015/3015/3015 3007/3007/3007
f 2501/2501/2501 2495/2495/2495 3015/3015/3015
f 2495/2495/2495 2496/2496/2496 3015/3015/3015
f 3007/3007/3007 3016/3016/3016 3008/3008/3008
f 3007/3007/3007 3015/3015/3015 3016/3016/3016
f 3008/3008/3008 3017/3017/3017 3014/3014/3014
f 3008/3008/3008 3016/3016/3016 3017/3017/3017
f 3014/3014/3014 3018/3018/3018 3013/3013/3013
f 3014/3014/3014 3017/3017/3017 3018/3018/3018
f 3015/3015/3015 2496/2496/2496 3019/3019/3019
f 3015/3015/3015 3019/3019/3019 3016/3016/3016
f 3013/3013/3013 3018/3018/3018 3020/3020/3020
f 3013/3013/3013 3020/3020/3020 3021/3021/3021
f 3022/3022/3022 3021/3021/3021 3020/3020/3020
f 3022/3022/3022 3020/3020/3020 3023/3023/3023
f 3024/3024/3024 3023/3023/3023 3020/3020/3020
f 3024/3024/3024 3020/3020/3020 3018/3018/3018
f 3017/3017/3017 3024/3024/3024 3018/3018/3018
f 3016/3016/3016 3025/3025/3025 3017/3017/3017
f 3016/3016/3016 3019/3019/3019 3025/3025/3025
f 3017/3017/3017 3025/3025/3025 3024/3024/3024
f 2496/2496/2496 3026/3026/3026 3019/3019/3019
f 2496/2496/2496 2486/2486/2486 3026/3026/3026
f 2486/2486/2486 1806/1806/1806 3026/3026/3026
f 3019/3019/3019 3027/3027/3027 3025/3025/3025
f 3019/3019/3019 3026/3026/3026 3027/3027/3027
f 3026/3026/3026 1806/1806/1806 3028/3028/3028
f 3026/3026/3026 3028/3028/3028 3027/3027/3027
f 1806/1806/1806 1803/1803/1803 3028/3028/3028
f 3025/3025/3025 3029/3029/3029 3024/3024/3024
f 3025/3025/3025 3027/3027/3027 3029/3029/3029
f 3027/3027/3027 3028/3028/3028 3030/3030/3030
f 3027/3027/3027 3030/3030/3030 3029/3029/3029
f 3028/3028/3028 1803/1803/1803 3031/3031/3031
f 3028/3028/3028 3031/3031/3031 3030/3030/3030
f 1803/1803/1803 1801/1801/1801 3031/3031/3031
f 3024/3024/3024 3029/3029/3029 3032/3032/3032
f 3030/3030/3030 3032/3032/3032 3029/3029/3029
f 3024/3024/3024 3032/3032/3032 3033/3033/3033
f 3034/3034/3034 3033/3033/3033 3032/3032/3032
f 3034/3034/3034 3032/3032/3032 3035/3035/3035
f 3030/3030/3030 3035/3035/3035 3032/3032/3032
f 3030/3030/3030 3031/3031/3031 3036/3036/3036
f 1801/1801/1801 3036/3036/3036 3031/3031/3031
f 3030/3030/3030 3036/3036/3036 3037/3037/3037
f 1801/1801/1801 3038/3038/3038 3036/3036/3036
f 3039/3039/3039 3037/3037/3037 3036/3036/3036
f 3039/3039/3039 3036/3036/3036 3038/3038/3038
